mtllib peg.mtl
o obj1

v -276.794827 190.545319 -25.000000
v -293.191830 190.545319 -25.000000
v -293.296185 190.445969 -25.000000
v -276.690472 190.445969 -25.000000
v -293.405285 190.351852 -25.000000
v -276.894176 190.649673 -25.000000
v -293.092487 190.649673 -25.000000
v -276.988277 190.758774 -25.000000
v -292.998371 190.758774 -25.000000
v -292.909733 190.872360 -25.000000
v -276.581371 190.351852 -25.000000
v -293.518871 190.263214 -25.000000
v -277.076931 190.872360 -25.000000
v -276.467785 190.263214 -25.000000
v -293.636669 190.180252 -25.000000
v -276.349987 190.180252 -25.000000
v -293.758396 190.103165 -25.000000
v -277.159893 190.990158 -25.000000
v -292.826771 190.990158 -25.000000
v -276.228252 190.103165 -25.000000
v -277.236965 191.111877 -25.000000
v -292.749683 191.111877 -25.000000
v -277.307980 191.237244 -25.000000
v -292.678669 191.237244 -25.000000
v -276.102901 190.032150 -25.000000
v -293.883755 190.032150 -25.000000
v -294.012455 189.967377 -25.000000
v -277.372768 191.365936 -25.000000
v -292.613888 191.365936 -25.000000
v -275.974194 189.967377 -25.000000
v -294.144176 189.908981 -25.000000
v -277.431149 191.497665 -25.000000
v -292.555500 191.497665 -25.000000
v -275.842480 189.908981 -25.000000
v -294.278599 189.857132 -25.000000
v -275.708050 189.857132 -25.000000
v -294.415409 189.811935 -25.000000
v -277.483006 191.632080 -25.000000
v -292.503643 191.632080 -25.000000
v -277.528202 191.768890 -25.000000
v -292.458446 191.768890 -25.000000
v -292.420025 191.907761 -25.000000
v -275.571239 189.811935 -25.000000
v -277.566631 191.907761 -25.000000
v -275.432384 189.773514 -25.000000
v -294.554272 189.773514 -25.000000
v -294.694851 189.741943 -25.000000
v -277.598202 192.048340 -25.000000
v -292.388454 192.048340 -25.000000
v -275.291805 189.741943 -25.000000
v -275.149837 189.717300 -25.000000
v -294.836811 189.717300 -25.000000
v -294.979809 189.699677 -25.000000
v -277.622837 192.190292 -25.000000
v -292.363819 192.190292 -25.000000
v -277.640469 192.333298 -25.000000
v -292.346180 192.333298 -25.000000
v -275.006847 189.699677 -25.000000
v -277.651066 192.476990 -25.000000
v -292.335583 192.476990 -25.000000
v -292.332050 192.621017 -25.000000
v -277.654606 192.621017 -25.000000
v -277.654606 211.212448 -25.000000
v -292.332050 211.212448 -25.000000
v -277.651066 211.356491 -25.000000
v -292.335583 211.356491 -25.000000
v -277.640469 211.500183 -25.000000
v -292.346180 211.500183 -25.000000
v -277.622837 211.643173 -25.000000
v -292.363819 211.643173 -25.000000
v -277.598202 211.785141 -25.000000
v -292.388454 211.785141 -25.000000
v -277.566631 211.925720 -25.000000
v -292.420025 211.925720 -25.000000
v -277.528202 212.064575 -25.000000
v -292.458446 212.064575 -25.000000
v -277.483006 212.201385 -25.000000
v -292.503643 212.201385 -25.000000
v -292.555500 212.335815 -25.000000
v -277.431149 212.335815 -25.000000
v -277.372768 212.467529 -25.000000
v -292.613888 212.467529 -25.000000
v -277.307980 212.596237 -25.000000
v -292.678669 212.596237 -25.000000
v -292.749683 212.721588 -25.000000
v -277.236965 212.721588 -25.000000
v -277.159893 212.843323 -25.000000
v -292.826771 212.843323 -25.000000
v -292.909733 212.961121 -25.000000
v -277.076931 212.961121 -25.000000
v -276.988277 213.074707 -25.000000
v -292.998371 213.074707 -25.000000
v -276.894176 213.183807 -25.000000
v -293.092487 213.183807 -25.000000
v -293.191830 213.288147 -25.000000
v -276.794827 213.288147 -25.000000
v -276.690472 213.387497 -25.000000
v -293.296185 213.387497 -25.000000
v -276.581371 213.481613 -25.000000
v -293.405285 213.481613 -25.000000
v -293.518871 213.570251 -25.000000
v -276.467785 213.570251 -25.000000
v -295.267536 189.685532 -25.000000
v -274.719112 189.685532 -25.000000
v -274.863155 189.689072 -25.000000
v -295.123501 189.689072 -25.000000
v -274.719112 214.147934 -25.000000
v -295.267536 214.147934 -25.000000
v -274.863155 214.144409 -25.000000
v -295.123501 214.144409 -25.000000
v -275.006847 214.133804 -25.000000
v -294.979809 214.133804 -25.000000
v -275.149837 214.116165 -25.000000
v -294.836811 214.116165 -25.000000
v -275.291805 214.091537 -25.000000
v -294.694851 214.091537 -25.000000
v -275.432384 214.059967 -25.000000
v -294.554272 214.059967 -25.000000
v -294.415409 214.021530 -25.000000
v -275.571239 214.021530 -25.000000
v -275.708050 213.976349 -25.000000
v -294.278599 213.976349 -25.000000
v -275.842480 213.924484 -25.000000
v -294.144176 213.924484 -25.000000
v -275.974194 213.866104 -25.000000
v -294.012455 213.866104 -25.000000
v -293.883755 213.801315 -25.000000
v -276.102901 213.801315 -25.000000
v -293.758396 213.730301 -25.000000
v -276.228252 213.730301 -25.000000
v -276.349987 213.653213 -25.000000
v -293.636669 213.653213 -25.000000
v -295.123501 189.689072 25.000000
v -295.267536 189.685532 25.000000
v -294.979809 189.699677 25.000000
v -294.836811 189.717300 25.000000
v -294.694851 189.741943 25.000000
v -294.554272 189.773514 25.000000
v -294.415409 189.811935 25.000000
v -294.278599 189.857132 25.000000
v -294.144176 189.908981 25.000000
v -294.012455 189.967377 25.000000
v -293.883755 190.032150 25.000000
v -293.758396 190.103165 25.000000
v -293.636669 190.180252 25.000000
v -293.518871 190.263214 25.000000
v -293.405285 190.351852 25.000000
v -293.296185 190.445969 25.000000
v -293.191830 190.545319 25.000000
v -293.092487 190.649673 25.000000
v -292.998371 190.758774 25.000000
v -292.909733 190.872360 25.000000
v -292.826771 190.990158 25.000000
v -292.749683 191.111877 25.000000
v -292.678669 191.237244 25.000000
v -292.613888 191.365936 25.000000
v -292.555500 191.497665 25.000000
v -292.503643 191.632080 25.000000
v -292.458446 191.768890 25.000000
v -292.420025 191.907761 25.000000
v -292.388454 192.048340 25.000000
v -292.363819 192.190292 25.000000
v -292.346180 192.333298 25.000000
v -292.335583 192.476990 25.000000
v -292.332050 192.621017 25.000000
v -316.794453 192.621017 25.000000
v -316.794453 211.212448 -75.000000
v -316.794453 192.621017 -75.000000
v -316.794453 211.212448 25.000000
v -314.003002 214.144409 25.000000
v -313.858967 214.147934 -75.000000
v -314.003002 214.144409 -75.000000
v -313.858967 214.147934 25.000000
v -314.146694 214.133804 25.000000
v -314.146694 214.133804 -75.000000
v -314.289692 214.116165 -75.000000
v -314.289692 214.116165 25.000000
v -314.431652 214.091537 25.000000
v -314.431652 214.091537 -75.000000
v -314.572231 214.059967 25.000000
v -314.572231 214.059967 -75.000000
v -314.711094 214.021530 25.000000
v -314.711094 214.021530 -75.000000
v -314.847904 213.976349 25.000000
v -314.847904 213.976349 -75.000000
v -314.982327 213.924484 25.000000
v -314.982327 213.924484 -75.000000
v -315.114048 213.866104 -75.000000
v -315.114048 213.866104 25.000000
v -315.242748 213.801315 25.000000
v -315.242748 213.801315 -75.000000
v -315.368107 213.730301 -75.000000
v -315.368107 213.730301 25.000000
v -315.489834 213.653213 -75.000000
v -315.489834 213.653213 25.000000
v -315.607632 213.570251 25.000000
v -315.607632 213.570251 -75.000000
v -315.721218 213.481613 -75.000000
v -315.721218 213.481613 25.000000
v -315.830318 213.387497 -75.000000
v -315.830318 213.387497 25.000000
v -315.934666 213.288147 25.000000
v -315.934666 213.288147 -75.000000
v -316.034016 213.183807 25.000000
v -316.034016 213.183807 -75.000000
v -316.128132 213.074707 25.000000
v -316.128132 213.074707 -75.000000
v -316.216770 212.961121 -75.000000
v -316.216770 212.961121 25.000000
v -316.299732 212.843323 25.000000
v -316.299732 212.843323 -75.000000
v -316.376820 212.721588 25.000000
v -316.376820 212.721588 -75.000000
v -316.447834 212.596237 25.000000
v -316.447834 212.596237 -75.000000
v -316.512615 212.467529 -75.000000
v -316.512615 212.467529 25.000000
v -316.571003 212.335815 25.000000
v -316.571003 212.335815 -75.000000
v -316.622860 212.201385 25.000000
v -316.622860 212.201385 -75.000000
v -316.668049 212.064575 25.000000
v -316.668049 212.064575 -75.000000
v -316.706478 211.925720 25.000000
v -316.706478 211.925720 -75.000000
v -316.738049 211.785141 25.000000
v -316.738049 211.785141 -75.000000
v -316.762684 211.643173 -75.000000
v -316.762684 211.643173 25.000000
v -316.780315 211.500183 25.000000
v -316.780315 211.500183 -75.000000
v -316.790920 211.356491 25.000000
v -316.790920 211.356491 -75.000000
v -292.335583 211.356491 25.000000
v -292.332050 211.212448 25.000000
v -292.346180 211.500183 25.000000
v -292.363819 211.643173 25.000000
v -292.388454 211.785141 25.000000
v -292.420025 211.925720 25.000000
v -292.458446 212.064575 25.000000
v -292.503643 212.201385 25.000000
v -292.555500 212.335815 25.000000
v -292.613888 212.467529 25.000000
v -292.678669 212.596237 25.000000
v -292.749683 212.721588 25.000000
v -292.826771 212.843323 25.000000
v -292.909733 212.961121 25.000000
v -292.998371 213.074707 25.000000
v -293.092487 213.183807 25.000000
v -293.191830 213.288147 25.000000
v -293.296185 213.387497 25.000000
v -293.405285 213.481613 25.000000
v -293.518871 213.570251 25.000000
v -293.636669 213.653213 25.000000
v -293.758396 213.730301 25.000000
v -293.883755 213.801315 25.000000
v -294.012455 213.866104 25.000000
v -294.144176 213.924484 25.000000
v -294.278599 213.976349 25.000000
v -294.415409 214.021530 25.000000
v -294.554272 214.059967 25.000000
v -294.694851 214.091537 25.000000
v -294.836811 214.116165 25.000000
v -294.979809 214.133804 25.000000
v -295.123501 214.144409 25.000000
v -295.267536 214.147934 25.000000
v -316.790920 192.476990 25.000000
v -316.790920 192.476990 -75.000000
v -316.780315 192.333298 25.000000
v -316.780315 192.333298 -75.000000
v -316.762684 192.190292 -75.000000
v -316.762684 192.190292 25.000000
v -316.738049 192.048340 25.000000
v -316.738049 192.048340 -75.000000
v -316.706478 191.907761 25.000000
v -316.706478 191.907761 -75.000000
v -316.668049 191.768890 25.000000
v -316.668049 191.768890 -75.000000
v -316.622860 191.632080 25.000000
v -316.622860 191.632080 -75.000000
v -316.571003 191.497665 25.000000
v -316.571003 191.497665 -75.000000
v -316.512615 191.365936 -75.000000
v -316.512615 191.365936 25.000000
v -316.447834 191.237244 25.000000
v -316.447834 191.237244 -75.000000
v -316.376820 191.111877 -75.000000
v -316.376820 191.111877 25.000000
v -316.299732 190.990158 -75.000000
v -316.299732 190.990158 25.000000
v -316.216770 190.872360 25.000000
v -316.216770 190.872360 -75.000000
v -316.128132 190.758774 -75.000000
v -316.128132 190.758774 25.000000
v -316.034016 190.649673 -75.000000
v -316.034016 190.649673 25.000000
v -315.934666 190.545319 25.000000
v -315.934666 190.545319 -75.000000
v -315.830318 190.445969 25.000000
v -315.830318 190.445969 -75.000000
v -315.721218 190.351852 25.000000
v -315.721218 190.351852 -75.000000
v -315.607632 190.263214 -75.000000
v -315.607632 190.263214 25.000000
v -315.489834 190.180252 25.000000
v -315.489834 190.180252 -75.000000
v -315.368107 190.103165 25.000000
v -315.368107 190.103165 -75.000000
v -315.242748 190.032150 25.000000
v -315.242748 190.032150 -75.000000
v -315.114048 189.967377 -75.000000
v -315.114048 189.967377 25.000000
v -314.982327 189.908981 25.000000
v -314.982327 189.908981 -75.000000
v -314.847904 189.857132 25.000000
v -314.847904 189.857132 -75.000000
v -314.711094 189.811935 25.000000
v -314.711094 189.811935 -75.000000
v -314.572231 189.773514 25.000000
v -314.572231 189.773514 -75.000000
v -314.431652 189.741943 25.000000
v -314.431652 189.741943 -75.000000
v -314.289692 189.717300 -75.000000
v -314.289692 189.717300 25.000000
v -314.146694 189.699677 25.000000
v -314.146694 189.699677 -75.000000
v -314.003002 189.689072 25.000000
v -314.003002 189.689072 -75.000000
v -313.858967 189.685532 25.000000
v -313.858967 189.685532 -75.000000
v -274.863155 214.144409 25.000000
v -274.719112 214.147934 25.000000
v -275.006847 214.133804 25.000000
v -275.149837 214.116165 25.000000
v -275.291805 214.091537 25.000000
v -275.432384 214.059967 25.000000
v -275.571239 214.021530 25.000000
v -275.708050 213.976349 25.000000
v -275.842480 213.924484 25.000000
v -275.974194 213.866104 25.000000
v -276.102901 213.801315 25.000000
v -276.228252 213.730301 25.000000
v -276.349987 213.653213 25.000000
v -276.467785 213.570251 25.000000
v -276.581371 213.481613 25.000000
v -276.690472 213.387497 25.000000
v -276.794827 213.288147 25.000000
v -276.894176 213.183807 25.000000
v -276.988277 213.074707 25.000000
v -277.076931 212.961121 25.000000
v -277.159893 212.843323 25.000000
v -277.236965 212.721588 25.000000
v -277.307980 212.596237 25.000000
v -277.372768 212.467529 25.000000
v -277.431149 212.335815 25.000000
v -277.483006 212.201385 25.000000
v -277.528202 212.064575 25.000000
v -277.566631 211.925720 25.000000
v -277.598202 211.785141 25.000000
v -277.622837 211.643173 25.000000
v -277.640469 211.500183 25.000000
v -277.651066 211.356491 25.000000
v -277.654606 211.212448 25.000000
v -277.654606 192.621017 25.000000
v -277.651066 192.476990 25.000000
v -277.640469 192.333298 25.000000
v -277.622837 192.190292 25.000000
v -277.598202 192.048340 25.000000
v -277.566631 191.907761 25.000000
v -277.528202 191.768890 25.000000
v -277.483006 191.632080 25.000000
v -277.431149 191.497665 25.000000
v -277.372768 191.365936 25.000000
v -277.307980 191.237244 25.000000
v -277.236965 191.111877 25.000000
v -277.159893 190.990158 25.000000
v -277.076931 190.872360 25.000000
v -276.988277 190.758774 25.000000
v -276.894176 190.649673 25.000000
v -276.794827 190.545319 25.000000
v -276.690472 190.445969 25.000000
v -276.581371 190.351852 25.000000
v -276.467785 190.263214 25.000000
v -276.349987 190.180252 25.000000
v -276.228252 190.103165 25.000000
v -276.102901 190.032150 25.000000
v -275.974194 189.967377 25.000000
v -275.842480 189.908981 25.000000
v -275.708050 189.857132 25.000000
v -275.571239 189.811935 25.000000
v -275.432384 189.773514 25.000000
v -275.291805 189.741943 25.000000
v -275.149837 189.717300 25.000000
v -275.006847 189.699677 25.000000
v -274.863155 189.689072 25.000000
v -274.719112 189.685532 25.000000
v -256.127682 214.147934 -75.000000
v -256.127682 214.147934 25.000000
v -253.195736 211.356491 25.000000
v -253.192196 211.212448 -75.000000
v -253.195736 211.356491 -75.000000
v -253.192196 211.212448 25.000000
v -253.206341 211.500183 25.000000
v -253.206341 211.500183 -75.000000
v -253.223980 211.643173 -75.000000
v -253.223980 211.643173 25.000000
v -253.248608 211.785141 25.000000
v -253.248608 211.785141 -75.000000
v -253.280178 211.925720 25.000000
v -253.280178 211.925720 -75.000000
v -253.318600 212.064575 25.000000
v -253.318600 212.064575 -75.000000
v -253.363796 212.201385 25.000000
v -253.363796 212.201385 -75.000000
v -253.415646 212.335815 25.000000
v -253.415646 212.335815 -75.000000
v -253.474041 212.467529 -75.000000
v -253.474041 212.467529 25.000000
v -253.538815 212.596237 25.000000
v -253.538815 212.596237 -75.000000
v -253.609829 212.721588 -75.000000
v -253.609829 212.721588 25.000000
v -253.686916 212.843323 -75.000000
v -253.686916 212.843323 25.000000
v -253.769878 212.961121 25.000000
v -253.769878 212.961121 -75.000000
v -253.858532 213.074707 -75.000000
v -253.858532 213.074707 25.000000
v -253.952633 213.183807 -75.000000
v -253.952633 213.183807 25.000000
v -254.051983 213.288147 25.000000
v -254.051983 213.288147 -75.000000
v -254.156338 213.387497 25.000000
v -254.156338 213.387497 -75.000000
v -254.265438 213.481613 25.000000
v -254.265438 213.481613 -75.000000
v -254.379025 213.570251 -75.000000
v -254.379025 213.570251 25.000000
v -254.496822 213.653213 25.000000
v -254.496822 213.653213 -75.000000
v -254.618542 213.730301 25.000000
v -254.618542 213.730301 -75.000000
v -254.743908 213.801315 25.000000
v -254.743908 213.801315 -75.000000
v -254.872601 213.866104 -75.000000
v -254.872601 213.866104 25.000000
v -255.004330 213.924484 25.000000
v -255.004330 213.924484 -75.000000
v -255.138760 213.976349 25.000000
v -255.138760 213.976349 -75.000000
v -255.275555 214.021530 25.000000
v -255.275555 214.021530 -75.000000
v -255.414425 214.059967 25.000000
v -255.414425 214.059967 -75.000000
v -255.555004 214.091537 25.000000
v -255.555004 214.091537 -75.000000
v -255.696957 214.116165 -75.000000
v -255.696957 214.116165 25.000000
v -255.839962 214.133804 25.000000
v -255.839962 214.133804 -75.000000
v -255.983654 214.144409 25.000000
v -255.983654 214.144409 -75.000000
v -253.192196 192.621017 -75.000000
v -253.192196 192.621017 25.000000
v -255.983654 189.689072 25.000000
v -256.127682 189.685532 -75.000000
v -255.983654 189.689072 -75.000000
v -256.127682 189.685532 25.000000
v -255.839962 189.699677 25.000000
v -255.839962 189.699677 -75.000000
v -255.696957 189.717300 -75.000000
v -255.696957 189.717300 25.000000
v -255.555004 189.741943 25.000000
v -255.555004 189.741943 -75.000000
v -255.414425 189.773514 25.000000
v -255.414425 189.773514 -75.000000
v -255.275555 189.811935 25.000000
v -255.275555 189.811935 -75.000000
v -255.138760 189.857132 25.000000
v -255.138760 189.857132 -75.000000
v -255.004330 189.908981 25.000000
v -255.004330 189.908981 -75.000000
v -254.872601 189.967377 -75.000000
v -254.872601 189.967377 25.000000
v -254.743908 190.032150 25.000000
v -254.743908 190.032150 -75.000000
v -254.618542 190.103165 -75.000000
v -254.618542 190.103165 25.000000
v -254.496822 190.180252 -75.000000
v -254.496822 190.180252 25.000000
v -254.379025 190.263214 25.000000
v -254.379025 190.263214 -75.000000
v -254.265438 190.351852 -75.000000
v -254.265438 190.351852 25.000000
v -254.156338 190.445969 -75.000000
v -254.156338 190.445969 25.000000
v -254.051983 190.545319 25.000000
v -254.051983 190.545319 -75.000000
v -253.952633 190.649673 25.000000
v -253.952633 190.649673 -75.000000
v -253.858532 190.758774 25.000000
v -253.858532 190.758774 -75.000000
v -253.769878 190.872360 -75.000000
v -253.769878 190.872360 25.000000
v -253.686916 190.990158 25.000000
v -253.686916 190.990158 -75.000000
v -253.609829 191.111877 25.000000
v -253.609829 191.111877 -75.000000
v -253.538815 191.237244 25.000000
v -253.538815 191.237244 -75.000000
v -253.474041 191.365936 -75.000000
v -253.474041 191.365936 25.000000
v -253.415646 191.497665 25.000000
v -253.415646 191.497665 -75.000000
v -253.363796 191.632080 25.000000
v -253.363796 191.632080 -75.000000
v -253.318600 191.768890 25.000000
v -253.318600 191.768890 -75.000000
v -253.280178 191.907761 25.000000
v -253.280178 191.907761 -75.000000
v -253.248608 192.048340 25.000000
v -253.248608 192.048340 -75.000000
v -253.223980 192.190292 -75.000000
v -253.223980 192.190292 25.000000
v -253.206341 192.333298 25.000000
v -253.206341 192.333298 -75.000000
v -253.195736 192.476990 25.000000
v -253.195736 192.476990 -75.000000
v -73.628674 84.270622 -25.000000
v -90.507610 82.972008 -25.000000
v -90.627178 82.818779 -25.000000
v -90.395672 83.130920 -25.000000
v -73.276745 83.935562 -25.000000
v -90.754131 82.671608 -25.000000
v -73.963726 84.622543 -25.000000
v -90.291698 83.295135 -25.000000
v -72.908794 83.618179 -25.000000
v -90.888165 82.530838 -25.000000
v -74.281109 84.990486 -25.000000
v -90.195904 83.464249 -25.000000
v -90.108501 83.637863 -25.000000
v -72.525738 83.319221 -25.000000
v -91.028942 82.396812 -25.000000
v -91.176098 82.269859 -25.000000
v -74.580059 85.373558 -25.000000
v -90.029736 83.815552 -25.000000
v -72.128460 83.039429 -25.000000
v -91.329327 82.150276 -25.000000
v -74.859844 85.770836 -25.000000
v -89.959789 83.996895 -25.000000
v -89.898815 84.181450 -25.000000
v -71.717907 82.779465 -25.000000
v -91.488232 82.038361 -25.000000
v -75.119823 86.181358 -25.000000
v -89.846966 84.368774 -25.000000
v -71.295116 82.539955 -25.000000
v -91.652447 81.934372 -25.000000
v -75.359325 86.604149 -25.000000
v -89.804394 84.558418 -25.000000
v -89.771160 84.749924 -25.000000
v -70.861095 82.321487 -25.000000
v -91.821575 81.838570 -25.000000
v -91.995190 81.751183 -25.000000
v -75.577801 87.038185 -25.000000
v -89.747356 84.942833 -25.000000
v -70.416882 82.124573 -25.000000
v -92.172863 81.672417 -25.000000
v -75.774700 87.482414 -25.000000
v -89.733074 85.136673 -25.000000
v -89.728313 85.330978 -25.000000
v -69.963512 81.949692 -25.000000
v -92.354229 81.602463 -25.000000
v -75.949596 87.935768 -25.000000
v -69.502117 81.797272 -25.000000
v -92.538769 81.541496 -25.000000
v -76.102001 88.397163 -25.000000
v -69.033794 81.667671 -25.000000
v -92.726086 81.489655 -25.000000
v -76.231609 88.865479 -25.000000
v -68.559704 81.561203 -25.000000
v -92.915752 81.447067 -25.000000
v -76.338085 89.339584 -25.000000
v -68.080944 81.478134 -25.000000
v -93.107250 81.413841 -25.000000
v -76.421154 89.818344 -25.000000
v -76.480633 90.300606 -25.000000
v -76.516369 90.785210 -25.000000
v -76.528301 91.270981 -25.000000
v -89.728313 97.210976 -25.000000
v -76.516369 91.756752 -25.000000
v -76.480633 92.241348 -25.000000
v -76.421154 92.723610 -25.000000
v -76.338085 93.202370 -25.000000
v -76.231609 93.676483 -25.000000
v -76.102001 94.144798 -25.000000
v -75.949596 94.606186 -25.000000
v -75.774700 95.059547 -25.000000
v -89.733074 97.405289 -25.000000
v -89.747356 97.599129 -25.000000
v -75.577801 95.503777 -25.000000
v -89.771160 97.792030 -25.000000
v -75.359325 95.937805 -25.000000
v -89.804394 97.983536 -25.000000
v -89.846966 98.173180 -25.000000
v -75.119823 96.360596 -25.000000
v -89.898815 98.360504 -25.000000
v -74.859844 96.771126 -25.000000
v -89.959789 98.545059 -25.000000
v -90.029736 98.726402 -25.000000
v -74.580059 97.168404 -25.000000
v -90.108501 98.904099 -25.000000
v -74.281109 97.551476 -25.000000
v -90.195904 99.077713 -25.000000
v -90.291698 99.246826 -25.000000
v -73.963726 97.919411 -25.000000
v -90.395672 99.411034 -25.000000
v -73.628674 98.271339 -25.000000
v -90.507610 99.569946 -25.000000
v -90.627178 99.723175 -25.000000
v -73.276745 98.606392 -25.000000
v -90.754131 99.870354 -25.000000
v -72.908794 98.923782 -25.000000
v -90.888165 100.011124 -25.000000
v -72.525738 99.222733 -25.000000
v -91.028942 100.145149 -25.000000
v -91.176098 100.272102 -25.000000
v -72.128460 99.502525 -25.000000
v -66.628307 101.170982 -25.000000
v -93.688305 101.170982 -25.000000
v -93.493999 101.166206 -25.000000
v -67.114086 101.159058 -25.000000
v -93.300152 101.151909 -25.000000
v -93.107250 101.128120 -25.000000
v -92.915752 101.094887 -25.000000
v -67.598675 101.123306 -25.000000
v -92.726086 101.052300 -25.000000
v -92.538769 101.000465 -25.000000
v -68.080944 101.063828 -25.000000
v -92.354229 100.939491 -25.000000
v -92.172863 100.869545 -25.000000
v -68.559704 100.980751 -25.000000
v -91.995190 100.790779 -25.000000
v -91.821575 100.703384 -25.000000
v -91.652447 100.607582 -25.000000
v -69.033794 100.874290 -25.000000
v -91.488232 100.503601 -25.000000
v -91.329327 100.391678 -25.000000
v -69.502117 100.744690 -25.000000
v -69.963512 100.592262 -25.000000
v -70.416882 100.417389 -25.000000
v -70.861095 100.220474 -25.000000
v -71.295116 100.001999 -25.000000
v -71.717907 99.762489 -25.000000
v -93.688305 81.370979 -25.000000
v -66.628307 81.370979 -25.000000
v -93.493999 81.375748 -25.000000
v -67.114086 81.382904 -25.000000
v -93.300152 81.390045 -25.000000
v -67.598675 81.418648 -25.000000
v -76.528301 91.270981 25.000000
v -76.516003 90.777504 25.000000
v -76.479107 90.285255 25.000000
v -76.417736 89.795464 25.000000
v -76.332012 89.309334 25.000000
v -76.222179 88.828079 25.000000
v -76.088482 88.352905 25.000000
v -75.931255 87.884979 25.000000
v -75.750927 87.425476 25.000000
v -75.547894 86.975533 25.000000
v -75.322704 86.536263 25.000000
v -75.075878 86.108772 25.000000
v -74.808056 85.694107 25.000000
v -74.519909 85.293312 25.000000
v -74.212139 84.907379 25.000000
v -73.885509 84.537270 25.000000
v -73.540844 84.183899 25.000000
v -73.178997 83.848145 25.000000
v -72.800854 83.530846 25.000000
v -72.407360 83.232796 25.000000
v -71.999523 82.954720 25.000000
v -71.578289 82.697327 25.000000
v -71.144787 82.461250 25.000000
v -70.700054 82.247070 25.000000
v -70.245190 82.055328 25.000000
v -69.781322 81.886497 25.000000
v -69.309612 81.740997 25.000000
v -68.831249 81.619194 25.000000
v -68.347424 81.521385 25.000000
v -67.859295 81.447807 25.000000
v -67.368145 81.398659 25.000000
v -66.628307 81.370979 -75.000000
v -66.134838 81.383286 -75.000000
v -66.875103 81.374054 25.000000
v -66.381481 81.374054 25.000000
v -65.888470 81.398659 25.000000
v -65.642590 81.420174 -75.000000
v -65.397289 81.447807 25.000000
v -65.152782 81.481552 -75.000000
v -64.909191 81.521385 25.000000
v -64.666668 81.567268 -75.000000
v -64.425335 81.619194 25.000000
v -64.185406 81.677116 -75.000000
v -63.946972 81.740997 25.000000
v -63.710217 81.810806 -75.000000
v -63.475292 81.886497 25.000000
v -63.242290 81.968025 -75.000000
v -63.011425 82.055328 25.000000
v -62.782787 82.148361 -75.000000
v -62.556561 82.247070 25.000000
v -62.332867 82.351387 -75.000000
v -62.111828 82.461250 25.000000
v -61.893597 82.576584 -75.000000
v -61.678295 82.697327 25.000000
v -61.466106 82.823402 -75.000000
v -61.257092 82.954720 25.000000
v -61.051434 83.091217 -75.000000
v -60.849255 83.232796 25.000000
v -60.650646 83.379364 -75.000000
v -60.455761 83.530846 25.000000
v -60.264690 83.687141 -75.000000
v -60.077618 83.848145 25.000000
v -59.894604 84.013763 -75.000000
v -59.715771 84.183899 25.000000
v -59.541210 84.358437 -75.000000
v -59.371075 84.537270 25.000000
v -59.205456 84.720291 -75.000000
v -59.044476 84.907379 25.000000
v -58.888165 85.098427 -75.000000
v -58.736675 85.293312 25.000000
v -58.590130 85.491920 -75.000000
v -58.448528 85.694107 25.000000
v -58.312054 85.899773 -75.000000
v -58.180737 86.108772 25.000000
v -58.054638 86.320976 -75.000000
v -57.933910 86.536263 25.000000
v -57.818584 86.754494 -75.000000
v -57.708721 86.975533 25.000000
v -57.604382 87.199234 -75.000000
v -57.505688 87.425476 25.000000
v -57.412640 87.654106 -75.000000
v -57.325359 87.884979 25.000000
v -57.243816 88.117958 -75.000000
v -57.168133 88.352905 25.000000
v -57.098309 88.589661 -75.000000
v -57.034435 88.828079 25.000000
v -56.976513 89.068024 -75.000000
v -56.924603 89.309334 25.000000
v -56.878704 89.551865 -75.000000
v -56.838879 89.795464 25.000000
v -56.805126 90.039978 -75.000000
v -56.777508 90.285255 25.000000
v -56.755993 90.531151 -75.000000
v -56.740612 90.777504 25.000000
v -56.731365 91.024162 -75.000000
v -56.728313 91.270981 25.000000
v -56.731365 91.517792 -75.000000
v -56.740612 91.764450 25.000000
v -56.755993 92.010811 -75.000000
v -56.777508 92.256699 25.000000
v -56.805126 92.501984 -75.000000
v -56.838879 92.746498 25.000000
v -56.878704 92.990097 -75.000000
v -56.924603 93.232628 25.000000
v -56.976513 93.473938 -75.000000
v -57.034435 93.713875 25.000000
v -57.098309 93.952301 -75.000000
v -57.168133 94.189056 25.000000
v -57.243816 94.423996 -75.000000
v -57.325359 94.656975 25.000000
v -57.412640 94.887856 -75.000000
v -57.505688 95.116486 25.000000
v -57.604382 95.342720 -75.000000
v -57.708721 95.566429 25.000000
v -57.818584 95.787468 -75.000000
v -57.933910 96.005692 25.000000
v -58.054638 96.220978 -75.000000
v -58.180737 96.433189 25.000000
v -58.312054 96.642189 -75.000000
v -58.448528 96.847847 25.000000
v -58.590130 97.050041 -75.000000
v -58.736675 97.248642 25.000000
v -58.888165 97.443527 -75.000000
v -59.044476 97.634575 25.000000
v -59.205456 97.821671 -75.000000
v -59.371075 98.004692 25.000000
v -59.541210 98.183525 -75.000000
v -59.715771 98.358063 25.000000
v -59.894604 98.528191 -75.000000
v -60.077618 98.693810 25.000000
v -60.264690 98.854820 -75.000000
v -60.455761 99.011108 25.000000
v -60.650646 99.162590 -75.000000
v -60.849255 99.309166 25.000000
v -61.051434 99.450745 -75.000000
v -61.257092 99.587234 25.000000
v -61.466106 99.718559 -75.000000
v -61.678295 99.844627 25.000000
v -61.893597 99.965370 -75.000000
v -62.111828 100.080711 25.000000
v -62.332867 100.190575 -75.000000
v -62.556561 100.294884 25.000000
v -62.782787 100.393593 -75.000000
v -63.011425 100.486626 25.000000
v -63.242290 100.573936 -75.000000
v -63.475292 100.655457 25.000000
v -63.710217 100.731148 -75.000000
v -63.946972 100.800957 25.000000
v -64.185406 100.864845 -75.000000
v -64.425335 100.922768 25.000000
v -64.666668 100.974686 -75.000000
v -64.909191 101.020576 25.000000
v -65.152782 101.060402 -75.000000
v -65.397289 101.094147 25.000000
v -65.642590 101.121780 -75.000000
v -65.888470 101.143295 25.000000
v -66.134838 101.158676 -75.000000
v -66.628307 101.170982 -75.000000
v -66.381481 101.167900 25.000000
v -66.875103 101.167900 25.000000
v -67.368145 101.143295 25.000000
v -67.859295 101.094147 25.000000
v -68.347424 101.020576 25.000000
v -68.831249 100.922768 25.000000
v -69.309612 100.800957 25.000000
v -69.781322 100.655457 25.000000
v -70.245190 100.486626 25.000000
v -70.700054 100.294884 25.000000
v -71.144787 100.080711 25.000000
v -71.578289 99.844627 25.000000
v -71.999523 99.587234 25.000000
v -72.407360 99.309166 25.000000
v -72.800854 99.011108 25.000000
v -73.178997 98.693810 25.000000
v -73.540844 98.358063 25.000000
v -73.885509 98.004692 25.000000
v -74.212139 97.634575 25.000000
v -74.519909 97.248642 25.000000
v -74.808056 96.847847 25.000000
v -75.075878 96.433189 25.000000
v -75.322704 96.005692 25.000000
v -75.547894 95.566429 25.000000
v -75.750927 95.116486 25.000000
v -75.931255 94.656975 25.000000
v -76.088482 94.189056 25.000000
v -76.222179 93.713875 25.000000
v -76.332012 93.232628 25.000000
v -76.417736 92.746498 25.000000
v -76.479107 92.256699 25.000000
v -76.516003 91.764450 25.000000
v -93.493999 81.375748 25.000000
v -93.688305 81.370979 25.000000
v -93.300152 81.390045 25.000000
v -93.107250 81.413841 25.000000
v -92.915752 81.447067 25.000000
v -92.726086 81.489655 25.000000
v -92.538769 81.541496 25.000000
v -92.354229 81.602463 25.000000
v -92.172863 81.672417 25.000000
v -91.995190 81.751183 25.000000
v -91.821575 81.838570 25.000000
v -91.652447 81.934372 25.000000
v -91.488232 82.038361 25.000000
v -91.329327 82.150276 25.000000
v -91.176098 82.269859 25.000000
v -91.028942 82.396812 25.000000
v -90.888165 82.530838 25.000000
v -90.754131 82.671608 25.000000
v -90.627178 82.818779 25.000000
v -90.507610 82.972008 25.000000
v -90.395672 83.130920 25.000000
v -90.291698 83.295135 25.000000
v -90.195904 83.464249 25.000000
v -90.108501 83.637863 25.000000
v -90.029736 83.815552 25.000000
v -89.959789 83.996895 25.000000
v -89.898815 84.181450 25.000000
v -89.846966 84.368774 25.000000
v -89.804394 84.558418 25.000000
v -89.771160 84.749924 25.000000
v -89.747356 84.942833 25.000000
v -89.733074 85.136673 25.000000
v -89.728313 85.330978 25.000000
v -89.728313 97.210976 25.000000
v -89.733074 97.405289 25.000000
v -89.747356 97.599129 25.000000
v -89.771160 97.792030 25.000000
v -89.804394 97.983536 25.000000
v -89.846966 98.173180 25.000000
v -89.898815 98.360504 25.000000
v -89.959789 98.545059 25.000000
v -90.029736 98.726402 25.000000
v -90.108501 98.904099 25.000000
v -90.195904 99.077713 25.000000
v -90.291698 99.246826 25.000000
v -90.395672 99.411034 25.000000
v -90.507610 99.569946 25.000000
v -90.627178 99.723175 25.000000
v -90.754131 99.870354 25.000000
v -90.888165 100.011124 25.000000
v -91.028942 100.145149 25.000000
v -91.176098 100.272102 25.000000
v -91.329327 100.391678 25.000000
v -91.488232 100.503601 25.000000
v -91.652447 100.607582 25.000000
v -91.821575 100.703384 25.000000
v -91.995190 100.790779 25.000000
v -92.172863 100.869545 25.000000
v -92.354229 100.939491 25.000000
v -92.538769 101.000465 25.000000
v -92.726086 101.052300 25.000000
v -92.915752 101.094887 25.000000
v -93.107250 101.128120 25.000000
v -93.300152 101.151909 25.000000
v -93.493999 101.166206 25.000000
v -93.688305 101.170982 25.000000
v -109.528301 85.330978 25.000000
v -109.528301 97.210976 -75.000000
v -109.528301 85.330978 -75.000000
v -109.528301 97.210976 25.000000
v -105.762615 101.166206 25.000000
v -105.568310 101.170982 -75.000000
v -105.762615 101.166206 -75.000000
v -105.568310 101.170982 25.000000
v -105.956463 101.151909 25.000000
v -105.956463 101.151909 -75.000000
v -106.149364 101.128120 -75.000000
v -106.149364 101.128120 25.000000
v -106.340862 101.094887 25.000000
v -106.340862 101.094887 -75.000000
v -106.530499 101.052300 25.000000
v -106.530499 101.052300 -75.000000
v -106.717815 101.000465 25.000000
v -106.717815 101.000465 -75.000000
v -106.902386 100.939491 25.000000
v -106.902386 100.939491 -75.000000
v -107.083721 100.869545 25.000000
v -107.083721 100.869545 -75.000000
v -107.261425 100.790779 -75.000000
v -107.261425 100.790779 25.000000
v -107.435040 100.703384 25.000000
v -107.435040 100.703384 -75.000000
v -107.604137 100.607582 -75.000000
v -107.604137 100.607582 25.000000
v -107.768353 100.503601 -75.000000
v -107.768353 100.503601 25.000000
v -107.927258 100.391678 25.000000
v -107.927258 100.391678 -75.000000
v -108.080486 100.272102 -75.000000
v -108.080486 100.272102 25.000000
v -108.227673 100.145149 -75.000000
v -108.227673 100.145149 25.000000
v -108.368450 100.011124 25.000000
v -108.368450 100.011124 -75.000000
v -108.502483 99.870354 25.000000
v -108.502483 99.870354 -75.000000
v -108.629436 99.723175 25.000000
v -108.629436 99.723175 -75.000000
v -108.749004 99.569946 -75.000000
v -108.749004 99.569946 25.000000
v -108.860912 99.411034 25.000000
v -108.860912 99.411034 -75.000000
v -108.964916 99.246826 25.000000
v -108.964916 99.246826 -75.000000
v -109.060711 99.077713 25.000000
v -109.060711 99.077713 -75.000000
v -109.148113 98.904099 -75.000000
v -109.148113 98.904099 25.000000
v -109.226879 98.726402 25.000000
v -109.226879 98.726402 -75.000000
v -109.296825 98.545059 25.000000
v -109.296825 98.545059 -75.000000
v -109.357800 98.360504 25.000000
v -109.357800 98.360504 -75.000000
v -109.409618 98.173180 25.000000
v -109.409618 98.173180 -75.000000
v -109.452221 97.983536 25.000000
v -109.452221 97.983536 -75.000000
v -109.485455 97.792030 -75.000000
v -109.485455 97.792030 25.000000
v -109.509228 97.599129 25.000000
v -109.509228 97.599129 -75.000000
v -109.523540 97.405289 25.000000
v -109.523540 97.405289 -75.000000
v -105.568310 81.370979 -75.000000
v -105.568310 81.370979 25.000000
v -109.523540 85.136673 25.000000
v -109.523540 85.136673 -75.000000
v -109.509228 84.942833 25.000000
v -109.509228 84.942833 -75.000000
v -109.485455 84.749924 -75.000000
v -109.485455 84.749924 25.000000
v -109.452221 84.558418 25.000000
v -109.452221 84.558418 -75.000000
v -109.409618 84.368774 25.000000
v -109.409618 84.368774 -75.000000
v -109.357800 84.181450 25.000000
v -109.357800 84.181450 -75.000000
v -109.296825 83.996895 25.000000
v -109.296825 83.996895 -75.000000
v -109.226879 83.815552 25.000000
v -109.226879 83.815552 -75.000000
v -109.148113 83.637863 -75.000000
v -109.148113 83.637863 25.000000
v -109.060711 83.464249 25.000000
v -109.060711 83.464249 -75.000000
v -108.964916 83.295135 -75.000000
v -108.964916 83.295135 25.000000
v -108.860912 83.130920 -75.000000
v -108.860912 83.130920 25.000000
v -108.749004 82.972008 25.000000
v -108.749004 82.972008 -75.000000
v -108.629436 82.818779 -75.000000
v -108.629436 82.818779 25.000000
v -108.502483 82.671608 -75.000000
v -108.502483 82.671608 25.000000
v -108.368450 82.530838 25.000000
v -108.368450 82.530838 -75.000000
v -108.227673 82.396812 25.000000
v -108.227673 82.396812 -75.000000
v -108.080486 82.269859 25.000000
v -108.080486 82.269859 -75.000000
v -107.927258 82.150276 -75.000000
v -107.927258 82.150276 25.000000
v -107.768353 82.038361 25.000000
v -107.768353 82.038361 -75.000000
v -107.604137 81.934372 25.000000
v -107.604137 81.934372 -75.000000
v -107.435040 81.838570 25.000000
v -107.435040 81.838570 -75.000000
v -107.261425 81.751183 -75.000000
v -107.261425 81.751183 25.000000
v -107.083721 81.672417 25.000000
v -107.083721 81.672417 -75.000000
v -106.902386 81.602463 25.000000
v -106.902386 81.602463 -75.000000
v -106.717815 81.541496 25.000000
v -106.717815 81.541496 -75.000000
v -106.530499 81.489655 25.000000
v -106.530499 81.489655 -75.000000
v -106.340862 81.447067 25.000000
v -106.340862 81.447067 -75.000000
v -106.149364 81.413841 -75.000000
v -106.149364 81.413841 25.000000
v -105.956463 81.390045 25.000000
v -105.956463 81.390045 -75.000000
v -105.762615 81.375748 25.000000
v -105.762615 81.375748 -75.000000
v 285.793110 5.758780 25.000000
v 285.793110 5.758780 -75.000000
v 285.760517 5.649380 -75.000000
v 285.760517 5.649380 25.000000
v 285.733356 5.538508 25.000000
v 285.733356 5.538508 -75.000000
v 285.711689 5.426433 25.000000
v 285.711689 5.426433 -75.000000
v 285.695576 5.313427 25.000000
v 285.695576 5.313427 -75.000000
v 285.685017 5.199764 25.000000
v 285.685017 5.199764 -75.000000
v 285.680073 5.085719 25.000000
v 285.680073 5.085719 -75.000000
v 285.680805 4.971571 25.000000
v 285.680805 4.971571 -75.000000
v 285.687153 4.857596 25.000000
v 285.687153 4.857596 -75.000000
v 285.699055 4.744071 -75.000000
v 285.699055 4.744071 25.000000
v 285.716572 4.631272 25.000000
v 285.716572 4.631272 -75.000000
v 285.739643 4.519472 25.000000
v 285.739643 4.519472 -75.000000
v 285.768147 4.408943 25.000000
v 285.768147 4.408943 -75.000000
v 285.802082 4.299954 25.000000
v 285.802082 4.299954 -75.000000
v 285.841328 4.192768 -75.000000
v 285.841328 4.192768 25.000000
v 285.885822 4.087646 25.000000
v 285.885822 4.087646 -75.000000
v 285.935444 3.984844 -75.000000
v 285.935444 3.984844 25.000000
v 285.990070 3.884611 25.000000
v 285.990070 3.884611 -75.000000
v 286.049580 3.787190 -75.000000
v 286.049580 3.787190 25.000000
v 286.113789 3.692818 25.000000
v 286.113789 3.692818 -75.000000
v 286.182575 3.601725 25.000000
v 286.182575 3.601725 -75.000000
v 286.255756 3.514130 -75.000000
v 286.255756 3.514130 25.000000
v 286.333210 3.430247 25.000000
v 286.333210 3.430247 -75.000000
v 286.414631 3.350280 25.000000
v 286.414631 3.350280 -75.000000
v 286.499958 3.274423 25.000000
v 286.499958 3.274423 -75.000000
v 286.588886 3.202859 25.000000
v 286.588886 3.202859 -75.000000
v 286.681232 3.135763 25.000000
v 286.681232 3.135763 -75.000000
v 286.776752 3.073298 25.000000
v 286.776752 3.073298 -75.000000
v 286.875263 3.015615 25.000000
v 286.875263 3.015615 -75.000000
v 286.976521 2.962854 25.000000
v 286.976521 2.962854 -75.000000
v 287.080219 2.915144 25.000000
v 287.080219 2.915144 -75.000000
v 287.186115 2.872600 25.000000
v 287.186115 2.872600 -75.000000
v 287.294025 2.835326 25.000000
v 287.294025 2.835326 -75.000000
v 287.403645 2.803411 25.000000
v 287.403645 2.803411 -75.000000
v 287.514668 2.776934 -75.000000
v 287.514668 2.776934 25.000000
v 287.626850 2.755959 25.000000
v 287.626850 2.755959 -75.000000
v 287.739948 2.740537 25.000000
v 287.739948 2.740537 -75.000000
v 287.853718 2.730705 25.000000
v 287.853718 2.730705 -75.000000
v 287.967793 2.726487 25.000000
v 287.967793 2.726487 -75.000000
v 288.081928 2.727893 25.000000
v 288.081928 2.727893 -75.000000
v 288.195820 2.734920 25.000000
v 288.195820 2.734920 -75.000000
v 288.309284 2.747551 -75.000000
v 288.309284 2.747551 25.000000
v 288.421955 2.765756 25.000000
v 288.421955 2.765756 -75.000000
v 288.533649 2.789489 -75.000000
v 288.533649 2.789489 25.000000
v 288.644001 2.818693 25.000000
v 288.644001 2.818693 -75.000000
v 288.752766 2.853298 25.000000
v 288.752766 2.853298 -75.000000
v 288.859699 2.893220 25.000000
v 288.859699 2.893220 -75.000000
v 288.964558 2.938360 25.000000
v 288.964558 2.938360 -75.000000
v 289.067036 2.988611 25.000000
v 289.067036 2.988611 -75.000000
v 289.166950 3.043850 -75.000000
v 289.166950 3.043850 25.000000
v 289.263996 3.103942 25.000000
v 289.263996 3.103942 -75.000000
v 289.357990 3.168742 25.000000
v 289.357990 3.168742 -75.000000
v 288.899067 15.317933 -75.000000
v 288.899067 15.317933 25.000000
v 280.767536 21.225815 -75.000000
v 280.767536 21.225815 25.000000
v 282.015095 25.413771 25.000000
v 282.129231 25.416584 -75.000000
v 282.015095 25.413771 -75.000000
v 282.129231 25.416584 25.000000
v 281.901264 25.405342 25.000000
v 281.901264 25.405342 -75.000000
v 281.787983 25.391314 25.000000
v 281.787983 25.391314 -75.000000
v 281.675495 25.371723 -75.000000
v 281.675495 25.371723 25.000000
v 281.564167 25.346615 25.000000
v 281.564167 25.346615 -75.000000
v 281.454182 25.316053 25.000000
v 281.454182 25.316053 -75.000000
v 281.345844 25.280111 -75.000000
v 281.345844 25.280111 25.000000
v 281.239399 25.238876 25.000000
v 281.239399 25.238876 -75.000000
v 281.135090 25.192446 25.000000
v 281.135090 25.192446 -75.000000
v 281.033222 25.140936 -75.000000
v 281.033222 25.140936 25.000000
v 280.934040 25.084471 25.000000
v 280.934040 25.084471 -75.000000
v 280.837727 25.023188 25.000000
v 280.837727 25.023188 -75.000000
v 280.744526 24.957235 -75.000000
v 280.744526 24.957235 25.000000
v 280.654743 24.886772 -75.000000
v 280.654743 24.886772 25.000000
v 280.568501 24.811972 25.000000
v 280.568501 24.811972 -75.000000
v 280.486103 24.733015 -75.000000
v 280.486103 24.733015 25.000000
v 280.407612 24.650091 25.000000
v 280.407612 24.650091 -75.000000
v 280.333393 24.563406 25.000000
v 280.333393 24.563406 -75.000000
v 280.263447 24.473166 25.000000
v 280.263447 24.473166 -75.000000
v 280.198078 24.379593 25.000000
v 280.198078 24.379593 -75.000000
v 280.137409 24.282911 -75.000000
v 280.137409 24.282911 25.000000
v 280.081562 24.183359 25.000000
v 280.081562 24.183359 -75.000000
v 280.030659 24.081177 25.000000
v 280.030659 24.081177 -75.000000
v 279.984882 23.976610 25.000000
v 279.984882 23.976610 -75.000000
v 279.944294 23.869917 25.000000
v 279.944294 23.869917 -75.000000
v 279.909016 23.761354 -75.000000
v 279.909016 23.761354 25.000000
v 279.879108 23.651184 -75.000000
v 279.879108 23.651184 25.000000
v 279.854694 23.539677 25.000000
v 279.854694 23.539677 -75.000000
v 279.835835 23.427101 -75.000000
v 279.835835 23.427101 25.000000
v 279.822468 23.313732 25.000000
v 279.822468 23.313732 -75.000000
v 279.814777 23.199844 25.000000
v 279.814777 23.199844 -75.000000
v 279.812641 23.085714 25.000000
v 279.812641 23.085714 -75.000000
v 279.816181 22.971617 -75.000000
v 279.816181 22.971617 25.000000
v 279.825275 22.857834 25.000000
v 279.825275 22.857834 -75.000000
v 279.840046 22.744637 25.000000
v 279.840046 22.744637 -75.000000
v 279.860310 22.632303 25.000000
v 279.860310 22.632303 -75.000000
v 279.886066 22.521105 -75.000000
v 279.886066 22.521105 25.000000
v 279.917316 22.411312 25.000000
v 279.917316 22.411312 -75.000000
v 279.953938 22.303192 25.000000
v 279.953938 22.303192 -75.000000
v 279.995808 22.197006 25.000000
v 279.995808 22.197006 -75.000000
v 280.042927 22.093012 25.000000
v 280.042927 22.093012 -75.000000
v 280.095051 21.991465 25.000000
v 280.095051 21.991465 -75.000000
v 280.152119 21.892607 25.000000
v 280.152119 21.892607 -75.000000
v 280.214008 21.796682 25.000000
v 280.214008 21.796682 -75.000000
v 280.280537 21.703920 25.000000
v 280.280537 21.703920 -75.000000
v 280.351521 21.614550 25.000000
v 280.351521 21.614550 -75.000000
v 280.426838 21.528784 25.000000
v 280.426838 21.528784 -75.000000
v 280.506306 21.446835 25.000000
v 280.506306 21.446835 -75.000000
v 280.589741 21.368898 25.000000
v 280.589741 21.368898 -75.000000
v 280.676899 21.295166 25.000000
v 280.676899 21.295166 -75.000000
v 292.180317 25.416584 25.000000
v 292.180317 25.416584 -75.000000
v 295.286274 34.975739 -75.000000
v 295.286274 34.975739 25.000000
v 299.654743 35.083397 25.000000
v 299.692707 34.975739 -75.000000
v 299.654743 35.083397 -75.000000
v 299.692707 34.975739 25.000000
v 299.611530 35.189060 25.000000
v 299.611530 35.189060 -75.000000
v 299.563190 35.292465 25.000000
v 299.563190 35.292465 -75.000000
v 299.509846 35.393364 25.000000
v 299.509846 35.393364 -75.000000
v 299.451557 35.491512 -75.000000
v 299.451557 35.491512 25.000000
v 299.388508 35.586666 25.000000
v 299.388508 35.586666 -75.000000
v 299.320820 35.678600 25.000000
v 299.320820 35.678600 -75.000000
v 299.248676 35.767090 25.000000
v 299.248676 35.767090 -75.000000
v 299.172321 35.851921 -75.000000
v 299.172321 35.851921 25.000000
v 299.091877 35.932884 25.000000
v 299.091877 35.932884 -75.000000
v 299.007526 36.009789 25.000000
v 299.007526 36.009789 -75.000000
v 298.919453 36.082443 25.000000
v 298.919453 36.082443 -75.000000
v 298.827961 36.150669 25.000000
v 298.827961 36.150669 -75.000000
v 298.733173 36.214310 25.000000
v 298.733173 36.214310 -75.000000
v 298.635395 36.273201 -75.000000
v 298.635395 36.273201 25.000000
v 298.534809 36.327206 25.000000
v 298.534809 36.327206 -75.000000
v 298.431721 36.376186 25.000000
v 298.431721 36.376186 -75.000000
v 298.326313 36.420033 25.000000
v 298.326313 36.420033 -75.000000
v 298.218891 36.458633 25.000000
v 298.218891 36.458633 -75.000000
v 298.109699 36.491898 -75.000000
v 298.109699 36.491898 25.000000
v 297.998981 36.519741 25.000000
v 297.998981 36.519741 -75.000000
v 297.887043 36.542095 25.000000
v 297.887043 36.542095 -75.000000
v 297.774128 36.558910 -75.000000
v 297.774128 36.558910 25.000000
v 297.660542 36.570141 25.000000
v 297.660542 36.570141 -75.000000
v 297.546528 36.575764 25.000000
v 297.546528 36.575764 -75.000000
v 297.432392 36.575764 25.000000
v 297.432392 36.575764 -75.000000
v 297.318378 36.570141 -75.000000
v 297.318378 36.570141 25.000000
v 297.204792 36.558910 25.000000
v 297.204792 36.558910 -75.000000
v 297.091877 36.542095 -75.000000
v 297.091877 36.542095 25.000000
v 296.979939 36.519741 -75.000000
v 296.979939 36.519741 25.000000
v 296.869221 36.491898 25.000000
v 296.869221 36.491898 -75.000000
v 296.760029 36.458633 25.000000
v 296.760029 36.458633 -75.000000
v 296.652607 36.420033 25.000000
v 296.652607 36.420033 -75.000000
v 296.547199 36.376186 -75.000000
v 296.547199 36.376186 25.000000
v 296.444111 36.327206 25.000000
v 296.444111 36.327206 -75.000000
v 296.343525 36.273201 -75.000000
v 296.343525 36.273201 25.000000
v 296.245747 36.214310 25.000000
v 296.245747 36.214310 -75.000000
v 296.151020 36.150669 -75.000000
v 296.151020 36.150669 25.000000
v 296.059467 36.082443 25.000000
v 296.059467 36.082443 -75.000000
v 295.971455 36.009789 25.000000
v 295.971455 36.009789 -75.000000
v 295.887104 35.932884 -75.000000
v 295.887104 35.932884 25.000000
v 295.806599 35.851921 25.000000
v 295.806599 35.851921 -75.000000
v 295.730244 35.767090 25.000000
v 295.730244 35.767090 -75.000000
v 295.658100 35.678600 25.000000
v 295.658100 35.678600 -75.000000
v 295.590473 35.586666 25.000000
v 295.590473 35.586666 -75.000000
v 295.527424 35.491512 25.000000
v 295.527424 35.491512 -75.000000
v 295.469135 35.393364 25.000000
v 295.469135 35.393364 -75.000000
v 295.415730 35.292465 -75.000000
v 295.415730 35.292465 25.000000
v 295.367390 35.189060 -75.000000
v 295.367390 35.189060 25.000000
v 295.324177 35.083397 25.000000
v 295.324177 35.083397 -75.000000
v 302.798664 25.416584 -75.000000
v 302.798664 25.416584 25.000000
v 312.849751 25.416584 -75.000000
v 312.849751 25.416584 25.000000
v 314.302082 21.295166 25.000000
v 314.211384 21.225815 -75.000000
v 314.302082 21.295166 -75.000000
v 314.211384 21.225815 25.000000
v 314.389179 21.368898 25.000000
v 314.389179 21.368898 -75.000000
v 314.472614 21.446835 25.000000
v 314.472614 21.446835 -75.000000
v 314.552082 21.528784 25.000000
v 314.552082 21.528784 -75.000000
v 314.627399 21.614550 -75.000000
v 314.627399 21.614550 25.000000
v 314.698444 21.703920 25.000000
v 314.698444 21.703920 -75.000000
v 314.764973 21.796682 25.000000
v 314.764973 21.796682 -75.000000
v 314.826801 21.892607 25.000000
v 314.826801 21.892607 -75.000000
v 314.883869 21.991465 25.000000
v 314.883869 21.991465 -75.000000
v 314.936054 22.093012 25.000000
v 314.936054 22.093012 -75.000000
v 314.983112 22.197006 25.000000
v 314.983112 22.197006 -75.000000
v 315.024982 22.303192 25.000000
v 315.024982 22.303192 -75.000000
v 315.061604 22.411312 25.000000
v 315.061604 22.411312 -75.000000
v 315.092854 22.521105 25.000000
v 315.092854 22.521105 -75.000000
v 315.118610 22.632303 25.000000
v 315.118610 22.632303 -75.000000
v 315.138935 22.744637 25.000000
v 315.138935 22.744637 -75.000000
v 315.153645 22.857834 25.000000
v 315.153645 22.857834 -75.000000
v 315.162800 22.971617 25.000000
v 315.162800 22.971617 -75.000000
v 315.166279 23.085714 25.000000
v 315.166279 23.085714 -75.000000
v 315.164204 23.199844 25.000000
v 315.164204 23.199844 -75.000000
v 315.156452 23.313732 -75.000000
v 315.156452 23.313732 25.000000
v 315.143147 23.427101 25.000000
v 315.143147 23.427101 -75.000000
v 315.124226 23.539677 25.000000
v 315.124226 23.539677 -75.000000
v 315.099812 23.651184 -75.000000
v 315.099812 23.651184 25.000000
v 315.069904 23.761354 25.000000
v 315.069904 23.761354 -75.000000
v 315.034626 23.869917 25.000000
v 315.034626 23.869917 -75.000000
v 314.994038 23.976610 -75.000000
v 314.994038 23.976610 25.000000
v 314.948261 24.081177 25.000000
v 314.948261 24.081177 -75.000000
v 314.897419 24.183359 -75.000000
v 314.897419 24.183359 25.000000
v 314.841572 24.282911 -75.000000
v 314.841572 24.282911 25.000000
v 314.780842 24.379593 25.000000
v 314.780842 24.379593 -75.000000
v 314.715473 24.473166 25.000000
v 314.715473 24.473166 -75.000000
v 314.645588 24.563406 -75.000000
v 314.645588 24.563406 25.000000
v 314.571308 24.650091 25.000000
v 314.571308 24.650091 -75.000000
v 314.492878 24.733015 -75.000000
v 314.492878 24.733015 25.000000
v 314.410419 24.811972 -75.000000
v 314.410419 24.811972 25.000000
v 314.324177 24.886772 25.000000
v 314.324177 24.886772 -75.000000
v 314.234394 24.957235 25.000000
v 314.234394 24.957235 -75.000000
v 314.141193 25.023188 -75.000000
v 314.141193 25.023188 25.000000
v 314.044880 25.084471 25.000000
v 314.044880 25.084471 -75.000000
v 313.945698 25.140936 25.000000
v 313.945698 25.140936 -75.000000
v 313.843830 25.192446 -75.000000
v 313.843830 25.192446 25.000000
v 313.739521 25.238876 25.000000
v 313.739521 25.238876 -75.000000
v 313.633137 25.280111 25.000000
v 313.633137 25.280111 -75.000000
v 313.524738 25.316053 25.000000
v 313.524738 25.316053 -75.000000
v 313.414753 25.346615 25.000000
v 313.414753 25.346615 -75.000000
v 313.303425 25.371723 25.000000
v 313.303425 25.371723 -75.000000
v 313.190998 25.391314 25.000000
v 313.190998 25.391314 -75.000000
v 313.077656 25.405342 25.000000
v 313.077656 25.405342 -75.000000
v 312.963825 25.413771 -75.000000
v 312.963825 25.413771 25.000000
v 306.079914 15.317933 -75.000000
v 306.079914 15.317933 25.000000
v 309.185871 5.758780 -75.000000
v 309.185871 5.758780 25.000000
v 305.714924 3.103942 25.000000
v 305.620991 3.168742 -75.000000
v 305.714924 3.103942 -75.000000
v 305.620991 3.168742 25.000000
v 305.811970 3.043850 25.000000
v 305.811970 3.043850 -75.000000
v 305.911884 2.988611 -75.000000
v 305.911884 2.988611 25.000000
v 306.014362 2.938360 25.000000
v 306.014362 2.938360 -75.000000
v 306.119221 2.893220 25.000000
v 306.119221 2.893220 -75.000000
v 306.226154 2.853298 25.000000
v 306.226154 2.853298 -75.000000
v 306.334980 2.818693 -75.000000
v 306.334980 2.818693 25.000000
v 306.445332 2.789489 25.000000
v 306.445332 2.789489 -75.000000
v 306.556965 2.765756 -75.000000
v 306.556965 2.765756 25.000000
v 306.669636 2.747551 25.000000
v 306.669636 2.747551 -75.000000
v 306.783100 2.734920 25.000000
v 306.783100 2.734920 -75.000000
v 306.897053 2.727893 -75.000000
v 306.897053 2.727893 25.000000
v 307.011189 2.726487 -75.000000
v 307.011189 2.726487 25.000000
v 307.125263 2.730705 25.000000
v 307.125263 2.730705 -75.000000
v 307.238972 2.740537 25.000000
v 307.238972 2.740537 -75.000000
v 307.352070 2.755959 25.000000
v 307.352070 2.755959 -75.000000
v 307.464252 2.776934 25.000000
v 307.464252 2.776934 -75.000000
v 307.575336 2.803411 25.000000
v 307.575336 2.803411 -75.000000
v 307.684895 2.835326 25.000000
v 307.684895 2.835326 -75.000000
v 307.792805 2.872600 25.000000
v 307.792805 2.872600 -75.000000
v 307.898762 2.915144 25.000000
v 307.898762 2.915144 -75.000000
v 308.002460 2.962854 25.000000
v 308.002460 2.962854 -75.000000
v 308.103657 3.015615 -75.000000
v 308.103657 3.015615 25.000000
v 308.202168 3.073298 25.000000
v 308.202168 3.073298 -75.000000
v 308.297688 3.135763 25.000000
v 308.297688 3.135763 -75.000000
v 308.390034 3.202859 25.000000
v 308.390034 3.202859 -75.000000
v 308.478962 3.274423 -75.000000
v 308.478962 3.274423 25.000000
v 308.564289 3.350280 25.000000
v 308.564289 3.350280 -75.000000
v 308.645771 3.430247 -75.000000
v 308.645771 3.430247 25.000000
v 308.723164 3.514130 25.000000
v 308.723164 3.514130 -75.000000
v 308.796345 3.601725 25.000000
v 308.796345 3.601725 -75.000000
v 308.865131 3.692818 -75.000000
v 308.865131 3.692818 25.000000
v 308.929401 3.787190 25.000000
v 308.929401 3.787190 -75.000000
v 308.988850 3.884611 -75.000000
v 308.988850 3.884611 25.000000
v 309.043476 3.984844 25.000000
v 309.043476 3.984844 -75.000000
v 309.093098 4.087646 25.000000
v 309.093098 4.087646 -75.000000
v 309.137592 4.192768 25.000000
v 309.137592 4.192768 -75.000000
v 309.176838 4.299954 -75.000000
v 309.176838 4.299954 25.000000
v 309.210773 4.408943 25.000000
v 309.210773 4.408943 -75.000000
v 309.239338 4.519472 25.000000
v 309.239338 4.519472 -75.000000
v 309.262348 4.631272 25.000000
v 309.262348 4.631272 -75.000000
v 309.279865 4.744071 25.000000
v 309.279865 4.744071 -75.000000
v 309.291828 4.857596 25.000000
v 309.291828 4.857596 -75.000000
v 309.298115 4.971571 25.000000
v 309.298115 4.971571 -75.000000
v 309.298847 5.085719 -75.000000
v 309.298847 5.085719 25.000000
v 309.293903 5.199764 25.000000
v 309.293903 5.199764 -75.000000
v 309.283405 5.313427 25.000000
v 309.283405 5.313427 -75.000000
v 309.267292 5.426433 25.000000
v 309.267292 5.426433 -75.000000
v 309.245625 5.538508 -75.000000
v 309.245625 5.538508 25.000000
v 309.218464 5.649380 25.000000
v 309.218464 5.649380 -75.000000
v 297.489460 9.076624 -75.000000
v 297.489460 9.076624 25.000000
v -290.055271 57.421345 25.000000
v -271.019512 46.431038 -75.000000
v -290.055271 57.421345 -75.000000
v -271.019512 46.431038 25.000000
v -269.245174 43.527466 25.000000
v -269.240749 43.350136 -75.000000
v -269.245174 43.527466 -75.000000
v -269.240749 43.350136 25.000000
v -269.258419 43.704350 25.000000
v -269.258419 43.704350 -75.000000
v -269.280483 43.880356 -75.000000
v -269.280483 43.880356 25.000000
v -269.311275 44.055046 25.000000
v -269.311275 44.055046 -75.000000
v -269.350750 44.227982 -75.000000
v -269.350750 44.227982 25.000000
v -269.398800 44.398735 25.000000
v -269.398800 44.398735 -75.000000
v -269.455288 44.566879 25.000000
v -269.455288 44.566879 -75.000000
v -269.520092 44.732002 25.000000
v -269.520092 44.732002 -75.000000
v -269.593044 44.893688 25.000000
v -269.593044 44.893688 -75.000000
v -269.673977 45.051537 25.000000
v -269.673977 45.051537 -75.000000
v -269.762661 45.205154 -75.000000
v -269.762661 45.205154 25.000000
v -269.858898 45.354160 25.000000
v -269.858898 45.354160 -75.000000
v -269.962444 45.498184 25.000000
v -269.962444 45.498184 -75.000000
v -270.073040 45.636868 25.000000
v -270.073040 45.636868 -75.000000
v -270.190426 45.769863 25.000000
v -270.190426 45.769863 -75.000000
v -270.314281 45.896847 -75.000000
v -270.314281 45.896847 25.000000
v -270.444302 46.017498 25.000000
v -270.444302 46.017498 -75.000000
v -270.580181 46.131519 25.000000
v -270.580181 46.131519 -75.000000
v -270.721584 46.238621 25.000000
v -270.721584 46.238621 -75.000000
v -270.868145 46.338547 25.000000
v -270.868145 46.338547 -75.000000
v -269.240749 21.369526 -75.000000
v -269.240749 21.369526 25.000000
v -270.868145 18.381119 25.000000
v -271.019512 18.288624 -75.000000
v -270.868145 18.381119 -75.000000
v -271.019512 18.288624 25.000000
v -270.721584 18.481041 25.000000
v -270.721584 18.481041 -75.000000
v -270.580181 18.588146 25.000000
v -270.580181 18.588146 -75.000000
v -270.444302 18.702166 25.000000
v -270.444302 18.702166 -75.000000
v -270.314281 18.822817 -75.000000
v -270.314281 18.822817 25.000000
v -270.190426 18.949799 25.000000
v -270.190426 18.949799 -75.000000
v -270.073040 19.082798 25.000000
v -270.073040 19.082798 -75.000000
v -269.962444 19.221481 25.000000
v -269.962444 19.221481 -75.000000
v -269.858898 19.365505 25.000000
v -269.858898 19.365505 -75.000000
v -269.762661 19.514511 -75.000000
v -269.762661 19.514511 25.000000
v -269.673977 19.668129 25.000000
v -269.673977 19.668129 -75.000000
v -269.593044 19.825977 25.000000
v -269.593044 19.825977 -75.000000
v -269.520092 19.987661 25.000000
v -269.520092 19.987661 -75.000000
v -269.455288 20.152782 25.000000
v -269.455288 20.152782 -75.000000
v -269.398800 20.320929 -75.000000
v -269.398800 20.320929 25.000000
v -269.350750 20.491682 25.000000
v -269.350750 20.491682 -75.000000
v -269.311275 20.664618 25.000000
v -269.311275 20.664618 -75.000000
v -269.280483 20.839306 25.000000
v -269.280483 20.839306 -75.000000
v -269.258419 21.015312 25.000000
v -269.258419 21.015312 -75.000000
v -269.245174 21.192200 25.000000
v -269.245174 21.192200 -75.000000
v -290.055271 7.298319 -75.000000
v -290.055271 7.298319 25.000000
v -293.612789 7.298319 25.000000
v -293.612789 7.298319 -75.000000
v -293.457012 7.213485 -75.000000
v -293.457012 7.213485 25.000000
v -293.297192 7.136522 -75.000000
v -293.297192 7.136522 25.000000
v -293.133739 7.067620 25.000000
v -293.133739 7.067620 -75.000000
v -292.967052 7.006951 -75.000000
v -292.967052 7.006951 25.000000
v -292.797550 6.954667 25.000000
v -292.797550 6.954667 -75.000000
v -292.625652 6.910896 -75.000000
v -292.625652 6.910896 25.000000
v -292.451786 6.875749 25.000000
v -292.451786 6.875749 -75.000000
v -292.276386 6.849311 25.000000
v -292.276386 6.849311 -75.000000
v -292.099888 6.831649 -75.000000
v -292.099888 6.831649 25.000000
v -291.922726 6.822808 25.000000
v -291.922726 6.822808 -75.000000
v -291.745342 6.822808 25.000000
v -291.745342 6.822808 -75.000000
v -291.568180 6.831649 25.000000
v -291.568180 6.831649 -75.000000
v -291.391674 6.849311 25.000000
v -291.391674 6.849311 -75.000000
v -291.216274 6.875749 -75.000000
v -291.216274 6.875749 25.000000
v -291.042408 6.910896 -75.000000
v -291.042408 6.910896 25.000000
v -290.870510 6.954667 25.000000
v -290.870510 6.954667 -75.000000
v -290.701008 7.006951 25.000000
v -290.701008 7.006951 -75.000000
v -290.534321 7.067620 25.000000
v -290.534321 7.067620 -75.000000
v -290.370869 7.136522 -75.000000
v -290.370869 7.136522 25.000000
v -290.211056 7.213485 25.000000
v -290.211056 7.213485 -75.000000
v -312.648556 18.288624 -75.000000
v -312.648556 18.288624 25.000000
v -314.422894 21.192200 25.000000
v -314.427319 21.369526 -75.000000
v -314.422894 21.192200 -75.000000
v -314.427319 21.369526 25.000000
v -314.409641 21.015312 25.000000
v -314.409641 21.015312 -75.000000
v -314.387585 20.839306 25.000000
v -314.387585 20.839306 -75.000000
v -314.356785 20.664618 25.000000
v -314.356785 20.664618 -75.000000
v -314.317310 20.491682 25.000000
v -314.317310 20.491682 -75.000000
v -314.269268 20.320929 25.000000
v -314.269268 20.320929 -75.000000
v -314.212772 20.152782 -75.000000
v -314.212772 20.152782 25.000000
v -314.147968 19.987661 25.000000
v -314.147968 19.987661 -75.000000
v -314.075016 19.825977 25.000000
v -314.075016 19.825977 -75.000000
v -313.994091 19.668129 -75.000000
v -313.994091 19.668129 25.000000
v -313.905399 19.514511 25.000000
v -313.905399 19.514511 -75.000000
v -313.809162 19.365505 25.000000
v -313.809162 19.365505 -75.000000
v -313.705616 19.221481 -75.000000
v -313.705616 19.221481 25.000000
v -313.595020 19.082798 -75.000000
v -313.595020 19.082798 25.000000
v -313.477642 18.949799 25.000000
v -313.477642 18.949799 -75.000000
v -313.353786 18.822817 25.000000
v -313.353786 18.822817 -75.000000
v -313.223759 18.702166 -75.000000
v -313.223759 18.702166 25.000000
v -313.087879 18.588146 25.000000
v -313.087879 18.588146 -75.000000
v -312.946476 18.481041 25.000000
v -312.946476 18.481041 -75.000000
v -312.799915 18.381119 25.000000
v -312.799915 18.381119 -75.000000
v -314.427319 43.350136 -75.000000
v -314.427319 43.350136 25.000000
v -312.799915 46.338547 25.000000
v -312.648556 46.431038 -75.000000
v -312.799915 46.338547 -75.000000
v -312.648556 46.431038 25.000000
v -312.946476 46.238621 25.000000
v -312.946476 46.238621 -75.000000
v -313.087879 46.131519 25.000000
v -313.087879 46.131519 -75.000000
v -313.223759 46.017498 25.000000
v -313.223759 46.017498 -75.000000
v -313.353786 45.896847 -75.000000
v -313.353786 45.896847 25.000000
v -313.477642 45.769863 25.000000
v -313.477642 45.769863 -75.000000
v -313.595020 45.636868 25.000000
v -313.595020 45.636868 -75.000000
v -313.705616 45.498184 25.000000
v -313.705616 45.498184 -75.000000
v -313.809162 45.354160 25.000000
v -313.809162 45.354160 -75.000000
v -313.905399 45.205154 -75.000000
v -313.905399 45.205154 25.000000
v -313.994091 45.051537 25.000000
v -313.994091 45.051537 -75.000000
v -314.075016 44.893688 25.000000
v -314.075016 44.893688 -75.000000
v -314.147968 44.732002 25.000000
v -314.147968 44.732002 -75.000000
v -314.212772 44.566879 25.000000
v -314.212772 44.566879 -75.000000
v -314.269268 44.398735 -75.000000
v -314.269268 44.398735 25.000000
v -314.317310 44.227982 25.000000
v -314.317310 44.227982 -75.000000
v -314.356785 44.055046 25.000000
v -314.356785 44.055046 -75.000000
v -314.387585 43.880356 25.000000
v -314.387585 43.880356 -75.000000
v -314.409641 43.704350 25.000000
v -314.409641 43.704350 -75.000000
v -314.422894 43.527466 25.000000
v -314.422894 43.527466 -75.000000
v -293.612789 57.421345 -75.000000
v -293.612789 57.421345 25.000000
v -290.211056 57.506180 25.000000
v -290.211056 57.506180 -75.000000
v -290.370869 57.583141 25.000000
v -290.370869 57.583141 -75.000000
v -290.534321 57.652042 -75.000000
v -290.534321 57.652042 25.000000
v -290.701008 57.712711 25.000000
v -290.701008 57.712711 -75.000000
v -290.870510 57.764996 -75.000000
v -290.870510 57.764996 25.000000
v -291.042408 57.808765 25.000000
v -291.042408 57.808765 -75.000000
v -291.216274 57.843914 -75.000000
v -291.216274 57.843914 25.000000
v -291.391674 57.870354 25.000000
v -291.391674 57.870354 -75.000000
v -291.568180 57.888016 -75.000000
v -291.568180 57.888016 25.000000
v -291.745342 57.896854 25.000000
v -291.745342 57.896854 -75.000000
v -291.922726 57.896854 25.000000
v -291.922726 57.896854 -75.000000
v -292.099888 57.888016 25.000000
v -292.099888 57.888016 -75.000000
v -292.276386 57.870354 -75.000000
v -292.276386 57.870354 25.000000
v -292.451786 57.843914 -75.000000
v -292.451786 57.843914 25.000000
v -292.625652 57.808765 -75.000000
v -292.625652 57.808765 25.000000
v -292.797550 57.764996 25.000000
v -292.797550 57.764996 -75.000000
v -292.967052 57.712711 25.000000
v -292.967052 57.712711 -75.000000
v -293.133739 57.652042 -75.000000
v -293.133739 57.652042 25.000000
v -293.297192 57.583141 25.000000
v -293.297192 57.583141 -75.000000
v -293.457012 57.506180 25.000000
v -293.457012 57.506180 -75.000000
v -233.696911 -74.618866 75.000000
v -233.727871 -73.377571 75.000000
v -233.727871 -73.377571 -75.000000
v -233.696911 -74.618866 -75.000000
v -233.604122 -75.857071 75.000000
v -233.604122 -75.857071 -75.000000
v -233.449734 -77.089111 75.000000
v -233.449734 -77.089111 -75.000000
v -233.234112 -78.311928 -75.000000
v -233.234112 -78.311928 75.000000
v -232.957821 -79.522476 75.000000
v -232.957821 -79.522476 -75.000000
v -232.621517 -80.717751 75.000000
v -232.621517 -80.717751 -75.000000
v -232.226055 -81.894775 -75.000000
v -232.226055 -81.894775 75.000000
v -231.772427 -83.050621 75.000000
v -231.772427 -83.050621 -75.000000
v -231.261730 -84.182419 75.000000
v -231.261730 -84.182419 -75.000000
v -230.695263 -85.287354 75.000000
v -230.695263 -85.287354 -75.000000
v -230.074429 -86.362679 75.000000
v -230.074429 -86.362679 -75.000000
v -229.400753 -87.405724 75.000000
v -229.400753 -87.405724 -75.000000
v -228.675930 -88.413895 -75.000000
v -228.675930 -88.413895 75.000000
v -227.901760 -89.384674 -75.000000
v -227.901760 -89.384674 75.000000
v -227.080166 -90.315666 -75.000000
v -227.080166 -90.315666 75.000000
v -226.213177 -91.204544 75.000000
v -226.213177 -91.204544 -75.000000
v -225.302959 -92.049103 75.000000
v -225.302959 -92.049103 -75.000000
v -224.351772 -92.847237 -75.000000
v -224.351772 -92.847237 75.000000
v -223.361996 -93.596970 -75.000000
v -223.361996 -93.596970 75.000000
v -222.336071 -94.296432 75.000000
v -222.336071 -94.296432 -75.000000
v -221.276546 -94.943886 75.000000
v -221.276546 -94.943886 -75.000000
v -220.186077 -95.537727 -75.000000
v -220.186077 -95.537727 75.000000
v -219.067364 -96.076469 75.000000
v -219.067364 -96.076469 -75.000000
v -217.923183 -96.558784 75.000000
v -217.923183 -96.558784 -75.000000
v -216.756390 -96.983459 -75.000000
v -216.756390 -96.983459 75.000000
v -215.569881 -97.349457 75.000000
v -215.569881 -97.349457 -75.000000
v -214.366589 -97.655846 75.000000
v -214.366589 -97.655846 -75.000000
v -213.149532 -97.901878 75.000000
v -213.149532 -97.901878 -75.000000
v -211.921719 -98.086945 75.000000
v -211.921719 -98.086945 -75.000000
v -210.686214 -98.210579 75.000000
v -210.686214 -98.210579 -75.000000
v -209.446072 -98.272469 75.000000
v -209.446072 -98.272469 -75.000000
v -208.204388 -98.272469 -75.000000
v -208.204388 -98.272469 75.000000
v -206.964260 -98.210579 -75.000000
v -206.964260 -98.210579 75.000000
v -205.728741 -98.086945 75.000000
v -205.728741 -98.086945 -75.000000
v -204.500927 -97.901878 -75.000000
v -204.500927 -97.901878 75.000000
v -203.283871 -97.655846 75.000000
v -203.283871 -97.655846 -75.000000
v -202.080593 -97.349457 -75.000000
v -202.080593 -97.349457 75.000000
v -200.894070 -96.983459 75.000000
v -200.894070 -96.983459 -75.000000
v -199.727276 -96.558784 75.000000
v -199.727276 -96.558784 -75.000000
v -198.583096 -96.076469 75.000000
v -198.583096 -96.076469 -75.000000
v -197.464382 -95.537727 75.000000
v -197.464382 -95.537727 -75.000000
v -196.373913 -94.943886 75.000000
v -196.373913 -94.943886 -75.000000
v -195.314404 -94.296432 -75.000000
v -195.314404 -94.296432 75.000000
v -194.288479 -93.596970 -75.000000
v -194.288479 -93.596970 75.000000
v -193.298687 -92.847237 75.000000
v -193.298687 -92.847237 -75.000000
v -192.347515 -92.049103 75.000000
v -192.347515 -92.049103 -75.000000
v -191.437298 -91.204544 75.000000
v -191.437298 -91.204544 -75.000000
v -190.570309 -90.315666 75.000000
v -190.570309 -90.315666 -75.000000
v -189.748699 -89.384674 -75.000000
v -189.748699 -89.384674 75.000000
v -188.974529 -88.413895 -75.000000
v -188.974529 -88.413895 75.000000
v -188.249706 -87.405724 75.000000
v -188.249706 -87.405724 -75.000000
v -187.576031 -86.362679 75.000000
v -187.576031 -86.362679 -75.000000
v -186.955196 -85.287354 -75.000000
v -186.955196 -85.287354 75.000000
v -186.388729 -84.182419 75.000000
v -186.388729 -84.182419 -75.000000
v -185.878048 -83.050621 75.000000
v -185.878048 -83.050621 -75.000000
v -185.424404 -81.894775 -75.000000
v -185.424404 -81.894775 75.000000
v -185.028942 -80.717751 75.000000
v -185.028942 -80.717751 -75.000000
v -184.692654 -79.522476 75.000000
v -184.692654 -79.522476 -75.000000
v -184.416348 -78.311928 -75.000000
v -184.416348 -78.311928 75.000000
v -184.200741 -77.089111 -75.000000
v -184.200741 -77.089111 75.000000
v -184.046337 -75.857071 75.000000
v -184.046337 -75.857071 -75.000000
v -183.953548 -74.618866 75.000000
v -183.953548 -74.618866 -75.000000
v -183.922588 -73.377571 -75.000000
v -183.922588 -73.377571 75.000000
v -183.953548 -72.136276 75.000000
v -183.953548 -72.136276 -75.000000
v -184.046337 -70.898064 -75.000000
v -184.046337 -70.898064 75.000000
v -184.200741 -69.666023 75.000000
v -184.200741 -69.666023 -75.000000
v -184.416348 -68.443207 75.000000
v -184.416348 -68.443207 -75.000000
v -184.692654 -67.232658 75.000000
v -184.692654 -67.232658 -75.000000
v -185.028942 -66.037384 -75.000000
v -185.028942 -66.037384 75.000000
v -185.424404 -64.860367 75.000000
v -185.424404 -64.860367 -75.000000
v -185.878048 -63.704514 75.000000
v -185.878048 -63.704514 -75.000000
v -186.388729 -62.572716 75.000000
v -186.388729 -62.572716 -75.000000
v -186.955196 -61.467781 -75.000000
v -186.955196 -61.467781 75.000000
v -187.576031 -60.392456 75.000000
v -187.576031 -60.392456 -75.000000
v -188.249706 -59.349411 75.000000
v -188.249706 -59.349411 -75.000000
v -188.974529 -58.341244 -75.000000
v -188.974529 -58.341244 75.000000
v -189.748699 -57.370461 -75.000000
v -189.748699 -57.370461 75.000000
v -190.570309 -56.439472 75.000000
v -190.570309 -56.439472 -75.000000
v -191.437298 -55.550594 75.000000
v -191.437298 -55.550594 -75.000000
v -192.347515 -54.706036 75.000000
v -192.347515 -54.706036 -75.000000
v -193.298687 -53.907902 75.000000
v -193.298687 -53.907902 -75.000000
v -194.288479 -53.158169 -75.000000
v -194.288479 -53.158169 75.000000
v -195.314404 -52.458706 75.000000
v -195.314404 -52.458706 -75.000000
v -196.373913 -51.811249 -75.000000
v -196.373913 -51.811249 75.000000
v -197.464382 -51.217411 -75.000000
v -197.464382 -51.217411 75.000000
v -198.583096 -50.678665 75.000000
v -198.583096 -50.678665 -75.000000
v -199.727276 -50.196354 -75.000000
v -199.727276 -50.196354 75.000000
v -200.894070 -49.771675 75.000000
v -200.894070 -49.771675 -75.000000
v -202.080593 -49.405682 75.000000
v -202.080593 -49.405682 -75.000000
v -203.283871 -49.099289 -75.000000
v -203.283871 -49.099289 75.000000
v -204.500927 -48.853256 75.000000
v -204.500927 -48.853256 -75.000000
v -205.728741 -48.668194 -75.000000
v -205.728741 -48.668194 75.000000
v -206.964260 -48.544559 75.000000
v -206.964260 -48.544559 -75.000000
v -208.204388 -48.482670 -75.000000
v -208.204388 -48.482670 75.000000
v -209.446072 -48.482670 75.000000
v -209.446072 -48.482670 -75.000000
v -210.686214 -48.544559 75.000000
v -210.686214 -48.544559 -75.000000
v -211.921719 -48.668194 -75.000000
v -211.921719 -48.668194 75.000000
v -213.149532 -48.853256 75.000000
v -213.149532 -48.853256 -75.000000
v -214.366589 -49.099289 75.000000
v -214.366589 -49.099289 -75.000000
v -215.569881 -49.405682 -75.000000
v -215.569881 -49.405682 75.000000
v -216.756390 -49.771675 75.000000
v -216.756390 -49.771675 -75.000000
v -217.923183 -50.196354 75.000000
v -217.923183 -50.196354 -75.000000
v -219.067364 -50.678665 75.000000
v -219.067364 -50.678665 -75.000000
v -220.186077 -51.217411 75.000000
v -220.186077 -51.217411 -75.000000
v -221.276546 -51.811249 75.000000
v -221.276546 -51.811249 -75.000000
v -222.336071 -52.458706 75.000000
v -222.336071 -52.458706 -75.000000
v -223.361996 -53.158169 75.000000
v -223.361996 -53.158169 -75.000000
v -224.351772 -53.907902 75.000000
v -224.351772 -53.907902 -75.000000
v -225.302959 -54.706036 75.000000
v -225.302959 -54.706036 -75.000000
v -226.213177 -55.550594 75.000000
v -226.213177 -55.550594 -75.000000
v -227.080166 -56.439472 75.000000
v -227.080166 -56.439472 -75.000000
v -227.901760 -57.370461 75.000000
v -227.901760 -57.370461 -75.000000
v -228.675930 -58.341244 75.000000
v -228.675930 -58.341244 -75.000000
v -229.400753 -59.349411 75.000000
v -229.400753 -59.349411 -75.000000
v -230.074429 -60.392456 75.000000
v -230.074429 -60.392456 -75.000000
v -230.695263 -61.467781 75.000000
v -230.695263 -61.467781 -75.000000
v -231.261730 -62.572716 75.000000
v -231.261730 -62.572716 -75.000000
v -231.772427 -63.704514 75.000000
v -231.772427 -63.704514 -75.000000
v -232.226055 -64.860367 75.000000
v -232.226055 -64.860367 -75.000000
v -232.621517 -66.037384 75.000000
v -232.621517 -66.037384 -75.000000
v -232.957821 -67.232658 75.000000
v -232.957821 -67.232658 -75.000000
v -233.234112 -68.443207 75.000000
v -233.234112 -68.443207 -75.000000
v -233.449734 -69.666023 75.000000
v -233.449734 -69.666023 -75.000000
v -233.604122 -70.898064 75.000000
v -233.604122 -70.898064 -75.000000
v -233.696911 -72.136276 -75.000000
v -233.696911 -72.136276 75.000000
v 278.184467 -114.065765 75.000000
v 278.184467 -95.532967 -75.000000
v 278.184467 -114.065765 -75.000000
v 278.184467 -95.532967 75.000000
v 280.387409 -93.219162 75.000000
v 280.501057 -93.216370 -75.000000
v 280.387409 -93.219162 -75.000000
v 280.501057 -93.216370 75.000000
v 280.274006 -93.227524 75.000000
v 280.274006 -93.227524 -75.000000
v 280.161152 -93.241440 75.000000
v 280.161152 -93.241440 -75.000000
v 280.049152 -93.260880 75.000000
v 280.049152 -93.260880 -75.000000
v 279.938190 -93.285797 75.000000
v 279.938190 -93.285797 -75.000000
v 279.828571 -93.316124 -75.000000
v 279.828571 -93.316124 75.000000
v 279.720600 -93.351784 -75.000000
v 279.720600 -93.351784 75.000000
v 279.614521 -93.392708 75.000000
v 279.614521 -93.392708 -75.000000
v 279.510578 -93.438789 -75.000000
v 279.510578 -93.438789 75.000000
v 279.409016 -93.489906 75.000000
v 279.409016 -93.489906 -75.000000
v 279.310078 -93.545952 75.000000
v 279.310078 -93.545952 -75.000000
v 279.214008 -93.606789 75.000000
v 279.214008 -93.606789 -75.000000
v 279.121052 -93.672256 75.000000
v 279.121052 -93.672256 -75.000000
v 279.031452 -93.742210 75.000000
v 279.031452 -93.742210 -75.000000
v 278.945332 -93.816483 75.000000
v 278.945332 -93.816483 -75.000000
v 278.862995 -93.894882 75.000000
v 278.862995 -93.894882 -75.000000
v 278.784565 -93.977234 -75.000000
v 278.784565 -93.977234 75.000000
v 278.710285 -94.063332 75.000000
v 278.710285 -94.063332 -75.000000
v 278.640339 -94.152969 75.000000
v 278.640339 -94.152969 -75.000000
v 278.574909 -94.245934 -75.000000
v 278.574909 -94.245934 75.000000
v 278.514057 -94.341995 75.000000
v 278.514057 -94.341995 -75.000000
v 278.458027 -94.440933 -75.000000
v 278.458027 -94.440933 75.000000
v 278.406879 -94.542496 75.000000
v 278.406879 -94.542496 -75.000000
v 278.360798 -94.646446 75.000000
v 278.360798 -94.646446 -75.000000
v 278.319904 -94.752533 75.000000
v 278.319904 -94.752533 -75.000000
v 278.284199 -94.860497 75.000000
v 278.284199 -94.860497 -75.000000
v 278.253864 -94.970078 75.000000
v 278.253864 -94.970078 -75.000000
v 278.228962 -95.081024 -75.000000
v 278.228962 -95.081024 75.000000
v 278.209553 -95.193054 -75.000000
v 278.209553 -95.193054 75.000000
v 278.195637 -95.305901 75.000000
v 278.195637 -95.305901 -75.000000
v 278.187275 -95.419296 -75.000000
v 278.187275 -95.419296 75.000000
v 314.477863 -93.216370 -75.000000
v 314.477863 -93.216370 75.000000
v 316.791706 -95.419296 75.000000
v 316.794453 -95.532967 -75.000000
v 316.791706 -95.419296 -75.000000
v 316.794453 -95.532967 75.000000
v 316.783283 -95.305901 75.000000
v 316.783283 -95.305901 -75.000000
v 316.769367 -95.193054 75.000000
v 316.769367 -95.193054 -75.000000
v 316.749958 -95.081024 75.000000
v 316.749958 -95.081024 -75.000000
v 316.725056 -94.970078 75.000000
v 316.725056 -94.970078 -75.000000
v 316.694721 -94.860497 -75.000000
v 316.694721 -94.860497 75.000000
v 316.659077 -94.752533 -75.000000
v 316.659077 -94.752533 75.000000
v 316.618122 -94.646446 75.000000
v 316.618122 -94.646446 -75.000000
v 316.572041 -94.542496 -75.000000
v 316.572041 -94.542496 75.000000
v 316.520954 -94.440933 75.000000
v 316.520954 -94.440933 -75.000000
v 316.464863 -94.341995 75.000000
v 316.464863 -94.341995 -75.000000
v 316.404072 -94.245934 75.000000
v 316.404072 -94.245934 -75.000000
v 316.338581 -94.152969 75.000000
v 316.338581 -94.152969 -75.000000
v 316.268635 -94.063332 75.000000
v 316.268635 -94.063332 -75.000000
v 316.194355 -93.977234 75.000000
v 316.194355 -93.977234 -75.000000
v 316.115925 -93.894882 75.000000
v 316.115925 -93.894882 -75.000000
v 316.033588 -93.816483 -75.000000
v 316.033588 -93.816483 75.000000
v 315.947529 -93.742210 75.000000
v 315.947529 -93.742210 -75.000000
v 315.857868 -93.672256 75.000000
v 315.857868 -93.672256 -75.000000
v 315.764912 -93.606789 -75.000000
v 315.764912 -93.606789 75.000000
v 315.668842 -93.545952 75.000000
v 315.668842 -93.545952 -75.000000
v 315.569904 -93.489906 -75.000000
v 315.569904 -93.489906 75.000000
v 315.468342 -93.438789 75.000000
v 315.468342 -93.438789 -75.000000
v 315.364399 -93.392708 75.000000
v 315.364399 -93.392708 -75.000000
v 315.258320 -93.351784 75.000000
v 315.258320 -93.351784 -75.000000
v 315.150349 -93.316124 75.000000
v 315.150349 -93.316124 -75.000000
v 315.040730 -93.285797 75.000000
v 315.040730 -93.285797 -75.000000
v 314.929829 -93.260880 -75.000000
v 314.929829 -93.260880 75.000000
v 314.817768 -93.241440 -75.000000
v 314.817768 -93.241440 75.000000
v 314.704914 -93.227524 75.000000
v 314.704914 -93.227524 -75.000000
v 314.591511 -93.219162 -75.000000
v 314.591511 -93.219162 75.000000
v 316.794453 -114.065765 -75.000000
v 316.794453 -114.065765 75.000000
v 314.591511 -116.379578 75.000000
v 314.477863 -116.382370 -75.000000
v 314.591511 -116.379578 -75.000000
v 314.477863 -116.382370 75.000000
v 314.704914 -116.371216 75.000000
v 314.704914 -116.371216 -75.000000
v 314.817768 -116.357292 75.000000
v 314.817768 -116.357292 -75.000000
v 314.929829 -116.337852 75.000000
v 314.929829 -116.337852 -75.000000
v 315.040730 -116.312943 75.000000
v 315.040730 -116.312943 -75.000000
v 315.150349 -116.282616 -75.000000
v 315.150349 -116.282616 75.000000
v 315.258320 -116.246948 -75.000000
v 315.258320 -116.246948 75.000000
v 315.364399 -116.206024 75.000000
v 315.364399 -116.206024 -75.000000
v 315.468342 -116.159950 -75.000000
v 315.468342 -116.159950 75.000000
v 315.569904 -116.108826 75.000000
v 315.569904 -116.108826 -75.000000
v 315.668842 -116.052780 75.000000
v 315.668842 -116.052780 -75.000000
v 315.764912 -115.991951 75.000000
v 315.764912 -115.991951 -75.000000
v 315.857868 -115.926476 75.000000
v 315.857868 -115.926476 -75.000000
v 315.947529 -115.856522 75.000000
v 315.947529 -115.856522 -75.000000
v 316.033588 -115.782257 75.000000
v 316.033588 -115.782257 -75.000000
v 316.115925 -115.703850 75.000000
v 316.115925 -115.703850 -75.000000
v 316.194355 -115.621498 -75.000000
v 316.194355 -115.621498 75.000000
v 316.268635 -115.535400 75.000000
v 316.268635 -115.535400 -75.000000
v 316.338581 -115.445763 75.000000
v 316.338581 -115.445763 -75.000000
v 316.404072 -115.352806 -75.000000
v 316.404072 -115.352806 75.000000
v 316.464863 -115.256737 75.000000
v 316.464863 -115.256737 -75.000000
v 316.520954 -115.157806 -75.000000
v 316.520954 -115.157806 75.000000
v 316.572041 -115.056244 75.000000
v 316.572041 -115.056244 -75.000000
v 316.618122 -114.952293 75.000000
v 316.618122 -114.952293 -75.000000
v 316.659077 -114.846207 75.000000
v 316.659077 -114.846207 -75.000000
v 316.694721 -114.738243 75.000000
v 316.694721 -114.738243 -75.000000
v 316.725056 -114.628654 75.000000
v 316.725056 -114.628654 -75.000000
v 316.749958 -114.517715 -75.000000
v 316.749958 -114.517715 75.000000
v 316.769367 -114.405685 -75.000000
v 316.769367 -114.405685 75.000000
v 316.783283 -114.292831 75.000000
v 316.783283 -114.292831 -75.000000
v 316.791706 -114.179436 -75.000000
v 316.791706 -114.179436 75.000000
v 311.977253 -116.382370 -75.000000
v 311.977253 -116.382370 75.000000
v 309.689655 -114.431549 75.000000
v 309.689655 -114.431549 -75.000000
v 309.710224 -114.542465 -75.000000
v 309.710224 -114.542465 75.000000
v 309.736103 -114.652260 -75.000000
v 309.736103 -114.652260 75.000000
v 309.767292 -114.760658 75.000000
v 309.767292 -114.760658 -75.000000
v 309.803730 -114.867409 75.000000
v 309.803730 -114.867409 -75.000000
v 309.845356 -114.972260 75.000000
v 309.845356 -114.972260 -75.000000
v 309.891987 -115.074966 75.000000
v 309.891987 -115.074966 -75.000000
v 309.943623 -115.175270 -75.000000
v 309.943623 -115.175270 75.000000
v 310.000019 -115.272949 -75.000000
v 310.000019 -115.272949 75.000000
v 310.061115 -115.367767 75.000000
v 310.061115 -115.367767 -75.000000
v 310.126789 -115.459496 75.000000
v 310.126789 -115.459496 -75.000000
v 310.196796 -115.547920 75.000000
v 310.196796 -115.547920 -75.000000
v 310.271076 -115.632835 75.000000
v 310.271076 -115.632835 -75.000000
v 310.349384 -115.714027 75.000000
v 310.349384 -115.714027 -75.000000
v 310.431538 -115.791313 75.000000
v 310.431538 -115.791313 -75.000000
v 310.517353 -115.864510 -75.000000
v 310.517353 -115.864510 75.000000
v 310.606647 -115.933441 -75.000000
v 310.606647 -115.933441 75.000000
v 310.699238 -115.997948 75.000000
v 310.699238 -115.997948 -75.000000
v 310.794758 -116.057869 -75.000000
v 310.794758 -116.057869 75.000000
v 310.893147 -116.113068 75.000000
v 310.893147 -116.113068 -75.000000
v 310.994099 -116.163406 -75.000000
v 310.994099 -116.163406 75.000000
v 311.097370 -116.208778 75.000000
v 311.097370 -116.208778 -75.000000
v 311.202717 -116.249069 -75.000000
v 311.202717 -116.249069 75.000000
v 311.309956 -116.284180 75.000000
v 311.309956 -116.284180 -75.000000
v 311.418720 -116.314034 -75.000000
v 311.418720 -116.314034 75.000000
v 311.528828 -116.338554 -75.000000
v 311.528828 -116.338554 75.000000
v 311.639973 -116.357689 75.000000
v 311.639973 -116.357689 -75.000000
v 311.751972 -116.371391 75.000000
v 311.751972 -116.371391 -75.000000
v 311.864460 -116.379623 -75.000000
v 311.864460 -116.379623 75.000000
v 309.578083 -113.829643 75.000000
v 309.578083 -113.829643 -75.000000
v 309.436787 -113.234001 75.000000
v 309.436787 -113.234001 -75.000000
v 309.266193 -112.646095 75.000000
v 309.266193 -112.646095 -75.000000
v 309.066669 -112.067352 75.000000
v 309.066669 -112.067352 -75.000000
v 308.838703 -111.499207 75.000000
v 308.838703 -111.499207 -75.000000
v 308.582905 -110.943054 75.000000
v 308.582905 -110.943054 -75.000000
v 308.299885 -110.400246 75.000000
v 308.299885 -110.400246 -75.000000
v 307.990314 -109.872131 75.000000
v 307.990314 -109.872131 -75.000000
v 307.654987 -109.359993 75.000000
v 307.654987 -109.359993 -75.000000
v 307.294636 -108.865097 75.000000
v 307.294636 -108.865097 -75.000000
v 306.910297 -108.388657 75.000000
v 306.910297 -108.388657 -75.000000
v 306.502766 -107.931839 75.000000
v 306.502766 -107.931839 -75.000000
v 306.073139 -107.495766 75.000000
v 306.073139 -107.495766 -75.000000
v 305.622395 -107.081505 75.000000
v 305.622395 -107.081505 -75.000000
v 305.151752 -106.690079 75.000000
v 305.151752 -106.690079 -75.000000
v 304.662251 -106.322449 75.000000
v 304.662251 -106.322449 -75.000000
v 304.155170 -105.979515 75.000000
v 304.155170 -105.979515 -75.000000
v 303.631733 -105.662117 75.000000
v 303.631733 -105.662117 -75.000000
v 303.093159 -105.371040 75.000000
v 303.093159 -105.371040 -75.000000
v 302.540913 -105.106995 75.000000
v 302.540913 -105.106995 -75.000000
v 301.976215 -104.870628 75.000000
v 301.976215 -104.870628 -75.000000
v 301.400471 -104.662521 75.000000
v 301.400471 -104.662521 -75.000000
v 300.815205 -104.483185 75.000000
v 300.815205 -104.483185 -75.000000
v 300.221699 -104.333061 75.000000
v 300.221699 -104.333061 -75.000000
v 299.621540 -104.212517 75.000000
v 299.621540 -104.212517 -75.000000
v 299.016132 -104.121849 75.000000
v 299.016132 -104.121849 -75.000000
v 298.406940 -104.061279 75.000000
v 298.406940 -104.061279 -75.000000
v 297.795551 -104.030960 75.000000
v 297.795551 -104.030960 -75.000000
v 297.183369 -104.030960 75.000000
v 297.183369 -104.030960 -75.000000
v 296.571980 -104.061279 75.000000
v 296.571980 -104.061279 -75.000000
v 295.962788 -104.121849 75.000000
v 295.962788 -104.121849 -75.000000
v 295.357380 -104.212517 75.000000
v 295.357380 -104.212517 -75.000000
v 294.757221 -104.333061 75.000000
v 294.757221 -104.333061 -75.000000
v 294.163776 -104.483185 75.000000
v 294.163776 -104.483185 -75.000000
v 293.578449 -104.662521 75.000000
v 293.578449 -104.662521 -75.000000
v 293.002705 -104.870628 75.000000
v 293.002705 -104.870628 -75.000000
v 292.438068 -105.106995 75.000000
v 292.438068 -105.106995 -75.000000
v 291.885761 -105.371040 75.000000
v 291.885761 -105.371040 -75.000000
v 291.347187 -105.662117 75.000000
v 291.347187 -105.662117 -75.000000
v 290.823750 -105.979515 75.000000
v 290.823750 -105.979515 -75.000000
v 290.316669 -106.322449 75.000000
v 290.316669 -106.322449 -75.000000
v 289.827168 -106.690079 75.000000
v 289.827168 -106.690079 -75.000000
v 289.356525 -107.081505 75.000000
v 289.356525 -107.081505 -75.000000
v 288.905781 -107.495766 75.000000
v 288.905781 -107.495766 -75.000000
v 288.476154 -107.931839 75.000000
v 288.476154 -107.931839 -75.000000
v 288.068684 -108.388657 75.000000
v 288.068684 -108.388657 -75.000000
v 287.684284 -108.865097 75.000000
v 287.684284 -108.865097 -75.000000
v 287.323994 -109.359993 75.000000
v 287.323994 -109.359993 -75.000000
v 286.988606 -109.872131 75.000000
v 286.988606 -109.872131 -75.000000
v 286.679035 -110.400246 75.000000
v 286.679035 -110.400246 -75.000000
v 286.396015 -110.943054 75.000000
v 286.396015 -110.943054 -75.000000
v 286.140217 -111.499207 -75.000000
v 286.140217 -111.499207 75.000000
v 285.912251 -112.067352 75.000000
v 285.912251 -112.067352 -75.000000
v 285.712727 -112.646095 75.000000
v 285.712727 -112.646095 -75.000000
v 285.542133 -113.234001 75.000000
v 285.542133 -113.234001 -75.000000
v 285.400837 -113.829643 75.000000
v 285.400837 -113.829643 -75.000000
v 285.289265 -114.431549 75.000000
v 285.289265 -114.431549 -75.000000
v 283.114460 -116.379623 75.000000
v 283.001728 -116.382370 -75.000000
v 283.114460 -116.379623 -75.000000
v 283.001728 -116.382370 75.000000
v 283.227009 -116.371391 75.000000
v 283.227009 -116.371391 -75.000000
v 283.338947 -116.357689 -75.000000
v 283.338947 -116.357689 75.000000
v 283.450092 -116.338554 75.000000
v 283.450092 -116.338554 -75.000000
v 283.560200 -116.314034 -75.000000
v 283.560200 -116.314034 75.000000
v 283.669025 -116.284180 -75.000000
v 283.669025 -116.284180 75.000000
v 283.776203 -116.249069 75.000000
v 283.776203 -116.249069 -75.000000
v 283.881550 -116.208778 75.000000
v 283.881550 -116.208778 -75.000000
v 283.984821 -116.163406 -75.000000
v 283.984821 -116.163406 75.000000
v 284.085773 -116.113068 75.000000
v 284.085773 -116.113068 -75.000000
v 284.184162 -116.057869 75.000000
v 284.184162 -116.057869 -75.000000
v 284.279743 -115.997948 -75.000000
v 284.279743 -115.997948 75.000000
v 284.372272 -115.933441 75.000000
v 284.372272 -115.933441 -75.000000
v 284.461567 -115.864510 -75.000000
v 284.461567 -115.864510 75.000000
v 284.547382 -115.791313 75.000000
v 284.547382 -115.791313 -75.000000
v 284.629536 -115.714027 75.000000
v 284.629536 -115.714027 -75.000000
v 284.707844 -115.632835 75.000000
v 284.707844 -115.632835 -75.000000
v 284.782124 -115.547920 75.000000
v 284.782124 -115.547920 -75.000000
v 284.852131 -115.459496 75.000000
v 284.852131 -115.459496 -75.000000
v 284.917805 -115.367767 75.000000
v 284.917805 -115.367767 -75.000000
v 284.978901 -115.272949 75.000000
v 284.978901 -115.272949 -75.000000
v 285.035358 -115.175270 75.000000
v 285.035358 -115.175270 -75.000000
v 285.086933 -115.074966 75.000000
v 285.086933 -115.074966 -75.000000
v 285.133564 -114.972260 75.000000
v 285.133564 -114.972260 -75.000000
v 285.175190 -114.867409 75.000000
v 285.175190 -114.867409 -75.000000
v 285.211628 -114.760658 75.000000
v 285.211628 -114.760658 -75.000000
v 285.242817 -114.652260 75.000000
v 285.242817 -114.652260 -75.000000
v 285.268757 -114.542465 75.000000
v 285.268757 -114.542465 -75.000000
v 280.501057 -116.382370 -75.000000
v 280.501057 -116.382370 75.000000
v 278.187275 -114.179436 75.000000
v 278.187275 -114.179436 -75.000000
v 278.195637 -114.292831 75.000000
v 278.195637 -114.292831 -75.000000
v 278.209553 -114.405685 75.000000
v 278.209553 -114.405685 -75.000000
v 278.228962 -114.517715 75.000000
v 278.228962 -114.517715 -75.000000
v 278.253864 -114.628654 75.000000
v 278.253864 -114.628654 -75.000000
v 278.284199 -114.738243 -75.000000
v 278.284199 -114.738243 75.000000
v 278.319904 -114.846207 -75.000000
v 278.319904 -114.846207 75.000000
v 278.360798 -114.952293 75.000000
v 278.360798 -114.952293 -75.000000
v 278.406879 -115.056244 -75.000000
v 278.406879 -115.056244 75.000000
v 278.458027 -115.157806 75.000000
v 278.458027 -115.157806 -75.000000
v 278.514057 -115.256737 75.000000
v 278.514057 -115.256737 -75.000000
v 278.574909 -115.352806 75.000000
v 278.574909 -115.352806 -75.000000
v 278.640339 -115.445763 75.000000
v 278.640339 -115.445763 -75.000000
v 278.710285 -115.535400 75.000000
v 278.710285 -115.535400 -75.000000
v 278.784565 -115.621498 75.000000
v 278.784565 -115.621498 -75.000000
v 278.862995 -115.703850 75.000000
v 278.862995 -115.703850 -75.000000
v 278.945332 -115.782257 -75.000000
v 278.945332 -115.782257 75.000000
v 279.031452 -115.856522 75.000000
v 279.031452 -115.856522 -75.000000
v 279.121052 -115.926476 75.000000
v 279.121052 -115.926476 -75.000000
v 279.214008 -115.991951 -75.000000
v 279.214008 -115.991951 75.000000
v 279.310078 -116.052780 75.000000
v 279.310078 -116.052780 -75.000000
v 279.409016 -116.108826 -75.000000
v 279.409016 -116.108826 75.000000
v 279.510578 -116.159950 75.000000
v 279.510578 -116.159950 -75.000000
v 279.614521 -116.206024 75.000000
v 279.614521 -116.206024 -75.000000
v 279.720600 -116.246948 75.000000
v 279.720600 -116.246948 -75.000000
v 279.828571 -116.282616 75.000000
v 279.828571 -116.282616 -75.000000
v 279.938190 -116.312943 75.000000
v 279.938190 -116.312943 -75.000000
v 280.049152 -116.337852 -75.000000
v 280.049152 -116.337852 75.000000
v 280.161152 -116.357292 -75.000000
v 280.161152 -116.357292 75.000000
v 280.274006 -116.371216 75.000000
v 280.274006 -116.371216 -75.000000
v 280.387409 -116.379578 -75.000000
v 280.387409 -116.379578 75.000000
v -33.763897 -202.515152 75.000000
v -33.767498 -202.371597 -75.000000
v -33.763897 -202.515152 -75.000000
v -33.767498 -202.371597 75.000000
v -33.753185 -202.658356 75.000000
v -33.753185 -202.658356 -75.000000
v -33.735332 -202.800842 -75.000000
v -33.735332 -202.800842 75.000000
v -33.710400 -202.942261 75.000000
v -33.710400 -202.942261 -75.000000
v -33.678417 -203.082260 -75.000000
v -33.678417 -203.082260 75.000000
v -33.639538 -203.220490 75.000000
v -33.639538 -203.220490 -75.000000
v -33.593792 -203.356613 -75.000000
v -33.593792 -203.356613 75.000000
v -33.541332 -203.490295 75.000000
v -33.541332 -203.490295 -75.000000
v -33.482281 -203.621185 -75.000000
v -33.482281 -203.621185 75.000000
v -33.416759 -203.748978 75.000000
v -33.416759 -203.748978 -75.000000
v -33.344952 -203.873337 75.000000
v -33.344952 -203.873337 -75.000000
v -33.267071 -203.993958 75.000000
v -33.267071 -203.993958 -75.000000
v -33.183239 -204.110550 75.000000
v -33.183239 -204.110550 -75.000000
v -33.093700 -204.222824 75.000000
v -33.093700 -204.222824 -75.000000
v -32.998669 -204.330490 -75.000000
v -32.998669 -204.330490 75.000000
v -32.898418 -204.433289 75.000000
v -32.898418 -204.433289 -75.000000
v -32.793133 -204.530975 -75.000000
v -32.793133 -204.530975 75.000000
v -32.683147 -204.623276 75.000000
v -32.683147 -204.623276 -75.000000
v -32.568676 -204.709976 -75.000000
v -32.568676 -204.709976 75.000000
v -32.450024 -204.790878 -75.000000
v -32.450024 -204.790878 75.000000
v -32.327496 -204.865753 75.000000
v -32.327496 -204.865753 -75.000000
v -33.767498 -184.577133 -75.000000
v -33.767498 -184.577133 75.000000
v -32.450024 -182.157867 75.000000
v -32.327496 -182.082977 -75.000000
v -32.450024 -182.157867 -75.000000
v -32.327496 -182.082977 75.000000
v -32.568676 -182.238754 75.000000
v -32.568676 -182.238754 -75.000000
v -32.683147 -182.325470 75.000000
v -32.683147 -182.325470 -75.000000
v -32.793133 -182.417770 75.000000
v -32.793133 -182.417770 -75.000000
v -32.898418 -182.515442 75.000000
v -32.898418 -182.515442 -75.000000
v -32.998669 -182.618240 75.000000
v -32.998669 -182.618240 -75.000000
v -33.093700 -182.725906 75.000000
v -33.093700 -182.725906 -75.000000
v -33.183239 -182.838181 75.000000
v -33.183239 -182.838181 -75.000000
v -33.267071 -182.954773 -75.000000
v -33.267071 -182.954773 75.000000
v -33.344952 -183.075409 75.000000
v -33.344952 -183.075409 -75.000000
v -33.416759 -183.199768 75.000000
v -33.416759 -183.199768 -75.000000
v -33.482281 -183.327545 75.000000
v -33.482281 -183.327545 -75.000000
v -33.541332 -183.458450 75.000000
v -33.541332 -183.458450 -75.000000
v -33.593792 -183.592117 75.000000
v -33.593792 -183.592117 -75.000000
v -33.639538 -183.728241 75.000000
v -33.639538 -183.728241 -75.000000
v -33.678417 -183.866470 75.000000
v -33.678417 -183.866470 -75.000000
v -33.710400 -184.006470 75.000000
v -33.710400 -184.006470 -75.000000
v -33.735332 -184.147888 -75.000000
v -33.735332 -184.147888 75.000000
v -33.753185 -184.290375 75.000000
v -33.753185 -184.290375 -75.000000
v -33.763897 -184.433579 -75.000000
v -33.763897 -184.433579 75.000000
v -16.917034 -173.185745 -75.000000
v -16.917034 -173.185745 75.000000
v -14.163158 -173.117081 75.000000
v -14.037029 -173.185745 -75.000000
v -14.163158 -173.117081 -75.000000
v -14.037029 -173.185745 75.000000
v -14.292522 -173.054764 75.000000
v -14.292522 -173.054764 -75.000000
v -14.424847 -172.998993 75.000000
v -14.424847 -172.998993 -75.000000
v -14.559795 -172.949875 75.000000
v -14.559795 -172.949875 -75.000000
v -14.697002 -172.907547 75.000000
v -14.697002 -172.907547 -75.000000
v -14.836163 -172.872116 -75.000000
v -14.836163 -172.872116 75.000000
v -14.976940 -172.843658 75.000000
v -14.976940 -172.843658 -75.000000
v -15.118908 -172.822250 -75.000000
v -15.118908 -172.822250 75.000000
v -15.261822 -172.807953 75.000000
v -15.261822 -172.807953 -75.000000
v -15.405224 -172.800797 75.000000
v -15.405224 -172.800797 -75.000000
v -15.548840 -172.800797 75.000000
v -15.548840 -172.800797 -75.000000
v -15.692242 -172.807953 75.000000
v -15.692242 -172.807953 -75.000000
v -15.835155 -172.822250 75.000000
v -15.835155 -172.822250 -75.000000
v -15.977123 -172.843658 75.000000
v -15.977123 -172.843658 -75.000000
v -16.117901 -172.872116 75.000000
v -16.117901 -172.872116 -75.000000
v -16.257061 -172.907547 75.000000
v -16.257061 -172.907547 -75.000000
v -16.394268 -172.949875 -75.000000
v -16.394268 -172.949875 75.000000
v -16.529217 -172.998993 75.000000
v -16.529217 -172.998993 -75.000000
v -16.661541 -173.054764 75.000000
v -16.661541 -173.054764 -75.000000
v -16.790905 -173.117081 75.000000
v -16.790905 -173.117081 -75.000000
v 1.373432 -182.082977 -75.000000
v 1.373432 -182.082977 75.000000
v 2.809834 -184.433579 75.000000
v 2.813435 -184.577133 -75.000000
v 2.809834 -184.433579 -75.000000
v 2.813435 -184.577133 75.000000
v 2.799122 -184.290375 75.000000
v 2.799122 -184.290375 -75.000000
v 2.781269 -184.147888 75.000000
v 2.781269 -184.147888 -75.000000
v 2.756336 -184.006470 75.000000
v 2.756336 -184.006470 -75.000000
v 2.724354 -183.866470 75.000000
v 2.724354 -183.866470 -75.000000
v 2.685474 -183.728241 75.000000
v 2.685474 -183.728241 -75.000000
v 2.639729 -183.592117 -75.000000
v 2.639729 -183.592117 75.000000
v 2.587269 -183.458450 75.000000
v 2.587269 -183.458450 -75.000000
v 2.528217 -183.327545 75.000000
v 2.528217 -183.327545 -75.000000
v 2.462696 -183.199768 75.000000
v 2.462696 -183.199768 -75.000000
v 2.390888 -183.075409 75.000000
v 2.390888 -183.075409 -75.000000
v 2.313007 -182.954773 75.000000
v 2.313007 -182.954773 -75.000000
v 2.229176 -182.838181 75.000000
v 2.229176 -182.838181 -75.000000
v 2.139637 -182.725906 75.000000
v 2.139637 -182.725906 -75.000000
v 2.044605 -182.618240 75.000000
v 2.044605 -182.618240 -75.000000
v 1.944355 -182.515442 75.000000
v 1.944355 -182.515442 -75.000000
v 1.839069 -182.417770 75.000000
v 1.839069 -182.417770 -75.000000
v 1.729084 -182.325470 -75.000000
v 1.729084 -182.325470 75.000000
v 1.614613 -182.238754 75.000000
v 1.614613 -182.238754 -75.000000
v 1.495960 -182.157867 75.000000
v 1.495960 -182.157867 -75.000000
v 2.813435 -202.371597 -75.000000
v 2.813435 -202.371597 75.000000
v 1.495960 -204.790878 75.000000
v 1.373432 -204.865753 -75.000000
v 1.495960 -204.790878 -75.000000
v 1.373432 -204.865753 75.000000
v 1.614613 -204.709976 75.000000
v 1.614613 -204.709976 -75.000000
v 1.729084 -204.623276 75.000000
v 1.729084 -204.623276 -75.000000
v 1.839069 -204.530975 75.000000
v 1.839069 -204.530975 -75.000000
v 1.944355 -204.433289 75.000000
v 1.944355 -204.433289 -75.000000
v 2.044605 -204.330490 75.000000
v 2.044605 -204.330490 -75.000000
v 2.139637 -204.222824 75.000000
v 2.139637 -204.222824 -75.000000
v 2.229176 -204.110550 75.000000
v 2.229176 -204.110550 -75.000000
v 2.313007 -203.993958 -75.000000
v 2.313007 -203.993958 75.000000
v 2.390888 -203.873337 75.000000
v 2.390888 -203.873337 -75.000000
v 2.462696 -203.748978 75.000000
v 2.462696 -203.748978 -75.000000
v 2.528217 -203.621185 75.000000
v 2.528217 -203.621185 -75.000000
v 2.587269 -203.490295 75.000000
v 2.587269 -203.490295 -75.000000
v 2.639729 -203.356613 75.000000
v 2.639729 -203.356613 -75.000000
v 2.685474 -203.220490 75.000000
v 2.685474 -203.220490 -75.000000
v 2.724354 -203.082260 75.000000
v 2.724354 -203.082260 -75.000000
v 2.756336 -202.942261 75.000000
v 2.756336 -202.942261 -75.000000
v 2.781269 -202.800842 -75.000000
v 2.781269 -202.800842 75.000000
v 2.799122 -202.658356 75.000000
v 2.799122 -202.658356 -75.000000
v 2.809834 -202.515152 -75.000000
v 2.809834 -202.515152 75.000000
v -14.037029 -213.762985 -75.000000
v -14.037029 -213.762985 75.000000
v -16.790905 -213.831665 75.000000
v -16.917034 -213.762985 -75.000000
v -16.790905 -213.831665 -75.000000
v -16.917034 -213.762985 75.000000
v -16.661541 -213.893967 75.000000
v -16.661541 -213.893967 -75.000000
v -16.529217 -213.949753 75.000000
v -16.529217 -213.949753 -75.000000
v -16.394268 -213.998856 -75.000000
v -16.394268 -213.998856 75.000000
v -16.257061 -214.041183 75.000000
v -16.257061 -214.041183 -75.000000
v -16.117901 -214.076630 75.000000
v -16.117901 -214.076630 -75.000000
v -15.977123 -214.105072 75.000000
v -15.977123 -214.105072 -75.000000
v -15.835155 -214.126480 75.000000
v -15.835155 -214.126480 -75.000000
v -15.692242 -214.140778 75.000000
v -15.692242 -214.140778 -75.000000
v -15.548840 -214.147934 -75.000000
v -15.548840 -214.147934 75.000000
v -15.405224 -214.147934 -75.000000
v -15.405224 -214.147934 75.000000
v -15.261822 -214.140778 75.000000
v -15.261822 -214.140778 -75.000000
v -15.118908 -214.126480 75.000000
v -15.118908 -214.126480 -75.000000
v -14.976940 -214.105072 75.000000
v -14.976940 -214.105072 -75.000000
v -14.836163 -214.076630 75.000000
v -14.836163 -214.076630 -75.000000
v -14.697002 -214.041183 75.000000
v -14.697002 -214.041183 -75.000000
v -14.559795 -213.998856 75.000000
v -14.559795 -213.998856 -75.000000
v -14.424847 -213.949753 75.000000
v -14.424847 -213.949753 -75.000000
v -14.292522 -213.893967 75.000000
v -14.292522 -213.893967 -75.000000
v -14.163158 -213.831665 75.000000
v -14.163158 -213.831665 -75.000000

usemtl mat1
f 1 2 3
f 4 3 5
f 4 1 3
f 6 7 2
f 6 2 1
f 8 9 7
f 8 10 9
f 8 7 6
f 11 5 12
f 11 4 5
f 13 10 8
f 14 12 15
f 14 11 12
f 16 15 17
f 16 14 15
f 18 10 13
f 18 19 10
f 20 16 17
f 21 22 19
f 21 19 18
f 23 22 21
f 23 24 22
f 25 20 17
f 25 26 27
f 25 17 26
f 28 29 24
f 28 24 23
f 30 27 31
f 30 25 27
f 32 33 29
f 32 29 28
f 34 31 35
f 34 30 31
f 36 35 37
f 36 34 35
f 38 39 33
f 38 33 32
f 40 41 39
f 40 42 41
f 40 39 38
f 43 36 37
f 44 42 40
f 45 46 47
f 45 37 46
f 45 43 37
f 48 49 42
f 48 42 44
f 50 45 47
f 51 52 53
f 51 47 52
f 51 50 47
f 54 55 49
f 54 49 48
f 56 57 55
f 56 55 54
f 58 51 53
f 59 60 57
f 59 61 60
f 59 57 56
f 62 61 59
f 63 64 61
f 63 61 62
f 65 66 64
f 65 64 63
f 67 68 66
f 67 66 65
f 69 70 68
f 69 68 67
f 71 72 70
f 71 70 69
f 73 74 72
f 73 72 71
f 75 76 74
f 75 74 73
f 77 78 76
f 77 79 78
f 77 76 75
f 80 79 77
f 81 79 80
f 81 82 79
f 83 84 82
f 83 85 84
f 83 82 81
f 86 85 83
f 87 88 85
f 87 89 88
f 87 85 86
f 90 89 87
f 91 92 89
f 91 89 90
f 93 94 92
f 93 95 94
f 93 92 91
f 96 95 93
f 97 98 95
f 97 95 96
f 99 100 98
f 99 101 100
f 99 98 97
f 102 101 99
f 103 104 105
f 103 105 106
f 106 105 58
f 106 58 53
f 107 108 109
f 109 108 110
f 109 110 111
f 111 110 112
f 111 112 113
f 113 112 114
f 113 114 115
f 115 114 116
f 115 116 117
f 117 116 118
f 117 118 119
f 117 119 120
f 120 119 121
f 121 119 122
f 121 122 123
f 123 122 124
f 123 124 125
f 125 124 126
f 125 126 127
f 125 127 128
f 128 127 129
f 128 129 130
f 130 129 131
f 131 129 132
f 131 132 101
f 131 101 102
f 133 103 106
f 133 134 103
f 135 106 53
f 135 53 52
f 135 133 106
f 136 135 52
f 137 52 47
f 137 136 52
f 138 47 46
f 138 137 47
f 139 46 37
f 139 138 46
f 140 37 35
f 140 139 37
f 141 35 31
f 141 31 27
f 141 140 35
f 142 141 27
f 143 27 26
f 143 26 17
f 143 142 27
f 144 17 15
f 144 143 17
f 145 144 15
f 146 15 12
f 146 12 5
f 146 145 15
f 147 5 3
f 147 146 5
f 148 147 3
f 149 3 2
f 149 148 3
f 150 2 7
f 150 149 2
f 151 7 9
f 151 9 10
f 151 150 7
f 152 151 10
f 153 10 19
f 153 152 10
f 154 19 22
f 154 153 19
f 155 22 24
f 155 24 29
f 155 154 22
f 156 155 29
f 157 156 29
f 157 29 33
f 158 33 39
f 158 157 33
f 159 39 41
f 159 158 39
f 160 41 42
f 160 159 41
f 161 42 49
f 161 49 55
f 161 160 42
f 162 161 55
f 163 55 57
f 163 162 55
f 164 57 60
f 164 163 57
f 165 60 61
f 165 164 60
f 166 167 168
f 166 169 167
f 170 171 172
f 170 173 171
f 174 172 175
f 174 175 176
f 174 170 172
f 177 174 176
f 178 176 179
f 178 177 176
f 180 179 181
f 180 178 179
f 182 181 183
f 182 180 181
f 184 183 185
f 184 182 183
f 186 185 187
f 186 187 188
f 186 184 185
f 189 186 188
f 190 188 191
f 190 191 192
f 190 189 188
f 193 192 194
f 193 190 192
f 195 193 194
f 196 194 197
f 196 197 198
f 196 195 194
f 199 198 200
f 199 196 198
f 201 199 200
f 202 200 203
f 202 201 200
f 204 203 205
f 204 202 203
f 206 205 207
f 206 207 208
f 206 204 205
f 209 206 208
f 210 208 211
f 210 209 208
f 212 211 213
f 212 210 211
f 214 213 215
f 214 215 216
f 214 212 213
f 217 214 216
f 218 217 216
f 218 216 219
f 220 219 221
f 220 218 219
f 222 221 223
f 222 220 221
f 224 223 225
f 224 222 223
f 226 225 227
f 226 227 228
f 226 224 225
f 229 226 228
f 230 228 231
f 230 229 228
f 232 231 233
f 232 230 231
f 169 233 167
f 169 232 233
f 234 64 66
f 234 235 64
f 236 66 68
f 236 68 70
f 236 234 66
f 237 236 70
f 238 70 72
f 238 237 70
f 239 72 74
f 239 238 72
f 240 74 76
f 240 239 74
f 241 76 78
f 241 240 76
f 242 78 79
f 242 79 82
f 242 241 78
f 243 242 82
f 244 82 84
f 244 84 85
f 244 243 82
f 245 85 88
f 245 244 85
f 246 245 88
f 247 88 89
f 247 89 92
f 247 246 88
f 248 92 94
f 248 247 92
f 249 248 94
f 250 94 95
f 250 249 94
f 251 95 98
f 251 250 95
f 252 98 100
f 252 100 101
f 252 251 98
f 253 252 101
f 254 101 132
f 254 253 101
f 255 132 129
f 255 254 132
f 256 129 127
f 256 127 126
f 256 255 129
f 257 256 126
f 258 257 126
f 258 126 124
f 259 124 122
f 259 258 124
f 260 122 119
f 260 259 122
f 261 119 118
f 261 260 119
f 262 118 116
f 262 116 114
f 262 261 118
f 263 262 114
f 264 114 112
f 264 263 114
f 265 112 110
f 265 264 112
f 266 110 108
f 266 265 110
f 235 61 64
f 235 165 61
f 267 168 268
f 267 166 168
f 269 268 270
f 269 270 271
f 269 267 268
f 272 269 271
f 273 271 274
f 273 272 271
f 275 274 276
f 275 273 274
f 277 276 278
f 277 275 276
f 279 278 280
f 279 277 278
f 281 280 282
f 281 282 283
f 281 279 280
f 284 281 283
f 285 283 286
f 285 286 287
f 285 284 283
f 288 287 289
f 288 285 287
f 290 288 289
f 291 289 292
f 291 292 293
f 291 290 289
f 294 293 295
f 294 291 293
f 296 294 295
f 297 295 298
f 297 296 295
f 299 298 300
f 299 297 298
f 301 300 302
f 301 302 303
f 301 299 300
f 304 301 303
f 305 303 306
f 305 304 303
f 307 306 308
f 307 305 306
f 309 308 310
f 309 310 311
f 309 307 308
f 312 309 311
f 313 312 311
f 313 311 314
f 315 314 316
f 315 313 314
f 317 316 318
f 317 315 316
f 319 318 320
f 319 317 318
f 321 320 322
f 321 322 323
f 321 319 320
f 324 321 323
f 325 323 326
f 325 324 323
f 327 326 328
f 327 325 326
f 329 328 330
f 329 327 328
f 294 296 297
f 290 291 294
f 290 297 299
f 290 294 297
f 305 299 301
f 305 301 304
f 309 305 307
f 284 285 288
f 284 288 290
f 312 305 309
f 279 281 284
f 315 312 313
f 277 279 284
f 275 299 305
f 275 290 299
f 275 284 290
f 275 277 284
f 324 315 317
f 324 317 319
f 324 319 321
f 269 272 273
f 267 273 275
f 267 269 273
f 327 324 325
f 327 312 315
f 327 315 324
f 166 327 329
f 166 305 312
f 166 275 305
f 166 312 327
f 166 267 275
f 134 166 329
f 230 232 169
f 229 230 169
f 224 226 229
f 138 135 136
f 138 136 137
f 222 229 169
f 222 224 229
f 139 135 138
f 139 134 133
f 139 133 135
f 140 134 139
f 218 220 222
f 141 134 140
f 217 218 222
f 214 222 169
f 214 217 222
f 143 141 142
f 144 134 141
f 144 141 143
f 210 212 214
f 146 144 145
f 146 134 144
f 206 209 210
f 206 214 169
f 206 210 214
f 147 134 146
f 204 206 169
f 201 202 204
f 151 147 148
f 151 148 149
f 151 149 150
f 151 134 147
f 196 199 201
f 195 201 204
f 195 196 201
f 193 204 169
f 193 195 204
f 154 151 152
f 154 152 153
f 155 151 154
f 189 190 193
f 189 193 169
f 156 151 155
f 157 151 156
f 158 151 157
f 182 184 186
f 182 186 189
f 160 158 159
f 180 182 189
f 180 189 169
f 161 158 160
f 163 161 162
f 164 151 158
f 164 158 161
f 164 161 163
f 164 134 151
f 165 134 164
f 173 170 174
f 173 174 177
f 173 177 178
f 173 178 180
f 173 180 169
f 235 134 165
f 266 166 134
f 266 173 169
f 266 169 166
f 266 134 235
f 264 265 266
f 236 266 235
f 236 235 234
f 238 266 236
f 238 264 266
f 238 236 237
f 238 263 264
f 260 263 238
f 260 238 239
f 260 261 262
f 260 262 263
f 241 239 240
f 258 259 260
f 257 258 260
f 243 260 239
f 243 239 241
f 243 257 260
f 243 241 242
f 256 257 243
f 256 243 244
f 255 256 244
f 255 244 245
f 247 245 246
f 247 255 245
f 251 252 253
f 251 253 254
f 251 254 255
f 250 247 248
f 250 248 249
f 250 255 247
f 250 251 255
f 331 107 109
f 331 332 107
f 333 109 111
f 333 111 113
f 333 331 109
f 334 333 113
f 335 113 115
f 335 334 113
f 336 115 117
f 336 335 115
f 337 117 120
f 337 336 117
f 338 120 121
f 338 337 120
f 339 121 123
f 339 123 125
f 339 338 121
f 340 339 125
f 341 125 128
f 341 128 130
f 341 340 125
f 342 130 131
f 342 341 130
f 343 342 131
f 344 131 102
f 344 102 99
f 344 343 131
f 345 99 97
f 345 344 99
f 346 345 97
f 347 97 96
f 347 346 97
f 348 96 93
f 348 347 96
f 349 93 91
f 349 91 90
f 349 348 93
f 350 349 90
f 351 90 87
f 351 350 90
f 352 87 86
f 352 351 87
f 353 86 83
f 353 83 81
f 353 352 86
f 354 353 81
f 355 354 81
f 355 81 80
f 356 80 77
f 356 355 80
f 357 77 75
f 357 356 77
f 358 75 73
f 358 357 75
f 359 73 71
f 359 71 69
f 359 358 73
f 360 359 69
f 361 69 67
f 361 360 69
f 362 67 65
f 362 361 67
f 363 65 63
f 363 362 65
f 364 63 62
f 364 363 63
f 365 62 59
f 365 364 62
f 366 59 56
f 366 56 54
f 366 365 59
f 367 366 54
f 368 54 48
f 368 367 54
f 369 48 44
f 369 368 48
f 370 44 40
f 370 369 44
f 371 40 38
f 371 370 40
f 372 38 32
f 372 32 28
f 372 371 38
f 373 372 28
f 374 28 23
f 374 23 21
f 374 373 28
f 375 21 18
f 375 374 21
f 376 375 18
f 377 18 13
f 377 13 8
f 377 376 18
f 378 8 6
f 378 377 8
f 379 378 6
f 380 6 1
f 380 379 6
f 381 1 4
f 381 380 1
f 382 4 11
f 382 11 14
f 382 381 4
f 383 382 14
f 384 14 16
f 384 383 14
f 385 16 20
f 385 384 16
f 386 20 25
f 386 25 30
f 386 385 20
f 387 386 30
f 388 387 30
f 388 30 34
f 389 34 36
f 389 388 34
f 390 36 43
f 390 389 36
f 391 43 45
f 391 390 43
f 392 45 50
f 392 50 51
f 392 391 45
f 393 392 51
f 394 51 58
f 394 393 51
f 395 58 105
f 395 394 58
f 396 105 104
f 396 395 105
f 108 397 171
f 108 107 397
f 398 397 107
f 332 398 107
f 173 266 108
f 173 108 171
f 399 400 401
f 399 402 400
f 403 401 404
f 403 404 405
f 403 399 401
f 406 403 405
f 407 405 408
f 407 406 405
f 409 408 410
f 409 407 408
f 411 410 412
f 411 409 410
f 413 412 414
f 413 411 412
f 415 414 416
f 415 416 417
f 415 413 414
f 418 415 417
f 419 417 420
f 419 420 421
f 419 418 417
f 422 421 423
f 422 419 421
f 424 422 423
f 425 423 426
f 425 426 427
f 425 424 423
f 428 427 429
f 428 425 427
f 430 428 429
f 431 429 432
f 431 430 429
f 433 432 434
f 433 431 432
f 435 434 436
f 435 436 437
f 435 433 434
f 438 435 437
f 439 437 440
f 439 438 437
f 441 440 442
f 441 439 440
f 443 442 444
f 443 444 445
f 443 441 442
f 446 443 445
f 447 446 445
f 447 445 448
f 449 448 450
f 449 447 448
f 451 450 452
f 451 449 450
f 453 452 454
f 453 451 452
f 455 454 456
f 455 456 457
f 455 453 454
f 458 455 457
f 459 457 460
f 459 458 457
f 461 460 462
f 461 459 460
f 398 462 397
f 398 461 462
f 402 463 400
f 402 464 463
f 465 466 467
f 465 468 466
f 469 467 470
f 469 470 471
f 469 465 467
f 472 469 471
f 473 471 474
f 473 472 471
f 475 474 476
f 475 473 474
f 477 476 478
f 477 475 476
f 479 478 480
f 479 477 478
f 481 480 482
f 481 482 483
f 481 479 480
f 484 481 483
f 485 483 486
f 485 486 487
f 485 484 483
f 488 487 489
f 488 485 487
f 490 488 489
f 491 489 492
f 491 492 493
f 491 490 489
f 494 493 495
f 494 491 493
f 496 494 495
f 497 495 498
f 497 496 495
f 499 498 500
f 499 497 498
f 501 500 502
f 501 502 503
f 501 499 500
f 504 501 503
f 505 503 506
f 505 504 503
f 507 506 508
f 507 505 506
f 509 508 510
f 509 510 511
f 509 507 508
f 512 509 511
f 513 512 511
f 513 511 514
f 515 514 516
f 515 513 514
f 517 516 518
f 517 515 516
f 519 518 520
f 519 517 518
f 521 520 522
f 521 522 523
f 521 519 520
f 524 521 523
f 525 523 526
f 525 524 523
f 527 526 528
f 527 525 526
f 464 528 463
f 464 527 528
f 103 330 466
f 104 103 466
f 329 330 103
f 134 329 103
f 468 396 104
f 468 104 466
f 370 371 372
f 366 367 368
f 396 364 365
f 396 365 366
f 396 368 369
f 396 369 370
f 396 372 373
f 396 373 374
f 396 374 375
f 396 375 376
f 396 376 377
f 396 377 378
f 396 378 379
f 396 379 380
f 396 380 381
f 396 381 382
f 396 382 383
f 396 383 384
f 396 384 385
f 396 385 386
f 396 386 387
f 396 387 388
f 396 388 389
f 396 389 390
f 396 390 391
f 396 370 372
f 396 391 392
f 396 392 393
f 396 393 394
f 396 394 395
f 396 366 368
f 363 364 396
f 361 362 363
f 469 468 465
f 360 361 363
f 473 469 472
f 358 359 360
f 475 469 473
f 357 360 363
f 357 358 360
f 477 469 475
f 479 468 469
f 479 469 477
f 355 356 357
f 353 357 363
f 353 354 355
f 353 355 357
f 352 353 363
f 490 479 481
f 490 481 484
f 490 484 485
f 490 485 488
f 350 351 352
f 350 352 363
f 491 468 479
f 491 479 490
f 494 468 491
f 348 349 350
f 496 468 494
f 347 350 363
f 347 348 350
f 346 347 363
f 499 496 497
f 501 496 499
f 505 501 504
f 343 344 345
f 342 343 345
f 509 505 507
f 512 505 509
f 513 501 505
f 513 505 512
f 339 340 341
f 338 341 342
f 338 345 346
f 338 342 345
f 338 339 341
f 517 496 501
f 517 501 513
f 517 513 515
f 336 338 346
f 336 337 338
f 521 517 519
f 521 496 517
f 525 496 521
f 525 468 496
f 525 521 524
f 333 334 335
f 333 335 336
f 332 331 333
f 332 336 346
f 332 333 336
f 332 346 363
f 464 468 525
f 464 525 527
f 402 363 396
f 402 332 363
f 402 468 464
f 402 396 468
f 398 332 402
f 461 398 402
f 455 458 459
f 455 459 461
f 415 411 413
f 418 403 406
f 418 406 407
f 418 407 409
f 418 409 411
f 418 411 415
f 446 447 449
f 443 449 451
f 443 451 453
f 443 453 455
f 443 455 461
f 443 446 449
f 422 399 403
f 422 418 419
f 422 403 418
f 441 443 461
f 425 422 424
f 438 439 441
f 431 425 428
f 431 428 430
f 431 433 435
f 431 435 438
f 431 461 402
f 431 399 422
f 431 422 425
f 431 441 461
f 431 438 441
f 431 402 399
f 295 293 298
f 298 293 300
f 300 293 302
f 302 306 303
f 292 289 293
f 289 287 293
f 302 310 306
f 306 310 308
f 286 283 287
f 293 311 302
f 302 311 310
f 283 282 287
f 280 278 282
f 311 318 314
f 314 318 316
f 320 323 322
f 271 270 274
f 274 270 276
f 276 270 278
f 282 270 287
f 278 270 282
f 293 328 311
f 287 328 293
f 318 328 320
f 323 328 326
f 311 328 318
f 270 328 287
f 320 328 323
f 268 168 270
f 328 168 330
f 270 168 328
f 233 231 167
f 231 227 167
f 228 227 231
f 227 225 167
f 225 223 167
f 221 219 223
f 223 215 167
f 219 215 223
f 216 215 219
f 213 211 215
f 208 207 211
f 215 207 167
f 211 207 215
f 203 200 205
f 205 200 207
f 207 200 167
f 198 197 200
f 194 192 197
f 197 192 200
f 200 191 167
f 192 191 200
f 185 183 187
f 187 183 188
f 188 183 191
f 179 176 181
f 181 176 183
f 176 175 183
f 168 171 330
f 172 171 175
f 167 171 168
f 191 171 167
f 183 171 191
f 175 171 183
f 171 466 330
f 466 470 467
f 470 474 471
f 474 478 476
f 470 478 474
f 466 480 470
f 470 480 478
f 466 482 480
f 482 487 483
f 483 487 486
f 487 492 489
f 466 492 482
f 482 492 487
f 492 495 493
f 495 500 498
f 466 500 492
f 492 500 495
f 500 503 502
f 466 503 500
f 466 506 503
f 508 511 510
f 466 514 506
f 508 514 511
f 506 514 508
f 466 516 514
f 516 522 518
f 518 522 520
f 516 526 522
f 522 526 523
f 466 528 516
f 516 528 526
f 466 463 528
f 466 400 463
f 466 397 400
f 171 397 466
f 462 404 397
f 397 404 400
f 400 404 401
f 460 457 462
f 404 408 405
f 454 452 456
f 456 452 457
f 408 414 410
f 410 414 412
f 457 414 462
f 462 414 404
f 404 414 408
f 452 450 457
f 448 445 450
f 414 420 416
f 416 420 417
f 445 444 450
f 444 442 450
f 420 426 421
f 421 426 423
f 414 426 420
f 440 437 442
f 442 437 450
f 437 436 450
f 426 434 427
f 457 434 414
f 450 434 457
f 414 434 426
f 436 434 450
f 427 432 429
f 434 432 427
f 529 530 531
f 529 532 530
f 533 531 534
f 533 529 531
f 535 536 532
f 535 532 529
f 537 534 538
f 537 533 534
f 539 540 536
f 539 541 540
f 539 536 535
f 542 543 544
f 542 538 543
f 542 537 538
f 545 546 541
f 545 541 539
f 547 542 544
f 547 544 548
f 549 546 545
f 549 550 546
f 549 551 550
f 552 548 553
f 552 547 548
f 554 551 549
f 554 555 551
f 556 553 557
f 556 552 553
f 558 555 554
f 558 559 555
f 558 560 559
f 561 562 563
f 561 557 562
f 561 556 557
f 564 560 558
f 564 565 560
f 566 563 567
f 566 561 563
f 568 569 565
f 568 570 569
f 568 565 564
f 571 567 572
f 571 566 567
f 573 570 568
f 574 572 575
f 574 571 572
f 576 570 573
f 577 574 575
f 577 575 578
f 579 570 576
f 580 577 578
f 580 578 581
f 582 570 579
f 583 580 581
f 583 581 584
f 585 570 582
f 586 570 585
f 587 570 586
f 588 570 587
f 588 589 570
f 590 589 588
f 591 589 590
f 592 589 591
f 593 589 592
f 594 589 593
f 595 589 594
f 596 589 595
f 597 598 589
f 597 599 598
f 597 589 596
f 600 601 599
f 600 599 597
f 602 603 601
f 602 604 603
f 602 601 600
f 605 606 604
f 605 604 602
f 607 608 606
f 607 609 608
f 607 606 605
f 610 611 609
f 610 609 607
f 612 613 611
f 612 614 613
f 612 611 610
f 615 616 614
f 615 614 612
f 617 618 616
f 617 619 618
f 617 616 615
f 620 621 619
f 620 619 617
f 622 623 621
f 622 621 620
f 624 625 623
f 624 626 625
f 624 623 622
f 627 626 624
f 628 629 630
f 628 630 631
f 631 630 632
f 631 632 633
f 631 633 634
f 631 634 635
f 635 634 636
f 635 636 637
f 635 637 638
f 638 637 639
f 638 639 640
f 638 640 641
f 641 640 642
f 641 642 643
f 641 643 644
f 641 644 645
f 645 644 646
f 645 646 647
f 645 647 648
f 648 647 626
f 648 626 649
f 649 626 650
f 650 626 651
f 651 626 652
f 652 626 653
f 653 626 627
f 654 655 656
f 656 655 657
f 656 657 658
f 658 657 584
f 584 657 659
f 584 659 583
f 660 588 587
f 661 587 586
f 661 660 587
f 662 586 585
f 662 661 586
f 663 585 582
f 663 662 585
f 664 582 579
f 664 663 582
f 665 579 576
f 665 664 579
f 666 576 573
f 666 665 576
f 667 573 568
f 667 666 573
f 668 568 564
f 668 667 568
f 669 564 558
f 669 668 564
f 670 558 554
f 670 669 558
f 671 670 554
f 671 554 549
f 672 671 549
f 672 549 545
f 673 672 545
f 673 545 539
f 674 673 539
f 674 539 535
f 675 674 535
f 675 535 529
f 676 675 529
f 676 529 533
f 677 676 533
f 677 533 537
f 678 677 537
f 678 537 542
f 679 678 542
f 679 542 547
f 680 679 547
f 680 547 552
f 681 680 552
f 681 552 556
f 682 681 556
f 682 556 561
f 683 682 561
f 683 561 566
f 684 566 571
f 684 683 566
f 685 571 574
f 685 684 571
f 686 574 577
f 686 685 574
f 687 577 580
f 687 686 577
f 688 580 583
f 688 687 580
f 689 583 659
f 689 688 583
f 690 659 657
f 690 689 659
f 655 691 692
f 693 657 655
f 693 690 657
f 694 693 655
f 695 692 696
f 695 655 692
f 695 694 655
f 697 696 698
f 697 695 696
f 699 697 698
f 699 698 700
f 701 699 700
f 701 700 702
f 703 701 702
f 703 702 704
f 705 703 704
f 705 704 706
f 707 705 706
f 707 706 708
f 709 707 708
f 709 708 710
f 711 709 710
f 711 710 712
f 713 711 712
f 713 712 714
f 715 713 714
f 715 714 716
f 717 715 716
f 717 716 718
f 719 717 718
f 719 718 720
f 721 719 720
f 721 720 722
f 723 721 722
f 723 722 724
f 725 723 724
f 725 724 726
f 727 725 726
f 727 726 728
f 729 727 728
f 729 728 730
f 731 729 730
f 731 730 732
f 733 731 732
f 733 732 734
f 735 733 734
f 735 734 736
f 737 735 736
f 737 736 738
f 739 738 740
f 739 737 738
f 741 740 742
f 741 739 740
f 743 742 744
f 743 741 742
f 745 744 746
f 745 743 744
f 747 746 748
f 747 745 746
f 749 748 750
f 749 747 748
f 751 749 750
f 751 750 752
f 753 751 752
f 753 752 754
f 755 753 754
f 755 754 756
f 757 755 756
f 757 756 758
f 759 757 758
f 759 758 760
f 761 759 760
f 761 760 762
f 763 761 762
f 763 762 764
f 765 763 764
f 765 764 766
f 767 765 766
f 767 766 768
f 769 767 768
f 769 768 770
f 771 769 770
f 771 770 772
f 773 771 772
f 773 772 774
f 775 774 776
f 775 773 774
f 777 776 778
f 777 775 776
f 779 778 780
f 779 777 778
f 781 780 782
f 781 779 780
f 783 782 784
f 783 781 782
f 785 784 786
f 785 783 784
f 787 786 788
f 787 785 786
f 789 788 790
f 789 787 788
f 791 790 792
f 791 789 790
f 793 792 794
f 793 791 792
f 795 794 796
f 795 793 794
f 797 796 798
f 797 795 796
f 799 798 800
f 799 797 798
f 801 799 800
f 801 800 802
f 803 801 802
f 803 802 804
f 805 803 804
f 805 804 806
f 807 806 808
f 807 805 806
f 809 807 808
f 809 808 810
f 811 810 812
f 811 809 810
f 813 812 814
f 813 811 812
f 815 814 816
f 815 813 814
f 628 816 817
f 628 815 816
f 818 815 628
f 819 628 631
f 819 818 628
f 820 631 635
f 820 819 631
f 821 635 638
f 821 820 635
f 822 638 641
f 822 821 638
f 823 641 645
f 823 822 641
f 824 645 648
f 824 823 645
f 825 648 649
f 825 824 648
f 826 649 650
f 826 825 649
f 827 650 651
f 827 826 650
f 828 651 652
f 828 827 651
f 829 652 653
f 829 828 652
f 830 653 627
f 830 829 653
f 831 627 624
f 831 830 627
f 832 624 622
f 832 831 624
f 833 622 620
f 833 832 622
f 834 620 617
f 834 833 620
f 835 834 617
f 835 617 615
f 836 835 615
f 836 615 612
f 837 836 612
f 837 612 610
f 838 837 610
f 838 610 607
f 839 838 607
f 839 607 605
f 840 839 605
f 840 605 602
f 841 840 602
f 841 602 600
f 842 841 600
f 842 600 597
f 843 842 597
f 843 597 596
f 844 843 596
f 844 596 595
f 845 844 595
f 845 595 594
f 846 845 594
f 846 594 593
f 847 593 592
f 847 846 593
f 848 592 591
f 848 847 592
f 849 591 590
f 849 848 591
f 660 590 588
f 660 849 590
f 674 675 676
f 678 676 677
f 672 673 674
f 680 678 679
f 680 676 678
f 670 671 672
f 683 680 681
f 683 681 682
f 683 676 680
f 668 669 670
f 668 670 672
f 684 674 676
f 684 676 683
f 667 668 672
f 666 672 674
f 666 667 672
f 665 684 685
f 665 674 684
f 665 666 674
f 687 685 686
f 663 664 665
f 689 687 688
f 693 689 690
f 660 661 662
f 660 662 663
f 660 663 665
f 660 685 687
f 660 665 685
f 694 689 693
f 848 849 660
f 697 694 695
f 697 689 694
f 847 687 689
f 847 660 687
f 847 848 660
f 845 846 847
f 845 847 689
f 707 689 697
f 707 697 699
f 707 699 701
f 707 701 703
f 707 703 705
f 842 843 844
f 842 844 845
f 841 842 845
f 713 709 711
f 839 840 841
f 839 841 845
f 715 709 713
f 715 707 709
f 837 838 839
f 837 839 845
f 723 707 715
f 723 715 717
f 723 717 719
f 723 719 721
f 833 834 835
f 833 835 836
f 833 836 837
f 833 837 845
f 833 845 689
f 727 723 725
f 832 689 707
f 832 707 723
f 832 833 689
f 832 723 727
f 829 830 831
f 735 731 733
f 828 829 831
f 737 831 832
f 737 727 729
f 737 729 731
f 737 832 727
f 737 731 735
f 826 827 828
f 826 828 831
f 745 737 739
f 745 739 741
f 745 741 743
f 747 737 745
f 822 823 824
f 821 824 825
f 821 825 826
f 821 822 824
f 821 826 831
f 753 749 751
f 755 749 753
f 755 747 749
f 818 821 831
f 818 819 820
f 818 820 821
f 761 747 755
f 761 755 757
f 761 757 759
f 809 811 813
f 809 813 815
f 765 761 763
f 769 761 765
f 769 765 767
f 773 761 769
f 773 769 771
f 799 809 815
f 799 801 803
f 799 803 805
f 799 805 807
f 799 807 809
f 777 773 775
f 795 797 799
f 781 737 747
f 781 818 831
f 781 747 761
f 781 799 815
f 781 795 799
f 781 761 773
f 781 773 777
f 781 831 737
f 781 777 779
f 781 815 818
f 789 791 793
f 789 793 795
f 785 781 783
f 787 795 781
f 787 789 795
f 787 781 785
f 850 654 656
f 850 851 654
f 852 656 658
f 852 658 584
f 852 850 656
f 853 852 584
f 854 584 581
f 854 853 584
f 855 581 578
f 855 854 581
f 856 578 575
f 856 855 578
f 857 575 572
f 857 856 575
f 858 572 567
f 858 567 563
f 858 857 572
f 859 858 563
f 860 563 562
f 860 562 557
f 860 859 563
f 861 557 553
f 861 860 557
f 862 861 553
f 863 553 548
f 863 548 544
f 863 862 553
f 864 544 543
f 864 863 544
f 865 864 543
f 866 543 538
f 866 865 543
f 867 538 534
f 867 866 538
f 868 534 531
f 868 531 530
f 868 867 534
f 869 868 530
f 870 530 532
f 870 869 530
f 871 532 536
f 871 870 532
f 872 536 540
f 872 540 541
f 872 871 536
f 873 872 541
f 874 873 541
f 874 541 546
f 875 546 550
f 875 874 546
f 876 550 551
f 876 875 550
f 877 551 555
f 877 876 551
f 878 555 559
f 878 559 560
f 878 877 555
f 879 878 560
f 880 560 565
f 880 879 560
f 881 565 569
f 881 880 565
f 882 569 570
f 882 881 569
f 882 570 589
f 883 882 589
f 884 589 598
f 884 883 589
f 885 598 599
f 885 599 601
f 885 884 598
f 886 885 601
f 887 601 603
f 887 886 601
f 888 603 604
f 888 887 603
f 889 604 606
f 889 888 604
f 890 606 608
f 890 889 606
f 891 608 609
f 891 609 611
f 891 890 608
f 892 891 611
f 893 611 613
f 893 613 614
f 893 892 611
f 894 614 616
f 894 893 614
f 895 894 616
f 896 616 618
f 896 618 619
f 896 895 616
f 897 619 621
f 897 896 619
f 898 897 621
f 899 621 623
f 899 898 621
f 900 623 625
f 900 899 623
f 901 625 626
f 901 626 647
f 901 900 625
f 902 901 647
f 903 647 646
f 903 902 647
f 904 646 644
f 904 903 646
f 905 644 643
f 905 643 642
f 905 904 644
f 906 905 642
f 907 906 642
f 907 642 640
f 908 640 639
f 908 907 640
f 909 639 637
f 909 908 639
f 910 637 636
f 910 909 637
f 911 636 634
f 911 634 633
f 911 910 636
f 912 911 633
f 913 633 632
f 913 912 633
f 914 632 630
f 914 913 632
f 915 630 629
f 915 914 630
f 916 917 918
f 916 919 917
f 920 921 922
f 920 923 921
f 924 922 925
f 924 925 926
f 924 920 922
f 927 924 926
f 928 926 929
f 928 927 926
f 930 929 931
f 930 928 929
f 932 931 933
f 932 930 931
f 934 933 935
f 934 932 933
f 936 935 937
f 936 937 938
f 936 934 935
f 939 936 938
f 940 938 941
f 940 941 942
f 940 939 938
f 943 942 944
f 943 940 942
f 945 943 944
f 946 944 947
f 946 947 948
f 946 945 944
f 949 948 950
f 949 946 948
f 951 949 950
f 952 950 953
f 952 951 950
f 954 953 955
f 954 952 953
f 956 955 957
f 956 957 958
f 956 954 955
f 959 956 958
f 960 958 961
f 960 959 958
f 962 961 963
f 962 960 961
f 964 963 965
f 964 965 966
f 964 962 963
f 967 964 966
f 968 967 966
f 968 966 969
f 970 969 971
f 970 968 969
f 972 971 973
f 972 970 971
f 974 973 975
f 974 972 973
f 976 975 977
f 976 977 978
f 976 974 975
f 979 976 978
f 980 978 981
f 980 979 978
f 982 981 983
f 982 980 981
f 919 983 917
f 919 982 983
f 629 817 921
f 629 628 817
f 923 915 629
f 921 923 629
f 654 984 691
f 655 654 691
f 851 985 654
f 985 984 654
f 986 918 987
f 986 916 918
f 988 987 989
f 988 989 990
f 988 986 987
f 991 988 990
f 992 990 993
f 992 991 990
f 994 993 995
f 994 992 993
f 996 995 997
f 996 994 995
f 998 997 999
f 998 996 997
f 1000 999 1001
f 1000 1001 1002
f 1000 998 999
f 1003 1000 1002
f 1004 1002 1005
f 1004 1005 1006
f 1004 1003 1002
f 1007 1006 1008
f 1007 1004 1006
f 1009 1007 1008
f 1010 1008 1011
f 1010 1011 1012
f 1010 1009 1008
f 1013 1012 1014
f 1013 1010 1012
f 1015 1013 1014
f 1016 1014 1017
f 1016 1015 1014
f 1018 1017 1019
f 1018 1016 1017
f 1020 1019 1021
f 1020 1021 1022
f 1020 1018 1019
f 1023 1020 1022
f 1024 1022 1025
f 1024 1023 1022
f 1026 1025 1027
f 1026 1024 1025
f 1028 1027 1029
f 1028 1029 1030
f 1028 1026 1027
f 1031 1028 1030
f 1032 1031 1030
f 1032 1030 1033
f 1034 1033 1035
f 1034 1032 1033
f 1036 1035 1037
f 1036 1034 1035
f 1038 1037 1039
f 1038 1036 1037
f 1040 1039 1041
f 1040 1041 1042
f 1040 1038 1039
f 1043 1040 1042
f 1044 1042 1045
f 1044 1043 1042
f 1046 1045 1047
f 1046 1044 1045
f 985 1047 984
f 985 1046 1047
f 1020 1015 1016
f 1020 1016 1018
f 1024 1020 1023
f 1003 1004 1007
f 1034 1028 1031
f 1034 1031 1032
f 985 1024 1026
f 985 1026 1028
f 985 1034 1036
f 985 1036 1038
f 985 1038 1040
f 985 1040 1043
f 985 1043 1044
f 985 1044 1046
f 985 1028 1034
f 916 986 988
f 916 988 991
f 916 991 992
f 916 992 994
f 916 994 996
f 916 996 998
f 916 998 1000
f 916 1000 1003
f 916 1007 1009
f 916 1009 1010
f 916 1010 1013
f 916 1013 1015
f 916 1015 1020
f 916 1003 1007
f 916 1020 1024
f 916 1024 985
f 853 851 850
f 853 850 852
f 979 980 982
f 855 853 854
f 974 979 982
f 974 976 979
f 857 851 853
f 857 853 855
f 857 855 856
f 970 972 974
f 858 851 857
f 968 970 974
f 861 858 859
f 861 859 860
f 962 964 967
f 862 851 858
f 862 858 861
f 960 974 982
f 960 967 968
f 960 968 974
f 960 962 967
f 959 960 982
f 864 851 862
f 864 862 863
f 954 956 959
f 866 864 865
f 952 959 982
f 952 954 959
f 867 864 866
f 946 949 951
f 946 951 952
f 869 867 868
f 869 864 867
f 945 952 982
f 945 946 952
f 870 851 864
f 870 864 869
f 943 945 982
f 871 851 870
f 940 943 982
f 873 871 872
f 936 939 940
f 936 940 982
f 875 873 874
f 875 871 873
f 932 934 936
f 928 930 932
f 928 936 982
f 928 932 936
f 878 875 876
f 878 876 877
f 880 878 879
f 881 871 875
f 881 875 878
f 881 878 880
f 923 920 924
f 923 924 927
f 923 927 928
f 923 928 982
f 923 982 919
f 923 919 916
f 882 871 881
f 882 851 871
f 883 851 882
f 883 923 916
f 883 985 851
f 883 916 985
f 915 923 883
f 886 884 885
f 887 884 886
f 911 912 913
f 910 915 883
f 910 911 913
f 910 913 914
f 910 914 915
f 889 884 887
f 889 887 888
f 908 910 883
f 908 883 884
f 908 909 910
f 892 890 891
f 906 907 908
f 893 884 889
f 893 890 892
f 893 889 890
f 905 906 908
f 895 884 893
f 895 893 894
f 903 904 905
f 901 903 905
f 901 902 903
f 897 884 895
f 897 895 896
f 900 901 905
f 899 908 884
f 899 905 908
f 899 897 898
f 899 884 897
f 899 900 905
f 1017 1021 1019
f 1014 1012 1017
f 1017 1012 1021
f 1021 1025 1022
f 1008 1006 1011
f 1011 1006 1012
f 1021 1027 1025
f 1012 1027 1021
f 1029 1033 1030
f 1002 1001 1005
f 1005 1001 1006
f 1027 1035 1029
f 1029 1035 1033
f 999 997 1001
f 1001 997 1006
f 1006 995 1012
f 997 995 1006
f 1035 1041 1037
f 1037 1041 1039
f 990 989 993
f 993 989 995
f 1041 1045 1042
f 1027 1045 1035
f 1035 1045 1041
f 1045 984 1047
f 1012 984 1027
f 1027 984 1045
f 995 984 1012
f 989 918 995
f 995 918 984
f 987 918 989
f 918 917 984
f 981 978 983
f 971 969 973
f 973 969 975
f 975 969 977
f 977 969 978
f 978 966 983
f 969 966 978
f 965 963 966
f 966 961 983
f 963 961 966
f 957 955 958
f 958 955 961
f 955 948 961
f 950 948 953
f 953 948 955
f 947 944 948
f 948 942 961
f 944 942 948
f 938 937 941
f 941 937 942
f 942 935 961
f 937 935 942
f 933 931 935
f 961 929 983
f 935 929 961
f 931 929 935
f 917 921 984
f 922 921 925
f 925 921 926
f 926 921 929
f 929 921 983
f 983 921 917
f 691 696 692
f 696 700 698
f 691 702 696
f 696 702 700
f 691 704 702
f 704 708 706
f 691 710 704
f 704 710 708
f 710 714 712
f 691 714 710
f 714 720 716
f 716 720 718
f 691 720 714
f 691 722 720
f 722 726 724
f 726 730 728
f 730 736 732
f 732 736 734
f 726 736 730
f 726 738 736
f 738 742 740
f 738 746 742
f 742 746 744
f 738 748 746
f 726 752 738
f 738 752 748
f 748 752 750
f 726 754 752
f 984 817 691
f 921 817 984
f 691 817 722
f 816 814 817
f 754 760 756
f 756 760 758
f 814 808 817
f 810 808 812
f 812 808 814
f 762 766 764
f 817 806 722
f 808 806 817
f 760 768 762
f 754 768 760
f 762 768 766
f 726 770 754
f 754 770 768
f 722 770 726
f 804 802 806
f 802 800 806
f 770 776 772
f 772 776 774
f 798 796 800
f 800 796 806
f 796 794 806
f 776 780 778
f 770 780 776
f 806 782 722
f 792 782 794
f 722 782 770
f 794 782 806
f 770 782 780
f 790 788 792
f 782 786 784
f 792 786 782
f 788 786 792
f 1048 1049 1050
f 1051 1048 1050
f 1052 1050 1053
f 1052 1051 1050
f 1054 1053 1055
f 1054 1052 1053
f 1056 1055 1057
f 1056 1054 1055
f 1058 1057 1059
f 1058 1056 1057
f 1060 1059 1061
f 1060 1058 1059
f 1062 1061 1063
f 1062 1060 1061
f 1064 1063 1065
f 1064 1065 1066
f 1064 1062 1063
f 1067 1064 1066
f 1068 1066 1069
f 1068 1067 1066
f 1070 1069 1071
f 1070 1068 1069
f 1072 1071 1073
f 1072 1070 1071
f 1074 1073 1075
f 1074 1075 1076
f 1074 1072 1073
f 1077 1074 1076
f 1078 1076 1079
f 1078 1079 1080
f 1078 1077 1076
f 1081 1078 1080
f 1082 1080 1083
f 1082 1083 1084
f 1082 1081 1080
f 1085 1082 1084
f 1086 1084 1087
f 1086 1085 1084
f 1088 1087 1089
f 1088 1089 1090
f 1088 1086 1087
f 1091 1088 1090
f 1092 1090 1093
f 1092 1091 1090
f 1094 1093 1095
f 1094 1092 1093
f 1096 1094 1095
f 1096 1095 1097
f 1098 1096 1097
f 1098 1097 1099
f 1100 1098 1099
f 1100 1099 1101
f 1102 1100 1101
f 1102 1101 1103
f 1104 1102 1103
f 1104 1103 1105
f 1106 1104 1105
f 1106 1105 1107
f 1108 1106 1107
f 1108 1107 1109
f 1110 1108 1109
f 1110 1109 1111
f 1112 1111 1113
f 1112 1110 1111
f 1114 1113 1115
f 1114 1115 1116
f 1114 1112 1113
f 1117 1114 1116
f 1118 1116 1119
f 1118 1117 1116
f 1120 1119 1121
f 1120 1118 1119
f 1122 1121 1123
f 1122 1120 1121
f 1124 1123 1125
f 1124 1122 1123
f 1126 1125 1127
f 1126 1124 1125
f 1128 1127 1129
f 1128 1129 1130
f 1128 1126 1127
f 1131 1128 1130
f 1132 1130 1133
f 1132 1133 1134
f 1132 1131 1130
f 1135 1132 1134
f 1136 1134 1137
f 1136 1135 1134
f 1138 1137 1139
f 1138 1136 1137
f 1140 1139 1141
f 1140 1138 1139
f 1142 1141 1143
f 1142 1140 1141
f 1144 1143 1145
f 1144 1145 1146
f 1144 1142 1143
f 1147 1144 1146
f 1148 1147 1146
f 1148 1146 1149
f 1150 1148 1149
f 1150 1149 1151
f 1048 1152 1049
f 1048 1153 1152
f 1153 1154 1152
f 1153 1155 1154
f 1156 1157 1158
f 1156 1159 1157
f 1160 1158 1161
f 1160 1156 1158
f 1162 1161 1163
f 1162 1163 1164
f 1162 1160 1161
f 1165 1162 1164
f 1166 1164 1167
f 1166 1165 1164
f 1168 1167 1169
f 1168 1169 1170
f 1168 1166 1167
f 1171 1168 1170
f 1172 1170 1173
f 1172 1171 1170
f 1174 1173 1175
f 1174 1175 1176
f 1174 1172 1173
f 1177 1174 1176
f 1178 1176 1179
f 1178 1177 1176
f 1180 1179 1181
f 1180 1181 1182
f 1180 1178 1179
f 1183 1182 1184
f 1183 1180 1182
f 1185 1183 1184
f 1186 1184 1187
f 1186 1187 1188
f 1186 1185 1184
f 1189 1186 1188
f 1190 1188 1191
f 1190 1189 1188
f 1192 1191 1193
f 1192 1190 1191
f 1194 1193 1195
f 1194 1192 1193
f 1196 1195 1197
f 1196 1197 1198
f 1196 1194 1195
f 1199 1196 1198
f 1200 1198 1201
f 1200 1199 1198
f 1202 1201 1203
f 1202 1200 1201
f 1204 1202 1203
f 1204 1203 1205
f 1206 1204 1205
f 1206 1205 1207
f 1206 1207 1208
f 1209 1206 1208
f 1209 1208 1210
f 1211 1209 1210
f 1212 1211 1210
f 1212 1210 1213
f 1212 1213 1214
f 1215 1212 1214
f 1216 1215 1214
f 1216 1214 1217
f 1218 1216 1217
f 1218 1217 1219
f 1220 1219 1221
f 1220 1218 1219
f 1220 1221 1222
f 1223 1220 1222
f 1224 1222 1225
f 1224 1223 1222
f 1226 1225 1227
f 1226 1224 1225
f 1228 1227 1229
f 1228 1229 1230
f 1228 1226 1227
f 1231 1228 1230
f 1232 1230 1233
f 1232 1231 1230
f 1234 1233 1235
f 1234 1232 1233
f 1236 1235 1237
f 1236 1234 1235
f 1238 1237 1239
f 1238 1236 1237
f 1240 1239 1241
f 1240 1238 1239
f 1242 1241 1243
f 1242 1240 1241
f 1244 1243 1245
f 1244 1242 1243
f 1246 1245 1247
f 1246 1244 1245
f 1248 1247 1249
f 1248 1246 1247
f 1250 1249 1251
f 1250 1248 1249
f 1252 1251 1253
f 1252 1250 1251
f 1254 1252 1253
f 1254 1253 1255
f 1256 1254 1255
f 1256 1255 1257
f 1155 1256 1257
f 1155 1257 1154
f 1258 1259 1157
f 1159 1258 1157
f 1258 1260 1259
f 1258 1261 1260
f 1262 1263 1264
f 1262 1265 1263
f 1266 1264 1267
f 1266 1262 1264
f 1268 1267 1269
f 1268 1266 1267
f 1270 1269 1271
f 1270 1271 1272
f 1270 1268 1269
f 1273 1270 1272
f 1274 1272 1275
f 1274 1273 1272
f 1276 1275 1277
f 1276 1274 1275
f 1278 1277 1279
f 1278 1279 1280
f 1278 1276 1277
f 1281 1278 1280
f 1282 1280 1283
f 1282 1281 1280
f 1284 1283 1285
f 1284 1282 1283
f 1286 1285 1287
f 1286 1284 1285
f 1288 1287 1289
f 1288 1286 1287
f 1290 1289 1291
f 1290 1291 1292
f 1290 1288 1289
f 1293 1290 1292
f 1294 1292 1295
f 1294 1293 1292
f 1296 1295 1297
f 1296 1294 1295
f 1298 1297 1299
f 1298 1296 1297
f 1300 1299 1301
f 1300 1301 1302
f 1300 1298 1299
f 1303 1300 1302
f 1304 1302 1305
f 1304 1303 1302
f 1306 1305 1307
f 1306 1307 1308
f 1306 1304 1305
f 1309 1306 1308
f 1310 1309 1308
f 1310 1308 1311
f 1312 1310 1311
f 1312 1311 1313
f 1314 1312 1313
f 1314 1313 1315
f 1314 1315 1316
f 1317 1314 1316
f 1318 1317 1316
f 1318 1316 1319
f 1318 1319 1320
f 1321 1318 1320
f 1321 1320 1322
f 1323 1321 1322
f 1324 1323 1322
f 1324 1322 1325
f 1326 1325 1327
f 1326 1324 1325
f 1328 1327 1329
f 1328 1329 1330
f 1328 1326 1327
f 1331 1328 1330
f 1332 1330 1333
f 1332 1333 1334
f 1332 1331 1330
f 1335 1332 1334
f 1336 1334 1337
f 1336 1337 1338
f 1336 1335 1334
f 1339 1336 1338
f 1340 1338 1341
f 1340 1339 1338
f 1342 1341 1343
f 1342 1343 1344
f 1342 1340 1341
f 1345 1342 1344
f 1346 1344 1347
f 1346 1345 1344
f 1348 1347 1349
f 1348 1346 1347
f 1350 1349 1351
f 1350 1348 1349
f 1352 1351 1353
f 1352 1350 1351
f 1354 1353 1355
f 1354 1352 1353
f 1356 1355 1357
f 1356 1357 1358
f 1356 1354 1355
f 1359 1356 1358
f 1359 1358 1360
f 1361 1359 1360
f 1362 1361 1360
f 1362 1360 1363
f 1362 1363 1260
f 1261 1362 1260
f 1265 1364 1263
f 1265 1365 1364
f 1365 1366 1364
f 1365 1367 1366
f 1368 1369 1370
f 1368 1371 1369
f 1372 1370 1373
f 1372 1368 1370
f 1374 1373 1375
f 1374 1372 1373
f 1376 1375 1377
f 1376 1377 1378
f 1376 1374 1375
f 1379 1376 1378
f 1380 1378 1381
f 1380 1379 1378
f 1382 1381 1383
f 1382 1380 1381
f 1384 1383 1385
f 1384 1382 1383
f 1386 1385 1387
f 1386 1384 1385
f 1388 1387 1389
f 1388 1386 1387
f 1390 1389 1391
f 1390 1388 1389
f 1392 1391 1393
f 1392 1390 1391
f 1394 1393 1395
f 1394 1392 1393
f 1396 1395 1397
f 1396 1394 1395
f 1398 1397 1399
f 1398 1396 1397
f 1400 1399 1401
f 1400 1398 1399
f 1402 1401 1403
f 1402 1400 1401
f 1404 1403 1405
f 1404 1402 1403
f 1406 1405 1407
f 1406 1404 1405
f 1408 1407 1409
f 1408 1409 1410
f 1408 1406 1407
f 1411 1408 1410
f 1412 1410 1413
f 1412 1411 1410
f 1414 1413 1415
f 1414 1415 1416
f 1414 1412 1413
f 1417 1414 1416
f 1418 1417 1416
f 1418 1416 1419
f 1420 1418 1419
f 1420 1419 1421
f 1420 1421 1422
f 1423 1420 1422
f 1424 1423 1422
f 1424 1422 1425
f 1424 1425 1426
f 1427 1424 1426
f 1427 1426 1428
f 1429 1427 1428
f 1430 1429 1428
f 1430 1428 1431
f 1432 1431 1433
f 1432 1433 1434
f 1432 1430 1431
f 1435 1432 1434
f 1436 1434 1437
f 1436 1437 1438
f 1436 1435 1434
f 1439 1438 1440
f 1439 1436 1438
f 1441 1439 1440
f 1442 1440 1443
f 1442 1441 1440
f 1444 1443 1445
f 1444 1445 1446
f 1444 1442 1443
f 1447 1444 1446
f 1448 1446 1449
f 1448 1447 1446
f 1450 1449 1451
f 1450 1451 1452
f 1450 1448 1449
f 1453 1450 1452
f 1454 1452 1455
f 1454 1453 1452
f 1456 1455 1457
f 1456 1454 1455
f 1458 1457 1459
f 1458 1456 1457
f 1460 1459 1461
f 1460 1458 1459
f 1462 1461 1463
f 1462 1460 1461
f 1464 1463 1465
f 1464 1462 1463
f 1466 1464 1465
f 1466 1465 1467
f 1466 1467 1468
f 1469 1466 1468
f 1367 1469 1468
f 1367 1468 1366
f 1371 1470 1369
f 1371 1471 1470
f 1471 1472 1470
f 1471 1473 1472
f 1474 1475 1476
f 1474 1477 1475
f 1478 1476 1479
f 1478 1479 1480
f 1478 1474 1476
f 1481 1478 1480
f 1482 1480 1483
f 1482 1481 1480
f 1484 1483 1485
f 1484 1482 1483
f 1486 1485 1487
f 1486 1487 1488
f 1486 1484 1485
f 1489 1486 1488
f 1490 1488 1491
f 1490 1491 1492
f 1490 1489 1488
f 1493 1490 1492
f 1494 1492 1495
f 1494 1493 1492
f 1496 1495 1497
f 1496 1497 1498
f 1496 1494 1495
f 1499 1498 1500
f 1499 1496 1498
f 1501 1499 1500
f 1502 1500 1503
f 1502 1501 1500
f 1504 1503 1505
f 1504 1502 1503
f 1506 1505 1507
f 1506 1504 1505
f 1508 1507 1509
f 1508 1506 1507
f 1510 1509 1511
f 1510 1508 1509
f 1512 1511 1513
f 1512 1510 1511
f 1514 1513 1515
f 1514 1512 1513
f 1516 1515 1517
f 1516 1514 1515
f 1518 1517 1519
f 1518 1519 1520
f 1518 1516 1517
f 1521 1518 1520
f 1522 1521 1520
f 1522 1520 1523
f 1524 1522 1523
f 1524 1523 1525
f 1526 1524 1525
f 1526 1525 1527
f 1526 1527 1528
f 1529 1526 1528
f 1530 1529 1528
f 1530 1528 1531
f 1530 1531 1532
f 1533 1530 1532
f 1534 1533 1532
f 1534 1532 1535
f 1536 1534 1535
f 1536 1535 1537
f 1536 1537 1538
f 1539 1536 1538
f 1540 1538 1541
f 1540 1541 1542
f 1540 1539 1538
f 1543 1540 1542
f 1544 1542 1545
f 1544 1543 1542
f 1546 1545 1547
f 1546 1544 1545
f 1548 1547 1549
f 1548 1549 1550
f 1548 1546 1547
f 1551 1548 1550
f 1552 1550 1553
f 1552 1551 1550
f 1554 1553 1555
f 1554 1552 1553
f 1556 1555 1557
f 1556 1554 1555
f 1558 1557 1559
f 1558 1556 1557
f 1560 1559 1561
f 1560 1558 1559
f 1562 1561 1563
f 1562 1563 1564
f 1562 1560 1561
f 1565 1562 1564
f 1566 1564 1567
f 1566 1565 1564
f 1568 1567 1569
f 1568 1566 1567
f 1570 1569 1571
f 1570 1571 1572
f 1570 1568 1569
f 1573 1570 1572
f 1574 1573 1572
f 1574 1572 1575
f 1574 1575 1472
f 1473 1574 1472
f 1477 1576 1475
f 1477 1577 1576
f 1577 1151 1576
f 1577 1150 1151
f 1091 1092 1094
f 1100 1094 1096
f 1100 1096 1098
f 1100 1091 1094
f 1106 1100 1102
f 1106 1102 1104
f 1078 1081 1082
f 1078 1082 1085
f 1074 1077 1078
f 1072 1078 1085
f 1072 1074 1078
f 1067 1072 1085
f 1067 1068 1070
f 1067 1070 1072
f 1067 1085 1086
f 1067 1086 1088
f 1067 1088 1091
f 1064 1067 1091
f 1122 1118 1120
f 1124 1118 1122
f 1124 1108 1110
f 1124 1110 1112
f 1124 1112 1114
f 1124 1114 1117
f 1124 1117 1118
f 1060 1062 1064
f 1056 1058 1060
f 1056 1060 1064
f 1131 1108 1124
f 1131 1106 1108
f 1131 1124 1126
f 1131 1126 1128
f 1052 1064 1091
f 1052 1054 1056
f 1052 1056 1064
f 1136 1132 1135
f 1048 1052 1091
f 1048 1051 1052
f 1048 1106 1131
f 1048 1091 1100
f 1048 1100 1106
f 1140 1132 1136
f 1140 1136 1138
f 1142 1048 1131
f 1142 1131 1132
f 1142 1132 1140
f 1147 1142 1144
f 1148 1048 1142
f 1148 1142 1147
f 1150 1048 1148
f 1256 1248 1250
f 1256 1250 1252
f 1256 1252 1254
f 1242 1244 1246
f 1238 1240 1242
f 1238 1246 1248
f 1238 1242 1246
f 1234 1236 1238
f 1234 1248 1256
f 1234 1238 1248
f 1232 1234 1256
f 1231 1232 1256
f 1228 1231 1256
f 1224 1228 1256
f 1224 1226 1228
f 1220 1223 1224
f 1216 1224 1256
f 1216 1220 1224
f 1216 1218 1220
f 1212 1215 1216
f 1209 1211 1212
f 1206 1209 1212
f 1204 1216 1256
f 1204 1212 1216
f 1204 1206 1212
f 1200 1204 1256
f 1200 1202 1204
f 1194 1196 1199
f 1194 1199 1200
f 1186 1189 1190
f 1185 1186 1190
f 1185 1190 1192
f 1183 1185 1192
f 1180 1194 1200
f 1180 1183 1192
f 1180 1192 1194
f 1177 1180 1200
f 1177 1178 1180
f 1174 1177 1200
f 1172 1174 1200
f 1577 1153 1048
f 1577 1048 1150
f 1166 1172 1200
f 1166 1168 1171
f 1166 1171 1172
f 1162 1165 1166
f 1162 1166 1200
f 1160 1162 1200
f 1160 1200 1256
f 1159 1256 1155
f 1159 1155 1153
f 1159 1156 1160
f 1159 1160 1256
f 1481 1474 1478
f 1484 1481 1482
f 1486 1481 1484
f 1490 1486 1489
f 1493 1486 1490
f 1493 1474 1481
f 1493 1481 1486
f 1494 1474 1493
f 1501 1494 1496
f 1501 1496 1499
f 1501 1474 1494
f 1506 1501 1502
f 1506 1502 1504
f 1510 1501 1506
f 1510 1506 1508
f 1514 1510 1512
f 1516 1510 1514
f 1518 1510 1516
f 1518 1501 1510
f 1521 1501 1518
f 1521 1477 1474
f 1521 1474 1501
f 1522 1477 1521
f 1524 1477 1522
f 1529 1524 1526
f 1534 1530 1533
f 1536 1530 1534
f 1539 1524 1529
f 1539 1530 1536
f 1539 1529 1530
f 1544 1477 1524
f 1544 1539 1540
f 1544 1524 1539
f 1544 1540 1543
f 1546 1477 1544
f 1548 1477 1546
f 1551 1477 1548
f 1556 1551 1552
f 1556 1552 1554
f 1556 1477 1551
f 1560 1556 1558
f 1560 1477 1556
f 1565 1560 1562
f 1570 1566 1568
f 1573 1565 1566
f 1573 1566 1570
f 1574 1477 1560
f 1574 1560 1565
f 1574 1565 1573
f 1473 1477 1574
f 1258 1159 1153
f 1258 1153 1577
f 1471 1577 1477
f 1471 1477 1473
f 1365 1258 1577
f 1365 1577 1471
f 1261 1258 1365
f 1361 1362 1261
f 1359 1361 1261
f 1356 1359 1261
f 1354 1356 1261
f 1352 1354 1261
f 1350 1352 1261
f 1348 1350 1261
f 1346 1348 1261
f 1345 1346 1261
f 1342 1345 1261
f 1340 1342 1261
f 1339 1340 1261
f 1335 1339 1261
f 1335 1336 1339
f 1332 1335 1261
f 1331 1332 1261
f 1326 1331 1261
f 1326 1328 1331
f 1324 1326 1261
f 1323 1324 1261
f 1321 1323 1261
f 1317 1321 1261
f 1317 1318 1321
f 1314 1317 1261
f 1310 1312 1314
f 1309 1314 1261
f 1309 1310 1314
f 1304 1306 1309
f 1304 1309 1261
f 1303 1304 1261
f 1265 1261 1365
f 1300 1303 1261
f 1298 1300 1261
f 1266 1265 1262
f 1266 1261 1265
f 1296 1298 1261
f 1268 1261 1266
f 1294 1296 1261
f 1270 1261 1268
f 1293 1294 1261
f 1273 1261 1270
f 1290 1293 1261
f 1288 1290 1261
f 1276 1273 1274
f 1276 1261 1273
f 1278 1261 1276
f 1284 1286 1288
f 1284 1288 1261
f 1281 1261 1278
f 1282 1284 1261
f 1282 1261 1281
f 1374 1368 1372
f 1376 1368 1374
f 1380 1371 1368
f 1380 1376 1379
f 1380 1368 1376
f 1382 1371 1380
f 1384 1371 1382
f 1388 1371 1384
f 1388 1384 1386
f 1392 1371 1388
f 1392 1388 1390
f 1394 1371 1392
f 1404 1400 1402
f 1367 1471 1371
f 1367 1365 1471
f 1408 1400 1404
f 1408 1398 1400
f 1408 1404 1406
f 1466 1469 1367
f 1412 1408 1411
f 1414 1464 1466
f 1414 1367 1371
f 1414 1371 1394
f 1414 1408 1412
f 1414 1398 1408
f 1414 1466 1367
f 1414 1394 1396
f 1414 1396 1398
f 1418 1414 1417
f 1458 1460 1462
f 1456 1462 1464
f 1456 1458 1462
f 1423 1414 1418
f 1423 1418 1420
f 1453 1456 1464
f 1453 1454 1456
f 1429 1423 1424
f 1429 1424 1427
f 1448 1464 1414
f 1448 1414 1423
f 1448 1423 1429
f 1448 1453 1464
f 1448 1450 1453
f 1432 1429 1430
f 1436 1429 1432
f 1436 1432 1435
f 1439 1448 1429
f 1439 1429 1436
f 1439 1441 1442
f 1439 1442 1444
f 1439 1444 1447
f 1439 1447 1448
f 1093 1090 1095
f 1095 1101 1097
f 1097 1101 1099
f 1090 1101 1095
f 1101 1107 1103
f 1103 1107 1105
f 1080 1079 1083
f 1083 1079 1084
f 1076 1075 1079
f 1079 1073 1084
f 1075 1073 1079
f 1073 1066 1084
f 1069 1066 1071
f 1071 1066 1073
f 1084 1066 1087
f 1087 1066 1089
f 1089 1066 1090
f 1066 1065 1090
f 1119 1123 1121
f 1119 1125 1123
f 1109 1125 1111
f 1111 1125 1113
f 1113 1125 1115
f 1115 1125 1116
f 1116 1125 1119
f 1063 1061 1065
f 1059 1057 1061
f 1061 1057 1065
f 1109 1130 1125
f 1107 1130 1109
f 1125 1130 1127
f 1127 1130 1129
f 1065 1053 1090
f 1055 1053 1057
f 1057 1053 1065
f 1133 1137 1134
f 1053 1049 1090
f 1050 1049 1053
f 1107 1049 1130
f 1090 1049 1101
f 1101 1049 1107
f 1133 1141 1137
f 1137 1141 1139
f 1049 1143 1130
f 1130 1143 1133
f 1133 1143 1141
f 1143 1146 1145
f 1049 1149 1143
f 1143 1149 1146
f 1049 1151 1149
f 1249 1257 1251
f 1251 1257 1253
f 1253 1257 1255
f 1245 1243 1247
f 1241 1239 1243
f 1247 1239 1249
f 1243 1239 1247
f 1249 1235 1257
f 1239 1235 1249
f 1237 1235 1239
f 1235 1233 1257
f 1233 1230 1257
f 1230 1229 1257
f 1229 1225 1257
f 1227 1225 1229
f 1222 1221 1225
f 1225 1217 1257
f 1221 1217 1225
f 1219 1217 1221
f 1214 1213 1217
f 1210 1208 1213
f 1208 1207 1213
f 1217 1205 1257
f 1213 1205 1217
f 1207 1205 1213
f 1205 1201 1257
f 1203 1201 1205
f 1197 1195 1198
f 1198 1195 1201
f 1188 1187 1191
f 1187 1184 1191
f 1191 1184 1193
f 1184 1182 1193
f 1195 1181 1201
f 1182 1181 1193
f 1193 1181 1195
f 1181 1176 1201
f 1179 1176 1181
f 1176 1175 1201
f 1175 1173 1201
f 1152 1576 1049
f 1049 1576 1151
f 1173 1167 1201
f 1169 1167 1170
f 1170 1167 1173
f 1164 1163 1167
f 1167 1163 1201
f 1163 1161 1201
f 1201 1161 1257
f 1257 1157 1154
f 1154 1157 1152
f 1158 1157 1161
f 1161 1157 1257
f 1476 1480 1479
f 1480 1485 1483
f 1480 1487 1485
f 1487 1491 1488
f 1487 1492 1491
f 1476 1492 1480
f 1480 1492 1487
f 1476 1495 1492
f 1495 1500 1497
f 1497 1500 1498
f 1476 1500 1495
f 1500 1507 1503
f 1503 1507 1505
f 1500 1511 1507
f 1507 1511 1509
f 1511 1515 1513
f 1511 1517 1515
f 1500 1519 1511
f 1511 1519 1517
f 1475 1520 1476
f 1500 1520 1519
f 1476 1520 1500
f 1475 1523 1520
f 1475 1525 1523
f 1525 1528 1527
f 1531 1535 1532
f 1531 1537 1535
f 1525 1538 1528
f 1528 1538 1531
f 1531 1538 1537
f 1475 1545 1525
f 1538 1545 1541
f 1541 1545 1542
f 1525 1545 1538
f 1475 1547 1545
f 1475 1549 1547
f 1475 1550 1549
f 1550 1557 1553
f 1553 1557 1555
f 1475 1557 1550
f 1557 1561 1559
f 1475 1561 1557
f 1561 1564 1563
f 1567 1571 1569
f 1564 1572 1567
f 1567 1572 1571
f 1475 1575 1561
f 1561 1575 1564
f 1564 1575 1572
f 1475 1472 1575
f 1157 1259 1152
f 1152 1259 1576
f 1576 1470 1475
f 1475 1470 1472
f 1259 1364 1576
f 1576 1364 1470
f 1259 1260 1364
f 1363 1360 1260
f 1360 1358 1260
f 1358 1357 1260
f 1357 1355 1260
f 1355 1353 1260
f 1353 1351 1260
f 1351 1349 1260
f 1349 1347 1260
f 1347 1344 1260
f 1344 1343 1260
f 1343 1341 1260
f 1341 1338 1260
f 1338 1334 1260
f 1337 1334 1338
f 1334 1333 1260
f 1333 1330 1260
f 1330 1327 1260
f 1329 1327 1330
f 1327 1325 1260
f 1325 1322 1260
f 1322 1320 1260
f 1320 1316 1260
f 1319 1316 1320
f 1316 1315 1260
f 1313 1311 1315
f 1315 1308 1260
f 1311 1308 1315
f 1307 1305 1308
f 1308 1305 1260
f 1305 1302 1260
f 1260 1263 1364
f 1302 1301 1260
f 1301 1299 1260
f 1263 1267 1264
f 1260 1267 1263
f 1299 1297 1260
f 1260 1269 1267
f 1297 1295 1260
f 1260 1271 1269
f 1295 1292 1260
f 1260 1272 1271
f 1292 1291 1260
f 1291 1289 1260
f 1272 1277 1275
f 1260 1277 1272
f 1260 1279 1277
f 1287 1285 1289
f 1289 1285 1260
f 1260 1280 1279
f 1285 1283 1260
f 1260 1283 1280
f 1370 1375 1373
f 1370 1377 1375
f 1369 1381 1370
f 1377 1381 1378
f 1370 1381 1377
f 1369 1383 1381
f 1369 1385 1383
f 1369 1389 1385
f 1385 1389 1387
f 1369 1393 1389
f 1389 1393 1391
f 1369 1395 1393
f 1401 1405 1403
f 1470 1366 1369
f 1364 1366 1470
f 1401 1409 1405
f 1399 1409 1401
f 1405 1409 1407
f 1468 1467 1366
f 1409 1413 1410
f 1465 1415 1467
f 1369 1415 1395
f 1366 1415 1369
f 1399 1415 1409
f 1467 1415 1366
f 1409 1415 1413
f 1395 1415 1397
f 1397 1415 1399
f 1415 1419 1416
f 1461 1459 1463
f 1463 1457 1465
f 1459 1457 1463
f 1415 1422 1419
f 1419 1422 1421
f 1457 1452 1465
f 1455 1452 1457
f 1422 1428 1425
f 1425 1428 1426
f 1465 1449 1415
f 1415 1449 1422
f 1422 1449 1428
f 1452 1449 1465
f 1451 1449 1452
f 1428 1433 1431
f 1428 1437 1433
f 1433 1437 1434
f 1449 1438 1428
f 1428 1438 1437
f 1440 1438 1443
f 1443 1438 1445
f 1445 1438 1446
f 1446 1438 1449
f 1578 1579 1580
f 1578 1581 1579
f 1582 1583 1584
f 1582 1585 1583
f 1586 1584 1587
f 1586 1587 1588
f 1586 1582 1584
f 1589 1586 1588
f 1590 1588 1591
f 1590 1591 1592
f 1590 1589 1588
f 1593 1590 1592
f 1594 1592 1595
f 1594 1593 1592
f 1596 1595 1597
f 1596 1594 1595
f 1598 1597 1599
f 1598 1596 1597
f 1600 1599 1601
f 1600 1598 1599
f 1602 1601 1603
f 1602 1603 1604
f 1602 1600 1601
f 1605 1602 1604
f 1606 1604 1607
f 1606 1605 1604
f 1608 1606 1607
f 1608 1607 1609
f 1610 1608 1609
f 1610 1609 1611
f 1612 1610 1611
f 1612 1611 1613
f 1612 1613 1614
f 1615 1612 1614
f 1616 1615 1614
f 1616 1614 1617
f 1618 1617 1619
f 1618 1616 1617
f 1620 1619 1621
f 1620 1618 1619
f 1622 1621 1623
f 1622 1620 1621
f 1581 1623 1579
f 1581 1622 1623
f 1585 1624 1583
f 1585 1625 1624
f 1626 1627 1628
f 1626 1629 1627
f 1630 1628 1631
f 1630 1626 1628
f 1632 1631 1633
f 1632 1630 1631
f 1634 1633 1635
f 1634 1635 1636
f 1634 1632 1633
f 1637 1634 1636
f 1638 1636 1639
f 1638 1637 1636
f 1640 1639 1641
f 1640 1638 1639
f 1642 1641 1643
f 1642 1640 1641
f 1644 1643 1645
f 1644 1645 1646
f 1644 1642 1643
f 1647 1644 1646
f 1648 1646 1649
f 1648 1647 1646
f 1650 1649 1651
f 1650 1648 1649
f 1652 1650 1651
f 1652 1651 1653
f 1654 1652 1653
f 1654 1653 1655
f 1654 1655 1656
f 1657 1654 1656
f 1658 1657 1656
f 1658 1656 1659
f 1660 1658 1659
f 1660 1659 1661
f 1662 1661 1663
f 1662 1660 1661
f 1664 1663 1665
f 1664 1662 1663
f 1666 1665 1667
f 1666 1664 1665
f 1625 1667 1624
f 1625 1666 1667
f 1629 1668 1627
f 1629 1669 1668
f 1670 1671 1672
f 1673 1672 1674
f 1673 1670 1672
f 1675 1673 1674
f 1676 1674 1677
f 1676 1677 1678
f 1676 1675 1674
f 1679 1676 1678
f 1680 1678 1681
f 1680 1681 1682
f 1680 1679 1678
f 1683 1680 1682
f 1684 1682 1685
f 1684 1683 1682
f 1686 1685 1687
f 1686 1687 1688
f 1686 1684 1685
f 1689 1686 1688
f 1690 1688 1691
f 1690 1689 1688
f 1692 1691 1693
f 1692 1690 1691
f 1694 1693 1695
f 1694 1692 1693
f 1696 1694 1695
f 1696 1695 1697
f 1696 1697 1698
f 1699 1696 1698
f 1699 1698 1700
f 1701 1699 1700
f 1702 1701 1700
f 1702 1700 1703
f 1704 1702 1703
f 1704 1703 1705
f 1706 1705 1707
f 1706 1704 1705
f 1706 1707 1708
f 1709 1706 1708
f 1710 1708 1711
f 1710 1709 1708
f 1669 1710 1711
f 1669 1711 1668
f 1670 1712 1671
f 1670 1713 1712
f 1714 1715 1716
f 1714 1717 1715
f 1718 1716 1719
f 1718 1714 1716
f 1720 1719 1721
f 1720 1718 1719
f 1722 1721 1723
f 1722 1720 1721
f 1724 1723 1725
f 1724 1722 1723
f 1726 1725 1727
f 1726 1727 1728
f 1726 1724 1725
f 1729 1726 1728
f 1730 1728 1731
f 1730 1729 1728
f 1732 1731 1733
f 1732 1733 1734
f 1732 1730 1731
f 1735 1732 1734
f 1736 1734 1737
f 1736 1735 1734
f 1738 1737 1739
f 1738 1739 1740
f 1738 1736 1737
f 1741 1738 1740
f 1741 1740 1742
f 1743 1741 1742
f 1744 1743 1742
f 1744 1742 1745
f 1746 1744 1745
f 1746 1745 1747
f 1746 1747 1748
f 1749 1746 1748
f 1750 1748 1751
f 1750 1749 1748
f 1752 1751 1753
f 1752 1750 1751
f 1754 1753 1755
f 1754 1755 1712
f 1754 1752 1753
f 1713 1754 1712
f 1717 1756 1715
f 1717 1757 1756
f 1758 1759 1760
f 1758 1761 1759
f 1762 1760 1763
f 1762 1758 1760
f 1764 1763 1765
f 1764 1762 1763
f 1766 1765 1767
f 1766 1767 1768
f 1766 1764 1765
f 1769 1766 1768
f 1770 1768 1771
f 1770 1769 1768
f 1772 1771 1773
f 1772 1770 1771
f 1774 1773 1775
f 1774 1772 1773
f 1776 1775 1777
f 1776 1777 1778
f 1776 1774 1775
f 1779 1776 1778
f 1780 1778 1781
f 1780 1779 1778
f 1782 1781 1783
f 1782 1780 1781
f 1784 1782 1783
f 1784 1783 1785
f 1786 1784 1785
f 1786 1785 1787
f 1786 1787 1788
f 1789 1786 1788
f 1790 1789 1788
f 1790 1788 1791
f 1792 1790 1791
f 1792 1791 1793
f 1794 1793 1795
f 1794 1792 1793
f 1796 1795 1797
f 1796 1794 1795
f 1798 1797 1799
f 1798 1796 1797
f 1757 1799 1756
f 1757 1798 1799
f 1761 1800 1759
f 1761 1801 1800
f 1802 1580 1803
f 1802 1578 1580
f 1804 1803 1805
f 1804 1805 1806
f 1804 1802 1803
f 1807 1804 1806
f 1808 1806 1809
f 1808 1809 1810
f 1808 1807 1806
f 1811 1808 1810
f 1812 1810 1813
f 1812 1813 1814
f 1812 1811 1810
f 1815 1812 1814
f 1816 1814 1817
f 1816 1817 1818
f 1816 1815 1814
f 1819 1816 1818
f 1820 1818 1821
f 1820 1819 1818
f 1822 1821 1823
f 1822 1820 1821
f 1824 1823 1825
f 1824 1825 1826
f 1824 1822 1823
f 1827 1824 1826
f 1827 1826 1828
f 1829 1827 1828
f 1829 1828 1830
f 1831 1829 1830
f 1832 1831 1830
f 1832 1830 1833
f 1834 1832 1833
f 1834 1833 1835
f 1834 1835 1836
f 1837 1834 1836
f 1838 1836 1839
f 1838 1837 1836
f 1840 1839 1841
f 1840 1841 1800
f 1840 1838 1839
f 1801 1840 1800
f 1713 1736 1738
f 1713 1738 1741
f 1713 1741 1743
f 1713 1743 1744
f 1713 1744 1746
f 1713 1746 1749
f 1713 1749 1750
f 1713 1750 1752
f 1713 1752 1754
f 1735 1736 1713
f 1732 1735 1713
f 1730 1732 1713
f 1729 1730 1713
f 1726 1729 1713
f 1724 1726 1713
f 1722 1724 1713
f 1720 1722 1713
f 1718 1720 1713
f 1714 1718 1713
f 1717 1714 1713
f 1675 1670 1673
f 1676 1670 1675
f 1679 1670 1676
f 1684 1679 1680
f 1684 1680 1683
f 1684 1670 1679
f 1689 1684 1686
f 1690 1684 1689
f 1692 1684 1690
f 1699 1692 1694
f 1699 1694 1696
f 1699 1684 1692
f 1702 1699 1701
f 1706 1699 1702
f 1706 1702 1704
f 1709 1684 1699
f 1709 1699 1706
f 1709 1670 1684
f 1710 1670 1709
f 1669 1670 1710
f 1757 1717 1713
f 1794 1796 1798
f 1794 1798 1757
f 1790 1792 1794
f 1789 1790 1794
f 1784 1794 1757
f 1784 1789 1794
f 1784 1786 1789
f 1782 1784 1757
f 1776 1779 1780
f 1776 1780 1782
f 1774 1776 1782
f 1772 1774 1782
f 1770 1772 1782
f 1764 1766 1769
f 1764 1769 1770
f 1764 1770 1782
f 1762 1764 1782
f 1758 1762 1782
f 1761 1782 1757
f 1761 1758 1782
f 1629 1670 1669
f 1632 1626 1630
f 1637 1626 1632
f 1637 1629 1626
f 1637 1632 1634
f 1638 1629 1637
f 1642 1629 1638
f 1642 1638 1640
f 1644 1629 1642
f 1652 1644 1647
f 1652 1647 1648
f 1652 1648 1650
f 1654 1644 1652
f 1658 1654 1657
f 1658 1644 1654
f 1660 1629 1644
f 1660 1644 1658
f 1662 1629 1660
f 1625 1662 1664
f 1625 1664 1666
f 1625 1629 1662
f 1578 1802 1804
f 1578 1804 1807
f 1578 1807 1808
f 1578 1808 1811
f 1578 1811 1812
f 1578 1812 1815
f 1578 1815 1816
f 1578 1629 1625
f 1578 1816 1819
f 1578 1819 1820
f 1578 1820 1822
f 1578 1822 1824
f 1578 1824 1827
f 1578 1827 1829
f 1578 1829 1831
f 1578 1831 1832
f 1578 1832 1834
f 1578 1834 1837
f 1578 1837 1838
f 1578 1838 1840
f 1578 1761 1757
f 1578 1840 1801
f 1578 1801 1761
f 1578 1757 1713
f 1578 1670 1629
f 1578 1713 1670
f 1581 1625 1585
f 1581 1585 1582
f 1581 1582 1586
f 1581 1586 1589
f 1581 1589 1590
f 1581 1590 1593
f 1581 1593 1594
f 1581 1594 1596
f 1581 1596 1598
f 1581 1598 1600
f 1581 1600 1602
f 1581 1578 1625
f 1605 1581 1602
f 1606 1581 1605
f 1620 1622 1581
f 1608 1581 1606
f 1618 1620 1581
f 1610 1581 1608
f 1616 1618 1581
f 1612 1581 1610
f 1615 1616 1581
f 1615 1581 1612
f 1737 1712 1739
f 1739 1712 1740
f 1740 1712 1742
f 1742 1712 1745
f 1745 1712 1747
f 1747 1712 1748
f 1748 1712 1751
f 1751 1712 1753
f 1753 1712 1755
f 1737 1734 1712
f 1734 1733 1712
f 1733 1731 1712
f 1731 1728 1712
f 1728 1727 1712
f 1727 1725 1712
f 1725 1723 1712
f 1723 1721 1712
f 1721 1719 1712
f 1719 1716 1712
f 1716 1715 1712
f 1671 1674 1672
f 1671 1677 1674
f 1671 1678 1677
f 1678 1685 1681
f 1681 1685 1682
f 1671 1685 1678
f 1685 1688 1687
f 1685 1691 1688
f 1685 1693 1691
f 1693 1698 1695
f 1695 1698 1697
f 1685 1698 1693
f 1698 1703 1700
f 1698 1707 1703
f 1703 1707 1705
f 1685 1708 1698
f 1698 1708 1707
f 1671 1708 1685
f 1671 1711 1708
f 1671 1668 1711
f 1715 1756 1712
f 1797 1795 1799
f 1799 1795 1756
f 1793 1791 1795
f 1791 1788 1795
f 1787 1785 1788
f 1795 1785 1756
f 1788 1785 1795
f 1785 1783 1756
f 1778 1777 1781
f 1781 1777 1783
f 1777 1775 1783
f 1775 1773 1783
f 1773 1771 1783
f 1767 1765 1768
f 1768 1765 1771
f 1771 1765 1783
f 1765 1763 1783
f 1763 1760 1783
f 1756 1759 1712
f 1783 1759 1756
f 1760 1759 1783
f 1671 1627 1668
f 1712 1627 1671
f 1628 1633 1631
f 1627 1636 1628
f 1633 1636 1635
f 1628 1636 1633
f 1627 1639 1636
f 1639 1643 1641
f 1627 1643 1639
f 1627 1645 1643
f 1645 1653 1646
f 1646 1653 1649
f 1649 1653 1651
f 1645 1655 1653
f 1655 1659 1656
f 1645 1659 1655
f 1627 1661 1645
f 1645 1661 1659
f 1627 1663 1661
f 1663 1624 1665
f 1665 1624 1667
f 1627 1624 1663
f 1841 1839 1800
f 1839 1833 1800
f 1835 1833 1836
f 1836 1833 1839
f 1833 1830 1800
f 1828 1826 1830
f 1826 1825 1830
f 1821 1818 1823
f 1823 1817 1825
f 1825 1817 1830
f 1818 1817 1823
f 1830 1814 1800
f 1817 1814 1830
f 1813 1810 1814
f 1809 1806 1810
f 1814 1806 1800
f 1810 1806 1814
f 1803 1580 1805
f 1805 1580 1806
f 1806 1580 1800
f 1800 1579 1759
f 1627 1579 1624
f 1759 1579 1712
f 1580 1579 1800
f 1712 1579 1627
f 1624 1579 1583
f 1583 1579 1584
f 1584 1579 1587
f 1587 1579 1588
f 1588 1579 1591
f 1591 1579 1592
f 1592 1579 1595
f 1595 1579 1597
f 1597 1579 1599
f 1599 1579 1601
f 1601 1579 1603
f 1579 1604 1603
f 1579 1607 1604
f 1623 1621 1579
f 1579 1609 1607
f 1621 1619 1579
f 1579 1611 1609
f 1619 1617 1579
f 1579 1613 1611
f 1617 1614 1579
f 1579 1614 1613
f 1842 1843 1844
f 1842 1844 1845
f 1846 1845 1847
f 1846 1842 1845
f 1848 1847 1849
f 1848 1849 1850
f 1848 1846 1847
f 1851 1848 1850
f 1852 1850 1853
f 1852 1851 1850
f 1854 1853 1855
f 1854 1855 1856
f 1854 1852 1853
f 1857 1854 1856
f 1858 1856 1859
f 1858 1857 1856
f 1860 1859 1861
f 1860 1858 1859
f 1862 1861 1863
f 1862 1860 1861
f 1864 1862 1863
f 1864 1863 1865
f 1866 1864 1865
f 1866 1865 1867
f 1866 1867 1868
f 1869 1866 1868
f 1869 1868 1870
f 1871 1869 1870
f 1871 1870 1872
f 1873 1871 1872
f 1874 1873 1872
f 1874 1872 1875
f 1876 1874 1875
f 1876 1875 1877
f 1876 1877 1878
f 1879 1876 1878
f 1879 1878 1880
f 1881 1879 1880
f 1882 1881 1880
f 1882 1880 1883
f 1884 1882 1883
f 1884 1883 1885
f 1884 1885 1886
f 1887 1884 1886
f 1888 1886 1889
f 1888 1887 1886
f 1890 1889 1891
f 1890 1888 1889
f 1890 1891 1892
f 1893 1890 1892
f 1894 1892 1895
f 1894 1893 1892
f 1896 1895 1897
f 1896 1894 1895
f 1898 1897 1899
f 1898 1896 1897
f 1900 1899 1901
f 1900 1898 1899
f 1902 1901 1903
f 1902 1900 1901
f 1904 1903 1905
f 1904 1905 1906
f 1904 1902 1903
f 1907 1906 1908
f 1907 1904 1906
f 1909 1907 1908
f 1910 1908 1911
f 1910 1911 1912
f 1910 1909 1908
f 1913 1910 1912
f 1914 1913 1912
f 1914 1912 1915
f 1914 1915 1916
f 1917 1914 1916
f 1918 1916 1919
f 1918 1917 1916
f 1920 1918 1919
f 1920 1919 1921
f 1922 1920 1921
f 1922 1921 1923
f 1924 1922 1923
f 1924 1923 1925
f 1926 1924 1925
f 1926 1925 1927
f 1926 1927 1928
f 1929 1926 1928
f 1929 1928 1930
f 1931 1929 1930
f 1932 1931 1930
f 1932 1930 1933
f 1934 1932 1933
f 1934 1933 1935
f 1936 1934 1935
f 1936 1935 1937
f 1938 1936 1937
f 1938 1937 1939
f 1938 1939 1940
f 1941 1938 1940
f 1941 1940 1942
f 1943 1941 1942
f 1944 1943 1942
f 1944 1942 1945
f 1946 1944 1945
f 1946 1945 1947
f 1946 1947 1948
f 1949 1946 1948
f 1950 1949 1948
f 1950 1948 1951
f 1952 1950 1951
f 1952 1951 1953
f 1952 1953 1954
f 1955 1952 1954
f 1956 1955 1954
f 1956 1954 1957
f 1958 1957 1959
f 1958 1959 1960
f 1958 1956 1957
f 1961 1958 1960
f 1961 1960 1962
f 1963 1961 1962
f 1964 1962 1965
f 1964 1963 1962
f 1966 1964 1965
f 1966 1965 1967
f 1966 1967 1968
f 1969 1966 1968
f 1970 1969 1968
f 1970 1968 1971
f 1970 1971 1972
f 1973 1970 1972
f 1974 1973 1972
f 1974 1972 1975
f 1976 1974 1975
f 1976 1975 1977
f 1978 1976 1977
f 1978 1977 1979
f 1978 1979 1980
f 1981 1978 1980
f 1982 1981 1980
f 1982 1980 1983
f 1984 1982 1983
f 1984 1983 1985
f 1986 1984 1985
f 1986 1985 1987
f 1986 1987 1988
f 1989 1986 1988
f 1990 1989 1988
f 1990 1988 1991
f 1992 1991 1993
f 1992 1993 1994
f 1992 1990 1991
f 1995 1994 1996
f 1995 1992 1994
f 1997 1995 1996
f 1998 1996 1999
f 1998 1997 1996
f 2000 1999 2001
f 2000 1998 1999
f 2002 2001 2003
f 2002 2000 2001
f 2004 2003 2005
f 2004 2005 2006
f 2004 2002 2003
f 2007 2004 2006
f 2008 2006 2009
f 2008 2009 2010
f 2008 2007 2006
f 2011 2010 2012
f 2011 2008 2010
f 2013 2011 2012
f 2014 2012 2015
f 2014 2015 2016
f 2014 2013 2012
f 2017 2014 2016
f 2018 2017 2016
f 2018 2016 2019
f 2020 2018 2019
f 2020 2019 2021
f 2020 2021 2022
f 2023 2020 2022
f 2024 2023 2022
f 2024 2022 2025
f 2024 2025 2026
f 2027 2024 2026
f 2028 2026 2029
f 2028 2029 2030
f 2028 2027 2026
f 2031 2028 2030
f 2032 2030 2033
f 2032 2031 2030
f 2034 2033 2035
f 2034 2035 2036
f 2034 2032 2033
f 2037 2034 2036
f 2038 2036 2039
f 2038 2037 2036
f 2040 2039 2041
f 2040 2041 2042
f 2040 2038 2039
f 2043 2040 2042
f 2044 2042 2045
f 2044 2043 2042
f 2046 2045 2047
f 2046 2044 2045
f 2048 2047 2049
f 2048 2046 2047
f 2050 2049 2051
f 2050 2048 2049
f 2052 2051 2053
f 2052 2050 2051
f 2054 2053 2055
f 2054 2052 2053
f 2056 2055 2057
f 2056 2054 2055
f 2058 2057 2059
f 2058 2056 2057
f 2060 2059 2061
f 2060 2058 2059
f 2062 2061 2063
f 2062 2060 2061
f 2064 2063 2065
f 2064 2062 2063
f 2066 2065 2067
f 2066 2064 2065
f 2068 2066 2067
f 2068 2067 2069
f 2070 2068 2069
f 2070 2069 2071
f 2072 2070 2071
f 2072 2071 2073
f 2074 2072 2073
f 2074 2073 2075
f 2076 2074 2075
f 2076 2075 2077
f 2078 2076 2077
f 2078 2077 2079
f 2080 2078 2079
f 2080 2079 2081
f 2082 2080 2081
f 2082 2081 2083
f 2084 2082 2083
f 2084 2083 2085
f 2086 2084 2085
f 2086 2085 2087
f 2088 2086 2087
f 2088 2087 2089
f 2090 2088 2089
f 2090 2089 2091
f 2090 2091 2092
f 2093 2090 2092
f 1843 2092 1844
f 1843 2093 2092
f 1871 1873 1874
f 1866 1869 1871
f 1866 1871 1874
f 1864 1874 1876
f 1864 1876 1879
f 1864 1879 1881
f 1864 1866 1874
f 1860 1862 1864
f 1888 1881 1882
f 1888 1882 1884
f 1888 1884 1887
f 1857 1858 1860
f 1857 1860 1864
f 1896 1888 1890
f 1896 1890 1893
f 1896 1893 1894
f 1896 1864 1881
f 1896 1881 1888
f 1851 1852 1854
f 1900 1896 1898
f 1842 1846 1848
f 1842 1848 1851
f 1842 1854 1857
f 1842 1857 1864
f 1842 1864 1896
f 1842 1851 1854
f 1907 1902 1904
f 2093 1843 1842
f 2088 2090 2093
f 2088 2093 1842
f 1913 1907 1909
f 1913 1909 1910
f 1913 1902 1907
f 2086 2088 1842
f 2086 1900 1902
f 2086 1896 1900
f 2086 1842 1896
f 2084 2086 1902
f 1920 1913 1914
f 1920 1914 1917
f 1920 1917 1918
f 1920 1902 1913
f 2076 2078 2080
f 2076 2080 2082
f 1924 1920 1922
f 1926 1902 1920
f 1926 1920 1924
f 2072 2074 2076
f 2072 2076 2082
f 1931 1926 1929
f 1932 1902 1926
f 1932 1926 1931
f 2066 2068 2070
f 2064 2070 2072
f 2064 2072 2082
f 2064 2066 2070
f 1941 1932 1934
f 1941 1934 1936
f 1941 1936 1938
f 2054 2056 2058
f 2054 2058 2060
f 2050 2052 2054
f 2050 2054 2060
f 1950 1946 1949
f 2048 2050 2060
f 2046 2084 1902
f 2046 2060 2062
f 2046 2062 2064
f 2046 2082 2084
f 2046 2064 2082
f 2046 2048 2060
f 1955 1943 1944
f 1955 1944 1946
f 1955 1950 1952
f 1955 1946 1950
f 2040 2043 2044
f 2040 2044 2046
f 1961 1955 1956
f 1961 1956 1958
f 2038 2040 2046
f 1963 1943 1955
f 1963 1941 1943
f 1963 1955 1961
f 2034 2038 2046
f 2034 2037 2038
f 2032 2034 2046
f 2032 2046 1902
f 1969 1963 1964
f 1969 1964 1966
f 2027 2028 2031
f 2027 2031 2032
f 2024 2027 2032
f 2023 2024 2032
f 1978 1974 1976
f 1981 1974 1978
f 2018 2032 1902
f 2018 2023 2032
f 2018 1902 1932
f 2018 2020 2023
f 1982 1974 1981
f 1982 1970 1973
f 1982 1973 1974
f 2017 2018 1932
f 2017 1932 1941
f 1984 1963 1969
f 1984 1970 1982
f 1984 1969 1970
f 2011 2013 2014
f 2011 2014 2017
f 1990 1986 1989
f 1992 1986 1990
f 1992 1984 1986
f 2007 2011 2017
f 2007 2008 2011
f 1995 1984 1992
f 2002 2004 2007
f 2000 1941 1963
f 2000 1963 1984
f 2000 2017 1941
f 2000 2007 2017
f 2000 1984 1995
f 2000 2002 2007
f 2000 1995 1997
f 2000 1997 1998
f 1872 1870 1875
f 1868 1867 1870
f 1870 1867 1875
f 1875 1865 1877
f 1877 1865 1878
f 1878 1865 1880
f 1867 1865 1875
f 1863 1861 1865
f 1880 1889 1883
f 1883 1889 1885
f 1885 1889 1886
f 1859 1856 1861
f 1861 1856 1865
f 1889 1897 1891
f 1891 1897 1892
f 1892 1897 1895
f 1865 1897 1880
f 1880 1897 1889
f 1853 1850 1855
f 1897 1901 1899
f 1847 1845 1849
f 1849 1845 1850
f 1855 1845 1856
f 1856 1845 1865
f 1865 1845 1897
f 1850 1845 1855
f 1903 1906 1905
f 1844 2092 1845
f 2091 2089 2092
f 2092 2089 1845
f 1906 1912 1908
f 1908 1912 1911
f 1903 1912 1906
f 2089 2087 1845
f 1901 2087 1903
f 1897 2087 1901
f 1845 2087 1897
f 2087 2085 1903
f 1912 1921 1915
f 1915 1921 1916
f 1916 1921 1919
f 1903 1921 1912
f 2079 2077 2081
f 2081 2077 2083
f 1921 1925 1923
f 1903 1927 1921
f 1921 1927 1925
f 2075 2073 2077
f 2077 2073 2083
f 1927 1930 1928
f 1903 1933 1927
f 1927 1933 1930
f 2069 2067 2071
f 2071 2065 2073
f 2073 2065 2083
f 2067 2065 2071
f 1933 1940 1935
f 1935 1940 1937
f 1937 1940 1939
f 2057 2055 2059
f 2059 2055 2061
f 2053 2051 2055
f 2055 2051 2061
f 1947 1951 1948
f 2051 2049 2061
f 2085 2047 1903
f 2061 2047 2063
f 2063 2047 2065
f 2083 2047 2085
f 2065 2047 2083
f 2049 2047 2061
f 1942 1954 1945
f 1945 1954 1947
f 1951 1954 1953
f 1947 1954 1951
f 2042 2041 2045
f 2045 2041 2047
f 1954 1960 1957
f 1957 1960 1959
f 2041 2039 2047
f 1942 1962 1954
f 1940 1962 1942
f 1954 1962 1960
f 2039 2035 2047
f 2036 2035 2039
f 2035 2033 2047
f 2047 2033 1903
f 1962 1968 1965
f 1965 1968 1967
f 2029 2026 2030
f 2030 2026 2033
f 2026 2025 2033
f 2025 2022 2033
f 1975 1979 1977
f 1975 1980 1979
f 2033 2019 1903
f 2022 2019 2033
f 1903 2019 1933
f 2021 2019 2022
f 1975 1983 1980
f 1971 1983 1972
f 1972 1983 1975
f 2019 2016 1933
f 1933 2016 1940
f 1962 1985 1968
f 1971 1985 1983
f 1968 1985 1971
f 2012 2010 2015
f 2015 2010 2016
f 1987 1991 1988
f 1987 1993 1991
f 1985 1993 1987
f 2010 2006 2016
f 2009 2006 2010
f 1985 1994 1993
f 2005 2003 2006
f 1940 2001 1962
f 1962 2001 1985
f 2016 2001 1940
f 2006 2001 2016
f 1985 2001 1994
f 2003 2001 2006
f 1994 2001 1996
f 1996 2001 1999
f 2094 2095 2096
f 2094 2097 2095
f 2098 2099 2100
f 2098 2101 2099
f 2102 2100 2103
f 2102 2098 2100
f 2104 2103 2105
f 2104 2102 2103
f 2106 2105 2107
f 2106 2104 2105
f 2108 2107 2109
f 2108 2109 2110
f 2108 2106 2107
f 2111 2110 2112
f 2111 2108 2110
f 2113 2111 2112
f 2114 2113 2112
f 2114 2112 2115
f 2114 2115 2116
f 2117 2114 2116
f 2118 2116 2119
f 2118 2117 2116
f 2120 2119 2121
f 2120 2118 2119
f 2122 2121 2123
f 2122 2120 2121
f 2124 2123 2125
f 2124 2122 2123
f 2126 2125 2127
f 2126 2124 2125
f 2128 2127 2129
f 2128 2126 2127
f 2130 2129 2131
f 2130 2131 2132
f 2130 2128 2129
f 2133 2130 2132
f 2134 2132 2135
f 2134 2133 2132
f 2136 2135 2137
f 2136 2137 2138
f 2136 2134 2135
f 2139 2136 2138
f 2140 2138 2141
f 2140 2141 2142
f 2140 2139 2138
f 2143 2140 2142
f 2144 2142 2145
f 2144 2143 2142
f 2146 2145 2147
f 2146 2144 2145
f 2148 2147 2149
f 2148 2146 2147
f 2150 2149 2151
f 2150 2148 2149
f 2152 2151 2153
f 2152 2153 2154
f 2152 2150 2151
f 2155 2154 2156
f 2155 2152 2154
f 2157 2155 2156
f 2158 2156 2159
f 2158 2159 2160
f 2158 2157 2156
f 2161 2158 2160
f 2097 2160 2095
f 2097 2161 2160
f 2101 2162 2099
f 2101 2163 2162
f 2164 2165 2166
f 2164 2167 2165
f 2168 2166 2169
f 2168 2164 2166
f 2170 2169 2171
f 2170 2168 2169
f 2172 2171 2173
f 2172 2170 2171
f 2174 2173 2175
f 2174 2175 2176
f 2174 2172 2173
f 2177 2176 2178
f 2177 2174 2176
f 2179 2177 2178
f 2180 2179 2178
f 2180 2178 2181
f 2180 2181 2182
f 2183 2180 2182
f 2184 2182 2185
f 2184 2183 2182
f 2186 2185 2187
f 2186 2184 2185
f 2188 2187 2189
f 2188 2186 2187
f 2190 2189 2191
f 2190 2188 2189
f 2192 2191 2193
f 2192 2190 2191
f 2194 2193 2195
f 2194 2192 2193
f 2196 2195 2197
f 2196 2197 2198
f 2196 2194 2195
f 2199 2196 2198
f 2200 2198 2201
f 2200 2199 2198
f 2202 2201 2203
f 2202 2203 2204
f 2202 2200 2201
f 2205 2202 2204
f 2206 2204 2207
f 2206 2207 2208
f 2206 2205 2204
f 2209 2206 2208
f 2210 2208 2211
f 2210 2209 2208
f 2212 2211 2213
f 2212 2210 2211
f 2214 2213 2215
f 2214 2212 2213
f 2216 2215 2217
f 2216 2214 2215
f 2218 2217 2219
f 2218 2219 2220
f 2218 2216 2217
f 2221 2220 2222
f 2221 2218 2220
f 2223 2221 2222
f 2224 2222 2225
f 2224 2225 2226
f 2224 2223 2222
f 2227 2224 2226
f 2163 2226 2162
f 2163 2227 2226
f 2167 2228 2165
f 2167 2229 2228
f 2230 2231 2232
f 2230 2233 2231
f 2234 2232 2235
f 2234 2230 2232
f 2236 2235 2237
f 2236 2234 2235
f 2238 2237 2239
f 2238 2236 2237
f 2240 2239 2241
f 2240 2241 2242
f 2240 2238 2239
f 2243 2242 2244
f 2243 2240 2242
f 2245 2243 2244
f 2246 2245 2244
f 2246 2244 2247
f 2246 2247 2248
f 2249 2246 2248
f 2250 2248 2251
f 2250 2249 2248
f 2252 2251 2253
f 2252 2250 2251
f 2254 2253 2255
f 2254 2252 2253
f 2256 2255 2257
f 2256 2254 2255
f 2258 2257 2259
f 2258 2256 2257
f 2260 2259 2261
f 2260 2258 2259
f 2262 2261 2263
f 2262 2263 2264
f 2262 2260 2261
f 2265 2262 2264
f 2266 2264 2267
f 2266 2265 2264
f 2268 2267 2269
f 2268 2269 2270
f 2268 2266 2267
f 2271 2268 2270
f 2272 2270 2273
f 2272 2273 2274
f 2272 2271 2270
f 2275 2272 2274
f 2276 2274 2277
f 2276 2275 2274
f 2278 2277 2279
f 2278 2276 2277
f 2280 2279 2281
f 2280 2278 2279
f 2282 2281 2283
f 2282 2280 2281
f 2284 2283 2285
f 2284 2285 2286
f 2284 2282 2283
f 2287 2286 2288
f 2287 2284 2286
f 2289 2287 2288
f 2290 2288 2291
f 2290 2291 2292
f 2290 2289 2288
f 2293 2290 2292
f 2229 2292 2228
f 2229 2293 2292
f 2233 2294 2231
f 2233 2295 2294
f 2296 2297 2298
f 2299 2298 2300
f 2299 2296 2298
f 2301 2299 2300
f 2302 2300 2303
f 2302 2301 2300
f 2304 2303 2305
f 2304 2302 2303
f 2306 2305 2307
f 2306 2304 2305
f 2308 2307 2309
f 2308 2309 2310
f 2308 2306 2307
f 2311 2310 2312
f 2311 2308 2310
f 2313 2311 2312
f 2314 2313 2312
f 2314 2312 2315
f 2316 2314 2315
f 2316 2315 2317
f 2318 2316 2317
f 2318 2317 2319
f 2320 2319 2321
f 2320 2318 2319
f 2322 2321 2323
f 2322 2320 2321
f 2324 2323 2325
f 2324 2325 2326
f 2324 2322 2323
f 2327 2326 2328
f 2327 2324 2326
f 2329 2327 2328
f 2330 2328 2331
f 2330 2331 2332
f 2330 2329 2328
f 2333 2330 2332
f 2334 2332 2335
f 2334 2335 2336
f 2334 2333 2332
f 2337 2334 2336
f 2338 2336 2339
f 2338 2339 2340
f 2338 2337 2336
f 2341 2338 2340
f 2342 2340 2343
f 2342 2343 2344
f 2342 2341 2340
f 2345 2344 2346
f 2345 2342 2344
f 2347 2345 2346
f 2348 2346 2349
f 2348 2347 2346
f 2350 2349 2351
f 2350 2351 2352
f 2350 2348 2349
f 2353 2352 2294
f 2353 2350 2352
f 2295 2353 2294
f 2296 2354 2297
f 2297 2354 2355
f 2354 2356 2355
f 2355 2356 2357
f 2356 2358 2357
f 2357 2358 2359
f 2358 2360 2359
f 2359 2360 2361
f 2360 2362 2361
f 2361 2362 2363
f 2362 2364 2363
f 2363 2364 2365
f 2364 2366 2365
f 2365 2366 2367
f 2366 2368 2367
f 2367 2368 2369
f 2368 2370 2369
f 2369 2370 2371
f 2370 2372 2371
f 2371 2372 2373
f 2372 2374 2373
f 2373 2374 2375
f 2374 2376 2375
f 2375 2376 2377
f 2376 2378 2377
f 2377 2378 2379
f 2379 2380 2381
f 2378 2380 2379
f 2381 2382 2383
f 2380 2382 2381
f 2383 2384 2385
f 2382 2384 2383
f 2385 2386 2387
f 2384 2386 2385
f 2387 2388 2389
f 2386 2388 2387
f 2389 2390 2391
f 2388 2390 2389
f 2391 2392 2393
f 2390 2392 2391
f 2392 2394 2393
f 2393 2394 2395
f 2394 2396 2395
f 2395 2396 2397
f 2396 2398 2397
f 2397 2398 2399
f 2398 2400 2399
f 2399 2400 2401
f 2400 2402 2401
f 2401 2402 2403
f 2402 2404 2403
f 2403 2404 2405
f 2404 2406 2405
f 2405 2406 2407
f 2406 2408 2407
f 2407 2408 2409
f 2408 2410 2409
f 2409 2410 2411
f 2410 2412 2411
f 2411 2412 2413
f 2412 2414 2413
f 2413 2414 2415
f 2414 2416 2415
f 2415 2416 2417
f 2416 2418 2417
f 2417 2418 2419
f 2418 2420 2419
f 2419 2420 2421
f 2420 2422 2421
f 2421 2422 2423
f 2422 2424 2423
f 2423 2424 2425
f 2424 2426 2425
f 2425 2426 2427
f 2426 2428 2427
f 2427 2428 2429
f 2428 2430 2429
f 2429 2430 2431
f 2430 2432 2431
f 2431 2432 2433
f 2432 2434 2433
f 2433 2434 2435
f 2435 2436 2437
f 2434 2436 2435
f 2437 2438 2439
f 2436 2438 2437
f 2439 2440 2441
f 2438 2440 2439
f 2441 2442 2443
f 2440 2442 2441
f 2443 2444 2445
f 2442 2444 2443
f 2445 2446 2447
f 2444 2446 2445
f 2447 2448 2449
f 2446 2448 2447
f 2449 2450 2451
f 2448 2450 2449
f 2451 2452 2453
f 2450 2452 2451
f 2453 2454 2455
f 2455 2454 2456
f 2452 2454 2453
f 2454 2457 2456
f 2456 2458 2459
f 2457 2458 2456
f 2459 2460 2461
f 2458 2460 2459
f 2461 2462 2463
f 2460 2462 2461
f 2463 2464 2465
f 2462 2464 2463
f 2465 2466 2467
f 2464 2466 2465
f 2468 2469 2470
f 2468 2471 2469
f 2472 2470 2473
f 2472 2473 2474
f 2472 2468 2470
f 2475 2472 2474
f 2476 2474 2477
f 2476 2477 2478
f 2476 2475 2474
f 2479 2478 2480
f 2479 2476 2478
f 2481 2479 2480
f 2482 2480 2483
f 2482 2481 2480
f 2484 2483 2485
f 2484 2485 2486
f 2484 2482 2483
f 2487 2484 2486
f 2488 2487 2486
f 2488 2486 2489
f 2490 2488 2489
f 2490 2489 2491
f 2490 2491 2492
f 2493 2490 2492
f 2494 2493 2492
f 2494 2492 2495
f 2494 2495 2496
f 2497 2494 2496
f 2498 2496 2499
f 2498 2497 2496
f 2500 2499 2501
f 2500 2498 2499
f 2502 2501 2503
f 2502 2500 2501
f 2504 2503 2505
f 2504 2502 2503
f 2506 2505 2507
f 2506 2504 2505
f 2508 2507 2509
f 2508 2506 2507
f 2510 2509 2511
f 2510 2508 2509
f 2512 2511 2513
f 2512 2510 2511
f 2514 2513 2515
f 2514 2512 2513
f 2516 2515 2517
f 2516 2514 2515
f 2518 2517 2519
f 2518 2516 2517
f 2520 2519 2521
f 2520 2518 2519
f 2522 2521 2523
f 2522 2520 2521
f 2524 2523 2525
f 2524 2522 2523
f 2466 2525 2467
f 2466 2524 2525
f 2471 2526 2469
f 2471 2527 2526
f 2528 2096 2529
f 2528 2094 2096
f 2530 2529 2531
f 2530 2528 2529
f 2532 2531 2533
f 2532 2530 2531
f 2534 2533 2535
f 2534 2532 2533
f 2536 2535 2537
f 2536 2537 2538
f 2536 2534 2535
f 2539 2538 2540
f 2539 2536 2538
f 2541 2539 2540
f 2542 2541 2540
f 2542 2540 2543
f 2542 2543 2544
f 2545 2542 2544
f 2546 2544 2547
f 2546 2545 2544
f 2548 2547 2549
f 2548 2546 2547
f 2550 2549 2551
f 2550 2548 2549
f 2552 2551 2553
f 2552 2550 2551
f 2554 2553 2555
f 2554 2552 2553
f 2556 2555 2557
f 2556 2554 2555
f 2558 2557 2559
f 2558 2559 2560
f 2558 2556 2557
f 2561 2558 2560
f 2562 2560 2563
f 2562 2561 2560
f 2564 2563 2565
f 2564 2565 2566
f 2564 2562 2563
f 2567 2564 2566
f 2568 2566 2569
f 2568 2569 2570
f 2568 2567 2566
f 2571 2568 2570
f 2572 2570 2573
f 2572 2571 2570
f 2574 2573 2575
f 2574 2572 2573
f 2576 2575 2577
f 2576 2574 2575
f 2578 2577 2579
f 2578 2576 2577
f 2580 2579 2581
f 2580 2581 2582
f 2580 2578 2579
f 2583 2582 2584
f 2583 2580 2582
f 2585 2583 2584
f 2586 2584 2587
f 2586 2587 2588
f 2586 2585 2584
f 2589 2586 2588
f 2527 2588 2526
f 2527 2589 2588
f 2556 2558 2561
f 2562 2556 2561
f 2550 2552 2554
f 2567 2562 2564
f 2546 2548 2550
f 2546 2550 2554
f 2572 2568 2571
f 2574 2567 2568
f 2574 2568 2572
f 2542 2545 2546
f 2542 2554 2556
f 2542 2546 2554
f 2539 2541 2542
f 2578 2574 2576
f 2534 2536 2539
f 2534 2539 2542
f 2583 2578 2580
f 2585 2562 2567
f 2585 2567 2574
f 2585 2574 2578
f 2585 2578 2583
f 2530 2532 2534
f 2530 2534 2542
f 2589 2528 2530
f 2589 2530 2542
f 2589 2585 2586
f 2589 2542 2556
f 2589 2556 2562
f 2589 2562 2585
f 2094 2528 2589
f 2094 2589 2527
f 2471 2094 2527
f 2466 2471 2468
f 2466 2468 2472
f 2466 2472 2475
f 2466 2475 2476
f 2466 2476 2479
f 2466 2479 2481
f 2466 2481 2482
f 2466 2482 2484
f 2466 2484 2487
f 2466 2487 2488
f 2466 2488 2490
f 2466 2490 2493
f 2466 2493 2494
f 2466 2494 2497
f 2466 2497 2498
f 2466 2498 2500
f 2466 2500 2502
f 2466 2502 2504
f 2466 2504 2506
f 2466 2506 2508
f 2466 2508 2510
f 2466 2510 2512
f 2466 2512 2514
f 2466 2514 2516
f 2466 2516 2518
f 2466 2518 2520
f 2466 2520 2522
f 2466 2522 2524
f 2464 2094 2471
f 2464 2471 2466
f 2462 2094 2464
f 2460 2094 2462
f 2458 2094 2460
f 2457 2094 2458
f 2454 2094 2457
f 2452 2094 2454
f 2450 2094 2452
f 2097 2450 2448
f 2097 2448 2446
f 2097 2446 2444
f 2097 2444 2442
f 2097 2442 2440
f 2097 2440 2438
f 2097 2094 2450
f 2436 2097 2438
f 2155 2157 2158
f 2152 2155 2158
f 2152 2158 2161
f 2152 2161 2097
f 2148 2150 2152
f 2148 2152 2097
f 2143 2148 2097
f 2143 2144 2146
f 2143 2146 2148
f 2139 2143 2097
f 2139 2140 2143
f 2134 2136 2139
f 2130 2139 2097
f 2130 2133 2134
f 2130 2134 2139
f 2126 2128 2130
f 2126 2130 2097
f 2122 2124 2126
f 2120 2122 2126
f 2117 2118 2120
f 2117 2126 2097
f 2117 2120 2126
f 2114 2117 2097
f 2111 2113 2114
f 2108 2111 2114
f 2108 2114 2097
f 2104 2106 2108
f 2104 2108 2097
f 2102 2104 2097
f 2101 2098 2102
f 2101 2097 2436
f 2101 2102 2097
f 2101 2436 2434
f 2101 2434 2432
f 2101 2432 2430
f 2101 2430 2428
f 2426 2101 2428
f 2424 2101 2426
f 2422 2101 2424
f 2420 2101 2422
f 2418 2101 2420
f 2416 2101 2418
f 2414 2101 2416
f 2412 2101 2414
f 2410 2101 2412
f 2327 2322 2324
f 2329 2322 2327
f 2330 2322 2329
f 2311 2313 2314
f 2334 2322 2330
f 2334 2316 2318
f 2334 2318 2320
f 2334 2320 2322
f 2334 2330 2333
f 2337 2316 2334
f 2338 2316 2337
f 2338 2311 2314
f 2338 2308 2311
f 2338 2314 2316
f 2302 2304 2306
f 2302 2306 2308
f 2302 2308 2338
f 2302 2338 2341
f 2345 2341 2342
f 2299 2301 2302
f 2299 2302 2341
f 2299 2341 2345
f 2348 2299 2345
f 2348 2345 2347
f 2295 2299 2348
f 2295 2296 2299
f 2295 2348 2350
f 2295 2350 2353
f 2354 2296 2295
f 2234 2233 2230
f 2236 2233 2234
f 2240 2236 2238
f 2240 2233 2236
f 2243 2233 2240
f 2246 2233 2243
f 2246 2243 2245
f 2249 2233 2246
f 2250 2233 2249
f 2254 2233 2250
f 2254 2250 2252
f 2260 2254 2256
f 2260 2256 2258
f 2266 2260 2262
f 2266 2262 2265
f 2268 2233 2254
f 2268 2254 2260
f 2268 2260 2266
f 2271 2233 2268
f 2276 2271 2272
f 2276 2272 2275
f 2278 2233 2271
f 2278 2271 2276
f 2282 2278 2280
f 2287 2278 2282
f 2287 2282 2284
f 2290 2278 2287
f 2290 2287 2289
f 2229 2368 2366
f 2229 2366 2364
f 2229 2364 2362
f 2229 2362 2360
f 2229 2360 2358
f 2229 2358 2356
f 2229 2356 2354
f 2229 2295 2233
f 2229 2354 2295
f 2229 2233 2278
f 2229 2278 2290
f 2229 2290 2293
f 2163 2390 2388
f 2163 2388 2386
f 2163 2386 2384
f 2163 2384 2382
f 2163 2410 2408
f 2163 2408 2406
f 2163 2406 2404
f 2163 2404 2402
f 2163 2402 2400
f 2163 2101 2410
f 2163 2400 2398
f 2163 2398 2396
f 2163 2396 2394
f 2163 2394 2392
f 2163 2392 2390
f 2167 2382 2380
f 2167 2380 2378
f 2167 2378 2376
f 2167 2376 2374
f 2167 2374 2372
f 2167 2372 2370
f 2167 2370 2368
f 2167 2368 2229
f 2167 2163 2382
f 2168 2167 2164
f 2223 2224 2227
f 2223 2227 2163
f 2218 2221 2223
f 2218 2223 2163
f 2214 2216 2218
f 2214 2218 2163
f 2180 2172 2174
f 2180 2174 2177
f 2180 2177 2179
f 2183 2170 2172
f 2183 2172 2180
f 2210 2212 2214
f 2210 2214 2163
f 2186 2183 2184
f 2206 2209 2210
f 2206 2210 2163
f 2188 2170 2183
f 2188 2183 2186
f 2188 2163 2167
f 2188 2168 2170
f 2188 2167 2168
f 2202 2205 2206
f 2202 2206 2163
f 2192 2188 2190
f 2194 2188 2192
f 2196 2188 2194
f 2196 2163 2188
f 2196 2202 2163
f 2196 2199 2200
f 2196 2200 2202
f 2559 2557 2560
f 2557 2563 2560
f 2553 2551 2555
f 2563 2566 2565
f 2549 2547 2551
f 2551 2547 2555
f 2569 2573 2570
f 2566 2575 2569
f 2569 2575 2573
f 2544 2543 2547
f 2555 2543 2557
f 2547 2543 2555
f 2540 2538 2543
f 2575 2579 2577
f 2537 2535 2538
f 2538 2535 2543
f 2579 2582 2581
f 2563 2584 2566
f 2566 2584 2575
f 2575 2584 2579
f 2579 2584 2582
f 2533 2531 2535
f 2535 2531 2543
f 2584 2588 2587
f 2531 2526 2543
f 2584 2526 2588
f 2543 2526 2557
f 2557 2526 2563
f 2563 2526 2584
f 2529 2096 2531
f 2531 2096 2526
f 2096 2469 2526
f 2469 2467 2470
f 2470 2467 2473
f 2473 2467 2474
f 2474 2467 2477
f 2477 2467 2478
f 2478 2467 2480
f 2480 2467 2483
f 2483 2467 2485
f 2485 2467 2486
f 2486 2467 2489
f 2489 2467 2491
f 2491 2467 2492
f 2492 2467 2495
f 2495 2467 2496
f 2496 2467 2499
f 2499 2467 2501
f 2501 2467 2503
f 2503 2467 2505
f 2505 2467 2507
f 2507 2467 2509
f 2509 2467 2511
f 2511 2467 2513
f 2513 2467 2515
f 2515 2467 2517
f 2517 2467 2519
f 2519 2467 2521
f 2521 2467 2523
f 2523 2467 2525
f 2096 2465 2469
f 2469 2465 2467
f 2096 2463 2465
f 2096 2461 2463
f 2096 2459 2461
f 2096 2456 2459
f 2096 2455 2456
f 2096 2453 2455
f 2096 2451 2453
f 2441 2095 2439
f 2443 2095 2441
f 2445 2095 2443
f 2447 2095 2445
f 2449 2095 2447
f 2451 2095 2449
f 2096 2095 2451
f 2095 2437 2439
f 2156 2154 2159
f 2159 2153 2160
f 2154 2153 2159
f 2160 2153 2095
f 2151 2149 2153
f 2153 2149 2095
f 2145 2142 2147
f 2147 2142 2149
f 2149 2142 2095
f 2141 2138 2142
f 2142 2138 2095
f 2137 2135 2138
f 2135 2131 2138
f 2138 2131 2095
f 2132 2131 2135
f 2131 2127 2095
f 2129 2127 2131
f 2125 2123 2127
f 2123 2121 2127
f 2127 2116 2095
f 2121 2116 2127
f 2119 2116 2121
f 2116 2115 2095
f 2112 2110 2115
f 2115 2109 2095
f 2110 2109 2115
f 2107 2105 2109
f 2109 2105 2095
f 2105 2103 2095
f 2095 2099 2437
f 2431 2099 2429
f 2103 2099 2095
f 2433 2099 2431
f 2435 2099 2433
f 2437 2099 2435
f 2100 2099 2103
f 2099 2427 2429
f 2099 2425 2427
f 2099 2423 2425
f 2099 2421 2423
f 2099 2419 2421
f 2099 2417 2419
f 2099 2415 2417
f 2099 2413 2415
f 2099 2411 2413
f 2323 2326 2325
f 2323 2328 2326
f 2323 2331 2328
f 2312 2310 2315
f 2331 2335 2332
f 2323 2335 2331
f 2317 2335 2319
f 2319 2335 2321
f 2321 2335 2323
f 2317 2336 2335
f 2317 2339 2336
f 2310 2339 2315
f 2309 2339 2310
f 2315 2339 2317
f 2339 2303 2340
f 2309 2303 2339
f 2305 2303 2307
f 2307 2303 2309
f 2340 2344 2343
f 2340 2298 2344
f 2303 2298 2340
f 2300 2298 2303
f 2344 2349 2346
f 2298 2349 2344
f 2349 2294 2351
f 2351 2294 2352
f 2298 2294 2349
f 2297 2294 2298
f 2297 2355 2294
f 2231 2235 2232
f 2231 2237 2235
f 2231 2241 2237
f 2237 2241 2239
f 2231 2242 2241
f 2231 2247 2242
f 2242 2247 2244
f 2231 2248 2247
f 2231 2251 2248
f 2251 2255 2253
f 2231 2255 2251
f 2255 2261 2257
f 2257 2261 2259
f 2261 2267 2263
f 2263 2267 2264
f 2231 2269 2255
f 2255 2269 2261
f 2261 2269 2267
f 2231 2270 2269
f 2270 2277 2273
f 2273 2277 2274
f 2231 2279 2270
f 2270 2279 2277
f 2279 2283 2281
f 2283 2286 2285
f 2279 2286 2283
f 2286 2291 2288
f 2279 2291 2286
f 2294 2228 2231
f 2357 2228 2355
f 2359 2228 2357
f 2361 2228 2359
f 2363 2228 2361
f 2365 2228 2363
f 2367 2228 2365
f 2369 2228 2367
f 2355 2228 2294
f 2291 2228 2292
f 2231 2228 2279
f 2279 2228 2291
f 2385 2162 2383
f 2387 2162 2385
f 2389 2162 2387
f 2391 2162 2389
f 2393 2162 2391
f 2395 2162 2393
f 2397 2162 2395
f 2399 2162 2397
f 2401 2162 2399
f 2403 2162 2401
f 2405 2162 2403
f 2407 2162 2405
f 2409 2162 2407
f 2411 2162 2409
f 2099 2162 2411
f 2162 2165 2383
f 2371 2165 2369
f 2373 2165 2371
f 2375 2165 2373
f 2377 2165 2375
f 2379 2165 2377
f 2381 2165 2379
f 2383 2165 2381
f 2369 2165 2228
f 2165 2169 2166
f 2225 2222 2226
f 2226 2222 2162
f 2220 2219 2222
f 2222 2219 2162
f 2217 2215 2219
f 2219 2215 2162
f 2173 2181 2175
f 2175 2181 2176
f 2176 2181 2178
f 2171 2182 2173
f 2173 2182 2181
f 2215 2211 2162
f 2213 2211 2215
f 2182 2187 2185
f 2208 2207 2211
f 2211 2207 2162
f 2171 2189 2182
f 2182 2189 2187
f 2162 2189 2165
f 2169 2189 2171
f 2165 2189 2169
f 2207 2203 2162
f 2204 2203 2207
f 2189 2193 2191
f 2189 2195 2193
f 2203 2197 2162
f 2162 2197 2189
f 2189 2197 2195
f 2198 2197 2201
f 2201 2197 2203
f 2590 2591 2592
f 2590 2593 2591
f 2594 2592 2595
f 2594 2595 2596
f 2594 2590 2592
f 2597 2594 2596
f 2598 2596 2599
f 2598 2599 2600
f 2598 2597 2596
f 2601 2598 2600
f 2602 2600 2603
f 2602 2603 2604
f 2602 2601 2600
f 2605 2602 2604
f 2606 2604 2607
f 2606 2607 2608
f 2606 2605 2604
f 2609 2606 2608
f 2610 2608 2611
f 2610 2609 2608
f 2612 2611 2613
f 2612 2610 2611
f 2614 2613 2615
f 2614 2612 2613
f 2616 2614 2615
f 2616 2615 2617
f 2618 2616 2617
f 2618 2617 2619
f 2618 2619 2620
f 2621 2618 2620
f 2622 2621 2620
f 2622 2620 2623
f 2622 2623 2624
f 2625 2622 2624
f 2626 2624 2627
f 2626 2625 2624
f 2626 2627 2628
f 2629 2628 2630
f 2629 2626 2628
f 2631 2629 2630
f 2632 2630 2633
f 2632 2631 2630
f 2593 2634 2591
f 2593 2635 2634
f 2636 2637 2638
f 2636 2639 2637
f 2640 2638 2641
f 2640 2636 2638
f 2642 2641 2643
f 2642 2640 2641
f 2644 2643 2645
f 2644 2642 2643
f 2646 2645 2647
f 2646 2644 2645
f 2648 2647 2649
f 2648 2646 2647
f 2650 2649 2651
f 2650 2648 2649
f 2652 2651 2653
f 2652 2653 2654
f 2652 2650 2651
f 2655 2652 2654
f 2656 2654 2657
f 2656 2655 2654
f 2658 2657 2659
f 2658 2656 2657
f 2660 2659 2661
f 2660 2658 2659
f 2662 2660 2661
f 2662 2661 2663
f 2664 2662 2663
f 2664 2663 2665
f 2666 2664 2665
f 2666 2665 2667
f 2668 2666 2667
f 2668 2667 2669
f 2670 2668 2669
f 2670 2669 2671
f 2670 2671 2672
f 2673 2670 2672
f 2674 2672 2675
f 2674 2675 2676
f 2674 2673 2672
f 2677 2676 2634
f 2677 2674 2676
f 2635 2677 2634
f 2639 2678 2637
f 2639 2679 2678
f 2680 2681 2682
f 2680 2683 2681
f 2684 2682 2685
f 2684 2680 2682
f 2686 2685 2687
f 2686 2684 2685
f 2688 2687 2689
f 2688 2686 2687
f 2690 2689 2691
f 2690 2691 2692
f 2690 2688 2689
f 2693 2690 2692
f 2694 2692 2695
f 2694 2695 2696
f 2694 2693 2692
f 2697 2694 2696
f 2698 2696 2699
f 2698 2697 2696
f 2700 2699 2701
f 2700 2698 2699
f 2702 2701 2703
f 2702 2700 2701
f 2704 2703 2705
f 2704 2702 2703
f 2706 2704 2705
f 2706 2705 2707
f 2708 2706 2707
f 2708 2707 2709
f 2710 2708 2709
f 2710 2709 2711
f 2712 2710 2711
f 2712 2711 2713
f 2712 2713 2714
f 2715 2712 2714
f 2716 2714 2717
f 2716 2715 2714
f 2718 2717 2719
f 2718 2716 2717
f 2720 2719 2721
f 2720 2721 2678
f 2720 2718 2719
f 2679 2720 2678
f 2683 2722 2681
f 2683 2723 2722
f 2724 2725 2726
f 2724 2727 2725
f 2728 2726 2729
f 2728 2724 2726
f 2730 2729 2731
f 2730 2728 2729
f 2732 2731 2733
f 2732 2730 2731
f 2734 2733 2735
f 2734 2732 2733
f 2736 2735 2737
f 2736 2737 2738
f 2736 2734 2735
f 2739 2736 2738
f 2740 2738 2741
f 2740 2739 2738
f 2742 2741 2743
f 2742 2740 2741
f 2744 2743 2745
f 2744 2742 2743
f 2746 2745 2747
f 2746 2744 2745
f 2748 2747 2749
f 2748 2746 2747
f 2750 2748 2749
f 2750 2749 2751
f 2752 2750 2751
f 2752 2751 2753
f 2754 2752 2753
f 2754 2753 2755
f 2756 2754 2755
f 2756 2755 2757
f 2758 2756 2757
f 2758 2757 2759
f 2758 2759 2760
f 2761 2758 2760
f 2762 2760 2763
f 2762 2761 2760
f 2764 2763 2765
f 2764 2765 2722
f 2764 2762 2763
f 2723 2764 2722
f 2727 2766 2725
f 2727 2767 2766
f 2768 2769 2770
f 2768 2771 2769
f 2772 2770 2773
f 2772 2768 2770
f 2774 2773 2775
f 2774 2772 2773
f 2776 2775 2777
f 2776 2774 2775
f 2778 2777 2779
f 2778 2776 2777
f 2780 2779 2781
f 2780 2778 2779
f 2782 2781 2783
f 2782 2780 2781
f 2784 2783 2785
f 2784 2785 2786
f 2784 2782 2783
f 2787 2784 2786
f 2788 2786 2789
f 2788 2787 2786
f 2790 2789 2791
f 2790 2788 2789
f 2792 2791 2793
f 2792 2790 2791
f 2794 2792 2793
f 2794 2793 2795
f 2796 2794 2795
f 2796 2795 2797
f 2798 2796 2797
f 2798 2797 2799
f 2800 2798 2799
f 2800 2799 2801
f 2802 2800 2801
f 2802 2801 2803
f 2802 2803 2804
f 2805 2802 2804
f 2806 2804 2807
f 2806 2807 2808
f 2806 2805 2804
f 2809 2808 2766
f 2809 2806 2808
f 2767 2809 2766
f 2771 2810 2769
f 2771 2811 2810
f 2812 2813 2814
f 2812 2815 2813
f 2816 2814 2817
f 2816 2812 2814
f 2818 2817 2819
f 2818 2819 2820
f 2818 2816 2817
f 2821 2818 2820
f 2822 2820 2823
f 2822 2821 2820
f 2824 2823 2825
f 2824 2822 2823
f 2826 2825 2827
f 2826 2824 2825
f 2828 2827 2829
f 2828 2826 2827
f 2830 2829 2831
f 2830 2831 2832
f 2830 2828 2829
f 2833 2832 2834
f 2833 2830 2832
f 2835 2833 2834
f 2836 2834 2837
f 2836 2835 2834
f 2838 2836 2837
f 2838 2837 2839
f 2840 2838 2839
f 2840 2839 2841
f 2842 2840 2841
f 2842 2841 2843
f 2844 2842 2843
f 2844 2843 2845
f 2846 2844 2845
f 2846 2845 2847
f 2848 2847 2849
f 2848 2846 2847
f 2850 2849 2851
f 2850 2848 2849
f 2852 2851 2853
f 2852 2853 2810
f 2852 2850 2851
f 2811 2852 2810
f 2815 2633 2813
f 2815 2632 2633
f 2616 2618 2621
f 2616 2621 2622
f 2616 2622 2625
f 2612 2614 2616
f 2612 2625 2626
f 2612 2626 2629
f 2612 2629 2631
f 2612 2616 2625
f 2632 2612 2631
f 2609 2610 2612
f 2605 2606 2609
f 2602 2609 2612
f 2602 2612 2632
f 2602 2605 2609
f 2598 2601 2602
f 2590 2594 2597
f 2593 2597 2598
f 2593 2598 2602
f 2593 2602 2632
f 2593 2590 2597
f 2818 2812 2816
f 2824 2818 2821
f 2824 2821 2822
f 2826 2815 2812
f 2826 2812 2818
f 2826 2818 2824
f 2830 2826 2828
f 2833 2826 2830
f 2833 2815 2826
f 2838 2833 2835
f 2838 2835 2836
f 2846 2838 2840
f 2846 2840 2842
f 2846 2842 2844
f 2848 2833 2838
f 2848 2838 2846
f 2852 2815 2833
f 2852 2833 2848
f 2852 2848 2850
f 2811 2632 2815
f 2811 2815 2852
f 2674 2677 2635
f 2673 2674 2635
f 2666 2668 2670
f 2664 2670 2673
f 2664 2673 2635
f 2664 2666 2670
f 2660 2662 2664
f 2660 2664 2635
f 2656 2658 2660
f 2656 2660 2635
f 2655 2656 2635
f 2650 2652 2655
f 2648 2650 2655
f 2646 2648 2655
f 2644 2646 2655
f 2642 2644 2655
f 2640 2642 2655
f 2636 2655 2635
f 2636 2640 2655
f 2639 2635 2593
f 2639 2636 2635
f 2639 2593 2632
f 2771 2632 2811
f 2771 2639 2632
f 2776 2768 2772
f 2776 2772 2774
f 2778 2768 2776
f 2780 2771 2768
f 2780 2768 2778
f 2782 2771 2780
f 2784 2771 2782
f 2790 2784 2787
f 2790 2787 2788
f 2790 2771 2784
f 2794 2790 2792
f 2800 2796 2798
f 2802 2796 2800
f 2806 2802 2805
f 2767 2796 2802
f 2767 2802 2806
f 2767 2794 2796
f 2767 2806 2809
f 2767 2771 2790
f 2767 2790 2794
f 2716 2718 2720
f 2712 2716 2720
f 2712 2715 2716
f 2708 2710 2712
f 2706 2708 2712
f 2698 2700 2702
f 2698 2702 2704
f 2698 2704 2706
f 2694 2712 2720
f 2694 2706 2712
f 2694 2698 2706
f 2694 2697 2698
f 2688 2690 2693
f 2688 2693 2694
f 2686 2688 2694
f 2680 2684 2686
f 2683 2694 2720
f 2683 2686 2694
f 2683 2680 2686
f 2683 2720 2679
f 2727 2771 2767
f 2730 2727 2724
f 2730 2724 2728
f 2736 2730 2732
f 2736 2732 2734
f 2740 2736 2739
f 2740 2727 2730
f 2740 2730 2736
f 2744 2740 2742
f 2744 2727 2740
f 2723 2771 2727
f 2723 2683 2679
f 2723 2639 2771
f 2723 2679 2639
f 2764 2723 2727
f 2750 2746 2748
f 2761 2762 2764
f 2752 2744 2746
f 2752 2746 2750
f 2756 2752 2754
f 2756 2758 2761
f 2756 2727 2744
f 2756 2764 2727
f 2756 2761 2764
f 2756 2744 2752
f 2619 2617 2620
f 2620 2617 2623
f 2623 2617 2624
f 2615 2613 2617
f 2624 2613 2627
f 2627 2613 2628
f 2617 2613 2624
f 2611 2608 2613
f 2628 2608 2630
f 2613 2608 2628
f 2608 2607 2630
f 2604 2603 2607
f 2600 2599 2603
f 2603 2599 2607
f 2599 2596 2607
f 2595 2592 2596
f 2607 2592 2630
f 2596 2592 2607
f 2630 2591 2633
f 2592 2591 2630
f 2591 2813 2633
f 2813 2817 2814
f 2813 2819 2817
f 2813 2820 2819
f 2813 2823 2820
f 2813 2825 2823
f 2813 2827 2825
f 2813 2829 2827
f 2813 2831 2829
f 2813 2832 2831
f 2813 2834 2832
f 2813 2837 2834
f 2813 2839 2837
f 2813 2841 2839
f 2813 2843 2841
f 2813 2845 2843
f 2813 2847 2845
f 2813 2849 2847
f 2813 2851 2849
f 2813 2853 2851
f 2813 2810 2853
f 2676 2675 2634
f 2675 2672 2634
f 2669 2667 2671
f 2671 2665 2672
f 2672 2665 2634
f 2667 2665 2671
f 2663 2661 2665
f 2665 2661 2634
f 2661 2657 2634
f 2659 2657 2661
f 2657 2654 2634
f 2653 2651 2654
f 2651 2649 2654
f 2649 2647 2654
f 2647 2645 2654
f 2645 2643 2654
f 2643 2641 2654
f 2654 2638 2634
f 2641 2638 2654
f 2634 2637 2591
f 2638 2637 2634
f 2591 2637 2813
f 2813 2769 2810
f 2770 2777 2773
f 2773 2777 2775
f 2770 2779 2777
f 2769 2781 2770
f 2770 2781 2779
f 2769 2783 2781
f 2769 2785 2783
f 2785 2791 2786
f 2786 2791 2789
f 2769 2791 2785
f 2791 2795 2793
f 2797 2801 2799
f 2797 2803 2801
f 2803 2807 2804
f 2797 2766 2803
f 2803 2766 2807
f 2795 2766 2797
f 2807 2766 2808
f 2791 2766 2795
f 2769 2766 2791
f 2719 2717 2721
f 2717 2713 2721
f 2714 2713 2717
f 2711 2709 2713
f 2709 2707 2713
f 2701 2699 2703
f 2703 2699 2705
f 2705 2699 2707
f 2713 2695 2721
f 2707 2695 2713
f 2699 2695 2707
f 2696 2695 2699
f 2691 2689 2692
f 2692 2689 2695
f 2689 2687 2695
f 2685 2682 2687
f 2695 2681 2721
f 2687 2681 2695
f 2682 2681 2687
f 2721 2681 2678
f 2813 2725 2769
f 2769 2725 2766
f 2725 2731 2726
f 2726 2731 2729
f 2731 2737 2733
f 2733 2737 2735
f 2737 2741 2738
f 2725 2741 2731
f 2731 2741 2737
f 2741 2745 2743
f 2725 2745 2741
f 2681 2722 2678
f 2637 2722 2813
f 2678 2722 2637
f 2813 2722 2725
f 2722 2765 2725
f 2747 2751 2749
f 2763 2760 2765
f 2747 2753 2751
f 2745 2753 2747
f 2753 2757 2755
f 2759 2757 2760
f 2725 2757 2745
f 2765 2757 2725
f 2745 2757 2753
f 2760 2757 2765