mtllib peg.mtl
o obj2

v -282.548545 181.004883 -35.000000
v -306.692888 205.149231 -75.000000
v -282.548545 181.004883 -75.000000
v -306.692888 205.149231 -35.000000
v -308.078992 208.276230 -35.000000
v -308.084716 208.509399 -75.000000
v -308.078992 208.276230 -75.000000
v -308.084716 208.509399 -35.000000
v -308.061834 208.043625 -35.000000
v -308.061834 208.043625 -75.000000
v -308.033283 207.812134 -75.000000
v -308.033283 207.812134 -35.000000
v -307.993408 207.582336 -35.000000
v -307.993408 207.582336 -75.000000
v -307.942305 207.354767 -75.000000
v -307.942305 207.354767 -35.000000
v -307.880097 207.129974 -75.000000
v -307.880097 207.129974 -35.000000
v -307.806934 206.908508 -35.000000
v -307.806934 206.908508 -75.000000
v -307.722992 206.690887 -35.000000
v -307.722992 206.690887 -75.000000
v -307.628473 206.477661 -35.000000
v -307.628473 206.477661 -75.000000
v -307.523606 206.269318 -75.000000
v -307.523606 206.269318 -35.000000
v -307.408643 206.066391 -75.000000
v -307.408643 206.066391 -35.000000
v -307.283860 205.869339 -35.000000
v -307.283860 205.869339 -75.000000
v -307.149558 205.678635 -35.000000
v -307.149558 205.678635 -75.000000
v -307.006062 205.494766 -35.000000
v -307.006062 205.494766 -75.000000
v -306.853716 205.318146 -35.000000
v -306.853716 205.318146 -75.000000
v -308.084716 233.976746 -75.000000
v -308.084716 233.976746 -35.000000
v -303.332716 238.728745 -35.000000
v -303.332716 238.728745 -75.000000
v -303.565886 238.723022 -75.000000
v -303.565886 238.723022 -35.000000
v -303.798494 238.705856 -75.000000
v -303.798494 238.705856 -35.000000
v -304.029979 238.677307 -35.000000
v -304.029979 238.677307 -75.000000
v -304.259785 238.637436 -35.000000
v -304.259785 238.637436 -75.000000
v -304.487358 238.586334 -35.000000
v -304.487358 238.586334 -75.000000
v -304.712149 238.524124 -35.000000
v -304.712149 238.524124 -75.000000
v -304.933617 238.450958 -75.000000
v -304.933617 238.450958 -35.000000
v -305.151228 238.367020 -35.000000
v -305.151228 238.367020 -75.000000
v -305.364458 238.272507 -35.000000
v -305.364458 238.272507 -75.000000
v -305.572793 238.167633 -75.000000
v -305.572793 238.167633 -35.000000
v -305.775732 238.052673 -35.000000
v -305.775732 238.052673 -75.000000
v -305.972786 237.927887 -35.000000
v -305.972786 237.927887 -75.000000
v -306.163479 237.793579 -35.000000
v -306.163479 237.793579 -75.000000
v -306.347353 237.650085 -75.000000
v -306.347353 237.650085 -35.000000
v -306.523964 237.497742 -35.000000
v -306.523964 237.497742 -75.000000
v -306.692888 237.336914 -75.000000
v -306.692888 237.336914 -35.000000
v -306.853716 237.167984 -35.000000
v -306.853716 237.167984 -75.000000
v -307.006062 236.991379 -75.000000
v -307.006062 236.991379 -35.000000
v -307.149558 236.807510 -35.000000
v -307.149558 236.807510 -75.000000
v -307.283860 236.616806 -35.000000
v -307.283860 236.616806 -75.000000
v -307.408643 236.419754 -35.000000
v -307.408643 236.419754 -75.000000
v -307.523606 236.216827 -35.000000
v -307.523606 236.216827 -75.000000
v -307.628473 236.008484 -35.000000
v -307.628473 236.008484 -75.000000
v -307.722992 235.795258 -35.000000
v -307.722992 235.795258 -75.000000
v -307.806934 235.577637 -75.000000
v -307.806934 235.577637 -35.000000
v -307.880097 235.356171 -35.000000
v -307.880097 235.356171 -75.000000
v -307.942305 235.131378 -35.000000
v -307.942305 235.131378 -75.000000
v -307.993408 234.903809 -35.000000
v -307.993408 234.903809 -75.000000
v -308.033283 234.674011 -35.000000
v -308.033283 234.674011 -75.000000
v -308.061834 234.442520 -35.000000
v -308.061834 234.442520 -75.000000
v -308.078992 234.209915 -75.000000
v -308.078992 234.209915 -35.000000
v -249.476716 238.728745 -75.000000
v -249.476716 238.728745 -35.000000
v -244.724717 233.976746 -35.000000
v -244.724717 233.976746 -75.000000
v -244.730439 234.209915 -75.000000
v -244.730439 234.209915 -35.000000
v -244.747597 234.442520 -75.000000
v -244.747597 234.442520 -35.000000
v -244.776150 234.674011 -35.000000
v -244.776150 234.674011 -75.000000
v -244.816025 234.903809 -35.000000
v -244.816025 234.903809 -75.000000
v -244.867127 235.131378 -35.000000
v -244.867127 235.131378 -75.000000
v -244.929337 235.356171 -35.000000
v -244.929337 235.356171 -75.000000
v -245.002499 235.577637 -75.000000
v -245.002499 235.577637 -35.000000
v -245.086442 235.795258 -35.000000
v -245.086442 235.795258 -75.000000
v -245.180959 236.008484 -35.000000
v -245.180959 236.008484 -75.000000
v -245.285825 236.216827 -75.000000
v -245.285825 236.216827 -35.000000
v -245.400788 236.419754 -35.000000
v -245.400788 236.419754 -75.000000
v -245.525574 236.616806 -35.000000
v -245.525574 236.616806 -75.000000
v -245.659875 236.807510 -35.000000
v -245.659875 236.807510 -75.000000
v -245.803372 236.991379 -75.000000
v -245.803372 236.991379 -35.000000
v -245.955716 237.167984 -35.000000
v -245.955716 237.167984 -75.000000
v -246.116544 237.336914 -75.000000
v -246.116544 237.336914 -35.000000
v -246.285470 237.497742 -35.000000
v -246.285470 237.497742 -75.000000
v -246.462079 237.650085 -75.000000
v -246.462079 237.650085 -35.000000
v -246.645955 237.793579 -35.000000
v -246.645955 237.793579 -75.000000
v -246.836648 237.927887 -35.000000
v -246.836648 237.927887 -75.000000
v -247.033700 238.052673 -35.000000
v -247.033700 238.052673 -75.000000
v -247.236638 238.167633 -35.000000
v -247.236638 238.167633 -75.000000
v -247.444974 238.272507 -35.000000
v -247.444974 238.272507 -75.000000
v -247.658204 238.367020 -35.000000
v -247.658204 238.367020 -75.000000
v -247.875817 238.450958 -75.000000
v -247.875817 238.450958 -35.000000
v -248.097283 238.524124 -35.000000
v -248.097283 238.524124 -75.000000
v -248.322076 238.586334 -35.000000
v -248.322076 238.586334 -75.000000
v -248.549645 238.637436 -35.000000
v -248.549645 238.637436 -75.000000
v -248.779454 238.677307 -35.000000
v -248.779454 238.677307 -75.000000
v -249.010937 238.705856 -35.000000
v -249.010937 238.705856 -75.000000
v -249.243546 238.723022 -75.000000
v -249.243546 238.723022 -35.000000
v -244.724717 208.509399 -75.000000
v -244.724717 208.509399 -35.000000
v -246.116544 205.149231 -35.000000
v -246.116544 205.149231 -75.000000
v -245.955716 205.318146 -75.000000
v -245.955716 205.318146 -35.000000
v -245.803372 205.494766 -75.000000
v -245.803372 205.494766 -35.000000
v -245.659875 205.678635 -35.000000
v -245.659875 205.678635 -75.000000
v -245.525574 205.869339 -35.000000
v -245.525574 205.869339 -75.000000
v -245.400788 206.066391 -35.000000
v -245.400788 206.066391 -75.000000
v -245.285825 206.269318 -35.000000
v -245.285825 206.269318 -75.000000
v -245.180959 206.477661 -75.000000
v -245.180959 206.477661 -35.000000
v -245.086442 206.690887 -35.000000
v -245.086442 206.690887 -75.000000
v -245.002499 206.908508 -35.000000
v -245.002499 206.908508 -75.000000
v -244.929337 207.129974 -75.000000
v -244.929337 207.129974 -35.000000
v -244.867127 207.354767 -35.000000
v -244.867127 207.354767 -75.000000
v -244.816025 207.582336 -35.000000
v -244.816025 207.582336 -75.000000
v -244.776150 207.812134 -35.000000
v -244.776150 207.812134 -75.000000
v -244.747597 208.043625 -75.000000
v -244.747597 208.043625 -35.000000
v -244.730439 208.276230 -35.000000
v -244.730439 208.276230 -75.000000
v -270.260888 181.004883 -75.000000
v -270.260888 181.004883 -35.000000
v -273.387889 179.618790 -35.000000
v -273.621058 179.613052 -75.000000
v -273.387889 179.618790 -75.000000
v -273.621058 179.613052 -35.000000
v -273.155282 179.635941 -35.000000
v -273.155282 179.635941 -75.000000
v -272.923796 179.664490 -35.000000
v -272.923796 179.664490 -75.000000
v -272.693990 179.704361 -35.000000
v -272.693990 179.704361 -75.000000
v -272.466416 179.755463 -75.000000
v -272.466416 179.755463 -35.000000
v -272.241627 179.817673 -35.000000
v -272.241627 179.817673 -75.000000
v -272.020158 179.890839 -35.000000
v -272.020158 179.890839 -75.000000
v -271.802548 179.974777 -35.000000
v -271.802548 179.974777 -75.000000
v -271.589318 180.069305 -35.000000
v -271.589318 180.069305 -75.000000
v -271.380982 180.174164 -35.000000
v -271.380982 180.174164 -75.000000
v -271.178044 180.289139 -75.000000
v -271.178044 180.289139 -35.000000
v -270.980988 180.413910 -75.000000
v -270.980988 180.413910 -35.000000
v -270.790295 180.548218 -35.000000
v -270.790295 180.548218 -75.000000
v -270.606423 180.691711 -35.000000
v -270.606423 180.691711 -75.000000
v -270.429810 180.844055 -75.000000
v -270.429810 180.844055 -35.000000
v -279.188374 179.613052 -75.000000
v -279.188374 179.613052 -35.000000
v -282.379622 180.844055 -75.000000
v -282.379622 180.844055 -35.000000
v -282.203009 180.691711 -75.000000
v -282.203009 180.691711 -35.000000
v -282.019137 180.548218 -35.000000
v -282.019137 180.548218 -75.000000
v -281.828442 180.413910 -35.000000
v -281.828442 180.413910 -75.000000
v -281.631390 180.289139 -35.000000
v -281.631390 180.289139 -75.000000
v -281.428450 180.174164 -35.000000
v -281.428450 180.174164 -75.000000
v -281.220114 180.069305 -75.000000
v -281.220114 180.069305 -35.000000
v -281.006884 179.974777 -35.000000
v -281.006884 179.974777 -75.000000
v -280.789273 179.890839 -35.000000
v -280.789273 179.890839 -75.000000
v -280.567807 179.817673 -75.000000
v -280.567807 179.817673 -35.000000
v -280.343014 179.755463 -35.000000
v -280.343014 179.755463 -75.000000
v -280.115443 179.704361 -35.000000
v -280.115443 179.704361 -75.000000
v -279.885636 179.664490 -35.000000
v -279.885636 179.664490 -75.000000
v -279.654151 179.635941 -75.000000
v -279.654151 179.635941 -35.000000
v -279.421544 179.618790 -35.000000
v -279.421544 179.618790 -75.000000
v -283.371642 188.988693 -35.000000
v -283.040759 188.649460 -35.000000
v -282.693379 188.327133 -35.000000
v -283.685202 189.344009 -35.000000
v -282.330363 188.022537 -35.000000
v -283.980664 189.714508 -35.000000
v -281.952616 187.736404 -35.000000
v -284.257289 190.099258 -35.000000
v -281.561076 187.469452 -35.000000
v -284.514394 190.497345 -35.000000
v -281.156716 187.222351 -35.000000
v -284.751334 190.907730 -35.000000
v -280.740542 186.995712 -35.000000
v -284.967524 191.329422 -35.000000
v -280.313588 186.790100 -35.000000
v -285.162427 191.761368 -35.000000
v -279.876918 186.606033 -35.000000
v -285.335555 192.202499 -35.000000
v -279.431613 186.443954 -35.000000
v -285.486480 192.651703 -35.000000
v -278.978783 186.304276 -35.000000
v -285.614827 193.107880 -35.000000
v -278.519555 186.187347 -35.000000
v -285.720275 193.569870 -35.000000
v -278.055068 186.093445 -35.000000
v -285.802563 194.036560 -35.000000
v -277.586478 186.022812 -35.000000
v -285.861489 194.506760 -35.000000
v -277.114951 185.975632 -35.000000
v -285.896903 194.979324 -35.000000
v -276.641658 185.952011 -35.000000
v -285.908717 195.453064 -35.000000
v -276.167775 185.952011 -35.000000
v -285.896903 195.926788 -35.000000
v -275.694482 185.975632 -35.000000
v -285.861489 196.399353 -35.000000
v -275.222955 186.022812 -35.000000
v -285.802563 196.869553 -35.000000
v -274.754365 186.093445 -35.000000
v -285.720275 197.336243 -35.000000
v -274.289878 186.187347 -35.000000
v -285.614827 197.798248 -35.000000
v -273.830649 186.304276 -35.000000
v -285.486480 198.254410 -35.000000
v -273.377820 186.443954 -35.000000
v -285.335555 198.703613 -35.000000
v -272.932515 186.606033 -35.000000
v -272.495843 186.790100 -35.000000
v -272.068890 186.995712 -35.000000
v -271.652714 187.222351 -35.000000
v -271.248357 187.469452 -35.000000
v -270.856816 187.736404 -35.000000
v -299.211641 216.424377 -35.000000
v -298.880759 216.085144 -35.000000
v -298.533378 215.762817 -35.000000
v -299.525203 216.779694 -35.000000
v -298.170363 215.458221 -35.000000
v -299.820664 217.150192 -35.000000
v -297.792616 215.172089 -35.000000
v -300.097289 217.534943 -35.000000
v -297.401076 214.905136 -35.000000
v -270.479069 188.022537 -35.000000
v -300.354393 217.933029 -35.000000
v -296.996716 214.658035 -35.000000
v -300.591334 218.343414 -35.000000
v -296.580542 214.431396 -35.000000
v -300.807524 218.765106 -35.000000
v -296.153589 214.225784 -35.000000
v -301.002426 219.197052 -35.000000
v -270.116055 188.327133 -35.000000
v -295.716918 214.041718 -35.000000
v -301.175555 219.638184 -35.000000
v -295.271613 213.879639 -35.000000
v -301.326480 220.087387 -35.000000
v -269.768674 188.649460 -35.000000
v -294.818784 213.739960 -35.000000
v -301.454827 220.543564 -35.000000
v -294.359555 213.623032 -35.000000
v -301.560276 221.005569 -35.000000
v -269.437791 188.988693 -35.000000
v -293.895069 213.529129 -35.000000
v -285.162427 199.144745 -35.000000
v -301.642564 221.472244 -35.000000
v -293.426479 213.458496 -35.000000
v -284.967524 199.576691 -35.000000
v -269.124230 189.344009 -35.000000
v -301.701489 221.942444 -35.000000
v -292.954951 213.411316 -35.000000
v -284.751334 199.998383 -35.000000
v -301.736902 222.415009 -35.000000
v -268.828770 189.714508 -35.000000
v -292.481658 213.387695 -35.000000
v -284.514394 200.408783 -35.000000
v -292.007775 213.387695 -35.000000
v -284.257289 200.806854 -35.000000
v -268.552144 190.099258 -35.000000
v -291.534482 213.411316 -35.000000
v -283.980664 201.191620 -35.000000
v -268.295041 190.497345 -35.000000
v -291.062954 213.458496 -35.000000
v -283.685202 201.562119 -35.000000
v -268.058099 190.907730 -35.000000
v -290.594364 213.529129 -35.000000
v -283.371642 201.917419 -35.000000
v -267.841908 191.329422 -35.000000
v -290.129877 213.623032 -35.000000
v -283.040759 202.256653 -35.000000
v -289.670648 213.739960 -35.000000
v -282.693379 202.578979 -35.000000
v -289.217819 213.879639 -35.000000
v -282.330363 202.883591 -35.000000
v -288.772515 214.041718 -35.000000
v -281.952616 203.169724 -35.000000
v -288.335843 214.225784 -35.000000
v -281.561076 203.436661 -35.000000
v -301.748716 222.888748 -35.000000
v -301.175555 226.139297 -35.000000
v -301.002426 226.580429 -35.000000
v -301.326480 225.690094 -35.000000
v -301.454827 225.233932 -35.000000
v -301.560276 224.771927 -35.000000
v -301.642564 224.305237 -35.000000
v -301.701489 223.835037 -35.000000
v -301.736902 223.362473 -35.000000
v -300.807524 227.012375 -35.000000
v -287.908890 214.431396 -35.000000
v -281.156716 203.683762 -35.000000
v -300.591334 227.434067 -35.000000
v -287.492717 214.658035 -35.000000
v -280.740542 203.910400 -35.000000
v -300.354393 227.844467 -35.000000
v -287.088357 214.905136 -35.000000
v -280.313588 204.116013 -35.000000
v -300.097289 228.242538 -35.000000
v -286.696816 215.172089 -35.000000
v -279.876918 204.300079 -35.000000
v -299.820664 228.627304 -35.000000
v -286.319070 215.458221 -35.000000
v -299.525203 228.997803 -35.000000
v -285.956053 215.762817 -35.000000
v -279.431613 204.462158 -35.000000
v -299.211641 229.353104 -35.000000
v -285.608674 216.085144 -35.000000
v -278.978783 204.601837 -35.000000
v -278.519555 204.718781 -35.000000
v -298.880759 229.692337 -35.000000
v -285.277791 216.424377 -35.000000
v -278.055068 204.812668 -35.000000
v -284.964230 216.779694 -35.000000
v -277.586478 204.883301 -35.000000
v -284.668769 217.150192 -35.000000
v -277.114951 204.930481 -35.000000
v -284.392142 217.534943 -35.000000
v -276.641658 204.954102 -35.000000
v -284.135039 217.933029 -35.000000
v -276.167775 204.954102 -35.000000
v -296.996716 231.119446 -35.000000
v -296.580542 231.346085 -35.000000
v -297.401076 230.872345 -35.000000
v -297.792616 230.605408 -35.000000
v -298.170363 230.319275 -35.000000
v -298.533378 230.014664 -35.000000
v -296.153589 231.551697 -35.000000
v -295.716918 231.735764 -35.000000
v -295.271613 231.897842 -35.000000
v -294.818784 232.037521 -35.000000
v -294.359555 232.154465 -35.000000
v -293.895069 232.248352 -35.000000
v -293.426479 232.318985 -35.000000
v -292.954951 232.366165 -35.000000
v -292.481658 232.389786 -35.000000
v -292.007775 232.389786 -35.000000
v -291.534482 232.366165 -35.000000
v -291.062954 232.318985 -35.000000
v -290.594364 232.248352 -35.000000
v -290.129877 232.154465 -35.000000
v -267.200761 216.085144 -35.000000
v -274.289878 204.718781 -35.000000
v -273.830649 204.601837 -35.000000
v -267.531640 216.424377 -35.000000
v -274.754365 204.812668 -35.000000
v -266.853379 215.762817 -35.000000
v -273.377820 204.462158 -35.000000
v -267.845204 216.779694 -35.000000
v -275.222955 204.883301 -35.000000
v -266.490365 215.458221 -35.000000
v -272.932515 204.300079 -35.000000
v -268.140664 217.150192 -35.000000
v -266.112614 215.172089 -35.000000
v -272.495843 204.116013 -35.000000
v -268.417290 217.534943 -35.000000
v -275.694482 204.930481 -35.000000
v -265.721078 214.905136 -35.000000
v -272.068890 203.910400 -35.000000
v -268.674393 217.933029 -35.000000
v -265.316716 214.658035 -35.000000
v -271.652714 203.683762 -35.000000
v -268.911336 218.343414 -35.000000
v -283.898099 218.343414 -35.000000
v -264.900544 214.431396 -35.000000
v -271.248357 203.436661 -35.000000
v -269.127526 218.765106 -35.000000
v -283.681908 218.765106 -35.000000
v -264.473588 214.225784 -35.000000
v -270.856816 203.169724 -35.000000
v -269.322427 219.197052 -35.000000
v -283.487006 219.197052 -35.000000
v -264.036916 214.041718 -35.000000
v -270.479069 202.883591 -35.000000
v -269.495557 219.638184 -35.000000
v -283.313878 219.638184 -35.000000
v -263.591614 213.879639 -35.000000
v -270.116055 202.578979 -35.000000
v -269.646481 220.087387 -35.000000
v -283.162953 220.087387 -35.000000
v -263.138783 213.739960 -35.000000
v -269.768674 202.256653 -35.000000
v -269.774827 220.543564 -35.000000
v -283.034606 220.543564 -35.000000
v -262.679555 213.623032 -35.000000
v -269.437791 201.917419 -35.000000
v -269.880276 221.005569 -35.000000
v -282.929156 221.005569 -35.000000
v -262.215070 213.529129 -35.000000
v -269.124230 201.562119 -35.000000
v -269.962563 221.472244 -35.000000
v -282.846867 221.472244 -35.000000
v -261.746480 213.458496 -35.000000
v -268.828770 201.191620 -35.000000
v -270.021489 221.942444 -35.000000
v -282.787944 221.942444 -35.000000
v -261.274953 213.411316 -35.000000
v -268.552144 200.806854 -35.000000
v -270.056901 222.415009 -35.000000
v -282.752530 222.415009 -35.000000
v -260.801659 213.387695 -35.000000
v -268.295041 200.408783 -35.000000
v -270.068715 222.888748 -35.000000
v -282.740716 222.888748 -35.000000
v -260.327775 213.387695 -35.000000
v -268.058099 199.998383 -35.000000
v -270.056901 223.362473 -35.000000
v -282.752530 223.362473 -35.000000
v -259.854481 213.411316 -35.000000
v -267.841908 199.576691 -35.000000
v -270.021489 223.835037 -35.000000
v -282.787944 223.835037 -35.000000
v -259.382954 213.458496 -35.000000
v -267.647008 199.144745 -35.000000
v -269.962563 224.305237 -35.000000
v -282.846867 224.305237 -35.000000
v -258.914365 213.529129 -35.000000
v -267.473878 198.703613 -35.000000
v -269.880276 224.771927 -35.000000
v -282.929156 224.771927 -35.000000
v -269.774827 225.233932 -35.000000
v -283.034606 225.233932 -35.000000
v -269.646481 225.690094 -35.000000
v -283.162953 225.690094 -35.000000
v -269.495557 226.139297 -35.000000
v -283.313878 226.139297 -35.000000
v -269.322427 226.580429 -35.000000
v -283.487006 226.580429 -35.000000
v -269.127526 227.012375 -35.000000
v -283.681908 227.012375 -35.000000
v -268.911336 227.434067 -35.000000
v -283.898099 227.434067 -35.000000
v -267.647008 191.761368 -35.000000
v -267.473878 192.202499 -35.000000
v -267.322953 192.651703 -35.000000
v -267.194607 193.107880 -35.000000
v -267.089158 193.569870 -35.000000
v -267.006867 194.036560 -35.000000
v -258.449876 213.623032 -35.000000
v -266.947945 194.506760 -35.000000
v -257.990647 213.739960 -35.000000
v -266.912530 194.979324 -35.000000
v -257.537820 213.879639 -35.000000
v -266.900716 195.453064 -35.000000
v -257.092515 214.041718 -35.000000
v -266.912530 195.926788 -35.000000
v -256.655843 214.225784 -35.000000
v -266.947945 196.399353 -35.000000
v -267.006867 196.869553 -35.000000
v -256.228890 214.431396 -35.000000
v -267.089158 197.336243 -35.000000
v -255.812714 214.658035 -35.000000
v -267.194607 197.798248 -35.000000
v -267.322953 198.254410 -35.000000
v -268.674393 227.844467 -35.000000
v -284.135039 227.844467 -35.000000
v -255.408356 214.905136 -35.000000
v -268.417290 228.242538 -35.000000
v -284.392142 228.242538 -35.000000
v -268.140664 228.627304 -35.000000
v -284.668769 228.627304 -35.000000
v -267.845204 228.997803 -35.000000
v -284.964230 228.997803 -35.000000
v -267.531640 229.353104 -35.000000
v -285.277791 229.353104 -35.000000
v -267.200761 229.692337 -35.000000
v -285.608674 229.692337 -35.000000
v -266.853379 230.014664 -35.000000
v -285.956053 230.014664 -35.000000
v -255.016816 215.172089 -35.000000
v -254.639069 215.458221 -35.000000
v -254.276055 215.762817 -35.000000
v -253.928674 216.085144 -35.000000
v -253.597790 216.424377 -35.000000
v -253.284230 216.779694 -35.000000
v -266.490365 230.319275 -35.000000
v -286.319070 230.319275 -35.000000
v -252.988770 217.150192 -35.000000
v -266.112614 230.605408 -35.000000
v -286.696816 230.605408 -35.000000
v -252.712144 217.534943 -35.000000
v -265.721078 230.872345 -35.000000
v -287.088357 230.872345 -35.000000
v -252.455041 217.933029 -35.000000
v -265.316716 231.119446 -35.000000
v -287.492717 231.119446 -35.000000
v -252.218098 218.343414 -35.000000
v -264.900544 231.346085 -35.000000
v -287.908890 231.346085 -35.000000
v -252.001908 218.765106 -35.000000
v -264.473588 231.551697 -35.000000
v -288.335843 231.551697 -35.000000
v -251.807008 219.197052 -35.000000
v -264.036916 231.735764 -35.000000
v -288.772515 231.735764 -35.000000
v -251.633878 219.638184 -35.000000
v -251.482953 220.087387 -35.000000
v -251.354607 220.543564 -35.000000
v -251.249158 221.005569 -35.000000
v -251.166867 221.472244 -35.000000
v -251.107945 221.942444 -35.000000
v -251.072530 222.415009 -35.000000
v -254.276055 230.014664 -35.000000
v -253.928674 229.692337 -35.000000
v -254.639069 230.319275 -35.000000
v -255.016816 230.605408 -35.000000
v -255.408356 230.872345 -35.000000
v -255.812714 231.119446 -35.000000
v -256.228890 231.346085 -35.000000
v -256.655843 231.551697 -35.000000
v -257.092515 231.735764 -35.000000
v -257.537820 231.897842 -35.000000
v -257.990647 232.037521 -35.000000
v -258.449876 232.154465 -35.000000
v -258.914365 232.248352 -35.000000
v -259.382954 232.318985 -35.000000
v -259.854481 232.366165 -35.000000
v -260.327775 232.389786 -35.000000
v -260.801659 232.389786 -35.000000
v -261.274953 232.366165 -35.000000
v -261.746480 232.318985 -35.000000
v -262.215070 232.248352 -35.000000
v -262.679555 232.154465 -35.000000
v -251.060715 222.888748 -35.000000
v -251.072530 223.362473 -35.000000
v -251.107945 223.835037 -35.000000
v -251.166867 224.305237 -35.000000
v -251.249158 224.771927 -35.000000
v -251.354607 225.233932 -35.000000
v -251.482953 225.690094 -35.000000
v -251.633878 226.139297 -35.000000
v -251.807008 226.580429 -35.000000
v -252.001908 227.012375 -35.000000
v -252.218098 227.434067 -35.000000
v -252.455041 227.844467 -35.000000
v -252.712144 228.242538 -35.000000
v -252.988770 228.627304 -35.000000
v -253.284230 228.997803 -35.000000
v -253.597790 229.353104 -35.000000
v -263.138783 232.037521 -35.000000
v -263.591614 231.897842 -35.000000
v -289.670648 232.037521 -35.000000
v -289.217819 231.897842 -35.000000
v -270.068715 222.888748 25.000000
v -270.056901 222.415009 25.000000
v -270.021489 221.942444 25.000000
v -269.962563 221.472244 25.000000
v -269.880276 221.005569 25.000000
v -269.774827 220.543564 25.000000
v -269.646481 220.087387 25.000000
v -269.495557 219.638184 25.000000
v -269.322427 219.197052 25.000000
v -269.127526 218.765106 25.000000
v -268.911336 218.343414 25.000000
v -268.674393 217.933029 25.000000
v -268.417290 217.534943 25.000000
v -268.140664 217.150192 25.000000
v -267.845204 216.779694 25.000000
v -267.531640 216.424377 25.000000
v -267.200761 216.085144 25.000000
v -266.853379 215.762817 25.000000
v -266.490365 215.458221 25.000000
v -266.112614 215.172089 25.000000
v -265.721078 214.905136 25.000000
v -265.316716 214.658035 25.000000
v -264.900544 214.431396 25.000000
v -264.473588 214.225784 25.000000
v -264.036916 214.041718 25.000000
v -263.591614 213.879639 25.000000
v -263.138783 213.739960 25.000000
v -262.679555 213.623032 25.000000
v -262.215070 213.529129 25.000000
v -261.746480 213.458496 25.000000
v -261.274953 213.411316 25.000000
v -260.801659 213.387695 25.000000
v -260.327775 213.387695 25.000000
v -259.854481 213.411316 25.000000
v -259.382954 213.458496 25.000000
v -258.914365 213.529129 25.000000
v -258.449876 213.623032 25.000000
v -257.990647 213.739960 25.000000
v -257.537820 213.879639 25.000000
v -257.092515 214.041718 25.000000
v -256.655843 214.225784 25.000000
v -256.228890 214.431396 25.000000
v -255.812714 214.658035 25.000000
v -255.408356 214.905136 25.000000
v -255.016816 215.172089 25.000000
v -254.639069 215.458221 25.000000
v -254.276055 215.762817 25.000000
v -253.928674 216.085144 25.000000
v -253.597790 216.424377 25.000000
v -253.284230 216.779694 25.000000
v -252.988770 217.150192 25.000000
v -252.712144 217.534943 25.000000
v -252.455041 217.933029 25.000000
v -252.218098 218.343414 25.000000
v -252.001908 218.765106 25.000000
v -251.807008 219.197052 25.000000
v -251.633878 219.638184 25.000000
v -251.482953 220.087387 25.000000
v -251.354607 220.543564 25.000000
v -251.249158 221.005569 25.000000
v -251.166867 221.472244 25.000000
v -251.107945 221.942444 25.000000
v -251.072530 222.415009 25.000000
v -251.060715 222.888748 25.000000
v -251.072530 223.362473 25.000000
v -251.107945 223.835037 25.000000
v -251.166867 224.305237 25.000000
v -251.249158 224.771927 25.000000
v -251.354607 225.233932 25.000000
v -251.482953 225.690094 25.000000
v -251.633878 226.139297 25.000000
v -251.807008 226.580429 25.000000
v -252.001908 227.012375 25.000000
v -252.218098 227.434067 25.000000
v -252.455041 227.844467 25.000000
v -252.712144 228.242538 25.000000
v -252.988770 228.627304 25.000000
v -253.284230 228.997803 25.000000
v -253.597790 229.353104 25.000000
v -253.928674 229.692337 25.000000
v -254.276055 230.014664 25.000000
v -254.639069 230.319275 25.000000
v -255.016816 230.605408 25.000000
v -255.408356 230.872345 25.000000
v -255.812714 231.119446 25.000000
v -256.228890 231.346085 25.000000
v -256.655843 231.551697 25.000000
v -257.092515 231.735764 25.000000
v -257.537820 231.897842 25.000000
v -257.990647 232.037521 25.000000
v -258.449876 232.154465 25.000000
v -258.914365 232.248352 25.000000
v -259.382954 232.318985 25.000000
v -259.854481 232.366165 25.000000
v -260.327775 232.389786 25.000000
v -260.801659 232.389786 25.000000
v -261.274953 232.366165 25.000000
v -261.746480 232.318985 25.000000
v -262.215070 232.248352 25.000000
v -262.679555 232.154465 25.000000
v -263.138783 232.037521 25.000000
v -263.591614 231.897842 25.000000
v -264.036916 231.735764 25.000000
v -264.473588 231.551697 25.000000
v -264.900544 231.346085 25.000000
v -265.316716 231.119446 25.000000
v -265.721078 230.872345 25.000000
v -266.112614 230.605408 25.000000
v -266.490365 230.319275 25.000000
v -266.853379 230.014664 25.000000
v -267.200761 229.692337 25.000000
v -267.531640 229.353104 25.000000
v -267.845204 228.997803 25.000000
v -268.140664 228.627304 25.000000
v -268.417290 228.242538 25.000000
v -268.674393 227.844467 25.000000
v -268.911336 227.434067 25.000000
v -269.127526 227.012375 25.000000
v -269.322427 226.580429 25.000000
v -269.495557 226.139297 25.000000
v -269.646481 225.690094 25.000000
v -269.774827 225.233932 25.000000
v -269.880276 224.771927 25.000000
v -269.962563 224.305237 25.000000
v -270.021489 223.835037 25.000000
v -270.056901 223.362473 25.000000
v -301.748716 222.888748 25.000000
v -301.736902 222.415009 25.000000
v -301.701489 221.942444 25.000000
v -301.642564 221.472244 25.000000
v -301.560276 221.005569 25.000000
v -301.454827 220.543564 25.000000
v -301.326480 220.087387 25.000000
v -301.175555 219.638184 25.000000
v -301.002426 219.197052 25.000000
v -300.807524 218.765106 25.000000
v -300.591334 218.343414 25.000000
v -300.354393 217.933029 25.000000
v -300.097289 217.534943 25.000000
v -299.820664 217.150192 25.000000
v -299.525203 216.779694 25.000000
v -299.211641 216.424377 25.000000
v -298.880759 216.085144 25.000000
v -298.533378 215.762817 25.000000
v -298.170363 215.458221 25.000000
v -297.792616 215.172089 25.000000
v -297.401076 214.905136 25.000000
v -296.996716 214.658035 25.000000
v -296.580542 214.431396 25.000000
v -296.153589 214.225784 25.000000
v -295.716918 214.041718 25.000000
v -295.271613 213.879639 25.000000
v -294.818784 213.739960 25.000000
v -294.359555 213.623032 25.000000
v -293.895069 213.529129 25.000000
v -293.426479 213.458496 25.000000
v -292.954951 213.411316 25.000000
v -292.481658 213.387695 25.000000
v -292.007775 213.387695 25.000000
v -291.534482 213.411316 25.000000
v -291.062954 213.458496 25.000000
v -290.594364 213.529129 25.000000
v -290.129877 213.623032 25.000000
v -289.670648 213.739960 25.000000
v -289.217819 213.879639 25.000000
v -288.772515 214.041718 25.000000
v -288.335843 214.225784 25.000000
v -287.908890 214.431396 25.000000
v -287.492717 214.658035 25.000000
v -287.088357 214.905136 25.000000
v -286.696816 215.172089 25.000000
v -286.319070 215.458221 25.000000
v -285.956053 215.762817 25.000000
v -285.608674 216.085144 25.000000
v -285.277791 216.424377 25.000000
v -284.964230 216.779694 25.000000
v -284.668769 217.150192 25.000000
v -284.392142 217.534943 25.000000
v -284.135039 217.933029 25.000000
v -283.898099 218.343414 25.000000
v -283.681908 218.765106 25.000000
v -283.487006 219.197052 25.000000
v -283.313878 219.638184 25.000000
v -283.162953 220.087387 25.000000
v -283.034606 220.543564 25.000000
v -282.929156 221.005569 25.000000
v -282.846867 221.472244 25.000000
v -282.787944 221.942444 25.000000
v -282.752530 222.415009 25.000000
v -282.740716 222.888748 25.000000
v -282.752530 223.362473 25.000000
v -282.787944 223.835037 25.000000
v -282.846867 224.305237 25.000000
v -282.929156 224.771927 25.000000
v -283.034606 225.233932 25.000000
v -283.162953 225.690094 25.000000
v -283.313878 226.139297 25.000000
v -283.487006 226.580429 25.000000
v -283.681908 227.012375 25.000000
v -283.898099 227.434067 25.000000
v -284.135039 227.844467 25.000000
v -284.392142 228.242538 25.000000
v -284.668769 228.627304 25.000000
v -284.964230 228.997803 25.000000
v -285.277791 229.353104 25.000000
v -285.608674 229.692337 25.000000
v -285.956053 230.014664 25.000000
v -286.319070 230.319275 25.000000
v -286.696816 230.605408 25.000000
v -287.088357 230.872345 25.000000
v -287.492717 231.119446 25.000000
v -287.908890 231.346085 25.000000
v -288.335843 231.551697 25.000000
v -288.772515 231.735764 25.000000
v -289.217819 231.897842 25.000000
v -289.670648 232.037521 25.000000
v -290.129877 232.154465 25.000000
v -290.594364 232.248352 25.000000
v -291.062954 232.318985 25.000000
v -291.534482 232.366165 25.000000
v -292.007775 232.389786 25.000000
v -292.481658 232.389786 25.000000
v -292.954951 232.366165 25.000000
v -293.426479 232.318985 25.000000
v -293.895069 232.248352 25.000000
v -294.359555 232.154465 25.000000
v -294.818784 232.037521 25.000000
v -295.271613 231.897842 25.000000
v -295.716918 231.735764 25.000000
v -296.153589 231.551697 25.000000
v -296.580542 231.346085 25.000000
v -296.996716 231.119446 25.000000
v -297.401076 230.872345 25.000000
v -297.792616 230.605408 25.000000
v -298.170363 230.319275 25.000000
v -298.533378 230.014664 25.000000
v -298.880759 229.692337 25.000000
v -299.211641 229.353104 25.000000
v -299.525203 228.997803 25.000000
v -299.820664 228.627304 25.000000
v -300.097289 228.242538 25.000000
v -300.354393 227.844467 25.000000
v -300.591334 227.434067 25.000000
v -300.807524 227.012375 25.000000
v -301.002426 226.580429 25.000000
v -301.175555 226.139297 25.000000
v -301.326480 225.690094 25.000000
v -301.454827 225.233932 25.000000
v -301.560276 224.771927 25.000000
v -301.642564 224.305237 25.000000
v -301.701489 223.835037 25.000000
v -301.736902 223.362473 25.000000
v -285.908717 195.453064 25.000000
v -285.896903 194.979324 25.000000
v -285.861489 194.506760 25.000000
v -285.802563 194.036560 25.000000
v -285.720275 193.569870 25.000000
v -285.614827 193.107880 25.000000
v -285.486480 192.651703 25.000000
v -285.335555 192.202499 25.000000
v -285.162427 191.761368 25.000000
v -284.967524 191.329422 25.000000
v -284.751334 190.907730 25.000000
v -284.514394 190.497345 25.000000
v -284.257289 190.099258 25.000000
v -283.980664 189.714508 25.000000
v -283.685202 189.344009 25.000000
v -283.371642 188.988693 25.000000
v -283.040759 188.649460 25.000000
v -282.693379 188.327133 25.000000
v -282.330363 188.022537 25.000000
v -281.952616 187.736404 25.000000
v -281.561076 187.469452 25.000000
v -281.156716 187.222351 25.000000
v -280.740542 186.995712 25.000000
v -280.313588 186.790100 25.000000
v -279.876918 186.606033 25.000000
v -279.431613 186.443954 25.000000
v -278.978783 186.304276 25.000000
v -278.519555 186.187347 25.000000
v -278.055068 186.093445 25.000000
v -277.586478 186.022812 25.000000
v -277.114951 185.975632 25.000000
v -276.641658 185.952011 25.000000
v -276.167775 185.952011 25.000000
v -275.694482 185.975632 25.000000
v -275.222955 186.022812 25.000000
v -274.754365 186.093445 25.000000
v -274.289878 186.187347 25.000000
v -273.830649 186.304276 25.000000
v -273.377820 186.443954 25.000000
v -272.932515 186.606033 25.000000
v -272.495843 186.790100 25.000000
v -272.068890 186.995712 25.000000
v -271.652714 187.222351 25.000000
v -271.248357 187.469452 25.000000
v -270.856816 187.736404 25.000000
v -270.479069 188.022537 25.000000
v -270.116055 188.327133 25.000000
v -269.768674 188.649460 25.000000
v -269.437791 188.988693 25.000000
v -269.124230 189.344009 25.000000
v -268.828770 189.714508 25.000000
v -268.552144 190.099258 25.000000
v -268.295041 190.497345 25.000000
v -268.058099 190.907730 25.000000
v -267.841908 191.329422 25.000000
v -267.647008 191.761368 25.000000
v -267.473878 192.202499 25.000000
v -267.322953 192.651703 25.000000
v -267.194607 193.107880 25.000000
v -267.089158 193.569870 25.000000
v -267.006867 194.036560 25.000000
v -266.947945 194.506760 25.000000
v -266.912530 194.979324 25.000000
v -266.900716 195.453064 25.000000
v -266.912530 195.926788 25.000000
v -266.947945 196.399353 25.000000
v -267.006867 196.869553 25.000000
v -267.089158 197.336243 25.000000
v -267.194607 197.798248 25.000000
v -267.322953 198.254410 25.000000
v -267.473878 198.703613 25.000000
v -267.647008 199.144745 25.000000
v -267.841908 199.576691 25.000000
v -268.058099 199.998383 25.000000
v -268.295041 200.408783 25.000000
v -268.552144 200.806854 25.000000
v -268.828770 201.191620 25.000000
v -269.124230 201.562119 25.000000
v -269.437791 201.917419 25.000000
v -269.768674 202.256653 25.000000
v -270.116055 202.578979 25.000000
v -270.479069 202.883591 25.000000
v -270.856816 203.169724 25.000000
v -271.248357 203.436661 25.000000
v -271.652714 203.683762 25.000000
v -272.068890 203.910400 25.000000
v -272.495843 204.116013 25.000000
v -272.932515 204.300079 25.000000
v -273.377820 204.462158 25.000000
v -273.830649 204.601837 25.000000
v -274.289878 204.718781 25.000000
v -274.754365 204.812668 25.000000
v -275.222955 204.883301 25.000000
v -275.694482 204.930481 25.000000
v -276.167775 204.954102 25.000000
v -276.641658 204.954102 25.000000
v -277.114951 204.930481 25.000000
v -277.586478 204.883301 25.000000
v -278.055068 204.812668 25.000000
v -278.519555 204.718781 25.000000
v -278.978783 204.601837 25.000000
v -279.431613 204.462158 25.000000
v -279.876918 204.300079 25.000000
v -280.313588 204.116013 25.000000
v -280.740542 203.910400 25.000000
v -281.156716 203.683762 25.000000
v -281.561076 203.436661 25.000000
v -281.952616 203.169724 25.000000
v -282.330363 202.883591 25.000000
v -282.693379 202.578979 25.000000
v -283.040759 202.256653 25.000000
v -283.371642 201.917419 25.000000
v -283.685202 201.562119 25.000000
v -283.980664 201.191620 25.000000
v -284.257289 200.806854 25.000000
v -284.514394 200.408783 25.000000
v -284.751334 199.998383 25.000000
v -284.967524 199.576691 25.000000
v -285.162427 199.144745 25.000000
v -285.335555 198.703613 25.000000
v -285.486480 198.254410 25.000000
v -285.614827 197.798248 25.000000
v -285.720275 197.336243 25.000000
v -285.802563 196.869553 25.000000
v -285.861489 196.399353 25.000000
v -285.896903 195.926788 25.000000
v 128.284728 106.494637 25.000000
v 128.284728 129.534630 -75.000000
v 128.284728 106.494637 -75.000000
v 128.284728 129.534630 25.000000
v 131.023406 132.411163 25.000000
v 131.164703 132.414635 -75.000000
v 131.023406 132.411163 -75.000000
v 131.164703 132.414635 25.000000
v 130.882415 132.400764 25.000000
v 130.882415 132.400764 -75.000000
v 130.742126 132.383461 -75.000000
v 130.742126 132.383461 25.000000
v 130.602844 132.359291 25.000000
v 130.602844 132.359291 -75.000000
v 130.464935 132.328323 25.000000
v 130.464935 132.328323 -75.000000
v 130.328704 132.290619 25.000000
v 130.328704 132.290619 -75.000000
v 130.194488 132.246277 25.000000
v 130.194488 132.246277 -75.000000
v 130.062591 132.195404 25.000000
v 130.062591 132.195404 -75.000000
v 129.933349 132.138123 -75.000000
v 129.933349 132.138123 25.000000
v 129.807098 132.074570 25.000000
v 129.807098 132.074570 -75.000000
v 129.684112 132.004890 -75.000000
v 129.684112 132.004890 25.000000
v 129.564666 131.929268 -75.000000
v 129.564666 131.929268 25.000000
v 129.449096 131.847870 25.000000
v 129.449096 131.847870 -75.000000
v 129.337676 131.760902 -75.000000
v 129.337676 131.760902 25.000000
v 129.230621 131.668571 -75.000000
v 129.230621 131.668571 25.000000
v 129.128234 131.571098 25.000000
v 129.128234 131.571098 -75.000000
v 129.030792 131.468719 25.000000
v 129.030792 131.468719 -75.000000
v 128.938445 131.361687 25.000000
v 128.938445 131.361687 -75.000000
v 128.851470 131.250244 -75.000000
v 128.851470 131.250244 25.000000
v 128.770080 131.134674 25.000000
v 128.770080 131.134674 -75.000000
v 128.694457 131.015251 25.000000
v 128.694457 131.015251 -75.000000
v 128.624786 130.892258 25.000000
v 128.624786 130.892258 -75.000000
v 128.561218 130.765991 -75.000000
v 128.561218 130.765991 25.000000
v 128.503936 130.636765 25.000000
v 128.503936 130.636765 -75.000000
v 128.453063 130.504875 25.000000
v 128.453063 130.504875 -75.000000
v 128.408721 130.370651 25.000000
v 128.408721 130.370651 -75.000000
v 128.371032 130.234413 25.000000
v 128.371032 130.234413 -75.000000
v 128.340057 130.096497 25.000000
v 128.340057 130.096497 -75.000000
v 128.315887 129.957214 -75.000000
v 128.315887 129.957214 25.000000
v 128.298583 129.816925 25.000000
v 128.298583 129.816925 -75.000000
v 128.288177 129.675949 25.000000
v 128.288177 129.675949 -75.000000
v 173.404723 132.414635 -75.000000
v 173.404723 132.414635 25.000000
v 176.281249 129.675949 25.000000
v 176.284728 129.534630 -75.000000
v 176.281249 129.675949 -75.000000
v 176.284728 129.534630 25.000000
v 176.270843 129.816925 25.000000
v 176.270843 129.816925 -75.000000
v 176.253539 129.957214 -75.000000
v 176.253539 129.957214 25.000000
v 176.229369 130.096497 25.000000
v 176.229369 130.096497 -75.000000
v 176.198394 130.234413 25.000000
v 176.198394 130.234413 -75.000000
v 176.160705 130.370651 25.000000
v 176.160705 130.370651 -75.000000
v 176.116363 130.504875 25.000000
v 176.116363 130.504875 -75.000000
v 176.065490 130.636765 25.000000
v 176.065490 130.636765 -75.000000
v 176.008209 130.765991 -75.000000
v 176.008209 130.765991 25.000000
v 175.944640 130.892258 25.000000
v 175.944640 130.892258 -75.000000
v 175.874969 131.015251 -75.000000
v 175.874969 131.015251 25.000000
v 175.799346 131.134674 -75.000000
v 175.799346 131.134674 25.000000
v 175.717956 131.250244 25.000000
v 175.717956 131.250244 -75.000000
v 175.630981 131.361687 -75.000000
v 175.630981 131.361687 25.000000
v 175.538665 131.468719 -75.000000
v 175.538665 131.468719 25.000000
v 175.441192 131.571098 25.000000
v 175.441192 131.571098 -75.000000
v 175.338805 131.668571 25.000000
v 175.338805 131.668571 -75.000000
v 175.231780 131.760902 25.000000
v 175.231780 131.760902 -75.000000
v 175.120330 131.847870 -75.000000
v 175.120330 131.847870 25.000000
v 175.004760 131.929268 25.000000
v 175.004760 131.929268 -75.000000
v 174.885345 132.004890 25.000000
v 174.885345 132.004890 -75.000000
v 174.762328 132.074570 25.000000
v 174.762328 132.074570 -75.000000
v 174.636077 132.138123 -75.000000
v 174.636077 132.138123 25.000000
v 174.506835 132.195404 25.000000
v 174.506835 132.195404 -75.000000
v 174.374969 132.246277 25.000000
v 174.374969 132.246277 -75.000000
v 174.240722 132.290619 25.000000
v 174.240722 132.290619 -75.000000
v 174.104491 132.328323 25.000000
v 174.104491 132.328323 -75.000000
v 173.966583 132.359291 25.000000
v 173.966583 132.359291 -75.000000
v 173.827300 132.383461 -75.000000
v 173.827300 132.383461 25.000000
v 173.687011 132.400764 25.000000
v 173.687011 132.400764 -75.000000
v 173.546020 132.411163 25.000000
v 173.546020 132.411163 -75.000000
v 176.284728 106.494637 -75.000000
v 176.284728 106.494637 25.000000
v 173.546020 103.618103 25.000000
v 173.404723 103.614632 -75.000000
v 173.546020 103.618103 -75.000000
v 173.404723 103.614632 25.000000
v 173.687011 103.628502 25.000000
v 173.687011 103.628502 -75.000000
v 173.827300 103.645805 -75.000000
v 173.827300 103.645805 25.000000
v 173.966583 103.669975 25.000000
v 173.966583 103.669975 -75.000000
v 174.104491 103.700943 25.000000
v 174.104491 103.700943 -75.000000
v 174.240722 103.738647 25.000000
v 174.240722 103.738647 -75.000000
v 174.374969 103.782989 25.000000
v 174.374969 103.782989 -75.000000
v 174.506835 103.833862 25.000000
v 174.506835 103.833862 -75.000000
v 174.636077 103.891144 -75.000000
v 174.636077 103.891144 25.000000
v 174.762328 103.954697 25.000000
v 174.762328 103.954697 -75.000000
v 174.885345 104.024376 -75.000000
v 174.885345 104.024376 25.000000
v 175.004760 104.099998 -75.000000
v 175.004760 104.099998 25.000000
v 175.120330 104.181396 25.000000
v 175.120330 104.181396 -75.000000
v 175.231780 104.268364 -75.000000
v 175.231780 104.268364 25.000000
v 175.338805 104.360695 -75.000000
v 175.338805 104.360695 25.000000
v 175.441192 104.458168 25.000000
v 175.441192 104.458168 -75.000000
v 175.538665 104.560547 25.000000
v 175.538665 104.560547 -75.000000
v 175.630981 104.667580 25.000000
v 175.630981 104.667580 -75.000000
v 175.717956 104.779022 -75.000000
v 175.717956 104.779022 25.000000
v 175.799346 104.894592 25.000000
v 175.799346 104.894592 -75.000000
v 175.874969 105.014015 25.000000
v 175.874969 105.014015 -75.000000
v 175.944640 105.137009 25.000000
v 175.944640 105.137009 -75.000000
v 176.008209 105.263275 -75.000000
v 176.008209 105.263275 25.000000
v 176.065490 105.392502 25.000000
v 176.065490 105.392502 -75.000000
v 176.116363 105.524391 25.000000
v 176.116363 105.524391 -75.000000
v 176.160705 105.658615 25.000000
v 176.160705 105.658615 -75.000000
v 176.198394 105.794853 25.000000
v 176.198394 105.794853 -75.000000
v 176.229369 105.932770 25.000000
v 176.229369 105.932770 -75.000000
v 176.253539 106.072052 -75.000000
v 176.253539 106.072052 25.000000
v 176.270843 106.212341 25.000000
v 176.270843 106.212341 -75.000000
v 176.281249 106.353317 25.000000
v 176.281249 106.353317 -75.000000
v 170.295898 103.614632 -75.000000
v 170.295898 103.614632 25.000000
v 167.477538 105.902000 25.000000
v 167.452026 106.039894 -75.000000
v 167.477538 105.902000 -75.000000
v 167.452026 106.039894 25.000000
v 167.509734 105.765511 25.000000
v 167.509734 105.765511 -75.000000
v 167.548522 105.630745 -75.000000
v 167.548522 105.630745 25.000000
v 167.593841 105.498032 25.000000
v 167.593841 105.498032 -75.000000
v 167.645568 105.367676 25.000000
v 167.645568 105.367676 -75.000000
v 167.703552 105.239998 -75.000000
v 167.703552 105.239998 25.000000
v 167.767699 105.115295 25.000000
v 167.767699 105.115295 -75.000000
v 167.837859 104.993858 25.000000
v 167.837859 104.993858 -75.000000
v 167.913818 104.875984 -75.000000
v 167.913818 104.875984 25.000000
v 167.995422 104.761948 25.000000
v 167.995422 104.761948 -75.000000
v 168.082519 104.652016 25.000000
v 168.082519 104.652016 -75.000000
v 168.174834 104.546455 25.000000
v 168.174834 104.546455 -75.000000
v 168.272186 104.445511 25.000000
v 168.272186 104.445511 -75.000000
v 168.374328 104.349426 25.000000
v 168.374328 104.349426 -75.000000
v 168.481017 104.258430 -75.000000
v 168.481017 104.258430 25.000000
v 168.592040 104.172737 25.000000
v 168.592040 104.172737 -75.000000
v 168.707092 104.092545 25.000000
v 168.707092 104.092545 -75.000000
v 168.825896 104.018051 25.000000
v 168.825896 104.018051 -75.000000
v 168.948180 103.949432 -75.000000
v 168.948180 103.949432 25.000000
v 169.073699 103.886841 25.000000
v 169.073699 103.886841 -75.000000
v 169.202087 103.830437 25.000000
v 169.202087 103.830437 -75.000000
v 169.333068 103.780350 25.000000
v 169.333068 103.780350 -75.000000
v 169.466338 103.736702 25.000000
v 169.466338 103.736702 -75.000000
v 169.601562 103.699585 -75.000000
v 169.601562 103.699585 25.000000
v 169.738464 103.669098 25.000000
v 169.738464 103.669098 -75.000000
v 169.876647 103.645309 25.000000
v 169.876647 103.645309 -75.000000
v 170.015868 103.628281 -75.000000
v 170.015868 103.628281 25.000000
v 170.155730 103.618050 25.000000
v 170.155730 103.618050 -75.000000
v 167.313293 106.788185 25.000000
v 167.313293 106.788185 -75.000000
v 167.137664 107.528687 25.000000
v 167.137664 107.528687 -75.000000
v 166.925567 108.259575 25.000000
v 166.925567 108.259575 -75.000000
v 166.677520 108.979065 25.000000
v 166.677520 108.979065 -75.000000
v 166.394134 109.685379 25.000000
v 166.394134 109.685379 -75.000000
v 166.076110 110.376801 25.000000
v 166.076110 110.376801 -75.000000
v 165.724242 111.051613 25.000000
v 165.724242 111.051613 -75.000000
v 165.339385 111.708168 25.000000
v 165.339385 111.708168 -75.000000
v 164.922454 112.344856 25.000000
v 164.922454 112.344856 -75.000000
v 164.474517 112.960114 25.000000
v 164.474517 112.960114 -75.000000
v 163.996673 113.552429 25.000000
v 163.996673 113.552429 -75.000000
v 163.490051 114.120346 25.000000
v 163.490051 114.120346 -75.000000
v 162.955932 114.662468 25.000000
v 162.955932 114.662468 -75.000000
v 162.395599 115.177475 25.000000
v 162.395599 115.177475 -75.000000
v 161.810485 115.664093 25.000000
v 161.810485 115.664093 -75.000000
v 161.201934 116.121132 25.000000
v 161.201934 116.121132 -75.000000
v 160.571532 116.547470 25.000000
v 160.571532 116.547470 -75.000000
v 159.920776 116.942062 25.000000
v 159.920776 116.942062 -75.000000
v 159.251251 117.303932 25.000000
v 159.251251 117.303932 -75.000000
v 158.564666 117.632195 25.000000
v 158.564666 117.632195 -75.000000
v 157.862640 117.926041 25.000000
v 157.862640 117.926041 -75.000000
v 157.146911 118.184761 25.000000
v 157.146911 118.184761 -75.000000
v 156.419250 118.407715 25.000000
v 156.419250 118.407715 -75.000000
v 155.681457 118.594345 25.000000
v 155.681457 118.594345 -75.000000
v 154.935302 118.744209 25.000000
v 154.935302 118.744209 -75.000000
v 154.182647 118.856926 25.000000
v 154.182647 118.856926 -75.000000
v 153.425353 118.932220 25.000000
v 153.425353 118.932220 -75.000000
v 152.665252 118.969917 25.000000
v 152.665252 118.969917 -75.000000
v 151.904205 118.969917 25.000000
v 151.904205 118.969917 -75.000000
v 151.144073 118.932220 25.000000
v 151.144073 118.932220 -75.000000
v 150.386779 118.856926 25.000000
v 150.386779 118.856926 -75.000000
v 149.634124 118.744209 25.000000
v 149.634124 118.744209 -75.000000
v 148.887969 118.594345 25.000000
v 148.887969 118.594345 -75.000000
v 148.150176 118.407715 25.000000
v 148.150176 118.407715 -75.000000
v 147.422515 118.184761 25.000000
v 147.422515 118.184761 -75.000000
v 146.706817 117.926041 25.000000
v 146.706817 117.926041 -75.000000
v 146.004791 117.632195 25.000000
v 146.004791 117.632195 -75.000000
v 145.318176 117.303932 25.000000
v 145.318176 117.303932 -75.000000
v 144.648650 116.942062 25.000000
v 144.648650 116.942062 -75.000000
v 143.997894 116.547470 25.000000
v 143.997894 116.547470 -75.000000
v 143.367492 116.121132 -75.000000
v 143.367492 116.121132 25.000000
v 142.758971 115.664093 25.000000
v 142.758971 115.664093 -75.000000
v 142.173827 115.177475 25.000000
v 142.173827 115.177475 -75.000000
v 141.613494 114.662468 25.000000
v 141.613494 114.662468 -75.000000
v 141.079376 114.120346 25.000000
v 141.079376 114.120346 -75.000000
v 140.572753 113.552429 -75.000000
v 140.572753 113.552429 25.000000
v 140.094909 112.960114 -75.000000
v 140.094909 112.960114 25.000000
v 139.646972 112.344856 25.000000
v 139.646972 112.344856 -75.000000
v 139.230041 111.708168 -75.000000
v 139.230041 111.708168 25.000000
v 138.845184 111.051613 25.000000
v 138.845184 111.051613 -75.000000
v 138.493316 110.376801 25.000000
v 138.493316 110.376801 -75.000000
v 138.175292 109.685379 25.000000
v 138.175292 109.685379 -75.000000
v 137.891937 108.979065 -75.000000
v 137.891937 108.979065 25.000000
v 137.643890 108.259575 -75.000000
v 137.643890 108.259575 25.000000
v 137.431762 107.528687 -75.000000
v 137.431762 107.528687 25.000000
v 137.256133 106.788185 25.000000
v 137.256133 106.788185 -75.000000
v 137.117400 106.039894 -75.000000
v 137.117400 106.039894 25.000000
v 134.413726 103.618050 25.000000
v 134.273528 103.614632 -75.000000
v 134.413726 103.618050 -75.000000
v 134.553588 103.628281 -75.000000
v 134.273528 103.614632 25.000000
v 134.553588 103.628281 25.000000
v 134.692779 103.645309 25.000000
v 134.692779 103.645309 -75.000000
v 134.830993 103.669098 -75.000000
v 134.830993 103.669098 25.000000
v 134.967864 103.699585 25.000000
v 134.967864 103.699585 -75.000000
v 135.103088 103.736702 25.000000
v 135.103088 103.736702 -75.000000
v 135.236358 103.780350 -75.000000
v 135.236358 103.780350 25.000000
v 135.367339 103.830437 25.000000
v 135.367339 103.830437 -75.000000
v 135.495757 103.886841 25.000000
v 135.495757 103.886841 -75.000000
v 135.621246 103.949432 25.000000
v 135.621246 103.949432 -75.000000
v 135.743530 104.018051 25.000000
v 135.743530 104.018051 -75.000000
v 135.862365 104.092545 25.000000
v 135.862365 104.092545 -75.000000
v 135.977386 104.172737 25.000000
v 135.977386 104.172737 -75.000000
v 136.088409 104.258430 25.000000
v 136.088409 104.258430 -75.000000
v 136.195098 104.349426 25.000000
v 136.195098 104.349426 -75.000000
v 136.297240 104.445511 25.000000
v 136.297240 104.445511 -75.000000
v 136.394592 104.546455 25.000000
v 136.394592 104.546455 -75.000000
v 136.486938 104.652016 25.000000
v 136.486938 104.652016 -75.000000
v 136.574004 104.761948 25.000000
v 136.574004 104.761948 -75.000000
v 136.655608 104.875984 25.000000
v 136.655608 104.875984 -75.000000
v 136.731597 104.993858 25.000000
v 136.731597 104.993858 -75.000000
v 136.801727 105.115295 25.000000
v 136.801727 105.115295 -75.000000
v 136.865875 105.239998 25.000000
v 136.865875 105.239998 -75.000000
v 136.923888 105.367676 25.000000
v 136.923888 105.367676 -75.000000
v 136.975585 105.498032 25.000000
v 136.975585 105.498032 -75.000000
v 137.020904 105.630745 25.000000
v 137.020904 105.630745 -75.000000
v 137.059692 105.765511 25.000000
v 137.059692 105.765511 -75.000000
v 137.091888 105.902000 25.000000
v 137.091888 105.902000 -75.000000
v 131.164703 103.614632 -75.000000
v 131.164703 103.614632 25.000000
v 128.288177 106.353317 25.000000
v 128.288177 106.353317 -75.000000
v 128.298583 106.212341 25.000000
v 128.298583 106.212341 -75.000000
v 128.315887 106.072052 -75.000000
v 128.315887 106.072052 25.000000
v 128.340057 105.932770 25.000000
v 128.340057 105.932770 -75.000000
v 128.371032 105.794853 25.000000
v 128.371032 105.794853 -75.000000
v 128.408721 105.658615 25.000000
v 128.408721 105.658615 -75.000000
v 128.453063 105.524391 25.000000
v 128.453063 105.524391 -75.000000
v 128.503936 105.392502 25.000000
v 128.503936 105.392502 -75.000000
v 128.561218 105.263275 -75.000000
v 128.561218 105.263275 25.000000
v 128.624786 105.137009 25.000000
v 128.624786 105.137009 -75.000000
v 128.694457 105.014015 -75.000000
v 128.694457 105.014015 25.000000
v 128.770080 104.894592 -75.000000
v 128.770080 104.894592 25.000000
v 128.851470 104.779022 25.000000
v 128.851470 104.779022 -75.000000
v 128.938445 104.667580 -75.000000
v 128.938445 104.667580 25.000000
v 129.030792 104.560547 -75.000000
v 129.030792 104.560547 25.000000
v 129.128234 104.458168 25.000000
v 129.128234 104.458168 -75.000000
v 129.230621 104.360695 25.000000
v 129.230621 104.360695 -75.000000
v 129.337676 104.268364 25.000000
v 129.337676 104.268364 -75.000000
v 129.449096 104.181396 -75.000000
v 129.449096 104.181396 25.000000
v 129.564666 104.099998 25.000000
v 129.564666 104.099998 -75.000000
v 129.684112 104.024376 25.000000
v 129.684112 104.024376 -75.000000
v 129.807098 103.954697 25.000000
v 129.807098 103.954697 -75.000000
v 129.933349 103.891144 -75.000000
v 129.933349 103.891144 25.000000
v 130.062591 103.833862 25.000000
v 130.062591 103.833862 -75.000000
v 130.194488 103.782989 25.000000
v 130.194488 103.782989 -75.000000
v 130.328704 103.738647 25.000000
v 130.328704 103.738647 -75.000000
v 130.464935 103.700943 25.000000
v 130.464935 103.700943 -75.000000
v 130.602844 103.669975 25.000000
v 130.602844 103.669975 -75.000000
v 130.742126 103.645805 -75.000000
v 130.742126 103.645805 25.000000
v 130.882415 103.628502 25.000000
v 130.882415 103.628502 -75.000000
v 131.023406 103.618103 25.000000
v 131.023406 103.618103 -75.000000
v 272.576782 42.045126 -75.000000
v 272.576782 42.045126 25.000000
v 272.568725 42.398132 -75.000000
v 272.568725 42.398132 25.000000
v 272.601012 41.692447 -75.000000
v 272.601012 41.692447 25.000000
v 272.641296 41.340424 -75.000000
v 272.641296 41.340424 25.000000
v 272.697692 40.989383 -75.000000
v 272.697692 40.989383 25.000000
v 272.770080 40.639650 -75.000000
v 272.770080 40.639650 25.000000
v 272.858459 40.291553 -75.000000
v 272.858459 40.291553 25.000000
v 272.962707 39.945411 -75.000000
v 272.962707 39.945411 25.000000
v 273.082702 39.601548 -75.000000
v 273.082702 39.601548 25.000000
v 273.218383 39.260283 -75.000000
v 273.218383 39.260283 25.000000
v 273.369628 38.921934 -75.000000
v 273.369628 38.921934 25.000000
v 273.536193 38.586814 -75.000000
v 273.536193 38.586814 25.000000
v 273.718078 38.255235 -75.000000
v 273.718078 38.255235 25.000000
v 273.914977 37.927505 -75.000000
v 273.914977 37.927505 25.000000
v 274.126830 37.603928 -75.000000
v 274.126830 37.603928 25.000000
v 274.353332 37.284804 -75.000000
v 274.353332 37.284804 25.000000
v 274.594299 36.970431 -75.000000
v 274.594299 36.970431 25.000000
v 274.849609 36.661101 -75.000000
v 274.849609 36.661101 25.000000
v 275.118835 36.357100 -75.000000
v 275.118835 36.357100 25.000000
v 275.401916 36.058712 -75.000000
v 275.401916 36.058712 25.000000
v 275.698486 35.766213 -75.000000
v 275.698486 35.766213 25.000000
v 276.008239 35.479876 -75.000000
v 276.008239 35.479876 25.000000
v 276.330993 35.199965 -75.000000
v 276.330993 35.199965 25.000000
v 276.666381 34.926743 -75.000000
v 276.666381 34.926743 25.000000
v 277.014098 34.660460 -75.000000
v 277.014098 34.660460 25.000000
v 277.373840 34.401366 -75.000000
v 277.373840 34.401366 25.000000
v 277.745239 34.149702 -75.000000
v 277.745239 34.149702 25.000000
v 278.127990 33.905701 -75.000000
v 278.127990 33.905701 25.000000
v 278.655273 33.592676 -75.000000
v 278.655273 33.592676 25.000000
v 279.270812 33.257931 -75.000000
v 279.908569 32.942289 -75.000000
v 279.270812 33.257931 25.000000
v 279.908569 32.942289 25.000000
v 280.567321 32.646411 -75.000000
v 280.567321 32.646411 25.000000
v 281.245727 32.370916 -75.000000
v 281.245727 32.370916 25.000000
v 281.942260 32.116378 -75.000000
v 281.942260 32.116378 25.000000
v 282.655517 31.883330 -75.000000
v 283.383971 31.672259 -75.000000
v 282.655517 31.883330 25.000000
v 283.383971 31.672259 25.000000
v 284.126220 31.483605 -75.000000
v 284.126220 31.483605 25.000000
v 284.880553 31.317765 -75.000000
v 284.880553 31.317765 25.000000
v 285.645507 31.175083 -75.000000
v 285.645507 31.175083 25.000000
v 286.419433 31.055859 -75.000000
v 286.419433 31.055859 25.000000
v 287.200744 30.960341 -75.000000
v 287.200744 30.960341 25.000000
v 287.987731 30.888729 -75.000000
v 287.987731 30.888729 25.000000
v 288.778869 30.841173 -75.000000
v 288.778869 30.841173 25.000000
v 289.572387 30.817771 -75.000000
v 289.572387 30.817771 25.000000
v 290.366698 30.818574 -75.000000
v 290.366698 30.818574 25.000000
v 291.160156 30.843580 -75.000000
v 291.160156 30.843580 25.000000
v 291.951049 30.892735 -75.000000
v 291.951049 30.892735 25.000000
v 292.737731 30.965938 -75.000000
v 292.737731 30.965938 25.000000
v 293.518554 31.063035 -75.000000
v 294.291991 31.183824 -75.000000
v 293.518554 31.063035 25.000000
v 294.291991 31.183824 25.000000
v 295.056274 31.328052 -75.000000
v 295.056274 31.328052 25.000000
v 295.809875 31.495417 -75.000000
v 295.809875 31.495417 25.000000
v 296.551208 31.685569 -75.000000
v 296.551208 31.685569 25.000000
v 297.278747 31.898112 -75.000000
v 297.278747 31.898112 25.000000
v 297.990905 32.132602 -75.000000
v 297.990905 32.132602 25.000000
v 298.686279 32.388546 -75.000000
v 298.686279 32.388546 25.000000
v 299.363403 32.665412 -75.000000
v 299.363403 32.665412 25.000000
v 300.020812 32.962621 -75.000000
v 300.020812 32.962621 25.000000
v 300.657165 33.279551 -75.000000
v 300.657165 33.279551 25.000000
v 301.271117 33.615539 -75.000000
v 301.271117 33.615539 25.000000
v 301.861449 33.969883 -75.000000
v 301.861449 33.969883 25.000000
v 302.426818 34.341844 -75.000000
v 302.426818 34.341844 25.000000
v 302.966064 34.730642 -75.000000
v 302.966064 34.730642 25.000000
v 303.478149 35.135467 -75.000000
v 303.478149 35.135467 25.000000
v 303.961913 35.555471 -75.000000
v 303.961913 35.555471 25.000000
v 304.416381 35.989778 -75.000000
v 304.416381 35.989778 25.000000
v 304.799560 36.392131 -75.000000
v 304.799560 36.392131 25.000000
v 305.122924 36.762963 -75.000000
v 305.122924 36.762963 25.000000
v 305.425536 37.141523 -75.000000
v 305.425536 37.141523 25.000000
v 305.706847 37.527292 25.000000
v 305.706847 37.527292 -75.000000
v 305.966552 37.919742 25.000000
v 305.966552 37.919742 -75.000000
v 306.204284 38.318332 -75.000000
v 306.204284 38.318332 25.000000
v 306.419738 38.722518 25.000000
v 306.419738 38.722518 -75.000000
v 306.612548 39.131743 -75.000000
v 306.612548 39.131743 25.000000
v 306.766601 39.503894 -75.000000
v 306.766601 39.503894 25.000000
v 306.889220 39.841589 25.000000
v 306.889220 39.841589 -75.000000
v 306.996642 40.181585 25.000000
v 306.996642 40.181585 -75.000000
v 307.088683 40.523576 25.000000
v 307.088683 40.523576 -75.000000
v 307.165282 40.867252 -75.000000
v 307.165282 40.867252 25.000000
v 307.226440 41.212307 25.000000
v 307.226440 41.212307 -75.000000
v 307.271972 41.558429 25.000000
v 307.271972 41.558429 -75.000000
v 307.302001 41.905306 25.000000
v 307.302001 41.905306 -75.000000
v 307.316345 42.252626 25.000000
v 307.316345 42.252626 -75.000000
v 307.315063 42.600079 25.000000
v 307.315063 42.600079 -75.000000
v 307.298156 42.947348 25.000000
v 307.298156 42.947348 -75.000000
v 307.265685 43.294125 25.000000
v 307.265685 43.294125 -75.000000
v 307.217529 43.640093 25.000000
v 307.217529 43.640093 -75.000000
v 307.153930 43.984945 25.000000
v 307.153930 43.984945 -75.000000
v 307.074767 44.328369 25.000000
v 307.074767 44.328369 -75.000000
v 306.980224 44.670057 25.000000
v 306.980224 44.670057 -75.000000
v 306.870361 45.009699 25.000000
v 306.870361 45.009699 -75.000000
v 306.745239 45.346992 25.000000
v 306.745239 45.346992 -75.000000
v 306.604980 45.681633 -75.000000
v 306.604980 45.681633 25.000000
v 306.449767 46.013317 25.000000
v 306.449767 46.013317 -75.000000
v 306.279723 46.341749 -75.000000
v 306.279723 46.341749 25.000000
v 306.094909 46.666634 -75.000000
v 306.094909 46.666634 25.000000
v 305.895629 46.987677 -75.000000
v 305.895629 46.987677 25.000000
v 305.681945 47.304590 25.000000
v 305.681945 47.304590 -75.000000
v 305.454162 47.617088 25.000000
v 305.454162 47.617088 -75.000000
v 305.212341 47.924891 -75.000000
v 305.212341 47.924891 25.000000
v 304.956847 48.227720 -75.000000
v 304.956847 48.227720 25.000000
v 304.687804 48.525303 -75.000000
v 304.687804 48.525303 25.000000
v 304.405517 48.817373 -75.000000
v 304.405517 48.817373 25.000000
v 304.110229 49.103668 -75.000000
v 304.110229 49.103668 25.000000
v 303.802184 49.383928 -75.000000
v 303.802184 49.383928 25.000000
v 303.481628 49.657904 -75.000000
v 303.481628 49.657904 25.000000
v 303.148925 49.925346 -75.000000
v 303.148925 49.925346 25.000000
v 302.804321 50.186016 -75.000000
v 302.804321 50.186016 25.000000
v 302.448180 50.439678 -75.000000
v 302.448180 50.439678 25.000000
v 302.080749 50.686104 -75.000000
v 302.080749 50.686104 25.000000
v 301.573913 51.003035 25.000000
v 301.573913 51.003035 -75.000000
v 300.981567 51.343103 -75.000000
v 300.981567 51.343103 25.000000
v 300.366882 51.665064 25.000000
v 300.366882 51.665064 -75.000000
v 299.731017 51.968267 -75.000000
v 299.731017 51.968267 25.000000
v 299.075439 52.252094 -75.000000
v 299.075439 52.252094 25.000000
v 298.401305 52.515974 -75.000000
v 298.401305 52.515974 25.000000
v 297.710082 52.759373 -75.000000
v 297.710082 52.759373 25.000000
v 297.003112 52.981796 -75.000000
v 297.003112 52.981796 25.000000
v 296.281860 53.182793 25.000000
v 296.281860 53.182793 -75.000000
v 295.547790 53.361959 -75.000000
v 295.547790 53.361959 25.000000
v 294.802306 53.518929 25.000000
v 294.802306 53.518929 -75.000000
v 294.047057 53.653387 25.000000
v 294.047057 53.653387 -75.000000
v 293.283508 53.765060 25.000000
v 293.283508 53.765060 -75.000000
v 292.513183 53.853722 25.000000
v 292.513183 53.853722 -75.000000
v 291.737609 53.919193 25.000000
v 291.737609 53.919193 -75.000000
v 290.958434 53.961342 25.000000
v 290.958434 53.961342 -75.000000
v 290.177245 53.980083 -75.000000
v 290.177245 53.980083 25.000000
v 289.395507 53.975376 -75.000000
v 289.395507 53.975376 25.000000
v 288.614928 53.947235 25.000000
v 288.614928 53.947235 -75.000000
v 287.837035 53.895712 -75.000000
v 287.837035 53.895712 25.000000
v 287.063415 53.820915 -75.000000
v 287.063415 53.820915 25.000000
v 286.295593 53.722994 -75.000000
v 286.295593 53.722994 25.000000
v 285.535156 53.602146 25.000000
v 285.535156 53.602146 -75.000000
v 284.783630 53.458618 25.000000
v 284.783630 53.458618 -75.000000
v 284.042602 53.292698 25.000000
v 284.042602 53.292698 -75.000000
v 283.313476 53.104725 25.000000
v 283.313476 53.104725 -75.000000
v 282.597778 52.895077 25.000000
v 282.597778 52.895077 -75.000000
v 281.896972 52.664179 25.000000
v 281.896972 52.664179 -75.000000
v 281.212463 52.412498 25.000000
v 281.212463 52.412498 -75.000000
v 280.545593 52.140547 25.000000
v 280.545593 52.140547 -75.000000
v 279.897765 51.848871 25.000000
v 279.897765 51.848871 -75.000000
v 279.270263 51.538065 -75.000000
v 279.270263 51.538065 25.000000
v 278.664367 51.208755 -75.000000
v 278.664367 51.208755 25.000000
v 278.081298 50.861610 -75.000000
v 278.081298 50.861610 25.000000
v 277.522277 50.497332 -75.000000
v 277.522277 50.497332 25.000000
v 276.988342 50.116657 -75.000000
v 276.988342 50.116657 25.000000
v 276.480712 49.720356 -75.000000
v 276.480712 49.720356 25.000000
v 276.000243 49.309235 -75.000000
v 276.000243 49.309235 25.000000
v 275.548095 48.884121 -75.000000
v 275.548095 48.884121 25.000000
v 275.124999 48.445877 -75.000000
v 275.124999 48.445877 25.000000
v 274.769897 48.040964 -75.000000
v 274.769897 48.040964 25.000000
v 274.471557 47.668613 -75.000000
v 274.471557 47.668613 25.000000
v 274.193725 47.289261 -75.000000
v 274.193725 47.289261 25.000000
v 273.936828 46.903412 -75.000000
v 273.936828 46.903412 25.000000
v 273.701232 46.511578 -75.000000
v 273.701232 46.511578 25.000000
v 273.487182 46.114281 -75.000000
v 273.487182 46.114281 25.000000
v 273.294982 45.712048 -75.000000
v 273.294982 45.712048 25.000000
v 273.140929 45.346258 -75.000000
v 273.140929 45.346258 25.000000
v 273.017699 45.014326 -75.000000
v 273.017699 45.014326 25.000000
v 272.909240 44.680113 -75.000000
v 272.909240 44.680113 25.000000
v 272.815612 44.343910 -75.000000
v 272.815612 44.343910 25.000000
v 272.736938 44.006012 -75.000000
v 272.736938 44.006012 25.000000
v 272.673217 43.666714 -75.000000
v 272.673217 43.666714 25.000000
v 272.624572 43.326309 -75.000000
v 272.624572 43.326309 25.000000
v 272.591064 42.985094 -75.000000
v 272.591064 42.985094 25.000000
v 272.574279 42.691708 -75.000000
v 272.574279 42.691708 25.000000
v 295.281432 -86.163383 0.000000
v 282.494323 -87.147179 0.000000
v 282.403747 -87.263260 0.000000
v 282.579162 -87.026794 0.000000
v 295.548034 -86.417213 0.000000
v 282.307555 -87.374756 0.000000
v 295.027587 -85.896774 0.000000
v 282.657897 -86.902390 0.000000
v 295.826782 -86.657661 0.000000
v 282.206054 -87.481400 0.000000
v 294.787170 -85.618034 0.000000
v 282.730468 -86.774277 0.000000
v 282.796691 -86.642746 0.000000
v 296.117004 -86.884140 0.000000
v 282.099426 -87.582939 0.000000
v 281.987914 -87.679115 0.000000
v 294.560668 -85.327827 0.000000
v 282.856384 -86.508133 0.000000
v 296.417968 -87.096107 0.000000
v 281.871825 -87.769707 0.000000
v 294.348693 -85.026863 0.000000
v 282.909362 -86.370750 0.000000
v 282.955566 -86.230934 0.000000
v 296.728942 -87.293045 0.000000
v 281.751464 -87.854492 0.000000
v 294.151733 -84.715851 0.000000
v 282.994811 -86.089020 0.000000
v 297.049255 -87.474495 0.000000
v 281.627013 -87.933266 0.000000
v 293.970336 -84.395561 0.000000
v 283.027099 -85.945351 0.000000
v 283.052245 -85.800278 0.000000
v 297.378051 -87.639999 0.000000
v 281.498901 -88.005844 0.000000
v 281.367370 -88.072052 0.000000
v 293.804809 -84.066750 0.000000
v 283.070251 -85.654137 0.000000
v 297.714599 -87.789177 0.000000
v 281.232787 -88.131722 0.000000
v 293.655639 -83.730209 0.000000
v 283.081115 -85.507286 0.000000
v 283.084716 -85.360085 0.000000
v 298.058044 -87.921661 0.000000
v 281.095397 -88.184715 0.000000
v 293.523132 -83.386757 0.000000
v 298.407592 -88.037132 0.000000
v 280.955566 -88.230904 0.000000
v 293.407653 -83.037216 0.000000
v 298.762389 -88.135315 0.000000
v 280.813659 -88.270180 0.000000
v 293.309509 -82.682434 0.000000
v 299.121520 -88.215973 0.000000
v 280.669982 -88.302437 0.000000
v 293.228820 -82.323257 0.000000
v 299.484252 -88.278908 0.000000
v 280.524902 -88.327614 0.000000
v 293.165893 -81.960564 0.000000
v 293.120849 -81.595215 0.000000
v 293.093749 -81.228088 0.000000
v 293.084716 -80.860085 0.000000
v 283.084716 -76.360085 0.000000
v 293.093749 -80.492073 0.000000
v 293.120849 -80.124954 0.000000
v 293.165893 -79.759605 0.000000
v 293.228820 -79.396904 0.000000
v 293.309509 -79.037735 0.000000
v 293.407653 -78.682945 0.000000
v 293.523132 -78.333412 0.000000
v 293.655639 -77.989960 0.000000
v 283.081115 -76.212883 0.000000
v 283.070251 -76.066032 0.000000
v 293.804809 -77.653419 0.000000
v 283.052245 -75.919891 0.000000
v 293.970336 -77.324608 0.000000
v 283.027099 -75.774811 0.000000
v 282.994811 -75.631142 0.000000
v 294.151733 -77.004311 0.000000
v 282.955566 -75.489227 0.000000
v 294.348693 -76.693306 0.000000
v 282.909362 -75.349411 0.000000
v 282.856384 -75.212036 0.000000
v 294.560668 -76.392334 0.000000
v 282.796691 -75.077415 0.000000
v 294.787170 -76.102135 0.000000
v 282.730468 -74.945892 0.000000
v 282.657897 -74.817772 0.000000
v 295.027587 -75.823387 0.000000
v 282.579162 -74.693375 0.000000
v 295.281432 -75.556778 0.000000
v 282.494323 -74.572983 0.000000
v 282.403747 -74.456902 0.000000
v 295.548034 -75.302948 0.000000
v 282.307555 -74.345406 0.000000
v 295.826782 -75.062508 0.000000
v 282.206054 -74.238762 0.000000
v 296.117004 -74.836029 0.000000
v 282.099426 -74.137230 0.000000
v 281.987914 -74.041054 0.000000
v 296.417968 -74.624062 0.000000
v 300.584716 -73.360085 0.000000
v 280.084716 -73.360085 0.000000
v 280.231933 -73.363693 0.000000
v 300.216735 -73.369118 0.000000
v 280.378783 -73.374527 0.000000
v 280.524902 -73.392555 0.000000
v 280.669982 -73.417725 0.000000
v 299.849609 -73.396194 0.000000
v 280.813659 -73.449989 0.000000
v 280.955566 -73.489265 0.000000
v 299.484252 -73.441261 0.000000
v 281.095397 -73.535454 0.000000
v 281.232787 -73.588448 0.000000
v 299.121520 -73.504196 0.000000
v 281.367370 -73.648117 0.000000
v 281.498901 -73.714317 0.000000
v 281.627013 -73.786896 0.000000
v 298.762389 -73.584847 0.000000
v 281.751464 -73.865677 0.000000
v 281.871825 -73.950462 0.000000
v 298.407592 -73.683029 0.000000
v 298.058044 -73.798500 0.000000
v 297.714599 -73.930985 0.000000
v 297.378051 -74.080162 0.000000
v 297.049255 -74.245674 0.000000
v 296.728942 -74.427116 0.000000
v 280.084716 -88.360085 0.000000
v 300.584716 -88.360085 0.000000
v 280.231933 -88.356468 0.000000
v 300.216735 -88.351051 0.000000
v 280.378783 -88.345634 0.000000
v 299.849609 -88.323967 0.000000
v 293.084716 -80.860085 75.000000
v 293.094054 -81.233925 75.000000
v 293.122009 -81.606842 75.000000
v 293.168517 -81.977898 75.000000
v 293.233459 -82.346176 75.000000
v 293.316650 -82.710762 75.000000
v 293.417907 -83.070747 75.000000
v 293.537048 -83.425232 75.000000
v 293.673644 -83.773346 75.000000
v 293.827453 -84.114212 75.000000
v 293.998046 -84.446991 75.000000
v 294.185058 -84.770844 75.000000
v 294.387939 -85.084984 75.000000
v 294.606261 -85.388618 75.000000
v 294.839416 -85.680992 75.000000
v 295.086852 -85.961380 75.000000
v 295.347961 -86.229088 75.000000
v 295.622070 -86.483444 75.000000
v 295.908569 -86.723816 75.000000
v 296.206664 -86.949615 75.000000
v 296.515624 -87.160278 75.000000
v 296.834716 -87.355270 75.000000
v 297.163146 -87.534119 75.000000
v 297.500060 -87.696373 75.000000
v 297.844665 -87.841637 75.000000
v 298.196105 -87.969536 75.000000
v 298.553405 -88.079765 75.000000
v 298.915832 -88.172043 75.000000
v 299.282348 -88.246140 75.000000
v 299.652160 -88.301880 75.000000
v 300.024230 -88.339111 75.000000
v 300.584716 -88.360085 -75.000000
v 300.958556 -88.350761 -75.000000
v 300.397765 -88.357750 75.000000
v 300.771728 -88.357750 75.000000
v 301.145202 -88.339111 75.000000
v 301.331481 -88.322815 -75.000000
v 301.517333 -88.301880 75.000000
v 301.702514 -88.276314 -75.000000
v 301.887084 -88.246140 75.000000
v 302.070800 -88.211380 -75.000000
v 302.253661 -88.172043 75.000000
v 302.435424 -88.128166 -75.000000
v 302.616027 -88.079765 75.000000
v 302.795409 -88.026878 -75.000000
v 302.973388 -87.969536 75.000000
v 303.149902 -87.907776 -75.000000
v 303.324767 -87.841637 75.000000
v 303.497985 -87.771156 -75.000000
v 303.669372 -87.696373 75.000000
v 303.838866 -87.617348 -75.000000
v 304.006286 -87.534119 75.000000
v 304.171630 -87.446747 -75.000000
v 304.334716 -87.355270 75.000000
v 304.495483 -87.259766 -75.000000
v 304.653808 -87.160278 75.000000
v 304.809631 -87.056877 -75.000000
v 304.962829 -86.949615 75.000000
v 305.113281 -86.838577 -75.000000
v 305.260925 -86.723816 75.000000
v 305.405639 -86.605415 -75.000000
v 305.547363 -86.483444 75.000000
v 305.686034 -86.357971 -75.000000
v 305.821532 -86.229088 75.000000
v 305.953735 -86.096863 -75.000000
v 306.082641 -85.961380 75.000000
v 306.208068 -85.822723 -75.000000
v 306.330077 -85.680992 75.000000
v 306.448486 -85.536255 -75.000000
v 306.563232 -85.388618 75.000000
v 306.674255 -85.238159 -75.000000
v 306.781493 -85.084984 75.000000
v 306.884948 -84.929176 -75.000000
v 306.984435 -84.770844 75.000000
v 307.079894 -84.610085 -75.000000
v 307.171386 -84.446991 75.000000
v 307.258788 -84.281662 -75.000000
v 307.341979 -84.114212 75.000000
v 307.421020 -83.944733 -75.000000
v 307.495788 -83.773346 75.000000
v 307.566283 -83.600143 -75.000000
v 307.632446 -83.425232 75.000000
v 307.694152 -83.248734 -75.000000
v 307.751525 -83.070747 75.000000
v 307.804382 -82.891388 -75.000000
v 307.852782 -82.710762 75.000000
v 307.896667 -82.528992 -75.000000
v 307.936034 -82.346176 75.000000
v 307.970763 -82.162445 -75.000000
v 308.000976 -81.977898 75.000000
v 308.026550 -81.792664 -75.000000
v 308.047485 -81.606842 75.000000
v 308.063781 -81.420555 -75.000000
v 308.075378 -81.233925 75.000000
v 308.082397 -81.047066 -75.000000
v 308.084716 -80.860085 75.000000
v 308.082397 -80.673103 -75.000000
v 308.075378 -80.486237 75.000000
v 308.063781 -80.299606 -75.000000
v 308.047485 -80.113327 75.000000
v 308.026550 -79.927505 -75.000000
v 308.000976 -79.742264 75.000000
v 307.970763 -79.557724 -75.000000
v 307.936034 -79.373985 75.000000
v 307.896667 -79.191177 -75.000000
v 307.852782 -79.009399 75.000000
v 307.804382 -78.828781 -75.000000
v 307.751525 -78.649422 75.000000
v 307.694152 -78.471436 -75.000000
v 307.632446 -78.294930 75.000000
v 307.566283 -78.120026 -75.000000
v 307.495788 -77.946823 75.000000
v 307.421020 -77.775429 -75.000000
v 307.341979 -77.605957 75.000000
v 307.258788 -77.438499 -75.000000
v 307.171386 -77.273178 75.000000
v 307.079894 -77.110085 -75.000000
v 306.984435 -76.949318 75.000000
v 306.884948 -76.790985 -75.000000
v 306.781493 -76.635185 75.000000
v 306.674255 -76.482002 -75.000000
v 306.563232 -76.331551 75.000000
v 306.448486 -76.183907 -75.000000
v 306.330077 -76.039177 75.000000
v 306.208068 -75.897438 -75.000000
v 306.082641 -75.758789 75.000000
v 305.953735 -75.623306 -75.000000
v 305.821532 -75.491081 75.000000
v 305.686034 -75.362190 -75.000000
v 305.547363 -75.236725 75.000000
v 305.405639 -75.114746 -75.000000
v 305.260925 -74.996346 75.000000
v 305.113281 -74.881592 -75.000000
v 304.962829 -74.770546 75.000000
v 304.809631 -74.663292 -75.000000
v 304.653808 -74.559891 75.000000
v 304.495483 -74.460403 -75.000000
v 304.334716 -74.364891 75.000000
v 304.171630 -74.273422 -75.000000
v 304.006286 -74.186043 75.000000
v 303.838866 -74.102814 -75.000000
v 303.669372 -74.023788 75.000000
v 303.497985 -73.949013 -75.000000
v 303.324767 -73.878532 75.000000
v 303.149902 -73.812386 -75.000000
v 302.973388 -73.750626 75.000000
v 302.795409 -73.693283 -75.000000
v 302.616027 -73.640404 75.000000
v 302.435424 -73.592003 -75.000000
v 302.253661 -73.548126 75.000000
v 302.070800 -73.508789 -75.000000
v 301.887084 -73.474022 75.000000
v 301.702514 -73.443855 -75.000000
v 301.517333 -73.418289 75.000000
v 301.331481 -73.397354 -75.000000
v 301.145202 -73.381058 75.000000
v 300.958556 -73.369408 -75.000000
v 300.584716 -73.360085 -75.000000
v 300.771728 -73.362412 75.000000
v 300.397765 -73.362412 75.000000
v 300.024230 -73.381058 75.000000
v 299.652160 -73.418289 75.000000
v 299.282348 -73.474022 75.000000
v 298.915832 -73.548126 75.000000
v 298.553405 -73.640404 75.000000
v 298.196105 -73.750626 75.000000
v 297.844665 -73.878532 75.000000
v 297.500060 -74.023788 75.000000
v 297.163146 -74.186043 75.000000
v 296.834716 -74.364891 75.000000
v 296.515624 -74.559891 75.000000
v 296.206664 -74.770546 75.000000
v 295.908569 -74.996346 75.000000
v 295.622070 -75.236725 75.000000
v 295.347961 -75.491081 75.000000
v 295.086852 -75.758789 75.000000
v 294.839416 -76.039177 75.000000
v 294.606261 -76.331551 75.000000
v 294.387939 -76.635185 75.000000
v 294.185058 -76.949318 75.000000
v 293.998046 -77.273178 75.000000
v 293.827453 -77.605957 75.000000
v 293.673644 -77.946823 75.000000
v 293.537048 -78.294930 75.000000
v 293.417907 -78.649422 75.000000
v 293.316650 -79.009399 75.000000
v 293.233459 -79.373985 75.000000
v 293.168517 -79.742264 75.000000
v 293.122009 -80.113327 75.000000
v 293.094054 -80.486237 75.000000
v 280.231933 -88.356468 75.000000
v 280.084716 -88.360085 75.000000
v 280.378783 -88.345634 75.000000
v 280.524902 -88.327614 75.000000
v 280.669982 -88.302437 75.000000
v 280.813659 -88.270180 75.000000
v 280.955566 -88.230904 75.000000
v 281.095397 -88.184715 75.000000
v 281.232787 -88.131722 75.000000
v 281.367370 -88.072052 75.000000
v 281.498901 -88.005844 75.000000
v 281.627013 -87.933266 75.000000
v 281.751464 -87.854492 75.000000
v 281.871825 -87.769707 75.000000
v 281.987914 -87.679115 75.000000
v 282.099426 -87.582939 75.000000
v 282.206054 -87.481400 75.000000
v 282.307555 -87.374756 75.000000
v 282.403747 -87.263260 75.000000
v 282.494323 -87.147179 75.000000
v 282.579162 -87.026794 75.000000
v 282.657897 -86.902390 75.000000
v 282.730468 -86.774277 75.000000
v 282.796691 -86.642746 75.000000
v 282.856384 -86.508133 75.000000
v 282.909362 -86.370750 75.000000
v 282.955566 -86.230934 75.000000
v 282.994811 -86.089020 75.000000
v 283.027099 -85.945351 75.000000
v 283.052245 -85.800278 75.000000
v 283.070251 -85.654137 75.000000
v 283.081115 -85.507286 75.000000
v 283.084716 -85.360085 75.000000
v 283.084716 -76.360085 75.000000
v 283.081115 -76.212883 75.000000
v 283.070251 -76.066032 75.000000
v 283.052245 -75.919891 75.000000
v 283.027099 -75.774811 75.000000
v 282.994811 -75.631142 75.000000
v 282.955566 -75.489227 75.000000
v 282.909362 -75.349411 75.000000
v 282.856384 -75.212036 75.000000
v 282.796691 -75.077415 75.000000
v 282.730468 -74.945892 75.000000
v 282.657897 -74.817772 75.000000
v 282.579162 -74.693375 75.000000
v 282.494323 -74.572983 75.000000
v 282.403747 -74.456902 75.000000
v 282.307555 -74.345406 75.000000
v 282.206054 -74.238762 75.000000
v 282.099426 -74.137230 75.000000
v 281.987914 -74.041054 75.000000
v 281.871825 -73.950462 75.000000
v 281.751464 -73.865677 75.000000
v 281.627013 -73.786896 75.000000
v 281.498901 -73.714317 75.000000
v 281.367370 -73.648117 75.000000
v 281.232787 -73.588448 75.000000
v 281.095397 -73.535454 75.000000
v 280.955566 -73.489265 75.000000
v 280.813659 -73.449989 75.000000
v 280.669982 -73.417725 75.000000
v 280.524902 -73.392555 75.000000
v 280.378783 -73.374527 75.000000
v 280.231933 -73.363693 75.000000
v 280.084716 -73.360085 75.000000
v 268.084716 -85.360085 75.000000
v 268.084716 -76.360085 -75.000000
v 268.084716 -85.360085 -75.000000
v 268.084716 -76.360085 75.000000
v 270.937499 -73.363693 75.000000
v 271.084716 -73.360085 -75.000000
v 270.937499 -73.363693 -75.000000
v 271.084716 -73.360085 75.000000
v 270.790649 -73.374527 75.000000
v 270.790649 -73.374527 -75.000000
v 270.644531 -73.392555 75.000000
v 270.644531 -73.392555 -75.000000
v 270.499450 -73.417725 75.000000
v 270.499450 -73.417725 -75.000000
v 270.355773 -73.449989 75.000000
v 270.355773 -73.449989 -75.000000
v 270.213866 -73.489265 -75.000000
v 270.213866 -73.489265 75.000000
v 270.074035 -73.535454 -75.000000
v 270.074035 -73.535454 75.000000
v 269.936706 -73.588448 75.000000
v 269.936706 -73.588448 -75.000000
v 269.802062 -73.648117 -75.000000
v 269.802062 -73.648117 75.000000
v 269.670532 -73.714317 75.000000
v 269.670532 -73.714317 -75.000000
v 269.542419 -73.786896 75.000000
v 269.542419 -73.786896 -75.000000
v 269.418029 -73.865677 75.000000
v 269.418029 -73.865677 -75.000000
v 269.297607 -73.950462 75.000000
v 269.297607 -73.950462 -75.000000
v 269.181518 -74.041054 75.000000
v 269.181518 -74.041054 -75.000000
v 269.070068 -74.137230 75.000000
v 269.070068 -74.137230 -75.000000
v 268.963378 -74.238762 75.000000
v 268.963378 -74.238762 -75.000000
v 268.861877 -74.345406 -75.000000
v 268.861877 -74.345406 75.000000
v 268.765685 -74.456902 75.000000
v 268.765685 -74.456902 -75.000000
v 268.675109 -74.572983 75.000000
v 268.675109 -74.572983 -75.000000
v 268.590331 -74.693375 -75.000000
v 268.590331 -74.693375 75.000000
v 268.511535 -74.817772 75.000000
v 268.511535 -74.817772 -75.000000
v 268.438964 -74.945892 -75.000000
v 268.438964 -74.945892 75.000000
v 268.372741 -75.077415 75.000000
v 268.372741 -75.077415 -75.000000
v 268.313110 -75.212036 75.000000
v 268.313110 -75.212036 -75.000000
v 268.260070 -75.349411 75.000000
v 268.260070 -75.349411 -75.000000
v 268.213928 -75.489227 75.000000
v 268.213928 -75.489227 -75.000000
v 268.174621 -75.631142 75.000000
v 268.174621 -75.631142 -75.000000
v 268.142394 -75.774811 -75.000000
v 268.142394 -75.774811 75.000000
v 268.117187 -75.919891 -75.000000
v 268.117187 -75.919891 75.000000
v 268.099181 -76.066032 75.000000
v 268.099181 -76.066032 -75.000000
v 268.088317 -76.212883 -75.000000
v 268.088317 -76.212883 75.000000
v 271.084716 -88.360085 -75.000000
v 271.084716 -88.360085 75.000000
v 268.088317 -85.507286 75.000000
v 268.088317 -85.507286 -75.000000
v 268.099181 -85.654137 75.000000
v 268.099181 -85.654137 -75.000000
v 268.117187 -85.800278 75.000000
v 268.117187 -85.800278 -75.000000
v 268.142394 -85.945351 75.000000
v 268.142394 -85.945351 -75.000000
v 268.174621 -86.089020 75.000000
v 268.174621 -86.089020 -75.000000
v 268.213928 -86.230934 -75.000000
v 268.213928 -86.230934 75.000000
v 268.260070 -86.370750 -75.000000
v 268.260070 -86.370750 75.000000
v 268.313110 -86.508133 75.000000
v 268.313110 -86.508133 -75.000000
v 268.372741 -86.642746 -75.000000
v 268.372741 -86.642746 75.000000
v 268.438964 -86.774277 75.000000
v 268.438964 -86.774277 -75.000000
v 268.511535 -86.902390 75.000000
v 268.511535 -86.902390 -75.000000
v 268.590331 -87.026794 75.000000
v 268.590331 -87.026794 -75.000000
v 268.675109 -87.147179 75.000000
v 268.675109 -87.147179 -75.000000
v 268.765685 -87.263260 75.000000
v 268.765685 -87.263260 -75.000000
v 268.861877 -87.374756 75.000000
v 268.861877 -87.374756 -75.000000
v 268.963378 -87.481400 75.000000
v 268.963378 -87.481400 -75.000000
v 269.070068 -87.582939 -75.000000
v 269.070068 -87.582939 75.000000
v 269.181518 -87.679115 75.000000
v 269.181518 -87.679115 -75.000000
v 269.297607 -87.769707 75.000000
v 269.297607 -87.769707 -75.000000
v 269.418029 -87.854492 -75.000000
v 269.418029 -87.854492 75.000000
v 269.542419 -87.933266 75.000000
v 269.542419 -87.933266 -75.000000
v 269.670532 -88.005844 -75.000000
v 269.670532 -88.005844 75.000000
v 269.802062 -88.072052 75.000000
v 269.802062 -88.072052 -75.000000
v 269.936706 -88.131722 75.000000
v 269.936706 -88.131722 -75.000000
v 270.074035 -88.184715 75.000000
v 270.074035 -88.184715 -75.000000
v 270.213866 -88.230904 75.000000
v 270.213866 -88.230904 -75.000000
v 270.355773 -88.270180 75.000000
v 270.355773 -88.270180 -75.000000
v 270.499450 -88.302437 -75.000000
v 270.499450 -88.302437 75.000000
v 270.644531 -88.327614 -75.000000
v 270.644531 -88.327614 75.000000
v 270.790649 -88.345634 75.000000
v 270.790649 -88.345634 -75.000000
v 270.937499 -88.356468 -75.000000
v 270.937499 -88.356468 75.000000
v -126.275254 -234.240158 75.000000
v -126.225205 -234.072159 -75.000000
v -126.275254 -234.240158 -75.000000
v -126.316956 -234.410416 -75.000000
v -126.225205 -234.072159 75.000000
v -126.316956 -234.410416 75.000000
v -126.350220 -234.582535 75.000000
v -126.350220 -234.582535 -75.000000
v -126.374985 -234.756088 -75.000000
v -126.374985 -234.756088 75.000000
v -126.391160 -234.930618 75.000000
v -126.391160 -234.930618 -75.000000
v -126.398713 -235.105759 -75.000000
v -126.398713 -235.105759 75.000000
v -126.397629 -235.281052 75.000000
v -126.397629 -235.281052 -75.000000
v -126.387925 -235.456070 -75.000000
v -126.387925 -235.456070 75.000000
v -126.369599 -235.630417 75.000000
v -126.369599 -235.630417 -75.000000
v -126.342713 -235.803635 -75.000000
v -126.342713 -235.803635 75.000000
v -126.307313 -235.975327 75.000000
v -126.307313 -235.975327 -75.000000
v -126.263520 -236.145065 -75.000000
v -126.263520 -236.145065 75.000000
v -126.211396 -236.312424 75.000000
v -126.211396 -236.312424 -75.000000
v -126.151108 -236.477036 -75.000000
v -126.151108 -236.477036 75.000000
v -126.082780 -236.638474 75.000000
v -126.082780 -236.638474 -75.000000
v -126.006577 -236.796341 -75.000000
v -126.006577 -236.796341 75.000000
v -125.922700 -236.950241 75.000000
v -125.922700 -236.950241 -75.000000
v -125.831345 -237.099869 -75.000000
v -125.831345 -237.099869 75.000000
v -125.732713 -237.244797 75.000000
v -125.732713 -237.244797 -75.000000
v -125.627076 -237.384689 75.000000
v -125.627076 -237.384689 -75.000000
v -125.514680 -237.519180 75.000000
v -125.514680 -237.519180 -75.000000
v -125.395783 -237.647995 -75.000000
v -125.395783 -237.647995 75.000000
v -125.270692 -237.770798 75.000000
v -125.270692 -237.770798 -75.000000
v -125.139695 -237.887314 -75.000000
v -125.139695 -237.887314 75.000000
v -125.003129 -237.997208 75.000000
v -125.003129 -237.997208 -75.000000
v -124.861314 -238.100235 -75.000000
v -124.861314 -238.100235 75.000000
v -124.714585 -238.196152 75.000000
v -124.714585 -238.196152 -75.000000
v -124.563325 -238.284744 -75.000000
v -124.563325 -238.284744 75.000000
v -124.407868 -238.365768 75.000000
v -124.407868 -238.365768 -75.000000
v -124.248627 -238.439041 75.000000
v -124.248627 -238.439041 -75.000000
v -124.085953 -238.504379 -75.000000
v -124.085953 -238.504379 75.000000
v -123.920274 -238.561600 -75.000000
v -123.920274 -238.561600 75.000000
v -123.751969 -238.610611 75.000000
v -123.751969 -238.610611 -75.000000
v -123.581452 -238.651260 -75.000000
v -123.581452 -238.651260 75.000000
v -123.409135 -238.683487 -75.000000
v -123.409135 -238.683487 75.000000
v -123.235444 -238.707169 75.000000
v -123.235444 -238.707169 -75.000000
v -123.060807 -238.722275 75.000000
v -123.060807 -238.722275 -75.000000
v -122.885621 -238.728745 -75.000000
v -122.885621 -238.728745 75.000000
v -122.710343 -238.726578 75.000000
v -122.710343 -238.726578 -75.000000
v -122.535386 -238.715805 75.000000
v -122.535386 -238.715805 -75.000000
v -122.361161 -238.696396 75.000000
v -122.361161 -238.696396 -75.000000
v -122.188111 -238.668442 75.000000
v -122.188111 -238.668442 -75.000000
v -122.016633 -238.632004 -75.000000
v -122.016633 -238.632004 75.000000
v -121.847184 -238.587143 -75.000000
v -121.847184 -238.587143 75.000000
v -121.680131 -238.534012 75.000000
v -121.680131 -238.534012 -75.000000
v -121.515900 -238.472702 75.000000
v -121.515900 -238.472702 -75.000000
v -121.354890 -238.403366 -75.000000
v -121.354890 -238.403366 75.000000
v -121.197495 -238.326218 -75.000000
v -121.197495 -238.326218 75.000000
v -121.044099 -238.241379 75.000000
v -121.044099 -238.241379 -75.000000
v -120.895051 -238.149094 -75.000000
v -120.895051 -238.149094 75.000000
v -120.750748 -238.049576 75.000000
v -120.750748 -238.049576 -75.000000
v -121.455491 -219.392517 75.000000
v -121.455491 -219.392517 -75.000000
v -133.942750 -210.319992 75.000000
v -133.942750 -210.319992 -75.000000
v -132.026932 -203.888687 75.000000
v -131.851685 -203.884369 -75.000000
v -132.026932 -203.888687 -75.000000
v -131.851685 -203.884369 75.000000
v -132.201752 -203.901642 75.000000
v -132.201752 -203.901642 -75.000000
v -132.375718 -203.923187 -75.000000
v -132.375718 -203.923187 75.000000
v -132.548417 -203.953262 75.000000
v -132.548417 -203.953262 -75.000000
v -132.719422 -203.991821 -75.000000
v -132.719422 -203.991821 75.000000
v -132.888322 -204.038757 -75.000000
v -132.888322 -204.038757 75.000000
v -133.054703 -204.093948 -75.000000
v -133.054703 -204.093948 75.000000
v -133.218156 -204.157272 75.000000
v -133.218156 -204.157272 -75.000000
v -133.378297 -204.228577 -75.000000
v -133.378297 -204.228577 75.000000
v -133.534730 -204.307678 -75.000000
v -133.534730 -204.307678 75.000000
v -133.687073 -204.394379 75.000000
v -133.687073 -204.394379 -75.000000
v -133.834977 -204.488495 -75.000000
v -133.834977 -204.488495 75.000000
v -133.978043 -204.589783 75.000000
v -133.978043 -204.589783 -75.000000
v -134.115968 -204.697983 -75.000000
v -134.115968 -204.697983 75.000000
v -134.248383 -204.812851 75.000000
v -134.248383 -204.812851 -75.000000
v -134.374970 -204.934113 75.000000
v -134.374970 -204.934113 -75.000000
v -134.495438 -205.061447 -75.000000
v -134.495438 -205.061447 75.000000
v -134.609498 -205.194565 75.000000
v -134.609498 -205.194565 -75.000000
v -134.716859 -205.333145 75.000000
v -134.716859 -205.333145 -75.000000
v -134.817246 -205.476837 -75.000000
v -134.817246 -205.476837 75.000000
v -134.910447 -205.625305 75.000000
v -134.910447 -205.625305 -75.000000
v -134.996217 -205.778198 75.000000
v -134.996217 -205.778198 -75.000000
v -135.074357 -205.935104 -75.000000
v -135.074357 -205.935104 75.000000
v -135.144669 -206.095688 75.000000
v -135.144669 -206.095688 -75.000000
v -135.206986 -206.259537 75.000000
v -135.206986 -206.259537 -75.000000
v -135.261155 -206.426254 75.000000
v -135.261155 -206.426254 -75.000000
v -135.307038 -206.595428 75.000000
v -135.307038 -206.595428 -75.000000
v -135.344544 -206.766678 75.000000
v -135.344544 -206.766678 -75.000000
v -135.373566 -206.939545 75.000000
v -135.373566 -206.939545 -75.000000
v -135.394044 -207.113647 75.000000
v -135.394044 -207.113647 -75.000000
v -135.405900 -207.288544 75.000000
v -135.405900 -207.288544 -75.000000
v -135.409150 -207.463806 75.000000
v -135.409150 -207.463806 -75.000000
v -135.403748 -207.639023 75.000000
v -135.403748 -207.639023 -75.000000
v -135.389725 -207.813751 75.000000
v -135.389725 -207.813751 -75.000000
v -135.367112 -207.987595 75.000000
v -135.367112 -207.987595 -75.000000
v -135.335969 -208.160095 75.000000
v -135.335969 -208.160095 -75.000000
v -135.296357 -208.330856 75.000000
v -135.296357 -208.330856 -75.000000
v -135.248383 -208.499466 75.000000
v -135.248383 -208.499466 -75.000000
v -135.192170 -208.665497 75.000000
v -135.192170 -208.665497 -75.000000
v -135.127839 -208.828568 75.000000
v -135.127839 -208.828568 -75.000000
v -135.055543 -208.988266 75.000000
v -135.055543 -208.988266 -75.000000
v -134.975480 -209.144211 75.000000
v -134.975480 -209.144211 -75.000000
v -134.887833 -209.296021 75.000000
v -134.887833 -209.296021 -75.000000
v -134.792817 -209.443329 75.000000
v -134.792817 -209.443329 -75.000000
v -134.690659 -209.585785 75.000000
v -134.690659 -209.585785 -75.000000
v -134.581605 -209.723022 75.000000
v -134.581605 -209.723022 -75.000000
v -134.465913 -209.854721 75.000000
v -134.465913 -209.854721 -75.000000
v -134.343888 -209.980576 75.000000
v -134.343888 -209.980576 -75.000000
v -134.215806 -210.100266 75.000000
v -134.215806 -210.100266 -75.000000
v -134.081986 -210.213486 75.000000
v -134.081986 -210.213486 -75.000000
v -116.416596 -203.884369 -75.000000
v -116.416596 -203.884369 75.000000
v -111.646882 -189.204727 -75.000000
v -111.646882 -189.204727 75.000000
v -104.938340 -189.039383 75.000000
v -104.880082 -189.204727 -75.000000
v -104.938340 -189.039383 -75.000000
v -104.880082 -189.204727 75.000000
v -105.004670 -188.877136 75.000000
v -105.004670 -188.877136 -75.000000
v -105.078919 -188.718338 75.000000
v -105.078919 -188.718338 -75.000000
v -105.160905 -188.563385 75.000000
v -105.160905 -188.563385 -75.000000
v -105.250413 -188.412674 -75.000000
v -105.250413 -188.412674 75.000000
v -105.347245 -188.266541 75.000000
v -105.347245 -188.266541 -75.000000
v -105.451142 -188.125366 75.000000
v -105.451142 -188.125366 -75.000000
v -105.561890 -187.989471 75.000000
v -105.561890 -187.989471 -75.000000
v -105.679185 -187.859192 75.000000
v -105.679185 -187.859192 -75.000000
v -105.802750 -187.734863 75.000000
v -105.802750 -187.734863 -75.000000
v -105.932297 -187.616760 75.000000
v -105.932297 -187.616760 -75.000000
v -106.067506 -187.505188 75.000000
v -106.067506 -187.505188 -75.000000
v -106.208039 -187.400421 75.000000
v -106.208039 -187.400421 -75.000000
v -106.353577 -187.302689 -75.000000
v -106.353577 -187.302689 75.000000
v -106.503739 -187.212250 75.000000
v -106.503739 -187.212250 -75.000000
v -106.658173 -187.129318 -75.000000
v -106.658173 -187.129318 75.000000
v -106.816514 -187.054092 75.000000
v -106.816514 -187.054092 -75.000000
v -106.978364 -186.986771 75.000000
v -106.978364 -186.986771 -75.000000
v -107.143327 -186.927490 75.000000
v -107.143327 -186.927490 -75.000000
v -107.311021 -186.876404 75.000000
v -107.311021 -186.876404 -75.000000
v -107.481019 -186.833649 75.000000
v -107.481019 -186.833649 -75.000000
v -107.652924 -186.799316 75.000000
v -107.652924 -186.799316 -75.000000
v -107.826310 -186.773499 -75.000000
v -107.826310 -186.773499 75.000000
v -108.000748 -186.756256 -75.000000
v -108.000748 -186.756256 75.000000
v -108.175843 -186.747620 75.000000
v -108.175843 -186.747620 -75.000000
v -108.351136 -186.747620 75.000000
v -108.351136 -186.747620 -75.000000
v -108.526215 -186.756256 -75.000000
v -108.526215 -186.756256 75.000000
v -108.700669 -186.773499 75.000000
v -108.700669 -186.773499 -75.000000
v -108.874039 -186.799316 75.000000
v -108.874039 -186.799316 -75.000000
v -109.045945 -186.833649 75.000000
v -109.045945 -186.833649 -75.000000
v -109.215943 -186.876404 75.000000
v -109.215943 -186.876404 -75.000000
v -109.383637 -186.927490 75.000000
v -109.383637 -186.927490 -75.000000
v -109.548615 -186.986771 75.000000
v -109.548615 -186.986771 -75.000000
v -109.710465 -187.054092 75.000000
v -109.710465 -187.054092 -75.000000
v -109.868790 -187.129318 75.000000
v -109.868790 -187.129318 -75.000000
v -110.023225 -187.212250 -75.000000
v -110.023225 -187.212250 75.000000
v -110.173402 -187.302689 75.000000
v -110.173402 -187.302689 -75.000000
v -110.318925 -187.400421 -75.000000
v -110.318925 -187.400421 75.000000
v -110.459458 -187.505188 -75.000000
v -110.459458 -187.505188 75.000000
v -110.594666 -187.616760 75.000000
v -110.594666 -187.616760 -75.000000
v -110.724213 -187.734863 -75.000000
v -110.724213 -187.734863 75.000000
v -110.847779 -187.859192 75.000000
v -110.847779 -187.859192 -75.000000
v -110.965089 -187.989471 75.000000
v -110.965089 -187.989471 -75.000000
v -111.075822 -188.125366 75.000000
v -111.075822 -188.125366 -75.000000
v -111.179734 -188.266541 75.000000
v -111.179734 -188.266541 -75.000000
v -111.276551 -188.412674 75.000000
v -111.276551 -188.412674 -75.000000
v -111.366059 -188.563385 75.000000
v -111.366059 -188.563385 -75.000000
v -111.448045 -188.718338 75.000000
v -111.448045 -188.718338 -75.000000
v -111.522294 -188.877136 -75.000000
v -111.522294 -188.877136 75.000000
v -111.588624 -189.039383 75.000000
v -111.588624 -189.039383 -75.000000
v -100.110368 -203.884369 -75.000000
v -100.110368 -203.884369 75.000000
v -84.675278 -203.884369 -75.000000
v -84.675278 -203.884369 75.000000
v -82.584214 -210.319992 75.000000
v -82.584214 -210.319992 -75.000000
v -82.444978 -210.213486 -75.000000
v -82.444978 -210.213486 75.000000
v -82.311158 -210.100266 -75.000000
v -82.311158 -210.100266 75.000000
v -82.183076 -209.980576 75.000000
v -82.183076 -209.980576 -75.000000
v -82.061051 -209.854721 -75.000000
v -82.061051 -209.854721 75.000000
v -81.945374 -209.723022 75.000000
v -81.945374 -209.723022 -75.000000
v -81.836320 -209.585785 75.000000
v -81.836320 -209.585785 -75.000000
v -81.734147 -209.443329 -75.000000
v -81.734147 -209.443329 75.000000
v -81.639130 -209.296021 75.000000
v -81.639130 -209.296021 -75.000000
v -81.551484 -209.144211 75.000000
v -81.551484 -209.144211 -75.000000
v -81.471421 -208.988266 75.000000
v -81.471421 -208.988266 -75.000000
v -81.399140 -208.828568 75.000000
v -81.399140 -208.828568 -75.000000
v -81.334809 -208.665497 75.000000
v -81.334809 -208.665497 -75.000000
v -81.278580 -208.499466 -75.000000
v -81.278580 -208.499466 75.000000
v -81.230607 -208.330856 -75.000000
v -81.230607 -208.330856 75.000000
v -81.191010 -208.160095 75.000000
v -81.191010 -208.160095 -75.000000
v -81.159852 -207.987595 75.000000
v -81.159852 -207.987595 -75.000000
v -81.137238 -207.813751 75.000000
v -81.137238 -207.813751 -75.000000
v -81.123215 -207.639023 75.000000
v -81.123215 -207.639023 -75.000000
v -81.117829 -207.463806 -75.000000
v -81.117829 -207.463806 75.000000
v -81.121064 -207.288544 75.000000
v -81.121064 -207.288544 -75.000000
v -81.132935 -207.113647 75.000000
v -81.132935 -207.113647 -75.000000
v -81.153397 -206.939545 -75.000000
v -81.153397 -206.939545 75.000000
v -81.182420 -206.766678 75.000000
v -81.182420 -206.766678 -75.000000
v -81.219926 -206.595428 -75.000000
v -81.219926 -206.595428 75.000000
v -81.265809 -206.426254 75.000000
v -81.265809 -206.426254 -75.000000
v -81.319978 -206.259537 -75.000000
v -81.319978 -206.259537 75.000000
v -81.382294 -206.095688 75.000000
v -81.382294 -206.095688 -75.000000
v -81.452607 -205.935104 -75.000000
v -81.452607 -205.935104 75.000000
v -81.530747 -205.778198 75.000000
v -81.530747 -205.778198 -75.000000
v -81.616517 -205.625305 -75.000000
v -81.616517 -205.625305 75.000000
v -81.709718 -205.476837 75.000000
v -81.709718 -205.476837 -75.000000
v -81.810120 -205.333145 75.000000
v -81.810120 -205.333145 -75.000000
v -81.917466 -205.194565 75.000000
v -81.917466 -205.194565 -75.000000
v -82.031525 -205.061447 75.000000
v -82.031525 -205.061447 -75.000000
v -82.151994 -204.934113 -75.000000
v -82.151994 -204.934113 75.000000
v -82.278596 -204.812851 75.000000
v -82.278596 -204.812851 -75.000000
v -82.411011 -204.697983 75.000000
v -82.411011 -204.697983 -75.000000
v -82.548920 -204.589783 75.000000
v -82.548920 -204.589783 -75.000000
v -82.692002 -204.488495 75.000000
v -82.692002 -204.488495 -75.000000
v -82.839890 -204.394379 -75.000000
v -82.839890 -204.394379 75.000000
v -82.992234 -204.307678 -75.000000
v -82.992234 -204.307678 75.000000
v -83.148667 -204.228577 75.000000
v -83.148667 -204.228577 -75.000000
v -83.308808 -204.157272 75.000000
v -83.308808 -204.157272 -75.000000
v -83.472275 -204.093948 75.000000
v -83.472275 -204.093948 -75.000000
v -83.638657 -204.038757 75.000000
v -83.638657 -204.038757 -75.000000
v -83.807542 -203.991821 75.000000
v -83.807542 -203.991821 -75.000000
v -83.978547 -203.953262 -75.000000
v -83.978547 -203.953262 75.000000
v -84.151246 -203.923187 75.000000
v -84.151246 -203.923187 -75.000000
v -84.325211 -203.901642 75.000000
v -84.325211 -203.901642 -75.000000
v -84.500031 -203.888687 -75.000000
v -84.500031 -203.888687 75.000000
v -95.071473 -219.392517 -75.000000
v -95.071473 -219.392517 75.000000
v -90.301774 -234.072159 -75.000000
v -90.301774 -234.072159 75.000000
v -95.776231 -238.049576 75.000000
v -95.776231 -238.049576 -75.000000
v -95.631913 -238.149094 -75.000000
v -95.631913 -238.149094 75.000000
v -95.482880 -238.241379 75.000000
v -95.482880 -238.241379 -75.000000
v -95.329468 -238.326218 75.000000
v -95.329468 -238.326218 -75.000000
v -95.172074 -238.403366 75.000000
v -95.172074 -238.403366 -75.000000
v -95.011063 -238.472702 75.000000
v -95.011063 -238.472702 -75.000000
v -94.846833 -238.534012 75.000000
v -94.846833 -238.534012 -75.000000
v -94.679795 -238.587143 75.000000
v -94.679795 -238.587143 -75.000000
v -94.510331 -238.632004 75.000000
v -94.510331 -238.632004 -75.000000
v -94.338868 -238.668442 75.000000
v -94.338868 -238.668442 -75.000000
v -94.165803 -238.696396 75.000000
v -94.165803 -238.696396 -75.000000
v -93.991593 -238.715805 75.000000
v -93.991593 -238.715805 -75.000000
v -93.816621 -238.726578 75.000000
v -93.816621 -238.726578 -75.000000
v -93.641343 -238.728745 75.000000
v -93.641343 -238.728745 -75.000000
v -93.466172 -238.722275 -75.000000
v -93.466172 -238.722275 75.000000
v -93.291520 -238.707169 75.000000
v -93.291520 -238.707169 -75.000000
v -93.117829 -238.683487 -75.000000
v -93.117829 -238.683487 75.000000
v -92.945512 -238.651260 75.000000
v -92.945512 -238.651260 -75.000000
v -92.775010 -238.610611 75.000000
v -92.775010 -238.610611 -75.000000
v -92.606690 -238.561600 75.000000
v -92.606690 -238.561600 -75.000000
v -92.441010 -238.504379 -75.000000
v -92.441010 -238.504379 75.000000
v -92.278336 -238.439041 75.000000
v -92.278336 -238.439041 -75.000000
v -92.119096 -238.365768 -75.000000
v -92.119096 -238.365768 75.000000
v -91.963639 -238.284744 75.000000
v -91.963639 -238.284744 -75.000000
v -91.812379 -238.196152 -75.000000
v -91.812379 -238.196152 75.000000
v -91.665650 -238.100235 75.000000
v -91.665650 -238.100235 -75.000000
v -91.523835 -237.997208 75.000000
v -91.523835 -237.997208 -75.000000
v -91.387269 -237.887314 75.000000
v -91.387269 -237.887314 -75.000000
v -91.256272 -237.770798 75.000000
v -91.256272 -237.770798 -75.000000
v -91.131181 -237.647995 -75.000000
v -91.131181 -237.647995 75.000000
v -91.012284 -237.519180 75.000000
v -91.012284 -237.519180 -75.000000
v -90.899888 -237.384689 75.000000
v -90.899888 -237.384689 -75.000000
v -90.794251 -237.244797 75.000000
v -90.794251 -237.244797 -75.000000
v -90.695634 -237.099869 75.000000
v -90.695634 -237.099869 -75.000000
v -90.604264 -236.950241 75.000000
v -90.604264 -236.950241 -75.000000
v -90.520386 -236.796341 -75.000000
v -90.520386 -236.796341 75.000000
v -90.444184 -236.638474 75.000000
v -90.444184 -236.638474 -75.000000
v -90.375855 -236.477036 75.000000
v -90.375855 -236.477036 -75.000000
v -90.315568 -236.312424 75.000000
v -90.315568 -236.312424 -75.000000
v -90.263459 -236.145065 75.000000
v -90.263459 -236.145065 -75.000000
v -90.219651 -235.975327 75.000000
v -90.219651 -235.975327 -75.000000
v -90.184266 -235.803635 75.000000
v -90.184266 -235.803635 -75.000000
v -90.157380 -235.630417 75.000000
v -90.157380 -235.630417 -75.000000
v -90.139054 -235.456070 75.000000
v -90.139054 -235.456070 -75.000000
v -90.129334 -235.281052 -75.000000
v -90.129334 -235.281052 75.000000
v -90.128251 -235.105759 75.000000
v -90.128251 -235.105759 -75.000000
v -90.135819 -234.930618 75.000000
v -90.135819 -234.930618 -75.000000
v -90.151994 -234.756088 -75.000000
v -90.151994 -234.756088 75.000000
v -90.176743 -234.582535 75.000000
v -90.176743 -234.582535 -75.000000
v -90.210007 -234.410416 75.000000
v -90.210007 -234.410416 -75.000000
v -90.251725 -234.240158 -75.000000
v -90.251725 -234.240158 75.000000
v -108.263489 -228.977066 -75.000000
v -108.263489 -228.977066 75.000000
v 96.700774 -50.708527 0.000000
v 83.036590 -50.708527 0.000000
v 82.949645 -50.791321 0.000000
v 96.617980 -50.621574 0.000000
v 83.119384 -50.621574 0.000000
v 96.787719 -50.791321 0.000000
v 82.858703 -50.869743 0.000000
v 96.539550 -50.530655 0.000000
v 83.197814 -50.530655 0.000000
v 96.878631 -50.869743 0.000000
v 82.764068 -50.943619 0.000000
v 96.465698 -50.435997 0.000000
v 83.271667 -50.435997 0.000000
v 96.973296 -50.943619 0.000000
v 97.071471 -51.012749 0.000000
v 82.665893 -51.012749 0.000000
v 82.564452 -51.076988 0.000000
v 96.396545 -50.337837 0.000000
v 83.340820 -50.337837 0.000000
v 97.172912 -51.076988 0.000000
v 82.459991 -51.136169 0.000000
v 96.332305 -50.236397 0.000000
v 83.405059 -50.236397 0.000000
v 96.273132 -50.131927 0.000000
v 83.464233 -50.131927 0.000000
v 97.277374 -51.136169 0.000000
v 82.352752 -51.190155 0.000000
v 97.384612 -51.190155 0.000000
v 82.242980 -51.238808 0.000000
v 96.219146 -50.024681 0.000000
v 83.518218 -50.024681 0.000000
v 96.170501 -49.914909 0.000000
v 83.566863 -49.914909 0.000000
v 97.494384 -51.238808 0.000000
v 82.130950 -51.282021 0.000000
v 97.606414 -51.282021 0.000000
v 96.127288 -49.802887 0.000000
v 83.610076 -49.802887 0.000000
v 97.720428 -51.319687 0.000000
v 82.016937 -51.319687 0.000000
v 81.901214 -51.351707 0.000000
v 96.089629 -49.688881 0.000000
v 83.647735 -49.688881 0.000000
v 96.057586 -49.573166 0.000000
v 83.679778 -49.573166 0.000000
v 97.836120 -51.351707 0.000000
v 81.784087 -51.378014 0.000000
v 96.031280 -49.456017 0.000000
v 83.706084 -49.456017 0.000000
v 97.953277 -51.378014 0.000000
v 96.010772 -49.337715 0.000000
v 83.726592 -49.337715 0.000000
v 98.071594 -51.398544 0.000000
v 81.665771 -51.398544 0.000000
v 95.996063 -49.218552 0.000000
v 83.741302 -49.218552 0.000000
v 98.190734 -51.413239 0.000000
v 81.546600 -51.413239 0.000000
v 95.987243 -49.098808 0.000000
v 83.750121 -49.098808 0.000000
v 83.753082 -48.978775 0.000000
v 95.984283 -48.978775 0.000000
v 95.984283 -33.485920 0.000000
v 83.753082 -33.485920 0.000000
v 95.987243 -33.365891 0.000000
v 83.750121 -33.365891 0.000000
v 95.996063 -33.246147 0.000000
v 83.741302 -33.246147 0.000000
v 96.010772 -33.126984 0.000000
v 83.726592 -33.126984 0.000000
v 96.031280 -33.008682 0.000000
v 83.706084 -33.008682 0.000000
v 83.679778 -32.891533 0.000000
v 96.057586 -32.891533 0.000000
v 96.089629 -32.775814 0.000000
v 83.647735 -32.775814 0.000000
v 96.127288 -32.661808 0.000000
v 83.610076 -32.661808 0.000000
v 96.170501 -32.549786 0.000000
v 83.566863 -32.549786 0.000000
v 96.219146 -32.440018 0.000000
v 83.518218 -32.440018 0.000000
v 96.273132 -32.332771 0.000000
v 83.464233 -32.332771 0.000000
v 96.332305 -32.228302 0.000000
v 83.405059 -32.228302 0.000000
v 96.396545 -32.126862 0.000000
v 83.340820 -32.126862 0.000000
v 96.465698 -32.028698 0.000000
v 83.271667 -32.028698 0.000000
v 96.539550 -31.934040 0.000000
v 83.197814 -31.934040 0.000000
v 96.617980 -31.843124 0.000000
v 83.119384 -31.843124 0.000000
v 96.700774 -31.756168 0.000000
v 83.036590 -31.756168 0.000000
v 82.949645 -31.673374 0.000000
v 96.787719 -31.673374 0.000000
v 96.878631 -31.594952 0.000000
v 82.858703 -31.594952 0.000000
v 96.973296 -31.521080 0.000000
v 82.764068 -31.521080 0.000000
v 81.306854 -51.425018 0.000000
v 98.430511 -51.425018 0.000000
v 98.310485 -51.422073 0.000000
v 81.426879 -51.422073 0.000000
v 98.430511 -31.039680 0.000000
v 81.306854 -31.039680 0.000000
v 98.310485 -31.042625 0.000000
v 81.426879 -31.042625 0.000000
v 98.190734 -31.051460 0.000000
v 81.546600 -31.051460 0.000000
v 98.071594 -31.066158 0.000000
v 81.665771 -31.066158 0.000000
v 97.953277 -31.086685 0.000000
v 81.784087 -31.086685 0.000000
v 81.901214 -31.112991 0.000000
v 97.836120 -31.112991 0.000000
v 97.720428 -31.145016 0.000000
v 82.016937 -31.145016 0.000000
v 97.606414 -31.182678 0.000000
v 82.130950 -31.182678 0.000000
v 82.242980 -31.225887 0.000000
v 97.494384 -31.225887 0.000000
v 97.384612 -31.274544 0.000000
v 82.352752 -31.274544 0.000000
v 97.277374 -31.328529 0.000000
v 82.459991 -31.328529 0.000000
v 82.564452 -31.387711 0.000000
v 97.172912 -31.387711 0.000000
v 97.071471 -31.451946 0.000000
v 82.665893 -31.451946 0.000000
v 98.310485 -31.042625 75.000000
v 98.430511 -31.039680 75.000000
v 98.190734 -31.051460 75.000000
v 98.071594 -31.066158 75.000000
v 97.953277 -31.086685 75.000000
v 97.836120 -31.112991 75.000000
v 97.720428 -31.145016 75.000000
v 97.606414 -31.182678 75.000000
v 97.494384 -31.225887 75.000000
v 97.384612 -31.274544 75.000000
v 97.277374 -31.328529 75.000000
v 97.172912 -31.387711 75.000000
v 97.071471 -31.451946 75.000000
v 96.973296 -31.521080 75.000000
v 96.878631 -31.594952 75.000000
v 96.787719 -31.673374 75.000000
v 96.700774 -31.756168 75.000000
v 96.617980 -31.843124 75.000000
v 96.539550 -31.934040 75.000000
v 96.465698 -32.028698 75.000000
v 96.396545 -32.126862 75.000000
v 96.332305 -32.228302 75.000000
v 96.273132 -32.332771 75.000000
v 96.219146 -32.440018 75.000000
v 96.170501 -32.549786 75.000000
v 96.127288 -32.661808 75.000000
v 96.089629 -32.775814 75.000000
v 96.057586 -32.891533 75.000000
v 96.031280 -33.008682 75.000000
v 96.010772 -33.126984 75.000000
v 95.996063 -33.246147 75.000000
v 95.987243 -33.365891 75.000000
v 95.984283 -33.485920 75.000000
v 95.984283 -48.978775 75.000000
v 95.987243 -49.098808 75.000000
v 95.996063 -49.218552 75.000000
v 96.010772 -49.337715 75.000000
v 96.031280 -49.456017 75.000000
v 96.057586 -49.573166 75.000000
v 96.089629 -49.688881 75.000000
v 96.127288 -49.802887 75.000000
v 96.170501 -49.914909 75.000000
v 96.219146 -50.024681 75.000000
v 96.273132 -50.131927 75.000000
v 96.332305 -50.236397 75.000000
v 96.396545 -50.337837 75.000000
v 96.465698 -50.435997 75.000000
v 96.539550 -50.530655 75.000000
v 96.617980 -50.621574 75.000000
v 96.700774 -50.708527 75.000000
v 96.787719 -50.791321 75.000000
v 96.878631 -50.869743 75.000000
v 96.973296 -50.943619 75.000000
v 97.071471 -51.012749 75.000000
v 97.172912 -51.076988 75.000000
v 97.277374 -51.136169 75.000000
v 97.384612 -51.190155 75.000000
v 97.494384 -51.238808 75.000000
v 97.606414 -51.282021 75.000000
v 97.720428 -51.319687 75.000000
v 97.836120 -51.351707 75.000000
v 97.953277 -51.378014 75.000000
v 98.071594 -51.398544 75.000000
v 98.190734 -51.413239 75.000000
v 98.310485 -51.422073 75.000000
v 98.430511 -51.425018 75.000000
v 116.366668 -33.365891 75.000000
v 116.369628 -33.485920 -75.000000
v 116.366668 -33.365891 -75.000000
v 116.369628 -33.485920 75.000000
v 116.357848 -33.246147 75.000000
v 116.357848 -33.246147 -75.000000
v 116.343139 -33.126984 75.000000
v 116.343139 -33.126984 -75.000000
v 116.322601 -33.008682 75.000000
v 116.322601 -33.008682 -75.000000
v 116.296294 -32.891533 75.000000
v 116.296294 -32.891533 -75.000000
v 116.264282 -32.775814 -75.000000
v 116.264282 -32.775814 75.000000
v 116.226623 -32.661808 -75.000000
v 116.226623 -32.661808 75.000000
v 116.183410 -32.549786 75.000000
v 116.183410 -32.549786 -75.000000
v 116.134765 -32.440018 -75.000000
v 116.134765 -32.440018 75.000000
v 116.080779 -32.332771 75.000000
v 116.080779 -32.332771 -75.000000
v 116.021575 -32.228302 75.000000
v 116.021575 -32.228302 -75.000000
v 115.957366 -32.126862 75.000000
v 115.957366 -32.126862 -75.000000
v 115.888213 -32.028698 75.000000
v 115.888213 -32.028698 -75.000000
v 115.814361 -31.934040 75.000000
v 115.814361 -31.934040 -75.000000
v 115.735931 -31.843124 75.000000
v 115.735931 -31.843124 -75.000000
v 115.653136 -31.756168 75.000000
v 115.653136 -31.756168 -75.000000
v 115.566161 -31.673374 -75.000000
v 115.566161 -31.673374 75.000000
v 115.475250 -31.594952 75.000000
v 115.475250 -31.594952 -75.000000
v 115.380615 -31.521080 75.000000
v 115.380615 -31.521080 -75.000000
v 115.282439 -31.451946 -75.000000
v 115.282439 -31.451946 75.000000
v 115.180999 -31.387711 75.000000
v 115.180999 -31.387711 -75.000000
v 115.076537 -31.328529 -75.000000
v 115.076537 -31.328529 75.000000
v 114.969268 -31.274544 75.000000
v 114.969268 -31.274544 -75.000000
v 114.859527 -31.225887 75.000000
v 114.859527 -31.225887 -75.000000
v 114.747497 -31.182678 75.000000
v 114.747497 -31.182678 -75.000000
v 114.633483 -31.145016 75.000000
v 114.633483 -31.145016 -75.000000
v 114.517761 -31.112991 75.000000
v 114.517761 -31.112991 -75.000000
v 114.400604 -31.086685 -75.000000
v 114.400604 -31.086685 75.000000
v 114.282317 -31.066158 -75.000000
v 114.282317 -31.066158 75.000000
v 114.163146 -31.051460 75.000000
v 114.163146 -31.051460 -75.000000
v 114.043395 -31.042625 -75.000000
v 114.043395 -31.042625 75.000000
v 113.923370 -31.039680 75.000000
v 113.923370 -31.039680 -75.000000
v 116.369628 -48.978775 -75.000000
v 116.369628 -48.978775 75.000000
v 114.043395 -51.422073 75.000000
v 113.923370 -51.425018 -75.000000
v 114.043395 -51.422073 -75.000000
v 113.923370 -51.425018 75.000000
v 114.163146 -51.413239 75.000000
v 114.163146 -51.413239 -75.000000
v 114.282317 -51.398544 75.000000
v 114.282317 -51.398544 -75.000000
v 114.400604 -51.378014 75.000000
v 114.400604 -51.378014 -75.000000
v 114.517761 -51.351707 75.000000
v 114.517761 -51.351707 -75.000000
v 114.633483 -51.319687 -75.000000
v 114.633483 -51.319687 75.000000
v 114.747497 -51.282021 -75.000000
v 114.747497 -51.282021 75.000000
v 114.859527 -51.238808 75.000000
v 114.859527 -51.238808 -75.000000
v 114.969268 -51.190155 -75.000000
v 114.969268 -51.190155 75.000000
v 115.076537 -51.136169 75.000000
v 115.076537 -51.136169 -75.000000
v 115.180999 -51.076988 75.000000
v 115.180999 -51.076988 -75.000000
v 115.282439 -51.012749 75.000000
v 115.282439 -51.012749 -75.000000
v 115.380615 -50.943619 75.000000
v 115.380615 -50.943619 -75.000000
v 115.475250 -50.869743 75.000000
v 115.475250 -50.869743 -75.000000
v 115.566161 -50.791321 75.000000
v 115.566161 -50.791321 -75.000000
v 115.653136 -50.708527 75.000000
v 115.653136 -50.708527 -75.000000
v 115.735931 -50.621574 -75.000000
v 115.735931 -50.621574 75.000000
v 115.814361 -50.530655 75.000000
v 115.814361 -50.530655 -75.000000
v 115.888213 -50.435997 75.000000
v 115.888213 -50.435997 -75.000000
v 115.957366 -50.337837 -75.000000
v 115.957366 -50.337837 75.000000
v 116.021575 -50.236397 75.000000
v 116.021575 -50.236397 -75.000000
v 116.080779 -50.131927 -75.000000
v 116.080779 -50.131927 75.000000
v 116.134765 -50.024681 75.000000
v 116.134765 -50.024681 -75.000000
v 116.183410 -49.914909 75.000000
v 116.183410 -49.914909 -75.000000
v 116.226623 -49.802887 75.000000
v 116.226623 -49.802887 -75.000000
v 116.264282 -49.688881 75.000000
v 116.264282 -49.688881 -75.000000
v 116.296294 -49.573166 75.000000
v 116.296294 -49.573166 -75.000000
v 116.322601 -49.456017 -75.000000
v 116.322601 -49.456017 75.000000
v 116.343139 -49.337715 -75.000000
v 116.343139 -49.337715 75.000000
v 116.357848 -49.218552 75.000000
v 116.357848 -49.218552 -75.000000
v 116.366668 -49.098808 -75.000000
v 116.366668 -49.098808 75.000000
v 81.426879 -51.422073 75.000000
v 81.306854 -51.425018 75.000000
v 81.546600 -51.413239 75.000000
v 81.665771 -51.398544 75.000000
v 81.784087 -51.378014 75.000000
v 81.901214 -51.351707 75.000000
v 82.016937 -51.319687 75.000000
v 82.130950 -51.282021 75.000000
v 82.242980 -51.238808 75.000000
v 82.352752 -51.190155 75.000000
v 82.459991 -51.136169 75.000000
v 82.564452 -51.076988 75.000000
v 82.665893 -51.012749 75.000000
v 82.764068 -50.943619 75.000000
v 82.858703 -50.869743 75.000000
v 82.949645 -50.791321 75.000000
v 83.036590 -50.708527 75.000000
v 83.119384 -50.621574 75.000000
v 83.197814 -50.530655 75.000000
v 83.271667 -50.435997 75.000000
v 83.340820 -50.337837 75.000000
v 83.405059 -50.236397 75.000000
v 83.464233 -50.131927 75.000000
v 83.518218 -50.024681 75.000000
v 83.566863 -49.914909 75.000000
v 83.610076 -49.802887 75.000000
v 83.647735 -49.688881 75.000000
v 83.679778 -49.573166 75.000000
v 83.706084 -49.456017 75.000000
v 83.726592 -49.337715 75.000000
v 83.741302 -49.218552 75.000000
v 83.750121 -49.098808 75.000000
v 83.753082 -48.978775 75.000000
v 83.753082 -33.485920 75.000000
v 65.813995 -51.425018 -75.000000
v 65.813995 -51.425018 75.000000
v 63.370696 -49.098808 75.000000
v 63.367736 -48.978775 -75.000000
v 63.370696 -49.098808 -75.000000
v 63.367736 -48.978775 75.000000
v 63.379516 -49.218552 75.000000
v 63.379516 -49.218552 -75.000000
v 63.394225 -49.337715 75.000000
v 63.394225 -49.337715 -75.000000
v 63.414733 -49.456017 75.000000
v 63.414733 -49.456017 -75.000000
v 63.441039 -49.573166 75.000000
v 63.441039 -49.573166 -75.000000
v 63.473083 -49.688881 -75.000000
v 63.473083 -49.688881 75.000000
v 63.510741 -49.802887 -75.000000
v 63.510741 -49.802887 75.000000
v 63.553954 -49.914909 75.000000
v 63.553954 -49.914909 -75.000000
v 63.602599 -50.024681 -75.000000
v 63.602599 -50.024681 75.000000
v 63.656585 -50.131927 75.000000
v 63.656585 -50.131927 -75.000000
v 63.715759 -50.236397 75.000000
v 63.715759 -50.236397 -75.000000
v 63.779998 -50.337837 75.000000
v 63.779998 -50.337837 -75.000000
v 63.849151 -50.435997 75.000000
v 63.849151 -50.435997 -75.000000
v 63.923003 -50.530655 75.000000
v 63.923003 -50.530655 -75.000000
v 64.001434 -50.621574 75.000000
v 64.001434 -50.621574 -75.000000
v 64.084228 -50.708527 75.000000
v 64.084228 -50.708527 -75.000000
v 64.171172 -50.791321 -75.000000
v 64.171172 -50.791321 75.000000
v 64.262115 -50.869743 75.000000
v 64.262115 -50.869743 -75.000000
v 64.356750 -50.943619 75.000000
v 64.356750 -50.943619 -75.000000
v 64.454925 -51.012749 -75.000000
v 64.454925 -51.012749 75.000000
v 64.556365 -51.076988 75.000000
v 64.556365 -51.076988 -75.000000
v 64.660827 -51.136169 -75.000000
v 64.660827 -51.136169 75.000000
v 64.768066 -51.190155 75.000000
v 64.768066 -51.190155 -75.000000
v 64.877837 -51.238808 75.000000
v 64.877837 -51.238808 -75.000000
v 64.989867 -51.282021 75.000000
v 64.989867 -51.282021 -75.000000
v 65.103881 -51.319687 75.000000
v 65.103881 -51.319687 -75.000000
v 65.219604 -51.351707 75.000000
v 65.219604 -51.351707 -75.000000
v 65.336730 -51.378014 -75.000000
v 65.336730 -51.378014 75.000000
v 65.455047 -51.398544 -75.000000
v 65.455047 -51.398544 75.000000
v 65.574218 -51.413239 75.000000
v 65.574218 -51.413239 -75.000000
v 65.693938 -51.422073 -75.000000
v 65.693938 -51.422073 75.000000
v 63.367736 -33.485920 -75.000000
v 63.367736 -33.485920 75.000000
v 65.693938 -31.042625 75.000000
v 65.813995 -31.039680 -75.000000
v 65.693938 -31.042625 -75.000000
v 65.813995 -31.039680 75.000000
v 65.574218 -31.051460 75.000000
v 65.574218 -31.051460 -75.000000
v 65.455047 -31.066158 75.000000
v 65.455047 -31.066158 -75.000000
v 65.336730 -31.086685 75.000000
v 65.336730 -31.086685 -75.000000
v 65.219604 -31.112991 75.000000
v 65.219604 -31.112991 -75.000000
v 65.103881 -31.145016 -75.000000
v 65.103881 -31.145016 75.000000
v 64.989867 -31.182678 -75.000000
v 64.989867 -31.182678 75.000000
v 64.877837 -31.225887 75.000000
v 64.877837 -31.225887 -75.000000
v 64.768066 -31.274544 -75.000000
v 64.768066 -31.274544 75.000000
v 64.660827 -31.328529 75.000000
v 64.660827 -31.328529 -75.000000
v 64.556365 -31.387711 75.000000
v 64.556365 -31.387711 -75.000000
v 64.454925 -31.451946 75.000000
v 64.454925 -31.451946 -75.000000
v 64.356750 -31.521080 75.000000
v 64.356750 -31.521080 -75.000000
v 64.262115 -31.594952 75.000000
v 64.262115 -31.594952 -75.000000
v 64.171172 -31.673374 75.000000
v 64.171172 -31.673374 -75.000000
v 64.084228 -31.756168 75.000000
v 64.084228 -31.756168 -75.000000
v 64.001434 -31.843124 -75.000000
v 64.001434 -31.843124 75.000000
v 63.923003 -31.934040 75.000000
v 63.923003 -31.934040 -75.000000
v 63.849151 -32.028698 75.000000
v 63.849151 -32.028698 -75.000000
v 63.779998 -32.126862 -75.000000
v 63.779998 -32.126862 75.000000
v 63.715759 -32.228302 75.000000
v 63.715759 -32.228302 -75.000000
v 63.656585 -32.332771 -75.000000
v 63.656585 -32.332771 75.000000
v 63.602599 -32.440018 75.000000
v 63.602599 -32.440018 -75.000000
v 63.553954 -32.549786 75.000000
v 63.553954 -32.549786 -75.000000
v 63.510741 -32.661808 75.000000
v 63.510741 -32.661808 -75.000000
v 63.473083 -32.775814 75.000000
v 63.473083 -32.775814 -75.000000
v 63.441039 -32.891533 75.000000
v 63.441039 -32.891533 -75.000000
v 63.414733 -33.008682 -75.000000
v 63.414733 -33.008682 75.000000
v 63.394225 -33.126984 -75.000000
v 63.394225 -33.126984 75.000000
v 63.379516 -33.246147 75.000000
v 63.379516 -33.246147 -75.000000
v 63.370696 -33.365891 -75.000000
v 63.370696 -33.365891 75.000000
v 81.306854 -31.039680 75.000000
v 83.750121 -33.365891 75.000000
v 83.741302 -33.246147 75.000000
v 83.726592 -33.126984 75.000000
v 83.706084 -33.008682 75.000000
v 83.679778 -32.891533 75.000000
v 83.647735 -32.775814 75.000000
v 83.610076 -32.661808 75.000000
v 83.566863 -32.549786 75.000000
v 83.518218 -32.440018 75.000000
v 83.464233 -32.332771 75.000000
v 83.405059 -32.228302 75.000000
v 83.340820 -32.126862 75.000000
v 83.271667 -32.028698 75.000000
v 83.197814 -31.934040 75.000000
v 83.119384 -31.843124 75.000000
v 83.036590 -31.756168 75.000000
v 82.949645 -31.673374 75.000000
v 82.858703 -31.594952 75.000000
v 82.764068 -31.521080 75.000000
v 82.665893 -31.451946 75.000000
v 82.564452 -31.387711 75.000000
v 82.459991 -31.328529 75.000000
v 82.352752 -31.274544 75.000000
v 82.242980 -31.225887 75.000000
v 82.130950 -31.182678 75.000000
v 82.016937 -31.145016 75.000000
v 81.901214 -31.112991 75.000000
v 81.784087 -31.086685 75.000000
v 81.665771 -31.066158 75.000000
v 81.546600 -31.051460 75.000000
v 81.426879 -31.042625 75.000000
v -166.369645 -119.646042 75.000000
v -166.369645 -144.548691 -75.000000
v -166.369645 -119.646042 -75.000000
v -166.369645 -144.548691 75.000000
v -169.752610 -148.101929 75.000000
v -169.927171 -148.106201 -75.000000
v -169.752610 -148.101929 -75.000000
v -169.927171 -148.106201 75.000000
v -169.578461 -148.089081 75.000000
v -169.578461 -148.089081 -75.000000
v -169.405167 -148.067703 75.000000
v -169.405167 -148.067703 -75.000000
v -169.233124 -148.037857 75.000000
v -169.233124 -148.037857 -75.000000
v -169.062760 -147.999588 75.000000
v -169.062760 -147.999588 -75.000000
v -168.894471 -147.953018 -75.000000
v -168.894471 -147.953018 75.000000
v -168.728669 -147.898254 -75.000000
v -168.728669 -147.898254 75.000000
v -168.565766 -147.835403 75.000000
v -168.565766 -147.835403 -75.000000
v -168.406129 -147.764648 -75.000000
v -168.406129 -147.764648 75.000000
v -168.250153 -147.686142 75.000000
v -168.250153 -147.686142 -75.000000
v -168.098237 -147.600067 75.000000
v -168.098237 -147.600067 -75.000000
v -167.950715 -147.506653 75.000000
v -167.950715 -147.506653 -75.000000
v -167.807954 -147.406113 75.000000
v -167.807954 -147.406113 -75.000000
v -167.670304 -147.298691 75.000000
v -167.670304 -147.298691 -75.000000
v -167.538087 -147.184631 75.000000
v -167.538087 -147.184631 -75.000000
v -167.411622 -147.064239 75.000000
v -167.411622 -147.064239 -75.000000
v -167.291215 -146.937775 -75.000000
v -167.291215 -146.937775 75.000000
v -167.177171 -146.805557 75.000000
v -167.177171 -146.805557 -75.000000
v -167.069733 -146.667892 75.000000
v -167.069733 -146.667892 -75.000000
v -166.969193 -146.525146 -75.000000
v -166.969193 -146.525146 75.000000
v -166.875779 -146.377625 75.000000
v -166.875779 -146.377625 -75.000000
v -166.789704 -146.225693 -75.000000
v -166.789704 -146.225693 75.000000
v -166.711198 -146.069717 75.000000
v -166.711198 -146.069717 -75.000000
v -166.640443 -145.910095 75.000000
v -166.640443 -145.910095 -75.000000
v -166.577607 -145.747177 75.000000
v -166.577607 -145.747177 -75.000000
v -166.522828 -145.581375 75.000000
v -166.522828 -145.581375 -75.000000
v -166.476258 -145.413101 75.000000
v -166.476258 -145.413101 -75.000000
v -166.438004 -145.242722 -75.000000
v -166.438004 -145.242722 75.000000
v -166.408143 -145.070679 -75.000000
v -166.408143 -145.070679 75.000000
v -166.386780 -144.897385 75.000000
v -166.386780 -144.897385 -75.000000
v -166.373933 -144.723251 -75.000000
v -166.373933 -144.723251 75.000000
v -212.617402 -148.106201 -75.000000
v -212.617402 -148.106201 75.000000
v -216.170640 -144.723251 75.000000
v -216.174927 -144.548691 -75.000000
v -216.170640 -144.723251 -75.000000
v -216.174927 -144.548691 75.000000
v -216.157792 -144.897385 75.000000
v -216.157792 -144.897385 -75.000000
v -216.136422 -145.070679 75.000000
v -216.136422 -145.070679 -75.000000
v -216.106568 -145.242722 75.000000
v -216.106568 -145.242722 -75.000000
v -216.068307 -145.413101 75.000000
v -216.068307 -145.413101 -75.000000
v -216.021737 -145.581375 -75.000000
v -216.021737 -145.581375 75.000000
v -215.966965 -145.747177 -75.000000
v -215.966965 -145.747177 75.000000
v -215.904122 -145.910095 75.000000
v -215.904122 -145.910095 -75.000000
v -215.833367 -146.069717 -75.000000
v -215.833367 -146.069717 75.000000
v -215.754853 -146.225693 75.000000
v -215.754853 -146.225693 -75.000000
v -215.668793 -146.377625 75.000000
v -215.668793 -146.377625 -75.000000
v -215.575372 -146.525146 75.000000
v -215.575372 -146.525146 -75.000000
v -215.474831 -146.667892 75.000000
v -215.474831 -146.667892 -75.000000
v -215.367402 -146.805557 75.000000
v -215.367402 -146.805557 -75.000000
v -215.253350 -146.937775 75.000000
v -215.253350 -146.937775 -75.000000
v -215.132951 -147.064239 75.000000
v -215.132951 -147.064239 -75.000000
v -215.006486 -147.184631 -75.000000
v -215.006486 -147.184631 75.000000
v -214.874268 -147.298691 75.000000
v -214.874268 -147.298691 -75.000000
v -214.736619 -147.406113 75.000000
v -214.736619 -147.406113 -75.000000
v -214.593858 -147.506653 -75.000000
v -214.593858 -147.506653 75.000000
v -214.446336 -147.600067 75.000000
v -214.446336 -147.600067 -75.000000
v -214.294404 -147.686142 -75.000000
v -214.294404 -147.686142 75.000000
v -214.138436 -147.764648 75.000000
v -214.138436 -147.764648 -75.000000
v -213.978806 -147.835403 75.000000
v -213.978806 -147.835403 -75.000000
v -213.815896 -147.898254 75.000000
v -213.815896 -147.898254 -75.000000
v -213.650094 -147.953018 75.000000
v -213.650094 -147.953018 -75.000000
v -213.481812 -147.999588 75.000000
v -213.481812 -147.999588 -75.000000
v -213.311440 -148.037857 -75.000000
v -213.311440 -148.037857 75.000000
v -213.139397 -148.067703 -75.000000
v -213.139397 -148.067703 75.000000
v -212.966103 -148.089081 75.000000
v -212.966103 -148.089081 -75.000000
v -212.791962 -148.101929 -75.000000
v -212.791962 -148.101929 75.000000
v -216.174927 -119.646042 -75.000000
v -216.174927 -119.646042 75.000000
v -212.791962 -116.092819 75.000000
v -212.617402 -116.088531 -75.000000
v -212.791962 -116.092819 -75.000000
v -212.617402 -116.088531 75.000000
v -212.966103 -116.105652 75.000000
v -212.966103 -116.105652 -75.000000
v -213.139397 -116.127029 75.000000
v -213.139397 -116.127029 -75.000000
v -213.311440 -116.156891 75.000000
v -213.311440 -116.156891 -75.000000
v -213.481812 -116.195145 75.000000
v -213.481812 -116.195145 -75.000000
v -213.650094 -116.241714 -75.000000
v -213.650094 -116.241714 75.000000
v -213.815896 -116.296478 -75.000000
v -213.815896 -116.296478 75.000000
v -213.978806 -116.359329 75.000000
v -213.978806 -116.359329 -75.000000
v -214.138436 -116.430084 -75.000000
v -214.138436 -116.430084 75.000000
v -214.294404 -116.508591 75.000000
v -214.294404 -116.508591 -75.000000
v -214.446336 -116.594666 75.000000
v -214.446336 -116.594666 -75.000000
v -214.593858 -116.688080 75.000000
v -214.593858 -116.688080 -75.000000
v -214.736619 -116.788620 75.000000
v -214.736619 -116.788620 -75.000000
v -214.874268 -116.896042 75.000000
v -214.874268 -116.896042 -75.000000
v -215.006486 -117.010101 75.000000
v -215.006486 -117.010101 -75.000000
v -215.132951 -117.130493 75.000000
v -215.132951 -117.130493 -75.000000
v -215.253350 -117.256958 -75.000000
v -215.253350 -117.256958 75.000000
v -215.367402 -117.389175 75.000000
v -215.367402 -117.389175 -75.000000
v -215.474831 -117.526840 75.000000
v -215.474831 -117.526840 -75.000000
v -215.575372 -117.669601 -75.000000
v -215.575372 -117.669601 75.000000
v -215.668793 -117.817123 75.000000
v -215.668793 -117.817123 -75.000000
v -215.754853 -117.969040 -75.000000
v -215.754853 -117.969040 75.000000
v -215.833367 -118.125015 75.000000
v -215.833367 -118.125015 -75.000000
v -215.904122 -118.284637 75.000000
v -215.904122 -118.284637 -75.000000
v -215.966965 -118.447556 75.000000
v -215.966965 -118.447556 -75.000000
v -216.021737 -118.613358 75.000000
v -216.021737 -118.613358 -75.000000
v -216.068307 -118.781647 75.000000
v -216.068307 -118.781647 -75.000000
v -216.106568 -118.952011 -75.000000
v -216.106568 -118.952011 75.000000
v -216.136422 -119.124054 -75.000000
v -216.136422 -119.124054 75.000000
v -216.157792 -119.297348 75.000000
v -216.157792 -119.297348 -75.000000
v -216.170640 -119.471481 -75.000000
v -216.170640 -119.471481 75.000000
v -169.927171 -116.088531 -75.000000
v -169.927171 -116.088531 75.000000
v -166.373933 -119.471481 75.000000
v -166.373933 -119.471481 -75.000000
v -166.386780 -119.297348 75.000000
v -166.386780 -119.297348 -75.000000
v -166.408143 -119.124054 75.000000
v -166.408143 -119.124054 -75.000000
v -166.438004 -118.952011 75.000000
v -166.438004 -118.952011 -75.000000
v -166.476258 -118.781647 75.000000
v -166.476258 -118.781647 -75.000000
v -166.522828 -118.613358 -75.000000
v -166.522828 -118.613358 75.000000
v -166.577607 -118.447556 -75.000000
v -166.577607 -118.447556 75.000000
v -166.640443 -118.284637 75.000000
v -166.640443 -118.284637 -75.000000
v -166.711198 -118.125015 -75.000000
v -166.711198 -118.125015 75.000000
v -166.789704 -117.969040 75.000000
v -166.789704 -117.969040 -75.000000
v -166.875779 -117.817123 75.000000
v -166.875779 -117.817123 -75.000000
v -166.969193 -117.669601 75.000000
v -166.969193 -117.669601 -75.000000
v -167.069733 -117.526840 75.000000
v -167.069733 -117.526840 -75.000000
v -167.177171 -117.389175 75.000000
v -167.177171 -117.389175 -75.000000
v -167.291215 -117.256958 75.000000
v -167.291215 -117.256958 -75.000000
v -167.411622 -117.130493 75.000000
v -167.411622 -117.130493 -75.000000
v -167.538087 -117.010101 -75.000000
v -167.538087 -117.010101 75.000000
v -167.670304 -116.896042 75.000000
v -167.670304 -116.896042 -75.000000
v -167.807954 -116.788620 75.000000
v -167.807954 -116.788620 -75.000000
v -167.950715 -116.688080 -75.000000
v -167.950715 -116.688080 75.000000
v -168.098237 -116.594666 75.000000
v -168.098237 -116.594666 -75.000000
v -168.250153 -116.508591 -75.000000
v -168.250153 -116.508591 75.000000
v -168.406129 -116.430084 75.000000
v -168.406129 -116.430084 -75.000000
v -168.565766 -116.359329 75.000000
v -168.565766 -116.359329 -75.000000
v -168.728669 -116.296478 75.000000
v -168.728669 -116.296478 -75.000000
v -168.894471 -116.241714 75.000000
v -168.894471 -116.241714 -75.000000
v -169.062760 -116.195145 75.000000
v -169.062760 -116.195145 -75.000000
v -169.233124 -116.156891 -75.000000
v -169.233124 -116.156891 75.000000
v -169.405167 -116.127029 -75.000000
v -169.405167 -116.127029 75.000000
v -169.578461 -116.105652 75.000000
v -169.578461 -116.105652 -75.000000
v -169.752610 -116.092819 -75.000000
v -169.752610 -116.092819 75.000000

usemtl mat2
f 1 2 3
f 1 4 2
f 5 6 7
f 5 8 6
f 9 7 10
f 9 10 11
f 9 5 7
f 12 9 11
f 13 11 14
f 13 14 15
f 13 12 11
f 16 15 17
f 16 13 15
f 18 16 17
f 19 17 20
f 19 18 17
f 21 20 22
f 21 19 20
f 23 22 24
f 23 24 25
f 23 21 22
f 26 25 27
f 26 23 25
f 28 26 27
f 29 27 30
f 29 28 27
f 31 30 32
f 31 29 30
f 33 32 34
f 33 31 32
f 35 34 36
f 35 33 34
f 4 36 2
f 4 35 36
f 8 37 6
f 8 38 37
f 39 40 41
f 42 41 43
f 42 39 41
f 44 42 43
f 45 43 46
f 45 44 43
f 47 46 48
f 47 45 46
f 49 48 50
f 49 47 48
f 51 50 52
f 51 52 53
f 51 49 50
f 54 51 53
f 55 54 53
f 55 53 56
f 57 55 56
f 57 56 58
f 57 58 59
f 60 57 59
f 61 60 59
f 61 59 62
f 63 62 64
f 63 61 62
f 65 64 66
f 65 66 67
f 65 63 64
f 68 65 67
f 69 67 70
f 69 70 71
f 69 68 67
f 72 69 71
f 73 71 74
f 73 74 75
f 73 72 71
f 76 73 75
f 77 75 78
f 77 76 75
f 79 78 80
f 79 77 78
f 81 80 82
f 81 79 80
f 83 82 84
f 83 81 82
f 85 84 86
f 85 83 84
f 87 86 88
f 87 88 89
f 87 85 86
f 90 87 89
f 91 89 92
f 91 90 89
f 93 92 94
f 93 91 92
f 95 94 96
f 95 93 94
f 97 96 98
f 97 95 96
f 99 98 100
f 99 100 101
f 99 97 98
f 102 101 37
f 102 99 101
f 38 102 37
f 39 103 40
f 39 104 103
f 105 106 107
f 108 107 109
f 108 105 107
f 110 108 109
f 111 109 112
f 111 110 109
f 113 112 114
f 113 111 112
f 115 114 116
f 115 113 114
f 117 116 118
f 117 118 119
f 117 115 116
f 120 117 119
f 121 120 119
f 121 119 122
f 123 121 122
f 123 122 124
f 123 124 125
f 126 123 125
f 127 126 125
f 127 125 128
f 129 128 130
f 129 127 128
f 131 130 132
f 131 132 133
f 131 129 130
f 134 131 133
f 135 133 136
f 135 136 137
f 135 134 133
f 138 135 137
f 139 137 140
f 139 140 141
f 139 138 137
f 142 139 141
f 143 141 144
f 143 142 141
f 145 144 146
f 145 143 144
f 147 146 148
f 147 145 146
f 149 148 150
f 149 147 148
f 151 150 152
f 151 149 150
f 153 152 154
f 153 154 155
f 153 151 152
f 156 153 155
f 157 155 158
f 157 156 155
f 159 158 160
f 159 157 158
f 161 160 162
f 161 159 160
f 163 162 164
f 163 161 162
f 165 164 166
f 165 166 167
f 165 163 164
f 168 167 103
f 168 165 167
f 104 168 103
f 105 169 106
f 105 170 169
f 171 172 173
f 174 173 175
f 174 171 173
f 176 174 175
f 177 175 178
f 177 176 175
f 179 178 180
f 179 177 178
f 181 180 182
f 181 179 180
f 183 182 184
f 183 184 185
f 183 181 182
f 186 183 185
f 187 185 188
f 187 186 185
f 189 188 190
f 189 190 191
f 189 187 188
f 192 189 191
f 193 191 194
f 193 192 191
f 195 194 196
f 195 193 194
f 197 196 198
f 197 198 199
f 197 195 196
f 200 197 199
f 201 199 202
f 201 200 199
f 170 202 169
f 170 201 202
f 171 203 172
f 171 204 203
f 205 206 207
f 205 208 206
f 209 207 210
f 209 205 207
f 211 210 212
f 211 209 210
f 213 212 214
f 213 214 215
f 213 211 212
f 216 213 215
f 217 215 218
f 217 216 215
f 219 218 220
f 219 217 218
f 221 220 222
f 221 219 220
f 223 222 224
f 223 221 222
f 225 224 226
f 225 226 227
f 225 223 224
f 228 227 229
f 228 225 227
f 230 228 229
f 231 229 232
f 231 230 229
f 233 232 234
f 233 234 235
f 233 231 232
f 236 233 235
f 204 235 203
f 204 236 235
f 208 237 206
f 208 238 237
f 1 3 239
f 240 239 241
f 240 1 239
f 242 240 241
f 243 241 244
f 243 242 241
f 245 244 246
f 245 243 244
f 247 246 248
f 247 245 246
f 249 248 250
f 249 250 251
f 249 247 248
f 252 249 251
f 253 251 254
f 253 252 251
f 255 254 256
f 255 256 257
f 255 253 254
f 258 255 257
f 259 257 260
f 259 258 257
f 261 260 262
f 261 259 260
f 263 262 264
f 263 264 265
f 263 261 262
f 266 263 265
f 267 265 268
f 267 266 265
f 238 268 237
f 238 267 268
f 29 31 33
f 29 33 35
f 23 26 28
f 23 28 29
f 23 29 35
f 16 18 19
f 16 19 21
f 16 21 23
f 13 23 35
f 13 16 23
f 9 12 13
f 8 5 9
f 8 35 4
f 8 13 35
f 8 9 13
f 269 1 270
f 271 270 1
f 272 1 269
f 273 271 1
f 274 1 272
f 275 273 1
f 276 1 274
f 277 275 1
f 278 1 276
f 279 277 1
f 280 1 278
f 281 279 1
f 282 1 280
f 282 4 1
f 283 281 1
f 284 4 282
f 285 283 1
f 286 4 284
f 287 1 240
f 287 285 1
f 288 4 286
f 289 240 242
f 289 242 243
f 289 243 245
f 289 245 247
f 289 247 249
f 289 249 252
f 289 252 253
f 289 253 255
f 289 255 258
f 289 287 240
f 290 4 288
f 291 258 259
f 291 259 261
f 291 261 263
f 291 263 266
f 291 266 267
f 291 267 238
f 291 289 258
f 292 4 290
f 293 291 238
f 294 4 292
f 295 293 238
f 296 4 294
f 297 295 238
f 298 4 296
f 299 238 208
f 299 297 238
f 300 4 298
f 301 299 208
f 302 4 300
f 303 301 208
f 304 4 302
f 305 303 208
f 306 4 304
f 307 305 208
f 308 4 306
f 309 208 205
f 309 205 209
f 309 209 211
f 309 211 213
f 309 213 216
f 309 216 217
f 309 307 208
f 310 4 308
f 311 217 219
f 311 219 221
f 311 221 223
f 311 223 225
f 311 225 228
f 311 228 230
f 311 309 217
f 311 230 231
f 311 231 233
f 311 233 236
f 312 4 310
f 313 236 204
f 313 311 236
f 314 4 312
f 315 313 204
f 316 315 204
f 317 316 204
f 318 317 204
f 319 318 204
f 320 319 204
f 321 8 322
f 323 322 8
f 324 8 321
f 325 323 8
f 326 8 324
f 327 325 8
f 328 8 326
f 329 327 8
f 329 8 4
f 330 320 204
f 331 8 328
f 332 329 4
f 333 8 331
f 334 332 4
f 335 8 333
f 336 334 4
f 337 8 335
f 338 330 204
f 339 336 4
f 340 8 337
f 341 339 4
f 342 8 340
f 343 338 204
f 344 341 4
f 345 8 342
f 346 344 4
f 347 8 345
f 348 343 204
f 349 4 314
f 349 314 350
f 349 346 4
f 351 8 347
f 352 350 353
f 352 349 350
f 354 348 204
f 355 8 351
f 356 353 357
f 356 352 353
f 358 8 355
f 359 354 204
f 360 356 357
f 360 357 361
f 362 360 361
f 362 361 363
f 364 359 204
f 365 362 363
f 365 363 366
f 367 364 204
f 368 365 366
f 368 366 369
f 370 367 204
f 371 368 369
f 371 369 372
f 373 370 204
f 374 371 372
f 374 372 375
f 376 374 375
f 376 375 377
f 378 376 377
f 378 377 379
f 380 378 379
f 380 379 381
f 382 381 383
f 382 380 381
f 38 358 384
f 38 8 358
f 38 385 386
f 38 387 385
f 38 388 387
f 38 389 388
f 38 390 389
f 38 391 390
f 38 392 391
f 38 384 392
f 393 38 386
f 99 102 38
f 394 382 383
f 394 383 395
f 97 99 38
f 396 38 393
f 95 97 38
f 397 394 395
f 397 395 398
f 93 95 38
f 91 93 38
f 399 38 396
f 90 91 38
f 400 397 398
f 400 398 401
f 87 90 38
f 402 38 399
f 85 87 38
f 403 401 404
f 403 400 401
f 83 85 38
f 405 38 402
f 81 83 38
f 406 403 404
f 407 38 405
f 77 79 81
f 77 81 38
f 408 406 404
f 408 404 409
f 76 77 38
f 410 38 407
f 411 412 413
f 411 409 412
f 411 408 409
f 72 73 76
f 72 76 38
f 414 38 410
f 415 411 413
f 415 413 416
f 68 69 72
f 65 72 38
f 65 68 72
f 417 416 418
f 417 415 416
f 61 65 38
f 61 63 65
f 419 417 418
f 419 418 420
f 421 419 420
f 421 420 422
f 55 61 38
f 55 57 60
f 55 60 61
f 54 55 38
f 423 421 422
f 423 422 424
f 51 54 38
f 47 51 38
f 47 49 51
f 45 47 38
f 44 45 38
f 39 425 426
f 39 427 425
f 39 428 427
f 39 429 428
f 39 430 429
f 39 414 430
f 39 38 414
f 39 44 38
f 39 42 44
f 431 39 426
f 432 39 431
f 433 39 432
f 434 39 433
f 435 39 434
f 436 39 435
f 437 39 436
f 438 39 437
f 439 39 438
f 440 39 439
f 441 39 440
f 442 39 441
f 443 39 442
f 444 39 443
f 445 446 447
f 448 449 446
f 448 446 445
f 450 447 451
f 450 445 447
f 452 453 449
f 452 449 448
f 454 451 455
f 454 450 451
f 456 453 452
f 457 454 455
f 457 455 458
f 459 460 453
f 459 453 456
f 461 458 462
f 461 457 458
f 463 424 460
f 463 423 424
f 463 460 459
f 464 461 462
f 464 462 465
f 466 423 463
f 466 467 423
f 468 464 465
f 468 465 469
f 470 467 466
f 470 471 467
f 472 469 473
f 472 468 469
f 474 471 470
f 474 475 471
f 476 473 477
f 476 472 473
f 478 475 474
f 478 479 475
f 480 476 477
f 480 477 481
f 482 479 478
f 482 483 479
f 484 480 481
f 484 481 485
f 486 483 482
f 486 487 483
f 488 484 485
f 488 485 489
f 490 487 486
f 490 491 487
f 492 488 489
f 492 489 493
f 494 491 490
f 494 495 491
f 496 492 493
f 496 493 497
f 498 499 495
f 498 495 494
f 500 496 497
f 500 497 501
f 502 499 498
f 502 503 499
f 504 501 505
f 504 500 501
f 506 503 502
f 506 507 503
f 508 505 509
f 508 504 505
f 510 507 506
f 510 511 507
f 512 509 513
f 512 508 509
f 514 511 510
f 514 515 511
f 516 513 517
f 516 512 513
f 518 515 514
f 518 519 515
f 520 517 521
f 520 516 517
f 522 519 518
f 522 523 519
f 524 525 523
f 524 523 522
f 526 527 525
f 526 525 524
f 528 529 527
f 528 527 526
f 530 531 529
f 530 529 528
f 532 533 531
f 532 531 530
f 534 535 533
f 534 533 532
f 171 536 373
f 171 537 536
f 171 538 537
f 171 539 538
f 171 540 539
f 171 541 540
f 171 542 520
f 171 543 541
f 171 544 542
f 171 545 543
f 171 546 544
f 171 547 545
f 171 548 546
f 171 549 547
f 171 550 548
f 171 551 549
f 171 552 551
f 171 553 550
f 171 554 552
f 171 555 553
f 171 556 554
f 171 557 556
f 171 521 557
f 171 373 204
f 171 520 521
f 558 559 535
f 558 535 534
f 560 555 171
f 561 562 559
f 561 559 558
f 177 174 176
f 179 174 177
f 563 564 562
f 563 562 561
f 181 171 174
f 181 174 179
f 183 171 181
f 565 566 564
f 565 564 563
f 186 171 183
f 187 171 186
f 567 568 566
f 567 566 565
f 189 171 187
f 569 568 567
f 569 570 568
f 195 171 189
f 195 189 192
f 195 192 193
f 197 171 195
f 571 572 570
f 571 570 569
f 201 171 197
f 201 197 200
f 170 573 560
f 170 574 573
f 170 575 574
f 170 576 575
f 170 577 576
f 170 578 577
f 170 171 201
f 170 560 171
f 579 580 572
f 579 572 571
f 581 578 170
f 582 583 580
f 582 580 579
f 584 581 170
f 585 586 583
f 585 583 582
f 587 584 170
f 588 589 586
f 588 586 585
f 590 587 170
f 591 592 589
f 591 589 588
f 593 590 170
f 594 595 592
f 594 592 591
f 596 593 170
f 597 598 595
f 597 595 594
f 599 596 170
f 600 599 170
f 601 600 170
f 602 601 170
f 603 602 170
f 604 603 170
f 605 604 170
f 104 606 607
f 104 608 606
f 104 609 608
f 104 610 609
f 104 611 610
f 104 612 611
f 104 613 612
f 104 614 613
f 104 615 614
f 104 616 615
f 104 617 616
f 104 618 617
f 104 619 618
f 104 620 619
f 104 621 620
f 104 622 621
f 104 623 622
f 104 624 623
f 104 625 624
f 104 626 625
f 105 104 607
f 105 627 605
f 105 628 627
f 105 629 628
f 105 630 629
f 105 631 630
f 105 632 631
f 105 633 632
f 105 634 633
f 105 635 634
f 105 636 635
f 105 637 636
f 105 638 637
f 105 639 638
f 105 640 639
f 105 641 640
f 105 642 641
f 105 607 642
f 105 605 170
f 165 168 104
f 111 104 105
f 111 105 108
f 111 108 110
f 163 165 104
f 161 163 104
f 113 104 111
f 159 161 104
f 117 113 115
f 157 159 104
f 156 157 104
f 120 104 113
f 120 113 117
f 153 156 104
f 123 120 121
f 123 104 120
f 149 151 153
f 149 153 104
f 126 104 123
f 147 149 104
f 127 104 126
f 129 104 127
f 131 104 129
f 143 147 104
f 143 145 147
f 134 104 131
f 139 142 143
f 138 143 104
f 138 104 134
f 138 139 143
f 138 134 135
f 104 39 626
f 626 39 643
f 643 39 644
f 644 39 597
f 597 39 444
f 597 444 645
f 597 645 646
f 597 646 598
f 647 506 502
f 648 647 502
f 649 502 498
f 649 648 502
f 650 498 494
f 650 649 498
f 651 494 490
f 651 650 494
f 652 490 486
f 652 486 482
f 652 651 490
f 653 652 482
f 654 482 478
f 654 478 474
f 654 653 482
f 655 654 474
f 656 474 470
f 656 655 474
f 657 470 466
f 657 466 463
f 657 656 470
f 658 657 463
f 659 658 463
f 659 463 459
f 660 659 459
f 660 459 456
f 661 660 456
f 661 456 452
f 661 452 448
f 662 661 448
f 663 662 448
f 663 448 445
f 664 663 445
f 664 445 450
f 665 664 450
f 665 450 454
f 666 665 454
f 666 454 457
f 667 666 457
f 667 457 461
f 668 667 461
f 668 461 464
f 669 668 464
f 669 464 468
f 670 468 472
f 670 669 468
f 670 472 476
f 671 670 476
f 672 476 480
f 672 671 476
f 673 480 484
f 673 672 480
f 674 484 488
f 674 673 484
f 675 488 492
f 675 674 488
f 676 492 496
f 676 675 492
f 677 496 500
f 677 676 496
f 678 500 504
f 678 504 508
f 678 677 500
f 679 678 508
f 680 508 512
f 680 512 516
f 680 679 508
f 681 680 516
f 682 516 520
f 682 681 516
f 683 520 542
f 683 682 520
f 684 683 542
f 684 542 544
f 684 544 546
f 685 684 546
f 686 685 546
f 686 546 548
f 687 686 548
f 687 548 550
f 687 550 553
f 688 687 553
f 689 688 553
f 689 553 555
f 690 689 555
f 690 555 560
f 690 560 573
f 691 690 573
f 692 691 573
f 692 573 574
f 693 692 574
f 693 574 575
f 693 575 576
f 694 693 576
f 695 694 576
f 695 576 577
f 696 695 577
f 696 577 578
f 697 696 578
f 697 578 581
f 697 581 584
f 698 697 584
f 699 698 584
f 699 584 587
f 700 699 587
f 700 587 590
f 700 590 593
f 701 700 593
f 702 701 593
f 702 593 596
f 703 702 596
f 703 596 599
f 703 599 600
f 704 703 600
f 705 600 601
f 705 704 600
f 706 601 602
f 706 602 603
f 706 705 601
f 707 706 603
f 708 603 604
f 708 707 603
f 709 708 604
f 709 604 605
f 710 709 605
f 710 605 627
f 710 627 628
f 711 710 628
f 712 711 628
f 712 628 629
f 713 712 629
f 713 629 630
f 713 630 631
f 714 713 631
f 715 714 631
f 715 631 632
f 716 715 632
f 716 632 633
f 716 633 634
f 717 716 634
f 718 717 634
f 718 634 635
f 719 718 635
f 719 635 636
f 720 719 636
f 720 636 637
f 721 638 639
f 721 720 637
f 721 637 638
f 722 721 639
f 723 639 640
f 723 722 639
f 724 640 641
f 724 723 640
f 725 641 642
f 725 642 607
f 725 724 641
f 726 725 607
f 727 607 606
f 727 606 608
f 727 726 607
f 728 727 608
f 729 608 609
f 729 728 608
f 730 609 610
f 730 729 609
f 731 610 611
f 731 611 612
f 731 730 610
f 732 731 612
f 733 612 613
f 733 613 614
f 733 732 612
f 734 733 614
f 735 734 614
f 735 614 615
f 736 735 615
f 736 615 616
f 737 736 616
f 737 616 617
f 737 617 618
f 738 737 618
f 739 618 619
f 739 619 620
f 739 738 618
f 740 620 621
f 740 739 620
f 741 740 621
f 742 621 622
f 742 622 623
f 742 741 621
f 743 742 623
f 744 623 624
f 744 624 625
f 744 743 623
f 745 744 625
f 746 625 626
f 746 745 625
f 747 626 643
f 747 746 626
f 748 643 644
f 748 644 597
f 748 747 643
f 749 748 597
f 750 597 594
f 750 594 591
f 750 749 597
f 751 750 591
f 752 591 588
f 752 751 591
f 753 588 585
f 753 752 588
f 754 585 582
f 754 582 579
f 754 753 585
f 755 754 579
f 756 579 571
f 756 755 579
f 757 571 569
f 757 756 571
f 758 569 567
f 758 757 569
f 759 758 567
f 759 567 565
f 759 565 563
f 760 759 563
f 761 563 561
f 761 760 563
f 762 761 561
f 762 561 558
f 762 558 534
f 763 762 534
f 764 763 534
f 764 534 532
f 765 764 532
f 765 532 530
f 766 765 530
f 766 530 528
f 767 766 528
f 767 528 526
f 768 767 526
f 768 526 524
f 769 768 524
f 769 524 522
f 769 522 518
f 770 769 518
f 771 770 518
f 771 518 514
f 772 514 510
f 772 771 514
f 647 510 506
f 647 772 510
f 659 660 661
f 659 661 662
f 659 662 663
f 667 665 666
f 668 663 664
f 668 664 665
f 668 665 667
f 657 658 659
f 669 663 668
f 671 669 670
f 671 663 669
f 654 655 656
f 654 656 657
f 654 657 659
f 672 663 671
f 652 653 654
f 674 672 673
f 676 674 675
f 676 672 674
f 649 650 651
f 649 651 652
f 679 676 677
f 679 677 678
f 679 672 676
f 772 647 648
f 772 648 649
f 772 649 652
f 681 679 680
f 769 770 771
f 769 771 772
f 683 679 681
f 683 681 682
f 683 672 679
f 686 684 685
f 764 765 766
f 764 766 767
f 764 767 768
f 764 768 769
f 689 686 687
f 689 687 688
f 762 763 764
f 762 764 769
f 690 686 689
f 691 686 690
f 692 686 691
f 692 684 686
f 758 759 760
f 758 760 761
f 694 692 693
f 756 757 758
f 756 758 761
f 698 695 696
f 698 696 697
f 753 754 755
f 752 755 756
f 752 753 755
f 700 694 695
f 700 698 699
f 700 695 698
f 750 751 752
f 702 672 683
f 702 761 762
f 702 762 769
f 702 683 684
f 702 659 663
f 702 684 692
f 702 692 694
f 702 700 701
f 702 694 700
f 702 652 654
f 702 654 659
f 702 663 672
f 702 772 652
f 702 769 772
f 705 703 704
f 746 747 748
f 706 756 761
f 706 702 703
f 706 761 702
f 706 703 705
f 744 748 749
f 744 746 748
f 744 745 746
f 708 706 707
f 742 744 749
f 742 743 744
f 741 742 749
f 711 708 709
f 711 709 710
f 712 708 711
f 739 749 750
f 739 741 749
f 739 752 756
f 739 750 752
f 739 740 741
f 714 708 712
f 714 712 713
f 737 738 739
f 715 708 714
f 736 737 739
f 717 706 708
f 717 708 715
f 717 715 716
f 734 736 739
f 734 735 736
f 719 706 717
f 719 717 718
f 732 734 739
f 732 733 734
f 720 706 719
f 730 731 732
f 722 706 720
f 722 720 721
f 728 732 739
f 728 730 732
f 728 729 730
f 724 722 723
f 726 739 756
f 726 706 722
f 726 722 724
f 726 728 739
f 726 724 725
f 726 727 728
f 726 756 706
f 773 384 358
f 774 773 358
f 775 358 355
f 775 774 358
f 776 355 351
f 776 775 355
f 777 351 347
f 777 776 351
f 778 347 345
f 778 345 342
f 778 777 347
f 779 778 342
f 780 342 340
f 780 340 337
f 780 779 342
f 781 780 337
f 782 337 335
f 782 781 337
f 783 335 333
f 783 333 331
f 783 782 335
f 784 783 331
f 785 784 331
f 785 331 328
f 786 785 328
f 786 328 326
f 787 786 326
f 787 326 324
f 787 324 321
f 788 787 321
f 789 788 321
f 789 321 322
f 790 789 322
f 790 322 323
f 791 790 323
f 791 323 325
f 792 791 325
f 792 325 327
f 793 792 327
f 793 327 329
f 794 793 329
f 794 329 332
f 795 794 332
f 795 332 334
f 796 334 336
f 796 795 334
f 796 336 339
f 797 796 339
f 798 339 341
f 798 797 339
f 799 341 344
f 799 798 341
f 800 344 346
f 800 799 344
f 801 346 349
f 801 800 346
f 802 349 352
f 802 801 349
f 803 352 356
f 803 802 352
f 804 356 360
f 804 360 362
f 804 803 356
f 805 804 362
f 806 362 365
f 806 365 368
f 806 805 362
f 807 806 368
f 808 368 371
f 808 807 368
f 809 371 374
f 809 808 371
f 810 809 374
f 810 374 376
f 810 376 378
f 811 810 378
f 812 811 378
f 812 378 380
f 813 812 380
f 813 380 382
f 813 382 394
f 814 813 394
f 815 814 394
f 815 394 397
f 816 815 397
f 816 397 400
f 816 400 403
f 817 816 403
f 818 817 403
f 818 403 406
f 819 818 406
f 819 406 408
f 819 408 411
f 820 819 411
f 821 820 411
f 821 411 415
f 822 821 415
f 822 415 417
f 823 822 417
f 823 417 419
f 823 419 421
f 824 823 421
f 825 824 421
f 825 421 423
f 826 825 423
f 826 423 467
f 826 467 471
f 827 826 471
f 828 827 471
f 828 471 475
f 829 828 475
f 829 475 479
f 829 479 483
f 830 829 483
f 831 483 487
f 831 830 483
f 832 487 491
f 832 491 495
f 832 831 487
f 833 832 495
f 834 495 499
f 834 833 495
f 835 834 499
f 835 499 503
f 836 835 503
f 836 503 507
f 836 507 511
f 837 836 511
f 838 837 511
f 838 511 515
f 839 838 515
f 839 515 519
f 839 519 523
f 840 839 523
f 841 840 523
f 841 523 525
f 842 841 525
f 842 525 527
f 842 527 529
f 843 842 529
f 844 843 529
f 844 529 531
f 845 844 531
f 845 531 533
f 846 845 533
f 846 533 535
f 847 559 562
f 847 846 535
f 847 535 559
f 848 847 562
f 849 562 564
f 849 848 562
f 850 564 566
f 850 849 564
f 851 566 568
f 851 568 570
f 851 850 566
f 852 851 570
f 853 570 572
f 853 572 580
f 853 852 570
f 854 853 580
f 855 580 583
f 855 854 580
f 856 583 586
f 856 855 583
f 857 586 589
f 857 589 592
f 857 856 586
f 858 857 592
f 859 592 595
f 859 595 598
f 859 858 592
f 860 859 598
f 861 860 598
f 861 598 646
f 862 861 646
f 862 646 645
f 863 862 645
f 863 645 444
f 863 444 443
f 864 863 443
f 865 443 442
f 865 442 441
f 865 864 443
f 866 441 440
f 866 865 441
f 867 866 440
f 868 440 439
f 868 439 438
f 868 867 440
f 869 868 438
f 870 438 437
f 870 437 436
f 870 869 438
f 871 870 436
f 872 436 435
f 872 871 436
f 873 435 434
f 873 872 435
f 874 434 433
f 874 433 432
f 874 873 434
f 875 874 432
f 876 432 431
f 876 431 426
f 876 875 432
f 877 876 426
f 878 426 425
f 878 877 426
f 879 425 427
f 879 878 425
f 880 427 428
f 880 428 429
f 880 879 427
f 881 880 429
f 882 429 430
f 882 881 429
f 883 430 414
f 883 882 430
f 884 414 410
f 884 883 414
f 885 884 410
f 885 410 407
f 885 407 405
f 886 885 405
f 887 405 402
f 887 886 405
f 888 887 402
f 888 402 399
f 888 399 396
f 889 888 396
f 890 889 396
f 890 396 393
f 891 890 393
f 891 393 386
f 892 891 386
f 892 386 385
f 893 892 385
f 893 385 387
f 894 893 387
f 894 387 388
f 895 894 388
f 895 388 389
f 895 389 390
f 896 895 390
f 897 896 390
f 897 390 391
f 898 391 392
f 898 897 391
f 773 392 384
f 773 898 392
f 787 788 789
f 785 786 787
f 793 789 790
f 793 790 791
f 793 791 792
f 784 785 787
f 795 793 794
f 795 789 793
f 781 782 783
f 781 783 784
f 797 795 796
f 797 787 789
f 797 784 787
f 797 789 795
f 801 798 799
f 801 799 800
f 802 798 801
f 775 776 777
f 775 777 778
f 775 778 779
f 775 779 780
f 775 780 781
f 803 797 798
f 803 798 802
f 895 896 897
f 895 897 898
f 809 803 804
f 809 804 805
f 809 805 806
f 809 806 807
f 809 807 808
f 809 797 803
f 894 773 774
f 894 774 775
f 894 895 898
f 894 898 773
f 894 775 781
f 893 894 781
f 811 809 810
f 812 809 811
f 814 809 812
f 814 812 813
f 889 890 891
f 888 891 892
f 888 889 891
f 887 892 893
f 887 888 892
f 818 816 817
f 819 814 815
f 819 815 816
f 819 816 818
f 883 884 885
f 821 797 809
f 821 809 814
f 821 814 819
f 821 819 820
f 821 781 784
f 821 784 797
f 882 885 886
f 882 886 887
f 882 883 885
f 823 821 822
f 879 880 881
f 825 823 824
f 877 878 879
f 827 825 826
f 829 827 828
f 829 823 825
f 829 825 827
f 874 875 876
f 830 823 829
f 831 781 821
f 831 821 823
f 831 823 830
f 872 873 874
f 872 876 877
f 872 874 876
f 872 877 879
f 833 831 832
f 833 781 831
f 869 881 882
f 869 879 881
f 869 872 879
f 869 870 871
f 869 871 872
f 835 833 834
f 837 835 836
f 866 867 868
f 839 781 833
f 839 833 835
f 839 837 838
f 839 835 837
f 864 865 866
f 862 863 864
f 842 839 840
f 842 840 841
f 861 864 866
f 861 862 864
f 844 781 839
f 844 839 842
f 844 887 893
f 844 882 887
f 844 842 843
f 844 893 781
f 859 861 866
f 859 860 861
f 847 844 845
f 847 845 846
f 856 869 882
f 856 866 868
f 856 859 866
f 856 857 858
f 856 858 859
f 856 868 869
f 854 856 882
f 854 855 856
f 850 844 847
f 850 847 848
f 850 848 849
f 853 854 882
f 851 844 850
f 852 882 844
f 852 853 882
f 852 844 851
f 899 300 298
f 900 899 298
f 901 298 296
f 901 900 298
f 902 296 294
f 902 901 296
f 903 294 292
f 903 902 294
f 904 292 290
f 904 290 288
f 904 903 292
f 905 904 288
f 906 288 286
f 906 286 284
f 906 905 288
f 907 906 284
f 908 284 282
f 908 907 284
f 909 282 280
f 909 280 278
f 909 908 282
f 910 909 278
f 911 910 278
f 911 278 276
f 912 911 276
f 912 276 274
f 913 912 274
f 913 274 272
f 913 272 269
f 914 913 269
f 915 914 269
f 915 269 270
f 916 915 270
f 916 270 271
f 917 916 271
f 917 271 273
f 918 917 273
f 918 273 275
f 919 918 275
f 919 275 277
f 920 919 277
f 920 277 279
f 921 920 279
f 921 279 281
f 922 281 283
f 922 921 281
f 922 283 285
f 923 922 285
f 924 285 287
f 924 923 285
f 925 287 289
f 925 924 287
f 926 289 291
f 926 925 289
f 927 291 293
f 927 926 291
f 928 293 295
f 928 927 293
f 929 295 297
f 929 928 295
f 930 297 299
f 930 299 301
f 930 929 297
f 931 930 301
f 932 301 303
f 932 303 305
f 932 931 301
f 933 932 305
f 934 305 307
f 934 933 305
f 935 307 309
f 935 934 307
f 936 935 309
f 936 309 311
f 936 311 313
f 937 936 313
f 938 937 313
f 938 313 315
f 939 938 315
f 939 315 316
f 939 316 317
f 940 939 317
f 941 940 317
f 941 317 318
f 942 941 318
f 942 318 319
f 942 319 320
f 943 942 320
f 944 943 320
f 944 320 330
f 945 944 330
f 945 330 338
f 945 338 343
f 946 945 343
f 947 946 343
f 947 343 348
f 948 947 348
f 948 348 354
f 949 948 354
f 949 354 359
f 949 359 364
f 950 949 364
f 951 950 364
f 951 364 367
f 952 951 367
f 952 367 370
f 952 370 373
f 953 952 373
f 954 953 373
f 954 373 536
f 955 954 536
f 955 536 537
f 955 537 538
f 956 955 538
f 957 538 539
f 957 956 538
f 958 539 540
f 958 540 541
f 958 957 539
f 959 958 541
f 960 541 543
f 960 959 541
f 961 960 543
f 961 543 545
f 962 961 545
f 962 545 547
f 962 547 549
f 963 962 549
f 964 963 549
f 964 549 551
f 965 964 551
f 965 551 552
f 965 552 554
f 966 965 554
f 967 966 554
f 967 554 556
f 968 967 556
f 968 556 557
f 968 557 521
f 969 968 521
f 970 969 521
f 970 521 517
f 971 970 517
f 971 517 513
f 972 971 513
f 972 513 509
f 973 505 501
f 973 972 509
f 973 509 505
f 974 973 501
f 975 501 497
f 975 974 501
f 976 497 493
f 976 975 497
f 977 493 489
f 977 489 485
f 977 976 493
f 978 977 485
f 979 485 481
f 979 481 477
f 979 978 485
f 980 979 477
f 981 477 473
f 981 980 477
f 982 473 469
f 982 981 473
f 983 469 465
f 983 465 462
f 983 982 469
f 984 983 462
f 985 462 458
f 985 458 455
f 985 984 462
f 986 985 455
f 987 986 455
f 987 455 451
f 988 987 451
f 988 451 447
f 989 988 447
f 989 447 446
f 989 446 449
f 990 989 449
f 991 449 453
f 991 453 460
f 991 990 449
f 992 460 424
f 992 991 460
f 993 992 424
f 994 424 422
f 994 422 420
f 994 993 424
f 995 994 420
f 996 420 418
f 996 418 416
f 996 995 420
f 997 996 416
f 998 416 413
f 998 997 416
f 999 413 412
f 999 998 413
f 1000 412 409
f 1000 409 404
f 1000 999 412
f 1001 1000 404
f 1002 404 401
f 1002 401 398
f 1002 1001 404
f 1003 1002 398
f 1004 398 395
f 1004 1003 398
f 1005 395 383
f 1005 1004 395
f 1006 383 381
f 1006 381 379
f 1006 1005 383
f 1007 1006 379
f 1008 379 377
f 1008 1007 379
f 1009 377 375
f 1009 1008 377
f 1010 375 372
f 1010 1009 375
f 1011 1010 372
f 1011 372 369
f 1011 369 366
f 1012 1011 366
f 1013 366 363
f 1013 1012 366
f 1014 1013 363
f 1014 363 361
f 1014 361 357
f 1015 1014 357
f 1016 1015 357
f 1016 357 353
f 1017 1016 353
f 1017 353 350
f 1018 1017 350
f 1018 350 314
f 1019 1018 314
f 1019 314 312
f 1020 1019 312
f 1020 312 310
f 1021 1020 310
f 1021 310 308
f 1021 308 306
f 1022 1021 306
f 1023 1022 306
f 1023 306 304
f 1024 304 302
f 1024 1023 304
f 899 302 300
f 899 1024 302
f 912 913 914
f 912 914 915
f 912 915 916
f 912 916 917
f 919 917 918
f 920 917 919
f 921 917 920
f 908 909 910
f 908 910 911
f 923 911 912
f 923 921 922
f 923 912 917
f 923 917 921
f 905 906 907
f 925 923 924
f 927 925 926
f 901 902 903
f 930 928 929
f 899 900 901
f 899 903 904
f 899 901 903
f 931 927 928
f 931 928 930
f 1024 904 905
f 1024 907 908
f 1024 905 907
f 1024 899 904
f 934 931 932
f 934 932 933
f 1021 1022 1023
f 935 927 931
f 935 923 925
f 935 925 927
f 935 931 934
f 1020 1023 1024
f 1020 1021 1023
f 938 936 937
f 1017 1018 1019
f 1016 1017 1019
f 940 923 935
f 940 936 938
f 940 935 936
f 940 938 939
f 940 911 923
f 1015 1020 1024
f 1015 1019 1020
f 1015 1016 1019
f 942 911 940
f 942 940 941
f 942 908 911
f 943 908 942
f 946 908 943
f 946 943 944
f 946 944 945
f 1009 1010 1011
f 1009 1011 1012
f 1008 1012 1013
f 1008 1009 1012
f 949 946 947
f 949 947 948
f 951 949 950
f 951 946 949
f 1004 1005 1006
f 952 946 951
f 1003 1006 1007
f 1003 1007 1008
f 1003 1004 1006
f 953 946 952
f 1002 1003 1008
f 954 1013 1014
f 954 1014 1015
f 954 1015 1024
f 954 908 946
f 954 946 953
f 954 1024 908
f 956 954 955
f 999 1000 1001
f 999 1001 1002
f 957 954 956
f 998 999 1002
f 958 1013 954
f 958 954 957
f 996 997 998
f 995 996 998
f 961 959 960
f 994 995 998
f 993 994 998
f 993 1002 1008
f 993 998 1002
f 965 962 963
f 965 963 964
f 966 962 965
f 967 959 961
f 967 962 966
f 967 958 959
f 967 961 962
f 988 989 990
f 988 990 991
f 969 958 967
f 969 967 968
f 969 1013 958
f 986 988 991
f 986 987 988
f 985 986 991
f 971 1013 969
f 971 969 970
f 973 971 972
f 982 983 984
f 974 971 973
f 981 985 991
f 981 982 984
f 981 984 985
f 981 991 992
f 981 992 993
f 980 981 993
f 976 974 975
f 977 993 1008
f 977 1013 971
f 977 1008 1013
f 977 971 974
f 977 974 976
f 978 980 993
f 978 993 977
f 978 979 980
f 239 244 241
f 32 30 34
f 34 30 36
f 3 248 239
f 244 248 246
f 239 248 244
f 27 25 30
f 30 25 36
f 248 251 250
f 3 251 248
f 24 22 25
f 25 22 36
f 251 256 254
f 3 256 251
f 3 257 256
f 20 17 22
f 22 15 36
f 17 15 22
f 257 262 260
f 3 262 257
f 14 11 15
f 262 265 264
f 3 265 262
f 10 7 11
f 265 237 268
f 3 237 265
f 36 6 2
f 11 6 15
f 15 6 36
f 7 6 11
f 3 206 237
f 207 214 210
f 210 214 212
f 207 215 214
f 206 220 207
f 215 220 218
f 207 220 215
f 206 222 220
f 222 226 224
f 206 226 222
f 206 227 226
f 206 229 227
f 229 235 232
f 232 235 234
f 206 235 229
f 3 203 206
f 2 203 3
f 206 203 235
f 101 100 37
f 100 98 37
f 98 96 37
f 96 94 37
f 94 92 37
f 92 89 37
f 89 88 37
f 88 86 37
f 86 84 37
f 84 82 37
f 82 80 37
f 80 78 37
f 78 75 37
f 75 74 37
f 74 71 37
f 71 70 37
f 70 67 37
f 67 66 37
f 66 64 37
f 64 59 37
f 62 59 64
f 59 58 37
f 56 53 58
f 58 53 37
f 53 52 37
f 52 50 37
f 48 46 50
f 50 43 37
f 46 43 50
f 37 40 6
f 41 40 43
f 43 40 37
f 6 40 2
f 40 172 2
f 2 172 203
f 173 180 175
f 175 180 178
f 173 184 180
f 172 184 173
f 180 184 182
f 172 190 184
f 184 190 185
f 185 190 188
f 172 196 190
f 190 196 191
f 191 196 194
f 172 198 196
f 172 202 198
f 198 202 199
f 172 169 202
f 172 103 169
f 40 103 172
f 103 106 169
f 167 166 103
f 166 164 103
f 106 112 107
f 107 112 109
f 103 112 106
f 164 162 103
f 162 160 103
f 112 118 114
f 114 118 116
f 103 118 112
f 160 158 103
f 158 155 103
f 118 122 119
f 155 154 103
f 103 124 118
f 118 124 122
f 154 152 103
f 103 125 124
f 152 150 103
f 150 148 103
f 125 130 128
f 103 130 125
f 103 132 130
f 146 144 148
f 148 144 103
f 103 133 132
f 144 141 103
f 141 140 103
f 133 137 136
f 103 137 133
f 140 137 103
f 1025 1026 1027
f 1025 1028 1026
f 1029 1030 1031
f 1029 1032 1030
f 1033 1031 1034
f 1033 1034 1035
f 1033 1029 1031
f 1036 1033 1035
f 1037 1035 1038
f 1037 1036 1035
f 1039 1038 1040
f 1039 1037 1038
f 1041 1040 1042
f 1041 1039 1040
f 1043 1042 1044
f 1043 1041 1042
f 1045 1044 1046
f 1045 1046 1047
f 1045 1043 1044
f 1048 1045 1047
f 1049 1047 1050
f 1049 1050 1051
f 1049 1048 1047
f 1052 1051 1053
f 1052 1049 1051
f 1054 1052 1053
f 1055 1053 1056
f 1055 1056 1057
f 1055 1054 1053
f 1058 1057 1059
f 1058 1055 1057
f 1060 1058 1059
f 1061 1059 1062
f 1061 1060 1059
f 1063 1062 1064
f 1063 1061 1062
f 1065 1064 1066
f 1065 1066 1067
f 1065 1063 1064
f 1068 1065 1067
f 1069 1067 1070
f 1069 1068 1067
f 1071 1070 1072
f 1071 1069 1070
f 1073 1072 1074
f 1073 1074 1075
f 1073 1071 1072
f 1076 1073 1075
f 1077 1076 1075
f 1077 1075 1078
f 1079 1078 1080
f 1079 1077 1078
f 1081 1080 1082
f 1081 1079 1080
f 1083 1082 1084
f 1083 1081 1082
f 1085 1084 1086
f 1085 1086 1087
f 1085 1083 1084
f 1088 1085 1087
f 1089 1087 1090
f 1089 1088 1087
f 1091 1090 1092
f 1091 1089 1090
f 1028 1092 1026
f 1028 1091 1092
f 1032 1093 1030
f 1032 1094 1093
f 1095 1096 1097
f 1095 1098 1096
f 1099 1097 1100
f 1099 1100 1101
f 1099 1095 1097
f 1102 1099 1101
f 1103 1101 1104
f 1103 1102 1101
f 1105 1104 1106
f 1105 1103 1104
f 1107 1106 1108
f 1107 1105 1106
f 1109 1108 1110
f 1109 1107 1108
f 1111 1110 1112
f 1111 1112 1113
f 1111 1109 1110
f 1114 1111 1113
f 1115 1113 1116
f 1115 1116 1117
f 1115 1114 1113
f 1118 1117 1119
f 1118 1115 1117
f 1120 1118 1119
f 1121 1119 1122
f 1121 1122 1123
f 1121 1120 1119
f 1124 1123 1125
f 1124 1121 1123
f 1126 1124 1125
f 1127 1125 1128
f 1127 1126 1125
f 1129 1128 1130
f 1129 1127 1128
f 1131 1130 1132
f 1131 1132 1133
f 1131 1129 1130
f 1134 1131 1133
f 1135 1133 1136
f 1135 1134 1133
f 1137 1136 1138
f 1137 1135 1136
f 1139 1138 1140
f 1139 1140 1141
f 1139 1137 1138
f 1142 1139 1141
f 1143 1142 1141
f 1143 1141 1144
f 1145 1144 1146
f 1145 1143 1144
f 1147 1146 1148
f 1147 1145 1146
f 1149 1148 1150
f 1149 1147 1148
f 1151 1150 1152
f 1151 1152 1153
f 1151 1149 1150
f 1154 1151 1153
f 1155 1153 1156
f 1155 1154 1153
f 1157 1156 1158
f 1157 1155 1156
f 1094 1158 1093
f 1094 1157 1158
f 1098 1159 1096
f 1098 1160 1159
f 1161 1162 1163
f 1161 1164 1162
f 1165 1163 1166
f 1165 1166 1167
f 1165 1161 1163
f 1168 1165 1167
f 1169 1167 1170
f 1169 1168 1167
f 1171 1170 1172
f 1171 1169 1170
f 1173 1172 1174
f 1173 1171 1172
f 1175 1174 1176
f 1175 1173 1174
f 1177 1176 1178
f 1177 1178 1179
f 1177 1175 1176
f 1180 1177 1179
f 1181 1179 1182
f 1181 1182 1183
f 1181 1180 1179
f 1184 1183 1185
f 1184 1181 1183
f 1186 1184 1185
f 1187 1185 1188
f 1187 1188 1189
f 1187 1186 1185
f 1190 1189 1191
f 1190 1187 1189
f 1192 1190 1191
f 1193 1191 1194
f 1193 1192 1191
f 1195 1194 1196
f 1195 1193 1194
f 1197 1196 1198
f 1197 1198 1199
f 1197 1195 1196
f 1200 1197 1199
f 1201 1199 1202
f 1201 1200 1199
f 1203 1202 1204
f 1203 1201 1202
f 1205 1204 1206
f 1205 1206 1207
f 1205 1203 1204
f 1208 1205 1207
f 1209 1208 1207
f 1209 1207 1210
f 1211 1210 1212
f 1211 1209 1210
f 1213 1212 1214
f 1213 1211 1212
f 1215 1214 1216
f 1215 1213 1214
f 1217 1216 1218
f 1217 1218 1219
f 1217 1215 1216
f 1220 1217 1219
f 1221 1219 1222
f 1221 1220 1219
f 1223 1222 1224
f 1223 1221 1222
f 1160 1224 1159
f 1160 1223 1224
f 1164 1225 1162
f 1164 1226 1225
f 1227 1228 1229
f 1227 1230 1228
f 1231 1229 1232
f 1231 1232 1233
f 1231 1227 1229
f 1234 1231 1233
f 1235 1233 1236
f 1235 1234 1233
f 1237 1236 1238
f 1237 1238 1239
f 1237 1235 1236
f 1240 1237 1239
f 1241 1239 1242
f 1241 1240 1239
f 1243 1242 1244
f 1243 1244 1245
f 1243 1241 1242
f 1246 1243 1245
f 1247 1246 1245
f 1247 1245 1248
f 1249 1247 1248
f 1249 1248 1250
f 1251 1250 1252
f 1251 1249 1250
f 1253 1252 1254
f 1253 1251 1252
f 1255 1254 1256
f 1255 1256 1257
f 1255 1253 1254
f 1258 1255 1257
f 1259 1257 1260
f 1259 1258 1257
f 1261 1260 1262
f 1261 1259 1260
f 1263 1262 1264
f 1263 1264 1265
f 1263 1261 1262
f 1266 1263 1265
f 1267 1265 1268
f 1267 1266 1265
f 1269 1268 1270
f 1269 1267 1268
f 1271 1270 1272
f 1271 1269 1270
f 1273 1272 1274
f 1273 1274 1275
f 1273 1271 1272
f 1276 1273 1275
f 1277 1275 1278
f 1277 1276 1275
f 1279 1278 1280
f 1279 1280 1281
f 1279 1277 1278
f 1282 1279 1281
f 1283 1281 1284
f 1283 1282 1281
f 1226 1284 1225
f 1226 1283 1284
f 1230 1285 1228
f 1228 1285 1286
f 1285 1287 1286
f 1286 1287 1288
f 1287 1289 1288
f 1288 1289 1290
f 1289 1291 1290
f 1290 1291 1292
f 1291 1293 1292
f 1292 1293 1294
f 1293 1295 1294
f 1294 1295 1296
f 1295 1297 1296
f 1296 1297 1298
f 1297 1299 1298
f 1298 1299 1300
f 1299 1301 1300
f 1300 1301 1302
f 1301 1303 1302
f 1302 1303 1304
f 1303 1305 1304
f 1304 1305 1306
f 1305 1307 1306
f 1306 1307 1308
f 1307 1309 1308
f 1308 1309 1310
f 1310 1311 1312
f 1309 1311 1310
f 1312 1313 1314
f 1311 1313 1312
f 1314 1315 1316
f 1313 1315 1314
f 1316 1317 1318
f 1315 1317 1316
f 1318 1319 1320
f 1317 1319 1318
f 1320 1321 1322
f 1319 1321 1320
f 1322 1323 1324
f 1321 1323 1322
f 1323 1325 1324
f 1324 1325 1326
f 1325 1327 1326
f 1326 1327 1328
f 1327 1329 1328
f 1328 1329 1330
f 1329 1331 1330
f 1330 1331 1332
f 1331 1333 1332
f 1332 1333 1334
f 1333 1335 1334
f 1334 1335 1336
f 1335 1337 1336
f 1336 1337 1338
f 1337 1339 1338
f 1338 1339 1340
f 1339 1341 1340
f 1340 1341 1342
f 1341 1343 1342
f 1342 1343 1344
f 1343 1345 1344
f 1344 1345 1346
f 1345 1347 1346
f 1346 1347 1348
f 1347 1349 1348
f 1348 1349 1350
f 1349 1351 1350
f 1350 1351 1352
f 1351 1353 1352
f 1352 1353 1354
f 1353 1355 1354
f 1354 1355 1356
f 1355 1357 1356
f 1356 1357 1358
f 1357 1359 1358
f 1358 1359 1360
f 1359 1361 1360
f 1360 1361 1362
f 1361 1363 1362
f 1362 1363 1364
f 1364 1363 1365
f 1363 1366 1365
f 1365 1367 1368
f 1366 1367 1365
f 1368 1369 1370
f 1367 1369 1368
f 1370 1371 1372
f 1369 1371 1370
f 1372 1373 1374
f 1374 1373 1375
f 1371 1373 1372
f 1375 1376 1377
f 1373 1376 1375
f 1376 1378 1377
f 1377 1379 1380
f 1380 1379 1381
f 1378 1379 1377
f 1379 1382 1381
f 1381 1383 1384
f 1382 1383 1381
f 1384 1385 1386
f 1383 1385 1384
f 1386 1387 1388
f 1388 1387 1389
f 1385 1387 1386
f 1387 1390 1389
f 1389 1390 1391
f 1391 1392 1393
f 1390 1392 1391
f 1392 1394 1393
f 1393 1395 1396
f 1396 1395 1397
f 1394 1395 1393
f 1395 1398 1397
f 1399 1400 1401
f 1399 1401 1402
f 1399 1403 1400
f 1404 1399 1402
f 1405 1402 1406
f 1405 1406 1407
f 1405 1404 1402
f 1408 1405 1407
f 1409 1407 1410
f 1409 1408 1407
f 1411 1410 1412
f 1411 1412 1413
f 1411 1409 1410
f 1414 1411 1413
f 1415 1413 1416
f 1415 1414 1413
f 1417 1415 1416
f 1417 1416 1418
f 1419 1417 1418
f 1419 1418 1420
f 1421 1419 1420
f 1421 1420 1422
f 1423 1422 1424
f 1423 1421 1422
f 1425 1424 1426
f 1425 1423 1424
f 1427 1426 1428
f 1427 1425 1426
f 1429 1428 1430
f 1429 1427 1428
f 1431 1430 1432
f 1431 1429 1430
f 1433 1432 1434
f 1433 1431 1432
f 1435 1434 1436
f 1435 1433 1434
f 1437 1436 1438
f 1437 1435 1436
f 1439 1438 1440
f 1439 1437 1438
f 1441 1440 1442
f 1441 1439 1440
f 1443 1442 1444
f 1443 1441 1442
f 1445 1444 1446
f 1445 1443 1444
f 1447 1446 1448
f 1447 1445 1446
f 1449 1448 1450
f 1449 1447 1448
f 1451 1450 1452
f 1451 1449 1450
f 1453 1452 1454
f 1453 1451 1452
f 1455 1454 1456
f 1455 1456 1397
f 1455 1453 1454
f 1398 1455 1397
f 1403 1457 1400
f 1403 1458 1457
f 1459 1027 1460
f 1459 1025 1027
f 1461 1460 1462
f 1461 1462 1463
f 1461 1459 1460
f 1464 1461 1463
f 1465 1463 1466
f 1465 1464 1463
f 1467 1466 1468
f 1467 1465 1466
f 1469 1468 1470
f 1469 1467 1468
f 1471 1470 1472
f 1471 1469 1470
f 1473 1472 1474
f 1473 1474 1475
f 1473 1471 1472
f 1476 1473 1475
f 1477 1475 1478
f 1477 1478 1479
f 1477 1476 1475
f 1480 1479 1481
f 1480 1477 1479
f 1482 1480 1481
f 1483 1481 1484
f 1483 1484 1485
f 1483 1482 1481
f 1486 1485 1487
f 1486 1483 1485
f 1488 1486 1487
f 1489 1487 1490
f 1489 1488 1487
f 1491 1490 1492
f 1491 1489 1490
f 1493 1492 1494
f 1493 1494 1495
f 1493 1491 1492
f 1496 1493 1495
f 1497 1495 1498
f 1497 1496 1495
f 1499 1498 1500
f 1499 1497 1498
f 1501 1500 1502
f 1501 1502 1503
f 1501 1499 1500
f 1504 1501 1503
f 1505 1504 1503
f 1505 1503 1506
f 1507 1506 1508
f 1507 1505 1506
f 1509 1508 1510
f 1509 1507 1508
f 1511 1510 1512
f 1511 1509 1510
f 1513 1512 1514
f 1513 1514 1515
f 1513 1511 1512
f 1516 1513 1515
f 1517 1515 1518
f 1517 1516 1515
f 1519 1518 1520
f 1519 1517 1518
f 1458 1520 1457
f 1458 1519 1520
f 1496 1491 1493
f 1483 1486 1488
f 1483 1488 1489
f 1483 1489 1491
f 1497 1491 1496
f 1480 1482 1483
f 1504 1499 1501
f 1505 1499 1504
f 1473 1476 1477
f 1473 1477 1480
f 1473 1480 1483
f 1469 1471 1473
f 1509 1497 1499
f 1509 1505 1507
f 1509 1499 1505
f 1509 1491 1497
f 1464 1465 1467
f 1464 1467 1469
f 1516 1509 1511
f 1516 1511 1513
f 1516 1491 1509
f 1461 1469 1473
f 1461 1464 1469
f 1519 1516 1517
f 1459 1461 1473
f 1459 1483 1491
f 1459 1473 1483
f 1459 1491 1516
f 1025 1459 1516
f 1025 1519 1458
f 1025 1516 1519
f 1403 1025 1458
f 1398 1403 1399
f 1398 1399 1404
f 1398 1404 1405
f 1398 1405 1408
f 1398 1408 1409
f 1398 1409 1411
f 1398 1411 1414
f 1398 1414 1415
f 1398 1415 1417
f 1398 1417 1419
f 1398 1419 1421
f 1398 1421 1423
f 1398 1423 1425
f 1398 1425 1427
f 1398 1427 1429
f 1398 1429 1431
f 1398 1431 1433
f 1398 1433 1435
f 1398 1435 1437
f 1398 1437 1439
f 1398 1439 1441
f 1398 1441 1443
f 1398 1443 1445
f 1398 1445 1447
f 1398 1447 1449
f 1398 1449 1451
f 1398 1451 1453
f 1398 1453 1455
f 1395 1025 1403
f 1395 1403 1398
f 1394 1025 1395
f 1392 1025 1394
f 1390 1025 1392
f 1387 1025 1390
f 1385 1025 1387
f 1383 1025 1385
f 1382 1025 1383
f 1028 1382 1379
f 1028 1379 1378
f 1028 1378 1376
f 1028 1376 1373
f 1028 1373 1371
f 1028 1371 1369
f 1028 1025 1382
f 1089 1091 1028
f 1367 1028 1369
f 1081 1089 1028
f 1081 1083 1085
f 1081 1085 1088
f 1081 1088 1089
f 1079 1081 1028
f 1077 1079 1028
f 1076 1077 1028
f 1073 1076 1028
f 1071 1073 1028
f 1069 1071 1028
f 1065 1069 1028
f 1065 1068 1069
f 1061 1063 1065
f 1061 1065 1028
f 1060 1061 1028
f 1055 1058 1060
f 1049 1052 1054
f 1049 1054 1055
f 1049 1055 1060
f 1048 1060 1028
f 1048 1049 1060
f 1043 1045 1048
f 1043 1048 1028
f 1039 1041 1043
f 1039 1043 1028
f 1036 1037 1039
f 1036 1039 1028
f 1029 1033 1036
f 1032 1028 1367
f 1032 1036 1028
f 1032 1029 1036
f 1032 1367 1366
f 1032 1366 1363
f 1032 1363 1361
f 1032 1361 1359
f 1357 1032 1359
f 1355 1032 1357
f 1353 1032 1355
f 1351 1032 1353
f 1349 1032 1351
f 1347 1032 1349
f 1345 1032 1347
f 1343 1032 1345
f 1341 1032 1343
f 1258 1253 1255
f 1247 1249 1251
f 1247 1251 1253
f 1246 1247 1253
f 1261 1258 1259
f 1261 1246 1253
f 1261 1253 1258
f 1243 1246 1261
f 1263 1243 1261
f 1241 1243 1263
f 1266 1241 1263
f 1237 1241 1266
f 1237 1240 1241
f 1234 1237 1266
f 1234 1235 1237
f 1234 1266 1267
f 1231 1234 1267
f 1276 1271 1273
f 1277 1269 1271
f 1277 1271 1276
f 1230 1227 1231
f 1230 1267 1269
f 1230 1231 1267
f 1230 1269 1277
f 1226 1277 1279
f 1226 1279 1282
f 1226 1282 1283
f 1226 1230 1277
f 1285 1230 1226
f 1165 1164 1161
f 1171 1165 1168
f 1171 1168 1169
f 1173 1164 1165
f 1173 1165 1171
f 1180 1173 1175
f 1180 1175 1177
f 1180 1164 1173
f 1184 1180 1181
f 1187 1164 1180
f 1187 1180 1184
f 1187 1184 1186
f 1193 1187 1190
f 1193 1190 1192
f 1195 1164 1187
f 1195 1187 1193
f 1201 1195 1197
f 1201 1197 1200
f 1205 1195 1201
f 1205 1201 1203
f 1205 1164 1195
f 1213 1208 1209
f 1213 1209 1211
f 1215 1208 1213
f 1215 1205 1208
f 1217 1205 1215
f 1220 1205 1217
f 1223 1220 1221
f 1160 1299 1297
f 1160 1297 1295
f 1160 1295 1293
f 1160 1293 1291
f 1160 1285 1226
f 1160 1291 1289
f 1160 1289 1287
f 1160 1287 1285
f 1160 1226 1164
f 1160 1164 1205
f 1160 1205 1220
f 1160 1220 1223
f 1094 1321 1319
f 1094 1319 1317
f 1094 1317 1315
f 1094 1315 1313
f 1094 1341 1339
f 1094 1339 1337
f 1094 1337 1335
f 1094 1335 1333
f 1094 1333 1331
f 1094 1032 1341
f 1094 1331 1329
f 1094 1329 1327
f 1094 1327 1325
f 1094 1325 1323
f 1094 1323 1321
f 1098 1313 1311
f 1098 1311 1309
f 1098 1309 1307
f 1098 1307 1305
f 1098 1305 1303
f 1098 1303 1301
f 1098 1301 1299
f 1098 1299 1160
f 1098 1094 1313
f 1155 1157 1094
f 1154 1094 1098
f 1154 1155 1094
f 1105 1099 1102
f 1105 1102 1103
f 1149 1151 1154
f 1149 1098 1095
f 1149 1154 1098
f 1147 1095 1099
f 1147 1149 1095
f 1111 1107 1109
f 1114 1107 1111
f 1114 1105 1107
f 1114 1099 1105
f 1137 1139 1142
f 1137 1142 1143
f 1137 1143 1145
f 1137 1145 1147
f 1120 1115 1118
f 1121 1115 1120
f 1134 1135 1137
f 1134 1137 1147
f 1124 1115 1121
f 1131 1134 1147
f 1126 1115 1124
f 1127 1147 1099
f 1127 1099 1114
f 1127 1131 1147
f 1127 1115 1126
f 1127 1114 1115
f 1127 1129 1131
f 1492 1495 1494
f 1485 1484 1487
f 1487 1484 1490
f 1490 1484 1492
f 1492 1498 1495
f 1481 1479 1484
f 1500 1503 1502
f 1500 1506 1503
f 1475 1474 1478
f 1478 1474 1479
f 1479 1474 1484
f 1472 1470 1474
f 1498 1510 1500
f 1506 1510 1508
f 1492 1510 1498
f 1500 1510 1506
f 1466 1463 1468
f 1468 1463 1470
f 1510 1515 1512
f 1512 1515 1514
f 1492 1515 1510
f 1470 1462 1474
f 1463 1462 1470
f 1462 1460 1474
f 1484 1460 1492
f 1474 1460 1484
f 1492 1460 1515
f 1515 1457 1518
f 1518 1457 1520
f 1460 1457 1515
f 1460 1027 1457
f 1027 1400 1457
f 1400 1397 1401
f 1401 1397 1402
f 1402 1397 1406
f 1406 1397 1407
f 1407 1397 1410
f 1410 1397 1412
f 1412 1397 1413
f 1413 1397 1416
f 1416 1397 1418
f 1418 1397 1420
f 1420 1397 1422
f 1422 1397 1424
f 1424 1397 1426
f 1426 1397 1428
f 1428 1397 1430
f 1430 1397 1432
f 1432 1397 1434
f 1434 1397 1436
f 1436 1397 1438
f 1438 1397 1440
f 1440 1397 1442
f 1442 1397 1444
f 1444 1397 1446
f 1446 1397 1448
f 1448 1397 1450
f 1450 1397 1452
f 1452 1397 1454
f 1454 1397 1456
f 1027 1396 1400
f 1400 1396 1397
f 1027 1393 1396
f 1027 1391 1393
f 1027 1389 1391
f 1027 1388 1389
f 1027 1386 1388
f 1027 1384 1386
f 1027 1381 1384
f 1372 1026 1370
f 1374 1026 1372
f 1375 1026 1374
f 1377 1026 1375
f 1380 1026 1377
f 1381 1026 1380
f 1027 1026 1381
f 1092 1090 1026
f 1026 1368 1370
f 1090 1082 1026
f 1084 1082 1086
f 1086 1082 1087
f 1087 1082 1090
f 1082 1080 1026
f 1080 1078 1026
f 1078 1075 1026
f 1075 1074 1026
f 1074 1072 1026
f 1072 1070 1026
f 1067 1066 1070
f 1070 1066 1026
f 1066 1062 1026
f 1064 1062 1066
f 1062 1059 1026
f 1057 1056 1059
f 1056 1050 1059
f 1051 1050 1053
f 1053 1050 1056
f 1059 1047 1026
f 1050 1047 1059
f 1047 1044 1026
f 1046 1044 1047
f 1044 1040 1026
f 1042 1040 1044
f 1040 1035 1026
f 1038 1035 1040
f 1034 1031 1035
f 1035 1030 1026
f 1362 1030 1360
f 1364 1030 1362
f 1365 1030 1364
f 1368 1030 1365
f 1031 1030 1035
f 1026 1030 1368
f 1030 1358 1360
f 1030 1356 1358
f 1030 1354 1356
f 1030 1352 1354
f 1030 1350 1352
f 1030 1348 1350
f 1030 1346 1348
f 1030 1344 1346
f 1030 1342 1344
f 1254 1257 1256
f 1250 1248 1252
f 1252 1248 1254
f 1248 1245 1254
f 1257 1262 1260
f 1245 1262 1254
f 1254 1262 1257
f 1245 1244 1262
f 1244 1264 1262
f 1244 1242 1264
f 1242 1265 1264
f 1242 1238 1265
f 1239 1238 1242
f 1265 1233 1268
f 1238 1233 1265
f 1236 1233 1238
f 1233 1232 1268
f 1272 1275 1274
f 1270 1278 1272
f 1272 1278 1275
f 1268 1228 1270
f 1270 1228 1278
f 1232 1228 1268
f 1229 1228 1232
f 1278 1225 1280
f 1280 1225 1281
f 1281 1225 1284
f 1228 1225 1278
f 1228 1286 1225
f 1162 1166 1163
f 1166 1172 1167
f 1167 1172 1170
f 1166 1174 1172
f 1162 1174 1166
f 1174 1179 1176
f 1176 1179 1178
f 1162 1179 1174
f 1179 1183 1182
f 1183 1188 1185
f 1179 1188 1183
f 1162 1188 1179
f 1188 1194 1189
f 1189 1194 1191
f 1162 1196 1188
f 1188 1196 1194
f 1196 1202 1198
f 1198 1202 1199
f 1196 1206 1202
f 1162 1206 1196
f 1202 1206 1204
f 1207 1214 1210
f 1210 1214 1212
f 1206 1216 1207
f 1207 1216 1214
f 1206 1218 1216
f 1206 1219 1218
f 1219 1224 1222
f 1162 1159 1206
f 1225 1159 1162
f 1288 1159 1286
f 1290 1159 1288
f 1292 1159 1290
f 1294 1159 1292
f 1296 1159 1294
f 1298 1159 1296
f 1300 1159 1298
f 1206 1159 1219
f 1286 1159 1225
f 1219 1159 1224
f 1316 1093 1314
f 1318 1093 1316
f 1320 1093 1318
f 1322 1093 1320
f 1324 1093 1322
f 1326 1093 1324
f 1328 1093 1326
f 1330 1093 1328
f 1332 1093 1330
f 1334 1093 1332
f 1336 1093 1334
f 1338 1093 1336
f 1340 1093 1338
f 1342 1093 1340
f 1030 1093 1342
f 1093 1096 1314
f 1300 1096 1159
f 1302 1096 1300
f 1304 1096 1302
f 1306 1096 1304
f 1308 1096 1306
f 1310 1096 1308
f 1312 1096 1310
f 1314 1096 1312
f 1158 1156 1093
f 1093 1153 1096
f 1156 1153 1093
f 1100 1106 1101
f 1101 1106 1104
f 1096 1150 1097
f 1152 1150 1153
f 1153 1150 1096
f 1097 1148 1100
f 1150 1148 1097
f 1108 1112 1110
f 1108 1113 1112
f 1106 1113 1108
f 1100 1113 1106
f 1140 1138 1141
f 1141 1138 1144
f 1144 1138 1146
f 1146 1138 1148
f 1116 1119 1117
f 1116 1122 1119
f 1138 1133 1148
f 1136 1133 1138
f 1116 1123 1122
f 1133 1132 1148
f 1116 1125 1123
f 1148 1128 1100
f 1100 1128 1113
f 1132 1128 1148
f 1116 1128 1125
f 1113 1128 1116
f 1130 1128 1132
f 1521 1522 1523
f 1523 1522 1524
f 1525 1526 1521
f 1521 1526 1522
f 1527 1528 1525
f 1525 1528 1526
f 1529 1530 1527
f 1527 1530 1528
f 1531 1532 1529
f 1533 1532 1531
f 1529 1532 1530
f 1533 1534 1532
f 1535 1536 1533
f 1533 1536 1534
f 1537 1538 1535
f 1535 1538 1536
f 1539 1540 1537
f 1541 1540 1539
f 1537 1540 1538
f 1541 1542 1540
f 1543 1544 1541
f 1541 1544 1542
f 1545 1546 1543
f 1547 1546 1545
f 1543 1546 1544
f 1547 1548 1546
f 1549 1550 1547
f 1547 1550 1548
f 1551 1552 1549
f 1549 1552 1550
f 1553 1554 1551
f 1551 1554 1552
f 1555 1556 1553
f 1553 1556 1554
f 1557 1558 1555
f 1555 1558 1556
f 1559 1560 1557
f 1557 1560 1558
f 1561 1562 1559
f 1559 1562 1560
f 1563 1564 1561
f 1565 1564 1563
f 1561 1564 1562
f 1565 1566 1564
f 1567 1568 1565
f 1569 1568 1567
f 1565 1568 1566
f 1569 1570 1568
f 1571 1572 1569
f 1569 1572 1570
f 1573 1574 1571
f 1571 1574 1572
f 1575 1576 1573
f 1573 1576 1574
f 1577 1578 1575
f 1579 1578 1577
f 1575 1578 1576
f 1580 1581 1579
f 1579 1581 1578
f 1580 1582 1581
f 1583 1584 1580
f 1585 1584 1583
f 1580 1584 1582
f 1585 1586 1584
f 1587 1588 1585
f 1589 1588 1587
f 1585 1588 1586
f 1590 1591 1589
f 1589 1591 1588
f 1590 1592 1591
f 1593 1594 1590
f 1590 1594 1592
f 1595 1596 1593
f 1593 1596 1594
f 1597 1598 1595
f 1595 1598 1596
f 1599 1600 1597
f 1597 1600 1598
f 1601 1602 1599
f 1599 1602 1600
f 1603 1604 1601
f 1601 1604 1602
f 1605 1606 1603
f 1607 1606 1605
f 1603 1606 1604
f 1607 1608 1606
f 1609 1610 1607
f 1607 1610 1608
f 1611 1612 1609
f 1609 1612 1610
f 1613 1614 1611
f 1611 1614 1612
f 1615 1616 1613
f 1617 1616 1615
f 1613 1616 1614
f 1618 1619 1617
f 1617 1619 1616
f 1618 1620 1619
f 1621 1622 1618
f 1618 1622 1620
f 1623 1624 1621
f 1621 1624 1622
f 1625 1626 1623
f 1627 1626 1625
f 1623 1626 1624
f 1627 1628 1626
f 1629 1630 1627
f 1627 1630 1628
f 1631 1632 1629
f 1629 1632 1630
f 1633 1634 1631
f 1631 1634 1632
f 1635 1636 1633
f 1637 1636 1635
f 1633 1636 1634
f 1637 1638 1636
f 1639 1640 1637
f 1637 1640 1638
f 1641 1642 1639
f 1639 1642 1640
f 1643 1644 1641
f 1641 1644 1642
f 1645 1646 1643
f 1643 1646 1644
f 1647 1648 1645
f 1645 1648 1646
f 1649 1650 1647
f 1647 1650 1648
f 1651 1652 1649
f 1649 1652 1650
f 1653 1654 1651
f 1655 1654 1653
f 1651 1654 1652
f 1655 1656 1654
f 1657 1658 1655
f 1655 1658 1656
f 1657 1659 1658
f 1660 1659 1657
f 1660 1661 1659
f 1662 1661 1660
f 1663 1664 1662
f 1662 1664 1661
f 1663 1665 1664
f 1666 1665 1663
f 1667 1665 1666
f 1667 1668 1665
f 1669 1670 1667
f 1667 1670 1668
f 1669 1671 1670
f 1672 1671 1669
f 1672 1673 1671
f 1674 1673 1672
f 1674 1675 1673
f 1676 1675 1674
f 1677 1675 1676
f 1677 1678 1675
f 1677 1679 1678
f 1680 1679 1677
f 1680 1681 1679
f 1682 1681 1680
f 1682 1683 1681
f 1684 1683 1682
f 1684 1685 1683
f 1686 1685 1684
f 1686 1687 1685
f 1688 1687 1686
f 1688 1689 1687
f 1690 1689 1688
f 1690 1691 1689
f 1692 1691 1690
f 1692 1693 1691
f 1694 1693 1692
f 1694 1695 1693
f 1696 1695 1694
f 1696 1697 1695
f 1698 1697 1696
f 1698 1699 1697
f 1700 1699 1698
f 1700 1701 1699
f 1702 1701 1700
f 1702 1703 1701
f 1704 1703 1702
f 1705 1703 1704
f 1705 1706 1703
f 1705 1707 1706
f 1708 1707 1705
f 1709 1710 1708
f 1711 1710 1709
f 1708 1710 1707
f 1711 1712 1710
f 1713 1712 1711
f 1713 1714 1712
f 1713 1715 1714
f 1716 1715 1713
f 1716 1717 1715
f 1718 1717 1716
f 1719 1717 1718
f 1719 1720 1717
f 1721 1722 1719
f 1719 1722 1720
f 1723 1724 1721
f 1721 1724 1722
f 1725 1726 1723
f 1723 1726 1724
f 1727 1728 1725
f 1725 1728 1726
f 1729 1730 1727
f 1727 1730 1728
f 1731 1732 1729
f 1729 1732 1730
f 1733 1734 1731
f 1735 1734 1733
f 1731 1734 1732
f 1735 1736 1734
f 1737 1738 1735
f 1735 1738 1736
f 1739 1740 1737
f 1737 1740 1738
f 1739 1741 1740
f 1742 1741 1739
f 1743 1744 1742
f 1742 1744 1741
f 1743 1745 1744
f 1746 1745 1743
f 1747 1748 1746
f 1746 1748 1745
f 1749 1750 1747
f 1747 1750 1748
f 1751 1752 1749
f 1749 1752 1750
f 1753 1754 1751
f 1751 1754 1752
f 1755 1756 1753
f 1753 1756 1754
f 1755 1757 1756
f 1758 1757 1755
f 1759 1760 1758
f 1758 1760 1757
f 1759 1761 1760
f 1762 1761 1759
f 1762 1763 1761
f 1764 1763 1762
f 1764 1765 1763
f 1766 1765 1764
f 1766 1767 1765
f 1768 1767 1766
f 1768 1769 1767
f 1770 1769 1768
f 1770 1771 1769
f 1772 1771 1770
f 1773 1771 1772
f 1773 1774 1771
f 1775 1776 1773
f 1773 1776 1774
f 1775 1777 1776
f 1778 1777 1775
f 1779 1777 1778
f 1779 1780 1777
f 1781 1782 1779
f 1779 1782 1780
f 1783 1784 1781
f 1781 1784 1782
f 1783 1785 1784
f 1786 1785 1783
f 1786 1787 1785
f 1788 1787 1786
f 1788 1789 1787
f 1790 1789 1788
f 1790 1791 1789
f 1792 1791 1790
f 1792 1793 1791
f 1794 1793 1792
f 1794 1795 1793
f 1796 1795 1794
f 1796 1797 1795
f 1798 1797 1796
f 1798 1799 1797
f 1800 1799 1798
f 1800 1801 1799
f 1802 1801 1800
f 1803 1804 1802
f 1802 1804 1801
f 1805 1806 1803
f 1803 1806 1804
f 1807 1808 1805
f 1805 1808 1806
f 1809 1810 1807
f 1811 1810 1809
f 1807 1810 1808
f 1811 1812 1810
f 1813 1814 1811
f 1811 1814 1812
f 1815 1816 1813
f 1813 1816 1814
f 1817 1818 1815
f 1815 1818 1816
f 1819 1820 1817
f 1817 1820 1818
f 1821 1822 1819
f 1819 1822 1820
f 1823 1824 1821
f 1821 1824 1822
f 1825 1826 1823
f 1823 1826 1824
f 1827 1828 1825
f 1825 1828 1826
f 1829 1830 1827
f 1827 1830 1828
f 1831 1832 1829
f 1829 1832 1830
f 1833 1834 1831
f 1831 1834 1832
f 1835 1836 1833
f 1837 1836 1835
f 1833 1836 1834
f 1837 1838 1836
f 1839 1840 1837
f 1837 1840 1838
f 1841 1842 1839
f 1839 1842 1840
f 1843 1844 1841
f 1841 1844 1842
f 1845 1846 1843
f 1847 1846 1845
f 1843 1846 1844
f 1847 1848 1846
f 1849 1850 1847
f 1847 1850 1848
f 1851 1852 1849
f 1849 1852 1850
f 1523 1524 1851
f 1851 1524 1852
f 1852 1524 1522
f 1850 1522 1526
f 1850 1852 1522
f 1848 1526 1528
f 1848 1850 1526
f 1846 1528 1530
f 1846 1848 1528
f 1844 1530 1532
f 1844 1846 1530
f 1842 1532 1534
f 1842 1844 1532
f 1840 1534 1536
f 1840 1842 1534
f 1838 1536 1538
f 1838 1840 1536
f 1836 1538 1540
f 1836 1838 1538
f 1834 1540 1542
f 1834 1836 1540
f 1832 1542 1544
f 1832 1834 1542
f 1830 1544 1546
f 1830 1546 1548
f 1830 1832 1544
f 1828 1548 1550
f 1828 1830 1548
f 1826 1550 1552
f 1826 1828 1550
f 1824 1552 1554
f 1824 1826 1552
f 1822 1554 1556
f 1822 1824 1554
f 1820 1556 1558
f 1820 1558 1560
f 1820 1822 1556
f 1818 1560 1562
f 1818 1820 1560
f 1816 1562 1564
f 1816 1564 1566
f 1816 1818 1562
f 1814 1566 1568
f 1814 1816 1566
f 1812 1814 1568
f 1812 1568 1570
f 1812 1570 1572
f 1810 1572 1574
f 1810 1812 1572
f 1808 1810 1574
f 1808 1574 1576
f 1806 1808 1576
f 1806 1576 1578
f 1806 1578 1581
f 1804 1806 1581
f 1801 1804 1581
f 1801 1581 1582
f 1799 1801 1582
f 1799 1582 1584
f 1797 1799 1584
f 1797 1584 1586
f 1795 1586 1588
f 1795 1797 1586
f 1793 1588 1591
f 1793 1795 1588
f 1791 1793 1591
f 1791 1591 1592
f 1789 1592 1594
f 1789 1791 1592
f 1787 1594 1596
f 1787 1789 1594
f 1785 1596 1598
f 1785 1787 1596
f 1784 1598 1600
f 1784 1785 1598
f 1782 1600 1602
f 1782 1784 1600
f 1780 1602 1604
f 1780 1782 1602
f 1777 1604 1606
f 1777 1780 1604
f 1776 1606 1608
f 1776 1777 1606
f 1774 1608 1610
f 1774 1776 1608
f 1771 1610 1612
f 1771 1774 1610
f 1769 1612 1614
f 1769 1771 1612
f 1767 1614 1616
f 1767 1769 1614
f 1765 1767 1616
f 1765 1616 1619
f 1763 1765 1619
f 1763 1619 1620
f 1761 1763 1620
f 1761 1620 1622
f 1760 1761 1622
f 1760 1622 1624
f 1757 1760 1624
f 1757 1624 1626
f 1687 1683 1685
f 1756 1757 1626
f 1756 1626 1628
f 1689 1683 1687
f 1689 1681 1683
f 1754 1756 1628
f 1754 1628 1630
f 1691 1681 1689
f 1691 1679 1681
f 1693 1679 1691
f 1693 1678 1679
f 1752 1754 1630
f 1752 1630 1632
f 1695 1678 1693
f 1695 1675 1678
f 1750 1752 1632
f 1750 1632 1634
f 1697 1675 1695
f 1697 1673 1675
f 1699 1673 1697
f 1699 1671 1673
f 1748 1634 1636
f 1748 1750 1634
f 1701 1671 1699
f 1701 1670 1671
f 1745 1748 1636
f 1745 1636 1638
f 1703 1670 1701
f 1703 1668 1670
f 1706 1668 1703
f 1744 1638 1640
f 1744 1745 1638
f 1707 1668 1706
f 1707 1665 1668
f 1741 1640 1642
f 1741 1744 1640
f 1710 1665 1707
f 1710 1664 1665
f 1712 1664 1710
f 1712 1661 1664
f 1740 1642 1644
f 1740 1741 1642
f 1714 1661 1712
f 1714 1659 1661
f 1738 1740 1644
f 1715 1659 1714
f 1736 1644 1646
f 1736 1738 1644
f 1717 1658 1659
f 1717 1659 1715
f 1734 1646 1648
f 1734 1736 1646
f 1720 1656 1658
f 1720 1658 1717
f 1732 1734 1648
f 1722 1656 1720
f 1722 1654 1656
f 1730 1648 1650
f 1730 1732 1648
f 1724 1654 1722
f 1724 1652 1654
f 1728 1650 1652
f 1728 1730 1650
f 1726 1652 1724
f 1726 1728 1652
f 1523 1851 1521
f 1521 1849 1525
f 1851 1849 1521
f 1525 1847 1527
f 1849 1847 1525
f 1527 1845 1529
f 1847 1845 1527
f 1529 1843 1531
f 1845 1843 1529
f 1531 1841 1533
f 1843 1841 1531
f 1533 1839 1535
f 1841 1839 1533
f 1535 1837 1537
f 1839 1837 1535
f 1537 1835 1539
f 1837 1835 1537
f 1539 1833 1541
f 1835 1833 1539
f 1541 1831 1543
f 1833 1831 1541
f 1543 1829 1545
f 1545 1829 1547
f 1831 1829 1543
f 1547 1827 1549
f 1829 1827 1547
f 1549 1825 1551
f 1827 1825 1549
f 1551 1823 1553
f 1825 1823 1551
f 1553 1821 1555
f 1823 1821 1553
f 1555 1819 1557
f 1557 1819 1559
f 1821 1819 1555
f 1559 1817 1561
f 1819 1817 1559
f 1561 1815 1563
f 1563 1815 1565
f 1817 1815 1561
f 1565 1813 1567
f 1815 1813 1565
f 1813 1811 1567
f 1567 1811 1569
f 1569 1811 1571
f 1571 1809 1573
f 1811 1809 1571
f 1809 1807 1573
f 1573 1807 1575
f 1807 1805 1575
f 1575 1805 1577
f 1577 1805 1579
f 1805 1803 1579
f 1803 1802 1579
f 1579 1802 1580
f 1802 1800 1580
f 1580 1800 1583
f 1800 1798 1583
f 1583 1798 1585
f 1585 1796 1587
f 1798 1796 1585
f 1587 1794 1589
f 1796 1794 1587
f 1794 1792 1589
f 1589 1792 1590
f 1590 1790 1593
f 1792 1790 1590
f 1593 1788 1595
f 1790 1788 1593
f 1595 1786 1597
f 1788 1786 1595
f 1597 1783 1599
f 1786 1783 1597
f 1599 1781 1601
f 1783 1781 1599
f 1601 1779 1603
f 1781 1779 1601
f 1603 1778 1605
f 1779 1778 1603
f 1605 1775 1607
f 1778 1775 1605
f 1607 1773 1609
f 1775 1773 1607
f 1609 1772 1611
f 1773 1772 1609
f 1611 1770 1613
f 1772 1770 1611
f 1613 1768 1615
f 1770 1768 1613
f 1768 1766 1615
f 1615 1766 1617
f 1766 1764 1617
f 1617 1764 1618
f 1764 1762 1618
f 1618 1762 1621
f 1762 1759 1621
f 1621 1759 1623
f 1759 1758 1623
f 1623 1758 1625
f 1684 1688 1686
f 1758 1755 1625
f 1625 1755 1627
f 1684 1690 1688
f 1682 1690 1684
f 1755 1753 1627
f 1627 1753 1629
f 1682 1692 1690
f 1680 1692 1682
f 1680 1694 1692
f 1677 1694 1680
f 1753 1751 1629
f 1629 1751 1631
f 1677 1696 1694
f 1676 1696 1677
f 1751 1749 1631
f 1631 1749 1633
f 1676 1698 1696
f 1674 1698 1676
f 1674 1700 1698
f 1672 1700 1674
f 1633 1747 1635
f 1749 1747 1633
f 1672 1702 1700
f 1669 1702 1672
f 1747 1746 1635
f 1635 1746 1637
f 1669 1704 1702
f 1667 1704 1669
f 1667 1705 1704
f 1637 1743 1639
f 1746 1743 1637
f 1667 1708 1705
f 1666 1708 1667
f 1639 1742 1641
f 1743 1742 1639
f 1666 1709 1708
f 1663 1709 1666
f 1663 1711 1709
f 1662 1711 1663
f 1641 1739 1643
f 1742 1739 1641
f 1662 1713 1711
f 1660 1713 1662
f 1739 1737 1643
f 1660 1716 1713
f 1643 1735 1645
f 1737 1735 1643
f 1657 1718 1660
f 1660 1718 1716
f 1645 1733 1647
f 1735 1733 1645
f 1655 1719 1657
f 1657 1719 1718
f 1733 1731 1647
f 1655 1721 1719
f 1653 1721 1655
f 1647 1729 1649
f 1731 1729 1647
f 1653 1723 1721
f 1651 1723 1653
f 1649 1727 1651
f 1729 1727 1649
f 1651 1725 1723
f 1727 1725 1651
f 1853 1854 1855
f 1853 1856 1854
f 1857 1855 1858
f 1857 1853 1855
f 1859 1860 1856
f 1859 1856 1853
f 1861 1858 1862
f 1861 1857 1858
f 1863 1864 1860
f 1863 1865 1864
f 1863 1860 1859
f 1866 1867 1868
f 1866 1862 1867
f 1866 1861 1862
f 1869 1870 1865
f 1869 1865 1863
f 1871 1868 1872
f 1871 1866 1868
f 1873 1874 1870
f 1873 1875 1874
f 1873 1870 1869
f 1876 1872 1877
f 1876 1871 1872
f 1878 1875 1873
f 1878 1879 1875
f 1880 1877 1881
f 1880 1876 1877
f 1882 1879 1878
f 1882 1883 1879
f 1882 1884 1883
f 1885 1886 1887
f 1885 1881 1886
f 1885 1880 1881
f 1888 1889 1884
f 1888 1884 1882
f 1890 1885 1887
f 1890 1887 1891
f 1892 1893 1889
f 1892 1894 1893
f 1892 1889 1888
f 1895 1891 1896
f 1895 1890 1891
f 1897 1894 1892
f 1898 1896 1899
f 1898 1895 1896
f 1900 1894 1897
f 1901 1899 1902
f 1901 1898 1899
f 1903 1894 1900
f 1904 1901 1902
f 1904 1902 1905
f 1906 1894 1903
f 1907 1904 1905
f 1907 1905 1908
f 1909 1894 1906
f 1910 1894 1909
f 1911 1894 1910
f 1912 1894 1911
f 1912 1913 1894
f 1914 1913 1912
f 1915 1913 1914
f 1916 1913 1915
f 1917 1913 1916
f 1918 1913 1917
f 1919 1913 1918
f 1920 1913 1919
f 1921 1922 1913
f 1921 1923 1922
f 1921 1913 1920
f 1924 1925 1923
f 1924 1923 1921
f 1926 1927 1925
f 1926 1928 1927
f 1926 1925 1924
f 1929 1930 1928
f 1929 1928 1926
f 1931 1932 1930
f 1931 1933 1932
f 1931 1930 1929
f 1934 1935 1933
f 1934 1933 1931
f 1936 1937 1935
f 1936 1938 1937
f 1936 1935 1934
f 1939 1940 1938
f 1939 1938 1936
f 1941 1942 1940
f 1941 1943 1942
f 1941 1940 1939
f 1944 1945 1943
f 1944 1943 1941
f 1946 1947 1945
f 1946 1945 1944
f 1948 1949 1947
f 1948 1950 1949
f 1948 1947 1946
f 1951 1950 1948
f 1952 1953 1954
f 1952 1954 1955
f 1955 1954 1956
f 1955 1956 1957
f 1955 1957 1958
f 1955 1958 1959
f 1959 1958 1960
f 1959 1960 1961
f 1959 1961 1962
f 1962 1961 1963
f 1962 1963 1964
f 1962 1964 1965
f 1965 1964 1966
f 1965 1966 1967
f 1965 1967 1968
f 1965 1968 1969
f 1969 1968 1970
f 1969 1970 1971
f 1969 1971 1972
f 1972 1971 1950
f 1972 1950 1973
f 1973 1950 1974
f 1974 1950 1975
f 1975 1950 1976
f 1976 1950 1977
f 1977 1950 1951
f 1978 1979 1980
f 1980 1979 1981
f 1980 1981 1982
f 1982 1981 1908
f 1908 1981 1983
f 1908 1983 1907
f 1984 1912 1911
f 1985 1911 1910
f 1985 1984 1911
f 1986 1910 1909
f 1986 1985 1910
f 1987 1909 1906
f 1987 1986 1909
f 1988 1906 1903
f 1988 1987 1906
f 1989 1903 1900
f 1989 1988 1903
f 1990 1900 1897
f 1990 1989 1900
f 1991 1897 1892
f 1991 1990 1897
f 1992 1892 1888
f 1992 1991 1892
f 1993 1888 1882
f 1993 1992 1888
f 1994 1882 1878
f 1994 1993 1882
f 1995 1994 1878
f 1995 1878 1873
f 1996 1995 1873
f 1996 1873 1869
f 1997 1996 1869
f 1997 1869 1863
f 1998 1997 1863
f 1998 1863 1859
f 1999 1998 1859
f 1999 1859 1853
f 2000 1999 1853
f 2000 1853 1857
f 2001 2000 1857
f 2001 1857 1861
f 2002 2001 1861
f 2002 1861 1866
f 2003 2002 1866
f 2003 1866 1871
f 2004 2003 1871
f 2004 1871 1876
f 2005 2004 1876
f 2005 1876 1880
f 2006 2005 1880
f 2006 1880 1885
f 2007 2006 1885
f 2007 1885 1890
f 2008 1890 1895
f 2008 2007 1890
f 2009 1895 1898
f 2009 2008 1895
f 2010 1898 1901
f 2010 2009 1898
f 2011 1901 1904
f 2011 2010 1901
f 2012 1904 1907
f 2012 2011 1904
f 2013 1907 1983
f 2013 2012 1907
f 2014 1983 1981
f 2014 2013 1983
f 1979 2015 2016
f 2017 1981 1979
f 2017 2014 1981
f 2018 2017 1979
f 2019 2016 2020
f 2019 1979 2016
f 2019 2018 1979
f 2021 2020 2022
f 2021 2019 2020
f 2023 2021 2022
f 2023 2022 2024
f 2025 2023 2024
f 2025 2024 2026
f 2027 2025 2026
f 2027 2026 2028
f 2029 2027 2028
f 2029 2028 2030
f 2031 2029 2030
f 2031 2030 2032
f 2033 2031 2032
f 2033 2032 2034
f 2035 2033 2034
f 2035 2034 2036
f 2037 2035 2036
f 2037 2036 2038
f 2039 2037 2038
f 2039 2038 2040
f 2041 2039 2040
f 2041 2040 2042
f 2043 2041 2042
f 2043 2042 2044
f 2045 2043 2044
f 2045 2044 2046
f 2047 2045 2046
f 2047 2046 2048
f 2049 2047 2048
f 2049 2048 2050
f 2051 2049 2050
f 2051 2050 2052
f 2053 2051 2052
f 2053 2052 2054
f 2055 2053 2054
f 2055 2054 2056
f 2057 2055 2056
f 2057 2056 2058
f 2059 2057 2058
f 2059 2058 2060
f 2061 2059 2060
f 2061 2060 2062
f 2063 2062 2064
f 2063 2061 2062
f 2065 2064 2066
f 2065 2063 2064
f 2067 2066 2068
f 2067 2065 2066
f 2069 2068 2070
f 2069 2067 2068
f 2071 2070 2072
f 2071 2069 2070
f 2073 2072 2074
f 2073 2071 2072
f 2075 2073 2074
f 2075 2074 2076
f 2077 2075 2076
f 2077 2076 2078
f 2079 2077 2078
f 2079 2078 2080
f 2081 2079 2080
f 2081 2080 2082
f 2083 2081 2082
f 2083 2082 2084
f 2085 2083 2084
f 2085 2084 2086
f 2087 2085 2086
f 2087 2086 2088
f 2089 2087 2088
f 2089 2088 2090
f 2091 2089 2090
f 2091 2090 2092
f 2093 2091 2092
f 2093 2092 2094
f 2095 2093 2094
f 2095 2094 2096
f 2097 2095 2096
f 2097 2096 2098
f 2099 2098 2100
f 2099 2097 2098
f 2101 2100 2102
f 2101 2099 2100
f 2103 2102 2104
f 2103 2101 2102
f 2105 2104 2106
f 2105 2103 2104
f 2107 2106 2108
f 2107 2105 2106
f 2109 2108 2110
f 2109 2107 2108
f 2111 2110 2112
f 2111 2109 2110
f 2113 2112 2114
f 2113 2111 2112
f 2115 2114 2116
f 2115 2113 2114
f 2117 2116 2118
f 2117 2115 2116
f 2119 2118 2120
f 2119 2117 2118
f 2121 2120 2122
f 2121 2119 2120
f 2123 2122 2124
f 2123 2121 2122
f 2125 2123 2124
f 2125 2124 2126
f 2127 2125 2126
f 2127 2126 2128
f 2129 2127 2128
f 2129 2128 2130
f 2131 2130 2132
f 2131 2129 2130
f 2133 2131 2132
f 2133 2132 2134
f 2135 2134 2136
f 2135 2133 2134
f 2137 2136 2138
f 2137 2135 2136
f 2139 2138 2140
f 2139 2137 2138
f 1952 2140 2141
f 1952 2139 2140
f 2142 2139 1952
f 2143 1952 1955
f 2143 2142 1952
f 2144 1955 1959
f 2144 2143 1955
f 2145 1959 1962
f 2145 2144 1959
f 2146 1962 1965
f 2146 2145 1962
f 2147 1965 1969
f 2147 2146 1965
f 2148 1969 1972
f 2148 2147 1969
f 2149 1972 1973
f 2149 2148 1972
f 2150 1973 1974
f 2150 2149 1973
f 2151 1974 1975
f 2151 2150 1974
f 2152 1975 1976
f 2152 2151 1975
f 2153 1976 1977
f 2153 2152 1976
f 2154 1977 1951
f 2154 2153 1977
f 2155 1951 1948
f 2155 2154 1951
f 2156 1948 1946
f 2156 2155 1948
f 2157 1946 1944
f 2157 2156 1946
f 2158 1944 1941
f 2158 2157 1944
f 2159 2158 1941
f 2159 1941 1939
f 2160 2159 1939
f 2160 1939 1936
f 2161 2160 1936
f 2161 1936 1934
f 2162 2161 1934
f 2162 1934 1931
f 2163 2162 1931
f 2163 1931 1929
f 2164 2163 1929
f 2164 1929 1926
f 2165 2164 1926
f 2165 1926 1924
f 2166 2165 1924
f 2166 1924 1921
f 2167 2166 1921
f 2167 1921 1920
f 2168 2167 1920
f 2168 1920 1919
f 2169 2168 1919
f 2169 1919 1918
f 2170 2169 1918
f 2170 1918 1917
f 2171 1917 1916
f 2171 2170 1917
f 2172 1916 1915
f 2172 2171 1916
f 2173 1915 1914
f 2173 2172 1915
f 1984 1914 1912
f 1984 2173 1914
f 1998 1999 2000
f 2002 2000 2001
f 1995 1996 1997
f 1995 1997 1998
f 2005 2003 2004
f 1993 1994 1995
f 1993 1998 2000
f 1993 1995 1998
f 2007 2002 2003
f 2007 2005 2006
f 2007 2000 2002
f 2007 2003 2005
f 2007 1993 2000
f 2009 2007 2008
f 2010 2007 2009
f 1989 1990 1991
f 1989 1991 1992
f 1987 1988 1989
f 2013 2010 2011
f 2013 2011 2012
f 2013 2007 2010
f 1984 1985 1986
f 1984 1986 1987
f 1984 1987 1989
f 2018 2013 2014
f 2018 2014 2017
f 2171 1992 1993
f 2171 2172 2173
f 2171 2173 1984
f 2171 1989 1992
f 2171 1984 1989
f 2023 2018 2019
f 2023 2019 2021
f 2023 1993 2007
f 2023 2007 2013
f 2023 2013 2018
f 2168 2169 2170
f 2168 2170 2171
f 2029 2023 2025
f 2029 2025 2027
f 2031 2023 2029
f 2033 1993 2023
f 2033 2171 1993
f 2033 2168 2171
f 2033 2166 2167
f 2033 2023 2031
f 2033 2167 2168
f 2165 2166 2033
f 2035 2165 2033
f 2039 2035 2037
f 2043 2165 2035
f 2043 2035 2039
f 2043 2039 2041
f 2047 2043 2045
f 2157 2158 2159
f 2157 2159 2160
f 2051 2047 2049
f 2051 2043 2047
f 2156 2160 2161
f 2156 2157 2160
f 2053 2163 2164
f 2053 2164 2165
f 2053 2165 2043
f 2053 2043 2051
f 2155 2161 2162
f 2155 2156 2161
f 2057 2053 2055
f 2153 2154 2155
f 2151 2152 2153
f 2151 2162 2163
f 2151 2155 2162
f 2151 2153 2155
f 2065 2059 2061
f 2065 2061 2063
f 2149 2150 2151
f 2149 2163 2053
f 2149 2053 2057
f 2149 2151 2163
f 2067 2057 2059
f 2067 2059 2065
f 2071 2067 2069
f 2075 2071 2073
f 2143 2144 2145
f 2143 2145 2146
f 2079 2071 2075
f 2079 2075 2077
f 2079 2057 2067
f 2079 2067 2071
f 2142 2143 2146
f 2083 2057 2079
f 2083 2079 2081
f 2137 2139 2142
f 2087 2083 2085
f 2129 2131 2133
f 2129 2133 2135
f 2127 2129 2135
f 2095 2148 2149
f 2095 2142 2146
f 2095 2083 2087
f 2095 2057 2083
f 2095 2137 2142
f 2095 2087 2089
f 2095 2089 2091
f 2095 2091 2093
f 2095 2149 2057
f 2095 2135 2137
f 2095 2146 2147
f 2095 2147 2148
f 2125 2127 2135
f 2099 2095 2097
f 2121 2125 2135
f 2121 2123 2125
f 2101 2135 2095
f 2101 2095 2099
f 2119 2121 2135
f 2115 2119 2135
f 2115 2117 2119
f 2113 2115 2135
f 2109 2103 2105
f 2109 2105 2107
f 2111 2135 2101
f 2111 2113 2135
f 2111 2101 2103
f 2111 2103 2109
f 2174 1978 1980
f 2174 2175 1978
f 2176 1980 1982
f 2176 2174 1980
f 2177 1982 1908
f 2177 2176 1982
f 2178 1908 1905
f 2178 2177 1908
f 2179 1905 1902
f 2179 1902 1899
f 2179 2178 1905
f 2180 1899 1896
f 2180 2179 1899
f 2181 2180 1896
f 2182 2181 1896
f 2182 1896 1891
f 2182 1891 1887
f 2183 2182 1887
f 2184 1887 1886
f 2184 2183 1887
f 2185 1886 1881
f 2185 2184 1886
f 2186 1881 1877
f 2186 2185 1881
f 2187 1877 1872
f 2187 2186 1877
f 2188 1872 1868
f 2188 2187 1872
f 2189 1868 1867
f 2189 2188 1868
f 2190 1867 1862
f 2190 1862 1858
f 2190 2189 1867
f 2191 2190 1858
f 2192 1858 1855
f 2192 2191 1858
f 2193 1855 1854
f 2193 1854 1856
f 2193 2192 1855
f 2194 2193 1856
f 2195 1856 1860
f 2195 1860 1864
f 2195 2194 1856
f 2196 2195 1864
f 2197 1864 1865
f 2197 2196 1864
f 2198 1865 1870
f 2198 2197 1865
f 2199 1870 1874
f 2199 2198 1870
f 2200 1874 1875
f 2200 2199 1874
f 2201 1875 1879
f 2201 1879 1883
f 2201 2200 1875
f 2202 1883 1884
f 2202 2201 1883
f 2203 2202 1884
f 2204 1884 1889
f 2204 1889 1893
f 2204 2203 1884
f 2205 2204 1893
f 2206 1893 1894
f 2206 2205 1893
f 2207 1894 1913
f 2207 2206 1894
f 2208 1913 1922
f 2208 2207 1913
f 2209 1922 1923
f 2209 2208 1922
f 2210 1923 1925
f 2210 2209 1923
f 2211 1925 1927
f 2211 2210 1925
f 2212 1927 1928
f 2212 1928 1930
f 2212 2211 1927
f 2213 1930 1932
f 2213 2212 1930
f 2214 2213 1932
f 2215 2214 1932
f 2215 1932 1933
f 2215 1933 1935
f 2216 2215 1935
f 2217 1935 1937
f 2217 2216 1935
f 2218 1937 1938
f 2218 2217 1937
f 2219 1938 1940
f 2219 2218 1938
f 2220 1940 1942
f 2220 2219 1940
f 2221 1942 1943
f 2221 2220 1942
f 2222 1943 1945
f 2222 2221 1943
f 2223 1945 1947
f 2223 1947 1949
f 2223 2222 1945
f 2224 2223 1949
f 2225 1949 1950
f 2225 2224 1949
f 2226 1950 1971
f 2226 1971 1970
f 2226 2225 1950
f 2227 2226 1970
f 2228 1970 1968
f 2228 1968 1967
f 2228 2227 1970
f 2229 2228 1967
f 2230 1967 1966
f 2230 2229 1967
f 2231 1966 1964
f 2231 2230 1966
f 2232 1964 1963
f 2232 2231 1964
f 2233 1963 1961
f 2233 2232 1963
f 2234 1961 1960
f 2234 1960 1958
f 2234 2233 1961
f 2235 1958 1957
f 2235 2234 1958
f 2236 2235 1957
f 2237 1957 1956
f 2237 1956 1954
f 2237 2236 1957
f 2238 2237 1954
f 2239 1954 1953
f 2239 2238 1954
f 2240 2241 2242
f 2240 2243 2241
f 2244 2245 2246
f 2244 2247 2245
f 2248 2246 2249
f 2248 2244 2246
f 2250 2249 2251
f 2250 2248 2249
f 2252 2251 2253
f 2252 2250 2251
f 2254 2253 2255
f 2254 2255 2256
f 2254 2252 2253
f 2257 2256 2258
f 2257 2254 2256
f 2259 2257 2258
f 2260 2259 2258
f 2260 2258 2261
f 2260 2261 2262
f 2263 2260 2262
f 2264 2262 2265
f 2264 2263 2262
f 2266 2265 2267
f 2266 2264 2265
f 2268 2267 2269
f 2268 2266 2267
f 2270 2269 2271
f 2270 2268 2269
f 2272 2271 2273
f 2272 2270 2271
f 2274 2273 2275
f 2274 2272 2273
f 2276 2275 2277
f 2276 2277 2278
f 2276 2274 2275
f 2279 2276 2278
f 2280 2278 2281
f 2280 2279 2278
f 2282 2281 2283
f 2282 2283 2284
f 2282 2280 2281
f 2285 2282 2284
f 2286 2284 2287
f 2286 2287 2288
f 2286 2285 2284
f 2289 2286 2288
f 2290 2288 2291
f 2290 2289 2288
f 2292 2291 2293
f 2292 2290 2291
f 2294 2293 2295
f 2294 2292 2293
f 2296 2295 2297
f 2296 2294 2295
f 2298 2297 2299
f 2298 2299 2300
f 2298 2296 2297
f 2301 2300 2302
f 2301 2298 2300
f 2303 2301 2302
f 2304 2302 2305
f 2304 2305 2306
f 2304 2303 2302
f 2307 2304 2306
f 2243 2306 2241
f 2243 2307 2306
f 1953 2141 2245
f 1953 1952 2141
f 2247 2239 1953
f 2245 2247 1953
f 1978 2308 2015
f 1979 1978 2015
f 2175 2309 1978
f 2309 2308 1978
f 2310 2242 2311
f 2310 2240 2242
f 2312 2311 2313
f 2312 2310 2311
f 2314 2313 2315
f 2314 2312 2313
f 2316 2315 2317
f 2316 2314 2315
f 2318 2317 2319
f 2318 2319 2320
f 2318 2316 2317
f 2321 2320 2322
f 2321 2318 2320
f 2323 2321 2322
f 2324 2323 2322
f 2324 2322 2325
f 2324 2325 2326
f 2327 2324 2326
f 2328 2326 2329
f 2328 2327 2326
f 2330 2329 2331
f 2330 2328 2329
f 2332 2331 2333
f 2332 2330 2331
f 2334 2333 2335
f 2334 2332 2333
f 2336 2335 2337
f 2336 2334 2335
f 2338 2337 2339
f 2338 2336 2337
f 2340 2339 2341
f 2340 2341 2342
f 2340 2338 2339
f 2343 2340 2342
f 2344 2342 2345
f 2344 2343 2342
f 2346 2345 2347
f 2346 2347 2348
f 2346 2344 2345
f 2349 2346 2348
f 2350 2348 2351
f 2350 2351 2352
f 2350 2349 2348
f 2353 2350 2352
f 2354 2352 2355
f 2354 2353 2352
f 2356 2355 2357
f 2356 2354 2355
f 2358 2357 2359
f 2358 2356 2357
f 2360 2359 2361
f 2360 2358 2359
f 2362 2361 2363
f 2362 2363 2364
f 2362 2360 2361
f 2365 2364 2366
f 2365 2362 2364
f 2367 2365 2366
f 2368 2366 2369
f 2368 2369 2370
f 2368 2367 2366
f 2371 2368 2370
f 2309 2370 2308
f 2309 2371 2370
f 2346 2343 2344
f 2349 2343 2346
f 2332 2334 2336
f 2353 2349 2350
f 2356 2353 2354
f 2321 2323 2324
f 2360 2356 2358
f 2360 2343 2349
f 2360 2353 2356
f 2360 2349 2353
f 2318 2324 2327
f 2318 2327 2328
f 2318 2328 2330
f 2318 2330 2332
f 2318 2336 2338
f 2318 2338 2340
f 2318 2332 2336
f 2318 2321 2324
f 2314 2316 2318
f 2367 2360 2362
f 2367 2362 2365
f 2368 2360 2367
f 2309 2340 2343
f 2309 2368 2371
f 2309 2318 2340
f 2309 2343 2360
f 2309 2360 2368
f 2240 2310 2312
f 2240 2312 2314
f 2240 2314 2318
f 2240 2318 2309
f 2176 2175 2174
f 2303 2304 2307
f 2178 2175 2176
f 2178 2176 2177
f 2179 2175 2178
f 2296 2298 2301
f 2294 2296 2301
f 2292 2303 2307
f 2292 2301 2303
f 2292 2294 2301
f 2183 2179 2180
f 2183 2180 2181
f 2183 2181 2182
f 2290 2292 2307
f 2185 2179 2183
f 2185 2183 2184
f 2286 2290 2307
f 2286 2289 2290
f 2186 2179 2185
f 2285 2286 2307
f 2190 2179 2186
f 2190 2186 2187
f 2190 2187 2188
f 2190 2188 2189
f 2274 2276 2279
f 2191 2179 2190
f 2272 2279 2280
f 2272 2280 2282
f 2272 2282 2285
f 2272 2274 2279
f 2192 2179 2191
f 2194 2192 2193
f 2266 2268 2270
f 2266 2270 2272
f 2266 2272 2285
f 2195 2192 2194
f 2263 2264 2266
f 2263 2266 2285
f 2199 2197 2198
f 2257 2259 2260
f 2254 2257 2260
f 2254 2260 2263
f 2201 2199 2200
f 2252 2254 2263
f 2202 2199 2201
f 2250 2252 2263
f 2204 2202 2203
f 2247 2240 2309
f 2247 2244 2248
f 2247 2248 2250
f 2247 2307 2243
f 2247 2243 2240
f 2247 2285 2307
f 2247 2263 2285
f 2247 2250 2263
f 2206 2197 2199
f 2206 2202 2204
f 2206 2199 2202
f 2206 2247 2309
f 2206 2175 2179
f 2206 2309 2175
f 2206 2195 2196
f 2206 2196 2197
f 2206 2204 2205
f 2206 2179 2192
f 2206 2192 2195
f 2207 2247 2206
f 2239 2247 2207
f 2209 2207 2208
f 2211 2209 2210
f 2212 2209 2211
f 2234 2235 2236
f 2234 2236 2237
f 2234 2237 2238
f 2234 2238 2239
f 2213 2209 2212
f 2233 2234 2239
f 2215 2213 2214
f 2216 2209 2213
f 2216 2213 2215
f 2217 2209 2216
f 2229 2233 2239
f 2229 2230 2231
f 2229 2231 2232
f 2229 2232 2233
f 2218 2207 2209
f 2218 2209 2217
f 2228 2229 2239
f 2226 2228 2239
f 2226 2227 2228
f 2221 2218 2219
f 2221 2219 2220
f 2222 2218 2221
f 2224 2225 2226
f 2223 2239 2207
f 2223 2207 2218
f 2223 2224 2226
f 2223 2226 2239
f 2223 2218 2222
f 2342 2347 2345
f 2351 2355 2352
f 2326 2325 2329
f 2329 2325 2331
f 2331 2325 2333
f 2333 2325 2335
f 2335 2325 2337
f 2341 2361 2342
f 2347 2361 2348
f 2348 2361 2351
f 2355 2361 2357
f 2357 2361 2359
f 2342 2361 2347
f 2351 2361 2355
f 2322 2320 2325
f 2320 2319 2325
f 2361 2364 2363
f 2317 2315 2319
f 2364 2369 2366
f 2361 2369 2364
f 2313 2311 2315
f 2337 2308 2339
f 2339 2308 2341
f 2369 2308 2370
f 2341 2308 2361
f 2325 2308 2337
f 2361 2308 2369
f 2311 2242 2315
f 2315 2242 2319
f 2319 2242 2325
f 2325 2242 2308
f 2300 2299 2302
f 2302 2299 2305
f 2299 2297 2305
f 2297 2295 2305
f 2305 2295 2306
f 2295 2291 2306
f 2293 2291 2295
f 2291 2288 2306
f 2288 2287 2306
f 2284 2283 2287
f 2283 2281 2287
f 2287 2277 2306
f 2281 2277 2287
f 2278 2277 2281
f 2277 2273 2306
f 2275 2273 2277
f 2267 2265 2269
f 2265 2262 2269
f 2269 2262 2271
f 2271 2262 2273
f 2258 2256 2261
f 2256 2255 2261
f 2262 2253 2273
f 2255 2253 2261
f 2261 2253 2262
f 2253 2251 2273
f 2273 2245 2306
f 2251 2245 2273
f 2246 2245 2249
f 2249 2245 2251
f 2306 2245 2241
f 2241 2245 2242
f 2242 2245 2308
f 2245 2015 2308
f 2015 2022 2016
f 2016 2022 2020
f 2015 2024 2022
f 2024 2030 2026
f 2026 2030 2028
f 2015 2030 2024
f 2030 2034 2032
f 2015 2034 2030
f 2034 2038 2036
f 2034 2040 2038
f 2015 2040 2034
f 2040 2044 2042
f 2015 2044 2040
f 2015 2046 2044
f 2046 2050 2048
f 2015 2050 2046
f 2050 2054 2052
f 2015 2054 2050
f 2015 2056 2054
f 2015 2058 2056
f 2058 2064 2060
f 2060 2064 2062
f 2015 2066 2058
f 2058 2066 2064
f 2066 2070 2068
f 2066 2072 2070
f 2072 2076 2074
f 2066 2078 2072
f 2072 2078 2076
f 2245 2141 2015
f 2141 2140 2015
f 2140 2134 2015
f 2136 2134 2138
f 2138 2134 2140
f 2066 2088 2078
f 2078 2088 2080
f 2080 2088 2082
f 2082 2088 2084
f 2084 2088 2086
f 2134 2130 2015
f 2132 2130 2134
f 2126 2124 2128
f 2128 2124 2130
f 2096 2100 2098
f 2122 2120 2124
f 2088 2102 2090
f 2090 2102 2092
f 2092 2102 2094
f 2094 2102 2096
f 2096 2102 2100
f 2015 2116 2066
f 2130 2116 2015
f 2118 2116 2120
f 2124 2116 2130
f 2120 2116 2124
f 2066 2110 2088
f 2102 2110 2104
f 2104 2110 2106
f 2106 2110 2108
f 2112 2110 2114
f 2114 2110 2116
f 2088 2110 2102
f 2116 2110 2066
f 2372 2373 2374
f 2372 2374 2375
f 2372 2376 2373
f 2377 2372 2375
f 2378 2375 2379
f 2378 2379 2380
f 2378 2377 2375
f 2381 2378 2380
f 2382 2380 2383
f 2382 2383 2384
f 2382 2381 2380
f 2385 2382 2384
f 2386 2384 2387
f 2386 2387 2388
f 2386 2385 2384
f 2389 2386 2388
f 2390 2388 2391
f 2390 2391 2392
f 2390 2389 2388
f 2393 2390 2392
f 2394 2392 2395
f 2394 2395 2396
f 2394 2393 2392
f 2397 2394 2396
f 2398 2396 2399
f 2398 2399 2400
f 2398 2397 2396
f 2401 2398 2400
f 2402 2400 2403
f 2402 2403 2404
f 2402 2401 2400
f 2405 2402 2404
f 2406 2404 2407
f 2406 2407 2408
f 2406 2405 2404
f 2409 2406 2408
f 2410 2408 2411
f 2410 2409 2408
f 2412 2411 2413
f 2412 2410 2411
f 2414 2413 2415
f 2414 2415 2416
f 2414 2412 2413
f 2417 2414 2416
f 2418 2417 2416
f 2418 2416 2419
f 2418 2419 2420
f 2421 2418 2420
f 2422 2420 2423
f 2422 2423 2424
f 2422 2421 2420
f 2425 2422 2424
f 2426 2425 2424
f 2426 2424 2427
f 2426 2427 2428
f 2429 2426 2428
f 2430 2429 2428
f 2430 2428 2431
f 2432 2430 2431
f 2432 2431 2433
f 2432 2433 2434
f 2435 2434 2436
f 2435 2432 2434
f 2437 2435 2436
f 2438 2436 2439
f 2438 2439 2440
f 2438 2437 2436
f 2441 2440 2442
f 2441 2438 2440
f 2443 2441 2442
f 2444 2442 2445
f 2444 2443 2442
f 2446 2445 2447
f 2446 2447 2448
f 2446 2444 2445
f 2449 2446 2448
f 2450 2448 2451
f 2450 2449 2448
f 2452 2451 2453
f 2452 2450 2451
f 2454 2453 2455
f 2454 2452 2453
f 2456 2455 2457
f 2456 2457 2458
f 2456 2454 2455
f 2459 2458 2460
f 2459 2456 2458
f 2461 2459 2460
f 2462 2460 2463
f 2462 2461 2460
f 2464 2463 2465
f 2464 2465 2466
f 2464 2462 2463
f 2467 2466 2468
f 2467 2464 2466
f 2469 2467 2468
f 2470 2469 2468
f 2470 2468 2471
f 2470 2471 2472
f 2473 2470 2472
f 2474 2473 2472
f 2474 2472 2475
f 2476 2477 2373
f 2376 2476 2373
f 2478 2479 2477
f 2476 2478 2477
f 2480 2481 2482
f 2480 2483 2481
f 2484 2482 2485
f 2484 2485 2486
f 2484 2480 2482
f 2487 2484 2486
f 2488 2486 2489
f 2488 2489 2490
f 2488 2487 2486
f 2491 2490 2492
f 2491 2488 2490
f 2493 2492 2494
f 2493 2491 2492
f 2495 2493 2494
f 2496 2494 2497
f 2496 2497 2498
f 2496 2495 2494
f 2499 2498 2500
f 2499 2496 2498
f 2501 2499 2500
f 2502 2500 2503
f 2502 2503 2504
f 2502 2501 2500
f 2505 2502 2504
f 2506 2504 2507
f 2506 2507 2508
f 2506 2505 2504
f 2509 2506 2508
f 2510 2508 2511
f 2510 2509 2508
f 2512 2511 2513
f 2512 2513 2514
f 2512 2510 2511
f 2515 2512 2514
f 2516 2514 2517
f 2516 2515 2514
f 2518 2517 2519
f 2518 2519 2520
f 2518 2516 2517
f 2521 2518 2520
f 2522 2520 2523
f 2522 2521 2520
f 2524 2523 2525
f 2524 2525 2526
f 2524 2522 2523
f 2527 2524 2526
f 2528 2527 2526
f 2528 2526 2529
f 2530 2528 2529
f 2530 2529 2531
f 2532 2530 2531
f 2532 2531 2533
f 2534 2532 2533
f 2534 2533 2535
f 2536 2534 2535
f 2536 2535 2537
f 2538 2536 2537
f 2538 2537 2539
f 2540 2538 2539
f 2540 2539 2541
f 2542 2540 2541
f 2542 2541 2543
f 2544 2543 2545
f 2544 2542 2543
f 2546 2545 2547
f 2546 2544 2545
f 2548 2547 2549
f 2548 2546 2547
f 2550 2549 2551
f 2550 2548 2549
f 2552 2551 2553
f 2552 2550 2551
f 2554 2552 2553
f 2554 2553 2555
f 2556 2555 2557
f 2556 2554 2555
f 2558 2557 2559
f 2558 2556 2557
f 2560 2559 2561
f 2560 2558 2559
f 2562 2561 2563
f 2562 2560 2561
f 2564 2563 2565
f 2564 2562 2563
f 2566 2565 2567
f 2566 2564 2565
f 2568 2567 2569
f 2568 2566 2567
f 2570 2569 2571
f 2570 2568 2569
f 2572 2571 2573
f 2572 2570 2571
f 2574 2573 2575
f 2574 2572 2573
f 2576 2575 2577
f 2576 2574 2575
f 2578 2576 2577
f 2578 2577 2579
f 2580 2578 2579
f 2580 2579 2581
f 2478 2580 2581
f 2478 2581 2479
f 2483 2582 2481
f 2483 2583 2582
f 2583 2584 2582
f 2583 2585 2584
f 2586 2587 2588
f 2586 2589 2587
f 2590 2588 2591
f 2590 2586 2588
f 2592 2591 2593
f 2592 2590 2591
f 2594 2593 2595
f 2594 2595 2596
f 2594 2592 2593
f 2597 2594 2596
f 2598 2596 2599
f 2598 2597 2596
f 2600 2599 2601
f 2600 2598 2599
f 2602 2601 2603
f 2602 2600 2601
f 2604 2603 2605
f 2604 2602 2603
f 2606 2605 2607
f 2606 2604 2605
f 2608 2607 2609
f 2608 2606 2607
f 2610 2609 2611
f 2610 2608 2609
f 2612 2611 2613
f 2612 2613 2614
f 2612 2610 2611
f 2615 2612 2614
f 2616 2614 2617
f 2616 2617 2618
f 2616 2615 2614
f 2619 2616 2618
f 2620 2618 2621
f 2620 2619 2618
f 2622 2621 2623
f 2622 2620 2621
f 2624 2623 2625
f 2624 2622 2623
f 2626 2625 2627
f 2626 2624 2625
f 2628 2627 2629
f 2628 2626 2627
f 2630 2629 2631
f 2630 2631 2632
f 2630 2628 2629
f 2633 2632 2634
f 2633 2630 2632
f 2635 2633 2634
f 2636 2635 2634
f 2636 2634 2637
f 2638 2636 2637
f 2638 2637 2639
f 2638 2639 2640
f 2641 2638 2640
f 2642 2641 2640
f 2642 2640 2643
f 2644 2642 2643
f 2644 2643 2645
f 2646 2644 2645
f 2646 2645 2647
f 2648 2646 2647
f 2648 2647 2649
f 2650 2649 2651
f 2650 2648 2649
f 2652 2651 2653
f 2652 2650 2651
f 2654 2653 2655
f 2654 2652 2653
f 2656 2655 2657
f 2656 2657 2658
f 2656 2654 2655
f 2659 2656 2658
f 2660 2658 2661
f 2660 2661 2662
f 2660 2659 2658
f 2663 2662 2664
f 2663 2660 2662
f 2665 2663 2664
f 2666 2664 2667
f 2666 2667 2668
f 2666 2665 2664
f 2669 2666 2668
f 2670 2668 2671
f 2670 2669 2668
f 2672 2671 2673
f 2672 2670 2671
f 2674 2673 2675
f 2674 2672 2673
f 2676 2675 2677
f 2676 2674 2675
f 2678 2677 2679
f 2678 2676 2677
f 2680 2679 2681
f 2680 2678 2679
f 2682 2681 2683
f 2682 2683 2684
f 2682 2680 2681
f 2685 2682 2684
f 2686 2685 2684
f 2686 2684 2687
f 2585 2686 2687
f 2585 2687 2584
f 2589 2688 2587
f 2589 2689 2688
f 2689 2690 2688
f 2689 2691 2690
f 2692 2693 2694
f 2695 2694 2696
f 2695 2692 2694
f 2697 2695 2696
f 2698 2696 2699
f 2698 2699 2700
f 2698 2697 2696
f 2701 2698 2700
f 2702 2700 2703
f 2702 2701 2700
f 2704 2703 2705
f 2704 2705 2706
f 2704 2702 2703
f 2707 2704 2706
f 2708 2706 2709
f 2708 2707 2706
f 2710 2709 2711
f 2710 2708 2709
f 2712 2711 2713
f 2712 2710 2711
f 2714 2713 2715
f 2714 2712 2713
f 2716 2715 2717
f 2716 2717 2718
f 2716 2714 2715
f 2719 2718 2720
f 2719 2716 2718
f 2721 2719 2720
f 2722 2720 2723
f 2722 2721 2720
f 2724 2723 2725
f 2724 2722 2723
f 2726 2725 2727
f 2726 2724 2725
f 2728 2727 2729
f 2728 2729 2730
f 2728 2726 2727
f 2731 2728 2730
f 2732 2730 2733
f 2732 2731 2730
f 2734 2733 2735
f 2734 2735 2736
f 2734 2732 2733
f 2737 2734 2736
f 2738 2737 2736
f 2738 2736 2739
f 2738 2739 2740
f 2741 2738 2740
f 2742 2740 2743
f 2742 2743 2744
f 2742 2741 2740
f 2745 2742 2744
f 2746 2745 2744
f 2746 2744 2747
f 2746 2747 2748
f 2749 2746 2748
f 2750 2749 2748
f 2750 2748 2751
f 2750 2751 2752
f 2753 2750 2752
f 2754 2753 2752
f 2754 2752 2755
f 2756 2755 2757
f 2756 2754 2755
f 2758 2757 2759
f 2758 2756 2757
f 2760 2759 2761
f 2760 2761 2762
f 2760 2758 2759
f 2763 2760 2762
f 2764 2762 2765
f 2764 2763 2762
f 2766 2765 2767
f 2766 2764 2765
f 2768 2767 2769
f 2768 2766 2767
f 2770 2769 2771
f 2770 2771 2772
f 2770 2768 2769
f 2773 2772 2774
f 2773 2770 2772
f 2775 2773 2774
f 2776 2774 2777
f 2776 2775 2774
f 2778 2777 2779
f 2778 2776 2777
f 2780 2779 2781
f 2780 2778 2779
f 2782 2781 2783
f 2782 2780 2781
f 2784 2783 2785
f 2784 2785 2786
f 2784 2782 2783
f 2787 2784 2786
f 2788 2786 2789
f 2788 2787 2786
f 2790 2788 2789
f 2790 2789 2791
f 2790 2791 2792
f 2793 2790 2792
f 2691 2793 2792
f 2691 2792 2690
f 2692 2794 2693
f 2692 2795 2794
f 2795 2796 2794
f 2795 2797 2796
f 2798 2799 2800
f 2801 2798 2800
f 2802 2800 2803
f 2802 2801 2800
f 2804 2803 2805
f 2804 2802 2803
f 2806 2805 2807
f 2806 2804 2805
f 2808 2807 2809
f 2808 2806 2807
f 2810 2809 2811
f 2810 2808 2809
f 2812 2811 2813
f 2812 2810 2811
f 2814 2813 2815
f 2814 2812 2813
f 2816 2815 2817
f 2816 2814 2815
f 2818 2817 2819
f 2818 2816 2817
f 2820 2819 2821
f 2820 2818 2819
f 2822 2821 2823
f 2822 2820 2821
f 2824 2823 2825
f 2824 2825 2826
f 2824 2822 2823
f 2827 2824 2826
f 2828 2826 2829
f 2828 2829 2830
f 2828 2827 2826
f 2831 2828 2830
f 2832 2830 2833
f 2832 2831 2830
f 2834 2833 2835
f 2834 2832 2833
f 2836 2835 2837
f 2836 2837 2838
f 2836 2834 2835
f 2839 2836 2838
f 2840 2838 2841
f 2840 2841 2842
f 2840 2839 2838
f 2843 2840 2842
f 2844 2843 2842
f 2844 2842 2845
f 2844 2845 2846
f 2847 2844 2846
f 2848 2846 2849
f 2848 2847 2846
f 2850 2848 2849
f 2850 2849 2851
f 2852 2850 2851
f 2852 2851 2853
f 2854 2852 2853
f 2854 2853 2855
f 2854 2855 2856
f 2857 2854 2856
f 2858 2857 2856
f 2858 2856 2859
f 2860 2858 2859
f 2860 2859 2861
f 2862 2861 2863
f 2862 2860 2861
f 2864 2863 2865
f 2864 2862 2863
f 2866 2865 2867
f 2866 2867 2868
f 2866 2864 2865
f 2869 2866 2868
f 2870 2868 2871
f 2870 2869 2868
f 2872 2871 2873
f 2872 2870 2871
f 2874 2873 2875
f 2874 2872 2873
f 2876 2875 2877
f 2876 2874 2875
f 2878 2877 2879
f 2878 2876 2877
f 2880 2879 2881
f 2880 2878 2879
f 2882 2881 2883
f 2882 2880 2881
f 2884 2883 2885
f 2884 2885 2886
f 2884 2882 2883
f 2887 2884 2886
f 2888 2886 2889
f 2888 2887 2886
f 2890 2889 2891
f 2890 2891 2892
f 2890 2888 2889
f 2893 2890 2892
f 2894 2892 2895
f 2894 2893 2892
f 2896 2894 2895
f 2896 2895 2897
f 2896 2897 2898
f 2899 2896 2898
f 2797 2899 2898
f 2797 2898 2796
f 2798 2900 2799
f 2798 2901 2900
f 2901 2475 2900
f 2901 2474 2475
f 2425 2410 2412
f 2425 2412 2414
f 2425 2414 2417
f 2425 2417 2418
f 2425 2418 2421
f 2425 2421 2422
f 2406 2409 2410
f 2402 2405 2406
f 2402 2410 2425
f 2402 2406 2410
f 2432 2426 2429
f 2432 2429 2430
f 2435 2425 2426
f 2435 2426 2432
f 2437 2425 2435
f 2397 2398 2401
f 2397 2401 2402
f 2444 2441 2443
f 2389 2390 2393
f 2449 2425 2437
f 2449 2397 2402
f 2449 2441 2444
f 2449 2394 2397
f 2449 2437 2438
f 2449 2438 2441
f 2449 2444 2446
f 2449 2402 2425
f 2382 2385 2386
f 2382 2386 2389
f 2381 2389 2393
f 2381 2382 2389
f 2454 2450 2452
f 2456 2394 2449
f 2456 2450 2454
f 2456 2449 2450
f 2372 2377 2378
f 2461 2456 2459
f 2376 2378 2381
f 2376 2372 2378
f 2462 2456 2461
f 2464 2456 2462
f 2464 2394 2456
f 2464 2393 2394
f 2464 2376 2381
f 2464 2381 2393
f 2470 2376 2464
f 2470 2464 2467
f 2470 2467 2469
f 2474 2470 2473
f 2474 2376 2470
f 2478 2570 2572
f 2478 2572 2574
f 2478 2574 2576
f 2478 2576 2578
f 2478 2578 2580
f 2568 2570 2478
f 2566 2568 2478
f 2564 2566 2478
f 2562 2564 2478
f 2560 2562 2478
f 2558 2560 2478
f 2556 2558 2478
f 2554 2556 2478
f 2552 2554 2478
f 2550 2552 2478
f 2546 2550 2478
f 2546 2548 2550
f 2542 2546 2478
f 2542 2544 2546
f 2540 2542 2478
f 2538 2540 2478
f 2536 2538 2478
f 2534 2536 2478
f 2532 2534 2478
f 2530 2532 2478
f 2528 2530 2478
f 2522 2528 2478
f 2522 2524 2527
f 2522 2527 2528
f 2521 2522 2478
f 2518 2521 2478
f 2516 2518 2478
f 2515 2516 2478
f 2512 2515 2478
f 2510 2512 2478
f 2509 2510 2478
f 2506 2509 2478
f 2505 2506 2478
f 2501 2505 2478
f 2501 2502 2505
f 2496 2501 2478
f 2496 2499 2501
f 2901 2476 2376
f 2901 2376 2474
f 2495 2496 2478
f 2491 2495 2478
f 2491 2493 2495
f 2488 2491 2478
f 2487 2488 2478
f 2484 2487 2478
f 2480 2484 2478
f 2483 2478 2476
f 2483 2480 2478
f 2804 2798 2801
f 2804 2801 2802
f 2808 2804 2806
f 2808 2798 2804
f 2810 2798 2808
f 2812 2798 2810
f 2814 2798 2812
f 2818 2814 2816
f 2820 2798 2814
f 2820 2814 2818
f 2824 2820 2822
f 2831 2820 2824
f 2831 2824 2827
f 2831 2827 2828
f 2831 2798 2820
f 2836 2832 2834
f 2839 2832 2836
f 2839 2831 2832
f 2843 2831 2839
f 2843 2839 2840
f 2844 2798 2831
f 2844 2831 2843
f 2848 2844 2847
f 2850 2844 2848
f 2852 2844 2850
f 2858 2844 2852
f 2858 2852 2854
f 2858 2854 2857
f 2860 2844 2858
f 2862 2798 2844
f 2862 2844 2860
f 2866 2862 2864
f 2866 2798 2862
f 2870 2866 2869
f 2872 2866 2870
f 2874 2798 2866
f 2874 2866 2872
f 2887 2878 2880
f 2887 2880 2882
f 2887 2882 2884
f 2893 2888 2890
f 2894 2874 2876
f 2894 2876 2878
f 2894 2887 2888
f 2894 2798 2874
f 2894 2878 2887
f 2894 2888 2893
f 2899 2894 2896
f 2899 2798 2894
f 2797 2798 2899
f 2583 2476 2901
f 2583 2483 2476
f 2795 2901 2798
f 2795 2798 2797
f 2689 2583 2901
f 2689 2901 2795
f 2585 2583 2689
f 2685 2686 2585
f 2682 2685 2585
f 2680 2682 2585
f 2678 2680 2585
f 2676 2678 2585
f 2674 2676 2585
f 2672 2674 2585
f 2670 2672 2585
f 2665 2670 2585
f 2665 2666 2669
f 2665 2669 2670
f 2663 2665 2585
f 2660 2663 2585
f 2659 2660 2585
f 2654 2659 2585
f 2654 2656 2659
f 2648 2654 2585
f 2648 2650 2652
f 2648 2652 2654
f 2644 2648 2585
f 2644 2646 2648
f 2642 2644 2585
f 2638 2642 2585
f 2638 2641 2642
f 2635 2636 2638
f 2635 2638 2585
f 2630 2633 2635
f 2630 2635 2585
f 2628 2630 2585
f 2589 2585 2689
f 2624 2626 2628
f 2624 2628 2585
f 2586 2585 2589
f 2622 2624 2585
f 2620 2622 2585
f 2592 2586 2590
f 2592 2585 2586
f 2616 2619 2620
f 2616 2620 2585
f 2597 2592 2594
f 2598 2585 2592
f 2598 2592 2597
f 2612 2615 2616
f 2612 2616 2585
f 2602 2598 2600
f 2602 2585 2598
f 2608 2610 2612
f 2608 2612 2585
f 2604 2585 2602
f 2606 2608 2585
f 2606 2585 2604
f 2697 2692 2695
f 2701 2697 2698
f 2701 2692 2697
f 2707 2701 2702
f 2707 2702 2704
f 2710 2707 2708
f 2710 2692 2701
f 2710 2701 2707
f 2712 2692 2710
f 2714 2692 2712
f 2719 2692 2714
f 2719 2714 2716
f 2721 2692 2719
f 2724 2721 2722
f 2726 2721 2724
f 2726 2692 2721
f 2728 2692 2726
f 2731 2692 2728
f 2691 2795 2692
f 2691 2689 2795
f 2793 2691 2692
f 2734 2731 2732
f 2737 2731 2734
f 2738 2731 2737
f 2787 2788 2790
f 2784 2790 2793
f 2784 2787 2790
f 2784 2793 2692
f 2742 2731 2738
f 2742 2738 2741
f 2780 2782 2784
f 2750 2746 2749
f 2775 2776 2778
f 2775 2778 2780
f 2753 2746 2750
f 2753 2742 2745
f 2753 2745 2746
f 2770 2784 2692
f 2770 2692 2731
f 2770 2780 2784
f 2770 2775 2780
f 2770 2773 2775
f 2756 2731 2742
f 2756 2742 2753
f 2756 2753 2754
f 2760 2756 2758
f 2763 2770 2731
f 2763 2731 2756
f 2763 2756 2760
f 2763 2764 2766
f 2763 2766 2768
f 2763 2768 2770
f 2411 2424 2413
f 2413 2424 2415
f 2415 2424 2416
f 2416 2424 2419
f 2419 2424 2420
f 2420 2424 2423
f 2408 2407 2411
f 2404 2403 2407
f 2411 2403 2424
f 2407 2403 2411
f 2427 2433 2428
f 2428 2433 2431
f 2424 2434 2427
f 2427 2434 2433
f 2424 2436 2434
f 2399 2396 2400
f 2400 2396 2403
f 2440 2445 2442
f 2391 2388 2392
f 2424 2448 2436
f 2396 2448 2403
f 2440 2448 2445
f 2395 2448 2396
f 2436 2448 2439
f 2439 2448 2440
f 2445 2448 2447
f 2403 2448 2424
f 2384 2383 2387
f 2387 2383 2388
f 2388 2380 2392
f 2383 2380 2388
f 2451 2455 2453
f 2395 2457 2448
f 2451 2457 2455
f 2448 2457 2451
f 2375 2374 2379
f 2457 2460 2458
f 2379 2373 2380
f 2374 2373 2379
f 2457 2463 2460
f 2457 2465 2463
f 2395 2465 2457
f 2392 2465 2395
f 2373 2465 2380
f 2380 2465 2392
f 2373 2471 2465
f 2465 2471 2466
f 2466 2471 2468
f 2373 2472 2471
f 2373 2475 2472
f 2571 2479 2573
f 2573 2479 2575
f 2575 2479 2577
f 2577 2479 2579
f 2579 2479 2581
f 2571 2569 2479
f 2569 2567 2479
f 2567 2565 2479
f 2565 2563 2479
f 2563 2561 2479
f 2561 2559 2479
f 2559 2557 2479
f 2557 2555 2479
f 2555 2553 2479
f 2553 2551 2479
f 2551 2547 2479
f 2549 2547 2551
f 2547 2543 2479
f 2545 2543 2547
f 2543 2541 2479
f 2541 2539 2479
f 2539 2537 2479
f 2537 2535 2479
f 2535 2533 2479
f 2533 2531 2479
f 2531 2529 2479
f 2529 2523 2479
f 2525 2523 2526
f 2526 2523 2529
f 2523 2520 2479
f 2520 2519 2479
f 2519 2517 2479
f 2517 2514 2479
f 2514 2513 2479
f 2513 2511 2479
f 2511 2508 2479
f 2508 2507 2479
f 2507 2504 2479
f 2504 2500 2479
f 2503 2500 2504
f 2500 2497 2479
f 2498 2497 2500
f 2477 2900 2373
f 2373 2900 2475
f 2497 2494 2479
f 2494 2490 2479
f 2492 2490 2494
f 2490 2489 2479
f 2489 2486 2479
f 2486 2485 2479
f 2485 2482 2479
f 2479 2481 2477
f 2482 2481 2479
f 2799 2805 2800
f 2800 2805 2803
f 2805 2809 2807
f 2799 2809 2805
f 2799 2811 2809
f 2799 2813 2811
f 2799 2815 2813
f 2815 2819 2817
f 2799 2821 2815
f 2815 2821 2819
f 2821 2825 2823
f 2821 2830 2825
f 2825 2830 2826
f 2826 2830 2829
f 2799 2830 2821
f 2833 2837 2835
f 2833 2838 2837
f 2830 2838 2833
f 2830 2842 2838
f 2838 2842 2841
f 2799 2845 2830
f 2830 2845 2842
f 2845 2849 2846
f 2845 2851 2849
f 2845 2853 2851
f 2845 2859 2853
f 2853 2859 2855
f 2855 2859 2856
f 2845 2861 2859
f 2799 2863 2845
f 2845 2863 2861
f 2863 2867 2865
f 2799 2867 2863
f 2867 2871 2868
f 2867 2873 2871
f 2799 2875 2867
f 2867 2875 2873
f 2879 2886 2881
f 2881 2886 2883
f 2883 2886 2885
f 2889 2892 2891
f 2875 2895 2877
f 2877 2895 2879
f 2886 2895 2889
f 2799 2895 2875
f 2879 2895 2886
f 2889 2895 2892
f 2895 2898 2897
f 2799 2898 2895
f 2799 2796 2898
f 2477 2582 2900
f 2481 2582 2477
f 2900 2794 2799
f 2799 2794 2796
f 2582 2688 2900
f 2900 2688 2794
f 2582 2584 2688
f 2687 2684 2584
f 2684 2683 2584
f 2683 2681 2584
f 2681 2679 2584
f 2679 2677 2584
f 2677 2675 2584
f 2675 2673 2584
f 2673 2671 2584
f 2671 2664 2584
f 2667 2664 2668
f 2668 2664 2671
f 2664 2662 2584
f 2662 2661 2584
f 2661 2658 2584
f 2658 2655 2584
f 2657 2655 2658
f 2655 2649 2584
f 2651 2649 2653
f 2653 2649 2655
f 2649 2645 2584
f 2647 2645 2649
f 2645 2643 2584
f 2643 2639 2584
f 2640 2639 2643
f 2637 2634 2639
f 2639 2634 2584
f 2632 2631 2634
f 2634 2631 2584
f 2631 2629 2584
f 2584 2587 2688
f 2627 2625 2629
f 2629 2625 2584
f 2584 2588 2587
f 2625 2623 2584
f 2623 2621 2584
f 2588 2593 2591
f 2584 2593 2588
f 2618 2617 2621
f 2621 2617 2584
f 2593 2596 2595
f 2584 2599 2593
f 2593 2599 2596
f 2614 2613 2617
f 2617 2613 2584
f 2599 2603 2601
f 2584 2603 2599
f 2611 2609 2613
f 2613 2609 2584
f 2584 2605 2603
f 2609 2607 2584
f 2584 2607 2605
f 2693 2696 2694
f 2696 2700 2699
f 2693 2700 2696
f 2700 2706 2703
f 2703 2706 2705
f 2706 2711 2709
f 2693 2711 2700
f 2700 2711 2706
f 2693 2713 2711
f 2693 2715 2713
f 2693 2718 2715
f 2715 2718 2717
f 2693 2720 2718
f 2720 2725 2723
f 2720 2727 2725
f 2693 2727 2720
f 2693 2729 2727
f 2693 2730 2729
f 2794 2690 2693
f 2688 2690 2794
f 2690 2792 2693
f 2730 2735 2733
f 2730 2736 2735
f 2730 2739 2736
f 2789 2786 2791
f 2791 2785 2792
f 2786 2785 2791
f 2792 2785 2693
f 2730 2743 2739
f 2739 2743 2740
f 2783 2781 2785
f 2747 2751 2748
f 2777 2774 2779
f 2779 2774 2781
f 2747 2752 2751
f 2743 2752 2744
f 2744 2752 2747
f 2785 2771 2693
f 2693 2771 2730
f 2781 2771 2785
f 2774 2771 2781
f 2772 2771 2774
f 2730 2757 2743
f 2743 2757 2752
f 2752 2757 2755
f 2757 2761 2759
f 2771 2762 2730
f 2730 2762 2757
f 2757 2762 2761
f 2765 2762 2767
f 2767 2762 2769
f 2769 2762 2771
f 2902 2903 2904
f 2905 2906 2903
f 2905 2903 2902
f 2907 2904 2908
f 2907 2902 2904
f 2909 2906 2905
f 2909 2910 2906
f 2911 2908 2912
f 2911 2907 2908
f 2913 2914 2910
f 2913 2910 2909
f 2915 2911 2912
f 2916 2917 2918
f 2916 2912 2917
f 2916 2915 2912
f 2919 2914 2913
f 2919 2920 2914
f 2921 2916 2918
f 2921 2918 2922
f 2923 2924 2920
f 2923 2920 2919
f 2925 2924 2923
f 2925 2926 2924
f 2927 2921 2922
f 2927 2922 2928
f 2929 2928 2930
f 2929 2927 2928
f 2931 2932 2926
f 2931 2926 2925
f 2933 2932 2931
f 2933 2934 2932
f 2935 2929 2930
f 2935 2930 2936
f 2937 2935 2936
f 2938 2939 2934
f 2938 2934 2933
f 2940 2941 2942
f 2940 2936 2941
f 2940 2937 2936
f 2943 2944 2939
f 2943 2939 2938
f 2945 2946 2944
f 2945 2944 2943
f 2947 2942 2948
f 2947 2940 2942
f 2949 2950 2946
f 2949 2946 2945
f 2951 2947 2948
f 2952 2953 2950
f 2952 2950 2949
f 2954 2948 2955
f 2954 2951 2948
f 2956 2953 2952
f 2956 2957 2953
f 2958 2955 2959
f 2958 2954 2955
f 2960 2961 2957
f 2960 2962 2961
f 2960 2957 2956
f 2963 2962 2960
f 2964 2965 2962
f 2964 2962 2963
f 2966 2967 2965
f 2966 2965 2964
f 2968 2969 2967
f 2968 2967 2966
f 2970 2971 2969
f 2970 2969 2968
f 2972 2973 2971
f 2972 2974 2973
f 2972 2971 2970
f 2975 2974 2972
f 2976 2977 2974
f 2976 2974 2975
f 2978 2979 2977
f 2978 2977 2976
f 2980 2981 2979
f 2980 2979 2978
f 2982 2983 2981
f 2982 2981 2980
f 2984 2985 2983
f 2984 2983 2982
f 2986 2987 2985
f 2986 2985 2984
f 2988 2989 2987
f 2988 2987 2986
f 2990 2991 2989
f 2990 2989 2988
f 2992 2993 2991
f 2992 2991 2990
f 2994 2995 2993
f 2994 2993 2992
f 2996 2997 2995
f 2996 2998 2997
f 2996 2995 2994
f 2999 2998 2996
f 3000 3001 2998
f 3000 2998 2999
f 3002 3003 3001
f 3002 3001 3000
f 3004 3005 3006
f 3004 3006 3007
f 3007 3006 2958
f 3007 2958 2959
f 3008 3009 3010
f 3010 3009 3011
f 3010 3011 3012
f 3012 3011 3013
f 3012 3013 3014
f 3014 3013 3015
f 3014 3015 3016
f 3016 3015 3017
f 3016 3017 3018
f 3016 3018 3019
f 3019 3018 3020
f 3020 3018 3021
f 3020 3021 3022
f 3022 3021 3023
f 3022 3023 3024
f 3022 3024 3025
f 3025 3024 3026
f 3026 3024 3027
f 3026 3027 3028
f 3028 3027 3029
f 3028 3029 3030
f 3028 3030 3031
f 3031 3030 3032
f 3032 3030 3033
f 3032 3033 3002
f 3002 3033 3003
f 3034 3008 3010
f 3034 3035 3008
f 3036 3010 3012
f 3036 3034 3010
f 3037 3012 3014
f 3037 3036 3012
f 3038 3014 3016
f 3038 3037 3014
f 3039 3016 3019
f 3039 3019 3020
f 3039 3038 3016
f 3040 3020 3022
f 3040 3039 3020
f 3041 3040 3022
f 3042 3041 3022
f 3042 3022 3025
f 3042 3025 3026
f 3043 3042 3026
f 3044 3026 3028
f 3044 3043 3026
f 3045 3028 3031
f 3045 3044 3028
f 3046 3031 3032
f 3046 3045 3031
f 3047 3032 3002
f 3047 3046 3032
f 3048 3002 3000
f 3048 3047 3002
f 3049 3000 2999
f 3049 3048 3000
f 3050 2999 2996
f 3050 2996 2994
f 3050 3049 2999
f 3051 3050 2994
f 3052 2994 2992
f 3052 3051 2994
f 3053 2992 2990
f 3053 2990 2988
f 3053 3052 2992
f 3054 3053 2988
f 3055 2988 2986
f 3055 2986 2984
f 3055 3054 2988
f 3056 3055 2984
f 3057 2984 2982
f 3057 3056 2984
f 3058 2982 2980
f 3058 3057 2982
f 3059 2980 2978
f 3059 3058 2980
f 3060 2978 2976
f 3060 3059 2978
f 3061 2976 2975
f 3061 2975 2972
f 3061 3060 2976
f 3062 2972 2970
f 3062 3061 2972
f 3063 3062 2970
f 3064 2970 2968
f 3064 2968 2966
f 3064 3063 2970
f 3065 3064 2966
f 3066 2966 2964
f 3066 3065 2966
f 3067 2964 2963
f 3067 3066 2964
f 3068 2963 2960
f 3068 3067 2963
f 3069 2960 2956
f 3069 3068 2960
f 3070 2956 2952
f 3070 3069 2956
f 3071 2952 2949
f 3071 3070 2952
f 3072 2949 2945
f 3072 2945 2943
f 3072 3071 2949
f 3073 2943 2938
f 3073 3072 2943
f 3074 3073 2938
f 3075 3074 2938
f 3075 2938 2933
f 3075 2933 2931
f 3076 3075 2931
f 3077 2931 2925
f 3077 3076 2931
f 3078 2925 2923
f 3078 3077 2925
f 3079 2923 2919
f 3079 3078 2923
f 3080 2919 2913
f 3080 3079 2919
f 3081 2913 2909
f 3081 3080 2913
f 3082 2909 2905
f 3082 3081 2909
f 3083 2905 2902
f 3083 2902 2907
f 3083 3082 2905
f 3084 3083 2907
f 3085 2907 2911
f 3085 3084 2907
f 3086 2911 2915
f 3086 2915 2916
f 3086 3085 2911
f 3087 3086 2916
f 3088 2916 2921
f 3088 2921 2927
f 3088 3087 2916
f 3089 3088 2927
f 3090 2927 2929
f 3090 3089 2927
f 3091 2929 2935
f 3091 3090 2929
f 3092 2935 2937
f 3092 3091 2935
f 3093 2937 2940
f 3093 3092 2937
f 3094 2940 2947
f 3094 2947 2951
f 3094 3093 2940
f 3095 2951 2954
f 3095 3094 2951
f 3096 3095 2954
f 3097 2954 2958
f 3097 2958 3006
f 3097 3096 2954
f 3098 3097 3006
f 3099 3006 3005
f 3099 3098 3006
f 3100 3101 3102
f 3100 3103 3101
f 3104 3102 3105
f 3104 3100 3102
f 3106 3105 3107
f 3106 3104 3105
f 3108 3107 3109
f 3108 3106 3107
f 3110 3109 3111
f 3110 3111 3112
f 3110 3108 3109
f 3113 3112 3114
f 3113 3110 3112
f 3115 3113 3114
f 3116 3115 3114
f 3116 3114 3117
f 3116 3117 3118
f 3119 3116 3118
f 3120 3118 3121
f 3120 3119 3118
f 3122 3121 3123
f 3122 3120 3121
f 3124 3123 3125
f 3124 3122 3123
f 3126 3125 3127
f 3126 3124 3125
f 3128 3127 3129
f 3128 3126 3127
f 3130 3129 3131
f 3130 3128 3129
f 3132 3131 3133
f 3132 3133 3134
f 3132 3130 3131
f 3135 3132 3134
f 3136 3134 3137
f 3136 3135 3134
f 3138 3137 3139
f 3138 3139 3140
f 3138 3136 3137
f 3141 3138 3140
f 3142 3140 3143
f 3142 3143 3144
f 3142 3141 3140
f 3145 3142 3144
f 3146 3144 3147
f 3146 3145 3144
f 3148 3147 3149
f 3148 3146 3147
f 3150 3149 3151
f 3150 3148 3149
f 3152 3151 3153
f 3152 3150 3151
f 3154 3153 3155
f 3154 3155 3156
f 3154 3152 3153
f 3157 3156 3158
f 3157 3154 3156
f 3159 3157 3158
f 3160 3158 3161
f 3160 3161 3162
f 3160 3159 3158
f 3163 3160 3162
f 3164 3162 3165
f 3164 3163 3162
f 3103 3166 3101
f 3103 3167 3166
f 3168 3169 3170
f 3168 3171 3169
f 3172 3170 3173
f 3172 3168 3170
f 3174 3173 3175
f 3174 3172 3173
f 3176 3175 3177
f 3176 3174 3175
f 3178 3177 3179
f 3178 3179 3180
f 3178 3176 3177
f 3181 3180 3182
f 3181 3178 3180
f 3183 3181 3182
f 3184 3183 3182
f 3184 3182 3185
f 3184 3185 3186
f 3187 3184 3186
f 3188 3186 3189
f 3188 3187 3186
f 3190 3189 3191
f 3190 3188 3189
f 3192 3191 3193
f 3192 3190 3191
f 3194 3193 3195
f 3194 3192 3193
f 3196 3195 3197
f 3196 3194 3195
f 3198 3197 3199
f 3198 3196 3197
f 3200 3199 3201
f 3200 3201 3202
f 3200 3198 3199
f 3203 3200 3202
f 3204 3202 3205
f 3204 3203 3202
f 3206 3205 3207
f 3206 3207 3208
f 3206 3204 3205
f 3209 3206 3208
f 3210 3208 3211
f 3210 3211 3212
f 3210 3209 3208
f 3213 3210 3212
f 3214 3212 3215
f 3214 3213 3212
f 3216 3215 3217
f 3216 3214 3215
f 3218 3217 3219
f 3218 3216 3217
f 3220 3219 3221
f 3220 3218 3219
f 3222 3221 3223
f 3222 3223 3224
f 3222 3220 3221
f 3225 3224 3226
f 3225 3222 3224
f 3227 3225 3226
f 3228 3226 3229
f 3228 3229 3230
f 3228 3227 3226
f 3231 3228 3230
f 3167 3230 3166
f 3167 3231 3230
f 3071 3072 3073
f 3069 3070 3071
f 3067 3068 3069
f 3099 3073 3074
f 3099 3074 3075
f 3099 3075 3076
f 3099 3076 3077
f 3099 3077 3078
f 3099 3078 3079
f 3099 3079 3080
f 3099 3080 3081
f 3099 3081 3082
f 3099 3082 3083
f 3099 3083 3084
f 3099 3084 3085
f 3099 3085 3086
f 3099 3086 3087
f 3099 3087 3088
f 3099 3088 3089
f 3099 3089 3090
f 3099 3090 3091
f 3099 3091 3092
f 3099 3092 3093
f 3099 3093 3094
f 3099 3094 3095
f 3099 3095 3096
f 3099 3096 3097
f 3099 3097 3098
f 3099 3071 3073
f 3099 3069 3071
f 3099 3067 3069
f 3066 3067 3099
f 3064 3065 3066
f 3063 3064 3066
f 3174 3171 3168
f 3174 3168 3172
f 3062 3063 3066
f 3176 3171 3174
f 3178 3171 3176
f 3060 3061 3062
f 3059 3062 3066
f 3059 3060 3062
f 3183 3178 3181
f 3183 3171 3178
f 3058 3059 3066
f 3184 3171 3183
f 3057 3058 3066
f 3187 3171 3184
f 3188 3171 3187
f 3055 3056 3057
f 3190 3171 3188
f 3054 3057 3066
f 3054 3055 3057
f 3053 3054 3066
f 3052 3053 3066
f 3196 3190 3192
f 3196 3192 3194
f 3198 3190 3196
f 3200 3190 3198
f 3049 3052 3066
f 3049 3050 3051
f 3049 3051 3052
f 3203 3190 3200
f 3048 3049 3066
f 3204 3190 3203
f 3047 3048 3066
f 3206 3190 3204
f 3209 3190 3206
f 3045 3046 3047
f 3044 3045 3047
f 3043 3047 3066
f 3043 3044 3047
f 3214 3209 3210
f 3214 3210 3213
f 3214 3190 3209
f 3216 3190 3214
f 3042 3043 3066
f 3220 3216 3218
f 3220 3190 3216
f 3222 3190 3220
f 3039 3040 3041
f 3039 3041 3042
f 3039 3042 3066
f 3227 3222 3225
f 3227 3190 3222
f 3034 3036 3037
f 3034 3037 3038
f 3034 3038 3039
f 3167 3190 3227
f 3167 3227 3228
f 3167 3228 3231
f 3167 3171 3190
f 3035 3039 3066
f 3035 3034 3039
f 3103 3171 3167
f 3103 3035 3066
f 3103 3099 3171
f 3103 3066 3099
f 3164 3035 3103
f 3163 3164 3103
f 3159 3160 3163
f 3115 3106 3108
f 3115 3108 3110
f 3115 3110 3113
f 3150 3152 3154
f 3116 3100 3104
f 3116 3104 3106
f 3116 3106 3115
f 3148 3154 3157
f 3148 3150 3154
f 3148 3157 3159
f 3119 3100 3116
f 3120 3100 3119
f 3142 3145 3146
f 3142 3146 3148
f 3124 3103 3100
f 3124 3120 3122
f 3124 3100 3120
f 3141 3148 3159
f 3141 3142 3148
f 3126 3103 3124
f 3128 3163 3103
f 3128 3103 3126
f 3136 3138 3141
f 3136 3141 3159
f 3130 3163 3128
f 3135 3136 3159
f 3132 3159 3163
f 3132 3163 3130
f 3132 3135 3159
f 3232 3004 3007
f 3232 3233 3004
f 3234 3007 2959
f 3234 3232 3007
f 3235 2959 2955
f 3235 3234 2959
f 3236 2955 2948
f 3236 3235 2955
f 3237 2948 2942
f 3237 2942 2941
f 3237 3236 2948
f 3238 2941 2936
f 3238 3237 2941
f 3239 3238 2936
f 3240 3239 2936
f 3240 2936 2930
f 3240 2930 2928
f 3241 3240 2928
f 3242 2928 2922
f 3242 3241 2928
f 3243 2922 2918
f 3243 3242 2922
f 3244 2918 2917
f 3244 3243 2918
f 3245 2917 2912
f 3245 3244 2917
f 3246 2912 2908
f 3246 3245 2912
f 3247 2908 2904
f 3247 3246 2908
f 3248 2904 2903
f 3248 2903 2906
f 3248 3247 2904
f 3249 3248 2906
f 3250 2906 2910
f 3250 3249 2906
f 3251 2910 2914
f 3251 2914 2920
f 3251 3250 2910
f 3252 3251 2920
f 3253 2920 2924
f 3253 2924 2926
f 3253 3252 2920
f 3254 3253 2926
f 3255 2926 2932
f 3255 3254 2926
f 3256 2932 2934
f 3256 3255 2932
f 3257 2934 2939
f 3257 3256 2934
f 3258 2939 2944
f 3258 3257 2939
f 3259 2944 2946
f 3259 2946 2950
f 3259 3258 2944
f 3260 2950 2953
f 3260 3259 2950
f 3261 3260 2953
f 3262 2953 2957
f 3262 2957 2961
f 3262 3261 2953
f 3263 3262 2961
f 3264 2961 2962
f 3264 3263 2961
f 3265 2962 2965
f 3265 3264 2962
f 3005 3266 3169
f 3005 3004 3266
f 3233 3267 3004
f 3171 3099 3005
f 3169 3171 3005
f 3267 3266 3004
f 3268 3269 3270
f 3268 3271 3269
f 3272 3270 3273
f 3272 3268 3270
f 3274 3273 3275
f 3274 3272 3273
f 3276 3275 3277
f 3276 3274 3275
f 3278 3277 3279
f 3278 3279 3280
f 3278 3276 3277
f 3281 3280 3282
f 3281 3278 3280
f 3283 3281 3282
f 3284 3283 3282
f 3284 3282 3285
f 3284 3285 3286
f 3287 3284 3286
f 3288 3286 3289
f 3288 3287 3286
f 3290 3289 3291
f 3290 3288 3289
f 3292 3291 3293
f 3292 3290 3291
f 3294 3293 3295
f 3294 3292 3293
f 3296 3295 3297
f 3296 3294 3295
f 3298 3297 3299
f 3298 3296 3297
f 3300 3299 3301
f 3300 3301 3302
f 3300 3298 3299
f 3303 3300 3302
f 3304 3302 3305
f 3304 3303 3302
f 3306 3305 3307
f 3306 3307 3308
f 3306 3304 3305
f 3309 3306 3308
f 3310 3308 3311
f 3310 3311 3312
f 3310 3309 3308
f 3313 3310 3312
f 3314 3312 3315
f 3314 3313 3312
f 3316 3315 3317
f 3316 3314 3315
f 3318 3317 3319
f 3318 3316 3317
f 3320 3319 3321
f 3320 3318 3319
f 3322 3321 3323
f 3322 3323 3324
f 3322 3320 3321
f 3325 3324 3326
f 3325 3322 3324
f 3327 3325 3326
f 3328 3326 3329
f 3328 3329 3330
f 3328 3327 3326
f 3331 3328 3330
f 3267 3330 3266
f 3267 3331 3330
f 3271 3332 3269
f 3271 3333 3332
f 3334 3335 3336
f 3334 3337 3335
f 3338 3336 3339
f 3338 3334 3336
f 3340 3339 3341
f 3340 3338 3339
f 3342 3341 3343
f 3342 3340 3341
f 3344 3343 3345
f 3344 3345 3346
f 3344 3342 3343
f 3347 3346 3348
f 3347 3344 3346
f 3349 3347 3348
f 3350 3349 3348
f 3350 3348 3351
f 3350 3351 3352
f 3353 3350 3352
f 3354 3352 3355
f 3354 3353 3352
f 3356 3355 3357
f 3356 3354 3355
f 3358 3357 3359
f 3358 3356 3357
f 3360 3359 3361
f 3360 3358 3359
f 3362 3361 3363
f 3362 3360 3361
f 3364 3363 3365
f 3364 3362 3363
f 3366 3365 3367
f 3366 3367 3368
f 3366 3364 3365
f 3369 3366 3368
f 3370 3368 3371
f 3370 3369 3368
f 3372 3371 3373
f 3372 3373 3374
f 3372 3370 3371
f 3375 3372 3374
f 3376 3374 3377
f 3376 3377 3378
f 3376 3375 3374
f 3379 3376 3378
f 3380 3378 3381
f 3380 3379 3378
f 3382 3381 3383
f 3382 3380 3381
f 3384 3383 3385
f 3384 3382 3383
f 3386 3385 3387
f 3386 3384 3385
f 3388 3387 3389
f 3388 3389 3390
f 3388 3386 3387
f 3391 3390 3392
f 3391 3388 3390
f 3393 3391 3392
f 3394 3392 3395
f 3394 3395 3396
f 3394 3393 3392
f 3397 3394 3396
f 3333 3396 3332
f 3333 3397 3396
f 3009 3165 3335
f 3009 3008 3165
f 3035 3164 3008
f 3337 3398 3009
f 3335 3337 3009
f 3164 3165 3008
f 3399 2965 2967
f 3399 3265 2965
f 3400 2967 2969
f 3400 3399 2967
f 3401 2969 2971
f 3401 3400 2969
f 3402 2971 2973
f 3402 3401 2971
f 3403 2973 2974
f 3403 2974 2977
f 3403 3402 2973
f 3404 2977 2979
f 3404 3403 2977
f 3405 3404 2979
f 3406 3405 2979
f 3406 2979 2981
f 3406 2981 2983
f 3407 3406 2983
f 3408 2983 2985
f 3408 3407 2983
f 3409 2985 2987
f 3409 3408 2985
f 3410 2987 2989
f 3410 3409 2987
f 3411 2989 2991
f 3411 3410 2989
f 3412 2991 2993
f 3412 3411 2991
f 3413 2993 2995
f 3413 3412 2993
f 3414 2995 2997
f 3414 2997 2998
f 3414 3413 2995
f 3415 3414 2998
f 3416 2998 3001
f 3416 3415 2998
f 3417 3001 3003
f 3417 3003 3033
f 3417 3416 3001
f 3418 3417 3033
f 3419 3033 3030
f 3419 3030 3029
f 3419 3418 3033
f 3420 3419 3029
f 3421 3029 3027
f 3421 3420 3029
f 3422 3027 3024
f 3422 3421 3027
f 3423 3024 3023
f 3423 3422 3024
f 3424 3023 3021
f 3424 3423 3023
f 3425 3021 3018
f 3425 3018 3017
f 3425 3424 3021
f 3426 3017 3015
f 3426 3425 3017
f 3427 3426 3015
f 3428 3015 3013
f 3428 3013 3011
f 3428 3427 3015
f 3429 3428 3011
f 3398 3011 3009
f 3398 3429 3011
f 3294 3296 3298
f 3294 3298 3300
f 3306 3303 3304
f 3309 3303 3306
f 3288 3294 3300
f 3288 3290 3292
f 3288 3292 3294
f 3288 3300 3303
f 3313 3303 3309
f 3313 3309 3310
f 3284 3287 3288
f 3283 3284 3288
f 3320 3313 3314
f 3320 3314 3316
f 3320 3316 3318
f 3278 3288 3303
f 3278 3283 3288
f 3278 3281 3283
f 3274 3276 3278
f 3328 3313 3320
f 3328 3320 3322
f 3328 3322 3325
f 3328 3325 3327
f 3271 3278 3303
f 3271 3303 3313
f 3271 3268 3272
f 3271 3272 3274
f 3271 3274 3278
f 3271 3313 3328
f 3271 3328 3331
f 3271 3331 3267
f 3233 3271 3267
f 3233 3333 3271
f 3394 3397 3333
f 3234 3233 3232
f 3393 3394 3333
f 3235 3233 3234
f 3388 3393 3333
f 3388 3391 3393
f 3237 3235 3236
f 3237 3233 3235
f 3384 3386 3388
f 3382 3384 3388
f 3240 3237 3238
f 3240 3238 3239
f 3380 3388 3333
f 3380 3382 3388
f 3379 3380 3333
f 3242 3240 3241
f 3375 3376 3379
f 3244 3242 3243
f 3244 3237 3240
f 3244 3240 3242
f 3372 3375 3379
f 3245 3233 3237
f 3245 3237 3244
f 3369 3379 3333
f 3369 3372 3379
f 3369 3370 3372
f 3247 3245 3246
f 3248 3233 3245
f 3248 3245 3247
f 3364 3366 3369
f 3360 3362 3364
f 3360 3364 3369
f 3251 3249 3250
f 3252 3248 3249
f 3252 3233 3248
f 3252 3249 3251
f 3356 3358 3360
f 3253 3233 3252
f 3354 3369 3333
f 3354 3360 3369
f 3354 3356 3360
f 3353 3354 3333
f 3256 3254 3255
f 3350 3353 3333
f 3257 3253 3254
f 3257 3254 3256
f 3347 3349 3350
f 3259 3257 3258
f 3259 3253 3257
f 3344 3347 3350
f 3344 3350 3333
f 3261 3253 3259
f 3261 3259 3260
f 3338 3340 3342
f 3338 3342 3344
f 3263 3261 3262
f 3264 3253 3261
f 3264 3261 3263
f 3264 3233 3253
f 3337 3338 3344
f 3337 3334 3338
f 3337 3344 3333
f 3265 3333 3233
f 3265 3233 3264
f 3398 3333 3265
f 3398 3337 3333
f 3400 3265 3399
f 3401 3265 3400
f 3427 3428 3429
f 3427 3429 3398
f 3426 3398 3265
f 3426 3427 3398
f 3403 3401 3402
f 3403 3265 3401
f 3425 3426 3265
f 3425 3265 3403
f 3404 3424 3425
f 3404 3425 3403
f 3406 3404 3405
f 3422 3423 3424
f 3407 3404 3406
f 3421 3422 3424
f 3408 3420 3421
f 3408 3424 3404
f 3408 3404 3407
f 3408 3421 3424
f 3409 3420 3408
f 3410 3419 3420
f 3410 3420 3409
f 3416 3417 3418
f 3412 3410 3411
f 3415 3416 3418
f 3414 3412 3413
f 3414 3418 3419
f 3414 3419 3410
f 3414 3410 3412
f 3414 3415 3418
f 3297 3295 3299
f 3299 3295 3301
f 3302 3307 3305
f 3302 3308 3307
f 3291 3289 3293
f 3293 3289 3295
f 3295 3289 3301
f 3301 3289 3302
f 3302 3312 3308
f 3308 3312 3311
f 3286 3285 3289
f 3285 3282 3289
f 3312 3321 3315
f 3315 3321 3317
f 3317 3321 3319
f 3280 3279 3282
f 3289 3279 3302
f 3282 3279 3289
f 3277 3275 3279
f 3321 3329 3323
f 3323 3329 3324
f 3324 3329 3326
f 3312 3329 3321
f 3270 3269 3273
f 3273 3269 3275
f 3302 3269 3312
f 3329 3269 3330
f 3330 3269 3266
f 3279 3269 3302
f 3312 3269 3329
f 3275 3269 3279
f 3269 3332 3266
f 3396 3395 3332
f 3395 3392 3332
f 3392 3389 3332
f 3390 3389 3392
f 3387 3385 3389
f 3385 3383 3389
f 3389 3381 3332
f 3383 3381 3389
f 3381 3378 3332
f 3377 3374 3378
f 3374 3373 3378
f 3371 3368 3373
f 3378 3368 3332
f 3373 3368 3378
f 3367 3365 3368
f 3363 3361 3365
f 3365 3361 3368
f 3359 3357 3361
f 3368 3355 3332
f 3361 3355 3368
f 3357 3355 3361
f 3355 3352 3332
f 3352 3351 3332
f 3348 3346 3351
f 3351 3345 3332
f 3346 3345 3351
f 3341 3339 3343
f 3343 3339 3345
f 3336 3335 3339
f 3332 3335 3266
f 3339 3335 3345
f 3345 3335 3332
f 3335 3169 3266
f 3169 3175 3170
f 3170 3175 3173
f 3175 3179 3177
f 3169 3179 3175
f 3179 3182 3180
f 3169 3182 3179
f 3182 3186 3185
f 3186 3191 3189
f 3182 3193 3186
f 3186 3193 3191
f 3169 3195 3182
f 3182 3195 3193
f 3195 3201 3197
f 3197 3201 3199
f 3169 3201 3195
f 3201 3207 3202
f 3202 3207 3205
f 3169 3207 3201
f 3169 3211 3207
f 3207 3211 3208
f 3212 3217 3215
f 3212 3221 3217
f 3211 3221 3212
f 3217 3221 3219
f 3211 3223 3221
f 3211 3226 3223
f 3223 3226 3224
f 3211 3230 3226
f 3226 3230 3229
f 3169 3166 3211
f 3211 3166 3230
f 3169 3101 3166
f 3169 3165 3101
f 3335 3165 3169
f 3162 3102 3165
f 3165 3102 3101
f 3161 3158 3162
f 3102 3107 3105
f 3158 3156 3162
f 3107 3112 3109
f 3109 3112 3111
f 3102 3114 3107
f 3107 3114 3112
f 3153 3151 3155
f 3102 3117 3114
f 3155 3149 3156
f 3151 3149 3155
f 3117 3121 3118
f 3147 3144 3149
f 3156 3144 3162
f 3149 3144 3156
f 3144 3143 3162
f 3121 3125 3123
f 3117 3125 3121
f 3117 3127 3125
f 3139 3137 3140
f 3140 3137 3143
f 3127 3131 3129
f 3143 3134 3162
f 3137 3134 3143
f 3162 3133 3102
f 3102 3133 3117
f 3127 3133 3131
f 3117 3133 3127
f 3134 3133 3162
f 3430 3431 3432
f 3430 3433 3431
f 3434 3435 3436
f 3434 3437 3435
f 3438 3436 3439
f 3438 3434 3436
f 3440 3439 3441
f 3440 3438 3439
f 3442 3441 3443
f 3442 3440 3441
f 3444 3443 3445
f 3444 3445 3446
f 3444 3442 3443
f 3447 3446 3448
f 3447 3444 3446
f 3449 3447 3448
f 3450 3449 3448
f 3450 3448 3451
f 3450 3451 3452
f 3453 3450 3452
f 3454 3452 3455
f 3454 3453 3452
f 3456 3455 3457
f 3456 3454 3455
f 3458 3457 3459
f 3458 3456 3457
f 3460 3459 3461
f 3460 3458 3459
f 3462 3461 3463
f 3462 3460 3461
f 3464 3463 3465
f 3464 3462 3463
f 3466 3465 3467
f 3466 3467 3468
f 3466 3464 3465
f 3469 3466 3468
f 3470 3468 3471
f 3470 3469 3468
f 3472 3471 3473
f 3472 3473 3474
f 3472 3470 3471
f 3475 3472 3474
f 3476 3474 3477
f 3476 3477 3478
f 3476 3475 3474
f 3479 3476 3478
f 3480 3478 3481
f 3480 3479 3478
f 3482 3481 3483
f 3482 3480 3481
f 3484 3483 3485
f 3484 3482 3483
f 3486 3485 3487
f 3486 3484 3485
f 3488 3487 3489
f 3488 3489 3490
f 3488 3486 3487
f 3491 3490 3492
f 3491 3488 3490
f 3493 3491 3492
f 3494 3492 3495
f 3494 3495 3496
f 3494 3493 3492
f 3497 3494 3496
f 3433 3496 3431
f 3433 3497 3496
f 3437 3498 3435
f 3437 3499 3498
f 3500 3501 3502
f 3500 3503 3501
f 3504 3502 3505
f 3504 3500 3502
f 3506 3505 3507
f 3506 3504 3505
f 3508 3507 3509
f 3508 3506 3507
f 3510 3509 3511
f 3510 3511 3512
f 3510 3508 3509
f 3513 3512 3514
f 3513 3510 3512
f 3515 3513 3514
f 3516 3515 3514
f 3516 3514 3517
f 3516 3517 3518
f 3519 3516 3518
f 3520 3518 3521
f 3520 3519 3518
f 3522 3521 3523
f 3522 3520 3521
f 3524 3523 3525
f 3524 3522 3523
f 3526 3525 3527
f 3526 3524 3525
f 3528 3527 3529
f 3528 3526 3527
f 3530 3529 3531
f 3530 3528 3529
f 3532 3531 3533
f 3532 3533 3534
f 3532 3530 3531
f 3535 3532 3534
f 3536 3534 3537
f 3536 3535 3534
f 3538 3537 3539
f 3538 3539 3540
f 3538 3536 3537
f 3541 3538 3540
f 3542 3540 3543
f 3542 3543 3544
f 3542 3541 3540
f 3545 3542 3544
f 3546 3544 3547
f 3546 3545 3544
f 3548 3547 3549
f 3548 3546 3547
f 3550 3549 3551
f 3550 3548 3549
f 3552 3551 3553
f 3552 3550 3551
f 3554 3553 3555
f 3554 3555 3556
f 3554 3552 3553
f 3557 3556 3558
f 3557 3554 3556
f 3559 3557 3558
f 3560 3558 3561
f 3560 3561 3562
f 3560 3559 3558
f 3563 3560 3562
f 3499 3562 3498
f 3499 3563 3562
f 3503 3564 3501
f 3503 3565 3564
f 3566 3567 3568
f 3566 3569 3567
f 3570 3568 3571
f 3570 3566 3568
f 3572 3571 3573
f 3572 3570 3571
f 3574 3573 3575
f 3574 3572 3573
f 3576 3575 3577
f 3576 3577 3578
f 3576 3574 3575
f 3579 3578 3580
f 3579 3576 3578
f 3581 3579 3580
f 3582 3581 3580
f 3582 3580 3583
f 3582 3583 3584
f 3585 3582 3584
f 3586 3584 3587
f 3586 3585 3584
f 3588 3587 3589
f 3588 3586 3587
f 3590 3589 3591
f 3590 3588 3589
f 3592 3591 3593
f 3592 3590 3591
f 3594 3593 3595
f 3594 3592 3593
f 3596 3595 3597
f 3596 3594 3595
f 3598 3597 3599
f 3598 3599 3600
f 3598 3596 3597
f 3601 3598 3600
f 3602 3600 3603
f 3602 3601 3600
f 3604 3603 3605
f 3604 3605 3606
f 3604 3602 3603
f 3607 3604 3606
f 3608 3606 3609
f 3608 3609 3610
f 3608 3607 3606
f 3611 3608 3610
f 3612 3610 3613
f 3612 3611 3610
f 3614 3613 3615
f 3614 3612 3613
f 3616 3615 3617
f 3616 3614 3615
f 3618 3617 3619
f 3618 3616 3617
f 3620 3619 3621
f 3620 3621 3622
f 3620 3618 3619
f 3623 3622 3624
f 3623 3620 3622
f 3625 3623 3624
f 3626 3624 3627
f 3626 3627 3628
f 3626 3625 3624
f 3629 3626 3628
f 3565 3628 3564
f 3565 3629 3628
f 3569 3630 3567
f 3569 3631 3630
f 3632 3432 3633
f 3632 3430 3432
f 3634 3633 3635
f 3634 3632 3633
f 3636 3635 3637
f 3636 3634 3635
f 3638 3637 3639
f 3638 3636 3637
f 3640 3639 3641
f 3640 3641 3642
f 3640 3638 3639
f 3643 3642 3644
f 3643 3640 3642
f 3645 3643 3644
f 3646 3645 3644
f 3646 3644 3647
f 3646 3647 3648
f 3649 3646 3648
f 3650 3648 3651
f 3650 3649 3648
f 3652 3651 3653
f 3652 3650 3651
f 3654 3653 3655
f 3654 3652 3653
f 3656 3655 3657
f 3656 3654 3655
f 3658 3657 3659
f 3658 3656 3657
f 3660 3659 3661
f 3660 3658 3659
f 3662 3661 3663
f 3662 3663 3664
f 3662 3660 3661
f 3665 3662 3664
f 3666 3664 3667
f 3666 3665 3664
f 3668 3667 3669
f 3668 3669 3670
f 3668 3666 3667
f 3671 3668 3670
f 3672 3670 3673
f 3672 3673 3674
f 3672 3671 3670
f 3675 3672 3674
f 3676 3674 3677
f 3676 3675 3674
f 3678 3677 3679
f 3678 3676 3677
f 3680 3679 3681
f 3680 3678 3679
f 3682 3681 3683
f 3682 3680 3681
f 3684 3683 3685
f 3684 3685 3686
f 3684 3682 3683
f 3687 3686 3688
f 3687 3684 3686
f 3689 3687 3688
f 3690 3688 3691
f 3690 3691 3692
f 3690 3689 3688
f 3693 3690 3692
f 3631 3692 3630
f 3631 3693 3692
f 3535 3530 3532
f 3524 3526 3528
f 3524 3528 3530
f 3520 3522 3524
f 3516 3519 3520
f 3513 3515 3516
f 3508 3510 3513
f 3508 3513 3516
f 3504 3506 3508
f 3503 3500 3504
f 3503 3504 3508
f 3499 3530 3535
f 3499 3524 3530
f 3499 3520 3524
f 3499 3516 3520
f 3499 3508 3516
f 3499 3535 3536
f 3499 3536 3538
f 3499 3538 3541
f 3499 3541 3542
f 3499 3542 3545
f 3499 3545 3546
f 3499 3546 3548
f 3499 3548 3550
f 3499 3550 3552
f 3499 3552 3554
f 3499 3554 3557
f 3499 3557 3559
f 3499 3559 3560
f 3499 3560 3563
f 3499 3503 3508
f 3565 3503 3499
f 3626 3629 3565
f 3625 3626 3565
f 3620 3623 3625
f 3616 3625 3565
f 3616 3620 3625
f 3616 3618 3620
f 3612 3616 3565
f 3612 3614 3616
f 3608 3611 3612
f 3604 3612 3565
f 3604 3608 3612
f 3604 3607 3608
f 3602 3604 3565
f 3598 3601 3602
f 3596 3602 3565
f 3596 3598 3602
f 3594 3596 3565
f 3592 3594 3565
f 3590 3592 3565
f 3585 3590 3565
f 3585 3586 3588
f 3585 3588 3590
f 3581 3582 3585
f 3576 3579 3581
f 3574 3585 3565
f 3574 3581 3585
f 3574 3576 3581
f 3566 3570 3572
f 3566 3572 3574
f 3569 3565 3499
f 3569 3574 3565
f 3569 3566 3574
f 3440 3434 3438
f 3444 3440 3442
f 3444 3434 3440
f 3444 3437 3434
f 3449 3444 3447
f 3449 3437 3444
f 3453 3449 3450
f 3453 3437 3449
f 3456 3453 3454
f 3456 3437 3453
f 3462 3456 3458
f 3462 3458 3460
f 3464 3456 3462
f 3466 3456 3464
f 3469 3456 3466
f 3475 3470 3472
f 3476 3470 3475
f 3476 3456 3469
f 3476 3469 3470
f 3476 3437 3456
f 3480 3437 3476
f 3480 3476 3479
f 3488 3480 3482
f 3488 3482 3484
f 3488 3484 3486
f 3493 3480 3488
f 3493 3488 3491
f 3433 3437 3480
f 3433 3480 3493
f 3433 3493 3494
f 3433 3494 3497
f 3631 3569 3499
f 3631 3437 3433
f 3631 3433 3430
f 3631 3499 3437
f 3690 3693 3631
f 3636 3430 3632
f 3636 3632 3634
f 3638 3430 3636
f 3684 3687 3689
f 3684 3689 3690
f 3684 3631 3430
f 3684 3690 3631
f 3646 3638 3640
f 3646 3640 3643
f 3646 3643 3645
f 3678 3680 3682
f 3649 3430 3638
f 3649 3638 3646
f 3676 3678 3682
f 3650 3430 3649
f 3675 3676 3682
f 3672 3682 3684
f 3672 3675 3682
f 3654 3650 3652
f 3654 3430 3650
f 3666 3668 3671
f 3666 3671 3672
f 3658 3654 3656
f 3658 3430 3654
f 3662 3658 3660
f 3662 3665 3666
f 3662 3684 3430
f 3662 3672 3684
f 3662 3666 3672
f 3662 3430 3658
f 3533 3531 3534
f 3527 3525 3529
f 3529 3525 3531
f 3523 3521 3525
f 3518 3517 3521
f 3514 3512 3517
f 3511 3509 3512
f 3512 3509 3517
f 3507 3505 3509
f 3502 3501 3505
f 3505 3501 3509
f 3531 3498 3534
f 3525 3498 3531
f 3521 3498 3525
f 3534 3498 3537
f 3537 3498 3539
f 3539 3498 3540
f 3540 3498 3543
f 3543 3498 3544
f 3544 3498 3547
f 3547 3498 3549
f 3549 3498 3551
f 3551 3498 3553
f 3553 3498 3555
f 3555 3498 3556
f 3556 3498 3558
f 3517 3498 3521
f 3558 3498 3561
f 3561 3498 3562
f 3509 3498 3517
f 3501 3498 3509
f 3501 3564 3498
f 3628 3627 3564
f 3627 3624 3564
f 3622 3621 3624
f 3624 3617 3564
f 3619 3617 3621
f 3621 3617 3624
f 3617 3613 3564
f 3615 3613 3617
f 3610 3609 3613
f 3613 3605 3564
f 3609 3605 3613
f 3606 3605 3609
f 3605 3603 3564
f 3600 3599 3603
f 3603 3597 3564
f 3599 3597 3603
f 3597 3595 3564
f 3595 3593 3564
f 3593 3591 3564
f 3587 3584 3589
f 3589 3584 3591
f 3591 3584 3564
f 3583 3580 3584
f 3578 3577 3580
f 3584 3575 3564
f 3580 3575 3584
f 3577 3575 3580
f 3571 3568 3573
f 3573 3568 3575
f 3564 3567 3498
f 3568 3567 3575
f 3575 3567 3564
f 3436 3441 3439
f 3435 3445 3436
f 3441 3445 3443
f 3436 3445 3441
f 3445 3448 3446
f 3435 3448 3445
f 3448 3452 3451
f 3435 3452 3448
f 3452 3457 3455
f 3435 3457 3452
f 3457 3463 3459
f 3459 3463 3461
f 3457 3465 3463
f 3457 3467 3465
f 3457 3468 3467
f 3471 3474 3473
f 3457 3477 3468
f 3471 3477 3474
f 3468 3477 3471
f 3435 3477 3457
f 3435 3481 3477
f 3477 3481 3478
f 3481 3489 3483
f 3483 3489 3485
f 3485 3489 3487
f 3481 3492 3489
f 3489 3492 3490
f 3435 3431 3481
f 3481 3431 3492
f 3492 3431 3495
f 3495 3431 3496
f 3567 3630 3498
f 3435 3630 3431
f 3498 3630 3435
f 3630 3432 3431
f 3692 3691 3630
f 3633 3639 3635
f 3635 3639 3637
f 3686 3685 3688
f 3688 3685 3691
f 3630 3685 3432
f 3691 3685 3630
f 3432 3683 3633
f 3685 3683 3432
f 3639 3644 3641
f 3641 3644 3642
f 3639 3647 3644
f 3633 3648 3639
f 3639 3648 3647
f 3679 3677 3681
f 3681 3677 3683
f 3683 3674 3633
f 3677 3674 3683
f 3674 3673 3633
f 3648 3670 3651
f 3651 3670 3653
f 3653 3670 3655
f 3633 3670 3648
f 3673 3670 3633
f 3669 3667 3670
f 3655 3661 3657
f 3657 3661 3659
f 3667 3664 3670
f 3670 3663 3655
f 3655 3663 3661
f 3664 3663 3670