mtllib peg.mtl
o obj3

v 301.20996094 24.36266708 0
v 301.20996094 24.36266708 100
v 301.20001221 24.79999924 0
v 301.20001221 24.79999924 100
v 301.23983765 23.92573738 0
v 301.23983765 23.92573738 100
v 301.28961182 23.48961449 0
v 301.28961182 23.48961449 100
v 301.35922241 23.05470085 0
v 301.35922241 23.05470085 100
v 301.44863892 22.62139702 0
v 301.44863892 22.62139702 100
v 301.55773926 22.19010353 0
v 301.55773926 22.19010353 100
v 301.68643188 21.76121902 0
v 301.68643188 21.76121902 100
v 301.83459473 21.33513641 0
v 301.83459473 21.33513641 100
v 302.00210571 20.91225052 0
v 302.00210571 20.91225052 100
v 302.18881226 20.49295044 0
v 302.18881226 20.49295044 100
v 302.39453125 20.07762527 0
v 302.39453125 20.07762527 100
v 302.61907959 19.66665649 0
v 302.61907959 19.66665649 100
v 302.86224365 19.26042366 0
v 302.86224365 19.26042366 100
v 303.1237793 18.85930061 0
v 303.1237793 18.85930061 100
v 303.40350342 18.46365929 0
v 303.40350342 18.46365929 100
v 303.70111084 18.07386398 0
v 303.70111084 18.07386398 100
v 304.0163269 17.69027328 0
v 304.0163269 17.69027328 100
v 304.34887695 17.31324196 0
v 304.69845581 16.94311714 0
v 304.34887695 17.31324196 100
v 304.69845581 16.94311714 100
v 305.06472778 16.58024216 0
v 305.06472778 16.58024216 100
v 305.44735718 16.22494888 0
v 305.44735718 16.22494888 100
v 305.8460083 15.87756824 0
v 305.8460083 15.87756824 100
v 306.26028442 15.53841782 0
v 306.26028442 15.53841782 100
v 306.68984985 15.20781231 0
v 306.68984985 15.20781231 100
v 307.13424683 14.8860569 0
v 307.13424683 14.8860569 100
v 307.59310913 14.57344723 0
v 307.59310913 14.57344723 100
v 308.06600952 14.27027225 0
v 308.06600952 14.27027225 100
v 308.71759033 13.88119698 0
v 308.71759033 13.88119698 100
v 309.47817993 13.4649229 0
v 309.47817993 13.4649229 100
v 310.26641846 13.07217598 0
v 310.26641846 13.07217598 100
v 311.08065796 12.70377159 0
v 311.08065796 12.70377159 100
v 311.91925049 12.36047268 0
v 311.91925049 12.36047268 100
v 312.78039551 12.04299355 0
v 312.78039551 12.04299355 100
v 313.66235352 11.75199318 0
v 313.66235352 11.75199318 100
v 314.56329346 11.4880743 0
v 314.56329346 11.4880743 100
v 315.48129272 11.25178623 0
v 315.48129272 11.25178623 100
v 316.41452026 11.0436182 0
v 316.41452026 11.0436182 100
v 317.36099243 10.86400223 0
v 317.36099243 10.86400223 100
v 318.31872559 10.71331215 0
v 318.31872559 10.71331215 100
v 319.28579712 10.59185982 0
v 319.28579712 10.59185982 100
v 320.26013184 10.499897 0
v 320.26013184 10.499897 100
v 321.23974609 10.43761635 0
v 321.23974609 10.43761635 100
v 322.22262573 10.40514565 0
v 322.22262573 10.40514565 100
v 323.20666504 10.4025526 0
v 323.20666504 10.4025526 100
v 324.18988037 10.42984295 0
v 324.18988037 10.42984295 100
v 325.17022705 10.4869585 0
v 325.17022705 10.4869585 100
v 326.14562988 10.57378292 0
v 326.14562988 10.57378292 100
v 327.11407471 10.690135 0
v 327.11407471 10.690135 100
v 328.0736084 10.83577347 0
v 328.0736084 10.83577347 100
v 329.02215576 11.010396 0
v 329.02215576 11.010396 100
v 329.95782471 11.21363926 0
v 329.95782471 11.21363926 100
v 330.87860107 11.44508266 0
v 330.87860107 11.44508266 100
v 331.78262329 11.70424461 0
v 331.78262329 11.70424461 100
v 332.66802979 11.99058914 0
v 332.66802979 11.99058914 100
v 333.53292847 12.30351925 0
v 333.53292847 12.30351925 100
v 334.37554932 12.64238739 0
v 334.37554932 12.64238739 100
v 335.19412231 13.00648975 0
v 335.19412231 13.00648975 100
v 335.98699951 13.39507103 0
v 335.98699951 13.39507103 100
v 336.75250244 13.80732346 0
v 336.75250244 13.80732346 100
v 337.48904419 14.24239254 0
v 337.48904419 14.24239254 100
v 338.19509888 14.6993742 0
v 338.19509888 14.6993742 100
v 338.86920166 15.17732048 0
v 338.86920166 15.17732048 100
v 339.50994873 15.67524052 0
v 339.50994873 15.67524052 100
v 340.11599731 16.19209862 0
v 340.11599731 16.19209862 100
v 340.68612671 16.72682381 0
v 340.68612671 16.72682381 100
v 341.1675415 17.222435 0
v 341.1675415 17.222435 100
v 341.57440186 17.67940331 0
v 341.57440186 17.67940331 100
v 341.95571899 18.14606667 0
v 341.95571899 18.14606667 100
v 342.3109436 18.62179375 0
v 342.3109436 18.62179375 100
v 342.6395874 19.10593414 0
v 342.6395874 19.10593414 100
v 342.94122314 19.59782982 100
v 342.94122314 19.59782982 0
v 343.21542358 20.09680939 0
v 343.21542358 20.09680939 100
v 343.46182251 20.60219383 0
v 343.46182251 20.60219383 100
v 343.6595459 21.06194878 0
v 343.6595459 21.06194878 100
v 343.81781006 21.47926712 0
v 343.81781006 21.47926712 100
v 343.95730591 21.8995533 100
v 343.95730591 21.8995533 0
v 344.07788086 22.32243156 0
v 344.07788086 22.32243156 100
v 344.17947388 22.74752235 100
v 344.17947388 22.74752235 0
v 344.26193237 23.17444801 0
v 344.26193237 23.17444801 100
v 344.32522583 23.60282707 100
v 344.32522583 23.60282707 0
v 344.36929321 24.03227425 100
v 344.36929321 24.03227425 0
v 344.39407349 24.46240807 0
v 344.39407349 24.46240807 100
v 344.39953613 24.89284325 0
v 344.39953613 24.89284325 100
v 344.38574219 25.32319641 0
v 344.38574219 25.32319641 100
v 344.35263062 25.75308228 100
v 344.35263062 25.75308228 0
v 344.30029297 26.18211555 0
v 344.30029297 26.18211555 100
v 344.22869873 26.60991478 100
v 344.22869873 26.60991478 0
v 344.13800049 27.03609467 0
v 344.13800049 27.03609467 100
v 344.02819824 27.46027756 100
v 344.02819824 27.46027756 0
v 343.89944458 27.88208389 0
v 343.89944458 27.88208389 100
v 343.75183105 28.30113602 100
v 343.75183105 28.30113602 0
v 343.58551025 28.71706009 0
v 343.58551025 28.71706009 100
v 343.40060425 29.12948418 100
v 343.40060425 29.12948418 0
v 343.19729614 29.53803825 0
v 343.19729614 29.53803825 100
v 342.97576904 29.94235992 100
v 342.97576904 29.94235992 0
v 342.73620605 30.34208488 0
v 342.73620605 30.34208488 100
v 342.4788208 30.73686028 100
v 342.4788208 30.73686028 0
v 342.20385742 31.12632751 100
v 342.20385742 31.12632751 0
v 341.60217285 31.88796425 0
v 341.91156006 31.51014519 100
v 341.91156006 31.51014519 0
v 341.27600098 32.25945282 0
v 341.60217285 31.88796425 100
v 341.27600098 32.25945282 100
v 340.93331909 32.62427139 0
v 340.93331909 32.62427139 100
v 340.57440186 32.98210144 0
v 340.57440186 32.98210144 100
v 340.199646 33.33262253 0
v 340.199646 33.33262253 100
v 339.80932617 33.67551422 0
v 339.80932617 33.67551422 100
v 339.40377808 34.01047897 0
v 339.40377808 34.01047897 100
v 338.98342896 34.33721161 0
v 338.98342896 34.33721161 100
v 338.5486145 34.65542221 0
v 338.5486145 34.65542221 100
v 338.09973145 34.96482849 0
v 338.09973145 34.96482849 100
v 337.48001099 35.36319351 0
v 337.48001099 35.36319351 100
v 336.75500488 35.79126358 0
v 336.75500488 35.79126358 100
v 336.00195312 36.19724274 0
v 336.00195312 36.19724274 100
v 335.22235107 36.58030701 0
v 335.22235107 36.58030701 100
v 334.41778564 36.93968964 0
v 334.41778564 36.93968964 100
v 333.58984375 37.27466965 0
v 333.58984375 37.27466965 100
v 332.74023438 37.58456802 0
v 332.74023438 37.58456802 100
v 331.87063599 37.86876678 0
v 331.87063599 37.86876678 100
v 330.9828186 38.12669373 0
v 330.9828186 38.12669373 100
v 330.07852173 38.35783005 0
v 330.07852173 38.35783005 100
v 329.15960693 38.56171036 100
v 329.15960693 38.56171036 0
v 328.22790527 38.73792267 0
v 328.22790527 38.73792267 100
v 327.28527832 38.88611984 100
v 327.28527832 38.88611984 0
v 326.33364868 39.0059967 0
v 326.33364868 39.0059967 100
v 325.37490845 39.09731674 100
v 325.37490845 39.09731674 0
v 324.41101074 39.15989304 0
v 324.41101074 39.15989304 100
v 323.44387817 39.1935997 100
v 323.44387817 39.1935997 0
v 322.47543335 39.1983757 100
v 322.47543335 39.1983757 0
v 321.50762939 39.17420197 0
v 321.50762939 39.17420197 100
v 320.54244995 39.1211319 100
v 320.54244995 39.1211319 0
v 319.58178711 39.03927231 100
v 319.58178711 39.03927231 0
v 318.62759399 38.92879105 100
v 318.62759399 38.92879105 0
v 317.68179321 38.78990173 100
v 317.68179321 38.78990173 0
v 316.74627686 38.62289047 0
v 316.74627686 38.62289047 100
v 315.82296753 38.42808914 100
v 315.82296753 38.42808914 0
v 314.91363525 38.20589066 0
v 314.91363525 38.20589066 100
v 314.02017212 37.95674515 100
v 314.02017212 37.95674515 0
v 313.14437866 37.68114853 0
v 313.14437866 37.68114853 100
v 312.28796387 37.37965393 0
v 312.28796387 37.37965393 100
v 311.45272827 37.05287552 0
v 311.45272827 37.05287552 100
v 310.64025879 36.70146179 0
v 310.64025879 36.70146179 100
v 309.8522644 36.32612228 0
v 309.8522644 36.32612228 100
v 309.090271 35.9276123 0
v 309.090271 35.9276123 100
v 308.35586548 35.50673294 0
v 308.35586548 35.50673294 100
v 307.65048218 35.06432724 100
v 307.65048218 35.06432724 0
v 306.97555542 34.60129166 0
v 306.97555542 34.60129166 100
v 306.33242798 34.11854935 0
v 306.33242798 34.11854935 100
v 305.72244263 33.61707306 0
v 305.72244263 33.61707306 100
v 305.14675903 33.09786987 0
v 305.14675903 33.09786987 100
v 304.60656738 32.56198883 0
v 304.60656738 32.56198883 100
v 304.15164185 32.06632233 0
v 304.15164185 32.06632233 100
v 303.76815796 31.61008263 0
v 303.76815796 31.61008263 100
v 303.40975952 31.14485931 0
v 303.40975952 31.14485931 100
v 303.07696533 30.67126656 0
v 303.07696533 30.67126656 100
v 302.77017212 30.18992996 0
v 302.77017212 30.18992996 100
v 302.48977661 29.70148468 0
v 302.48977661 29.70148468 100
v 302.23620605 29.20657158 100
v 302.23620605 29.20657158 0
v 302.00973511 28.70584869 0
v 301.82937622 28.25077248 0
v 302.00973511 28.70584869 100
v 301.82937622 28.25077248 100
v 301.68618774 27.83803749 100
v 301.68618774 27.83803749 0
v 301.5612793 27.42267418 100
v 301.5612793 27.42267418 0
v 301.45474243 27.00504112 0
v 301.45474243 27.00504112 100
v 301.36669922 26.58549881 0
v 301.36669922 26.58549881 100
v 301.29718018 26.16441154 100
v 301.29718018 26.16441154 0
v 301.24627686 25.74214363 100
v 301.24627686 25.74214363 0
v 301.21405029 25.31906128 100
v 301.21405029 25.31906128 0
v 301.20352173 25.05957222 0
v 301.20352173 25.05957222 100
v 683.66149902 61.17110062 100
v 683.66149902 79.7039032 0
v 683.66149902 61.17110062 0
v 683.66149902 79.7039032 100
v 685.86444092 82.01770782 100
v 685.97808838 82.02050018 0
v 685.86444092 82.01770782 0
v 685.97808838 82.02050018 100
v 685.7510376 82.00934601 100
v 685.7510376 82.00934601 0
v 685.63818359 81.99542999 0
v 685.63818359 81.99542999 100
v 685.52618408 81.9759903 100
v 685.52618408 81.9759903 0
v 685.41522217 81.95107269 100
v 685.41522217 81.95107269 0
v 685.30560303 81.92074585 100
v 685.30560303 81.92074585 0
v 685.19763184 81.88507843 100
v 685.19763184 81.88507843 0
v 685.09155273 81.84416199 100
v 685.09155273 81.84416199 0
v 684.98760986 81.79808044 0
v 684.98760986 81.79808044 100
v 684.88604736 81.74695587 100
v 684.88604736 81.74695587 0
v 684.78710938 81.69091034 0
v 684.78710938 81.69091034 100
v 684.69104004 81.63008118 0
v 684.69104004 81.63008118 100
v 684.5980835 81.56461334 100
v 684.5980835 81.56461334 0
v 684.50848389 81.49465942 0
v 684.50848389 81.49465942 100
v 684.42236328 81.42038727 0
v 684.42236328 81.42038727 100
v 684.34002686 81.34197998 100
v 684.34002686 81.34197998 0
v 684.26159668 81.25963593 100
v 684.26159668 81.25963593 0
v 684.18731689 81.17353821 100
v 684.18731689 81.17353821 0
v 684.11737061 81.08390045 0
v 684.11737061 81.08390045 100
v 684.05194092 80.99093628 100
v 684.05194092 80.99093628 0
v 683.99108887 80.89486694 100
v 683.99108887 80.89486694 0
v 683.93505859 80.79593658 100
v 683.93505859 80.79593658 0
v 683.88391113 80.69437408 0
v 683.88391113 80.69437408 100
v 683.83782959 80.59042358 100
v 683.83782959 80.59042358 0
v 683.79693604 80.48433685 100
v 683.79693604 80.48433685 0
v 683.76123047 80.37637329 100
v 683.76123047 80.37637329 0
v 683.730896 80.26678467 100
v 683.730896 80.26678467 0
v 683.70599365 80.15584564 100
v 683.70599365 80.15584564 0
v 683.68658447 80.04381561 0
v 683.68658447 80.04381561 100
v 683.67266846 79.93096924 100
v 683.67266846 79.93096924 0
v 683.66430664 79.81757355 100
v 683.66430664 79.81757355 0
v 719.95489502 82.02050018 100
v 719.95489502 82.02050018 0
v 722.26873779 79.81757355 100
v 722.27148438 79.7039032 0
v 722.26873779 79.81757355 0
v 722.27148438 79.7039032 100
v 722.26031494 79.93096924 100
v 722.26031494 79.93096924 0
v 722.24639893 80.04381561 0
v 722.24639893 80.04381561 100
v 722.22698975 80.15584564 100
v 722.22698975 80.15584564 0
v 722.2020874 80.26678467 100
v 722.2020874 80.26678467 0
v 722.17175293 80.37637329 100
v 722.17175293 80.37637329 0
v 722.1361084 80.48433685 100
v 722.1361084 80.48433685 0
v 722.09515381 80.59042358 100
v 722.09515381 80.59042358 0
v 722.04907227 80.69437408 0
v 722.04907227 80.69437408 100
v 721.99798584 80.79593658 100
v 721.99798584 80.79593658 0
v 721.94189453 80.89486694 0
v 721.94189453 80.89486694 100
v 721.88110352 80.99093628 0
v 721.88110352 80.99093628 100
v 721.81561279 81.08390045 100
v 721.81561279 81.08390045 0
v 721.7456665 81.17353821 0
v 721.7456665 81.17353821 100
v 721.67138672 81.25963593 0
v 721.67138672 81.25963593 100
v 721.59295654 81.34197998 100
v 721.59295654 81.34197998 0
v 721.51062012 81.42038727 100
v 721.51062012 81.42038727 0
v 721.42456055 81.49465942 100
v 721.42456055 81.49465942 0
v 721.3348999 81.56461334 0
v 721.3348999 81.56461334 100
v 721.24194336 81.63008118 100
v 721.24194336 81.63008118 0
v 721.14587402 81.69091034 100
v 721.14587402 81.69091034 0
v 721.04693604 81.74695587 100
v 721.04693604 81.74695587 0
v 720.94537354 81.79808044 0
v 720.94537354 81.79808044 100
v 720.84143066 81.84416199 100
v 720.84143066 81.84416199 0
v 720.73535156 81.88507843 100
v 720.73535156 81.88507843 0
v 720.62738037 81.92074585 100
v 720.62738037 81.92074585 0
v 720.51776123 81.95107269 100
v 720.51776123 81.95107269 0
v 720.40686035 81.9759903 100
v 720.40686035 81.9759903 0
v 720.2947998 81.99542999 0
v 720.2947998 81.99542999 100
v 720.1819458 82.00934601 100
v 720.1819458 82.00934601 0
v 720.06854248 82.01770782 100
v 720.06854248 82.01770782 0
v 722.27148438 61.17110062 0
v 722.27148438 61.17110062 100
v 720.06854248 58.85729218 100
v 719.95489502 58.85449982 0
v 720.06854248 58.85729218 0
v 719.95489502 58.85449982 100
v 720.1819458 58.86565399 100
v 720.1819458 58.86565399 0
v 720.2947998 58.87957382 0
v 720.2947998 58.87957382 100
v 720.40686035 58.89901352 100
v 720.40686035 58.89901352 0
v 720.51776123 58.92392731 100
v 720.51776123 58.92392731 0
v 720.62738037 58.95425034 100
v 720.62738037 58.95425034 0
v 720.73535156 58.98991776 100
v 720.73535156 58.98991776 0
v 720.84143066 59.03084183 100
v 720.84143066 59.03084183 0
v 720.94537354 59.07691956 0
v 720.94537354 59.07691956 100
v 721.04693604 59.12804031 100
v 721.04693604 59.12804031 0
v 721.14587402 59.18408585 0
v 721.14587402 59.18408585 100
v 721.24194336 59.24491882 0
v 721.24194336 59.24491882 100
v 721.3348999 59.31039047 100
v 721.3348999 59.31039047 0
v 721.42456055 59.38034439 0
v 721.42456055 59.38034439 100
v 721.51062012 59.45461273 0
v 721.51062012 59.45461273 100
v 721.59295654 59.5330162 100
v 721.59295654 59.5330162 0
v 721.67138672 59.61536789 100
v 721.67138672 59.61536789 0
v 721.7456665 59.70146561 100
v 721.7456665 59.70146561 0
v 721.81561279 59.79110336 0
v 721.81561279 59.79110336 100
v 721.88110352 59.88406754 100
v 721.88110352 59.88406754 0
v 721.94189453 59.98012924 100
v 721.94189453 59.98012924 0
v 721.99798584 60.07906342 100
v 721.99798584 60.07906342 0
v 722.04907227 60.18062592 0
v 722.04907227 60.18062592 100
v 722.09515381 60.28457642 100
v 722.09515381 60.28457642 0
v 722.1361084 60.39065933 100
v 722.1361084 60.39065933 0
v 722.17175293 60.49862671 100
v 722.17175293 60.49862671 0
v 722.2020874 60.60821152 100
v 722.2020874 60.60821152 0
v 722.22698975 60.71915436 100
v 722.22698975 60.71915436 0
v 722.24639893 60.83118439 0
v 722.24639893 60.83118439 100
v 722.26031494 60.94403458 100
v 722.26031494 60.94403458 0
v 722.26873779 61.05743027 100
v 722.26873779 61.05743027 0
v 717.45428467 58.85449982 0
v 717.45428467 58.85449982 100
v 715.18725586 60.69440079 100
v 715.16668701 60.80532074 0
v 715.18725586 60.69440079 0
v 715.16668701 60.80532074 100
v 715.21313477 60.58460999 100
v 715.21313477 60.58460999 0
v 715.24432373 60.47621155 0
v 715.24432373 60.47621155 100
v 715.28076172 60.36945724 100
v 715.28076172 60.36945724 0
v 715.3223877 60.26460648 100
v 715.3223877 60.26460648 0
v 715.36901855 60.16190338 0
v 715.36901855 60.16190338 100
v 715.4206543 60.06159592 100
v 715.4206543 60.06159592 0
v 715.47705078 59.96391678 100
v 715.47705078 59.96391678 0
v 715.53814697 59.86909866 0
v 715.53814697 59.86909866 100
v 715.6038208 59.77737045 100
v 715.6038208 59.77737045 0
v 715.67382812 59.68894577 100
v 715.67382812 59.68894577 0
v 715.74810791 59.60403442 100
v 715.74810791 59.60403442 0
v 715.82641602 59.52283859 100
v 715.82641602 59.52283859 0
v 715.90856934 59.44555283 100
v 715.90856934 59.44555283 0
v 715.99438477 59.37235641 0
v 715.99438477 59.37235641 100
v 716.0836792 59.30342484 100
v 716.0836792 59.30342484 0
v 716.17626953 59.23892212 100
v 716.17626953 59.23892212 0
v 716.27178955 59.17900085 100
v 716.27178955 59.17900085 0
v 716.37017822 59.12380219 0
v 716.37017822 59.12380219 100
v 716.47113037 59.07345963 100
v 716.47113037 59.07345963 0
v 716.57440186 59.02808762 100
v 716.57440186 59.02808762 0
v 716.67974854 58.9878006 100
v 716.67974854 58.9878006 0
v 716.7869873 58.95268631 100
v 716.7869873 58.95268631 0
v 716.89575195 58.92283249 0
v 716.89575195 58.92283249 100
v 717.00585938 58.89831161 100
v 717.00585938 58.89831161 0
v 717.11700439 58.87917709 100
v 717.11700439 58.87917709 0
v 717.22900391 58.86547852 0
v 717.22900391 58.86547852 100
v 717.3414917 58.8572464 100
v 717.3414917 58.8572464 0
v 715.05511475 61.40722656 100
v 715.05511475 61.40722656 0
v 714.91381836 62.00286484 100
v 714.91381836 62.00286484 0
v 714.7432251 62.59077454 100
v 714.7432251 62.59077454 0
v 714.54370117 63.1695137 100
v 714.54370117 63.1695137 0
v 714.31573486 63.73765945 100
v 714.31573486 63.73765945 0
v 714.05993652 64.29381561 100
v 714.05993652 64.29381561 0
v 713.7769165 64.83661652 100
v 713.7769165 64.83661652 0
v 713.46734619 65.36473846 100
v 713.46734619 65.36473846 0
v 713.13201904 65.87687683 100
v 713.13201904 65.87687683 0
v 712.77166748 66.37177277 100
v 712.77166748 66.37177277 0
v 712.3873291 66.8482132 100
v 712.3873291 66.8482132 0
v 711.97979736 67.30503082 100
v 711.97979736 67.30503082 0
v 711.5501709 67.74110413 100
v 711.5501709 67.74110413 0
v 711.09942627 68.15536499 100
v 711.09942627 68.15536499 0
v 710.62878418 68.54678345 100
v 710.62878418 68.54678345 0
v 710.13928223 68.91442108 100
v 710.13928223 68.91442108 0
v 709.63220215 69.25735474 100
v 709.63220215 69.25735474 0
v 709.10876465 69.57474518 100
v 709.10876465 69.57474518 0
v 708.57019043 69.86582947 100
v 708.57019043 69.86582947 0
v 708.01794434 70.12987518 100
v 708.01794434 70.12987518 0
v 707.45324707 70.36624146 100
v 707.45324707 70.36624146 0
v 706.87750244 70.57434845 100
v 706.87750244 70.57434845 0
v 706.29223633 70.753685 100
v 706.29223633 70.753685 0
v 705.69873047 70.90380859 100
v 705.69873047 70.90380859 0
v 705.09857178 71.02435303 100
v 705.09857178 71.02435303 0
v 704.49316406 71.11502075 100
v 704.49316406 71.11502075 0
v 703.88397217 71.17558289 100
v 703.88397217 71.17558289 0
v 703.27258301 71.20590973 100
v 703.27258301 71.20590973 0
v 702.66040039 71.20590973 100
v 702.66040039 71.20590973 0
v 702.04901123 71.17558289 100
v 702.04901123 71.17558289 0
v 701.43981934 71.11502075 100
v 701.43981934 71.11502075 0
v 700.83441162 71.02435303 100
v 700.83441162 71.02435303 0
v 700.23425293 70.90380859 100
v 700.23425293 70.90380859 0
v 699.64080811 70.753685 100
v 699.64080811 70.753685 0
v 699.05548096 70.57434845 100
v 699.05548096 70.57434845 0
v 698.47973633 70.36624146 100
v 698.47973633 70.36624146 0
v 697.9151001 70.12987518 100
v 697.9151001 70.12987518 0
v 697.36279297 69.86582947 100
v 697.36279297 69.86582947 0
v 696.82421875 69.57474518 100
v 696.82421875 69.57474518 0
v 696.30078125 69.25735474 100
v 696.30078125 69.25735474 0
v 695.79370117 68.91442108 100
v 695.79370117 68.91442108 0
v 695.30419922 68.54678345 100
v 695.30419922 68.54678345 0
v 694.83355713 68.15536499 100
v 694.83355713 68.15536499 0
v 694.3828125 67.74110413 100
v 694.3828125 67.74110413 0
v 693.95318604 67.30503082 100
v 693.95318604 67.30503082 0
v 693.54571533 66.8482132 100
v 693.54571533 66.8482132 0
v 693.16131592 66.37177277 100
v 693.16131592 66.37177277 0
v 692.80102539 65.87687683 100
v 692.80102539 65.87687683 0
v 692.46563721 65.36473846 100
v 692.46563721 65.36473846 0
v 692.15606689 64.83661652 100
v 692.15606689 64.83661652 0
v 691.87304688 64.29381561 100
v 691.87304688 64.29381561 0
v 691.61724854 63.73765945 100
v 691.61724854 63.73765945 0
v 691.38928223 63.1695137 0
v 691.38928223 63.1695137 100
v 691.1897583 62.59077454 100
v 691.1897583 62.59077454 0
v 691.01916504 62.00286484 100
v 691.01916504 62.00286484 0
v 690.87786865 61.40722656 100
v 690.87786865 61.40722656 0
v 690.76629639 60.80532074 100
v 690.76629639 60.80532074 0
v 688.5914917 58.8572464 100
v 688.47875977 58.85449982 0
v 688.5914917 58.8572464 0
v 688.47875977 58.85449982 100
v 688.70404053 58.86547852 100
v 688.70404053 58.86547852 0
v 688.815979 58.87917709 0
v 688.815979 58.87917709 100
v 688.92712402 58.89831161 100
v 688.92712402 58.89831161 0
v 689.03723145 58.92283249 0
v 689.03723145 58.92283249 100
v 689.14605713 58.95268631 100
v 689.14605713 58.95268631 0
v 689.25323486 58.9878006 100
v 689.25323486 58.9878006 0
v 689.35858154 59.02808762 0
v 689.35858154 59.02808762 100
v 689.46185303 59.07345963 100
v 689.46185303 59.07345963 0
v 689.56280518 59.12380219 100
v 689.56280518 59.12380219 0
v 689.66119385 59.17900085 0
v 689.66119385 59.17900085 100
v 689.7567749 59.23892212 100
v 689.7567749 59.23892212 0
v 689.8493042 59.30342484 100
v 689.8493042 59.30342484 0
v 689.93859863 59.37235641 100
v 689.93859863 59.37235641 0
v 690.02441406 59.44555283 100
v 690.02441406 59.44555283 0
v 690.10656738 59.52283859 0
v 690.10656738 59.52283859 100
v 690.18487549 59.60403442 100
v 690.18487549 59.60403442 0
v 690.25915527 59.68894577 0
v 690.25915527 59.68894577 100
v 690.3291626 59.77737045 0
v 690.3291626 59.77737045 100
v 690.39483643 59.86909866 0
v 690.39483643 59.86909866 100
v 690.45593262 59.96391678 100
v 690.45593262 59.96391678 0
v 690.51239014 60.06159592 100
v 690.51239014 60.06159592 0
v 690.56396484 60.16190338 100
v 690.56396484 60.16190338 0
v 690.6105957 60.26460648 100
v 690.6105957 60.26460648 0
v 690.65222168 60.36945724 100
v 690.65222168 60.36945724 0
v 690.68865967 60.47621155 100
v 690.68865967 60.47621155 0
v 690.71984863 60.58460999 0
v 690.71984863 60.58460999 100
v 690.74578857 60.69440079 100
v 690.74578857 60.69440079 0
v 685.97808838 58.85449982 0
v 685.97808838 58.85449982 100
v 683.66430664 61.05743027 100
v 683.66430664 61.05743027 0
v 683.67266846 60.94403458 100
v 683.67266846 60.94403458 0
v 683.68658447 60.83118439 0
v 683.68658447 60.83118439 100
v 683.70599365 60.71915436 100
v 683.70599365 60.71915436 0
v 683.730896 60.60821152 100
v 683.730896 60.60821152 0
v 683.76123047 60.49862671 100
v 683.76123047 60.49862671 0
v 683.79693604 60.39065933 100
v 683.79693604 60.39065933 0
v 683.83782959 60.28457642 100
v 683.83782959 60.28457642 0
v 683.88391113 60.18062592 0
v 683.88391113 60.18062592 100
v 683.93505859 60.07906342 100
v 683.93505859 60.07906342 0
v 683.99108887 59.98012924 0
v 683.99108887 59.98012924 100
v 684.05194092 59.88406754 0
v 684.05194092 59.88406754 100
v 684.11737061 59.79110336 100
v 684.11737061 59.79110336 0
v 684.18731689 59.70146561 0
v 684.18731689 59.70146561 100
v 684.26159668 59.61536789 0
v 684.26159668 59.61536789 100
v 684.34002686 59.5330162 100
v 684.34002686 59.5330162 0
v 684.42236328 59.45461273 100
v 684.42236328 59.45461273 0
v 684.50848389 59.38034439 100
v 684.50848389 59.38034439 0
v 684.5980835 59.31039047 0
v 684.5980835 59.31039047 100
v 684.69104004 59.24491882 100
v 684.69104004 59.24491882 0
v 684.78710938 59.18408585 100
v 684.78710938 59.18408585 0
v 684.88604736 59.12804031 100
v 684.88604736 59.12804031 0
v 684.98760986 59.07691956 0
v 684.98760986 59.07691956 100
v 685.09155273 59.03084183 100
v 685.09155273 59.03084183 0
v 685.19763184 58.98991776 100
v 685.19763184 58.98991776 0
v 685.30560303 58.95425034 100
v 685.30560303 58.95425034 0
v 685.41522217 58.92392731 100
v 685.41522217 58.92392731 0
v 685.52618408 58.89901352 100
v 685.52618408 58.89901352 0
v 685.63818359 58.87957382 0
v 685.63818359 58.87957382 100
v 685.7510376 58.86565399 100
v 685.7510376 58.86565399 0
v 685.86444092 58.85729218 100
v 685.86444092 58.85729218 0
v 134.9881134 97.6341629 100
v 92.29788208 97.6341629 0
v 134.9881134 97.6341629 0
v 92.29788208 97.6341629 100
v 88.74464417 101.01712036 100
v 88.74035645 101.19168091 0
v 88.74464417 101.01712036 0
v 88.74035645 101.19168091 100
v 88.75749207 100.84297943 100
v 88.75749207 100.84297943 0
v 88.778862 100.66968536 0
v 88.778862 100.66968536 100
v 88.80871582 100.49764252 100
v 88.80871582 100.49764252 0
v 88.84697723 100.32727051 100
v 88.84697723 100.32727051 0
v 88.89354706 100.15898895 100
v 88.89354706 100.15898895 0
v 88.94831848 99.99318695 100
v 88.94831848 99.99318695 0
v 89.0111618 99.83027649 100
v 89.0111618 99.83027649 0
v 89.08191681 99.67064667 0
v 89.08191681 99.67064667 100
v 89.16043091 99.51467896 100
v 89.16043091 99.51467896 0
v 89.24649048 99.36274719 0
v 89.24649048 99.36274719 100
v 89.33991241 99.21522522 0
v 89.33991241 99.21522522 100
v 89.44045258 99.07247162 100
v 89.44045258 99.07247162 0
v 89.54788208 98.93481445 0
v 89.54788208 98.93481445 100
v 89.6619339 98.80259705 0
v 89.6619339 98.80259705 100
v 89.78233337 98.6761322 100
v 89.78233337 98.6761322 0
v 89.90879822 98.55573273 100
v 89.90879822 98.55573273 0
v 90.04101562 98.44168091 100
v 90.04101562 98.44168091 0
v 90.17866516 98.3342514 0
v 90.17866516 98.3342514 100
v 90.32142639 98.23371124 100
v 90.32142639 98.23371124 0
v 90.46894836 98.14029694 100
v 90.46894836 98.14029694 0
v 90.62088013 98.05422974 100
v 90.62088013 98.05422974 0
v 90.77684784 97.97572327 0
v 90.77684784 97.97572327 100
v 90.93647766 97.90496063 100
v 90.93647766 97.90496063 0
v 91.09938812 97.84211731 100
v 91.09938812 97.84211731 0
v 91.26519012 97.78734589 100
v 91.26519012 97.78734589 0
v 91.43347168 97.74077606 100
v 91.43347168 97.74077606 0
v 91.60384369 97.70251465 100
v 91.60384369 97.70251465 0
v 91.77588654 97.67266846 0
v 91.77588654 97.67266846 100
v 91.9491806 97.65129089 100
v 91.9491806 97.65129089 0
v 92.12332153 97.63844299 100
v 92.12332153 97.63844299 0
v 88.74035645 126.0943222 0
v 88.74035645 126.0943222 100
v 92.12332153 129.64755249 100
v 92.29788208 129.65184021 0
v 92.12332153 129.64755249 0
v 92.29788208 129.65184021 100
v 91.9491806 129.63470459 100
v 91.9491806 129.63470459 0
v 91.77588654 129.61334229 0
v 91.77588654 129.61334229 100
v 91.60384369 129.58348083 100
v 91.60384369 129.58348083 0
v 91.43347168 129.54522705 100
v 91.43347168 129.54522705 0
v 91.26519012 129.49865723 100
v 91.26519012 129.49865723 0
v 91.09938812 129.44387817 100
v 91.09938812 129.44387817 0
v 90.93647766 129.38104248 100
v 90.93647766 129.38104248 0
v 90.77684784 129.31028748 0
v 90.77684784 129.31028748 100
v 90.62088013 129.23176575 100
v 90.62088013 129.23176575 0
v 90.46894836 129.14570618 0
v 90.46894836 129.14570618 100
v 90.32142639 129.05229187 0
v 90.32142639 129.05229187 100
v 90.17866516 128.95175171 100
v 90.17866516 128.95175171 0
v 90.04101562 128.84431458 0
v 90.04101562 128.84431458 100
v 89.90879822 128.73027039 0
v 89.90879822 128.73027039 100
v 89.78233337 128.60986328 100
v 89.78233337 128.60986328 0
v 89.6619339 128.48339844 100
v 89.6619339 128.48339844 0
v 89.54788208 128.35118103 100
v 89.54788208 128.35118103 0
v 89.44045258 128.21353149 0
v 89.44045258 128.21353149 100
v 89.33991241 128.07077026 100
v 89.33991241 128.07077026 0
v 89.24649048 127.92324829 100
v 89.24649048 127.92324829 0
v 89.16043091 127.77132416 100
v 89.16043091 127.77132416 0
v 89.08191681 127.61535645 0
v 89.08191681 127.61535645 100
v 89.0111618 127.45572662 100
v 89.0111618 127.45572662 0
v 88.94831848 127.29281616 100
v 88.94831848 127.29281616 0
v 88.89354706 127.12701416 100
v 88.89354706 127.12701416 0
v 88.84697723 126.95872498 100
v 88.84697723 126.95872498 0
v 88.80871582 126.7883606 100
v 88.80871582 126.7883606 0
v 88.778862 126.61631775 0
v 88.778862 126.61631775 100
v 88.75749207 126.44301605 100
v 88.75749207 126.44301605 0
v 88.74464417 126.26888275 100
v 88.74464417 126.26888275 0
v 134.9881134 129.65184021 0
v 134.9881134 129.65184021 100
v 138.54135132 126.26888275 100
v 138.54563904 126.0943222 0
v 138.54135132 126.26888275 0
v 138.54563904 126.0943222 100
v 138.52850342 126.44301605 100
v 138.52850342 126.44301605 0
v 138.50714111 126.61631775 0
v 138.50714111 126.61631775 100
v 138.47727966 126.7883606 100
v 138.47727966 126.7883606 0
v 138.43902588 126.95872498 100
v 138.43902588 126.95872498 0
v 138.39245605 127.12701416 100
v 138.39245605 127.12701416 0
v 138.337677 127.29281616 100
v 138.337677 127.29281616 0
v 138.27484131 127.45572662 100
v 138.27484131 127.45572662 0
v 138.2040863 127.61535645 0
v 138.2040863 127.61535645 100
v 138.12557983 127.77132416 100
v 138.12557983 127.77132416 0
v 138.039505 127.92324829 0
v 138.039505 127.92324829 100
v 137.9460907 128.07077026 0
v 137.9460907 128.07077026 100
v 137.84555054 128.21353149 100
v 137.84555054 128.21353149 0
v 137.7381134 128.35118103 0
v 137.7381134 128.35118103 100
v 137.62406921 128.48339844 0
v 137.62406921 128.48339844 100
v 137.50366211 128.60986328 100
v 137.50366211 128.60986328 0
v 137.37719727 128.73027039 100
v 137.37719727 128.73027039 0
v 137.24497986 128.84431458 100
v 137.24497986 128.84431458 0
v 137.10733032 128.95175171 0
v 137.10733032 128.95175171 100
v 136.96456909 129.05229187 100
v 136.96456909 129.05229187 0
v 136.81704712 129.14570618 100
v 136.81704712 129.14570618 0
v 136.66513062 129.23176575 100
v 136.66513062 129.23176575 0
v 136.50915527 129.31028748 0
v 136.50915527 129.31028748 100
v 136.34951782 129.38104248 100
v 136.34951782 129.38104248 0
v 136.18661499 129.44387817 100
v 136.18661499 129.44387817 0
v 136.02081299 129.49865723 100
v 136.02081299 129.49865723 0
v 135.8525238 129.54522705 100
v 135.8525238 129.54522705 0
v 135.68215942 129.58348083 100
v 135.68215942 129.58348083 0
v 135.51011658 129.61334229 0
v 135.51011658 129.61334229 100
v 135.33682251 129.63470459 100
v 135.33682251 129.63470459 0
v 135.16267395 129.64755249 100
v 135.16267395 129.64755249 0
v 138.54563904 101.19168091 0
v 138.54563904 101.19168091 100
v 135.16267395 97.63844299 100
v 135.16267395 97.63844299 0
v 135.33682251 97.65129089 100
v 135.33682251 97.65129089 0
v 135.51011658 97.67266846 0
v 135.51011658 97.67266846 100
v 135.68215942 97.70251465 100
v 135.68215942 97.70251465 0
v 135.8525238 97.74077606 100
v 135.8525238 97.74077606 0
v 136.02081299 97.78734589 100
v 136.02081299 97.78734589 0
v 136.18661499 97.84211731 100
v 136.18661499 97.84211731 0
v 136.34951782 97.90496063 100
v 136.34951782 97.90496063 0
v 136.50915527 97.97572327 0
v 136.50915527 97.97572327 100
v 136.66513062 98.05422974 100
v 136.66513062 98.05422974 0
v 136.81704712 98.14029694 0
v 136.81704712 98.14029694 100
v 136.96456909 98.23371124 0
v 136.96456909 98.23371124 100
v 137.10733032 98.3342514 100
v 137.10733032 98.3342514 0
v 137.24497986 98.44168091 0
v 137.24497986 98.44168091 100
v 137.37719727 98.55573273 0
v 137.37719727 98.55573273 100
v 137.50366211 98.6761322 100
v 137.50366211 98.6761322 0
v 137.62406921 98.80259705 100
v 137.62406921 98.80259705 0
v 137.7381134 98.93481445 100
v 137.7381134 98.93481445 0
v 137.84555054 99.07247162 0
v 137.84555054 99.07247162 100
v 137.9460907 99.21522522 100
v 137.9460907 99.21522522 0
v 138.039505 99.36274719 100
v 138.039505 99.36274719 0
v 138.12557983 99.51467896 100
v 138.12557983 99.51467896 0
v 138.2040863 99.67064667 0
v 138.2040863 99.67064667 100
v 138.27484131 99.83027649 100
v 138.27484131 99.83027649 0
v 138.337677 99.99318695 100
v 138.337677 99.99318695 0
v 138.39245605 100.15898895 100
v 138.39245605 100.15898895 0
v 138.43902588 100.32727051 100
v 138.43902588 100.32727051 0
v 138.47727966 100.49764252 100
v 138.47727966 100.49764252 0
v 138.50714111 100.66968536 0
v 138.50714111 100.66968536 100
v 138.52850342 100.84297943 100
v 138.52850342 100.84297943 0
v 138.54135132 101.01712036 100
v 138.54135132 101.01712036 0
v 410.16000366 81.91999817 100
v 410.16000366 81.91999817 0
v 410.16000366 102.08000183 0
v 410.16000366 102.08000183 100
v 407.42132568 79.04347229 100
v 407.27999878 79.04000092 0
v 407.42132568 79.04347229 0
v 407.27999878 79.04000092 100
v 407.56228638 79.05387115 100
v 407.56228638 79.05387115 0
v 407.70257568 79.07117462 0
v 407.70257568 79.07117462 100
v 407.84185791 79.09533691 100
v 407.84185791 79.09533691 0
v 407.97979736 79.12631226 100
v 407.97979736 79.12631226 0
v 408.11602783 79.16400909 100
v 408.11602783 79.16400909 0
v 408.25024414 79.20835114 100
v 408.25024414 79.20835114 0
v 408.38214111 79.25922394 100
v 408.38214111 79.25922394 0
v 408.51135254 79.31651306 0
v 408.51135254 79.31651306 100
v 408.63763428 79.38006592 100
v 408.63763428 79.38006592 0
v 408.76062012 79.44974518 0
v 408.76062012 79.44974518 100
v 408.8800354 79.52536774 0
v 408.8800354 79.52536774 100
v 408.99560547 79.60676575 100
v 408.99560547 79.60676575 0
v 409.10705566 79.69373322 0
v 409.10705566 79.69373322 100
v 409.21408081 79.78606415 0
v 409.21408081 79.78606415 100
v 409.31646729 79.88352966 100
v 409.31646729 79.88352966 0
v 409.41394043 79.98590851 100
v 409.41394043 79.98590851 0
v 409.5062561 80.09294891 100
v 409.5062561 80.09294891 0
v 409.5932312 80.20438385 0
v 409.5932312 80.20438385 100
v 409.67462158 80.31995392 100
v 409.67462158 80.31995392 0
v 409.75024414 80.43938446 100
v 409.75024414 80.43938446 0
v 409.81994629 80.56237793 100
v 409.81994629 80.56237793 0
v 409.88348389 80.68864441 0
v 409.88348389 80.68864441 100
v 409.94076538 80.81787109 100
v 409.94076538 80.81787109 0
v 409.99163818 80.94976044 100
v 409.99163818 80.94976044 0
v 410.03598022 81.08397675 100
v 410.03598022 81.08397675 0
v 410.07369995 81.22021484 100
v 410.07369995 81.22021484 0
v 410.10467529 81.35813904 100
v 410.10467529 81.35813904 0
v 410.1288147 81.49741364 0
v 410.1288147 81.49741364 100
v 410.14611816 81.63771057 100
v 410.14611816 81.63771057 0
v 410.15652466 81.77868652 100
v 410.15652466 81.77868652 0
v 372.72000122 79.04000092 0
v 372.72000122 79.04000092 100
v 369.84347534 81.77868652 100
v 369.83999634 81.91999817 0
v 369.84347534 81.77868652 0
v 369.83999634 81.91999817 100
v 369.85388184 81.63771057 100
v 369.85388184 81.63771057 0
v 369.8711853 81.49741364 0
v 369.8711853 81.49741364 100
v 369.89532471 81.35813904 100
v 369.89532471 81.35813904 0
v 369.92630005 81.22021484 100
v 369.92630005 81.22021484 0
v 369.96401978 81.08397675 100
v 369.96401978 81.08397675 0
v 370.00836182 80.94976044 100
v 370.00836182 80.94976044 0
v 370.05923462 80.81787109 100
v 370.05923462 80.81787109 0
v 370.11651611 80.68864441 0
v 370.11651611 80.68864441 100
v 370.18005371 80.56237793 100
v 370.18005371 80.56237793 0
v 370.24975586 80.43938446 0
v 370.24975586 80.43938446 100
v 370.32537842 80.31995392 0
v 370.32537842 80.31995392 100
v 370.4067688 80.20438385 100
v 370.4067688 80.20438385 0
v 370.4937439 80.09294891 0
v 370.4937439 80.09294891 100
v 370.58605957 79.98590851 0
v 370.58605957 79.98590851 100
v 370.68353271 79.88352966 100
v 370.68353271 79.88352966 0
v 370.78591919 79.78606415 100
v 370.78591919 79.78606415 0
v 370.89294434 79.69373322 100
v 370.89294434 79.69373322 0
v 371.00439453 79.60676575 0
v 371.00439453 79.60676575 100
v 371.1199646 79.52536774 100
v 371.1199646 79.52536774 0
v 371.23937988 79.44974518 100
v 371.23937988 79.44974518 0
v 371.36236572 79.38006592 100
v 371.36236572 79.38006592 0
v 371.48864746 79.31651306 0
v 371.48864746 79.31651306 100
v 371.61785889 79.25922394 100
v 371.61785889 79.25922394 0
v 371.74975586 79.20835114 100
v 371.74975586 79.20835114 0
v 371.88397217 79.16400909 100
v 371.88397217 79.16400909 0
v 372.02020264 79.12631226 100
v 372.02020264 79.12631226 0
v 372.15814209 79.09533691 100
v 372.15814209 79.09533691 0
v 372.29742432 79.07117462 0
v 372.29742432 79.07117462 100
v 372.43771362 79.05387115 100
v 372.43771362 79.05387115 0
v 372.57867432 79.04347229 100
v 372.57867432 79.04347229 0
v 369.83999634 102.08000183 100
v 369.83999634 102.08000183 0
v 372.57867432 104.95652771 100
v 372.72000122 104.95999908 0
v 372.57867432 104.95652771 0
v 372.72000122 104.95999908 100
v 372.43771362 104.94612885 100
v 372.43771362 104.94612885 0
v 372.29742432 104.92882538 0
v 372.29742432 104.92882538 100
v 372.15814209 104.90466309 100
v 372.15814209 104.90466309 0
v 372.02020264 104.87368774 100
v 372.02020264 104.87368774 0
v 371.88397217 104.83599091 100
v 371.88397217 104.83599091 0
v 371.74975586 104.79164886 100
v 371.74975586 104.79164886 0
v 371.61785889 104.74077606 100
v 371.61785889 104.74077606 0
v 371.48864746 104.68348694 0
v 371.48864746 104.68348694 100
v 371.36236572 104.61993408 100
v 371.36236572 104.61993408 0
v 371.23937988 104.55025482 0
v 371.23937988 104.55025482 100
v 371.1199646 104.47463226 0
v 371.1199646 104.47463226 100
v 371.00439453 104.39323425 100
v 371.00439453 104.39323425 0
v 370.89294434 104.30626678 0
v 370.89294434 104.30626678 100
v 370.78591919 104.21393585 0
v 370.78591919 104.21393585 100
v 370.68353271 104.11647034 100
v 370.68353271 104.11647034 0
v 370.58605957 104.01409149 100
v 370.58605957 104.01409149 0
v 370.4937439 103.90705109 100
v 370.4937439 103.90705109 0
v 370.4067688 103.79561615 0
v 370.4067688 103.79561615 100
v 370.32537842 103.68004608 100
v 370.32537842 103.68004608 0
v 370.24975586 103.56061554 100
v 370.24975586 103.56061554 0
v 370.18005371 103.43762207 100
v 370.18005371 103.43762207 0
v 370.11651611 103.31135559 0
v 370.11651611 103.31135559 100
v 370.05923462 103.18212891 100
v 370.05923462 103.18212891 0
v 370.00836182 103.05023956 100
v 370.00836182 103.05023956 0
v 369.96401978 102.91602325 100
v 369.96401978 102.91602325 0
v 369.92630005 102.77978516 100
v 369.92630005 102.77978516 0
v 369.89532471 102.64186096 100
v 369.89532471 102.64186096 0
v 369.8711853 102.50258636 0
v 369.8711853 102.50258636 100
v 369.85388184 102.36228943 100
v 369.85388184 102.36228943 0
v 369.84347534 102.22131348 100
v 369.84347534 102.22131348 0
v 407.27999878 104.95999908 0
v 407.27999878 104.95999908 100
v 410.15652466 102.22131348 100
v 410.15652466 102.22131348 0
v 410.14611816 102.36228943 100
v 410.14611816 102.36228943 0
v 410.1288147 102.50258636 0
v 410.1288147 102.50258636 100
v 410.10467529 102.64186096 100
v 410.10467529 102.64186096 0
v 410.07369995 102.77978516 100
v 410.07369995 102.77978516 0
v 410.03598022 102.91602325 100
v 410.03598022 102.91602325 0
v 409.99163818 103.05023956 100
v 409.99163818 103.05023956 0
v 409.94076538 103.18212891 100
v 409.94076538 103.18212891 0
v 409.88348389 103.31135559 0
v 409.88348389 103.31135559 100
v 409.81994629 103.43762207 100
v 409.81994629 103.43762207 0
v 409.75024414 103.56061554 0
v 409.75024414 103.56061554 100
v 409.67462158 103.68004608 0
v 409.67462158 103.68004608 100
v 409.5932312 103.79561615 100
v 409.5932312 103.79561615 0
v 409.5062561 103.90705109 0
v 409.5062561 103.90705109 100
v 409.41394043 104.01409149 0
v 409.41394043 104.01409149 100
v 409.31646729 104.11647034 100
v 409.31646729 104.11647034 0
v 409.21408081 104.21393585 100
v 409.21408081 104.21393585 0
v 409.10705566 104.30626678 100
v 409.10705566 104.30626678 0
v 408.99560547 104.39323425 0
v 408.99560547 104.39323425 100
v 408.8800354 104.47463226 100
v 408.8800354 104.47463226 0
v 408.76062012 104.55025482 100
v 408.76062012 104.55025482 0
v 408.63763428 104.61993408 100
v 408.63763428 104.61993408 0
v 408.51135254 104.68348694 0
v 408.51135254 104.68348694 100
v 408.38214111 104.74077606 100
v 408.38214111 104.74077606 0
v 408.25024414 104.79164886 100
v 408.25024414 104.79164886 0
v 408.11602783 104.83599091 100
v 408.11602783 104.83599091 0
v 407.97979736 104.87368774 100
v 407.97979736 104.87368774 0
v 407.84185791 104.90466309 100
v 407.84185791 104.90466309 0
v 407.70257568 104.92882538 0
v 407.70257568 104.92882538 100
v 407.56228638 104.94612885 100
v 407.56228638 104.94612885 0
v 407.42132568 104.95652771 100
v 407.42132568 104.95652771 0
v 44.35056686 -68.62188721 95
v 12.67056751 -68.62188721 100
v 44.35056686 -68.62188721 100
v 12.67056751 -68.62188721 95
v 4.43986225 -82.87789154 95
v 20.27986145 -110.31357574 100
v 4.43986225 -82.87789154 100
v 20.27986145 -110.31357574 95
v 36.74127197 -110.31357574 95
v 52.58127213 -82.87789154 100
v 36.74127197 -110.31357574 100
v 52.58127213 -82.87789154 95
v 5.86696911 -84.76193237 100
v 19.39154625 -108.23915863 100
v 19.27447128 -107.80223083 100
v 6.20620584 -85.09281158 100
v 19.17831802 -107.36022186 100
v 6.56151438 -85.4063797 100
v 19.10330391 -106.91413116 100
v 6.93201065 -85.70183563 100
v 19.04960251 -106.46498871 100
v 7.31677389 -85.97846222 100
v 19.01733208 -106.01379395 100
v 7.71484756 -86.23556519 100
v 19.006567 -105.56157684 100
v 8.12524223 -86.47251129 100
v 19.01822281 -105.09103394 100
v 8.54693699 -86.68869781 100
v 19.05315971 -104.62165833 100
v 8.97888374 -86.88359833 100
v 19.11129189 -104.15457916 100
v 9.42000866 -87.05673218 100
v 19.19247818 -103.69094849 100
v 9.86921501 -87.20765686 100
v 19.29652023 -103.23191071 100
v 10.32538509 -87.33599854 100
v 19.42315865 -102.77858734 100
v 10.78738689 -87.44145203 100
v 19.57208824 -102.33208466 100
v 11.25407028 -87.52373505 100
v 19.742939 -101.89350891 100
v 11.72427464 -87.58266449 100
v 19.9352951 -101.46392822 100
v 12.19683266 -87.61807251 100
v 20.14868164 -101.04439545 100
v 12.67056751 -87.62989044 100
v 20.3825798 -100.63594818 100
v 13.14430332 -87.61807251 100
v 20.63641167 -100.23957062 100
v 13.61686039 -87.58266449 100
v 20.90955734 -99.85625458 100
v 14.0870657 -87.52373505 100
v 21.20134544 -99.48693085 100
v 14.55374908 -87.44145203 100
v 21.51106071 -99.13250732 100
v 15.01574993 -87.33599854 100
v 21.83794403 -98.79384613 100
v 15.47192097 -87.20765686 100
v 22.1811924 -98.47179413 100
v 15.92112732 -87.05673218 100
v 22.53996468 -98.16712189 100
v 16.36225128 -86.88359833 100
v 22.91338158 -97.88059235 100
v 16.79419899 -86.68869781 100
v 23.30052567 -97.61289978 100
v 17.21589279 -86.47251129 100
v 23.70044899 -97.36470032 100
v 17.62628746 -86.23556519 100
v 24.11217117 -97.13660431 100
v 18.02436066 -85.97846222 100
v 24.53467941 -96.92917633 100
v 18.40912437 -85.70183563 100
v 24.96693993 -96.74291992 100
v 18.77962112 -85.4063797 100
v 25.40789223 -96.57829285 100
v 19.13492966 -85.09281158 100
v 25.85645294 -96.43569183 100
v 19.47416687 -84.76193237 100
v 26.31152534 -96.31548309 100
v 19.79648781 -84.41455078 100
v 26.77198982 -96.21794891 100
v 20.10109329 -84.05153656 100
v 27.23671913 -96.14333344 100
v 20.3872261 -83.67378998 100
v 27.70457268 -96.09181213 100
v 20.6541748 -83.28224945 100
v 28.17440224 -96.06352234 100
v 20.90127373 -82.87789154 100
v 28.64505768 -96.05852509 100
v 37.66350174 -84.87934875 100
v 30.9703846 -96.38141632 100
v 31.42187119 -96.5144577 100
v 37.33819962 -84.5409317 100
v 30.51286316 -96.27088928 100
v 38.00511932 -85.20128632 100
v 31.86621857 -96.66969299 100
v 37.03000259 -84.18685913 100
v 30.05043221 -96.18315125 100
v 38.36221313 -85.50597382 100
v 32.30233383 -96.84673309 100
v 36.73966599 -83.81800842 100
v 29.5842247 -96.11841583 100
v 38.73391724 -85.79264832 100
v 32.72915268 -97.04514313 100
v 36.46789551 -83.43527222 100
v 29.11538315 -96.07683563 100
v 39.11931992 -86.0606308 100
v 33.14562225 -97.26445007 100
v 36.21535492 -83.0395813 100
v 39.51748657 -86.30924988 100
v 33.55072021 -97.50410461 100
v 35.98265839 -82.63189697 100
v 21.12790871 -82.4617157 100
v 39.92744446 -86.53790283 100
v 33.94346237 -97.76351929 100
v 35.77037811 -82.21322632 100
v 21.33351898 -82.03475952 100
v 40.34819031 -86.74604034 100
v 34.32287598 -98.04206085 100
v 35.57902527 -81.78459167 100
v 21.51759148 -81.59809113 100
v 40.77870178 -86.93315125 100
v 34.68803406 -98.33904266 100
v 35.40907288 -81.34702301 100
v 21.67966843 -81.15278625 100
v 41.21792603 -87.09877014 100
v 35.03804016 -98.65374756 100
v 35.26093292 -80.90159607 100
v 21.81934929 -80.6999588 100
v 41.66479111 -87.24250031 100
v 35.37203979 -98.98538971 100
v 35.1349678 -80.44940186 100
v 21.93628311 -80.24073029 100
v 42.11820984 -87.36399841 100
v 35.68920517 -99.3331604 100
v 35.0314827 -79.991539 100
v 22.03017998 -79.77624512 100
v 42.57707596 -87.46295166 100
v 35.98876953 -99.69620514 100
v 34.95072937 -79.5291214 100
v 22.1008091 -79.30765533 100
v 43.04026413 -87.53913116 100
v 36.26998901 -100.07363892 100
v 34.89291 -79.06328583 100
v 22.14799309 -78.83612823 100
v 43.50665283 -87.59234619 100
v 36.53217697 -100.46453857 100
v 34.85816193 -78.59516144 100
v 22.17161369 -78.36283112 100
v 43.97509766 -87.62246704 100
v 36.77468872 -100.86792755 100
v 34.84656906 -78.12589264 100
v 22.17161369 -77.88894653 100
v 44.44445801 -87.62942505 100
v 36.9969368 -101.28283691 100
v 34.85801697 -77.65955353 100
v 22.14799309 -77.41565704 100
v 44.91358948 -87.61319733 100
v 37.19836426 -101.70823669 100
v 34.89233398 -77.19433594 100
v 22.1008091 -76.94412994 100
v 45.38134766 -87.57382965 100
v 37.37848663 -102.14308929 100
v 34.94943237 -76.73136139 100
v 22.03017998 -76.47554016 100
v 45.84659195 -87.51140594 100
v 37.5368576 -102.5863266 100
v 35.02918625 -76.2717514 100
v 21.93628311 -76.01104736 100
v 46.30818939 -87.42609406 100
v 37.67309189 -103.03686523 100
v 35.13138962 -75.81660461 100
v 21.81934929 -75.55181885 100
v 46.76500702 -87.31808472 100
v 37.78685379 -103.49359131 100
v 35.25580597 -75.36702728 100
v 21.67966843 -75.09899139 100
v 47.21593857 -87.18766022 100
v 37.87786102 -103.95539093 100
v 35.40213394 -74.92408752 100
v 21.51759148 -74.65368652 100
v 47.65987778 -87.03512573 100
v 37.94589615 -104.42112732 100
v 35.57001495 -74.48886871 100
v 21.33351898 -74.21701813 100
v 48.09574127 -86.8608551 100
v 37.99078751 -104.8896637 100
v 35.75905228 -74.06240845 100
v 21.12790871 -73.79006195 100
v 48.52247238 -86.6652832 100
v 38.01242828 -105.35984802 100
v 35.96878815 -73.64573669 100
v 20.90127373 -73.37388611 100
v 48.93902588 -86.44887543 100
v 38.01076126 -105.83052826 100
v 36.19871521 -73.23986053 100
v 20.6541748 -72.9695282 100
v 49.34438324 -86.21216583 100
v 37.98579407 -106.30054474 100
v 36.44828033 -72.8457489 100
v 20.3872261 -72.57798767 100
v 49.73756027 -85.95572662 100
v 37.93758774 -106.76875305 100
v 36.71688461 -72.4643631 100
v 20.10109329 -72.20024109 100
v 50.11759567 -85.68018341 100
v 37.86626053 -107.23400116 100
v 37.00387573 -72.09661865 100
v 19.79648781 -71.83722687 100
v 50.48356247 -85.38622284 100
v 37.77198792 -107.69514465 100
v 37.30856705 -71.74339294 100
v 19.47416687 -71.48984528 100
v 50.83456802 -85.07453918 100
v 37.65499878 -108.15105438 100
v 37.63022614 -71.4055481 100
v 19.13492966 -71.15896606 100
v 51.16975784 -84.74591064 100
v 37.96807098 -71.08389282 100
v 18.77962112 -70.84540558 100
v 38.32129288 -70.77919769 100
v 18.40912437 -70.54994202 100
v 38.68904114 -70.49220276 100
v 18.02436066 -70.27331543 100
v 39.07042694 -70.22360229 100
v 17.62628746 -70.01621246 100
v 39.46453476 -69.97403717 100
v 17.21589279 -69.77927399 100
v 39.87041473 -69.74411011 100
v 16.79419899 -69.56307983 100
v 40.28708267 -69.53437805 100
v 52.33659744 -83.27849579 100
v 36.96644974 -109.9002533 100
v 52.07244492 -83.66652679 100
v 37.17088318 -109.47628784 100
v 51.7894516 -84.04104614 100
v 37.35407639 -109.04271698 100
v 51.48830795 -84.40113068 100
v 37.51558304 -108.60060883 100
v 43.88422775 -68.63333893 100
v 13.14430332 -68.63370514 100
v 43.41901398 -68.66765594 100
v 13.61686039 -68.66912079 100
v 42.95603943 -68.72475433 100
v 14.0870657 -68.7280426 100
v 42.49642944 -68.80450439 100
v 14.55374908 -68.81033325 100
v 42.04128265 -68.90671539 100
v 15.01574993 -68.91577911 100
v 41.59170151 -69.03112793 100
v 15.47192097 -69.04412842 100
v 41.14876556 -69.17745209 100
v 15.92112732 -69.1950531 100
v 40.71354294 -69.34533691 100
v 16.36225128 -69.36817932 100
v 20.06307602 -109.91655731 100
v 4.68696117 -83.28224945 100
v 19.86542511 -109.5096817 100
v 4.95390892 -83.67378998 100
v 19.68735886 -109.09385681 100
v 5.24004126 -84.05153656 100
v 19.52927971 -108.67002869 100
v 5.54464722 -84.41455078 100
v 19.39154625 -108.23915863 95
v 5.86696911 -84.76193237 95
v 19.27447128 -107.80223083 95
v 6.20620584 -85.09281158 95
v 19.17831802 -107.36022186 95
v 6.56151438 -85.4063797 95
v 19.10330391 -106.91413116 95
v 6.93201065 -85.70183563 95
v 19.04960251 -106.46498871 95
v 7.31677389 -85.97846222 95
v 19.01733208 -106.01379395 95
v 7.71484756 -86.23556519 95
v 19.006567 -105.56157684 95
v 8.12524223 -86.47251129 95
v 19.01822281 -105.09103394 95
v 8.54693699 -86.68869781 95
v 19.05315971 -104.62165833 95
v 8.97888374 -86.88359833 95
v 19.11129189 -104.15457916 95
v 9.42000866 -87.05673218 95
v 19.19247818 -103.69094849 95
v 9.86921501 -87.20765686 95
v 19.29652023 -103.23191071 95
v 10.32538509 -87.33599854 95
v 19.42315865 -102.77858734 95
v 10.78738689 -87.44145203 95
v 19.57208824 -102.33208466 95
v 11.25407028 -87.52373505 95
v 19.742939 -101.89350891 95
v 11.72427464 -87.58266449 95
v 19.9352951 -101.46392822 95
v 12.19683266 -87.61807251 95
v 20.14868164 -101.04439545 95
v 12.67056751 -87.62989044 95
v 20.3825798 -100.63594818 95
v 13.14430332 -87.61807251 95
v 20.63641167 -100.23957062 95
v 13.61686039 -87.58266449 95
v 20.90955734 -99.85625458 95
v 14.0870657 -87.52373505 95
v 21.20134544 -99.48693085 95
v 14.55374908 -87.44145203 95
v 21.51106071 -99.13250732 95
v 15.01574993 -87.33599854 95
v 21.83794403 -98.79384613 95
v 15.47192097 -87.20765686 95
v 22.1811924 -98.47179413 95
v 15.92112732 -87.05673218 95
v 22.53996468 -98.16712189 95
v 16.36225128 -86.88359833 95
v 22.91338158 -97.88059235 95
v 16.79419899 -86.68869781 95
v 23.30052567 -97.61289978 95
v 17.21589279 -86.47251129 95
v 23.70044899 -97.36470032 95
v 17.62628746 -86.23556519 95
v 24.11217117 -97.13660431 95
v 18.02436066 -85.97846222 95
v 24.53467941 -96.92917633 95
v 18.40912437 -85.70183563 95
v 24.96693993 -96.74291992 95
v 18.77962112 -85.4063797 95
v 25.40789223 -96.57829285 95
v 19.13492966 -85.09281158 95
v 25.85645294 -96.43569183 95
v 19.47416687 -84.76193237 95
v 26.31152534 -96.31548309 95
v 19.79648781 -84.41455078 95
v 26.77198982 -96.21794891 95
v 20.10109329 -84.05153656 95
v 27.23671913 -96.14333344 95
v 20.3872261 -83.67378998 95
v 27.70457268 -96.09181213 95
v 20.6541748 -83.28224945 95
v 28.17440224 -96.06352234 95
v 20.90127373 -82.87789154 95
v 28.64505768 -96.05852509 95
v 30.9703846 -96.38141632 95
v 37.66350174 -84.87934875 95
v 31.42187119 -96.5144577 95
v 30.51286316 -96.27088928 95
v 37.33819962 -84.5409317 95
v 38.00511932 -85.20128632 95
v 31.86621857 -96.66969299 95
v 30.05043221 -96.18315125 95
v 37.03000259 -84.18685913 95
v 38.36221313 -85.50597382 95
v 32.30233383 -96.84673309 95
v 29.5842247 -96.11841583 95
v 36.73966599 -83.81800842 95
v 38.73391724 -85.79264832 95
v 32.72915268 -97.04514313 95
v 29.11538315 -96.07683563 95
v 36.46789551 -83.43527222 95
v 39.11931992 -86.0606308 95
v 33.14562225 -97.26445007 95
v 36.21535492 -83.0395813 95
v 39.51748657 -86.30924988 95
v 33.55072021 -97.50410461 95
v 35.98265839 -82.63189697 95
v 21.12790871 -82.4617157 95
v 39.92744446 -86.53790283 95
v 33.94346237 -97.76351929 95
v 35.77037811 -82.21322632 95
v 21.33351898 -82.03475952 95
v 40.34819031 -86.74604034 95
v 34.32287598 -98.04206085 95
v 21.51759148 -81.59809113 95
v 35.57902527 -81.78459167 95
v 40.77870178 -86.93315125 95
v 34.68803406 -98.33904266 95
v 35.40907288 -81.34702301 95
v 21.67966843 -81.15278625 95
v 41.21792603 -87.09877014 95
v 35.03804016 -98.65374756 95
v 35.26093292 -80.90159607 95
v 21.81934929 -80.6999588 95
v 41.66479111 -87.24250031 95
v 35.37203979 -98.98538971 95
v 21.93628311 -80.24073029 95
v 35.1349678 -80.44940186 95
v 42.11820984 -87.36399841 95
v 35.68920517 -99.3331604 95
v 22.03017998 -79.77624512 95
v 35.0314827 -79.991539 95
v 42.57707596 -87.46295166 95
v 35.98876953 -99.69620514 95
v 22.1008091 -79.30765533 95
v 34.95072937 -79.5291214 95
v 43.04026413 -87.53913116 95
v 36.26998901 -100.07363892 95
v 34.89291 -79.06328583 95
v 22.14799309 -78.83612823 95
v 43.50665283 -87.59234619 95
v 36.53217697 -100.46453857 95
v 22.17161369 -78.36283112 95
v 34.85816193 -78.59516144 95
v 43.97509766 -87.62246704 95
v 36.77468872 -100.86792755 95
v 34.84656906 -78.12589264 95
v 22.17161369 -77.88894653 95
v 44.44445801 -87.62942505 95
v 36.9969368 -101.28283691 95
v 22.14799309 -77.41565704 95
v 34.85801697 -77.65955353 95
v 44.91358948 -87.61319733 95
v 37.19836426 -101.70823669 95
v 22.1008091 -76.94412994 95
v 34.89233398 -77.19433594 95
v 45.38134766 -87.57382965 95
v 37.37848663 -102.14308929 95
v 22.03017998 -76.47554016 95
v 34.94943237 -76.73136139 95
v 45.84659195 -87.51140594 95
v 37.5368576 -102.5863266 95
v 21.93628311 -76.01104736 95
v 35.02918625 -76.2717514 95
v 46.30818939 -87.42609406 95
v 37.67309189 -103.03686523 95
v 21.81934929 -75.55181885 95
v 35.13138962 -75.81660461 95
v 46.76500702 -87.31808472 95
v 37.78685379 -103.49359131 95
v 21.67966843 -75.09899139 95
v 35.25580597 -75.36702728 95
v 47.21593857 -87.18766022 95
v 37.87786102 -103.95539093 95
v 21.51759148 -74.65368652 95
v 35.40213394 -74.92408752 95
v 47.65987778 -87.03512573 95
v 37.94589615 -104.42112732 95
v 21.33351898 -74.21701813 95
v 35.57001495 -74.48886871 95
v 48.09574127 -86.8608551 95
v 37.99078751 -104.8896637 95
v 21.12790871 -73.79006195 95
v 35.75905228 -74.06240845 95
v 48.52247238 -86.6652832 95
v 38.01242828 -105.35984802 95
v 20.90127373 -73.37388611 95
v 35.96878815 -73.64573669 95
v 48.93902588 -86.44887543 95
v 38.01076126 -105.83052826 95
v 20.6541748 -72.9695282 95
v 36.19871521 -73.23986053 95
v 49.34438324 -86.21216583 95
v 37.98579407 -106.30054474 95
v 20.3872261 -72.57798767 95
v 36.44828033 -72.8457489 95
v 49.73756027 -85.95572662 95
v 37.93758774 -106.76875305 95
v 20.10109329 -72.20024109 95
v 36.71688461 -72.4643631 95
v 50.11759567 -85.68018341 95
v 37.86626053 -107.23400116 95
v 19.79648781 -71.83722687 95
v 37.00387573 -72.09661865 95
v 50.48356247 -85.38622284 95
v 37.77198792 -107.69514465 95
v 19.47416687 -71.48984528 95
v 37.30856705 -71.74339294 95
v 50.83456802 -85.07453918 95
v 37.65499878 -108.15105438 95
v 19.13492966 -71.15896606 95
v 37.63022614 -71.4055481 95
v 51.16975784 -84.74591064 95
v 18.77962112 -70.84540558 95
v 37.96807098 -71.08389282 95
v 38.32129288 -70.77919769 95
v 18.40912437 -70.54994202 95
v 38.68904114 -70.49220276 95
v 18.02436066 -70.27331543 95
v 39.07042694 -70.22360229 95
v 17.62628746 -70.01621246 95
v 39.46453476 -69.97403717 95
v 17.21589279 -69.77927399 95
v 39.87041473 -69.74411011 95
v 16.79419899 -69.56307983 95
v 40.28708267 -69.53437805 95
v 43.88422775 -68.63333893 95
v 13.14430332 -68.63370514 95
v 43.41901398 -68.66765594 95
v 13.61686039 -68.66912079 95
v 42.95603943 -68.72475433 95
v 14.0870657 -68.7280426 95
v 42.49642944 -68.80450439 95
v 14.55374908 -68.81033325 95
v 42.04128265 -68.90671539 95
v 15.01574993 -68.91577911 95
v 41.59170151 -69.03112793 95
v 15.47192097 -69.04412842 95
v 41.14876556 -69.17745209 95
v 15.92112732 -69.1950531 95
v 40.71354294 -69.34533691 95
v 16.36225128 -69.36817932 95
v 20.06307602 -109.91655731 95
v 4.68696117 -83.28224945 95
v 19.86542511 -109.5096817 95
v 4.95390892 -83.67378998 95
v 19.68735886 -109.09385681 95
v 5.24004126 -84.05153656 95
v 19.52927971 -108.67002869 95
v 5.54464722 -84.41455078 95
v 52.33659744 -83.27849579 95
v 36.96644974 -109.9002533 95
v 52.07244492 -83.66652679 95
v 37.17088318 -109.47628784 95
v 51.7894516 -84.04104614 95
v 37.35407639 -109.04271698 95
v 51.48830795 -84.40113068 95
v 37.51558304 -108.60060883 95
v 34.84656906 -78.12589264 40
v 34.85838318 -78.59962463 40
v 34.84656906 -78.12589264 150
v 34.89379501 -79.0721817 40
v 34.85838318 -78.59962463 150
v 34.95272064 -79.54238892 40
v 34.89379501 -79.0721817 150
v 35.03500748 -80.00907135 40
v 34.95272064 -79.54238892 150
v 35.14045715 -80.47106934 40
v 35.03500748 -80.00907135 150
v 35.26880264 -80.92724609 40
v 35.14045715 -80.47106934 150
v 35.41972733 -81.37644958 40
v 35.26880264 -80.92724609 150
v 35.59285736 -81.81757355 40
v 35.41972733 -81.37644958 150
v 35.78775787 -82.24951935 40
v 35.59285736 -81.81757355 150
v 36.00394821 -82.67121887 40
v 35.78775787 -82.24951935 150
v 36.2408905 -83.08161163 40
v 36.00394821 -82.67121887 150
v 36.49799347 -83.47968292 40
v 36.2408905 -83.08161163 150
v 36.77462006 -83.86444855 40
v 36.49799347 -83.47968292 150
v 37.0700798 -84.23493958 40
v 36.77462006 -83.86444855 150
v 37.3836441 -84.59024811 40
v 37.0700798 -84.23493958 150
v 37.71452332 -84.92948914 40
v 37.3836441 -84.59024811 150
v 38.06190491 -85.25180817 40
v 37.71452332 -84.92948914 150
v 38.42491913 -85.55641937 40
v 38.06190491 -85.25180817 150
v 38.80266953 -85.84255219 40
v 38.42491913 -85.55641937 150
v 39.19420624 -86.10949707 40
v 38.80266953 -85.84255219 150
v 39.59856796 -86.3565979 40
v 39.19420624 -86.10949707 150
v 40.01473999 -86.58322906 40
v 39.59856796 -86.3565979 150
v 40.44169617 -86.78884125 40
v 40.01473999 -86.58322906 150
v 40.87836838 -86.97291565 40
v 40.44169617 -86.78884125 150
v 41.32366943 -87.13499451 40
v 40.87836838 -86.97291565 150
v 41.7765007 -87.27467346 40
v 41.32366943 -87.13499451 150
v 42.23572922 -87.39160156 40
v 41.7765007 -87.27467346 150
v 42.70021439 -87.48550415 40
v 42.23572922 -87.39160156 150
v 43.16880417 -87.55612946 40
v 42.70021439 -87.48550415 150
v 43.64033127 -87.60331726 40
v 43.16880417 -87.55612946 150
v 44.11362457 -87.62693787 40
v 43.64033127 -87.60331726 150
v 44.58750916 -87.62693787 40
v 44.11362457 -87.62693787 150
v 45.06080246 -87.60331726 40
v 44.58750916 -87.62693787 150
v 45.53232956 -87.55612946 40
v 45.06080246 -87.60331726 150
v 46.00091934 -87.48550415 40
v 45.53232956 -87.55612946 150
v 46.46540833 -87.39160156 40
v 46.00091934 -87.48550415 150
v 46.92463684 -87.27467346 40
v 46.46540833 -87.39160156 150
v 47.37746429 -87.13499451 40
v 46.92463684 -87.27467346 150
v 47.82276917 -86.97291565 40
v 47.37746429 -87.13499451 150
v 48.25944138 -86.78884125 40
v 47.82276917 -86.97291565 150
v 48.68639374 -86.58322906 40
v 48.25944138 -86.78884125 150
v 49.10256958 -86.3565979 40
v 48.68639374 -86.58322906 150
v 49.50692749 -86.10949707 40
v 49.10256958 -86.3565979 150
v 49.89846802 -85.84255219 40
v 49.50692749 -86.10949707 150
v 50.2762146 -85.55641937 40
v 49.89846802 -85.84255219 150
v 50.63922882 -85.25180817 40
v 50.2762146 -85.55641937 150
v 50.98661041 -84.92948914 40
v 50.63922882 -85.25180817 150
v 51.31749344 -84.59024811 40
v 50.98661041 -84.92948914 150
v 51.63105392 -84.23493958 40
v 51.31749344 -84.59024811 150
v 51.92651367 -83.86444855 40
v 51.63105392 -84.23493958 150
v 52.20314026 -83.47968292 40
v 51.92651367 -83.86444855 150
v 52.46024323 -83.08161163 40
v 52.20314026 -83.47968292 150
v 52.69718552 -82.67121887 40
v 52.91337585 -82.24951935 40
v 52.46024323 -83.08161163 150
v 52.69718552 -82.67121887 150
v 52.91337585 -82.24951935 150
v 53.10827637 -81.81757355 150
v 53.10827637 -81.81757355 40
v 53.2814064 -81.37644958 40
v 53.2814064 -81.37644958 150
v 53.43233109 -80.92724609 150
v 53.43233109 -80.92724609 40
v 53.56067657 -80.47106934 150
v 53.56067657 -80.47106934 40
v 53.66612625 -80.00907135 150
v 53.66612625 -80.00907135 40
v 53.7484169 -79.54238892 40
v 53.7484169 -79.54238892 150
v 53.80733871 -79.0721817 150
v 53.80733871 -79.0721817 40
v 53.84275436 -78.59962463 150
v 53.84275436 -78.59962463 40
v 53.85456848 -78.12589264 40
v 53.85456848 -78.12589264 150
v 53.84275436 -77.65215302 150
v 53.84275436 -77.65215302 40
v 53.80733871 -77.17959595 40
v 53.80733871 -77.17959595 150
v 53.7484169 -76.70938873 150
v 53.7484169 -76.70938873 40
v 53.66612625 -76.2427063 150
v 53.66612625 -76.2427063 40
v 53.56067657 -75.78070831 150
v 53.56067657 -75.78070831 40
v 53.43233109 -75.32453918 150
v 53.43233109 -75.32453918 40
v 53.2814064 -74.87532806 150
v 53.2814064 -74.87532806 40
v 53.10827637 -74.4342041 150
v 53.10827637 -74.4342041 40
v 52.91337585 -74.0022583 150
v 52.91337585 -74.0022583 40
v 52.69718552 -73.58056641 150
v 52.69718552 -73.58056641 40
v 52.46024323 -73.17016602 150
v 52.46024323 -73.17016602 40
v 52.20314026 -72.77209473 150
v 52.20314026 -72.77209473 40
v 51.92651367 -72.3873291 150
v 51.92651367 -72.3873291 40
v 51.63105392 -72.01683807 40
v 51.63105392 -72.01683807 150
v 51.31749344 -71.66152954 150
v 51.31749344 -71.66152954 40
v 50.98661041 -71.32228851 150
v 50.98661041 -71.32228851 40
v 50.63922882 -70.99996948 40
v 50.63922882 -70.99996948 150
v 50.2762146 -70.69536591 150
v 50.2762146 -70.69536591 40
v 49.89846802 -70.40923309 150
v 49.89846802 -70.40923309 40
v 49.50692749 -70.14228058 40
v 49.50692749 -70.14228058 150
v 49.10256958 -69.89518738 150
v 49.10256958 -69.89518738 40
v 48.68639374 -69.66854858 150
v 48.68639374 -69.66854858 40
v 48.25944138 -69.4629364 150
v 48.25944138 -69.4629364 40
v 47.82276917 -69.278862 150
v 47.82276917 -69.278862 40
v 47.37746429 -69.11679077 150
v 47.37746429 -69.11679077 40
v 46.92463684 -68.97711182 40
v 46.92463684 -68.97711182 150
v 46.46540833 -68.86017609 150
v 46.46540833 -68.86017609 40
v 46.00091934 -68.7662735 40
v 46.00091934 -68.7662735 150
v 45.53232956 -68.69564819 150
v 45.53232956 -68.69564819 40
v 45.06080246 -68.64846802 150
v 45.06080246 -68.64846802 40
v 44.58750916 -68.62484741 40
v 44.11362457 -68.62484741 40
v 44.58750916 -68.62484741 150
v 43.64033127 -68.64846802 40
v 44.11362457 -68.62484741 150
v 43.16880417 -68.69564819 40
v 43.64033127 -68.64846802 150
v 42.70021439 -68.7662735 40
v 43.16880417 -68.69564819 150
v 42.23572922 -68.86017609 40
v 42.70021439 -68.7662735 150
v 41.7765007 -68.97711182 40
v 42.23572922 -68.86017609 150
v 41.32366943 -69.11679077 40
v 41.7765007 -68.97711182 150
v 40.87836838 -69.278862 40
v 41.32366943 -69.11679077 150
v 40.44169617 -69.4629364 40
v 40.87836838 -69.278862 150
v 40.01473999 -69.66854858 40
v 40.44169617 -69.4629364 150
v 39.59856796 -69.89518738 40
v 40.01473999 -69.66854858 150
v 39.19420624 -70.14228058 40
v 39.59856796 -69.89518738 150
v 38.80266953 -70.40923309 40
v 39.19420624 -70.14228058 150
v 38.42491913 -70.69536591 40
v 38.80266953 -70.40923309 150
v 38.06190491 -70.99996948 40
v 38.42491913 -70.69536591 150
v 37.71452332 -71.32228851 40
v 38.06190491 -70.99996948 150
v 37.3836441 -71.66152954 40
v 37.71452332 -71.32228851 150
v 37.0700798 -72.01683807 40
v 37.3836441 -71.66152954 150
v 36.77462006 -72.3873291 40
v 37.0700798 -72.01683807 150
v 36.49799347 -72.77209473 40
v 36.77462006 -72.3873291 150
v 36.2408905 -73.17016602 40
v 36.49799347 -72.77209473 150
v 36.00394821 -73.58056641 40
v 36.2408905 -73.17016602 150
v 35.78775787 -74.0022583 40
v 36.00394821 -73.58056641 150
v 35.59285736 -74.4342041 40
v 35.78775787 -74.0022583 150
v 35.41972733 -74.87532806 40
v 35.59285736 -74.4342041 150
v 35.26880264 -75.32453918 40
v 35.41972733 -74.87532806 150
v 35.14045715 -75.78070831 40
v 35.26880264 -75.32453918 150
v 35.03500748 -76.2427063 40
v 35.14045715 -75.78070831 150
v 34.95272064 -76.70938873 40
v 35.03500748 -76.2427063 150
v 34.89379501 -77.17959595 40
v 34.95272064 -76.70938873 150
v 34.85838318 -77.65215302 40
v 34.89379501 -77.17959595 150
v 34.85838318 -77.65215302 150
v -3.16943216 -92.50523376 40
v -3.16943216 -67.03788757 0
v -3.16943216 -92.50523376 0
v -3.16943216 -67.03788757 40
v 1.58256769 -62.28588867 40
v 1.58256769 -62.28588867 0
v 1.34939814 -62.29161453 0
v 1.34939814 -62.29161453 40
v 1.11679029 -62.30877304 0
v 1.11679029 -62.30877304 40
v 0.88530451 -62.33732224 40
v 0.88530451 -62.33732224 0
v 0.6554985 -62.37719727 40
v 0.6554985 -62.37719727 0
v 0.42792591 -62.42830276 40
v 0.42792591 -62.42830276 0
v 0.20313494 -62.49050903 40
v 0.20313494 -62.49050903 0
v -0.01833285 -62.56367111 0
v -0.01833285 -62.56367111 40
v -0.23594394 -62.64761353 40
v -0.23594394 -62.64761353 0
v -0.44917408 -62.74213409 40
v -0.44917408 -62.74213409 0
v -0.65750957 -62.84700012 0
v -0.65750957 -62.84700012 40
v -0.86044854 -62.96196365 40
v -0.86044854 -62.96196365 0
v -1.05750203 -63.08674622 40
v -1.05750203 -63.08674622 0
v -1.24819541 -63.22104645 40
v -1.24819541 -63.22104645 0
v -1.43206918 -63.36454391 0
v -1.43206918 -63.36454391 40
v -1.60868037 -63.51689148 40
v -1.60868037 -63.51689148 0
v -1.77760375 -63.67771912 0
v -1.77760375 -63.67771912 40
v -1.93843198 -63.84664154 40
v -1.93843198 -63.84664154 0
v -2.09077787 -64.02325439 0
v -2.09077787 -64.02325439 40
v -2.23427439 -64.20713043 40
v -2.23427439 -64.20713043 0
v -2.36857581 -64.39781952 40
v -2.36857581 -64.39781952 0
v -2.49335861 -64.59487152 40
v -2.49335861 -64.59487152 0
v -2.60832214 -64.79781342 40
v -2.60832214 -64.79781342 0
v -2.71318936 -65.00614929 40
v -2.71318936 -65.00614929 0
v -2.80770779 -65.21937561 40
v -2.80770779 -65.21937561 0
v -2.89164972 -65.43698883 0
v -2.89164972 -65.43698883 40
v -2.96481276 -65.6584549 40
v -2.96481276 -65.6584549 0
v -3.02702069 -65.88324738 40
v -3.02702069 -65.88324738 0
v -3.07812381 -66.11081696 40
v -3.07812381 -66.11081696 0
v -3.11799908 -66.34062958 40
v -3.11799908 -66.34062958 0
v -3.14655018 -66.57211304 40
v -3.14655018 -66.57211304 0
v -3.16370821 -66.80471802 0
v -3.16370821 -66.80471802 40
v 55.43856812 -62.28588867 0
v 55.43856812 -62.28588867 40
v 60.19056702 -67.03788757 40
v 60.19056702 -67.03788757 0
v 60.18484497 -66.80471802 0
v 60.18484497 -66.80471802 40
v 60.16768646 -66.57211304 0
v 60.16768646 -66.57211304 40
v 60.13913345 -66.34062958 40
v 60.13913345 -66.34062958 0
v 60.09925842 -66.11081696 40
v 60.09925842 -66.11081696 0
v 60.04815674 -65.88324738 40
v 60.04815674 -65.88324738 0
v 59.98594666 -65.6584549 40
v 59.98594666 -65.6584549 0
v 59.91278458 -65.43698883 0
v 59.91278458 -65.43698883 40
v 59.82884216 -65.21937561 40
v 59.82884216 -65.21937561 0
v 59.73432541 -65.00614929 40
v 59.73432541 -65.00614929 0
v 59.62945938 -64.79781342 0
v 59.62945938 -64.79781342 40
v 59.51449585 -64.59487152 40
v 59.51449585 -64.59487152 0
v 59.38970947 -64.39781952 40
v 59.38970947 -64.39781952 0
v 59.25540924 -64.20713043 40
v 59.25540924 -64.20713043 0
v 59.11191177 -64.02325439 0
v 59.11191177 -64.02325439 40
v 58.95956802 -63.84664154 40
v 58.95956802 -63.84664154 0
v 58.79874039 -63.67771912 0
v 58.79874039 -63.67771912 40
v 58.62981415 -63.51689148 40
v 58.62981415 -63.51689148 0
v 58.45320511 -63.36454391 0
v 58.45320511 -63.36454391 40
v 58.26932907 -63.22104645 40
v 58.26932907 -63.22104645 0
v 58.07863617 -63.08674622 40
v 58.07863617 -63.08674622 0
v 57.88158417 -62.96196365 40
v 57.88158417 -62.96196365 0
v 57.67864609 -62.84700012 40
v 57.67864609 -62.84700012 0
v 57.47031021 -62.74213409 40
v 57.47031021 -62.74213409 0
v 57.25708008 -62.64761353 40
v 57.25708008 -62.64761353 0
v 57.03946686 -62.56367111 0
v 57.03946686 -62.56367111 40
v 56.81800079 -62.49050903 40
v 56.81800079 -62.49050903 0
v 56.59320831 -62.42830276 40
v 56.59320831 -62.42830276 0
v 56.36563873 -62.37719727 40
v 56.36563873 -62.37719727 0
v 56.13582993 -62.33732224 40
v 56.13582993 -62.33732224 0
v 55.90434647 -62.30877304 40
v 55.90434647 -62.30877304 0
v 55.67173767 -62.29161453 0
v 55.67173767 -62.29161453 40
v 60.19056702 -92.50523376 0
v 60.19056702 -92.50523376 40
v 58.79874039 -95.86540222 40
v 58.79874039 -95.86540222 0
v 58.95956802 -95.6964798 0
v 58.95956802 -95.6964798 40
v 59.11191177 -95.51986694 0
v 59.11191177 -95.51986694 40
v 59.25540924 -95.33599854 40
v 59.25540924 -95.33599854 0
v 59.38970947 -95.14530182 40
v 59.38970947 -95.14530182 0
v 59.51449585 -94.94824982 40
v 59.51449585 -94.94824982 0
v 59.62945938 -94.74530792 40
v 59.62945938 -94.74530792 0
v 59.73432541 -94.53697205 0
v 59.73432541 -94.53697205 40
v 59.82884216 -94.32374573 40
v 59.82884216 -94.32374573 0
v 59.91278458 -94.10613251 40
v 59.91278458 -94.10613251 0
v 59.98594666 -93.88466644 0
v 59.98594666 -93.88466644 40
v 60.04815674 -93.65987396 40
v 60.04815674 -93.65987396 0
v 60.09925842 -93.43230438 40
v 60.09925842 -93.43230438 0
v 60.13913345 -93.20249176 40
v 60.13913345 -93.20249176 0
v 60.16768646 -92.9710083 0
v 60.16768646 -92.9710083 40
v 60.18484497 -92.73840332 40
v 60.18484497 -92.73840332 0
v 34.65439606 -120.00974274 0
v 34.65439606 -120.00974274 40
v 31.52739525 -121.39585114 40
v 31.29422569 -121.40157318 0
v 31.52739525 -121.39585114 0
v 31.29422569 -121.40157318 40
v 31.76000214 -121.37869263 40
v 31.76000214 -121.37869263 0
v 31.9914875 -121.35014343 40
v 31.9914875 -121.35014343 0
v 32.2212944 -121.31026459 40
v 32.2212944 -121.31026459 0
v 32.4488678 -121.2591629 0
v 32.4488678 -121.2591629 40
v 32.67365646 -121.19695282 40
v 32.67365646 -121.19695282 0
v 32.89512634 -121.12379456 40
v 32.89512634 -121.12379456 0
v 33.11273575 -121.03984833 40
v 33.11273575 -121.03984833 0
v 33.32596588 -120.94533539 40
v 33.32596588 -120.94533539 0
v 33.53430176 -120.84046173 40
v 33.53430176 -120.84046173 0
v 33.73723984 -120.72550201 0
v 33.73723984 -120.72550201 40
v 33.93429565 -120.60071564 0
v 33.93429565 -120.60071564 40
v 34.12498856 -120.46641541 40
v 34.12498856 -120.46641541 0
v 34.30886078 -120.32292175 40
v 34.30886078 -120.32292175 0
v 34.48547363 -120.170578 0
v 34.48547363 -120.170578 40
v 25.72690964 -121.40157318 0
v 25.72690964 -121.40157318 40
v 22.36673927 -120.00974274 40
v 22.36673927 -120.00974274 0
v 22.5356617 -120.170578 0
v 22.5356617 -120.170578 40
v 22.71227455 -120.32292175 0
v 22.71227455 -120.32292175 40
v 22.89614677 -120.46641541 40
v 22.89614677 -120.46641541 0
v 23.08684158 -120.60071564 40
v 23.08684158 -120.60071564 0
v 23.28389359 -120.72550201 40
v 23.28389359 -120.72550201 0
v 23.48683357 -120.84046173 40
v 23.48683357 -120.84046173 0
v 23.69516945 -120.94533539 0
v 23.69516945 -120.94533539 40
v 23.90839958 -121.03984833 40
v 23.90839958 -121.03984833 0
v 24.12601089 -121.12379456 40
v 24.12601089 -121.12379456 0
v 24.34747696 -121.19695282 0
v 24.34747696 -121.19695282 40
v 24.57226944 -121.2591629 40
v 24.57226944 -121.2591629 0
v 24.79984093 -121.31026459 40
v 24.79984093 -121.31026459 0
v 25.02964783 -121.35014343 40
v 25.02964783 -121.35014343 0
v 25.26113319 -121.37869263 0
v 25.26113319 -121.37869263 40
v 25.49374008 -121.39585114 40
v 25.49374008 -121.39585114 0
v -1.77760375 -95.86540222 0
v -1.77760375 -95.86540222 40
v -3.16370821 -92.73840332 40
v -3.16370821 -92.73840332 0
v -3.14655018 -92.9710083 40
v -3.14655018 -92.9710083 0
v -3.11799908 -93.20249176 40
v -3.11799908 -93.20249176 0
v -3.07812381 -93.43230438 0
v -3.07812381 -93.43230438 40
v -3.02702069 -93.65987396 40
v -3.02702069 -93.65987396 0
v -2.96481276 -93.88466644 40
v -2.96481276 -93.88466644 0
v -2.89164972 -94.10613251 40
v -2.89164972 -94.10613251 0
v -2.80770779 -94.32374573 40
v -2.80770779 -94.32374573 0
v -2.71318936 -94.53697205 40
v -2.71318936 -94.53697205 0
v -2.60832214 -94.74530792 40
v -2.60832214 -94.74530792 0
v -2.49335861 -94.94824982 0
v -2.49335861 -94.94824982 40
v -2.36857581 -95.14530182 40
v -2.36857581 -95.14530182 0
v -2.23427439 -95.33599854 40
v -2.23427439 -95.33599854 0
v -2.09077787 -95.51986694 40
v -2.09077787 -95.51986694 0
v -1.93843198 -95.6964798 40
v -1.93843198 -95.6964798 0
v 21.54364204 -112.02593994 40
v 21.87452507 -112.36517334 40
v 22.22190475 -112.68749237 40
v 21.23008156 -111.67063141 40
v 22.58492088 -112.99210358 40
v 20.9346199 -111.30013275 40
v 22.96266747 -113.27823639 40
v 20.65799522 -110.91536713 40
v 23.35420799 -113.54518127 40
v 20.40089035 -110.51729584 40
v 23.75856781 -113.7922821 40
v 20.16394997 -110.10690308 40
v 24.17474174 -114.01891327 40
v 19.94775963 -109.68520355 40
v 24.60169601 -114.22452545 40
v 19.75285721 -109.25325775 40
v 25.03836632 -114.40859985 40
v 19.57972908 -108.81213379 40
v 25.48367119 -114.57067871 40
v 19.4288044 -108.3629303 40
v 25.93650055 -114.71035767 40
v 19.300457 -107.90675354 40
v 26.39572906 -114.82728577 40
v 19.19500923 -107.44475555 40
v 26.86021614 -114.92118835 40
v 19.11272049 -106.97807312 40
v 27.32880592 -114.99181366 40
v 19.05379486 -106.50786591 40
v 27.80033302 -115.03900146 40
v 19.01838112 -106.03530884 40
v 28.27362633 -115.06262207 40
v 19.006567 -105.56157684 40
v 28.747509 -115.06262207 40
v 19.01838112 -105.08783722 40
v 29.22080231 -115.03900146 40
v 19.05379486 -104.61528015 40
v 29.69232941 -114.99181366 40
v 19.11272049 -104.14508057 40
v 30.16091919 -114.92118835 40
v 19.19500923 -103.6783905 40
v 30.62540627 -114.82728577 40
v 19.300457 -103.21639252 40
v 31.08463478 -114.71035767 40
v 19.4288044 -102.76022339 40
v 31.53746414 -114.57067871 40
v 19.57972908 -102.31101227 40
v 31.98276901 -114.40859985 40
v 32.41944122 -114.22452545 40
v 32.84639359 -114.01891327 40
v 33.26256943 -113.7922821 40
v 33.66692734 -113.54518127 40
v 34.05846786 -113.27823639 40
v 5.70364285 -84.59024811 40
v 6.03452492 -84.92948914 40
v 6.38190556 -85.25180817 40
v 5.39008141 -84.23493958 40
v 6.74492073 -85.55641937 40
v 5.09462023 -83.86444855 40
v 7.12266779 -85.84255219 40
v 4.81799459 -83.47968292 40
v 7.51420784 -86.10949707 40
v 34.43621445 -112.99210358 40
v 4.56089115 -83.08161163 40
v 7.91856766 -86.3565979 40
v 4.32394981 -82.67121887 40
v 8.33474159 -86.58322906 40
v 4.10775948 -82.24951935 40
v 8.76169491 -86.78884125 40
v 3.91285777 -81.81757355 40
v 34.79922867 -112.68749237 40
v 9.19836617 -86.97291565 40
v 3.73972917 -81.37644958 40
v 9.64367104 -87.13499451 40
v 3.58880377 -80.92724609 40
v 35.14661026 -112.36517334 40
v 10.0965004 -87.27467346 40
v 3.46045709 -80.47106934 40
v 10.55572891 -87.39160156 40
v 3.35500836 -80.00907135 40
v 35.47749329 -112.02593994 40
v 11.02021503 -87.48550415 40
v 19.75285721 -101.86988831 40
v 3.27271962 -79.54238892 40
v 11.48880482 -87.55612946 40
v 19.94775963 -101.4379425 40
v 35.79105377 -111.67063141 40
v 3.21379519 -79.0721817 40
v 11.96033287 -87.60331726 40
v 20.16394997 -101.01625061 40
v 3.17838192 -78.59962463 40
v 36.08651352 -111.30013275 40
v 12.43362617 -87.62693787 40
v 20.40089035 -100.60585785 40
v 12.90750885 -87.62693787 40
v 20.65799522 -100.20777893 40
v 36.36314011 -110.91536713 40
v 13.38080215 -87.60331726 40
v 20.9346199 -99.82302094 40
v 36.62024307 -110.51729584 40
v 13.85233021 -87.55612946 40
v 21.23008156 -99.45252228 40
v 36.85718536 -110.10690308 40
v 14.32091999 -87.48550415 40
v 21.54364204 -99.09721375 40
v 37.0733757 -109.68520355 40
v 14.78540707 -87.39160156 40
v 21.87452507 -98.75797272 40
v 15.24463558 -87.27467346 40
v 22.22190475 -98.43565369 40
v 15.69746494 -87.13499451 40
v 22.58492088 -98.13105011 40
v 16.14276886 -86.97291565 40
v 22.96266747 -97.8449173 40
v 16.57944107 -86.78884125 40
v 23.35420799 -97.57796478 40
v 3.1665678 -78.12589264 40
v 3.73972917 -74.87532806 40
v 3.91285777 -74.4342041 40
v 3.58880377 -75.32453918 40
v 3.46045709 -75.78070831 40
v 3.35500836 -76.2427063 40
v 3.27271962 -76.70938873 40
v 3.21379519 -77.17959595 40
v 3.17838192 -77.65215302 40
v 4.10775948 -74.0022583 40
v 17.00639343 -86.58322906 40
v 23.75856781 -97.33087158 40
v 4.32394981 -73.58056641 40
v 17.42256737 -86.3565979 40
v 24.17474174 -97.10423279 40
v 4.56089115 -73.17016602 40
v 17.82692719 -86.10949707 40
v 24.60169601 -96.89862061 40
v 4.81799459 -72.77209473 40
v 18.21846771 -85.84255219 40
v 25.03836632 -96.71455383 40
v 5.09462023 -72.3873291 40
v 18.59621429 -85.55641937 40
v 25.48367119 -96.55247498 40
v 5.39008141 -72.01683807 40
v 18.95923042 -85.25180817 40
v 5.70364285 -71.66152954 40
v 19.30661011 -84.92948914 40
v 25.93650055 -96.41279602 40
v 26.39572906 -96.29586029 40
v 6.03452492 -71.32228851 40
v 19.63749313 -84.59024811 40
v 26.86021614 -96.20196533 40
v 19.95105362 -84.23493958 40
v 27.32880592 -96.1313324 40
v 20.24651527 -83.86444855 40
v 27.80033302 -96.08415222 40
v 20.52314186 -83.47968292 40
v 28.27362633 -96.06053162 40
v 20.78024483 -83.08161163 40
v 28.747509 -96.06053162 40
v 7.91856766 -69.89518738 40
v 8.33474159 -69.66854858 40
v 7.51420784 -70.14228058 40
v 7.12266779 -70.40923309 40
v 6.74492073 -70.69536591 40
v 6.38190556 -70.99996948 40
v 8.76169491 -69.4629364 40
v 9.19836617 -69.278862 40
v 9.64367104 -69.11679077 40
v 10.0965004 -68.97711182 40
v 10.55572891 -68.86017609 40
v 11.02021503 -68.7662735 40
v 11.48880482 -68.69564819 40
v 11.96033287 -68.64846802 40
v 12.43362617 -68.62484741 40
v 12.90750885 -68.62484741 40
v 13.38080215 -68.64846802 40
v 13.85233021 -68.69564819 40
v 14.32091999 -68.7662735 40
v 14.78540707 -68.86017609 40
v 30.62540627 -96.29586029 40
v 31.08463478 -96.41279602 40
v 30.16091919 -96.20196533 40
v 31.53746414 -96.55247498 40
v 29.69232941 -96.1313324 40
v 31.98276901 -96.71455383 40
v 32.41944122 -96.89862061 40
v 29.22080231 -96.08415222 40
v 32.84639359 -97.10423279 40
v 33.26256943 -97.33087158 40
v 21.01718521 -82.67121887 40
v 33.66692734 -97.57796478 40
v 21.23337555 -82.24951935 40
v 21.42827797 -81.81757355 40
v 34.05846786 -97.8449173 40
v 34.43621445 -98.13105011 40
v 21.6014061 -81.37644958 40
v 34.79922867 -98.43565369 40
v 21.75233078 -80.92724609 40
v 35.14661026 -98.75797272 40
v 21.88067818 -80.47106934 40
v 35.47749329 -99.09721375 40
v 21.98612785 -80.00907135 40
v 35.79105377 -99.45252228 40
v 22.0684166 -79.54238892 40
v 36.08651352 -99.82302094 40
v 22.12734032 -79.0721817 40
v 36.36314011 -100.20777893 40
v 22.16275406 -78.59962463 40
v 36.62024307 -100.60585785 40
v 22.17456818 -78.12589264 40
v 36.85718536 -101.01625061 40
v 22.16275406 -77.65215302 40
v 37.0733757 -101.4379425 40
v 22.12734032 -77.17959595 40
v 37.26827621 -101.86988831 40
v 22.0684166 -76.70938873 40
v 37.44140625 -102.31101227 40
v 21.98612785 -76.2427063 40
v 21.88067818 -75.78070831 40
v 21.75233078 -75.32453918 40
v 21.6014061 -74.87532806 40
v 21.42827797 -74.4342041 40
v 21.23337555 -74.0022583 40
v 21.01718521 -73.58056641 40
v 37.26827621 -109.25325775 40
v 37.44140625 -108.81213379 40
v 37.59233093 -108.3629303 40
v 37.72067642 -107.90675354 40
v 37.8261261 -107.44475555 40
v 37.90841675 -106.97807312 40
v 37.96733856 -106.50786591 40
v 38.00275421 -106.03530884 40
v 38.01456833 -105.56157684 40
v 38.00275421 -105.08783722 40
v 37.96733856 -104.61528015 40
v 37.90841675 -104.14508057 40
v 37.8261261 -103.6783905 40
v 37.72067642 -103.21639252 40
v 37.59233093 -102.76022339 40
v 20.78024483 -73.17016602 40
v 20.52314186 -72.77209473 40
v 20.24651527 -72.3873291 40
v 19.95105362 -72.01683807 40
v 19.63749313 -71.66152954 40
v 19.30661011 -71.32228851 40
v 18.95923042 -70.99996948 40
v 18.59621429 -70.69536591 40
v 18.21846771 -70.40923309 40
v 17.82692719 -70.14228058 40
v 17.42256737 -69.89518738 40
v 17.00639343 -69.66854858 40
v 16.57944107 -69.4629364 40
v 16.14276886 -69.278862 40
v 15.24463558 -68.97711182 40
v 15.69746494 -69.11679077 40
v 19.006567 -105.56157684 150
v 19.01838112 -106.03530884 150
v 19.05379486 -106.50786591 150
v 19.11272049 -106.97807312 150
v 19.19500923 -107.44475555 150
v 19.300457 -107.90675354 150
v 19.4288044 -108.3629303 150
v 19.57972908 -108.81213379 150
v 19.75285721 -109.25325775 150
v 19.94775963 -109.68520355 150
v 20.16394997 -110.10690308 150
v 20.40089035 -110.51729584 150
v 20.65799522 -110.91536713 150
v 20.9346199 -111.30013275 150
v 21.23008156 -111.67063141 150
v 21.54364204 -112.02593994 150
v 21.87452507 -112.36517334 150
v 22.22190475 -112.68749237 150
v 22.58492088 -112.99210358 150
v 22.96266747 -113.27823639 150
v 23.35420799 -113.54518127 150
v 23.75856781 -113.7922821 150
v 24.17474174 -114.01891327 150
v 24.60169601 -114.22452545 150
v 25.03836632 -114.40859985 150
v 25.48367119 -114.57067871 150
v 25.93650055 -114.71035767 150
v 26.39572906 -114.82728577 150
v 26.86021614 -114.92118835 150
v 27.32880592 -114.99181366 150
v 27.80033302 -115.03900146 150
v 28.27362633 -115.06262207 150
v 28.747509 -115.06262207 150
v 29.22080231 -115.03900146 150
v 29.69232941 -114.99181366 150
v 30.16091919 -114.92118835 150
v 30.62540627 -114.82728577 150
v 31.08463478 -114.71035767 150
v 31.53746414 -114.57067871 150
v 31.98276901 -114.40859985 150
v 32.41944122 -114.22452545 150
v 32.84639359 -114.01891327 150
v 33.26256943 -113.7922821 150
v 33.66692734 -113.54518127 150
v 34.05846786 -113.27823639 150
v 34.43621445 -112.99210358 150
v 34.79922867 -112.68749237 150
v 35.14661026 -112.36517334 150
v 35.47749329 -112.02593994 150
v 35.79105377 -111.67063141 150
v 36.08651352 -111.30013275 150
v 36.36314011 -110.91536713 150
v 36.62024307 -110.51729584 150
v 36.85718536 -110.10690308 150
v 37.0733757 -109.68520355 150
v 37.26827621 -109.25325775 150
v 37.44140625 -108.81213379 150
v 37.59233093 -108.3629303 150
v 37.72067642 -107.90675354 150
v 37.8261261 -107.44475555 150
v 37.90841675 -106.97807312 150
v 37.96733856 -106.50786591 150
v 38.00275421 -106.03530884 150
v 38.01456833 -105.56157684 150
v 38.00275421 -105.08783722 150
v 37.96733856 -104.61528015 150
v 37.90841675 -104.14508057 150
v 37.8261261 -103.6783905 150
v 37.72067642 -103.21639252 150
v 37.59233093 -102.76022339 150
v 37.44140625 -102.31101227 150
v 37.26827621 -101.86988831 150
v 37.0733757 -101.4379425 150
v 36.85718536 -101.01625061 150
v 36.62024307 -100.60585785 150
v 36.36314011 -100.20777893 150
v 36.08651352 -99.82302094 150
v 35.79105377 -99.45252228 150
v 35.47749329 -99.09721375 150
v 35.14661026 -98.75797272 150
v 34.79922867 -98.43565369 150
v 34.43621445 -98.13105011 150
v 34.05846786 -97.8449173 150
v 33.66692734 -97.57796478 150
v 33.26256943 -97.33087158 150
v 32.84639359 -97.10423279 150
v 32.41944122 -96.89862061 150
v 31.98276901 -96.71455383 150
v 31.53746414 -96.55247498 150
v 31.08463478 -96.41279602 150
v 30.62540627 -96.29586029 150
v 30.16091919 -96.20196533 150
v 29.69232941 -96.1313324 150
v 29.22080231 -96.08415222 150
v 28.747509 -96.06053162 150
v 28.27362633 -96.06053162 150
v 27.80033302 -96.08415222 150
v 27.32880592 -96.1313324 150
v 26.86021614 -96.20196533 150
v 26.39572906 -96.29586029 150
v 25.93650055 -96.41279602 150
v 25.48367119 -96.55247498 150
v 25.03836632 -96.71455383 150
v 24.60169601 -96.89862061 150
v 24.17474174 -97.10423279 150
v 23.75856781 -97.33087158 150
v 23.35420799 -97.57796478 150
v 22.96266747 -97.8449173 150
v 22.58492088 -98.13105011 150
v 22.22190475 -98.43565369 150
v 21.87452507 -98.75797272 150
v 21.54364204 -99.09721375 150
v 21.23008156 -99.45252228 150
v 20.9346199 -99.82302094 150
v 20.65799522 -100.20777893 150
v 20.40089035 -100.60585785 150
v 20.16394997 -101.01625061 150
v 19.94775963 -101.4379425 150
v 19.75285721 -101.86988831 150
v 19.57972908 -102.31101227 150
v 19.4288044 -102.76022339 150
v 19.300457 -103.21639252 150
v 19.19500923 -103.6783905 150
v 19.11272049 -104.14508057 150
v 19.05379486 -104.61528015 150
v 19.01838112 -105.08783722 150
v 3.17838192 -78.59962463 150
v 3.1665678 -78.12589264 150
v 3.21379519 -79.0721817 150
v 3.27271962 -79.54238892 150
v 3.35500836 -80.00907135 150
v 3.46045709 -80.47106934 150
v 3.58880377 -80.92724609 150
v 3.73972917 -81.37644958 150
v 3.91285777 -81.81757355 150
v 4.10775948 -82.24951935 150
v 4.32394981 -82.67121887 150
v 4.56089115 -83.08161163 150
v 4.81799459 -83.47968292 150
v 5.09462023 -83.86444855 150
v 5.39008141 -84.23493958 150
v 5.70364285 -84.59024811 150
v 6.03452492 -84.92948914 150
v 6.38190556 -85.25180817 150
v 6.74492073 -85.55641937 150
v 7.12266779 -85.84255219 150
v 7.51420784 -86.10949707 150
v 7.91856766 -86.3565979 150
v 8.33474159 -86.58322906 150
v 8.76169491 -86.78884125 150
v 9.19836617 -86.97291565 150
v 9.64367104 -87.13499451 150
v 10.0965004 -87.27467346 150
v 10.55572891 -87.39160156 150
v 11.02021503 -87.48550415 150
v 11.48880482 -87.55612946 150
v 11.96033287 -87.60331726 150
v 12.43362617 -87.62693787 150
v 12.90750885 -87.62693787 150
v 13.38080215 -87.60331726 150
v 13.85233021 -87.55612946 150
v 14.32091999 -87.48550415 150
v 14.78540707 -87.39160156 150
v 15.24463558 -87.27467346 150
v 15.69746494 -87.13499451 150
v 16.14276886 -86.97291565 150
v 16.57944107 -86.78884125 150
v 17.00639343 -86.58322906 150
v 17.42256737 -86.3565979 150
v 17.82692719 -86.10949707 150
v 18.21846771 -85.84255219 150
v 18.59621429 -85.55641937 150
v 18.95923042 -85.25180817 150
v 19.30661011 -84.92948914 150
v 19.63749313 -84.59024811 150
v 19.95105362 -84.23493958 150
v 20.24651527 -83.86444855 150
v 20.52314186 -83.47968292 150
v 20.78024483 -83.08161163 150
v 21.01718521 -82.67121887 150
v 21.23337555 -82.24951935 150
v 21.42827797 -81.81757355 150
v 21.6014061 -81.37644958 150
v 21.75233078 -80.92724609 150
v 21.88067818 -80.47106934 150
v 21.98612785 -80.00907135 150
v 22.0684166 -79.54238892 150
v 22.12734032 -79.0721817 150
v 22.16275406 -78.59962463 150
v 22.17456818 -78.12589264 150
v 22.16275406 -77.65215302 150
v 22.12734032 -77.17959595 150
v 22.0684166 -76.70938873 150
v 21.98612785 -76.2427063 150
v 21.88067818 -75.78070831 150
v 21.75233078 -75.32453918 150
v 21.6014061 -74.87532806 150
v 21.42827797 -74.4342041 150
v 21.23337555 -74.0022583 150
v 21.01718521 -73.58056641 150
v 20.78024483 -73.17016602 150
v 20.52314186 -72.77209473 150
v 20.24651527 -72.3873291 150
v 19.95105362 -72.01683807 150
v 19.63749313 -71.66152954 150
v 19.30661011 -71.32228851 150
v 18.95923042 -70.99996948 150
v 18.59621429 -70.69536591 150
v 18.21846771 -70.40923309 150
v 17.82692719 -70.14228058 150
v 17.42256737 -69.89518738 150
v 17.00639343 -69.66854858 150
v 16.57944107 -69.4629364 150
v 16.14276886 -69.278862 150
v 15.69746494 -69.11679077 150
v 15.24463558 -68.97711182 150
v 14.78540707 -68.86017609 150
v 14.32091999 -68.7662735 150
v 13.85233021 -68.69564819 150
v 13.38080215 -68.64846802 150
v 12.90750885 -68.62484741 150
v 12.43362617 -68.62484741 150
v 11.96033287 -68.64846802 150
v 11.48880482 -68.69564819 150
v 11.02021503 -68.7662735 150
v 10.55572891 -68.86017609 150
v 10.0965004 -68.97711182 150
v 9.64367104 -69.11679077 150
v 9.19836617 -69.278862 150
v 8.76169491 -69.4629364 150
v 8.33474159 -69.66854858 150
v 7.91856766 -69.89518738 150
v 7.51420784 -70.14228058 150
v 7.12266779 -70.40923309 150
v 6.74492073 -70.69536591 150
v 6.38190556 -70.99996948 150
v 6.03452492 -71.32228851 150
v 5.70364285 -71.66152954 150
v 5.39008141 -72.01683807 150
v 5.09462023 -72.3873291 150
v 4.81799459 -72.77209473 150
v 4.56089115 -73.17016602 150
v 4.32394981 -73.58056641 150
v 4.10775948 -74.0022583 150
v 3.91285777 -74.4342041 150
v 3.73972917 -74.87532806 150
v 3.58880377 -75.32453918 150
v 3.46045709 -75.78070831 150
v 3.35500836 -76.2427063 150
v 3.27271962 -76.70938873 150
v 3.21379519 -77.17959595 150
v 3.17838192 -77.65215302 150
v 331.84835815 -142.45501709 75
v 314.96942139 -143.75361633 75
v 314.84985352 -143.90684509 75
v 315.08135986 -143.5947113 75
v 331.51330566 -142.10308838 75
v 315.18533325 -143.43049622 75
v 332.20028687 -142.79006958 75
v 314.72290039 -144.05403137 75
v 331.19592285 -141.7351532 75
v 315.28112793 -143.26138306 75
v 315.36853027 -143.08776855 75
v 332.5682373 -143.10745239 75
v 314.58886719 -144.1947937 75
v 330.89697266 -141.3520813 75
v 315.44729614 -142.91007996 75
v 332.95129395 -143.40640259 75
v 314.4480896 -144.32881165 75
v 314.30093384 -144.45578003 75
v 330.6171875 -140.95480347 75
v 315.51724243 -142.72872925 75
v 315.57821655 -142.54417419 75
v 333.34857178 -143.686203 75
v 314.14770508 -144.5753479 75
v 330.35720825 -140.54426575 75
v 315.63006592 -142.3568573 75
v 333.75912476 -143.94616699 75
v 313.98880005 -144.68727112 75
v 330.1177063 -140.12147522 75
v 315.67263794 -142.16720581 75
v 315.70587158 -141.97570801 75
v 334.18191528 -144.18566895 75
v 313.82458496 -144.79125977 75
v 329.89923096 -139.68745422 75
v 315.72967529 -141.7828064 75
v 334.61593628 -144.40414429 75
v 313.65545654 -144.88705444 75
v 313.48184204 -144.97445679 75
v 329.70233154 -139.2432251 75
v 315.74395752 -141.58895874 75
v 315.74871826 -141.39465332 75
v 335.06015015 -144.60105896 75
v 313.3041687 -145.05322266 75
v 329.5274353 -138.78985596 75
v 335.51351929 -144.77593994 75
v 313.12280273 -145.12316895 75
v 329.37503052 -138.32847595 75
v 335.97491455 -144.92835999 75
v 312.93826294 -145.18414307 75
v 329.24542236 -137.8601532 75
v 336.4432373 -145.05796814 75
v 312.75094604 -145.23597717 75
v 329.13894653 -137.38604736 75
v 336.91732788 -145.16442871 75
v 312.5612793 -145.27856445 75
v 329.05587769 -136.9072876 75
v 337.39608765 -145.24749756 75
v 312.36978149 -145.3117981 75
v 328.99639893 -136.42501831 75
v 328.96066284 -135.94042969 75
v 328.94873047 -135.45465088 75
v 315.74871826 -129.51464844 75
v 328.96066284 -134.96888733 75
v 328.99639893 -134.48428345 75
v 329.05587769 -134.00201416 75
v 329.13894653 -133.52325439 75
v 329.24542236 -133.04914856 75
v 329.37503052 -132.58084106 75
v 329.5274353 -132.1194458 75
v 329.70233154 -131.66609192 75
v 315.74395752 -129.32034302 75
v 315.72967529 -129.12651062 75
v 329.89923096 -131.22186279 75
v 315.70587158 -128.93359375 75
v 330.1177063 -130.78782654 75
v 315.67263794 -128.74209595 75
v 315.63006592 -128.55244446 75
v 330.35720825 -130.36503601 75
v 315.57821655 -128.36512756 75
v 330.6171875 -129.95451355 75
v 315.51724243 -128.18057251 75
v 315.44729614 -127.99922943 75
v 330.89697266 -129.55723572 75
v 315.36853027 -127.8215332 75
v 331.19592285 -129.17416382 75
v 315.28112793 -127.6479187 75
v 315.18533325 -127.47880554 75
v 331.51330566 -128.80621338 75
v 315.08135986 -127.31459808 75
v 331.84835815 -128.45429993 75
v 314.96942139 -127.15568542 75
v 314.84985352 -127.00245667 75
v 332.20028687 -128.11923218 75
v 314.72290039 -126.85527802 75
v 332.5682373 -127.80184937 75
v 314.58886719 -126.71450806 75
v 332.95129395 -127.50289917 75
v 314.4480896 -126.58048248 75
v 314.30093384 -126.45352936 75
v 333.34857178 -127.22310638 75
v 338.84872437 -125.55464935 75
v 311.78872681 -125.55464935 75
v 311.98303223 -125.55942535 75
v 338.36294556 -125.5665741 75
v 312.17687988 -125.57372284 75
v 312.36978149 -125.59751129 75
v 312.5612793 -125.63074493 75
v 337.87835693 -125.60232544 75
v 312.75094604 -125.67333221 75
v 312.93826294 -125.72516632 75
v 337.39608765 -125.6618042 75
v 313.12280273 -125.78614044 75
v 313.3041687 -125.85608673 75
v 336.91732788 -125.74488068 75
v 313.48184204 -125.9348526 75
v 313.65545654 -126.02224731 75
v 313.82458496 -126.11804962 75
v 336.4432373 -125.85134125 75
v 313.98880005 -126.22203064 75
v 314.14770508 -126.33395386 75
v 335.97491455 -125.98094177 75
v 335.51351929 -126.13336945 75
v 335.06015015 -126.3082428 75
v 334.61593628 -126.50515747 75
v 334.18191528 -126.72363281 75
v 333.75912476 -126.9631424 75
v 311.78872681 -145.35466003 75
v 338.84872437 -145.35466003 75
v 311.98303223 -145.34988403 75
v 338.36294556 -145.34272766 75
v 312.17687988 -145.33558655 75
v 337.87835693 -145.30697632 75
v 328.94873047 -135.45465088 150
v 328.96102905 -135.94812012 150
v 328.9979248 -136.44036865 150
v 329.05929565 -136.93017578 150
v 329.14501953 -137.41630554 150
v 329.25485229 -137.89755249 150
v 329.3885498 -138.37272644 150
v 329.54577637 -138.84065247 150
v 329.72610474 -139.30015564 150
v 329.92913818 -139.75010681 150
v 330.15432739 -140.18936157 150
v 330.40115356 -140.61686707 150
v 330.66897583 -141.03152466 150
v 330.9571228 -141.43231201 150
v 331.26489258 -141.81825256 150
v 331.59152222 -142.18836975 150
v 331.93618774 -142.54173279 150
v 332.29803467 -142.87748718 150
v 332.67617798 -143.19477844 150
v 333.06967163 -143.49284363 150
v 333.47750854 -143.77090454 150
v 333.89874268 -144.02830505 150
v 334.33224487 -144.26438904 150
v 334.77697754 -144.4785614 150
v 335.23184204 -144.67030334 150
v 335.69570923 -144.83912659 150
v 336.16741943 -144.9846344 150
v 336.64578247 -145.10644531 150
v 337.12960815 -145.20425415 150
v 337.61773682 -145.27781677 150
v 338.10888672 -145.32696533 150
v 338.84872437 -145.35466003 0
v 339.3421936 -145.34234619 0
v 338.60192871 -145.35157776 150
v 339.09555054 -145.35157776 150
v 339.58856201 -145.32696533 150
v 339.83444214 -145.30545044 0
v 340.07974243 -145.27781677 150
v 340.32424927 -145.24407959 0
v 340.56784058 -145.20425415 150
v 340.81036377 -145.15835571 0
v 341.05169678 -145.10644531 150
v 341.29162598 -145.04852295 0
v 341.53005981 -144.9846344 150
v 341.76681519 -144.91482544 0
v 342.0017395 -144.83912659 150
v 342.23474121 -144.75761414 0
v 342.46560669 -144.67030334 150
v 342.69424438 -144.57727051 0
v 342.92047119 -144.4785614 150
v 343.14416504 -144.37423706 0
v 343.36520386 -144.26438904 150
v 343.58343506 -144.14904785 0
v 343.79873657 -144.02830505 150
v 344.01092529 -143.90223694 0
v 344.21994019 -143.77090454 150
v 344.42559814 -143.63441467 0
v 344.6277771 -143.49284363 150
v 344.8263855 -143.3462677 0
v 345.02127075 -143.19477844 150
v 345.21234131 -143.03849792 0
v 345.39941406 -142.87748718 150
v 345.58242798 -142.71186829 0
v 345.76126099 -142.54173279 150
v 345.93582153 -142.36720276 0
v 346.10595703 -142.18836975 150
v 346.27157593 -142.00534058 0
v 346.43255615 -141.81825256 150
v 346.58886719 -141.62719727 0
v 346.74035645 -141.43231201 150
v 346.88690186 -141.23371887 0
v 347.02850342 -141.03152466 150
v 347.16497803 -140.8258667 0
v 347.29629517 -140.61686707 150
v 347.4223938 -140.40464783 0
v 347.54312134 -140.18936157 150
v 347.65844727 -139.97113037 0
v 347.76831055 -139.75010681 150
v 347.87265015 -139.52639771 0
v 347.97134399 -139.30015564 150
v 348.06439209 -139.0715332 0
v 348.15167236 -138.84065247 150
v 348.23321533 -138.60766602 0
v 348.30889893 -138.37272644 150
v 348.37872314 -138.13597107 0
v 348.44259644 -137.89755249 150
v 348.5005188 -137.65760803 0
v 348.5524292 -137.41630554 150
v 348.59832764 -137.17376709 0
v 348.63815308 -136.93017578 150
v 348.67190552 -136.68565369 0
v 348.69952393 -136.44036865 150
v 348.72103882 -136.19447327 0
v 348.73641968 -135.94812012 150
v 348.7456665 -135.70146179 0
v 348.74871826 -135.45465088 150
v 348.7456665 -135.20783997 0
v 348.73641968 -134.96118164 150
v 348.72103882 -134.71482849 0
v 348.69952393 -134.46893311 150
v 348.67190552 -134.22364807 0
v 348.63815308 -133.97914124 150
v 348.59832764 -133.73553467 0
v 348.5524292 -133.49301147 150
v 348.5005188 -133.25169373 0
v 348.44259644 -133.01174927 150
v 348.37872314 -132.77333069 0
v 348.30889893 -132.53657532 150
v 348.23321533 -132.30163574 0
v 348.15167236 -132.06864929 150
v 348.06439209 -131.83776855 0
v 347.97134399 -131.60914612 150
v 347.87265015 -131.38290405 0
v 347.76831055 -131.15921021 150
v 347.65844727 -130.93817139 0
v 347.54312134 -130.71994019 150
v 347.4223938 -130.50465393 0
v 347.29629517 -130.29244995 150
v 347.16497803 -130.08345032 0
v 347.02850342 -129.8777771 150
v 346.88690186 -129.67558289 0
v 346.74035645 -129.47698975 150
v 346.58886719 -129.28210449 0
v 346.43255615 -129.09104919 150
v 346.27157593 -128.90396118 0
v 346.10595703 -128.72094727 150
v 345.93582153 -128.54211426 0
v 345.76126099 -128.36756897 150
v 345.58242798 -128.19743347 0
v 345.39941406 -128.03181458 150
v 345.21234131 -127.87081146 0
v 345.02127075 -127.71452332 150
v 344.8263855 -127.56304169 0
v 344.6277771 -127.41646576 150
v 344.42559814 -127.27488708 0
v 344.21994019 -127.13839722 150
v 344.01092529 -127.00707245 0
v 343.79873657 -126.88100433 150
v 343.58343506 -126.76026154 0
v 343.36520386 -126.64492035 150
v 343.14416504 -126.53505707 0
v 342.92047119 -126.43074799 150
v 342.69424438 -126.33203888 0
v 342.46560669 -126.23900604 150
v 342.23474121 -126.15169525 0
v 342.0017395 -126.07017517 150
v 341.76681519 -125.99448395 0
v 341.53005981 -125.92467499 150
v 341.29162598 -125.86078644 0
v 341.05169678 -125.80286407 150
v 340.81036377 -125.75094604 0
v 340.56784058 -125.70505524 150
v 340.32424927 -125.6652298 0
v 340.07974243 -125.63148499 150
v 339.83444214 -125.60385132 0
v 339.58856201 -125.58233643 150
v 339.3421936 -125.56695557 0
v 338.84872437 -125.55464935 0
v 339.09555054 -125.55773163 150
v 338.60192871 -125.55773163 150
v 338.10888672 -125.58233643 150
v 337.61773682 -125.63148499 150
v 337.12960815 -125.70505524 150
v 336.64578247 -125.80286407 150
v 336.16741943 -125.92467499 150
v 335.69570923 -126.07017517 150
v 335.23184204 -126.23900604 150
v 334.77697754 -126.43074799 150
v 334.33224487 -126.64492035 150
v 333.89874268 -126.88100433 150
v 333.47750854 -127.13839722 150
v 333.06967163 -127.41646576 150
v 332.67617798 -127.71452332 150
v 332.29803467 -128.03181458 150
v 331.93618774 -128.36756897 150
v 331.59152222 -128.72094727 150
v 331.26489258 -129.09104919 150
v 330.9571228 -129.47698975 150
v 330.66897583 -129.8777771 150
v 330.40115356 -130.29244995 150
v 330.15432739 -130.71994019 150
v 329.92913818 -131.15921021 150
v 329.72610474 -131.60914612 150
v 329.54577637 -132.06864929 150
v 329.3885498 -132.53657532 150
v 329.25485229 -133.01174927 150
v 329.14501953 -133.49301147 150
v 329.05929565 -133.97914124 150
v 328.9979248 -134.46893311 150
v 328.96102905 -134.96118164 150
v 311.98303223 -145.34988403 150
v 311.78872681 -145.35466003 150
v 312.17687988 -145.33558655 150
v 312.36978149 -145.3117981 150
v 312.5612793 -145.27856445 150
v 312.75094604 -145.23597717 150
v 312.93826294 -145.18414307 150
v 313.12280273 -145.12316895 150
v 313.3041687 -145.05322266 150
v 313.48184204 -144.97445679 150
v 313.65545654 -144.88705444 150
v 313.82458496 -144.79125977 150
v 313.98880005 -144.68727112 150
v 314.14770508 -144.5753479 150
v 314.30093384 -144.45578003 150
v 314.4480896 -144.32881165 150
v 314.58886719 -144.1947937 150
v 314.72290039 -144.05403137 150
v 314.84985352 -143.90684509 150
v 314.96942139 -143.75361633 150
v 315.08135986 -143.5947113 150
v 315.18533325 -143.43049622 150
v 315.28112793 -143.26138306 150
v 315.36853027 -143.08776855 150
v 315.44729614 -142.91007996 150
v 315.51724243 -142.72872925 150
v 315.57821655 -142.54417419 150
v 315.63006592 -142.3568573 150
v 315.67263794 -142.16720581 150
v 315.70587158 -141.97570801 150
v 315.72967529 -141.7828064 150
v 315.74395752 -141.58895874 150
v 315.74871826 -141.39465332 150
v 315.74871826 -129.51464844 150
v 315.74395752 -129.32034302 150
v 315.72967529 -129.12651062 150
v 315.70587158 -128.93359375 150
v 315.67263794 -128.74209595 150
v 315.63006592 -128.55244446 150
v 315.57821655 -128.36512756 150
v 315.51724243 -128.18057251 150
v 315.44729614 -127.99922943 150
v 315.36853027 -127.8215332 150
v 315.28112793 -127.6479187 150
v 315.18533325 -127.47880554 150
v 315.08135986 -127.31459808 150
v 314.96942139 -127.15568542 150
v 314.84985352 -127.00245667 150
v 314.72290039 -126.85527802 150
v 314.58886719 -126.71450806 150
v 314.4480896 -126.58048248 150
v 314.30093384 -126.45352936 150
v 314.14770508 -126.33395386 150
v 313.98880005 -126.22203064 150
v 313.82458496 -126.11804962 150
v 313.65545654 -126.02224731 150
v 313.48184204 -125.9348526 150
v 313.3041687 -125.85608673 150
v 313.12280273 -125.78614044 150
v 312.93826294 -125.72516632 150
v 312.75094604 -125.67333221 150
v 312.5612793 -125.63074493 150
v 312.36978149 -125.59751129 150
v 312.17687988 -125.57372284 150
v 311.98303223 -125.55942535 150
v 311.78872681 -125.55464935 150
v 299.90872192 -145.35466003 0
v 299.90872192 -145.35466003 150
v 295.95349121 -141.58895874 150
v 295.94873047 -141.39465332 0
v 295.95349121 -141.58895874 0
v 295.94873047 -141.39465332 150
v 295.96780396 -141.7828064 150
v 295.96780396 -141.7828064 0
v 295.99157715 -141.97570801 150
v 295.99157715 -141.97570801 0
v 296.02481079 -142.16720581 150
v 296.02481079 -142.16720581 0
v 296.06741333 -142.3568573 150
v 296.06741333 -142.3568573 0
v 296.11923218 -142.54417419 0
v 296.11923218 -142.54417419 150
v 296.1802063 -142.72872925 0
v 296.1802063 -142.72872925 150
v 296.25015259 -142.91007996 150
v 296.25015259 -142.91007996 0
v 296.32891846 -143.08776855 0
v 296.32891846 -143.08776855 150
v 296.4163208 -143.26138306 150
v 296.4163208 -143.26138306 0
v 296.51211548 -143.43049622 150
v 296.51211548 -143.43049622 0
v 296.61611938 -143.5947113 150
v 296.61611938 -143.5947113 0
v 296.72802734 -143.75361633 150
v 296.72802734 -143.75361633 0
v 296.84759521 -143.90684509 150
v 296.84759521 -143.90684509 0
v 296.97454834 -144.05403137 150
v 296.97454834 -144.05403137 0
v 297.10858154 -144.1947937 150
v 297.10858154 -144.1947937 0
v 297.24935913 -144.32881165 0
v 297.24935913 -144.32881165 150
v 297.39654541 -144.45578003 150
v 297.39654541 -144.45578003 0
v 297.54977417 -144.5753479 150
v 297.54977417 -144.5753479 0
v 297.7086792 -144.68727112 0
v 297.7086792 -144.68727112 150
v 297.87289429 -144.79125977 150
v 297.87289429 -144.79125977 0
v 298.04199219 -144.88705444 0
v 298.04199219 -144.88705444 150
v 298.21560669 -144.97445679 150
v 298.21560669 -144.97445679 0
v 298.39331055 -145.05322266 150
v 298.39331055 -145.05322266 0
v 298.574646 -145.12316895 150
v 298.574646 -145.12316895 0
v 298.75921631 -145.18414307 150
v 298.75921631 -145.18414307 0
v 298.9465332 -145.23597717 150
v 298.9465332 -145.23597717 0
v 299.13616943 -145.27856445 0
v 299.13616943 -145.27856445 150
v 299.32766724 -145.3117981 0
v 299.32766724 -145.3117981 150
v 299.52056885 -145.33558655 150
v 299.52056885 -145.33558655 0
v 299.7144165 -145.34988403 0
v 299.7144165 -145.34988403 150
v 295.94873047 -129.51464844 0
v 295.94873047 -129.51464844 150
v 299.7144165 -125.55942535 150
v 299.90872192 -125.55464935 0
v 299.7144165 -125.55942535 0
v 299.90872192 -125.55464935 150
v 299.52056885 -125.57372284 150
v 299.52056885 -125.57372284 0
v 299.32766724 -125.59751129 150
v 299.32766724 -125.59751129 0
v 299.13616943 -125.63074493 150
v 299.13616943 -125.63074493 0
v 298.9465332 -125.67333221 150
v 298.9465332 -125.67333221 0
v 298.75921631 -125.72516632 0
v 298.75921631 -125.72516632 150
v 298.574646 -125.78614044 0
v 298.574646 -125.78614044 150
v 298.39331055 -125.85608673 150
v 298.39331055 -125.85608673 0
v 298.21560669 -125.9348526 0
v 298.21560669 -125.9348526 150
v 298.04199219 -126.02224731 150
v 298.04199219 -126.02224731 0
v 297.87289429 -126.11804962 150
v 297.87289429 -126.11804962 0
v 297.7086792 -126.22203064 150
v 297.7086792 -126.22203064 0
v 297.54977417 -126.33395386 150
v 297.54977417 -126.33395386 0
v 297.39654541 -126.45352936 150
v 297.39654541 -126.45352936 0
v 297.24935913 -126.58048248 150
v 297.24935913 -126.58048248 0
v 297.10858154 -126.71450806 150
v 297.10858154 -126.71450806 0
v 296.97454834 -126.85527802 0
v 296.97454834 -126.85527802 150
v 296.84759521 -127.00245667 150
v 296.84759521 -127.00245667 0
v 296.72802734 -127.15568542 150
v 296.72802734 -127.15568542 0
v 296.61611938 -127.31459808 0
v 296.61611938 -127.31459808 150
v 296.51211548 -127.47880554 150
v 296.51211548 -127.47880554 0
v 296.4163208 -127.6479187 0
v 296.4163208 -127.6479187 150
v 296.32891846 -127.8215332 150
v 296.32891846 -127.8215332 0
v 296.25015259 -127.99922943 150
v 296.25015259 -127.99922943 0
v 296.1802063 -128.18057251 150
v 296.1802063 -128.18057251 0
v 296.11923218 -128.36512756 150
v 296.11923218 -128.36512756 0
v 296.06741333 -128.55244446 150
v 296.06741333 -128.55244446 0
v 296.02481079 -128.74209595 0
v 296.02481079 -128.74209595 150
v 295.99157715 -128.93359375 0
v 295.99157715 -128.93359375 150
v 295.96780396 -129.12651062 150
v 295.96780396 -129.12651062 0
v 295.95349121 -129.32034302 0
v 295.95349121 -129.32034302 150
v 653.05102539 -62.38116455 75
v 642.69934082 -62.38116455 75
v 642.63348389 -62.4438858 75
v 652.98828125 -62.31528473 75
v 642.76208496 -62.31528473 75
v 653.11688232 -62.4438858 75
v 642.56463623 -62.5032959 75
v 652.92889404 -62.24641037 75
v 642.82147217 -62.24641037 75
v 653.18579102 -62.5032959 75
v 642.49291992 -62.55925751 75
v 652.8729248 -62.17470169 75
v 642.87744141 -62.17470169 75
v 653.25744629 -62.55925751 75
v 642.41851807 -62.6116333 75
v 652.82055664 -62.10033417 75
v 642.92980957 -62.10033417 75
v 653.33184814 -62.6116333 75
v 642.3416748 -62.66029739 75
v 652.77185059 -62.02348709 75
v 642.97851562 -62.02348709 75
v 653.40869141 -62.66029739 75
v 642.26251221 -62.70513153 75
v 652.72705078 -61.94434357 75
v 643.02331543 -61.94434357 75
v 653.487854 -62.70513153 75
v 652.68615723 -61.86309433 75
v 643.06420898 -61.86309433 75
v 653.5690918 -62.7460289 75
v 642.18127441 -62.7460289 75
v 642.09814453 -62.78289032 75
v 652.64929199 -61.77993774 75
v 643.10107422 -61.77993774 75
v 653.65222168 -62.78289032 75
v 642.01324463 -62.81562424 75
v 652.61657715 -61.69507217 75
v 643.1338501 -61.69507217 75
v 653.73712158 -62.81562424 75
v 641.92687988 -62.84415817 75
v 652.5880127 -61.60870361 75
v 643.16235352 -61.60870361 75
v 653.82348633 -62.84415817 75
v 641.8392334 -62.86841965 75
v 653.91113281 -62.86841965 75
v 652.56378174 -61.52103806 75
v 643.18664551 -61.52103806 75
v 652.54382324 -61.43228912 75
v 643.20654297 -61.43228912 75
v 653.99987793 -62.88834763 75
v 641.75048828 -62.88834763 75
v 641.66088867 -62.90390015 75
v 652.52825928 -61.34266663 75
v 643.22210693 -61.34266663 75
v 643.23321533 -61.25239182 75
v 654.08953857 -62.90390015 75
v 641.57061768 -62.91503143 75
v 652.51715088 -61.25239182 75
v 654.17980957 -62.91503143 75
v 652.51043701 -61.16167831 75
v 643.2399292 -61.16167831 75
v 643.24212646 -61.07074356 75
v 652.50823975 -61.07074356 75
v 652.50823975 -49.3337326 75
v 643.2399292 -49.24279785 75
v 643.24212646 -49.3337326 75
v 652.51043701 -49.24279785 75
v 652.51715088 -49.15208435 75
v 643.23321533 -49.15208435 75
v 643.22210693 -49.06180954 75
v 652.52825928 -49.06180954 75
v 652.54382324 -48.97218704 75
v 643.20654297 -48.97218704 75
v 652.56378174 -48.88343811 75
v 643.18664551 -48.88343811 75
v 652.5880127 -48.79577255 75
v 643.16235352 -48.79577255 75
v 643.1338501 -48.70940399 75
v 652.61657715 -48.70940399 75
v 652.64929199 -48.62453842 75
v 643.10107422 -48.62453842 75
v 652.68615723 -48.54138184 75
v 643.06420898 -48.54138184 75
v 643.02331543 -48.4601326 75
v 652.72705078 -48.4601326 75
v 652.77185059 -48.38098907 75
v 642.97851562 -48.38098907 75
v 652.82055664 -48.304142 75
v 642.92980957 -48.304142 75
v 642.87744141 -48.22977448 75
v 652.8729248 -48.22977448 75
v 652.92889404 -48.1580658 75
v 642.82147217 -48.1580658 75
v 642.76208496 -48.08919144 75
v 652.98828125 -48.08919144 75
v 653.05102539 -48.02331161 75
v 642.69934082 -48.02331161 75
v 653.11688232 -47.96059036 75
v 642.63348389 -47.96059036 75
v 653.18579102 -47.90118027 75
v 642.56463623 -47.90118027 75
v 653.25744629 -47.84521866 75
v 642.49291992 -47.84521866 75
v 654.3614502 -47.48051834 75
v 641.38891602 -47.48051834 75
v 641.4798584 -47.48274994 75
v 654.27050781 -47.48274994 75
v 654.17980957 -47.48944473 75
v 641.57061768 -47.48944473 75
v 641.66088867 -47.50057602 75
v 654.08953857 -47.50057602 75
v 641.75048828 -47.51612854 75
v 653.99987793 -47.51612854 75
v 641.8392334 -47.53605652 75
v 653.91113281 -47.53605652 75
v 641.92687988 -47.56031799 75
v 653.82348633 -47.56031799 75
v 653.73712158 -47.58885193 75
v 642.01324463 -47.58885193 75
v 642.09814453 -47.62158585 75
v 653.65222168 -47.62158585 75
v 642.18127441 -47.65844727 75
v 653.5690918 -47.65844727 75
v 653.487854 -47.69934464 75
v 642.26251221 -47.69934464 75
v 642.3416748 -47.74417877 75
v 653.40869141 -47.74417877 75
v 653.33184814 -47.79284286 75
v 642.41851807 -47.79284286 75
v 641.38891602 -62.92395782 75
v 654.3614502 -62.92395782 75
v 641.4798584 -62.92172623 75
v 654.27050781 -62.92172623 75
v 654.27050781 -47.48274994 150
v 654.3614502 -47.48051834 150
v 654.17980957 -47.48944473 150
v 654.08953857 -47.50057602 150
v 653.99987793 -47.51612854 150
v 653.91113281 -47.53605652 150
v 653.82348633 -47.56031799 150
v 653.73712158 -47.58885193 150
v 653.65222168 -47.62158585 150
v 653.5690918 -47.65844727 150
v 653.487854 -47.69934464 150
v 653.40869141 -47.74417877 150
v 653.33184814 -47.79284286 150
v 653.25744629 -47.84521866 150
v 653.18579102 -47.90118027 150
v 653.11688232 -47.96059036 150
v 653.05102539 -48.02331161 150
v 652.98828125 -48.08919144 150
v 652.92889404 -48.1580658 150
v 652.8729248 -48.22977448 150
v 652.82055664 -48.304142 150
v 652.77185059 -48.38098907 150
v 652.72705078 -48.4601326 150
v 652.68615723 -48.54138184 150
v 652.64929199 -48.62453842 150
v 652.61657715 -48.70940399 150
v 652.5880127 -48.79577255 150
v 652.56378174 -48.88343811 150
v 652.54382324 -48.97218704 150
v 652.52825928 -49.06180954 150
v 652.51715088 -49.15208435 150
v 652.51043701 -49.24279785 150
v 652.50823975 -49.3337326 150
v 652.50823975 -61.07074356 150
v 652.51043701 -61.16167831 150
v 652.51715088 -61.25239182 150
v 652.52825928 -61.34266663 150
v 652.54382324 -61.43228912 150
v 652.56378174 -61.52103806 150
v 652.5880127 -61.60870361 150
v 652.61657715 -61.69507217 150
v 652.64929199 -61.77993774 150
v 652.68615723 -61.86309433 150
v 652.72705078 -61.94434357 150
v 652.77185059 -62.02348709 150
v 652.82055664 -62.10033417 150
v 652.8729248 -62.17470169 150
v 652.92889404 -62.24641037 150
v 652.98828125 -62.31528473 150
v 653.05102539 -62.38116455 150
v 653.11688232 -62.4438858 150
v 653.18579102 -62.5032959 150
v 653.25744629 -62.55925751 150
v 653.33184814 -62.6116333 150
v 653.40869141 -62.66029739 150
v 653.487854 -62.70513153 150
v 653.5690918 -62.7460289 150
v 653.65222168 -62.78289032 150
v 653.73712158 -62.81562424 150
v 653.82348633 -62.84415817 150
v 653.91113281 -62.86841965 150
v 653.99987793 -62.88834763 150
v 654.08953857 -62.90390015 150
v 654.17980957 -62.91503143 150
v 654.27050781 -62.92172623 150
v 654.3614502 -62.92395782 150
v 667.94940186 -49.24279785 150
v 667.95166016 -49.3337326 0
v 667.94940186 -49.24279785 0
v 667.95166016 -49.3337326 150
v 667.94274902 -49.15208435 150
v 667.94274902 -49.15208435 0
v 667.93157959 -49.06180954 150
v 667.93157959 -49.06180954 0
v 667.91607666 -48.97218704 150
v 667.91607666 -48.97218704 0
v 667.89611816 -48.88343811 150
v 667.89611816 -48.88343811 0
v 667.87188721 -48.79577255 0
v 667.87188721 -48.79577255 150
v 667.84332275 -48.70940399 0
v 667.84332275 -48.70940399 150
v 667.81060791 -48.62453842 150
v 667.81060791 -48.62453842 0
v 667.77374268 -48.54138184 0
v 667.77374268 -48.54138184 150
v 667.73284912 -48.4601326 150
v 667.73284912 -48.4601326 0
v 667.68798828 -48.38098907 150
v 667.68798828 -48.38098907 0
v 667.63934326 -48.304142 150
v 667.63934326 -48.304142 0
v 667.5869751 -48.22977448 150
v 667.5869751 -48.22977448 0
v 667.53100586 -48.1580658 150
v 667.53100586 -48.1580658 0
v 667.47155762 -48.08919144 150
v 667.47155762 -48.08919144 0
v 667.40887451 -48.02331161 150
v 667.40887451 -48.02331161 0
v 667.34295654 -47.96059036 0
v 667.34295654 -47.96059036 150
v 667.27410889 -47.90118027 150
v 667.27410889 -47.90118027 0
v 667.20239258 -47.84521866 150
v 667.20239258 -47.84521866 0
v 667.12805176 -47.79284286 0
v 667.12805176 -47.79284286 150
v 667.0512085 -47.74417877 150
v 667.0512085 -47.74417877 0
v 666.9720459 -47.69934464 0
v 666.9720459 -47.69934464 150
v 666.89080811 -47.65844727 150
v 666.89080811 -47.65844727 0
v 666.80761719 -47.62158585 150
v 666.80761719 -47.62158585 0
v 666.72277832 -47.58885193 150
v 666.72277832 -47.58885193 0
v 666.63641357 -47.56031799 150
v 666.63641357 -47.56031799 0
v 666.54876709 -47.53605652 150
v 666.54876709 -47.53605652 0
v 666.45996094 -47.51612854 0
v 666.45996094 -47.51612854 150
v 666.37036133 -47.50057602 0
v 666.37036133 -47.50057602 150
v 666.28009033 -47.48944473 150
v 666.28009033 -47.48944473 0
v 666.18939209 -47.48274994 0
v 666.18939209 -47.48274994 150
v 666.09844971 -47.48051834 150
v 666.09844971 -47.48051834 0
v 667.95166016 -61.07074356 0
v 667.95166016 -61.07074356 150
v 666.18939209 -62.92172623 150
v 666.09844971 -62.92395782 0
v 666.18939209 -62.92172623 0
v 666.09844971 -62.92395782 150
v 666.28009033 -62.91503143 150
v 666.28009033 -62.91503143 0
v 666.37036133 -62.90390015 150
v 666.37036133 -62.90390015 0
v 666.45996094 -62.88834763 150
v 666.45996094 -62.88834763 0
v 666.54876709 -62.86841965 150
v 666.54876709 -62.86841965 0
v 666.63641357 -62.84415817 0
v 666.63641357 -62.84415817 150
v 666.72277832 -62.81562424 0
v 666.72277832 -62.81562424 150
v 666.80761719 -62.78289032 150
v 666.80761719 -62.78289032 0
v 666.89080811 -62.7460289 0
v 666.89080811 -62.7460289 150
v 666.9720459 -62.70513153 150
v 666.9720459 -62.70513153 0
v 667.0512085 -62.66029739 150
v 667.0512085 -62.66029739 0
v 667.12805176 -62.6116333 150
v 667.12805176 -62.6116333 0
v 667.20239258 -62.55925751 150
v 667.20239258 -62.55925751 0
v 667.27410889 -62.5032959 150
v 667.27410889 -62.5032959 0
v 667.34295654 -62.4438858 150
v 667.34295654 -62.4438858 0
v 667.40887451 -62.38116455 150
v 667.40887451 -62.38116455 0
v 667.47155762 -62.31528473 0
v 667.47155762 -62.31528473 150
v 667.53100586 -62.24641037 150
v 667.53100586 -62.24641037 0
v 667.5869751 -62.17470169 150
v 667.5869751 -62.17470169 0
v 667.63934326 -62.10033417 0
v 667.63934326 -62.10033417 150
v 667.68798828 -62.02348709 150
v 667.68798828 -62.02348709 0
v 667.73284912 -61.94434357 0
v 667.73284912 -61.94434357 150
v 667.77374268 -61.86309433 150
v 667.77374268 -61.86309433 0
v 667.81060791 -61.77993774 150
v 667.81060791 -61.77993774 0
v 667.84332275 -61.69507217 150
v 667.84332275 -61.69507217 0
v 667.87188721 -61.60870361 150
v 667.87188721 -61.60870361 0
v 667.89611816 -61.52103806 150
v 667.89611816 -61.52103806 0
v 667.91607666 -61.43228912 0
v 667.91607666 -61.43228912 150
v 667.93157959 -61.34266663 0
v 667.93157959 -61.34266663 150
v 667.94274902 -61.25239182 150
v 667.94274902 -61.25239182 0
v 667.94940186 -61.16167831 0
v 667.94940186 -61.16167831 150
v 641.4798584 -62.92172623 150
v 641.38891602 -62.92395782 150
v 641.57061768 -62.91503143 150
v 641.66088867 -62.90390015 150
v 641.75048828 -62.88834763 150
v 641.8392334 -62.86841965 150
v 641.92687988 -62.84415817 150
v 642.01324463 -62.81562424 150
v 642.09814453 -62.78289032 150
v 642.18127441 -62.7460289 150
v 642.26251221 -62.70513153 150
v 642.3416748 -62.66029739 150
v 642.41851807 -62.6116333 150
v 642.49291992 -62.55925751 150
v 642.56463623 -62.5032959 150
v 642.63348389 -62.4438858 150
v 642.69934082 -62.38116455 150
v 642.76208496 -62.31528473 150
v 642.82147217 -62.24641037 150
v 642.87744141 -62.17470169 150
v 642.92980957 -62.10033417 150
v 642.97851562 -62.02348709 150
v 643.02331543 -61.94434357 150
v 643.06420898 -61.86309433 150
v 643.10107422 -61.77993774 150
v 643.1338501 -61.69507217 150
v 643.16235352 -61.60870361 150
v 643.18664551 -61.52103806 150
v 643.20654297 -61.43228912 150
v 643.22210693 -61.34266663 150
v 643.23321533 -61.25239182 150
v 643.2399292 -61.16167831 150
v 643.24212646 -61.07074356 150
v 643.24212646 -49.3337326 150
v 643.2399292 -49.24279785 150
v 643.23321533 -49.15208435 150
v 643.22210693 -49.06180954 150
v 643.20654297 -48.97218704 150
v 643.18664551 -48.88343811 150
v 643.16235352 -48.79577255 150
v 643.1338501 -48.70940399 150
v 643.10107422 -48.62453842 150
v 643.06420898 -48.54138184 150
v 643.02331543 -48.4601326 150
v 642.97851562 -48.38098907 150
v 642.92980957 -48.304142 150
v 642.87744141 -48.22977448 150
v 642.82147217 -48.1580658 150
v 642.76208496 -48.08919144 150
v 642.69934082 -48.02331161 150
v 642.63348389 -47.96059036 150
v 642.56463623 -47.90118027 150
v 642.49291992 -47.84521866 150
v 642.41851807 -47.79284286 150
v 642.3416748 -47.74417877 150
v 642.26251221 -47.69934464 150
v 642.18127441 -47.65844727 150
v 642.09814453 -47.62158585 150
v 642.01324463 -47.58885193 150
v 641.92687988 -47.56031799 150
v 641.8392334 -47.53605652 150
v 641.75048828 -47.51612854 150
v 641.66088867 -47.50057602 150
v 641.57061768 -47.48944473 150
v 641.4798584 -47.48274994 150
v 641.38891602 -47.48051834 150
v 629.6519165 -62.92395782 0
v 629.6519165 -62.92395782 150
v 627.80096436 -61.16167831 150
v 627.79870605 -61.07074356 0
v 627.80096436 -61.16167831 0
v 627.79870605 -61.07074356 150
v 627.80761719 -61.25239182 150
v 627.80761719 -61.25239182 0
v 627.81878662 -61.34266663 150
v 627.81878662 -61.34266663 0
v 627.83435059 -61.43228912 150
v 627.83435059 -61.43228912 0
v 627.85424805 -61.52103806 150
v 627.85424805 -61.52103806 0
v 627.87854004 -61.60870361 0
v 627.87854004 -61.60870361 150
v 627.90704346 -61.69507217 0
v 627.90704346 -61.69507217 150
v 627.9397583 -61.77993774 150
v 627.9397583 -61.77993774 0
v 627.97662354 -61.86309433 0
v 627.97662354 -61.86309433 150
v 628.01751709 -61.94434357 150
v 628.01751709 -61.94434357 0
v 628.06237793 -62.02348709 150
v 628.06237793 -62.02348709 0
v 628.11102295 -62.10033417 150
v 628.11102295 -62.10033417 0
v 628.16339111 -62.17470169 150
v 628.16339111 -62.17470169 0
v 628.21936035 -62.24641037 150
v 628.21936035 -62.24641037 0
v 628.27880859 -62.31528473 150
v 628.27880859 -62.31528473 0
v 628.3414917 -62.38116455 150
v 628.3414917 -62.38116455 0
v 628.40740967 -62.4438858 0
v 628.40740967 -62.4438858 150
v 628.47625732 -62.5032959 150
v 628.47625732 -62.5032959 0
v 628.54797363 -62.55925751 150
v 628.54797363 -62.55925751 0
v 628.62231445 -62.6116333 0
v 628.62231445 -62.6116333 150
v 628.69921875 -62.66029739 150
v 628.69921875 -62.66029739 0
v 628.77832031 -62.70513153 0
v 628.77832031 -62.70513153 150
v 628.85955811 -62.7460289 150
v 628.85955811 -62.7460289 0
v 628.94274902 -62.78289032 150
v 628.94274902 -62.78289032 0
v 629.02758789 -62.81562424 150
v 629.02758789 -62.81562424 0
v 629.11395264 -62.84415817 150
v 629.11395264 -62.84415817 0
v 629.20166016 -62.86841965 150
v 629.20166016 -62.86841965 0
v 629.29040527 -62.88834763 0
v 629.29040527 -62.88834763 150
v 629.38000488 -62.90390015 0
v 629.38000488 -62.90390015 150
v 629.47027588 -62.91503143 150
v 629.47027588 -62.91503143 0
v 629.56097412 -62.92172623 0
v 629.56097412 -62.92172623 150
v 627.79870605 -49.3337326 0
v 627.79870605 -49.3337326 150
v 629.56097412 -47.48274994 150
v 629.6519165 -47.48051834 0
v 629.56097412 -47.48274994 0
v 629.6519165 -47.48051834 150
v 629.47027588 -47.48944473 150
v 629.47027588 -47.48944473 0
v 629.38000488 -47.50057602 150
v 629.38000488 -47.50057602 0
v 629.29040527 -47.51612854 150
v 629.29040527 -47.51612854 0
v 629.20166016 -47.53605652 150
v 629.20166016 -47.53605652 0
v 629.11395264 -47.56031799 0
v 629.11395264 -47.56031799 150
v 629.02758789 -47.58885193 0
v 629.02758789 -47.58885193 150
v 628.94274902 -47.62158585 150
v 628.94274902 -47.62158585 0
v 628.85955811 -47.65844727 0
v 628.85955811 -47.65844727 150
v 628.77832031 -47.69934464 150
v 628.77832031 -47.69934464 0
v 628.69921875 -47.74417877 150
v 628.69921875 -47.74417877 0
v 628.62231445 -47.79284286 150
v 628.62231445 -47.79284286 0
v 628.54797363 -47.84521866 150
v 628.54797363 -47.84521866 0
v 628.47625732 -47.90118027 150
v 628.47625732 -47.90118027 0
v 628.40740967 -47.96059036 150
v 628.40740967 -47.96059036 0
v 628.3414917 -48.02331161 150
v 628.3414917 -48.02331161 0
v 628.27880859 -48.08919144 0
v 628.27880859 -48.08919144 150
v 628.21936035 -48.1580658 150
v 628.21936035 -48.1580658 0
v 628.16339111 -48.22977448 150
v 628.16339111 -48.22977448 0
v 628.11102295 -48.304142 0
v 628.11102295 -48.304142 150
v 628.06237793 -48.38098907 150
v 628.06237793 -48.38098907 0
v 628.01751709 -48.4601326 0
v 628.01751709 -48.4601326 150
v 627.97662354 -48.54138184 150
v 627.97662354 -48.54138184 0
v 627.9397583 -48.62453842 150
v 627.9397583 -48.62453842 0
v 627.90704346 -48.70940399 150
v 627.90704346 -48.70940399 0
v 627.87854004 -48.79577255 150
v 627.87854004 -48.79577255 0
v 627.85424805 -48.88343811 150
v 627.85424805 -48.88343811 0
v 627.83435059 -48.97218704 0
v 627.83435059 -48.97218704 150
v 627.81878662 -49.06180954 0
v 627.81878662 -49.06180954 150
v 627.80761719 -49.15208435 150
v 627.80761719 -49.15208435 0
v 627.80096436 -49.24279785 0
v 627.80096436 -49.24279785 150

usemtl mat3
f 1 2 3
f 3 2 4
f 5 6 1
f 1 6 2
f 7 8 5
f 5 8 6
f 9 10 7
f 7 10 8
f 11 12 9
f 9 12 10
f 13 14 11
f 11 14 12
f 15 16 13
f 13 16 14
f 17 18 15
f 19 18 17
f 15 18 16
f 19 20 18
f 21 22 19
f 19 22 20
f 23 24 21
f 21 24 22
f 25 26 23
f 23 26 24
f 27 28 25
f 25 28 26
f 29 30 27
f 27 30 28
f 31 32 29
f 29 32 30
f 33 34 31
f 31 34 32
f 35 36 33
f 37 36 35
f 33 36 34
f 38 39 37
f 37 39 36
f 38 40 39
f 41 42 38
f 38 42 40
f 43 44 41
f 41 44 42
f 45 46 43
f 43 46 44
f 47 48 45
f 45 48 46
f 49 50 47
f 47 50 48
f 51 52 49
f 49 52 50
f 53 54 51
f 51 54 52
f 55 56 53
f 53 56 54
f 57 58 55
f 55 58 56
f 59 60 57
f 57 60 58
f 61 62 59
f 59 62 60
f 63 64 61
f 61 64 62
f 65 66 63
f 63 66 64
f 67 68 65
f 65 68 66
f 69 70 67
f 67 70 68
f 71 72 69
f 69 72 70
f 73 74 71
f 71 74 72
f 75 76 73
f 77 76 75
f 73 76 74
f 77 78 76
f 79 80 77
f 77 80 78
f 81 82 79
f 79 82 80
f 83 84 81
f 85 84 83
f 81 84 82
f 85 86 84
f 87 88 85
f 85 88 86
f 89 90 87
f 87 90 88
f 91 92 89
f 89 92 90
f 93 94 91
f 91 94 92
f 95 96 93
f 93 96 94
f 97 98 95
f 95 98 96
f 99 100 97
f 97 100 98
f 101 102 99
f 99 102 100
f 103 104 101
f 101 104 102
f 105 106 103
f 103 106 104
f 107 108 105
f 105 108 106
f 109 110 107
f 107 110 108
f 111 112 109
f 109 112 110
f 113 114 111
f 111 114 112
f 115 116 113
f 113 116 114
f 117 118 115
f 115 118 116
f 119 120 117
f 117 120 118
f 121 122 119
f 123 122 121
f 119 122 120
f 123 124 122
f 125 126 123
f 123 126 124
f 127 128 125
f 125 128 126
f 129 130 127
f 131 130 129
f 127 130 128
f 131 132 130
f 133 134 131
f 131 134 132
f 135 136 133
f 133 136 134
f 137 138 135
f 135 138 136
f 139 140 137
f 141 140 139
f 137 140 138
f 141 142 140
f 141 143 142
f 144 143 141
f 145 146 144
f 147 146 145
f 144 146 143
f 147 148 146
f 149 150 147
f 151 150 149
f 147 150 148
f 151 152 150
f 151 153 152
f 154 153 151
f 155 153 154
f 155 156 153
f 155 157 156
f 158 157 155
f 159 157 158
f 159 160 157
f 159 161 160
f 162 161 159
f 162 163 161
f 164 163 162
f 165 166 164
f 167 166 165
f 164 166 163
f 167 168 166
f 169 168 167
f 169 170 168
f 169 171 170
f 172 171 169
f 173 174 172
f 172 174 171
f 173 175 174
f 176 175 173
f 177 178 176
f 176 178 175
f 177 179 178
f 180 179 177
f 181 182 180
f 180 182 179
f 181 183 182
f 184 183 181
f 185 186 184
f 184 186 183
f 185 187 186
f 188 187 185
f 189 187 188
f 189 190 187
f 189 191 190
f 192 191 189
f 193 191 192
f 193 194 191
f 193 195 194
f 196 195 193
f 196 197 195
f 198 197 196
f 199 200 201
f 198 200 197
f 201 200 198
f 202 203 199
f 199 203 200
f 202 204 203
f 205 206 202
f 202 206 204
f 207 208 205
f 205 208 206
f 209 210 207
f 207 210 208
f 211 212 209
f 209 212 210
f 213 214 211
f 211 214 212
f 215 216 213
f 213 216 214
f 217 218 215
f 215 218 216
f 219 220 217
f 217 220 218
f 221 222 219
f 219 222 220
f 223 224 221
f 221 224 222
f 225 226 223
f 223 226 224
f 227 228 225
f 225 228 226
f 229 230 227
f 227 230 228
f 231 232 229
f 229 232 230
f 233 234 231
f 231 234 232
f 235 236 233
f 233 236 234
f 237 238 235
f 235 238 236
f 239 240 237
f 237 240 238
f 239 241 240
f 242 241 239
f 243 241 242
f 243 244 241
f 243 245 244
f 246 245 243
f 247 245 246
f 247 248 245
f 247 249 248
f 250 249 247
f 251 249 250
f 251 252 249
f 251 253 252
f 254 253 251
f 254 255 253
f 256 255 254
f 257 255 256
f 257 258 255
f 257 259 258
f 260 259 257
f 260 261 259
f 262 261 260
f 262 263 261
f 264 263 262
f 264 265 263
f 266 265 264
f 267 268 266
f 266 268 265
f 267 269 268
f 270 269 267
f 271 272 270
f 270 272 269
f 271 273 272
f 274 273 271
f 275 276 274
f 274 276 273
f 277 278 275
f 275 278 276
f 279 280 277
f 277 280 278
f 281 282 279
f 279 282 280
f 283 284 281
f 281 284 282
f 285 286 283
f 287 286 285
f 283 286 284
f 287 288 286
f 287 289 288
f 290 289 287
f 291 292 290
f 290 292 289
f 293 294 291
f 295 294 293
f 291 294 292
f 295 296 294
f 297 298 295
f 295 298 296
f 299 300 297
f 297 300 298
f 301 302 299
f 299 302 300
f 303 304 301
f 301 304 302
f 305 306 303
f 307 306 305
f 303 306 304
f 307 308 306
f 309 310 307
f 311 310 309
f 307 310 308
f 311 312 310
f 311 313 312
f 314 313 311
f 315 313 314
f 316 317 315
f 315 317 313
f 316 318 317
f 316 319 318
f 320 319 316
f 320 321 319
f 322 321 320
f 323 324 322
f 325 324 323
f 322 324 321
f 325 326 324
f 325 327 326
f 328 327 325
f 328 329 327
f 330 329 328
f 330 331 329
f 332 331 330
f 333 334 332
f 332 334 331
f 3 4 333
f 333 4 334
f 334 4 2
f 331 2 6
f 331 334 2
f 329 6 8
f 329 331 6
f 327 8 10
f 327 329 8
f 326 10 12
f 326 327 10
f 324 12 14
f 324 326 12
f 321 14 16
f 321 324 14
f 319 321 16
f 318 16 18
f 318 18 20
f 318 319 16
f 317 20 22
f 317 318 20
f 313 22 24
f 313 317 22
f 312 24 26
f 312 313 24
f 310 26 28
f 310 312 26
f 308 28 30
f 308 310 28
f 306 30 32
f 306 32 34
f 306 308 30
f 304 34 36
f 304 306 34
f 302 36 39
f 302 304 36
f 300 39 40
f 300 302 39
f 298 40 42
f 298 42 44
f 298 300 40
f 296 298 44
f 296 44 46
f 294 296 46
f 294 46 48
f 294 48 50
f 292 50 52
f 292 294 50
f 289 292 52
f 289 52 54
f 289 54 56
f 288 289 56
f 288 56 58
f 286 288 58
f 286 58 60
f 284 286 60
f 284 60 62
f 282 284 62
f 282 62 64
f 280 282 64
f 280 64 66
f 278 66 68
f 278 280 66
f 276 68 70
f 276 278 68
f 273 70 72
f 273 276 70
f 272 72 74
f 272 273 72
f 269 74 76
f 269 272 74
f 268 269 76
f 268 76 78
f 265 268 78
f 265 78 80
f 263 80 82
f 263 265 80
f 261 82 84
f 261 263 82
f 259 84 86
f 259 261 84
f 258 86 88
f 258 259 86
f 255 88 90
f 255 258 88
f 253 90 92
f 253 255 90
f 252 92 94
f 252 253 92
f 249 94 96
f 249 252 94
f 248 249 96
f 248 96 98
f 245 248 98
f 245 98 100
f 244 245 100
f 244 100 102
f 241 244 102
f 241 102 104
f 240 241 104
f 240 104 106
f 238 240 106
f 238 106 108
f 170 163 166
f 170 166 168
f 236 238 108
f 236 108 110
f 171 163 170
f 171 161 163
f 234 236 110
f 234 110 112
f 174 161 171
f 174 160 161
f 175 160 174
f 175 157 160
f 232 112 114
f 232 234 112
f 178 157 175
f 178 156 157
f 230 232 114
f 230 114 116
f 179 156 178
f 179 153 156
f 182 153 179
f 182 152 153
f 228 116 118
f 228 230 116
f 183 152 182
f 183 150 152
f 226 118 120
f 226 228 118
f 186 150 183
f 186 148 150
f 187 148 186
f 187 146 148
f 224 226 120
f 190 146 187
f 222 120 122
f 222 224 120
f 191 146 190
f 191 143 146
f 220 122 124
f 220 222 122
f 194 142 143
f 194 143 191
f 218 124 126
f 218 220 124
f 195 140 142
f 195 142 194
f 216 126 128
f 216 218 126
f 197 138 140
f 197 140 195
f 214 216 128
f 200 136 138
f 200 138 197
f 212 128 130
f 212 214 128
f 203 136 200
f 210 212 130
f 204 136 203
f 204 134 136
f 208 130 132
f 208 210 130
f 206 132 134
f 206 134 204
f 206 208 132
f 3 333 1
f 1 332 5
f 333 332 1
f 5 330 7
f 332 330 5
f 7 328 9
f 330 328 7
f 9 325 11
f 328 325 9
f 11 323 13
f 325 323 11
f 13 322 15
f 323 322 13
f 322 320 15
f 15 316 17
f 17 316 19
f 320 316 15
f 19 315 21
f 316 315 19
f 21 314 23
f 315 314 21
f 23 311 25
f 314 311 23
f 25 309 27
f 311 309 25
f 27 307 29
f 309 307 27
f 29 305 31
f 31 305 33
f 307 305 29
f 33 303 35
f 305 303 33
f 35 301 37
f 303 301 35
f 37 299 38
f 301 299 37
f 38 297 41
f 41 297 43
f 299 297 38
f 297 295 43
f 43 295 45
f 295 293 45
f 45 293 47
f 47 293 49
f 49 291 51
f 293 291 49
f 291 290 51
f 51 290 53
f 53 290 55
f 290 287 55
f 55 287 57
f 287 285 57
f 57 285 59
f 285 283 59
f 59 283 61
f 283 281 61
f 61 281 63
f 281 279 63
f 63 279 65
f 65 277 67
f 279 277 65
f 67 275 69
f 277 275 67
f 69 274 71
f 275 274 69
f 71 271 73
f 274 271 71
f 73 270 75
f 271 270 73
f 270 267 75
f 75 267 77
f 267 266 77
f 77 266 79
f 79 264 81
f 266 264 79
f 81 262 83
f 264 262 81
f 83 260 85
f 262 260 83
f 85 257 87
f 260 257 85
f 87 256 89
f 257 256 87
f 89 254 91
f 256 254 89
f 91 251 93
f 254 251 91
f 93 250 95
f 251 250 93
f 250 247 95
f 95 247 97
f 247 246 97
f 97 246 99
f 246 243 99
f 99 243 101
f 243 242 101
f 101 242 103
f 242 239 103
f 103 239 105
f 239 237 105
f 105 237 107
f 164 169 165
f 165 169 167
f 237 235 107
f 107 235 109
f 164 172 169
f 162 172 164
f 235 233 109
f 109 233 111
f 162 173 172
f 159 173 162
f 159 176 173
f 158 176 159
f 111 231 113
f 233 231 111
f 158 177 176
f 155 177 158
f 231 229 113
f 113 229 115
f 155 180 177
f 154 180 155
f 154 181 180
f 151 181 154
f 115 227 117
f 229 227 115
f 151 184 181
f 149 184 151
f 117 225 119
f 227 225 117
f 149 185 184
f 147 185 149
f 147 188 185
f 145 188 147
f 225 223 119
f 145 189 188
f 119 221 121
f 223 221 119
f 145 192 189
f 144 192 145
f 121 219 123
f 221 219 121
f 141 193 144
f 144 193 192
f 123 217 125
f 219 217 123
f 139 196 141
f 141 196 193
f 125 215 127
f 217 215 125
f 137 198 139
f 139 198 196
f 215 213 127
f 135 201 137
f 137 201 198
f 127 211 129
f 213 211 127
f 135 199 201
f 211 209 129
f 135 202 199
f 133 202 135
f 129 207 131
f 209 207 129
f 131 205 133
f 133 205 202
f 207 205 131
f 335 336 337
f 335 338 336
f 339 340 341
f 339 342 340
f 343 341 344
f 343 344 345
f 343 339 341
f 346 343 345
f 347 345 348
f 347 346 345
f 349 348 350
f 349 347 348
f 351 350 352
f 351 349 350
f 353 352 354
f 353 351 352
f 355 354 356
f 355 356 357
f 355 353 354
f 358 355 357
f 359 357 360
f 359 360 361
f 359 358 357
f 362 361 363
f 362 359 361
f 364 362 363
f 365 363 366
f 365 366 367
f 365 364 363
f 368 367 369
f 368 365 367
f 370 368 369
f 371 369 372
f 371 370 369
f 373 372 374
f 373 371 372
f 375 374 376
f 375 376 377
f 375 373 374
f 378 375 377
f 379 377 380
f 379 378 377
f 381 380 382
f 381 379 380
f 383 382 384
f 383 384 385
f 383 381 382
f 386 383 385
f 387 386 385
f 387 385 388
f 389 388 390
f 389 387 388
f 391 390 392
f 391 389 390
f 393 392 394
f 393 391 392
f 395 394 396
f 395 396 397
f 395 393 394
f 398 395 397
f 399 397 400
f 399 398 397
f 401 400 402
f 401 399 400
f 338 402 336
f 338 401 402
f 403 404 340
f 342 403 340
f 405 406 407
f 405 408 406
f 409 407 410
f 409 410 411
f 409 405 407
f 412 409 411
f 413 411 414
f 413 412 411
f 415 414 416
f 415 413 414
f 417 416 418
f 417 415 416
f 419 418 420
f 419 417 418
f 421 420 422
f 421 422 423
f 421 419 420
f 424 421 423
f 425 423 426
f 425 426 427
f 425 424 423
f 428 427 429
f 428 425 427
f 430 428 429
f 431 429 432
f 431 432 433
f 431 430 429
f 434 433 435
f 434 431 433
f 436 434 435
f 437 435 438
f 437 436 435
f 439 438 440
f 439 437 438
f 441 440 442
f 441 442 443
f 441 439 440
f 444 441 443
f 445 443 446
f 445 444 443
f 447 446 448
f 447 445 446
f 449 448 450
f 449 450 451
f 449 447 448
f 452 449 451
f 453 452 451
f 453 451 454
f 455 454 456
f 455 453 454
f 457 456 458
f 457 455 456
f 459 458 460
f 459 457 458
f 461 460 462
f 461 462 463
f 461 459 460
f 464 461 463
f 465 463 466
f 465 464 463
f 467 466 468
f 467 465 466
f 403 468 404
f 403 467 468
f 408 469 406
f 408 470 469
f 471 472 473
f 471 474 472
f 475 473 476
f 475 476 477
f 475 471 473
f 478 475 477
f 479 477 480
f 479 478 477
f 481 480 482
f 481 479 480
f 483 482 484
f 483 481 482
f 485 484 486
f 485 483 484
f 487 486 488
f 487 488 489
f 487 485 486
f 490 487 489
f 491 489 492
f 491 492 493
f 491 490 489
f 494 493 495
f 494 491 493
f 496 494 495
f 497 495 498
f 497 498 499
f 497 496 495
f 500 499 501
f 500 497 499
f 502 500 501
f 503 501 504
f 503 502 501
f 505 504 506
f 505 503 504
f 507 506 508
f 507 508 509
f 507 505 506
f 510 507 509
f 511 509 512
f 511 510 509
f 513 512 514
f 513 511 512
f 515 514 516
f 515 516 517
f 515 513 514
f 518 515 517
f 519 518 517
f 519 517 520
f 521 520 522
f 521 519 520
f 523 522 524
f 523 521 522
f 525 524 526
f 525 523 524
f 527 526 528
f 527 528 529
f 527 525 526
f 530 527 529
f 531 529 532
f 531 530 529
f 533 532 534
f 533 531 532
f 470 534 469
f 470 533 534
f 474 535 472
f 474 536 535
f 537 538 539
f 537 540 538
f 541 539 542
f 541 542 543
f 541 537 539
f 544 541 543
f 545 543 546
f 545 544 543
f 547 546 548
f 547 548 549
f 547 545 546
f 550 547 549
f 551 549 552
f 551 550 549
f 553 552 554
f 553 554 555
f 553 551 552
f 556 553 555
f 557 556 555
f 557 555 558
f 559 557 558
f 559 558 560
f 561 560 562
f 561 559 560
f 563 562 564
f 563 561 562
f 565 564 566
f 565 566 567
f 565 563 564
f 568 565 567
f 569 567 570
f 569 568 567
f 571 570 572
f 571 569 570
f 573 572 574
f 573 574 575
f 573 571 572
f 576 573 575
f 577 575 578
f 577 576 575
f 579 578 580
f 579 577 578
f 581 580 582
f 581 579 580
f 583 582 584
f 583 584 585
f 583 581 582
f 586 583 585
f 587 585 588
f 587 586 585
f 589 588 590
f 589 590 591
f 589 587 588
f 592 589 591
f 593 591 594
f 593 592 591
f 536 594 535
f 536 593 594
f 540 595 538
f 538 595 596
f 595 597 596
f 596 597 598
f 597 599 598
f 598 599 600
f 599 601 600
f 600 601 602
f 601 603 602
f 602 603 604
f 603 605 604
f 604 605 606
f 605 607 606
f 606 607 608
f 607 609 608
f 608 609 610
f 609 611 610
f 610 611 612
f 611 613 612
f 612 613 614
f 613 615 614
f 614 615 616
f 615 617 616
f 616 617 618
f 617 619 618
f 618 619 620
f 620 621 622
f 619 621 620
f 622 623 624
f 621 623 622
f 624 625 626
f 623 625 624
f 626 627 628
f 625 627 626
f 628 629 630
f 627 629 628
f 630 631 632
f 629 631 630
f 632 633 634
f 631 633 632
f 633 635 634
f 634 635 636
f 635 637 636
f 636 637 638
f 637 639 638
f 638 639 640
f 639 641 640
f 640 641 642
f 641 643 642
f 642 643 644
f 643 645 644
f 644 645 646
f 645 647 646
f 646 647 648
f 647 649 648
f 648 649 650
f 649 651 650
f 650 651 652
f 651 653 652
f 652 653 654
f 653 655 654
f 654 655 656
f 655 657 656
f 656 657 658
f 657 659 658
f 658 659 660
f 659 661 660
f 660 661 662
f 661 663 662
f 662 663 664
f 663 665 664
f 664 665 666
f 665 667 666
f 666 667 668
f 667 669 668
f 668 669 670
f 669 671 670
f 670 671 672
f 671 673 672
f 672 673 674
f 673 675 674
f 674 675 676
f 676 677 678
f 675 677 676
f 678 679 680
f 677 679 678
f 680 681 682
f 679 681 680
f 682 683 684
f 681 683 682
f 684 685 686
f 683 685 684
f 686 687 688
f 685 687 686
f 688 689 690
f 687 689 688
f 690 691 692
f 689 691 690
f 692 693 694
f 691 693 692
f 694 695 696
f 693 695 694
f 696 697 698
f 698 697 699
f 695 697 696
f 697 700 699
f 699 701 702
f 700 701 699
f 702 703 704
f 701 703 702
f 704 705 706
f 703 705 704
f 706 707 708
f 705 707 706
f 709 710 711
f 709 712 710
f 713 711 714
f 713 714 715
f 713 709 711
f 716 713 715
f 717 715 718
f 717 718 719
f 717 716 715
f 720 717 719
f 721 719 722
f 721 720 719
f 723 722 724
f 723 724 725
f 723 721 722
f 726 723 725
f 727 726 725
f 727 725 728
f 729 727 728
f 729 728 730
f 729 730 731
f 732 729 731
f 733 731 734
f 733 732 731
f 735 734 736
f 735 733 734
f 737 736 738
f 737 735 736
f 739 738 740
f 739 740 741
f 739 737 738
f 742 739 741
f 743 741 744
f 743 744 745
f 743 742 741
f 746 745 747
f 746 743 745
f 748 747 749
f 748 746 747
f 750 748 749
f 751 749 752
f 751 750 749
f 753 752 754
f 753 751 752
f 755 754 756
f 755 753 754
f 757 756 758
f 757 755 756
f 759 758 760
f 759 757 758
f 761 760 762
f 761 762 763
f 761 759 760
f 764 761 763
f 765 763 766
f 765 764 763
f 707 766 708
f 707 765 766
f 712 767 710
f 712 768 767
f 769 337 770
f 769 335 337
f 771 770 772
f 771 772 773
f 771 769 770
f 774 771 773
f 775 773 776
f 775 774 773
f 777 776 778
f 777 775 776
f 779 778 780
f 779 777 778
f 781 780 782
f 781 779 780
f 783 782 784
f 783 784 785
f 783 781 782
f 786 783 785
f 787 785 788
f 787 788 789
f 787 786 785
f 790 789 791
f 790 787 789
f 792 790 791
f 793 791 794
f 793 794 795
f 793 792 791
f 796 795 797
f 796 793 795
f 798 796 797
f 799 797 800
f 799 798 797
f 801 800 802
f 801 799 800
f 803 802 804
f 803 804 805
f 803 801 802
f 806 803 805
f 807 805 808
f 807 806 805
f 809 808 810
f 809 807 808
f 811 810 812
f 811 812 813
f 811 809 810
f 814 811 813
f 815 814 813
f 815 813 816
f 817 816 818
f 817 815 816
f 819 818 820
f 819 817 818
f 821 820 822
f 821 819 820
f 823 822 824
f 823 824 825
f 823 821 822
f 826 823 825
f 827 825 828
f 827 826 825
f 829 828 830
f 829 827 828
f 768 830 767
f 768 829 830
f 798 799 801
f 803 798 801
f 807 803 806
f 792 793 796
f 787 790 792
f 815 807 809
f 815 809 811
f 815 811 814
f 783 786 787
f 783 796 798
f 783 787 792
f 783 792 796
f 779 781 783
f 819 815 817
f 775 777 779
f 823 819 821
f 826 803 807
f 826 807 815
f 826 815 819
f 826 819 823
f 771 774 775
f 771 779 783
f 771 775 779
f 829 769 771
f 829 771 783
f 829 826 827
f 829 798 803
f 829 783 798
f 829 803 826
f 335 829 768
f 335 769 829
f 712 335 768
f 707 712 709
f 707 709 713
f 707 713 716
f 707 716 717
f 707 717 720
f 707 720 721
f 707 721 723
f 707 723 726
f 707 726 727
f 707 727 729
f 707 729 732
f 707 732 733
f 707 733 735
f 707 735 737
f 707 737 739
f 707 739 742
f 707 742 743
f 707 743 746
f 707 746 748
f 707 748 750
f 707 750 751
f 707 751 753
f 707 753 755
f 707 755 757
f 707 757 759
f 707 759 761
f 707 761 764
f 707 764 765
f 705 335 712
f 705 712 707
f 703 335 705
f 701 335 703
f 700 335 701
f 697 335 700
f 695 335 697
f 693 335 695
f 691 335 693
f 338 691 689
f 338 689 687
f 338 687 685
f 338 685 683
f 338 683 681
f 338 681 679
f 338 335 691
f 398 399 401
f 398 401 338
f 677 338 679
f 391 393 395
f 391 395 398
f 389 398 338
f 389 391 398
f 387 389 338
f 381 387 338
f 381 383 386
f 381 386 387
f 379 381 338
f 375 378 379
f 373 375 379
f 368 370 371
f 368 371 373
f 368 373 379
f 365 379 338
f 365 368 379
f 362 364 365
f 362 365 338
f 353 355 358
f 353 358 359
f 353 359 362
f 351 353 362
f 349 351 362
f 347 349 362
f 346 362 338
f 346 347 362
f 343 346 338
f 342 339 343
f 342 343 338
f 342 677 675
f 342 675 673
f 342 673 671
f 342 671 669
f 342 338 677
f 667 342 669
f 665 342 667
f 663 342 665
f 661 342 663
f 659 342 661
f 657 342 659
f 655 342 657
f 653 342 655
f 651 342 653
f 568 563 565
f 569 563 568
f 556 557 559
f 556 559 561
f 571 563 569
f 573 561 563
f 573 563 571
f 577 561 573
f 577 553 556
f 577 573 576
f 577 556 561
f 547 550 551
f 547 551 553
f 545 553 577
f 545 547 553
f 544 545 577
f 544 577 579
f 544 579 581
f 583 544 581
f 537 541 544
f 537 544 583
f 587 583 586
f 589 583 587
f 592 537 583
f 592 583 589
f 593 537 592
f 536 540 537
f 536 537 593
f 595 540 536
f 475 474 471
f 479 474 475
f 479 475 478
f 483 479 481
f 483 474 479
f 485 474 483
f 491 487 490
f 494 487 491
f 494 485 487
f 496 485 494
f 500 496 497
f 500 485 496
f 502 474 485
f 502 485 500
f 507 474 502
f 507 502 503
f 507 503 505
f 513 474 507
f 513 507 510
f 513 510 511
f 518 513 515
f 521 513 518
f 521 518 519
f 530 523 525
f 530 525 527
f 470 609 607
f 470 607 605
f 470 605 603
f 470 603 601
f 470 601 599
f 470 599 597
f 470 597 595
f 470 536 474
f 470 474 513
f 470 513 521
f 470 595 536
f 470 523 530
f 470 521 523
f 470 530 531
f 470 531 533
f 403 631 629
f 403 629 627
f 403 627 625
f 403 625 623
f 403 651 649
f 403 649 647
f 403 647 645
f 403 645 643
f 403 643 641
f 403 342 651
f 403 641 639
f 403 639 637
f 403 637 635
f 403 635 633
f 403 633 631
f 408 623 621
f 408 621 619
f 408 619 617
f 408 617 615
f 408 615 613
f 408 403 623
f 408 613 611
f 408 611 609
f 408 609 470
f 409 408 405
f 464 465 467
f 413 409 412
f 461 467 403
f 461 464 467
f 415 409 413
f 457 459 461
f 455 461 403
f 455 457 461
f 421 408 409
f 421 415 417
f 421 417 419
f 421 409 415
f 424 408 421
f 452 453 455
f 449 455 403
f 449 452 455
f 428 408 424
f 428 424 425
f 430 408 428
f 431 408 430
f 441 444 445
f 441 445 447
f 441 447 449
f 441 449 403
f 436 431 434
f 439 441 403
f 439 403 408
f 439 408 431
f 439 431 436
f 437 439 436
f 800 797 802
f 797 804 802
f 804 808 805
f 794 791 795
f 789 788 791
f 808 816 810
f 810 816 812
f 812 816 813
f 785 784 788
f 795 784 797
f 788 784 791
f 791 784 795
f 782 780 784
f 816 820 818
f 778 776 780
f 820 824 822
f 804 825 808
f 808 825 816
f 820 825 824
f 816 825 820
f 773 772 776
f 780 772 784
f 776 772 780
f 825 830 828
f 825 767 830
f 772 767 784
f 797 767 804
f 784 767 797
f 804 767 825
f 772 337 767
f 770 337 772
f 337 710 767
f 710 708 711
f 711 708 714
f 714 708 715
f 715 708 718
f 718 708 719
f 719 708 722
f 722 708 724
f 724 708 725
f 725 708 728
f 728 708 730
f 730 708 731
f 731 708 734
f 734 708 736
f 736 708 738
f 738 708 740
f 740 708 741
f 741 708 744
f 744 708 745
f 745 708 747
f 747 708 749
f 749 708 752
f 752 708 754
f 754 708 756
f 756 708 758
f 758 708 760
f 760 708 762
f 762 708 763
f 763 708 766
f 337 706 710
f 710 706 708
f 337 704 706
f 337 702 704
f 337 699 702
f 337 698 699
f 337 696 698
f 337 694 696
f 337 692 694
f 682 336 680
f 684 336 682
f 686 336 684
f 688 336 686
f 690 336 688
f 692 336 690
f 337 336 692
f 400 397 402
f 402 397 336
f 336 678 680
f 394 392 396
f 396 392 397
f 397 390 336
f 392 390 397
f 390 388 336
f 384 382 385
f 385 382 388
f 388 382 336
f 382 380 336
f 377 376 380
f 376 374 380
f 374 367 380
f 369 367 372
f 372 367 374
f 380 366 336
f 367 366 380
f 366 361 336
f 363 361 366
f 356 354 357
f 357 354 360
f 360 354 361
f 354 352 361
f 352 350 361
f 350 348 361
f 348 345 361
f 361 345 336
f 345 344 336
f 336 340 678
f 672 340 670
f 674 340 672
f 676 340 674
f 678 340 676
f 344 340 336
f 341 340 344
f 340 668 670
f 340 666 668
f 340 664 666
f 340 662 664
f 340 660 662
f 340 658 660
f 340 656 658
f 340 654 656
f 340 652 654
f 564 567 566
f 564 570 567
f 558 555 560
f 560 555 562
f 564 572 570
f 564 574 572
f 562 574 564
f 574 578 575
f 555 578 562
f 562 578 574
f 554 578 555
f 549 548 552
f 552 548 554
f 554 546 578
f 548 546 554
f 578 543 580
f 580 543 582
f 546 543 578
f 543 584 582
f 543 539 584
f 542 539 543
f 584 588 585
f 584 590 588
f 539 591 584
f 584 591 590
f 539 594 591
f 539 535 594
f 538 535 539
f 538 596 535
f 472 476 473
f 476 480 477
f 472 480 476
f 472 484 480
f 480 484 482
f 472 486 484
f 488 492 489
f 486 493 488
f 488 493 492
f 486 495 493
f 486 499 495
f 495 499 498
f 472 501 486
f 486 501 499
f 501 508 504
f 504 508 506
f 472 508 501
f 508 514 509
f 509 514 512
f 472 514 508
f 514 517 516
f 517 522 520
f 514 522 517
f 524 529 526
f 526 529 528
f 535 469 472
f 598 469 596
f 600 469 598
f 602 469 600
f 604 469 602
f 606 469 604
f 608 469 606
f 610 469 608
f 522 469 524
f 472 469 514
f 596 469 535
f 529 469 532
f 532 469 534
f 524 469 529
f 514 469 522
f 626 404 624
f 628 404 626
f 630 404 628
f 632 404 630
f 634 404 632
f 636 404 634
f 638 404 636
f 640 404 638
f 642 404 640
f 644 404 642
f 646 404 644
f 648 404 646
f 650 404 648
f 652 404 650
f 340 404 652
f 404 406 624
f 610 406 469
f 612 406 610
f 614 406 612
f 616 406 614
f 618 406 616
f 620 406 618
f 622 406 620
f 624 406 622
f 406 410 407
f 466 463 468
f 410 414 411
f 468 462 404
f 463 462 468
f 410 416 414
f 460 458 462
f 458 456 462
f 462 456 404
f 416 422 418
f 418 422 420
f 406 422 410
f 410 422 416
f 406 423 422
f 454 451 456
f 456 450 404
f 451 450 456
f 406 427 423
f 423 427 426
f 406 429 427
f 406 432 429
f 450 442 404
f 443 442 446
f 446 442 448
f 448 442 450
f 432 435 433
f 406 440 432
f 442 440 404
f 432 440 435
f 404 440 406
f 440 438 435
f 831 832 833
f 831 834 832
f 835 836 837
f 835 838 836
f 839 837 840
f 839 840 841
f 839 835 837
f 842 839 841
f 843 841 844
f 843 842 841
f 845 844 846
f 845 843 844
f 847 846 848
f 847 845 846
f 849 848 850
f 849 847 848
f 851 850 852
f 851 852 853
f 851 849 850
f 854 851 853
f 855 853 856
f 855 856 857
f 855 854 853
f 858 857 859
f 858 855 857
f 860 858 859
f 861 859 862
f 861 862 863
f 861 860 859
f 864 863 865
f 864 861 863
f 866 864 865
f 867 865 868
f 867 866 865
f 869 868 870
f 869 867 868
f 871 870 872
f 871 872 873
f 871 869 870
f 874 871 873
f 875 873 876
f 875 874 873
f 877 876 878
f 877 875 876
f 879 878 880
f 879 880 881
f 879 877 878
f 882 879 881
f 883 882 881
f 883 881 884
f 885 884 886
f 885 883 884
f 887 886 888
f 887 885 886
f 889 888 890
f 889 887 888
f 891 890 892
f 891 892 893
f 891 889 890
f 894 891 893
f 895 893 896
f 895 894 893
f 897 896 898
f 897 895 896
f 834 898 832
f 834 897 898
f 838 899 836
f 838 900 899
f 901 902 903
f 901 904 902
f 905 903 906
f 905 906 907
f 905 901 903
f 908 905 907
f 909 907 910
f 909 908 907
f 911 910 912
f 911 909 910
f 913 912 914
f 913 911 912
f 915 914 916
f 915 913 914
f 917 916 918
f 917 918 919
f 917 915 916
f 920 917 919
f 921 919 922
f 921 922 923
f 921 920 919
f 924 923 925
f 924 921 923
f 926 924 925
f 927 925 928
f 927 928 929
f 927 926 925
f 930 929 931
f 930 927 929
f 932 930 931
f 933 931 934
f 933 932 931
f 935 934 936
f 935 933 934
f 937 936 938
f 937 938 939
f 937 935 936
f 940 937 939
f 941 939 942
f 941 940 939
f 943 942 944
f 943 941 942
f 945 944 946
f 945 946 947
f 945 943 944
f 948 945 947
f 949 948 947
f 949 947 950
f 951 950 952
f 951 949 950
f 953 952 954
f 953 951 952
f 955 954 956
f 955 953 954
f 957 956 958
f 957 958 959
f 957 955 956
f 960 957 959
f 961 959 962
f 961 960 959
f 963 962 964
f 963 961 962
f 900 964 899
f 900 963 964
f 904 965 902
f 904 966 965
f 967 968 969
f 967 970 968
f 971 969 972
f 971 972 973
f 971 967 969
f 974 971 973
f 975 973 976
f 975 974 973
f 977 976 978
f 977 975 976
f 979 978 980
f 979 977 978
f 981 980 982
f 981 979 980
f 983 982 984
f 983 984 985
f 983 981 982
f 986 983 985
f 987 985 988
f 987 988 989
f 987 986 985
f 990 989 991
f 990 987 989
f 992 990 991
f 993 991 994
f 993 994 995
f 993 992 991
f 996 995 997
f 996 993 995
f 998 996 997
f 999 997 1000
f 999 998 997
f 1001 1000 1002
f 1001 999 1000
f 1003 1002 1004
f 1003 1004 1005
f 1003 1001 1002
f 1006 1003 1005
f 1007 1005 1008
f 1007 1006 1005
f 1009 1008 1010
f 1009 1007 1008
f 1011 1010 1012
f 1011 1012 1013
f 1011 1009 1010
f 1014 1011 1013
f 1015 1014 1013
f 1015 1013 1016
f 1017 1016 1018
f 1017 1015 1016
f 1019 1018 1020
f 1019 1017 1018
f 1021 1020 1022
f 1021 1019 1020
f 1023 1022 1024
f 1023 1024 1025
f 1023 1021 1022
f 1026 1023 1025
f 1027 1025 1028
f 1027 1026 1025
f 1029 1028 1030
f 1029 1027 1028
f 966 1030 965
f 966 1029 1030
f 970 1031 968
f 970 1032 1031
f 1033 833 1034
f 1033 831 833
f 1035 1034 1036
f 1035 1036 1037
f 1035 1033 1034
f 1038 1035 1037
f 1039 1037 1040
f 1039 1038 1037
f 1041 1040 1042
f 1041 1039 1040
f 1043 1042 1044
f 1043 1041 1042
f 1045 1044 1046
f 1045 1043 1044
f 1047 1046 1048
f 1047 1048 1049
f 1047 1045 1046
f 1050 1047 1049
f 1051 1049 1052
f 1051 1052 1053
f 1051 1050 1049
f 1054 1053 1055
f 1054 1051 1053
f 1056 1054 1055
f 1057 1055 1058
f 1057 1058 1059
f 1057 1056 1055
f 1060 1059 1061
f 1060 1057 1059
f 1062 1060 1061
f 1063 1061 1064
f 1063 1062 1061
f 1065 1064 1066
f 1065 1063 1064
f 1067 1066 1068
f 1067 1068 1069
f 1067 1065 1066
f 1070 1067 1069
f 1071 1069 1072
f 1071 1070 1069
f 1073 1072 1074
f 1073 1071 1072
f 1075 1074 1076
f 1075 1076 1077
f 1075 1073 1074
f 1078 1075 1077
f 1079 1078 1077
f 1079 1077 1080
f 1081 1080 1082
f 1081 1079 1080
f 1083 1082 1084
f 1083 1081 1082
f 1085 1084 1086
f 1085 1083 1084
f 1087 1086 1088
f 1087 1088 1089
f 1087 1085 1086
f 1090 1087 1089
f 1091 1089 1092
f 1091 1090 1089
f 1093 1092 1094
f 1093 1091 1092
f 1032 1094 1031
f 1032 1093 1094
f 874 869 871
f 861 864 866
f 861 866 867
f 861 867 869
f 875 869 874
f 858 860 861
f 883 879 882
f 851 854 855
f 851 855 858
f 851 858 861
f 847 849 851
f 843 845 847
f 843 847 851
f 843 851 861
f 838 835 839
f 838 839 842
f 838 842 843
f 834 875 877
f 834 877 879
f 834 883 885
f 834 885 887
f 834 887 889
f 834 889 891
f 834 891 894
f 834 894 895
f 834 895 897
f 834 861 869
f 834 869 875
f 834 879 883
f 834 843 861
f 834 838 843
f 900 838 834
f 961 963 900
f 960 961 900
f 955 957 960
f 953 955 960
f 953 960 900
f 951 953 900
f 949 951 900
f 948 949 900
f 941 943 945
f 941 945 948
f 940 941 948
f 935 940 948
f 935 937 940
f 933 948 900
f 933 935 948
f 927 933 900
f 927 930 932
f 927 932 933
f 924 926 927
f 920 927 900
f 920 924 927
f 920 921 924
f 915 920 900
f 915 917 920
f 913 915 900
f 909 911 913
f 901 913 900
f 901 909 913
f 901 905 908
f 901 908 909
f 904 901 900
f 904 900 834
f 1035 831 1033
f 1038 831 1035
f 1039 831 1038
f 1045 1039 1041
f 1045 1041 1043
f 1045 831 1039
f 1054 1047 1050
f 1054 1050 1051
f 1057 1054 1056
f 1057 1047 1054
f 1062 1057 1060
f 1063 1045 1047
f 1063 831 1045
f 1063 1047 1057
f 1063 1057 1062
f 1067 1063 1065
f 1067 831 1063
f 1073 831 1067
f 1073 1067 1070
f 1073 1070 1071
f 1079 1073 1075
f 1079 1075 1078
f 1081 831 1073
f 1081 1073 1079
f 1085 831 1081
f 1085 1081 1083
f 1090 831 1085
f 1090 1085 1087
f 1032 831 1090
f 1032 1090 1091
f 1032 1091 1093
f 966 831 1032
f 966 834 831
f 966 904 834
f 970 966 1032
f 1026 1027 1029
f 977 967 971
f 977 971 974
f 977 974 975
f 979 970 967
f 979 967 977
f 1019 1021 1023
f 983 979 981
f 1014 966 970
f 1014 1026 1029
f 1014 1015 1017
f 1014 1019 1023
f 1014 1017 1019
f 1014 1023 1026
f 1014 1029 966
f 990 983 986
f 990 986 987
f 990 970 979
f 990 979 983
f 1009 1011 1014
f 1007 1009 1014
f 993 990 992
f 1006 1014 970
f 1006 1007 1014
f 1003 1006 970
f 998 993 996
f 998 990 993
f 999 1001 1003
f 999 970 990
f 999 1003 970
f 999 990 998
f 870 873 872
f 863 862 865
f 865 862 868
f 868 862 870
f 870 876 873
f 859 857 862
f 857 856 862
f 880 884 881
f 852 850 853
f 853 850 856
f 856 848 862
f 850 848 856
f 846 844 848
f 848 844 862
f 841 840 844
f 837 836 840
f 840 836 844
f 862 832 870
f 870 832 876
f 880 832 884
f 844 832 862
f 876 832 878
f 878 832 880
f 884 832 886
f 886 832 888
f 888 832 890
f 890 832 892
f 836 832 844
f 892 832 893
f 893 832 896
f 896 832 898
f 836 899 832
f 962 959 964
f 964 959 899
f 959 956 899
f 958 956 959
f 956 950 899
f 952 950 954
f 954 950 956
f 950 947 899
f 947 946 899
f 944 942 946
f 942 936 946
f 938 936 939
f 939 936 942
f 946 934 899
f 936 934 946
f 934 931 899
f 931 929 899
f 928 925 929
f 925 923 929
f 923 919 929
f 922 919 923
f 918 916 919
f 919 916 929
f 916 914 929
f 912 910 914
f 914 910 929
f 929 903 899
f 906 903 907
f 907 903 910
f 910 903 929
f 899 902 832
f 903 902 899
f 1034 1042 1036
f 1036 1042 1037
f 1037 1042 1040
f 1034 1044 1042
f 1034 1046 1044
f 833 1049 1034
f 1046 1049 1048
f 1034 1049 1046
f 1049 1053 1052
f 833 1053 1049
f 1055 1059 1058
f 1053 1061 1055
f 1055 1061 1059
f 833 1064 1053
f 1053 1064 1061
f 1064 1068 1066
f 833 1068 1064
f 833 1072 1068
f 1068 1072 1069
f 833 1074 1072
f 833 1076 1074
f 1076 1080 1077
f 1076 1082 1080
f 833 1084 1076
f 1076 1084 1082
f 833 1089 1084
f 1084 1089 1086
f 1086 1089 1088
f 833 1092 1089
f 833 1031 1092
f 1092 1031 1094
f 902 965 832
f 833 965 1031
f 832 965 833
f 965 968 1031
f 1030 1028 965
f 968 972 969
f 965 972 968
f 1028 972 965
f 1024 1022 1025
f 1025 1022 1028
f 976 980 978
f 973 982 976
f 976 982 980
f 1020 1018 1022
f 1018 1016 1022
f 972 985 973
f 982 985 984
f 973 985 982
f 1028 988 972
f 1022 988 1028
f 972 988 985
f 1010 1008 1012
f 1012 1008 1013
f 1013 1008 1016
f 1016 1008 1022
f 988 994 989
f 989 994 991
f 1008 1005 1022
f 988 995 994
f 1004 1002 1005
f 1022 1002 988
f 988 1002 995
f 1005 1002 1022
f 995 1000 997
f 1002 1000 995
f 1095 1096 1097
f 1098 1095 1097
f 1099 1100 1101
f 1099 1102 1100
f 1103 1101 1104
f 1103 1104 1105
f 1103 1099 1101
f 1106 1103 1105
f 1107 1105 1108
f 1107 1106 1105
f 1109 1108 1110
f 1109 1107 1108
f 1111 1110 1112
f 1111 1109 1110
f 1113 1112 1114
f 1113 1111 1112
f 1115 1114 1116
f 1115 1116 1117
f 1115 1113 1114
f 1118 1115 1117
f 1119 1117 1120
f 1119 1120 1121
f 1119 1118 1117
f 1122 1121 1123
f 1122 1119 1121
f 1124 1122 1123
f 1125 1123 1126
f 1125 1126 1127
f 1125 1124 1123
f 1128 1127 1129
f 1128 1125 1127
f 1130 1128 1129
f 1131 1129 1132
f 1131 1130 1129
f 1133 1132 1134
f 1133 1131 1132
f 1135 1134 1136
f 1135 1136 1137
f 1135 1133 1134
f 1138 1135 1137
f 1139 1137 1140
f 1139 1138 1137
f 1141 1140 1142
f 1141 1139 1140
f 1143 1142 1144
f 1143 1144 1145
f 1143 1141 1142
f 1146 1143 1145
f 1147 1146 1145
f 1147 1145 1148
f 1149 1148 1150
f 1149 1147 1148
f 1151 1150 1152
f 1151 1149 1150
f 1153 1152 1154
f 1153 1151 1152
f 1155 1154 1156
f 1155 1156 1157
f 1155 1153 1154
f 1158 1155 1157
f 1159 1157 1160
f 1159 1158 1157
f 1161 1160 1162
f 1161 1159 1160
f 1095 1162 1096
f 1095 1161 1162
f 1102 1163 1100
f 1102 1164 1163
f 1165 1166 1167
f 1165 1168 1166
f 1169 1167 1170
f 1169 1170 1171
f 1169 1165 1167
f 1172 1169 1171
f 1173 1171 1174
f 1173 1172 1171
f 1175 1174 1176
f 1175 1173 1174
f 1177 1176 1178
f 1177 1175 1176
f 1179 1178 1180
f 1179 1177 1178
f 1181 1180 1182
f 1181 1182 1183
f 1181 1179 1180
f 1184 1181 1183
f 1185 1183 1186
f 1185 1186 1187
f 1185 1184 1183
f 1188 1187 1189
f 1188 1185 1187
f 1190 1188 1189
f 1191 1189 1192
f 1191 1192 1193
f 1191 1190 1189
f 1194 1193 1195
f 1194 1191 1193
f 1196 1194 1195
f 1197 1195 1198
f 1197 1196 1195
f 1199 1198 1200
f 1199 1197 1198
f 1201 1200 1202
f 1201 1202 1203
f 1201 1199 1200
f 1204 1201 1203
f 1205 1203 1206
f 1205 1204 1203
f 1207 1206 1208
f 1207 1205 1206
f 1209 1208 1210
f 1209 1210 1211
f 1209 1207 1208
f 1212 1209 1211
f 1213 1212 1211
f 1213 1211 1214
f 1215 1214 1216
f 1215 1213 1214
f 1217 1216 1218
f 1217 1215 1216
f 1219 1218 1220
f 1219 1217 1218
f 1221 1220 1222
f 1221 1222 1223
f 1221 1219 1220
f 1224 1221 1223
f 1225 1223 1226
f 1225 1224 1223
f 1227 1226 1228
f 1227 1225 1226
f 1164 1228 1163
f 1164 1227 1228
f 1229 1230 1166
f 1168 1229 1166
f 1231 1232 1233
f 1231 1234 1232
f 1235 1233 1236
f 1235 1236 1237
f 1235 1231 1233
f 1238 1235 1237
f 1239 1237 1240
f 1239 1238 1237
f 1241 1240 1242
f 1241 1239 1240
f 1243 1242 1244
f 1243 1241 1242
f 1245 1244 1246
f 1245 1243 1244
f 1247 1246 1248
f 1247 1248 1249
f 1247 1245 1246
f 1250 1247 1249
f 1251 1249 1252
f 1251 1252 1253
f 1251 1250 1249
f 1254 1253 1255
f 1254 1251 1253
f 1256 1254 1255
f 1257 1255 1258
f 1257 1258 1259
f 1257 1256 1255
f 1260 1259 1261
f 1260 1257 1259
f 1262 1260 1261
f 1263 1261 1264
f 1263 1262 1261
f 1265 1264 1266
f 1265 1263 1264
f 1267 1266 1268
f 1267 1268 1269
f 1267 1265 1266
f 1270 1267 1269
f 1271 1269 1272
f 1271 1270 1269
f 1273 1272 1274
f 1273 1271 1272
f 1275 1274 1276
f 1275 1276 1277
f 1275 1273 1274
f 1278 1275 1277
f 1279 1278 1277
f 1279 1277 1280
f 1281 1280 1282
f 1281 1279 1280
f 1283 1282 1284
f 1283 1281 1282
f 1285 1284 1286
f 1285 1283 1284
f 1287 1286 1288
f 1287 1288 1289
f 1287 1285 1286
f 1290 1287 1289
f 1291 1289 1292
f 1291 1290 1289
f 1293 1292 1294
f 1293 1291 1292
f 1229 1294 1230
f 1229 1293 1294
f 1234 1295 1232
f 1234 1296 1295
f 1297 1097 1298
f 1297 1098 1097
f 1299 1298 1300
f 1299 1300 1301
f 1299 1297 1298
f 1302 1299 1301
f 1303 1301 1304
f 1303 1302 1301
f 1305 1304 1306
f 1305 1303 1304
f 1307 1306 1308
f 1307 1305 1306
f 1309 1308 1310
f 1309 1307 1308
f 1311 1310 1312
f 1311 1312 1313
f 1311 1309 1310
f 1314 1311 1313
f 1315 1313 1316
f 1315 1316 1317
f 1315 1314 1313
f 1318 1317 1319
f 1318 1315 1317
f 1320 1318 1319
f 1321 1319 1322
f 1321 1322 1323
f 1321 1320 1319
f 1324 1323 1325
f 1324 1321 1323
f 1326 1324 1325
f 1327 1325 1328
f 1327 1326 1325
f 1329 1328 1330
f 1329 1327 1328
f 1331 1330 1332
f 1331 1332 1333
f 1331 1329 1330
f 1334 1331 1333
f 1335 1333 1336
f 1335 1334 1333
f 1337 1336 1338
f 1337 1335 1336
f 1339 1338 1340
f 1339 1340 1341
f 1339 1337 1338
f 1342 1339 1341
f 1343 1342 1341
f 1343 1341 1344
f 1345 1344 1346
f 1345 1343 1344
f 1347 1346 1348
f 1347 1345 1346
f 1349 1348 1350
f 1349 1347 1348
f 1351 1350 1352
f 1351 1352 1353
f 1351 1349 1350
f 1354 1351 1353
f 1355 1353 1356
f 1355 1354 1353
f 1357 1356 1358
f 1357 1355 1356
f 1296 1358 1295
f 1296 1357 1358
f 1204 1199 1201
f 1191 1194 1196
f 1191 1196 1197
f 1191 1197 1199
f 1212 1207 1209
f 1213 1207 1212
f 1181 1191 1199
f 1181 1184 1185
f 1181 1185 1188
f 1181 1188 1190
f 1181 1190 1191
f 1177 1179 1181
f 1217 1199 1204
f 1217 1207 1213
f 1217 1204 1205
f 1217 1205 1207
f 1217 1213 1215
f 1172 1173 1175
f 1172 1175 1177
f 1224 1181 1199
f 1224 1199 1217
f 1224 1217 1219
f 1224 1219 1221
f 1169 1177 1181
f 1169 1172 1177
f 1164 1181 1224
f 1164 1169 1181
f 1164 1224 1225
f 1164 1225 1227
f 1168 1165 1169
f 1168 1169 1164
f 1290 1291 1293
f 1290 1293 1229
f 1285 1287 1290
f 1283 1285 1290
f 1279 1281 1283
f 1278 1283 1290
f 1278 1279 1283
f 1273 1278 1290
f 1273 1275 1278
f 1271 1273 1290
f 1270 1271 1290
f 1267 1270 1290
f 1263 1267 1290
f 1263 1265 1267
f 1256 1290 1229
f 1256 1263 1290
f 1256 1257 1260
f 1256 1260 1262
f 1256 1262 1263
f 1251 1254 1256
f 1247 1256 1229
f 1247 1250 1251
f 1247 1251 1256
f 1243 1245 1247
f 1243 1247 1229
f 1241 1243 1229
f 1235 1238 1239
f 1234 1168 1164
f 1234 1231 1235
f 1234 1239 1241
f 1234 1241 1229
f 1234 1235 1239
f 1234 1229 1168
f 1106 1099 1103
f 1107 1099 1106
f 1107 1102 1099
f 1111 1107 1109
f 1111 1102 1107
f 1113 1102 1111
f 1115 1102 1113
f 1119 1115 1118
f 1119 1102 1115
f 1124 1119 1122
f 1125 1119 1124
f 1128 1102 1119
f 1128 1119 1125
f 1130 1102 1128
f 1133 1130 1131
f 1133 1102 1130
f 1139 1133 1135
f 1139 1135 1138
f 1141 1102 1133
f 1141 1133 1139
f 1146 1141 1143
f 1147 1141 1146
f 1151 1102 1141
f 1151 1141 1147
f 1151 1147 1149
f 1155 1102 1151
f 1155 1151 1153
f 1159 1102 1155
f 1159 1155 1158
f 1095 1102 1159
f 1095 1159 1161
f 1296 1102 1095
f 1296 1234 1164
f 1296 1164 1102
f 1098 1296 1095
f 1299 1098 1297
f 1354 1355 1357
f 1354 1357 1296
f 1351 1354 1296
f 1305 1302 1303
f 1311 1305 1307
f 1311 1307 1309
f 1343 1345 1347
f 1343 1347 1349
f 1343 1349 1351
f 1314 1299 1302
f 1314 1296 1098
f 1314 1098 1299
f 1314 1302 1305
f 1314 1305 1311
f 1342 1343 1351
f 1337 1339 1342
f 1337 1342 1351
f 1318 1314 1315
f 1335 1337 1351
f 1320 1314 1318
f 1334 1351 1296
f 1334 1335 1351
f 1324 1320 1321
f 1324 1296 1314
f 1324 1314 1320
f 1329 1331 1334
f 1329 1334 1296
f 1327 1324 1326
f 1327 1296 1324
f 1327 1329 1296
f 1200 1203 1202
f 1193 1192 1195
f 1195 1192 1198
f 1198 1192 1200
f 1208 1211 1210
f 1208 1214 1211
f 1192 1182 1200
f 1183 1182 1186
f 1186 1182 1187
f 1187 1182 1189
f 1189 1182 1192
f 1180 1178 1182
f 1200 1218 1203
f 1203 1218 1206
f 1206 1218 1208
f 1214 1218 1216
f 1208 1218 1214
f 1174 1171 1176
f 1176 1171 1178
f 1182 1223 1200
f 1218 1223 1220
f 1220 1223 1222
f 1200 1223 1218
f 1178 1170 1182
f 1171 1170 1178
f 1166 1163 1167
f 1167 1163 1170
f 1223 1163 1226
f 1226 1163 1228
f 1182 1163 1223
f 1170 1163 1182
f 1292 1289 1294
f 1294 1289 1230
f 1288 1286 1289
f 1286 1284 1289
f 1282 1280 1284
f 1284 1277 1289
f 1280 1277 1284
f 1277 1274 1289
f 1276 1274 1277
f 1274 1272 1289
f 1272 1269 1289
f 1269 1268 1289
f 1266 1264 1268
f 1268 1264 1289
f 1289 1255 1230
f 1258 1255 1259
f 1259 1255 1261
f 1261 1255 1264
f 1264 1255 1289
f 1253 1252 1255
f 1249 1248 1252
f 1255 1248 1230
f 1252 1248 1255
f 1246 1244 1248
f 1248 1244 1230
f 1244 1242 1230
f 1237 1236 1240
f 1233 1232 1236
f 1240 1232 1242
f 1230 1232 1166
f 1242 1232 1230
f 1236 1232 1240
f 1166 1232 1163
f 1101 1105 1104
f 1100 1108 1101
f 1101 1108 1105
f 1108 1112 1110
f 1100 1112 1108
f 1100 1114 1112
f 1100 1116 1114
f 1116 1120 1117
f 1100 1120 1116
f 1120 1123 1121
f 1120 1126 1123
f 1100 1127 1120
f 1120 1127 1126
f 1100 1129 1127
f 1129 1134 1132
f 1100 1134 1129
f 1134 1140 1136
f 1136 1140 1137
f 1100 1142 1134
f 1134 1142 1140
f 1142 1145 1144
f 1142 1148 1145
f 1100 1152 1142
f 1142 1152 1148
f 1148 1152 1150
f 1100 1156 1152
f 1152 1156 1154
f 1100 1160 1156
f 1156 1160 1157
f 1100 1096 1160
f 1160 1096 1162
f 1232 1295 1163
f 1163 1295 1100
f 1100 1097 1096
f 1295 1097 1100
f 1097 1300 1298
f 1356 1353 1358
f 1301 1306 1304
f 1352 1350 1353
f 1353 1350 1358
f 1300 1308 1301
f 1295 1308 1097
f 1097 1308 1300
f 1301 1308 1306
f 1358 1348 1295
f 1350 1348 1358
f 1308 1312 1310
f 1312 1316 1313
f 1341 1340 1344
f 1344 1340 1346
f 1346 1340 1348
f 1312 1317 1316
f 1348 1338 1295
f 1340 1338 1348
f 1338 1336 1295
f 1336 1333 1295
f 1332 1330 1333
f 1333 1330 1295
f 1317 1328 1319
f 1319 1328 1322
f 1322 1328 1323
f 1323 1328 1325
f 1295 1328 1308
f 1308 1328 1312
f 1330 1328 1295
f 1312 1328 1317
f 1359 1360 1361
f 1359 1362 1360
f 1363 1364 1365
f 1363 1366 1364
f 1367 1368 1369
f 1367 1370 1368
f 1371 1372 1373
f 1374 1371 1373
f 1374 1373 1375
f 1376 1374 1375
f 1376 1375 1377
f 1378 1376 1377
f 1378 1377 1379
f 1380 1378 1379
f 1380 1379 1381
f 1382 1380 1381
f 1382 1381 1383
f 1384 1382 1383
f 1384 1383 1385
f 1386 1384 1385
f 1386 1385 1387
f 1388 1386 1387
f 1388 1387 1389
f 1390 1388 1389
f 1390 1389 1391
f 1392 1390 1391
f 1392 1391 1393
f 1394 1392 1393
f 1394 1393 1395
f 1396 1394 1395
f 1396 1395 1397
f 1398 1397 1399
f 1398 1396 1397
f 1400 1398 1399
f 1400 1399 1401
f 1402 1400 1401
f 1402 1401 1403
f 1404 1402 1403
f 1404 1403 1405
f 1406 1404 1405
f 1406 1405 1407
f 1408 1407 1409
f 1408 1406 1407
f 1410 1409 1411
f 1410 1408 1409
f 1412 1411 1413
f 1412 1410 1411
f 1414 1412 1413
f 1414 1413 1415
f 1416 1415 1417
f 1416 1414 1415
f 1418 1417 1419
f 1418 1416 1417
f 1420 1419 1421
f 1420 1418 1419
f 1422 1421 1423
f 1422 1420 1421
f 1424 1422 1423
f 1424 1423 1425
f 1426 1424 1425
f 1426 1425 1427
f 1428 1426 1427
f 1428 1427 1429
f 1430 1428 1429
f 1430 1429 1431
f 1432 1430 1431
f 1432 1431 1433
f 1434 1433 1435
f 1434 1432 1433
f 1436 1434 1435
f 1436 1435 1437
f 1438 1437 1439
f 1438 1436 1437
f 1440 1439 1441
f 1440 1438 1439
f 1442 1440 1441
f 1442 1441 1443
f 1444 1443 1445
f 1444 1442 1443
f 1446 1445 1447
f 1446 1444 1445
f 1448 1449 1450
f 1451 1449 1448
f 1451 1452 1449
f 1453 1450 1454
f 1453 1448 1450
f 1455 1456 1452
f 1455 1452 1451
f 1457 1454 1458
f 1457 1453 1454
f 1459 1456 1455
f 1459 1460 1456
f 1461 1458 1462
f 1461 1457 1458
f 1463 1460 1459
f 1463 1464 1460
f 1465 1462 1466
f 1465 1461 1462
f 1467 1446 1447
f 1467 1447 1464
f 1467 1464 1463
f 1468 1466 1469
f 1468 1465 1466
f 1470 1446 1467
f 1470 1471 1446
f 1472 1469 1473
f 1472 1468 1469
f 1474 1471 1470
f 1474 1475 1471
f 1476 1472 1473
f 1476 1473 1477
f 1478 1479 1475
f 1478 1475 1474
f 1480 1477 1481
f 1480 1476 1477
f 1482 1479 1478
f 1482 1483 1479
f 1484 1481 1485
f 1484 1480 1481
f 1486 1483 1482
f 1486 1487 1483
f 1488 1485 1489
f 1488 1484 1485
f 1490 1487 1486
f 1490 1491 1487
f 1492 1489 1493
f 1492 1488 1489
f 1494 1495 1491
f 1494 1491 1490
f 1496 1493 1497
f 1496 1492 1493
f 1498 1495 1494
f 1498 1499 1495
f 1500 1497 1501
f 1500 1496 1497
f 1502 1503 1499
f 1502 1499 1498
f 1504 1501 1505
f 1504 1500 1501
f 1506 1507 1503
f 1506 1503 1502
f 1508 1505 1509
f 1508 1504 1505
f 1510 1511 1507
f 1510 1507 1506
f 1512 1509 1513
f 1512 1508 1509
f 1514 1515 1511
f 1514 1511 1510
f 1516 1513 1517
f 1516 1512 1513
f 1518 1515 1514
f 1518 1519 1515
f 1520 1517 1521
f 1520 1516 1517
f 1522 1523 1519
f 1522 1519 1518
f 1524 1520 1521
f 1524 1521 1525
f 1526 1527 1523
f 1526 1523 1522
f 1528 1524 1525
f 1528 1525 1529
f 1530 1531 1527
f 1530 1527 1526
f 1532 1528 1529
f 1532 1529 1533
f 1534 1535 1531
f 1534 1531 1530
f 1536 1532 1533
f 1536 1533 1537
f 1538 1539 1535
f 1538 1535 1534
f 1540 1536 1537
f 1540 1537 1541
f 1542 1543 1539
f 1542 1539 1538
f 1544 1540 1541
f 1544 1541 1545
f 1546 1547 1543
f 1546 1543 1542
f 1548 1545 1549
f 1548 1544 1545
f 1550 1551 1547
f 1550 1547 1546
f 1552 1549 1553
f 1552 1548 1549
f 1554 1551 1550
f 1554 1555 1551
f 1556 1552 1553
f 1556 1553 1557
f 1558 1559 1555
f 1558 1555 1554
f 1560 1556 1557
f 1560 1557 1561
f 1562 1559 1558
f 1562 1563 1559
f 1564 1560 1561
f 1564 1561 1565
f 1566 1563 1562
f 1566 1567 1563
f 1568 1564 1565
f 1568 1565 1569
f 1570 1571 1567
f 1570 1567 1566
f 1572 1568 1569
f 1572 1569 1573
f 1574 1571 1570
f 1574 1575 1571
f 1576 1572 1573
f 1577 1575 1574
f 1577 1578 1575
f 1579 1578 1577
f 1579 1580 1578
f 1581 1580 1579
f 1581 1582 1580
f 1583 1582 1581
f 1583 1584 1582
f 1585 1586 1584
f 1585 1584 1583
f 1587 1586 1585
f 1587 1588 1586
f 1589 1588 1587
f 1369 1368 1590
f 1369 1590 1591
f 1591 1590 1592
f 1591 1592 1593
f 1593 1592 1594
f 1593 1594 1595
f 1595 1594 1596
f 1595 1596 1597
f 1597 1596 1576
f 1597 1576 1573
f 1361 1360 1598
f 1598 1360 1599
f 1598 1599 1600
f 1600 1599 1601
f 1600 1601 1602
f 1602 1601 1603
f 1602 1603 1604
f 1604 1603 1605
f 1604 1605 1606
f 1606 1605 1607
f 1606 1607 1608
f 1608 1607 1609
f 1608 1609 1610
f 1610 1609 1611
f 1610 1611 1612
f 1612 1611 1613
f 1612 1613 1589
f 1589 1613 1588
f 1365 1364 1614
f 1365 1614 1615
f 1615 1614 1616
f 1615 1616 1617
f 1617 1616 1618
f 1617 1618 1619
f 1619 1618 1620
f 1619 1620 1621
f 1621 1620 1372
f 1621 1372 1371
f 1622 1623 1624
f 1624 1625 1626
f 1623 1625 1624
f 1625 1627 1626
f 1626 1627 1628
f 1628 1629 1630
f 1627 1629 1628
f 1629 1631 1630
f 1630 1631 1632
f 1632 1633 1634
f 1631 1633 1632
f 1633 1635 1634
f 1634 1635 1636
f 1636 1637 1638
f 1635 1637 1636
f 1637 1639 1638
f 1638 1639 1640
f 1640 1641 1642
f 1639 1641 1640
f 1641 1643 1642
f 1642 1643 1644
f 1643 1645 1644
f 1644 1645 1646
f 1645 1647 1646
f 1646 1647 1648
f 1647 1649 1648
f 1648 1649 1650
f 1649 1651 1650
f 1650 1651 1652
f 1651 1653 1652
f 1652 1653 1654
f 1653 1655 1654
f 1654 1655 1656
f 1655 1657 1656
f 1656 1657 1658
f 1657 1659 1658
f 1658 1659 1660
f 1659 1661 1660
f 1660 1661 1662
f 1661 1663 1662
f 1662 1663 1664
f 1663 1665 1664
f 1664 1665 1666
f 1665 1667 1666
f 1666 1667 1668
f 1667 1669 1668
f 1668 1669 1670
f 1670 1671 1672
f 1669 1671 1670
f 1672 1673 1674
f 1671 1673 1672
f 1674 1675 1676
f 1673 1675 1674
f 1676 1677 1678
f 1675 1677 1676
f 1678 1679 1680
f 1677 1679 1678
f 1680 1681 1682
f 1679 1681 1680
f 1682 1683 1684
f 1681 1683 1682
f 1684 1685 1686
f 1683 1685 1684
f 1686 1687 1688
f 1685 1687 1686
f 1688 1689 1690
f 1687 1689 1688
f 1690 1691 1692
f 1689 1691 1690
f 1692 1693 1694
f 1691 1693 1692
f 1694 1695 1696
f 1693 1695 1694
f 1696 1697 1698
f 1695 1697 1696
f 1699 1700 1701
f 1702 1703 1699
f 1699 1703 1700
f 1701 1704 1705
f 1700 1704 1701
f 1706 1707 1702
f 1702 1707 1703
f 1705 1708 1709
f 1704 1708 1705
f 1710 1711 1706
f 1706 1711 1707
f 1709 1712 1713
f 1708 1712 1709
f 1714 1715 1710
f 1710 1715 1711
f 1713 1716 1717
f 1712 1716 1713
f 1698 1718 1714
f 1714 1718 1715
f 1697 1718 1698
f 1716 1719 1717
f 1717 1719 1720
f 1697 1721 1718
f 1722 1721 1697
f 1719 1723 1720
f 1720 1723 1724
f 1722 1725 1721
f 1726 1725 1722
f 1723 1727 1724
f 1724 1727 1728
f 1729 1730 1726
f 1726 1730 1725
f 1727 1731 1728
f 1728 1731 1732
f 1729 1733 1730
f 1734 1733 1729
f 1732 1735 1736
f 1731 1735 1732
f 1734 1737 1733
f 1738 1737 1734
f 1736 1739 1740
f 1735 1739 1736
f 1741 1742 1738
f 1738 1742 1737
f 1740 1743 1744
f 1739 1743 1740
f 1745 1746 1741
f 1741 1746 1742
f 1743 1747 1744
f 1744 1747 1748
f 1749 1750 1745
f 1745 1750 1746
f 1748 1751 1752
f 1747 1751 1748
f 1749 1753 1750
f 1754 1753 1749
f 1752 1755 1756
f 1751 1755 1752
f 1757 1758 1754
f 1754 1758 1753
f 1756 1759 1760
f 1755 1759 1756
f 1757 1761 1758
f 1762 1761 1757
f 1760 1763 1764
f 1759 1763 1760
f 1765 1766 1762
f 1762 1766 1761
f 1764 1767 1768
f 1763 1767 1764
f 1769 1770 1765
f 1765 1770 1766
f 1768 1771 1772
f 1767 1771 1768
f 1773 1774 1769
f 1769 1774 1770
f 1772 1775 1776
f 1771 1775 1772
f 1777 1778 1773
f 1773 1778 1774
f 1775 1779 1776
f 1776 1779 1780
f 1781 1782 1777
f 1777 1782 1778
f 1779 1783 1780
f 1780 1783 1784
f 1785 1786 1781
f 1781 1786 1782
f 1784 1787 1788
f 1783 1787 1784
f 1789 1790 1785
f 1785 1790 1786
f 1788 1791 1792
f 1787 1791 1788
f 1793 1794 1789
f 1789 1794 1790
f 1792 1795 1796
f 1791 1795 1792
f 1797 1798 1793
f 1793 1798 1794
f 1795 1799 1796
f 1796 1799 1800
f 1801 1802 1797
f 1797 1802 1798
f 1800 1803 1804
f 1799 1803 1800
f 1805 1806 1801
f 1801 1806 1802
f 1803 1807 1804
f 1804 1807 1808
f 1809 1810 1805
f 1805 1810 1806
f 1807 1811 1808
f 1808 1811 1812
f 1813 1814 1809
f 1809 1814 1810
f 1811 1815 1812
f 1812 1815 1816
f 1817 1818 1813
f 1813 1818 1814
f 1815 1819 1816
f 1816 1819 1820
f 1821 1822 1817
f 1817 1822 1818
f 1819 1823 1820
f 1820 1823 1824
f 1825 1826 1821
f 1821 1826 1822
f 1823 1827 1824
f 1828 1829 1825
f 1825 1829 1826
f 1828 1830 1829
f 1831 1830 1828
f 1831 1832 1830
f 1833 1832 1831
f 1833 1834 1832
f 1835 1834 1833
f 1835 1836 1834
f 1837 1836 1835
f 1837 1838 1836
f 1839 1838 1837
f 1839 1840 1838
f 1362 1359 1841
f 1362 1841 1842
f 1842 1841 1843
f 1842 1843 1844
f 1844 1843 1845
f 1844 1845 1846
f 1846 1845 1847
f 1846 1847 1848
f 1848 1847 1849
f 1848 1849 1850
f 1850 1849 1851
f 1850 1851 1852
f 1852 1851 1853
f 1852 1853 1854
f 1854 1853 1855
f 1854 1855 1856
f 1856 1855 1840
f 1856 1840 1839
f 1366 1363 1857
f 1857 1363 1858
f 1857 1858 1859
f 1859 1858 1860
f 1859 1860 1861
f 1861 1860 1862
f 1861 1862 1863
f 1863 1862 1864
f 1863 1864 1622
f 1622 1864 1623
f 1370 1367 1865
f 1865 1367 1866
f 1865 1866 1867
f 1867 1866 1868
f 1867 1868 1869
f 1869 1868 1870
f 1869 1870 1871
f 1871 1870 1872
f 1871 1872 1827
f 1827 1872 1824
f 1758 1761 1873
f 1758 1873 1874
f 1506 1875 1510
f 1753 1874 1876
f 1753 1758 1874
f 1877 1875 1506
f 1502 1877 1506
f 1750 1876 1878
f 1750 1753 1876
f 1879 1877 1502
f 1498 1879 1502
f 1746 1878 1880
f 1746 1750 1878
f 1881 1879 1498
f 1494 1881 1498
f 1742 1880 1882
f 1742 1746 1880
f 1883 1881 1494
f 1490 1883 1494
f 1737 1882 1884
f 1737 1742 1882
f 1885 1883 1490
f 1486 1885 1490
f 1733 1884 1886
f 1733 1737 1884
f 1887 1885 1486
f 1482 1887 1486
f 1730 1886 1888
f 1730 1733 1886
f 1889 1887 1482
f 1478 1889 1482
f 1725 1888 1890
f 1725 1730 1888
f 1891 1889 1478
f 1474 1891 1478
f 1721 1890 1892
f 1721 1725 1890
f 1893 1891 1474
f 1893 1474 1470
f 1718 1721 1892
f 1718 1892 1894
f 1895 1893 1470
f 1895 1470 1467
f 1715 1718 1894
f 1715 1894 1896
f 1897 1895 1467
f 1897 1467 1463
f 1711 1715 1896
f 1711 1896 1898
f 1899 1897 1463
f 1899 1463 1459
f 1707 1711 1898
f 1707 1898 1900
f 1901 1899 1459
f 1901 1459 1455
f 1703 1707 1900
f 1703 1900 1902
f 1903 1455 1451
f 1903 1901 1455
f 1700 1703 1902
f 1700 1902 1904
f 1905 1451 1448
f 1905 1903 1451
f 1704 1700 1904
f 1704 1904 1906
f 1907 1448 1453
f 1907 1905 1448
f 1708 1704 1906
f 1708 1906 1908
f 1909 1453 1457
f 1909 1907 1453
f 1712 1908 1910
f 1712 1708 1908
f 1911 1457 1461
f 1911 1909 1457
f 1716 1910 1912
f 1716 1712 1910
f 1913 1461 1465
f 1913 1911 1461
f 1719 1912 1914
f 1719 1716 1912
f 1915 1465 1468
f 1915 1913 1465
f 1723 1914 1916
f 1723 1719 1914
f 1917 1468 1472
f 1917 1915 1468
f 1727 1723 1916
f 1727 1916 1918
f 1919 1917 1472
f 1919 1472 1476
f 1731 1918 1920
f 1731 1727 1918
f 1921 1919 1476
f 1921 1476 1480
f 1735 1731 1920
f 1735 1920 1922
f 1923 1921 1480
f 1923 1480 1484
f 1739 1735 1922
f 1739 1922 1924
f 1925 1923 1484
f 1925 1484 1488
f 1743 1739 1924
f 1743 1924 1926
f 1927 1925 1488
f 1927 1488 1492
f 1747 1743 1926
f 1747 1926 1928
f 1929 1927 1492
f 1929 1492 1496
f 1751 1747 1928
f 1751 1928 1930
f 1931 1496 1500
f 1931 1929 1496
f 1755 1751 1930
f 1755 1930 1932
f 1933 1500 1504
f 1933 1931 1500
f 1759 1755 1932
f 1759 1932 1934
f 1935 1504 1508
f 1935 1933 1504
f 1763 1759 1934
f 1763 1934 1936
f 1937 1508 1512
f 1937 1935 1508
f 1767 1763 1936
f 1767 1936 1938
f 1939 1512 1516
f 1939 1937 1512
f 1771 1938 1940
f 1771 1767 1938
f 1941 1516 1520
f 1941 1939 1516
f 1775 1940 1942
f 1775 1771 1940
f 1943 1520 1524
f 1943 1941 1520
f 1779 1775 1942
f 1779 1942 1944
f 1945 1943 1524
f 1945 1524 1528
f 1783 1779 1944
f 1783 1944 1946
f 1947 1945 1528
f 1947 1528 1532
f 1787 1783 1946
f 1787 1946 1948
f 1949 1947 1532
f 1949 1532 1536
f 1791 1787 1948
f 1791 1948 1950
f 1951 1949 1536
f 1951 1536 1540
f 1795 1791 1950
f 1795 1950 1952
f 1953 1951 1540
f 1953 1540 1544
f 1799 1795 1952
f 1799 1952 1954
f 1955 1953 1544
f 1955 1544 1548
f 1803 1799 1954
f 1803 1954 1956
f 1957 1955 1548
f 1957 1548 1552
f 1807 1803 1956
f 1807 1956 1958
f 1959 1552 1556
f 1959 1957 1552
f 1811 1807 1958
f 1811 1958 1960
f 1961 1556 1560
f 1961 1959 1556
f 1815 1811 1960
f 1815 1960 1962
f 1963 1560 1564
f 1963 1961 1560
f 1819 1962 1964
f 1819 1815 1962
f 1965 1564 1568
f 1965 1963 1564
f 1823 1819 1964
f 1823 1964 1966
f 1967 1568 1572
f 1967 1965 1568
f 1827 1823 1966
f 1827 1966 1968
f 1969 1967 1572
f 1969 1572 1576
f 1871 1968 1970
f 1871 1827 1968
f 1971 1969 1576
f 1971 1576 1596
f 1869 1871 1970
f 1869 1970 1972
f 1973 1971 1596
f 1973 1596 1594
f 1867 1869 1972
f 1867 1972 1974
f 1975 1973 1594
f 1975 1594 1592
f 1865 1867 1974
f 1865 1974 1976
f 1977 1975 1592
f 1977 1592 1590
f 1370 1865 1976
f 1370 1976 1978
f 1979 1370 1978
f 1980 1977 1590
f 1980 1590 1368
f 1981 1980 1368
f 1982 1370 1979
f 1982 1981 1368
f 1982 1368 1370
f 1983 1982 1979
f 1983 1979 1984
f 1983 1984 1985
f 1986 1983 1985
f 1987 1986 1985
f 1987 1985 1988
f 1989 1987 1988
f 1989 1988 1990
f 1991 1989 1990
f 1991 1990 1992
f 1991 1992 1993
f 1994 1991 1993
f 1995 1994 1993
f 1995 1993 1996
f 1997 1995 1996
f 1997 1996 1998
f 1997 1998 1999
f 2000 1997 1999
f 2001 2000 1999
f 2001 1999 2002
f 2001 2002 2003
f 2004 2001 2003
f 2005 2004 2003
f 2005 2003 2006
f 2007 2005 2006
f 2007 2006 2008
f 2009 2008 2010
f 2009 2007 2008
f 2011 2010 2012
f 2011 2009 2010
f 2013 2012 2014
f 2013 2011 2012
f 2015 2014 2016
f 2015 2013 2014
f 2017 2016 2018
f 2017 2015 2016
f 2019 2018 2020
f 2019 2017 2018
f 2021 2020 2022
f 2021 2019 2020
f 2023 2022 2024
f 2023 2021 2022
f 2025 2024 2026
f 2025 2026 2027
f 2025 2023 2024
f 2028 2025 2027
f 2029 2027 2030
f 2029 2028 2027
f 2031 2030 2032
f 2031 2032 2033
f 2031 2029 2030
f 2034 2031 2033
f 2035 2033 2036
f 2035 2034 2033
f 2037 2036 2038
f 2037 2038 2039
f 2037 2035 2036
f 2040 2037 2039
f 2041 2039 2042
f 2041 2040 2039
f 2043 2042 2044
f 2043 2041 2042
f 2045 2044 2046
f 2045 2043 2044
f 2047 2046 2048
f 2047 2045 2046
f 2049 2048 2050
f 2049 2050 2051
f 2049 2047 2048
f 2052 2049 2051
f 2053 2052 2051
f 2053 2051 2054
f 2053 2054 2055
f 2056 2053 2055
f 2057 2055 2058
f 2057 2056 2055
f 2059 2057 2058
f 2059 2058 2060
f 1359 2059 2060
f 1359 2060 2061
f 1359 2061 2062
f 1361 2059 1359
f 2063 2059 1361
f 1841 1359 2062
f 1841 2062 2064
f 2065 2063 1361
f 2065 1361 1598
f 1843 1841 2064
f 1843 2064 2066
f 2067 2065 1598
f 2067 1598 1600
f 1845 1843 2066
f 1845 2066 2068
f 2069 2067 1600
f 2069 1600 1602
f 1847 2068 2070
f 1847 1845 2068
f 2071 2069 1602
f 2071 1602 1604
f 1849 2070 2072
f 1849 1847 2070
f 2073 2071 1604
f 2073 1604 1606
f 1851 2072 2074
f 1851 1849 2072
f 2075 2073 1606
f 2075 1606 1608
f 1853 2074 2076
f 1853 1851 2074
f 2077 2075 1608
f 2077 1608 1610
f 1855 2076 2078
f 1855 1853 2076
f 2079 2077 1610
f 2079 1610 1612
f 1840 2078 2080
f 1840 1855 2078
f 2081 1612 1589
f 2081 2079 1612
f 1838 2080 2082
f 1838 1840 2080
f 2083 1589 1587
f 2083 2081 1589
f 1836 2082 2084
f 1836 1838 2082
f 2085 1587 1585
f 2085 2083 1587
f 1834 1836 2084
f 1834 2084 2086
f 2087 1585 1583
f 2087 2085 1585
f 1832 1834 2086
f 1832 2086 2088
f 2089 1583 1581
f 2089 2087 1583
f 1830 1832 2088
f 1830 2088 2090
f 2091 1581 1579
f 2091 2089 1581
f 1829 1830 2090
f 1829 2090 2092
f 2093 1579 1577
f 2093 2091 1579
f 1826 1829 2092
f 1826 2092 2094
f 2095 1577 1574
f 2095 2093 1577
f 1822 2094 2096
f 1822 1826 2094
f 2097 1574 1570
f 2097 2095 1574
f 1818 2096 2098
f 1818 1822 2096
f 2099 1570 1566
f 2099 2097 1570
f 1814 2098 2100
f 1814 1818 2098
f 2101 1566 1562
f 2101 2099 1566
f 1810 2100 2102
f 1810 1814 2100
f 2103 1562 1558
f 2103 2101 1562
f 1806 2102 2104
f 1806 1810 2102
f 2105 1558 1554
f 2105 2103 1558
f 1802 2104 2106
f 1802 1806 2104
f 2107 1554 1550
f 2107 2105 1554
f 1798 2106 2108
f 1798 1802 2106
f 2109 1550 1546
f 2109 2107 1550
f 1794 2108 2110
f 1794 1798 2108
f 2111 1546 1542
f 2111 2109 1546
f 1790 1794 2110
f 1790 2110 2112
f 2113 2111 1542
f 2113 1542 1538
f 1786 1790 2112
f 1786 2112 2114
f 2115 1538 1534
f 2115 2113 1538
f 1782 1786 2114
f 1782 2114 2116
f 2117 1534 1530
f 2117 2115 1534
f 1778 1782 2116
f 1778 2116 2118
f 2119 1530 1526
f 2119 2117 1530
f 1774 1778 2118
f 1774 2118 2120
f 2121 1526 1522
f 2121 2119 1526
f 1770 1774 2120
f 1770 2120 2122
f 2123 1522 1518
f 2123 2121 1522
f 1766 1770 2122
f 1766 2122 1873
f 1761 1766 1873
f 2124 1518 1514
f 2124 2123 1518
f 1875 1514 1510
f 1875 2124 1514
f 2125 2126 2127
f 2125 2128 2126
f 2129 2130 2131
f 2132 2131 2133
f 2132 2129 2131
f 2134 2132 2133
f 2135 2133 2136
f 2135 2134 2133
f 2137 2136 2138
f 2137 2135 2136
f 2139 2138 2140
f 2139 2137 2138
f 2141 2140 2142
f 2141 2142 2143
f 2141 2139 2140
f 2144 2141 2143
f 2145 2144 2143
f 2145 2143 2146
f 2147 2145 2146
f 2147 2146 2148
f 2147 2148 2149
f 2150 2147 2149
f 2151 2150 2149
f 2151 2149 2152
f 2153 2152 2154
f 2153 2151 2152
f 2155 2154 2156
f 2155 2156 2157
f 2155 2153 2154
f 2158 2155 2157
f 2159 2157 2160
f 2159 2160 2161
f 2159 2158 2157
f 2162 2159 2161
f 2163 2161 2164
f 2163 2164 2165
f 2163 2162 2161
f 2166 2163 2165
f 2167 2165 2168
f 2167 2166 2165
f 2169 2168 2170
f 2169 2167 2168
f 2171 2170 2172
f 2171 2169 2170
f 2173 2172 2174
f 2173 2171 2172
f 2175 2174 2176
f 2175 2173 2174
f 2177 2176 2178
f 2177 2178 2179
f 2177 2175 2176
f 2180 2177 2179
f 2181 2179 2182
f 2181 2180 2179
f 2183 2182 2184
f 2183 2181 2182
f 2185 2184 2186
f 2185 2183 2184
f 2187 2186 2188
f 2187 2185 2186
f 2189 2188 2190
f 2189 2190 2191
f 2189 2187 2188
f 2192 2191 2126
f 2192 2189 2191
f 2128 2192 2126
f 2129 2193 2130
f 2129 2194 2193
f 2195 2196 2197
f 2198 2197 2199
f 2198 2195 2197
f 2200 2198 2199
f 2201 2199 2202
f 2201 2200 2199
f 2203 2202 2204
f 2203 2201 2202
f 2205 2204 2206
f 2205 2203 2204
f 2207 2206 2208
f 2207 2208 2209
f 2207 2205 2206
f 2210 2207 2209
f 2211 2210 2209
f 2211 2209 2212
f 2213 2211 2212
f 2213 2212 2214
f 2213 2214 2215
f 2216 2213 2215
f 2217 2216 2215
f 2217 2215 2218
f 2219 2218 2220
f 2219 2217 2218
f 2221 2220 2222
f 2221 2222 2223
f 2221 2219 2220
f 2224 2221 2223
f 2225 2223 2226
f 2225 2226 2227
f 2225 2224 2223
f 2228 2225 2227
f 2229 2227 2230
f 2229 2230 2231
f 2229 2228 2227
f 2232 2229 2231
f 2233 2231 2234
f 2233 2232 2231
f 2235 2234 2236
f 2235 2233 2234
f 2237 2236 2238
f 2237 2235 2236
f 2239 2238 2240
f 2239 2237 2238
f 2241 2240 2242
f 2241 2239 2240
f 2243 2242 2244
f 2243 2244 2245
f 2243 2241 2242
f 2246 2243 2245
f 2247 2245 2248
f 2247 2246 2245
f 2249 2248 2250
f 2249 2247 2248
f 2251 2250 2252
f 2251 2249 2250
f 2253 2252 2254
f 2253 2251 2252
f 2255 2254 2256
f 2255 2256 2257
f 2255 2253 2254
f 2258 2257 2193
f 2258 2255 2257
f 2194 2258 2193
f 2195 2259 2196
f 2195 2260 2259
f 2261 2262 2263
f 2264 2263 2265
f 2264 2261 2263
f 2266 2264 2265
f 2267 2265 2268
f 2267 2266 2265
f 2269 2268 2270
f 2269 2267 2268
f 2271 2270 2272
f 2271 2269 2270
f 2273 2272 2274
f 2273 2274 2275
f 2273 2271 2272
f 2276 2273 2275
f 2277 2275 2278
f 2277 2276 2275
f 2279 2278 2280
f 2279 2280 2281
f 2279 2277 2278
f 2282 2279 2281
f 2283 2281 2284
f 2283 2282 2281
f 2285 2284 2286
f 2285 2283 2284
f 2287 2286 2288
f 2287 2288 2289
f 2287 2285 2286
f 2290 2287 2289
f 2291 2289 2292
f 2291 2290 2289
f 2260 2292 2259
f 2260 2291 2292
f 2261 2293 2262
f 2261 2294 2293
f 2295 2296 2297
f 2295 2298 2296
f 2299 2297 2300
f 2299 2295 2297
f 2301 2300 2302
f 2301 2299 2300
f 2303 2302 2304
f 2303 2304 2305
f 2303 2301 2302
f 2306 2303 2305
f 2307 2305 2308
f 2307 2306 2305
f 2309 2308 2310
f 2309 2307 2308
f 2311 2310 2312
f 2311 2309 2310
f 2313 2312 2314
f 2313 2311 2312
f 2315 2314 2316
f 2315 2316 2317
f 2315 2313 2314
f 2318 2317 2319
f 2318 2315 2317
f 2320 2318 2319
f 2321 2319 2322
f 2321 2320 2319
f 2323 2322 2324
f 2323 2324 2325
f 2323 2321 2322
f 2326 2323 2325
f 2294 2325 2293
f 2294 2326 2325
f 2298 2327 2296
f 2298 2328 2327
f 2329 2330 2331
f 2332 2331 2333
f 2332 2329 2331
f 2334 2332 2333
f 2335 2333 2336
f 2335 2334 2333
f 2337 2336 2338
f 2337 2335 2336
f 2339 2338 2340
f 2339 2337 2338
f 2341 2340 2342
f 2341 2342 2343
f 2341 2339 2340
f 2344 2341 2343
f 2345 2343 2346
f 2345 2344 2343
f 2347 2346 2348
f 2347 2348 2349
f 2347 2345 2346
f 2350 2347 2349
f 2351 2349 2352
f 2351 2350 2349
f 2353 2352 2354
f 2353 2351 2352
f 2355 2354 2356
f 2355 2356 2357
f 2355 2353 2354
f 2358 2355 2357
f 2359 2357 2360
f 2359 2358 2357
f 2328 2360 2327
f 2328 2359 2360
f 2329 2361 2330
f 2329 2362 2361
f 2363 2127 2364
f 2363 2125 2127
f 2365 2364 2366
f 2365 2363 2364
f 2367 2366 2368
f 2367 2368 2369
f 2367 2365 2366
f 2370 2367 2369
f 2371 2369 2372
f 2371 2370 2369
f 2373 2372 2374
f 2373 2371 2372
f 2375 2374 2376
f 2375 2373 2374
f 2377 2376 2378
f 2377 2375 2376
f 2379 2378 2380
f 2379 2377 2378
f 2381 2380 2382
f 2381 2382 2383
f 2381 2379 2380
f 2384 2381 2383
f 2385 2383 2386
f 2385 2384 2383
f 2387 2386 2388
f 2387 2385 2386
f 2389 2388 2390
f 2389 2387 2388
f 2391 2390 2392
f 2391 2389 2390
f 2362 2392 2361
f 2362 2391 2392
f 2125 2363 2365
f 2125 2365 2367
f 2125 2367 2370
f 2125 2370 2371
f 2125 2371 2373
f 2125 2373 2375
f 2125 2375 2377
f 2125 2377 2379
f 2125 2379 2381
f 2125 2381 2384
f 2125 2384 2385
f 2125 2385 2387
f 2125 2387 2389
f 2125 2389 2391
f 2125 2391 2362
f 2393 2329 2394
f 2395 2394 2329
f 2396 2329 2393
f 2397 2395 2329
f 2398 2329 2396
f 2399 2397 2329
f 2400 2329 2398
f 2401 2399 2329
f 2402 2329 2400
f 2403 2401 2329
f 2404 2329 2402
f 2405 2403 2329
f 2406 2362 2329
f 2406 2329 2404
f 2407 2405 2329
f 2408 2362 2406
f 2409 2407 2329
f 2410 2362 2408
f 2411 2409 2329
f 2411 2329 2332
f 2412 2362 2410
f 2413 2332 2334
f 2413 2411 2332
f 2413 2334 2335
f 2413 2335 2337
f 2413 2337 2339
f 2413 2339 2341
f 2413 2341 2344
f 2413 2344 2345
f 2413 2345 2347
f 2413 2347 2350
f 2414 2362 2412
f 2415 2350 2351
f 2415 2351 2353
f 2415 2353 2355
f 2415 2355 2358
f 2415 2358 2359
f 2415 2359 2328
f 2415 2413 2350
f 2416 2362 2414
f 2417 2415 2328
f 2418 2362 2416
f 2419 2417 2328
f 2420 2362 2418
f 2421 2419 2328
f 2422 2362 2420
f 2423 2328 2298
f 2423 2421 2328
f 2424 2362 2422
f 2425 2423 2298
f 2426 2362 2424
f 2427 2425 2298
f 2428 2362 2426
f 2429 2427 2298
f 2430 2362 2428
f 2431 2429 2298
f 2432 2362 2430
f 2433 2298 2295
f 2433 2295 2299
f 2433 2299 2301
f 2433 2301 2303
f 2433 2303 2306
f 2433 2306 2307
f 2433 2431 2298
f 2434 2362 2432
f 2435 2433 2307
f 2435 2307 2309
f 2435 2309 2311
f 2435 2311 2313
f 2435 2313 2315
f 2435 2315 2318
f 2435 2318 2320
f 2435 2320 2321
f 2435 2321 2323
f 2435 2323 2326
f 2436 2362 2434
f 2437 2326 2294
f 2437 2435 2326
f 2438 2362 2436
f 2439 2437 2294
f 2440 2439 2294
f 2441 2440 2294
f 2442 2441 2294
f 2443 2442 2294
f 2444 2443 2294
f 2445 2125 2446
f 2447 2446 2125
f 2448 2125 2445
f 2449 2447 2125
f 2450 2125 2448
f 2451 2449 2125
f 2452 2125 2450
f 2453 2125 2362
f 2453 2451 2125
f 2454 2444 2294
f 2455 2125 2452
f 2456 2453 2362
f 2457 2125 2455
f 2458 2456 2362
f 2459 2125 2457
f 2460 2458 2362
f 2461 2125 2459
f 2462 2454 2294
f 2463 2460 2362
f 2464 2125 2461
f 2465 2463 2362
f 2466 2125 2464
f 2467 2462 2294
f 2468 2465 2362
f 2469 2125 2466
f 2470 2468 2362
f 2471 2125 2469
f 2472 2467 2294
f 2473 2438 2474
f 2473 2362 2438
f 2473 2470 2362
f 2475 2125 2471
f 2476 2473 2474
f 2476 2474 2477
f 2478 2472 2294
f 2479 2125 2475
f 2480 2477 2481
f 2480 2476 2477
f 2482 2125 2479
f 2483 2478 2294
f 2484 2480 2481
f 2484 2481 2485
f 2486 2484 2485
f 2486 2485 2487
f 2488 2483 2294
f 2489 2486 2487
f 2489 2487 2490
f 2491 2488 2294
f 2492 2489 2490
f 2492 2490 2493
f 2494 2491 2294
f 2495 2492 2493
f 2495 2493 2496
f 2497 2494 2294
f 2498 2495 2496
f 2498 2496 2499
f 2500 2498 2499
f 2500 2499 2501
f 2502 2500 2501
f 2502 2501 2503
f 2504 2502 2503
f 2504 2503 2505
f 2506 2504 2505
f 2506 2505 2507
f 2128 2482 2508
f 2128 2509 2510
f 2128 2511 2509
f 2128 2512 2511
f 2128 2513 2512
f 2128 2514 2513
f 2128 2515 2514
f 2128 2516 2515
f 2128 2508 2516
f 2128 2125 2482
f 2517 2128 2510
f 2189 2192 2128
f 2518 2506 2507
f 2518 2507 2519
f 2187 2189 2128
f 2520 2128 2517
f 2185 2187 2128
f 2521 2519 2522
f 2521 2518 2519
f 2183 2185 2128
f 2181 2183 2128
f 2523 2128 2520
f 2180 2181 2128
f 2524 2521 2522
f 2524 2522 2525
f 2177 2180 2128
f 2526 2128 2523
f 2175 2177 2128
f 2527 2524 2525
f 2527 2525 2528
f 2173 2175 2128
f 2529 2128 2526
f 2171 2173 2128
f 2530 2527 2528
f 2530 2528 2531
f 2169 2171 2128
f 2532 2128 2529
f 2167 2169 2128
f 2533 2530 2531
f 2166 2167 2128
f 2534 2128 2532
f 2163 2166 2128
f 2535 2533 2531
f 2535 2536 2537
f 2535 2531 2536
f 2162 2163 2128
f 2538 2128 2534
f 2539 2535 2537
f 2539 2537 2540
f 2155 2158 2159
f 2155 2159 2162
f 2155 2162 2128
f 2541 2540 2542
f 2541 2539 2540
f 2543 2542 2544
f 2543 2541 2542
f 2150 2155 2128
f 2150 2151 2153
f 2150 2153 2155
f 2147 2150 2128
f 2545 2543 2544
f 2545 2544 2546
f 2144 2145 2147
f 2144 2147 2128
f 2547 2545 2546
f 2547 2546 2548
f 2141 2144 2128
f 2137 2139 2141
f 2137 2141 2128
f 2134 2135 2137
f 2134 2137 2128
f 2132 2134 2128
f 2129 2549 2550
f 2129 2551 2549
f 2129 2552 2551
f 2129 2553 2552
f 2129 2554 2553
f 2129 2538 2554
f 2129 2132 2128
f 2129 2128 2538
f 2555 2129 2550
f 2556 2129 2555
f 2557 2129 2556
f 2558 2129 2557
f 2559 2129 2558
f 2560 2129 2559
f 2561 2129 2560
f 2562 2129 2561
f 2563 2129 2562
f 2564 2129 2563
f 2565 2129 2564
f 2566 2129 2565
f 2567 2129 2566
f 2568 2129 2567
f 1902 2569 2570
f 1902 2571 2569
f 1902 2570 1904
f 1906 2570 2572
f 1906 1904 2570
f 1900 2571 1902
f 1900 2573 2571
f 1908 1906 2572
f 1908 2572 2574
f 1898 2573 1900
f 1910 2574 2575
f 1910 1908 2574
f 1896 2576 2573
f 1896 2573 1898
f 1912 1910 2575
f 1912 2575 2577
f 1894 2547 2548
f 1894 2548 2576
f 1894 2576 1896
f 1914 2577 2578
f 1914 1912 2577
f 1892 2579 2547
f 1892 2547 1894
f 1916 1914 2578
f 1916 2578 2580
f 1890 2581 2579
f 1890 2582 2581
f 1890 2579 1892
f 1918 1916 2580
f 1918 2580 2583
f 1888 2582 1890
f 1920 1918 2583
f 1920 2583 2584
f 1886 2582 1888
f 1886 2585 2582
f 1922 1920 2584
f 1922 2584 2586
f 1884 2585 1886
f 1884 2587 2585
f 1924 1922 2586
f 1924 2586 2588
f 1882 2587 1884
f 1882 2589 2587
f 1926 1924 2588
f 1926 2588 2590
f 1880 2589 1882
f 1880 2591 2589
f 1928 1926 2590
f 1928 2590 2592
f 1878 2591 1880
f 1878 2593 2591
f 1930 1928 2592
f 1930 2592 2594
f 1876 2593 1878
f 1876 2595 2593
f 1932 1930 2594
f 1932 2594 2596
f 1874 2595 1876
f 1874 2597 2595
f 1934 1932 2596
f 1934 2596 2598
f 1873 2597 1874
f 1873 2599 2597
f 1936 1934 2598
f 1936 2598 2600
f 2122 2599 1873
f 2122 2601 2599
f 1938 1936 2600
f 1938 2600 2602
f 2120 2601 2122
f 2120 2603 2601
f 1940 1938 2602
f 1940 2602 2604
f 2118 2603 2120
f 2118 2605 2603
f 1942 2604 2606
f 1942 1940 2604
f 2116 2605 2118
f 2116 2607 2605
f 2114 2608 2607
f 2114 2607 2116
f 2112 2609 2608
f 2112 2608 2114
f 2110 2610 2609
f 2110 2609 2112
f 2108 2611 2610
f 2108 2610 2110
f 2106 2612 2611
f 2106 2611 2108
f 2104 2613 2612
f 2104 2612 2106
f 2261 2614 2497
f 2261 2615 2614
f 2261 2616 2615
f 2261 2617 2616
f 2261 2618 2617
f 2261 2619 2618
f 2261 2620 2619
f 2261 2621 2620
f 2261 2622 2621
f 2261 2497 2294
f 2261 1942 2606
f 2261 2623 2622
f 2261 2624 2623
f 2261 2625 2624
f 2261 2626 2625
f 2261 2627 2626
f 2261 2628 2627
f 2261 2606 2628
f 2261 1944 1942
f 2261 1946 1944
f 2261 1948 1946
f 2261 1950 1948
f 2261 1952 1950
f 2261 1954 1952
f 2261 1956 1954
f 2102 2629 2613
f 2102 2613 2104
f 1958 1956 2261
f 2266 2261 2264
f 2100 2630 2629
f 2100 2629 2102
f 2269 2266 2267
f 2269 2261 2266
f 2098 2631 2630
f 2098 2630 2100
f 2271 2261 2269
f 2096 2632 2631
f 2096 2631 2098
f 2276 2271 2273
f 2094 2632 2096
f 2094 2633 2632
f 2279 2271 2276
f 2279 2276 2277
f 2282 2261 2271
f 2282 2271 2279
f 2092 2634 2633
f 2092 2633 2094
f 2090 2635 2634
f 2090 2634 2092
f 2290 2283 2285
f 2290 2285 2287
f 2291 2261 2282
f 2291 2283 2290
f 2291 2282 2283
f 2260 1960 1958
f 2260 1962 1960
f 2260 1964 1962
f 2260 1966 1964
f 2260 1968 1966
f 2260 1970 1968
f 2260 1958 2261
f 2260 2261 2291
f 2088 2636 2635
f 2088 2635 2090
f 1972 1970 2260
f 2086 2637 2636
f 2086 2636 2088
f 1974 1972 2260
f 2084 2638 2637
f 2084 2637 2086
f 1976 1974 2260
f 2082 2639 2638
f 2082 2638 2084
f 1978 1976 2260
f 2080 2640 2639
f 2080 2639 2082
f 1979 1978 2260
f 2078 2640 2080
f 2078 2641 2640
f 1984 1979 2260
f 2076 2641 2078
f 2076 2642 2641
f 1985 1984 2260
f 1988 1985 2260
f 1990 1988 2260
f 1992 1990 2260
f 1993 1992 2260
f 1996 1993 2260
f 1998 1996 2260
f 2194 2033 2032
f 2194 2036 2033
f 2194 2038 2036
f 2194 2039 2038
f 2194 2042 2039
f 2194 2044 2042
f 2194 2046 2044
f 2194 2048 2046
f 2194 2050 2048
f 2194 2051 2050
f 2194 2054 2051
f 2194 2055 2054
f 2194 2058 2055
f 2194 2060 2058
f 2194 2061 2060
f 2194 2062 2061
f 2194 2064 2062
f 2194 2066 2064
f 2194 2068 2066
f 2194 2070 2068
f 2195 1999 1998
f 2195 2002 1999
f 2195 2003 2002
f 2195 2006 2003
f 2195 2008 2006
f 2195 2010 2008
f 2195 2012 2010
f 2195 2014 2012
f 2195 2194 2032
f 2195 2016 2014
f 2195 2018 2016
f 2195 2020 2018
f 2195 2022 2020
f 2195 2024 2022
f 2195 2026 2024
f 2195 2027 2026
f 2195 2030 2027
f 2195 2032 2030
f 2195 1998 2260
f 2255 2258 2194
f 2201 2195 2198
f 2201 2198 2200
f 2253 2255 2194
f 2203 2195 2201
f 2251 2253 2194
f 2205 2194 2195
f 2205 2195 2203
f 2249 2251 2194
f 2247 2249 2194
f 2210 2194 2205
f 2210 2205 2207
f 2246 2247 2194
f 2243 2246 2194
f 2213 2210 2211
f 2213 2194 2210
f 2241 2243 2194
f 2239 2241 2194
f 2237 2239 2194
f 2219 2213 2216
f 2219 2216 2217
f 2219 2194 2213
f 2235 2237 2194
f 2221 2194 2219
f 2233 2235 2194
f 2224 2194 2221
f 2232 2233 2194
f 2229 2232 2194
f 2228 2194 2224
f 2228 2229 2194
f 2228 2224 2225
f 2194 2129 2070
f 2070 2129 2072
f 2072 2129 2074
f 2074 2129 2076
f 2076 2129 2568
f 2076 2568 2643
f 2076 2643 2644
f 2076 2644 2642
f 1901 1903 1905
f 1901 1905 1907
f 1901 1907 1909
f 1901 1909 1911
f 1915 1911 1913
f 1917 1901 1911
f 1917 1911 1915
f 1895 1897 1899
f 1889 1891 1893
f 1889 1893 1895
f 1889 1895 1899
f 1925 1899 1901
f 1925 1917 1919
f 1925 1919 1921
f 1925 1921 1923
f 1925 1901 1917
f 1885 1887 1889
f 1879 1881 1883
f 1939 1925 1927
f 1939 1927 1929
f 1939 1929 1931
f 1939 1931 1933
f 1939 1933 1935
f 1939 1935 1937
f 2124 1875 1877
f 2124 1877 1879
f 2124 1883 1885
f 2124 1879 1883
f 1943 1939 1941
f 2119 2121 2123
f 2119 2123 2124
f 2117 2119 2124
f 2117 1885 1889
f 2117 2124 1885
f 1949 1939 1943
f 1949 1943 1945
f 1949 1945 1947
f 1953 1949 1951
f 2109 2111 2113
f 2107 2109 2113
f 1959 1955 1957
f 2103 2107 2113
f 2103 2105 2107
f 2103 2113 2115
f 1963 1949 1953
f 1963 1955 1959
f 1963 1953 1955
f 1963 1959 1961
f 1965 1949 1963
f 1965 1939 1949
f 2099 2101 2103
f 2099 2103 2115
f 1971 1965 1967
f 1971 1939 1965
f 1971 1967 1969
f 2093 2095 2097
f 2093 2097 2099
f 2093 2115 2117
f 2093 2099 2115
f 2093 1889 1899
f 2093 2117 1889
f 1975 1971 1973
f 1977 1971 1975
f 2087 2089 2091
f 1980 1971 1977
f 1982 1980 1981
f 2081 2083 2085
f 2081 2085 2087
f 2081 2091 2093
f 2081 2087 2091
f 1983 1971 1980
f 1983 1980 1982
f 2073 2075 2077
f 2073 2077 2079
f 1991 1983 1986
f 1991 1986 1987
f 1991 1987 1989
f 2069 2071 2073
f 1997 1994 1995
f 2065 2067 2069
f 2000 1994 1997
f 2000 1991 1994
f 2000 1983 1991
f 2063 2079 2081
f 2063 2069 2073
f 2063 2093 1899
f 2063 2065 2069
f 2063 1899 1925
f 2063 2081 2093
f 2063 2073 2079
f 2007 2001 2004
f 2007 2004 2005
f 2053 2063 1925
f 2053 1939 1971
f 2053 1925 1939
f 2053 1971 1983
f 2053 2056 2057
f 2053 2057 2059
f 2053 2059 2063
f 2013 1983 2000
f 2013 2001 2007
f 2013 2000 2001
f 2013 2007 2009
f 2013 2009 2011
f 2045 2047 2049
f 2045 2049 2052
f 2045 2052 2053
f 2017 2013 2015
f 2043 2045 2053
f 2023 2019 2021
f 2037 2040 2041
f 2037 2041 2043
f 2025 2019 2023
f 2035 2043 2053
f 2035 2037 2043
f 2028 2019 2025
f 2031 2053 1983
f 2031 1983 2013
f 2031 2013 2017
f 2031 2035 2053
f 2031 2019 2028
f 2031 2017 2019
f 2031 2028 2029
f 2031 2034 2035
f 1632 1634 2424
f 1632 2424 2422
f 1381 2645 1383
f 1630 1632 2422
f 1630 2422 2420
f 2646 1381 1379
f 2646 2645 1381
f 1628 1630 2420
f 1628 2420 2418
f 2647 1379 1377
f 2647 2646 1379
f 1626 1628 2418
f 1626 2418 2416
f 2648 1377 1375
f 2648 2647 1377
f 1624 2416 2414
f 1624 1626 2416
f 2649 1375 1373
f 2649 2648 1375
f 1622 2414 2412
f 1622 1624 2414
f 2650 1373 1372
f 2650 2649 1373
f 1863 2412 2410
f 1863 1622 2412
f 2651 1372 1620
f 2651 2650 1372
f 1861 2410 2408
f 1861 1863 2410
f 2652 1620 1618
f 2652 2651 1620
f 1859 2408 2406
f 1859 1861 2408
f 2653 1618 1616
f 2653 2652 1618
f 1857 1859 2406
f 1857 2406 2404
f 2654 2653 1616
f 2654 1616 1614
f 1366 1857 2404
f 1366 2404 2402
f 2400 1366 2402
f 2655 2654 1614
f 2655 1614 1364
f 2656 2655 1364
f 2657 1366 2400
f 2657 2656 1364
f 2657 1364 1366
f 2658 2657 2400
f 2658 2400 2398
f 2659 2658 2398
f 2659 2398 2396
f 2659 2396 2393
f 2660 2659 2393
f 2661 2660 2393
f 2661 2393 2394
f 2662 2661 2394
f 2662 2394 2395
f 2663 2662 2395
f 2663 2395 2397
f 2664 2663 2397
f 2664 2397 2399
f 2664 2399 2401
f 2665 2664 2401
f 2666 2665 2401
f 2666 2401 2403
f 2667 2666 2403
f 2667 2403 2405
f 2668 2667 2405
f 2668 2405 2407
f 2668 2407 2409
f 2669 2668 2409
f 2670 2669 2409
f 2670 2409 2411
f 2671 2411 2413
f 2671 2670 2411
f 2672 2413 2415
f 2672 2671 2413
f 2673 2415 2417
f 2673 2672 2415
f 2674 2417 2419
f 2674 2673 2417
f 2675 2419 2421
f 2675 2674 2419
f 2676 2421 2423
f 2676 2423 2425
f 2676 2675 2421
f 2677 2676 2425
f 2678 2677 2425
f 2678 2425 2427
f 2679 2678 2427
f 2679 2427 2429
f 2679 2429 2431
f 2680 2679 2431
f 2681 2680 2431
f 2681 2431 2433
f 2682 2681 2433
f 2682 2433 2435
f 2683 2682 2435
f 2683 2435 2437
f 2683 2437 2439
f 2684 2683 2439
f 2685 2684 2439
f 2685 2439 2440
f 2686 2685 2440
f 2686 2440 2441
f 2687 2686 2441
f 2687 2441 2442
f 2688 2687 2442
f 2688 2442 2443
f 2689 2688 2443
f 2689 2443 2444
f 2690 2689 2444
f 2690 2444 2454
f 2690 2454 2462
f 2691 2690 2462
f 2692 2691 2462
f 2692 2462 2467
f 2692 2467 2472
f 2693 2692 2472
f 2694 2693 2472
f 2694 2472 2478
f 2694 2478 2483
f 2695 2694 2483
f 2696 2483 2488
f 2696 2695 2483
f 1367 2488 2491
f 1367 2491 2494
f 1367 2696 2488
f 1369 2696 1367
f 2697 2696 1369
f 1866 2494 2497
f 1866 1367 2494
f 2698 1369 1591
f 2698 2697 1369
f 1868 2497 2614
f 1868 1866 2497
f 2699 1591 1593
f 2699 2698 1591
f 1870 2614 2615
f 1870 1868 2614
f 2700 2699 1593
f 2700 1593 1595
f 1872 1870 2615
f 1872 2615 2616
f 2701 2700 1595
f 2701 1595 1597
f 1824 2616 2617
f 1824 1872 2616
f 2702 2701 1597
f 2702 1597 1573
f 1820 2617 2618
f 1820 1824 2617
f 2703 2702 1573
f 2703 1573 1569
f 1816 2618 2619
f 1816 1820 2618
f 2704 2703 1569
f 2704 1569 1565
f 1812 2619 2620
f 1812 1816 2619
f 2705 2704 1565
f 2705 1565 1561
f 1808 2620 2621
f 1808 1812 2620
f 2706 2705 1561
f 2706 1561 1557
f 1804 2621 2622
f 1804 1808 2621
f 2707 1557 1553
f 2707 2706 1557
f 1800 2622 2623
f 1800 1804 2622
f 2708 1553 1549
f 2708 2707 1553
f 1796 2623 2624
f 1796 1800 2623
f 2709 1549 1545
f 2709 2708 1549
f 1792 2624 2625
f 1792 1796 2624
f 2710 1545 1541
f 2710 2709 1545
f 1788 2625 2626
f 1788 1792 2625
f 2711 1541 1537
f 2711 2710 1541
f 1784 2626 2627
f 1784 1788 2626
f 2712 2711 1537
f 2712 1537 1533
f 1780 1784 2627
f 1780 2627 2628
f 2713 2712 1533
f 2713 1533 1529
f 1776 1780 2628
f 1776 2628 2606
f 2714 2713 1529
f 2714 1529 1525
f 1772 2606 2604
f 1772 1776 2606
f 2715 2714 1525
f 2715 1525 1521
f 1768 2604 2602
f 1768 1772 2604
f 2716 2715 1521
f 2716 1521 1517
f 1764 2602 2600
f 1764 1768 2602
f 2717 2716 1517
f 2717 1517 1513
f 1760 2600 2598
f 1760 1764 2600
f 2718 2717 1513
f 2718 1513 1509
f 1756 2598 2596
f 1756 1760 2598
f 2719 2718 1509
f 2719 1509 1505
f 1752 2596 2594
f 1752 1756 2596
f 2720 2719 1505
f 2720 1505 1501
f 1748 2594 2592
f 1748 1752 2594
f 2721 1501 1497
f 2721 2720 1501
f 1744 2592 2590
f 1744 1748 2592
f 2722 1497 1493
f 2722 2721 1497
f 1740 2590 2588
f 1740 1744 2590
f 2723 1493 1489
f 2723 2722 1493
f 1736 2588 2586
f 1736 1740 2588
f 2724 1489 1485
f 2724 2723 1489
f 1732 2586 2584
f 1732 1736 2586
f 2725 2724 1485
f 2725 1485 1481
f 1728 1732 2584
f 1728 2584 2583
f 2726 2725 1481
f 2726 1481 1477
f 1724 1728 2583
f 1724 2583 2580
f 2727 2726 1477
f 2727 1477 1473
f 1720 1724 2580
f 1720 2580 2578
f 2728 2727 1473
f 2728 1473 1469
f 1717 1720 2578
f 1717 2578 2577
f 2729 2728 1469
f 2729 1469 1466
f 1713 2577 2575
f 1713 1717 2577
f 2730 2729 1466
f 2730 1466 1462
f 1709 2575 2574
f 1709 1713 2575
f 2731 2730 1462
f 2731 1462 1458
f 1705 2574 2572
f 1705 1709 2574
f 2732 2731 1458
f 2732 1458 1454
f 1701 2572 2570
f 1701 1705 2572
f 2733 2732 1454
f 2733 1454 1450
f 1699 2570 2569
f 1699 1701 2570
f 2734 2733 1450
f 2734 1450 1449
f 1702 2569 2571
f 1702 1699 2569
f 2735 1449 1452
f 2735 2734 1449
f 1706 2571 2573
f 1706 1702 2571
f 2736 1452 1456
f 2736 2735 1452
f 1710 2573 2576
f 1710 1706 2573
f 2737 2736 1456
f 2737 1456 1460
f 1714 1710 2576
f 1714 2576 2548
f 2738 1460 1464
f 2738 2737 1460
f 1698 1714 2548
f 1698 2548 2546
f 2739 2738 1464
f 2739 1464 1447
f 1696 1698 2546
f 1696 2546 2544
f 2740 2739 1447
f 2740 1447 1445
f 1694 1696 2544
f 1694 2544 2542
f 2741 2740 1445
f 2741 1445 1443
f 1692 1694 2542
f 1692 2542 2540
f 2742 2741 1443
f 2742 1443 1441
f 1690 1692 2540
f 1690 2540 2537
f 2743 2742 1441
f 2743 1441 1439
f 1688 1690 2537
f 1688 2537 2536
f 2744 2743 1439
f 2744 1439 1437
f 1686 2536 2531
f 1686 1688 2536
f 2745 2744 1437
f 2745 1437 1435
f 1684 2531 2528
f 1684 1686 2531
f 2746 2745 1435
f 2746 1435 1433
f 1682 2528 2525
f 1682 1684 2528
f 2747 2746 1433
f 2747 1433 1431
f 1680 2525 2522
f 1680 1682 2525
f 2748 1431 1429
f 2748 2747 1431
f 1678 2522 2519
f 1678 1680 2522
f 2749 1429 1427
f 2749 2748 1429
f 1676 2519 2507
f 1676 1678 2519
f 2750 1427 1425
f 2750 2749 1427
f 1674 1676 2507
f 1674 2507 2505
f 2751 1425 1423
f 2751 2750 1425
f 1672 1674 2505
f 1672 2505 2503
f 2752 1423 1421
f 2752 2751 1423
f 1670 1672 2503
f 1670 2503 2501
f 2753 1421 1419
f 2753 2752 1421
f 1668 1670 2501
f 1668 2501 2499
f 2754 1419 1417
f 2754 2753 1419
f 1666 1668 2499
f 1666 2499 2496
f 2755 1417 1415
f 2755 2754 1417
f 1664 1666 2496
f 1664 2496 2493
f 2756 1415 1413
f 2756 2755 1415
f 1662 1664 2493
f 1662 2493 2490
f 2757 1413 1411
f 2757 2756 1413
f 1660 1662 2490
f 1660 2490 2487
f 2758 1411 1409
f 2758 2757 1411
f 1658 1660 2487
f 1658 2487 2485
f 2759 1409 1407
f 2759 2758 1409
f 1656 2485 2481
f 1656 1658 2485
f 2760 1407 1405
f 2760 2759 1407
f 1654 2481 2477
f 1654 1656 2481
f 2761 1405 1403
f 2761 2760 1405
f 1652 2477 2474
f 1652 1654 2477
f 2762 1403 1401
f 2762 2761 1403
f 1650 2474 2438
f 1650 1652 2474
f 2763 1401 1399
f 2763 2762 1401
f 1648 1650 2438
f 1648 2438 2436
f 2764 1399 1397
f 2764 2763 1399
f 1646 1648 2436
f 1646 2436 2434
f 2765 1397 1395
f 2765 2764 1397
f 1644 1646 2434
f 1644 2434 2432
f 2766 1395 1393
f 2766 2765 1395
f 1642 1644 2432
f 1642 2432 2430
f 2767 1393 1391
f 2767 2766 1393
f 1640 1642 2430
f 1640 2430 2428
f 2768 1391 1389
f 2768 2767 1391
f 1638 1640 2428
f 1638 2428 2426
f 2769 1389 1387
f 2769 2768 1389
f 1636 1638 2426
f 1636 2426 2424
f 1634 1636 2424
f 2770 1387 1385
f 2770 2769 1387
f 2645 1385 1383
f 2645 2770 1385
f 2659 2660 2661
f 2658 2661 2662
f 2658 2662 2663
f 2658 2659 2661
f 2666 2663 2664
f 2666 2664 2665
f 2654 2655 2656
f 2653 2656 2657
f 2653 2654 2656
f 2669 2657 2658
f 2669 2666 2667
f 2669 2667 2668
f 2669 2658 2663
f 2669 2663 2666
f 2651 2652 2653
f 2671 2669 2670
f 2649 2650 2651
f 2673 2671 2672
f 2673 2657 2669
f 2673 2653 2657
f 2673 2669 2671
f 2647 2648 2649
f 2676 2674 2675
f 2677 2673 2674
f 2677 2674 2676
f 2770 2645 2646
f 2770 2646 2647
f 2770 2649 2651
f 2770 2647 2649
f 2679 2677 2678
f 2767 2768 2769
f 2767 2769 2770
f 2681 2677 2679
f 2681 2679 2680
f 2681 2673 2677
f 2765 2766 2767
f 2765 2770 2651
f 2765 2767 2770
f 2684 2682 2683
f 2763 2764 2765
f 2685 2682 2684
f 2761 2763 2765
f 2761 2765 2651
f 2761 2762 2763
f 2687 2682 2685
f 2687 2685 2686
f 2688 2682 2687
f 2688 2681 2682
f 2758 2761 2651
f 2758 2759 2760
f 2758 2760 2761
f 2758 2651 2653
f 2758 2653 2673
f 2755 2756 2757
f 2755 2757 2758
f 2693 2689 2690
f 2693 2690 2691
f 2693 2691 2692
f 2754 2758 2673
f 2754 2755 2758
f 2695 2689 2693
f 2695 2688 2689
f 2695 2693 2694
f 2752 2753 2754
f 2751 2752 2754
f 2698 2681 2688
f 2698 2695 2696
f 2698 2696 2697
f 2698 2688 2695
f 2699 2681 2698
f 2748 2749 2750
f 2748 2750 2751
f 2748 2751 2754
f 2745 2746 2747
f 2745 2747 2748
f 2703 2699 2700
f 2703 2700 2701
f 2703 2701 2702
f 2744 2673 2681
f 2744 2754 2673
f 2744 2748 2754
f 2744 2745 2748
f 2704 2681 2699
f 2704 2699 2703
f 2742 2743 2744
f 2707 2705 2706
f 2740 2741 2742
f 2708 2705 2707
f 2708 2704 2705
f 2739 2742 2744
f 2739 2740 2742
f 2737 2739 2744
f 2737 2738 2739
f 2737 2744 2681
f 2711 2708 2709
f 2711 2709 2710
f 2712 2704 2708
f 2712 2708 2711
f 2713 2704 2712
f 2734 2735 2736
f 2734 2736 2737
f 2733 2734 2737
f 2715 2704 2713
f 2715 2713 2714
f 2731 2737 2681
f 2731 2733 2737
f 2731 2732 2733
f 2717 2715 2716
f 2730 2731 2681
f 2718 2715 2717
f 2719 2715 2718
f 2728 2729 2730
f 2720 2704 2715
f 2720 2715 2719
f 2721 2704 2720
f 2725 2681 2704
f 2725 2730 2681
f 2725 2728 2730
f 2725 2726 2727
f 2725 2727 2728
f 2724 2704 2721
f 2724 2725 2704
f 2724 2721 2722
f 2724 2722 2723
f 2771 2772 2508
f 2771 2508 2482
f 2773 2482 2479
f 2773 2479 2475
f 2773 2771 2482
f 2774 2773 2475
f 2775 2475 2471
f 2775 2774 2475
f 2776 2471 2469
f 2776 2469 2466
f 2776 2775 2471
f 2777 2776 2466
f 2778 2466 2464
f 2778 2777 2466
f 2779 2464 2461
f 2779 2778 2464
f 2780 2461 2459
f 2780 2779 2461
f 1363 2459 2457
f 1363 2457 2455
f 1363 2780 2459
f 1365 2780 1363
f 2781 2780 1365
f 1858 2455 2452
f 1858 1363 2455
f 2782 1365 1615
f 2782 2781 1365
f 1860 2452 2450
f 1860 1858 2452
f 2783 1615 1617
f 2783 2782 1615
f 1862 2450 2448
f 1862 1860 2450
f 2784 1617 1619
f 2784 2783 1617
f 1864 2448 2445
f 1864 1862 2448
f 2785 1619 1621
f 2785 2784 1619
f 1623 1864 2445
f 1623 2445 2446
f 2786 2785 1621
f 2786 1621 1371
f 1625 1623 2446
f 1625 2446 2447
f 2787 2786 1371
f 2787 1371 1374
f 1627 1625 2447
f 1627 2447 2449
f 2788 2787 1374
f 2788 1374 1376
f 1629 1627 2449
f 1629 2449 2451
f 2789 2788 1376
f 2789 1376 1378
f 1631 1629 2451
f 1631 2451 2453
f 2790 2789 1378
f 2790 1378 1380
f 1633 1631 2453
f 1633 2453 2456
f 2791 2790 1380
f 2791 1380 1382
f 1635 1633 2456
f 1635 2456 2458
f 2792 2791 1382
f 2792 1382 1384
f 1637 1635 2458
f 1637 2458 2460
f 2793 2792 1384
f 2793 1384 1386
f 1639 2460 2463
f 1639 1637 2460
f 2794 1386 1388
f 2794 2793 1386
f 1641 2463 2465
f 1641 1639 2463
f 2795 1388 1390
f 2795 2794 1388
f 1643 2465 2468
f 1643 1641 2465
f 2796 1390 1392
f 2796 2795 1390
f 1645 2468 2470
f 1645 1643 2468
f 2797 1392 1394
f 2797 2796 1392
f 1647 2470 2473
f 1647 1645 2470
f 2798 1394 1396
f 2798 2797 1394
f 1649 1647 2473
f 1649 2473 2476
f 2799 1396 1398
f 2799 2798 1396
f 1651 1649 2476
f 1651 2476 2480
f 2800 2799 1398
f 2800 1398 1400
f 1653 1651 2480
f 1653 2480 2484
f 2801 2800 1400
f 2801 1400 1402
f 1655 1653 2484
f 1655 2484 2486
f 2802 2801 1402
f 2802 1402 1404
f 1657 1655 2486
f 1657 2486 2489
f 2803 2802 1404
f 2803 1404 1406
f 1659 1657 2489
f 1659 2489 2492
f 2804 2803 1406
f 2804 1406 1408
f 1661 1659 2492
f 1661 2492 2495
f 2805 2804 1408
f 2805 1408 1410
f 1663 1661 2495
f 1663 2495 2498
f 2806 2805 1410
f 2806 1410 1412
f 1665 1663 2498
f 1665 2498 2500
f 2807 2806 1412
f 2807 1412 1414
f 1667 2500 2502
f 1667 1665 2500
f 2808 1414 1416
f 2808 2807 1414
f 1669 2502 2504
f 1669 1667 2502
f 2809 1416 1418
f 2809 2808 1416
f 1671 2504 2506
f 1671 1669 2504
f 2810 1418 1420
f 2810 2809 1418
f 1673 2506 2518
f 1673 1671 2506
f 2811 2810 1420
f 2811 1420 1422
f 1675 1673 2518
f 1675 2518 2521
f 2812 2811 1422
f 2812 1422 1424
f 1677 1675 2521
f 1677 2521 2524
f 2813 2812 1424
f 2813 1424 1426
f 1679 1677 2524
f 1679 2524 2527
f 2814 2813 1426
f 2814 1426 1428
f 1681 1679 2527
f 1681 2527 2530
f 2815 2814 1428
f 2815 1428 1430
f 1683 1681 2530
f 1683 2530 2533
f 2816 2815 1430
f 2816 1430 1432
f 1685 1683 2533
f 1685 2533 2535
f 2817 2816 1432
f 2817 1432 1434
f 1687 1685 2535
f 1687 2535 2539
f 2818 2817 1434
f 2818 1434 1436
f 1689 1687 2539
f 1689 2539 2541
f 2819 2818 1436
f 2819 1436 1438
f 1691 1689 2541
f 1691 2541 2543
f 2820 2819 1438
f 2820 1438 1440
f 1693 2543 2545
f 1693 1691 2543
f 2821 2820 1440
f 2821 1440 1442
f 1695 1693 2545
f 1695 2545 2547
f 2822 1442 1444
f 2822 2821 1442
f 1697 2547 2579
f 1697 1695 2547
f 2823 2822 1444
f 2823 1444 1446
f 1722 1697 2579
f 1722 2579 2581
f 2824 2823 1446
f 2824 1446 1471
f 1726 2581 2582
f 1726 1722 2581
f 2825 2824 1471
f 2825 1471 1475
f 1729 1726 2582
f 1729 2582 2585
f 2826 2825 1475
f 2826 1475 1479
f 1734 1729 2585
f 1734 2585 2587
f 2827 2826 1479
f 2827 1479 1483
f 1738 1734 2587
f 1738 2587 2589
f 2828 2827 1483
f 2828 1483 1487
f 1741 1738 2589
f 1741 2589 2591
f 2829 1487 1491
f 2829 2828 1487
f 1745 1741 2591
f 1745 2591 2593
f 2830 1491 1495
f 2830 2829 1491
f 1749 1745 2593
f 1749 2593 2595
f 2831 1495 1499
f 2831 2830 1495
f 1754 1749 2595
f 1754 2595 2597
f 2832 1499 1503
f 2832 2831 1499
f 1757 1754 2597
f 1757 2597 2599
f 2833 1503 1507
f 2833 2832 1503
f 1762 1757 2599
f 1762 2599 2601
f 2834 1507 1511
f 2834 2833 1507
f 1765 1762 2601
f 1765 2601 2603
f 2835 1511 1515
f 2835 2834 1511
f 1769 2603 2605
f 1769 1765 2603
f 2836 1515 1519
f 2836 2835 1515
f 1773 1769 2605
f 1773 2605 2607
f 2837 1519 1523
f 2837 2836 1519
f 1777 1773 2607
f 1777 2607 2608
f 2838 1523 1527
f 2838 2837 1523
f 1781 1777 2608
f 1781 2608 2609
f 2839 1527 1531
f 2839 2838 1527
f 1785 1781 2609
f 1785 2609 2610
f 2840 1531 1535
f 2840 2839 1531
f 1789 1785 2610
f 1789 2610 2611
f 2841 1535 1539
f 2841 2840 1535
f 1793 1789 2611
f 1793 2611 2612
f 2842 1539 1543
f 2842 2841 1539
f 1797 1793 2612
f 1797 2612 2613
f 2843 1543 1547
f 2843 2842 1543
f 1801 1797 2613
f 1801 2613 2629
f 2844 1547 1551
f 2844 2843 1547
f 1805 2629 2630
f 1805 1801 2629
f 2845 1551 1555
f 2845 2844 1551
f 1809 2630 2631
f 1809 1805 2630
f 2846 1555 1559
f 2846 2845 1555
f 1813 2631 2632
f 1813 1809 2631
f 2847 1559 1563
f 2847 2846 1559
f 1817 2632 2633
f 1817 1813 2632
f 2848 1563 1567
f 2848 2847 1563
f 1821 2633 2634
f 1821 1817 2633
f 2849 1567 1571
f 2849 2848 1567
f 1825 1821 2634
f 1825 2634 2635
f 2850 2849 1571
f 2850 1571 1575
f 1828 2635 2636
f 1828 1825 2635
f 2851 1575 1578
f 2851 2850 1575
f 1831 2636 2637
f 1831 1828 2636
f 2852 1578 1580
f 2852 2851 1578
f 1833 2637 2638
f 1833 1831 2637
f 2853 1580 1582
f 2853 2852 1580
f 1835 2638 2639
f 1835 1833 2638
f 2854 1582 1584
f 2854 2853 1582
f 1837 2639 2640
f 1837 1835 2639
f 2855 1584 1586
f 2855 2854 1584
f 1839 2640 2641
f 1839 1837 2640
f 2856 1586 1588
f 2856 2855 1586
f 1856 2641 2642
f 1856 1839 2641
f 2857 1588 1613
f 2857 2856 1588
f 1854 2642 2644
f 1854 1856 2642
f 2858 1613 1611
f 2858 2857 1613
f 1852 2644 2643
f 1852 1854 2644
f 2859 1611 1609
f 2859 2858 1611
f 1850 2643 2568
f 1850 1852 2643
f 2860 1609 1607
f 2860 2859 1609
f 1848 2568 2567
f 1848 1850 2568
f 2861 1607 1605
f 2861 2860 1607
f 1846 2567 2566
f 1846 1848 2567
f 2862 2861 1605
f 2862 1605 1603
f 1844 1846 2566
f 1844 2566 2565
f 2863 2862 1603
f 2863 1603 1601
f 1842 1844 2565
f 1842 2565 2564
f 2864 2863 1601
f 2864 1601 1599
f 1362 2564 2563
f 1362 1842 2564
f 2562 1362 2563
f 2865 2864 1599
f 2865 1599 1360
f 2866 2865 1360
f 2867 1360 1362
f 2867 1362 2562
f 2867 2866 1360
f 2868 2562 2561
f 2868 2867 2562
f 2869 2561 2560
f 2869 2560 2559
f 2869 2868 2561
f 2870 2559 2558
f 2870 2869 2559
f 2871 2558 2557
f 2871 2870 2558
f 2872 2871 2557
f 2873 2557 2556
f 2873 2872 2557
f 2874 2556 2555
f 2874 2555 2550
f 2874 2873 2556
f 2875 2874 2550
f 2876 2550 2549
f 2876 2549 2551
f 2876 2875 2550
f 2877 2876 2551
f 2878 2551 2552
f 2878 2877 2551
f 2879 2552 2553
f 2879 2553 2554
f 2879 2878 2552
f 2880 2879 2554
f 2881 2554 2538
f 2881 2538 2534
f 2881 2880 2554
f 2882 2881 2534
f 2883 2882 2534
f 2883 2534 2532
f 2883 2532 2529
f 2884 2883 2529
f 2885 2884 2529
f 2885 2529 2526
f 2886 2885 2526
f 2886 2526 2523
f 2886 2523 2520
f 2887 2886 2520
f 2888 2887 2520
f 2888 2520 2517
f 2888 2517 2510
f 2889 2888 2510
f 2890 2889 2510
f 2890 2510 2509
f 2891 2890 2509
f 2891 2509 2511
f 2892 2891 2511
f 2892 2511 2512
f 2893 2512 2513
f 2893 2892 2512
f 2894 2513 2514
f 2894 2893 2513
f 2895 2514 2515
f 2895 2894 2514
f 2896 2515 2516
f 2896 2895 2515
f 2772 2516 2508
f 2772 2896 2516
f 2790 2787 2788
f 2790 2788 2789
f 2782 2783 2784
f 2782 2784 2785
f 2782 2785 2786
f 2782 2786 2787
f 2792 2790 2791
f 2792 2787 2790
f 2792 2782 2787
f 2794 2792 2793
f 2794 2782 2792
f 2779 2780 2781
f 2779 2781 2782
f 2795 2779 2782
f 2795 2782 2794
f 2797 2795 2796
f 2776 2777 2778
f 2776 2778 2779
f 2798 2795 2797
f 2799 2795 2798
f 2800 2795 2799
f 2771 2773 2774
f 2771 2774 2775
f 2802 2800 2801
f 2803 2800 2802
f 2896 2772 2771
f 2896 2771 2775
f 2804 2795 2800
f 2804 2800 2803
f 2895 2775 2776
f 2895 2896 2775
f 2805 2795 2804
f 2893 2894 2895
f 2893 2776 2779
f 2893 2895 2776
f 2810 2795 2805
f 2810 2893 2779
f 2810 2805 2806
f 2810 2806 2807
f 2810 2807 2808
f 2810 2808 2809
f 2810 2779 2795
f 2889 2890 2891
f 2889 2893 2810
f 2889 2891 2892
f 2889 2892 2893
f 2811 2889 2810
f 2885 2886 2887
f 2815 2811 2812
f 2815 2812 2813
f 2815 2813 2814
f 2816 2811 2815
f 2817 2888 2889
f 2817 2889 2811
f 2817 2811 2816
f 2882 2883 2884
f 2882 2884 2885
f 2818 2887 2888
f 2818 2888 2817
f 2819 2885 2887
f 2819 2887 2818
f 2880 2881 2882
f 2880 2882 2885
f 2821 2819 2820
f 2877 2878 2879
f 2823 2821 2822
f 2824 2819 2821
f 2824 2821 2823
f 2875 2876 2877
f 2875 2877 2879
f 2825 2819 2824
f 2827 2879 2880
f 2827 2885 2819
f 2827 2825 2826
f 2827 2880 2885
f 2827 2819 2825
f 2827 2875 2879
f 2872 2873 2874
f 2829 2827 2828
f 2870 2871 2872
f 2870 2874 2875
f 2870 2872 2874
f 2830 2827 2829
f 2831 2827 2830
f 2867 2868 2869
f 2833 2831 2832
f 2834 2831 2833
f 2837 2835 2836
f 2861 2862 2863
f 2861 2863 2864
f 2861 2864 2865
f 2839 2835 2837
f 2839 2834 2835
f 2839 2837 2838
f 2840 2867 2869
f 2840 2831 2834
f 2840 2834 2839
f 2840 2875 2827
f 2840 2870 2875
f 2840 2827 2831
f 2840 2869 2870
f 2859 2861 2865
f 2859 2860 2861
f 2859 2865 2866
f 2859 2866 2867
f 2858 2859 2867
f 2842 2840 2841
f 2856 2858 2867
f 2856 2857 2858
f 2844 2840 2842
f 2844 2842 2843
f 2854 2867 2840
f 2854 2840 2844
f 2854 2856 2867
f 2854 2855 2856
f 2846 2844 2845
f 2847 2844 2846
f 2848 2844 2847
f 2850 2854 2844
f 2850 2844 2848
f 2850 2848 2849
f 2850 2851 2852
f 2850 2852 2853
f 2850 2853 2854
f 2390 2388 2392
f 2392 2388 2361
f 2333 2338 2336
f 2331 2340 2333
f 2333 2340 2338
f 2386 2383 2388
f 2330 2342 2331
f 2331 2342 2340
f 2388 2382 2361
f 2383 2382 2388
f 2382 2380 2361
f 2342 2348 2343
f 2343 2348 2346
f 2348 2352 2349
f 2374 2372 2376
f 2348 2354 2352
f 2369 2368 2372
f 2376 2368 2378
f 2378 2368 2380
f 2372 2368 2376
f 2354 2357 2356
f 2330 2357 2342
f 2342 2357 2348
f 2348 2357 2354
f 2368 2366 2380
f 2330 2360 2357
f 2330 2327 2360
f 2364 2127 2366
f 2380 2127 2361
f 2366 2127 2380
f 2330 2296 2327
f 2296 2300 2297
f 2296 2302 2300
f 2296 2308 2302
f 2302 2308 2304
f 2304 2308 2305
f 2296 2312 2308
f 2308 2312 2310
f 2296 2316 2312
f 2312 2316 2314
f 2296 2319 2316
f 2316 2319 2317
f 2296 2325 2319
f 2319 2325 2322
f 2322 2325 2324
f 2330 2293 2296
f 2361 2293 2330
f 2296 2293 2325
f 2191 2190 2126
f 2190 2188 2126
f 2188 2186 2126
f 2186 2184 2126
f 2184 2182 2126
f 2182 2179 2126
f 2179 2178 2126
f 2178 2176 2126
f 2176 2174 2126
f 2174 2172 2126
f 2172 2170 2126
f 2168 2165 2170
f 2170 2165 2126
f 2165 2164 2126
f 2164 2161 2126
f 2161 2160 2126
f 2160 2157 2126
f 2157 2154 2126
f 2156 2154 2157
f 2154 2148 2126
f 2149 2148 2152
f 2152 2148 2154
f 2148 2146 2126
f 2146 2143 2126
f 2143 2138 2126
f 2140 2138 2142
f 2142 2138 2143
f 2138 2136 2126
f 2133 2131 2136
f 2136 2131 2126
f 2127 2130 2361
f 2126 2130 2127
f 2131 2130 2126
f 2361 2262 2293
f 2130 2262 2361
f 2263 2270 2265
f 2265 2270 2268
f 2263 2272 2270
f 2262 2272 2263
f 2262 2274 2272
f 2262 2275 2274
f 2262 2280 2275
f 2275 2280 2278
f 2262 2284 2280
f 2280 2284 2281
f 2262 2292 2284
f 2284 2292 2286
f 2286 2292 2288
f 2288 2292 2289
f 2262 2259 2292
f 2130 2193 2262
f 2262 2193 2259
f 2193 2196 2259
f 2257 2256 2193
f 2196 2199 2197
f 2256 2254 2193
f 2196 2202 2199
f 2254 2252 2193
f 2196 2204 2202
f 2252 2250 2193
f 2193 2206 2196
f 2196 2206 2204
f 2250 2248 2193
f 2248 2245 2193
f 2206 2209 2208
f 2245 2244 2193
f 2193 2212 2206
f 2206 2212 2209
f 2244 2242 2193
f 2242 2240 2193
f 2212 2215 2214
f 2193 2215 2212
f 2215 2220 2218
f 2193 2220 2215
f 2238 2236 2240
f 2240 2236 2193
f 2236 2234 2193
f 2220 2223 2222
f 2193 2223 2220
f 2231 2230 2234
f 2234 2230 2193
f 2223 2227 2226
f 2193 2227 2223
f 2230 2227 2193
f 2897 2898 2899
f 2897 2900 2898
f 2901 2902 2900
f 2901 2900 2897
f 2903 2899 2904
f 2903 2897 2899
f 2905 2906 2902
f 2905 2907 2906
f 2905 2902 2901
f 2908 2903 2904
f 2908 2904 2909
f 2910 2911 2907
f 2910 2907 2905
f 2912 2913 2914
f 2912 2909 2913
f 2912 2908 2909
f 2915 2916 2911
f 2915 2917 2916
f 2915 2911 2910
f 2918 2912 2914
f 2918 2914 2919
f 2920 2917 2915
f 2920 2921 2917
f 2922 2918 2919
f 2922 2919 2923
f 2924 2925 2921
f 2924 2926 2925
f 2924 2921 2920
f 2927 2923 2928
f 2927 2922 2923
f 2929 2930 2926
f 2929 2926 2924
f 2931 2932 2933
f 2931 2928 2932
f 2931 2927 2928
f 2934 2930 2929
f 2934 2935 2930
f 2934 2936 2935
f 2937 2931 2933
f 2937 2933 2938
f 2939 2936 2934
f 2940 2938 2941
f 2940 2937 2938
f 2942 2936 2939
f 2943 2941 2944
f 2943 2940 2941
f 2945 2936 2942
f 2946 2943 2944
f 2946 2944 2947
f 2948 2936 2945
f 2949 2947 2950
f 2949 2946 2947
f 2951 2936 2948
f 2952 2950 2953
f 2952 2949 2950
f 2954 2936 2951
f 2955 2936 2954
f 2956 2957 2936
f 2956 2936 2955
f 2958 2957 2956
f 2959 2957 2958
f 2960 2957 2959
f 2961 2957 2960
f 2962 2957 2961
f 2963 2957 2962
f 2964 2957 2963
f 2965 2966 2957
f 2965 2967 2966
f 2965 2957 2964
f 2968 2969 2967
f 2968 2967 2965
f 2970 2971 2969
f 2970 2972 2971
f 2970 2969 2968
f 2973 2974 2972
f 2973 2972 2970
f 2975 2976 2974
f 2975 2977 2976
f 2975 2974 2973
f 2978 2979 2977
f 2978 2977 2975
f 2980 2981 2979
f 2980 2982 2981
f 2980 2979 2978
f 2983 2982 2980
f 2983 2984 2982
f 2985 2986 2984
f 2985 2987 2986
f 2985 2984 2983
f 2988 2989 2987
f 2988 2987 2985
f 2990 2991 2989
f 2990 2989 2988
f 2992 2993 2991
f 2992 2994 2993
f 2992 2991 2990
f 2995 2994 2992
f 2996 2997 2998
f 2996 2998 2999
f 2999 2998 3000
f 2999 3000 3001
f 2999 3001 3002
f 2999 3002 3003
f 3003 3002 3004
f 3003 3004 3005
f 3003 3005 3006
f 3006 3005 3007
f 3006 3007 3008
f 3006 3008 3009
f 3009 3008 3010
f 3009 3010 3011
f 3009 3011 3012
f 3009 3012 3013
f 3013 3012 3014
f 3013 3014 3015
f 3013 3015 3016
f 3016 3015 2994
f 3016 2994 3017
f 3017 2994 3018
f 3018 2994 3019
f 3019 2994 3020
f 3020 2994 3021
f 3021 2994 2995
f 3022 3023 3024
f 3024 3023 3025
f 3024 3025 3026
f 3026 3025 2953
f 2953 3025 3027
f 2953 3027 2952
f 3028 2956 2955
f 3029 2955 2954
f 3029 3028 2955
f 3030 2954 2951
f 3030 3029 2954
f 3031 2951 2948
f 3031 3030 2951
f 3032 2948 2945
f 3032 3031 2948
f 3033 2945 2942
f 3033 3032 2945
f 3034 2942 2939
f 3034 3033 2942
f 3035 2939 2934
f 3035 3034 2939
f 3036 2934 2929
f 3036 3035 2934
f 3037 2929 2924
f 3037 3036 2929
f 3038 2924 2920
f 3038 3037 2924
f 3039 3038 2920
f 3039 2920 2915
f 3040 3039 2915
f 3040 2915 2910
f 3041 3040 2910
f 3041 2910 2905
f 3042 3041 2905
f 3042 2905 2901
f 3043 3042 2901
f 3043 2901 2897
f 3044 3043 2897
f 3044 2897 2903
f 3045 3044 2903
f 3045 2903 2908
f 3046 3045 2908
f 3046 2908 2912
f 3047 3046 2912
f 3047 2912 2918
f 3048 3047 2918
f 3048 2918 2922
f 3049 3048 2922
f 3049 2922 2927
f 3050 3049 2927
f 3050 2927 2931
f 3051 3050 2931
f 3051 2931 2937
f 3052 2937 2940
f 3052 3051 2937
f 3053 2940 2943
f 3053 3052 2940
f 3054 2943 2946
f 3054 3053 2943
f 3055 2946 2949
f 3055 3054 2946
f 3056 2949 2952
f 3056 3055 2949
f 3057 2952 3027
f 3057 3056 2952
f 3058 3027 3025
f 3058 3057 3027
f 3023 3059 3060
f 3061 3025 3023
f 3061 3058 3025
f 3062 3061 3023
f 3063 3060 3064
f 3063 3023 3060
f 3063 3062 3023
f 3065 3064 3066
f 3065 3063 3064
f 3067 3065 3066
f 3067 3066 3068
f 3069 3067 3068
f 3069 3068 3070
f 3071 3069 3070
f 3071 3070 3072
f 3073 3071 3072
f 3073 3072 3074
f 3075 3073 3074
f 3075 3074 3076
f 3077 3075 3076
f 3077 3076 3078
f 3079 3077 3078
f 3079 3078 3080
f 3081 3079 3080
f 3081 3080 3082
f 3083 3081 3082
f 3083 3082 3084
f 3085 3083 3084
f 3085 3084 3086
f 3087 3085 3086
f 3087 3086 3088
f 3089 3087 3088
f 3089 3088 3090
f 3091 3089 3090
f 3091 3090 3092
f 3093 3091 3092
f 3093 3092 3094
f 3095 3093 3094
f 3095 3094 3096
f 3097 3095 3096
f 3097 3096 3098
f 3099 3097 3098
f 3099 3098 3100
f 3101 3099 3100
f 3101 3100 3102
f 3103 3101 3102
f 3103 3102 3104
f 3105 3103 3104
f 3105 3104 3106
f 3107 3106 3108
f 3107 3105 3106
f 3109 3108 3110
f 3109 3107 3108
f 3111 3110 3112
f 3111 3109 3110
f 3113 3112 3114
f 3113 3111 3112
f 3115 3114 3116
f 3115 3113 3114
f 3117 3116 3118
f 3117 3115 3116
f 3119 3117 3118
f 3119 3118 3120
f 3121 3119 3120
f 3121 3120 3122
f 3123 3121 3122
f 3123 3122 3124
f 3125 3123 3124
f 3125 3124 3126
f 3127 3125 3126
f 3127 3126 3128
f 3129 3127 3128
f 3129 3128 3130
f 3131 3129 3130
f 3131 3130 3132
f 3133 3131 3132
f 3133 3132 3134
f 3135 3133 3134
f 3135 3134 3136
f 3137 3135 3136
f 3137 3136 3138
f 3139 3137 3138
f 3139 3138 3140
f 3141 3139 3140
f 3141 3140 3142
f 3143 3142 3144
f 3143 3141 3142
f 3145 3144 3146
f 3145 3143 3144
f 3147 3146 3148
f 3147 3145 3146
f 3149 3148 3150
f 3149 3147 3148
f 3151 3150 3152
f 3151 3149 3150
f 3153 3152 3154
f 3153 3151 3152
f 3155 3154 3156
f 3155 3153 3154
f 3157 3156 3158
f 3157 3155 3156
f 3159 3158 3160
f 3159 3157 3158
f 3161 3160 3162
f 3161 3159 3160
f 3163 3162 3164
f 3163 3161 3162
f 3165 3164 3166
f 3165 3163 3164
f 3167 3166 3168
f 3167 3165 3166
f 3169 3167 3168
f 3169 3168 3170
f 3171 3169 3170
f 3171 3170 3172
f 3173 3171 3172
f 3173 3172 3174
f 3175 3174 3176
f 3175 3173 3174
f 3177 3175 3176
f 3177 3176 3178
f 3179 3178 3180
f 3179 3177 3178
f 3181 3180 3182
f 3181 3179 3180
f 3183 3182 3184
f 3183 3181 3182
f 2996 3184 3185
f 2996 3183 3184
f 3186 3183 2996
f 3187 2996 2999
f 3187 3186 2996
f 3188 2999 3003
f 3188 3187 2999
f 3189 3003 3006
f 3189 3188 3003
f 3190 3006 3009
f 3190 3189 3006
f 3191 3009 3013
f 3191 3190 3009
f 3192 3013 3016
f 3192 3191 3013
f 3193 3016 3017
f 3193 3192 3016
f 3194 3017 3018
f 3194 3193 3017
f 3195 3018 3019
f 3195 3194 3018
f 3196 3019 3020
f 3196 3195 3019
f 3197 3020 3021
f 3197 3196 3020
f 3198 3021 2995
f 3198 3197 3021
f 3199 2995 2992
f 3199 3198 2995
f 3200 2992 2990
f 3200 3199 2992
f 3201 2990 2988
f 3201 3200 2990
f 3202 2988 2985
f 3202 3201 2988
f 3203 3202 2985
f 3203 2985 2983
f 3204 3203 2983
f 3204 2983 2980
f 3205 3204 2980
f 3205 2980 2978
f 3206 3205 2978
f 3206 2978 2975
f 3207 3206 2975
f 3207 2975 2973
f 3208 3207 2973
f 3208 2973 2970
f 3209 3208 2970
f 3209 2970 2968
f 3210 3209 2968
f 3210 2968 2965
f 3211 3210 2965
f 3211 2965 2964
f 3212 3211 2964
f 3212 2964 2963
f 3213 3212 2963
f 3213 2963 2962
f 3214 3213 2962
f 3214 2962 2961
f 3215 2961 2960
f 3215 3214 2961
f 3216 2960 2959
f 3216 3215 2960
f 3217 2959 2958
f 3217 3216 2959
f 3028 2958 2956
f 3028 3217 2958
f 3041 3042 3043
f 3041 3043 3044
f 3048 3044 3045
f 3048 3045 3046
f 3048 3046 3047
f 3039 3040 3041
f 3050 3048 3049
f 3036 3037 3038
f 3036 3038 3039
f 3036 3041 3044
f 3036 3044 3048
f 3036 3039 3041
f 3052 3050 3051
f 3052 3048 3050
f 3034 3035 3036
f 3055 3052 3053
f 3055 3053 3054
f 3055 3048 3052
f 3032 3033 3034
f 3031 3032 3034
f 3057 3055 3056
f 3057 3036 3048
f 3057 3048 3055
f 3061 3057 3058
f 3028 3029 3030
f 3028 3030 3031
f 3062 3057 3061
f 3216 3217 3028
f 3065 3062 3063
f 3065 3057 3062
f 3215 3216 3028
f 3215 3028 3031
f 3213 3215 3031
f 3213 3214 3215
f 3213 3034 3036
f 3213 3031 3034
f 3073 3065 3067
f 3073 3067 3069
f 3073 3069 3071
f 3075 3057 3065
f 3075 3036 3057
f 3075 3065 3073
f 3210 3211 3212
f 3209 3210 3212
f 3207 3208 3209
f 3083 3079 3081
f 3206 3212 3213
f 3206 3209 3212
f 3206 3207 3209
f 3085 3079 3083
f 3085 3077 3079
f 3087 3077 3085
f 3089 3075 3077
f 3089 3077 3087
f 3203 3204 3205
f 3203 3205 3206
f 3201 3203 3206
f 3201 3202 3203
f 3201 3206 3213
f 3095 3089 3091
f 3095 3091 3093
f 3097 3036 3075
f 3097 3075 3089
f 3097 3089 3095
f 3101 3097 3099
f 3101 3036 3097
f 3105 3101 3103
f 3195 3196 3197
f 3195 3197 3198
f 3107 3036 3101
f 3107 3101 3105
f 3193 3194 3195
f 3193 3195 3198
f 3111 3107 3109
f 3113 3107 3111
f 3190 3191 3192
f 3117 3113 3115
f 3117 3107 3113
f 3189 3192 3193
f 3189 3190 3192
f 3189 3198 3199
f 3189 3193 3198
f 3121 3117 3119
f 3123 3117 3121
f 3186 3189 3199
f 3186 3199 3200
f 3186 3200 3201
f 3186 3187 3188
f 3186 3188 3189
f 3127 3117 3123
f 3127 3123 3125
f 3129 3117 3127
f 3179 3181 3183
f 3177 3179 3183
f 3177 3183 3186
f 3133 3129 3131
f 3135 3129 3133
f 3173 3175 3177
f 3139 3107 3117
f 3139 3117 3129
f 3139 3129 3135
f 3139 3135 3137
f 3169 3173 3177
f 3169 3171 3173
f 3143 3107 3139
f 3143 3139 3141
f 3165 3167 3169
f 3163 3177 3186
f 3163 3169 3177
f 3163 3165 3169
f 3149 3213 3036
f 3149 3107 3143
f 3149 3201 3213
f 3149 3143 3145
f 3149 3145 3147
f 3149 3036 3107
f 3159 3161 3163
f 3157 3163 3186
f 3157 3159 3163
f 3153 3149 3151
f 3155 3186 3201
f 3155 3201 3149
f 3155 3157 3186
f 3155 3149 3153
f 3218 3022 3024
f 3218 3219 3022
f 3220 3024 3026
f 3220 3218 3024
f 3221 3026 2953
f 3221 3220 3026
f 3222 2953 2950
f 3222 3221 2953
f 3223 2950 2947
f 3223 2947 2944
f 3223 3222 2950
f 3224 2944 2941
f 3224 3223 2944
f 3225 3224 2941
f 3226 3225 2941
f 3226 2941 2938
f 3226 2938 2933
f 3227 3226 2933
f 3228 2933 2932
f 3228 3227 2933
f 3229 2932 2928
f 3229 3228 2932
f 3230 2928 2923
f 3230 3229 2928
f 3231 2923 2919
f 3231 3230 2923
f 3232 2919 2914
f 3232 3231 2919
f 3233 2914 2913
f 3233 3232 2914
f 3234 2913 2909
f 3234 2909 2904
f 3234 3233 2913
f 3235 3234 2904
f 3236 2904 2899
f 3236 3235 2904
f 3237 2899 2898
f 3237 2898 2900
f 3237 3236 2899
f 3238 3237 2900
f 3239 2900 2902
f 3239 2902 2906
f 3239 3238 2900
f 3240 3239 2906
f 3241 2906 2907
f 3241 3240 2906
f 3242 2907 2911
f 3242 3241 2907
f 3243 2911 2916
f 3243 3242 2911
f 3244 2916 2917
f 3244 3243 2916
f 3245 2917 2921
f 3245 2921 2925
f 3245 3244 2917
f 3246 2925 2926
f 3246 3245 2925
f 3247 3246 2926
f 3248 2926 2930
f 3248 2930 2935
f 3248 3247 2926
f 3249 3248 2935
f 3250 2935 2936
f 3250 3249 2935
f 3251 2936 2957
f 3251 3250 2936
f 3252 2957 2966
f 3252 3251 2957
f 3253 2966 2967
f 3253 3252 2966
f 3254 2967 2969
f 3254 3253 2967
f 3255 2969 2971
f 3255 3254 2969
f 3256 2971 2972
f 3256 2972 2974
f 3256 3255 2971
f 3257 2974 2976
f 3257 3256 2974
f 3258 3257 2976
f 3259 3258 2976
f 3259 2976 2977
f 3259 2977 2979
f 3260 3259 2979
f 3261 2979 2981
f 3261 3260 2979
f 3262 2981 2982
f 3262 3261 2981
f 3263 2982 2984
f 3263 3262 2982
f 3264 2984 2986
f 3264 3263 2984
f 3265 2986 2987
f 3265 3264 2986
f 3266 2987 2989
f 3266 3265 2987
f 3267 2989 2991
f 3267 2991 2993
f 3267 3266 2989
f 3268 3267 2993
f 3269 2993 2994
f 3269 3268 2993
f 3270 2994 3015
f 3270 3015 3014
f 3270 3269 2994
f 3271 3270 3014
f 3272 3014 3012
f 3272 3012 3011
f 3272 3271 3014
f 3273 3272 3011
f 3274 3011 3010
f 3274 3273 3011
f 3275 3010 3008
f 3275 3274 3010
f 3276 3008 3007
f 3276 3275 3008
f 3277 3007 3005
f 3277 3276 3007
f 3278 3005 3004
f 3278 3004 3002
f 3278 3277 3005
f 3279 3002 3001
f 3279 3278 3002
f 3280 3279 3001
f 3281 3001 3000
f 3281 3000 2998
f 3281 3280 3001
f 3282 3281 2998
f 3283 2998 2997
f 3283 3282 2998
f 3022 3284 3059
f 3023 3022 3059
f 3219 3285 3022
f 3285 3284 3022
f 3286 3287 3288
f 3286 3289 3287
f 3290 3288 3291
f 3290 3286 3288
f 3292 3291 3293
f 3292 3290 3291
f 3294 3293 3295
f 3294 3292 3293
f 3296 3295 3297
f 3296 3297 3298
f 3296 3294 3295
f 3299 3298 3300
f 3299 3296 3298
f 3301 3299 3300
f 3302 3301 3300
f 3302 3300 3303
f 3302 3303 3304
f 3305 3302 3304
f 3306 3304 3307
f 3306 3305 3304
f 3308 3307 3309
f 3308 3306 3307
f 3310 3309 3311
f 3310 3308 3309
f 3312 3311 3313
f 3312 3310 3311
f 3314 3313 3315
f 3314 3312 3313
f 3316 3315 3317
f 3316 3314 3315
f 3318 3317 3319
f 3318 3319 3320
f 3318 3316 3317
f 3321 3318 3320
f 3322 3320 3323
f 3322 3321 3320
f 3324 3323 3325
f 3324 3325 3326
f 3324 3322 3323
f 3327 3324 3326
f 3328 3326 3329
f 3328 3329 3330
f 3328 3327 3326
f 3331 3328 3330
f 3332 3330 3333
f 3332 3331 3330
f 3334 3333 3335
f 3334 3332 3333
f 3336 3335 3337
f 3336 3334 3335
f 3338 3337 3339
f 3338 3336 3337
f 3340 3339 3341
f 3340 3341 3342
f 3340 3338 3339
f 3343 3342 3344
f 3343 3340 3342
f 3345 3343 3344
f 3346 3344 3347
f 3346 3347 3348
f 3346 3345 3344
f 3349 3346 3348
f 3285 3348 3284
f 3285 3349 3348
f 3289 3350 3287
f 3289 3351 3350
f 3352 3353 3354
f 3352 3355 3353
f 3356 3354 3357
f 3356 3352 3354
f 3358 3357 3359
f 3358 3356 3357
f 3360 3359 3361
f 3360 3358 3359
f 3362 3361 3363
f 3362 3363 3364
f 3362 3360 3361
f 3365 3364 3366
f 3365 3362 3364
f 3367 3365 3366
f 3368 3367 3366
f 3368 3366 3369
f 3368 3369 3370
f 3371 3368 3370
f 3372 3370 3373
f 3372 3371 3370
f 3374 3373 3375
f 3374 3372 3373
f 3376 3375 3377
f 3376 3374 3375
f 3378 3377 3379
f 3378 3376 3377
f 3380 3379 3381
f 3380 3378 3379
f 3382 3381 3383
f 3382 3380 3381
f 3384 3383 3385
f 3384 3385 3386
f 3384 3382 3383
f 3387 3384 3386
f 3388 3386 3389
f 3388 3387 3386
f 3390 3389 3391
f 3390 3391 3392
f 3390 3388 3389
f 3393 3390 3392
f 3394 3392 3395
f 3394 3395 3396
f 3394 3393 3392
f 3397 3394 3396
f 3398 3396 3399
f 3398 3397 3396
f 3400 3399 3401
f 3400 3398 3399
f 3402 3401 3403
f 3402 3400 3401
f 3404 3403 3405
f 3404 3402 3403
f 3406 3405 3407
f 3406 3407 3408
f 3406 3404 3405
f 3409 3408 3410
f 3409 3406 3408
f 3411 3409 3410
f 3412 3410 3413
f 3412 3413 3414
f 3412 3411 3410
f 3415 3412 3414
f 3351 3414 3350
f 3351 3415 3414
f 2997 3185 3353
f 2997 2996 3185
f 3355 3283 2997
f 3353 3355 2997
f 3322 3316 3318
f 3322 3318 3321
f 3310 3312 3314
f 3327 3322 3324
f 3305 3306 3308
f 3299 3301 3302
f 3290 3292 3294
f 3290 3294 3296
f 3285 3316 3322
f 3285 3310 3314
f 3285 3322 3327
f 3285 3305 3308
f 3285 3289 3286
f 3285 3286 3290
f 3285 3296 3299
f 3285 3299 3302
f 3285 3302 3305
f 3285 3308 3310
f 3285 3314 3316
f 3285 3327 3328
f 3285 3328 3331
f 3285 3331 3332
f 3285 3290 3296
f 3285 3332 3334
f 3285 3334 3336
f 3285 3336 3338
f 3285 3338 3340
f 3285 3340 3343
f 3285 3343 3345
f 3285 3345 3346
f 3285 3346 3349
f 3351 3289 3285
f 3220 3219 3218
f 3221 3219 3220
f 3411 3412 3415
f 3222 3219 3221
f 3409 3411 3415
f 3223 3219 3222
f 3406 3409 3415
f 3404 3406 3415
f 3225 3223 3224
f 3402 3404 3415
f 3226 3219 3223
f 3226 3223 3225
f 3227 3219 3226
f 3398 3402 3415
f 3398 3400 3402
f 3229 3227 3228
f 3394 3398 3415
f 3394 3397 3398
f 3231 3229 3230
f 3231 3227 3229
f 3233 3231 3232
f 3233 3219 3227
f 3233 3227 3231
f 3387 3388 3390
f 3387 3390 3393
f 3387 3393 3394
f 3235 3233 3234
f 3235 3219 3233
f 3380 3382 3384
f 3380 3384 3387
f 3237 3235 3236
f 3237 3219 3235
f 3376 3378 3380
f 3376 3380 3387
f 3374 3376 3387
f 3239 3237 3238
f 3239 3219 3237
f 3372 3374 3387
f 3371 3372 3387
f 3241 3239 3240
f 3368 3394 3415
f 3368 3387 3394
f 3368 3371 3387
f 3243 3241 3242
f 3243 3219 3239
f 3243 3239 3241
f 3362 3365 3367
f 3362 3367 3368
f 3246 3243 3244
f 3246 3244 3245
f 3358 3362 3368
f 3358 3360 3362
f 3247 3243 3246
f 3248 3243 3247
f 3355 3351 3285
f 3355 3358 3368
f 3355 3352 3356
f 3355 3356 3358
f 3355 3368 3415
f 3355 3415 3351
f 3250 3219 3243
f 3250 3243 3248
f 3250 3248 3249
f 3250 3285 3219
f 3283 3355 3285
f 3283 3285 3250
f 3251 3283 3250
f 3252 3282 3283
f 3252 3283 3251
f 3280 3281 3282
f 3280 3282 3252
f 3254 3252 3253
f 3256 3254 3255
f 3256 3252 3254
f 3277 3278 3279
f 3277 3279 3280
f 3257 3252 3256
f 3258 3252 3257
f 3260 3258 3259
f 3260 3280 3252
f 3260 3277 3280
f 3260 3252 3258
f 3274 3275 3276
f 3274 3276 3277
f 3261 3277 3260
f 3273 3274 3277
f 3270 3271 3272
f 3264 3262 3263
f 3269 3272 3273
f 3269 3273 3277
f 3269 3270 3272
f 3265 3261 3262
f 3265 3262 3264
f 3268 3269 3277
f 3266 3261 3265
f 3267 3277 3261
f 3267 3261 3266
f 3267 3268 3277
f 3319 3323 3320
f 3317 3326 3319
f 3323 3326 3325
f 3319 3326 3323
f 3307 3304 3309
f 3298 3297 3300
f 3300 3297 3303
f 3293 3291 3295
f 3295 3287 3297
f 3291 3287 3295
f 3288 3287 3291
f 3303 3284 3304
f 3309 3284 3311
f 3311 3284 3313
f 3313 3284 3315
f 3315 3284 3317
f 3326 3284 3329
f 3329 3284 3330
f 3330 3284 3333
f 3333 3284 3335
f 3335 3284 3337
f 3337 3284 3339
f 3339 3284 3341
f 3341 3284 3342
f 3342 3284 3344
f 3344 3284 3347
f 3347 3284 3348
f 3304 3284 3309
f 3317 3284 3326
f 3297 3284 3303
f 3287 3284 3297
f 3287 3350 3284
f 3410 3408 3413
f 3408 3407 3413
f 3407 3405 3413
f 3405 3399 3413
f 3401 3399 3403
f 3403 3399 3405
f 3392 3391 3395
f 3395 3391 3396
f 3396 3391 3399
f 3399 3385 3413
f 3391 3385 3399
f 3386 3385 3389
f 3389 3385 3391
f 3385 3383 3413
f 3413 3383 3414
f 3383 3379 3414
f 3381 3379 3383
f 3379 3373 3414
f 3375 3373 3377
f 3377 3373 3379
f 3370 3369 3373
f 3366 3364 3369
f 3364 3363 3369
f 3359 3357 3361
f 3361 3357 3363
f 3357 3354 3363
f 3350 3353 3284
f 3373 3353 3414
f 3369 3353 3373
f 3363 3353 3369
f 3354 3353 3363
f 3414 3353 3350
f 3059 3064 3060
f 3059 3066 3064
f 3066 3072 3068
f 3068 3072 3070
f 3059 3072 3066
f 3059 3074 3072
f 3074 3078 3076
f 3078 3082 3080
f 3059 3082 3074
f 3074 3082 3078
f 3082 3086 3084
f 3059 3086 3082
f 3059 3088 3086
f 3059 3090 3088
f 3090 3096 3092
f 3092 3096 3094
f 3096 3100 3098
f 3059 3100 3090
f 3090 3100 3096
f 3100 3104 3102
f 3104 3108 3106
f 3100 3110 3104
f 3104 3110 3108
f 3100 3112 3110
f 3059 3114 3100
f 3100 3114 3112
f 3114 3118 3116
f 3114 3120 3118
f 3284 3185 3059
f 3353 3185 3284
f 3059 3124 3114
f 3114 3124 3120
f 3120 3124 3122
f 3059 3130 3124
f 3124 3130 3126
f 3126 3130 3128
f 3180 3178 3182
f 3182 3178 3184
f 3185 3176 3059
f 3178 3176 3184
f 3184 3176 3185
f 3130 3134 3132
f 3176 3174 3059
f 3130 3136 3134
f 3130 3138 3136
f 3172 3170 3174
f 3138 3142 3140
f 3130 3142 3138
f 3166 3164 3168
f 3170 3162 3174
f 3168 3162 3170
f 3164 3162 3168
f 3142 3148 3144
f 3144 3148 3146
f 3130 3148 3142
f 3162 3160 3174
f 3130 3150 3148
f 3160 3158 3174
f 3130 3152 3150
f 3059 3156 3130
f 3174 3156 3059
f 3158 3156 3174
f 3130 3154 3152
f 3156 3154 3130
f 3416 3417 3418
f 3419 3420 3417
f 3419 3417 3416
f 3421 3418 3422
f 3421 3416 3418
f 3423 3420 3419
f 3423 3424 3420
f 3425 3421 3422
f 3425 3422 3426
f 3427 3428 3424
f 3427 3424 3423
f 3429 3425 3426
f 3429 3426 3430
f 3431 3432 3428
f 3431 3428 3427
f 3433 3429 3430
f 3433 3430 3434
f 3435 3436 3432
f 3435 3432 3431
f 3437 3433 3434
f 3437 3434 3438
f 3439 3436 3435
f 3439 3440 3436
f 3441 3437 3438
f 3442 3443 3440
f 3442 3440 3439
f 3444 3445 3446
f 3444 3438 3445
f 3444 3441 3438
f 3447 3443 3442
f 3447 3448 3443
f 3449 3446 3450
f 3449 3444 3446
f 3451 3448 3447
f 3451 3452 3448
f 3453 3450 3454
f 3453 3449 3450
f 3455 3452 3451
f 3455 3456 3452
f 3457 3453 3454
f 3457 3454 3458
f 3459 3457 3458
f 3460 3456 3455
f 3460 3461 3456
f 3462 3461 3460
f 3462 3463 3461
f 3464 3465 3466
f 3464 3458 3465
f 3464 3459 3458
f 3467 3463 3462
f 3467 3468 3463
f 3467 3469 3468
f 3470 3466 3471
f 3470 3464 3466
f 3472 3469 3467
f 3473 3470 3471
f 3474 3469 3472
f 3474 3475 3469
f 3474 3476 3475
f 3477 3476 3474
f 3478 3479 3480
f 3478 3476 3477
f 3478 3480 3476
f 3481 3479 3478
f 3482 3483 3479
f 3482 3484 3483
f 3482 3479 3481
f 3485 3484 3482
f 3486 3487 3484
f 3486 3484 3485
f 3488 3489 3487
f 3488 3487 3486
f 3490 3491 3489
f 3490 3492 3491
f 3490 3489 3488
f 3493 3492 3490
f 3494 3495 3492
f 3494 3492 3493
f 3496 3497 3495
f 3496 3498 3497
f 3496 3495 3494
f 3499 3498 3496
f 3500 3501 3498
f 3500 3498 3499
f 3502 3503 3501
f 3502 3504 3503
f 3502 3501 3500
f 3505 3504 3502
f 3506 3507 3504
f 3506 3508 3507
f 3506 3504 3505
f 3509 3508 3506
f 3510 3511 3508
f 3510 3508 3509
f 3512 3513 3511
f 3512 3511 3510
f 3514 3515 3513
f 3514 3513 3512
f 3516 3517 3515
f 3516 3515 3514
f 3518 3519 3520
f 3518 3520 3521
f 3521 3520 3522
f 3522 3520 3523
f 3522 3523 3524
f 3522 3524 3525
f 3525 3524 3526
f 3525 3526 3527
f 3527 3526 3528
f 3527 3528 3529
f 3529 3528 3530
f 3529 3530 3531
f 3531 3530 3532
f 3532 3530 3533
f 3532 3533 3534
f 3532 3534 3535
f 3535 3534 3536
f 3535 3536 3537
f 3537 3536 3538
f 3538 3536 3539
f 3538 3539 3540
f 3538 3540 3541
f 3541 3540 3542
f 3542 3540 3543
f 3542 3543 3516
f 3516 3543 3517
f 3544 3545 3546
f 3546 3545 3547
f 3546 3547 3473
f 3546 3473 3471
f 3548 3518 3521
f 3548 3549 3518
f 3550 3521 3522
f 3550 3548 3521
f 3551 3522 3525
f 3551 3550 3522
f 3552 3525 3527
f 3552 3551 3525
f 3553 3527 3529
f 3553 3529 3531
f 3553 3552 3527
f 3554 3531 3532
f 3554 3553 3531
f 3555 3554 3532
f 3556 3555 3532
f 3556 3532 3535
f 3556 3535 3537
f 3557 3556 3537
f 3558 3537 3538
f 3558 3557 3537
f 3559 3538 3541
f 3559 3558 3538
f 3560 3541 3542
f 3560 3559 3541
f 3561 3542 3516
f 3561 3560 3542
f 3562 3516 3514
f 3562 3561 3516
f 3563 3514 3512
f 3563 3562 3514
f 3564 3512 3510
f 3564 3510 3509
f 3564 3563 3512
f 3565 3564 3509
f 3566 3509 3506
f 3566 3565 3509
f 3567 3506 3505
f 3567 3505 3502
f 3567 3566 3506
f 3568 3567 3502
f 3569 3502 3500
f 3569 3500 3499
f 3569 3568 3502
f 3570 3569 3499
f 3571 3499 3496
f 3571 3570 3499
f 3572 3496 3494
f 3572 3571 3496
f 3573 3494 3493
f 3573 3572 3494
f 3574 3493 3490
f 3574 3573 3493
f 3575 3490 3488
f 3575 3488 3486
f 3575 3574 3490
f 3576 3486 3485
f 3576 3575 3486
f 3577 3576 3485
f 3578 3485 3482
f 3578 3482 3481
f 3578 3577 3485
f 3579 3578 3481
f 3580 3481 3478
f 3580 3579 3481
f 3581 3478 3477
f 3581 3580 3478
f 3582 3477 3474
f 3582 3581 3477
f 3583 3474 3472
f 3583 3582 3474
f 3584 3472 3467
f 3584 3583 3472
f 3585 3467 3462
f 3585 3584 3467
f 3586 3462 3460
f 3586 3460 3455
f 3586 3585 3462
f 3587 3455 3451
f 3587 3586 3455
f 3588 3587 3451
f 3589 3588 3451
f 3589 3451 3447
f 3589 3447 3442
f 3590 3589 3442
f 3591 3442 3439
f 3591 3590 3442
f 3592 3439 3435
f 3592 3591 3439
f 3593 3435 3431
f 3593 3592 3435
f 3594 3431 3427
f 3594 3593 3431
f 3595 3427 3423
f 3595 3594 3427
f 3596 3423 3419
f 3596 3595 3423
f 3597 3419 3416
f 3597 3416 3421
f 3597 3596 3419
f 3598 3597 3421
f 3599 3421 3425
f 3599 3598 3421
f 3600 3425 3429
f 3600 3429 3433
f 3600 3599 3425
f 3601 3600 3433
f 3602 3433 3437
f 3602 3437 3441
f 3602 3601 3433
f 3603 3602 3441
f 3604 3441 3444
f 3604 3603 3441
f 3605 3444 3449
f 3605 3604 3444
f 3606 3449 3453
f 3606 3605 3449
f 3607 3453 3457
f 3607 3606 3453
f 3608 3457 3459
f 3608 3459 3464
f 3608 3607 3457
f 3609 3464 3470
f 3609 3608 3464
f 3610 3609 3470
f 3611 3470 3473
f 3611 3473 3547
f 3611 3610 3470
f 3612 3611 3547
f 3613 3547 3545
f 3613 3612 3547
f 3614 3615 3616
f 3614 3617 3615
f 3618 3616 3619
f 3618 3614 3616
f 3620 3619 3621
f 3620 3618 3619
f 3622 3621 3623
f 3622 3620 3621
f 3624 3623 3625
f 3624 3625 3626
f 3624 3622 3623
f 3627 3626 3628
f 3627 3624 3626
f 3629 3627 3628
f 3630 3629 3628
f 3630 3628 3631
f 3630 3631 3632
f 3633 3630 3632
f 3634 3632 3635
f 3634 3633 3632
f 3636 3635 3637
f 3636 3634 3635
f 3638 3637 3639
f 3638 3636 3637
f 3640 3639 3641
f 3640 3638 3639
f 3642 3641 3643
f 3642 3640 3641
f 3644 3643 3645
f 3644 3642 3643
f 3646 3645 3647
f 3646 3647 3648
f 3646 3644 3645
f 3649 3646 3648
f 3650 3648 3651
f 3650 3649 3648
f 3652 3651 3653
f 3652 3653 3654
f 3652 3650 3651
f 3655 3652 3654
f 3656 3654 3657
f 3656 3657 3658
f 3656 3655 3654
f 3659 3656 3658
f 3660 3658 3661
f 3660 3659 3658
f 3662 3661 3663
f 3662 3660 3661
f 3664 3663 3665
f 3664 3662 3663
f 3666 3665 3667
f 3666 3664 3665
f 3668 3667 3669
f 3668 3669 3670
f 3668 3666 3667
f 3671 3670 3672
f 3671 3668 3670
f 3673 3671 3672
f 3674 3672 3675
f 3674 3675 3676
f 3674 3673 3672
f 3677 3674 3676
f 3678 3676 3679
f 3678 3677 3676
f 3617 3680 3615
f 3617 3681 3680
f 3682 3683 3684
f 3682 3685 3683
f 3686 3684 3687
f 3686 3682 3684
f 3688 3687 3689
f 3688 3686 3687
f 3690 3689 3691
f 3690 3688 3689
f 3692 3691 3693
f 3692 3693 3694
f 3692 3690 3691
f 3695 3694 3696
f 3695 3692 3694
f 3697 3695 3696
f 3698 3697 3696
f 3698 3696 3699
f 3698 3699 3700
f 3701 3698 3700
f 3702 3700 3703
f 3702 3701 3700
f 3704 3703 3705
f 3704 3702 3703
f 3706 3705 3707
f 3706 3704 3705
f 3708 3707 3709
f 3708 3706 3707
f 3710 3709 3711
f 3710 3708 3709
f 3712 3711 3713
f 3712 3710 3711
f 3714 3713 3715
f 3714 3715 3716
f 3714 3712 3713
f 3717 3714 3716
f 3718 3716 3719
f 3718 3717 3716
f 3720 3719 3721
f 3720 3721 3722
f 3720 3718 3719
f 3723 3720 3722
f 3724 3722 3725
f 3724 3725 3726
f 3724 3723 3722
f 3727 3724 3726
f 3728 3726 3729
f 3728 3727 3726
f 3730 3729 3731
f 3730 3728 3729
f 3732 3731 3733
f 3732 3730 3731
f 3734 3733 3735
f 3734 3732 3733
f 3736 3735 3737
f 3736 3737 3738
f 3736 3734 3735
f 3739 3738 3740
f 3739 3736 3738
f 3741 3739 3740
f 3742 3740 3743
f 3742 3743 3744
f 3742 3741 3740
f 3745 3742 3744
f 3681 3744 3680
f 3681 3745 3744
f 3590 3591 3592
f 3588 3589 3590
f 3586 3587 3588
f 3613 3581 3582
f 3613 3582 3583
f 3613 3583 3584
f 3613 3584 3585
f 3613 3585 3586
f 3613 3592 3593
f 3613 3593 3594
f 3613 3594 3595
f 3613 3595 3596
f 3613 3596 3597
f 3613 3597 3598
f 3613 3598 3599
f 3613 3599 3600
f 3613 3600 3601
f 3613 3601 3602
f 3613 3602 3603
f 3613 3603 3604
f 3613 3590 3592
f 3613 3604 3605
f 3613 3605 3606
f 3613 3606 3607
f 3613 3607 3608
f 3613 3608 3609
f 3613 3609 3610
f 3613 3610 3611
f 3613 3588 3590
f 3613 3611 3612
f 3613 3586 3588
f 3580 3581 3613
f 3688 3682 3686
f 3577 3578 3579
f 3690 3682 3688
f 3690 3685 3682
f 3575 3576 3577
f 3695 3690 3692
f 3574 3575 3577
f 3697 3690 3695
f 3698 3685 3690
f 3698 3690 3697
f 3572 3574 3577
f 3572 3573 3574
f 3701 3685 3698
f 3571 3577 3579
f 3571 3572 3577
f 3570 3571 3579
f 3704 3701 3702
f 3706 3685 3701
f 3706 3701 3704
f 3568 3569 3570
f 3567 3570 3579
f 3567 3568 3570
f 3710 3706 3708
f 3566 3567 3579
f 3712 3685 3706
f 3712 3706 3710
f 3565 3566 3579
f 3714 3685 3712
f 3562 3563 3564
f 3720 3714 3717
f 3720 3717 3718
f 3561 3562 3564
f 3560 3564 3565
f 3560 3561 3564
f 3724 3714 3720
f 3724 3720 3723
f 3727 3685 3714
f 3727 3714 3724
f 3557 3558 3559
f 3557 3559 3560
f 3557 3560 3565
f 3556 3557 3565
f 3732 3685 3727
f 3732 3727 3728
f 3732 3728 3730
f 3736 3685 3732
f 3736 3732 3734
f 3553 3554 3555
f 3553 3555 3556
f 3741 3736 3739
f 3745 3685 3736
f 3745 3736 3741
f 3745 3741 3742
f 3549 3580 3613
f 3549 3548 3550
f 3549 3550 3551
f 3549 3551 3552
f 3549 3552 3553
f 3549 3553 3556
f 3549 3579 3580
f 3549 3565 3579
f 3549 3556 3565
f 3681 3685 3745
f 3617 3685 3681
f 3617 3549 3613
f 3617 3613 3685
f 3678 3549 3617
f 3677 3678 3617
f 3618 3617 3614
f 3671 3673 3674
f 3622 3618 3620
f 3668 3671 3674
f 3666 3674 3677
f 3666 3668 3674
f 3627 3622 3624
f 3664 3677 3617
f 3664 3666 3677
f 3630 3627 3629
f 3630 3617 3618
f 3630 3618 3622
f 3630 3622 3627
f 3660 3662 3664
f 3659 3660 3664
f 3636 3630 3633
f 3636 3633 3634
f 3656 3659 3664
f 3655 3656 3664
f 3652 3655 3664
f 3640 3636 3638
f 3640 3617 3630
f 3640 3630 3636
f 3650 3652 3664
f 3644 3640 3642
f 3644 3617 3640
f 3649 3650 3664
f 3646 3664 3617
f 3646 3617 3644
f 3646 3649 3664
f 3746 3544 3546
f 3746 3747 3544
f 3748 3546 3471
f 3748 3746 3546
f 3749 3471 3466
f 3749 3748 3471
f 3750 3466 3465
f 3750 3749 3466
f 3751 3465 3458
f 3751 3458 3454
f 3751 3750 3465
f 3752 3454 3450
f 3752 3751 3454
f 3753 3752 3450
f 3754 3753 3450
f 3754 3450 3446
f 3754 3446 3445
f 3755 3754 3445
f 3756 3445 3438
f 3756 3755 3445
f 3757 3438 3434
f 3757 3756 3438
f 3758 3434 3430
f 3758 3757 3434
f 3759 3430 3426
f 3759 3758 3430
f 3760 3426 3422
f 3760 3759 3426
f 3761 3422 3418
f 3761 3760 3422
f 3762 3418 3417
f 3762 3417 3420
f 3762 3761 3418
f 3763 3762 3420
f 3764 3420 3424
f 3764 3763 3420
f 3765 3424 3428
f 3765 3428 3432
f 3765 3764 3424
f 3766 3765 3432
f 3767 3432 3436
f 3767 3436 3440
f 3767 3766 3432
f 3768 3767 3440
f 3769 3440 3443
f 3769 3768 3440
f 3770 3443 3448
f 3770 3769 3443
f 3771 3448 3452
f 3771 3770 3448
f 3772 3452 3456
f 3772 3771 3452
f 3773 3456 3461
f 3773 3461 3463
f 3773 3772 3456
f 3774 3463 3468
f 3774 3773 3463
f 3775 3774 3468
f 3776 3468 3469
f 3776 3469 3475
f 3776 3775 3468
f 3777 3776 3475
f 3778 3475 3476
f 3778 3777 3475
f 3779 3476 3480
f 3779 3778 3476
f 3780 3480 3479
f 3780 3779 3480
f 3781 3479 3483
f 3781 3780 3479
f 3782 3483 3484
f 3782 3781 3483
f 3783 3484 3487
f 3783 3782 3484
f 3784 3487 3489
f 3784 3489 3491
f 3784 3783 3487
f 3785 3491 3492
f 3785 3784 3491
f 3786 3785 3492
f 3787 3786 3492
f 3787 3492 3495
f 3787 3495 3497
f 3788 3787 3497
f 3789 3497 3498
f 3789 3788 3497
f 3790 3498 3501
f 3790 3789 3498
f 3791 3501 3503
f 3791 3790 3501
f 3792 3503 3504
f 3792 3791 3503
f 3793 3504 3507
f 3793 3792 3504
f 3794 3507 3508
f 3794 3793 3507
f 3795 3508 3511
f 3795 3511 3513
f 3795 3794 3508
f 3796 3795 3513
f 3797 3513 3515
f 3797 3796 3513
f 3798 3515 3517
f 3798 3517 3543
f 3798 3797 3515
f 3799 3798 3543
f 3800 3543 3540
f 3800 3540 3539
f 3800 3799 3543
f 3801 3800 3539
f 3802 3539 3536
f 3802 3801 3539
f 3803 3536 3534
f 3803 3802 3536
f 3804 3534 3533
f 3804 3803 3534
f 3805 3533 3530
f 3805 3804 3533
f 3806 3530 3528
f 3806 3528 3526
f 3806 3805 3530
f 3807 3526 3524
f 3807 3806 3526
f 3808 3807 3524
f 3809 3524 3523
f 3809 3523 3520
f 3809 3808 3524
f 3810 3809 3520
f 3811 3520 3519
f 3811 3810 3520
f 3544 3812 3683
f 3545 3544 3683
f 3747 3813 3544
f 3685 3613 3545
f 3683 3685 3545
f 3813 3812 3544
f 3814 3815 3816
f 3814 3817 3815
f 3818 3816 3819
f 3818 3814 3816
f 3820 3819 3821
f 3820 3818 3819
f 3822 3821 3823
f 3822 3820 3821
f 3824 3823 3825
f 3824 3825 3826
f 3824 3822 3823
f 3827 3826 3828
f 3827 3824 3826
f 3829 3827 3828
f 3830 3829 3828
f 3830 3828 3831
f 3830 3831 3832
f 3833 3830 3832
f 3834 3832 3835
f 3834 3833 3832
f 3836 3835 3837
f 3836 3834 3835
f 3838 3837 3839
f 3838 3836 3837
f 3840 3839 3841
f 3840 3838 3839
f 3842 3841 3843
f 3842 3840 3841
f 3844 3843 3845
f 3844 3842 3843
f 3846 3845 3847
f 3846 3847 3848
f 3846 3844 3845
f 3849 3846 3848
f 3850 3848 3851
f 3850 3849 3848
f 3852 3851 3853
f 3852 3853 3854
f 3852 3850 3851
f 3855 3852 3854
f 3856 3854 3857
f 3856 3857 3858
f 3856 3855 3854
f 3859 3856 3858
f 3860 3858 3861
f 3860 3859 3858
f 3862 3861 3863
f 3862 3860 3861
f 3864 3863 3865
f 3864 3862 3863
f 3866 3865 3867
f 3866 3864 3865
f 3868 3867 3869
f 3868 3869 3870
f 3868 3866 3867
f 3871 3870 3872
f 3871 3868 3870
f 3873 3871 3872
f 3874 3872 3875
f 3874 3875 3876
f 3874 3873 3872
f 3877 3874 3876
f 3813 3876 3812
f 3813 3877 3876
f 3817 3878 3815
f 3817 3879 3878
f 3880 3881 3882
f 3880 3883 3881
f 3884 3882 3885
f 3884 3880 3882
f 3886 3885 3887
f 3886 3884 3885
f 3888 3887 3889
f 3888 3886 3887
f 3890 3889 3891
f 3890 3891 3892
f 3890 3888 3889
f 3893 3892 3894
f 3893 3890 3892
f 3895 3893 3894
f 3896 3895 3894
f 3896 3894 3897
f 3896 3897 3898
f 3899 3896 3898
f 3900 3898 3901
f 3900 3899 3898
f 3902 3901 3903
f 3902 3900 3901
f 3904 3903 3905
f 3904 3902 3903
f 3906 3905 3907
f 3906 3904 3905
f 3908 3907 3909
f 3908 3906 3907
f 3910 3909 3911
f 3910 3908 3909
f 3912 3911 3913
f 3912 3913 3914
f 3912 3910 3911
f 3915 3912 3914
f 3916 3914 3917
f 3916 3915 3914
f 3918 3917 3919
f 3918 3919 3920
f 3918 3916 3917
f 3921 3918 3920
f 3922 3920 3923
f 3922 3923 3924
f 3922 3921 3920
f 3925 3922 3924
f 3926 3924 3927
f 3926 3925 3924
f 3928 3927 3929
f 3928 3926 3927
f 3930 3929 3931
f 3930 3928 3929
f 3932 3931 3933
f 3932 3930 3931
f 3934 3933 3935
f 3934 3935 3936
f 3934 3932 3933
f 3937 3936 3938
f 3937 3934 3936
f 3939 3937 3938
f 3940 3938 3941
f 3940 3941 3942
f 3940 3939 3938
f 3943 3940 3942
f 3879 3942 3878
f 3879 3943 3942
f 3519 3679 3881
f 3519 3518 3679
f 3549 3678 3518
f 3883 3811 3519
f 3881 3883 3519
f 3678 3679 3518
f 3849 3844 3846
f 3830 3833 3834
f 3864 3860 3862
f 3827 3829 3830
f 3824 3827 3830
f 3818 3820 3822
f 3817 3814 3818
f 3813 3822 3824
f 3813 3834 3836
f 3813 3836 3838
f 3813 3838 3840
f 3813 3840 3842
f 3813 3842 3844
f 3813 3849 3850
f 3813 3850 3852
f 3813 3852 3855
f 3813 3855 3856
f 3813 3856 3859
f 3813 3859 3860
f 3813 3864 3866
f 3813 3866 3868
f 3813 3868 3871
f 3813 3871 3873
f 3813 3873 3874
f 3813 3874 3877
f 3813 3844 3849
f 3813 3830 3834
f 3813 3818 3822
f 3813 3860 3864
f 3813 3824 3830
f 3813 3817 3818
f 3879 3817 3813
f 3940 3943 3879
f 3939 3940 3879
f 3749 3746 3748
f 3934 3939 3879
f 3934 3937 3939
f 3751 3749 3750
f 3751 3746 3749
f 3932 3934 3879
f 3753 3751 3752
f 3753 3746 3751
f 3754 3747 3746
f 3754 3746 3753
f 3926 3928 3930
f 3755 3747 3754
f 3925 3926 3930
f 3756 3747 3755
f 3922 3932 3879
f 3922 3925 3930
f 3922 3930 3932
f 3921 3922 3879
f 3918 3921 3879
f 3759 3756 3757
f 3759 3757 3758
f 3760 3747 3756
f 3760 3756 3759
f 3915 3918 3879
f 3915 3916 3918
f 3761 3747 3760
f 3763 3761 3762
f 3908 3910 3912
f 3764 3761 3763
f 3906 3908 3912
f 3906 3912 3915
f 3904 3906 3915
f 3766 3764 3765
f 3902 3904 3915
f 3767 3764 3766
f 3900 3915 3879
f 3900 3902 3915
f 3770 3767 3768
f 3770 3768 3769
f 3771 3767 3770
f 3893 3895 3896
f 3893 3896 3899
f 3893 3899 3900
f 3890 3893 3900
f 3773 3767 3771
f 3773 3771 3772
f 3888 3890 3900
f 3888 3900 3879
f 3775 3773 3774
f 3883 3888 3879
f 3883 3880 3884
f 3883 3884 3886
f 3883 3886 3888
f 3778 3767 3773
f 3778 3773 3775
f 3778 3775 3776
f 3778 3813 3747
f 3778 3776 3777
f 3778 3747 3761
f 3778 3761 3764
f 3778 3879 3813
f 3778 3764 3767
f 3811 3883 3879
f 3811 3879 3778
f 3779 3811 3778
f 3781 3779 3780
f 3808 3809 3810
f 3808 3810 3811
f 3783 3811 3779
f 3783 3781 3782
f 3783 3779 3781
f 3806 3807 3808
f 3805 3808 3811
f 3805 3806 3808
f 3786 3783 3784
f 3786 3784 3785
f 3787 3783 3786
f 3802 3805 3811
f 3802 3803 3804
f 3802 3804 3805
f 3788 3783 3787
f 3801 3802 3811
f 3790 3788 3789
f 3790 3811 3783
f 3790 3783 3788
f 3792 3790 3791
f 3798 3799 3800
f 3798 3800 3801
f 3798 3801 3811
f 3796 3792 3793
f 3796 3797 3798
f 3796 3811 3790
f 3796 3790 3792
f 3796 3798 3811
f 3795 3793 3794
f 3795 3796 3793
f 3847 3845 3848
f 3832 3831 3835
f 3861 3865 3863
f 3828 3826 3831
f 3826 3825 3831
f 3821 3819 3823
f 3816 3815 3819
f 3823 3812 3825
f 3835 3812 3837
f 3837 3812 3839
f 3839 3812 3841
f 3841 3812 3843
f 3843 3812 3845
f 3848 3812 3851
f 3851 3812 3853
f 3853 3812 3854
f 3854 3812 3857
f 3857 3812 3858
f 3858 3812 3861
f 3865 3812 3867
f 3867 3812 3869
f 3869 3812 3870
f 3870 3812 3872
f 3872 3812 3875
f 3875 3812 3876
f 3845 3812 3848
f 3831 3812 3835
f 3861 3812 3865
f 3819 3812 3823
f 3825 3812 3831
f 3815 3812 3819
f 3815 3878 3812
f 3942 3941 3878
f 3941 3938 3878
f 3938 3935 3878
f 3936 3935 3938
f 3935 3933 3878
f 3929 3927 3931
f 3927 3924 3931
f 3933 3923 3878
f 3924 3923 3931
f 3931 3923 3933
f 3923 3920 3878
f 3920 3919 3878
f 3919 3914 3878
f 3917 3914 3919
f 3911 3909 3913
f 3909 3907 3913
f 3913 3907 3914
f 3907 3905 3914
f 3905 3903 3914
f 3914 3901 3878
f 3903 3901 3914
f 3894 3892 3897
f 3897 3892 3898
f 3898 3892 3901
f 3892 3891 3901
f 3901 3889 3878
f 3891 3889 3901
f 3889 3881 3878
f 3882 3881 3885
f 3885 3881 3887
f 3887 3881 3889
f 3878 3881 3812
f 3683 3687 3684
f 3683 3689 3687
f 3683 3691 3689
f 3683 3693 3691
f 3693 3696 3694
f 3683 3696 3693
f 3683 3699 3696
f 3699 3705 3700
f 3700 3705 3703
f 3683 3705 3699
f 3707 3711 3709
f 3705 3713 3707
f 3707 3713 3711
f 3683 3715 3705
f 3705 3715 3713
f 3715 3719 3716
f 3683 3719 3715
f 3719 3725 3721
f 3721 3725 3722
f 3683 3726 3719
f 3719 3726 3725
f 3683 3729 3726
f 3731 3735 3733
f 3731 3737 3735
f 3737 3740 3738
f 3731 3744 3737
f 3737 3744 3740
f 3729 3744 3731
f 3740 3744 3743
f 3683 3680 3729
f 3729 3680 3744
f 3683 3615 3680
f 3812 3679 3683
f 3683 3679 3615
f 3881 3679 3812
f 3679 3672 3615
f 3615 3672 3616
f 3675 3672 3676
f 3676 3672 3679
f 3619 3623 3621
f 3672 3669 3616
f 3670 3669 3672
f 3623 3628 3625
f 3625 3628 3626
f 3667 3665 3669
f 3623 3631 3628
f 3665 3661 3669
f 3663 3661 3665
f 3631 3635 3632
f 3616 3658 3619
f 3669 3658 3616
f 3661 3658 3669
f 3619 3637 3623
f 3623 3637 3631
f 3631 3637 3635
f 3654 3653 3657
f 3657 3653 3658
f 3637 3641 3639
f 3653 3651 3658
f 3651 3648 3658
f 3641 3645 3643
f 3637 3645 3641
f 3619 3647 3637
f 3658 3647 3619
f 3648 3647 3658
f 3637 3647 3645
