mtllib peg.mtl
o obj4

v -159.689552 38.258812 25.000000
v -144.254463 38.258812 -75.000000
v -159.689552 38.258812 -75.000000
v -144.254463 38.258812 25.000000
v -139.484748 52.938461 -75.000000
v -139.484748 52.938461 25.000000
v -132.776206 53.103794 25.000000
v -132.717948 52.938461 -75.000000
v -132.776206 53.103794 -75.000000
v -132.717948 52.938461 25.000000
v -132.842536 53.266052 25.000000
v -132.842536 53.266052 -75.000000
v -132.916786 53.424850 -75.000000
v -132.916786 53.424850 25.000000
v -132.998771 53.579796 25.000000
v -132.998771 53.579796 -75.000000
v -133.088279 53.730518 25.000000
v -133.088279 53.730518 -75.000000
v -133.185112 53.876644 25.000000
v -133.185112 53.876644 -75.000000
v -133.289009 54.017826 25.000000
v -133.289009 54.017826 -75.000000
v -133.399757 54.153713 25.000000
v -133.399757 54.153713 -75.000000
v -133.517051 54.283985 -75.000000
v -133.517051 54.283985 25.000000
v -133.640617 54.408321 25.000000
v -133.640617 54.408321 -75.000000
v -133.770164 54.526417 -75.000000
v -133.770164 54.526417 25.000000
v -133.905372 54.637989 -75.000000
v -133.905372 54.637989 25.000000
v -134.045906 54.742764 -75.000000
v -134.045906 54.742764 25.000000
v -134.191444 54.840488 25.000000
v -134.191444 54.840488 -75.000000
v -134.341606 54.930927 -75.000000
v -134.341606 54.930927 25.000000
v -134.496040 55.013859 25.000000
v -134.496040 55.013859 -75.000000
v -134.654380 55.089085 25.000000
v -134.654380 55.089085 -75.000000
v -134.816230 55.156418 25.000000
v -134.816230 55.156418 -75.000000
v -134.981193 55.215694 25.000000
v -134.981193 55.215694 -75.000000
v -135.148887 55.266773 25.000000
v -135.148887 55.266773 -75.000000
v -135.318885 55.309532 -75.000000
v -135.318885 55.309532 25.000000
v -135.490791 55.343861 -75.000000
v -135.490791 55.343861 25.000000
v -135.664176 55.369682 25.000000
v -135.664176 55.369682 -75.000000
v -135.838615 55.386932 25.000000
v -135.838615 55.386932 -75.000000
v -136.013710 55.395569 25.000000
v -136.013710 55.395569 -75.000000
v -136.189003 55.395569 25.000000
v -136.189003 55.395569 -75.000000
v -136.364082 55.386932 25.000000
v -136.364082 55.386932 -75.000000
v -136.538536 55.369682 25.000000
v -136.538536 55.369682 -75.000000
v -136.711906 55.343861 25.000000
v -136.711906 55.343861 -75.000000
v -136.883811 55.309532 25.000000
v -136.883811 55.309532 -75.000000
v -137.053810 55.266773 25.000000
v -137.053810 55.266773 -75.000000
v -137.221504 55.215694 25.000000
v -137.221504 55.215694 -75.000000
v -137.386482 55.156418 -75.000000
v -137.386482 55.156418 25.000000
v -137.548332 55.089085 25.000000
v -137.548332 55.089085 -75.000000
v -137.706657 55.013859 25.000000
v -137.706657 55.013859 -75.000000
v -137.861091 54.930927 -75.000000
v -137.861091 54.930927 25.000000
v -138.011268 54.840488 25.000000
v -138.011268 54.840488 -75.000000
v -138.156791 54.742764 25.000000
v -138.156791 54.742764 -75.000000
v -138.297325 54.637989 25.000000
v -138.297325 54.637989 -75.000000
v -138.432533 54.526417 25.000000
v -138.432533 54.526417 -75.000000
v -138.562080 54.408321 25.000000
v -138.562080 54.408321 -75.000000
v -138.685646 54.283985 -75.000000
v -138.685646 54.283985 25.000000
v -138.802955 54.153713 25.000000
v -138.802955 54.153713 -75.000000
v -138.913688 54.017826 -75.000000
v -138.913688 54.017826 25.000000
v -139.017601 53.876644 25.000000
v -139.017601 53.876644 -75.000000
v -139.114418 53.730518 -75.000000
v -139.114418 53.730518 25.000000
v -139.203926 53.579796 25.000000
v -139.203926 53.579796 -75.000000
v -139.285911 53.424850 25.000000
v -139.285911 53.424850 -75.000000
v -139.360160 53.266052 25.000000
v -139.360160 53.266052 -75.000000
v -139.426490 53.103794 25.000000
v -139.426490 53.103794 -75.000000
v -127.948234 38.258812 -75.000000
v -127.948234 38.258812 25.000000
v -112.513145 38.258812 -75.000000
v -112.513145 38.258812 25.000000
v -110.282844 31.929695 25.000000
v -110.422081 31.823196 -75.000000
v -110.282844 31.929695 -75.000000
v -110.422081 31.823196 25.000000
v -110.149024 32.042923 25.000000
v -110.149024 32.042923 -75.000000
v -110.020942 32.162609 25.000000
v -110.020942 32.162609 -75.000000
v -109.898918 32.288456 25.000000
v -109.898918 32.288456 -75.000000
v -109.783241 32.420162 -75.000000
v -109.783241 32.420162 25.000000
v -109.674186 32.557407 25.000000
v -109.674186 32.557407 -75.000000
v -109.572013 32.699856 25.000000
v -109.572013 32.699856 -75.000000
v -109.476997 32.847164 25.000000
v -109.476997 32.847164 -75.000000
v -109.389350 32.998978 25.000000
v -109.389350 32.998978 -75.000000
v -109.309288 33.154919 25.000000
v -109.309288 33.154919 -75.000000
v -109.237007 33.314621 25.000000
v -109.237007 33.314621 -75.000000
v -109.172676 33.477684 25.000000
v -109.172676 33.477684 -75.000000
v -109.116447 33.643723 25.000000
v -109.116447 33.643723 -75.000000
v -109.068473 33.812328 25.000000
v -109.068473 33.812328 -75.000000
v -109.028877 33.983089 25.000000
v -109.028877 33.983089 -75.000000
v -108.997718 34.155598 25.000000
v -108.997718 34.155598 -75.000000
v -108.975105 34.329430 25.000000
v -108.975105 34.329430 -75.000000
v -108.961082 34.504162 25.000000
v -108.961082 34.504162 -75.000000
v -108.955696 34.679375 25.000000
v -108.955696 34.679375 -75.000000
v -108.958930 34.854641 25.000000
v -108.958930 34.854641 -75.000000
v -108.970802 35.029537 -75.000000
v -108.970802 35.029537 25.000000
v -108.991264 35.203632 25.000000
v -108.991264 35.203632 -75.000000
v -109.020286 35.376511 25.000000
v -109.020286 35.376511 -75.000000
v -109.057792 35.547749 -75.000000
v -109.057792 35.547749 25.000000
v -109.103675 35.716934 25.000000
v -109.103675 35.716934 -75.000000
v -109.157844 35.883648 25.000000
v -109.157844 35.883648 -75.000000
v -109.220161 36.047497 -75.000000
v -109.220161 36.047497 25.000000
v -109.290473 36.208073 25.000000
v -109.290473 36.208073 -75.000000
v -109.368614 36.364990 -75.000000
v -109.368614 36.364990 25.000000
v -109.454383 36.517872 -75.000000
v -109.454383 36.517872 25.000000
v -109.547584 36.666340 25.000000
v -109.547584 36.666340 -75.000000
v -109.647987 36.810036 25.000000
v -109.647987 36.810036 -75.000000
v -109.755332 36.948616 -75.000000
v -109.755332 36.948616 25.000000
v -109.869392 37.081738 25.000000
v -109.869392 37.081738 -75.000000
v -109.989860 37.209076 -75.000000
v -109.989860 37.209076 25.000000
v -110.116462 37.330330 -75.000000
v -110.116462 37.330330 25.000000
v -110.248878 37.445198 25.000000
v -110.248878 37.445198 -75.000000
v -110.386787 37.553406 25.000000
v -110.386787 37.553406 -75.000000
v -110.529869 37.654686 -75.000000
v -110.529869 37.654686 25.000000
v -110.677757 37.748798 25.000000
v -110.677757 37.748798 -75.000000
v -110.830101 37.835510 25.000000
v -110.830101 37.835510 -75.000000
v -110.986534 37.914612 -75.000000
v -110.986534 37.914612 25.000000
v -111.146675 37.985909 25.000000
v -111.146675 37.985909 -75.000000
v -111.310142 38.049232 25.000000
v -111.310142 38.049232 -75.000000
v -111.476524 38.104431 25.000000
v -111.476524 38.104431 -75.000000
v -111.645408 38.151363 25.000000
v -111.645408 38.151363 -75.000000
v -111.816413 38.189919 25.000000
v -111.816413 38.189919 -75.000000
v -111.989112 38.220005 25.000000
v -111.989112 38.220005 -75.000000
v -112.163078 38.241547 25.000000
v -112.163078 38.241547 -75.000000
v -112.337898 38.254490 -75.000000
v -112.337898 38.254490 25.000000
v -122.909339 22.750673 -75.000000
v -122.909339 22.750673 25.000000
v -118.139640 8.071022 -75.000000
v -118.139640 8.071022 25.000000
v -123.469779 3.994082 25.000000
v -123.614097 4.093594 -75.000000
v -123.469779 3.994082 -75.000000
v -123.614097 4.093594 25.000000
v -123.320747 3.901801 25.000000
v -123.320747 3.901801 -75.000000
v -123.167335 3.816973 25.000000
v -123.167335 3.816973 -75.000000
v -123.009941 3.739804 25.000000
v -123.009941 3.739804 -75.000000
v -122.848930 3.670483 25.000000
v -122.848930 3.670483 -75.000000
v -122.684700 3.609178 25.000000
v -122.684700 3.609178 -75.000000
v -122.517662 3.556036 25.000000
v -122.517662 3.556036 -75.000000
v -122.348197 3.511188 -75.000000
v -122.348197 3.511188 25.000000
v -122.176734 3.474741 25.000000
v -122.176734 3.474741 -75.000000
v -122.003669 3.446786 25.000000
v -122.003669 3.446786 -75.000000
v -121.829460 3.427389 25.000000
v -121.829460 3.427389 -75.000000
v -121.654487 3.416597 25.000000
v -121.654487 3.416597 -75.000000
v -121.479209 3.414438 25.000000
v -121.479209 3.414438 -75.000000
v -121.304039 3.420915 25.000000
v -121.304039 3.420915 -75.000000
v -121.129386 3.436014 -75.000000
v -121.129386 3.436014 25.000000
v -120.955696 3.459698 25.000000
v -120.955696 3.459698 -75.000000
v -120.783378 3.491908 -75.000000
v -120.783378 3.491908 25.000000
v -120.612876 3.532568 25.000000
v -120.612876 3.532568 -75.000000
v -120.444557 3.581578 25.000000
v -120.444557 3.581578 -75.000000
v -120.278877 3.638819 25.000000
v -120.278877 3.638819 -75.000000
v -120.116203 3.704152 25.000000
v -120.116203 3.704152 -75.000000
v -119.956962 3.777419 25.000000
v -119.956962 3.777419 -75.000000
v -119.801506 3.858442 25.000000
v -119.801506 3.858442 -75.000000
v -119.650245 3.947023 -75.000000
v -119.650245 3.947023 25.000000
v -119.503517 4.042949 -75.000000
v -119.503517 4.042949 25.000000
v -119.361701 4.145986 25.000000
v -119.361701 4.145986 -75.000000
v -119.225135 4.255883 -75.000000
v -119.225135 4.255883 25.000000
v -119.094139 4.372375 25.000000
v -119.094139 4.372375 -75.000000
v -118.969047 4.495177 -75.000000
v -118.969047 4.495177 25.000000
v -118.850151 4.623993 -75.000000
v -118.850151 4.623993 25.000000
v -118.737754 4.758509 25.000000
v -118.737754 4.758509 -75.000000
v -118.632118 4.898398 25.000000
v -118.632118 4.898398 -75.000000
v -118.533500 5.043323 25.000000
v -118.533500 5.043323 -75.000000
v -118.442131 5.192927 -75.000000
v -118.442131 5.192927 25.000000
v -118.358253 5.346852 25.000000
v -118.358253 5.346852 -75.000000
v -118.282051 5.504722 -75.000000
v -118.282051 5.504722 25.000000
v -118.213722 5.666153 25.000000
v -118.213722 5.666153 -75.000000
v -118.153434 5.830754 -75.000000
v -118.153434 5.830754 25.000000
v -118.101326 5.998126 25.000000
v -118.101326 5.998126 -75.000000
v -118.057518 6.167862 25.000000
v -118.057518 6.167862 -75.000000
v -118.022132 6.339549 -75.000000
v -118.022132 6.339549 25.000000
v -117.995246 6.512771 25.000000
v -117.995246 6.512771 -75.000000
v -117.976921 6.687107 25.000000
v -117.976921 6.687107 -75.000000
v -117.967201 6.862134 25.000000
v -117.967201 6.862134 -75.000000
v -117.966117 7.037427 -75.000000
v -117.966117 7.037427 25.000000
v -117.973686 7.212561 25.000000
v -117.973686 7.212561 -75.000000
v -117.989860 7.387109 -75.000000
v -117.989860 7.387109 25.000000
v -118.014610 7.560649 25.000000
v -118.014610 7.560649 -75.000000
v -118.047874 7.732759 25.000000
v -118.047874 7.732759 -75.000000
v -118.089592 7.903021 -75.000000
v -118.089592 7.903021 25.000000
v -136.101356 13.166117 -75.000000
v -136.101356 13.166117 25.000000
v -148.588615 4.093594 -75.000000
v -148.588615 4.093594 25.000000
v -154.113121 7.903021 25.000000
v -154.063072 8.071022 -75.000000
v -154.113121 7.903021 -75.000000
v -154.063072 8.071022 25.000000
v -154.154823 7.732759 25.000000
v -154.154823 7.732759 -75.000000
v -154.188087 7.560649 25.000000
v -154.188087 7.560649 -75.000000
v -154.212852 7.387109 -75.000000
v -154.212852 7.387109 25.000000
v -154.229026 7.212561 25.000000
v -154.229026 7.212561 -75.000000
v -154.236579 7.037427 25.000000
v -154.236579 7.037427 -75.000000
v -154.235496 6.862134 25.000000
v -154.235496 6.862134 -75.000000
v -154.225791 6.687107 -75.000000
v -154.225791 6.687107 25.000000
v -154.207466 6.512771 25.000000
v -154.207466 6.512771 -75.000000
v -154.180580 6.339549 25.000000
v -154.180580 6.339549 -75.000000
v -154.145179 6.167862 25.000000
v -154.145179 6.167862 -75.000000
v -154.101387 5.998126 25.000000
v -154.101387 5.998126 -75.000000
v -154.049263 5.830754 25.000000
v -154.049263 5.830754 -75.000000
v -153.988975 5.666153 -75.000000
v -153.988975 5.666153 25.000000
v -153.920646 5.504722 25.000000
v -153.920646 5.504722 -75.000000
v -153.844444 5.346852 -75.000000
v -153.844444 5.346852 25.000000
v -153.760566 5.192927 25.000000
v -153.760566 5.192927 -75.000000
v -153.669212 5.043323 25.000000
v -153.669212 5.043323 -75.000000
v -153.570579 4.898398 -75.000000
v -153.570579 4.898398 25.000000
v -153.464942 4.758509 25.000000
v -153.464942 4.758509 -75.000000
v -153.352546 4.623993 -75.000000
v -153.352546 4.623993 25.000000
v -153.233650 4.495177 25.000000
v -153.233650 4.495177 -75.000000
v -153.108558 4.372375 25.000000
v -153.108558 4.372375 -75.000000
v -152.977561 4.255883 25.000000
v -152.977561 4.255883 -75.000000
v -152.840995 4.145986 25.000000
v -152.840995 4.145986 -75.000000
v -152.699180 4.042949 -75.000000
v -152.699180 4.042949 25.000000
v -152.552452 3.947023 -75.000000
v -152.552452 3.947023 25.000000
v -152.401191 3.858442 25.000000
v -152.401191 3.858442 -75.000000
v -152.245735 3.777419 25.000000
v -152.245735 3.777419 -75.000000
v -152.086494 3.704152 -75.000000
v -152.086494 3.704152 25.000000
v -151.923820 3.638819 25.000000
v -151.923820 3.638819 -75.000000
v -151.758140 3.581578 -75.000000
v -151.758140 3.581578 25.000000
v -151.589836 3.532568 25.000000
v -151.589836 3.532568 -75.000000
v -151.419319 3.491908 25.000000
v -151.419319 3.491908 -75.000000
v -151.247001 3.459698 -75.000000
v -151.247001 3.459698 25.000000
v -151.073310 3.436014 25.000000
v -151.073310 3.436014 -75.000000
v -150.898674 3.420915 -75.000000
v -150.898674 3.420915 25.000000
v -150.723487 3.414438 25.000000
v -150.723487 3.414438 -75.000000
v -150.548210 3.416597 -75.000000
v -150.548210 3.416597 25.000000
v -150.373252 3.427389 25.000000
v -150.373252 3.427389 -75.000000
v -150.199028 3.446786 -75.000000
v -150.199028 3.446786 25.000000
v -150.025978 3.474741 25.000000
v -150.025978 3.474741 -75.000000
v -149.854499 3.511188 25.000000
v -149.854499 3.511188 -75.000000
v -149.685050 3.556036 25.000000
v -149.685050 3.556036 -75.000000
v -149.517997 3.609178 25.000000
v -149.517997 3.609178 -75.000000
v -149.353767 3.670483 25.000000
v -149.353767 3.670483 -75.000000
v -149.192756 3.739804 -75.000000
v -149.192756 3.739804 25.000000
v -149.035362 3.816973 25.000000
v -149.035362 3.816973 -75.000000
v -148.881965 3.901801 -75.000000
v -148.881965 3.901801 25.000000
v -148.732917 3.994082 25.000000
v -148.732917 3.994082 -75.000000
v -149.293357 22.750673 -75.000000
v -149.293357 22.750673 25.000000
v -161.780616 31.823196 -75.000000
v -161.780616 31.823196 25.000000
v -159.864799 38.254490 25.000000
v -159.864799 38.254490 -75.000000
v -160.039619 38.241547 25.000000
v -160.039619 38.241547 -75.000000
v -160.213584 38.220005 25.000000
v -160.213584 38.220005 -75.000000
v -160.386283 38.189919 25.000000
v -160.386283 38.189919 -75.000000
v -160.557289 38.151363 25.000000
v -160.557289 38.151363 -75.000000
v -160.726188 38.104431 25.000000
v -160.726188 38.104431 -75.000000
v -160.892570 38.049232 25.000000
v -160.892570 38.049232 -75.000000
v -161.056022 37.985909 25.000000
v -161.056022 37.985909 -75.000000
v -161.216163 37.914612 25.000000
v -161.216163 37.914612 -75.000000
v -161.372596 37.835510 25.000000
v -161.372596 37.835510 -75.000000
v -161.524940 37.748798 25.000000
v -161.524940 37.748798 -75.000000
v -161.672843 37.654686 -75.000000
v -161.672843 37.654686 25.000000
v -161.815910 37.553406 25.000000
v -161.815910 37.553406 -75.000000
v -161.953834 37.445198 25.000000
v -161.953834 37.445198 -75.000000
v -162.086250 37.330330 25.000000
v -162.086250 37.330330 -75.000000
v -162.212837 37.209076 25.000000
v -162.212837 37.209076 -75.000000
v -162.333305 37.081738 25.000000
v -162.333305 37.081738 -75.000000
v -162.447364 36.948616 25.000000
v -162.447364 36.948616 -75.000000
v -162.554725 36.810036 25.000000
v -162.554725 36.810036 -75.000000
v -162.655113 36.666340 25.000000
v -162.655113 36.666340 -75.000000
v -162.748313 36.517872 25.000000
v -162.748313 36.517872 -75.000000
v -162.834083 36.364990 25.000000
v -162.834083 36.364990 -75.000000
v -162.912223 36.208073 25.000000
v -162.912223 36.208073 -75.000000
v -162.982536 36.047497 25.000000
v -162.982536 36.047497 -75.000000
v -163.044853 35.883648 -75.000000
v -163.044853 35.883648 25.000000
v -163.099021 35.716934 25.000000
v -163.099021 35.716934 -75.000000
v -163.144905 35.547749 25.000000
v -163.144905 35.547749 -75.000000
v -163.182411 35.376511 25.000000
v -163.182411 35.376511 -75.000000
v -163.211433 35.203632 25.000000
v -163.211433 35.203632 -75.000000
v -163.231910 35.029537 -75.000000
v -163.231910 35.029537 25.000000
v -163.243766 34.854641 25.000000
v -163.243766 34.854641 -75.000000
v -163.247016 34.679375 -75.000000
v -163.247016 34.679375 25.000000
v -163.241615 34.504162 25.000000
v -163.241615 34.504162 -75.000000
v -163.227592 34.329430 25.000000
v -163.227592 34.329430 -75.000000
v -163.204978 34.155598 25.000000
v -163.204978 34.155598 -75.000000
v -163.173835 33.983089 -75.000000
v -163.173835 33.983089 25.000000
v -163.134223 33.812328 25.000000
v -163.134223 33.812328 -75.000000
v -163.086250 33.643723 -75.000000
v -163.086250 33.643723 25.000000
v -163.030036 33.477684 -75.000000
v -163.030036 33.477684 25.000000
v -162.965705 33.314621 25.000000
v -162.965705 33.314621 -75.000000
v -162.893409 33.154919 25.000000
v -162.893409 33.154919 -75.000000
v -162.813346 32.998978 -75.000000
v -162.813346 32.998978 25.000000
v -162.725700 32.847164 25.000000
v -162.725700 32.847164 -75.000000
v -162.630683 32.699856 -75.000000
v -162.630683 32.699856 25.000000
v -162.528526 32.557407 25.000000
v -162.528526 32.557407 -75.000000
v -162.419471 32.420162 -75.000000
v -162.419471 32.420162 25.000000
v -162.303779 32.288456 25.000000
v -162.303779 32.288456 -75.000000
v -162.181755 32.162609 25.000000
v -162.181755 32.162609 -75.000000
v -162.053672 32.042923 -75.000000
v -162.053672 32.042923 25.000000
v -161.919853 31.929695 25.000000
v -161.919853 31.929695 -75.000000
v 104.311913 154.597931 25.000000
v 104.286858 155.602814 25.000000
v 104.286858 155.602814 -75.000000
v 104.311913 154.597931 -75.000000
v 104.387017 153.595535 -75.000000
v 104.387017 153.595535 25.000000
v 104.512017 152.598129 -75.000000
v 104.512017 152.598129 25.000000
v 104.686577 151.608185 25.000000
v 104.686577 151.608185 -75.000000
v 104.910241 150.628189 25.000000
v 104.910241 150.628189 -75.000000
v 105.182488 149.660553 -75.000000
v 105.182488 149.660553 25.000000
v 105.502648 148.707687 25.000000
v 105.502648 148.707687 -75.000000
v 105.869896 147.771973 25.000000
v 105.869896 147.771973 -75.000000
v 106.283318 146.855728 25.000000
v 106.283318 146.855728 -75.000000
v 106.741906 145.961212 25.000000
v 106.741906 145.961212 -75.000000
v 107.244500 145.090683 25.000000
v 107.244500 145.090683 -75.000000
v 107.789879 144.246277 -75.000000
v 107.789879 144.246277 25.000000
v 108.376671 143.430115 25.000000
v 108.376671 143.430115 -75.000000
v 109.003380 142.644226 -75.000000
v 109.003380 142.644226 25.000000
v 109.668511 141.890533 -75.000000
v 109.668511 141.890533 25.000000
v 110.370385 141.170944 25.000000
v 110.370385 141.170944 -75.000000
v 111.107262 140.487228 -75.000000
v 111.107262 140.487228 25.000000
v 111.877282 139.841095 -75.000000
v 111.877282 139.841095 25.000000
v 112.678582 139.234146 25.000000
v 112.678582 139.234146 -75.000000
v 113.509118 138.667892 -75.000000
v 113.509118 138.667892 25.000000
v 114.366845 138.143738 25.000000
v 114.366845 138.143738 -75.000000
v 115.249657 137.662994 25.000000
v 115.249657 137.662994 -75.000000
v 116.155297 137.226852 25.000000
v 116.155297 137.226852 -75.000000
v 117.081566 136.836395 -75.000000
v 117.081566 136.836395 25.000000
v 118.026146 136.492599 25.000000
v 118.026146 136.492599 -75.000000
v 118.986718 136.196320 25.000000
v 118.986718 136.196320 -75.000000
v 119.960839 135.948273 25.000000
v 119.960839 135.948273 -75.000000
v 120.946099 135.749100 -75.000000
v 120.946099 135.749100 25.000000
v 121.940087 135.599274 -75.000000
v 121.940087 135.599274 25.000000
v 122.940300 135.499191 25.000000
v 122.940300 135.499191 -75.000000
v 123.944237 135.449081 25.000000
v 123.944237 135.449081 -75.000000
v 124.949456 135.449081 25.000000
v 124.949456 135.449081 -75.000000
v 125.953423 135.499191 25.000000
v 125.953423 135.499191 -75.000000
v 126.953606 135.599274 25.000000
v 126.953606 135.599274 -75.000000
v 127.947594 135.749100 -75.000000
v 127.947594 135.749100 25.000000
v 128.932885 135.948273 25.000000
v 128.932885 135.948273 -75.000000
v 129.907006 136.196320 25.000000
v 129.907006 136.196320 -75.000000
v 130.867547 136.492599 25.000000
v 130.867547 136.492599 -75.000000
v 131.812127 136.836395 25.000000
v 131.812127 136.836395 -75.000000
v 132.738396 137.226852 25.000000
v 132.738396 137.226852 -75.000000
v 133.644066 137.662994 25.000000
v 133.644066 137.662994 -75.000000
v 134.526848 138.143738 25.000000
v 134.526848 138.143738 -75.000000
v 135.384575 138.667892 -75.000000
v 135.384575 138.667892 25.000000
v 136.215111 139.234146 25.000000
v 136.215111 139.234146 -75.000000
v 137.016411 139.841095 25.000000
v 137.016411 139.841095 -75.000000
v 137.786431 140.487228 25.000000
v 137.786431 140.487228 -75.000000
v 138.523308 141.170944 25.000000
v 138.523308 141.170944 -75.000000
v 139.225182 141.890533 25.000000
v 139.225182 141.890533 -75.000000
v 139.890313 142.644226 25.000000
v 139.890313 142.644226 -75.000000
v 140.517052 143.430115 25.000000
v 140.517052 143.430115 -75.000000
v 141.103814 144.246277 25.000000
v 141.103814 144.246277 -75.000000
v 141.649193 145.090683 25.000000
v 141.649193 145.090683 -75.000000
v 142.151787 145.961212 25.000000
v 142.151787 145.961212 -75.000000
v 142.610375 146.855728 25.000000
v 142.610375 146.855728 -75.000000
v 143.023797 147.771973 25.000000
v 143.023797 147.771973 -75.000000
v 143.391045 148.707687 25.000000
v 143.391045 148.707687 -75.000000
v 143.711205 149.660553 25.000000
v 143.711205 149.660553 -75.000000
v 143.983452 150.628189 25.000000
v 143.983452 150.628189 -75.000000
v 144.207116 151.608185 -75.000000
v 144.207116 151.608185 25.000000
v 144.381676 152.598129 25.000000
v 144.381676 152.598129 -75.000000
v 144.506676 153.595535 25.000000
v 144.506676 153.595535 -75.000000
v 144.581780 154.597931 -75.000000
v 144.581780 154.597931 25.000000
v 144.606835 155.602814 25.000000
v 144.606835 155.602814 -75.000000
v 144.581780 156.607712 25.000000
v 144.581780 156.607712 -75.000000
v 144.506676 157.610107 25.000000
v 144.506676 157.610107 -75.000000
v 144.381676 158.607513 25.000000
v 144.381676 158.607513 -75.000000
v 144.207116 159.597443 25.000000
v 144.207116 159.597443 -75.000000
v 143.983452 160.577438 25.000000
v 143.983452 160.577438 -75.000000
v 143.711205 161.545074 25.000000
v 143.711205 161.545074 -75.000000
v 143.391045 162.497940 25.000000
v 143.391045 162.497940 -75.000000
v 143.023797 163.433655 25.000000
v 143.023797 163.433655 -75.000000
v 142.610375 164.349915 25.000000
v 142.610375 164.349915 -75.000000
v 142.151787 165.244415 25.000000
v 142.151787 165.244415 -75.000000
v 141.649193 166.114944 25.000000
v 141.649193 166.114944 -75.000000
v 141.103814 166.959351 25.000000
v 141.103814 166.959351 -75.000000
v 140.517052 167.775513 -75.000000
v 140.517052 167.775513 25.000000
v 139.890313 168.561417 25.000000
v 139.890313 168.561417 -75.000000
v 139.225182 169.315094 25.000000
v 139.225182 169.315094 -75.000000
v 138.523308 170.034698 25.000000
v 138.523308 170.034698 -75.000000
v 137.786431 170.718399 25.000000
v 137.786431 170.718399 -75.000000
v 137.016411 171.364532 25.000000
v 137.016411 171.364532 -75.000000
v 136.215111 171.971481 25.000000
v 136.215111 171.971481 -75.000000
v 135.384575 172.537735 25.000000
v 135.384575 172.537735 -75.000000
v 134.526848 173.061890 25.000000
v 134.526848 173.061890 -75.000000
v 133.644066 173.542633 25.000000
v 133.644066 173.542633 -75.000000
v 132.738396 173.978775 25.000000
v 132.738396 173.978775 -75.000000
v 131.812127 174.369232 -75.000000
v 131.812127 174.369232 25.000000
v 130.867547 174.713028 25.000000
v 130.867547 174.713028 -75.000000
v 129.907006 175.009323 25.000000
v 129.907006 175.009323 -75.000000
v 128.932885 175.257370 25.000000
v 128.932885 175.257370 -75.000000
v 127.947594 175.456543 25.000000
v 127.947594 175.456543 -75.000000
v 126.953606 175.606354 25.000000
v 126.953606 175.606354 -75.000000
v 125.953423 175.706451 25.000000
v 125.953423 175.706451 -75.000000
v 124.949456 175.756546 25.000000
v 124.949456 175.756546 -75.000000
v 123.944237 175.756546 25.000000
v 123.944237 175.756546 -75.000000
v 122.940300 175.706451 25.000000
v 122.940300 175.706451 -75.000000
v 121.940087 175.606354 25.000000
v 121.940087 175.606354 -75.000000
v 120.946099 175.456543 25.000000
v 120.946099 175.456543 -75.000000
v 119.960839 175.257370 25.000000
v 119.960839 175.257370 -75.000000
v 118.986718 175.009323 25.000000
v 118.986718 175.009323 -75.000000
v 118.026146 174.713028 25.000000
v 118.026146 174.713028 -75.000000
v 117.081566 174.369232 25.000000
v 117.081566 174.369232 -75.000000
v 116.155297 173.978775 25.000000
v 116.155297 173.978775 -75.000000
v 115.249657 173.542633 25.000000
v 115.249657 173.542633 -75.000000
v 114.366845 173.061890 25.000000
v 114.366845 173.061890 -75.000000
v 113.509118 172.537735 25.000000
v 113.509118 172.537735 -75.000000
v 112.678582 171.971481 -75.000000
v 112.678582 171.971481 25.000000
v 111.877282 171.364532 25.000000
v 111.877282 171.364532 -75.000000
v 111.107262 170.718399 25.000000
v 111.107262 170.718399 -75.000000
v 110.370385 170.034698 25.000000
v 110.370385 170.034698 -75.000000
v 109.668511 169.315094 -75.000000
v 109.668511 169.315094 25.000000
v 109.003380 168.561417 25.000000
v 109.003380 168.561417 -75.000000
v 108.376671 167.775513 -75.000000
v 108.376671 167.775513 25.000000
v 107.789879 166.959351 25.000000
v 107.789879 166.959351 -75.000000
v 107.244500 166.114944 -75.000000
v 107.244500 166.114944 25.000000
v 106.741906 165.244415 25.000000
v 106.741906 165.244415 -75.000000
v 106.283318 164.349915 25.000000
v 106.283318 164.349915 -75.000000
v 105.869896 163.433655 25.000000
v 105.869896 163.433655 -75.000000
v 105.502648 162.497940 25.000000
v 105.502648 162.497940 -75.000000
v 105.182488 161.545074 25.000000
v 105.182488 161.545074 -75.000000
v 104.910241 160.577438 25.000000
v 104.910241 160.577438 -75.000000
v 104.686577 159.597443 25.000000
v 104.686577 159.597443 -75.000000
v 104.512017 158.607513 25.000000
v 104.512017 158.607513 -75.000000
v 104.387017 157.610107 25.000000
v 104.387017 157.610107 -75.000000
v 104.311913 156.607712 25.000000
v 104.311913 156.607712 -75.000000
v 315.001061 -3.533338 25.000000
v 315.001061 -3.533338 -75.000000
v 315.102501 -3.588581 -75.000000
v 315.102501 -3.588581 25.000000
v 315.206566 -3.638698 -75.000000
v 315.206566 -3.638698 25.000000
v 315.313012 -3.683566 25.000000
v 315.313012 -3.683566 -75.000000
v 315.421532 -3.723072 -75.000000
v 315.421532 -3.723072 25.000000
v 315.531945 -3.757119 25.000000
v 315.531945 -3.757119 -75.000000
v 315.643883 -3.785622 25.000000
v 315.643883 -3.785622 -75.000000
v 315.757103 -3.808510 -75.000000
v 315.757103 -3.808510 25.000000
v 315.871300 -3.825725 25.000000
v 315.871300 -3.825725 -75.000000
v 315.986229 -3.837226 -75.000000
v 315.986229 -3.837226 25.000000
v 316.101586 -3.842984 25.000000
v 316.101586 -3.842984 -75.000000
v 316.217125 -3.842984 -75.000000
v 316.217125 -3.842984 25.000000
v 316.332482 -3.837226 25.000000
v 316.332482 -3.837226 -75.000000
v 316.447411 -3.825725 25.000000
v 316.447411 -3.825725 -75.000000
v 316.561608 -3.808510 25.000000
v 316.561608 -3.808510 -75.000000
v 316.674828 -3.785622 25.000000
v 316.674828 -3.785622 -75.000000
v 316.786767 -3.757119 25.000000
v 316.786767 -3.757119 -75.000000
v 316.897179 -3.723072 -75.000000
v 316.897179 -3.723072 25.000000
v 317.005700 -3.683566 25.000000
v 317.005700 -3.683566 -75.000000
v 317.112145 -3.638698 25.000000
v 317.112145 -3.638698 -75.000000
v 317.216210 -3.588581 25.000000
v 317.216210 -3.588581 -75.000000
v 317.317650 -3.533338 -75.000000
v 317.317650 -3.533338 25.000000
v 302.605248 3.623372 -75.000000
v 302.605248 3.623372 25.000000
v 301.449852 5.514133 25.000000
v 301.446984 5.629606 -75.000000
v 301.449852 5.514133 -75.000000
v 301.458458 5.398948 -75.000000
v 301.446984 5.629606 25.000000
v 301.458458 5.398948 25.000000
v 301.472863 5.284335 25.000000
v 301.472863 5.284335 -75.000000
v 301.492882 5.170581 25.000000
v 301.492882 5.170581 -75.000000
v 301.518578 5.057968 -75.000000
v 301.518578 5.057968 25.000000
v 301.549889 4.946776 -75.000000
v 301.549889 4.946776 25.000000
v 301.586693 4.837282 25.000000
v 301.586693 4.837282 -75.000000
v 301.628869 4.729758 -75.000000
v 301.628869 4.729758 25.000000
v 301.676354 4.624472 25.000000
v 301.676354 4.624472 -75.000000
v 301.729088 4.521684 -75.000000
v 301.729088 4.521684 25.000000
v 301.786828 4.421650 25.000000
v 301.786828 4.421650 -75.000000
v 301.849511 4.324619 25.000000
v 301.849511 4.324619 -75.000000
v 301.916955 4.230833 25.000000
v 301.916955 4.230833 -75.000000
v 301.988915 4.140525 25.000000
v 301.988915 4.140525 -75.000000
v 302.065392 4.053918 25.000000
v 302.065392 4.053918 -75.000000
v 302.146019 3.971229 -75.000000
v 302.146019 3.971229 25.000000
v 302.230675 3.892663 25.000000
v 302.230675 3.892663 -75.000000
v 302.319176 3.818416 -75.000000
v 302.319176 3.818416 25.000000
v 302.411278 3.748671 25.000000
v 302.411278 3.748671 -75.000000
v 302.506676 3.683602 -75.000000
v 302.506676 3.683602 25.000000
v 301.446984 19.943027 25.000000
v 301.446984 19.943027 -75.000000
v 302.506676 21.889030 25.000000
v 302.605248 21.949261 -75.000000
v 302.506676 21.889030 -75.000000
v 302.605248 21.949261 25.000000
v 302.411278 21.823963 25.000000
v 302.411278 21.823963 -75.000000
v 302.319176 21.754217 25.000000
v 302.319176 21.754217 -75.000000
v 302.230675 21.679970 25.000000
v 302.230675 21.679970 -75.000000
v 302.146019 21.601404 -75.000000
v 302.146019 21.601404 25.000000
v 302.065392 21.518715 25.000000
v 302.065392 21.518715 -75.000000
v 301.988915 21.432110 25.000000
v 301.988915 21.432110 -75.000000
v 301.916955 21.341801 25.000000
v 301.916955 21.341801 -75.000000
v 301.849511 21.248014 25.000000
v 301.849511 21.248014 -75.000000
v 301.786828 21.150984 -75.000000
v 301.786828 21.150984 25.000000
v 301.729088 21.050951 25.000000
v 301.729088 21.050951 -75.000000
v 301.676354 20.948162 25.000000
v 301.676354 20.948162 -75.000000
v 301.628869 20.842875 25.000000
v 301.628869 20.842875 -75.000000
v 301.586693 20.735352 25.000000
v 301.586693 20.735352 -75.000000
v 301.549889 20.625856 -75.000000
v 301.549889 20.625856 25.000000
v 301.518578 20.514666 25.000000
v 301.518578 20.514666 -75.000000
v 301.492882 20.402052 25.000000
v 301.492882 20.402052 -75.000000
v 301.472863 20.288298 25.000000
v 301.472863 20.288298 -75.000000
v 301.458458 20.173685 25.000000
v 301.458458 20.173685 -75.000000
v 301.449852 20.058500 25.000000
v 301.449852 20.058500 -75.000000
v 315.001061 29.105972 -75.000000
v 315.001061 29.105972 25.000000
v 317.317650 29.105972 25.000000
v 317.317650 29.105972 -75.000000
v 317.216210 29.161213 -75.000000
v 317.216210 29.161213 25.000000
v 317.112145 29.211330 -75.000000
v 317.112145 29.211330 25.000000
v 317.005700 29.256199 25.000000
v 317.005700 29.256199 -75.000000
v 316.897179 29.295708 -75.000000
v 316.897179 29.295708 25.000000
v 316.786767 29.329754 25.000000
v 316.786767 29.329754 -75.000000
v 316.674828 29.358257 25.000000
v 316.674828 29.358257 -75.000000
v 316.561608 29.381142 -75.000000
v 316.561608 29.381142 25.000000
v 316.447411 29.398357 25.000000
v 316.447411 29.398357 -75.000000
v 316.332482 29.409859 -75.000000
v 316.332482 29.409859 25.000000
v 316.217125 29.415619 25.000000
v 316.217125 29.415619 -75.000000
v 316.101586 29.415619 -75.000000
v 316.101586 29.415619 25.000000
v 315.986229 29.409859 25.000000
v 315.986229 29.409859 -75.000000
v 315.871300 29.398357 25.000000
v 315.871300 29.398357 -75.000000
v 315.757103 29.381142 25.000000
v 315.757103 29.381142 -75.000000
v 315.643883 29.358257 25.000000
v 315.643883 29.358257 -75.000000
v 315.531945 29.329754 -75.000000
v 315.531945 29.329754 25.000000
v 315.421532 29.295708 25.000000
v 315.421532 29.295708 -75.000000
v 315.313012 29.256199 25.000000
v 315.313012 29.256199 -75.000000
v 315.206566 29.211330 25.000000
v 315.206566 29.211330 -75.000000
v 315.102501 29.161213 25.000000
v 315.102501 29.161213 -75.000000
v 329.713463 21.949261 -75.000000
v 329.713463 21.949261 25.000000
v 330.868859 20.058500 25.000000
v 330.871727 19.943027 -75.000000
v 330.868859 20.058500 -75.000000
v 330.871727 19.943027 25.000000
v 330.860253 20.173685 25.000000
v 330.860253 20.173685 -75.000000
v 330.845849 20.288298 25.000000
v 330.845849 20.288298 -75.000000
v 330.825829 20.402052 25.000000
v 330.825829 20.402052 -75.000000
v 330.800072 20.514666 25.000000
v 330.800072 20.514666 -75.000000
v 330.768822 20.625856 -75.000000
v 330.768822 20.625856 25.000000
v 330.732018 20.735352 25.000000
v 330.732018 20.735352 -75.000000
v 330.689843 20.842875 25.000000
v 330.689843 20.842875 -75.000000
v 330.642296 20.948162 -75.000000
v 330.642296 20.948162 25.000000
v 330.589623 21.050951 25.000000
v 330.589623 21.050951 -75.000000
v 330.531884 21.150984 25.000000
v 330.531884 21.150984 -75.000000
v 330.469201 21.248014 25.000000
v 330.469201 21.248014 -75.000000
v 330.401757 21.341801 25.000000
v 330.401757 21.341801 -75.000000
v 330.329735 21.432110 25.000000
v 330.329735 21.432110 -75.000000
v 330.253319 21.518715 25.000000
v 330.253319 21.518715 -75.000000
v 330.172692 21.601404 25.000000
v 330.172692 21.601404 -75.000000
v 330.087975 21.679970 25.000000
v 330.087975 21.679970 -75.000000
v 329.999535 21.754217 25.000000
v 329.999535 21.754217 -75.000000
v 329.907433 21.823963 25.000000
v 329.907433 21.823963 -75.000000
v 329.811974 21.889030 25.000000
v 329.811974 21.889030 -75.000000
v 330.871727 5.629606 -75.000000
v 330.871727 5.629606 25.000000
v 329.811974 3.683602 25.000000
v 329.713463 3.623372 -75.000000
v 329.811974 3.683602 -75.000000
v 329.713463 3.623372 25.000000
v 329.907433 3.748671 25.000000
v 329.907433 3.748671 -75.000000
v 329.999535 3.818416 25.000000
v 329.999535 3.818416 -75.000000
v 330.087975 3.892663 25.000000
v 330.087975 3.892663 -75.000000
v 330.172692 3.971229 -75.000000
v 330.172692 3.971229 25.000000
v 330.253319 4.053918 25.000000
v 330.253319 4.053918 -75.000000
v 330.329735 4.140525 25.000000
v 330.329735 4.140525 -75.000000
v 330.401757 4.230833 25.000000
v 330.401757 4.230833 -75.000000
v 330.469201 4.324619 25.000000
v 330.469201 4.324619 -75.000000
v 330.531884 4.421650 -75.000000
v 330.531884 4.421650 25.000000
v 330.589623 4.521684 25.000000
v 330.589623 4.521684 -75.000000
v 330.642296 4.624472 25.000000
v 330.642296 4.624472 -75.000000
v 330.689843 4.729758 25.000000
v 330.689843 4.729758 -75.000000
v 330.732018 4.837282 25.000000
v 330.732018 4.837282 -75.000000
v 330.768822 4.946776 -75.000000
v 330.768822 4.946776 25.000000
v 330.800072 5.057968 25.000000
v 330.800072 5.057968 -75.000000
v 330.825829 5.170581 25.000000
v 330.825829 5.170581 -75.000000
v 330.845849 5.284335 25.000000
v 330.845849 5.284335 -75.000000
v 330.860253 5.398948 25.000000
v 330.860253 5.398948 -75.000000
v 330.868859 5.514133 25.000000
v 330.868859 5.514133 -75.000000
v 258.815575 96.786011 -35.000000
v 255.300805 96.786011 -75.000000
v 258.815575 96.786011 -75.000000
v 255.300805 96.786011 -35.000000
v 253.179528 97.664688 -35.000000
v 253.179528 97.664688 -75.000000
v 253.286156 97.563156 -75.000000
v 253.286156 97.563156 -35.000000
v 253.397667 97.466980 -75.000000
v 253.397667 97.466980 -35.000000
v 253.513756 97.376389 -35.000000
v 253.513756 97.376389 -75.000000
v 253.634118 97.291603 -35.000000
v 253.634118 97.291603 -75.000000
v 253.758507 97.212822 -35.000000
v 253.758507 97.212822 -75.000000
v 253.886620 97.140244 -35.000000
v 253.886620 97.140244 -75.000000
v 254.018151 97.074043 -75.000000
v 254.018151 97.074043 -35.000000
v 254.152794 97.014366 -35.000000
v 254.152794 97.014366 -75.000000
v 254.290184 96.961380 -35.000000
v 254.290184 96.961380 -75.000000
v 254.429955 96.915184 -75.000000
v 254.429955 96.915184 -35.000000
v 254.571862 96.875916 -35.000000
v 254.571862 96.875916 -75.000000
v 254.715538 96.843651 -35.000000
v 254.715538 96.843651 -75.000000
v 254.860619 96.818481 -35.000000
v 254.860619 96.818481 -75.000000
v 255.006798 96.800453 -75.000000
v 255.006798 96.800453 -35.000000
v 255.153649 96.789619 -35.000000
v 255.153649 96.789619 -75.000000
v 237.936852 112.907326 -75.000000
v 237.936852 112.907326 -35.000000
v 237.058190 115.028648 -35.000000
v 237.058190 115.028648 -75.000000
v 237.061791 114.881447 -75.000000
v 237.061791 114.881447 -35.000000
v 237.072655 114.734596 -75.000000
v 237.072655 114.734596 -35.000000
v 237.090661 114.588455 -35.000000
v 237.090661 114.588455 -75.000000
v 237.115807 114.443375 -35.000000
v 237.115807 114.443375 -75.000000
v 237.148095 114.299706 -35.000000
v 237.148095 114.299706 -75.000000
v 237.187340 114.157799 -35.000000
v 237.187340 114.157799 -75.000000
v 237.233544 114.017982 -35.000000
v 237.233544 114.017982 -75.000000
v 237.286522 113.880600 -35.000000
v 237.286522 113.880600 -75.000000
v 237.346215 113.745987 -75.000000
v 237.346215 113.745987 -35.000000
v 237.412438 113.614456 -35.000000
v 237.412438 113.614456 -75.000000
v 237.485009 113.486343 -75.000000
v 237.485009 113.486343 -35.000000
v 237.563805 113.361938 -35.000000
v 237.563805 113.361938 -75.000000
v 237.648583 113.241554 -75.000000
v 237.648583 113.241554 -35.000000
v 237.739159 113.125473 -75.000000
v 237.739159 113.125473 -35.000000
v 237.835351 113.013969 -35.000000
v 237.835351 113.013969 -75.000000
v 237.058190 131.106522 -75.000000
v 237.058190 131.106522 -35.000000
v 240.058190 134.106522 -35.000000
v 240.058190 134.106522 -75.000000
v 239.910973 134.102905 -75.000000
v 239.910973 134.102905 -35.000000
v 239.764122 134.092072 -75.000000
v 239.764122 134.092072 -35.000000
v 239.618004 134.074051 -35.000000
v 239.618004 134.074051 -75.000000
v 239.472924 134.048874 -35.000000
v 239.472924 134.048874 -75.000000
v 239.329247 134.016617 -35.000000
v 239.329247 134.016617 -75.000000
v 239.187340 133.977341 -35.000000
v 239.187340 133.977341 -75.000000
v 239.047509 133.931152 -75.000000
v 239.047509 133.931152 -35.000000
v 238.910119 133.878159 -35.000000
v 238.910119 133.878159 -75.000000
v 238.775536 133.818481 -35.000000
v 238.775536 133.818481 -75.000000
v 238.644005 133.752274 -75.000000
v 238.644005 133.752274 -35.000000
v 238.515893 133.679703 -35.000000
v 238.515893 133.679703 -75.000000
v 238.391503 133.600922 -35.000000
v 238.391503 133.600922 -75.000000
v 238.271080 133.516144 -35.000000
v 238.271080 133.516144 -75.000000
v 238.154992 133.425552 -75.000000
v 238.154992 133.425552 -35.000000
v 238.043541 133.329376 -35.000000
v 238.043541 133.329376 -75.000000
v 237.936852 133.227844 -75.000000
v 237.936852 133.227844 -35.000000
v 237.835351 133.121201 -35.000000
v 237.835351 133.121201 -75.000000
v 237.739159 133.009689 -75.000000
v 237.739159 133.009689 -35.000000
v 237.648583 132.893616 -35.000000
v 237.648583 132.893616 -75.000000
v 237.563805 132.773224 -35.000000
v 237.563805 132.773224 -75.000000
v 237.485009 132.648819 -35.000000
v 237.485009 132.648819 -75.000000
v 237.412438 132.520706 -35.000000
v 237.412438 132.520706 -75.000000
v 237.346215 132.389175 -35.000000
v 237.346215 132.389175 -75.000000
v 237.286522 132.254562 -35.000000
v 237.286522 132.254562 -75.000000
v 237.233544 132.117188 -75.000000
v 237.233544 132.117188 -35.000000
v 237.187340 131.977371 -35.000000
v 237.187340 131.977371 -75.000000
v 237.148095 131.835464 -35.000000
v 237.148095 131.835464 -75.000000
v 237.115807 131.691788 -35.000000
v 237.115807 131.691788 -75.000000
v 237.090661 131.546707 -35.000000
v 237.090661 131.546707 -75.000000
v 237.072655 131.400574 -35.000000
v 237.072655 131.400574 -75.000000
v 237.061791 131.253723 -75.000000
v 237.061791 131.253723 -35.000000
v 274.058190 134.106522 -75.000000
v 274.058190 134.106522 -35.000000
v 277.058190 131.106522 -35.000000
v 277.058190 131.106522 -75.000000
v 277.054589 131.253723 -75.000000
v 277.054589 131.253723 -35.000000
v 277.043725 131.400574 -75.000000
v 277.043725 131.400574 -35.000000
v 277.025719 131.546707 -35.000000
v 277.025719 131.546707 -75.000000
v 277.000573 131.691788 -35.000000
v 277.000573 131.691788 -75.000000
v 276.968285 131.835464 -35.000000
v 276.968285 131.835464 -75.000000
v 276.929039 131.977371 -35.000000
v 276.929039 131.977371 -75.000000
v 276.882836 132.117188 -75.000000
v 276.882836 132.117188 -35.000000
v 276.829857 132.254562 -35.000000
v 276.829857 132.254562 -75.000000
v 276.770165 132.389175 -35.000000
v 276.770165 132.389175 -75.000000
v 276.703942 132.520706 -75.000000
v 276.703942 132.520706 -35.000000
v 276.631371 132.648819 -35.000000
v 276.631371 132.648819 -75.000000
v 276.552575 132.773224 -35.000000
v 276.552575 132.773224 -75.000000
v 276.467797 132.893616 -35.000000
v 276.467797 132.893616 -75.000000
v 276.377221 133.009689 -75.000000
v 276.377221 133.009689 -35.000000
v 276.281029 133.121201 -35.000000
v 276.281029 133.121201 -75.000000
v 276.179528 133.227844 -75.000000
v 276.179528 133.227844 -35.000000
v 276.072838 133.329376 -35.000000
v 276.072838 133.329376 -75.000000
v 275.961388 133.425552 -75.000000
v 275.961388 133.425552 -35.000000
v 275.845299 133.516144 -35.000000
v 275.845299 133.516144 -75.000000
v 275.724877 133.600922 -35.000000
v 275.724877 133.600922 -75.000000
v 275.600487 133.679703 -35.000000
v 275.600487 133.679703 -75.000000
v 275.472374 133.752274 -35.000000
v 275.472374 133.752274 -75.000000
v 275.340844 133.818481 -35.000000
v 275.340844 133.818481 -75.000000
v 275.206261 133.878159 -35.000000
v 275.206261 133.878159 -75.000000
v 275.068871 133.931152 -75.000000
v 275.068871 133.931152 -35.000000
v 274.929039 133.977341 -35.000000
v 274.929039 133.977341 -75.000000
v 274.787133 134.016617 -35.000000
v 274.787133 134.016617 -75.000000
v 274.643456 134.048874 -35.000000
v 274.643456 134.048874 -75.000000
v 274.498375 134.074051 -35.000000
v 274.498375 134.074051 -75.000000
v 274.352257 134.092072 -35.000000
v 274.352257 134.092072 -75.000000
v 274.205407 134.102905 -75.000000
v 274.205407 134.102905 -35.000000
v 277.058190 115.028648 -75.000000
v 277.058190 115.028648 -35.000000
v 276.179528 112.907326 -35.000000
v 276.179528 112.907326 -75.000000
v 276.281029 113.013969 -75.000000
v 276.281029 113.013969 -35.000000
v 276.377221 113.125473 -75.000000
v 276.377221 113.125473 -35.000000
v 276.467797 113.241554 -35.000000
v 276.467797 113.241554 -75.000000
v 276.552575 113.361938 -35.000000
v 276.552575 113.361938 -75.000000
v 276.631371 113.486343 -35.000000
v 276.631371 113.486343 -75.000000
v 276.703942 113.614456 -35.000000
v 276.703942 113.614456 -75.000000
v 276.770165 113.745987 -75.000000
v 276.770165 113.745987 -35.000000
v 276.829857 113.880600 -35.000000
v 276.829857 113.880600 -75.000000
v 276.882836 114.017982 -35.000000
v 276.882836 114.017982 -75.000000
v 276.929039 114.157799 -75.000000
v 276.929039 114.157799 -35.000000
v 276.968285 114.299706 -35.000000
v 276.968285 114.299706 -75.000000
v 277.000573 114.443375 -35.000000
v 277.000573 114.443375 -75.000000
v 277.025719 114.588455 -35.000000
v 277.025719 114.588455 -75.000000
v 277.043725 114.734596 -75.000000
v 277.043725 114.734596 -35.000000
v 277.054589 114.881447 -35.000000
v 277.054589 114.881447 -75.000000
v 260.936852 97.664688 -75.000000
v 260.936852 97.664688 -35.000000
v 258.962731 96.789619 -35.000000
v 258.962731 96.789619 -75.000000
v 259.109581 96.800453 -35.000000
v 259.109581 96.800453 -75.000000
v 259.255761 96.818481 -75.000000
v 259.255761 96.818481 -35.000000
v 259.400841 96.843651 -35.000000
v 259.400841 96.843651 -75.000000
v 259.544518 96.875916 -35.000000
v 259.544518 96.875916 -75.000000
v 259.686425 96.915184 -75.000000
v 259.686425 96.915184 -35.000000
v 259.826195 96.961380 -35.000000
v 259.826195 96.961380 -75.000000
v 259.963585 97.014366 -35.000000
v 259.963585 97.014366 -75.000000
v 260.098229 97.074043 -35.000000
v 260.098229 97.074043 -75.000000
v 260.229760 97.140244 -35.000000
v 260.229760 97.140244 -75.000000
v 260.357872 97.212822 -35.000000
v 260.357872 97.212822 -75.000000
v 260.482262 97.291603 -35.000000
v 260.482262 97.291603 -75.000000
v 260.602623 97.376389 -35.000000
v 260.602623 97.376389 -75.000000
v 260.718712 97.466980 -75.000000
v 260.718712 97.466980 -35.000000
v 260.830224 97.563156 -35.000000
v 260.830224 97.563156 -75.000000
v 252.659874 102.704971 -35.000000
v 252.868798 102.490807 -35.000000
v 253.088097 102.287323 -35.000000
v 252.461937 102.929283 -35.000000
v 253.317223 102.095016 -35.000000
v 252.275414 103.163185 -35.000000
v 253.555748 101.914383 -35.000000
v 252.100731 103.406090 -35.000000
v 253.802941 101.745850 -35.000000
v 251.938439 103.657394 -35.000000
v 254.058190 101.589859 -35.000000
v 251.788842 103.916481 -35.000000
v 254.320946 101.446777 -35.000000
v 251.652367 104.182709 -35.000000
v 254.590477 101.316971 -35.000000
v 251.529320 104.455399 -35.000000
v 254.866112 101.200768 -35.000000
v 251.420006 104.733887 -35.000000
v 255.147240 101.098442 -35.000000
v 251.324730 105.017479 -35.000000
v 255.433129 101.010262 -35.000000
v 251.243737 105.305466 -35.000000
v 255.723046 100.936440 -35.000000
v 251.177147 105.597130 -35.000000
v 256.016320 100.877159 -35.000000
v 251.125206 105.891754 -35.000000
v 256.312096 100.832573 -35.000000
v 251.087975 106.188599 -35.000000
v 256.609826 100.802788 -35.000000
v 251.065636 106.486931 -35.000000
v 256.908593 100.787872 -35.000000
v 251.058190 106.786011 -35.000000
v 257.207787 100.787872 -35.000000
v 251.065636 107.085083 -35.000000
v 257.506554 100.802788 -35.000000
v 251.087975 107.383415 -35.000000
v 257.804223 100.832573 -35.000000
v 251.125206 107.680260 -35.000000
v 258.100060 100.877159 -35.000000
v 251.177147 107.974884 -35.000000
v 258.393334 100.936440 -35.000000
v 251.243737 108.266556 -35.000000
v 258.683251 101.010262 -35.000000
v 251.324730 108.554543 -35.000000
v 258.969079 101.098442 -35.000000
v 251.420006 108.838127 -35.000000
v 259.250206 101.200768 -35.000000
v 259.525902 101.316971 -35.000000
v 259.795434 101.446777 -35.000000
v 260.058190 101.589859 -35.000000
v 260.313439 101.745850 -35.000000
v 260.560631 101.914383 -35.000000
v 242.659874 120.025482 -35.000000
v 242.868798 119.811317 -35.000000
v 243.088097 119.607826 -35.000000
v 242.461937 120.249794 -35.000000
v 243.317223 119.415527 -35.000000
v 242.275414 120.483688 -35.000000
v 243.555748 119.234886 -35.000000
v 242.100731 120.726593 -35.000000
v 243.802941 119.066360 -35.000000
v 260.799157 102.095016 -35.000000
v 241.938439 120.977905 -35.000000
v 244.058190 118.910362 -35.000000
v 241.788842 121.236992 -35.000000
v 244.320946 118.767288 -35.000000
v 241.652367 121.503212 -35.000000
v 244.590477 118.637482 -35.000000
v 241.529320 121.775909 -35.000000
v 261.028283 102.287323 -35.000000
v 244.866112 118.521271 -35.000000
v 241.420006 122.054398 -35.000000
v 245.147240 118.418953 -35.000000
v 241.324730 122.337982 -35.000000
v 261.247582 102.490807 -35.000000
v 245.433129 118.330772 -35.000000
v 241.243737 122.625969 -35.000000
v 245.723046 118.256950 -35.000000
v 241.177147 122.917641 -35.000000
v 261.456505 102.704971 -35.000000
v 246.016320 118.197670 -35.000000
v 251.529320 109.116615 -35.000000
v 241.125206 123.212265 -35.000000
v 246.312096 118.153084 -35.000000
v 251.652367 109.389313 -35.000000
v 261.654442 102.929283 -35.000000
v 241.087975 123.509109 -35.000000
v 246.609826 118.123291 -35.000000
v 251.788842 109.655533 -35.000000
v 241.065636 123.807442 -35.000000
v 261.840966 103.163185 -35.000000
v 246.908593 118.108383 -35.000000
v 251.938439 109.914619 -35.000000
v 247.207787 118.108383 -35.000000
v 252.100731 110.165932 -35.000000
v 262.015648 103.406090 -35.000000
v 247.506554 118.123291 -35.000000
v 252.275414 110.408836 -35.000000
v 262.177941 103.657394 -35.000000
v 247.804223 118.153084 -35.000000
v 252.461937 110.642731 -35.000000
v 262.327538 103.916481 -35.000000
v 248.100060 118.197670 -35.000000
v 252.659874 110.867043 -35.000000
v 262.464013 104.182709 -35.000000
v 248.393334 118.256950 -35.000000
v 252.868798 111.081207 -35.000000
v 248.683251 118.330772 -35.000000
v 253.088097 111.284698 -35.000000
v 248.969079 118.418953 -35.000000
v 253.317223 111.476997 -35.000000
v 249.250206 118.521271 -35.000000
v 253.555748 111.657639 -35.000000
v 249.525902 118.637482 -35.000000
v 253.802941 111.826164 -35.000000
v 241.058190 124.106514 -35.000000
v 241.420006 126.158630 -35.000000
v 241.529320 126.437119 -35.000000
v 241.324730 125.875046 -35.000000
v 241.243737 125.587067 -35.000000
v 241.177147 125.295395 -35.000000
v 241.125206 125.000763 -35.000000
v 241.087975 124.703918 -35.000000
v 241.065636 124.405594 -35.000000
v 241.652367 126.709824 -35.000000
v 249.795434 118.767288 -35.000000
v 254.058190 111.982162 -35.000000
v 241.788842 126.976044 -35.000000
v 250.058190 118.910362 -35.000000
v 254.320946 112.125237 -35.000000
v 241.938439 127.235123 -35.000000
v 250.313439 119.066360 -35.000000
v 254.590477 112.255043 -35.000000
v 242.100731 127.486435 -35.000000
v 250.560631 119.234886 -35.000000
v 254.866112 112.371254 -35.000000
v 242.275414 127.729340 -35.000000
v 250.799157 119.415527 -35.000000
v 255.147240 112.473572 -35.000000
v 242.461937 127.963242 -35.000000
v 251.028283 119.607826 -35.000000
v 255.433129 112.561752 -35.000000
v 242.659874 128.187546 -35.000000
v 251.247582 119.811317 -35.000000
v 255.723046 112.635574 -35.000000
v 242.868798 128.401718 -35.000000
v 251.456505 120.025482 -35.000000
v 256.016320 112.694855 -35.000000
v 251.654442 120.249794 -35.000000
v 256.312096 112.739441 -35.000000
v 251.840966 120.483688 -35.000000
v 256.609826 112.769234 -35.000000
v 252.015648 120.726593 -35.000000
v 256.908593 112.784142 -35.000000
v 252.177941 120.977905 -35.000000
v 257.207787 112.784142 -35.000000
v 244.058190 129.302673 -35.000000
v 244.320946 129.445755 -35.000000
v 243.802941 129.146667 -35.000000
v 243.555748 128.978149 -35.000000
v 243.317223 128.797501 -35.000000
v 243.088097 128.605209 -35.000000
v 244.590477 129.575546 -35.000000
v 244.866112 129.691757 -35.000000
v 245.147240 129.794083 -35.000000
v 245.433129 129.882263 -35.000000
v 245.723046 129.956085 -35.000000
v 246.016320 130.015366 -35.000000
v 246.312096 130.059952 -35.000000
v 246.609826 130.089737 -35.000000
v 246.908593 130.104645 -35.000000
v 247.207787 130.104645 -35.000000
v 247.506554 130.089737 -35.000000
v 247.804223 130.059952 -35.000000
v 248.100060 130.015366 -35.000000
v 248.393334 129.956085 -35.000000
v 262.868798 119.811317 -35.000000
v 258.393334 112.635574 -35.000000
v 258.683251 112.561752 -35.000000
v 262.659874 120.025482 -35.000000
v 258.100060 112.694855 -35.000000
v 263.088097 119.607826 -35.000000
v 258.969079 112.473572 -35.000000
v 262.461937 120.249794 -35.000000
v 257.804223 112.739441 -35.000000
v 263.317223 119.415527 -35.000000
v 259.250206 112.371254 -35.000000
v 262.275414 120.483688 -35.000000
v 257.506554 112.769234 -35.000000
v 263.555748 119.234886 -35.000000
v 259.525902 112.255043 -35.000000
v 262.100731 120.726593 -35.000000
v 263.802941 119.066360 -35.000000
v 259.795434 112.125237 -35.000000
v 261.938439 120.977905 -35.000000
v 264.058190 118.910362 -35.000000
v 260.058190 111.982162 -35.000000
v 261.788842 121.236992 -35.000000
v 252.327538 121.236992 -35.000000
v 264.320946 118.767288 -35.000000
v 260.313439 111.826164 -35.000000
v 261.652367 121.503212 -35.000000
v 252.464013 121.503212 -35.000000
v 264.590477 118.637482 -35.000000
v 260.560631 111.657639 -35.000000
v 261.529320 121.775909 -35.000000
v 252.587059 121.775909 -35.000000
v 264.866112 118.521271 -35.000000
v 260.799157 111.476997 -35.000000
v 261.420006 122.054398 -35.000000
v 252.696373 122.054398 -35.000000
v 252.791649 122.337982 -35.000000
v 265.147240 118.418953 -35.000000
v 261.028283 111.284698 -35.000000
v 261.324730 122.337982 -35.000000
v 265.433129 118.330772 -35.000000
v 261.247582 111.081207 -35.000000
v 261.243737 122.625969 -35.000000
v 252.872643 122.625969 -35.000000
v 265.723046 118.256950 -35.000000
v 261.456505 110.867043 -35.000000
v 261.177147 122.917641 -35.000000
v 252.939232 122.917641 -35.000000
v 252.991173 123.212265 -35.000000
v 266.016320 118.197670 -35.000000
v 261.654442 110.642731 -35.000000
v 261.125206 123.212265 -35.000000
v 253.028344 123.509109 -35.000000
v 266.312096 118.153084 -35.000000
v 261.840966 110.408836 -35.000000
v 261.087975 123.509109 -35.000000
v 266.609826 118.123291 -35.000000
v 262.015648 110.165932 -35.000000
v 261.065636 123.807442 -35.000000
v 253.050744 123.807442 -35.000000
v 266.908593 118.108383 -35.000000
v 262.177941 109.914619 -35.000000
v 261.058190 124.106514 -35.000000
v 253.058190 124.106514 -35.000000
v 267.207787 118.108383 -35.000000
v 262.327538 109.655533 -35.000000
v 261.065636 124.405594 -35.000000
v 253.050744 124.405594 -35.000000
v 267.506554 118.123291 -35.000000
v 262.464013 109.389313 -35.000000
v 261.087975 124.703918 -35.000000
v 253.028344 124.703918 -35.000000
v 267.804223 118.153084 -35.000000
v 262.587059 109.116615 -35.000000
v 261.125206 125.000763 -35.000000
v 252.991173 125.000763 -35.000000
v 268.100060 118.197670 -35.000000
v 262.696373 108.838127 -35.000000
v 261.177147 125.295395 -35.000000
v 252.939232 125.295395 -35.000000
v 261.243737 125.587067 -35.000000
v 252.872643 125.587067 -35.000000
v 261.324730 125.875046 -35.000000
v 252.791649 125.875046 -35.000000
v 261.420006 126.158630 -35.000000
v 252.696373 126.158630 -35.000000
v 261.529320 126.437119 -35.000000
v 252.587059 126.437119 -35.000000
v 261.652367 126.709824 -35.000000
v 252.464013 126.709824 -35.000000
v 261.788842 126.976044 -35.000000
v 252.327538 126.976044 -35.000000
v 262.872643 108.266556 -35.000000
v 262.939232 107.974884 -35.000000
v 262.791649 108.554543 -35.000000
v 268.393334 118.256950 -35.000000
v 268.683251 118.330772 -35.000000
v 268.969079 118.418953 -35.000000
v 269.250206 118.521271 -35.000000
v 269.525902 118.637482 -35.000000
v 269.795434 118.767288 -35.000000
v 270.058190 118.910362 -35.000000
v 262.587059 104.455399 -35.000000
v 262.696373 104.733887 -35.000000
v 262.791649 105.017479 -35.000000
v 262.872643 105.305466 -35.000000
v 262.939232 105.597130 -35.000000
v 262.991173 105.891754 -35.000000
v 263.028344 106.188599 -35.000000
v 263.050744 106.486931 -35.000000
v 263.058190 106.786011 -35.000000
v 263.050744 107.085083 -35.000000
v 263.028344 107.383415 -35.000000
v 262.991173 107.680260 -35.000000
v 261.938439 127.235123 -35.000000
v 252.177941 127.235123 -35.000000
v 270.313439 119.066360 -35.000000
v 262.100731 127.486435 -35.000000
v 252.015648 127.486435 -35.000000
v 262.275414 127.729340 -35.000000
v 251.840966 127.729340 -35.000000
v 262.461937 127.963242 -35.000000
v 251.654442 127.963242 -35.000000
v 262.659874 128.187546 -35.000000
v 251.456505 128.187546 -35.000000
v 262.868798 128.401718 -35.000000
v 251.247582 128.401718 -35.000000
v 263.088097 128.605209 -35.000000
v 251.028283 128.605209 -35.000000
v 270.560631 119.234886 -35.000000
v 270.799157 119.415527 -35.000000
v 271.028283 119.607826 -35.000000
v 271.247582 119.811317 -35.000000
v 271.456505 120.025482 -35.000000
v 271.654442 120.249794 -35.000000
v 263.317223 128.797501 -35.000000
v 250.799157 128.797501 -35.000000
v 271.840966 120.483688 -35.000000
v 263.555748 128.978149 -35.000000
v 250.560631 128.978149 -35.000000
v 272.015648 120.726593 -35.000000
v 263.802941 129.146667 -35.000000
v 250.313439 129.146667 -35.000000
v 272.177941 120.977905 -35.000000
v 264.058190 129.302673 -35.000000
v 250.058190 129.302673 -35.000000
v 272.327538 121.236992 -35.000000
v 264.320946 129.445755 -35.000000
v 249.795434 129.445755 -35.000000
v 272.464013 121.503212 -35.000000
v 264.590477 129.575546 -35.000000
v 249.525902 129.575546 -35.000000
v 272.587059 121.775909 -35.000000
v 264.866112 129.691757 -35.000000
v 249.250206 129.691757 -35.000000
v 272.696373 122.054398 -35.000000
v 272.791649 122.337982 -35.000000
v 272.872643 122.625969 -35.000000
v 272.939232 122.917641 -35.000000
v 272.991173 123.212265 -35.000000
v 273.028344 123.509109 -35.000000
v 273.050744 123.807442 -35.000000
v 273.058190 124.106514 -35.000000
v 273.050744 124.405594 -35.000000
v 273.028344 124.703918 -35.000000
v 272.991173 125.000763 -35.000000
v 272.939232 125.295395 -35.000000
v 272.872643 125.587067 -35.000000
v 272.791649 125.875046 -35.000000
v 272.696373 126.158630 -35.000000
v 272.587059 126.437119 -35.000000
v 272.464013 126.709824 -35.000000
v 272.327538 126.976044 -35.000000
v 272.177941 127.235123 -35.000000
v 272.015648 127.486435 -35.000000
v 271.840966 127.729340 -35.000000
v 271.654442 127.963242 -35.000000
v 271.456505 128.187546 -35.000000
v 271.247582 128.401718 -35.000000
v 271.028283 128.605209 -35.000000
v 270.799157 128.797501 -35.000000
v 270.560631 128.978149 -35.000000
v 270.313439 129.146667 -35.000000
v 270.058190 129.302673 -35.000000
v 269.795434 129.445755 -35.000000
v 269.525902 129.575546 -35.000000
v 269.250206 129.691757 -35.000000
v 268.969079 129.794083 -35.000000
v 268.683251 129.882263 -35.000000
v 268.393334 129.956085 -35.000000
v 268.100060 130.015366 -35.000000
v 267.804223 130.059952 -35.000000
v 267.506554 130.089737 -35.000000
v 267.207787 130.104645 -35.000000
v 266.908593 130.104645 -35.000000
v 266.609826 130.089737 -35.000000
v 266.312096 130.059952 -35.000000
v 266.016320 130.015366 -35.000000
v 265.723046 129.956085 -35.000000
v 248.683251 129.882263 -35.000000
v 248.969079 129.794083 -35.000000
v 265.433129 129.882263 -35.000000
v 265.147240 129.794083 -35.000000
v 261.058190 124.106514 25.000000
v 261.065636 123.807442 25.000000
v 261.087975 123.509109 25.000000
v 261.125206 123.212265 25.000000
v 261.177147 122.917641 25.000000
v 261.243737 122.625969 25.000000
v 261.324730 122.337982 25.000000
v 261.420006 122.054398 25.000000
v 261.529320 121.775909 25.000000
v 261.652367 121.503212 25.000000
v 261.788842 121.236992 25.000000
v 261.938439 120.977905 25.000000
v 262.100731 120.726593 25.000000
v 262.275414 120.483688 25.000000
v 262.461937 120.249794 25.000000
v 262.659874 120.025482 25.000000
v 262.868798 119.811317 25.000000
v 263.088097 119.607826 25.000000
v 263.317223 119.415527 25.000000
v 263.555748 119.234886 25.000000
v 263.802941 119.066360 25.000000
v 264.058190 118.910362 25.000000
v 264.320946 118.767288 25.000000
v 264.590477 118.637482 25.000000
v 264.866112 118.521271 25.000000
v 265.147240 118.418953 25.000000
v 265.433129 118.330772 25.000000
v 265.723046 118.256950 25.000000
v 266.016320 118.197670 25.000000
v 266.312096 118.153084 25.000000
v 266.609826 118.123291 25.000000
v 266.908593 118.108383 25.000000
v 267.207787 118.108383 25.000000
v 267.506554 118.123291 25.000000
v 267.804223 118.153084 25.000000
v 268.100060 118.197670 25.000000
v 268.393334 118.256950 25.000000
v 268.683251 118.330772 25.000000
v 268.969079 118.418953 25.000000
v 269.250206 118.521271 25.000000
v 269.525902 118.637482 25.000000
v 269.795434 118.767288 25.000000
v 270.058190 118.910362 25.000000
v 270.313439 119.066360 25.000000
v 270.560631 119.234886 25.000000
v 270.799157 119.415527 25.000000
v 271.028283 119.607826 25.000000
v 271.247582 119.811317 25.000000
v 271.456505 120.025482 25.000000
v 271.654442 120.249794 25.000000
v 271.840966 120.483688 25.000000
v 272.015648 120.726593 25.000000
v 272.177941 120.977905 25.000000
v 272.327538 121.236992 25.000000
v 272.464013 121.503212 25.000000
v 272.587059 121.775909 25.000000
v 272.696373 122.054398 25.000000
v 272.791649 122.337982 25.000000
v 272.872643 122.625969 25.000000
v 272.939232 122.917641 25.000000
v 272.991173 123.212265 25.000000
v 273.028344 123.509109 25.000000
v 273.050744 123.807442 25.000000
v 273.058190 124.106514 25.000000
v 273.050744 124.405594 25.000000
v 273.028344 124.703918 25.000000
v 272.991173 125.000763 25.000000
v 272.939232 125.295395 25.000000
v 272.872643 125.587067 25.000000
v 272.791649 125.875046 25.000000
v 272.696373 126.158630 25.000000
v 272.587059 126.437119 25.000000
v 272.464013 126.709824 25.000000
v 272.327538 126.976044 25.000000
v 272.177941 127.235123 25.000000
v 272.015648 127.486435 25.000000
v 271.840966 127.729340 25.000000
v 271.654442 127.963242 25.000000
v 271.456505 128.187546 25.000000
v 271.247582 128.401718 25.000000
v 271.028283 128.605209 25.000000
v 270.799157 128.797501 25.000000
v 270.560631 128.978149 25.000000
v 270.313439 129.146667 25.000000
v 270.058190 129.302673 25.000000
v 269.795434 129.445755 25.000000
v 269.525902 129.575546 25.000000
v 269.250206 129.691757 25.000000
v 268.969079 129.794083 25.000000
v 268.683251 129.882263 25.000000
v 268.393334 129.956085 25.000000
v 268.100060 130.015366 25.000000
v 267.804223 130.059952 25.000000
v 267.506554 130.089737 25.000000
v 267.207787 130.104645 25.000000
v 266.908593 130.104645 25.000000
v 266.609826 130.089737 25.000000
v 266.312096 130.059952 25.000000
v 266.016320 130.015366 25.000000
v 265.723046 129.956085 25.000000
v 265.433129 129.882263 25.000000
v 265.147240 129.794083 25.000000
v 264.866112 129.691757 25.000000
v 264.590477 129.575546 25.000000
v 264.320946 129.445755 25.000000
v 264.058190 129.302673 25.000000
v 263.802941 129.146667 25.000000
v 263.555748 128.978149 25.000000
v 263.317223 128.797501 25.000000
v 263.088097 128.605209 25.000000
v 262.868798 128.401718 25.000000
v 262.659874 128.187546 25.000000
v 262.461937 127.963242 25.000000
v 262.275414 127.729340 25.000000
v 262.100731 127.486435 25.000000
v 261.938439 127.235123 25.000000
v 261.788842 126.976044 25.000000
v 261.652367 126.709824 25.000000
v 261.529320 126.437119 25.000000
v 261.420006 126.158630 25.000000
v 261.324730 125.875046 25.000000
v 261.243737 125.587067 25.000000
v 261.177147 125.295395 25.000000
v 261.125206 125.000763 25.000000
v 261.087975 124.703918 25.000000
v 261.065636 124.405594 25.000000
v 251.058190 106.786011 25.000000
v 251.065636 106.486931 25.000000
v 251.087975 106.188599 25.000000
v 251.125206 105.891754 25.000000
v 251.177147 105.597130 25.000000
v 251.243737 105.305466 25.000000
v 251.324730 105.017479 25.000000
v 251.420006 104.733887 25.000000
v 251.529320 104.455399 25.000000
v 251.652367 104.182709 25.000000
v 251.788842 103.916481 25.000000
v 251.938439 103.657394 25.000000
v 252.100731 103.406090 25.000000
v 252.275414 103.163185 25.000000
v 252.461937 102.929283 25.000000
v 252.659874 102.704971 25.000000
v 252.868798 102.490807 25.000000
v 253.088097 102.287323 25.000000
v 253.317223 102.095016 25.000000
v 253.555748 101.914383 25.000000
v 253.802941 101.745850 25.000000
v 254.058190 101.589859 25.000000
v 254.320946 101.446777 25.000000
v 254.590477 101.316971 25.000000
v 254.866112 101.200768 25.000000
v 255.147240 101.098442 25.000000
v 255.433129 101.010262 25.000000
v 255.723046 100.936440 25.000000
v 256.016320 100.877159 25.000000
v 256.312096 100.832573 25.000000
v 256.609826 100.802788 25.000000
v 256.908593 100.787872 25.000000
v 257.207787 100.787872 25.000000
v 257.506554 100.802788 25.000000
v 257.804223 100.832573 25.000000
v 258.100060 100.877159 25.000000
v 258.393334 100.936440 25.000000
v 258.683251 101.010262 25.000000
v 258.969079 101.098442 25.000000
v 259.250206 101.200768 25.000000
v 259.525902 101.316971 25.000000
v 259.795434 101.446777 25.000000
v 260.058190 101.589859 25.000000
v 260.313439 101.745850 25.000000
v 260.560631 101.914383 25.000000
v 260.799157 102.095016 25.000000
v 261.028283 102.287323 25.000000
v 261.247582 102.490807 25.000000
v 261.456505 102.704971 25.000000
v 261.654442 102.929283 25.000000
v 261.840966 103.163185 25.000000
v 262.015648 103.406090 25.000000
v 262.177941 103.657394 25.000000
v 262.327538 103.916481 25.000000
v 262.464013 104.182709 25.000000
v 262.587059 104.455399 25.000000
v 262.696373 104.733887 25.000000
v 262.791649 105.017479 25.000000
v 262.872643 105.305466 25.000000
v 262.939232 105.597130 25.000000
v 262.991173 105.891754 25.000000
v 263.028344 106.188599 25.000000
v 263.050744 106.486931 25.000000
v 263.058190 106.786011 25.000000
v 263.050744 107.085083 25.000000
v 263.028344 107.383415 25.000000
v 262.991173 107.680260 25.000000
v 262.939232 107.974884 25.000000
v 262.872643 108.266556 25.000000
v 262.791649 108.554543 25.000000
v 262.696373 108.838127 25.000000
v 262.587059 109.116615 25.000000
v 262.464013 109.389313 25.000000
v 262.327538 109.655533 25.000000
v 262.177941 109.914619 25.000000
v 262.015648 110.165932 25.000000
v 261.840966 110.408836 25.000000
v 261.654442 110.642731 25.000000
v 261.456505 110.867043 25.000000
v 261.247582 111.081207 25.000000
v 261.028283 111.284698 25.000000
v 260.799157 111.476997 25.000000
v 260.560631 111.657639 25.000000
v 260.313439 111.826164 25.000000
v 260.058190 111.982162 25.000000
v 259.795434 112.125237 25.000000
v 259.525902 112.255043 25.000000
v 259.250206 112.371254 25.000000
v 258.969079 112.473572 25.000000
v 258.683251 112.561752 25.000000
v 258.393334 112.635574 25.000000
v 258.100060 112.694855 25.000000
v 257.804223 112.739441 25.000000
v 257.506554 112.769234 25.000000
v 257.207787 112.784142 25.000000
v 256.908593 112.784142 25.000000
v 256.609826 112.769234 25.000000
v 256.312096 112.739441 25.000000
v 256.016320 112.694855 25.000000
v 255.723046 112.635574 25.000000
v 255.433129 112.561752 25.000000
v 255.147240 112.473572 25.000000
v 254.866112 112.371254 25.000000
v 254.590477 112.255043 25.000000
v 254.320946 112.125237 25.000000
v 254.058190 111.982162 25.000000
v 253.802941 111.826164 25.000000
v 253.555748 111.657639 25.000000
v 253.317223 111.476997 25.000000
v 253.088097 111.284698 25.000000
v 252.868798 111.081207 25.000000
v 252.659874 110.867043 25.000000
v 252.461937 110.642731 25.000000
v 252.275414 110.408836 25.000000
v 252.100731 110.165932 25.000000
v 251.938439 109.914619 25.000000
v 251.788842 109.655533 25.000000
v 251.652367 109.389313 25.000000
v 251.529320 109.116615 25.000000
v 251.420006 108.838127 25.000000
v 251.324730 108.554543 25.000000
v 251.243737 108.266556 25.000000
v 251.177147 107.974884 25.000000
v 251.125206 107.680260 25.000000
v 251.087975 107.383415 25.000000
v 251.065636 107.085083 25.000000
v 241.058190 124.106514 25.000000
v 241.065636 123.807442 25.000000
v 241.087975 123.509109 25.000000
v 241.125206 123.212265 25.000000
v 241.177147 122.917641 25.000000
v 241.243737 122.625969 25.000000
v 241.324730 122.337982 25.000000
v 241.420006 122.054398 25.000000
v 241.529320 121.775909 25.000000
v 241.652367 121.503212 25.000000
v 241.788842 121.236992 25.000000
v 241.938439 120.977905 25.000000
v 242.100731 120.726593 25.000000
v 242.275414 120.483688 25.000000
v 242.461937 120.249794 25.000000
v 242.659874 120.025482 25.000000
v 242.868798 119.811317 25.000000
v 243.088097 119.607826 25.000000
v 243.317223 119.415527 25.000000
v 243.555748 119.234886 25.000000
v 243.802941 119.066360 25.000000
v 244.058190 118.910362 25.000000
v 244.320946 118.767288 25.000000
v 244.590477 118.637482 25.000000
v 244.866112 118.521271 25.000000
v 245.147240 118.418953 25.000000
v 245.433129 118.330772 25.000000
v 245.723046 118.256950 25.000000
v 246.016320 118.197670 25.000000
v 246.312096 118.153084 25.000000
v 246.609826 118.123291 25.000000
v 246.908593 118.108383 25.000000
v 247.207787 118.108383 25.000000
v 247.506554 118.123291 25.000000
v 247.804223 118.153084 25.000000
v 248.100060 118.197670 25.000000
v 248.393334 118.256950 25.000000
v 248.683251 118.330772 25.000000
v 248.969079 118.418953 25.000000
v 249.250206 118.521271 25.000000
v 249.525902 118.637482 25.000000
v 249.795434 118.767288 25.000000
v 250.058190 118.910362 25.000000
v 250.313439 119.066360 25.000000
v 250.560631 119.234886 25.000000
v 250.799157 119.415527 25.000000
v 251.028283 119.607826 25.000000
v 251.247582 119.811317 25.000000
v 251.456505 120.025482 25.000000
v 251.654442 120.249794 25.000000
v 251.840966 120.483688 25.000000
v 252.015648 120.726593 25.000000
v 252.177941 120.977905 25.000000
v 252.327538 121.236992 25.000000
v 252.464013 121.503212 25.000000
v 252.587059 121.775909 25.000000
v 252.696373 122.054398 25.000000
v 252.791649 122.337982 25.000000
v 252.872643 122.625969 25.000000
v 252.939232 122.917641 25.000000
v 252.991173 123.212265 25.000000
v 253.028344 123.509109 25.000000
v 253.050744 123.807442 25.000000
v 253.058190 124.106514 25.000000
v 253.050744 124.405594 25.000000
v 253.028344 124.703918 25.000000
v 252.991173 125.000763 25.000000
v 252.939232 125.295395 25.000000
v 252.872643 125.587067 25.000000
v 252.791649 125.875046 25.000000
v 252.696373 126.158630 25.000000
v 252.587059 126.437119 25.000000
v 252.464013 126.709824 25.000000
v 252.327538 126.976044 25.000000
v 252.177941 127.235123 25.000000
v 252.015648 127.486435 25.000000
v 251.840966 127.729340 25.000000
v 251.654442 127.963242 25.000000
v 251.456505 128.187546 25.000000
v 251.247582 128.401718 25.000000
v 251.028283 128.605209 25.000000
v 250.799157 128.797501 25.000000
v 250.560631 128.978149 25.000000
v 250.313439 129.146667 25.000000
v 250.058190 129.302673 25.000000
v 249.795434 129.445755 25.000000
v 249.525902 129.575546 25.000000
v 249.250206 129.691757 25.000000
v 248.969079 129.794083 25.000000
v 248.683251 129.882263 25.000000
v 248.393334 129.956085 25.000000
v 248.100060 130.015366 25.000000
v 247.804223 130.059952 25.000000
v 247.506554 130.089737 25.000000
v 247.207787 130.104645 25.000000
v 246.908593 130.104645 25.000000
v 246.609826 130.089737 25.000000
v 246.312096 130.059952 25.000000
v 246.016320 130.015366 25.000000
v 245.723046 129.956085 25.000000
v 245.433129 129.882263 25.000000
v 245.147240 129.794083 25.000000
v 244.866112 129.691757 25.000000
v 244.590477 129.575546 25.000000
v 244.320946 129.445755 25.000000
v 244.058190 129.302673 25.000000
v 243.802941 129.146667 25.000000
v 243.555748 128.978149 25.000000
v 243.317223 128.797501 25.000000
v 243.088097 128.605209 25.000000
v 242.868798 128.401718 25.000000
v 242.659874 128.187546 25.000000
v 242.461937 127.963242 25.000000
v 242.275414 127.729340 25.000000
v 242.100731 127.486435 25.000000
v 241.938439 127.235123 25.000000
v 241.788842 126.976044 25.000000
v 241.652367 126.709824 25.000000
v 241.529320 126.437119 25.000000
v 241.420006 126.158630 25.000000
v 241.324730 125.875046 25.000000
v 241.243737 125.587067 25.000000
v 241.177147 125.295395 25.000000
v 241.125206 125.000763 25.000000
v 241.087975 124.703918 25.000000
v 241.065636 124.405594 25.000000
v 100.446862 -143.117188 75.000000
v 100.446862 -120.077187 -75.000000
v 100.446862 -143.117188 -75.000000
v 100.446862 -120.077187 75.000000
v 103.185540 -117.200653 75.000000
v 103.326836 -117.197182 -75.000000
v 103.185540 -117.200653 -75.000000
v 103.326836 -117.197182 75.000000
v 103.044549 -117.211052 75.000000
v 103.044549 -117.211052 -75.000000
v 102.904259 -117.228355 75.000000
v 102.904259 -117.228355 -75.000000
v 102.764977 -117.252525 75.000000
v 102.764977 -117.252525 -75.000000
v 102.627068 -117.283493 75.000000
v 102.627068 -117.283493 -75.000000
v 102.490838 -117.321198 -75.000000
v 102.490838 -117.321198 75.000000
v 102.356621 -117.365540 -75.000000
v 102.356621 -117.365540 75.000000
v 102.224724 -117.416412 75.000000
v 102.224724 -117.416412 -75.000000
v 102.095482 -117.473694 -75.000000
v 102.095482 -117.473694 75.000000
v 101.969231 -117.537247 75.000000
v 101.969231 -117.537247 -75.000000
v 101.846245 -117.606926 75.000000
v 101.846245 -117.606926 -75.000000
v 101.726799 -117.682549 75.000000
v 101.726799 -117.682549 -75.000000
v 101.611229 -117.763947 75.000000
v 101.611229 -117.763947 -75.000000
v 101.499810 -117.850914 75.000000
v 101.499810 -117.850914 -75.000000
v 101.392754 -117.943245 75.000000
v 101.392754 -117.943245 -75.000000
v 101.290368 -118.040718 75.000000
v 101.290368 -118.040718 -75.000000
v 101.192925 -118.143097 -75.000000
v 101.192925 -118.143097 75.000000
v 101.100579 -118.250130 75.000000
v 101.100579 -118.250130 -75.000000
v 101.013604 -118.361572 75.000000
v 101.013604 -118.361572 -75.000000
v 100.932213 -118.477142 -75.000000
v 100.932213 -118.477142 75.000000
v 100.856591 -118.596565 75.000000
v 100.856591 -118.596565 -75.000000
v 100.786919 -118.719559 -75.000000
v 100.786919 -118.719559 75.000000
v 100.723351 -118.845825 75.000000
v 100.723351 -118.845825 -75.000000
v 100.666070 -118.975052 75.000000
v 100.666070 -118.975052 -75.000000
v 100.615197 -119.106941 75.000000
v 100.615197 -119.106941 -75.000000
v 100.570855 -119.241165 75.000000
v 100.570855 -119.241165 -75.000000
v 100.533165 -119.377403 75.000000
v 100.533165 -119.377403 -75.000000
v 100.502190 -119.515320 -75.000000
v 100.502190 -119.515320 75.000000
v 100.478020 -119.654602 -75.000000
v 100.478020 -119.654602 75.000000
v 100.460717 -119.794891 75.000000
v 100.460717 -119.794891 -75.000000
v 100.450310 -119.935867 -75.000000
v 100.450310 -119.935867 75.000000
v 145.566857 -117.197182 -75.000000
v 145.566857 -117.197182 75.000000
v 148.443383 -119.935867 75.000000
v 148.446862 -120.077187 -75.000000
v 148.443383 -119.935867 -75.000000
v 148.446862 -120.077187 75.000000
v 148.432976 -119.794891 75.000000
v 148.432976 -119.794891 -75.000000
v 148.415673 -119.654602 75.000000
v 148.415673 -119.654602 -75.000000
v 148.391503 -119.515320 75.000000
v 148.391503 -119.515320 -75.000000
v 148.360528 -119.377403 75.000000
v 148.360528 -119.377403 -75.000000
v 148.322838 -119.241165 -75.000000
v 148.322838 -119.241165 75.000000
v 148.278496 -119.106941 -75.000000
v 148.278496 -119.106941 75.000000
v 148.227623 -118.975052 75.000000
v 148.227623 -118.975052 -75.000000
v 148.170342 -118.845825 -75.000000
v 148.170342 -118.845825 75.000000
v 148.106774 -118.719559 75.000000
v 148.106774 -118.719559 -75.000000
v 148.037102 -118.596565 75.000000
v 148.037102 -118.596565 -75.000000
v 147.961480 -118.477142 75.000000
v 147.961480 -118.477142 -75.000000
v 147.880089 -118.361572 75.000000
v 147.880089 -118.361572 -75.000000
v 147.793114 -118.250130 75.000000
v 147.793114 -118.250130 -75.000000
v 147.700799 -118.143097 75.000000
v 147.700799 -118.143097 -75.000000
v 147.603325 -118.040718 75.000000
v 147.603325 -118.040718 -75.000000
v 147.500939 -117.943245 -75.000000
v 147.500939 -117.943245 75.000000
v 147.393914 -117.850914 75.000000
v 147.393914 -117.850914 -75.000000
v 147.282464 -117.763947 75.000000
v 147.282464 -117.763947 -75.000000
v 147.166893 -117.682549 -75.000000
v 147.166893 -117.682549 75.000000
v 147.047478 -117.606926 75.000000
v 147.047478 -117.606926 -75.000000
v 146.924462 -117.537247 -75.000000
v 146.924462 -117.537247 75.000000
v 146.798211 -117.473694 75.000000
v 146.798211 -117.473694 -75.000000
v 146.668969 -117.416412 75.000000
v 146.668969 -117.416412 -75.000000
v 146.537102 -117.365540 75.000000
v 146.537102 -117.365540 -75.000000
v 146.402855 -117.321198 75.000000
v 146.402855 -117.321198 -75.000000
v 146.266625 -117.283493 75.000000
v 146.266625 -117.283493 -75.000000
v 146.128716 -117.252525 -75.000000
v 146.128716 -117.252525 75.000000
v 145.989434 -117.228355 -75.000000
v 145.989434 -117.228355 75.000000
v 145.849144 -117.211052 75.000000
v 145.849144 -117.211052 -75.000000
v 145.708153 -117.200653 -75.000000
v 145.708153 -117.200653 75.000000
v 148.446862 -143.117188 -75.000000
v 148.446862 -143.117188 75.000000
v 145.708153 -145.993713 75.000000
v 145.566857 -145.997177 -75.000000
v 145.708153 -145.993713 -75.000000
v 145.566857 -145.997177 75.000000
v 145.849144 -145.983322 75.000000
v 145.849144 -145.983322 -75.000000
v 145.989434 -145.966019 75.000000
v 145.989434 -145.966019 -75.000000
v 146.128716 -145.941849 75.000000
v 146.128716 -145.941849 -75.000000
v 146.266625 -145.910873 75.000000
v 146.266625 -145.910873 -75.000000
v 146.402855 -145.873169 -75.000000
v 146.402855 -145.873169 75.000000
v 146.537102 -145.828827 -75.000000
v 146.537102 -145.828827 75.000000
v 146.668969 -145.777954 75.000000
v 146.668969 -145.777954 -75.000000
v 146.798211 -145.720673 -75.000000
v 146.798211 -145.720673 75.000000
v 146.924462 -145.657120 75.000000
v 146.924462 -145.657120 -75.000000
v 147.047478 -145.587448 75.000000
v 147.047478 -145.587448 -75.000000
v 147.166893 -145.511810 75.000000
v 147.166893 -145.511810 -75.000000
v 147.282464 -145.430420 75.000000
v 147.282464 -145.430420 -75.000000
v 147.393914 -145.343460 75.000000
v 147.393914 -145.343460 -75.000000
v 147.500939 -145.251129 75.000000
v 147.500939 -145.251129 -75.000000
v 147.603325 -145.153656 75.000000
v 147.603325 -145.153656 -75.000000
v 147.700799 -145.051270 -75.000000
v 147.700799 -145.051270 75.000000
v 147.793114 -144.944229 75.000000
v 147.793114 -144.944229 -75.000000
v 147.880089 -144.832794 75.000000
v 147.880089 -144.832794 -75.000000
v 147.961480 -144.717224 -75.000000
v 147.961480 -144.717224 75.000000
v 148.037102 -144.597794 75.000000
v 148.037102 -144.597794 -75.000000
v 148.106774 -144.474808 -75.000000
v 148.106774 -144.474808 75.000000
v 148.170342 -144.348541 75.000000
v 148.170342 -144.348541 -75.000000
v 148.227623 -144.219315 75.000000
v 148.227623 -144.219315 -75.000000
v 148.278496 -144.087433 75.000000
v 148.278496 -144.087433 -75.000000
v 148.322838 -143.953201 75.000000
v 148.322838 -143.953201 -75.000000
v 148.360528 -143.816971 75.000000
v 148.360528 -143.816971 -75.000000
v 148.391503 -143.679047 -75.000000
v 148.391503 -143.679047 75.000000
v 148.415673 -143.539764 -75.000000
v 148.415673 -143.539764 75.000000
v 148.432976 -143.399475 75.000000
v 148.432976 -143.399475 -75.000000
v 148.443383 -143.258499 -75.000000
v 148.443383 -143.258499 75.000000
v 142.458031 -145.997177 -75.000000
v 142.458031 -145.997177 75.000000
v 139.614159 -143.571915 75.000000
v 139.614159 -143.571915 -75.000000
v 139.639672 -143.709824 -75.000000
v 139.639672 -143.709824 75.000000
v 139.671868 -143.846313 -75.000000
v 139.671868 -143.846313 75.000000
v 139.710656 -143.981064 75.000000
v 139.710656 -143.981064 -75.000000
v 139.755974 -144.113785 75.000000
v 139.755974 -144.113785 -75.000000
v 139.807702 -144.244141 75.000000
v 139.807702 -144.244141 -75.000000
v 139.865685 -144.371811 75.000000
v 139.865685 -144.371811 -75.000000
v 139.929833 -144.496521 -75.000000
v 139.929833 -144.496521 75.000000
v 139.999993 -144.617950 -75.000000
v 139.999993 -144.617950 75.000000
v 140.075951 -144.735825 75.000000
v 140.075951 -144.735825 -75.000000
v 140.157555 -144.849869 75.000000
v 140.157555 -144.849869 -75.000000
v 140.244652 -144.959793 75.000000
v 140.244652 -144.959793 -75.000000
v 140.336968 -145.065369 75.000000
v 140.336968 -145.065369 -75.000000
v 140.434319 -145.166306 75.000000
v 140.434319 -145.166306 -75.000000
v 140.536461 -145.262390 75.000000
v 140.536461 -145.262390 -75.000000
v 140.643151 -145.353378 -75.000000
v 140.643151 -145.353378 75.000000
v 140.754174 -145.439072 -75.000000
v 140.754174 -145.439072 75.000000
v 140.869225 -145.519272 75.000000
v 140.869225 -145.519272 -75.000000
v 140.988030 -145.593765 -75.000000
v 140.988030 -145.593765 75.000000
v 141.110314 -145.662384 75.000000
v 141.110314 -145.662384 -75.000000
v 141.235833 -145.724976 -75.000000
v 141.235833 -145.724976 75.000000
v 141.364220 -145.781372 75.000000
v 141.364220 -145.781372 -75.000000
v 141.495202 -145.831467 -75.000000
v 141.495202 -145.831467 75.000000
v 141.628472 -145.875122 75.000000
v 141.628472 -145.875122 -75.000000
v 141.763695 -145.912231 -75.000000
v 141.763695 -145.912231 75.000000
v 141.900597 -145.942719 -75.000000
v 141.900597 -145.942719 75.000000
v 142.038781 -145.966507 75.000000
v 142.038781 -145.966507 -75.000000
v 142.178002 -145.983536 75.000000
v 142.178002 -145.983536 -75.000000
v 142.317864 -145.993774 -75.000000
v 142.317864 -145.993774 75.000000
v 139.475426 -142.823624 75.000000
v 139.475426 -142.823624 -75.000000
v 139.299798 -142.083130 75.000000
v 139.299798 -142.083130 -75.000000
v 139.087700 -141.352234 75.000000
v 139.087700 -141.352234 -75.000000
v 138.839653 -140.632751 75.000000
v 138.839653 -140.632751 -75.000000
v 138.556267 -139.926437 75.000000
v 138.556267 -139.926437 -75.000000
v 138.238244 -139.235016 75.000000
v 138.238244 -139.235016 -75.000000
v 137.886376 -138.560211 75.000000
v 137.886376 -138.560211 -75.000000
v 137.501519 -137.903641 75.000000
v 137.501519 -137.903641 -75.000000
v 137.084588 -137.266953 75.000000
v 137.084588 -137.266953 -75.000000
v 136.636651 -136.651703 75.000000
v 136.636651 -136.651703 -75.000000
v 136.158806 -136.059387 75.000000
v 136.158806 -136.059387 -75.000000
v 135.652184 -135.491470 75.000000
v 135.652184 -135.491470 -75.000000
v 135.118065 -134.949341 75.000000
v 135.118065 -134.949341 -75.000000
v 134.557732 -134.434341 75.000000
v 134.557732 -134.434341 -75.000000
v 133.972619 -133.947723 75.000000
v 133.972619 -133.947723 -75.000000
v 133.364068 -133.490677 75.000000
v 133.364068 -133.490677 -75.000000
v 132.733666 -133.064346 75.000000
v 132.733666 -133.064346 -75.000000
v 132.082909 -132.669754 75.000000
v 132.082909 -132.669754 -75.000000
v 131.413384 -132.307892 75.000000
v 131.413384 -132.307892 -75.000000
v 130.726799 -131.979630 75.000000
v 130.726799 -131.979630 -75.000000
v 130.024773 -131.685776 75.000000
v 130.024773 -131.685776 -75.000000
v 129.309044 -131.427055 75.000000
v 129.309044 -131.427055 -75.000000
v 128.581383 -131.204102 75.000000
v 128.581383 -131.204102 -75.000000
v 127.843590 -131.017471 75.000000
v 127.843590 -131.017471 -75.000000
v 127.097435 -130.867607 75.000000
v 127.097435 -130.867607 -75.000000
v 126.344780 -130.754890 75.000000
v 126.344780 -130.754890 -75.000000
v 125.587487 -130.679596 75.000000
v 125.587487 -130.679596 -75.000000
v 124.827385 -130.641899 75.000000
v 124.827385 -130.641899 -75.000000
v 124.066338 -130.641899 75.000000
v 124.066338 -130.641899 -75.000000
v 123.306206 -130.679596 75.000000
v 123.306206 -130.679596 -75.000000
v 122.548913 -130.754890 75.000000
v 122.548913 -130.754890 -75.000000
v 121.796257 -130.867607 75.000000
v 121.796257 -130.867607 -75.000000
v 121.050103 -131.017471 75.000000
v 121.050103 -131.017471 -75.000000
v 120.312310 -131.204102 75.000000
v 120.312310 -131.204102 -75.000000
v 119.584649 -131.427055 75.000000
v 119.584649 -131.427055 -75.000000
v 118.868950 -131.685776 75.000000
v 118.868950 -131.685776 -75.000000
v 118.166924 -131.979630 75.000000
v 118.166924 -131.979630 -75.000000
v 117.480309 -132.307892 75.000000
v 117.480309 -132.307892 -75.000000
v 116.810784 -132.669754 75.000000
v 116.810784 -132.669754 -75.000000
v 116.160027 -133.064346 75.000000
v 116.160027 -133.064346 -75.000000
v 115.529625 -133.490677 -75.000000
v 115.529625 -133.490677 75.000000
v 114.921105 -133.947723 -75.000000
v 114.921105 -133.947723 75.000000
v 114.335961 -134.434341 75.000000
v 114.335961 -134.434341 -75.000000
v 113.775628 -134.949341 -75.000000
v 113.775628 -134.949341 75.000000
v 113.241509 -135.491470 -75.000000
v 113.241509 -135.491470 75.000000
v 112.734887 -136.059387 75.000000
v 112.734887 -136.059387 -75.000000
v 112.257042 -136.651703 -75.000000
v 112.257042 -136.651703 75.000000
v 111.809105 -137.266953 75.000000
v 111.809105 -137.266953 -75.000000
v 111.392174 -137.903641 -75.000000
v 111.392174 -137.903641 75.000000
v 111.007317 -138.560211 -75.000000
v 111.007317 -138.560211 75.000000
v 110.655449 -139.235016 75.000000
v 110.655449 -139.235016 -75.000000
v 110.337426 -139.926437 -75.000000
v 110.337426 -139.926437 75.000000
v 110.054070 -140.632751 75.000000
v 110.054070 -140.632751 -75.000000
v 109.806023 -141.352234 75.000000
v 109.806023 -141.352234 -75.000000
v 109.593895 -142.083130 -75.000000
v 109.593895 -142.083130 75.000000
v 109.418267 -142.823624 75.000000
v 109.418267 -142.823624 -75.000000
v 109.279534 -143.571915 -75.000000
v 109.279534 -143.571915 75.000000
v 106.575860 -145.993774 75.000000
v 106.435662 -145.997177 -75.000000
v 106.575860 -145.993774 -75.000000
v 106.435662 -145.997177 75.000000
v 106.715722 -145.983536 75.000000
v 106.715722 -145.983536 -75.000000
v 106.854912 -145.966507 75.000000
v 106.854912 -145.966507 -75.000000
v 106.993126 -145.942719 75.000000
v 106.993126 -145.942719 -75.000000
v 107.129998 -145.912231 -75.000000
v 107.129998 -145.912231 75.000000
v 107.265221 -145.875122 75.000000
v 107.265221 -145.875122 -75.000000
v 107.398491 -145.831467 -75.000000
v 107.398491 -145.831467 75.000000
v 107.529473 -145.781372 75.000000
v 107.529473 -145.781372 -75.000000
v 107.657891 -145.724976 -75.000000
v 107.657891 -145.724976 75.000000
v 107.783379 -145.662384 75.000000
v 107.783379 -145.662384 -75.000000
v 107.905663 -145.593765 75.000000
v 107.905663 -145.593765 -75.000000
v 108.024498 -145.519272 -75.000000
v 108.024498 -145.519272 75.000000
v 108.139519 -145.439072 -75.000000
v 108.139519 -145.439072 75.000000
v 108.250542 -145.353378 75.000000
v 108.250542 -145.353378 -75.000000
v 108.357232 -145.262390 75.000000
v 108.357232 -145.262390 -75.000000
v 108.459374 -145.166306 -75.000000
v 108.459374 -145.166306 75.000000
v 108.556725 -145.065369 75.000000
v 108.556725 -145.065369 -75.000000
v 108.649071 -144.959793 75.000000
v 108.649071 -144.959793 -75.000000
v 108.736138 -144.849869 -75.000000
v 108.736138 -144.849869 75.000000
v 108.817742 -144.735825 75.000000
v 108.817742 -144.735825 -75.000000
v 108.893731 -144.617950 -75.000000
v 108.893731 -144.617950 75.000000
v 108.963860 -144.496521 75.000000
v 108.963860 -144.496521 -75.000000
v 109.028008 -144.371811 75.000000
v 109.028008 -144.371811 -75.000000
v 109.086022 -144.244141 75.000000
v 109.086022 -144.244141 -75.000000
v 109.137719 -144.113785 75.000000
v 109.137719 -144.113785 -75.000000
v 109.183037 -143.981064 75.000000
v 109.183037 -143.981064 -75.000000
v 109.221825 -143.846313 -75.000000
v 109.221825 -143.846313 75.000000
v 109.254021 -143.709824 75.000000
v 109.254021 -143.709824 -75.000000
v 103.326836 -145.997177 -75.000000
v 103.326836 -145.997177 75.000000
v 100.450310 -143.258499 75.000000
v 100.450310 -143.258499 -75.000000
v 100.460717 -143.399475 75.000000
v 100.460717 -143.399475 -75.000000
v 100.478020 -143.539764 75.000000
v 100.478020 -143.539764 -75.000000
v 100.502190 -143.679047 75.000000
v 100.502190 -143.679047 -75.000000
v 100.533165 -143.816971 75.000000
v 100.533165 -143.816971 -75.000000
v 100.570855 -143.953201 -75.000000
v 100.570855 -143.953201 75.000000
v 100.615197 -144.087433 -75.000000
v 100.615197 -144.087433 75.000000
v 100.666070 -144.219315 75.000000
v 100.666070 -144.219315 -75.000000
v 100.723351 -144.348541 -75.000000
v 100.723351 -144.348541 75.000000
v 100.786919 -144.474808 75.000000
v 100.786919 -144.474808 -75.000000
v 100.856591 -144.597794 75.000000
v 100.856591 -144.597794 -75.000000
v 100.932213 -144.717224 75.000000
v 100.932213 -144.717224 -75.000000
v 101.013604 -144.832794 75.000000
v 101.013604 -144.832794 -75.000000
v 101.100579 -144.944229 75.000000
v 101.100579 -144.944229 -75.000000
v 101.192925 -145.051270 75.000000
v 101.192925 -145.051270 -75.000000
v 101.290368 -145.153656 75.000000
v 101.290368 -145.153656 -75.000000
v 101.392754 -145.251129 -75.000000
v 101.392754 -145.251129 75.000000
v 101.499810 -145.343460 75.000000
v 101.499810 -145.343460 -75.000000
v 101.611229 -145.430420 75.000000
v 101.611229 -145.430420 -75.000000
v 101.726799 -145.511810 -75.000000
v 101.726799 -145.511810 75.000000
v 101.846245 -145.587448 75.000000
v 101.846245 -145.587448 -75.000000
v 101.969231 -145.657120 -75.000000
v 101.969231 -145.657120 75.000000
v 102.095482 -145.720673 75.000000
v 102.095482 -145.720673 -75.000000
v 102.224724 -145.777954 75.000000
v 102.224724 -145.777954 -75.000000
v 102.356621 -145.828827 75.000000
v 102.356621 -145.828827 -75.000000
v 102.490838 -145.873169 75.000000
v 102.490838 -145.873169 -75.000000
v 102.627068 -145.910873 75.000000
v 102.627068 -145.910873 -75.000000
v 102.764977 -145.941849 -75.000000
v 102.764977 -145.941849 75.000000
v 102.904259 -145.966019 -75.000000
v 102.904259 -145.966019 75.000000
v 103.044549 -145.983322 75.000000
v 103.044549 -145.983322 -75.000000
v 103.185540 -145.993713 -75.000000
v 103.185540 -145.993713 75.000000
v 244.738915 -164.529190 -75.000000
v 244.738915 -164.529190 75.000000
v 244.730858 -164.176178 -75.000000
v 244.730858 -164.176178 75.000000
v 244.763146 -164.881866 -75.000000
v 244.763146 -164.881866 75.000000
v 244.803429 -165.233887 -75.000000
v 244.803429 -165.233887 75.000000
v 244.859826 -165.584930 -75.000000
v 244.859826 -165.584930 75.000000
v 244.932213 -165.934662 -75.000000
v 245.020592 -166.282761 -75.000000
v 244.932213 -165.934662 75.000000
v 245.020592 -166.282761 75.000000
v 245.124840 -166.628906 -75.000000
v 245.124840 -166.628906 75.000000
v 245.244835 -166.972763 -75.000000
v 245.244835 -166.972763 75.000000
v 245.380517 -167.314026 -75.000000
v 245.531762 -167.652390 -75.000000
v 245.380517 -167.314026 75.000000
v 245.531762 -167.652390 75.000000
v 245.698327 -167.987503 -75.000000
v 245.698327 -167.987503 75.000000
v 245.880211 -168.319077 -75.000000
v 245.880211 -168.319077 75.000000
v 246.077111 -168.646805 -75.000000
v 246.077111 -168.646805 75.000000
v 246.288964 -168.970383 -75.000000
v 246.288964 -168.970383 75.000000
v 246.515465 -169.289505 -75.000000
v 246.515465 -169.289505 75.000000
v 246.756432 -169.603882 -75.000000
v 246.756432 -169.603882 75.000000
v 247.011742 -169.913208 -75.000000
v 247.011742 -169.913208 75.000000
v 247.280968 -170.217209 -75.000000
v 247.280968 -170.217209 75.000000
v 247.564049 -170.515610 -75.000000
v 247.564049 -170.515610 75.000000
v 247.860619 -170.808105 -75.000000
v 247.860619 -170.808105 75.000000
v 248.170372 -171.094437 -75.000000
v 248.170372 -171.094437 75.000000
v 248.493126 -171.374344 -75.000000
v 248.493126 -171.374344 75.000000
v 248.828515 -171.647568 -75.000000
v 248.828515 -171.647568 75.000000
v 249.176232 -171.913849 -75.000000
v 249.176232 -171.913849 75.000000
v 249.535973 -172.172943 -75.000000
v 249.535973 -172.172943 75.000000
v 249.907372 -172.424622 -75.000000
v 249.907372 -172.424622 75.000000
v 250.290123 -172.668610 -75.000000
v 250.290123 -172.668610 75.000000
v 250.817406 -172.981644 -75.000000
v 250.817406 -172.981644 75.000000
v 251.432946 -173.316391 -75.000000
v 251.432946 -173.316391 75.000000
v 252.070702 -173.632034 -75.000000
v 252.070702 -173.632034 75.000000
v 252.729455 -173.927902 -75.000000
v 252.729455 -173.927902 75.000000
v 253.407860 -174.203400 -75.000000
v 254.104393 -174.457932 -75.000000
v 253.407860 -174.203400 75.000000
v 254.104393 -174.457932 75.000000
v 254.817650 -174.690979 -75.000000
v 254.817650 -174.690979 75.000000
v 255.546105 -174.902054 -75.000000
v 255.546105 -174.902054 75.000000
v 256.288353 -175.090713 -75.000000
v 256.288353 -175.090713 75.000000
v 257.042687 -175.256546 -75.000000
v 257.042687 -175.256546 75.000000
v 257.807641 -175.399231 -75.000000
v 257.807641 -175.399231 75.000000
v 258.581566 -175.518463 -75.000000
v 258.581566 -175.518463 75.000000
v 259.362877 -175.613983 -75.000000
v 259.362877 -175.613983 75.000000
v 260.149865 -175.685593 -75.000000
v 260.149865 -175.685593 75.000000
v 260.941002 -175.733139 -75.000000
v 260.941002 -175.733139 75.000000
v 261.734520 -175.756546 -75.000000
v 261.734520 -175.756546 75.000000
v 262.528832 -175.755737 -75.000000
v 262.528832 -175.755737 75.000000
v 263.322289 -175.730743 -75.000000
v 263.322289 -175.730743 75.000000
v 264.113183 -175.681580 -75.000000
v 264.113183 -175.681580 75.000000
v 264.899865 -175.608383 -75.000000
v 265.680687 -175.511276 -75.000000
v 264.899865 -175.608383 75.000000
v 265.680687 -175.511276 75.000000
v 266.454125 -175.390488 -75.000000
v 266.454125 -175.390488 75.000000
v 267.218407 -175.246262 -75.000000
v 267.218407 -175.246262 75.000000
v 267.972008 -175.078903 -75.000000
v 267.972008 -175.078903 75.000000
v 268.713341 -174.888748 -75.000000
v 268.713341 -174.888748 75.000000
v 269.440880 -174.676208 -75.000000
v 269.440880 -174.676208 75.000000
v 270.153038 -174.441711 -75.000000
v 270.153038 -174.441711 75.000000
v 270.848412 -174.185776 -75.000000
v 270.848412 -174.185776 75.000000
v 271.525536 -173.908905 -75.000000
v 271.525536 -173.908905 75.000000
v 272.182946 -173.611694 -75.000000
v 272.182946 -173.611694 75.000000
v 272.819298 -173.294769 -75.000000
v 272.819298 -173.294769 75.000000
v 273.433251 -172.958771 -75.000000
v 273.433251 -172.958771 75.000000
v 274.023583 -172.604431 -75.000000
v 274.023583 -172.604431 75.000000
v 274.588952 -172.232468 -75.000000
v 274.588952 -172.232468 75.000000
v 275.128197 -171.843674 -75.000000
v 275.128197 -171.843674 75.000000
v 275.640282 -171.438843 -75.000000
v 276.124047 -171.018845 -75.000000
v 275.640282 -171.438843 75.000000
v 276.578515 -170.584534 -75.000000
v 276.124047 -171.018845 75.000000
v 276.578515 -170.584534 75.000000
v 276.961693 -170.182190 -75.000000
v 276.961693 -170.182190 75.000000
v 277.285058 -169.811356 -75.000000
v 277.285058 -169.811356 75.000000
v 277.587670 -169.432800 -75.000000
v 277.587670 -169.432800 75.000000
v 277.868981 -169.047028 -75.000000
v 277.868981 -169.047028 75.000000
v 278.128685 -168.654572 75.000000
v 278.128685 -168.654572 -75.000000
v 278.366417 -168.255981 75.000000
v 278.366417 -168.255981 -75.000000
v 278.581872 -167.851791 75.000000
v 278.581872 -167.851791 -75.000000
v 278.774682 -167.442566 75.000000
v 278.774682 -167.442566 -75.000000
v 278.928734 -167.070419 -75.000000
v 278.928734 -167.070419 75.000000
v 279.051354 -166.732727 75.000000
v 279.051354 -166.732727 -75.000000
v 279.158776 -166.392731 -75.000000
v 279.158776 -166.392731 75.000000
v 279.250817 -166.050735 -75.000000
v 279.250817 -166.050735 75.000000
v 279.327416 -165.707062 75.000000
v 279.327416 -165.707062 -75.000000
v 279.388573 -165.362015 75.000000
v 279.388573 -165.362015 -75.000000
v 279.434105 -165.015884 75.000000
v 279.434105 -165.015884 -75.000000
v 279.464135 -164.669006 75.000000
v 279.464135 -164.669006 -75.000000
v 279.478478 -164.321686 -75.000000
v 279.478478 -164.321686 75.000000
v 279.477196 -163.974243 75.000000
v 279.477196 -163.974243 -75.000000
v 279.460289 -163.626968 75.000000
v 279.460289 -163.626968 -75.000000
v 279.427819 -163.280197 -75.000000
v 279.427819 -163.280197 75.000000
v 279.379662 -162.934219 75.000000
v 279.379662 -162.934219 -75.000000
v 279.316063 -162.589371 75.000000
v 279.316063 -162.589371 -75.000000
v 279.236901 -162.245941 75.000000
v 279.236901 -162.245941 -75.000000
v 279.142357 -161.904266 75.000000
v 279.142357 -161.904266 -75.000000
v 279.032494 -161.564621 75.000000
v 279.032494 -161.564621 -75.000000
v 278.907372 -161.227325 75.000000
v 278.907372 -161.227325 -75.000000
v 278.767113 -160.892685 75.000000
v 278.767113 -160.892685 -75.000000
v 278.611901 -160.561005 75.000000
v 278.611901 -160.561005 -75.000000
v 278.441857 -160.232559 75.000000
v 278.441857 -160.232559 -75.000000
v 278.257042 -159.907684 75.000000
v 278.257042 -159.907684 -75.000000
v 278.057763 -159.586639 75.000000
v 278.057763 -159.586639 -75.000000
v 277.844079 -159.269730 -75.000000
v 277.844079 -159.269730 75.000000
v 277.616295 -158.957230 -75.000000
v 277.616295 -158.957230 75.000000
v 277.374474 -158.649429 75.000000
v 277.374474 -158.649429 -75.000000
v 277.118981 -158.346603 -75.000000
v 277.118981 -158.346603 75.000000
v 276.849938 -158.049011 -75.000000
v 276.849938 -158.049011 75.000000
v 276.567650 -157.756943 -75.000000
v 276.567650 -157.756943 75.000000
v 276.272362 -157.470642 -75.000000
v 276.272362 -157.470642 75.000000
v 275.964318 -157.190384 -75.000000
v 275.643761 -156.916412 -75.000000
v 275.964318 -157.190384 75.000000
v 275.643761 -156.916412 75.000000
v 275.311059 -156.648972 -75.000000
v 275.311059 -156.648972 75.000000
v 274.966454 -156.388306 -75.000000
v 274.966454 -156.388306 75.000000
v 274.610314 -156.134644 -75.000000
v 274.610314 -156.134644 75.000000
v 274.242882 -155.888214 -75.000000
v 274.242882 -155.888214 75.000000
v 273.736046 -155.571289 -75.000000
v 273.736046 -155.571289 75.000000
v 273.143700 -155.231216 75.000000
v 273.143700 -155.231216 -75.000000
v 272.529015 -154.909256 -75.000000
v 272.529015 -154.909256 75.000000
v 271.893151 -154.606049 -75.000000
v 271.893151 -154.606049 75.000000
v 271.237572 -154.322220 -75.000000
v 271.237572 -154.322220 75.000000
v 270.563439 -154.058334 -75.000000
v 270.563439 -154.058334 75.000000
v 269.872216 -153.814941 -75.000000
v 269.872216 -153.814941 75.000000
v 269.165246 -153.592514 -75.000000
v 269.165246 -153.592514 75.000000
v 268.443993 -153.391525 -75.000000
v 268.443993 -153.391525 75.000000
v 267.709923 -153.212357 -75.000000
v 267.709923 -153.212357 75.000000
v 266.964440 -153.055389 -75.000000
v 266.964440 -153.055389 75.000000
v 266.209191 -152.920929 -75.000000
v 266.209191 -152.920929 75.000000
v 265.445641 -152.809250 -75.000000
v 265.445641 -152.809250 75.000000
v 264.675316 -152.720596 -75.000000
v 264.675316 -152.720596 75.000000
v 263.899743 -152.655121 -75.000000
v 263.899743 -152.655121 75.000000
v 263.120568 -152.612976 -75.000000
v 263.120568 -152.612976 75.000000
v 262.339379 -152.594238 -75.000000
v 262.339379 -152.594238 75.000000
v 261.557641 -152.598938 -75.000000
v 261.557641 -152.598938 75.000000
v 260.777062 -152.627075 -75.000000
v 260.777062 -152.627075 75.000000
v 259.999169 -152.678604 -75.000000
v 259.999169 -152.678604 75.000000
v 259.225548 -152.753403 75.000000
v 259.225548 -152.753403 -75.000000
v 258.457726 -152.851318 -75.000000
v 258.457726 -152.851318 75.000000
v 257.697289 -152.972168 75.000000
v 257.697289 -152.972168 -75.000000
v 256.945763 -153.115692 75.000000
v 256.945763 -153.115692 -75.000000
v 256.204735 -153.281616 75.000000
v 256.204735 -153.281616 -75.000000
v 255.475609 -153.469589 -75.000000
v 255.475609 -153.469589 75.000000
v 254.759911 -153.679245 -75.000000
v 254.759911 -153.679245 75.000000
v 254.059105 -153.910141 -75.000000
v 254.059105 -153.910141 75.000000
v 253.374596 -154.161819 75.000000
v 253.374596 -154.161819 -75.000000
v 252.707726 -154.433777 75.000000
v 252.707726 -154.433777 -75.000000
v 252.059899 -154.725449 75.000000
v 252.059899 -154.725449 -75.000000
v 251.432396 -155.036255 -75.000000
v 250.826500 -155.365555 -75.000000
v 251.432396 -155.036255 75.000000
v 250.243432 -155.712708 -75.000000
v 250.826500 -155.365555 75.000000
v 250.243432 -155.712708 75.000000
v 249.684411 -156.076981 75.000000
v 249.684411 -156.076981 -75.000000
v 249.150475 -156.457657 -75.000000
v 249.150475 -156.457657 75.000000
v 248.642846 -156.853958 -75.000000
v 248.642846 -156.853958 75.000000
v 248.162377 -157.265076 -75.000000
v 248.162377 -157.265076 75.000000
v 247.710228 -157.690201 -75.000000
v 247.710228 -157.690201 75.000000
v 247.287133 -158.128433 -75.000000
v 247.287133 -158.128433 75.000000
v 246.932030 -158.533356 -75.000000
v 246.932030 -158.533356 75.000000
v 246.633690 -158.905701 -75.000000
v 246.633690 -158.905701 75.000000
v 246.355858 -159.285049 -75.000000
v 246.355858 -159.285049 75.000000
v 246.098961 -159.670898 75.000000
v 246.098961 -159.670898 -75.000000
v 245.863366 -160.062744 -75.000000
v 245.863366 -160.062744 75.000000
v 245.649315 -160.460037 -75.000000
v 245.649315 -160.460037 75.000000
v 245.457116 -160.862274 -75.000000
v 245.457116 -160.862274 75.000000
v 245.303063 -161.228058 -75.000000
v 245.303063 -161.228058 75.000000
v 245.179833 -161.559998 -75.000000
v 245.179833 -161.559998 75.000000
v 245.071373 -161.894211 -75.000000
v 245.071373 -161.894211 75.000000
v 244.977746 -162.230408 -75.000000
v 244.977746 -162.230408 75.000000
v 244.899071 -162.568298 -75.000000
v 244.899071 -162.568298 75.000000
v 244.835351 -162.907608 -75.000000
v 244.835351 -162.907608 75.000000
v 244.786705 -163.248001 -75.000000
v 244.786705 -163.248001 75.000000
v 244.753197 -163.589218 -75.000000
v 244.753197 -163.589218 75.000000
v 244.736413 -163.882614 -75.000000
v 244.736413 -163.882614 75.000000
v -287.792156 -168.655716 0.000000
v -308.046886 -170.214050 0.000000
v -308.190382 -170.397919 0.000000
v -307.912584 -170.023346 0.000000
v -287.369850 -169.057785 0.000000
v -308.342727 -170.574539 0.000000
v -288.194229 -168.233398 0.000000
v -307.787801 -169.826294 0.000000
v -286.928321 -169.438644 0.000000
v -308.503557 -170.743454 0.000000
v -288.575092 -167.791870 0.000000
v -307.672838 -169.623367 0.000000
v -307.567970 -169.415024 0.000000
v -286.468635 -169.797394 0.000000
v -308.672479 -170.904282 0.000000
v -308.849090 -171.056625 0.000000
v -288.933834 -167.332184 0.000000
v -307.473451 -169.201797 0.000000
v -285.991901 -170.133148 0.000000
v -309.032964 -171.200119 0.000000
v -289.269588 -166.855453 0.000000
v -307.389511 -168.984192 0.000000
v -307.316347 -168.762711 0.000000
v -285.499267 -170.445099 0.000000
v -309.223657 -171.334427 0.000000
v -289.581542 -166.362823 0.000000
v -307.254138 -168.537918 0.000000
v -284.991920 -170.732513 0.000000
v -309.420711 -171.459213 0.000000
v -289.868953 -165.855484 0.000000
v -307.203037 -168.310349 0.000000
v -307.163160 -168.080551 0.000000
v -284.471080 -170.994675 0.000000
v -309.623651 -171.574173 0.000000
v -309.831985 -171.679047 0.000000
v -290.131122 -165.334641 0.000000
v -307.134611 -167.849060 0.000000
v -283.938007 -171.230972 0.000000
v -310.045215 -171.773560 0.000000
v -290.367416 -164.801559 0.000000
v -307.117452 -167.616455 0.000000
v -307.111728 -167.383286 0.000000
v -283.393978 -171.440826 0.000000
v -310.262826 -171.857498 0.000000
v -290.577270 -164.257538 0.000000
v -282.840309 -171.623734 0.000000
v -310.484294 -171.930664 0.000000
v -290.760177 -163.703873 0.000000
v -282.278331 -171.779251 0.000000
v -310.709085 -171.992874 0.000000
v -290.915699 -163.141891 0.000000
v -281.709400 -171.907013 0.000000
v -310.936658 -172.043976 0.000000
v -291.043457 -162.572952 0.000000
v -281.134887 -172.006699 0.000000
v -311.166463 -172.083847 0.000000
v -291.143146 -161.998444 0.000000
v -291.214523 -161.419724 0.000000
v -291.257419 -160.838211 0.000000
v -291.271728 -160.255280 0.000000
v -307.111728 -153.127289 0.000000
v -291.257419 -159.672363 0.000000
v -291.214523 -159.090836 0.000000
v -291.143146 -158.512131 0.000000
v -291.043457 -157.937607 0.000000
v -290.915699 -157.368683 0.000000
v -290.760177 -156.806702 0.000000
v -290.577270 -156.253037 0.000000
v -290.367416 -155.709000 0.000000
v -307.134611 -152.661499 0.000000
v -307.117452 -152.894119 0.000000
v -290.131122 -155.175934 0.000000
v -307.163160 -152.430023 0.000000
v -289.868953 -154.655090 0.000000
v -307.203037 -152.200211 0.000000
v -307.254138 -151.972641 0.000000
v -289.581542 -154.147751 0.000000
v -307.316347 -151.747849 0.000000
v -289.269588 -153.655106 0.000000
v -307.389511 -151.526382 0.000000
v -307.473451 -151.308777 0.000000
v -288.933834 -153.178375 0.000000
v -307.567970 -151.095535 0.000000
v -288.575092 -152.718689 0.000000
v -307.672838 -150.887207 0.000000
v -307.787801 -150.684265 0.000000
v -288.194229 -152.277161 0.000000
v -307.912584 -150.487213 0.000000
v -287.792156 -151.854858 0.000000
v -308.046886 -150.296524 0.000000
v -308.190382 -150.112640 0.000000
v -287.369850 -151.452789 0.000000
v -308.342727 -149.936035 0.000000
v -286.928321 -151.071915 0.000000
v -308.503557 -149.767105 0.000000
v -286.468635 -150.713181 0.000000
v -308.672479 -149.606277 0.000000
v -308.849090 -149.453934 0.000000
v -285.991901 -150.377426 0.000000
v -311.863727 -172.135284 0.000000
v -279.391727 -172.135284 0.000000
v -311.630558 -172.129562 0.000000
v -279.974651 -172.120972 0.000000
v -311.397951 -172.112396 0.000000
v -280.556171 -172.078079 0.000000
v -279.391727 -148.375290 0.000000
v -311.863727 -148.375290 0.000000
v -311.630558 -148.381012 0.000000
v -279.974651 -148.389587 0.000000
v -311.397951 -148.398163 0.000000
v -311.166463 -148.426712 0.000000
v -310.936658 -148.466599 0.000000
v -280.556171 -148.432495 0.000000
v -310.709085 -148.517700 0.000000
v -310.484294 -148.579910 0.000000
v -281.134887 -148.503860 0.000000
v -310.262826 -148.653061 0.000000
v -310.045215 -148.737015 0.000000
v -281.709400 -148.603561 0.000000
v -309.831985 -148.831528 0.000000
v -309.623651 -148.936401 0.000000
v -309.420711 -149.051361 0.000000
v -282.278331 -148.731308 0.000000
v -309.223657 -149.176147 0.000000
v -309.032964 -149.310440 0.000000
v -282.840309 -148.886826 0.000000
v -283.393981 -149.069748 0.000000
v -283.938007 -149.279602 0.000000
v -284.471084 -149.515884 0.000000
v -284.991920 -149.778061 0.000000
v -285.499267 -150.065475 0.000000
v -291.271728 -160.255280 75.000000
v -291.256961 -160.847458 75.000000
v -291.212692 -161.438156 75.000000
v -291.139038 -162.025909 75.000000
v -291.036178 -162.609253 75.000000
v -290.904365 -163.186768 75.000000
v -290.743934 -163.756973 75.000000
v -290.555274 -164.318481 75.000000
v -290.338867 -164.869888 75.000000
v -290.095237 -165.409821 75.000000
v -289.825000 -165.936935 75.000000
v -289.528823 -166.449936 75.000000
v -289.207443 -166.947525 75.000000
v -288.861663 -167.428482 75.000000
v -288.492336 -167.891602 75.000000
v -288.100383 -168.335739 75.000000
v -287.686782 -168.759781 75.000000
v -287.252555 -169.162689 75.000000
v -286.798786 -169.543442 75.000000
v -286.326602 -169.901108 75.000000
v -285.837177 -170.234787 75.000000
v -285.331729 -170.543671 75.000000
v -284.811512 -170.826965 75.000000
v -284.277820 -171.083969 75.000000
v -283.731979 -171.314056 75.000000
v -283.175350 -171.516663 75.000000
v -282.609313 -171.691254 75.000000
v -282.035278 -171.837433 75.000000
v -281.454669 -171.954803 75.000000
v -280.868930 -172.043091 75.000000
v -280.279521 -172.102066 75.000000
v -279.391727 -172.135284 -75.000000
v -278.799560 -172.120514 -75.000000
v -279.687904 -172.131592 75.000000
v -279.095550 -172.131592 75.000000
v -278.503932 -172.102066 75.000000
v -278.208862 -172.076248 -75.000000
v -277.914524 -172.043091 75.000000
v -277.621105 -172.002594 -75.000000
v -277.328788 -171.954803 75.000000
v -277.037750 -171.899735 -75.000000
v -276.748180 -171.837433 75.000000
v -276.460250 -171.767929 -75.000000
v -276.174144 -171.691254 75.000000
v -275.890037 -171.607483 -75.000000
v -275.608104 -171.516663 75.000000
v -275.328529 -171.418838 -75.000000
v -275.051475 -171.314056 75.000000
v -274.777122 -171.202423 -75.000000
v -274.505638 -171.083969 75.000000
v -274.237190 -170.958801 -75.000000
v -273.971946 -170.826965 75.000000
v -273.710071 -170.688553 -75.000000
v -273.451728 -170.543671 75.000000
v -273.197078 -170.392380 -75.000000
v -272.946277 -170.234787 75.000000
v -272.699485 -170.070999 -75.000000
v -272.456851 -169.901108 75.000000
v -272.218532 -169.725220 -75.000000
v -271.984668 -169.543442 75.000000
v -271.755409 -169.355896 -75.000000
v -271.530899 -169.162689 75.000000
v -271.311275 -168.963943 -75.000000
v -271.096675 -168.759781 75.000000
v -270.887229 -168.550339 -75.000000
v -270.683071 -168.335739 75.000000
v -270.484325 -168.116104 -75.000000
v -270.291118 -167.891602 75.000000
v -270.103569 -167.662338 -75.000000
v -269.921794 -167.428482 75.000000
v -269.745903 -167.190155 -75.000000
v -269.576011 -166.947525 75.000000
v -269.412220 -166.700729 -75.000000
v -269.254631 -166.449936 75.000000
v -269.103347 -166.195282 -75.000000
v -268.958454 -165.936935 75.000000
v -268.820049 -165.675064 -75.000000
v -268.688217 -165.409821 75.000000
v -268.563041 -165.141373 -75.000000
v -268.444587 -164.869888 75.000000
v -268.332946 -164.595535 -75.000000
v -268.228179 -164.318481 75.000000
v -268.130348 -164.038910 -75.000000
v -268.039520 -163.756973 75.000000
v -267.955749 -163.472870 -75.000000
v -267.879089 -163.186768 75.000000
v -267.809585 -162.898834 -75.000000
v -267.747276 -162.609253 75.000000
v -267.692214 -162.318222 -75.000000
v -267.644416 -162.025909 75.000000
v -267.603927 -161.732483 -75.000000
v -267.570762 -161.438156 75.000000
v -267.544944 -161.143082 -75.000000
v -267.526496 -160.847458 75.000000
v -267.515419 -160.551453 -75.000000
v -267.511726 -160.255280 75.000000
v -267.515419 -159.959106 -75.000000
v -267.526496 -159.663116 75.000000
v -267.544944 -159.367493 -75.000000
v -267.570762 -159.072418 75.000000
v -267.603927 -158.778076 -75.000000
v -267.644416 -158.484665 75.000000
v -267.692214 -158.192337 -75.000000
v -267.747276 -157.901306 75.000000
v -267.809585 -157.611740 -75.000000
v -267.879089 -157.323807 75.000000
v -267.955749 -157.037704 -75.000000
v -268.039520 -156.753586 75.000000
v -268.130348 -156.471664 -75.000000
v -268.228179 -156.192078 75.000000
v -268.332946 -155.915039 -75.000000
v -268.444587 -155.640671 75.000000
v -268.563041 -155.369186 -75.000000
v -268.688217 -155.100739 75.000000
v -268.820049 -154.835495 -75.000000
v -268.958454 -154.573624 75.000000
v -269.103347 -154.315277 -75.000000
v -269.254631 -154.060638 75.000000
v -269.412220 -153.809830 -75.000000
v -269.576011 -153.563034 75.000000
v -269.745903 -153.320404 -75.000000
v -269.921794 -153.082092 75.000000
v -270.103569 -152.848221 -75.000000
v -270.291118 -152.618973 75.000000
v -270.484329 -152.394455 -75.000000
v -270.683071 -152.174835 75.000000
v -270.887229 -151.960236 -75.000000
v -271.096675 -151.750778 75.000000
v -271.311275 -151.546631 -75.000000
v -271.530899 -151.347885 75.000000
v -271.755413 -151.154678 -75.000000
v -271.984668 -150.967133 75.000000
v -272.218532 -150.785355 -75.000000
v -272.456851 -150.609467 75.000000
v -272.699485 -150.439560 -75.000000
v -272.946277 -150.275772 75.000000
v -273.197078 -150.118195 -75.000000
v -273.451728 -149.966904 75.000000
v -273.710071 -149.822006 -75.000000
v -273.971946 -149.683609 75.000000
v -274.237190 -149.551773 -75.000000
v -274.505638 -149.426590 75.000000
v -274.777122 -149.308151 -75.000000
v -275.051475 -149.196503 75.000000
v -275.328529 -149.091736 -75.000000
v -275.608104 -148.993912 75.000000
v -275.890037 -148.903076 -75.000000
v -276.174144 -148.819305 75.000000
v -276.460250 -148.742645 -75.000000
v -276.748180 -148.673141 75.000000
v -277.037754 -148.610840 -75.000000
v -277.328788 -148.555771 75.000000
v -277.621105 -148.507980 -75.000000
v -277.914524 -148.467484 75.000000
v -278.208862 -148.434311 -75.000000
v -278.503932 -148.408508 75.000000
v -278.799560 -148.390045 -75.000000
v -279.391727 -148.375290 -75.000000
v -279.095550 -148.378983 75.000000
v -279.687904 -148.378983 75.000000
v -280.279521 -148.408508 75.000000
v -280.868930 -148.467484 75.000000
v -281.454669 -148.555771 75.000000
v -282.035278 -148.673141 75.000000
v -282.609313 -148.819305 75.000000
v -283.175350 -148.993912 75.000000
v -283.731979 -149.196503 75.000000
v -284.277820 -149.426590 75.000000
v -284.811512 -149.683609 75.000000
v -285.331729 -149.966904 75.000000
v -285.837177 -150.275772 75.000000
v -286.326602 -150.609467 75.000000
v -286.798786 -150.967133 75.000000
v -287.252555 -151.347885 75.000000
v -287.686782 -151.750778 75.000000
v -288.100383 -152.174835 75.000000
v -288.492336 -152.618973 75.000000
v -288.861663 -153.082092 75.000000
v -289.207443 -153.563034 75.000000
v -289.528823 -154.060638 75.000000
v -289.825000 -154.573624 75.000000
v -290.095237 -155.100739 75.000000
v -290.338867 -155.640671 75.000000
v -290.555274 -156.192078 75.000000
v -290.743934 -156.753586 75.000000
v -290.904365 -157.323807 75.000000
v -291.036178 -157.901306 75.000000
v -291.139038 -158.484665 75.000000
v -291.212692 -159.072418 75.000000
v -291.256961 -159.663116 75.000000
v -311.630558 -172.129562 75.000000
v -311.863727 -172.135284 75.000000
v -311.397951 -172.112396 75.000000
v -311.166463 -172.083847 75.000000
v -310.936658 -172.043976 75.000000
v -310.709085 -171.992874 75.000000
v -310.484294 -171.930664 75.000000
v -310.262826 -171.857498 75.000000
v -310.045215 -171.773560 75.000000
v -309.831985 -171.679047 75.000000
v -309.623651 -171.574173 75.000000
v -309.420711 -171.459213 75.000000
v -309.223657 -171.334427 75.000000
v -309.032964 -171.200119 75.000000
v -308.849090 -171.056625 75.000000
v -308.672479 -170.904282 75.000000
v -308.503557 -170.743454 75.000000
v -308.342727 -170.574539 75.000000
v -308.190382 -170.397919 75.000000
v -308.046886 -170.214050 75.000000
v -307.912584 -170.023346 75.000000
v -307.787801 -169.826294 75.000000
v -307.672838 -169.623367 75.000000
v -307.567970 -169.415024 75.000000
v -307.473451 -169.201797 75.000000
v -307.389511 -168.984192 75.000000
v -307.316347 -168.762711 75.000000
v -307.254138 -168.537918 75.000000
v -307.203037 -168.310349 75.000000
v -307.163160 -168.080551 75.000000
v -307.134611 -167.849060 75.000000
v -307.117452 -167.616455 75.000000
v -307.111728 -167.383286 75.000000
v -330.871727 -167.383286 75.000000
v -330.871727 -153.127289 -75.000000
v -330.871727 -167.383286 -75.000000
v -330.871727 -153.127289 75.000000
v -326.352897 -148.381012 75.000000
v -326.119728 -148.375290 -75.000000
v -326.352897 -148.381012 -75.000000
v -326.119728 -148.375290 75.000000
v -326.585505 -148.398163 75.000000
v -326.585505 -148.398163 -75.000000
v -326.816991 -148.426712 75.000000
v -326.816991 -148.426712 -75.000000
v -327.046797 -148.466599 75.000000
v -327.046797 -148.466599 -75.000000
v -327.274369 -148.517700 75.000000
v -327.274369 -148.517700 -75.000000
v -327.499160 -148.579910 -75.000000
v -327.499160 -148.579910 75.000000
v -327.720628 -148.653061 -75.000000
v -327.720628 -148.653061 75.000000
v -327.938239 -148.737015 75.000000
v -327.938239 -148.737015 -75.000000
v -328.151469 -148.831528 -75.000000
v -328.151469 -148.831528 75.000000
v -328.359805 -148.936401 75.000000
v -328.359805 -148.936401 -75.000000
v -328.562744 -149.051361 75.000000
v -328.562744 -149.051361 -75.000000
v -328.759797 -149.176147 75.000000
v -328.759797 -149.176147 -75.000000
v -328.950491 -149.310440 75.000000
v -328.950491 -149.310440 -75.000000
v -329.134364 -149.453934 75.000000
v -329.134364 -149.453934 -75.000000
v -329.310976 -149.606277 75.000000
v -329.310976 -149.606277 -75.000000
v -329.479899 -149.767105 75.000000
v -329.479899 -149.767105 -75.000000
v -329.640727 -149.936035 -75.000000
v -329.640727 -149.936035 75.000000
v -329.793073 -150.112640 75.000000
v -329.793073 -150.112640 -75.000000
v -329.936570 -150.296524 75.000000
v -329.936570 -150.296524 -75.000000
v -330.070871 -150.487213 -75.000000
v -330.070871 -150.487213 75.000000
v -330.195654 -150.684265 75.000000
v -330.195654 -150.684265 -75.000000
v -330.310617 -150.887207 -75.000000
v -330.310617 -150.887207 75.000000
v -330.415485 -151.095535 75.000000
v -330.415485 -151.095535 -75.000000
v -330.510003 -151.308777 75.000000
v -330.510003 -151.308777 -75.000000
v -330.593945 -151.526382 75.000000
v -330.593945 -151.526382 -75.000000
v -330.667108 -151.747849 75.000000
v -330.667108 -151.747849 -75.000000
v -330.729316 -151.972641 75.000000
v -330.729316 -151.972641 -75.000000
v -330.780419 -152.200211 -75.000000
v -330.780419 -152.200211 75.000000
v -330.820294 -152.430023 -75.000000
v -330.820294 -152.430023 75.000000
v -330.848845 -152.661499 75.000000
v -330.848845 -152.661499 -75.000000
v -330.866004 -152.894119 -75.000000
v -330.866004 -152.894119 75.000000
v -311.863727 -148.375290 75.000000
v -307.117452 -152.894119 75.000000
v -307.111728 -153.127289 75.000000
v -307.134611 -152.661499 75.000000
v -307.163160 -152.430023 75.000000
v -307.203037 -152.200211 75.000000
v -307.254138 -151.972641 75.000000
v -307.316347 -151.747849 75.000000
v -307.389511 -151.526382 75.000000
v -307.473451 -151.308777 75.000000
v -307.567970 -151.095535 75.000000
v -307.672838 -150.887207 75.000000
v -307.787801 -150.684265 75.000000
v -307.912584 -150.487213 75.000000
v -308.046886 -150.296524 75.000000
v -308.190382 -150.112640 75.000000
v -308.342727 -149.936035 75.000000
v -308.503557 -149.767105 75.000000
v -308.672479 -149.606277 75.000000
v -308.849090 -149.453934 75.000000
v -309.032964 -149.310440 75.000000
v -309.223657 -149.176147 75.000000
v -309.420711 -149.051361 75.000000
v -309.623651 -148.936401 75.000000
v -309.831985 -148.831528 75.000000
v -310.045215 -148.737015 75.000000
v -310.262826 -148.653061 75.000000
v -310.484294 -148.579910 75.000000
v -310.709085 -148.517700 75.000000
v -310.936658 -148.466599 75.000000
v -311.166463 -148.426712 75.000000
v -311.397951 -148.398163 75.000000
v -311.630558 -148.381012 75.000000
v -326.119728 -172.135284 -75.000000
v -326.119728 -172.135284 75.000000
v -330.866004 -167.616455 75.000000
v -330.866004 -167.616455 -75.000000
v -330.848845 -167.849060 75.000000
v -330.848845 -167.849060 -75.000000
v -330.820294 -168.080551 75.000000
v -330.820294 -168.080551 -75.000000
v -330.780419 -168.310349 75.000000
v -330.780419 -168.310349 -75.000000
v -330.729316 -168.537918 75.000000
v -330.729316 -168.537918 -75.000000
v -330.667108 -168.762711 -75.000000
v -330.667108 -168.762711 75.000000
v -330.593945 -168.984192 -75.000000
v -330.593945 -168.984192 75.000000
v -330.510003 -169.201797 75.000000
v -330.510003 -169.201797 -75.000000
v -330.415485 -169.415024 -75.000000
v -330.415485 -169.415024 75.000000
v -330.310617 -169.623367 75.000000
v -330.310617 -169.623367 -75.000000
v -330.195654 -169.826294 75.000000
v -330.195654 -169.826294 -75.000000
v -330.070871 -170.023346 75.000000
v -330.070871 -170.023346 -75.000000
v -329.936570 -170.214050 75.000000
v -329.936570 -170.214050 -75.000000
v -329.793073 -170.397919 75.000000
v -329.793073 -170.397919 -75.000000
v -329.640727 -170.574539 75.000000
v -329.640727 -170.574539 -75.000000
v -329.479899 -170.743454 75.000000
v -329.479899 -170.743454 -75.000000
v -329.310976 -170.904282 -75.000000
v -329.310976 -170.904282 75.000000
v -329.134364 -171.056625 75.000000
v -329.134364 -171.056625 -75.000000
v -328.950491 -171.200119 75.000000
v -328.950491 -171.200119 -75.000000
v -328.759797 -171.334427 -75.000000
v -328.759797 -171.334427 75.000000
v -328.562744 -171.459213 75.000000
v -328.562744 -171.459213 -75.000000
v -328.359805 -171.574173 -75.000000
v -328.359805 -171.574173 75.000000
v -328.151469 -171.679047 75.000000
v -328.151469 -171.679047 -75.000000
v -327.938239 -171.773560 75.000000
v -327.938239 -171.773560 -75.000000
v -327.720628 -171.857498 75.000000
v -327.720628 -171.857498 -75.000000
v -327.499160 -171.930664 75.000000
v -327.499160 -171.930664 -75.000000
v -327.274369 -171.992874 75.000000
v -327.274369 -171.992874 -75.000000
v -327.046797 -172.043976 -75.000000
v -327.046797 -172.043976 75.000000
v -326.816991 -172.083847 -75.000000
v -326.816991 -172.083847 75.000000
v -326.585505 -172.112396 75.000000
v -326.585505 -172.112396 -75.000000
v -326.352897 -172.129562 -75.000000
v -326.352897 -172.129562 75.000000

usemtl mat4
f 1 2 3
f 1 4 2
f 4 5 2
f 4 6 5
f 7 8 9
f 7 10 8
f 11 9 12
f 11 12 13
f 11 7 9
f 14 11 13
f 15 13 16
f 15 14 13
f 17 16 18
f 17 15 16
f 19 18 20
f 19 17 18
f 21 20 22
f 21 19 20
f 23 22 24
f 23 24 25
f 23 21 22
f 26 23 25
f 27 25 28
f 27 28 29
f 27 26 25
f 30 29 31
f 30 27 29
f 32 31 33
f 32 30 31
f 34 32 33
f 35 33 36
f 35 36 37
f 35 34 33
f 38 35 37
f 39 37 40
f 39 38 37
f 41 40 42
f 41 39 40
f 43 42 44
f 43 41 42
f 45 44 46
f 45 43 44
f 47 46 48
f 47 48 49
f 47 45 46
f 50 49 51
f 50 47 49
f 52 50 51
f 53 52 51
f 53 51 54
f 55 53 54
f 55 54 56
f 57 55 56
f 57 56 58
f 59 57 58
f 59 58 60
f 61 59 60
f 61 60 62
f 63 61 62
f 63 62 64
f 65 63 64
f 65 64 66
f 67 65 66
f 67 66 68
f 69 67 68
f 69 68 70
f 71 70 72
f 71 72 73
f 71 69 70
f 74 71 73
f 75 73 76
f 75 74 73
f 77 76 78
f 77 78 79
f 77 75 76
f 80 77 79
f 81 79 82
f 81 80 79
f 83 82 84
f 83 81 82
f 85 84 86
f 85 83 84
f 87 86 88
f 87 85 86
f 89 88 90
f 89 90 91
f 89 87 88
f 92 89 91
f 93 91 94
f 93 94 95
f 93 92 91
f 96 93 95
f 97 95 98
f 97 98 99
f 97 96 95
f 100 97 99
f 101 99 102
f 101 100 99
f 103 102 104
f 103 101 102
f 105 103 104
f 105 104 106
f 107 105 106
f 107 106 108
f 6 107 108
f 6 108 5
f 10 109 8
f 10 110 109
f 110 111 109
f 110 112 111
f 113 114 115
f 113 116 114
f 117 115 118
f 117 113 115
f 119 118 120
f 119 117 118
f 121 120 122
f 121 122 123
f 121 119 120
f 124 121 123
f 125 123 126
f 125 124 123
f 127 126 128
f 127 125 126
f 129 128 130
f 129 127 128
f 131 130 132
f 131 129 130
f 133 132 134
f 133 131 132
f 135 134 136
f 135 133 134
f 137 136 138
f 137 135 136
f 139 138 140
f 139 137 138
f 141 140 142
f 141 139 140
f 143 142 144
f 143 141 142
f 145 144 146
f 145 143 144
f 147 146 148
f 147 145 146
f 149 148 150
f 149 147 148
f 151 150 152
f 151 149 150
f 153 152 154
f 153 154 155
f 153 151 152
f 156 153 155
f 157 155 158
f 157 156 155
f 159 158 160
f 159 160 161
f 159 157 158
f 162 159 161
f 163 162 161
f 163 161 164
f 165 163 164
f 165 164 166
f 165 166 167
f 168 165 167
f 169 168 167
f 169 167 170
f 169 170 171
f 172 169 171
f 172 171 173
f 174 172 173
f 175 174 173
f 175 173 176
f 177 176 178
f 177 178 179
f 177 175 176
f 180 177 179
f 181 179 182
f 181 182 183
f 181 180 179
f 184 183 185
f 184 181 183
f 186 184 185
f 187 185 188
f 187 186 185
f 189 188 190
f 189 190 191
f 189 187 188
f 192 189 191
f 193 191 194
f 193 192 191
f 195 194 196
f 195 196 197
f 195 193 194
f 198 195 197
f 199 197 200
f 199 198 197
f 201 200 202
f 201 199 200
f 203 202 204
f 203 201 202
f 205 204 206
f 205 203 204
f 207 206 208
f 207 205 206
f 209 208 210
f 209 207 208
f 211 209 210
f 211 210 212
f 211 212 213
f 214 211 213
f 112 214 213
f 112 213 111
f 116 215 114
f 116 216 215
f 216 217 215
f 216 218 217
f 219 220 221
f 219 222 220
f 223 221 224
f 223 219 221
f 225 224 226
f 225 223 224
f 227 226 228
f 227 225 226
f 229 228 230
f 229 227 228
f 231 230 232
f 231 229 230
f 233 232 234
f 233 234 235
f 233 231 232
f 236 233 235
f 237 235 238
f 237 236 235
f 239 238 240
f 239 237 238
f 241 240 242
f 241 239 240
f 243 242 244
f 243 241 242
f 245 244 246
f 245 243 244
f 247 246 248
f 247 248 249
f 247 245 246
f 250 247 249
f 251 249 252
f 251 252 253
f 251 250 249
f 254 251 253
f 255 253 256
f 255 254 253
f 257 256 258
f 257 255 256
f 259 258 260
f 259 257 258
f 261 260 262
f 261 259 260
f 263 262 264
f 263 261 262
f 265 264 266
f 265 266 267
f 265 263 264
f 268 265 267
f 268 267 269
f 270 268 269
f 271 270 269
f 271 269 272
f 271 272 273
f 274 271 273
f 275 274 273
f 275 273 276
f 275 276 277
f 278 275 277
f 278 277 279
f 280 278 279
f 281 280 279
f 281 279 282
f 283 282 284
f 283 281 282
f 285 284 286
f 285 286 287
f 285 283 284
f 288 285 287
f 289 287 290
f 289 290 291
f 289 288 287
f 292 289 291
f 293 291 294
f 293 294 295
f 293 292 291
f 296 293 295
f 297 295 298
f 297 296 295
f 299 298 300
f 299 300 301
f 299 297 298
f 302 299 301
f 303 301 304
f 303 302 301
f 305 304 306
f 305 303 304
f 307 306 308
f 307 308 309
f 307 305 306
f 310 307 309
f 311 309 312
f 311 312 313
f 311 310 309
f 314 311 313
f 315 313 316
f 315 314 313
f 317 315 316
f 317 316 318
f 317 318 319
f 320 317 319
f 218 320 319
f 218 319 217
f 222 321 220
f 222 322 321
f 322 323 321
f 322 324 323
f 325 326 327
f 325 328 326
f 329 327 330
f 329 325 327
f 331 330 332
f 331 332 333
f 331 329 330
f 334 331 333
f 335 333 336
f 335 334 333
f 337 336 338
f 337 335 336
f 339 338 340
f 339 340 341
f 339 337 338
f 342 339 341
f 343 341 344
f 343 342 341
f 345 344 346
f 345 343 344
f 347 346 348
f 347 345 346
f 349 348 350
f 349 347 348
f 351 350 352
f 351 352 353
f 351 349 350
f 354 351 353
f 355 353 356
f 355 356 357
f 355 354 353
f 358 355 357
f 359 357 360
f 359 358 357
f 361 360 362
f 361 362 363
f 361 359 360
f 364 361 363
f 365 363 366
f 365 366 367
f 365 364 363
f 368 365 367
f 369 367 370
f 369 368 367
f 371 370 372
f 371 369 370
f 373 371 372
f 373 372 374
f 375 373 374
f 375 374 376
f 375 376 377
f 378 375 377
f 378 377 379
f 380 378 379
f 381 380 379
f 381 379 382
f 383 381 382
f 383 382 384
f 383 384 385
f 386 383 385
f 387 386 385
f 387 385 388
f 387 388 389
f 390 387 389
f 391 389 392
f 391 390 389
f 393 392 394
f 393 394 395
f 393 391 392
f 396 393 395
f 397 395 398
f 397 398 399
f 397 396 395
f 400 397 399
f 401 399 402
f 401 402 403
f 401 400 399
f 404 401 403
f 405 403 406
f 405 406 407
f 405 404 403
f 408 405 407
f 409 407 410
f 409 408 407
f 411 410 412
f 411 409 410
f 413 412 414
f 413 411 412
f 415 414 416
f 415 413 414
f 417 416 418
f 417 418 419
f 417 415 416
f 420 417 419
f 421 419 422
f 421 422 423
f 421 420 419
f 424 421 423
f 425 424 423
f 425 423 426
f 324 425 426
f 324 426 323
f 328 427 326
f 328 428 427
f 428 429 427
f 428 430 429
f 431 3 432
f 431 1 3
f 433 432 434
f 433 431 432
f 435 434 436
f 435 433 434
f 437 436 438
f 437 435 436
f 439 438 440
f 439 437 438
f 441 440 442
f 441 439 440
f 443 442 444
f 443 441 442
f 445 444 446
f 445 443 444
f 447 446 448
f 447 445 446
f 449 448 450
f 449 447 448
f 451 450 452
f 451 452 453
f 451 449 450
f 454 451 453
f 455 453 456
f 455 454 453
f 457 456 458
f 457 455 456
f 459 458 460
f 459 457 458
f 461 460 462
f 461 459 460
f 463 462 464
f 463 461 462
f 465 464 466
f 465 463 464
f 467 466 468
f 467 465 466
f 469 468 470
f 469 467 468
f 471 470 472
f 471 469 470
f 473 472 474
f 473 471 472
f 475 474 476
f 475 473 474
f 477 475 476
f 477 476 478
f 477 478 479
f 480 477 479
f 481 480 479
f 481 479 482
f 483 481 482
f 483 482 484
f 485 483 484
f 485 484 486
f 487 485 486
f 487 486 488
f 487 488 489
f 490 487 489
f 491 490 489
f 491 489 492
f 491 492 493
f 494 491 493
f 495 493 496
f 495 494 493
f 497 496 498
f 497 495 496
f 499 498 500
f 499 500 501
f 499 497 498
f 502 499 501
f 503 501 504
f 503 504 505
f 503 502 501
f 506 505 507
f 506 503 505
f 508 506 507
f 509 507 510
f 509 508 507
f 511 510 512
f 511 512 513
f 511 509 510
f 514 511 513
f 515 513 516
f 515 516 517
f 515 514 513
f 518 515 517
f 519 517 520
f 519 520 521
f 519 518 517
f 522 519 521
f 523 521 524
f 523 522 521
f 525 524 526
f 525 526 527
f 525 523 524
f 528 525 527
f 529 528 527
f 529 527 530
f 430 529 530
f 430 530 429
f 375 371 373
f 361 364 365
f 359 361 365
f 355 358 359
f 386 365 368
f 386 368 369
f 386 369 371
f 386 375 378
f 386 371 375
f 386 378 380
f 386 380 381
f 386 381 383
f 387 354 355
f 387 359 365
f 387 365 386
f 387 355 359
f 349 351 354
f 349 354 387
f 391 349 387
f 391 387 390
f 343 349 391
f 343 345 347
f 343 347 349
f 397 393 396
f 401 393 397
f 401 397 400
f 337 339 342
f 404 393 401
f 335 337 342
f 335 342 343
f 334 335 343
f 409 343 391
f 409 391 393
f 409 404 405
f 409 405 408
f 409 393 404
f 325 334 343
f 325 343 409
f 325 329 331
f 325 331 334
f 413 325 409
f 413 409 411
f 328 325 413
f 417 413 415
f 424 420 421
f 424 413 417
f 424 417 420
f 425 328 413
f 425 413 424
f 324 328 425
f 430 519 522
f 430 522 523
f 430 523 525
f 430 525 528
f 430 528 529
f 518 519 430
f 515 518 430
f 514 515 430
f 511 514 430
f 509 511 430
f 508 509 430
f 506 508 430
f 503 506 430
f 502 503 430
f 499 502 430
f 497 499 430
f 495 497 430
f 494 495 430
f 491 494 430
f 490 491 430
f 487 490 430
f 485 487 430
f 483 485 430
f 481 483 430
f 480 481 430
f 477 480 430
f 475 477 430
f 473 475 430
f 471 473 430
f 469 471 430
f 467 469 430
f 465 467 430
f 463 465 430
f 461 463 430
f 459 461 430
f 457 459 430
f 454 455 457
f 454 457 430
f 451 454 430
f 449 451 430
f 447 449 430
f 445 447 430
f 322 428 328
f 322 328 324
f 443 445 430
f 441 443 430
f 439 441 430
f 437 439 430
f 435 437 430
f 433 435 430
f 1 431 433
f 1 430 428
f 1 433 430
f 223 222 219
f 225 222 223
f 227 222 225
f 229 222 227
f 233 229 231
f 233 222 229
f 237 233 236
f 237 222 233
f 239 222 237
f 243 239 241
f 245 239 243
f 247 239 245
f 250 222 239
f 250 239 247
f 257 222 250
f 257 250 251
f 257 251 254
f 257 254 255
f 261 222 257
f 261 257 259
f 265 261 263
f 271 265 268
f 271 268 270
f 275 261 265
f 275 265 271
f 275 271 274
f 280 275 278
f 283 261 275
f 283 275 280
f 283 280 281
f 285 261 283
f 288 261 285
f 289 261 288
f 293 289 292
f 293 261 289
f 297 293 296
f 299 261 293
f 299 293 297
f 302 222 261
f 302 261 299
f 305 302 303
f 305 222 302
f 310 305 307
f 314 310 311
f 317 314 315
f 317 305 310
f 317 310 314
f 320 222 305
f 320 305 317
f 218 222 320
f 4 428 322
f 4 1 428
f 216 322 222
f 216 222 218
f 110 4 322
f 110 322 216
f 6 4 110
f 105 107 6
f 103 105 6
f 101 103 6
f 100 101 6
f 97 100 6
f 96 97 6
f 93 96 6
f 92 93 6
f 87 92 6
f 87 89 92
f 85 87 6
f 81 85 6
f 81 83 85
f 80 81 6
f 75 80 6
f 75 77 80
f 71 75 6
f 71 74 75
f 67 71 6
f 67 69 71
f 65 67 6
f 61 63 65
f 59 65 6
f 59 61 65
f 57 59 6
f 53 55 57
f 52 57 6
f 52 53 57
f 10 6 110
f 45 47 50
f 45 50 52
f 7 6 10
f 43 52 6
f 43 45 52
f 11 6 7
f 39 41 43
f 15 11 14
f 15 6 11
f 38 43 6
f 38 39 43
f 19 15 17
f 19 6 15
f 34 35 38
f 21 6 19
f 32 34 38
f 30 38 6
f 30 32 38
f 27 21 23
f 27 23 26
f 27 6 21
f 27 30 6
f 119 113 117
f 121 116 113
f 121 113 119
f 124 116 121
f 131 124 125
f 131 125 127
f 131 127 129
f 131 116 124
f 133 116 131
f 135 116 133
f 139 135 137
f 139 116 135
f 141 116 139
f 147 141 143
f 147 143 145
f 147 116 141
f 151 116 147
f 151 147 149
f 112 216 116
f 112 110 216
f 156 151 153
f 211 214 112
f 209 211 112
f 209 112 116
f 205 207 209
f 205 209 116
f 203 205 116
f 165 162 163
f 199 201 203
f 169 162 165
f 169 156 157
f 169 157 159
f 169 159 162
f 169 165 168
f 172 156 169
f 195 198 199
f 195 199 203
f 195 203 116
f 192 193 195
f 177 156 172
f 177 172 174
f 177 174 175
f 180 151 156
f 180 156 177
f 187 195 116
f 187 192 195
f 187 189 192
f 181 116 151
f 181 151 180
f 181 187 116
f 184 187 181
f 184 186 187
f 372 376 374
f 363 362 366
f 362 360 366
f 357 356 360
f 366 385 367
f 367 385 370
f 370 385 372
f 376 385 377
f 377 385 379
f 379 385 382
f 382 385 384
f 372 385 376
f 353 388 356
f 356 388 360
f 366 388 385
f 360 388 366
f 352 350 353
f 353 350 388
f 350 392 388
f 388 392 389
f 346 344 348
f 348 344 350
f 350 344 392
f 394 398 395
f 394 402 398
f 398 402 399
f 340 338 341
f 394 403 402
f 341 336 344
f 338 336 341
f 336 333 344
f 344 410 392
f 394 410 403
f 392 410 394
f 403 410 406
f 406 410 407
f 330 327 332
f 332 327 333
f 344 327 410
f 333 327 344
f 327 414 410
f 410 414 412
f 327 326 414
f 414 418 416
f 418 423 419
f 419 423 422
f 414 423 418
f 326 426 414
f 414 426 423
f 326 323 426
f 524 521 526
f 521 520 526
f 520 429 526
f 526 429 527
f 527 429 530
f 520 517 429
f 516 513 517
f 513 512 517
f 512 510 517
f 507 505 510
f 510 505 517
f 501 500 504
f 500 498 504
f 496 493 498
f 504 493 505
f 498 493 504
f 505 493 517
f 492 489 493
f 489 486 493
f 488 486 489
f 493 482 517
f 486 482 493
f 484 482 486
f 517 482 429
f 479 478 482
f 478 474 482
f 476 474 478
f 470 468 472
f 472 468 474
f 474 466 482
f 468 466 474
f 464 462 466
f 466 462 482
f 460 458 462
f 462 458 482
f 450 448 452
f 448 446 452
f 427 321 326
f 326 321 323
f 482 444 429
f 452 444 453
f 453 444 456
f 456 444 458
f 458 444 482
f 446 444 452
f 440 438 442
f 442 438 444
f 436 434 438
f 438 434 444
f 429 3 427
f 432 3 434
f 444 3 429
f 434 3 444
f 220 224 221
f 220 226 224
f 220 228 226
f 220 230 228
f 230 234 232
f 220 234 230
f 234 238 235
f 220 238 234
f 220 240 238
f 240 244 242
f 240 246 244
f 240 248 246
f 240 249 248
f 220 249 240
f 220 258 249
f 249 258 252
f 252 258 253
f 253 258 256
f 220 262 258
f 258 262 260
f 262 266 264
f 266 272 267
f 267 272 269
f 262 276 266
f 266 276 272
f 272 276 273
f 276 279 277
f 262 284 276
f 276 284 279
f 279 284 282
f 262 286 284
f 262 287 286
f 262 290 287
f 262 294 290
f 290 294 291
f 294 298 295
f 262 300 294
f 294 300 298
f 220 301 262
f 262 301 300
f 220 306 301
f 301 306 304
f 306 309 308
f 309 313 312
f 313 318 316
f 306 318 309
f 309 318 313
f 220 319 306
f 306 319 318
f 220 217 319
f 427 2 321
f 3 2 427
f 321 215 220
f 220 215 217
f 2 109 321
f 321 109 215
f 2 5 109
f 108 106 5
f 106 104 5
f 104 102 5
f 102 99 5
f 99 98 5
f 98 95 5
f 95 94 5
f 94 91 5
f 90 88 91
f 91 88 5
f 88 86 5
f 86 82 5
f 84 82 86
f 82 79 5
f 79 76 5
f 78 76 79
f 76 72 5
f 73 72 76
f 72 68 5
f 70 68 72
f 68 66 5
f 64 62 66
f 66 60 5
f 62 60 66
f 60 58 5
f 56 54 58
f 58 51 5
f 54 51 58
f 5 8 109
f 48 46 49
f 49 46 51
f 5 9 8
f 51 44 5
f 46 44 51
f 5 12 9
f 42 40 44
f 5 16 12
f 12 16 13
f 44 37 5
f 40 37 44
f 5 20 16
f 16 20 18
f 36 33 37
f 5 22 20
f 33 31 37
f 37 29 5
f 31 29 37
f 22 28 24
f 24 28 25
f 5 28 22
f 29 28 5
f 115 120 118
f 114 122 115
f 115 122 120
f 114 123 122
f 123 132 126
f 126 132 128
f 128 132 130
f 114 132 123
f 114 134 132
f 114 136 134
f 114 140 136
f 136 140 138
f 114 142 140
f 114 148 142
f 142 148 144
f 144 148 146
f 114 152 148
f 148 152 150
f 215 111 114
f 109 111 215
f 152 155 154
f 213 212 111
f 111 210 114
f 212 210 111
f 210 206 114
f 208 206 210
f 206 204 114
f 161 166 164
f 202 200 204
f 155 170 158
f 158 170 160
f 160 170 161
f 166 170 167
f 161 170 166
f 155 171 170
f 204 196 114
f 197 196 200
f 200 196 204
f 194 191 196
f 171 178 173
f 173 178 176
f 155 178 171
f 152 179 155
f 155 179 178
f 190 188 191
f 191 188 196
f 196 188 114
f 114 182 152
f 188 182 114
f 152 182 179
f 185 183 188
f 188 183 182
f 531 532 533
f 531 533 534
f 531 534 535
f 536 535 537
f 536 531 535
f 538 536 537
f 539 537 540
f 539 538 537
f 541 540 542
f 541 542 543
f 541 539 540
f 544 541 543
f 545 543 546
f 545 544 543
f 547 546 548
f 547 545 546
f 549 548 550
f 549 547 548
f 551 550 552
f 551 549 550
f 553 551 552
f 553 552 554
f 553 554 555
f 556 553 555
f 557 556 555
f 557 555 558
f 557 558 559
f 560 557 559
f 560 559 561
f 562 560 561
f 563 562 561
f 563 561 564
f 563 564 565
f 566 563 565
f 566 565 567
f 568 566 567
f 569 568 567
f 569 567 570
f 569 570 571
f 572 569 571
f 573 572 571
f 573 571 574
f 575 573 574
f 575 574 576
f 577 576 578
f 577 575 576
f 577 578 579
f 580 577 579
f 581 579 582
f 581 580 579
f 583 582 584
f 583 581 582
f 585 584 586
f 585 586 587
f 585 583 584
f 588 587 589
f 588 585 587
f 590 588 589
f 591 589 592
f 591 590 589
f 593 592 594
f 593 591 592
f 595 594 596
f 595 593 594
f 597 596 598
f 597 595 596
f 599 598 600
f 599 600 601
f 599 597 598
f 602 599 601
f 603 602 601
f 603 601 604
f 605 603 604
f 605 604 606
f 607 605 606
f 607 606 608
f 609 607 608
f 609 608 610
f 611 609 610
f 611 610 612
f 613 611 612
f 613 612 614
f 615 613 614
f 615 614 616
f 615 616 617
f 618 615 617
f 619 618 617
f 619 617 620
f 621 619 620
f 621 620 622
f 623 621 622
f 623 622 624
f 625 623 624
f 625 624 626
f 627 625 626
f 627 626 628
f 629 627 628
f 629 628 630
f 631 629 630
f 631 630 632
f 633 631 632
f 633 632 634
f 635 633 634
f 635 634 636
f 637 635 636
f 637 636 638
f 639 637 638
f 639 638 640
f 641 639 640
f 641 640 642
f 643 641 642
f 643 642 644
f 645 643 644
f 645 644 646
f 647 646 648
f 647 648 649
f 647 645 646
f 650 647 649
f 651 649 652
f 651 650 649
f 653 652 654
f 653 654 655
f 653 651 652
f 656 653 655
f 657 656 655
f 657 655 658
f 659 657 658
f 659 658 660
f 661 659 660
f 661 660 662
f 663 661 662
f 663 662 664
f 665 663 664
f 665 664 666
f 667 665 666
f 667 666 668
f 669 667 668
f 669 668 670
f 671 669 670
f 671 670 672
f 673 671 672
f 673 672 674
f 675 673 674
f 675 674 676
f 677 675 676
f 677 676 678
f 679 677 678
f 679 678 680
f 681 680 682
f 681 682 683
f 681 679 680
f 684 681 683
f 685 683 686
f 685 684 683
f 687 686 688
f 687 685 686
f 689 688 690
f 689 687 688
f 691 690 692
f 691 689 690
f 693 692 694
f 693 691 692
f 695 694 696
f 695 693 694
f 697 696 698
f 697 695 696
f 699 698 700
f 699 697 698
f 701 700 702
f 701 699 700
f 703 702 704
f 703 704 705
f 703 701 702
f 706 703 705
f 707 706 705
f 707 705 708
f 709 707 708
f 709 708 710
f 711 709 710
f 711 710 712
f 713 711 712
f 713 712 714
f 715 714 716
f 715 713 714
f 717 716 718
f 717 715 716
f 719 718 720
f 719 717 718
f 721 720 722
f 721 719 720
f 723 722 724
f 723 721 722
f 725 724 726
f 725 723 724
f 727 726 728
f 727 725 726
f 729 728 730
f 729 727 728
f 731 730 732
f 731 729 730
f 733 732 734
f 733 731 732
f 735 734 736
f 735 733 734
f 737 736 738
f 737 735 736
f 739 738 740
f 739 737 738
f 741 740 742
f 741 739 740
f 743 742 744
f 743 744 745
f 743 741 742
f 746 743 745
f 747 745 748
f 747 746 745
f 749 748 750
f 749 747 748
f 751 750 752
f 751 752 753
f 751 749 750
f 754 751 753
f 755 754 753
f 755 753 756
f 755 756 757
f 758 755 757
f 759 758 757
f 759 757 760
f 759 760 761
f 762 759 761
f 763 762 761
f 763 761 764
f 765 763 764
f 765 764 766
f 767 765 766
f 767 766 768
f 769 767 768
f 769 768 770
f 771 769 770
f 771 770 772
f 773 771 772
f 773 772 774
f 775 773 774
f 775 774 776
f 777 775 776
f 777 776 778
f 779 778 780
f 779 777 778
f 781 779 780
f 781 780 782
f 532 782 533
f 532 781 782
f 566 562 563
f 569 566 568
f 569 562 566
f 556 557 560
f 556 560 562
f 556 562 569
f 573 569 572
f 573 556 569
f 551 553 556
f 549 551 556
f 577 573 575
f 580 573 577
f 581 573 580
f 544 545 547
f 544 547 549
f 583 573 581
f 541 544 549
f 590 585 588
f 593 590 591
f 532 531 536
f 532 536 538
f 532 538 539
f 595 590 593
f 777 539 541
f 777 779 781
f 777 781 532
f 777 583 585
f 777 556 573
f 777 549 556
f 777 573 583
f 777 541 549
f 777 532 539
f 602 597 599
f 603 597 602
f 603 595 597
f 773 775 777
f 605 595 603
f 771 773 777
f 771 777 585
f 611 595 605
f 611 605 607
f 611 607 609
f 611 590 595
f 765 767 769
f 765 769 771
f 613 590 611
f 763 765 771
f 615 590 613
f 618 590 615
f 618 585 590
f 759 762 763
f 758 759 763
f 621 585 618
f 621 618 619
f 755 758 763
f 625 621 623
f 751 754 755
f 749 751 755
f 629 625 627
f 629 621 625
f 746 747 749
f 633 629 631
f 633 621 629
f 743 763 771
f 743 755 763
f 743 746 749
f 743 749 755
f 639 633 635
f 639 635 637
f 639 621 633
f 737 739 741
f 737 741 743
f 645 641 643
f 731 733 735
f 731 735 737
f 731 737 743
f 729 731 743
f 651 639 641
f 651 645 647
f 651 647 650
f 651 641 645
f 725 727 729
f 721 723 725
f 657 651 653
f 657 653 656
f 657 639 651
f 659 639 657
f 717 725 729
f 717 743 771
f 717 719 721
f 717 729 743
f 717 721 725
f 661 639 659
f 661 585 621
f 661 621 639
f 711 713 715
f 667 661 663
f 667 663 665
f 709 711 715
f 709 715 717
f 707 709 717
f 703 707 717
f 703 706 707
f 675 667 669
f 675 669 671
f 675 671 673
f 697 703 717
f 697 699 701
f 697 701 703
f 681 661 667
f 681 667 675
f 681 675 677
f 681 677 679
f 693 697 717
f 693 695 697
f 689 717 771
f 689 771 585
f 689 585 661
f 689 661 681
f 689 693 717
f 689 681 684
f 689 684 685
f 689 685 687
f 689 691 693
f 561 565 564
f 565 570 567
f 561 570 565
f 558 555 559
f 559 555 561
f 561 555 570
f 570 574 571
f 555 574 570
f 554 552 555
f 552 550 555
f 574 578 576
f 574 579 578
f 574 582 579
f 546 543 548
f 548 543 550
f 574 584 582
f 543 542 550
f 586 589 587
f 589 594 592
f 534 533 535
f 535 533 537
f 537 533 540
f 589 596 594
f 540 778 542
f 780 778 782
f 782 778 533
f 584 778 586
f 555 778 574
f 550 778 555
f 574 778 584
f 542 778 550
f 533 778 540
f 598 601 600
f 598 604 601
f 596 604 598
f 776 774 778
f 596 606 604
f 774 772 778
f 778 772 586
f 596 612 606
f 606 612 608
f 608 612 610
f 589 612 596
f 768 766 770
f 770 766 772
f 589 614 612
f 766 764 772
f 589 616 614
f 589 617 616
f 586 617 589
f 761 760 764
f 760 757 764
f 586 622 617
f 617 622 620
f 757 756 764
f 622 626 624
f 753 752 756
f 752 750 756
f 626 630 628
f 622 630 626
f 748 745 750
f 630 634 632
f 622 634 630
f 764 744 772
f 756 744 764
f 745 744 750
f 750 744 756
f 634 640 636
f 636 640 638
f 622 640 634
f 740 738 742
f 742 738 744
f 642 646 644
f 734 732 736
f 736 732 738
f 738 732 744
f 732 730 744
f 640 652 642
f 646 652 648
f 648 652 649
f 642 652 646
f 728 726 730
f 724 722 726
f 652 658 654
f 654 658 655
f 640 658 652
f 640 660 658
f 726 718 730
f 744 718 772
f 720 718 722
f 730 718 744
f 722 718 726
f 640 662 660
f 586 662 622
f 622 662 640
f 714 712 716
f 662 668 664
f 664 668 666
f 712 710 716
f 716 710 718
f 710 708 718
f 708 704 718
f 705 704 708
f 668 676 670
f 670 676 672
f 672 676 674
f 704 698 718
f 700 698 702
f 702 698 704
f 662 682 668
f 668 682 676
f 676 682 678
f 678 682 680
f 698 694 718
f 696 694 698
f 718 690 772
f 772 690 586
f 586 690 662
f 662 690 682
f 694 690 718
f 682 690 683
f 683 690 686
f 686 690 688
f 692 690 694
f 783 784 785
f 786 785 787
f 786 783 785
f 788 786 787
f 789 787 790
f 789 790 791
f 789 788 787
f 792 789 791
f 793 791 794
f 793 792 791
f 795 794 796
f 795 796 797
f 795 793 794
f 798 795 797
f 799 797 800
f 799 800 801
f 799 798 797
f 802 799 801
f 803 801 804
f 803 804 805
f 803 802 801
f 806 803 805
f 807 805 808
f 807 806 805
f 809 807 808
f 809 808 810
f 811 809 810
f 811 810 812
f 813 811 812
f 813 812 814
f 815 813 814
f 815 814 816
f 815 816 817
f 818 815 817
f 819 817 820
f 819 818 817
f 821 820 822
f 821 819 820
f 823 822 824
f 823 824 825
f 823 821 822
f 826 823 825
f 783 827 784
f 783 828 827
f 829 830 831
f 829 831 832
f 829 833 830
f 834 829 832
f 835 832 836
f 835 834 832
f 837 836 838
f 837 838 839
f 837 835 836
f 840 839 841
f 840 837 839
f 842 840 841
f 843 841 844
f 843 844 845
f 843 842 841
f 846 843 845
f 847 845 848
f 847 848 849
f 847 846 845
f 850 847 849
f 851 849 852
f 851 850 849
f 853 852 854
f 853 851 852
f 855 853 854
f 855 854 856
f 857 855 856
f 857 856 858
f 859 857 858
f 859 858 860
f 859 860 861
f 862 859 861
f 863 862 861
f 863 861 864
f 863 864 865
f 866 863 865
f 867 865 868
f 867 868 869
f 867 866 865
f 870 867 869
f 828 869 827
f 828 870 869
f 871 872 830
f 833 871 830
f 873 874 875
f 873 876 874
f 877 875 878
f 877 873 875
f 879 878 880
f 879 877 878
f 881 880 882
f 881 882 883
f 881 879 880
f 884 881 883
f 885 883 886
f 885 884 883
f 887 886 888
f 887 885 886
f 889 888 890
f 889 887 888
f 891 890 892
f 891 892 893
f 891 889 890
f 894 891 893
f 895 893 896
f 895 894 893
f 897 896 898
f 897 895 896
f 899 897 898
f 899 898 900
f 901 899 900
f 901 900 902
f 901 902 903
f 904 901 903
f 905 904 903
f 905 903 906
f 907 905 906
f 907 906 908
f 909 908 910
f 909 907 908
f 911 910 912
f 911 909 910
f 913 912 914
f 913 914 872
f 913 911 912
f 871 913 872
f 876 915 874
f 876 916 915
f 917 918 919
f 920 919 921
f 920 917 919
f 922 920 921
f 923 921 924
f 923 924 925
f 923 922 921
f 926 923 925
f 927 925 928
f 927 926 925
f 929 928 930
f 929 930 931
f 929 927 928
f 932 929 931
f 933 931 934
f 933 934 935
f 933 932 931
f 936 933 935
f 937 935 938
f 937 938 939
f 937 936 935
f 940 937 939
f 941 939 942
f 941 940 939
f 943 941 942
f 943 942 944
f 945 943 944
f 945 944 946
f 947 945 946
f 947 946 948
f 947 948 949
f 950 947 949
f 951 950 949
f 951 949 952
f 953 952 954
f 953 951 952
f 955 954 956
f 955 953 954
f 957 956 958
f 957 958 915
f 957 955 956
f 916 957 915
f 917 959 918
f 917 960 959
f 961 962 963
f 961 964 962
f 965 963 966
f 965 961 963
f 967 966 968
f 967 965 966
f 969 968 970
f 969 967 968
f 971 970 972
f 971 972 973
f 971 969 970
f 974 971 973
f 975 973 976
f 975 974 973
f 977 976 978
f 977 978 979
f 977 975 976
f 980 977 979
f 981 979 982
f 981 980 979
f 983 982 984
f 983 981 982
f 985 984 986
f 985 983 984
f 987 985 986
f 987 986 988
f 989 987 988
f 989 988 990
f 991 989 990
f 991 990 992
f 993 991 992
f 993 992 994
f 995 993 994
f 995 994 996
f 997 996 998
f 997 995 996
f 999 998 1000
f 999 997 998
f 1001 1000 1002
f 1001 999 1000
f 960 1002 959
f 960 1001 1002
f 964 1003 962
f 964 1004 1003
f 1005 1006 1007
f 1005 1008 1006
f 1009 1007 1010
f 1009 1005 1007
f 1011 1010 1012
f 1011 1009 1010
f 1013 1012 1014
f 1013 1014 1015
f 1013 1011 1012
f 1016 1013 1015
f 1017 1015 1018
f 1017 1016 1015
f 1019 1018 1020
f 1019 1017 1018
f 1021 1020 1022
f 1021 1019 1020
f 1023 1022 1024
f 1023 1024 1025
f 1023 1021 1022
f 1026 1023 1025
f 1027 1025 1028
f 1027 1026 1025
f 1029 1028 1030
f 1029 1027 1028
f 1031 1029 1030
f 1031 1030 1032
f 1033 1031 1032
f 1033 1032 1034
f 1033 1034 1035
f 1036 1033 1035
f 1037 1036 1035
f 1037 1035 1038
f 1039 1037 1038
f 1039 1038 1040
f 1041 1040 1042
f 1041 1039 1040
f 1043 1042 1044
f 1043 1041 1042
f 1045 1044 1046
f 1045 1043 1044
f 1004 1046 1003
f 1004 1045 1046
f 1008 825 1006
f 1008 826 825
f 828 851 853
f 828 853 855
f 828 855 857
f 828 857 859
f 828 859 862
f 828 862 863
f 828 863 866
f 828 866 867
f 828 867 870
f 850 851 828
f 847 850 828
f 846 847 828
f 843 846 828
f 842 843 828
f 840 842 828
f 837 840 828
f 835 837 828
f 834 835 828
f 829 834 828
f 833 829 828
f 788 783 786
f 792 788 789
f 792 783 788
f 795 792 793
f 795 783 792
f 798 783 795
f 802 798 799
f 803 798 802
f 806 783 798
f 806 798 803
f 811 806 807
f 811 807 809
f 815 806 811
f 815 811 813
f 819 815 818
f 823 783 806
f 823 806 815
f 823 815 819
f 823 819 821
f 826 828 783
f 826 783 823
f 907 909 911
f 907 911 913
f 907 913 871
f 901 907 871
f 901 904 905
f 901 905 907
f 897 901 871
f 897 899 901
f 894 897 871
f 894 895 897
f 891 894 871
f 885 891 871
f 885 887 889
f 885 889 891
f 881 885 871
f 881 884 885
f 873 881 871
f 873 877 879
f 873 879 881
f 876 873 871
f 876 833 828
f 876 871 833
f 1013 1009 1011
f 1016 1008 1005
f 1016 1005 1009
f 1016 1009 1013
f 1017 1008 1016
f 1021 1017 1019
f 1021 1008 1017
f 1023 1008 1021
f 1033 1027 1029
f 1033 1029 1031
f 1036 1023 1026
f 1036 1026 1027
f 1036 1008 1023
f 1036 1027 1033
f 1039 1036 1037
f 1041 1008 1036
f 1041 1036 1039
f 1043 1008 1041
f 1004 1008 1043
f 1004 1043 1045
f 916 826 1008
f 916 828 826
f 916 876 828
f 955 957 916
f 953 955 916
f 951 953 916
f 947 951 916
f 947 950 951
f 945 947 916
f 943 945 916
f 941 943 916
f 936 941 916
f 936 937 940
f 936 940 941
f 932 936 916
f 932 933 936
f 927 929 932
f 926 932 916
f 926 927 932
f 922 926 916
f 922 923 926
f 917 920 922
f 917 922 916
f 964 1008 1004
f 965 964 961
f 960 1008 964
f 960 916 1008
f 960 965 967
f 960 967 969
f 960 969 971
f 960 971 974
f 960 974 975
f 960 975 977
f 960 977 980
f 960 980 981
f 960 917 916
f 960 964 965
f 985 981 983
f 985 960 981
f 999 1001 960
f 987 960 985
f 997 999 960
f 995 997 960
f 991 987 989
f 991 960 987
f 993 995 960
f 993 960 991
f 854 827 856
f 856 827 858
f 858 827 860
f 860 827 861
f 861 827 864
f 864 827 865
f 865 827 868
f 868 827 869
f 852 827 854
f 852 849 827
f 849 848 827
f 848 845 827
f 845 844 827
f 844 841 827
f 841 839 827
f 839 838 827
f 838 836 827
f 836 832 827
f 832 831 827
f 831 830 827
f 827 825 784
f 784 825 785
f 785 825 787
f 787 825 790
f 790 825 791
f 791 825 794
f 794 825 796
f 796 825 797
f 797 825 800
f 800 825 801
f 801 825 804
f 804 825 805
f 805 825 808
f 808 825 810
f 810 825 812
f 812 825 814
f 814 825 816
f 816 825 817
f 817 825 820
f 820 825 822
f 822 825 824
f 910 908 912
f 912 908 914
f 914 908 872
f 908 902 872
f 903 902 906
f 906 902 908
f 902 898 872
f 900 898 902
f 898 893 872
f 896 893 898
f 893 892 872
f 892 886 872
f 888 886 890
f 890 886 892
f 886 882 872
f 883 882 886
f 882 875 872
f 878 875 880
f 880 875 882
f 827 874 825
f 875 874 872
f 830 874 827
f 872 874 830
f 1010 1014 1012
f 1014 1018 1015
f 1010 1018 1014
f 1007 1020 1010
f 1010 1020 1018
f 1020 1024 1022
f 1007 1024 1020
f 1007 1025 1024
f 1007 1028 1025
f 1007 1030 1028
f 1007 1032 1030
f 1007 1034 1032
f 1034 1040 1035
f 1035 1040 1038
f 1007 1040 1034
f 1040 1044 1042
f 1040 1003 1044
f 1006 1003 1007
f 1044 1003 1046
f 825 1003 1006
f 1007 1003 1040
f 874 915 825
f 958 956 915
f 956 954 915
f 954 952 915
f 952 948 915
f 949 948 952
f 948 946 915
f 946 944 915
f 944 942 915
f 942 935 915
f 938 935 939
f 939 935 942
f 935 931 915
f 934 931 935
f 930 928 931
f 931 925 915
f 928 925 931
f 925 921 915
f 924 921 925
f 919 918 921
f 921 918 915
f 962 966 963
f 825 959 1003
f 1003 959 962
f 966 959 968
f 968 959 970
f 970 959 972
f 972 959 973
f 973 959 976
f 976 959 978
f 978 959 979
f 979 959 982
f 918 959 915
f 962 959 966
f 915 959 825
f 959 986 982
f 982 986 984
f 1002 1000 959
f 959 988 986
f 1000 998 959
f 998 996 959
f 988 992 990
f 959 992 988
f 959 994 992
f 996 994 959
f 1047 1048 1049
f 1047 1050 1048
f 1051 1052 1053
f 1054 1053 1055
f 1054 1051 1053
f 1056 1054 1055
f 1057 1055 1058
f 1057 1056 1055
f 1059 1058 1060
f 1059 1057 1058
f 1061 1060 1062
f 1061 1059 1060
f 1063 1062 1064
f 1063 1064 1065
f 1063 1061 1062
f 1066 1063 1065
f 1067 1065 1068
f 1067 1066 1065
f 1069 1068 1070
f 1069 1070 1071
f 1069 1067 1068
f 1072 1069 1071
f 1073 1071 1074
f 1073 1072 1071
f 1075 1074 1076
f 1075 1073 1074
f 1077 1076 1078
f 1077 1078 1079
f 1077 1075 1076
f 1080 1077 1079
f 1081 1079 1082
f 1081 1080 1079
f 1050 1082 1048
f 1050 1081 1082
f 1051 1083 1052
f 1051 1084 1083
f 1085 1086 1087
f 1088 1087 1089
f 1088 1085 1087
f 1090 1088 1089
f 1091 1089 1092
f 1091 1090 1089
f 1093 1092 1094
f 1093 1091 1092
f 1095 1094 1096
f 1095 1093 1094
f 1097 1096 1098
f 1097 1095 1096
f 1099 1098 1100
f 1099 1097 1098
f 1101 1100 1102
f 1101 1102 1103
f 1101 1099 1100
f 1104 1101 1103
f 1105 1103 1106
f 1105 1106 1107
f 1105 1104 1103
f 1108 1105 1107
f 1109 1107 1110
f 1109 1110 1111
f 1109 1108 1107
f 1112 1111 1113
f 1112 1109 1111
f 1114 1112 1113
f 1115 1113 1116
f 1115 1114 1113
f 1084 1116 1083
f 1084 1115 1116
f 1085 1117 1086
f 1085 1118 1117
f 1119 1120 1121
f 1122 1121 1123
f 1122 1119 1121
f 1124 1122 1123
f 1125 1123 1126
f 1125 1124 1123
f 1127 1126 1128
f 1127 1125 1126
f 1129 1128 1130
f 1129 1127 1128
f 1131 1130 1132
f 1131 1132 1133
f 1131 1129 1130
f 1134 1131 1133
f 1135 1134 1133
f 1135 1133 1136
f 1137 1135 1136
f 1137 1136 1138
f 1137 1138 1139
f 1140 1137 1139
f 1141 1140 1139
f 1141 1139 1142
f 1143 1142 1144
f 1143 1141 1142
f 1145 1144 1146
f 1145 1146 1147
f 1145 1143 1144
f 1148 1145 1147
f 1149 1147 1150
f 1149 1150 1151
f 1149 1148 1147
f 1152 1149 1151
f 1153 1151 1154
f 1153 1154 1155
f 1153 1152 1151
f 1156 1153 1155
f 1157 1155 1158
f 1157 1156 1155
f 1159 1158 1160
f 1159 1157 1158
f 1161 1160 1162
f 1161 1159 1160
f 1163 1162 1164
f 1163 1161 1162
f 1165 1164 1166
f 1165 1163 1164
f 1167 1166 1168
f 1167 1168 1169
f 1167 1165 1166
f 1170 1167 1169
f 1171 1169 1172
f 1171 1170 1169
f 1173 1172 1174
f 1173 1171 1172
f 1175 1174 1176
f 1175 1173 1174
f 1177 1176 1178
f 1177 1175 1176
f 1179 1178 1180
f 1179 1180 1181
f 1179 1177 1178
f 1182 1181 1117
f 1182 1179 1181
f 1118 1182 1117
f 1119 1183 1120
f 1119 1184 1183
f 1185 1186 1187
f 1188 1187 1189
f 1188 1185 1187
f 1190 1188 1189
f 1191 1189 1192
f 1191 1190 1189
f 1193 1192 1194
f 1193 1191 1192
f 1195 1194 1196
f 1195 1193 1194
f 1197 1196 1198
f 1197 1198 1199
f 1197 1195 1196
f 1200 1197 1199
f 1201 1200 1199
f 1201 1199 1202
f 1203 1201 1202
f 1203 1202 1204
f 1203 1204 1205
f 1206 1203 1205
f 1207 1206 1205
f 1207 1205 1208
f 1209 1208 1210
f 1209 1207 1208
f 1211 1210 1212
f 1211 1212 1213
f 1211 1209 1210
f 1214 1211 1213
f 1215 1213 1216
f 1215 1216 1217
f 1215 1214 1213
f 1218 1215 1217
f 1219 1217 1220
f 1219 1220 1221
f 1219 1218 1217
f 1222 1219 1221
f 1223 1221 1224
f 1223 1222 1221
f 1225 1224 1226
f 1225 1223 1224
f 1227 1226 1228
f 1227 1225 1226
f 1229 1228 1230
f 1229 1227 1228
f 1231 1230 1232
f 1231 1229 1230
f 1233 1232 1234
f 1233 1234 1235
f 1233 1231 1232
f 1236 1233 1235
f 1237 1235 1238
f 1237 1236 1235
f 1239 1238 1240
f 1239 1237 1238
f 1241 1240 1242
f 1241 1239 1240
f 1243 1242 1244
f 1243 1241 1242
f 1245 1244 1246
f 1245 1246 1247
f 1245 1243 1244
f 1248 1247 1183
f 1248 1245 1247
f 1184 1248 1183
f 1185 1249 1186
f 1185 1250 1249
f 1251 1252 1253
f 1254 1253 1255
f 1254 1251 1253
f 1256 1254 1255
f 1257 1255 1258
f 1257 1256 1255
f 1259 1258 1260
f 1259 1257 1258
f 1261 1260 1262
f 1261 1259 1260
f 1263 1262 1264
f 1263 1264 1265
f 1263 1261 1262
f 1266 1263 1265
f 1267 1265 1268
f 1267 1266 1265
f 1269 1268 1270
f 1269 1270 1271
f 1269 1267 1268
f 1272 1269 1271
f 1273 1271 1274
f 1273 1272 1271
f 1275 1274 1276
f 1275 1273 1274
f 1277 1276 1278
f 1277 1278 1279
f 1277 1275 1276
f 1280 1277 1279
f 1281 1279 1282
f 1281 1280 1279
f 1250 1282 1249
f 1250 1281 1282
f 1251 1283 1252
f 1251 1284 1283
f 1285 1049 1286
f 1285 1047 1049
f 1287 1286 1288
f 1287 1288 1289
f 1287 1285 1286
f 1290 1287 1289
f 1291 1289 1292
f 1291 1290 1289
f 1293 1292 1294
f 1293 1294 1295
f 1293 1291 1292
f 1296 1293 1295
f 1297 1295 1298
f 1297 1296 1295
f 1299 1298 1300
f 1299 1297 1298
f 1301 1300 1302
f 1301 1299 1300
f 1303 1302 1304
f 1303 1301 1302
f 1305 1304 1306
f 1305 1303 1304
f 1307 1306 1308
f 1307 1305 1306
f 1309 1308 1310
f 1309 1310 1311
f 1309 1307 1308
f 1312 1309 1311
f 1313 1311 1314
f 1313 1312 1311
f 1284 1314 1283
f 1284 1313 1314
f 1114 1115 1084
f 1112 1114 1084
f 1109 1112 1084
f 1108 1109 1084
f 1105 1108 1084
f 1104 1105 1084
f 1101 1104 1084
f 1099 1101 1084
f 1097 1099 1084
f 1095 1097 1084
f 1093 1095 1084
f 1091 1093 1084
f 1090 1091 1084
f 1088 1090 1084
f 1085 1088 1084
f 1315 1051 1316
f 1317 1316 1051
f 1318 1051 1315
f 1319 1317 1051
f 1320 1051 1318
f 1321 1319 1051
f 1322 1051 1320
f 1323 1321 1051
f 1324 1051 1322
f 1325 1323 1051
f 1326 1051 1324
f 1327 1325 1051
f 1328 1084 1051
f 1328 1051 1326
f 1329 1327 1051
f 1330 1084 1328
f 1331 1329 1051
f 1332 1084 1330
f 1333 1051 1054
f 1333 1331 1051
f 1334 1084 1332
f 1335 1054 1056
f 1335 1056 1057
f 1335 1057 1059
f 1335 1059 1061
f 1335 1061 1063
f 1335 1333 1054
f 1335 1063 1066
f 1335 1066 1067
f 1335 1067 1069
f 1335 1069 1072
f 1336 1084 1334
f 1337 1072 1073
f 1337 1073 1075
f 1337 1075 1077
f 1337 1077 1080
f 1337 1080 1081
f 1337 1081 1050
f 1337 1335 1072
f 1338 1084 1336
f 1339 1337 1050
f 1340 1084 1338
f 1341 1339 1050
f 1342 1084 1340
f 1343 1341 1050
f 1344 1084 1342
f 1345 1050 1047
f 1345 1343 1050
f 1346 1084 1344
f 1347 1345 1047
f 1348 1084 1346
f 1349 1347 1047
f 1350 1084 1348
f 1351 1349 1047
f 1352 1084 1350
f 1353 1351 1047
f 1354 1084 1352
f 1355 1047 1285
f 1355 1285 1287
f 1355 1287 1290
f 1355 1290 1291
f 1355 1291 1293
f 1355 1293 1296
f 1355 1353 1047
f 1356 1084 1354
f 1357 1355 1296
f 1357 1296 1297
f 1357 1297 1299
f 1357 1299 1301
f 1357 1301 1303
f 1357 1303 1305
f 1357 1305 1307
f 1357 1307 1309
f 1357 1309 1312
f 1357 1312 1313
f 1358 1084 1356
f 1359 1357 1313
f 1359 1313 1284
f 1360 1084 1358
f 1361 1359 1284
f 1362 1361 1284
f 1363 1362 1284
f 1364 1363 1284
f 1365 1364 1284
f 1366 1365 1284
f 1367 1085 1368
f 1369 1368 1085
f 1370 1085 1367
f 1371 1369 1085
f 1372 1085 1370
f 1373 1371 1085
f 1374 1085 1372
f 1375 1373 1085
f 1375 1085 1084
f 1376 1366 1284
f 1377 1085 1374
f 1378 1375 1084
f 1379 1085 1377
f 1380 1378 1084
f 1381 1085 1379
f 1382 1380 1084
f 1383 1085 1381
f 1384 1376 1284
f 1385 1382 1084
f 1386 1085 1383
f 1387 1385 1084
f 1388 1085 1386
f 1389 1384 1284
f 1390 1387 1084
f 1391 1085 1388
f 1392 1390 1084
f 1393 1085 1391
f 1394 1389 1284
f 1395 1084 1360
f 1395 1360 1396
f 1395 1392 1084
f 1397 1085 1393
f 1398 1395 1396
f 1398 1396 1399
f 1400 1394 1284
f 1401 1085 1397
f 1402 1399 1403
f 1402 1398 1399
f 1404 1085 1401
f 1405 1400 1284
f 1406 1403 1407
f 1406 1402 1403
f 1408 1406 1407
f 1408 1407 1409
f 1410 1405 1284
f 1411 1409 1412
f 1411 1408 1409
f 1413 1410 1284
f 1414 1411 1412
f 1414 1412 1415
f 1416 1413 1284
f 1417 1414 1415
f 1417 1415 1418
f 1419 1416 1284
f 1420 1417 1418
f 1420 1418 1421
f 1422 1420 1421
f 1422 1421 1423
f 1424 1423 1425
f 1424 1422 1423
f 1426 1424 1425
f 1426 1425 1427
f 1428 1427 1429
f 1428 1426 1427
f 1118 1085 1404
f 1118 1404 1430
f 1118 1431 1432
f 1118 1433 1431
f 1118 1434 1433
f 1118 1435 1434
f 1118 1436 1435
f 1118 1437 1436
f 1118 1438 1437
f 1118 1430 1438
f 1439 1118 1432
f 1440 1429 1441
f 1440 1428 1429
f 1442 1118 1439
f 1175 1177 1179
f 1443 1441 1444
f 1443 1440 1441
f 1171 1175 1179
f 1171 1173 1175
f 1445 1118 1442
f 1170 1171 1179
f 1446 1444 1447
f 1446 1443 1444
f 1448 1118 1445
f 1165 1170 1179
f 1165 1167 1170
f 1165 1179 1182
f 1449 1447 1450
f 1449 1446 1447
f 1163 1165 1182
f 1451 1118 1448
f 1452 1449 1450
f 1452 1450 1453
f 1159 1161 1163
f 1454 1118 1451
f 1157 1163 1182
f 1157 1159 1163
f 1455 1452 1453
f 1455 1453 1456
f 1457 1118 1454
f 1153 1156 1157
f 1458 1456 1459
f 1458 1455 1456
f 1460 1118 1457
f 1461 1459 1462
f 1461 1458 1459
f 1148 1157 1182
f 1148 1153 1157
f 1148 1149 1152
f 1148 1152 1153
f 1463 1462 1464
f 1463 1461 1462
f 1143 1145 1148
f 1141 1143 1148
f 1465 1464 1466
f 1465 1463 1464
f 1137 1141 1148
f 1137 1140 1141
f 1467 1466 1468
f 1467 1465 1466
f 1135 1137 1148
f 1469 1468 1470
f 1469 1467 1468
f 1127 1129 1131
f 1127 1131 1134
f 1122 1127 1134
f 1122 1124 1125
f 1122 1125 1127
f 1122 1134 1135
f 1119 1135 1148
f 1119 1118 1460
f 1119 1122 1135
f 1119 1471 1472
f 1119 1473 1471
f 1119 1474 1473
f 1119 1475 1474
f 1119 1476 1475
f 1119 1460 1476
f 1119 1148 1182
f 1119 1182 1118
f 1477 1119 1472
f 1478 1119 1477
f 1479 1119 1478
f 1480 1119 1479
f 1481 1119 1480
f 1482 1119 1481
f 1483 1119 1482
f 1484 1119 1483
f 1485 1119 1484
f 1486 1119 1485
f 1487 1119 1486
f 1488 1119 1487
f 1489 1119 1488
f 1490 1119 1489
f 1491 1492 1493
f 1494 1495 1492
f 1494 1492 1491
f 1496 1493 1497
f 1496 1491 1493
f 1498 1499 1495
f 1498 1495 1494
f 1500 1497 1501
f 1500 1496 1497
f 1502 1503 1499
f 1502 1499 1498
f 1504 1500 1501
f 1504 1501 1505
f 1506 1503 1502
f 1507 1505 1508
f 1507 1504 1505
f 1509 1470 1503
f 1509 1503 1506
f 1509 1469 1470
f 1510 1508 1511
f 1510 1507 1508
f 1512 1513 1469
f 1512 1469 1509
f 1514 1511 1515
f 1514 1510 1511
f 1516 1517 1513
f 1516 1513 1512
f 1518 1515 1519
f 1518 1514 1515
f 1520 1517 1516
f 1520 1521 1517
f 1522 1519 1523
f 1522 1518 1519
f 1524 1521 1520
f 1524 1525 1521
f 1524 1526 1525
f 1527 1523 1528
f 1527 1522 1523
f 1529 1526 1524
f 1530 1528 1531
f 1530 1527 1528
f 1532 1533 1526
f 1532 1526 1529
f 1534 1531 1535
f 1534 1530 1531
f 1536 1533 1532
f 1536 1537 1533
f 1536 1538 1537
f 1539 1535 1540
f 1539 1534 1535
f 1541 1542 1538
f 1541 1538 1536
f 1543 1539 1540
f 1543 1540 1544
f 1545 1542 1541
f 1546 1543 1544
f 1546 1544 1547
f 1548 1542 1545
f 1548 1549 1542
f 1550 1547 1551
f 1550 1546 1547
f 1552 1553 1549
f 1552 1549 1548
f 1554 1551 1555
f 1554 1550 1551
f 1556 1557 1553
f 1556 1553 1552
f 1558 1555 1559
f 1558 1554 1555
f 1560 1557 1556
f 1560 1561 1557
f 1562 1559 1563
f 1562 1558 1559
f 1564 1565 1561
f 1564 1561 1560
f 1566 1563 1567
f 1566 1562 1563
f 1568 1569 1565
f 1568 1565 1564
f 1570 1571 1569
f 1570 1569 1568
f 1572 1573 1571
f 1572 1571 1570
f 1574 1575 1573
f 1574 1573 1572
f 1576 1577 1575
f 1576 1575 1574
f 1578 1579 1577
f 1578 1577 1576
f 1580 1581 1579
f 1580 1579 1578
f 1251 1582 1583
f 1251 1584 1582
f 1251 1567 1584
f 1251 1585 1566
f 1251 1586 1585
f 1251 1587 1586
f 1251 1588 1587
f 1251 1589 1588
f 1251 1590 1589
f 1251 1591 1590
f 1251 1419 1284
f 1251 1566 1567
f 1251 1592 1419
f 1251 1593 1592
f 1251 1594 1593
f 1251 1595 1594
f 1251 1596 1595
f 1251 1597 1596
f 1251 1598 1597
f 1251 1599 1598
f 1251 1600 1599
f 1251 1601 1600
f 1251 1602 1601
f 1251 1603 1602
f 1251 1583 1603
f 1604 1605 1581
f 1604 1581 1580
f 1606 1591 1251
f 1607 1608 1605
f 1607 1605 1604
f 1257 1251 1254
f 1257 1254 1256
f 1259 1251 1257
f 1609 1608 1607
f 1609 1610 1608
f 1611 1612 1610
f 1611 1610 1609
f 1266 1259 1261
f 1266 1261 1263
f 1266 1251 1259
f 1613 1612 1611
f 1613 1614 1612
f 1272 1251 1266
f 1272 1266 1267
f 1272 1267 1269
f 1273 1251 1272
f 1615 1616 1614
f 1615 1614 1613
f 1277 1251 1273
f 1277 1273 1275
f 1617 1618 1616
f 1617 1616 1615
f 1281 1251 1277
f 1281 1277 1280
f 1250 1619 1606
f 1250 1620 1619
f 1250 1621 1620
f 1250 1622 1621
f 1250 1623 1622
f 1250 1624 1623
f 1250 1251 1281
f 1250 1606 1251
f 1625 1618 1617
f 1625 1626 1618
f 1627 1624 1250
f 1628 1626 1625
f 1628 1629 1626
f 1630 1627 1250
f 1631 1632 1629
f 1631 1629 1628
f 1633 1630 1250
f 1634 1632 1631
f 1634 1635 1632
f 1636 1633 1250
f 1637 1635 1634
f 1637 1638 1635
f 1639 1636 1250
f 1640 1641 1638
f 1640 1638 1637
f 1642 1639 1250
f 1643 1644 1641
f 1643 1641 1640
f 1645 1642 1250
f 1646 1645 1250
f 1647 1646 1250
f 1648 1647 1250
f 1649 1648 1250
f 1650 1649 1250
f 1651 1650 1250
f 1185 1652 1651
f 1185 1653 1652
f 1185 1654 1653
f 1185 1655 1654
f 1185 1656 1655
f 1185 1657 1656
f 1185 1658 1657
f 1185 1659 1658
f 1185 1660 1659
f 1185 1661 1660
f 1185 1662 1661
f 1185 1663 1662
f 1185 1664 1663
f 1185 1665 1664
f 1185 1666 1665
f 1185 1667 1666
f 1185 1668 1667
f 1185 1651 1250
f 1184 1668 1185
f 1184 1669 1668
f 1184 1670 1669
f 1184 1671 1670
f 1184 1672 1671
f 1184 1673 1672
f 1184 1674 1673
f 1184 1675 1674
f 1184 1676 1675
f 1184 1677 1676
f 1184 1678 1677
f 1184 1679 1678
f 1184 1680 1679
f 1184 1681 1680
f 1184 1682 1681
f 1184 1683 1682
f 1184 1684 1683
f 1184 1685 1684
f 1184 1686 1685
f 1184 1687 1686
f 1184 1688 1687
f 1248 1184 1185
f 1191 1185 1188
f 1191 1188 1190
f 1191 1248 1185
f 1195 1191 1193
f 1239 1241 1243
f 1239 1243 1245
f 1197 1191 1195
f 1237 1239 1245
f 1200 1245 1248
f 1200 1248 1191
f 1200 1191 1197
f 1203 1200 1201
f 1203 1245 1200
f 1231 1233 1236
f 1231 1236 1237
f 1229 1231 1237
f 1227 1229 1237
f 1209 1203 1206
f 1209 1206 1207
f 1222 1227 1237
f 1222 1223 1225
f 1222 1225 1227
f 1222 1237 1245
f 1214 1209 1211
f 1215 1209 1214
f 1215 1203 1209
f 1218 1222 1245
f 1218 1203 1215
f 1218 1219 1222
f 1218 1245 1203
f 1184 1119 1490
f 1184 1490 1689
f 1184 1689 1690
f 1184 1690 1644
f 1184 1644 1688
f 1688 1644 1691
f 1691 1644 1692
f 1692 1644 1643
f 1693 1552 1548
f 1694 1693 1548
f 1695 1548 1545
f 1695 1694 1548
f 1696 1545 1541
f 1696 1695 1545
f 1697 1541 1536
f 1697 1696 1541
f 1698 1536 1532
f 1698 1532 1529
f 1698 1697 1536
f 1699 1698 1529
f 1700 1529 1524
f 1700 1524 1520
f 1700 1699 1529
f 1701 1700 1520
f 1702 1520 1516
f 1702 1701 1520
f 1703 1516 1512
f 1703 1512 1509
f 1703 1702 1516
f 1704 1703 1509
f 1705 1704 1509
f 1705 1509 1506
f 1706 1705 1506
f 1706 1506 1502
f 1707 1706 1502
f 1707 1502 1498
f 1707 1498 1494
f 1708 1707 1494
f 1709 1708 1494
f 1709 1494 1491
f 1710 1709 1491
f 1710 1491 1496
f 1711 1710 1496
f 1711 1496 1500
f 1712 1711 1500
f 1712 1500 1504
f 1713 1712 1504
f 1713 1504 1507
f 1714 1713 1507
f 1714 1507 1510
f 1715 1714 1510
f 1715 1510 1514
f 1716 1514 1518
f 1716 1715 1514
f 1716 1518 1522
f 1717 1716 1522
f 1718 1522 1527
f 1718 1717 1522
f 1719 1527 1530
f 1719 1718 1527
f 1720 1530 1534
f 1720 1719 1530
f 1721 1534 1539
f 1721 1720 1534
f 1722 1539 1543
f 1722 1721 1539
f 1723 1543 1546
f 1723 1722 1543
f 1724 1546 1550
f 1724 1550 1554
f 1724 1723 1546
f 1725 1724 1554
f 1726 1554 1558
f 1726 1558 1562
f 1726 1725 1554
f 1727 1726 1562
f 1728 1562 1566
f 1728 1727 1562
f 1729 1566 1585
f 1729 1728 1566
f 1730 1729 1585
f 1730 1585 1586
f 1730 1586 1587
f 1731 1730 1587
f 1732 1731 1587
f 1732 1587 1588
f 1733 1732 1588
f 1733 1588 1589
f 1733 1589 1590
f 1734 1733 1590
f 1735 1734 1590
f 1735 1590 1591
f 1736 1735 1591
f 1736 1591 1606
f 1736 1606 1619
f 1737 1736 1619
f 1738 1737 1619
f 1738 1619 1620
f 1739 1738 1620
f 1739 1620 1621
f 1739 1621 1622
f 1740 1739 1622
f 1741 1740 1622
f 1741 1622 1623
f 1742 1741 1623
f 1742 1623 1624
f 1743 1742 1624
f 1743 1624 1627
f 1743 1627 1630
f 1744 1743 1630
f 1745 1744 1630
f 1745 1630 1633
f 1746 1745 1633
f 1746 1633 1636
f 1746 1636 1639
f 1747 1746 1639
f 1748 1747 1639
f 1748 1639 1642
f 1749 1748 1642
f 1749 1642 1645
f 1749 1645 1646
f 1750 1749 1646
f 1751 1646 1647
f 1751 1750 1646
f 1752 1647 1648
f 1752 1648 1649
f 1752 1751 1647
f 1753 1752 1649
f 1754 1649 1650
f 1754 1753 1649
f 1755 1754 1650
f 1755 1650 1651
f 1756 1755 1651
f 1756 1651 1652
f 1756 1652 1653
f 1757 1756 1653
f 1758 1757 1653
f 1758 1653 1654
f 1759 1758 1654
f 1759 1654 1655
f 1759 1655 1656
f 1760 1759 1656
f 1761 1760 1656
f 1761 1656 1657
f 1762 1761 1657
f 1762 1657 1658
f 1762 1658 1659
f 1763 1762 1659
f 1764 1763 1659
f 1764 1659 1660
f 1765 1764 1660
f 1765 1660 1661
f 1766 1765 1661
f 1766 1661 1662
f 1767 1663 1664
f 1767 1766 1662
f 1767 1662 1663
f 1768 1767 1664
f 1769 1664 1665
f 1769 1768 1664
f 1770 1665 1666
f 1770 1769 1665
f 1771 1666 1667
f 1771 1667 1668
f 1771 1770 1666
f 1772 1771 1668
f 1773 1668 1669
f 1773 1669 1670
f 1773 1772 1668
f 1774 1773 1670
f 1775 1670 1671
f 1775 1774 1670
f 1776 1671 1672
f 1776 1775 1671
f 1777 1672 1673
f 1777 1673 1674
f 1777 1776 1672
f 1778 1777 1674
f 1779 1674 1675
f 1779 1675 1676
f 1779 1778 1674
f 1780 1779 1676
f 1781 1780 1676
f 1781 1676 1677
f 1782 1781 1677
f 1782 1677 1678
f 1783 1782 1678
f 1783 1678 1679
f 1783 1679 1680
f 1784 1783 1680
f 1785 1680 1681
f 1785 1681 1682
f 1785 1784 1680
f 1786 1682 1683
f 1786 1785 1682
f 1787 1786 1683
f 1788 1683 1684
f 1788 1684 1685
f 1788 1787 1683
f 1789 1788 1685
f 1790 1685 1686
f 1790 1686 1687
f 1790 1789 1685
f 1791 1790 1687
f 1792 1687 1688
f 1792 1791 1687
f 1793 1688 1691
f 1793 1792 1688
f 1794 1691 1692
f 1794 1692 1643
f 1794 1793 1691
f 1795 1794 1643
f 1796 1643 1640
f 1796 1640 1637
f 1796 1795 1643
f 1797 1796 1637
f 1798 1637 1634
f 1798 1797 1637
f 1799 1634 1631
f 1799 1798 1634
f 1800 1631 1628
f 1800 1628 1625
f 1800 1799 1631
f 1801 1800 1625
f 1802 1625 1617
f 1802 1801 1625
f 1803 1617 1615
f 1803 1802 1617
f 1804 1615 1613
f 1804 1803 1615
f 1805 1804 1613
f 1805 1613 1611
f 1805 1611 1609
f 1806 1805 1609
f 1807 1609 1607
f 1807 1806 1609
f 1808 1807 1607
f 1808 1607 1604
f 1808 1604 1580
f 1809 1808 1580
f 1810 1809 1580
f 1810 1580 1578
f 1811 1810 1578
f 1811 1578 1576
f 1812 1811 1576
f 1812 1576 1574
f 1813 1812 1574
f 1813 1574 1572
f 1814 1813 1572
f 1814 1572 1570
f 1815 1814 1570
f 1815 1570 1568
f 1815 1568 1564
f 1816 1815 1564
f 1817 1816 1564
f 1817 1564 1560
f 1818 1560 1556
f 1818 1817 1560
f 1693 1556 1552
f 1693 1818 1556
f 1711 1707 1708
f 1711 1708 1709
f 1711 1709 1710
f 1705 1706 1707
f 1714 1711 1712
f 1714 1712 1713
f 1703 1704 1705
f 1702 1703 1705
f 1701 1707 1711
f 1701 1705 1707
f 1701 1702 1705
f 1717 1714 1715
f 1717 1715 1716
f 1720 1718 1719
f 1697 1698 1699
f 1696 1699 1700
f 1696 1700 1701
f 1696 1697 1699
f 1722 1720 1721
f 1694 1695 1696
f 1725 1722 1723
f 1725 1723 1724
f 1727 1725 1726
f 1815 1816 1817
f 1815 1817 1818
f 1815 1818 1693
f 1729 1727 1728
f 1729 1720 1722
f 1729 1722 1725
f 1729 1725 1727
f 1814 1693 1694
f 1814 1815 1693
f 1730 1717 1718
f 1730 1718 1720
f 1730 1714 1717
f 1730 1720 1729
f 1732 1730 1731
f 1811 1812 1813
f 1810 1811 1813
f 1734 1732 1733
f 1808 1809 1810
f 1808 1810 1813
f 1807 1808 1813
f 1737 1734 1735
f 1737 1735 1736
f 1738 1714 1730
f 1738 1730 1732
f 1738 1732 1734
f 1738 1711 1714
f 1738 1734 1737
f 1805 1806 1807
f 1804 1805 1807
f 1741 1738 1739
f 1741 1739 1740
f 1801 1802 1803
f 1801 1803 1804
f 1800 1801 1804
f 1800 1804 1807
f 1744 1742 1743
f 1798 1799 1800
f 1798 1800 1807
f 1748 1746 1747
f 1749 1738 1741
f 1749 1711 1738
f 1749 1741 1742
f 1749 1744 1745
f 1749 1745 1746
f 1749 1701 1711
f 1749 1742 1744
f 1749 1746 1748
f 1794 1795 1796
f 1794 1796 1797
f 1793 1797 1798
f 1793 1814 1694
f 1793 1813 1814
f 1793 1807 1813
f 1793 1798 1807
f 1793 1794 1797
f 1751 1749 1750
f 1752 1749 1751
f 1791 1792 1793
f 1754 1752 1753
f 1789 1791 1793
f 1789 1790 1791
f 1755 1749 1752
f 1755 1752 1754
f 1756 1749 1755
f 1757 1749 1756
f 1786 1789 1793
f 1786 1787 1788
f 1786 1788 1789
f 1760 1749 1757
f 1760 1701 1749
f 1760 1757 1758
f 1760 1758 1759
f 1760 1696 1701
f 1760 1694 1696
f 1783 1784 1785
f 1782 1783 1785
f 1782 1785 1786
f 1781 1786 1793
f 1781 1782 1786
f 1763 1760 1761
f 1763 1761 1762
f 1764 1760 1763
f 1779 1781 1793
f 1779 1780 1781
f 1766 1764 1765
f 1777 1778 1779
f 1768 1764 1766
f 1768 1766 1767
f 1775 1777 1779
f 1775 1776 1777
f 1769 1764 1768
f 1773 1775 1779
f 1773 1774 1775
f 1771 1764 1769
f 1771 1769 1770
f 1772 1694 1760
f 1772 1760 1764
f 1772 1779 1793
f 1772 1773 1779
f 1772 1764 1771
f 1772 1793 1694
f 1819 1346 1344
f 1820 1819 1344
f 1821 1344 1342
f 1821 1820 1344
f 1822 1342 1340
f 1822 1821 1342
f 1823 1340 1338
f 1823 1822 1340
f 1824 1338 1336
f 1824 1336 1334
f 1824 1823 1338
f 1825 1824 1334
f 1826 1334 1332
f 1826 1332 1330
f 1826 1825 1334
f 1827 1826 1330
f 1828 1330 1328
f 1828 1827 1330
f 1829 1328 1326
f 1829 1326 1324
f 1829 1828 1328
f 1830 1829 1324
f 1831 1830 1324
f 1831 1324 1322
f 1832 1831 1322
f 1832 1322 1320
f 1833 1832 1320
f 1833 1320 1318
f 1833 1318 1315
f 1834 1833 1315
f 1835 1834 1315
f 1835 1315 1316
f 1836 1835 1316
f 1836 1316 1317
f 1837 1836 1317
f 1837 1317 1319
f 1838 1837 1319
f 1838 1319 1321
f 1839 1838 1321
f 1839 1321 1323
f 1840 1839 1323
f 1840 1323 1325
f 1841 1840 1325
f 1841 1325 1327
f 1842 1327 1329
f 1842 1841 1327
f 1842 1329 1331
f 1843 1842 1331
f 1844 1331 1333
f 1844 1843 1331
f 1845 1333 1335
f 1845 1844 1333
f 1846 1335 1337
f 1846 1845 1335
f 1847 1337 1339
f 1847 1846 1337
f 1848 1339 1341
f 1848 1847 1339
f 1849 1341 1343
f 1849 1848 1341
f 1850 1343 1345
f 1850 1345 1347
f 1850 1849 1343
f 1851 1850 1347
f 1852 1347 1349
f 1852 1349 1351
f 1852 1851 1347
f 1853 1852 1351
f 1854 1351 1353
f 1854 1853 1351
f 1855 1353 1355
f 1855 1854 1353
f 1856 1855 1355
f 1856 1355 1357
f 1856 1357 1359
f 1857 1856 1359
f 1858 1857 1359
f 1858 1359 1361
f 1859 1858 1361
f 1859 1361 1362
f 1859 1362 1363
f 1860 1859 1363
f 1861 1860 1363
f 1861 1363 1364
f 1862 1861 1364
f 1862 1364 1365
f 1862 1365 1366
f 1863 1862 1366
f 1864 1863 1366
f 1864 1366 1376
f 1865 1864 1376
f 1865 1376 1384
f 1865 1384 1389
f 1866 1865 1389
f 1867 1866 1389
f 1867 1389 1394
f 1868 1867 1394
f 1868 1394 1400
f 1869 1868 1400
f 1869 1400 1405
f 1869 1405 1410
f 1870 1869 1410
f 1871 1870 1410
f 1871 1410 1413
f 1872 1871 1413
f 1872 1413 1416
f 1872 1416 1419
f 1873 1872 1419
f 1874 1873 1419
f 1874 1419 1592
f 1875 1874 1592
f 1875 1592 1593
f 1875 1593 1594
f 1876 1875 1594
f 1877 1594 1595
f 1877 1876 1594
f 1878 1595 1596
f 1878 1596 1597
f 1878 1877 1595
f 1879 1878 1597
f 1880 1597 1598
f 1880 1879 1597
f 1881 1880 1598
f 1881 1598 1599
f 1882 1881 1599
f 1882 1599 1600
f 1882 1600 1601
f 1883 1882 1601
f 1884 1883 1601
f 1884 1601 1602
f 1885 1884 1602
f 1885 1602 1603
f 1885 1603 1583
f 1886 1885 1583
f 1887 1886 1583
f 1887 1583 1582
f 1888 1887 1582
f 1888 1582 1584
f 1888 1584 1567
f 1889 1888 1567
f 1890 1889 1567
f 1890 1567 1563
f 1891 1890 1563
f 1891 1563 1559
f 1892 1891 1559
f 1892 1559 1555
f 1893 1551 1547
f 1893 1892 1555
f 1893 1555 1551
f 1894 1893 1547
f 1895 1547 1544
f 1895 1894 1547
f 1896 1544 1540
f 1896 1895 1544
f 1897 1540 1535
f 1897 1535 1531
f 1897 1896 1540
f 1898 1897 1531
f 1899 1531 1528
f 1899 1528 1523
f 1899 1898 1531
f 1900 1899 1523
f 1901 1523 1519
f 1901 1900 1523
f 1902 1519 1515
f 1902 1901 1519
f 1903 1515 1511
f 1903 1511 1508
f 1903 1902 1515
f 1904 1903 1508
f 1905 1508 1505
f 1905 1505 1501
f 1905 1904 1508
f 1906 1905 1501
f 1907 1906 1501
f 1907 1501 1497
f 1908 1907 1497
f 1908 1497 1493
f 1909 1908 1493
f 1909 1493 1492
f 1909 1492 1495
f 1910 1909 1495
f 1911 1495 1499
f 1911 1499 1503
f 1911 1910 1495
f 1912 1503 1470
f 1912 1911 1503
f 1913 1912 1470
f 1914 1470 1468
f 1914 1468 1466
f 1914 1913 1470
f 1915 1914 1466
f 1916 1466 1464
f 1916 1464 1462
f 1916 1915 1466
f 1917 1916 1462
f 1918 1462 1459
f 1918 1917 1462
f 1919 1459 1456
f 1919 1918 1459
f 1920 1456 1453
f 1920 1453 1450
f 1920 1919 1456
f 1921 1920 1450
f 1922 1450 1447
f 1922 1447 1444
f 1922 1921 1450
f 1923 1922 1444
f 1924 1444 1441
f 1924 1923 1444
f 1925 1441 1429
f 1925 1924 1441
f 1926 1429 1427
f 1926 1427 1425
f 1926 1925 1429
f 1927 1926 1425
f 1928 1425 1423
f 1928 1927 1425
f 1929 1423 1421
f 1929 1928 1423
f 1930 1421 1418
f 1930 1929 1421
f 1931 1930 1418
f 1931 1418 1415
f 1931 1415 1412
f 1932 1931 1412
f 1933 1412 1409
f 1933 1932 1412
f 1934 1933 1409
f 1934 1409 1407
f 1934 1407 1403
f 1935 1934 1403
f 1936 1935 1403
f 1936 1403 1399
f 1937 1936 1399
f 1937 1399 1396
f 1938 1937 1396
f 1938 1396 1360
f 1939 1938 1360
f 1939 1360 1358
f 1940 1939 1358
f 1940 1358 1356
f 1941 1940 1356
f 1941 1356 1354
f 1941 1354 1352
f 1942 1941 1352
f 1943 1942 1352
f 1943 1352 1350
f 1944 1350 1348
f 1944 1943 1350
f 1819 1348 1346
f 1819 1944 1348
f 1837 1833 1834
f 1837 1834 1835
f 1837 1835 1836
f 1831 1832 1833
f 1840 1837 1838
f 1840 1838 1839
f 1829 1830 1831
f 1828 1829 1831
f 1827 1833 1837
f 1827 1831 1833
f 1827 1828 1831
f 1843 1840 1841
f 1843 1841 1842
f 1846 1844 1845
f 1823 1824 1825
f 1822 1825 1826
f 1822 1826 1827
f 1822 1823 1825
f 1848 1846 1847
f 1820 1821 1822
f 1851 1848 1849
f 1851 1849 1850
f 1853 1851 1852
f 1941 1942 1943
f 1941 1943 1944
f 1941 1944 1819
f 1855 1853 1854
f 1855 1846 1848
f 1855 1848 1851
f 1855 1851 1853
f 1940 1819 1820
f 1940 1941 1819
f 1856 1843 1844
f 1856 1844 1846
f 1856 1840 1843
f 1856 1846 1855
f 1858 1856 1857
f 1937 1938 1939
f 1936 1937 1939
f 1860 1858 1859
f 1934 1935 1936
f 1934 1936 1939
f 1933 1934 1939
f 1863 1860 1861
f 1863 1861 1862
f 1864 1840 1856
f 1864 1856 1858
f 1864 1858 1860
f 1864 1837 1840
f 1864 1860 1863
f 1931 1932 1933
f 1930 1931 1933
f 1867 1864 1865
f 1867 1865 1866
f 1927 1928 1929
f 1927 1929 1930
f 1926 1927 1930
f 1926 1930 1933
f 1870 1868 1869
f 1924 1925 1926
f 1924 1926 1933
f 1874 1872 1873
f 1875 1864 1867
f 1875 1837 1864
f 1875 1867 1868
f 1875 1870 1871
f 1875 1871 1872
f 1875 1827 1837
f 1875 1868 1870
f 1875 1872 1874
f 1920 1921 1922
f 1920 1922 1923
f 1919 1923 1924
f 1919 1940 1820
f 1919 1939 1940
f 1919 1933 1939
f 1919 1924 1933
f 1919 1920 1923
f 1877 1875 1876
f 1878 1875 1877
f 1917 1918 1919
f 1880 1878 1879
f 1915 1917 1919
f 1915 1916 1917
f 1881 1875 1878
f 1881 1878 1880
f 1882 1875 1881
f 1883 1875 1882
f 1912 1915 1919
f 1912 1913 1914
f 1912 1914 1915
f 1886 1875 1883
f 1886 1827 1875
f 1886 1883 1884
f 1886 1884 1885
f 1886 1822 1827
f 1886 1820 1822
f 1909 1910 1911
f 1908 1909 1911
f 1908 1911 1912
f 1907 1912 1919
f 1907 1908 1912
f 1889 1886 1887
f 1889 1887 1888
f 1890 1886 1889
f 1905 1907 1919
f 1905 1906 1907
f 1892 1890 1891
f 1903 1904 1905
f 1894 1890 1892
f 1894 1892 1893
f 1901 1903 1905
f 1901 1902 1903
f 1895 1890 1894
f 1899 1901 1905
f 1899 1900 1901
f 1897 1890 1895
f 1897 1895 1896
f 1898 1820 1886
f 1898 1886 1890
f 1898 1905 1919
f 1898 1899 1905
f 1898 1890 1897
f 1898 1919 1820
f 1945 1430 1404
f 1946 1945 1404
f 1947 1404 1401
f 1947 1946 1404
f 1948 1401 1397
f 1948 1947 1401
f 1949 1397 1393
f 1949 1948 1397
f 1950 1393 1391
f 1950 1391 1388
f 1950 1949 1393
f 1951 1950 1388
f 1952 1388 1386
f 1952 1386 1383
f 1952 1951 1388
f 1953 1952 1383
f 1954 1383 1381
f 1954 1953 1383
f 1955 1381 1379
f 1955 1379 1377
f 1955 1954 1381
f 1956 1955 1377
f 1957 1956 1377
f 1957 1377 1374
f 1958 1957 1374
f 1958 1374 1372
f 1959 1958 1372
f 1959 1372 1370
f 1959 1370 1367
f 1960 1959 1367
f 1961 1960 1367
f 1961 1367 1368
f 1962 1961 1368
f 1962 1368 1369
f 1963 1962 1369
f 1963 1369 1371
f 1964 1963 1371
f 1964 1371 1373
f 1965 1964 1373
f 1965 1373 1375
f 1966 1965 1375
f 1966 1375 1378
f 1967 1966 1378
f 1967 1378 1380
f 1968 1380 1382
f 1968 1967 1380
f 1968 1382 1385
f 1969 1968 1385
f 1970 1385 1387
f 1970 1969 1385
f 1971 1387 1390
f 1971 1970 1387
f 1972 1390 1392
f 1972 1971 1390
f 1973 1392 1395
f 1973 1972 1392
f 1974 1395 1398
f 1974 1973 1395
f 1975 1398 1402
f 1975 1974 1398
f 1976 1402 1406
f 1976 1406 1408
f 1976 1975 1402
f 1977 1976 1408
f 1978 1408 1411
f 1978 1411 1414
f 1978 1977 1408
f 1979 1978 1414
f 1980 1414 1417
f 1980 1979 1414
f 1981 1417 1420
f 1981 1980 1417
f 1982 1981 1420
f 1982 1420 1422
f 1982 1422 1424
f 1983 1982 1424
f 1984 1983 1424
f 1984 1424 1426
f 1985 1984 1426
f 1985 1426 1428
f 1985 1428 1440
f 1986 1985 1440
f 1987 1986 1440
f 1987 1440 1443
f 1988 1987 1443
f 1988 1443 1446
f 1988 1446 1449
f 1989 1988 1449
f 1990 1989 1449
f 1990 1449 1452
f 1991 1990 1452
f 1991 1452 1455
f 1991 1455 1458
f 1992 1991 1458
f 1993 1992 1458
f 1993 1458 1461
f 1994 1993 1461
f 1994 1461 1463
f 1995 1994 1463
f 1995 1463 1465
f 1995 1465 1467
f 1996 1995 1467
f 1997 1996 1467
f 1997 1467 1469
f 1998 1997 1469
f 1998 1469 1513
f 1998 1513 1517
f 1999 1998 1517
f 2000 1999 1517
f 2000 1517 1521
f 2001 2000 1521
f 2001 1521 1525
f 2001 1525 1526
f 2002 2001 1526
f 2003 1526 1533
f 2003 2002 1526
f 2004 1533 1537
f 2004 1537 1538
f 2004 2003 1533
f 2005 2004 1538
f 2006 1538 1542
f 2006 2005 1538
f 2007 2006 1542
f 2007 1542 1549
f 2008 2007 1549
f 2008 1549 1553
f 2008 1553 1557
f 2009 2008 1557
f 2010 2009 1557
f 2010 1557 1561
f 2011 2010 1561
f 2011 1561 1565
f 2011 1565 1569
f 2012 2011 1569
f 2013 2012 1569
f 2013 1569 1571
f 2014 2013 1571
f 2014 1571 1573
f 2014 1573 1575
f 2015 2014 1575
f 2016 2015 1575
f 2016 1575 1577
f 2017 2016 1577
f 2017 1577 1579
f 2018 2017 1579
f 2018 1579 1581
f 2019 1605 1608
f 2019 2018 1581
f 2019 1581 1605
f 2020 2019 1608
f 2021 1608 1610
f 2021 2020 1608
f 2022 1610 1612
f 2022 2021 1610
f 2023 1612 1614
f 2023 1614 1616
f 2023 2022 1612
f 2024 2023 1616
f 2025 1616 1618
f 2025 1618 1626
f 2025 2024 1616
f 2026 2025 1626
f 2027 1626 1629
f 2027 2026 1626
f 2028 1629 1632
f 2028 2027 1629
f 2029 1632 1635
f 2029 1635 1638
f 2029 2028 1632
f 2030 2029 1638
f 2031 1638 1641
f 2031 1641 1644
f 2031 2030 1638
f 2032 2031 1644
f 2033 2032 1644
f 2033 1644 1690
f 2034 2033 1690
f 2034 1690 1689
f 2035 2034 1689
f 2035 1689 1490
f 2035 1490 1489
f 2036 2035 1489
f 2037 1489 1488
f 2037 1488 1487
f 2037 2036 1489
f 2038 1487 1486
f 2038 2037 1487
f 2039 2038 1486
f 2040 1486 1485
f 2040 1485 1484
f 2040 2039 1486
f 2041 2040 1484
f 2042 1484 1483
f 2042 1483 1482
f 2042 2041 1484
f 2043 2042 1482
f 2044 1482 1481
f 2044 2043 1482
f 2045 1481 1480
f 2045 2044 1481
f 2046 1480 1479
f 2046 1479 1478
f 2046 2045 1480
f 2047 2046 1478
f 2048 1478 1477
f 2048 1477 1472
f 2048 2047 1478
f 2049 2048 1472
f 2050 1472 1471
f 2050 2049 1472
f 2051 1471 1473
f 2051 2050 1471
f 2052 1473 1474
f 2052 1474 1475
f 2052 2051 1473
f 2053 2052 1475
f 2054 1475 1476
f 2054 2053 1475
f 2055 1476 1460
f 2055 2054 1476
f 2056 1460 1457
f 2056 2055 1460
f 2057 2056 1457
f 2057 1457 1454
f 2057 1454 1451
f 2058 2057 1451
f 2059 1451 1448
f 2059 2058 1451
f 2060 2059 1448
f 2060 1448 1445
f 2060 1445 1442
f 2061 2060 1442
f 2062 2061 1442
f 2062 1442 1439
f 2063 2062 1439
f 2063 1439 1432
f 2064 2063 1432
f 2064 1432 1431
f 2065 2064 1431
f 2065 1431 1433
f 2066 2065 1433
f 2066 1433 1434
f 2067 2066 1434
f 2067 1434 1435
f 2067 1435 1436
f 2068 2067 1436
f 2069 2068 1436
f 2069 1436 1437
f 2070 1437 1438
f 2070 2069 1437
f 1945 1438 1430
f 1945 2070 1438
f 1963 1959 1960
f 1963 1960 1961
f 1963 1961 1962
f 1957 1958 1959
f 1966 1963 1964
f 1966 1964 1965
f 1955 1956 1957
f 1954 1955 1957
f 1953 1959 1963
f 1953 1957 1959
f 1953 1954 1957
f 1969 1966 1967
f 1969 1967 1968
f 1972 1970 1971
f 1949 1950 1951
f 1948 1951 1952
f 1948 1952 1953
f 1948 1949 1951
f 1974 1972 1973
f 1946 1947 1948
f 1977 1974 1975
f 1977 1975 1976
f 1979 1977 1978
f 2067 2068 2069
f 2067 2069 2070
f 2067 2070 1945
f 1981 1979 1980
f 1981 1972 1974
f 1981 1974 1977
f 1981 1977 1979
f 2066 1945 1946
f 2066 2067 1945
f 1982 1969 1970
f 1982 1970 1972
f 1982 1966 1969
f 1982 1972 1981
f 1984 1982 1983
f 2063 2064 2065
f 2062 2063 2065
f 1986 1984 1985
f 2060 2061 2062
f 2060 2062 2065
f 2059 2060 2065
f 1989 1986 1987
f 1989 1987 1988
f 1990 1966 1982
f 1990 1982 1984
f 1990 1984 1986
f 1990 1963 1966
f 1990 1986 1989
f 2057 2058 2059
f 2056 2057 2059
f 1993 1990 1991
f 1993 1991 1992
f 2053 2054 2055
f 2053 2055 2056
f 2052 2053 2056
f 2052 2056 2059
f 1996 1994 1995
f 2050 2051 2052
f 2050 2052 2059
f 2000 1998 1999
f 2001 1990 1993
f 2001 1963 1990
f 2001 1993 1994
f 2001 1996 1997
f 2001 1997 1998
f 2001 1953 1963
f 2001 1994 1996
f 2001 1998 2000
f 2046 2047 2048
f 2046 2048 2049
f 2045 2049 2050
f 2045 2066 1946
f 2045 2065 2066
f 2045 2059 2065
f 2045 2050 2059
f 2045 2046 2049
f 2003 2001 2002
f 2004 2001 2003
f 2043 2044 2045
f 2006 2004 2005
f 2041 2043 2045
f 2041 2042 2043
f 2007 2001 2004
f 2007 2004 2006
f 2008 2001 2007
f 2009 2001 2008
f 2038 2041 2045
f 2038 2039 2040
f 2038 2040 2041
f 2012 2001 2009
f 2012 1953 2001
f 2012 2009 2010
f 2012 2010 2011
f 2012 1948 1953
f 2012 1946 1948
f 2035 2036 2037
f 2034 2035 2037
f 2034 2037 2038
f 2033 2038 2045
f 2033 2034 2038
f 2015 2012 2013
f 2015 2013 2014
f 2016 2012 2015
f 2031 2033 2045
f 2031 2032 2033
f 2018 2016 2017
f 2029 2030 2031
f 2020 2016 2018
f 2020 2018 2019
f 2027 2029 2031
f 2027 2028 2029
f 2021 2016 2020
f 2025 2027 2031
f 2025 2026 2027
f 2023 2016 2021
f 2023 2021 2022
f 2024 1946 2012
f 2024 2012 2016
f 2024 2031 2045
f 2024 2025 2031
f 2024 2016 2023
f 2024 2045 1946
f 1116 1113 1083
f 1113 1111 1083
f 1111 1110 1083
f 1110 1107 1083
f 1107 1106 1083
f 1106 1103 1083
f 1103 1102 1083
f 1102 1100 1083
f 1100 1098 1083
f 1098 1096 1083
f 1096 1094 1083
f 1094 1092 1083
f 1092 1089 1083
f 1089 1087 1083
f 1052 1048 1053
f 1053 1048 1055
f 1055 1048 1058
f 1058 1048 1060
f 1060 1048 1062
f 1062 1048 1064
f 1064 1048 1065
f 1065 1048 1068
f 1068 1048 1070
f 1070 1048 1071
f 1071 1048 1074
f 1074 1048 1076
f 1076 1048 1078
f 1078 1048 1079
f 1079 1048 1082
f 1087 1086 1083
f 1052 1049 1048
f 1049 1289 1286
f 1286 1289 1288
f 1289 1295 1292
f 1292 1295 1294
f 1049 1295 1289
f 1300 1306 1302
f 1302 1306 1304
f 1049 1308 1295
f 1295 1308 1298
f 1298 1308 1300
f 1300 1308 1306
f 1049 1310 1308
f 1049 1311 1310
f 1049 1314 1311
f 1083 1283 1052
f 1052 1283 1049
f 1049 1283 1314
f 1176 1174 1178
f 1174 1172 1178
f 1178 1172 1180
f 1172 1169 1180
f 1169 1166 1180
f 1168 1166 1169
f 1180 1166 1181
f 1164 1162 1166
f 1162 1160 1166
f 1160 1158 1166
f 1166 1155 1181
f 1158 1155 1166
f 1154 1151 1155
f 1151 1147 1155
f 1150 1147 1151
f 1146 1144 1147
f 1144 1142 1147
f 1139 1138 1142
f 1147 1138 1155
f 1142 1138 1147
f 1138 1136 1155
f 1130 1128 1132
f 1132 1128 1133
f 1133 1126 1136
f 1136 1126 1155
f 1128 1126 1133
f 1123 1121 1126
f 1126 1121 1155
f 1086 1120 1083
f 1155 1120 1181
f 1181 1120 1117
f 1117 1120 1086
f 1121 1120 1155
f 1083 1252 1283
f 1120 1252 1083
f 1252 1255 1253
f 1255 1260 1258
f 1252 1260 1255
f 1260 1265 1262
f 1262 1265 1264
f 1252 1265 1260
f 1252 1268 1265
f 1268 1274 1270
f 1270 1274 1271
f 1252 1274 1268
f 1274 1279 1276
f 1276 1279 1278
f 1252 1282 1274
f 1274 1282 1279
f 1252 1249 1282
f 1249 1183 1186
f 1252 1183 1249
f 1120 1183 1252
f 1183 1247 1186
f 1186 1192 1187
f 1187 1192 1189
f 1192 1196 1194
f 1192 1198 1196
f 1247 1199 1186
f 1186 1199 1192
f 1246 1199 1247
f 1192 1199 1198
f 1235 1234 1238
f 1238 1234 1240
f 1240 1234 1242
f 1242 1234 1244
f 1244 1234 1246
f 1234 1232 1246
f 1199 1204 1202
f 1246 1204 1199
f 1232 1230 1246
f 1230 1228 1246
f 1228 1226 1246
f 1204 1210 1205
f 1205 1210 1208
f 1210 1213 1212
f 1204 1216 1210
f 1210 1216 1213
f 1221 1220 1224
f 1224 1217 1226
f 1246 1217 1204
f 1226 1217 1246
f 1220 1217 1224
f 1204 1217 1216
f 2071 2072 2073
f 2071 2074 2072
f 2075 2076 2077
f 2075 2078 2076
f 2079 2077 2080
f 2079 2075 2077
f 2081 2080 2082
f 2081 2079 2080
f 2083 2082 2084
f 2083 2081 2082
f 2085 2084 2086
f 2085 2086 2087
f 2085 2083 2084
f 2088 2087 2089
f 2088 2085 2087
f 2090 2088 2089
f 2091 2090 2089
f 2091 2089 2092
f 2091 2092 2093
f 2094 2091 2093
f 2095 2093 2096
f 2095 2094 2093
f 2097 2096 2098
f 2097 2095 2096
f 2099 2098 2100
f 2099 2097 2098
f 2101 2100 2102
f 2101 2099 2100
f 2103 2102 2104
f 2103 2101 2102
f 2105 2104 2106
f 2105 2103 2104
f 2107 2106 2108
f 2107 2108 2109
f 2107 2105 2106
f 2110 2107 2109
f 2111 2109 2112
f 2111 2110 2109
f 2113 2112 2114
f 2113 2114 2115
f 2113 2111 2112
f 2116 2113 2115
f 2117 2115 2118
f 2117 2118 2119
f 2117 2116 2115
f 2120 2117 2119
f 2121 2119 2122
f 2121 2120 2119
f 2123 2122 2124
f 2123 2121 2122
f 2125 2124 2126
f 2125 2123 2124
f 2127 2126 2128
f 2127 2125 2126
f 2129 2128 2130
f 2129 2130 2131
f 2129 2127 2128
f 2132 2131 2133
f 2132 2129 2131
f 2134 2132 2133
f 2135 2133 2136
f 2135 2136 2137
f 2135 2134 2133
f 2138 2135 2137
f 2074 2137 2072
f 2074 2138 2137
f 2078 2139 2076
f 2078 2140 2139
f 2141 2142 2143
f 2141 2144 2142
f 2145 2143 2146
f 2145 2141 2143
f 2147 2146 2148
f 2147 2145 2146
f 2149 2148 2150
f 2149 2147 2148
f 2151 2150 2152
f 2151 2152 2153
f 2151 2149 2150
f 2154 2153 2155
f 2154 2151 2153
f 2156 2154 2155
f 2157 2156 2155
f 2157 2155 2158
f 2157 2158 2159
f 2160 2157 2159
f 2161 2159 2162
f 2161 2160 2159
f 2163 2162 2164
f 2163 2161 2162
f 2165 2164 2166
f 2165 2163 2164
f 2167 2166 2168
f 2167 2165 2166
f 2169 2168 2170
f 2169 2167 2168
f 2171 2170 2172
f 2171 2169 2170
f 2173 2172 2174
f 2173 2174 2175
f 2173 2171 2172
f 2176 2173 2175
f 2177 2175 2178
f 2177 2176 2175
f 2179 2178 2180
f 2179 2180 2181
f 2179 2177 2178
f 2182 2179 2181
f 2183 2181 2184
f 2183 2184 2185
f 2183 2182 2181
f 2186 2183 2185
f 2187 2185 2188
f 2187 2186 2185
f 2189 2188 2190
f 2189 2187 2188
f 2191 2190 2192
f 2191 2189 2190
f 2193 2192 2194
f 2193 2191 2192
f 2195 2194 2196
f 2195 2196 2197
f 2195 2193 2194
f 2198 2197 2199
f 2198 2195 2197
f 2200 2198 2199
f 2201 2199 2202
f 2201 2202 2203
f 2201 2200 2199
f 2204 2201 2203
f 2140 2203 2139
f 2140 2204 2203
f 2144 2205 2142
f 2144 2206 2205
f 2207 2208 2209
f 2207 2210 2208
f 2211 2209 2212
f 2211 2207 2209
f 2213 2212 2214
f 2213 2211 2212
f 2215 2214 2216
f 2215 2213 2214
f 2217 2216 2218
f 2217 2218 2219
f 2217 2215 2216
f 2220 2219 2221
f 2220 2217 2219
f 2222 2220 2221
f 2223 2222 2221
f 2223 2221 2224
f 2223 2224 2225
f 2226 2223 2225
f 2227 2225 2228
f 2227 2226 2225
f 2229 2228 2230
f 2229 2227 2228
f 2231 2230 2232
f 2231 2229 2230
f 2233 2232 2234
f 2233 2231 2232
f 2235 2234 2236
f 2235 2233 2234
f 2237 2236 2238
f 2237 2235 2236
f 2239 2238 2240
f 2239 2240 2241
f 2239 2237 2238
f 2242 2239 2241
f 2243 2241 2244
f 2243 2242 2241
f 2245 2244 2246
f 2245 2246 2247
f 2245 2243 2244
f 2248 2245 2247
f 2249 2247 2250
f 2249 2250 2251
f 2249 2248 2247
f 2252 2249 2251
f 2253 2251 2254
f 2253 2252 2251
f 2255 2254 2256
f 2255 2253 2254
f 2257 2256 2258
f 2257 2255 2256
f 2259 2258 2260
f 2259 2257 2258
f 2261 2260 2262
f 2261 2262 2263
f 2261 2259 2260
f 2264 2263 2265
f 2264 2261 2263
f 2266 2264 2265
f 2267 2265 2268
f 2267 2268 2269
f 2267 2266 2265
f 2270 2267 2269
f 2206 2269 2205
f 2206 2270 2269
f 2210 2271 2208
f 2210 2272 2271
f 2273 2274 2275
f 2276 2275 2277
f 2276 2273 2275
f 2278 2276 2277
f 2279 2277 2280
f 2279 2278 2277
f 2281 2280 2282
f 2281 2279 2280
f 2283 2282 2284
f 2283 2281 2282
f 2285 2284 2286
f 2285 2286 2287
f 2285 2283 2284
f 2288 2287 2289
f 2288 2285 2287
f 2290 2288 2289
f 2291 2290 2289
f 2291 2289 2292
f 2293 2291 2292
f 2293 2292 2294
f 2295 2293 2294
f 2295 2294 2296
f 2297 2296 2298
f 2297 2295 2296
f 2299 2298 2300
f 2299 2297 2298
f 2301 2300 2302
f 2301 2302 2303
f 2301 2299 2300
f 2304 2303 2305
f 2304 2301 2303
f 2306 2304 2305
f 2307 2305 2308
f 2307 2308 2309
f 2307 2306 2305
f 2310 2307 2309
f 2311 2309 2312
f 2311 2312 2313
f 2311 2310 2309
f 2314 2311 2313
f 2315 2313 2316
f 2315 2316 2317
f 2315 2314 2313
f 2318 2315 2317
f 2319 2317 2320
f 2319 2320 2321
f 2319 2318 2317
f 2322 2321 2323
f 2322 2319 2321
f 2324 2322 2323
f 2325 2323 2326
f 2325 2324 2323
f 2327 2326 2328
f 2327 2328 2329
f 2327 2325 2326
f 2330 2327 2329
f 2272 2329 2271
f 2272 2330 2329
f 2273 2331 2274
f 2274 2331 2332
f 2331 2333 2332
f 2332 2333 2334
f 2333 2335 2334
f 2334 2335 2336
f 2335 2337 2336
f 2336 2337 2338
f 2337 2339 2338
f 2338 2339 2340
f 2339 2341 2340
f 2340 2341 2342
f 2341 2343 2342
f 2342 2343 2344
f 2343 2345 2344
f 2344 2345 2346
f 2345 2347 2346
f 2346 2347 2348
f 2347 2349 2348
f 2348 2349 2350
f 2349 2351 2350
f 2350 2351 2352
f 2351 2353 2352
f 2352 2353 2354
f 2353 2355 2354
f 2354 2355 2356
f 2356 2357 2358
f 2355 2357 2356
f 2358 2359 2360
f 2357 2359 2358
f 2360 2361 2362
f 2359 2361 2360
f 2362 2363 2364
f 2361 2363 2362
f 2364 2365 2366
f 2363 2365 2364
f 2366 2367 2368
f 2365 2367 2366
f 2368 2369 2370
f 2367 2369 2368
f 2369 2371 2370
f 2370 2371 2372
f 2371 2373 2372
f 2372 2373 2374
f 2373 2375 2374
f 2374 2375 2376
f 2375 2377 2376
f 2376 2377 2378
f 2377 2379 2378
f 2378 2379 2380
f 2379 2381 2380
f 2380 2381 2382
f 2381 2383 2382
f 2382 2383 2384
f 2383 2385 2384
f 2384 2385 2386
f 2385 2387 2386
f 2386 2387 2388
f 2387 2389 2388
f 2388 2389 2390
f 2389 2391 2390
f 2390 2391 2392
f 2391 2393 2392
f 2392 2393 2394
f 2393 2395 2394
f 2394 2395 2396
f 2395 2397 2396
f 2396 2397 2398
f 2397 2399 2398
f 2398 2399 2400
f 2399 2401 2400
f 2400 2401 2402
f 2401 2403 2402
f 2402 2403 2404
f 2403 2405 2404
f 2404 2405 2406
f 2405 2407 2406
f 2406 2407 2408
f 2407 2409 2408
f 2408 2409 2410
f 2411 2412 2413
f 2409 2412 2410
f 2410 2412 2411
f 2412 2414 2413
f 2413 2415 2416
f 2416 2415 2417
f 2414 2415 2413
f 2417 2418 2419
f 2415 2418 2417
f 2418 2420 2419
f 2419 2421 2422
f 2420 2421 2419
f 2422 2421 2423
f 2421 2424 2423
f 2423 2425 2426
f 2426 2425 2427
f 2424 2425 2423
f 2427 2428 2429
f 2425 2428 2427
f 2428 2430 2429
f 2429 2431 2432
f 2432 2431 2433
f 2430 2431 2429
f 2431 2434 2433
f 2433 2435 2436
f 2434 2435 2433
f 2436 2437 2438
f 2438 2437 2439
f 2435 2437 2436
f 2437 2440 2439
f 2439 2441 2442
f 2442 2441 2443
f 2440 2441 2439
f 2441 2444 2443
f 2445 2446 2447
f 2445 2448 2446
f 2449 2447 2450
f 2449 2445 2447
f 2451 2450 2452
f 2451 2449 2450
f 2453 2452 2454
f 2453 2454 2455
f 2453 2451 2452
f 2456 2453 2455
f 2457 2455 2458
f 2457 2458 2459
f 2457 2456 2455
f 2460 2457 2459
f 2461 2459 2462
f 2461 2462 2463
f 2461 2460 2459
f 2464 2461 2463
f 2465 2464 2463
f 2465 2463 2466
f 2467 2465 2466
f 2467 2466 2468
f 2467 2468 2469
f 2470 2469 2471
f 2470 2467 2469
f 2472 2470 2471
f 2473 2471 2474
f 2473 2472 2471
f 2475 2474 2476
f 2475 2476 2477
f 2475 2473 2474
f 2478 2475 2477
f 2479 2477 2480
f 2479 2478 2477
f 2481 2480 2482
f 2481 2482 2483
f 2481 2479 2480
f 2484 2481 2483
f 2485 2483 2486
f 2485 2486 2487
f 2485 2484 2483
f 2488 2485 2487
f 2489 2488 2487
f 2489 2487 2490
f 2491 2490 2492
f 2491 2489 2490
f 2493 2492 2494
f 2493 2491 2492
f 2495 2494 2496
f 2495 2493 2494
f 2497 2496 2498
f 2497 2498 2499
f 2497 2495 2496
f 2500 2497 2499
f 2501 2499 2502
f 2501 2500 2499
f 2444 2502 2443
f 2444 2501 2502
f 2448 2503 2446
f 2448 2504 2503
f 2505 2073 2506
f 2505 2071 2073
f 2507 2506 2508
f 2507 2505 2506
f 2509 2508 2510
f 2509 2507 2508
f 2511 2510 2512
f 2511 2509 2510
f 2513 2512 2514
f 2513 2514 2515
f 2513 2511 2512
f 2516 2515 2517
f 2516 2513 2515
f 2518 2516 2517
f 2519 2518 2517
f 2519 2517 2520
f 2519 2520 2521
f 2522 2519 2521
f 2523 2521 2524
f 2523 2522 2521
f 2525 2524 2526
f 2525 2523 2524
f 2527 2526 2528
f 2527 2525 2526
f 2529 2528 2530
f 2529 2527 2528
f 2531 2530 2532
f 2531 2529 2530
f 2533 2532 2534
f 2533 2531 2532
f 2535 2534 2536
f 2535 2536 2537
f 2535 2533 2534
f 2538 2535 2537
f 2539 2537 2540
f 2539 2538 2537
f 2541 2540 2542
f 2541 2542 2543
f 2541 2539 2540
f 2544 2541 2543
f 2545 2543 2546
f 2545 2546 2547
f 2545 2544 2543
f 2548 2545 2547
f 2549 2547 2550
f 2549 2548 2547
f 2551 2550 2552
f 2551 2549 2550
f 2553 2552 2554
f 2553 2551 2552
f 2555 2554 2556
f 2555 2553 2554
f 2557 2556 2558
f 2557 2558 2559
f 2557 2555 2556
f 2560 2559 2561
f 2560 2557 2559
f 2562 2560 2561
f 2563 2561 2564
f 2563 2564 2565
f 2563 2562 2561
f 2566 2563 2565
f 2504 2565 2503
f 2504 2566 2565
f 2541 2538 2539
f 2529 2531 2533
f 2529 2533 2535
f 2544 2538 2541
f 2525 2527 2529
f 2551 2545 2548
f 2551 2548 2549
f 2519 2522 2523
f 2519 2523 2525
f 2519 2535 2538
f 2519 2525 2529
f 2519 2529 2535
f 2516 2518 2519
f 2555 2544 2545
f 2555 2551 2553
f 2555 2538 2544
f 2555 2545 2551
f 2509 2511 2513
f 2509 2513 2516
f 2562 2555 2557
f 2562 2557 2560
f 2562 2538 2555
f 2507 2516 2519
f 2507 2509 2516
f 2505 2519 2538
f 2505 2507 2519
f 2505 2538 2562
f 2504 2562 2563
f 2504 2563 2566
f 2504 2505 2562
f 2071 2505 2504
f 2448 2071 2504
f 2444 2448 2445
f 2444 2445 2449
f 2444 2449 2451
f 2444 2451 2453
f 2444 2453 2456
f 2444 2456 2457
f 2444 2457 2460
f 2444 2460 2461
f 2444 2461 2464
f 2444 2464 2465
f 2444 2465 2467
f 2444 2467 2470
f 2444 2470 2472
f 2444 2472 2473
f 2444 2473 2475
f 2444 2475 2478
f 2444 2478 2479
f 2444 2479 2481
f 2444 2481 2484
f 2444 2484 2485
f 2444 2485 2488
f 2444 2488 2489
f 2444 2489 2491
f 2444 2491 2493
f 2444 2493 2495
f 2444 2495 2497
f 2444 2497 2500
f 2444 2500 2501
f 2441 2071 2448
f 2441 2448 2444
f 2440 2071 2441
f 2437 2071 2440
f 2435 2071 2437
f 2434 2071 2435
f 2431 2071 2434
f 2430 2071 2431
f 2428 2071 2430
f 2074 2428 2425
f 2074 2425 2424
f 2074 2424 2421
f 2074 2421 2420
f 2074 2420 2418
f 2074 2418 2415
f 2074 2071 2428
f 2135 2138 2074
f 2414 2074 2415
f 2127 2135 2074
f 2127 2129 2132
f 2127 2132 2134
f 2127 2134 2135
f 2125 2127 2074
f 2123 2125 2074
f 2121 2123 2074
f 2120 2121 2074
f 2117 2120 2074
f 2116 2117 2074
f 2111 2116 2074
f 2111 2113 2116
f 2107 2111 2074
f 2107 2110 2111
f 2105 2107 2074
f 2101 2103 2105
f 2095 2097 2099
f 2095 2099 2101
f 2095 2101 2105
f 2094 2105 2074
f 2094 2095 2105
f 2090 2091 2094
f 2090 2094 2074
f 2085 2088 2090
f 2085 2090 2074
f 2081 2083 2085
f 2081 2085 2074
f 2075 2079 2081
f 2078 2081 2074
f 2078 2075 2081
f 2078 2414 2412
f 2078 2412 2409
f 2078 2409 2407
f 2078 2074 2414
f 2078 2407 2405
f 2403 2078 2405
f 2401 2078 2403
f 2399 2078 2401
f 2397 2078 2399
f 2395 2078 2397
f 2393 2078 2395
f 2391 2078 2393
f 2389 2078 2391
f 2387 2078 2389
f 2291 2293 2295
f 2291 2295 2297
f 2307 2291 2297
f 2307 2297 2299
f 2307 2299 2301
f 2307 2301 2304
f 2307 2304 2306
f 2290 2291 2307
f 2311 2290 2307
f 2311 2307 2310
f 2285 2290 2311
f 2285 2288 2290
f 2281 2285 2311
f 2281 2283 2285
f 2281 2311 2314
f 2324 2319 2322
f 2273 2276 2278
f 2273 2278 2279
f 2273 2279 2281
f 2325 2281 2314
f 2325 2314 2315
f 2325 2315 2318
f 2325 2318 2319
f 2325 2319 2324
f 2327 2281 2325
f 2272 2273 2281
f 2272 2327 2330
f 2272 2281 2327
f 2331 2273 2272
f 2217 2207 2211
f 2217 2211 2213
f 2217 2213 2215
f 2220 2207 2217
f 2226 2210 2207
f 2226 2220 2222
f 2226 2222 2223
f 2226 2207 2220
f 2229 2226 2227
f 2231 2210 2226
f 2231 2226 2229
f 2233 2210 2231
f 2235 2210 2233
f 2237 2210 2235
f 2239 2210 2237
f 2245 2242 2243
f 2248 2242 2245
f 2248 2239 2242
f 2249 2239 2248
f 2253 2249 2252
f 2253 2239 2249
f 2257 2253 2255
f 2259 2253 2257
f 2261 2253 2259
f 2266 2261 2264
f 2267 2261 2266
f 2270 2261 2267
f 2206 2345 2343
f 2206 2343 2341
f 2206 2341 2339
f 2206 2339 2337
f 2206 2337 2335
f 2206 2335 2333
f 2206 2333 2331
f 2206 2210 2239
f 2206 2272 2210
f 2206 2239 2253
f 2206 2331 2272
f 2206 2253 2261
f 2206 2261 2270
f 2140 2367 2365
f 2140 2365 2363
f 2140 2363 2361
f 2140 2361 2359
f 2140 2387 2385
f 2140 2385 2383
f 2140 2383 2381
f 2140 2381 2379
f 2140 2379 2377
f 2140 2078 2387
f 2140 2377 2375
f 2140 2375 2373
f 2140 2373 2371
f 2140 2371 2369
f 2140 2369 2367
f 2144 2140 2359
f 2144 2359 2357
f 2144 2357 2355
f 2144 2355 2353
f 2144 2353 2351
f 2144 2351 2349
f 2144 2349 2347
f 2144 2347 2345
f 2144 2345 2206
f 2201 2204 2140
f 2200 2140 2144
f 2200 2201 2140
f 2151 2145 2147
f 2151 2147 2149
f 2195 2198 2200
f 2195 2144 2141
f 2195 2200 2144
f 2193 2141 2145
f 2193 2195 2141
f 2157 2154 2156
f 2160 2154 2157
f 2160 2151 2154
f 2160 2145 2151
f 2183 2186 2187
f 2183 2187 2189
f 2183 2189 2191
f 2183 2191 2193
f 2165 2161 2163
f 2167 2161 2165
f 2179 2182 2183
f 2179 2183 2193
f 2169 2161 2167
f 2177 2179 2193
f 2171 2161 2169
f 2173 2193 2145
f 2173 2145 2160
f 2173 2177 2193
f 2173 2161 2171
f 2173 2160 2161
f 2173 2176 2177
f 2537 2542 2540
f 2532 2530 2534
f 2534 2530 2536
f 2537 2543 2542
f 2528 2526 2530
f 2546 2552 2547
f 2547 2552 2550
f 2521 2520 2524
f 2524 2520 2526
f 2536 2520 2537
f 2526 2520 2530
f 2530 2520 2536
f 2517 2515 2520
f 2543 2556 2546
f 2552 2556 2554
f 2537 2556 2543
f 2546 2556 2552
f 2512 2510 2514
f 2514 2510 2515
f 2556 2561 2558
f 2558 2561 2559
f 2537 2561 2556
f 2515 2508 2520
f 2510 2508 2515
f 2520 2506 2537
f 2508 2506 2520
f 2537 2506 2561
f 2506 2503 2561
f 2561 2503 2564
f 2564 2503 2565
f 2506 2073 2503
f 2073 2446 2503
f 2446 2443 2447
f 2447 2443 2450
f 2450 2443 2452
f 2452 2443 2454
f 2454 2443 2455
f 2455 2443 2458
f 2458 2443 2459
f 2459 2443 2462
f 2462 2443 2463
f 2463 2443 2466
f 2466 2443 2468
f 2468 2443 2469
f 2469 2443 2471
f 2471 2443 2474
f 2474 2443 2476
f 2476 2443 2477
f 2477 2443 2480
f 2480 2443 2482
f 2482 2443 2483
f 2483 2443 2486
f 2486 2443 2487
f 2487 2443 2490
f 2490 2443 2492
f 2492 2443 2494
f 2494 2443 2496
f 2496 2443 2498
f 2498 2443 2499
f 2499 2443 2502
f 2073 2442 2446
f 2446 2442 2443
f 2073 2439 2442
f 2073 2438 2439
f 2073 2436 2438
f 2073 2433 2436
f 2073 2432 2433
f 2073 2429 2432
f 2073 2427 2429
f 2417 2072 2416
f 2419 2072 2417
f 2422 2072 2419
f 2423 2072 2422
f 2426 2072 2423
f 2427 2072 2426
f 2073 2072 2427
f 2137 2136 2072
f 2072 2413 2416
f 2136 2128 2072
f 2130 2128 2131
f 2131 2128 2133
f 2133 2128 2136
f 2128 2126 2072
f 2126 2124 2072
f 2124 2122 2072
f 2122 2119 2072
f 2119 2118 2072
f 2118 2115 2072
f 2114 2112 2115
f 2115 2112 2072
f 2112 2108 2072
f 2109 2108 2112
f 2108 2106 2072
f 2104 2102 2106
f 2102 2096 2106
f 2098 2096 2100
f 2100 2096 2102
f 2106 2093 2072
f 2096 2093 2106
f 2093 2089 2072
f 2092 2089 2093
f 2087 2086 2089
f 2089 2086 2072
f 2086 2082 2072
f 2084 2082 2086
f 2080 2077 2082
f 2072 2076 2413
f 2082 2076 2072
f 2408 2076 2406
f 2077 2076 2082
f 2410 2076 2408
f 2411 2076 2410
f 2413 2076 2411
f 2076 2404 2406
f 2076 2402 2404
f 2076 2400 2402
f 2076 2398 2400
f 2076 2396 2398
f 2076 2394 2396
f 2076 2392 2394
f 2076 2390 2392
f 2076 2388 2390
f 2294 2292 2296
f 2296 2292 2298
f 2300 2308 2302
f 2302 2308 2303
f 2303 2308 2305
f 2292 2308 2298
f 2298 2308 2300
f 2292 2289 2308
f 2308 2312 2309
f 2289 2312 2308
f 2289 2286 2312
f 2287 2286 2289
f 2312 2282 2313
f 2286 2282 2312
f 2284 2282 2286
f 2320 2323 2321
f 2275 2274 2277
f 2277 2274 2280
f 2280 2274 2282
f 2313 2326 2316
f 2316 2326 2317
f 2317 2326 2320
f 2282 2326 2313
f 2320 2326 2323
f 2282 2328 2326
f 2328 2271 2329
f 2282 2271 2328
f 2274 2271 2282
f 2274 2332 2271
f 2209 2218 2212
f 2212 2218 2214
f 2214 2218 2216
f 2209 2219 2218
f 2208 2225 2209
f 2219 2225 2221
f 2221 2225 2224
f 2209 2225 2219
f 2225 2230 2228
f 2208 2232 2225
f 2225 2232 2230
f 2208 2234 2232
f 2208 2236 2234
f 2208 2238 2236
f 2208 2240 2238
f 2241 2246 2244
f 2240 2247 2241
f 2241 2247 2246
f 2240 2250 2247
f 2240 2254 2250
f 2250 2254 2251
f 2254 2258 2256
f 2254 2260 2258
f 2254 2262 2260
f 2262 2265 2263
f 2262 2268 2265
f 2262 2269 2268
f 2271 2205 2208
f 2334 2205 2332
f 2336 2205 2334
f 2338 2205 2336
f 2340 2205 2338
f 2342 2205 2340
f 2344 2205 2342
f 2346 2205 2344
f 2240 2205 2254
f 2208 2205 2240
f 2332 2205 2271
f 2254 2205 2262
f 2262 2205 2269
f 2362 2139 2360
f 2364 2139 2362
f 2366 2139 2364
f 2368 2139 2366
f 2370 2139 2368
f 2372 2139 2370
f 2374 2139 2372
f 2376 2139 2374
f 2378 2139 2376
f 2380 2139 2378
f 2382 2139 2380
f 2384 2139 2382
f 2386 2139 2384
f 2388 2139 2386
f 2076 2139 2388
f 2139 2142 2360
f 2348 2142 2346
f 2350 2142 2348
f 2352 2142 2350
f 2354 2142 2352
f 2356 2142 2354
f 2358 2142 2356
f 2360 2142 2358
f 2346 2142 2205
f 2203 2202 2139
f 2139 2199 2142
f 2202 2199 2139
f 2146 2152 2148
f 2148 2152 2150
f 2142 2196 2143
f 2197 2196 2199
f 2199 2196 2142
f 2143 2194 2146
f 2196 2194 2143
f 2153 2158 2155
f 2153 2159 2158
f 2152 2159 2153
f 2146 2159 2152
f 2185 2184 2188
f 2188 2184 2190
f 2190 2184 2192
f 2192 2184 2194
f 2162 2166 2164
f 2162 2168 2166
f 2184 2180 2194
f 2181 2180 2184
f 2162 2170 2168
f 2180 2178 2194
f 2162 2172 2170
f 2194 2174 2146
f 2146 2174 2159
f 2178 2174 2194
f 2162 2174 2172
f 2159 2174 2162
f 2175 2174 2178
f 2567 2568 2569
f 2569 2568 2570
f 2571 2572 2567
f 2567 2572 2568
f 2573 2574 2571
f 2571 2574 2572
f 2575 2576 2573
f 2577 2576 2575
f 2573 2576 2574
f 2578 2579 2577
f 2577 2579 2576
f 2578 2580 2579
f 2581 2582 2578
f 2578 2582 2580
f 2583 2584 2581
f 2585 2584 2583
f 2581 2584 2582
f 2586 2587 2585
f 2585 2587 2584
f 2586 2588 2587
f 2589 2590 2586
f 2586 2590 2588
f 2591 2592 2589
f 2589 2592 2590
f 2593 2594 2591
f 2595 2594 2593
f 2591 2594 2592
f 2595 2596 2594
f 2597 2598 2595
f 2595 2598 2596
f 2599 2600 2597
f 2597 2600 2598
f 2601 2602 2599
f 2599 2602 2600
f 2603 2604 2601
f 2601 2604 2602
f 2605 2606 2603
f 2603 2606 2604
f 2607 2608 2605
f 2605 2608 2606
f 2609 2610 2607
f 2611 2610 2609
f 2607 2610 2608
f 2611 2612 2610
f 2613 2614 2611
f 2611 2614 2612
f 2615 2616 2613
f 2613 2616 2614
f 2617 2618 2615
f 2615 2618 2616
f 2619 2620 2617
f 2617 2620 2618
f 2621 2622 2619
f 2623 2622 2621
f 2619 2622 2620
f 2623 2624 2622
f 2625 2626 2623
f 2627 2626 2625
f 2623 2626 2624
f 2627 2628 2626
f 2629 2630 2627
f 2631 2630 2629
f 2627 2630 2628
f 2632 2633 2631
f 2631 2633 2630
f 2632 2634 2633
f 2635 2636 2632
f 2632 2636 2634
f 2637 2638 2635
f 2635 2638 2636
f 2639 2640 2637
f 2637 2640 2638
f 2641 2642 2639
f 2639 2642 2640
f 2643 2644 2641
f 2641 2644 2642
f 2645 2646 2643
f 2647 2646 2645
f 2643 2646 2644
f 2647 2648 2646
f 2649 2650 2647
f 2651 2650 2649
f 2647 2650 2648
f 2651 2652 2650
f 2653 2654 2651
f 2651 2654 2652
f 2655 2656 2653
f 2653 2656 2654
f 2657 2658 2655
f 2655 2658 2656
f 2659 2660 2657
f 2661 2660 2659
f 2657 2660 2658
f 2662 2663 2661
f 2661 2663 2660
f 2662 2664 2663
f 2665 2666 2662
f 2662 2666 2664
f 2667 2668 2665
f 2665 2668 2666
f 2669 2670 2667
f 2667 2670 2668
f 2671 2672 2669
f 2669 2672 2670
f 2673 2674 2671
f 2671 2674 2672
f 2675 2676 2673
f 2673 2676 2674
f 2677 2678 2675
f 2675 2678 2676
f 2679 2680 2677
f 2677 2680 2678
f 2681 2682 2679
f 2679 2682 2680
f 2683 2684 2681
f 2681 2684 2682
f 2685 2686 2683
f 2683 2686 2684
f 2687 2688 2685
f 2685 2688 2686
f 2689 2690 2687
f 2687 2690 2688
f 2691 2692 2689
f 2693 2692 2691
f 2689 2692 2690
f 2694 2695 2693
f 2693 2695 2692
f 2696 2697 2694
f 2694 2697 2695
f 2696 2698 2697
f 2699 2700 2696
f 2696 2700 2698
f 2701 2702 2699
f 2703 2702 2701
f 2699 2702 2700
f 2703 2704 2702
f 2705 2704 2703
f 2705 2706 2704
f 2705 2707 2706
f 2708 2707 2705
f 2708 2709 2707
f 2710 2709 2708
f 2710 2711 2709
f 2712 2711 2710
f 2712 2713 2711
f 2714 2713 2712
f 2715 2713 2714
f 2715 2716 2713
f 2715 2717 2716
f 2718 2717 2715
f 2719 2717 2718
f 2719 2720 2717
f 2721 2720 2719
f 2721 2722 2720
f 2721 2723 2722
f 2724 2723 2721
f 2724 2725 2723
f 2726 2725 2724
f 2726 2727 2725
f 2728 2727 2726
f 2728 2729 2727
f 2730 2729 2728
f 2731 2729 2730
f 2731 2732 2729
f 2731 2733 2732
f 2734 2733 2731
f 2734 2735 2733
f 2736 2735 2734
f 2737 2735 2736
f 2737 2738 2735
f 2737 2739 2738
f 2740 2739 2737
f 2740 2741 2739
f 2742 2741 2740
f 2742 2743 2741
f 2744 2743 2742
f 2744 2745 2743
f 2746 2745 2744
f 2746 2747 2745
f 2748 2747 2746
f 2748 2749 2747
f 2750 2749 2748
f 2750 2751 2749
f 2752 2751 2750
f 2752 2753 2751
f 2754 2753 2752
f 2754 2755 2753
f 2756 2755 2754
f 2756 2757 2755
f 2758 2757 2756
f 2758 2759 2757
f 2760 2759 2758
f 2761 2759 2760
f 2761 2762 2759
f 2763 2762 2761
f 2763 2764 2762
f 2763 2765 2764
f 2766 2765 2763
f 2767 2768 2766
f 2766 2768 2765
f 2769 2770 2767
f 2767 2770 2768
f 2771 2772 2769
f 2769 2772 2770
f 2773 2774 2771
f 2775 2774 2773
f 2771 2774 2772
f 2776 2777 2775
f 2775 2777 2774
f 2776 2778 2777
f 2779 2780 2776
f 2776 2780 2778
f 2781 2782 2779
f 2779 2782 2780
f 2783 2784 2781
f 2785 2784 2783
f 2781 2784 2782
f 2785 2786 2784
f 2787 2788 2785
f 2785 2788 2786
f 2787 2789 2788
f 2790 2789 2787
f 2791 2792 2790
f 2793 2792 2791
f 2790 2792 2789
f 2793 2794 2792
f 2795 2796 2793
f 2793 2796 2794
f 2797 2798 2795
f 2799 2798 2797
f 2795 2798 2796
f 2799 2800 2798
f 2801 2802 2799
f 2799 2802 2800
f 2803 2804 2801
f 2801 2804 2802
f 2805 2806 2803
f 2803 2806 2804
f 2807 2808 2805
f 2805 2808 2806
f 2809 2810 2807
f 2807 2810 2808
f 2811 2812 2809
f 2809 2812 2810
f 2813 2814 2811
f 2815 2814 2813
f 2811 2814 2812
f 2815 2816 2814
f 2817 2818 2815
f 2815 2818 2816
f 2819 2820 2817
f 2817 2820 2818
f 2821 2822 2819
f 2823 2822 2821
f 2819 2822 2820
f 2823 2824 2822
f 2825 2826 2823
f 2823 2826 2824
f 2825 2827 2826
f 2828 2827 2825
f 2829 2827 2828
f 2829 2830 2827
f 2829 2831 2830
f 2832 2831 2829
f 2832 2833 2831
f 2834 2833 2832
f 2834 2835 2833
f 2836 2835 2834
f 2837 2835 2836
f 2837 2838 2835
f 2839 2838 2837
f 2839 2840 2838
f 2841 2840 2839
f 2841 2842 2840
f 2841 2843 2842
f 2844 2843 2841
f 2844 2845 2843
f 2846 2845 2844
f 2846 2847 2845
f 2848 2847 2846
f 2849 2847 2848
f 2850 2851 2849
f 2849 2851 2847
f 2852 2853 2850
f 2850 2853 2851
f 2852 2854 2853
f 2852 2855 2854
f 2856 2855 2852
f 2857 2858 2856
f 2856 2858 2855
f 2859 2860 2857
f 2857 2860 2858
f 2861 2862 2859
f 2859 2862 2860
f 2863 2864 2861
f 2861 2864 2862
f 2865 2866 2863
f 2863 2866 2864
f 2867 2868 2865
f 2865 2868 2866
f 2869 2870 2867
f 2871 2870 2869
f 2867 2870 2868
f 2871 2872 2870
f 2871 2873 2872
f 2874 2873 2871
f 2875 2873 2874
f 2875 2876 2873
f 2877 2878 2875
f 2875 2878 2876
f 2879 2880 2877
f 2877 2880 2878
f 2881 2882 2879
f 2879 2882 2880
f 2883 2884 2881
f 2885 2884 2883
f 2881 2884 2882
f 2885 2886 2884
f 2887 2888 2885
f 2885 2888 2886
f 2889 2890 2887
f 2887 2890 2888
f 2891 2892 2889
f 2889 2892 2890
f 2893 2894 2891
f 2895 2894 2893
f 2891 2894 2892
f 2895 2896 2894
f 2897 2898 2895
f 2569 2898 2897
f 2895 2898 2896
f 2569 2570 2898
f 2898 2570 2568
f 2896 2568 2572
f 2896 2898 2568
f 2894 2572 2574
f 2894 2896 2572
f 2892 2574 2576
f 2892 2894 2574
f 2890 2576 2579
f 2890 2892 2576
f 2888 2579 2580
f 2888 2890 2579
f 2886 2580 2582
f 2886 2888 2580
f 2884 2582 2584
f 2884 2886 2582
f 2882 2584 2587
f 2882 2884 2584
f 2880 2587 2588
f 2880 2882 2587
f 2878 2588 2590
f 2878 2880 2588
f 2876 2590 2592
f 2876 2592 2594
f 2876 2878 2590
f 2873 2594 2596
f 2873 2876 2594
f 2872 2596 2598
f 2872 2873 2596
f 2870 2598 2600
f 2870 2872 2598
f 2868 2600 2602
f 2868 2870 2600
f 2866 2602 2604
f 2866 2604 2606
f 2866 2868 2602
f 2864 2606 2608
f 2864 2866 2606
f 2862 2608 2610
f 2862 2610 2612
f 2862 2864 2608
f 2860 2612 2614
f 2860 2862 2612
f 2858 2860 2614
f 2858 2614 2616
f 2858 2616 2618
f 2855 2618 2620
f 2855 2858 2618
f 2854 2855 2620
f 2854 2620 2622
f 2853 2854 2622
f 2853 2622 2624
f 2853 2624 2626
f 2851 2853 2626
f 2847 2851 2626
f 2847 2626 2628
f 2845 2847 2628
f 2845 2628 2630
f 2843 2845 2630
f 2843 2630 2633
f 2842 2633 2634
f 2842 2843 2633
f 2840 2634 2636
f 2840 2842 2634
f 2838 2840 2636
f 2838 2636 2638
f 2835 2638 2640
f 2835 2838 2638
f 2833 2640 2642
f 2833 2835 2640
f 2831 2642 2644
f 2831 2833 2642
f 2830 2644 2646
f 2830 2831 2644
f 2827 2646 2648
f 2827 2830 2646
f 2826 2648 2650
f 2826 2827 2648
f 2824 2650 2652
f 2824 2826 2650
f 2822 2652 2654
f 2822 2824 2652
f 2820 2654 2656
f 2820 2822 2654
f 2818 2656 2658
f 2818 2820 2656
f 2816 2658 2660
f 2816 2818 2658
f 2814 2660 2663
f 2814 2816 2660
f 2812 2814 2663
f 2812 2663 2664
f 2810 2812 2664
f 2810 2664 2666
f 2808 2810 2666
f 2808 2666 2668
f 2806 2808 2668
f 2806 2668 2670
f 2804 2806 2670
f 2804 2670 2672
f 2733 2729 2732
f 2802 2804 2672
f 2802 2672 2674
f 2735 2729 2733
f 2735 2727 2729
f 2800 2802 2674
f 2800 2674 2676
f 2738 2727 2735
f 2738 2725 2727
f 2739 2725 2738
f 2739 2723 2725
f 2798 2800 2676
f 2798 2676 2678
f 2741 2723 2739
f 2741 2722 2723
f 2796 2798 2678
f 2796 2678 2680
f 2743 2722 2741
f 2743 2720 2722
f 2745 2720 2743
f 2745 2717 2720
f 2794 2680 2682
f 2794 2796 2680
f 2747 2717 2745
f 2747 2716 2717
f 2792 2794 2682
f 2792 2682 2684
f 2749 2716 2747
f 2749 2713 2716
f 2751 2713 2749
f 2789 2684 2686
f 2789 2792 2684
f 2753 2713 2751
f 2753 2711 2713
f 2788 2686 2688
f 2788 2789 2686
f 2755 2711 2753
f 2755 2709 2711
f 2757 2709 2755
f 2757 2707 2709
f 2786 2688 2690
f 2786 2788 2688
f 2759 2707 2757
f 2759 2706 2707
f 2784 2786 2690
f 2762 2706 2759
f 2782 2690 2692
f 2782 2784 2690
f 2764 2704 2706
f 2764 2706 2762
f 2780 2692 2695
f 2780 2782 2692
f 2765 2702 2704
f 2765 2704 2764
f 2778 2780 2695
f 2768 2702 2765
f 2768 2700 2702
f 2777 2695 2697
f 2777 2778 2695
f 2770 2700 2768
f 2770 2698 2700
f 2774 2697 2698
f 2774 2777 2697
f 2772 2698 2770
f 2772 2774 2698
f 2569 2897 2567
f 2567 2895 2571
f 2897 2895 2567
f 2571 2893 2573
f 2895 2893 2571
f 2573 2891 2575
f 2893 2891 2573
f 2575 2889 2577
f 2891 2889 2575
f 2577 2887 2578
f 2889 2887 2577
f 2578 2885 2581
f 2887 2885 2578
f 2581 2883 2583
f 2885 2883 2581
f 2583 2881 2585
f 2883 2881 2583
f 2585 2879 2586
f 2881 2879 2585
f 2586 2877 2589
f 2879 2877 2586
f 2589 2875 2591
f 2591 2875 2593
f 2877 2875 2589
f 2593 2874 2595
f 2875 2874 2593
f 2595 2871 2597
f 2874 2871 2595
f 2597 2869 2599
f 2871 2869 2597
f 2599 2867 2601
f 2869 2867 2599
f 2601 2865 2603
f 2603 2865 2605
f 2867 2865 2601
f 2605 2863 2607
f 2865 2863 2605
f 2607 2861 2609
f 2609 2861 2611
f 2863 2861 2607
f 2611 2859 2613
f 2861 2859 2611
f 2859 2857 2613
f 2613 2857 2615
f 2615 2857 2617
f 2617 2856 2619
f 2857 2856 2617
f 2856 2852 2619
f 2619 2852 2621
f 2852 2850 2621
f 2621 2850 2623
f 2623 2850 2625
f 2850 2849 2625
f 2849 2848 2625
f 2625 2848 2627
f 2848 2846 2627
f 2627 2846 2629
f 2846 2844 2629
f 2629 2844 2631
f 2631 2841 2632
f 2844 2841 2631
f 2632 2839 2635
f 2841 2839 2632
f 2839 2837 2635
f 2635 2837 2637
f 2637 2836 2639
f 2837 2836 2637
f 2639 2834 2641
f 2836 2834 2639
f 2641 2832 2643
f 2834 2832 2641
f 2643 2829 2645
f 2832 2829 2643
f 2645 2828 2647
f 2829 2828 2645
f 2647 2825 2649
f 2828 2825 2647
f 2649 2823 2651
f 2825 2823 2649
f 2651 2821 2653
f 2823 2821 2651
f 2653 2819 2655
f 2821 2819 2653
f 2655 2817 2657
f 2819 2817 2655
f 2657 2815 2659
f 2817 2815 2657
f 2659 2813 2661
f 2815 2813 2659
f 2813 2811 2661
f 2661 2811 2662
f 2811 2809 2662
f 2662 2809 2665
f 2809 2807 2665
f 2665 2807 2667
f 2807 2805 2667
f 2667 2805 2669
f 2805 2803 2669
f 2669 2803 2671
f 2730 2734 2731
f 2803 2801 2671
f 2671 2801 2673
f 2730 2736 2734
f 2728 2736 2730
f 2801 2799 2673
f 2673 2799 2675
f 2728 2737 2736
f 2726 2737 2728
f 2726 2740 2737
f 2724 2740 2726
f 2799 2797 2675
f 2675 2797 2677
f 2724 2742 2740
f 2721 2742 2724
f 2797 2795 2677
f 2677 2795 2679
f 2721 2744 2742
f 2719 2744 2721
f 2719 2746 2744
f 2718 2746 2719
f 2679 2793 2681
f 2795 2793 2679
f 2718 2748 2746
f 2715 2748 2718
f 2793 2791 2681
f 2681 2791 2683
f 2715 2750 2748
f 2714 2750 2715
f 2714 2752 2750
f 2683 2790 2685
f 2791 2790 2683
f 2714 2754 2752
f 2712 2754 2714
f 2685 2787 2687
f 2790 2787 2685
f 2712 2756 2754
f 2710 2756 2712
f 2710 2758 2756
f 2708 2758 2710
f 2687 2785 2689
f 2787 2785 2687
f 2708 2760 2758
f 2705 2760 2708
f 2785 2783 2689
f 2705 2761 2760
f 2689 2781 2691
f 2783 2781 2689
f 2703 2763 2705
f 2705 2763 2761
f 2691 2779 2693
f 2781 2779 2691
f 2701 2766 2703
f 2703 2766 2763
f 2779 2776 2693
f 2701 2767 2766
f 2699 2767 2701
f 2693 2775 2694
f 2776 2775 2693
f 2699 2769 2767
f 2696 2769 2699
f 2694 2773 2696
f 2775 2773 2694
f 2696 2771 2769
f 2773 2771 2696
f 2899 2900 2901
f 2899 2902 2900
f 2903 2901 2904
f 2903 2899 2901
f 2905 2906 2902
f 2905 2902 2899
f 2907 2904 2908
f 2907 2903 2904
f 2909 2906 2905
f 2909 2910 2906
f 2909 2911 2910
f 2912 2913 2914
f 2912 2908 2913
f 2912 2907 2908
f 2915 2916 2911
f 2915 2911 2909
f 2917 2914 2918
f 2917 2912 2914
f 2919 2916 2915
f 2919 2920 2916
f 2919 2921 2920
f 2922 2918 2923
f 2922 2917 2918
f 2924 2921 2919
f 2924 2925 2921
f 2926 2923 2927
f 2926 2922 2923
f 2928 2925 2924
f 2928 2929 2925
f 2928 2930 2929
f 2931 2932 2933
f 2931 2927 2932
f 2931 2926 2927
f 2934 2935 2930
f 2934 2930 2928
f 2936 2933 2937
f 2936 2931 2933
f 2938 2939 2935
f 2938 2940 2939
f 2938 2935 2934
f 2941 2937 2942
f 2941 2936 2937
f 2943 2940 2938
f 2944 2942 2945
f 2944 2941 2942
f 2946 2940 2943
f 2947 2944 2945
f 2947 2945 2948
f 2949 2940 2946
f 2950 2948 2951
f 2950 2947 2948
f 2952 2940 2949
f 2953 2950 2951
f 2953 2951 2954
f 2955 2940 2952
f 2956 2940 2955
f 2957 2940 2956
f 2958 2959 2940
f 2958 2940 2957
f 2960 2959 2958
f 2961 2959 2960
f 2962 2959 2961
f 2963 2959 2962
f 2964 2959 2963
f 2965 2959 2964
f 2966 2959 2965
f 2967 2968 2969
f 2967 2959 2966
f 2967 2969 2959
f 2970 2971 2968
f 2970 2968 2967
f 2972 2973 2971
f 2972 2974 2973
f 2972 2971 2970
f 2975 2976 2974
f 2975 2974 2972
f 2977 2978 2976
f 2977 2979 2978
f 2977 2976 2975
f 2980 2981 2979
f 2980 2979 2977
f 2982 2983 2981
f 2982 2984 2983
f 2982 2981 2980
f 2985 2986 2984
f 2985 2984 2982
f 2987 2988 2986
f 2987 2989 2988
f 2987 2986 2985
f 2990 2991 2989
f 2990 2989 2987
f 2992 2993 2991
f 2992 2991 2990
f 2994 2995 2993
f 2994 2996 2995
f 2994 2993 2992
f 2997 2996 2994
f 2998 2999 3000
f 3000 2999 3001
f 3000 3001 3002
f 3002 3001 2954
f 2954 3001 3003
f 2954 3003 2953
f 3004 3005 3006
f 3004 3006 3007
f 3007 3006 3008
f 3007 3008 3009
f 3007 3009 3010
f 3007 3010 3011
f 3011 3010 3012
f 3011 3012 3013
f 3011 3013 3014
f 3014 3013 3015
f 3014 3015 3016
f 3014 3016 3017
f 3017 3016 3018
f 3017 3018 3019
f 3017 3019 3020
f 3017 3020 3021
f 3021 3020 3022
f 3021 3022 3023
f 3021 3023 3024
f 3024 3023 2996
f 3024 2996 3025
f 3025 2996 3026
f 3026 2996 3027
f 3027 2996 3028
f 3028 2996 3029
f 3029 2996 2997
f 3030 2958 2957
f 3031 2957 2956
f 3031 3030 2957
f 3032 2956 2955
f 3032 3031 2956
f 3033 2955 2952
f 3033 3032 2955
f 3034 2952 2949
f 3034 3033 2952
f 3035 2949 2946
f 3035 3034 2949
f 3036 2946 2943
f 3036 3035 2946
f 3037 2943 2938
f 3037 3036 2943
f 3038 2938 2934
f 3038 3037 2938
f 3039 2934 2928
f 3039 3038 2934
f 3040 2928 2924
f 3040 3039 2928
f 3041 3040 2924
f 3041 2924 2919
f 3042 3041 2919
f 3042 2919 2915
f 3043 3042 2915
f 3043 2915 2909
f 3044 3043 2909
f 3044 2909 2905
f 3045 3044 2905
f 3045 2905 2899
f 3046 3045 2899
f 3046 2899 2903
f 3047 3046 2903
f 3047 2903 2907
f 3048 3047 2907
f 3048 2907 2912
f 3049 3048 2912
f 3049 2912 2917
f 3050 3049 2917
f 3050 2917 2922
f 3051 3050 2922
f 3051 2922 2926
f 3052 3051 2926
f 3052 2926 2931
f 3053 3052 2931
f 3053 2931 2936
f 3054 2936 2941
f 3054 3053 2936
f 3055 2941 2944
f 3055 3054 2941
f 3056 2944 2947
f 3056 3055 2944
f 3057 2947 2950
f 3057 3056 2947
f 3058 2950 2953
f 3058 3057 2950
f 3059 2953 3003
f 3059 3058 2953
f 3060 3003 3001
f 3060 3059 3003
f 2999 3061 3062
f 3063 3001 2999
f 3063 3060 3001
f 3064 3063 2999
f 3065 3062 3066
f 3065 2999 3062
f 3065 3064 2999
f 3067 3066 3068
f 3067 3065 3066
f 3069 3067 3068
f 3069 3068 3070
f 3071 3069 3070
f 3071 3070 3072
f 3073 3071 3072
f 3073 3072 3074
f 3075 3073 3074
f 3075 3074 3076
f 3077 3075 3076
f 3077 3076 3078
f 3079 3077 3078
f 3079 3078 3080
f 3081 3079 3080
f 3081 3080 3082
f 3083 3081 3082
f 3083 3082 3084
f 3085 3083 3084
f 3085 3084 3086
f 3087 3085 3086
f 3087 3086 3088
f 3089 3087 3088
f 3089 3088 3090
f 3091 3089 3090
f 3091 3090 3092
f 3093 3091 3092
f 3093 3092 3094
f 3095 3093 3094
f 3095 3094 3096
f 3097 3095 3096
f 3097 3096 3098
f 3099 3097 3098
f 3099 3098 3100
f 3101 3099 3100
f 3101 3100 3102
f 3103 3101 3102
f 3103 3102 3104
f 3105 3103 3104
f 3105 3104 3106
f 3107 3105 3106
f 3107 3106 3108
f 3109 3108 3110
f 3109 3107 3108
f 3111 3110 3112
f 3111 3109 3110
f 3113 3112 3114
f 3113 3111 3112
f 3115 3114 3116
f 3115 3113 3114
f 3117 3116 3118
f 3117 3115 3116
f 3119 3118 3120
f 3119 3117 3118
f 3121 3119 3120
f 3121 3120 3122
f 3123 3121 3122
f 3123 3122 3124
f 3125 3123 3124
f 3125 3124 3126
f 3127 3125 3126
f 3127 3126 3128
f 3129 3127 3128
f 3129 3128 3130
f 3131 3129 3130
f 3131 3130 3132
f 3133 3131 3132
f 3133 3132 3134
f 3135 3133 3134
f 3135 3134 3136
f 3137 3135 3136
f 3137 3136 3138
f 3139 3137 3138
f 3139 3138 3140
f 3141 3139 3140
f 3141 3140 3142
f 3143 3141 3142
f 3143 3142 3144
f 3145 3144 3146
f 3145 3143 3144
f 3147 3146 3148
f 3147 3145 3146
f 3149 3148 3150
f 3149 3147 3148
f 3151 3150 3152
f 3151 3149 3150
f 3153 3152 3154
f 3153 3151 3152
f 3155 3154 3156
f 3155 3153 3154
f 3157 3156 3158
f 3157 3155 3156
f 3159 3158 3160
f 3159 3157 3158
f 3161 3160 3162
f 3161 3159 3160
f 3163 3162 3164
f 3163 3161 3162
f 3165 3164 3166
f 3165 3163 3164
f 3167 3166 3168
f 3167 3165 3166
f 3169 3168 3170
f 3169 3167 3168
f 3171 3169 3170
f 3171 3170 3172
f 3173 3171 3172
f 3173 3172 3174
f 3175 3173 3174
f 3175 3174 3176
f 3177 3176 3178
f 3177 3175 3176
f 3179 3177 3178
f 3179 3178 3180
f 3181 3180 3182
f 3181 3179 3180
f 3183 3182 3184
f 3183 3181 3182
f 3185 3184 3186
f 3185 3183 3184
f 3004 3186 3187
f 3004 3185 3186
f 3188 3185 3004
f 3189 3004 3007
f 3189 3188 3004
f 3190 3007 3011
f 3190 3189 3007
f 3191 3011 3014
f 3191 3190 3011
f 3192 3014 3017
f 3192 3191 3014
f 3193 3017 3021
f 3193 3192 3017
f 3194 3021 3024
f 3194 3193 3021
f 3195 3024 3025
f 3195 3194 3024
f 3196 3025 3026
f 3196 3195 3025
f 3197 3026 3027
f 3197 3196 3026
f 3198 3027 3028
f 3198 3197 3027
f 3199 3028 3029
f 3199 3198 3028
f 3200 3029 2997
f 3200 3199 3029
f 3201 2997 2994
f 3201 3200 2997
f 3202 2994 2992
f 3202 3201 2994
f 3203 2992 2990
f 3203 3202 2992
f 3204 2990 2987
f 3204 3203 2990
f 3205 3204 2987
f 3205 2987 2985
f 3206 3205 2985
f 3206 2985 2982
f 3207 3206 2982
f 3207 2982 2980
f 3208 3207 2980
f 3208 2980 2977
f 3209 3208 2977
f 3209 2977 2975
f 3210 3209 2975
f 3210 2975 2972
f 3211 3210 2972
f 3211 2972 2970
f 3212 3211 2970
f 3212 2970 2967
f 3213 3212 2967
f 3213 2967 2966
f 3214 3213 2966
f 3214 2966 2965
f 3215 3214 2965
f 3215 2965 2964
f 3216 3215 2964
f 3216 2964 2963
f 3217 2963 2962
f 3217 3216 2963
f 3218 2962 2961
f 3218 3217 2962
f 3219 2961 2960
f 3219 3218 2961
f 3030 2960 2958
f 3030 3219 2960
f 3043 3044 3045
f 3049 3046 3047
f 3049 3047 3048
f 3042 3043 3045
f 3041 3045 3046
f 3041 3042 3045
f 3040 3041 3046
f 3052 3049 3050
f 3052 3050 3051
f 3053 3046 3049
f 3053 3049 3052
f 3037 3038 3039
f 3055 3053 3054
f 3057 3055 3056
f 3057 3046 3053
f 3057 3053 3055
f 3034 3035 3036
f 3034 3036 3037
f 3034 3039 3040
f 3034 3037 3039
f 3059 3057 3058
f 3032 3033 3034
f 3031 3059 3060
f 3031 3040 3046
f 3031 3046 3057
f 3031 3032 3034
f 3031 3034 3040
f 3031 3057 3059
f 3063 3031 3060
f 3030 3031 3063
f 3218 3219 3030
f 3071 3065 3067
f 3071 3067 3069
f 3215 3216 3217
f 3215 3217 3218
f 3215 3218 3030
f 3073 3065 3071
f 3073 3063 3064
f 3073 3064 3065
f 3212 3213 3214
f 3079 3073 3075
f 3079 3075 3077
f 3081 3073 3079
f 3209 3210 3211
f 3209 3211 3212
f 3209 3212 3214
f 3085 3081 3083
f 3087 3073 3081
f 3087 3081 3085
f 3089 3215 3030
f 3089 3063 3073
f 3089 3073 3087
f 3089 3030 3063
f 3206 3207 3208
f 3205 3208 3209
f 3205 3206 3208
f 3203 3204 3205
f 3097 3214 3215
f 3097 3215 3089
f 3097 3089 3091
f 3097 3091 3093
f 3097 3093 3095
f 3202 3209 3214
f 3202 3205 3209
f 3202 3203 3205
f 3101 3097 3099
f 3105 3101 3103
f 3198 3199 3200
f 3198 3200 3201
f 3107 3101 3105
f 3109 3101 3107
f 3195 3196 3197
f 3195 3197 3198
f 3195 3201 3202
f 3195 3198 3201
f 3194 3195 3202
f 3115 3109 3111
f 3115 3111 3113
f 3193 3202 3214
f 3193 3194 3202
f 3121 3115 3117
f 3121 3117 3119
f 3190 3191 3192
f 3190 3192 3193
f 3123 3115 3121
f 3127 3115 3123
f 3127 3123 3125
f 3127 3109 3115
f 3185 3190 3193
f 3185 3193 3214
f 3185 3188 3189
f 3185 3189 3190
f 3181 3185 3214
f 3181 3214 3097
f 3181 3097 3101
f 3181 3183 3185
f 3133 3127 3129
f 3133 3129 3131
f 3137 3127 3133
f 3137 3133 3135
f 3175 3177 3179
f 3175 3179 3181
f 3173 3175 3181
f 3173 3181 3101
f 3143 3127 3137
f 3143 3137 3139
f 3143 3139 3141
f 3169 3171 3173
f 3147 3127 3143
f 3147 3143 3145
f 3165 3169 3173
f 3165 3167 3169
f 3163 3165 3173
f 3161 3109 3127
f 3161 3173 3101
f 3161 3127 3147
f 3161 3163 3173
f 3161 3101 3109
f 3155 3147 3149
f 3155 3149 3151
f 3155 3151 3153
f 3157 3161 3147
f 3157 3147 3155
f 3157 3159 3161
f 3220 2998 3000
f 3220 3221 2998
f 3222 3000 3002
f 3222 3220 3000
f 3223 3002 2954
f 3223 3222 3002
f 3224 2954 2951
f 3224 3223 2954
f 3225 2951 2948
f 3225 2948 2945
f 3225 3224 2951
f 3226 2945 2942
f 3226 3225 2945
f 3227 3226 2942
f 3228 3227 2942
f 3228 2942 2937
f 3228 2937 2933
f 3229 3228 2933
f 3230 2933 2932
f 3230 3229 2933
f 3231 2932 2927
f 3231 3230 2932
f 3232 2927 2923
f 3232 3231 2927
f 3233 2923 2918
f 3233 3232 2923
f 3234 2918 2914
f 3234 3233 2918
f 3235 2914 2913
f 3235 3234 2914
f 3236 2913 2908
f 3236 2908 2904
f 3236 3235 2913
f 3237 3236 2904
f 3238 2904 2901
f 3238 3237 2904
f 3239 2901 2900
f 3239 2900 2902
f 3239 3238 2901
f 3240 3239 2902
f 3241 2902 2906
f 3241 2906 2910
f 3241 3240 2902
f 3242 3241 2910
f 3243 2910 2911
f 3243 3242 2910
f 3244 2911 2916
f 3244 3243 2911
f 3245 2916 2920
f 3245 3244 2916
f 3246 2920 2921
f 3246 3245 2920
f 3247 2921 2925
f 3247 2925 2929
f 3247 3246 2921
f 3248 2929 2930
f 3248 3247 2929
f 3249 3248 2930
f 3250 2930 2935
f 3250 2935 2939
f 3250 3249 2930
f 3251 3250 2939
f 3252 2939 2940
f 3252 3251 2939
f 3253 3254 3255
f 3253 3256 3254
f 3257 3258 3259
f 3257 3260 3258
f 3261 3259 3262
f 3261 3257 3259
f 3263 3262 3264
f 3263 3261 3262
f 3265 3264 3266
f 3265 3263 3264
f 3267 3266 3268
f 3267 3268 3269
f 3267 3265 3266
f 3270 3269 3271
f 3270 3267 3269
f 3272 3270 3271
f 3273 3272 3271
f 3273 3271 3274
f 3273 3274 3275
f 3276 3273 3275
f 3277 3275 3278
f 3277 3276 3275
f 3279 3278 3280
f 3279 3277 3278
f 3281 3280 3282
f 3281 3279 3280
f 3283 3282 3284
f 3283 3281 3282
f 3285 3284 3286
f 3285 3283 3284
f 3287 3286 3288
f 3287 3285 3286
f 3289 3288 3290
f 3289 3290 3291
f 3289 3287 3288
f 3292 3289 3291
f 3293 3291 3294
f 3293 3292 3291
f 3295 3294 3296
f 3295 3296 3297
f 3295 3293 3294
f 3298 3295 3297
f 3299 3297 3300
f 3299 3300 3301
f 3299 3298 3297
f 3302 3299 3301
f 3303 3301 3304
f 3303 3302 3301
f 3305 3304 3306
f 3305 3303 3304
f 3307 3306 3308
f 3307 3305 3306
f 3309 3308 3310
f 3309 3307 3308
f 3311 3310 3312
f 3311 3312 3313
f 3311 3309 3310
f 3314 3313 3315
f 3314 3311 3313
f 3316 3314 3315
f 3317 3315 3318
f 3317 3318 3319
f 3317 3316 3315
f 3320 3317 3319
f 3256 3319 3254
f 3256 3320 3319
f 3005 3187 3258
f 3005 3004 3187
f 3260 3321 3005
f 3258 3260 3005
f 3322 2959 2969
f 3322 3323 2959
f 3324 2969 2968
f 3324 3322 2969
f 3325 2968 2971
f 3325 3324 2968
f 3326 2971 2973
f 3326 3325 2971
f 3327 2973 2974
f 3327 2974 2976
f 3327 3326 2973
f 3328 2976 2978
f 3328 3327 2976
f 3329 3328 2978
f 3330 3329 2978
f 3330 2978 2979
f 3330 2979 2981
f 3331 3330 2981
f 3332 2981 2983
f 3332 3331 2981
f 3333 2983 2984
f 3333 3332 2983
f 3334 2984 2986
f 3334 3333 2984
f 3335 2986 2988
f 3335 3334 2986
f 3336 2988 2989
f 3336 3335 2988
f 3337 2989 2991
f 3337 3336 2989
f 3338 2991 2993
f 3338 2993 2995
f 3338 3337 2991
f 3339 3338 2995
f 3340 2995 2996
f 3340 3339 2995
f 3341 2996 3023
f 3341 3023 3022
f 3341 3340 2996
f 3342 3341 3022
f 3343 3022 3020
f 3343 3020 3019
f 3343 3342 3022
f 3344 3343 3019
f 3345 3019 3018
f 3345 3344 3019
f 3346 3018 3016
f 3346 3345 3018
f 3347 3016 3015
f 3347 3346 3016
f 3348 3015 3013
f 3348 3347 3015
f 3349 3013 3012
f 3349 3012 3010
f 3349 3348 3013
f 3350 3010 3009
f 3350 3349 3010
f 3351 3350 3009
f 3352 3009 3008
f 3352 3008 3006
f 3352 3351 3009
f 3353 3352 3006
f 3321 3006 3005
f 3321 3353 3006
f 3323 2940 2959
f 3323 3252 2940
f 2998 3354 3061
f 2999 2998 3061
f 3221 3355 2998
f 3355 3354 2998
f 3356 3255 3357
f 3356 3253 3255
f 3358 3357 3359
f 3358 3356 3357
f 3360 3359 3361
f 3360 3358 3359
f 3362 3361 3363
f 3362 3360 3361
f 3364 3363 3365
f 3364 3365 3366
f 3364 3362 3363
f 3367 3366 3368
f 3367 3364 3366
f 3369 3367 3368
f 3370 3369 3368
f 3370 3368 3371
f 3370 3371 3372
f 3373 3370 3372
f 3374 3372 3375
f 3374 3373 3372
f 3376 3375 3377
f 3376 3374 3375
f 3378 3377 3379
f 3378 3376 3377
f 3380 3379 3381
f 3380 3378 3379
f 3382 3381 3383
f 3382 3380 3381
f 3384 3383 3385
f 3384 3382 3383
f 3386 3385 3387
f 3386 3387 3388
f 3386 3384 3385
f 3389 3386 3388
f 3390 3388 3391
f 3390 3389 3388
f 3392 3391 3393
f 3392 3393 3394
f 3392 3390 3391
f 3395 3392 3394
f 3396 3394 3397
f 3396 3397 3398
f 3396 3395 3394
f 3399 3396 3398
f 3400 3398 3401
f 3400 3399 3398
f 3402 3401 3403
f 3402 3400 3401
f 3404 3403 3405
f 3404 3402 3403
f 3406 3405 3407
f 3406 3404 3405
f 3408 3407 3409
f 3408 3409 3410
f 3408 3406 3407
f 3411 3410 3412
f 3411 3408 3410
f 3413 3411 3412
f 3414 3412 3415
f 3414 3415 3416
f 3414 3413 3412
f 3417 3414 3416
f 3355 3416 3354
f 3355 3417 3416
f 3382 3384 3386
f 3382 3386 3389
f 3392 3389 3390
f 3395 3389 3392
f 3376 3378 3380
f 3376 3380 3382
f 3399 3395 3396
f 3373 3374 3376
f 3400 3382 3389
f 3400 3395 3399
f 3400 3389 3395
f 3370 3373 3376
f 3404 3400 3402
f 3406 3400 3404
f 3367 3369 3370
f 3367 3370 3376
f 3408 3400 3406
f 3414 3408 3411
f 3414 3411 3413
f 3414 3400 3408
f 3355 3414 3417
f 3253 3356 3358
f 3253 3358 3360
f 3253 3360 3362
f 3253 3362 3364
f 3253 3364 3367
f 3253 3382 3400
f 3253 3376 3382
f 3253 3367 3376
f 3253 3400 3414
f 3253 3414 3355
f 3316 3317 3320
f 3224 3221 3220
f 3224 3220 3222
f 3224 3222 3223
f 3225 3221 3224
f 3226 3221 3225
f 3309 3316 3320
f 3309 3311 3314
f 3309 3314 3316
f 3307 3309 3320
f 3228 3226 3227
f 3303 3305 3307
f 3231 3226 3228
f 3231 3228 3229
f 3231 3229 3230
f 3232 3226 3231
f 3298 3299 3302
f 3298 3302 3303
f 3298 3307 3320
f 3298 3303 3307
f 3295 3298 3320
f 3234 3226 3232
f 3234 3232 3233
f 3235 3221 3226
f 3235 3226 3234
f 3292 3293 3295
f 3292 3295 3320
f 3287 3289 3292
f 3285 3292 3320
f 3285 3287 3292
f 3238 3236 3237
f 3239 3221 3235
f 3239 3235 3236
f 3239 3236 3238
f 3281 3283 3285
f 3240 3221 3239
f 3279 3285 3320
f 3279 3281 3285
f 3276 3277 3279
f 3272 3273 3276
f 3272 3279 3320
f 3272 3276 3279
f 3245 3242 3243
f 3245 3243 3244
f 3265 3267 3270
f 3263 3265 3270
f 3249 3246 3247
f 3249 3247 3248
f 3257 3261 3263
f 3257 3270 3272
f 3257 3263 3270
f 3260 3257 3272
f 3260 3320 3256
f 3260 3256 3253
f 3260 3272 3320
f 3252 3242 3245
f 3252 3246 3249
f 3252 3355 3221
f 3252 3240 3241
f 3252 3241 3242
f 3252 3245 3246
f 3252 3249 3250
f 3252 3250 3251
f 3252 3221 3240
f 3323 3253 3355
f 3323 3260 3253
f 3323 3355 3252
f 3321 3260 3323
f 3352 3321 3323
f 3352 3353 3321
f 3326 3322 3324
f 3326 3324 3325
f 3327 3322 3326
f 3327 3323 3322
f 3348 3349 3350
f 3348 3350 3351
f 3330 3323 3327
f 3330 3327 3328
f 3330 3328 3329
f 3331 3352 3323
f 3331 3323 3330
f 3332 3352 3331
f 3332 3351 3352
f 3343 3344 3345
f 3343 3345 3346
f 3342 3343 3346
f 3342 3346 3347
f 3342 3347 3348
f 3341 3342 3348
f 3335 3332 3333
f 3335 3333 3334
f 3336 3332 3335
f 3340 3348 3351
f 3340 3341 3348
f 3337 3332 3336
f 3338 3351 3332
f 3338 3339 3340
f 3338 3332 3337
f 3338 3340 3351
f 3385 3393 3387
f 3387 3393 3388
f 3388 3393 3391
f 3383 3394 3385
f 3385 3394 3393
f 3379 3377 3381
f 3381 3377 3383
f 3372 3371 3375
f 3394 3405 3397
f 3397 3405 3398
f 3398 3405 3401
f 3401 3405 3403
f 3368 3366 3371
f 3375 3366 3377
f 3371 3366 3375
f 3405 3409 3407
f 3394 3409 3405
f 3361 3359 3363
f 3363 3359 3365
f 3365 3359 3366
f 3409 3415 3410
f 3410 3415 3412
f 3383 3415 3394
f 3377 3415 3383
f 3394 3415 3409
f 3359 3255 3366
f 3357 3255 3359
f 3415 3354 3416
f 3366 3354 3377
f 3377 3354 3415
f 3255 3354 3366
f 3315 3313 3318
f 3313 3310 3318
f 3312 3310 3313
f 3318 3310 3319
f 3310 3306 3319
f 3308 3306 3310
f 3306 3301 3319
f 3304 3301 3306
f 3300 3297 3301
f 3296 3294 3297
f 3291 3290 3294
f 3301 3286 3319
f 3297 3286 3301
f 3294 3286 3297
f 3290 3286 3294
f 3288 3286 3290
f 3282 3280 3284
f 3284 3280 3286
f 3280 3278 3286
f 3278 3275 3286
f 3275 3274 3286
f 3271 3269 3274
f 3274 3268 3286
f 3269 3268 3274
f 3266 3264 3268
f 3286 3258 3319
f 3268 3258 3286
f 3264 3258 3268
f 3259 3258 3262
f 3262 3258 3264
f 3319 3258 3254
f 3254 3258 3255
f 3255 3258 3354
f 3061 3066 3062
f 3066 3070 3068
f 3061 3070 3066
f 3061 3072 3070
f 3072 3076 3074
f 3061 3076 3072
f 3076 3082 3078
f 3078 3082 3080
f 3061 3082 3076
f 3061 3084 3082
f 3084 3088 3086
f 3061 3088 3084
f 3088 3092 3090
f 3088 3094 3092
f 3061 3094 3088
f 3096 3100 3098
f 3096 3102 3100
f 3094 3104 3096
f 3096 3104 3102
f 3061 3104 3094
f 3061 3108 3104
f 3104 3108 3106
f 3061 3110 3108
f 3061 3112 3110
f 3061 3116 3112
f 3112 3116 3114
f 3061 3122 3116
f 3116 3122 3118
f 3118 3122 3120
f 3061 3124 3122
f 3258 3187 3354
f 3354 3187 3061
f 3187 3186 3061
f 3126 3130 3128
f 3124 3132 3126
f 3126 3132 3130
f 3182 3180 3184
f 3132 3136 3134
f 3124 3136 3132
f 3178 3176 3180
f 3186 3174 3061
f 3180 3174 3184
f 3176 3174 3180
f 3184 3174 3186
f 3136 3140 3138
f 3124 3142 3136
f 3136 3142 3140
f 3124 3144 3142
f 3124 3146 3144
f 3168 3166 3170
f 3170 3166 3172
f 3146 3150 3148
f 3164 3162 3166
f 3172 3162 3174
f 3166 3162 3172
f 3146 3152 3150
f 3061 3156 3124
f 3152 3156 3154
f 3158 3156 3160
f 3160 3156 3162
f 3174 3156 3061
f 3124 3156 3146
f 3162 3156 3174
f 3146 3156 3152