mtllib peg.mtl
o obj7

v 401.61605835 148.27684021 50
v 387.95187378 148.27684021 50
v 387.8649292 148.19404602 50
v 401.53326416 148.36380005 50
v 388.03466797 148.36380005 50
v 401.70300293 148.19404602 50
v 387.77398682 148.11561584 50
v 401.45483398 148.45471191 50
v 388.11309814 148.45471191 50
v 401.79391479 148.11561584 50
v 387.67935181 148.04174805 50
v 401.38098145 148.54936218 50
v 388.18695068 148.54936218 50
v 401.88858032 148.04174805 50
v 401.98675537 147.97261047 50
v 387.58117676 147.97261047 50
v 387.47973633 147.90838623 50
v 401.31182861 148.64753723 50
v 388.25610352 148.64753723 50
v 402.0881958 147.90838623 50
v 387.37527466 147.84919739 50
v 401.24758911 148.74897766 50
v 388.32034302 148.74897766 50
v 401.18841553 148.85343933 50
v 388.3795166 148.85343933 50
v 402.19265747 147.84919739 50
v 387.26803589 147.79521179 50
v 402.29989624 147.79521179 50
v 387.15826416 147.74655151 50
v 401.13442993 148.96069336 50
v 388.4335022 148.96069336 50
v 401.08578491 149.07044983 50
v 388.48214722 149.07044983 50
v 402.40966797 147.74655151 50
v 387.04623413 147.70335388 50
v 402.521698 147.70335388 50
v 401.04257202 149.18247986 50
v 388.52536011 149.18247986 50
v 402.63571167 147.66567993 50
v 386.93222046 147.66567993 50
v 386.8164978 147.63366699 50
v 401.00491333 149.29647827 50
v 388.5630188 149.29647827 50
v 400.97286987 149.41220093 50
v 388.59506226 149.41220093 50
v 402.75140381 147.63366699 50
v 386.69937134 147.60736084 50
v 400.94656372 149.52935791 50
v 388.62136841 149.52935791 50
v 402.86856079 147.60736084 50
v 400.92605591 149.6476593 50
v 388.64187622 149.6476593 50
v 402.98687744 147.58682251 50
v 386.58105469 147.58682251 50
v 400.91134644 149.76681519 50
v 388.65658569 149.76681519 50
v 403.10601807 147.5721283 50
v 386.46188354 147.5721283 50
v 400.90252686 149.88656616 50
v 388.66540527 149.88656616 50
v 388.66836548 150.0065918 50
v 400.89956665 150.0065918 50
v 400.89956665 165.49945068 50
v 388.66836548 165.49945068 50
v 400.90252686 165.61947632 50
v 388.66540527 165.61947632 50
v 400.91134644 165.73922729 50
v 388.65658569 165.73922729 50
v 400.92605591 165.85838318 50
v 388.64187622 165.85838318 50
v 400.94656372 165.97668457 50
v 388.62136841 165.97668457 50
v 388.59506226 166.09384155 50
v 400.97286987 166.09384155 50
v 401.00491333 166.20954895 50
v 388.5630188 166.20954895 50
v 401.04257202 166.32356262 50
v 388.52536011 166.32356262 50
v 401.08578491 166.43557739 50
v 388.48214722 166.43557739 50
v 388.4335022 166.54534912 50
v 401.13442993 166.54534912 50
v 401.18841553 166.65260315 50
v 388.3795166 166.65260315 50
v 388.32034302 166.75706482 50
v 401.24758911 166.75706482 50
v 401.31182861 166.85850525 50
v 388.25610352 166.85850525 50
v 401.38098145 166.95666504 50
v 388.18695068 166.95666504 50
v 388.11309814 167.05133057 50
v 401.45483398 167.05133057 50
v 388.03466797 167.14224243 50
v 401.53326416 167.14224243 50
v 401.61605835 167.22920227 50
v 387.95187378 167.22920227 50
v 401.70300293 167.31199646 50
v 387.8649292 167.31199646 50
v 401.79391479 167.39041138 50
v 387.77398682 167.39041138 50
v 401.88858032 167.46427917 50
v 387.67935181 167.46427917 50
v 386.22213745 147.56034851 50
v 403.34579468 147.56034851 50
v 403.22576904 147.56329346 50
v 386.34216309 147.56329346 50
v 403.34579468 167.94569397 50
v 386.22213745 167.94569397 50
v 403.22576904 167.94273376 50
v 386.34216309 167.94273376 50
v 403.10601807 167.93391418 50
v 386.46188354 167.93391418 50
v 402.98687744 167.91920471 50
v 386.58105469 167.91920471 50
v 402.86856079 167.89868164 50
v 386.69937134 167.89868164 50
v 386.8164978 167.87237549 50
v 402.75140381 167.87237549 50
v 402.63571167 167.84034729 50
v 386.93222046 167.84034729 50
v 402.521698 167.8026886 50
v 387.04623413 167.8026886 50
v 387.15826416 167.75947571 50
v 402.40966797 167.75947571 50
v 402.29989624 167.71081543 50
v 387.26803589 167.71081543 50
v 402.19265747 167.65684509 50
v 387.37527466 167.65684509 50
v 387.47973633 167.59765625 50
v 402.0881958 167.59765625 50
v 401.98675537 167.53341675 50
v 387.58117676 167.53341675 50
v 386.34216309 147.56329346 100
v 386.22213745 147.56034851 100
v 386.46188354 147.5721283 100
v 386.58105469 147.58682251 100
v 386.69937134 147.60736084 100
v 386.8164978 147.63366699 100
v 386.93222046 147.66567993 100
v 387.04623413 147.70335388 100
v 387.15826416 147.74655151 100
v 387.26803589 147.79521179 100
v 387.37527466 147.84919739 100
v 387.47973633 147.90838623 100
v 387.58117676 147.97261047 100
v 387.67935181 148.04174805 100
v 387.77398682 148.11561584 100
v 387.8649292 148.19404602 100
v 387.95187378 148.27684021 100
v 388.03466797 148.36380005 100
v 388.11309814 148.45471191 100
v 388.18695068 148.54936218 100
v 388.25610352 148.64753723 100
v 388.32034302 148.74897766 100
v 388.3795166 148.85343933 100
v 388.4335022 148.96069336 100
v 388.48214722 149.07044983 100
v 388.52536011 149.18247986 100
v 388.5630188 149.29647827 100
v 388.59506226 149.41220093 100
v 388.62136841 149.52935791 100
v 388.64187622 149.6476593 100
v 388.65658569 149.76681519 100
v 388.66540527 149.88656616 100
v 388.66836548 150.0065918 100
v 368.28302002 150.0065918 100
v 368.28302002 165.49945068 0
v 368.28302002 150.0065918 0
v 368.28302002 165.49945068 100
v 370.60922241 167.94273376 100
v 370.72927856 167.94569397 0
v 370.60922241 167.94273376 0
v 370.72927856 167.94569397 100
v 370.48950195 167.93391418 100
v 370.48950195 167.93391418 0
v 370.37033081 167.91920471 0
v 370.37033081 167.91920471 100
v 370.25201416 167.89868164 100
v 370.25201416 167.89868164 0
v 370.1348877 167.87237549 100
v 370.1348877 167.87237549 0
v 370.01916504 167.84034729 100
v 370.01916504 167.84034729 0
v 369.90515137 167.8026886 100
v 369.90515137 167.8026886 0
v 369.79312134 167.75947571 100
v 369.79312134 167.75947571 0
v 369.68334961 167.71081543 0
v 369.68334961 167.71081543 100
v 369.57611084 167.65684509 100
v 369.57611084 167.65684509 0
v 369.47164917 167.59765625 0
v 369.47164917 167.59765625 100
v 369.37020874 167.53341675 0
v 369.37020874 167.53341675 100
v 369.27203369 167.46427917 100
v 369.27203369 167.46427917 0
v 369.17739868 167.39041138 0
v 369.17739868 167.39041138 100
v 369.0864563 167.31199646 0
v 369.0864563 167.31199646 100
v 368.99951172 167.22920227 100
v 368.99951172 167.22920227 0
v 368.91671753 167.14224243 100
v 368.91671753 167.14224243 0
v 368.83828735 167.05133057 100
v 368.83828735 167.05133057 0
v 368.76443481 166.95666504 0
v 368.76443481 166.95666504 100
v 368.69528198 166.85850525 100
v 368.69528198 166.85850525 0
v 368.63104248 166.75706482 100
v 368.63104248 166.75706482 0
v 368.5718689 166.65260315 100
v 368.5718689 166.65260315 0
v 368.5178833 166.54534912 0
v 368.5178833 166.54534912 100
v 368.46923828 166.43557739 100
v 368.46923828 166.43557739 0
v 368.42602539 166.32356262 100
v 368.42602539 166.32356262 0
v 368.3883667 166.20954895 100
v 368.3883667 166.20954895 0
v 368.35632324 166.09384155 100
v 368.35632324 166.09384155 0
v 368.33001709 165.97668457 100
v 368.33001709 165.97668457 0
v 368.30950928 165.85838318 0
v 368.30950928 165.85838318 100
v 368.2947998 165.73922729 100
v 368.2947998 165.73922729 0
v 368.28598022 165.61947632 100
v 368.28598022 165.61947632 0
v 388.66540527 165.61947632 100
v 388.66836548 165.49945068 100
v 388.65658569 165.73922729 100
v 388.64187622 165.85838318 100
v 388.62136841 165.97668457 100
v 388.59506226 166.09384155 100
v 388.5630188 166.20954895 100
v 388.52536011 166.32356262 100
v 388.48214722 166.43557739 100
v 388.4335022 166.54534912 100
v 388.3795166 166.65260315 100
v 388.32034302 166.75706482 100
v 388.25610352 166.85850525 100
v 388.18695068 166.95666504 100
v 388.11309814 167.05133057 100
v 388.03466797 167.14224243 100
v 387.95187378 167.22920227 100
v 387.8649292 167.31199646 100
v 387.77398682 167.39041138 100
v 387.67935181 167.46427917 100
v 387.58117676 167.53341675 100
v 387.47973633 167.59765625 100
v 387.37527466 167.65684509 100
v 387.26803589 167.71081543 100
v 387.15826416 167.75947571 100
v 387.04623413 167.8026886 100
v 386.93222046 167.84034729 100
v 386.8164978 167.87237549 100
v 386.69937134 167.89868164 100
v 386.58105469 167.91920471 100
v 386.46188354 167.93391418 100
v 386.34216309 167.94273376 100
v 386.22213745 167.94569397 100
v 368.28598022 149.88656616 100
v 368.28598022 149.88656616 0
v 368.2947998 149.76681519 100
v 368.2947998 149.76681519 0
v 368.30950928 149.6476593 0
v 368.30950928 149.6476593 100
v 368.33001709 149.52935791 100
v 368.33001709 149.52935791 0
v 368.35632324 149.41220093 100
v 368.35632324 149.41220093 0
v 368.3883667 149.29647827 100
v 368.3883667 149.29647827 0
v 368.42602539 149.18247986 100
v 368.42602539 149.18247986 0
v 368.46923828 149.07044983 100
v 368.46923828 149.07044983 0
v 368.5178833 148.96069336 0
v 368.5178833 148.96069336 100
v 368.5718689 148.85343933 100
v 368.5718689 148.85343933 0
v 368.63104248 148.74897766 0
v 368.63104248 148.74897766 100
v 368.69528198 148.64753723 0
v 368.69528198 148.64753723 100
v 368.76443481 148.54936218 100
v 368.76443481 148.54936218 0
v 368.83828735 148.45471191 0
v 368.83828735 148.45471191 100
v 368.91671753 148.36380005 0
v 368.91671753 148.36380005 100
v 368.99951172 148.27684021 100
v 368.99951172 148.27684021 0
v 369.0864563 148.19404602 100
v 369.0864563 148.19404602 0
v 369.17739868 148.11561584 100
v 369.17739868 148.11561584 0
v 369.27203369 148.04174805 0
v 369.27203369 148.04174805 100
v 369.37020874 147.97261047 100
v 369.37020874 147.97261047 0
v 369.47164917 147.90838623 100
v 369.47164917 147.90838623 0
v 369.57611084 147.84919739 100
v 369.57611084 147.84919739 0
v 369.68334961 147.79521179 0
v 369.68334961 147.79521179 100
v 369.79312134 147.74655151 100
v 369.79312134 147.74655151 0
v 369.90515137 147.70335388 100
v 369.90515137 147.70335388 0
v 370.01916504 147.66567993 100
v 370.01916504 147.66567993 0
v 370.1348877 147.63366699 100
v 370.1348877 147.63366699 0
v 370.25201416 147.60736084 100
v 370.25201416 147.60736084 0
v 370.37033081 147.58682251 0
v 370.37033081 147.58682251 100
v 370.48950195 147.5721283 100
v 370.48950195 147.5721283 0
v 370.60922241 147.56329346 100
v 370.60922241 147.56329346 0
v 370.72927856 147.56034851 100
v 370.72927856 147.56034851 0
v 403.22576904 167.94273376 100
v 403.34579468 167.94569397 100
v 403.10601807 167.93391418 100
v 402.98687744 167.91920471 100
v 402.86856079 167.89868164 100
v 402.75140381 167.87237549 100
v 402.63571167 167.84034729 100
v 402.521698 167.8026886 100
v 402.40966797 167.75947571 100
v 402.29989624 167.71081543 100
v 402.19265747 167.65684509 100
v 402.0881958 167.59765625 100
v 401.98675537 167.53341675 100
v 401.88858032 167.46427917 100
v 401.79391479 167.39041138 100
v 401.70300293 167.31199646 100
v 401.61605835 167.22920227 100
v 401.53326416 167.14224243 100
v 401.45483398 167.05133057 100
v 401.38098145 166.95666504 100
v 401.31182861 166.85850525 100
v 401.24758911 166.75706482 100
v 401.18841553 166.65260315 100
v 401.13442993 166.54534912 100
v 401.08578491 166.43557739 100
v 401.04257202 166.32356262 100
v 401.00491333 166.20954895 100
v 400.97286987 166.09384155 100
v 400.94656372 165.97668457 100
v 400.92605591 165.85838318 100
v 400.91134644 165.73922729 100
v 400.90252686 165.61947632 100
v 400.89956665 165.49945068 100
v 400.89956665 150.0065918 100
v 400.90252686 149.88656616 100
v 400.91134644 149.76681519 100
v 400.92605591 149.6476593 100
v 400.94656372 149.52935791 100
v 400.97286987 149.41220093 100
v 401.00491333 149.29647827 100
v 401.04257202 149.18247986 100
v 401.08578491 149.07044983 100
v 401.13442993 148.96069336 100
v 401.18841553 148.85343933 100
v 401.24758911 148.74897766 100
v 401.31182861 148.64753723 100
v 401.38098145 148.54936218 100
v 401.45483398 148.45471191 100
v 401.53326416 148.36380005 100
v 401.61605835 148.27684021 100
v 401.70300293 148.19404602 100
v 401.79391479 148.11561584 100
v 401.88858032 148.04174805 100
v 401.98675537 147.97261047 100
v 402.0881958 147.90838623 100
v 402.19265747 147.84919739 100
v 402.29989624 147.79521179 100
v 402.40966797 147.74655151 100
v 402.521698 147.70335388 100
v 402.63571167 147.66567993 100
v 402.75140381 147.63366699 100
v 402.86856079 147.60736084 100
v 402.98687744 147.58682251 100
v 403.10601807 147.5721283 100
v 403.22576904 147.56329346 100
v 403.34579468 147.56034851 100
v 418.83865356 167.94569397 0
v 418.83865356 167.94569397 100
v 421.2819519 165.61947632 100
v 421.28491211 165.49945068 0
v 421.2819519 165.61947632 0
v 421.28491211 165.49945068 100
v 421.27313232 165.73922729 100
v 421.27313232 165.73922729 0
v 421.25842285 165.85838318 0
v 421.25842285 165.85838318 100
v 421.23788452 165.97668457 100
v 421.23788452 165.97668457 0
v 421.21157837 166.09384155 100
v 421.21157837 166.09384155 0
v 421.17956543 166.20954895 100
v 421.17956543 166.20954895 0
v 421.14190674 166.32356262 100
v 421.14190674 166.32356262 0
v 421.09869385 166.43557739 100
v 421.09869385 166.43557739 0
v 421.05004883 166.54534912 0
v 421.05004883 166.54534912 100
v 420.99606323 166.65260315 100
v 420.99606323 166.65260315 0
v 420.93685913 166.75706482 0
v 420.93685913 166.75706482 100
v 420.87265015 166.85850525 0
v 420.87265015 166.85850525 100
v 420.80349731 166.95666504 100
v 420.80349731 166.95666504 0
v 420.72964478 167.05133057 0
v 420.72964478 167.05133057 100
v 420.6512146 167.14224243 0
v 420.6512146 167.14224243 100
v 420.56842041 167.22920227 100
v 420.56842041 167.22920227 0
v 420.48144531 167.31199646 100
v 420.48144531 167.31199646 0
v 420.39053345 167.39041138 100
v 420.39053345 167.39041138 0
v 420.29589844 167.46427917 0
v 420.29589844 167.46427917 100
v 420.19772339 167.53341675 100
v 420.19772339 167.53341675 0
v 420.09628296 167.59765625 100
v 420.09628296 167.59765625 0
v 419.99182129 167.65684509 100
v 419.99182129 167.65684509 0
v 419.884552 167.71081543 0
v 419.884552 167.71081543 100
v 419.77481079 167.75947571 100
v 419.77481079 167.75947571 0
v 419.66278076 167.8026886 100
v 419.66278076 167.8026886 0
v 419.54876709 167.84034729 100
v 419.54876709 167.84034729 0
v 419.43304443 167.87237549 100
v 419.43304443 167.87237549 0
v 419.31588745 167.89868164 100
v 419.31588745 167.89868164 0
v 419.19760132 167.91920471 0
v 419.19760132 167.91920471 100
v 419.07843018 167.93391418 100
v 419.07843018 167.93391418 0
v 418.9586792 167.94273376 100
v 418.9586792 167.94273376 0
v 421.28491211 150.0065918 0
v 421.28491211 150.0065918 100
v 418.9586792 147.56329346 100
v 418.83865356 147.56034851 0
v 418.9586792 147.56329346 0
v 418.83865356 147.56034851 100
v 419.07843018 147.5721283 100
v 419.07843018 147.5721283 0
v 419.19760132 147.58682251 0
v 419.19760132 147.58682251 100
v 419.31588745 147.60736084 100
v 419.31588745 147.60736084 0
v 419.43304443 147.63366699 100
v 419.43304443 147.63366699 0
v 419.54876709 147.66567993 100
v 419.54876709 147.66567993 0
v 419.66278076 147.70335388 100
v 419.66278076 147.70335388 0
v 419.77481079 147.74655151 100
v 419.77481079 147.74655151 0
v 419.884552 147.79521179 0
v 419.884552 147.79521179 100
v 419.99182129 147.84919739 100
v 419.99182129 147.84919739 0
v 420.09628296 147.90838623 0
v 420.09628296 147.90838623 100
v 420.19772339 147.97261047 0
v 420.19772339 147.97261047 100
v 420.29589844 148.04174805 100
v 420.29589844 148.04174805 0
v 420.39053345 148.11561584 0
v 420.39053345 148.11561584 100
v 420.48144531 148.19404602 0
v 420.48144531 148.19404602 100
v 420.56842041 148.27684021 100
v 420.56842041 148.27684021 0
v 420.6512146 148.36380005 100
v 420.6512146 148.36380005 0
v 420.72964478 148.45471191 100
v 420.72964478 148.45471191 0
v 420.80349731 148.54936218 0
v 420.80349731 148.54936218 100
v 420.87265015 148.64753723 100
v 420.87265015 148.64753723 0
v 420.93685913 148.74897766 100
v 420.93685913 148.74897766 0
v 420.99606323 148.85343933 100
v 420.99606323 148.85343933 0
v 421.05004883 148.96069336 0
v 421.05004883 148.96069336 100
v 421.09869385 149.07044983 100
v 421.09869385 149.07044983 0
v 421.14190674 149.18247986 100
v 421.14190674 149.18247986 0
v 421.17956543 149.29647827 100
v 421.17956543 149.29647827 0
v 421.21157837 149.41220093 100
v 421.21157837 149.41220093 0
v 421.23788452 149.52935791 100
v 421.23788452 149.52935791 0
v 421.25842285 149.6476593 0
v 421.25842285 149.6476593 100
v 421.27313232 149.76681519 100
v 421.27313232 149.76681519 0
v 421.2819519 149.88656616 100
v 421.2819519 149.88656616 0
v 171.78012085 195.4105072 100
v 171.74916077 196.65179443 100
v 171.74916077 196.65179443 0
v 171.78012085 195.4105072 0
v 171.87290955 194.17230225 0
v 171.87290955 194.17230225 100
v 172.02729797 192.94024658 0
v 172.02729797 192.94024658 100
v 172.24291992 191.71743774 100
v 172.24291992 191.71743774 0
v 172.51921082 190.50689697 100
v 172.51921082 190.50689697 0
v 172.85551453 189.31161499 0
v 172.85551453 189.31161499 100
v 173.25097656 188.13459778 100
v 173.25097656 188.13459778 0
v 173.7046051 186.97874451 100
v 173.7046051 186.97874451 0
v 174.21530151 185.84695435 100
v 174.21530151 185.84695435 0
v 174.7817688 184.74201965 100
v 174.7817688 184.74201965 0
v 175.40260315 183.66668701 100
v 175.40260315 183.66668701 0
v 176.07627869 182.62364197 0
v 176.07627869 182.62364197 100
v 176.80110168 181.61547852 100
v 176.80110168 181.61547852 0
v 177.57527161 180.6446991 0
v 177.57527161 180.6446991 100
v 178.39686584 179.71369934 0
v 178.39686584 179.71369934 100
v 179.26385498 178.8248291 100
v 179.26385498 178.8248291 0
v 180.17407227 177.98027039 0
v 180.17407227 177.98027039 100
v 181.1252594 177.18212891 0
v 181.1252594 177.18212891 100
v 182.11503601 176.43240356 100
v 182.11503601 176.43240356 0
v 183.14096069 175.73294067 0
v 183.14096069 175.73294067 100
v 184.20048523 175.08547974 100
v 184.20048523 175.08547974 0
v 185.29095459 174.49163818 100
v 185.29095459 174.49163818 0
v 186.40966797 173.95289612 100
v 186.40966797 173.95289612 0
v 187.55384827 173.47058105 0
v 187.55384827 173.47058105 100
v 188.72064209 173.0459137 100
v 188.72064209 173.0459137 0
v 189.90715027 172.67991638 100
v 189.90715027 172.67991638 0
v 191.11044312 172.3735199 100
v 191.11044312 172.3735199 0
v 192.32749939 172.12748718 0
v 192.32749939 172.12748718 100
v 193.55531311 171.94242859 0
v 193.55531311 171.94242859 100
v 194.79081726 171.81878662 100
v 194.79081726 171.81878662 0
v 196.03096008 171.75689697 100
v 196.03096008 171.75689697 0
v 197.27264404 171.75689697 100
v 197.27264404 171.75689697 0
v 198.51277161 171.81878662 100
v 198.51277161 171.81878662 0
v 199.74829102 171.94242859 100
v 199.74829102 171.94242859 0
v 200.97610474 172.12748718 0
v 200.97610474 172.12748718 100
v 202.19316101 172.3735199 100
v 202.19316101 172.3735199 0
v 203.3964386 172.67991638 100
v 203.3964386 172.67991638 0
v 204.58296204 173.0459137 100
v 204.58296204 173.0459137 0
v 205.74975586 173.47058105 100
v 205.74975586 173.47058105 0
v 206.89393616 173.95289612 100
v 206.89393616 173.95289612 0
v 208.01264954 174.49163818 100
v 208.01264954 174.49163818 0
v 209.1031189 175.08547974 100
v 209.1031189 175.08547974 0
v 210.16262817 175.73294067 0
v 210.16262817 175.73294067 100
v 211.18855286 176.43240356 100
v 211.18855286 176.43240356 0
v 212.17834473 177.18212891 100
v 212.17834473 177.18212891 0
v 213.1295166 177.98027039 100
v 213.1295166 177.98027039 0
v 214.03973389 178.8248291 100
v 214.03973389 178.8248291 0
v 214.90672302 179.71369934 100
v 214.90672302 179.71369934 0
v 215.72833252 180.6446991 100
v 215.72833252 180.6446991 0
v 216.50250244 181.61547852 100
v 216.50250244 181.61547852 0
v 217.22732544 182.62364197 100
v 217.22732544 182.62364197 0
v 217.90100098 183.66668701 100
v 217.90100098 183.66668701 0
v 218.52183533 184.74201965 100
v 218.52183533 184.74201965 0
v 219.08830261 185.84695435 100
v 219.08830261 185.84695435 0
v 219.59898376 186.97874451 100
v 219.59898376 186.97874451 0
v 220.05262756 188.13459778 100
v 220.05262756 188.13459778 0
v 220.4480896 189.31161499 100
v 220.4480896 189.31161499 0
v 220.78437805 190.50689697 100
v 220.78437805 190.50689697 0
v 221.0606842 191.71743774 0
v 221.0606842 191.71743774 100
v 221.27629089 192.94024658 100
v 221.27629089 192.94024658 0
v 221.43069458 194.17230225 100
v 221.43069458 194.17230225 0
v 221.52348328 195.4105072 0
v 221.52348328 195.4105072 100
v 221.55444336 196.65179443 100
v 221.55444336 196.65179443 0
v 221.52348328 197.89309692 100
v 221.52348328 197.89309692 0
v 221.43069458 199.13130188 100
v 221.43069458 199.13130188 0
v 221.27629089 200.36334229 100
v 221.27629089 200.36334229 0
v 221.0606842 201.58616638 100
v 221.0606842 201.58616638 0
v 220.78437805 202.79670715 100
v 220.78437805 202.79670715 0
v 220.4480896 203.99198914 100
v 220.4480896 203.99198914 0
v 220.05262756 205.16900635 100
v 220.05262756 205.16900635 0
v 219.59898376 206.32484436 100
v 219.59898376 206.32484436 0
v 219.08830261 207.45664978 100
v 219.08830261 207.45664978 0
v 218.52183533 208.56158447 100
v 218.52183533 208.56158447 0
v 217.90100098 209.63691711 100
v 217.90100098 209.63691711 0
v 217.22732544 210.67996216 100
v 217.22732544 210.67996216 0
v 216.50250244 211.68812561 0
v 216.50250244 211.68812561 100
v 215.72833252 212.65890503 100
v 215.72833252 212.65890503 0
v 214.90672302 213.58988953 100
v 214.90672302 213.58988953 0
v 214.03973389 214.47877502 100
v 214.03973389 214.47877502 0
v 213.1295166 215.32333374 100
v 213.1295166 215.32333374 0
v 212.17834473 216.12147522 100
v 212.17834473 216.12147522 0
v 211.18855286 216.87120056 100
v 211.18855286 216.87120056 0
v 210.16262817 217.57066345 100
v 210.16262817 217.57066345 0
v 209.1031189 218.21812439 100
v 209.1031189 218.21812439 0
v 208.01264954 218.81195068 100
v 208.01264954 218.81195068 0
v 206.89393616 219.35070801 100
v 206.89393616 219.35070801 0
v 205.74975586 219.83300781 0
v 205.74975586 219.83300781 100
v 204.58296204 220.25769043 100
v 204.58296204 220.25769043 0
v 203.3964386 220.62368774 100
v 203.3964386 220.62368774 0
v 202.19316101 220.93008423 100
v 202.19316101 220.93008423 0
v 200.97610474 221.17611694 100
v 200.97610474 221.17611694 0
v 199.74829102 221.36117554 100
v 199.74829102 221.36117554 0
v 198.51277161 221.48480225 100
v 198.51277161 221.48480225 0
v 197.27264404 221.54670715 100
v 197.27264404 221.54670715 0
v 196.03096008 221.54670715 100
v 196.03096008 221.54670715 0
v 194.79081726 221.48480225 100
v 194.79081726 221.48480225 0
v 193.55531311 221.36117554 100
v 193.55531311 221.36117554 0
v 192.32749939 221.17611694 100
v 192.32749939 221.17611694 0
v 191.11044312 220.93008423 100
v 191.11044312 220.93008423 0
v 189.90715027 220.62368774 100
v 189.90715027 220.62368774 0
v 188.72064209 220.25769043 100
v 188.72064209 220.25769043 0
v 187.55384827 219.83300781 100
v 187.55384827 219.83300781 0
v 186.40966797 219.35070801 100
v 186.40966797 219.35070801 0
v 185.29095459 218.81195068 100
v 185.29095459 218.81195068 0
v 184.20048523 218.21812439 100
v 184.20048523 218.21812439 0
v 183.14096069 217.57066345 100
v 183.14096069 217.57066345 0
v 182.11503601 216.87120056 0
v 182.11503601 216.87120056 100
v 181.1252594 216.12147522 100
v 181.1252594 216.12147522 0
v 180.17407227 215.32333374 100
v 180.17407227 215.32333374 0
v 179.26385498 214.47877502 100
v 179.26385498 214.47877502 0
v 178.39686584 213.58988953 0
v 178.39686584 213.58988953 100
v 177.57527161 212.65890503 100
v 177.57527161 212.65890503 0
v 176.80110168 211.68812561 0
v 176.80110168 211.68812561 100
v 176.07627869 210.67996216 100
v 176.07627869 210.67996216 0
v 175.40260315 209.63691711 0
v 175.40260315 209.63691711 100
v 174.7817688 208.56158447 100
v 174.7817688 208.56158447 0
v 174.21530151 207.45664978 100
v 174.21530151 207.45664978 0
v 173.7046051 206.32484436 100
v 173.7046051 206.32484436 0
v 173.25097656 205.16900635 100
v 173.25097656 205.16900635 0
v 172.85551453 203.99198914 100
v 172.85551453 203.99198914 0
v 172.51921082 202.79670715 100
v 172.51921082 202.79670715 0
v 172.24291992 201.58616638 100
v 172.24291992 201.58616638 0
v 172.02729797 200.36334229 100
v 172.02729797 200.36334229 0
v 171.87290955 199.13130188 100
v 171.87290955 199.13130188 0
v 171.78012085 197.89309692 100
v 171.78012085 197.89309692 0
v 665.12872314 78.54560089 100
v 665.12872314 62.32939911 0
v 665.12872314 78.54560089 0
v 665.12872314 62.32939911 100
v 662.92578125 60.01559067 100
v 662.81207275 60.01279831 0
v 662.92578125 60.01559067 0
v 662.81207275 60.01279831 100
v 663.03918457 60.0239563 100
v 663.03918457 60.0239563 0
v 663.15203857 60.03787231 0
v 663.15203857 60.03787231 100
v 663.26403809 60.05731201 100
v 663.26403809 60.05731201 0
v 663.375 60.0822258 100
v 663.375 60.0822258 0
v 663.48455811 60.11255264 100
v 663.48455811 60.11255264 0
v 663.5925293 60.14822006 100
v 663.5925293 60.14822006 0
v 663.6986084 60.18914032 100
v 663.6986084 60.18914032 0
v 663.80255127 60.23521805 0
v 663.80255127 60.23521805 100
v 663.90411377 60.28634262 100
v 663.90411377 60.28634262 0
v 664.00305176 60.34238434 0
v 664.00305176 60.34238434 100
v 664.09912109 60.40321732 0
v 664.09912109 60.40321732 100
v 664.19207764 60.46868896 100
v 664.19207764 60.46868896 0
v 664.28173828 60.53864288 0
v 664.28173828 60.53864288 100
v 664.36785889 60.61291122 0
v 664.36785889 60.61291122 100
v 664.45019531 60.6913147 100
v 664.45019531 60.6913147 0
v 664.52856445 60.77366638 100
v 664.52856445 60.77366638 0
v 664.60284424 60.8597641 100
v 664.60284424 60.8597641 0
v 664.67279053 60.94940186 0
v 664.67279053 60.94940186 100
v 664.73828125 61.04236603 100
v 664.73828125 61.04236603 0
v 664.7991333 61.13842773 100
v 664.7991333 61.13842773 0
v 664.85516357 61.23736191 100
v 664.85516357 61.23736191 0
v 664.90631104 61.33892441 0
v 664.90631104 61.33892441 100
v 664.95233154 61.44287491 100
v 664.95233154 61.44287491 0
v 664.99328613 61.54896164 100
v 664.99328613 61.54896164 0
v 665.02893066 61.6569252 100
v 665.02893066 61.6569252 0
v 665.05926514 61.76651382 100
v 665.05926514 61.76651382 0
v 665.08416748 61.87745285 100
v 665.08416748 61.87745285 0
v 665.1036377 61.98948288 0
v 665.1036377 61.98948288 100
v 665.11755371 62.10233307 100
v 665.11755371 62.10233307 0
v 665.12591553 62.21572876 100
v 665.12591553 62.21572876 0
v 635.01287842 60.01279831 0
v 635.01287842 60.01279831 100
v 632.69909668 62.21572876 100
v 632.69628906 62.32939911 0
v 632.69909668 62.21572876 0
v 632.69628906 62.32939911 100
v 632.7074585 62.10233307 100
v 632.7074585 62.10233307 0
v 632.72137451 61.98948288 0
v 632.72137451 61.98948288 100
v 632.74078369 61.87745285 100
v 632.74078369 61.87745285 0
v 632.76574707 61.76651382 100
v 632.76574707 61.76651382 0
v 632.79608154 61.6569252 100
v 632.79608154 61.6569252 0
v 632.83172607 61.54896164 100
v 632.83172607 61.54896164 0
v 632.87261963 61.44287491 100
v 632.87261963 61.44287491 0
v 632.91870117 61.33892441 0
v 632.91870117 61.33892441 100
v 632.96984863 61.23736191 100
v 632.96984863 61.23736191 0
v 633.02587891 61.13842773 0
v 633.02587891 61.13842773 100
v 633.08673096 61.04236603 0
v 633.08673096 61.04236603 100
v 633.15216064 60.94940186 100
v 633.15216064 60.94940186 0
v 633.22216797 60.8597641 0
v 633.22216797 60.8597641 100
v 633.29638672 60.77366638 0
v 633.29638672 60.77366638 100
v 633.37481689 60.6913147 100
v 633.37481689 60.6913147 0
v 633.45715332 60.61291122 100
v 633.45715332 60.61291122 0
v 633.54327393 60.53864288 100
v 633.54327393 60.53864288 0
v 633.63287354 60.46868896 0
v 633.63287354 60.46868896 100
v 633.72589111 60.40321732 100
v 633.72589111 60.40321732 0
v 633.82189941 60.34238434 100
v 633.82189941 60.34238434 0
v 633.9208374 60.28634262 100
v 633.9208374 60.28634262 0
v 634.0223999 60.23521805 0
v 634.0223999 60.23521805 100
v 634.12640381 60.18914032 100
v 634.12640381 60.18914032 0
v 634.23248291 60.14822006 100
v 634.23248291 60.14822006 0
v 634.3404541 60.11255264 100
v 634.3404541 60.11255264 0
v 634.45001221 60.0822258 100
v 634.45001221 60.0822258 0
v 634.56097412 60.05731201 100
v 634.56097412 60.05731201 0
v 634.67297363 60.03787231 0
v 634.67297363 60.03787231 100
v 634.78582764 60.0239563 100
v 634.78582764 60.0239563 0
v 634.89923096 60.01559067 100
v 634.89923096 60.01559067 0
v 632.69628906 78.54560089 0
v 632.69628906 78.54560089 100
v 634.89923096 80.85941315 100
v 635.01287842 80.86219788 0
v 634.89923096 80.85941315 0
v 635.01287842 80.86219788 100
v 634.78582764 80.8510437 100
v 634.78582764 80.8510437 0
v 634.67297363 80.83712769 0
v 634.67297363 80.83712769 100
v 634.56097412 80.81768799 100
v 634.56097412 80.81768799 0
v 634.45001221 80.79277802 100
v 634.45001221 80.79277802 0
v 634.3404541 80.76245117 100
v 634.3404541 80.76245117 0
v 634.23248291 80.72678375 100
v 634.23248291 80.72678375 0
v 634.12640381 80.68585968 100
v 634.12640381 80.68585968 0
v 634.0223999 80.63977814 0
v 634.0223999 80.63977814 100
v 633.9208374 80.58866119 100
v 633.9208374 80.58866119 0
v 633.82189941 80.53261566 0
v 633.82189941 80.53261566 100
v 633.72589111 80.47177887 0
v 633.72589111 80.47177887 100
v 633.63287354 80.40631104 100
v 633.63287354 80.40631104 0
v 633.54327393 80.33635712 0
v 633.54327393 80.33635712 100
v 633.45715332 80.26208496 0
v 633.45715332 80.26208496 100
v 633.37481689 80.1836853 100
v 633.37481689 80.1836853 0
v 633.29638672 80.10133362 100
v 633.29638672 80.10133362 0
v 633.22216797 80.0152359 100
v 633.22216797 80.0152359 0
v 633.15216064 79.92559814 0
v 633.15216064 79.92559814 100
v 633.08673096 79.83263397 100
v 633.08673096 79.83263397 0
v 633.02587891 79.73657227 100
v 633.02587891 79.73657227 0
v 632.96984863 79.63763428 100
v 632.96984863 79.63763428 0
v 632.91870117 79.53607178 0
v 632.91870117 79.53607178 100
v 632.87261963 79.43212128 100
v 632.87261963 79.43212128 0
v 632.83172607 79.32604218 100
v 632.83172607 79.32604218 0
v 632.79608154 79.21807098 100
v 632.79608154 79.21807098 0
v 632.76574707 79.10848999 100
v 632.76574707 79.10848999 0
v 632.74078369 78.99754333 100
v 632.74078369 78.99754333 0
v 632.72137451 78.88551331 0
v 632.72137451 78.88551331 100
v 632.7074585 78.77266693 100
v 632.7074585 78.77266693 0
v 632.69909668 78.65927124 100
v 632.69909668 78.65927124 0
v 662.81207275 80.86219788 0
v 662.81207275 80.86219788 100
v 665.12591553 78.65927124 100
v 665.12591553 78.65927124 0
v 665.11755371 78.77266693 100
v 665.11755371 78.77266693 0
v 665.1036377 78.88551331 0
v 665.1036377 78.88551331 100
v 665.08416748 78.99754333 100
v 665.08416748 78.99754333 0
v 665.05926514 79.10848999 100
v 665.05926514 79.10848999 0
v 665.02893066 79.21807098 100
v 665.02893066 79.21807098 0
v 664.99328613 79.32604218 100
v 664.99328613 79.32604218 0
v 664.95233154 79.43212128 100
v 664.95233154 79.43212128 0
v 664.90631104 79.53607178 0
v 664.90631104 79.53607178 100
v 664.85516357 79.63763428 100
v 664.85516357 79.63763428 0
v 664.7991333 79.73657227 0
v 664.7991333 79.73657227 100
v 664.73828125 79.83263397 0
v 664.73828125 79.83263397 100
v 664.67279053 79.92559814 100
v 664.67279053 79.92559814 0
v 664.60284424 80.0152359 0
v 664.60284424 80.0152359 100
v 664.52856445 80.10133362 0
v 664.52856445 80.10133362 100
v 664.45019531 80.1836853 100
v 664.45019531 80.1836853 0
v 664.36785889 80.26208496 100
v 664.36785889 80.26208496 0
v 664.28173828 80.33635712 100
v 664.28173828 80.33635712 0
v 664.19207764 80.40631104 0
v 664.19207764 80.40631104 100
v 664.09912109 80.47177887 100
v 664.09912109 80.47177887 0
v 664.00305176 80.53261566 100
v 664.00305176 80.53261566 0
v 663.90411377 80.58866119 100
v 663.90411377 80.58866119 0
v 663.80255127 80.63977814 0
v 663.80255127 80.63977814 100
v 663.6986084 80.68585968 100
v 663.6986084 80.68585968 0
v 663.5925293 80.72678375 100
v 663.5925293 80.72678375 0
v 663.48455811 80.76245117 100
v 663.48455811 80.76245117 0
v 663.375 80.79277802 100
v 663.375 80.79277802 0
v 663.26403809 80.81768799 100
v 663.26403809 80.81768799 0
v 663.15203857 80.83712769 0
v 663.15203857 80.83712769 100
v 663.03918457 80.8510437 100
v 663.03918457 80.8510437 0
v 662.92578125 80.85941315 100
v 662.92578125 80.85941315 0
v 331.33969116 -62.09114456 95
v 304.93969727 -62.09114456 100
v 331.33969116 -62.09114456 100
v 304.93969727 -62.09114456 95
v 298.08074951 -73.97114563 95
v 311.28076172 -96.83421326 100
v 298.08074951 -73.97114563 100
v 311.28076172 -96.83421326 95
v 324.99859619 -96.83421326 95
v 338.1986084 -73.971138 100
v 324.99859619 -96.83421326 100
v 338.1986084 -73.971138 95
v 299.27001953 -75.54117584 100
v 310.54049683 -95.10553741 100
v 310.44293213 -94.74142456 100
v 299.55270386 -75.81691742 100
v 310.36282349 -94.37308502 100
v 299.84881592 -76.07821655 100
v 310.30029297 -94.0013504 100
v 300.15756226 -76.32443237 100
v 310.2555542 -93.62705994 100
v 300.47817993 -76.55495453 100
v 310.22866821 -93.25106049 100
v 300.80990601 -76.76921082 100
v 310.21969604 -92.87421417 100
v 301.1519165 -76.96665955 100
v 310.22940063 -92.48210144 100
v 301.50332642 -77.14682007 100
v 310.2585144 -92.09095001 100
v 301.86328125 -77.30923462 100
v 310.3069458 -91.70171356 100
v 302.230896 -77.45350647 100
v 310.37460327 -91.31536102 100
v 302.60522461 -77.57927704 100
v 310.46130371 -90.93283081 100
v 302.98535156 -77.68623352 100
v 310.5668335 -90.55506134 100
v 303.37036133 -77.77410889 100
v 310.69094849 -90.18297577 100
v 303.75927734 -77.84268188 100
v 310.83331299 -89.81749725 100
v 304.15109253 -77.89178467 100
v 310.99362183 -89.4595108 100
v 304.54489136 -77.92129517 100
v 311.17144775 -89.10990143 100
v 304.93969727 -77.93114471 100
v 311.36636353 -88.76952362 100
v 305.33447266 -77.92129517 100
v 311.57788086 -88.43921661 100
v 305.72827148 -77.89178467 100
v 311.80551147 -88.11978149 100
v 306.12008667 -77.84268188 100
v 312.04867554 -87.81201172 100
v 306.50900269 -77.77410889 100
v 312.3067627 -87.51665497 100
v 306.89401245 -77.68623352 100
v 312.5791626 -87.23444366 100
v 307.2741394 -77.57927704 100
v 312.86520386 -86.96606445 100
v 307.64846802 -77.45350647 100
v 313.16418457 -86.71217346 100
v 308.01608276 -77.30923462 100
v 313.47537231 -86.4733963 100
v 308.3760376 -77.14682007 100
v 313.79797363 -86.25031281 100
v 308.72744751 -76.96665955 100
v 314.1312561 -86.04348755 100
v 309.06945801 -76.76921082 100
v 314.47436523 -85.85340881 100
v 309.40118408 -76.55495453 100
v 314.82644653 -85.68054962 100
v 309.72180176 -76.32443237 100
v 315.18664551 -85.52532959 100
v 310.0305481 -76.07821655 100
v 315.55410767 -85.38814545 100
v 310.32666016 -75.81691742 100
v 315.92791748 -85.26931763 100
v 310.60934448 -75.54117584 100
v 316.30715942 -85.16913605 100
v 310.87796021 -75.25169373 100
v 316.69085693 -85.08786011 100
v 311.1317749 -74.9491806 100
v 317.07815552 -85.02568054 100
v 311.37023926 -74.63439178 100
v 317.46801758 -84.98274994 100
v 311.59268188 -74.3081131 100
v 317.85955811 -84.95916748 100
v 311.7986145 -73.97114563 100
v 318.25177002 -84.95500946 100
v 325.76712036 -75.63902283 100
v 320.18954468 -85.22408295 100
v 320.56576538 -85.33495331 100
v 325.49603271 -75.35700989 100
v 319.80825806 -85.13197327 100
v 326.05181885 -75.90731049 100
v 320.93606567 -85.46430969 100
v 325.23922729 -75.06195068 100
v 319.4229126 -85.05886078 100
v 326.34939575 -76.16121674 100
v 321.29949951 -85.61184692 100
v 324.99725342 -74.75457764 100
v 319.03439331 -85.00491333 100
v 326.65914917 -76.40011597 100
v 321.65518188 -85.77719116 100
v 324.77078247 -74.4356308 100
v 318.64370728 -84.97026825 100
v 326.98031616 -76.62342834 100
v 322.00222778 -85.95994568 100
v 324.56033325 -74.10588837 100
v 327.31213379 -76.83061218 100
v 322.33981323 -86.15965271 100
v 324.36642456 -73.76615143 100
v 311.98745728 -73.62432861 100
v 327.65374756 -77.02115631 100
v 322.66708374 -86.3758316 100
v 324.18951416 -73.41725922 100
v 312.15881348 -73.26853943 100
v 328.00436401 -77.19460297 100
v 322.98327637 -86.60795593 100
v 324.03005981 -73.06005859 100
v 312.31219482 -72.90464783 100
v 328.36312866 -77.3505249 100
v 323.28756714 -86.85543823 100
v 323.88842773 -72.69541931 100
v 312.44726562 -72.53356171 100
v 328.72915649 -77.48854828 100
v 323.57925415 -87.11769104 100
v 323.76498413 -72.32423401 100
v 312.56365967 -72.15619659 100
v 329.10153198 -77.60832214 100
v 323.85757446 -87.39405823 100
v 323.66000366 -71.94740295 100
v 312.66110229 -71.77350616 100
v 329.47940063 -77.70956421 100
v 324.12188721 -87.68386841 100
v 323.5737915 -71.5658493 100
v 312.73934937 -71.38643646 100
v 329.86178589 -77.79203033 100
v 324.371521 -87.98641205 100
v 323.50650024 -71.18050385 100
v 312.79821777 -70.99594879 100
v 330.24777222 -77.85551453 100
v 324.60586548 -88.30093384 100
v 323.45831299 -70.79230499 100
v 312.83752441 -70.60300446 100
v 330.63641357 -77.89985657 100
v 324.82437134 -88.62667847 100
v 323.42935181 -70.40219879 100
v 312.85720825 -70.20859528 100
v 331.02679443 -77.92495728 100
v 325.02645874 -88.96284485 100
v 323.41967773 -70.01114655 100
v 312.85720825 -69.81369019 100
v 331.41793823 -77.93075562 100
v 325.21166992 -89.30860138 100
v 323.42922974 -69.62252808 100
v 312.83752441 -69.41928101 100
v 331.80886841 -77.91723633 100
v 325.3795166 -89.6631012 100
v 323.45782471 -69.23484802 100
v 312.79821777 -69.0263443 100
v 332.19866943 -77.8844223 100
v 325.52960205 -90.02548218 100
v 323.50540161 -68.84903717 100
v 312.73934937 -68.635849 100
v 332.58636475 -77.83240509 100
v 325.66159058 -90.39484406 100
v 323.5718689 -68.46602631 100
v 312.66110229 -68.2487793 100
v 332.97103882 -77.76130676 100
v 325.77511597 -90.77028656 100
v 323.65704346 -68.08673859 100
v 312.56365967 -67.86608887 100
v 333.35171509 -77.67131042 100
v 325.86993408 -91.15089417 100
v 323.76071167 -67.71208954 100
v 312.44726562 -67.48873138 100
v 333.72750854 -77.56261444 100
v 325.94577026 -91.53572845 100
v 323.88265991 -67.34297943 100
v 312.31219482 -67.11764526 100
v 334.09744263 -77.43550873 100
v 326.00244141 -91.92384338 100
v 324.02255249 -66.98029327 100
v 312.15881348 -66.75375366 100
v 334.46066284 -77.2902832 100
v 326.03985596 -92.31429291 100
v 324.18008423 -66.62490845 100
v 311.98745728 -66.39795685 100
v 334.81628418 -77.12730408 100
v 326.05789185 -92.70610809 100
v 324.3548584 -66.27767944 100
v 311.7986145 -66.05114746 100
v 335.16339111 -76.94696045 100
v 326.05651855 -93.0983429 100
v 324.54647827 -65.93945312 100
v 311.59268188 -65.71417999 100
v 335.50119019 -76.74970245 100
v 326.03570557 -93.49002075 100
v 324.75445557 -65.61103058 100
v 311.37023926 -65.38789368 100
v 335.82885742 -76.53600311 100
v 325.99554443 -93.88019562 100
v 324.97827148 -65.29320526 100
v 311.1317749 -65.07310486 100
v 336.14553833 -76.30638885 100
v 325.93609619 -94.26789856 100
v 325.21743774 -64.98674774 100
v 310.87796021 -64.77059174 100
v 336.45053101 -76.06141663 100
v 325.85754395 -94.65218353 100
v 325.47134399 -64.69239807 100
v 310.60934448 -64.48110962 100
v 336.74301147 -75.80168152 100
v 325.76004028 -95.03211212 100
v 325.7394104 -64.41085815 100
v 310.32666016 -64.20537567 100
v 337.02233887 -75.5278244 100
v 326.02093506 -64.14281464 100
v 310.0305481 -63.94407272 100
v 326.3152771 -63.88890076 100
v 309.72180176 -63.69785309 100
v 326.62173462 -63.64973831 100
v 309.40118408 -63.46733093 100
v 326.9395752 -63.42590332 100
v 309.06945801 -63.25307846 100
v 327.26797485 -63.21793365 100
v 308.72744751 -63.05562973 100
v 327.60623169 -63.02632904 100
v 308.3760376 -62.87546921 100
v 327.95346069 -62.85154724 100
v 337.99472046 -74.30497742 100
v 325.18624878 -96.48977661 100
v 337.77459717 -74.62833405 100
v 325.35662842 -96.13647461 100
v 337.53875732 -74.94043732 100
v 325.50927734 -95.77516937 100
v 337.28781128 -75.24050903 100
v 325.64385986 -95.40674591 100
v 330.95108032 -62.10068512 100
v 305.33447266 -62.1009903 100
v 330.56338501 -62.12928009 100
v 305.72827148 -62.13050079 100
v 330.17758179 -62.17686462 100
v 306.12008667 -62.17960358 100
v 329.79455566 -62.24332428 100
v 306.50900269 -62.24817657 100
v 329.4152832 -62.32849503 100
v 306.89401245 -62.33605194 100
v 329.0406189 -62.43217468 100
v 307.2741394 -62.44300842 100
v 328.67150879 -62.5541153 100
v 307.64846802 -62.56877899 100
v 328.30883789 -62.69401932 100
v 308.01608276 -62.71305084 100
v 311.10009766 -96.50337219 100
v 298.28668213 -74.3081131 100
v 310.93539429 -96.16429901 100
v 298.50912476 -74.63439178 100
v 310.78701782 -95.81777954 100
v 298.74758911 -74.9491806 100
v 310.65527344 -95.46459198 100
v 299.00140381 -75.25169373 100
v 310.54049683 -95.10553741 95
v 299.27001953 -75.54117584 95
v 310.44293213 -94.74142456 95
v 299.55270386 -75.81691742 95
v 310.36282349 -94.37308502 95
v 299.84881592 -76.07821655 95
v 310.30029297 -94.0013504 95
v 300.15756226 -76.32443237 95
v 310.2555542 -93.62705994 95
v 300.47817993 -76.55495453 95
v 310.22866821 -93.25106049 95
v 300.80990601 -76.76921082 95
v 310.21969604 -92.87421417 95
v 301.1519165 -76.96665955 95
v 310.22940063 -92.48210144 95
v 301.50332642 -77.14682007 95
v 310.2585144 -92.09095001 95
v 301.86328125 -77.30923462 95
v 310.3069458 -91.70171356 95
v 302.230896 -77.45350647 95
v 310.37460327 -91.31536102 95
v 302.60522461 -77.57927704 95
v 310.46130371 -90.93283081 95
v 302.98535156 -77.68623352 95
v 310.5668335 -90.55506134 95
v 303.37036133 -77.77410889 95
v 310.69094849 -90.18297577 95
v 303.75927734 -77.84268188 95
v 310.83331299 -89.81749725 95
v 304.15109253 -77.89178467 95
v 310.99362183 -89.4595108 95
v 304.54489136 -77.92129517 95
v 311.17144775 -89.10990143 95
v 304.93969727 -77.93114471 95
v 311.36636353 -88.76952362 95
v 305.33447266 -77.92129517 95
v 311.57788086 -88.43921661 95
v 305.72827148 -77.89178467 95
v 311.80551147 -88.11978149 95
v 306.12008667 -77.84268188 95
v 312.04867554 -87.81201172 95
v 306.50900269 -77.77410889 95
v 312.3067627 -87.51665497 95
v 306.89401245 -77.68623352 95
v 312.5791626 -87.23444366 95
v 307.2741394 -77.57927704 95
v 312.86520386 -86.96606445 95
v 307.64846802 -77.45350647 95
v 313.16418457 -86.71217346 95
v 308.01608276 -77.30923462 95
v 313.47537231 -86.4733963 95
v 308.3760376 -77.14682007 95
v 313.79797363 -86.25031281 95
v 308.72744751 -76.96665955 95
v 314.1312561 -86.04348755 95
v 309.06945801 -76.76921082 95
v 314.47436523 -85.85340881 95
v 309.40118408 -76.55495453 95
v 314.82644653 -85.68054962 95
v 309.72180176 -76.32443237 95
v 315.18664551 -85.52532959 95
v 310.0305481 -76.07821655 95
v 315.55410767 -85.38814545 95
v 310.32666016 -75.81691742 95
v 315.92791748 -85.26931763 95
v 310.60934448 -75.54117584 95
v 316.30715942 -85.16913605 95
v 310.87796021 -75.25169373 95
v 316.69085693 -85.08786011 95
v 311.1317749 -74.9491806 95
v 317.07815552 -85.02568054 95
v 311.37023926 -74.63439178 95
v 317.46801758 -84.98274994 95
v 311.59268188 -74.3081131 95
v 317.85955811 -84.95916748 95
v 311.7986145 -73.97114563 95
v 318.25177002 -84.95500946 95
v 320.18954468 -85.22408295 95
v 325.76712036 -75.63902283 95
v 320.56576538 -85.33495331 95
v 319.80825806 -85.13197327 95
v 325.49603271 -75.35700989 95
v 326.05181885 -75.90731049 95
v 320.93606567 -85.46430969 95
v 319.4229126 -85.05886078 95
v 325.23922729 -75.06195068 95
v 326.34939575 -76.16121674 95
v 321.29949951 -85.61184692 95
v 319.03439331 -85.00491333 95
v 324.99725342 -74.75457764 95
v 326.65914917 -76.40011597 95
v 321.65518188 -85.77719116 95
v 318.64370728 -84.97026825 95
v 324.77078247 -74.4356308 95
v 326.98031616 -76.62342834 95
v 322.00222778 -85.95994568 95
v 324.56033325 -74.10588837 95
v 327.31213379 -76.83061218 95
v 322.33981323 -86.15965271 95
v 324.36642456 -73.76615143 95
v 311.98745728 -73.62432861 95
v 327.65374756 -77.02115631 95
v 322.66708374 -86.3758316 95
v 324.18951416 -73.41725922 95
v 312.15881348 -73.26853943 95
v 328.00436401 -77.19460297 95
v 322.98327637 -86.60795593 95
v 312.31219482 -72.90464783 95
v 324.03005981 -73.06005859 95
v 328.36312866 -77.3505249 95
v 323.28756714 -86.85543823 95
v 323.88842773 -72.69541931 95
v 312.44726562 -72.53356171 95
v 328.72915649 -77.48854828 95
v 323.57925415 -87.11769104 95
v 312.56365967 -72.15619659 95
v 323.76498413 -72.32423401 95
v 329.10153198 -77.60832214 95
v 323.85757446 -87.39405823 95
v 312.66110229 -71.77350616 95
v 323.66000366 -71.94740295 95
v 329.47940063 -77.70956421 95
v 324.12188721 -87.68386841 95
v 312.73934937 -71.38643646 95
v 323.5737915 -71.5658493 95
v 329.86178589 -77.79203033 95
v 324.371521 -87.98641205 95
v 312.79821777 -70.99594879 95
v 323.50650024 -71.18050385 95
v 330.24777222 -77.85551453 95
v 324.60586548 -88.30093384 95
v 312.83752441 -70.60300446 95
v 323.45831299 -70.79230499 95
v 330.63641357 -77.89985657 95
v 324.82437134 -88.62667847 95
v 312.85720825 -70.20859528 95
v 323.42935181 -70.40219879 95
v 331.02679443 -77.92495728 95
v 325.02645874 -88.96284485 95
v 312.85720825 -69.81369019 95
v 323.41967773 -70.01114655 95
v 331.41793823 -77.93075562 95
v 325.21166992 -89.30860138 95
v 312.83752441 -69.41928101 95
v 323.42922974 -69.62252808 95
v 331.80886841 -77.91723633 95
v 325.3795166 -89.6631012 95
v 312.79821777 -69.0263443 95
v 323.45782471 -69.23484802 95
v 332.19866943 -77.8844223 95
v 325.52960205 -90.02548218 95
v 312.73934937 -68.635849 95
v 323.50540161 -68.84903717 95
v 332.58636475 -77.83240509 95
v 325.66159058 -90.39484406 95
v 312.66110229 -68.2487793 95
v 323.5718689 -68.46602631 95
v 332.97103882 -77.76130676 95
v 325.77511597 -90.77028656 95
v 312.56365967 -67.86608887 95
v 323.65704346 -68.08673859 95
v 333.35171509 -77.67131042 95
v 325.86993408 -91.15089417 95
v 312.44726562 -67.48873138 95
v 323.76071167 -67.71208954 95
v 333.72750854 -77.56261444 95
v 325.94577026 -91.53572845 95
v 312.31219482 -67.11764526 95
v 323.88265991 -67.34297943 95
v 334.09744263 -77.43550873 95
v 326.00244141 -91.92384338 95
v 312.15881348 -66.75375366 95
v 324.02255249 -66.98029327 95
v 334.46066284 -77.2902832 95
v 326.03985596 -92.31429291 95
v 311.98745728 -66.39795685 95
v 324.18008423 -66.62490845 95
v 334.81628418 -77.12730408 95
v 326.05789185 -92.70610809 95
v 311.7986145 -66.05114746 95
v 324.3548584 -66.27767944 95
v 335.16339111 -76.94696045 95
v 326.05651855 -93.0983429 95
v 311.59268188 -65.71417999 95
v 324.54647827 -65.93945312 95
v 335.50119019 -76.74970245 95
v 326.03570557 -93.49002075 95
v 324.75445557 -65.61103058 95
v 311.37023926 -65.38789368 95
v 335.82885742 -76.53600311 95
v 325.99554443 -93.88019562 95
v 324.97827148 -65.29320526 95
v 311.1317749 -65.07310486 95
v 336.14553833 -76.30638885 95
v 325.93609619 -94.26789856 95
v 310.87796021 -64.77059174 95
v 325.21743774 -64.98674774 95
v 336.45053101 -76.06141663 95
v 325.85754395 -94.65218353 95
v 310.60934448 -64.48110962 95
v 325.47134399 -64.69239807 95
v 336.74301147 -75.80168152 95
v 325.76004028 -95.03211212 95
v 310.32666016 -64.20537567 95
v 325.7394104 -64.41085815 95
v 337.02233887 -75.5278244 95
v 310.0305481 -63.94407272 95
v 326.02093506 -64.14281464 95
v 326.3152771 -63.88890076 95
v 309.72180176 -63.69785309 95
v 326.62173462 -63.64973831 95
v 309.40118408 -63.46733093 95
v 326.9395752 -63.42590332 95
v 309.06945801 -63.25307846 95
v 327.26797485 -63.21793365 95
v 308.72744751 -63.05562973 95
v 327.60623169 -63.02632904 95
v 308.3760376 -62.87546921 95
v 327.95346069 -62.85154724 95
v 330.95108032 -62.10068512 95
v 305.33447266 -62.1009903 95
v 330.56338501 -62.12928009 95
v 305.72827148 -62.13050079 95
v 330.17758179 -62.17686462 95
v 306.12008667 -62.17960358 95
v 329.79455566 -62.24332428 95
v 306.50900269 -62.24817657 95
v 329.4152832 -62.32849503 95
v 306.89401245 -62.33605194 95
v 329.0406189 -62.43217468 95
v 307.2741394 -62.44300842 95
v 328.67150879 -62.5541153 95
v 307.64846802 -62.56877899 95
v 328.30883789 -62.69401932 95
v 308.01608276 -62.71305084 95
v 311.10009766 -96.50337219 95
v 298.28668213 -74.3081131 95
v 310.93539429 -96.16429901 95
v 298.50912476 -74.63439178 95
v 310.78701782 -95.81777954 95
v 298.74758911 -74.9491806 95
v 310.65527344 -95.46459198 95
v 299.00140381 -75.25169373 95
v 337.99472046 -74.30497742 95
v 325.18624878 -96.48977661 95
v 337.77459717 -74.62833405 95
v 325.35662842 -96.13647461 95
v 337.53875732 -74.94043732 95
v 325.50927734 -95.77516937 95
v 337.28781128 -75.24050903 95
v 325.64385986 -95.40674591 95
v 323.41967773 -70.01114655 40
v 323.42953491 -70.40592194 40
v 323.41967773 -70.01114655 150
v 323.45904541 -70.79972076 40
v 323.42953491 -70.40592194 150
v 323.50814819 -71.19155884 40
v 323.45904541 -70.79972076 150
v 323.57672119 -71.58045959 40
v 323.50814819 -71.19155884 150
v 323.6645813 -71.96546173 40
v 323.57672119 -71.58045959 150
v 323.77154541 -72.34560394 40
v 323.6645813 -71.96546173 150
v 323.89730835 -72.71994019 40
v 323.77154541 -72.34560394 150
v 324.04159546 -73.0875473 40
v 323.89730835 -72.71994019 150
v 324.20401001 -73.44750214 40
v 324.04159546 -73.0875473 150
v 324.38415527 -73.79891205 40
v 324.20401001 -73.44750214 150
v 324.58163452 -74.14090729 40
v 324.38415527 -73.79891205 150
v 324.79586792 -74.47264099 40
v 324.58163452 -74.14090729 150
v 325.02639771 -74.79327393 40
v 324.79586792 -74.47264099 150
v 325.27261353 -75.10202026 40
v 325.02639771 -74.79327393 150
v 325.53390503 -75.39810944 40
v 325.27261353 -75.10202026 150
v 325.80966187 -75.68080902 40
v 325.53390503 -75.39810944 150
v 326.09912109 -75.94940948 40
v 325.80966187 -75.68080902 150
v 326.40164185 -76.20324707 40
v 326.09912109 -75.94940948 150
v 326.71643066 -76.44169617 40
v 326.40164185 -76.20324707 150
v 327.04272461 -76.66414642 40
v 326.71643066 -76.44169617 150
v 327.37966919 -76.87006378 40
v 327.04272461 -76.66414642 150
v 327.72650146 -77.05892944 40
v 327.37966919 -76.87006378 150
v 328.08227539 -77.23027039 40
v 327.72650146 -77.05892944 150
v 328.44619751 -77.38366699 40
v 328.08227539 -77.23027039 150
v 328.81726074 -77.51873016 40
v 328.44619751 -77.38366699 150
v 329.19464111 -77.63512421 40
v 328.81726074 -77.51873016 150
v 329.57733154 -77.73257446 40
v 329.19464111 -77.63512421 150
v 329.96438599 -77.81082153 40
v 329.57733154 -77.73257446 150
v 330.35488892 -77.86967468 40
v 329.96438599 -77.81082153 150
v 330.74783325 -77.90899658 40
v 330.35488892 -77.86967468 150
v 331.14224243 -77.92868042 40
v 330.74783325 -77.90899658 150
v 331.53713989 -77.92868042 40
v 331.14224243 -77.92868042 150
v 331.93154907 -77.90899658 40
v 331.53713989 -77.92868042 150
v 332.32449341 -77.86967468 40
v 331.93154907 -77.90899658 150
v 332.71496582 -77.81082153 40
v 332.32449341 -77.86967468 150
v 333.10205078 -77.73257446 40
v 332.71496582 -77.81082153 150
v 333.48474121 -77.63512421 40
v 333.10205078 -77.73257446 150
v 333.86209106 -77.51873016 40
v 333.48474121 -77.63512421 150
v 334.23318481 -77.38366699 40
v 333.86209106 -77.51873016 150
v 334.59707642 -77.23027039 40
v 334.23318481 -77.38366699 150
v 334.95288086 -77.05892944 40
v 334.59707642 -77.23027039 150
v 335.29968262 -76.87006378 40
v 334.95288086 -77.05892944 150
v 335.63665771 -76.66414642 40
v 335.29968262 -76.87006378 150
v 335.96292114 -76.44169617 40
v 335.63665771 -76.66414642 150
v 336.27770996 -76.20324707 40
v 335.96292114 -76.44169617 150
v 336.58023071 -75.94940948 40
v 336.27770996 -76.20324707 150
v 336.86972046 -75.68080902 40
v 336.58023071 -75.94940948 150
v 337.14544678 -75.39810944 40
v 336.86972046 -75.68080902 150
v 337.4067688 -75.10202026 40
v 337.14544678 -75.39810944 150
v 337.65298462 -74.79327393 40
v 337.4067688 -75.10202026 150
v 337.88348389 -74.47264099 40
v 337.65298462 -74.79327393 150
v 338.0977478 -74.14090729 40
v 337.88348389 -74.47264099 150
v 338.29519653 -73.79891205 40
v 338.4753418 -73.44750214 40
v 338.0977478 -74.14090729 150
v 338.29519653 -73.79891205 150
v 338.4753418 -73.44750214 150
v 338.63778687 -73.0875473 150
v 338.63778687 -73.0875473 40
v 338.78204346 -72.71994019 40
v 338.78204346 -72.71994019 150
v 338.9078064 -72.34560394 150
v 338.9078064 -72.34560394 40
v 339.01477051 -71.96546173 150
v 339.01477051 -71.96546173 40
v 339.10266113 -71.58045959 150
v 339.10266113 -71.58045959 40
v 339.17123413 -71.19155884 40
v 339.17123413 -71.19155884 150
v 339.22033691 -70.79972076 150
v 339.22033691 -70.79972076 40
v 339.24984741 -70.40592194 150
v 339.24984741 -70.40592194 40
v 339.25967407 -70.01114655 40
v 339.25967407 -70.01114655 150
v 339.24984741 -69.61636353 150
v 339.24984741 -69.61636353 40
v 339.22033691 -69.2225647 40
v 339.22033691 -69.2225647 150
v 339.17123413 -68.83072662 150
v 339.17123413 -68.83072662 40
v 339.10266113 -68.44182587 150
v 339.10266113 -68.44182587 40
v 339.01477051 -68.05682373 150
v 339.01477051 -68.05682373 40
v 338.9078064 -67.67668152 150
v 338.9078064 -67.67668152 40
v 338.78204346 -67.30234528 150
v 338.78204346 -67.30234528 40
v 338.63778687 -66.93473816 150
v 338.63778687 -66.93473816 40
v 338.4753418 -66.57478333 150
v 338.4753418 -66.57478333 40
v 338.29519653 -66.22337341 150
v 338.29519653 -66.22337341 40
v 338.0977478 -65.88137817 150
v 338.0977478 -65.88137817 40
v 337.88348389 -65.5496521 150
v 337.88348389 -65.5496521 40
v 337.65298462 -65.22901154 150
v 337.65298462 -65.22901154 40
v 337.4067688 -64.9202652 40
v 337.4067688 -64.9202652 150
v 337.14544678 -64.62417603 150
v 337.14544678 -64.62417603 40
v 336.86972046 -64.34147644 150
v 336.86972046 -64.34147644 40
v 336.58023071 -64.07287598 40
v 336.58023071 -64.07287598 150
v 336.27770996 -63.81903839 150
v 336.27770996 -63.81903839 40
v 335.96292114 -63.58059311 150
v 335.96292114 -63.58059311 40
v 335.63665771 -63.35813904 40
v 335.63665771 -63.35813904 150
v 335.29968262 -63.15222168 150
v 335.29968262 -63.15222168 40
v 334.95288086 -62.96335983 150
v 334.95288086 -62.96335983 40
v 334.59707642 -62.79201889 150
v 334.59707642 -62.79201889 40
v 334.23318481 -62.63862228 150
v 334.23318481 -62.63862228 40
v 333.86209106 -62.50355911 150
v 333.86209106 -62.50355911 40
v 333.48474121 -62.38716125 40
v 333.48474121 -62.38716125 150
v 333.10205078 -62.28971481 150
v 333.10205078 -62.28971481 40
v 332.71496582 -62.21146774 40
v 332.71496582 -62.21146774 150
v 332.32449341 -62.15261078 150
v 332.32449341 -62.15261078 40
v 331.93154907 -62.11328888 150
v 331.93154907 -62.11328888 40
v 331.53713989 -62.09360504 40
v 331.14224243 -62.09360504 40
v 331.53713989 -62.09360504 150
v 330.74783325 -62.11328888 40
v 331.14224243 -62.09360504 150
v 330.35488892 -62.15261078 40
v 330.74783325 -62.11328888 150
v 329.96438599 -62.21146774 40
v 330.35488892 -62.15261078 150
v 329.57733154 -62.28971481 40
v 329.96438599 -62.21146774 150
v 329.19464111 -62.38716125 40
v 329.57733154 -62.28971481 150
v 328.81726074 -62.50355911 40
v 329.19464111 -62.38716125 150
v 328.44619751 -62.63862228 40
v 328.81726074 -62.50355911 150
v 328.08227539 -62.79201889 40
v 328.44619751 -62.63862228 150
v 327.72650146 -62.96335983 40
v 328.08227539 -62.79201889 150
v 327.37966919 -63.15222168 40
v 327.72650146 -62.96335983 150
v 327.04272461 -63.35813904 40
v 327.37966919 -63.15222168 150
v 326.71643066 -63.58059311 40
v 327.04272461 -63.35813904 150
v 326.40164185 -63.81903839 40
v 326.71643066 -63.58059311 150
v 326.09912109 -64.07287598 40
v 326.40164185 -63.81903839 150
v 325.80966187 -64.34147644 40
v 326.09912109 -64.07287598 150
v 325.53390503 -64.62417603 40
v 325.80966187 -64.34147644 150
v 325.27261353 -64.9202652 40
v 325.53390503 -64.62417603 150
v 325.02639771 -65.22901154 40
v 325.27261353 -64.9202652 150
v 324.79586792 -65.5496521 40
v 325.02639771 -65.22901154 150
v 324.58163452 -65.88137817 40
v 324.79586792 -65.5496521 150
v 324.38415527 -66.22337341 40
v 324.58163452 -65.88137817 150
v 324.20401001 -66.57478333 40
v 324.38415527 -66.22337341 150
v 324.04159546 -66.93473816 40
v 324.20401001 -66.57478333 150
v 323.89730835 -67.30234528 40
v 324.04159546 -66.93473816 150
v 323.77154541 -67.67668152 40
v 323.89730835 -67.30234528 150
v 323.6645813 -68.05682373 40
v 323.77154541 -67.67668152 150
v 323.57672119 -68.44182587 40
v 323.6645813 -68.05682373 150
v 323.50814819 -68.83072662 40
v 323.57672119 -68.44182587 150
v 323.45904541 -69.2225647 40
v 323.50814819 -68.83072662 150
v 323.42953491 -69.61636353 40
v 323.45904541 -69.2225647 150
v 323.42953491 -69.61636353 150
v 313.01983643 -104.91436005 40
v 292.89953613 -84.79407501 0
v 313.01983643 -104.91436005 0
v 292.89953613 -84.79407501 40
v 291.73968506 -81.993927 40
v 291.73968506 -81.993927 0
v 291.7444458 -82.18824005 0
v 291.7444458 -82.18824005 40
v 291.75875854 -82.38208008 0
v 291.75875854 -82.38208008 40
v 291.78253174 -82.57498169 40
v 291.78253174 -82.57498169 0
v 291.81576538 -82.76648712 40
v 291.81576538 -82.76648712 0
v 291.85836792 -82.95613098 40
v 291.85836792 -82.95613098 0
v 291.91018677 -83.14345551 40
v 291.91018677 -83.14345551 0
v 291.97116089 -83.32801056 0
v 291.97116089 -83.32801056 40
v 292.04110718 -83.50935364 40
v 292.04110718 -83.50935364 0
v 292.11987305 -83.68704987 40
v 292.11987305 -83.68704987 0
v 292.20727539 -83.86065674 0
v 292.20727539 -83.86065674 40
v 292.30307007 -84.02977753 40
v 292.30307007 -84.02977753 0
v 292.40707397 -84.19398499 40
v 292.40707397 -84.19398499 0
v 292.51898193 -84.35289764 40
v 292.51898193 -84.35289764 0
v 292.6385498 -84.5061264 0
v 292.6385498 -84.5061264 40
v 292.76550293 -84.65330505 40
v 292.76550293 -84.65330505 0
v 291.73968506 -60.77114487 0
v 291.73968506 -60.77114487 40
v 295.69967651 -56.81114197 40
v 295.69967651 -56.81114197 0
v 295.50537109 -56.81591415 0
v 295.50537109 -56.81591415 40
v 295.31152344 -56.83021164 0
v 295.31152344 -56.83021164 40
v 295.11862183 -56.85400391 40
v 295.11862183 -56.85400391 0
v 294.92712402 -56.88723373 40
v 294.92712402 -56.88723373 0
v 294.73748779 -56.92982101 40
v 294.73748779 -56.92982101 0
v 294.5501709 -56.98165894 40
v 294.5501709 -56.98165894 0
v 294.36560059 -57.04262924 0
v 294.36560059 -57.04262924 40
v 294.18426514 -57.11257935 40
v 294.18426514 -57.11257935 0
v 294.00656128 -57.19134521 40
v 294.00656128 -57.19134521 0
v 293.83294678 -57.27873611 0
v 293.83294678 -57.27873611 40
v 293.66384888 -57.37453842 40
v 293.66384888 -57.37453842 0
v 293.49963379 -57.47852325 40
v 293.49963379 -57.47852325 0
v 293.34072876 -57.59044266 40
v 293.34072876 -57.59044266 0
v 293.1875 -57.71002197 0
v 293.1875 -57.71002197 40
v 293.04031372 -57.83697891 40
v 293.04031372 -57.83697891 0
v 292.89953613 -57.97100067 0
v 292.89953613 -57.97100067 40
v 292.76550293 -58.11177063 40
v 292.76550293 -58.11177063 0
v 292.6385498 -58.25894547 0
v 292.6385498 -58.25894547 40
v 292.51898193 -58.41217422 40
v 292.51898193 -58.41217422 0
v 292.40707397 -58.57108688 40
v 292.40707397 -58.57108688 0
v 292.30307007 -58.73529816 40
v 292.30307007 -58.73529816 0
v 292.20727539 -58.90441132 40
v 292.20727539 -58.90441132 0
v 292.11987305 -59.07802582 40
v 292.11987305 -59.07802582 0
v 292.04110718 -59.25571823 40
v 292.04110718 -59.25571823 0
v 291.97116089 -59.43706131 0
v 291.97116089 -59.43706131 40
v 291.91018677 -59.62161636 40
v 291.91018677 -59.62161636 0
v 291.85836792 -59.80894089 40
v 291.85836792 -59.80894089 0
v 291.81576538 -59.99858475 40
v 291.81576538 -59.99858475 0
v 291.78253174 -60.19009018 40
v 291.78253174 -60.19009018 0
v 291.75875854 -60.38299561 40
v 291.75875854 -60.38299561 0
v 291.7444458 -60.57683563 0
v 291.7444458 -60.57683563 40
v 340.5796814 -56.81114197 0
v 340.5796814 -56.81114197 40
v 344.53967285 -60.77114487 40
v 344.53967285 -60.77114487 0
v 344.53491211 -60.57683563 0
v 344.53491211 -60.57683563 40
v 344.52062988 -60.38299561 0
v 344.52062988 -60.38299561 40
v 344.49682617 -60.19009018 40
v 344.49682617 -60.19009018 0
v 344.46359253 -59.99858475 40
v 344.46359253 -59.99858475 0
v 344.42102051 -59.80894089 40
v 344.42102051 -59.80894089 0
v 344.36917114 -59.62161636 40
v 344.36917114 -59.62161636 0
v 344.30819702 -59.43706131 0
v 344.30819702 -59.43706131 40
v 344.23825073 -59.25571823 40
v 344.23825073 -59.25571823 0
v 344.15948486 -59.07802582 40
v 344.15948486 -59.07802582 0
v 344.07208252 -58.90441132 0
v 344.07208252 -58.90441132 40
v 343.97628784 -58.73529816 40
v 343.97628784 -58.73529816 0
v 343.87231445 -58.57108688 40
v 343.87231445 -58.57108688 0
v 343.76037598 -58.41217422 40
v 343.76037598 -58.41217422 0
v 343.64080811 -58.25894547 0
v 343.64080811 -58.25894547 40
v 343.51385498 -58.11177063 40
v 343.51385498 -58.11177063 0
v 343.37982178 -57.97100067 0
v 343.37982178 -57.97100067 40
v 343.23904419 -57.83697891 40
v 343.23904419 -57.83697891 0
v 343.09188843 -57.71002197 0
v 343.09188843 -57.71002197 40
v 342.93865967 -57.59044266 40
v 342.93865967 -57.59044266 0
v 342.77975464 -57.47852325 40
v 342.77975464 -57.47852325 0
v 342.61553955 -57.37453842 40
v 342.61553955 -57.37453842 0
v 342.44641113 -57.27873611 40
v 342.44641113 -57.27873611 0
v 342.27279663 -57.19134521 40
v 342.27279663 -57.19134521 0
v 342.09512329 -57.11257935 40
v 342.09512329 -57.11257935 0
v 341.91375732 -57.04262924 0
v 341.91375732 -57.04262924 40
v 341.72921753 -56.98165894 40
v 341.72921753 -56.98165894 0
v 341.54187012 -56.92982101 40
v 341.54187012 -56.92982101 0
v 341.35223389 -56.88723373 40
v 341.35223389 -56.88723373 0
v 341.16073608 -56.85400391 40
v 341.16073608 -56.85400391 0
v 340.96783447 -56.83021164 40
v 340.96783447 -56.83021164 0
v 340.77398682 -56.81591415 0
v 340.77398682 -56.81591415 40
v 344.53967285 -81.993927 0
v 344.53967285 -81.993927 40
v 343.37982178 -84.79407501 40
v 343.37982178 -84.79407501 0
v 343.51385498 -84.65330505 0
v 343.51385498 -84.65330505 40
v 343.64080811 -84.5061264 0
v 343.64080811 -84.5061264 40
v 343.76037598 -84.35289764 40
v 343.76037598 -84.35289764 0
v 343.87231445 -84.19398499 40
v 343.87231445 -84.19398499 0
v 343.97628784 -84.02977753 40
v 343.97628784 -84.02977753 0
v 344.07208252 -83.86065674 40
v 344.07208252 -83.86065674 0
v 344.15948486 -83.68704987 0
v 344.15948486 -83.68704987 40
v 344.23825073 -83.50935364 40
v 344.23825073 -83.50935364 0
v 344.30819702 -83.32801056 40
v 344.30819702 -83.32801056 0
v 344.36917114 -83.14345551 0
v 344.36917114 -83.14345551 40
v 344.42102051 -82.95613098 40
v 344.42102051 -82.95613098 0
v 344.46359253 -82.76648712 40
v 344.46359253 -82.76648712 0
v 344.49682617 -82.57498169 40
v 344.49682617 -82.57498169 0
v 344.52062988 -82.38208008 0
v 344.52062988 -82.38208008 40
v 344.53491211 -82.18824005 40
v 344.53491211 -82.18824005 0
v 323.259552 -104.91436005 0
v 323.259552 -104.91436005 40
v 320.45941162 -106.07421112 40
v 320.45941162 -106.07421112 0
v 320.65371704 -106.06944275 0
v 320.65371704 -106.06944275 40
v 320.84753418 -106.05514526 0
v 320.84753418 -106.05514526 40
v 321.04043579 -106.03135681 40
v 321.04043579 -106.03135681 0
v 321.23196411 -105.99812317 40
v 321.23196411 -105.99812317 0
v 321.42160034 -105.95553589 40
v 321.42160034 -105.95553589 0
v 321.60891724 -105.90370178 40
v 321.60891724 -105.90370178 0
v 321.79348755 -105.84272766 0
v 321.79348755 -105.84272766 40
v 321.974823 -105.77277374 40
v 321.974823 -105.77277374 0
v 322.15252686 -105.6940155 40
v 322.15252686 -105.6940155 0
v 322.32614136 -105.60662079 0
v 322.32614136 -105.60662079 40
v 322.49523926 -105.51081848 40
v 322.49523926 -105.51081848 0
v 322.65945435 -105.40683746 40
v 322.65945435 -105.40683746 0
v 322.81835938 -105.29491425 40
v 322.81835938 -105.29491425 0
v 322.97158813 -105.17533875 0
v 322.97158813 -105.17533875 40
v 323.11877441 -105.04837799 40
v 323.11877441 -105.04837799 0
v 315.81997681 -106.07421112 0
v 315.81997681 -106.07421112 40
v 313.1605835 -105.04837799 0
v 313.1605835 -105.04837799 40
v 313.30776978 -105.17533875 0
v 313.30776978 -105.17533875 40
v 313.46099854 -105.29491425 40
v 313.46099854 -105.29491425 0
v 313.61990356 -105.40683746 40
v 313.61990356 -105.40683746 0
v 313.78411865 -105.51081848 40
v 313.78411865 -105.51081848 0
v 313.95324707 -105.60662079 40
v 313.95324707 -105.60662079 0
v 314.12686157 -105.6940155 0
v 314.12686157 -105.6940155 40
v 314.30453491 -105.77277374 40
v 314.30453491 -105.77277374 0
v 314.48587036 -105.84272766 40
v 314.48587036 -105.84272766 0
v 314.67044067 -105.90370178 0
v 314.67044067 -105.90370178 40
v 314.85775757 -105.95553589 40
v 314.85775757 -105.95553589 0
v 315.04742432 -105.99812317 40
v 315.04742432 -105.99812317 0
v 315.23892212 -106.03135681 40
v 315.23892212 -106.03135681 0
v 315.43182373 -106.05514526 0
v 315.43182373 -106.05514526 40
v 315.62567139 -106.06944275 40
v 315.62567139 -106.06944275 0
v 312.33392334 -98.26118469 40
v 312.60964966 -98.54387665 40
v 312.8991394 -98.81248474 40
v 312.07260132 -97.96509552 40
v 313.20162964 -99.06632233 40
v 311.8263855 -97.65634918 40
v 313.51641846 -99.30476379 40
v 311.59588623 -97.33570862 40
v 313.8427124 -99.52722168 40
v 311.38162231 -97.00398254 40
v 314.1796875 -99.73313904 40
v 311.18417358 -96.6619873 40
v 314.52648926 -99.92199707 40
v 311.0039978 -96.31057739 40
v 314.8822937 -100.09333801 40
v 310.84158325 -95.95061493 40
v 315.2461853 -100.24673462 40
v 310.69732666 -95.58301544 40
v 315.61727905 -100.38179779 40
v 310.5715332 -95.2086792 40
v 315.99462891 -100.49819946 40
v 310.46459961 -94.82852936 40
v 316.37731934 -100.59564209 40
v 310.37670898 -94.44353485 40
v 316.7644043 -100.67388916 40
v 310.30813599 -94.05462646 40
v 317.15487671 -100.73274994 40
v 310.2590332 -93.66278839 40
v 317.54782104 -100.77207184 40
v 310.22952271 -93.26899719 40
v 317.94223022 -100.79175568 40
v 310.21969604 -92.87421417 40
v 318.33712769 -100.79175568 40
v 310.22952271 -92.47943878 40
v 318.73153687 -100.77207184 40
v 310.2590332 -92.08563995 40
v 319.1244812 -100.73274994 40
v 310.30813599 -91.69380188 40
v 319.51498413 -100.67388916 40
v 310.37670898 -91.30489349 40
v 319.90203857 -100.59564209 40
v 310.46459961 -90.91989899 40
v 320.284729 -100.49819946 40
v 310.5715332 -90.53975677 40
v 320.66210938 -100.38179779 40
v 310.69732666 -90.1654129 40
v 321.03317261 -100.24673462 40
v 321.39706421 -100.09333801 40
v 321.75286865 -99.92199707 40
v 322.09967041 -99.73313904 40
v 322.43664551 -99.52722168 40
v 322.76293945 -99.30476379 40
v 299.13391113 -75.39810944 40
v 299.40963745 -75.68080902 40
v 299.6991272 -75.94940948 40
v 298.87261963 -75.10202026 40
v 300.00164795 -76.20324707 40
v 298.62640381 -74.79327393 40
v 300.31643677 -76.44169617 40
v 298.39587402 -74.47264099 40
v 300.64273071 -76.66414642 40
v 323.07772827 -99.06632233 40
v 298.18161011 -74.14090729 40
v 300.97967529 -76.87006378 40
v 297.98416138 -73.79891205 40
v 301.32650757 -77.05892944 40
v 297.80401611 -73.44750214 40
v 301.68228149 -77.23027039 40
v 297.64160156 -73.0875473 40
v 323.38024902 -98.81248474 40
v 302.0461731 -77.38366699 40
v 297.49731445 -72.71994019 40
v 302.41726685 -77.51873016 40
v 297.37155151 -72.34560394 40
v 323.66970825 -98.54387665 40
v 302.7946167 -77.63512421 40
v 297.2645874 -71.96546173 40
v 303.17730713 -77.73257446 40
v 297.17672729 -71.58045959 40
v 323.94546509 -98.26118469 40
v 303.56439209 -77.81082153 40
v 297.1081543 -71.19155884 40
v 303.95489502 -77.86967468 40
v 310.84158325 -89.79781342 40
v 324.20675659 -97.96509552 40
v 297.05905151 -70.79972076 40
v 304.34780884 -77.90899658 40
v 311.0039978 -89.43785858 40
v 297.02954102 -70.40592194 40
v 324.45297241 -97.65634918 40
v 304.74221802 -77.92868042 40
v 311.18417358 -89.08644104 40
v 305.137146 -77.92868042 40
v 311.38162231 -88.7444458 40
v 324.6835022 -97.33570862 40
v 305.53155518 -77.90899658 40
v 311.59588623 -88.41271973 40
v 324.8977356 -97.00398254 40
v 305.92449951 -77.86967468 40
v 311.8263855 -88.09208679 40
v 325.09518433 -96.6619873 40
v 306.31497192 -77.81082153 40
v 312.07260132 -87.78333282 40
v 325.27536011 -96.31057739 40
v 306.70205688 -77.73257446 40
v 312.33392334 -87.48724365 40
v 307.08474731 -77.63512421 40
v 312.60964966 -87.2045517 40
v 307.46209717 -77.51873016 40
v 312.8991394 -86.9359436 40
v 307.83319092 -77.38366699 40
v 313.20162964 -86.68210602 40
v 308.19708252 -77.23027039 40
v 313.51641846 -86.44366455 40
v 297.01968384 -70.01114655 40
v 297.49731445 -67.30234528 40
v 297.64160156 -66.93473816 40
v 297.37155151 -67.67668152 40
v 297.2645874 -68.05682373 40
v 297.17672729 -68.44182587 40
v 297.1081543 -68.83072662 40
v 297.05905151 -69.2225647 40
v 297.02954102 -69.61636353 40
v 297.80401611 -66.57478333 40
v 308.55288696 -77.05892944 40
v 313.8427124 -86.22120667 40
v 297.98416138 -66.22337341 40
v 308.89968872 -76.87006378 40
v 314.1796875 -86.01529694 40
v 298.18161011 -65.88137817 40
v 309.23666382 -76.66414642 40
v 314.52648926 -85.82643127 40
v 298.39587402 -65.5496521 40
v 309.56292725 -76.44169617 40
v 314.8822937 -85.65509033 40
v 298.62640381 -65.22901154 40
v 309.87771606 -76.20324707 40
v 315.2461853 -85.50169373 40
v 298.87261963 -64.9202652 40
v 310.18023682 -75.94940948 40
v 315.61727905 -85.36663055 40
v 299.13391113 -64.62417603 40
v 310.46972656 -75.68080902 40
v 315.99462891 -85.25022888 40
v 299.40963745 -64.34147644 40
v 310.74545288 -75.39810944 40
v 316.37731934 -85.15278625 40
v 311.00674438 -75.10202026 40
v 316.7644043 -85.07453918 40
v 311.25296021 -74.79327393 40
v 317.15487671 -85.01567841 40
v 311.48348999 -74.47264099 40
v 317.54782104 -84.97636414 40
v 311.69775391 -74.14090729 40
v 317.94223022 -84.95667267 40
v 311.89520264 -73.79891205 40
v 318.33712769 -84.95667267 40
v 300.97967529 -63.15222168 40
v 301.32650757 -62.96335983 40
v 300.64273071 -63.35813904 40
v 300.31643677 -63.58059311 40
v 300.00164795 -63.81903839 40
v 299.6991272 -64.07287598 40
v 301.68228149 -62.79201889 40
v 302.0461731 -62.63862228 40
v 302.41726685 -62.50355911 40
v 302.7946167 -62.38716125 40
v 303.17730713 -62.28971481 40
v 303.56439209 -62.21146774 40
v 303.95489502 -62.15261078 40
v 304.34780884 -62.11328888 40
v 304.74221802 -62.09360504 40
v 305.137146 -62.09360504 40
v 305.53155518 -62.11328888 40
v 305.92449951 -62.15261078 40
v 306.31497192 -62.21146774 40
v 306.70205688 -62.28971481 40
v 320.284729 -85.25022888 40
v 320.66210938 -85.36663055 40
v 319.90203857 -85.15278625 40
v 321.03317261 -85.50169373 40
v 319.51498413 -85.07453918 40
v 321.39706421 -85.65509033 40
v 319.1244812 -85.01567841 40
v 318.73153687 -84.97636414 40
v 321.75286865 -85.82643127 40
v 322.09967041 -86.01529694 40
v 312.0753479 -73.44750214 40
v 322.43664551 -86.22120667 40
v 322.76293945 -86.44366455 40
v 323.07772827 -86.68210602 40
v 312.23776245 -73.0875473 40
v 323.38024902 -86.9359436 40
v 312.38204956 -72.71994019 40
v 312.5078125 -72.34560394 40
v 323.66970825 -87.2045517 40
v 323.94546509 -87.48724365 40
v 312.61477661 -71.96546173 40
v 324.20675659 -87.78333282 40
v 312.70263672 -71.58045959 40
v 324.45297241 -88.09208679 40
v 312.77120972 -71.19155884 40
v 312.8203125 -70.79972076 40
v 324.6835022 -88.41271973 40
v 324.8977356 -88.7444458 40
v 312.84985352 -70.40592194 40
v 325.09518433 -89.08644104 40
v 312.85968018 -70.01114655 40
v 325.27536011 -89.43785858 40
v 312.84985352 -69.61636353 40
v 312.8203125 -69.2225647 40
v 325.43777466 -89.79781342 40
v 325.58206177 -90.1654129 40
v 312.77120972 -68.83072662 40
v 312.70263672 -68.44182587 40
v 312.61477661 -68.05682373 40
v 312.5078125 -67.67668152 40
v 312.38204956 -67.30234528 40
v 312.23776245 -66.93473816 40
v 312.0753479 -66.57478333 40
v 311.89520264 -66.22337341 40
v 325.81478882 -90.91989899 40
v 325.90264893 -91.30489349 40
v 325.70782471 -90.53975677 40
v 325.43777466 -95.95061493 40
v 325.58206177 -95.58301544 40
v 325.70782471 -95.2086792 40
v 325.81478882 -94.82852936 40
v 325.90264893 -94.44353485 40
v 325.97122192 -94.05462646 40
v 326.02032471 -93.66278839 40
v 326.04983521 -93.26899719 40
v 326.05969238 -92.87421417 40
v 326.04983521 -92.47943878 40
v 326.02032471 -92.08563995 40
v 325.97122192 -91.69380188 40
v 311.69775391 -65.88137817 40
v 311.48348999 -65.5496521 40
v 311.25296021 -65.22901154 40
v 311.00674438 -64.9202652 40
v 310.74545288 -64.62417603 40
v 310.46972656 -64.34147644 40
v 310.18023682 -64.07287598 40
v 309.87771606 -63.81903839 40
v 309.56292725 -63.58059311 40
v 309.23666382 -63.35813904 40
v 308.89968872 -63.15222168 40
v 308.55288696 -62.96335983 40
v 308.19708252 -62.79201889 40
v 307.83319092 -62.63862228 40
v 307.08474731 -62.38716125 40
v 307.46209717 -62.50355911 40
v 297.02954102 -70.40592194 150
v 297.01968384 -70.01114655 150
v 297.05905151 -70.79972076 150
v 297.1081543 -71.19155884 150
v 297.17672729 -71.58045959 150
v 297.2645874 -71.96546173 150
v 297.37155151 -72.34560394 150
v 297.49731445 -72.71994019 150
v 297.64160156 -73.0875473 150
v 297.80401611 -73.44750214 150
v 297.98416138 -73.79891205 150
v 298.18161011 -74.14090729 150
v 298.39587402 -74.47264099 150
v 298.62640381 -74.79327393 150
v 298.87261963 -75.10202026 150
v 299.13391113 -75.39810944 150
v 299.40963745 -75.68080902 150
v 299.6991272 -75.94940948 150
v 300.00164795 -76.20324707 150
v 300.31643677 -76.44169617 150
v 300.64273071 -76.66414642 150
v 300.97967529 -76.87006378 150
v 301.32650757 -77.05892944 150
v 301.68228149 -77.23027039 150
v 302.0461731 -77.38366699 150
v 302.41726685 -77.51873016 150
v 302.7946167 -77.63512421 150
v 303.17730713 -77.73257446 150
v 303.56439209 -77.81082153 150
v 303.95489502 -77.86967468 150
v 304.34780884 -77.90899658 150
v 304.74221802 -77.92868042 150
v 305.137146 -77.92868042 150
v 305.53155518 -77.90899658 150
v 305.92449951 -77.86967468 150
v 306.31497192 -77.81082153 150
v 306.70205688 -77.73257446 150
v 307.08474731 -77.63512421 150
v 307.46209717 -77.51873016 150
v 307.83319092 -77.38366699 150
v 308.19708252 -77.23027039 150
v 308.55288696 -77.05892944 150
v 308.89968872 -76.87006378 150
v 309.23666382 -76.66414642 150
v 309.56292725 -76.44169617 150
v 309.87771606 -76.20324707 150
v 310.18023682 -75.94940948 150
v 310.46972656 -75.68080902 150
v 310.74545288 -75.39810944 150
v 311.00674438 -75.10202026 150
v 311.25296021 -74.79327393 150
v 311.48348999 -74.47264099 150
v 311.69775391 -74.14090729 150
v 311.89520264 -73.79891205 150
v 312.0753479 -73.44750214 150
v 312.23776245 -73.0875473 150
v 312.38204956 -72.71994019 150
v 312.5078125 -72.34560394 150
v 312.61477661 -71.96546173 150
v 312.70263672 -71.58045959 150
v 312.77120972 -71.19155884 150
v 312.8203125 -70.79972076 150
v 312.84985352 -70.40592194 150
v 312.85968018 -70.01114655 150
v 312.84985352 -69.61636353 150
v 312.8203125 -69.2225647 150
v 312.77120972 -68.83072662 150
v 312.70263672 -68.44182587 150
v 312.61477661 -68.05682373 150
v 312.5078125 -67.67668152 150
v 312.38204956 -67.30234528 150
v 312.23776245 -66.93473816 150
v 312.0753479 -66.57478333 150
v 311.89520264 -66.22337341 150
v 311.69775391 -65.88137817 150
v 311.48348999 -65.5496521 150
v 311.25296021 -65.22901154 150
v 311.00674438 -64.9202652 150
v 310.74545288 -64.62417603 150
v 310.46972656 -64.34147644 150
v 310.18023682 -64.07287598 150
v 309.87771606 -63.81903839 150
v 309.56292725 -63.58059311 150
v 309.23666382 -63.35813904 150
v 308.89968872 -63.15222168 150
v 308.55288696 -62.96335983 150
v 308.19708252 -62.79201889 150
v 307.83319092 -62.63862228 150
v 307.46209717 -62.50355911 150
v 307.08474731 -62.38716125 150
v 306.70205688 -62.28971481 150
v 306.31497192 -62.21146774 150
v 305.92449951 -62.15261078 150
v 305.53155518 -62.11328888 150
v 305.137146 -62.09360504 150
v 304.74221802 -62.09360504 150
v 304.34780884 -62.11328888 150
v 303.95489502 -62.15261078 150
v 303.56439209 -62.21146774 150
v 303.17730713 -62.28971481 150
v 302.7946167 -62.38716125 150
v 302.41726685 -62.50355911 150
v 302.0461731 -62.63862228 150
v 301.68228149 -62.79201889 150
v 301.32650757 -62.96335983 150
v 300.97967529 -63.15222168 150
v 300.64273071 -63.35813904 150
v 300.31643677 -63.58059311 150
v 300.00164795 -63.81903839 150
v 299.6991272 -64.07287598 150
v 299.40963745 -64.34147644 150
v 299.13391113 -64.62417603 150
v 298.87261963 -64.9202652 150
v 298.62640381 -65.22901154 150
v 298.39587402 -65.5496521 150
v 298.18161011 -65.88137817 150
v 297.98416138 -66.22337341 150
v 297.80401611 -66.57478333 150
v 297.64160156 -66.93473816 150
v 297.49731445 -67.30234528 150
v 297.37155151 -67.67668152 150
v 297.2645874 -68.05682373 150
v 297.17672729 -68.44182587 150
v 297.1081543 -68.83072662 150
v 297.05905151 -69.2225647 150
v 297.02954102 -69.61636353 150
v 310.21969604 -92.87421417 150
v 310.22952271 -93.26899719 150
v 310.2590332 -93.66278839 150
v 310.30813599 -94.05462646 150
v 310.37670898 -94.44353485 150
v 310.46459961 -94.82852936 150
v 310.5715332 -95.2086792 150
v 310.69732666 -95.58301544 150
v 310.84158325 -95.95061493 150
v 311.0039978 -96.31057739 150
v 311.18417358 -96.6619873 150
v 311.38162231 -97.00398254 150
v 311.59588623 -97.33570862 150
v 311.8263855 -97.65634918 150
v 312.07260132 -97.96509552 150
v 312.33392334 -98.26118469 150
v 312.60964966 -98.54387665 150
v 312.8991394 -98.81248474 150
v 313.20162964 -99.06632233 150
v 313.51641846 -99.30476379 150
v 313.8427124 -99.52722168 150
v 314.1796875 -99.73313904 150
v 314.52648926 -99.92199707 150
v 314.8822937 -100.09333801 150
v 315.2461853 -100.24673462 150
v 315.61727905 -100.38179779 150
v 315.99462891 -100.49819946 150
v 316.37731934 -100.59564209 150
v 316.7644043 -100.67388916 150
v 317.15487671 -100.73274994 150
v 317.54782104 -100.77207184 150
v 317.94223022 -100.79175568 150
v 318.33712769 -100.79175568 150
v 318.73153687 -100.77207184 150
v 319.1244812 -100.73274994 150
v 319.51498413 -100.67388916 150
v 319.90203857 -100.59564209 150
v 320.284729 -100.49819946 150
v 320.66210938 -100.38179779 150
v 321.03317261 -100.24673462 150
v 321.39706421 -100.09333801 150
v 321.75286865 -99.92199707 150
v 322.09967041 -99.73313904 150
v 322.43664551 -99.52722168 150
v 322.76293945 -99.30476379 150
v 323.07772827 -99.06632233 150
v 323.38024902 -98.81248474 150
v 323.66970825 -98.54387665 150
v 323.94546509 -98.26118469 150
v 324.20675659 -97.96509552 150
v 324.45297241 -97.65634918 150
v 324.6835022 -97.33570862 150
v 324.8977356 -97.00398254 150
v 325.09518433 -96.6619873 150
v 325.27536011 -96.31057739 150
v 325.43777466 -95.95061493 150
v 325.58206177 -95.58301544 150
v 325.70782471 -95.2086792 150
v 325.81478882 -94.82852936 150
v 325.90264893 -94.44353485 150
v 325.97122192 -94.05462646 150
v 326.02032471 -93.66278839 150
v 326.04983521 -93.26899719 150
v 326.05969238 -92.87421417 150
v 326.04983521 -92.47943878 150
v 326.02032471 -92.08563995 150
v 325.97122192 -91.69380188 150
v 325.90264893 -91.30489349 150
v 325.81478882 -90.91989899 150
v 325.70782471 -90.53975677 150
v 325.58206177 -90.1654129 150
v 325.43777466 -89.79781342 150
v 325.27536011 -89.43785858 150
v 325.09518433 -89.08644104 150
v 324.8977356 -88.7444458 150
v 324.6835022 -88.41271973 150
v 324.45297241 -88.09208679 150
v 324.20675659 -87.78333282 150
v 323.94546509 -87.48724365 150
v 323.66970825 -87.2045517 150
v 323.38024902 -86.9359436 150
v 323.07772827 -86.68210602 150
v 322.76293945 -86.44366455 150
v 322.43664551 -86.22120667 150
v 322.09967041 -86.01529694 150
v 321.75286865 -85.82643127 150
v 321.39706421 -85.65509033 150
v 321.03317261 -85.50169373 150
v 320.66210938 -85.36663055 150
v 320.284729 -85.25022888 150
v 319.90203857 -85.15278625 150
v 319.51498413 -85.07453918 150
v 319.1244812 -85.01567841 150
v 318.73153687 -84.97636414 150
v 318.33712769 -84.95667267 150
v 317.94223022 -84.95667267 150
v 317.54782104 -84.97636414 150
v 317.15487671 -85.01567841 150
v 316.7644043 -85.07453918 150
v 316.37731934 -85.15278625 150
v 315.99462891 -85.25022888 150
v 315.61727905 -85.36663055 150
v 315.2461853 -85.50169373 150
v 314.8822937 -85.65509033 150
v 314.52648926 -85.82643127 150
v 314.1796875 -86.01529694 150
v 313.8427124 -86.22120667 150
v 313.51641846 -86.44366455 150
v 313.20162964 -86.68210602 150
v 312.8991394 -86.9359436 150
v 312.60964966 -87.2045517 150
v 312.33392334 -87.48724365 150
v 312.07260132 -87.78333282 150
v 311.8263855 -88.09208679 150
v 311.59588623 -88.41271973 150
v 311.38162231 -88.7444458 150
v 311.18417358 -89.08644104 150
v 311.0039978 -89.43785858 150
v 310.84158325 -89.79781342 150
v 310.69732666 -90.1654129 150
v 310.5715332 -90.53975677 150
v 310.46459961 -90.91989899 150
v 310.37670898 -91.30489349 150
v 310.30813599 -91.69380188 150
v 310.2590332 -92.08563995 150
v 310.22952271 -92.47943878 150
v 215.38723755 -172.90379333 0
v 215.38723755 -172.90379333 150
v 215.21585083 -171.97946167 0
v 215.21585083 -171.97946167 150
v 214.99888611 -171.06477356 0
v 214.99888611 -171.06477356 150
v 214.7368927 -170.16194153 0
v 214.7368927 -170.16194153 150
v 214.43049622 -169.27319336 0
v 214.43049622 -169.27319336 150
v 214.08045959 -168.40071106 0
v 214.08045959 -168.40071106 150
v 213.68762207 -167.54663086 0
v 213.68762207 -167.54663086 150
v 213.25297546 -166.71307373 0
v 213.25297546 -166.71307373 150
v 212.77757263 -165.90205383 0
v 212.77757263 -165.90205383 150
v 212.2625885 -165.11558533 0
v 212.2625885 -165.11558533 150
v 211.70927429 -164.35559082 0
v 211.70927429 -164.35559082 150
v 211.11898804 -163.62394714 0
v 211.11898804 -163.62394714 150
v 210.49319458 -162.92242432 0
v 210.49319458 -162.92242432 150
v 209.8334198 -162.25276184 0
v 209.8334198 -162.25276184 150
v 209.14128113 -161.61659241 0
v 209.14128113 -161.61659241 150
v 208.41848755 -161.01550293 0
v 208.41848755 -161.01550293 150
v 207.66680908 -160.45094299 0
v 207.66680908 -160.45094299 150
v 206.88809204 -159.92431641 0
v 206.88809204 -159.92431641 150
v 206.08422852 -159.43688965 0
v 206.08422852 -159.43688965 150
v 205.25723267 -158.98989868 0
v 205.25723267 -158.98989868 150
v 204.40908813 -158.58441162 0
v 204.40908813 -158.58441162 150
v 203.54191589 -158.22143555 0
v 203.54191589 -158.22143555 150
v 202.65782166 -157.90185547 0
v 202.65782166 -157.90185547 150
v 201.75898743 -157.62644958 0
v 201.75898743 -157.62644958 150
v 200.84761047 -157.39590454 0
v 200.84761047 -157.39590454 150
v 199.9259491 -157.21080017 0
v 199.9259491 -157.21080017 150
v 198.99623108 -157.07156372 0
v 198.99623108 -157.07156372 150
v 198.0607605 -156.97854614 0
v 198.0607605 -156.97854614 150
v 197.12184143 -156.93197632 0
v 197.12184143 -156.93197632 150
v 196.1817627 -156.93197632 0
v 196.1817627 -156.93197632 150
v 195.24282837 -156.97854614 0
v 195.24282837 -156.97854614 150
v 194.30737305 -157.07156372 0
v 194.30737305 -157.07156372 150
v 193.37765503 -157.21080017 0
v 193.37765503 -157.21080017 150
v 192.45597839 -157.39590454 0
v 192.45597839 -157.39590454 150
v 191.54460144 -157.62644958 0
v 191.54460144 -157.62644958 150
v 190.64576721 -157.90185547 0
v 190.64576721 -157.90185547 150
v 189.76168823 -158.22143555 0
v 189.76168823 -158.22143555 150
v 188.89450073 -158.58441162 0
v 188.89450073 -158.58441162 150
v 188.04637146 -158.98989868 0
v 188.04637146 -158.98989868 150
v 187.21936035 -159.43688965 0
v 187.21936035 -159.43688965 150
v 186.41551208 -159.92431641 150
v 186.41551208 -159.92431641 0
v 185.63679504 -160.45094299 0
v 185.63679504 -160.45094299 150
v 184.88511658 -161.01550293 150
v 184.88511658 -161.01550293 0
v 184.16230774 -161.61659241 150
v 184.16230774 -161.61659241 0
v 183.47018433 -162.25276184 0
v 183.47018433 -162.25276184 150
v 182.81040955 -162.92242432 0
v 182.81040955 -162.92242432 150
v 182.18461609 -163.62394714 150
v 182.18461609 -163.62394714 0
v 181.59432983 -164.35559082 0
v 181.59432983 -164.35559082 150
v 181.04101562 -165.11558533 150
v 181.04101562 -165.11558533 0
v 180.52603149 -165.90205383 0
v 180.52603149 -165.90205383 150
v 180.05062866 -166.71307373 150
v 180.05062866 -166.71307373 0
v 179.6159668 -167.54663086 0
v 179.6159668 -167.54663086 150
v 179.22314453 -168.40071106 150
v 179.22314453 -168.40071106 0
v 178.87310791 -169.27319336 150
v 178.87310791 -169.27319336 0
v 178.56671143 -170.16194153 150
v 178.56671143 -170.16194153 0
v 178.30470276 -171.06477356 0
v 178.30470276 -171.06477356 150
v 178.0877533 -171.97946167 150
v 178.0877533 -171.97946167 0
v 177.91636658 -172.90379333 150
v 177.91636658 -172.90379333 0
v 174.5766449 -175.89538574 150
v 174.4034729 -175.89959717 0
v 174.5766449 -175.89538574 0
v 174.4034729 -175.89959717 150
v 174.74940491 -175.88273621 150
v 174.74940491 -175.88273621 0
v 174.9213562 -175.86170959 150
v 174.9213562 -175.86170959 0
v 175.09207153 -175.83232117 150
v 175.09207153 -175.83232117 0
v 175.26115417 -175.79466248 0
v 175.26115417 -175.79466248 150
v 175.4282074 -175.74882507 150
v 175.4282074 -175.74882507 0
v 175.59281921 -175.69490051 0
v 175.59281921 -175.69490051 150
v 175.75462341 -175.63302612 150
v 175.75462341 -175.63302612 0
v 175.91322327 -175.56335449 0
v 175.91322327 -175.56335449 150
v 176.0682373 -175.48603821 150
v 176.0682373 -175.48603821 0
v 176.21931458 -175.40127563 0
v 176.21931458 -175.40127563 150
v 176.36607361 -175.30924988 150
v 176.36607361 -175.30924988 0
v 176.50817871 -175.21020508 0
v 176.50817871 -175.21020508 150
v 176.64530945 -175.1043396 150
v 176.64530945 -175.1043396 0
v 176.77711487 -174.99194336 150
v 176.77711487 -174.99194336 0
v 176.90328979 -174.8732605 150
v 176.90328979 -174.8732605 0
v 177.02354431 -174.74856567 0
v 177.02354431 -174.74856567 150
v 177.13757324 -174.61817932 150
v 177.13757324 -174.61817932 0
v 177.24513245 -174.4823761 150
v 177.24513245 -174.4823761 0
v 177.34594727 -174.34152222 150
v 177.34594727 -174.34152222 0
v 177.43978882 -174.19590759 150
v 177.43978882 -174.19590759 0
v 177.52644348 -174.0459137 0
v 177.52644348 -174.0459137 150
v 177.60566711 -173.89186096 150
v 177.60566711 -173.89186096 0
v 177.67732239 -173.73414612 150
v 177.67732239 -173.73414612 0
v 177.74119568 -173.57313538 150
v 177.74119568 -173.57313538 0
v 177.79716492 -173.40919495 0
v 177.79716492 -173.40919495 150
v 177.84509277 -173.24273682 150
v 177.84509277 -173.24273682 0
v 177.88485718 -173.0741272 150
v 177.88485718 -173.0741272 0
v 170.56332397 -175.89959717 0
v 170.56332397 -175.89959717 150
v 167.01008606 -172.51663208 150
v 167.00579834 -172.34208679 0
v 167.01008606 -172.51663208 0
v 167.00579834 -172.34208679 150
v 167.02293396 -172.69078064 150
v 167.02293396 -172.69078064 0
v 167.04431152 -172.86407471 150
v 167.04431152 -172.86407471 0
v 167.07415771 -173.03611755 150
v 167.07415771 -173.03611755 0
v 167.1124115 -173.20648193 150
v 167.1124115 -173.20648193 0
v 167.15898132 -173.37477112 0
v 167.15898132 -173.37477112 150
v 167.21376038 -173.54057312 0
v 167.21376038 -173.54057312 150
v 167.27659607 -173.70349121 150
v 167.27659607 -173.70349121 0
v 167.34736633 -173.8631134 0
v 167.34736633 -173.8631134 150
v 167.4258728 -174.01908875 150
v 167.4258728 -174.01908875 0
v 167.51193237 -174.17100525 150
v 167.51193237 -174.17100525 0
v 167.60534668 -174.31852722 150
v 167.60534668 -174.31852722 0
v 167.70588684 -174.46128845 150
v 167.70588684 -174.46128845 0
v 167.81332397 -174.59895325 150
v 167.81332397 -174.59895325 0
v 167.92736816 -174.73117065 150
v 167.92736816 -174.73117065 0
v 168.04777527 -174.85762024 150
v 168.04777527 -174.85762024 0
v 168.17424011 -174.97802734 0
v 168.17424011 -174.97802734 150
v 168.30645752 -175.09208679 150
v 168.30645752 -175.09208679 0
v 168.44410706 -175.19950867 150
v 168.44410706 -175.19950867 0
v 168.58686829 -175.30004883 0
v 168.58686829 -175.30004883 150
v 168.73439026 -175.39346313 150
v 168.73439026 -175.39346313 0
v 168.88632202 -175.47953796 0
v 168.88632202 -175.47953796 150
v 169.0422821 -175.55804443 150
v 169.0422821 -175.55804443 0
v 169.20191956 -175.62879944 150
v 169.20191956 -175.62879944 0
v 169.36482239 -175.69163513 150
v 169.36482239 -175.69163513 0
v 169.53062439 -175.74641418 150
v 169.53062439 -175.74641418 0
v 169.69891357 -175.79298401 150
v 169.69891357 -175.79298401 0
v 169.86927795 -175.83123779 0
v 169.86927795 -175.83123779 150
v 170.0413208 -175.86109924 0
v 170.0413208 -175.86109924 150
v 170.21461487 -175.88247681 150
v 170.21461487 -175.88247681 0
v 170.38876343 -175.89530945 0
v 170.38876343 -175.89530945 150
v 167.00579834 -143.88192749 0
v 167.00579834 -143.88192749 150
v 170.38876343 -140.32868958 150
v 170.56332397 -140.32440186 0
v 170.38876343 -140.32868958 0
v 170.56332397 -140.32440186 150
v 170.21461487 -140.34153748 150
v 170.21461487 -140.34153748 0
v 170.0413208 -140.36289978 150
v 170.0413208 -140.36289978 0
v 169.86927795 -140.39276123 150
v 169.86927795 -140.39276123 0
v 169.69891357 -140.43101501 150
v 169.69891357 -140.43101501 0
v 169.53062439 -140.47758484 0
v 169.53062439 -140.47758484 150
v 169.36482239 -140.53236389 0
v 169.36482239 -140.53236389 150
v 169.20191956 -140.59519958 150
v 169.20191956 -140.59519958 0
v 169.0422821 -140.66595459 0
v 169.0422821 -140.66595459 150
v 168.88632202 -140.74446106 150
v 168.88632202 -140.74446106 0
v 168.73439026 -140.83053589 150
v 168.73439026 -140.83053589 0
v 168.58686829 -140.9239502 150
v 168.58686829 -140.9239502 0
v 168.44410706 -141.02449036 150
v 168.44410706 -141.02449036 0
v 168.30645752 -141.13191223 150
v 168.30645752 -141.13191223 0
v 168.17424011 -141.24597168 150
v 168.17424011 -141.24597168 0
v 168.04777527 -141.36637878 150
v 168.04777527 -141.36637878 0
v 167.92736816 -141.49282837 0
v 167.92736816 -141.49282837 150
v 167.81332397 -141.62504578 150
v 167.81332397 -141.62504578 0
v 167.70588684 -141.76271057 150
v 167.70588684 -141.76271057 0
v 167.60534668 -141.9054718 0
v 167.60534668 -141.9054718 150
v 167.51193237 -142.05299377 150
v 167.51193237 -142.05299377 0
v 167.4258728 -142.20491028 0
v 167.4258728 -142.20491028 150
v 167.34736633 -142.36088562 150
v 167.34736633 -142.36088562 0
v 167.27659607 -142.52052307 150
v 167.27659607 -142.52052307 0
v 167.21376038 -142.6834259 150
v 167.21376038 -142.6834259 0
v 167.15898132 -142.84922791 150
v 167.15898132 -142.84922791 0
v 167.1124115 -143.01751709 150
v 167.1124115 -143.01751709 0
v 167.07415771 -143.18788147 0
v 167.07415771 -143.18788147 150
v 167.04431152 -143.35992432 0
v 167.04431152 -143.35992432 150
v 167.02293396 -143.53321838 150
v 167.02293396 -143.53321838 0
v 167.01008606 -143.70736694 0
v 167.01008606 -143.70736694 150
v 222.74028015 -140.32440186 150
v 222.74028015 -140.32440186 0
v 226.29351807 -143.70736694 150
v 226.29780579 -143.88192749 0
v 226.29351807 -143.70736694 0
v 226.29780579 -143.88192749 150
v 226.28067017 -143.53321838 150
v 226.28067017 -143.53321838 0
v 226.2592926 -143.35992432 150
v 226.2592926 -143.35992432 0
v 226.22944641 -143.18788147 150
v 226.22944641 -143.18788147 0
v 226.19119263 -143.01751709 150
v 226.19119263 -143.01751709 0
v 226.14460754 -142.84922791 0
v 226.14460754 -142.84922791 150
v 226.08984375 -142.6834259 0
v 226.08984375 -142.6834259 150
v 226.0269928 -142.52052307 150
v 226.0269928 -142.52052307 0
v 225.95623779 -142.36088562 0
v 225.95623779 -142.36088562 150
v 225.87773132 -142.20491028 150
v 225.87773132 -142.20491028 0
v 225.79167175 -142.05299377 150
v 225.79167175 -142.05299377 0
v 225.69824219 -141.9054718 150
v 225.69824219 -141.9054718 0
v 225.59770203 -141.76271057 150
v 225.59770203 -141.76271057 0
v 225.49028015 -141.62504578 150
v 225.49028015 -141.62504578 0
v 225.37623596 -141.49282837 150
v 225.37623596 -141.49282837 0
v 225.25582886 -141.36637878 150
v 225.25582886 -141.36637878 0
v 225.12936401 -141.24597168 0
v 225.12936401 -141.24597168 150
v 224.99714661 -141.13191223 150
v 224.99714661 -141.13191223 0
v 224.85949707 -141.02449036 150
v 224.85949707 -141.02449036 0
v 224.71673584 -140.9239502 0
v 224.71673584 -140.9239502 150
v 224.56921387 -140.83053589 150
v 224.56921387 -140.83053589 0
v 224.4172821 -140.74446106 0
v 224.4172821 -140.74446106 150
v 224.26132202 -140.66595459 150
v 224.26132202 -140.66595459 0
v 224.10168457 -140.59519958 150
v 224.10168457 -140.59519958 0
v 223.93876648 -140.53236389 150
v 223.93876648 -140.53236389 0
v 223.77297974 -140.47758484 150
v 223.77297974 -140.47758484 0
v 223.60469055 -140.43101501 150
v 223.60469055 -140.43101501 0
v 223.43431091 -140.39276123 0
v 223.43431091 -140.39276123 150
v 223.26228333 -140.36289978 0
v 223.26228333 -140.36289978 150
v 223.088974 -140.34153748 150
v 223.088974 -140.34153748 0
v 222.9148407 -140.32868958 0
v 222.9148407 -140.32868958 150
v 226.29780579 -172.34208679 0
v 226.29780579 -172.34208679 150
v 222.9148407 -175.89530945 150
v 222.74028015 -175.89959717 0
v 222.9148407 -175.89530945 0
v 222.74028015 -175.89959717 150
v 223.088974 -175.88247681 150
v 223.088974 -175.88247681 0
v 223.26228333 -175.86109924 150
v 223.26228333 -175.86109924 0
v 223.43431091 -175.83123779 150
v 223.43431091 -175.83123779 0
v 223.60469055 -175.79298401 150
v 223.60469055 -175.79298401 0
v 223.77297974 -175.74641418 0
v 223.77297974 -175.74641418 150
v 223.93876648 -175.69163513 0
v 223.93876648 -175.69163513 150
v 224.10168457 -175.62879944 150
v 224.10168457 -175.62879944 0
v 224.26132202 -175.55804443 0
v 224.26132202 -175.55804443 150
v 224.4172821 -175.47953796 150
v 224.4172821 -175.47953796 0
v 224.56921387 -175.39346313 150
v 224.56921387 -175.39346313 0
v 224.71673584 -175.30004883 150
v 224.71673584 -175.30004883 0
v 224.85949707 -175.19950867 150
v 224.85949707 -175.19950867 0
v 224.99714661 -175.09208679 150
v 224.99714661 -175.09208679 0
v 225.12936401 -174.97802734 150
v 225.12936401 -174.97802734 0
v 225.25582886 -174.85762024 150
v 225.25582886 -174.85762024 0
v 225.37623596 -174.73117065 0
v 225.37623596 -174.73117065 150
v 225.49028015 -174.59895325 150
v 225.49028015 -174.59895325 0
v 225.59770203 -174.46128845 150
v 225.59770203 -174.46128845 0
v 225.69824219 -174.31852722 0
v 225.69824219 -174.31852722 150
v 225.79167175 -174.17100525 150
v 225.79167175 -174.17100525 0
v 225.87773132 -174.01908875 0
v 225.87773132 -174.01908875 150
v 225.95623779 -173.8631134 150
v 225.95623779 -173.8631134 0
v 226.0269928 -173.70349121 150
v 226.0269928 -173.70349121 0
v 226.08984375 -173.54057312 150
v 226.08984375 -173.54057312 0
v 226.14460754 -173.37477112 150
v 226.14460754 -173.37477112 0
v 226.19119263 -173.20648193 150
v 226.19119263 -173.20648193 0
v 226.22944641 -173.03611755 0
v 226.22944641 -173.03611755 150
v 226.2592926 -172.86407471 0
v 226.2592926 -172.86407471 150
v 226.28067017 -172.69078064 150
v 226.28067017 -172.69078064 0
v 226.29351807 -172.51663208 0
v 226.29351807 -172.51663208 150
v 218.90013123 -175.89959717 0
v 218.90013123 -175.89959717 150
v 215.41874695 -173.0741272 0
v 215.41874695 -173.0741272 150
v 215.45851135 -173.24273682 0
v 215.45851135 -173.24273682 150
v 215.50642395 -173.40919495 150
v 215.50642395 -173.40919495 0
v 215.56239319 -173.57313538 150
v 215.56239319 -173.57313538 0
v 215.62628174 -173.73414612 150
v 215.62628174 -173.73414612 0
v 215.69792175 -173.89186096 150
v 215.69792175 -173.89186096 0
v 215.77716064 -174.0459137 0
v 215.77716064 -174.0459137 150
v 215.86380005 -174.19590759 0
v 215.86380005 -174.19590759 150
v 215.9576416 -174.34152222 150
v 215.9576416 -174.34152222 0
v 216.05847168 -174.4823761 150
v 216.05847168 -174.4823761 0
v 216.16601562 -174.61817932 150
v 216.16601562 -174.61817932 0
v 216.28005981 -174.74856567 150
v 216.28005981 -174.74856567 0
v 216.40031433 -174.8732605 150
v 216.40031433 -174.8732605 0
v 216.52648926 -174.99194336 150
v 216.52648926 -174.99194336 0
v 216.65829468 -175.1043396 0
v 216.65829468 -175.1043396 150
v 216.79541016 -175.21020508 0
v 216.79541016 -175.21020508 150
v 216.93753052 -175.30924988 150
v 216.93753052 -175.30924988 0
v 217.08428955 -175.40127563 0
v 217.08428955 -175.40127563 150
v 217.23536682 -175.48603821 150
v 217.23536682 -175.48603821 0
v 217.39038086 -175.56335449 0
v 217.39038086 -175.56335449 150
v 217.54898071 -175.63302612 150
v 217.54898071 -175.63302612 0
v 217.71076965 -175.69490051 0
v 217.71076965 -175.69490051 150
v 217.87539673 -175.74882507 150
v 217.87539673 -175.74882507 0
v 218.04244995 -175.79466248 0
v 218.04244995 -175.79466248 150
v 218.21153259 -175.83232117 0
v 218.21153259 -175.83232117 150
v 218.38224792 -175.86170959 150
v 218.38224792 -175.86170959 0
v 218.55418396 -175.88273621 150
v 218.55418396 -175.88273621 0
v 218.72695923 -175.89538574 0
v 218.72695923 -175.89538574 150
v 477.9887085 -191.32533264 150
v 477.9887085 -191.32533264 0
v 478.10144043 -191.23912048 0
v 478.10144043 -191.23912048 150
v 478.20977783 -191.14746094 0
v 478.20977783 -191.14746094 150
v 478.31347656 -191.05056763 150
v 478.31347656 -191.05056763 0
v 478.41226196 -190.94868469 0
v 478.41226196 -190.94868469 150
v 478.50588989 -190.84205627 150
v 478.50588989 -190.84205627 0
v 478.59417725 -190.73095703 150
v 478.59417725 -190.73095703 0
v 478.67687988 -190.6156311 0
v 478.67687988 -190.6156311 150
v 478.7538147 -190.49638367 150
v 478.7538147 -190.49638367 0
v 478.82476807 -190.37347412 150
v 478.82476807 -190.37347412 0
v 478.8895874 -190.24723816 150
v 478.8895874 -190.24723816 0
v 478.94812012 -190.11795044 150
v 478.94812012 -190.11795044 0
v 479.00018311 -189.98594666 150
v 479.00018311 -189.98594666 0
v 479.04568481 -189.85151672 0
v 479.04568481 -189.85151672 150
v 479.08453369 -189.71502686 0
v 479.08453369 -189.71502686 150
v 479.11660767 -189.57678223 150
v 479.11660767 -189.57678223 0
v 479.14181519 -189.43713379 150
v 479.14181519 -189.43713379 0
v 479.16012573 -189.29640198 150
v 479.16012573 -189.29640198 0
v 479.17147827 -189.154953 150
v 479.17147827 -189.154953 0
v 479.17584229 -189.0131073 0
v 479.17584229 -189.0131073 150
v 479.17321777 -188.87121582 150
v 479.17321777 -188.87121582 0
v 479.16360474 -188.72962952 150
v 479.16360474 -188.72962952 0
v 479.14703369 -188.58869934 0
v 479.14703369 -188.58869934 150
v 479.12353516 -188.44874573 150
v 479.12353516 -188.44874573 0
v 479.09320068 -188.31011963 0
v 479.09320068 -188.31011963 150
v 479.05603027 -188.17315674 150
v 479.05603027 -188.17315674 0
v 479.01217651 -188.03817749 0
v 479.01217651 -188.03817749 150
v 478.96173096 -187.9055481 150
v 478.96173096 -187.9055481 0
v 478.90481567 -187.77554321 0
v 478.90481567 -187.77554321 150
v 478.84155273 -187.64851379 150
v 478.84155273 -187.64851379 0
v 478.77212524 -187.52474976 0
v 478.77212524 -187.52474976 150
v 478.69668579 -187.40455627 150
v 478.69668579 -187.40455627 0
v 478.61538696 -187.28822327 150
v 478.61538696 -187.28822327 0
v 478.5284729 -187.17604065 150
v 478.5284729 -187.17604065 0
v 478.43615723 -187.06826782 150
v 478.43615723 -187.06826782 0
v 478.33862305 -186.96517944 0
v 478.33862305 -186.96517944 150
v 478.23614502 -186.86701965 150
v 478.23614502 -186.86701965 0
v 478.12893677 -186.77403259 150
v 478.12893677 -186.77403259 0
v 478.01730347 -186.68643188 150
v 478.01730347 -186.68643188 0
v 477.90145874 -186.60443115 150
v 477.90145874 -186.60443115 0
v 477.78173828 -186.52824402 0
v 477.78173828 -186.52824402 150
v 477.65841675 -186.45805359 0
v 477.65841675 -186.45805359 150
v 477.5317688 -186.39401245 150
v 477.5317688 -186.39401245 0
v 477.40213013 -186.33628845 150
v 477.40213013 -186.33628845 0
v 477.26980591 -186.28503418 150
v 477.26980591 -186.28503418 0
v 477.13510132 -186.24034119 150
v 477.13510132 -186.24034119 0
v 476.99838257 -186.2023468 150
v 476.99838257 -186.2023468 0
v 476.85992432 -186.17114258 0
v 476.85992432 -186.17114258 150
v 476.72012329 -186.14678955 150
v 476.72012329 -186.14678955 0
v 476.57928467 -186.12934875 150
v 476.57928467 -186.12934875 0
v 476.43777466 -186.11886597 0
v 476.43777466 -186.11886597 150
v 476.29589844 -186.1153717 150
v 476.29589844 -186.1153717 0
v 467.87963867 -198.67002869 150
v 467.87963867 -198.67002869 0
v 471.7409668 -210.55397034 0
v 471.7409668 -210.55397034 150
v 467.30908203 -213.77391052 150
v 467.30908203 -213.77391052 0
v 467.42593384 -213.85447693 0
v 467.42593384 -213.85447693 150
v 467.54656982 -213.92918396 150
v 467.54656982 -213.92918396 0
v 467.67077637 -213.99784851 150
v 467.67077637 -213.99784851 0
v 467.79818726 -214.06031799 0
v 467.79818726 -214.06031799 150
v 467.92852783 -214.11643982 0
v 467.92852783 -214.11643982 150
v 468.06149292 -214.16607666 150
v 468.06149292 -214.16607666 0
v 468.19671631 -214.20909119 0
v 468.19671631 -214.20909119 150
v 468.33389282 -214.24539185 150
v 468.33389282 -214.24539185 0
v 468.47271729 -214.27490234 150
v 468.47271729 -214.27490234 0
v 468.61282349 -214.29753113 150
v 468.61282349 -214.29753113 0
v 468.75384521 -214.31323242 0
v 468.75384521 -214.31323242 150
v 468.89550781 -214.32197571 150
v 468.89550781 -214.32197571 0
v 469.03738403 -214.32373047 150
v 469.03738403 -214.32373047 0
v 469.17919922 -214.31848145 150
v 469.17919922 -214.31848145 0
v 469.32058716 -214.30625916 150
v 469.32058716 -214.30625916 0
v 469.46121216 -214.28707886 150
v 469.46121216 -214.28707886 0
v 469.60070801 -214.26100159 150
v 469.60070801 -214.26100159 0
v 469.73873901 -214.22808838 150
v 469.73873901 -214.22808838 0
v 469.875 -214.18841553 150
v 469.875 -214.18841553 0
v 470.00912476 -214.14207458 150
v 470.00912476 -214.14207458 0
v 470.14080811 -214.08918762 150
v 470.14080811 -214.08918762 0
v 470.26974487 -214.02987671 150
v 470.26974487 -214.02987671 0
v 470.39556885 -213.96427917 150
v 470.39556885 -213.96427917 0
v 470.51803589 -213.89256287 150
v 470.51803589 -213.89256287 0
v 470.6368103 -213.81491089 150
v 470.6368103 -213.81491089 0
v 470.75161743 -213.73149109 150
v 470.75161743 -213.73149109 0
v 470.86218262 -213.64253235 150
v 470.86218262 -213.64253235 0
v 470.9682312 -213.54821777 0
v 470.9682312 -213.54821777 150
v 471.06948853 -213.44880676 150
v 471.06948853 -213.44880676 0
v 471.16574097 -213.3445282 0
v 471.16574097 -213.3445282 150
v 471.25674438 -213.23562622 150
v 471.25674438 -213.23562622 0
v 471.34225464 -213.12237549 0
v 471.34225464 -213.12237549 150
v 471.42211914 -213.00505066 150
v 471.42211914 -213.00505066 0
v 471.49606323 -212.88394165 150
v 471.49606323 -212.88394165 0
v 471.56396484 -212.75933838 150
v 471.56396484 -212.75933838 0
v 471.62567139 -212.63153076 150
v 471.62567139 -212.63153076 0
v 471.68096924 -212.50083923 150
v 471.68096924 -212.50083923 0
v 471.72979736 -212.36758423 0
v 471.72979736 -212.36758423 150
v 471.77197266 -212.23208618 150
v 471.77197266 -212.23208618 0
v 471.80743408 -212.09468079 0
v 471.80743408 -212.09468079 150
v 471.83609009 -211.95568848 150
v 471.83609009 -211.95568848 0
v 471.85784912 -211.81546021 0
v 471.85784912 -211.81546021 150
v 471.87268066 -211.67433167 150
v 471.87268066 -211.67433167 0
v 471.8805542 -211.53263855 150
v 471.8805542 -211.53263855 0
v 471.88140869 -211.39071655 150
v 471.88140869 -211.39071655 0
v 471.87530518 -211.24894714 150
v 471.87530518 -211.24894714 0
v 471.86221313 -211.1076355 150
v 471.86221313 -211.1076355 0
v 471.84216309 -210.96714783 150
v 471.84216309 -210.96714783 0
v 471.81524658 -210.82781982 0
v 471.81524658 -210.82781982 150
v 471.78146362 -210.68997192 150
v 471.78146362 -210.68997192 0
v 457.20001221 -206.42922974 0
v 457.20001221 -206.42922974 150
v 447.09091187 -213.77391052 0
v 447.09091187 -213.77391052 150
v 442.61853027 -210.68997192 150
v 442.65905762 -210.55397034 0
v 442.61853027 -210.68997192 0
v 442.65905762 -210.55397034 150
v 442.58474731 -210.82781982 150
v 442.58474731 -210.82781982 0
v 442.55783081 -210.96714783 150
v 442.55783081 -210.96714783 0
v 442.53778076 -211.1076355 150
v 442.53778076 -211.1076355 0
v 442.52468872 -211.24894714 0
v 442.52468872 -211.24894714 150
v 442.51858521 -211.39071655 150
v 442.51858521 -211.39071655 0
v 442.5194397 -211.53263855 150
v 442.5194397 -211.53263855 0
v 442.52731323 -211.67433167 150
v 442.52731323 -211.67433167 0
v 442.54214478 -211.81546021 0
v 442.54214478 -211.81546021 150
v 442.56390381 -211.95568848 0
v 442.56390381 -211.95568848 150
v 442.59255981 -212.09468079 0
v 442.59255981 -212.09468079 150
v 442.62802124 -212.23208618 150
v 442.62802124 -212.23208618 0
v 442.67022705 -212.36758423 150
v 442.67022705 -212.36758423 0
v 442.71902466 -212.50083923 0
v 442.71902466 -212.50083923 150
v 442.77435303 -212.63153076 150
v 442.77435303 -212.63153076 0
v 442.83602905 -212.75933838 150
v 442.83602905 -212.75933838 0
v 442.90393066 -212.88394165 150
v 442.90393066 -212.88394165 0
v 442.97790527 -213.00505066 150
v 442.97790527 -213.00505066 0
v 443.05773926 -213.12237549 150
v 443.05773926 -213.12237549 0
v 443.14324951 -213.23562622 0
v 443.14324951 -213.23562622 150
v 443.23425293 -213.3445282 150
v 443.23425293 -213.3445282 0
v 443.33050537 -213.44880676 0
v 443.33050537 -213.44880676 150
v 443.4317627 -213.54821777 0
v 443.4317627 -213.54821777 150
v 443.53781128 -213.64253235 150
v 443.53781128 -213.64253235 0
v 443.64837646 -213.73149109 150
v 443.64837646 -213.73149109 0
v 443.76318359 -213.81491089 0
v 443.76318359 -213.81491089 150
v 443.88195801 -213.89256287 150
v 443.88195801 -213.89256287 0
v 444.00442505 -213.96427917 0
v 444.00442505 -213.96427917 150
v 444.13024902 -214.02987671 150
v 444.13024902 -214.02987671 0
v 444.25918579 -214.08918762 0
v 444.25918579 -214.08918762 150
v 444.39086914 -214.14207458 150
v 444.39086914 -214.14207458 0
v 444.5249939 -214.18841553 0
v 444.5249939 -214.18841553 150
v 444.66125488 -214.22808838 0
v 444.66125488 -214.22808838 150
v 444.79928589 -214.26100159 150
v 444.79928589 -214.26100159 0
v 444.93878174 -214.28707886 0
v 444.93878174 -214.28707886 150
v 445.07940674 -214.30625916 150
v 445.07940674 -214.30625916 0
v 445.22079468 -214.31848145 150
v 445.22079468 -214.31848145 0
v 445.36260986 -214.32373047 150
v 445.36260986 -214.32373047 0
v 445.5045166 -214.32197571 150
v 445.5045166 -214.32197571 0
v 445.64614868 -214.31323242 150
v 445.64614868 -214.31323242 0
v 445.78720093 -214.29753113 150
v 445.78720093 -214.29753113 0
v 445.92727661 -214.27490234 150
v 445.92727661 -214.27490234 0
v 446.06610107 -214.24539185 150
v 446.06610107 -214.24539185 0
v 446.20327759 -214.20909119 150
v 446.20327759 -214.20909119 0
v 446.33853149 -214.16607666 0
v 446.33853149 -214.16607666 150
v 446.47146606 -214.11643982 0
v 446.47146606 -214.11643982 150
v 446.60180664 -214.06031799 150
v 446.60180664 -214.06031799 0
v 446.72921753 -213.99784851 150
v 446.72921753 -213.99784851 0
v 446.85342407 -213.92918396 150
v 446.85342407 -213.92918396 0
v 446.97409058 -213.85447693 150
v 446.97409058 -213.85447693 0
v 446.52038574 -198.67002869 0
v 446.52038574 -198.67002869 150
v 436.4112854 -191.32533264 0
v 436.4112854 -191.32533264 150
v 437.96221924 -186.11886597 150
v 438.10409546 -186.1153717 0
v 437.96221924 -186.11886597 0
v 438.10409546 -186.1153717 150
v 437.82070923 -186.12934875 150
v 437.82070923 -186.12934875 0
v 437.67987061 -186.14678955 150
v 437.67987061 -186.14678955 0
v 437.54006958 -186.17114258 150
v 437.54006958 -186.17114258 0
v 437.40164185 -186.2023468 150
v 437.40164185 -186.2023468 0
v 437.26489258 -186.24034119 150
v 437.26489258 -186.24034119 0
v 437.13021851 -186.28503418 0
v 437.13021851 -186.28503418 150
v 436.99786377 -186.33628845 150
v 436.99786377 -186.33628845 0
v 436.8682251 -186.39401245 150
v 436.8682251 -186.39401245 0
v 436.74157715 -186.45805359 150
v 436.74157715 -186.45805359 0
v 436.61825562 -186.52824402 0
v 436.61825562 -186.52824402 150
v 436.49853516 -186.60443115 150
v 436.49853516 -186.60443115 0
v 436.38269043 -186.68643188 0
v 436.38269043 -186.68643188 150
v 436.27105713 -186.77403259 150
v 436.27105713 -186.77403259 0
v 436.16384888 -186.86701965 150
v 436.16384888 -186.86701965 0
v 436.06137085 -186.96517944 150
v 436.06137085 -186.96517944 0
v 435.96383667 -187.06826782 0
v 435.96383667 -187.06826782 150
v 435.871521 -187.17604065 0
v 435.871521 -187.17604065 150
v 435.78460693 -187.28822327 150
v 435.78460693 -187.28822327 0
v 435.70333862 -187.40455627 150
v 435.70333862 -187.40455627 0
v 435.62786865 -187.52474976 0
v 435.62786865 -187.52474976 150
v 435.55844116 -187.64851379 150
v 435.55844116 -187.64851379 0
v 435.49517822 -187.77554321 0
v 435.49517822 -187.77554321 150
v 435.43826294 -187.9055481 150
v 435.43826294 -187.9055481 0
v 435.38781738 -188.03817749 150
v 435.38781738 -188.03817749 0
v 435.34396362 -188.17315674 0
v 435.34396362 -188.17315674 150
v 435.30682373 -188.31011963 150
v 435.30682373 -188.31011963 0
v 435.27645874 -188.44874573 150
v 435.27645874 -188.44874573 0
v 435.25296021 -188.58869934 150
v 435.25296021 -188.58869934 0
v 435.23638916 -188.72962952 150
v 435.23638916 -188.72962952 0
v 435.22677612 -188.87121582 150
v 435.22677612 -188.87121582 0
v 435.22415161 -189.0131073 0
v 435.22415161 -189.0131073 150
v 435.22851562 -189.154953 150
v 435.22851562 -189.154953 0
v 435.23986816 -189.29640198 0
v 435.23986816 -189.29640198 150
v 435.25817871 -189.43713379 150
v 435.25817871 -189.43713379 0
v 435.28338623 -189.57678223 150
v 435.28338623 -189.57678223 0
v 435.31546021 -189.71502686 150
v 435.31546021 -189.71502686 0
v 435.35430908 -189.85151672 150
v 435.35430908 -189.85151672 0
v 435.39981079 -189.98594666 0
v 435.39981079 -189.98594666 150
v 435.4519043 -190.11795044 0
v 435.4519043 -190.11795044 150
v 435.51040649 -190.24723816 0
v 435.51040649 -190.24723816 150
v 435.57522583 -190.37347412 150
v 435.57522583 -190.37347412 0
v 435.6461792 -190.49638367 150
v 435.6461792 -190.49638367 0
v 435.72311401 -190.6156311 150
v 435.72311401 -190.6156311 0
v 435.80581665 -190.73095703 150
v 435.80581665 -190.73095703 0
v 435.894104 -190.84205627 150
v 435.894104 -190.84205627 0
v 435.98776245 -190.94868469 0
v 435.98776245 -190.94868469 150
v 436.08654785 -191.05056763 0
v 436.08654785 -191.05056763 150
v 436.19021606 -191.14746094 150
v 436.19021606 -191.14746094 0
v 436.29855347 -191.23912048 0
v 436.29855347 -191.23912048 150
v 450.59963989 -186.1153717 0
v 450.59963989 -186.1153717 150
v 454.46096802 -174.23141479 150
v 454.46096802 -174.23141479 0
v 459.9390564 -174.23141479 150
v 459.9390564 -174.23141479 0
v 459.89187622 -174.0975647 0
v 459.89187622 -174.0975647 150
v 459.83816528 -173.96621704 0
v 459.83816528 -173.96621704 150
v 459.77807617 -173.83766174 150
v 459.77807617 -173.83766174 0
v 459.71170044 -173.71221924 0
v 459.71170044 -173.71221924 150
v 459.63925171 -173.59020996 150
v 459.63925171 -173.59020996 0
v 459.56085205 -173.47190857 150
v 459.56085205 -173.47190857 0
v 459.47674561 -173.35762024 0
v 459.47674561 -173.35762024 150
v 459.38708496 -173.24760437 0
v 459.38708496 -173.24760437 150
v 459.29211426 -173.14213562 150
v 459.29211426 -173.14213562 0
v 459.19207764 -173.04148865 0
v 459.19207764 -173.04148865 150
v 459.08721924 -172.94587708 150
v 459.08721924 -172.94587708 0
v 458.97775269 -172.8555603 150
v 458.97775269 -172.8555603 0
v 458.86398315 -172.77073669 150
v 458.86398315 -172.77073669 0
v 458.7461853 -172.69161987 150
v 458.7461853 -172.69161987 0
v 458.62460327 -172.6184082 150
v 458.62460327 -172.6184082 0
v 458.49957275 -172.55126953 0
v 458.49957275 -172.55126953 150
v 458.37139893 -172.4903717 150
v 458.37139893 -172.4903717 0
v 458.24038696 -172.43586731 150
v 458.24038696 -172.43586731 0
v 458.10681152 -172.38787842 0
v 458.10681152 -172.38787842 150
v 457.97106934 -172.3465271 150
v 457.97106934 -172.3465271 0
v 457.83343506 -172.31190491 150
v 457.83343506 -172.31190491 0
v 457.6942749 -172.28411865 150
v 457.6942749 -172.28411865 0
v 457.55392456 -172.26321411 150
v 457.55392456 -172.26321411 0
v 457.41268921 -172.24925232 150
v 457.41268921 -172.24925232 0
v 457.27096558 -172.24226379 150
v 457.27096558 -172.24226379 0
v 457.12905884 -172.24226379 150
v 457.12905884 -172.24226379 0
v 456.98730469 -172.24925232 150
v 456.98730469 -172.24925232 0
v 456.84606934 -172.26321411 150
v 456.84606934 -172.26321411 0
v 456.70571899 -172.28411865 0
v 456.70571899 -172.28411865 150
v 456.56655884 -172.31190491 150
v 456.56655884 -172.31190491 0
v 456.42892456 -172.3465271 150
v 456.42892456 -172.3465271 0
v 456.29318237 -172.38787842 0
v 456.29318237 -172.38787842 150
v 456.15963745 -172.43586731 150
v 456.15963745 -172.43586731 0
v 456.02859497 -172.4903717 0
v 456.02859497 -172.4903717 150
v 455.90042114 -172.55126953 150
v 455.90042114 -172.55126953 0
v 455.77539062 -172.6184082 150
v 455.77539062 -172.6184082 0
v 455.65383911 -172.69161987 0
v 455.65383911 -172.69161987 150
v 455.53601074 -172.77073669 150
v 455.53601074 -172.77073669 0
v 455.42224121 -172.8555603 150
v 455.42224121 -172.8555603 0
v 455.31277466 -172.94587708 150
v 455.31277466 -172.94587708 0
v 455.20791626 -173.04148865 0
v 455.20791626 -173.04148865 150
v 455.10787964 -173.14213562 150
v 455.10787964 -173.14213562 0
v 455.01290894 -173.24760437 150
v 455.01290894 -173.24760437 0
v 454.92327881 -173.35762024 150
v 454.92327881 -173.35762024 0
v 454.83914185 -173.47190857 150
v 454.83914185 -173.47190857 0
v 454.76077271 -173.59020996 0
v 454.76077271 -173.59020996 150
v 454.68829346 -173.71221924 150
v 454.68829346 -173.71221924 0
v 454.62191772 -173.83766174 150
v 454.62191772 -173.83766174 0
v 454.56182861 -173.96621704 150
v 454.56182861 -173.96621704 0
v 454.50811768 -174.0975647 0
v 454.50811768 -174.0975647 150
v 463.80038452 -186.1153717 0
v 463.80038452 -186.1153717 150
v 686.77044678 -53.27931213 150
v 686.75030518 -52.47100067 150
v 686.75030518 -52.47100067 0
v 686.77044678 -53.27931213 0
v 686.83087158 -54.08561325 150
v 686.83087158 -54.08561325 0
v 686.93139648 -54.88789749 150
v 686.93139648 -54.88789749 0
v 687.07183838 -55.6841774 0
v 687.07183838 -55.6841774 150
v 687.25177002 -56.47246552 150
v 687.25177002 -56.47246552 0
v 687.47076416 -57.25080872 150
v 687.47076416 -57.25080872 0
v 687.72827148 -58.01726532 0
v 687.72827148 -58.01726532 150
v 688.02368164 -58.76993561 150
v 688.02368164 -58.76993561 0
v 688.35620117 -59.50694656 150
v 688.35620117 -59.50694656 0
v 688.72509766 -60.22646332 150
v 688.72509766 -60.22646332 0
v 689.12939453 -60.92669678 150
v 689.12939453 -60.92669678 0
v 689.5680542 -61.60591125 150
v 689.5680542 -61.60591125 0
v 690.04003906 -62.26241302 0
v 690.04003906 -62.26241302 150
v 690.54418945 -62.89457321 0
v 690.54418945 -62.89457321 150
v 691.0791626 -63.50081635 0
v 691.0791626 -63.50081635 150
v 691.64373779 -64.07964325 150
v 691.64373779 -64.07964325 0
v 692.2364502 -64.62960052 150
v 692.2364502 -64.62960052 0
v 692.85583496 -65.14933777 0
v 692.85583496 -65.14933777 150
v 693.50036621 -65.63755035 0
v 693.50036621 -65.63755035 150
v 694.16845703 -66.09302521 150
v 694.16845703 -66.09302521 0
v 694.85839844 -66.51464081 150
v 694.85839844 -66.51464081 0
v 695.56848145 -66.90133667 0
v 695.56848145 -66.90133667 150
v 696.29699707 -67.25215912 150
v 696.29699707 -67.25215912 0
v 697.04205322 -67.5662384 150
v 697.04205322 -67.5662384 0
v 697.80187988 -67.84278107 0
v 697.80187988 -67.84278107 150
v 698.57452393 -68.08110809 150
v 698.57452393 -68.08110809 0
v 699.35803223 -68.28062439 150
v 699.35803223 -68.28062439 0
v 700.15057373 -68.44084167 150
v 700.15057373 -68.44084167 0
v 700.95013428 -68.56134796 150
v 700.95013428 -68.56134796 0
v 701.75463867 -68.64185333 150
v 701.75463867 -68.64185333 0
v 702.56219482 -68.68215942 150
v 702.56219482 -68.68215942 0
v 703.37078857 -68.68215942 0
v 703.37078857 -68.68215942 150
v 704.17834473 -68.64185333 0
v 704.17834473 -68.64185333 150
v 704.98291016 -68.56134796 150
v 704.98291016 -68.56134796 0
v 705.78240967 -68.44084167 0
v 705.78240967 -68.44084167 150
v 706.57495117 -68.28062439 150
v 706.57495117 -68.28062439 0
v 707.35852051 -68.08110809 0
v 707.35852051 -68.08110809 150
v 708.13116455 -67.84278107 150
v 708.13116455 -67.84278107 0
v 708.89093018 -67.5662384 150
v 708.89093018 -67.5662384 0
v 709.63598633 -67.25215912 150
v 709.63598633 -67.25215912 0
v 710.36450195 -66.90133667 150
v 710.36450195 -66.90133667 0
v 711.07458496 -66.51464081 150
v 711.07458496 -66.51464081 0
v 711.76452637 -66.09302521 0
v 711.76452637 -66.09302521 150
v 712.43261719 -65.63755035 0
v 712.43261719 -65.63755035 150
v 713.07714844 -65.14933777 150
v 713.07714844 -65.14933777 0
v 713.6965332 -64.62960052 150
v 713.6965332 -64.62960052 0
v 714.28924561 -64.07964325 150
v 714.28924561 -64.07964325 0
v 714.8538208 -63.50081635 150
v 714.8538208 -63.50081635 0
v 715.38885498 -62.89457321 0
v 715.38885498 -62.89457321 150
v 715.89294434 -62.26241302 0
v 715.89294434 -62.26241302 150
v 716.3649292 -61.60591125 150
v 716.3649292 -61.60591125 0
v 716.8036499 -60.92669678 150
v 716.8036499 -60.92669678 0
v 717.20794678 -60.22646332 0
v 717.20794678 -60.22646332 150
v 717.57678223 -59.50694656 150
v 717.57678223 -59.50694656 0
v 717.90936279 -58.76993561 150
v 717.90936279 -58.76993561 0
v 718.20477295 -58.01726532 0
v 718.20477295 -58.01726532 150
v 718.46228027 -57.25080872 150
v 718.46228027 -57.25080872 0
v 718.68127441 -56.47246552 150
v 718.68127441 -56.47246552 0
v 718.86114502 -55.6841774 0
v 718.86114502 -55.6841774 150
v 719.00158691 -54.88789749 0
v 719.00158691 -54.88789749 150
v 719.10211182 -54.08561325 150
v 719.10211182 -54.08561325 0
v 719.16253662 -53.27931213 150
v 719.16253662 -53.27931213 0
v 719.18267822 -52.47100067 0
v 719.18267822 -52.47100067 150
v 719.16253662 -51.66268921 150
v 719.16253662 -51.66268921 0
v 719.10211182 -50.85638809 0
v 719.10211182 -50.85638809 150
v 719.00158691 -50.05410004 150
v 719.00158691 -50.05410004 0
v 718.86114502 -49.25782394 150
v 718.86114502 -49.25782394 0
v 718.68127441 -48.46953201 150
v 718.68127441 -48.46953201 0
v 718.46228027 -47.69119263 0
v 718.46228027 -47.69119263 150
v 718.20477295 -46.92473221 150
v 718.20477295 -46.92473221 0
v 717.90936279 -46.17206192 150
v 717.90936279 -46.17206192 0
v 717.57678223 -45.43505478 150
v 717.57678223 -45.43505478 0
v 717.20794678 -44.71553802 0
v 717.20794678 -44.71553802 150
v 716.8036499 -44.01530075 150
v 716.8036499 -44.01530075 0
v 716.3649292 -43.33609009 150
v 716.3649292 -43.33609009 0
v 715.89294434 -42.67958832 0
v 715.89294434 -42.67958832 150
v 715.38885498 -42.04742813 0
v 715.38885498 -42.04742813 150
v 714.8538208 -41.44118118 150
v 714.8538208 -41.44118118 0
v 714.28924561 -40.86235809 150
v 714.28924561 -40.86235809 0
v 713.6965332 -40.312397 150
v 713.6965332 -40.312397 0
v 713.07714844 -39.79266357 150
v 713.07714844 -39.79266357 0
v 712.43261719 -39.30445099 0
v 712.43261719 -39.30445099 150
v 711.76452637 -38.84897232 150
v 711.76452637 -38.84897232 0
v 711.07458496 -38.42736053 0
v 711.07458496 -38.42736053 150
v 710.36450195 -38.04066086 0
v 710.36450195 -38.04066086 150
v 709.63598633 -37.68983841 150
v 709.63598633 -37.68983841 0
v 708.89093018 -37.37576675 0
v 708.89093018 -37.37576675 150
v 708.13116455 -37.09922028 150
v 708.13116455 -37.09922028 0
v 707.35852051 -36.86089325 150
v 707.35852051 -36.86089325 0
v 706.57495117 -36.66137314 0
v 706.57495117 -36.66137314 150
v 705.78240967 -36.50115967 150
v 705.78240967 -36.50115967 0
v 704.98291016 -36.38064957 0
v 704.98291016 -36.38064957 150
v 704.17834473 -36.3001442 150
v 704.17834473 -36.3001442 0
v 703.37078857 -36.25984192 0
v 703.37078857 -36.25984192 150
v 702.56219482 -36.25984192 150
v 702.56219482 -36.25984192 0
v 701.75463867 -36.3001442 150
v 701.75463867 -36.3001442 0
v 700.95013428 -36.38064957 0
v 700.95013428 -36.38064957 150
v 700.15057373 -36.50115967 150
v 700.15057373 -36.50115967 0
v 699.35803223 -36.66137314 150
v 699.35803223 -36.66137314 0
v 698.57452393 -36.86089325 0
v 698.57452393 -36.86089325 150
v 697.80187988 -37.09922028 150
v 697.80187988 -37.09922028 0
v 697.04205322 -37.37576675 150
v 697.04205322 -37.37576675 0
v 696.29699707 -37.68983841 150
v 696.29699707 -37.68983841 0
v 695.56848145 -38.04066086 150
v 695.56848145 -38.04066086 0
v 694.85839844 -38.42736053 150
v 694.85839844 -38.42736053 0
v 694.16845703 -38.84897232 150
v 694.16845703 -38.84897232 0
v 693.50036621 -39.30445099 150
v 693.50036621 -39.30445099 0
v 692.85583496 -39.79266357 150
v 692.85583496 -39.79266357 0
v 692.2364502 -40.312397 150
v 692.2364502 -40.312397 0
v 691.64373779 -40.86235809 150
v 691.64373779 -40.86235809 0
v 691.0791626 -41.44118118 150
v 691.0791626 -41.44118118 0
v 690.54418945 -42.04742813 150
v 690.54418945 -42.04742813 0
v 690.04003906 -42.67958832 150
v 690.04003906 -42.67958832 0
v 689.5680542 -43.33609009 150
v 689.5680542 -43.33609009 0
v 689.12939453 -44.01530075 150
v 689.12939453 -44.01530075 0
v 688.72509766 -44.71553802 150
v 688.72509766 -44.71553802 0
v 688.35620117 -45.43505478 150
v 688.35620117 -45.43505478 0
v 688.02368164 -46.17206192 150
v 688.02368164 -46.17206192 0
v 687.72827148 -46.92473221 150
v 687.72827148 -46.92473221 0
v 687.47076416 -47.69119263 150
v 687.47076416 -47.69119263 0
v 687.25177002 -48.46953201 150
v 687.25177002 -48.46953201 0
v 687.07183838 -49.25782394 150
v 687.07183838 -49.25782394 0
v 686.93139648 -50.05410004 150
v 686.93139648 -50.05410004 0
v 686.83087158 -50.85638809 150
v 686.83087158 -50.85638809 0
v 686.77044678 -51.66268921 0
v 686.77044678 -51.66268921 150

usemtl mat7
f 1 2 3
f 4 5 2
f 4 2 1
f 6 3 7
f 6 1 3
f 8 5 4
f 8 9 5
f 10 7 11
f 10 6 7
f 12 13 9
f 12 9 8
f 14 10 11
f 15 16 17
f 15 11 16
f 15 14 11
f 18 13 12
f 18 19 13
f 20 15 17
f 20 17 21
f 22 23 19
f 22 19 18
f 24 23 22
f 24 25 23
f 26 20 21
f 26 21 27
f 28 27 29
f 28 26 27
f 30 31 25
f 30 25 24
f 32 31 30
f 32 33 31
f 34 28 29
f 34 29 35
f 36 34 35
f 37 38 33
f 37 33 32
f 39 40 41
f 39 35 40
f 39 36 35
f 42 43 38
f 42 38 37
f 44 45 43
f 44 43 42
f 46 41 47
f 46 39 41
f 48 49 45
f 48 45 44
f 50 46 47
f 51 52 49
f 51 49 48
f 53 47 54
f 53 50 47
f 55 52 51
f 55 56 52
f 57 54 58
f 57 53 54
f 59 60 56
f 59 61 60
f 59 56 55
f 62 61 59
f 63 64 61
f 63 61 62
f 65 66 64
f 65 64 63
f 67 68 66
f 67 66 65
f 69 70 68
f 69 68 67
f 71 72 70
f 71 73 72
f 71 70 69
f 74 73 71
f 75 76 73
f 75 73 74
f 77 78 76
f 77 76 75
f 79 80 78
f 79 81 80
f 79 78 77
f 82 81 79
f 83 84 81
f 83 85 84
f 83 81 82
f 86 85 83
f 87 88 85
f 87 85 86
f 89 90 88
f 89 91 90
f 89 88 87
f 92 93 91
f 92 91 89
f 94 93 92
f 95 96 93
f 95 93 94
f 97 98 96
f 97 96 95
f 99 100 98
f 99 98 97
f 101 102 100
f 101 100 99
f 103 104 105
f 103 105 106
f 106 105 57
f 106 57 58
f 107 108 109
f 109 108 110
f 109 110 111
f 111 110 112
f 111 112 113
f 113 112 114
f 113 114 115
f 115 114 116
f 115 116 117
f 115 117 118
f 118 117 119
f 119 117 120
f 119 120 121
f 121 120 122
f 121 122 123
f 121 123 124
f 124 123 125
f 125 123 126
f 125 126 127
f 127 126 128
f 127 128 129
f 127 129 130
f 130 129 131
f 131 129 132
f 131 132 102
f 131 102 101
f 133 103 106
f 133 134 103
f 135 106 58
f 135 58 54
f 135 133 106
f 136 135 54
f 137 54 47
f 137 136 54
f 138 47 41
f 138 137 47
f 139 41 40
f 139 138 41
f 140 40 35
f 140 139 40
f 141 35 29
f 141 29 27
f 141 140 35
f 142 141 27
f 143 27 21
f 143 21 17
f 143 142 27
f 144 17 16
f 144 143 17
f 145 144 16
f 146 16 11
f 146 11 7
f 146 145 16
f 147 7 3
f 147 146 7
f 148 147 3
f 149 3 2
f 149 148 3
f 150 2 5
f 150 149 2
f 151 5 9
f 151 9 13
f 151 150 5
f 152 151 13
f 153 13 19
f 153 152 13
f 154 19 23
f 154 153 19
f 155 23 25
f 155 25 31
f 155 154 23
f 156 155 31
f 157 156 31
f 157 31 33
f 158 33 38
f 158 157 33
f 159 38 43
f 159 158 38
f 160 43 45
f 160 159 43
f 161 45 49
f 161 49 52
f 161 160 45
f 162 161 52
f 163 52 56
f 163 162 52
f 164 56 60
f 164 163 56
f 165 60 61
f 165 164 60
f 166 167 168
f 166 169 167
f 170 171 172
f 170 173 171
f 174 172 175
f 174 175 176
f 174 170 172
f 177 174 176
f 178 176 179
f 178 177 176
f 180 179 181
f 180 178 179
f 182 181 183
f 182 180 181
f 184 183 185
f 184 182 183
f 186 185 187
f 186 187 188
f 186 184 185
f 189 186 188
f 190 188 191
f 190 191 192
f 190 189 188
f 193 192 194
f 193 190 192
f 195 193 194
f 196 194 197
f 196 197 198
f 196 195 194
f 199 198 200
f 199 196 198
f 201 199 200
f 202 200 203
f 202 201 200
f 204 203 205
f 204 202 203
f 206 205 207
f 206 207 208
f 206 204 205
f 209 206 208
f 210 208 211
f 210 209 208
f 212 211 213
f 212 210 211
f 214 213 215
f 214 215 216
f 214 212 213
f 217 214 216
f 218 217 216
f 218 216 219
f 220 219 221
f 220 218 219
f 222 221 223
f 222 220 221
f 224 223 225
f 224 222 223
f 226 225 227
f 226 227 228
f 226 224 225
f 229 226 228
f 230 228 231
f 230 229 228
f 232 231 233
f 232 230 231
f 169 233 167
f 169 232 233
f 234 64 66
f 234 235 64
f 236 66 68
f 236 68 70
f 236 234 66
f 237 236 70
f 238 70 72
f 238 237 70
f 239 72 73
f 239 238 72
f 240 73 76
f 240 239 73
f 241 76 78
f 241 240 76
f 242 78 80
f 242 80 81
f 242 241 78
f 243 242 81
f 244 81 84
f 244 84 85
f 244 243 81
f 245 85 88
f 245 244 85
f 246 245 88
f 247 88 90
f 247 90 91
f 247 246 88
f 248 91 93
f 248 247 91
f 249 248 93
f 250 93 96
f 250 249 93
f 251 96 98
f 251 250 96
f 252 98 100
f 252 100 102
f 252 251 98
f 253 252 102
f 254 102 132
f 254 253 102
f 255 132 129
f 255 254 132
f 256 129 128
f 256 128 126
f 256 255 129
f 257 256 126
f 258 257 126
f 258 126 123
f 259 123 122
f 259 258 123
f 260 122 120
f 260 259 122
f 261 120 117
f 261 260 120
f 262 117 116
f 262 116 114
f 262 261 117
f 263 262 114
f 264 114 112
f 264 263 114
f 265 112 110
f 265 264 112
f 266 110 108
f 266 265 110
f 235 61 64
f 235 165 61
f 267 168 268
f 267 166 168
f 269 268 270
f 269 270 271
f 269 267 268
f 272 269 271
f 273 271 274
f 273 272 271
f 275 274 276
f 275 273 274
f 277 276 278
f 277 275 276
f 279 278 280
f 279 277 278
f 281 280 282
f 281 282 283
f 281 279 280
f 284 281 283
f 285 283 286
f 285 286 287
f 285 284 283
f 288 287 289
f 288 285 287
f 290 288 289
f 291 289 292
f 291 292 293
f 291 290 289
f 294 293 295
f 294 291 293
f 296 294 295
f 297 295 298
f 297 296 295
f 299 298 300
f 299 297 298
f 301 300 302
f 301 302 303
f 301 299 300
f 304 301 303
f 305 303 306
f 305 304 303
f 307 306 308
f 307 305 306
f 309 308 310
f 309 310 311
f 309 307 308
f 312 309 311
f 313 312 311
f 313 311 314
f 315 314 316
f 315 313 314
f 317 316 318
f 317 315 316
f 319 318 320
f 319 317 318
f 321 320 322
f 321 322 323
f 321 319 320
f 324 321 323
f 325 323 326
f 325 324 323
f 327 326 328
f 327 325 326
f 329 328 330
f 329 327 328
f 304 299 301
f 291 294 296
f 291 296 297
f 305 299 304
f 285 288 290
f 285 290 291
f 285 297 299
f 285 291 297
f 309 305 307
f 309 299 305
f 281 284 285
f 279 281 285
f 317 309 312
f 317 312 313
f 317 313 315
f 275 277 279
f 275 279 285
f 272 273 275
f 325 317 319
f 325 319 321
f 325 321 324
f 325 309 317
f 166 267 269
f 166 269 272
f 166 325 327
f 166 327 329
f 166 285 299
f 166 299 309
f 166 275 285
f 166 272 275
f 166 309 325
f 134 166 329
f 230 232 169
f 135 134 133
f 136 134 135
f 224 230 169
f 224 226 229
f 224 229 230
f 138 134 136
f 138 136 137
f 222 224 169
f 218 220 222
f 141 138 139
f 141 139 140
f 217 218 222
f 214 222 169
f 214 217 222
f 143 141 142
f 210 212 214
f 210 214 169
f 145 138 141
f 145 141 143
f 145 143 144
f 146 134 138
f 146 138 145
f 206 209 210
f 204 210 169
f 204 206 210
f 148 146 147
f 202 204 169
f 149 134 146
f 149 146 148
f 201 202 169
f 151 149 150
f 151 134 149
f 196 199 201
f 196 201 169
f 153 151 152
f 154 134 151
f 154 151 153
f 189 190 193
f 189 193 195
f 189 195 196
f 157 155 156
f 184 186 189
f 182 184 189
f 159 154 155
f 159 157 158
f 159 134 154
f 159 155 157
f 180 182 189
f 180 196 169
f 180 189 196
f 161 134 159
f 161 159 160
f 174 177 178
f 174 178 180
f 164 134 161
f 164 161 162
f 164 162 163
f 165 134 164
f 173 170 174
f 173 180 169
f 173 174 180
f 235 134 165
f 266 166 134
f 266 173 169
f 266 169 166
f 266 134 235
f 236 235 234
f 237 235 236
f 263 264 265
f 263 265 266
f 239 266 235
f 239 235 237
f 239 263 266
f 239 237 238
f 261 262 263
f 259 263 239
f 259 261 263
f 259 239 240
f 259 260 261
f 242 240 241
f 243 240 242
f 256 257 258
f 245 240 243
f 245 243 244
f 255 256 258
f 255 258 259
f 246 259 240
f 246 255 259
f 246 240 245
f 253 246 247
f 253 255 246
f 253 254 255
f 251 252 253
f 250 247 248
f 250 248 249
f 250 253 247
f 250 251 253
f 331 107 109
f 331 332 107
f 333 109 111
f 333 111 113
f 333 331 109
f 334 333 113
f 335 113 115
f 335 334 113
f 336 115 118
f 336 335 115
f 337 118 119
f 337 336 118
f 338 119 121
f 338 337 119
f 339 121 124
f 339 124 125
f 339 338 121
f 340 339 125
f 341 125 127
f 341 127 130
f 341 340 125
f 342 130 131
f 342 341 130
f 343 342 131
f 344 131 101
f 344 101 99
f 344 343 131
f 345 99 97
f 345 344 99
f 346 345 97
f 347 97 95
f 347 346 97
f 348 95 94
f 348 347 95
f 349 94 92
f 349 92 89
f 349 348 94
f 350 349 89
f 351 89 87
f 351 350 89
f 352 87 86
f 352 351 87
f 353 86 83
f 353 83 82
f 353 352 86
f 354 353 82
f 355 354 82
f 355 82 79
f 356 79 77
f 356 355 79
f 357 77 75
f 357 356 77
f 358 75 74
f 358 357 75
f 359 74 71
f 359 71 69
f 359 358 74
f 360 359 69
f 361 69 67
f 361 360 69
f 362 67 65
f 362 361 67
f 363 65 63
f 363 362 65
f 364 63 62
f 364 363 63
f 365 62 59
f 365 364 62
f 366 59 55
f 366 55 51
f 366 365 59
f 367 366 51
f 368 51 48
f 368 367 51
f 369 48 44
f 369 368 48
f 370 44 42
f 370 369 44
f 371 42 37
f 371 370 42
f 372 37 32
f 372 32 30
f 372 371 37
f 373 372 30
f 374 30 24
f 374 24 22
f 374 373 30
f 375 22 18
f 375 374 22
f 376 375 18
f 377 18 12
f 377 12 8
f 377 376 18
f 378 8 4
f 378 377 8
f 379 378 4
f 380 4 1
f 380 379 4
f 381 1 6
f 381 380 1
f 382 6 10
f 382 10 14
f 382 381 6
f 383 382 14
f 384 14 15
f 384 383 14
f 385 15 20
f 385 384 15
f 386 20 26
f 386 26 28
f 386 385 20
f 387 386 28
f 388 387 28
f 388 28 34
f 389 34 36
f 389 388 34
f 390 36 39
f 390 389 36
f 391 39 46
f 391 390 39
f 392 46 50
f 392 50 53
f 392 391 46
f 393 392 53
f 394 53 57
f 394 393 53
f 395 57 105
f 395 394 57
f 396 105 104
f 396 395 105
f 108 397 171
f 108 107 397
f 398 397 107
f 332 398 107
f 173 266 108
f 173 108 171
f 399 400 401
f 399 402 400
f 403 401 404
f 403 404 405
f 403 399 401
f 406 403 405
f 407 405 408
f 407 406 405
f 409 408 410
f 409 407 408
f 411 410 412
f 411 409 410
f 413 412 414
f 413 411 412
f 415 414 416
f 415 416 417
f 415 413 414
f 418 415 417
f 419 417 420
f 419 420 421
f 419 418 417
f 422 421 423
f 422 419 421
f 424 422 423
f 425 423 426
f 425 426 427
f 425 424 423
f 428 427 429
f 428 425 427
f 430 428 429
f 431 429 432
f 431 430 429
f 433 432 434
f 433 431 432
f 435 434 436
f 435 436 437
f 435 433 434
f 438 435 437
f 439 437 440
f 439 438 437
f 441 440 442
f 441 439 440
f 443 442 444
f 443 444 445
f 443 441 442
f 446 443 445
f 447 446 445
f 447 445 448
f 449 448 450
f 449 447 448
f 451 450 452
f 451 449 450
f 453 452 454
f 453 451 452
f 455 454 456
f 455 456 457
f 455 453 454
f 458 455 457
f 459 457 460
f 459 458 457
f 461 460 462
f 461 459 460
f 398 462 397
f 398 461 462
f 402 463 400
f 402 464 463
f 465 466 467
f 465 468 466
f 469 467 470
f 469 470 471
f 469 465 467
f 472 469 471
f 473 471 474
f 473 472 471
f 475 474 476
f 475 473 474
f 477 476 478
f 477 475 476
f 479 478 480
f 479 477 478
f 481 480 482
f 481 482 483
f 481 479 480
f 484 481 483
f 485 483 486
f 485 486 487
f 485 484 483
f 488 487 489
f 488 485 487
f 490 488 489
f 491 489 492
f 491 492 493
f 491 490 489
f 494 493 495
f 494 491 493
f 496 494 495
f 497 495 498
f 497 496 495
f 499 498 500
f 499 497 498
f 501 500 502
f 501 502 503
f 501 499 500
f 504 501 503
f 505 503 506
f 505 504 503
f 507 506 508
f 507 505 506
f 509 508 510
f 509 510 511
f 509 507 508
f 512 509 511
f 513 512 511
f 513 511 514
f 515 514 516
f 515 513 514
f 517 516 518
f 517 515 516
f 519 518 520
f 519 517 518
f 521 520 522
f 521 522 523
f 521 519 520
f 524 521 523
f 525 523 526
f 525 524 523
f 527 526 528
f 527 525 526
f 464 528 463
f 464 527 528
f 104 330 466
f 104 103 330
f 329 330 103
f 134 329 103
f 468 396 104
f 468 104 466
f 372 373 374
f 368 369 370
f 364 365 366
f 396 366 367
f 396 367 368
f 396 370 371
f 396 371 372
f 396 374 375
f 396 375 376
f 396 376 377
f 396 377 378
f 396 378 379
f 396 379 380
f 396 380 381
f 396 381 382
f 396 382 383
f 396 383 384
f 396 384 385
f 396 385 386
f 396 386 387
f 396 387 388
f 396 388 389
f 396 389 390
f 396 390 391
f 396 391 392
f 396 392 393
f 396 393 394
f 396 372 374
f 396 394 395
f 396 368 370
f 396 364 366
f 363 364 396
f 361 362 363
f 360 361 363
f 472 468 465
f 472 465 469
f 359 360 363
f 473 468 472
f 358 359 363
f 477 468 473
f 477 473 475
f 479 468 477
f 355 356 357
f 481 468 479
f 354 358 363
f 354 355 357
f 354 357 358
f 353 354 363
f 488 468 481
f 488 481 484
f 488 484 485
f 351 352 353
f 494 468 488
f 494 488 490
f 494 490 491
f 348 349 350
f 348 350 351
f 348 351 353
f 346 347 348
f 346 348 353
f 499 468 494
f 499 494 496
f 499 496 497
f 345 353 363
f 345 346 353
f 501 468 499
f 507 501 504
f 507 504 505
f 341 342 343
f 509 468 501
f 509 501 507
f 340 343 344
f 340 341 343
f 513 509 512
f 517 513 515
f 517 509 513
f 336 337 338
f 336 338 339
f 521 509 517
f 521 517 519
f 334 336 339
f 334 335 336
f 333 334 339
f 525 521 524
f 527 521 525
f 332 331 333
f 332 339 340
f 332 344 345
f 332 333 339
f 332 345 363
f 332 340 344
f 464 521 527
f 464 468 509
f 464 509 521
f 402 363 396
f 402 468 464
f 402 332 363
f 402 396 468
f 398 332 402
f 461 398 402
f 458 459 461
f 406 399 403
f 406 402 399
f 455 458 461
f 451 453 455
f 451 461 402
f 451 402 406
f 451 455 461
f 413 406 407
f 413 407 409
f 413 409 411
f 415 406 413
f 443 446 447
f 443 447 449
f 422 415 418
f 422 418 419
f 422 406 415
f 439 441 443
f 439 443 449
f 425 422 424
f 438 439 449
f 428 422 425
f 435 449 451
f 435 451 406
f 435 406 422
f 435 438 449
f 430 422 428
f 431 433 435
f 431 435 422
f 431 422 430
f 295 302 298
f 298 302 300
f 293 292 295
f 302 306 303
f 289 287 292
f 302 308 306
f 295 310 302
f 302 310 308
f 286 283 287
f 287 283 292
f 310 314 311
f 292 282 295
f 295 282 310
f 283 282 292
f 280 278 282
f 278 276 282
f 314 320 316
f 316 320 318
f 310 320 314
f 320 326 322
f 322 326 323
f 282 326 310
f 310 326 320
f 270 268 271
f 271 268 274
f 274 268 276
f 326 268 328
f 276 268 282
f 282 268 326
f 328 168 330
f 268 168 328
f 233 231 167
f 228 227 231
f 231 225 167
f 227 225 231
f 225 223 167
f 221 219 223
f 219 215 223
f 216 215 219
f 223 213 167
f 215 213 223
f 213 211 167
f 208 207 211
f 211 205 167
f 207 205 211
f 205 203 167
f 203 200 167
f 198 197 200
f 200 197 167
f 192 191 194
f 194 191 197
f 188 187 191
f 191 187 197
f 185 183 187
f 183 181 187
f 187 181 197
f 176 175 179
f 168 171 330
f 172 171 175
f 179 171 181
f 167 171 168
f 197 171 167
f 175 171 179
f 181 171 197
f 171 466 330
f 466 471 467
f 467 471 470
f 471 476 474
f 466 476 471
f 476 480 478
f 466 480 476
f 480 483 482
f 483 487 486
f 466 487 480
f 480 487 483
f 487 492 489
f 466 492 487
f 492 498 493
f 493 498 495
f 466 498 492
f 498 502 500
f 498 503 502
f 466 503 498
f 466 508 503
f 503 508 506
f 511 516 514
f 511 518 516
f 508 518 510
f 510 518 511
f 508 520 518
f 508 523 520
f 520 523 522
f 508 528 523
f 523 528 526
f 466 463 508
f 508 463 528
f 466 400 463
f 466 397 400
f 171 397 466
f 460 457 462
f 401 405 404
f 462 456 397
f 397 456 400
f 457 456 462
f 405 412 408
f 408 412 410
f 401 414 405
f 405 414 412
f 452 450 454
f 454 450 456
f 401 416 414
f 400 416 401
f 450 448 456
f 416 420 417
f 445 444 448
f 456 444 400
f 400 444 416
f 448 444 456
f 420 423 421
f 416 423 420
f 442 440 444
f 416 426 423
f 426 429 427
f 436 434 437
f 437 432 440
f 444 432 416
f 440 432 444
f 426 432 429
f 416 432 426
f 434 432 437
f 529 530 531
f 529 531 532
f 529 532 533
f 534 533 535
f 534 529 533
f 536 534 535
f 537 535 538
f 537 536 535
f 539 538 540
f 539 540 541
f 539 537 538
f 542 539 541
f 543 541 544
f 543 542 541
f 545 544 546
f 545 543 544
f 547 546 548
f 547 545 546
f 549 548 550
f 549 547 548
f 551 549 550
f 551 550 552
f 551 552 553
f 554 551 553
f 555 554 553
f 555 553 556
f 555 556 557
f 558 555 557
f 558 557 559
f 560 558 559
f 561 560 559
f 561 559 562
f 561 562 563
f 564 561 563
f 564 563 565
f 566 564 565
f 567 566 565
f 567 565 568
f 567 568 569
f 570 567 569
f 571 570 569
f 571 569 572
f 573 571 572
f 573 572 574
f 575 574 576
f 575 573 574
f 575 576 577
f 578 575 577
f 579 577 580
f 579 578 577
f 581 580 582
f 581 579 580
f 583 582 584
f 583 584 585
f 583 581 582
f 586 585 587
f 586 583 585
f 588 586 587
f 589 587 590
f 589 588 587
f 591 590 592
f 591 589 590
f 593 592 594
f 593 591 592
f 595 594 596
f 595 593 594
f 597 596 598
f 597 598 599
f 597 595 596
f 600 597 599
f 601 600 599
f 601 599 602
f 603 601 602
f 603 602 604
f 605 603 604
f 605 604 606
f 607 605 606
f 607 606 608
f 609 607 608
f 609 608 610
f 611 609 610
f 611 610 612
f 613 611 612
f 613 612 614
f 613 614 615
f 616 613 615
f 617 616 615
f 617 615 618
f 619 617 618
f 619 618 620
f 621 619 620
f 621 620 622
f 623 621 622
f 623 622 624
f 625 623 624
f 625 624 626
f 627 625 626
f 627 626 628
f 629 627 628
f 629 628 630
f 631 629 630
f 631 630 632
f 633 631 632
f 633 632 634
f 635 633 634
f 635 634 636
f 637 635 636
f 637 636 638
f 639 637 638
f 639 638 640
f 641 639 640
f 641 640 642
f 643 641 642
f 643 642 644
f 645 644 646
f 645 646 647
f 645 643 644
f 648 645 647
f 649 647 650
f 649 648 647
f 651 650 652
f 651 652 653
f 651 649 650
f 654 651 653
f 655 654 653
f 655 653 656
f 657 655 656
f 657 656 658
f 659 657 658
f 659 658 660
f 661 659 660
f 661 660 662
f 663 661 662
f 663 662 664
f 665 663 664
f 665 664 666
f 667 665 666
f 667 666 668
f 669 667 668
f 669 668 670
f 671 669 670
f 671 670 672
f 673 671 672
f 673 672 674
f 675 673 674
f 675 674 676
f 677 675 676
f 677 676 678
f 679 678 680
f 679 680 681
f 679 677 678
f 682 679 681
f 683 681 684
f 683 682 681
f 685 684 686
f 685 683 684
f 687 686 688
f 687 685 686
f 689 688 690
f 689 687 688
f 691 690 692
f 691 689 690
f 693 692 694
f 693 691 692
f 695 694 696
f 695 693 694
f 697 696 698
f 697 695 696
f 699 698 700
f 699 697 698
f 701 700 702
f 701 702 703
f 701 699 700
f 704 701 703
f 705 704 703
f 705 703 706
f 707 705 706
f 707 706 708
f 709 707 708
f 709 708 710
f 711 709 710
f 711 710 712
f 713 712 714
f 713 711 712
f 715 714 716
f 715 713 714
f 717 716 718
f 717 715 716
f 719 718 720
f 719 717 718
f 721 720 722
f 721 719 720
f 723 722 724
f 723 721 722
f 725 724 726
f 725 723 724
f 727 726 728
f 727 725 726
f 729 728 730
f 729 727 728
f 731 730 732
f 731 729 730
f 733 732 734
f 733 731 732
f 735 734 736
f 735 733 734
f 737 736 738
f 737 735 736
f 739 738 740
f 739 737 738
f 741 740 742
f 741 742 743
f 741 739 740
f 744 741 743
f 745 743 746
f 745 744 743
f 747 746 748
f 747 745 746
f 749 748 750
f 749 750 751
f 749 747 748
f 752 749 751
f 753 752 751
f 753 751 754
f 753 754 755
f 756 753 755
f 757 756 755
f 757 755 758
f 757 758 759
f 760 757 759
f 761 760 759
f 761 759 762
f 763 761 762
f 763 762 764
f 765 763 764
f 765 764 766
f 767 765 766
f 767 766 768
f 769 767 768
f 769 768 770
f 771 769 770
f 771 770 772
f 773 771 772
f 773 772 774
f 775 773 774
f 775 774 776
f 777 776 778
f 777 775 776
f 779 777 778
f 779 778 780
f 530 780 531
f 530 779 780
f 567 558 560
f 567 560 561
f 567 561 564
f 567 564 566
f 551 554 555
f 551 555 558
f 551 558 567
f 571 567 570
f 571 551 567
f 547 549 551
f 545 547 551
f 578 573 575
f 542 543 545
f 583 579 581
f 537 539 542
f 537 542 545
f 589 571 573
f 589 578 579
f 589 583 586
f 589 586 588
f 589 551 571
f 589 573 578
f 589 545 551
f 589 579 583
f 529 534 536
f 529 536 537
f 593 589 591
f 779 530 529
f 595 589 593
f 600 595 597
f 773 775 777
f 773 777 779
f 601 595 600
f 601 545 589
f 601 589 595
f 771 773 779
f 605 601 603
f 609 601 605
f 609 605 607
f 763 765 767
f 611 601 609
f 761 767 769
f 761 763 767
f 616 611 613
f 757 760 761
f 757 761 769
f 617 611 616
f 617 601 611
f 619 771 779
f 619 545 601
f 619 601 617
f 619 769 771
f 619 537 545
f 619 529 537
f 619 779 529
f 753 756 757
f 623 619 621
f 625 619 623
f 747 749 752
f 747 752 753
f 747 753 757
f 747 757 769
f 627 619 625
f 631 627 629
f 631 619 627
f 633 619 631
f 739 741 744
f 739 744 745
f 737 745 747
f 737 739 745
f 639 633 635
f 639 635 637
f 643 639 641
f 645 639 643
f 727 729 731
f 727 731 733
f 727 733 735
f 648 639 645
f 725 727 735
f 649 619 633
f 649 633 639
f 649 639 648
f 721 723 725
f 719 725 735
f 719 721 725
f 655 735 737
f 655 747 769
f 655 769 619
f 655 649 651
f 655 651 654
f 655 619 649
f 655 737 747
f 717 719 735
f 659 735 655
f 659 655 657
f 713 715 717
f 709 713 717
f 709 711 713
f 665 659 661
f 665 661 663
f 667 659 665
f 705 717 735
f 705 709 717
f 705 707 709
f 671 659 667
f 671 667 669
f 699 701 704
f 699 704 705
f 697 705 735
f 697 699 705
f 677 671 673
f 677 673 675
f 679 659 671
f 679 671 677
f 682 659 679
f 689 691 693
f 689 693 695
f 689 695 697
f 687 735 659
f 687 697 735
f 687 659 682
f 687 689 697
f 687 682 683
f 687 683 685
f 557 568 559
f 559 568 562
f 562 568 563
f 563 568 565
f 553 552 556
f 556 552 557
f 557 552 568
f 568 572 569
f 552 572 568
f 550 548 552
f 548 546 552
f 574 577 576
f 544 541 546
f 580 584 582
f 540 538 541
f 541 538 546
f 572 590 574
f 577 590 580
f 584 590 585
f 585 590 587
f 552 590 572
f 574 590 577
f 546 590 552
f 580 590 584
f 533 532 535
f 535 532 538
f 590 594 592
f 531 780 532
f 590 596 594
f 596 599 598
f 776 774 778
f 778 774 780
f 596 602 599
f 546 602 590
f 590 602 596
f 774 772 780
f 602 606 604
f 602 610 606
f 606 610 608
f 766 764 768
f 602 612 610
f 768 762 770
f 764 762 768
f 612 615 614
f 759 758 762
f 762 758 770
f 612 618 615
f 602 618 612
f 772 620 780
f 546 620 602
f 602 620 618
f 770 620 772
f 538 620 546
f 532 620 538
f 780 620 532
f 755 754 758
f 620 624 622
f 620 626 624
f 750 748 751
f 751 748 754
f 754 748 758
f 758 748 770
f 620 628 626
f 628 632 630
f 620 632 628
f 620 634 632
f 742 740 743
f 743 740 746
f 746 738 748
f 740 738 746
f 634 640 636
f 636 640 638
f 640 644 642
f 640 646 644
f 730 728 732
f 732 728 734
f 734 728 736
f 640 647 646
f 728 726 736
f 620 650 634
f 634 650 640
f 640 650 647
f 724 722 726
f 726 720 736
f 722 720 726
f 736 656 738
f 748 656 770
f 770 656 620
f 650 656 652
f 652 656 653
f 620 656 650
f 738 656 748
f 720 718 736
f 736 660 656
f 656 660 658
f 716 714 718
f 714 710 718
f 712 710 714
f 660 666 662
f 662 666 664
f 660 668 666
f 718 706 736
f 710 706 718
f 708 706 710
f 660 672 668
f 668 672 670
f 702 700 703
f 703 700 706
f 706 698 736
f 700 698 706
f 672 678 674
f 674 678 676
f 660 680 672
f 672 680 678
f 660 681 680
f 692 690 694
f 694 690 696
f 696 690 698
f 736 688 660
f 698 688 736
f 660 688 681
f 690 688 698
f 681 688 684
f 684 688 686
f 781 782 783
f 781 784 782
f 785 786 787
f 785 788 786
f 789 787 790
f 789 790 791
f 789 785 787
f 792 789 791
f 793 791 794
f 793 792 791
f 795 794 796
f 795 793 794
f 797 796 798
f 797 795 796
f 799 798 800
f 799 797 798
f 801 800 802
f 801 802 803
f 801 799 800
f 804 801 803
f 805 803 806
f 805 806 807
f 805 804 803
f 808 807 809
f 808 805 807
f 810 808 809
f 811 809 812
f 811 812 813
f 811 810 809
f 814 813 815
f 814 811 813
f 816 814 815
f 817 815 818
f 817 816 815
f 819 818 820
f 819 817 818
f 821 820 822
f 821 822 823
f 821 819 820
f 824 821 823
f 825 823 826
f 825 824 823
f 827 826 828
f 827 825 826
f 829 828 830
f 829 830 831
f 829 827 828
f 832 829 831
f 833 832 831
f 833 831 834
f 835 834 836
f 835 833 834
f 837 836 838
f 837 835 836
f 839 838 840
f 839 837 838
f 841 840 842
f 841 842 843
f 841 839 840
f 844 841 843
f 845 843 846
f 845 844 843
f 847 846 848
f 847 845 846
f 784 848 782
f 784 847 848
f 788 849 786
f 788 850 849
f 851 852 853
f 851 854 852
f 855 853 856
f 855 856 857
f 855 851 853
f 858 855 857
f 859 857 860
f 859 858 857
f 861 860 862
f 861 859 860
f 863 862 864
f 863 861 862
f 865 864 866
f 865 863 864
f 867 866 868
f 867 868 869
f 867 865 866
f 870 867 869
f 871 869 872
f 871 872 873
f 871 870 869
f 874 873 875
f 874 871 873
f 876 874 875
f 877 875 878
f 877 878 879
f 877 876 875
f 880 879 881
f 880 877 879
f 882 880 881
f 883 881 884
f 883 882 881
f 885 884 886
f 885 883 884
f 887 886 888
f 887 888 889
f 887 885 886
f 890 887 889
f 891 889 892
f 891 890 889
f 893 892 894
f 893 891 892
f 895 894 896
f 895 896 897
f 895 893 894
f 898 895 897
f 899 898 897
f 899 897 900
f 901 900 902
f 901 899 900
f 903 902 904
f 903 901 902
f 905 904 906
f 905 903 904
f 907 906 908
f 907 908 909
f 907 905 906
f 910 907 909
f 911 909 912
f 911 910 909
f 913 912 914
f 913 911 912
f 850 914 849
f 850 913 914
f 854 915 852
f 854 916 915
f 917 918 919
f 917 920 918
f 921 919 922
f 921 922 923
f 921 917 919
f 924 921 923
f 925 923 926
f 925 924 923
f 927 926 928
f 927 925 926
f 929 928 930
f 929 927 928
f 931 930 932
f 931 929 930
f 933 932 934
f 933 934 935
f 933 931 932
f 936 933 935
f 937 935 938
f 937 938 939
f 937 936 935
f 940 939 941
f 940 937 939
f 942 940 941
f 943 941 944
f 943 944 945
f 943 942 941
f 946 945 947
f 946 943 945
f 948 946 947
f 949 947 950
f 949 948 947
f 951 950 952
f 951 949 950
f 953 952 954
f 953 954 955
f 953 951 952
f 956 953 955
f 957 955 958
f 957 956 955
f 959 958 960
f 959 957 958
f 961 960 962
f 961 962 963
f 961 959 960
f 964 961 963
f 965 964 963
f 965 963 966
f 967 966 968
f 967 965 966
f 969 968 970
f 969 967 968
f 971 970 972
f 971 969 970
f 973 972 974
f 973 974 975
f 973 971 972
f 976 973 975
f 977 975 978
f 977 976 975
f 979 978 980
f 979 977 978
f 916 980 915
f 916 979 980
f 920 981 918
f 920 982 981
f 983 783 984
f 983 781 783
f 985 984 986
f 985 986 987
f 985 983 984
f 988 985 987
f 989 987 990
f 989 988 987
f 991 990 992
f 991 989 990
f 993 992 994
f 993 991 992
f 995 994 996
f 995 993 994
f 997 996 998
f 997 998 999
f 997 995 996
f 1000 997 999
f 1001 999 1002
f 1001 1002 1003
f 1001 1000 999
f 1004 1003 1005
f 1004 1001 1003
f 1006 1004 1005
f 1007 1005 1008
f 1007 1008 1009
f 1007 1006 1005
f 1010 1009 1011
f 1010 1007 1009
f 1012 1010 1011
f 1013 1011 1014
f 1013 1012 1011
f 1015 1014 1016
f 1015 1013 1014
f 1017 1016 1018
f 1017 1018 1019
f 1017 1015 1016
f 1020 1017 1019
f 1021 1019 1022
f 1021 1020 1019
f 1023 1022 1024
f 1023 1021 1022
f 1025 1024 1026
f 1025 1026 1027
f 1025 1023 1024
f 1028 1025 1027
f 1029 1028 1027
f 1029 1027 1030
f 1031 1030 1032
f 1031 1029 1030
f 1033 1032 1034
f 1033 1031 1032
f 1035 1034 1036
f 1035 1033 1034
f 1037 1036 1038
f 1037 1038 1039
f 1037 1035 1036
f 1040 1037 1039
f 1041 1039 1042
f 1041 1040 1039
f 1043 1042 1044
f 1043 1041 1042
f 982 1044 981
f 982 1043 1044
f 890 882 883
f 890 883 885
f 890 885 887
f 876 877 880
f 876 880 882
f 893 890 891
f 871 874 876
f 870 871 876
f 899 890 893
f 899 893 895
f 899 895 898
f 903 899 901
f 861 870 876
f 861 863 865
f 861 865 867
f 861 867 870
f 907 903 905
f 858 859 861
f 855 876 882
f 855 861 876
f 855 858 861
f 911 903 907
f 911 907 910
f 913 882 890
f 913 890 899
f 913 899 903
f 913 855 882
f 913 903 911
f 854 851 855
f 854 855 913
f 854 913 850
f 916 854 850
f 977 979 916
f 973 977 916
f 973 976 977
f 967 973 916
f 967 969 971
f 967 971 973
f 964 967 916
f 964 965 967
f 961 964 916
f 957 959 961
f 956 957 961
f 953 961 916
f 953 956 961
f 948 949 951
f 948 951 953
f 942 953 916
f 942 948 953
f 942 943 946
f 942 946 948
f 937 940 942
f 936 937 942
f 933 942 916
f 933 936 942
f 925 927 929
f 925 929 931
f 924 925 931
f 921 931 933
f 921 924 931
f 917 921 933
f 920 916 850
f 920 933 916
f 920 917 933
f 789 788 785
f 793 789 792
f 793 788 789
f 799 793 795
f 799 795 797
f 799 788 793
f 804 799 801
f 805 799 804
f 805 788 799
f 808 788 805
f 811 808 810
f 816 811 814
f 816 808 811
f 819 816 817
f 821 816 819
f 821 808 816
f 824 808 821
f 825 788 808
f 825 808 824
f 829 788 825
f 829 825 827
f 832 788 829
f 835 788 832
f 835 832 833
f 839 835 837
f 841 835 839
f 845 835 841
f 845 841 844
f 784 788 835
f 784 835 845
f 784 845 847
f 982 788 784
f 982 784 781
f 982 920 850
f 982 850 788
f 985 781 983
f 1040 1041 1043
f 1040 1043 982
f 988 781 985
f 989 781 988
f 1033 1035 1037
f 1033 1037 1040
f 995 991 993
f 1029 1031 1033
f 1029 1033 1040
f 1000 995 997
f 1000 991 995
f 1001 989 991
f 1001 781 989
f 1001 991 1000
f 1025 1028 1029
f 1025 1040 982
f 1025 1029 1040
f 1023 1025 982
f 1021 1023 982
f 1006 1001 1004
f 1017 1020 1021
f 1017 982 781
f 1017 1021 982
f 1010 1006 1007
f 1013 1010 1012
f 1013 1015 1017
f 1013 1001 1006
f 1013 781 1001
f 1013 1006 1010
f 1013 1017 781
f 881 889 884
f 884 889 886
f 886 889 888
f 878 875 879
f 879 875 881
f 889 894 892
f 873 872 875
f 872 869 875
f 889 900 894
f 894 900 896
f 896 900 897
f 900 904 902
f 864 862 866
f 866 862 868
f 868 862 869
f 869 862 875
f 904 908 906
f 860 857 862
f 875 856 881
f 862 856 875
f 857 856 862
f 908 912 909
f 904 912 908
f 881 914 889
f 889 914 900
f 856 914 881
f 900 914 904
f 904 914 912
f 853 852 856
f 914 852 849
f 856 852 914
f 852 915 849
f 980 978 915
f 978 974 915
f 975 974 978
f 974 968 915
f 970 968 972
f 972 968 974
f 968 963 915
f 966 963 968
f 963 962 915
f 960 958 962
f 958 955 962
f 962 954 915
f 955 954 962
f 950 947 952
f 952 947 954
f 944 941 945
f 945 941 947
f 954 941 915
f 947 941 954
f 939 938 941
f 938 935 941
f 941 934 915
f 935 934 941
f 928 926 930
f 930 926 932
f 926 923 932
f 932 922 934
f 923 922 932
f 922 919 934
f 915 918 849
f 934 918 915
f 919 918 934
f 786 790 787
f 790 794 791
f 786 794 790
f 794 800 796
f 796 800 798
f 786 800 794
f 800 803 802
f 786 806 800
f 800 806 803
f 786 807 806
f 807 812 809
f 812 815 813
f 807 815 812
f 815 820 818
f 815 822 820
f 807 822 815
f 807 823 822
f 786 826 807
f 807 826 823
f 786 830 826
f 826 830 828
f 786 831 830
f 786 836 831
f 831 836 834
f 836 840 838
f 836 842 840
f 836 846 842
f 842 846 843
f 786 782 836
f 836 782 846
f 846 782 848
f 786 981 782
f 918 981 849
f 849 981 786
f 981 783 782
f 1044 1042 981
f 783 986 984
f 1042 1039 981
f 986 992 987
f 987 992 990
f 1036 1034 1038
f 1038 1034 1039
f 1039 1034 981
f 992 996 994
f 986 996 992
f 1032 1030 1034
f 981 1030 783
f 1034 1030 981
f 996 999 998
f 986 999 996
f 783 1002 986
f 986 1002 999
f 1026 1024 1027
f 1027 1024 1030
f 1030 1024 783
f 1002 1005 1003
f 1022 1019 1024
f 1005 1009 1008
f 1018 1016 1019
f 1009 1014 1011
f 783 1014 1002
f 1024 1014 783
f 1002 1014 1005
f 1019 1014 1024
f 1016 1014 1019
f 1005 1014 1009
f 1045 1046 1047
f 1045 1048 1046
f 1049 1050 1051
f 1049 1052 1050
f 1053 1054 1055
f 1053 1056 1054
f 1057 1058 1059
f 1060 1057 1059
f 1060 1059 1061
f 1062 1060 1061
f 1062 1061 1063
f 1064 1062 1063
f 1064 1063 1065
f 1066 1064 1065
f 1066 1065 1067
f 1068 1066 1067
f 1068 1067 1069
f 1070 1068 1069
f 1070 1069 1071
f 1072 1070 1071
f 1072 1071 1073
f 1074 1072 1073
f 1074 1073 1075
f 1076 1074 1075
f 1076 1075 1077
f 1078 1076 1077
f 1078 1077 1079
f 1080 1078 1079
f 1080 1079 1081
f 1082 1080 1081
f 1082 1081 1083
f 1084 1083 1085
f 1084 1082 1083
f 1086 1084 1085
f 1086 1085 1087
f 1088 1086 1087
f 1088 1087 1089
f 1090 1089 1091
f 1090 1088 1089
f 1092 1091 1093
f 1092 1090 1091
f 1094 1093 1095
f 1094 1092 1093
f 1096 1094 1095
f 1096 1095 1097
f 1098 1096 1097
f 1098 1097 1099
f 1100 1099 1101
f 1100 1098 1099
f 1102 1101 1103
f 1102 1100 1101
f 1104 1103 1105
f 1104 1102 1103
f 1106 1105 1107
f 1106 1104 1105
f 1108 1107 1109
f 1108 1106 1107
f 1110 1108 1109
f 1110 1109 1111
f 1112 1110 1111
f 1112 1111 1113
f 1114 1112 1113
f 1114 1113 1115
f 1116 1114 1115
f 1116 1115 1117
f 1118 1116 1117
f 1118 1117 1119
f 1120 1119 1121
f 1120 1118 1119
f 1122 1121 1123
f 1122 1120 1121
f 1124 1122 1123
f 1124 1123 1125
f 1126 1124 1125
f 1126 1125 1127
f 1128 1127 1129
f 1128 1126 1127
f 1130 1129 1131
f 1130 1128 1129
f 1132 1131 1133
f 1132 1130 1131
f 1134 1135 1136
f 1137 1135 1134
f 1137 1138 1135
f 1139 1136 1140
f 1139 1134 1136
f 1141 1142 1138
f 1141 1138 1137
f 1143 1140 1144
f 1143 1139 1140
f 1145 1146 1142
f 1145 1142 1141
f 1147 1144 1148
f 1147 1143 1144
f 1149 1150 1146
f 1149 1146 1145
f 1151 1147 1148
f 1151 1148 1152
f 1153 1132 1133
f 1153 1133 1150
f 1153 1150 1149
f 1154 1151 1152
f 1154 1152 1155
f 1156 1157 1132
f 1156 1132 1153
f 1158 1155 1159
f 1158 1154 1155
f 1160 1157 1156
f 1160 1161 1157
f 1162 1159 1163
f 1162 1158 1159
f 1164 1165 1161
f 1164 1161 1160
f 1166 1163 1167
f 1166 1162 1163
f 1168 1169 1165
f 1168 1165 1164
f 1170 1167 1171
f 1170 1166 1167
f 1172 1169 1168
f 1172 1173 1169
f 1174 1171 1175
f 1174 1170 1171
f 1176 1173 1172
f 1176 1177 1173
f 1178 1175 1179
f 1178 1174 1175
f 1180 1181 1177
f 1180 1177 1176
f 1182 1179 1183
f 1182 1178 1179
f 1184 1181 1180
f 1184 1185 1181
f 1186 1183 1187
f 1186 1182 1183
f 1188 1185 1184
f 1188 1189 1185
f 1190 1187 1191
f 1190 1186 1187
f 1192 1193 1189
f 1192 1189 1188
f 1194 1191 1195
f 1194 1190 1191
f 1196 1193 1192
f 1196 1197 1193
f 1198 1195 1199
f 1198 1194 1195
f 1200 1201 1197
f 1200 1197 1196
f 1202 1199 1203
f 1202 1198 1199
f 1204 1205 1201
f 1204 1201 1200
f 1206 1203 1207
f 1206 1202 1203
f 1208 1209 1205
f 1208 1205 1204
f 1210 1206 1207
f 1210 1207 1211
f 1212 1213 1209
f 1212 1209 1208
f 1214 1210 1211
f 1214 1211 1215
f 1216 1217 1213
f 1216 1213 1212
f 1218 1214 1215
f 1218 1215 1219
f 1220 1217 1216
f 1220 1221 1217
f 1222 1218 1219
f 1222 1219 1223
f 1224 1225 1221
f 1224 1221 1220
f 1226 1222 1223
f 1226 1223 1227
f 1228 1225 1224
f 1228 1229 1225
f 1230 1226 1227
f 1230 1227 1231
f 1232 1233 1229
f 1232 1229 1228
f 1234 1231 1235
f 1234 1230 1231
f 1236 1237 1233
f 1236 1233 1232
f 1238 1235 1239
f 1238 1234 1235
f 1240 1241 1237
f 1240 1237 1236
f 1242 1238 1239
f 1242 1239 1243
f 1244 1245 1241
f 1244 1241 1240
f 1246 1242 1243
f 1246 1243 1247
f 1248 1245 1244
f 1248 1249 1245
f 1250 1246 1247
f 1250 1247 1251
f 1252 1249 1248
f 1252 1253 1249
f 1254 1250 1251
f 1254 1251 1255
f 1256 1253 1252
f 1256 1257 1253
f 1258 1254 1255
f 1258 1255 1259
f 1260 1257 1256
f 1260 1261 1257
f 1262 1258 1259
f 1263 1261 1260
f 1263 1264 1261
f 1265 1266 1264
f 1265 1264 1263
f 1267 1266 1265
f 1267 1268 1266
f 1269 1268 1267
f 1269 1270 1268
f 1271 1270 1269
f 1271 1272 1270
f 1273 1272 1271
f 1273 1274 1272
f 1275 1274 1273
f 1055 1054 1276
f 1055 1276 1277
f 1277 1276 1278
f 1277 1278 1279
f 1279 1278 1280
f 1279 1280 1281
f 1281 1280 1282
f 1281 1282 1283
f 1283 1282 1262
f 1283 1262 1259
f 1047 1046 1284
f 1284 1046 1285
f 1284 1285 1286
f 1286 1285 1287
f 1286 1287 1288
f 1288 1287 1289
f 1288 1289 1290
f 1290 1289 1291
f 1290 1291 1292
f 1292 1291 1293
f 1292 1293 1294
f 1294 1293 1295
f 1294 1295 1296
f 1296 1295 1297
f 1296 1297 1298
f 1298 1297 1299
f 1298 1299 1275
f 1275 1299 1274
f 1051 1050 1300
f 1051 1300 1301
f 1301 1300 1302
f 1301 1302 1303
f 1303 1302 1304
f 1303 1304 1305
f 1305 1304 1306
f 1305 1306 1307
f 1307 1306 1058
f 1307 1058 1057
f 1308 1309 1310
f 1310 1311 1312
f 1309 1311 1310
f 1311 1313 1312
f 1312 1313 1314
f 1314 1315 1316
f 1313 1315 1314
f 1315 1317 1316
f 1316 1317 1318
f 1318 1319 1320
f 1317 1319 1318
f 1319 1321 1320
f 1320 1321 1322
f 1322 1323 1324
f 1321 1323 1322
f 1323 1325 1324
f 1324 1325 1326
f 1325 1327 1326
f 1326 1327 1328
f 1327 1329 1328
f 1328 1329 1330
f 1329 1331 1330
f 1330 1331 1332
f 1331 1333 1332
f 1332 1333 1334
f 1333 1335 1334
f 1334 1335 1336
f 1335 1337 1336
f 1336 1337 1338
f 1337 1339 1338
f 1338 1339 1340
f 1339 1341 1340
f 1340 1341 1342
f 1341 1343 1342
f 1342 1343 1344
f 1343 1345 1344
f 1344 1345 1346
f 1345 1347 1346
f 1346 1347 1348
f 1347 1349 1348
f 1348 1349 1350
f 1349 1351 1350
f 1350 1351 1352
f 1351 1353 1352
f 1352 1353 1354
f 1353 1355 1354
f 1354 1355 1356
f 1356 1357 1358
f 1355 1357 1356
f 1358 1359 1360
f 1357 1359 1358
f 1360 1361 1362
f 1359 1361 1360
f 1362 1363 1364
f 1361 1363 1362
f 1364 1365 1366
f 1363 1365 1364
f 1366 1367 1368
f 1365 1367 1366
f 1368 1369 1370
f 1367 1369 1368
f 1370 1371 1372
f 1369 1371 1370
f 1372 1373 1374
f 1371 1373 1372
f 1374 1375 1376
f 1373 1375 1374
f 1376 1377 1378
f 1375 1377 1376
f 1378 1379 1380
f 1377 1379 1378
f 1380 1381 1382
f 1379 1381 1380
f 1382 1383 1384
f 1381 1383 1382
f 1385 1386 1387
f 1388 1389 1385
f 1385 1389 1386
f 1387 1390 1391
f 1386 1390 1387
f 1392 1393 1388
f 1388 1393 1389
f 1390 1394 1391
f 1391 1394 1395
f 1396 1397 1392
f 1392 1397 1393
f 1394 1398 1395
f 1395 1398 1399
f 1400 1401 1396
f 1396 1401 1397
f 1399 1402 1403
f 1398 1402 1399
f 1384 1404 1400
f 1383 1404 1384
f 1400 1404 1401
f 1403 1405 1406
f 1402 1405 1403
f 1383 1407 1404
f 1408 1407 1383
f 1405 1409 1406
f 1406 1409 1410
f 1408 1411 1407
f 1412 1411 1408
f 1409 1413 1410
f 1410 1413 1414
f 1415 1416 1412
f 1412 1416 1411
f 1414 1417 1418
f 1413 1417 1414
f 1415 1419 1416
f 1420 1419 1415
f 1418 1421 1422
f 1417 1421 1418
f 1423 1424 1420
f 1420 1424 1419
f 1422 1425 1426
f 1421 1425 1422
f 1427 1428 1423
f 1423 1428 1424
f 1426 1429 1430
f 1425 1429 1426
f 1431 1432 1427
f 1427 1432 1428
f 1430 1433 1434
f 1429 1433 1430
f 1435 1436 1431
f 1431 1436 1432
f 1433 1437 1434
f 1434 1437 1438
f 1439 1440 1435
f 1435 1440 1436
f 1438 1441 1442
f 1437 1441 1438
f 1443 1444 1439
f 1439 1444 1440
f 1442 1445 1446
f 1441 1445 1442
f 1447 1448 1443
f 1443 1448 1444
f 1445 1449 1446
f 1446 1449 1450
f 1451 1452 1447
f 1447 1452 1448
f 1449 1453 1450
f 1450 1453 1454
f 1455 1456 1451
f 1451 1456 1452
f 1454 1457 1458
f 1453 1457 1454
f 1459 1460 1455
f 1455 1460 1456
f 1457 1461 1458
f 1458 1461 1462
f 1463 1464 1459
f 1459 1464 1460
f 1461 1465 1462
f 1462 1465 1466
f 1467 1468 1463
f 1463 1468 1464
f 1466 1469 1470
f 1465 1469 1466
f 1471 1472 1467
f 1467 1472 1468
f 1470 1473 1474
f 1469 1473 1470
f 1475 1476 1471
f 1471 1476 1472
f 1474 1477 1478
f 1473 1477 1474
f 1479 1480 1475
f 1475 1480 1476
f 1478 1481 1482
f 1477 1481 1478
f 1483 1484 1479
f 1479 1484 1480
f 1481 1485 1482
f 1482 1485 1486
f 1487 1488 1483
f 1483 1488 1484
f 1486 1489 1490
f 1485 1489 1486
f 1491 1492 1487
f 1487 1492 1488
f 1489 1493 1490
f 1490 1493 1494
f 1491 1495 1492
f 1496 1495 1491
f 1493 1497 1494
f 1494 1497 1498
f 1496 1499 1495
f 1500 1499 1496
f 1498 1501 1502
f 1497 1501 1498
f 1503 1504 1500
f 1500 1504 1499
f 1501 1505 1502
f 1502 1505 1506
f 1507 1508 1503
f 1503 1508 1504
f 1505 1509 1506
f 1506 1509 1510
f 1511 1512 1507
f 1507 1512 1508
f 1509 1513 1510
f 1514 1515 1511
f 1511 1515 1512
f 1514 1516 1515
f 1517 1516 1514
f 1517 1518 1516
f 1519 1518 1517
f 1519 1520 1518
f 1521 1520 1519
f 1521 1522 1520
f 1523 1522 1521
f 1523 1524 1522
f 1525 1524 1523
f 1525 1526 1524
f 1048 1045 1527
f 1048 1527 1528
f 1528 1527 1529
f 1528 1529 1530
f 1530 1529 1531
f 1530 1531 1532
f 1532 1531 1533
f 1532 1533 1534
f 1534 1533 1535
f 1534 1535 1536
f 1536 1535 1537
f 1536 1537 1538
f 1538 1537 1539
f 1538 1539 1540
f 1540 1539 1541
f 1540 1541 1542
f 1542 1541 1526
f 1542 1526 1525
f 1052 1049 1543
f 1543 1049 1544
f 1543 1544 1545
f 1545 1544 1546
f 1545 1546 1547
f 1547 1546 1548
f 1547 1548 1549
f 1549 1548 1550
f 1549 1550 1308
f 1308 1550 1309
f 1056 1053 1551
f 1551 1053 1552
f 1551 1552 1553
f 1553 1552 1554
f 1553 1554 1555
f 1555 1554 1556
f 1555 1556 1557
f 1557 1556 1558
f 1557 1558 1513
f 1513 1558 1510
f 1444 1448 1559
f 1444 1559 1560
f 1192 1561 1196
f 1440 1444 1560
f 1440 1560 1562
f 1563 1561 1192
f 1188 1563 1192
f 1436 1440 1562
f 1436 1562 1564
f 1565 1563 1188
f 1184 1565 1188
f 1432 1436 1564
f 1432 1564 1566
f 1567 1565 1184
f 1180 1567 1184
f 1428 1432 1566
f 1428 1566 1568
f 1569 1567 1180
f 1176 1569 1180
f 1424 1568 1570
f 1424 1428 1568
f 1571 1569 1176
f 1172 1571 1176
f 1419 1570 1572
f 1419 1424 1570
f 1573 1571 1172
f 1168 1573 1172
f 1416 1572 1574
f 1416 1419 1572
f 1575 1573 1168
f 1164 1575 1168
f 1411 1574 1576
f 1411 1416 1574
f 1577 1575 1164
f 1160 1577 1164
f 1407 1576 1578
f 1407 1411 1576
f 1579 1577 1160
f 1579 1160 1156
f 1404 1407 1578
f 1404 1578 1580
f 1581 1579 1156
f 1581 1156 1153
f 1401 1404 1580
f 1401 1580 1582
f 1583 1581 1153
f 1583 1153 1149
f 1397 1401 1582
f 1397 1582 1584
f 1585 1583 1149
f 1585 1149 1145
f 1393 1397 1584
f 1393 1584 1586
f 1587 1585 1145
f 1587 1145 1141
f 1389 1393 1586
f 1389 1586 1588
f 1589 1587 1141
f 1589 1141 1137
f 1386 1389 1588
f 1386 1588 1590
f 1591 1589 1137
f 1591 1137 1134
f 1390 1386 1590
f 1390 1590 1592
f 1593 1591 1134
f 1593 1134 1139
f 1394 1390 1592
f 1394 1592 1594
f 1595 1593 1139
f 1595 1139 1143
f 1398 1594 1596
f 1398 1394 1594
f 1597 1595 1143
f 1597 1143 1147
f 1402 1596 1598
f 1402 1398 1596
f 1599 1597 1147
f 1599 1147 1151
f 1405 1598 1600
f 1405 1402 1598
f 1601 1151 1154
f 1601 1599 1151
f 1409 1600 1602
f 1409 1405 1600
f 1603 1154 1158
f 1603 1601 1154
f 1413 1409 1602
f 1413 1602 1604
f 1605 1603 1158
f 1605 1158 1162
f 1417 1604 1606
f 1417 1413 1604
f 1607 1605 1162
f 1607 1162 1166
f 1421 1417 1606
f 1421 1606 1608
f 1609 1607 1166
f 1609 1166 1170
f 1425 1421 1608
f 1425 1608 1610
f 1611 1609 1170
f 1611 1170 1174
f 1429 1425 1610
f 1429 1610 1612
f 1613 1611 1174
f 1613 1174 1178
f 1433 1429 1612
f 1433 1612 1614
f 1615 1613 1178
f 1615 1178 1182
f 1437 1433 1614
f 1437 1614 1616
f 1617 1615 1182
f 1617 1182 1186
f 1441 1437 1616
f 1441 1616 1618
f 1619 1186 1190
f 1619 1617 1186
f 1445 1441 1618
f 1445 1618 1620
f 1621 1190 1194
f 1621 1619 1190
f 1449 1445 1620
f 1449 1620 1622
f 1623 1194 1198
f 1623 1621 1194
f 1453 1449 1622
f 1453 1622 1624
f 1625 1198 1202
f 1625 1623 1198
f 1457 1453 1624
f 1457 1624 1626
f 1627 1202 1206
f 1627 1625 1202
f 1461 1457 1626
f 1461 1626 1628
f 1629 1627 1206
f 1629 1206 1210
f 1465 1461 1628
f 1465 1628 1630
f 1631 1629 1210
f 1631 1210 1214
f 1469 1465 1630
f 1469 1630 1632
f 1633 1214 1218
f 1633 1631 1214
f 1473 1469 1632
f 1473 1632 1634
f 1635 1218 1222
f 1635 1633 1218
f 1477 1473 1634
f 1477 1634 1636
f 1637 1222 1226
f 1637 1635 1222
f 1481 1477 1636
f 1481 1636 1638
f 1639 1226 1230
f 1639 1637 1226
f 1485 1481 1638
f 1485 1638 1640
f 1641 1230 1234
f 1641 1639 1230
f 1489 1485 1640
f 1489 1640 1642
f 1643 1234 1238
f 1643 1641 1234
f 1493 1489 1642
f 1493 1642 1644
f 1645 1238 1242
f 1645 1643 1238
f 1497 1493 1644
f 1497 1644 1646
f 1647 1242 1246
f 1647 1645 1242
f 1501 1497 1646
f 1501 1646 1648
f 1649 1246 1250
f 1649 1647 1246
f 1505 1501 1648
f 1505 1648 1650
f 1651 1250 1254
f 1651 1649 1250
f 1509 1650 1652
f 1509 1505 1650
f 1653 1254 1258
f 1653 1651 1254
f 1513 1652 1654
f 1513 1509 1652
f 1655 1258 1262
f 1655 1653 1258
f 1557 1654 1656
f 1557 1513 1654
f 1657 1655 1262
f 1657 1262 1282
f 1555 1656 1658
f 1555 1557 1656
f 1659 1657 1282
f 1659 1282 1280
f 1553 1658 1660
f 1553 1555 1658
f 1661 1659 1280
f 1661 1280 1278
f 1551 1660 1662
f 1551 1553 1660
f 1663 1278 1276
f 1663 1661 1278
f 1056 1662 1664
f 1056 1551 1662
f 1665 1056 1664
f 1666 1276 1054
f 1666 1663 1276
f 1667 1666 1054
f 1668 1054 1056
f 1668 1056 1665
f 1668 1667 1054
f 1669 1665 1670
f 1669 1670 1671
f 1669 1668 1665
f 1672 1669 1671
f 1673 1671 1674
f 1673 1672 1671
f 1675 1674 1676
f 1675 1673 1674
f 1677 1676 1678
f 1677 1678 1679
f 1677 1675 1676
f 1680 1677 1679
f 1681 1679 1682
f 1681 1680 1679
f 1683 1682 1684
f 1683 1684 1685
f 1683 1681 1682
f 1686 1683 1685
f 1687 1685 1688
f 1687 1688 1689
f 1687 1686 1685
f 1690 1687 1689
f 1691 1690 1689
f 1691 1689 1692
f 1693 1691 1692
f 1693 1692 1694
f 1695 1693 1694
f 1695 1694 1696
f 1697 1695 1696
f 1697 1696 1698
f 1699 1697 1698
f 1699 1698 1700
f 1701 1699 1700
f 1701 1700 1702
f 1703 1702 1704
f 1703 1701 1702
f 1705 1704 1706
f 1705 1703 1704
f 1707 1706 1708
f 1707 1705 1706
f 1709 1708 1710
f 1709 1707 1708
f 1711 1710 1712
f 1711 1712 1713
f 1711 1709 1710
f 1714 1711 1713
f 1715 1713 1716
f 1715 1714 1713
f 1717 1716 1718
f 1717 1718 1719
f 1717 1715 1716
f 1720 1717 1719
f 1721 1719 1722
f 1721 1720 1719
f 1723 1722 1724
f 1723 1724 1725
f 1723 1721 1722
f 1726 1723 1725
f 1727 1725 1728
f 1727 1726 1725
f 1729 1728 1730
f 1729 1727 1728
f 1731 1730 1732
f 1731 1729 1730
f 1733 1732 1734
f 1733 1731 1732
f 1735 1734 1736
f 1735 1736 1737
f 1735 1733 1734
f 1738 1735 1737
f 1739 1737 1740
f 1739 1740 1741
f 1739 1738 1737
f 1742 1739 1741
f 1743 1742 1741
f 1743 1741 1744
f 1745 1743 1744
f 1745 1744 1746
f 1045 1745 1746
f 1045 1746 1747
f 1045 1747 1748
f 1047 1745 1045
f 1749 1745 1047
f 1527 1045 1748
f 1527 1748 1750
f 1751 1047 1284
f 1751 1749 1047
f 1529 1527 1750
f 1529 1750 1752
f 1753 1284 1286
f 1753 1751 1284
f 1531 1529 1752
f 1531 1752 1754
f 1755 1286 1288
f 1755 1753 1286
f 1533 1531 1754
f 1533 1754 1756
f 1757 1288 1290
f 1757 1755 1288
f 1535 1756 1758
f 1535 1533 1756
f 1759 1290 1292
f 1759 1757 1290
f 1537 1758 1760
f 1537 1535 1758
f 1761 1292 1294
f 1761 1759 1292
f 1539 1760 1762
f 1539 1537 1760
f 1763 1294 1296
f 1763 1761 1294
f 1541 1762 1764
f 1541 1539 1762
f 1765 1296 1298
f 1765 1763 1296
f 1526 1764 1766
f 1526 1541 1764
f 1767 1298 1275
f 1767 1765 1298
f 1524 1766 1768
f 1524 1526 1766
f 1769 1275 1273
f 1769 1767 1275
f 1522 1768 1770
f 1522 1524 1768
f 1771 1769 1273
f 1771 1273 1271
f 1520 1522 1770
f 1520 1770 1772
f 1773 1771 1271
f 1773 1271 1269
f 1518 1520 1772
f 1518 1772 1774
f 1775 1773 1269
f 1775 1269 1267
f 1516 1518 1774
f 1516 1774 1776
f 1777 1267 1265
f 1777 1775 1267
f 1515 1516 1776
f 1515 1776 1778
f 1779 1265 1263
f 1779 1777 1265
f 1512 1515 1778
f 1512 1778 1780
f 1781 1263 1260
f 1781 1779 1263
f 1508 1512 1780
f 1508 1780 1782
f 1783 1260 1256
f 1783 1781 1260
f 1504 1508 1782
f 1504 1782 1784
f 1785 1256 1252
f 1785 1783 1256
f 1499 1504 1784
f 1499 1784 1786
f 1787 1252 1248
f 1787 1785 1252
f 1495 1786 1788
f 1495 1499 1786
f 1789 1248 1244
f 1789 1787 1248
f 1492 1788 1790
f 1492 1495 1788
f 1791 1244 1240
f 1791 1789 1244
f 1488 1790 1792
f 1488 1492 1790
f 1793 1240 1236
f 1793 1791 1240
f 1484 1792 1794
f 1484 1488 1792
f 1795 1793 1236
f 1795 1236 1232
f 1480 1484 1794
f 1480 1794 1796
f 1797 1795 1232
f 1797 1232 1228
f 1476 1480 1796
f 1476 1796 1798
f 1799 1797 1228
f 1799 1228 1224
f 1472 1476 1798
f 1472 1798 1800
f 1801 1799 1224
f 1801 1224 1220
f 1468 1472 1800
f 1468 1800 1802
f 1803 1801 1220
f 1803 1220 1216
f 1464 1468 1802
f 1464 1802 1804
f 1805 1216 1212
f 1805 1803 1216
f 1460 1464 1804
f 1460 1804 1806
f 1807 1212 1208
f 1807 1805 1212
f 1456 1460 1806
f 1456 1806 1808
f 1809 1208 1204
f 1809 1807 1208
f 1452 1456 1808
f 1452 1808 1559
f 1448 1452 1559
f 1810 1204 1200
f 1810 1809 1204
f 1561 1200 1196
f 1561 1810 1200
f 1811 1812 1813
f 1811 1814 1812
f 1815 1816 1817
f 1818 1817 1819
f 1818 1815 1817
f 1820 1818 1819
f 1821 1819 1822
f 1821 1820 1819
f 1823 1822 1824
f 1823 1821 1822
f 1825 1824 1826
f 1825 1823 1824
f 1827 1826 1828
f 1827 1828 1829
f 1827 1825 1826
f 1830 1827 1829
f 1831 1829 1832
f 1831 1830 1829
f 1833 1832 1834
f 1833 1834 1835
f 1833 1831 1832
f 1836 1833 1835
f 1837 1835 1838
f 1837 1836 1835
f 1839 1838 1840
f 1839 1837 1838
f 1841 1840 1842
f 1841 1842 1843
f 1841 1839 1840
f 1844 1841 1843
f 1845 1843 1846
f 1845 1844 1843
f 1814 1846 1812
f 1814 1845 1846
f 1815 1847 1816
f 1815 1848 1847
f 1849 1850 1851
f 1852 1851 1853
f 1852 1849 1851
f 1854 1852 1853
f 1855 1853 1856
f 1855 1854 1853
f 1857 1856 1858
f 1857 1855 1856
f 1859 1858 1860
f 1859 1857 1858
f 1861 1860 1862
f 1861 1862 1863
f 1861 1859 1860
f 1864 1861 1863
f 1865 1864 1863
f 1865 1863 1866
f 1867 1865 1866
f 1867 1866 1868
f 1867 1868 1869
f 1870 1867 1869
f 1871 1870 1869
f 1871 1869 1872
f 1873 1872 1874
f 1873 1871 1872
f 1875 1874 1876
f 1875 1876 1877
f 1875 1873 1874
f 1878 1875 1877
f 1879 1877 1880
f 1879 1880 1881
f 1879 1878 1877
f 1882 1879 1881
f 1883 1881 1884
f 1883 1884 1885
f 1883 1882 1881
f 1886 1883 1885
f 1887 1885 1888
f 1887 1886 1885
f 1889 1888 1890
f 1889 1887 1888
f 1891 1890 1892
f 1891 1889 1890
f 1893 1892 1894
f 1893 1891 1892
f 1895 1894 1896
f 1895 1893 1894
f 1897 1896 1898
f 1897 1898 1899
f 1897 1895 1896
f 1900 1897 1899
f 1901 1899 1902
f 1901 1900 1899
f 1903 1902 1904
f 1903 1901 1902
f 1905 1904 1906
f 1905 1903 1904
f 1907 1906 1908
f 1907 1905 1906
f 1909 1908 1910
f 1909 1910 1911
f 1909 1907 1908
f 1912 1911 1847
f 1912 1909 1911
f 1848 1912 1847
f 1849 1913 1850
f 1849 1914 1913
f 1915 1916 1917
f 1918 1917 1919
f 1918 1915 1917
f 1920 1918 1919
f 1921 1919 1922
f 1921 1920 1919
f 1923 1922 1924
f 1923 1921 1922
f 1925 1924 1926
f 1925 1923 1924
f 1927 1926 1928
f 1927 1928 1929
f 1927 1925 1926
f 1930 1927 1929
f 1931 1930 1929
f 1931 1929 1932
f 1933 1931 1932
f 1933 1932 1934
f 1933 1934 1935
f 1936 1933 1935
f 1937 1936 1935
f 1937 1935 1938
f 1939 1938 1940
f 1939 1937 1938
f 1941 1940 1942
f 1941 1942 1943
f 1941 1939 1940
f 1944 1941 1943
f 1945 1943 1946
f 1945 1946 1947
f 1945 1944 1943
f 1948 1945 1947
f 1949 1947 1950
f 1949 1950 1951
f 1949 1948 1947
f 1952 1949 1951
f 1953 1951 1954
f 1953 1952 1951
f 1955 1954 1956
f 1955 1953 1954
f 1957 1956 1958
f 1957 1955 1956
f 1959 1958 1960
f 1959 1957 1958
f 1961 1960 1962
f 1961 1959 1960
f 1963 1962 1964
f 1963 1964 1965
f 1963 1961 1962
f 1966 1963 1965
f 1967 1965 1968
f 1967 1966 1965
f 1969 1968 1970
f 1969 1967 1968
f 1971 1970 1972
f 1971 1969 1970
f 1973 1972 1974
f 1973 1971 1972
f 1975 1974 1976
f 1975 1976 1977
f 1975 1973 1974
f 1978 1977 1913
f 1978 1975 1977
f 1914 1978 1913
f 1915 1979 1916
f 1915 1980 1979
f 1981 1982 1983
f 1984 1983 1985
f 1984 1981 1983
f 1986 1984 1985
f 1987 1985 1988
f 1987 1986 1985
f 1989 1988 1990
f 1989 1987 1988
f 1991 1990 1992
f 1991 1989 1990
f 1993 1992 1994
f 1993 1994 1995
f 1993 1991 1992
f 1996 1993 1995
f 1997 1995 1998
f 1997 1996 1995
f 1999 1998 2000
f 1999 2000 2001
f 1999 1997 1998
f 2002 1999 2001
f 2003 2001 2004
f 2003 2002 2001
f 2005 2004 2006
f 2005 2003 2004
f 2007 2006 2008
f 2007 2008 2009
f 2007 2005 2006
f 2010 2007 2009
f 2011 2009 2012
f 2011 2012 1979
f 2011 2010 2009
f 1980 2011 1979
f 1981 2013 1982
f 1981 2014 2013
f 2015 2016 2017
f 2018 2017 2019
f 2018 2015 2017
f 2020 2018 2019
f 2021 2019 2022
f 2021 2020 2019
f 2023 2022 2024
f 2023 2021 2022
f 2025 2024 2026
f 2025 2023 2024
f 2027 2026 2028
f 2027 2028 2029
f 2027 2025 2026
f 2030 2027 2029
f 2031 2029 2032
f 2031 2030 2029
f 2033 2032 2034
f 2033 2034 2035
f 2033 2031 2032
f 2036 2033 2035
f 2037 2035 2038
f 2037 2036 2035
f 2039 2038 2040
f 2039 2037 2038
f 2041 2040 2042
f 2041 2042 2043
f 2041 2039 2040
f 2044 2041 2043
f 2045 2043 2046
f 2045 2044 2043
f 2014 2046 2013
f 2014 2045 2046
f 2015 2047 2016
f 2015 2048 2047
f 1811 1813 2049
f 2050 2049 2051
f 2050 1811 2049
f 2052 2050 2051
f 2053 2051 2054
f 2053 2052 2051
f 2055 2054 2056
f 2055 2053 2054
f 2057 2056 2058
f 2057 2055 2056
f 2059 2058 2060
f 2059 2060 2061
f 2059 2057 2058
f 2062 2059 2061
f 2063 2061 2064
f 2063 2062 2061
f 2065 2064 2066
f 2065 2066 2067
f 2065 2063 2064
f 2068 2065 2067
f 2069 2067 2070
f 2069 2068 2067
f 2071 2070 2072
f 2071 2069 2070
f 2073 2072 2074
f 2073 2074 2075
f 2073 2071 2072
f 2076 2073 2075
f 2077 2075 2078
f 2077 2076 2075
f 2048 2078 2047
f 2048 2077 2078
f 1839 1841 1844
f 1837 1839 1844
f 1837 1844 1845
f 1833 1836 1837
f 1833 1837 1845
f 1831 1833 1845
f 1830 1831 1845
f 1825 1827 1830
f 1825 1830 1845
f 1821 1823 1825
f 1821 1825 1845
f 1820 1821 1845
f 1818 1820 1845
f 1815 1845 1814
f 1815 1818 1845
f 2079 1811 2080
f 2081 2080 1811
f 2082 1811 2079
f 2083 2081 1811
f 2084 1811 2082
f 2085 2083 1811
f 2086 1811 2084
f 2087 2085 1811
f 2088 1811 2086
f 2089 2087 1811
f 2090 1811 2088
f 2091 2089 1811
f 2092 1811 2090
f 2092 1814 1811
f 2093 2091 1811
f 2094 1814 2092
f 2095 2093 1811
f 2096 1814 2094
f 2097 1811 2050
f 2097 2095 1811
f 2098 1814 2096
f 2099 2050 2052
f 2099 2052 2053
f 2099 2053 2055
f 2099 2055 2057
f 2099 2057 2059
f 2099 2059 2062
f 2099 2062 2063
f 2099 2063 2065
f 2099 2065 2068
f 2099 2097 2050
f 2100 1814 2098
f 2101 2068 2069
f 2101 2069 2071
f 2101 2071 2073
f 2101 2073 2076
f 2101 2076 2077
f 2101 2077 2048
f 2101 2099 2068
f 2102 1814 2100
f 2103 2101 2048
f 2104 1814 2102
f 2105 2103 2048
f 2106 1814 2104
f 2107 2105 2048
f 2108 1814 2106
f 2109 2048 2015
f 2109 2107 2048
f 2110 1814 2108
f 2111 2109 2015
f 2112 1814 2110
f 2113 2111 2015
f 2114 1814 2112
f 2115 2113 2015
f 2116 1814 2114
f 2117 2115 2015
f 2118 1814 2116
f 2119 2015 2018
f 2119 2018 2020
f 2119 2020 2021
f 2119 2021 2023
f 2119 2023 2025
f 2119 2025 2027
f 2119 2117 2015
f 2120 1814 2118
f 2121 2027 2030
f 2121 2030 2031
f 2121 2031 2033
f 2121 2033 2036
f 2121 2036 2037
f 2121 2037 2039
f 2121 2039 2041
f 2121 2041 2044
f 2121 2044 2045
f 2121 2119 2027
f 2122 1814 2120
f 2123 2121 2045
f 2123 2045 2014
f 2124 1814 2122
f 2125 2123 2014
f 2126 2125 2014
f 2127 2126 2014
f 2128 2127 2014
f 2129 2128 2014
f 2130 2129 2014
f 2131 1815 2132
f 2133 2132 1815
f 2134 1815 2131
f 2135 2133 1815
f 2136 1815 2134
f 2137 2135 1815
f 2138 1815 2136
f 2139 2137 1815
f 2139 1815 1814
f 2140 2130 2014
f 2141 1815 2138
f 2142 2139 1814
f 2143 1815 2141
f 2144 2142 1814
f 2145 1815 2143
f 2146 2144 1814
f 2147 1815 2145
f 2148 2140 2014
f 2149 2146 1814
f 2150 1815 2147
f 2151 2149 1814
f 2152 1815 2150
f 2153 2148 2014
f 2154 2151 1814
f 2155 1815 2152
f 2156 2154 1814
f 2157 1815 2155
f 2158 2153 2014
f 2159 1814 2124
f 2159 2156 1814
f 2160 1815 2157
f 2161 2124 2162
f 2161 2159 2124
f 2163 2158 2014
f 2164 1815 2160
f 2165 2162 2166
f 2165 2161 2162
f 2167 1815 2164
f 2168 2163 2014
f 2169 2165 2166
f 2169 2166 2170
f 2171 2169 2170
f 2171 2170 2172
f 2173 2168 2014
f 2174 2171 2172
f 2174 2172 2175
f 2176 2173 2014
f 2177 2174 2175
f 2177 2175 2178
f 2179 2176 2014
f 2180 2177 2178
f 2180 2178 2181
f 2182 2179 2014
f 2183 2180 2181
f 2183 2181 2184
f 2185 2184 2186
f 2185 2183 2184
f 2187 2185 2186
f 2187 2186 2188
f 2189 2188 2190
f 2189 2187 2188
f 2191 2189 2190
f 2191 2190 2192
f 1848 1815 2167
f 1848 2167 2193
f 1848 2194 2195
f 1848 2196 2194
f 1848 2197 2196
f 1848 2198 2197
f 1848 2199 2198
f 1848 2200 2199
f 1848 2201 2200
f 1848 2193 2201
f 2202 1848 2195
f 1909 1912 1848
f 2203 2192 2204
f 2203 2191 2192
f 1907 1909 1848
f 2205 1848 2202
f 1905 1907 1848
f 2206 2204 2207
f 2206 2203 2204
f 1903 1905 1848
f 1901 1903 1848
f 2208 1848 2205
f 1900 1901 1848
f 2209 2207 2210
f 2209 2206 2207
f 1897 1900 1848
f 2211 1848 2208
f 1895 1897 1848
f 2212 2210 2213
f 2212 2209 2210
f 1893 1895 1848
f 2214 1848 2211
f 1891 1893 1848
f 2215 2213 2216
f 2215 2212 2213
f 1889 1891 1848
f 2217 1848 2214
f 1887 1889 1848
f 2218 2216 2219
f 2218 2215 2216
f 1886 1887 1848
f 2220 1848 2217
f 1883 1886 1848
f 2221 2219 2222
f 2221 2218 2219
f 2223 1848 2220
f 1879 1882 1883
f 1879 1883 1848
f 2224 2221 2222
f 2224 2222 2225
f 1878 1879 1848
f 1875 1878 1848
f 2226 2224 2225
f 2226 2225 2227
f 1871 1875 1848
f 1871 1873 1875
f 2228 2226 2227
f 2228 2227 2229
f 1867 1871 1848
f 1867 1870 1871
f 2230 2229 2231
f 2230 2228 2229
f 1865 1867 1848
f 2232 2230 2231
f 2232 2231 2233
f 1861 1865 1848
f 1861 1864 1865
f 1859 1861 1848
f 1857 1859 1848
f 2234 2233 2235
f 2234 2232 2233
f 1855 1857 1848
f 1854 1855 1848
f 1852 1854 1848
f 1849 1848 2223
f 1849 2236 2237
f 1849 2238 2236
f 1849 2239 2238
f 1849 2240 2239
f 1849 2241 2240
f 1849 2223 2241
f 1849 1852 1848
f 2242 1849 2237
f 2243 1849 2242
f 2244 1849 2243
f 2245 1849 2244
f 2246 1849 2245
f 2247 1849 2246
f 2248 1849 2247
f 2249 1849 2248
f 2250 1849 2249
f 2251 1849 2250
f 2252 1849 2251
f 2253 1849 2252
f 2254 1849 2253
f 2255 1849 2254
f 1590 2256 2257
f 1588 2258 2256
f 1588 2256 1590
f 1592 2257 2259
f 1592 1590 2257
f 1586 2260 2258
f 1586 2258 1588
f 1594 2259 2261
f 1594 1592 2259
f 1584 2262 2260
f 1584 2260 1586
f 1596 1594 2261
f 1582 2263 2262
f 1582 2262 1584
f 1598 2261 2264
f 1598 1596 2261
f 1580 2235 2263
f 1580 2263 1582
f 1600 2264 2265
f 1600 1598 2264
f 1578 2235 1580
f 1578 2266 2234
f 1578 2234 2235
f 1602 2267 2268
f 1602 2265 2267
f 1602 1600 2265
f 1576 2266 1578
f 1604 2268 2269
f 1604 1602 2268
f 1574 2270 2266
f 1574 2266 1576
f 1606 2269 2271
f 1606 1604 2269
f 1572 2270 1574
f 1572 2272 2270
f 1572 2273 2272
f 1608 2271 2274
f 1608 1606 2271
f 1570 2273 1572
f 1610 1608 2274
f 1610 2274 2275
f 1568 2273 1570
f 1568 2276 2273
f 1612 2275 2277
f 1612 1610 2275
f 1566 2278 2276
f 1566 2276 1568
f 1614 2277 2279
f 1614 1612 2277
f 1564 2280 2278
f 1564 2278 1566
f 1616 1614 2279
f 1562 2281 2280
f 1562 2280 1564
f 1618 2282 2283
f 1618 2279 2282
f 1618 1616 2279
f 1560 2284 2281
f 1560 2281 1562
f 1620 2283 2285
f 1620 1618 2283
f 1559 2286 2284
f 1559 2284 1560
f 1622 2285 2287
f 1622 1620 2285
f 1808 2288 2286
f 1808 2286 1559
f 1624 1622 2287
f 1806 2289 2288
f 1806 2288 1808
f 1626 2290 2291
f 1626 2287 2290
f 1626 1624 2287
f 1804 2292 2289
f 1804 2289 1806
f 1628 1626 2291
f 1802 2293 2292
f 1802 2292 1804
f 1800 2294 2293
f 1800 2293 1802
f 1798 2294 1800
f 1798 2295 2294
f 1796 2296 2295
f 1796 2295 1798
f 1794 2297 2296
f 1794 2296 1796
f 1792 2298 2297
f 1792 2297 1794
f 1790 2299 2298
f 1790 2298 1792
f 1981 2300 2301
f 1981 2302 2300
f 1981 2291 2302
f 1981 1630 1628
f 1981 1632 1630
f 1981 1634 1632
f 1981 1636 1634
f 1981 1638 1636
f 1981 1640 1638
f 1981 1642 1640
f 1981 2182 2014
f 1981 1628 2291
f 1981 2303 2182
f 1981 2304 2303
f 1981 2305 2304
f 1981 2306 2305
f 1981 2307 2306
f 1981 2308 2307
f 1981 2309 2308
f 1981 2310 2309
f 1981 2311 2310
f 1981 2312 2311
f 1981 2313 2312
f 1981 2314 2313
f 1981 2301 2314
f 1788 2315 2299
f 1788 2299 1790
f 1644 1642 1981
f 1786 2316 2315
f 1786 2315 1788
f 1784 2317 2316
f 1784 2316 1786
f 1782 2318 2317
f 1782 2317 1784
f 1780 2319 2318
f 1780 2318 1782
f 1778 2319 1780
f 1778 2320 2319
f 1776 2320 1778
f 1776 2321 2320
f 1980 1646 1644
f 1980 1648 1646
f 1980 1650 1648
f 1980 1652 1650
f 1980 1654 1652
f 1980 1656 1654
f 1980 1981 1984
f 1980 1984 1986
f 1980 1986 1987
f 1980 1987 1989
f 1980 1989 1991
f 1980 1991 1993
f 1980 1993 1996
f 1980 1996 1997
f 1980 1997 1999
f 1980 1999 2002
f 1980 2002 2003
f 1980 2003 2005
f 1980 2005 2007
f 1980 2007 2010
f 1980 2010 2011
f 1980 1644 1981
f 1774 2321 1776
f 1774 2322 2321
f 1774 2323 2322
f 1658 1656 1980
f 1772 2323 1774
f 1660 1658 1980
f 1770 2323 1772
f 1770 2324 2323
f 1662 1660 1980
f 1768 2324 1770
f 1768 2325 2324
f 1664 1662 1980
f 1766 2325 1768
f 1766 2326 2325
f 1665 1664 1980
f 1764 2327 2326
f 1764 2326 1766
f 1670 1665 1980
f 1762 2328 2327
f 1762 2327 1764
f 1671 1670 1980
f 1674 1671 1980
f 1676 1674 1980
f 1678 1676 1980
f 1679 1678 1980
f 1682 1679 1980
f 1684 1682 1980
f 1915 1685 1684
f 1915 1688 1685
f 1915 1689 1688
f 1915 1692 1689
f 1915 1694 1692
f 1915 1696 1694
f 1915 1698 1696
f 1915 1700 1698
f 1915 1702 1700
f 1915 1704 1702
f 1915 1706 1704
f 1915 1708 1706
f 1915 1710 1708
f 1915 1712 1710
f 1915 1713 1712
f 1915 1716 1713
f 1915 1718 1716
f 1915 1684 1980
f 1914 1718 1915
f 1914 1719 1718
f 1914 1722 1719
f 1914 1724 1722
f 1914 1725 1724
f 1914 1728 1725
f 1914 1730 1728
f 1914 1732 1730
f 1914 1734 1732
f 1914 1736 1734
f 1914 1737 1736
f 1914 1740 1737
f 1914 1741 1740
f 1914 1744 1741
f 1914 1746 1744
f 1914 1747 1746
f 1914 1748 1747
f 1914 1750 1748
f 1914 1752 1750
f 1914 1754 1752
f 1914 1756 1754
f 1978 1914 1915
f 1973 1975 1978
f 1971 1973 1978
f 1923 1918 1920
f 1923 1920 1921
f 1927 1915 1918
f 1927 1923 1925
f 1927 1978 1915
f 1927 1918 1923
f 1966 1967 1969
f 1966 1969 1971
f 1961 1963 1966
f 1961 1966 1971
f 1933 1927 1930
f 1933 1930 1931
f 1959 1961 1971
f 1936 1927 1933
f 1937 1927 1936
f 1939 1927 1937
f 1955 1957 1959
f 1953 1955 1959
f 1944 1939 1941
f 1952 1959 1971
f 1952 1953 1959
f 1952 1971 1978
f 1948 1927 1939
f 1948 1939 1944
f 1948 1952 1978
f 1948 1944 1945
f 1948 1949 1952
f 1948 1978 1927
f 1914 1849 2255
f 1914 2255 2329
f 1914 2329 2330
f 1914 2330 2328
f 1914 2328 1756
f 1756 2328 1758
f 1758 2328 1760
f 1760 2328 1762
f 2331 2332 2193
f 2331 2193 2167
f 2333 2167 2164
f 2333 2164 2160
f 2333 2331 2167
f 2334 2333 2160
f 2335 2160 2157
f 2335 2334 2160
f 2336 2157 2155
f 2336 2155 2152
f 2336 2335 2157
f 2337 2336 2152
f 2338 2152 2150
f 2338 2337 2152
f 2339 2150 2147
f 2339 2338 2150
f 2340 2147 2145
f 2340 2339 2147
f 1049 2145 2143
f 1049 2143 2141
f 1049 2340 2145
f 1051 2340 1049
f 2341 2340 1051
f 1544 2141 2138
f 1544 1049 2141
f 2342 1051 1301
f 2342 2341 1051
f 1546 2138 2136
f 1546 1544 2138
f 2343 1301 1303
f 2343 2342 1301
f 1548 2136 2134
f 1548 1546 2136
f 2344 1303 1305
f 2344 2343 1303
f 1550 2134 2131
f 1550 1548 2134
f 2345 1305 1307
f 2345 2344 1305
f 1309 1550 2131
f 1309 2131 2132
f 2346 2345 1307
f 2346 1307 1057
f 1311 1309 2132
f 1311 2132 2133
f 2347 2346 1057
f 2347 1057 1060
f 1313 1311 2133
f 1313 2133 2135
f 2348 2347 1060
f 2348 1060 1062
f 1315 1313 2135
f 1315 2135 2137
f 2349 2348 1062
f 2349 1062 1064
f 1317 1315 2137
f 1317 2137 2139
f 2350 2349 1064
f 2350 1064 1066
f 1319 1317 2139
f 1319 2139 2142
f 2351 2350 1066
f 2351 1066 1068
f 1321 1319 2142
f 1321 2142 2144
f 2352 2351 1068
f 2352 1068 1070
f 1323 2144 2146
f 1323 1321 2144
f 2353 2352 1070
f 2353 1070 1072
f 1325 2146 2149
f 1325 1323 2146
f 2354 1072 1074
f 2354 2353 1072
f 1327 2149 2151
f 1327 1325 2149
f 2355 1074 1076
f 2355 2354 1074
f 1329 2151 2154
f 1329 1327 2151
f 2356 1076 1078
f 2356 2355 1076
f 1331 2154 2156
f 1331 1329 2154
f 2357 1078 1080
f 2357 2356 1078
f 1333 2156 2159
f 1333 1331 2156
f 2358 1080 1082
f 2358 2357 1080
f 1335 1333 2159
f 1335 2159 2161
f 2359 2358 1082
f 2359 1082 1084
f 1337 1335 2161
f 1337 2161 2165
f 2360 2359 1084
f 2360 1084 1086
f 1339 1337 2165
f 1339 2165 2169
f 2361 2360 1086
f 2361 1086 1088
f 1341 1339 2169
f 1341 2169 2171
f 2362 2361 1088
f 2362 1088 1090
f 1343 1341 2171
f 1343 2171 2174
f 2363 2362 1090
f 2363 1090 1092
f 1345 1343 2174
f 1345 2174 2177
f 2364 2363 1092
f 2364 1092 1094
f 1347 1345 2177
f 1347 2177 2180
f 2365 2364 1094
f 2365 1094 1096
f 1349 1347 2180
f 1349 2180 2183
f 2366 2365 1096
f 2366 1096 1098
f 1351 2183 2185
f 1351 1349 2183
f 2367 2366 1098
f 2367 1098 1100
f 1353 2185 2187
f 1353 1351 2185
f 2368 1100 1102
f 2368 2367 1100
f 1355 2187 2189
f 1355 1353 2187
f 2369 1102 1104
f 2369 2368 1102
f 1357 2189 2191
f 1357 1355 2189
f 2370 1104 1106
f 2370 2369 1104
f 1359 2191 2203
f 1359 1357 2191
f 2371 1106 1108
f 2371 2370 1106
f 1361 1359 2203
f 1361 2203 2206
f 2372 1108 1110
f 2372 2371 1108
f 1363 1361 2206
f 1363 2206 2209
f 2373 2372 1110
f 2373 1110 1112
f 1365 1363 2209
f 1365 2209 2212
f 2374 2373 1112
f 2374 1112 1114
f 1367 1365 2212
f 1367 2212 2215
f 2375 2374 1114
f 2375 1114 1116
f 1369 1367 2215
f 1369 2215 2218
f 2376 2375 1116
f 2376 1116 1118
f 1371 1369 2218
f 1371 2218 2221
f 2377 2376 1118
f 2377 1118 1120
f 1373 1371 2221
f 1373 2221 2224
f 2378 2377 1120
f 2378 1120 1122
f 1375 1373 2224
f 1375 2224 2226
f 2379 2378 1122
f 2379 1122 1124
f 1377 1375 2226
f 1377 2226 2228
f 2380 2379 1124
f 2380 1124 1126
f 1379 1377 2228
f 1379 2228 2230
f 2381 2380 1126
f 2381 1126 1128
f 1381 2230 2232
f 1381 1379 2230
f 2382 1128 1130
f 2382 2381 1128
f 1383 2232 2234
f 1383 1381 2232
f 2383 2382 1130
f 2383 1130 1132
f 1408 1383 2234
f 1408 2234 2266
f 2384 2383 1132
f 2384 1132 1157
f 1412 2266 2270
f 1412 1408 2266
f 2385 2384 1157
f 2385 1157 1161
f 1415 1412 2270
f 1415 2270 2272
f 2386 2385 1161
f 2386 1161 1165
f 1420 1415 2272
f 1420 2272 2273
f 2387 2386 1165
f 2387 1165 1169
f 1423 1420 2273
f 1423 2273 2276
f 2388 2387 1169
f 2388 1169 1173
f 1427 1423 2276
f 1427 2276 2278
f 2389 1173 1177
f 2389 2388 1173
f 1431 1427 2278
f 1431 2278 2280
f 2390 1177 1181
f 2390 2389 1177
f 1435 1431 2280
f 1435 2280 2281
f 2391 1181 1185
f 2391 2390 1181
f 1439 1435 2281
f 1439 2281 2284
f 2392 1185 1189
f 2392 2391 1185
f 1443 1439 2284
f 1443 2284 2286
f 2393 1189 1193
f 2393 2392 1189
f 1447 1443 2286
f 1447 2286 2288
f 2394 1193 1197
f 2394 2393 1193
f 1451 2288 2289
f 1451 1447 2288
f 2395 1197 1201
f 2395 2394 1197
f 1455 2289 2292
f 1455 1451 2289
f 2396 1201 1205
f 2396 2395 1201
f 1459 2292 2293
f 1459 1455 2292
f 2397 1205 1209
f 2397 2396 1205
f 1463 1459 2293
f 1463 2293 2294
f 2398 1209 1213
f 2398 2397 1209
f 1467 1463 2294
f 1467 2294 2295
f 2399 1213 1217
f 2399 2398 1213
f 1471 1467 2295
f 1471 2295 2296
f 2400 1217 1221
f 2400 2399 1217
f 1475 1471 2296
f 1475 2296 2297
f 2401 1221 1225
f 2401 2400 1221
f 1479 1475 2297
f 1479 2297 2298
f 2402 1225 1229
f 2402 2401 1225
f 1483 1479 2298
f 1483 2298 2299
f 2403 1229 1233
f 2403 2402 1229
f 1487 1483 2299
f 1487 2299 2315
f 2404 1233 1237
f 2404 2403 1233
f 1491 2315 2316
f 1491 1487 2315
f 2405 1237 1241
f 2405 2404 1237
f 1496 2316 2317
f 1496 1491 2316
f 2406 1241 1245
f 2406 2405 1241
f 1500 2317 2318
f 1500 1496 2317
f 2407 1245 1249
f 2407 2406 1245
f 1503 2318 2319
f 1503 1500 2318
f 2408 1249 1253
f 2408 2407 1249
f 1507 2319 2320
f 1507 1503 2319
f 2409 1253 1257
f 2409 2408 1253
f 1511 1507 2320
f 1511 2320 2321
f 2410 2409 1257
f 2410 1257 1261
f 1514 2321 2322
f 1514 1511 2321
f 2411 1261 1264
f 2411 2410 1261
f 1517 2322 2323
f 1517 1514 2322
f 2412 1264 1266
f 2412 2411 1264
f 1519 2323 2324
f 1519 1517 2323
f 2413 1266 1268
f 2413 2412 1266
f 1521 2324 2325
f 1521 1519 2324
f 2414 1268 1270
f 2414 2413 1268
f 1523 2325 2326
f 1523 1521 2325
f 2415 1270 1272
f 2415 2414 1270
f 1525 2326 2327
f 1525 1523 2326
f 2416 1272 1274
f 2416 2415 1272
f 1542 2327 2328
f 1542 1525 2327
f 2417 1274 1299
f 2417 2416 1274
f 1540 2328 2330
f 1540 1542 2328
f 2418 1299 1297
f 2418 2417 1299
f 1538 2330 2329
f 1538 1540 2330
f 2419 1297 1295
f 2419 2418 1297
f 1536 2329 2255
f 1536 1538 2329
f 2420 1295 1293
f 2420 2419 1295
f 1534 2255 2254
f 1534 1536 2255
f 2421 1293 1291
f 2421 2420 1293
f 1532 2254 2253
f 1532 1534 2254
f 2422 2421 1291
f 2422 1291 1289
f 1530 1532 2253
f 1530 2253 2252
f 2423 2422 1289
f 2423 1289 1287
f 1528 1530 2252
f 1528 2252 2251
f 2424 2423 1287
f 2424 1287 1285
f 1048 2251 2250
f 1048 1528 2251
f 2249 1048 2250
f 2425 2424 1285
f 2425 1285 1046
f 2426 2425 1046
f 2427 1046 1048
f 2427 1048 2249
f 2427 2426 1046
f 2428 2249 2248
f 2428 2427 2249
f 2429 2248 2247
f 2429 2247 2246
f 2429 2428 2248
f 2430 2246 2245
f 2430 2429 2246
f 2431 2245 2244
f 2431 2430 2245
f 2432 2431 2244
f 2433 2244 2243
f 2433 2432 2244
f 2434 2243 2242
f 2434 2242 2237
f 2434 2433 2243
f 2435 2434 2237
f 2436 2237 2236
f 2436 2236 2238
f 2436 2435 2237
f 2437 2436 2238
f 2438 2238 2239
f 2438 2437 2238
f 2439 2239 2240
f 2439 2240 2241
f 2439 2438 2239
f 2440 2439 2241
f 2441 2241 2223
f 2441 2223 2220
f 2441 2440 2241
f 2442 2441 2220
f 2443 2442 2220
f 2443 2220 2217
f 2443 2217 2214
f 2444 2443 2214
f 2445 2444 2214
f 2445 2214 2211
f 2446 2445 2211
f 2446 2211 2208
f 2446 2208 2205
f 2447 2446 2205
f 2448 2447 2205
f 2448 2205 2202
f 2448 2202 2195
f 2449 2448 2195
f 2450 2449 2195
f 2450 2195 2194
f 2451 2450 2194
f 2451 2194 2196
f 2452 2451 2196
f 2452 2196 2197
f 2453 2197 2198
f 2453 2452 2197
f 2454 2198 2199
f 2454 2453 2198
f 2455 2199 2200
f 2455 2454 2199
f 2456 2200 2201
f 2456 2455 2200
f 2332 2201 2193
f 2332 2456 2201
f 2344 2345 2346
f 2343 2346 2347
f 2343 2344 2346
f 2351 2349 2350
f 2340 2341 2342
f 2340 2342 2343
f 2340 2347 2348
f 2340 2348 2349
f 2340 2343 2347
f 2356 2351 2352
f 2356 2352 2353
f 2356 2353 2354
f 2356 2354 2355
f 2357 2351 2356
f 2335 2336 2337
f 2360 2357 2358
f 2360 2358 2359
f 2333 2334 2335
f 2331 2337 2338
f 2331 2338 2339
f 2331 2339 2340
f 2331 2335 2337
f 2331 2333 2335
f 2363 2360 2361
f 2363 2361 2362
f 2455 2456 2332
f 2454 2332 2331
f 2454 2331 2340
f 2454 2455 2332
f 2367 2363 2364
f 2367 2364 2365
f 2367 2365 2366
f 2367 2357 2360
f 2367 2351 2357
f 2367 2360 2363
f 2369 2367 2368
f 2450 2451 2452
f 2450 2452 2453
f 2450 2453 2454
f 2371 2367 2369
f 2371 2369 2370
f 2448 2450 2454
f 2448 2449 2450
f 2373 2351 2367
f 2373 2367 2371
f 2373 2371 2372
f 2446 2447 2448
f 2446 2448 2454
f 2444 2445 2446
f 2376 2373 2374
f 2376 2374 2375
f 2443 2446 2454
f 2443 2444 2446
f 2377 2351 2373
f 2377 2373 2376
f 2377 2349 2351
f 2377 2340 2349
f 2379 2377 2378
f 2440 2441 2442
f 2440 2442 2443
f 2380 2377 2379
f 2439 2440 2443
f 2382 2380 2381
f 2382 2377 2380
f 2383 2377 2382
f 2436 2437 2438
f 2384 2454 2340
f 2384 2340 2377
f 2384 2377 2383
f 2434 2435 2436
f 2434 2436 2438
f 2432 2433 2434
f 2432 2438 2439
f 2432 2434 2438
f 2389 2384 2385
f 2389 2385 2386
f 2389 2386 2387
f 2389 2387 2388
f 2430 2431 2432
f 2430 2443 2454
f 2430 2439 2443
f 2430 2432 2439
f 2428 2430 2454
f 2428 2429 2430
f 2394 2390 2391
f 2394 2391 2392
f 2394 2392 2393
f 2425 2426 2427
f 2425 2427 2428
f 2395 2390 2394
f 2395 2389 2390
f 2424 2425 2428
f 2396 2389 2395
f 2422 2423 2424
f 2398 2396 2397
f 2398 2454 2384
f 2398 2389 2396
f 2398 2384 2389
f 2421 2424 2428
f 2421 2422 2424
f 2400 2398 2399
f 2419 2421 2428
f 2419 2420 2421
f 2402 2398 2400
f 2402 2400 2401
f 2404 2402 2403
f 2414 2415 2416
f 2414 2416 2417
f 2414 2417 2418
f 2414 2418 2419
f 2406 2402 2404
f 2406 2404 2405
f 2407 2402 2406
f 2412 2414 2419
f 2412 2413 2414
f 2409 2428 2454
f 2409 2454 2398
f 2409 2419 2428
f 2409 2402 2407
f 2409 2398 2402
f 2409 2412 2419
f 2409 2407 2408
f 2410 2412 2409
f 2410 2411 2412
f 1318 1320 2110
f 1318 2110 2108
f 1067 2457 1069
f 1316 1318 2108
f 1316 2108 2106
f 2458 1067 1065
f 2458 2457 1067
f 1314 1316 2106
f 1314 2106 2104
f 2459 1065 1063
f 2459 2458 1065
f 1312 1314 2104
f 1312 2104 2102
f 2460 1063 1061
f 2460 2459 1063
f 1310 2102 2100
f 1310 1312 2102
f 2461 1061 1059
f 2461 2460 1061
f 1308 2100 2098
f 1308 1310 2100
f 2462 1059 1058
f 2462 2461 1059
f 1549 2098 2096
f 1549 1308 2098
f 2463 1058 1306
f 2463 2462 1058
f 1547 2096 2094
f 1547 1549 2096
f 2464 1306 1304
f 2464 2463 1306
f 1545 2094 2092
f 1545 1547 2094
f 2465 1304 1302
f 2465 2464 1304
f 1543 1545 2092
f 1543 2092 2090
f 2466 1302 1300
f 2466 2465 1302
f 1052 2090 2088
f 1052 1543 2090
f 2086 1052 2088
f 2467 2466 1300
f 2467 1300 1050
f 2468 2467 1050
f 2469 1052 2086
f 2469 2468 1050
f 2469 1050 1052
f 2470 2469 2086
f 2470 2086 2084
f 2471 2470 2084
f 2471 2084 2082
f 2471 2082 2079
f 2472 2471 2079
f 2473 2472 2079
f 2473 2079 2080
f 2474 2473 2080
f 2474 2080 2081
f 2475 2474 2081
f 2475 2081 2083
f 2476 2475 2083
f 2476 2083 2085
f 2476 2085 2087
f 2477 2476 2087
f 2478 2477 2087
f 2478 2087 2089
f 2479 2478 2089
f 2479 2089 2091
f 2480 2479 2091
f 2480 2091 2093
f 2480 2093 2095
f 2481 2480 2095
f 2482 2481 2095
f 2482 2095 2097
f 2483 2097 2099
f 2483 2482 2097
f 2484 2099 2101
f 2484 2483 2099
f 2485 2101 2103
f 2485 2484 2101
f 2486 2103 2105
f 2486 2485 2103
f 2487 2105 2107
f 2487 2486 2105
f 2488 2107 2109
f 2488 2109 2111
f 2488 2487 2107
f 2489 2488 2111
f 2490 2489 2111
f 2490 2111 2113
f 2491 2490 2113
f 2491 2113 2115
f 2491 2115 2117
f 2492 2491 2117
f 2493 2492 2117
f 2493 2117 2119
f 2494 2493 2119
f 2494 2119 2121
f 2495 2494 2121
f 2495 2121 2123
f 2495 2123 2125
f 2496 2495 2125
f 2497 2496 2125
f 2497 2125 2126
f 2498 2497 2126
f 2498 2126 2127
f 2499 2498 2127
f 2499 2127 2128
f 2500 2499 2128
f 2500 2128 2129
f 2501 2500 2129
f 2501 2129 2130
f 2502 2501 2130
f 2502 2130 2140
f 2502 2140 2148
f 2503 2502 2148
f 2504 2503 2148
f 2504 2148 2153
f 2504 2153 2158
f 2505 2504 2158
f 2506 2505 2158
f 2506 2158 2163
f 2506 2163 2168
f 2507 2506 2168
f 2508 2168 2173
f 2508 2507 2168
f 1053 2173 2176
f 1053 2176 2179
f 1053 2508 2173
f 1055 2508 1053
f 2509 2508 1055
f 1552 2179 2182
f 1552 1053 2179
f 2510 1055 1277
f 2510 2509 1055
f 1554 2182 2303
f 1554 1552 2182
f 2511 1277 1279
f 2511 2510 1277
f 1556 2303 2304
f 1556 1554 2303
f 2512 1279 1281
f 2512 2511 1279
f 1558 2304 2305
f 1558 1556 2304
f 2513 2512 1281
f 2513 1281 1283
f 1510 2305 2306
f 1510 1558 2305
f 2514 2513 1283
f 2514 1283 1259
f 1506 2306 2307
f 1506 1510 2306
f 2515 2514 1259
f 2515 1259 1255
f 1502 2307 2308
f 1502 1506 2307
f 2516 2515 1255
f 2516 1255 1251
f 1498 2308 2309
f 1498 1502 2308
f 2517 2516 1251
f 2517 1251 1247
f 1494 2309 2310
f 1494 1498 2309
f 2518 2517 1247
f 2518 1247 1243
f 1490 2310 2311
f 1490 1494 2310
f 2519 1243 1239
f 2519 2518 1243
f 1486 2311 2312
f 1486 1490 2311
f 2520 1239 1235
f 2520 2519 1239
f 1482 2312 2313
f 1482 1486 2312
f 2521 1235 1231
f 2521 2520 1235
f 1478 2313 2314
f 1478 1482 2313
f 2522 1231 1227
f 2522 2521 1231
f 1474 2314 2301
f 1474 1478 2314
f 2523 1227 1223
f 2523 2522 1227
f 1470 2301 2300
f 1470 1474 2301
f 2524 1223 1219
f 2524 2523 1223
f 1466 1470 2300
f 1466 2300 2302
f 2525 2524 1219
f 2525 1219 1215
f 1462 1466 2302
f 1462 2302 2291
f 2526 2525 1215
f 2526 1215 1211
f 1458 2291 2290
f 1458 1462 2291
f 2527 2526 1211
f 2527 1211 1207
f 1454 2290 2287
f 1454 1458 2290
f 2528 2527 1207
f 2528 1207 1203
f 1450 2287 2285
f 1450 1454 2287
f 2529 2528 1203
f 2529 1203 1199
f 1446 2285 2283
f 1446 1450 2285
f 2530 2529 1199
f 2530 1199 1195
f 1442 2283 2282
f 1442 1446 2283
f 2531 2530 1195
f 2531 1195 1191
f 1438 2282 2279
f 1438 1442 2282
f 2532 2531 1191
f 2532 1191 1187
f 1434 2279 2277
f 1434 1438 2279
f 2533 1187 1183
f 2533 2532 1187
f 1430 2277 2275
f 1430 1434 2277
f 2534 1183 1179
f 2534 2533 1183
f 1426 2275 2274
f 1426 1430 2275
f 2535 1179 1175
f 2535 2534 1179
f 1422 2274 2271
f 1422 1426 2274
f 2536 1175 1171
f 2536 2535 1175
f 1418 2271 2269
f 1418 1422 2271
f 2537 2536 1171
f 2537 1171 1167
f 1414 1418 2269
f 1414 2269 2268
f 2538 2537 1167
f 2538 1167 1163
f 1410 1414 2268
f 1410 2268 2267
f 2539 2538 1163
f 2539 1163 1159
f 1406 1410 2267
f 1406 2267 2265
f 2540 2539 1159
f 2540 1159 1155
f 1403 1406 2265
f 1403 2265 2264
f 2541 2540 1155
f 2541 1155 1152
f 1399 2264 2261
f 1399 1403 2264
f 2542 2541 1152
f 2542 1152 1148
f 1395 2261 2259
f 1395 1399 2261
f 2543 2542 1148
f 2543 1148 1144
f 1391 2259 2257
f 1391 1395 2259
f 2544 2543 1144
f 2544 1144 1140
f 1387 2257 2256
f 1387 1391 2257
f 2545 2544 1140
f 2545 1140 1136
f 1385 2256 2258
f 1385 1387 2256
f 2546 2545 1136
f 2546 1136 1135
f 1388 2258 2260
f 1388 1385 2258
f 2547 1135 1138
f 2547 2546 1135
f 1392 2260 2262
f 1392 1388 2260
f 2548 1138 1142
f 2548 2547 1138
f 1396 2262 2263
f 1396 1392 2262
f 2549 2548 1142
f 2549 1142 1146
f 1400 1396 2263
f 1400 2263 2235
f 2550 2549 1146
f 2550 1146 1150
f 1384 2235 2233
f 1384 1400 2235
f 2551 2550 1150
f 2551 1150 1133
f 1382 1384 2233
f 1382 2233 2231
f 2552 2551 1133
f 2552 1133 1131
f 1380 1382 2231
f 1380 2231 2229
f 2553 2552 1131
f 2553 1131 1129
f 1378 1380 2229
f 1378 2229 2227
f 2554 2553 1129
f 2554 1129 1127
f 1376 1378 2227
f 1376 2227 2225
f 2555 2554 1127
f 2555 1127 1125
f 1374 2225 2222
f 1374 1376 2225
f 2556 2555 1125
f 2556 1125 1123
f 1372 2222 2219
f 1372 1374 2222
f 2557 2556 1123
f 2557 1123 1121
f 1370 2219 2216
f 1370 1372 2219
f 2558 2557 1121
f 2558 1121 1119
f 1368 2216 2213
f 1368 1370 2216
f 2559 2558 1119
f 2559 1119 1117
f 1366 2213 2210
f 1366 1368 2213
f 2560 1117 1115
f 2560 2559 1117
f 1364 2210 2207
f 1364 1366 2210
f 2561 1115 1113
f 2561 2560 1115
f 1362 2207 2204
f 1362 1364 2207
f 2562 1113 1111
f 2562 2561 1113
f 1360 2204 2192
f 1360 1362 2204
f 2563 1111 1109
f 2563 2562 1111
f 1358 1360 2192
f 1358 2192 2190
f 2564 1109 1107
f 2564 2563 1109
f 1356 1358 2190
f 1356 2190 2188
f 2565 1107 1105
f 2565 2564 1107
f 1354 1356 2188
f 1354 2188 2186
f 2566 1105 1103
f 2566 2565 1105
f 1352 1354 2186
f 1352 2186 2184
f 2567 1103 1101
f 2567 2566 1103
f 1350 1352 2184
f 1350 2184 2181
f 2568 1101 1099
f 2568 2567 1101
f 1348 1350 2181
f 1348 2181 2178
f 2569 1099 1097
f 2569 2568 1099
f 1346 1348 2178
f 1346 2178 2175
f 2570 1097 1095
f 2570 2569 1097
f 1344 2175 2172
f 1344 1346 2175
f 2571 1095 1093
f 2571 2570 1095
f 1342 2172 2170
f 1342 1344 2172
f 2572 1093 1091
f 2572 2571 1093
f 1340 2170 2166
f 1340 1342 2170
f 2573 1091 1089
f 2573 2572 1091
f 1338 2166 2162
f 1338 1340 2166
f 2574 1089 1087
f 2574 2573 1089
f 1336 2162 2124
f 1336 1338 2162
f 2575 1087 1085
f 2575 2574 1087
f 1334 1336 2124
f 1334 2124 2122
f 2576 1085 1083
f 2576 2575 1085
f 1332 1334 2122
f 1332 2122 2120
f 2577 1083 1081
f 2577 2576 1083
f 1330 1332 2120
f 1330 2120 2118
f 2578 1081 1079
f 2578 2577 1081
f 1328 1330 2118
f 1328 2118 2116
f 2579 1079 1077
f 2579 2578 1079
f 1326 1328 2116
f 1326 2116 2114
f 2580 1077 1075
f 2580 2579 1077
f 1324 1326 2114
f 1324 2114 2112
f 2581 1075 1073
f 2581 2580 1075
f 1322 1324 2112
f 1322 2112 2110
f 1320 1322 2110
f 2582 1073 1071
f 2582 2581 1073
f 2457 1071 1069
f 2457 2582 1071
f 2470 2471 2472
f 2469 2472 2473
f 2469 2470 2472
f 2477 2475 2476
f 2466 2467 2468
f 2466 2468 2469
f 2466 2473 2474
f 2466 2474 2475
f 2466 2469 2473
f 2482 2477 2478
f 2482 2478 2479
f 2482 2479 2480
f 2482 2480 2481
f 2483 2477 2482
f 2461 2462 2463
f 2486 2483 2484
f 2486 2484 2485
f 2459 2460 2461
f 2458 2463 2464
f 2458 2464 2465
f 2458 2465 2466
f 2458 2461 2463
f 2458 2459 2461
f 2489 2486 2487
f 2489 2487 2488
f 2581 2582 2457
f 2580 2457 2458
f 2580 2458 2466
f 2580 2581 2457
f 2493 2489 2490
f 2493 2490 2491
f 2493 2491 2492
f 2493 2483 2486
f 2493 2477 2483
f 2493 2486 2489
f 2495 2493 2494
f 2576 2577 2578
f 2576 2578 2579
f 2576 2579 2580
f 2497 2493 2495
f 2497 2495 2496
f 2574 2576 2580
f 2574 2575 2576
f 2499 2477 2493
f 2499 2493 2497
f 2499 2497 2498
f 2572 2573 2574
f 2572 2574 2580
f 2570 2571 2572
f 2502 2499 2500
f 2502 2500 2501
f 2569 2572 2580
f 2569 2570 2572
f 2503 2477 2499
f 2503 2499 2502
f 2503 2475 2477
f 2503 2466 2475
f 2505 2503 2504
f 2566 2567 2568
f 2566 2568 2569
f 2506 2503 2505
f 2565 2566 2569
f 2508 2506 2507
f 2508 2503 2506
f 2509 2503 2508
f 2562 2563 2564
f 2510 2580 2466
f 2510 2466 2503
f 2510 2503 2509
f 2560 2561 2562
f 2560 2562 2564
f 2558 2559 2560
f 2558 2564 2565
f 2558 2560 2564
f 2515 2510 2511
f 2515 2511 2512
f 2515 2512 2513
f 2515 2513 2514
f 2556 2557 2558
f 2556 2569 2580
f 2556 2565 2569
f 2556 2558 2565
f 2554 2556 2580
f 2554 2555 2556
f 2520 2516 2517
f 2520 2517 2518
f 2520 2518 2519
f 2551 2552 2553
f 2551 2553 2554
f 2521 2516 2520
f 2521 2515 2516
f 2550 2551 2554
f 2522 2515 2521
f 2548 2549 2550
f 2524 2522 2523
f 2524 2580 2510
f 2524 2515 2522
f 2524 2510 2515
f 2547 2550 2554
f 2547 2548 2550
f 2526 2524 2525
f 2545 2547 2554
f 2545 2546 2547
f 2528 2524 2526
f 2528 2526 2527
f 2530 2528 2529
f 2540 2541 2542
f 2540 2542 2543
f 2540 2543 2544
f 2540 2544 2545
f 2532 2528 2530
f 2532 2530 2531
f 2533 2528 2532
f 2538 2540 2545
f 2538 2539 2540
f 2535 2554 2580
f 2535 2580 2524
f 2535 2545 2554
f 2535 2528 2533
f 2535 2524 2528
f 2535 2538 2545
f 2535 2533 2534
f 2536 2538 2535
f 2536 2537 2538
f 1587 1589 1591
f 1585 1591 1593
f 1585 1587 1591
f 1601 1597 1599
f 1579 1581 1583
f 1579 1583 1585
f 1579 1593 1595
f 1579 1595 1597
f 1579 1585 1593
f 1611 1601 1603
f 1611 1603 1605
f 1611 1605 1607
f 1611 1607 1609
f 1613 1601 1611
f 1569 1571 1573
f 1619 1613 1615
f 1619 1615 1617
f 1565 1567 1569
f 1563 1573 1575
f 1563 1575 1577
f 1563 1577 1579
f 1563 1569 1573
f 1563 1565 1569
f 1625 1619 1621
f 1625 1621 1623
f 1809 1810 1561
f 1807 1561 1563
f 1807 1563 1579
f 1807 1809 1561
f 1633 1625 1627
f 1633 1627 1629
f 1633 1629 1631
f 1633 1613 1619
f 1633 1601 1613
f 1633 1619 1625
f 1637 1633 1635
f 1799 1801 1803
f 1799 1803 1805
f 1799 1805 1807
f 1641 1633 1637
f 1641 1637 1639
f 1795 1799 1807
f 1795 1797 1799
f 1645 1601 1633
f 1645 1633 1641
f 1645 1641 1643
f 1791 1793 1795
f 1791 1795 1807
f 1787 1789 1791
f 1651 1645 1647
f 1651 1647 1649
f 1785 1791 1807
f 1785 1787 1791
f 1653 1601 1645
f 1653 1645 1651
f 1653 1597 1601
f 1653 1579 1597
f 1657 1653 1655
f 1779 1781 1783
f 1779 1783 1785
f 1659 1653 1657
f 1777 1779 1785
f 1663 1659 1661
f 1663 1653 1659
f 1666 1653 1663
f 1771 1773 1775
f 1667 1807 1579
f 1667 1579 1653
f 1667 1653 1666
f 1767 1769 1771
f 1767 1771 1775
f 1763 1765 1767
f 1763 1775 1777
f 1763 1767 1775
f 1675 1667 1668
f 1675 1668 1669
f 1675 1669 1672
f 1675 1672 1673
f 1759 1761 1763
f 1759 1785 1807
f 1759 1777 1785
f 1759 1763 1777
f 1755 1759 1807
f 1755 1757 1759
f 1686 1677 1680
f 1686 1680 1681
f 1686 1681 1683
f 1749 1751 1753
f 1749 1753 1755
f 1687 1677 1686
f 1687 1675 1677
f 1745 1749 1755
f 1690 1675 1687
f 1742 1743 1745
f 1693 1690 1691
f 1693 1807 1667
f 1693 1675 1690
f 1693 1667 1675
f 1739 1745 1755
f 1739 1742 1745
f 1697 1693 1695
f 1735 1739 1755
f 1735 1738 1739
f 1701 1693 1697
f 1701 1697 1699
f 1705 1701 1703
f 1726 1727 1729
f 1726 1729 1731
f 1726 1731 1733
f 1726 1733 1735
f 1709 1701 1705
f 1709 1705 1707
f 1711 1701 1709
f 1721 1726 1735
f 1721 1723 1726
f 1715 1755 1807
f 1715 1807 1693
f 1715 1735 1755
f 1715 1701 1711
f 1715 1693 1701
f 1715 1721 1735
f 1715 1711 1714
f 1717 1721 1715
f 1717 1720 1721
f 1813 2051 2049
f 1843 1842 1846
f 2051 2056 2054
f 1813 2056 2051
f 1842 1840 1846
f 2056 2061 2058
f 2058 2061 2060
f 1813 2061 2056
f 1835 1834 1838
f 1838 1834 1840
f 1840 1834 1846
f 1834 1832 1846
f 2061 2066 2064
f 1813 2066 2061
f 1829 1828 1832
f 1828 1826 1832
f 2067 2072 2070
f 1826 1824 1832
f 1832 1822 1846
f 1824 1822 1832
f 2066 2075 2067
f 2072 2075 2074
f 1813 2075 2066
f 2067 2075 2072
f 1819 1817 1822
f 2075 2047 2078
f 1813 2047 2075
f 1846 1816 1812
f 1822 1816 1846
f 1817 1816 1822
f 1813 2016 2047
f 2017 2024 2019
f 2019 2024 2022
f 2017 2026 2024
f 2017 2029 2026
f 2026 2029 2028
f 2016 2034 2017
f 2029 2034 2032
f 2017 2034 2029
f 2016 2035 2034
f 2016 2038 2035
f 2016 2040 2038
f 2016 2042 2040
f 2042 2046 2043
f 2016 2046 2042
f 1813 2013 2016
f 1812 2013 1813
f 2016 2013 2046
f 1911 1910 1847
f 1910 1908 1847
f 1908 1906 1847
f 1906 1904 1847
f 1904 1902 1847
f 1902 1899 1847
f 1899 1898 1847
f 1898 1896 1847
f 1896 1894 1847
f 1894 1892 1847
f 1892 1890 1847
f 1890 1888 1847
f 1888 1885 1847
f 1885 1884 1847
f 1884 1881 1847
f 1881 1880 1847
f 1880 1877 1847
f 1877 1876 1847
f 1876 1874 1847
f 1874 1872 1847
f 1872 1868 1847
f 1869 1868 1872
f 1868 1866 1847
f 1866 1863 1847
f 1863 1862 1847
f 1860 1858 1862
f 1862 1858 1847
f 1858 1856 1847
f 1853 1851 1856
f 1856 1851 1847
f 1847 1850 1816
f 1851 1850 1847
f 1816 1850 1812
f 1850 1982 1812
f 1812 1982 2013
f 1982 1979 1983
f 1983 1979 1985
f 1985 1979 1988
f 1988 1979 1990
f 1990 1979 1992
f 1992 1979 1994
f 1994 1979 1995
f 1995 1979 1998
f 1998 1979 2000
f 2000 1979 2001
f 2001 1979 2004
f 2004 1979 2006
f 2006 1979 2008
f 2008 1979 2009
f 2009 1979 2012
f 1982 1913 1979
f 1979 1913 1916
f 1850 1913 1982
f 1913 1977 1916
f 1916 1919 1917
f 1974 1972 1976
f 1976 1972 1977
f 1919 1924 1922
f 1916 1924 1919
f 1916 1926 1924
f 1926 1968 1928
f 1977 1968 1916
f 1972 1968 1977
f 1916 1968 1926
f 1970 1968 1972
f 1928 1932 1929
f 1928 1934 1932
f 1964 1962 1965
f 1965 1962 1968
f 1962 1960 1968
f 1934 1938 1935
f 1960 1958 1968
f 1958 1956 1968
f 1928 1940 1934
f 1934 1940 1938
f 1940 1943 1942
f 1951 1946 1954
f 1954 1946 1956
f 1968 1946 1928
f 1956 1946 1968
f 1928 1946 1940
f 1940 1946 1943
f 1950 1947 1951
f 1951 1947 1946
f 2583 2584 2585
f 2584 2586 2585
f 2585 2586 2587
f 2586 2588 2587
f 2587 2588 2589
f 2588 2590 2589
f 2589 2590 2591
f 2590 2592 2591
f 2591 2592 2593
f 2592 2594 2593
f 2593 2594 2595
f 2594 2596 2595
f 2595 2596 2597
f 2596 2598 2597
f 2597 2598 2599
f 2598 2600 2599
f 2599 2600 2601
f 2600 2602 2601
f 2601 2602 2603
f 2602 2604 2603
f 2603 2604 2605
f 2604 2606 2605
f 2605 2606 2607
f 2606 2608 2607
f 2607 2608 2609
f 2609 2610 2611
f 2608 2610 2609
f 2611 2612 2613
f 2610 2612 2611
f 2613 2614 2615
f 2612 2614 2613
f 2615 2616 2617
f 2614 2616 2615
f 2617 2618 2619
f 2616 2618 2617
f 2619 2620 2621
f 2618 2620 2619
f 2621 2622 2623
f 2620 2622 2621
f 2623 2624 2625
f 2622 2624 2623
f 2624 2626 2625
f 2625 2626 2627
f 2626 2628 2627
f 2627 2628 2629
f 2628 2630 2629
f 2629 2630 2631
f 2630 2632 2631
f 2631 2632 2633
f 2632 2634 2633
f 2633 2634 2635
f 2634 2636 2635
f 2635 2636 2637
f 2636 2638 2637
f 2637 2638 2639
f 2638 2640 2639
f 2639 2640 2641
f 2640 2642 2641
f 2641 2642 2643
f 2642 2644 2643
f 2643 2644 2645
f 2644 2646 2645
f 2645 2646 2647
f 2646 2648 2647
f 2647 2648 2649
f 2648 2650 2649
f 2649 2650 2651
f 2650 2652 2651
f 2651 2652 2653
f 2652 2654 2653
f 2653 2654 2655
f 2654 2656 2655
f 2655 2656 2657
f 2656 2658 2657
f 2657 2658 2659
f 2658 2660 2659
f 2659 2660 2661
f 2660 2662 2661
f 2662 2663 2661
f 2661 2663 2664
f 2664 2663 2665
f 2663 2666 2665
f 2665 2667 2668
f 2666 2667 2665
f 2668 2669 2670
f 2670 2669 2671
f 2667 2669 2668
f 2671 2672 2673
f 2669 2672 2671
f 2672 2674 2673
f 2673 2675 2676
f 2674 2675 2673
f 2676 2675 2677
f 2675 2678 2677
f 2677 2679 2680
f 2680 2679 2681
f 2678 2679 2677
f 2679 2682 2681
f 2681 2683 2684
f 2684 2683 2685
f 2682 2683 2681
f 2683 2686 2685
f 2685 2687 2688
f 2686 2687 2685
f 2688 2689 2690
f 2687 2689 2688
f 2690 2691 2692
f 2692 2691 2693
f 2689 2691 2690
f 2691 2694 2693
f 2693 2695 2696
f 2694 2695 2693
f 2696 2697 2698
f 2695 2697 2696
f 2699 2700 2701
f 2699 2702 2700
f 2703 2701 2704
f 2703 2699 2701
f 2705 2704 2706
f 2705 2703 2704
f 2707 2706 2708
f 2707 2708 2709
f 2707 2705 2706
f 2710 2707 2709
f 2711 2709 2712
f 2711 2712 2713
f 2711 2710 2709
f 2714 2711 2713
f 2715 2713 2716
f 2715 2716 2717
f 2715 2714 2713
f 2718 2715 2717
f 2719 2718 2717
f 2719 2717 2720
f 2719 2720 2721
f 2722 2719 2721
f 2723 2721 2724
f 2723 2724 2725
f 2723 2722 2721
f 2726 2723 2725
f 2727 2725 2728
f 2727 2726 2725
f 2729 2728 2730
f 2729 2727 2728
f 2731 2730 2732
f 2731 2732 2733
f 2731 2729 2730
f 2734 2731 2733
f 2735 2733 2736
f 2735 2734 2733
f 2737 2736 2738
f 2737 2735 2736
f 2739 2738 2740
f 2739 2737 2738
f 2741 2740 2742
f 2741 2742 2743
f 2741 2739 2740
f 2744 2741 2743
f 2745 2743 2746
f 2745 2744 2743
f 2747 2746 2748
f 2747 2745 2746
f 2749 2748 2750
f 2749 2750 2751
f 2749 2747 2748
f 2752 2749 2751
f 2753 2751 2754
f 2753 2752 2751
f 2755 2754 2756
f 2755 2753 2754
f 2697 2756 2698
f 2697 2755 2756
f 2702 2757 2700
f 2702 2758 2757
f 2759 2760 2761
f 2759 2762 2760
f 2763 2761 2764
f 2763 2759 2761
f 2765 2764 2766
f 2765 2763 2764
f 2767 2766 2768
f 2767 2765 2766
f 2769 2768 2770
f 2769 2770 2771
f 2769 2767 2768
f 2772 2771 2773
f 2772 2769 2771
f 2774 2772 2773
f 2775 2774 2773
f 2775 2773 2776
f 2775 2776 2777
f 2778 2775 2777
f 2779 2777 2780
f 2779 2778 2777
f 2781 2780 2782
f 2781 2779 2780
f 2783 2782 2784
f 2783 2781 2782
f 2785 2784 2786
f 2785 2783 2784
f 2787 2786 2788
f 2787 2785 2786
f 2789 2788 2790
f 2789 2787 2788
f 2791 2790 2792
f 2791 2792 2793
f 2791 2789 2790
f 2794 2791 2793
f 2795 2793 2796
f 2795 2794 2793
f 2797 2796 2798
f 2797 2798 2799
f 2797 2795 2796
f 2800 2797 2799
f 2801 2799 2802
f 2801 2802 2803
f 2801 2800 2799
f 2804 2801 2803
f 2805 2803 2806
f 2805 2804 2803
f 2807 2806 2808
f 2807 2805 2806
f 2809 2808 2810
f 2809 2807 2808
f 2811 2810 2812
f 2811 2809 2810
f 2813 2812 2814
f 2813 2814 2815
f 2813 2811 2812
f 2816 2815 2817
f 2816 2813 2815
f 2818 2816 2817
f 2819 2817 2820
f 2819 2820 2821
f 2819 2818 2817
f 2822 2819 2821
f 2758 2821 2757
f 2758 2822 2821
f 2762 2823 2760
f 2762 2824 2823
f 2825 2826 2827
f 2825 2828 2826
f 2829 2827 2830
f 2829 2825 2827
f 2831 2830 2832
f 2831 2829 2830
f 2833 2832 2834
f 2833 2831 2832
f 2835 2834 2836
f 2835 2836 2837
f 2835 2833 2834
f 2838 2837 2839
f 2838 2835 2837
f 2840 2838 2839
f 2841 2840 2839
f 2841 2839 2842
f 2841 2842 2843
f 2844 2841 2843
f 2845 2843 2846
f 2845 2844 2843
f 2847 2846 2848
f 2847 2845 2846
f 2849 2848 2850
f 2849 2847 2848
f 2851 2850 2852
f 2851 2849 2850
f 2853 2852 2854
f 2853 2851 2852
f 2855 2854 2856
f 2855 2853 2854
f 2857 2856 2858
f 2857 2858 2859
f 2857 2855 2856
f 2860 2857 2859
f 2861 2859 2862
f 2861 2860 2859
f 2863 2862 2864
f 2863 2864 2865
f 2863 2861 2862
f 2866 2863 2865
f 2867 2865 2868
f 2867 2868 2869
f 2867 2866 2865
f 2870 2867 2869
f 2871 2869 2872
f 2871 2870 2869
f 2873 2872 2874
f 2873 2871 2872
f 2875 2874 2876
f 2875 2873 2874
f 2877 2876 2878
f 2877 2875 2876
f 2879 2878 2880
f 2879 2880 2881
f 2879 2877 2878
f 2882 2881 2883
f 2882 2879 2881
f 2884 2882 2883
f 2885 2883 2886
f 2885 2886 2887
f 2885 2884 2883
f 2888 2885 2887
f 2824 2887 2823
f 2824 2888 2887
f 2889 2890 2826
f 2828 2889 2826
f 2891 2892 2893
f 2891 2894 2892
f 2895 2893 2896
f 2895 2891 2893
f 2897 2896 2898
f 2897 2895 2896
f 2899 2898 2900
f 2899 2897 2898
f 2901 2900 2902
f 2901 2902 2903
f 2901 2899 2900
f 2904 2903 2905
f 2904 2901 2903
f 2906 2904 2905
f 2907 2906 2905
f 2907 2905 2908
f 2907 2908 2909
f 2910 2907 2909
f 2911 2909 2912
f 2911 2910 2909
f 2913 2912 2914
f 2913 2911 2912
f 2915 2914 2916
f 2915 2913 2914
f 2917 2916 2918
f 2917 2915 2916
f 2919 2918 2920
f 2919 2917 2918
f 2921 2920 2922
f 2921 2919 2920
f 2923 2922 2924
f 2923 2924 2925
f 2923 2921 2922
f 2926 2923 2925
f 2927 2925 2928
f 2927 2926 2925
f 2929 2928 2930
f 2929 2930 2931
f 2929 2927 2928
f 2932 2929 2931
f 2933 2931 2934
f 2933 2934 2935
f 2933 2932 2931
f 2936 2933 2935
f 2937 2935 2938
f 2937 2936 2935
f 2939 2938 2940
f 2939 2937 2938
f 2941 2940 2942
f 2941 2939 2940
f 2943 2942 2944
f 2943 2941 2942
f 2945 2944 2946
f 2945 2946 2947
f 2945 2943 2944
f 2948 2947 2949
f 2948 2945 2947
f 2950 2948 2949
f 2951 2949 2952
f 2951 2952 2953
f 2951 2950 2949
f 2954 2951 2953
f 2889 2953 2890
f 2889 2954 2953
f 2894 2955 2892
f 2894 2956 2955
f 2957 2958 2959
f 2957 2960 2958
f 2961 2959 2962
f 2961 2957 2959
f 2963 2962 2964
f 2963 2961 2962
f 2965 2964 2966
f 2965 2963 2964
f 2967 2966 2968
f 2967 2968 2969
f 2967 2965 2966
f 2970 2969 2971
f 2970 2967 2969
f 2972 2970 2971
f 2973 2972 2971
f 2973 2971 2974
f 2973 2974 2975
f 2976 2973 2975
f 2977 2975 2978
f 2977 2976 2975
f 2979 2978 2980
f 2979 2977 2978
f 2981 2980 2982
f 2981 2979 2980
f 2983 2982 2984
f 2983 2981 2982
f 2985 2984 2986
f 2985 2983 2984
f 2987 2986 2988
f 2987 2985 2986
f 2989 2988 2990
f 2989 2990 2991
f 2989 2987 2988
f 2992 2989 2991
f 2993 2991 2994
f 2993 2992 2991
f 2995 2994 2996
f 2995 2996 2997
f 2995 2993 2994
f 2998 2995 2997
f 2999 2997 3000
f 2999 3000 3001
f 2999 2998 2997
f 3002 2999 3001
f 3003 3001 3004
f 3003 3002 3001
f 3005 3004 3006
f 3005 3003 3004
f 3007 3006 3008
f 3007 3005 3006
f 3009 3008 3010
f 3009 3007 3008
f 3011 3010 3012
f 3011 3012 3013
f 3011 3009 3010
f 3014 3013 3015
f 3014 3011 3013
f 3016 3014 3015
f 3017 3015 3018
f 3017 3018 3019
f 3017 3016 3015
f 3020 3017 3019
f 2956 3019 2955
f 2956 3020 3019
f 2960 3021 2958
f 2960 3022 3021
f 2584 2583 3023
f 3024 3023 3025
f 3024 2584 3023
f 3026 3024 3025
f 3027 3025 3028
f 3027 3026 3025
f 3029 3028 3030
f 3029 3027 3028
f 3031 3030 3032
f 3031 3029 3030
f 3033 3032 3034
f 3033 3034 3035
f 3033 3031 3032
f 3036 3035 3037
f 3036 3033 3035
f 3038 3036 3037
f 3039 3038 3037
f 3039 3037 3040
f 3041 3039 3040
f 3041 3040 3042
f 3043 3041 3042
f 3043 3042 3044
f 3045 3044 3046
f 3045 3043 3044
f 3047 3046 3048
f 3047 3045 3046
f 3049 3048 3050
f 3049 3050 3051
f 3049 3047 3048
f 3052 3051 3053
f 3052 3049 3051
f 3054 3052 3053
f 3055 3053 3056
f 3055 3056 3057
f 3055 3054 3053
f 3058 3055 3057
f 3059 3057 3060
f 3059 3060 3061
f 3059 3058 3057
f 3062 3059 3061
f 3063 3061 3064
f 3063 3064 3065
f 3063 3062 3061
f 3066 3063 3065
f 3067 3065 3068
f 3067 3068 3069
f 3067 3066 3065
f 3070 3069 3071
f 3070 3067 3069
f 3072 3070 3071
f 3073 3071 3074
f 3073 3072 3071
f 3075 3074 3076
f 3075 3076 3077
f 3075 3073 3074
f 3078 3075 3077
f 3022 3077 3021
f 3022 3078 3077
f 2789 2791 2794
f 2785 2787 2789
f 2785 2794 2795
f 2785 2789 2794
f 2801 2795 2797
f 2801 2797 2800
f 2779 2781 2783
f 2779 2783 2785
f 2809 2801 2804
f 2809 2804 2805
f 2809 2805 2807
f 2809 2785 2795
f 2809 2795 2801
f 2767 2769 2772
f 2765 2767 2772
f 2818 2809 2811
f 2818 2811 2813
f 2818 2813 2816
f 2763 2772 2774
f 2763 2774 2775
f 2763 2765 2772
f 2762 2759 2763
f 2762 2775 2778
f 2762 2778 2779
f 2762 2779 2785
f 2762 2763 2775
f 2758 2762 2785
f 2758 2785 2809
f 2758 2818 2819
f 2758 2819 2822
f 2758 2809 2818
f 2702 2762 2758
f 2697 2702 2699
f 2697 2699 2703
f 2697 2703 2705
f 2697 2705 2707
f 2697 2707 2710
f 2697 2710 2711
f 2697 2711 2714
f 2697 2714 2715
f 2697 2715 2718
f 2697 2718 2719
f 2697 2719 2722
f 2697 2722 2723
f 2697 2723 2726
f 2697 2726 2727
f 2697 2727 2729
f 2697 2729 2731
f 2697 2731 2734
f 2697 2734 2735
f 2697 2735 2737
f 2697 2737 2739
f 2697 2739 2741
f 2697 2741 2744
f 2697 2744 2745
f 2697 2745 2747
f 2697 2747 2749
f 2697 2749 2752
f 2697 2752 2753
f 2697 2753 2755
f 2695 2762 2702
f 2695 2702 2697
f 2694 2762 2695
f 2691 2762 2694
f 2689 2762 2691
f 2687 2762 2689
f 2686 2762 2687
f 2683 2762 2686
f 2682 2762 2683
f 2824 2678 2675
f 2824 2675 2674
f 2824 2674 2672
f 2824 2672 2669
f 2824 2762 2682
f 2824 2682 2679
f 2824 2679 2678
f 2667 2824 2669
f 2879 2882 2884
f 2879 2884 2885
f 2879 2885 2888
f 2877 2879 2888
f 2877 2888 2824
f 2875 2877 2824
f 2870 2871 2873
f 2870 2873 2875
f 2867 2870 2875
f 2866 2875 2824
f 2866 2867 2875
f 2861 2863 2866
f 2861 2866 2824
f 2853 2855 2857
f 2851 2857 2860
f 2851 2860 2861
f 2851 2861 2824
f 2851 2853 2857
f 2845 2847 2849
f 2845 2849 2851
f 2845 2851 2824
f 2840 2841 2844
f 2840 2844 2845
f 2840 2845 2824
f 2833 2835 2838
f 2833 2838 2840
f 2833 2840 2824
f 2831 2833 2824
f 2825 2831 2824
f 2825 2829 2831
f 2828 2667 2666
f 2828 2666 2663
f 2828 2663 2662
f 2828 2662 2660
f 2828 2824 2667
f 2828 2825 2824
f 2658 2828 2660
f 2656 2828 2658
f 2654 2828 2656
f 2652 2828 2654
f 2650 2828 2652
f 2648 2828 2650
f 2646 2828 2648
f 2644 2828 2646
f 2642 2828 2644
f 3067 3063 3066
f 2584 3024 3026
f 2584 3026 3027
f 2584 3027 3029
f 2584 3029 3031
f 2584 3031 3033
f 2584 3033 3036
f 2584 3036 3038
f 2584 3038 3039
f 2584 3039 3041
f 2584 3041 3043
f 2584 3043 3045
f 2584 3045 3047
f 2584 3047 3049
f 2584 3049 3052
f 2584 3052 3054
f 2584 3054 3055
f 2584 3055 3058
f 2584 3058 3059
f 2584 3059 3062
f 2584 3062 3063
f 2584 3067 3070
f 2584 3063 3067
f 3073 3070 3072
f 3078 2584 3070
f 3078 3073 3075
f 3078 3070 3073
f 3022 2584 3078
f 2586 2584 3022
f 2963 2960 2957
f 2963 2957 2961
f 2965 2960 2963
f 2970 2965 2967
f 2973 2965 2970
f 2973 2960 2965
f 2973 2970 2972
f 2977 2973 2976
f 2981 2960 2973
f 2981 2977 2979
f 2981 2973 2977
f 2983 2960 2981
f 2987 2983 2985
f 2992 2960 2983
f 2992 2983 2987
f 2992 2987 2989
f 2995 2960 2992
f 2995 2992 2993
f 2998 2960 2995
f 3002 2998 2999
f 3007 2998 3002
f 3007 3002 3003
f 3007 3003 3005
f 3009 2960 2998
f 3009 2998 3007
f 3014 2960 3009
f 3014 3009 3011
f 3017 3014 3016
f 3017 2960 3014
f 3020 2960 3017
f 2956 3022 2960
f 2956 2600 2598
f 2956 2598 2596
f 2956 2596 2594
f 2956 2594 2592
f 2956 2592 2590
f 2956 2590 2588
f 2956 2588 2586
f 2956 2586 3022
f 2956 2960 3020
f 2889 2642 2640
f 2889 2640 2638
f 2889 2638 2636
f 2889 2636 2634
f 2889 2634 2632
f 2889 2632 2630
f 2889 2630 2628
f 2889 2628 2626
f 2889 2626 2624
f 2889 2624 2622
f 2889 2622 2620
f 2889 2620 2618
f 2889 2618 2616
f 2889 2616 2614
f 2889 2828 2642
f 2894 2600 2956
f 2894 2614 2612
f 2894 2612 2610
f 2894 2610 2608
f 2894 2608 2606
f 2894 2606 2604
f 2894 2604 2602
f 2894 2602 2600
f 2894 2889 2614
f 2951 2894 2891
f 2951 2889 2894
f 2951 2954 2889
f 2948 2950 2951
f 2945 2948 2951
f 2904 2891 2895
f 2904 2895 2897
f 2904 2897 2899
f 2904 2899 2901
f 2943 2945 2951
f 2941 2943 2951
f 2910 2941 2951
f 2910 2904 2906
f 2910 2906 2907
f 2910 2951 2891
f 2910 2891 2904
f 2937 2939 2941
f 2933 2937 2941
f 2933 2936 2937
f 2932 2933 2941
f 2917 2913 2915
f 2929 2932 2941
f 2927 2941 2910
f 2927 2929 2941
f 2927 2910 2911
f 2927 2911 2913
f 2919 2913 2917
f 2923 2927 2913
f 2923 2913 2919
f 2923 2919 2921
f 2923 2926 2927
f 2792 2790 2793
f 2788 2786 2790
f 2793 2786 2796
f 2790 2786 2793
f 2796 2802 2798
f 2798 2802 2799
f 2782 2780 2784
f 2784 2780 2786
f 2802 2810 2803
f 2803 2810 2806
f 2806 2810 2808
f 2786 2810 2796
f 2796 2810 2802
f 2770 2768 2771
f 2768 2766 2771
f 2810 2817 2812
f 2812 2817 2814
f 2814 2817 2815
f 2771 2764 2773
f 2773 2764 2776
f 2766 2764 2771
f 2817 2757 2820
f 2820 2757 2821
f 2761 2760 2764
f 2776 2760 2777
f 2777 2760 2780
f 2817 2760 2757
f 2780 2760 2786
f 2786 2760 2810
f 2764 2760 2776
f 2810 2760 2817
f 2760 2700 2757
f 2700 2698 2701
f 2701 2698 2704
f 2704 2698 2706
f 2706 2698 2708
f 2708 2698 2709
f 2709 2698 2712
f 2712 2698 2713
f 2713 2698 2716
f 2716 2698 2717
f 2717 2698 2720
f 2720 2698 2721
f 2721 2698 2724
f 2724 2698 2725
f 2725 2698 2728
f 2728 2698 2730
f 2730 2698 2732
f 2732 2698 2733
f 2733 2698 2736
f 2736 2698 2738
f 2738 2698 2740
f 2740 2698 2742
f 2742 2698 2743
f 2743 2698 2746
f 2746 2698 2748
f 2748 2698 2750
f 2750 2698 2751
f 2751 2698 2754
f 2754 2698 2756
f 2760 2696 2700
f 2700 2696 2698
f 2760 2693 2696
f 2760 2692 2693
f 2760 2690 2692
f 2760 2688 2690
f 2760 2685 2688
f 2760 2684 2685
f 2760 2681 2684
f 2671 2823 2670
f 2673 2823 2671
f 2676 2823 2673
f 2677 2823 2676
f 2680 2823 2677
f 2681 2823 2680
f 2760 2823 2681
f 2823 2668 2670
f 2881 2880 2883
f 2883 2880 2886
f 2886 2880 2887
f 2880 2878 2887
f 2887 2878 2823
f 2878 2876 2823
f 2872 2869 2874
f 2874 2869 2876
f 2869 2868 2876
f 2876 2865 2823
f 2868 2865 2876
f 2865 2862 2823
f 2864 2862 2865
f 2856 2854 2858
f 2862 2852 2823
f 2854 2852 2858
f 2858 2852 2859
f 2859 2852 2862
f 2852 2846 2823
f 2848 2846 2850
f 2850 2846 2852
f 2846 2839 2823
f 2842 2839 2843
f 2843 2839 2846
f 2839 2834 2823
f 2836 2834 2837
f 2837 2834 2839
f 2834 2832 2823
f 2830 2827 2832
f 2832 2827 2823
f 2664 2826 2661
f 2665 2826 2664
f 2668 2826 2665
f 2827 2826 2823
f 2823 2826 2668
f 2661 2826 2659
f 2826 2657 2659
f 2826 2655 2657
f 2826 2653 2655
f 2826 2651 2653
f 2826 2649 2651
f 2826 2647 2649
f 2826 2645 2647
f 2826 2643 2645
f 2826 2641 2643
f 3044 3042 3046
f 3046 3042 3048
f 3048 3042 3050
f 3042 3040 3050
f 3050 3040 3051
f 3040 3034 3051
f 3035 3034 3037
f 3037 3034 3040
f 3051 3034 3053
f 3053 3034 3056
f 3056 3034 3057
f 3034 3032 3057
f 3057 3032 3060
f 3060 3032 3061
f 3032 3064 3061
f 3064 3068 3065
f 3028 3025 3030
f 3032 3023 3064
f 3030 3023 3032
f 3025 3023 3030
f 3064 2583 3068
f 3068 2583 3069
f 3023 2583 3064
f 3069 3074 3071
f 3074 3077 3076
f 3069 3077 3074
f 2583 3021 3069
f 3069 3021 3077
f 2583 2585 3021
f 2958 2964 2959
f 2959 2964 2962
f 2958 2966 2964
f 2966 2969 2968
f 2969 2974 2971
f 2958 2974 2966
f 2966 2974 2969
f 2974 2978 2975
f 2978 2982 2980
f 2958 2982 2974
f 2974 2982 2978
f 2958 2984 2982
f 2984 2988 2986
f 2988 2991 2990
f 2958 2991 2984
f 2984 2991 2988
f 2991 2996 2994
f 2958 2996 2991
f 2958 2997 2996
f 2997 3001 3000
f 3001 3008 3004
f 3004 3008 3006
f 2997 3008 3001
f 2958 3010 2997
f 2997 3010 3008
f 3010 3013 3012
f 2958 3013 3010
f 3013 3018 3015
f 2958 3018 3013
f 2958 3019 3018
f 3021 2955 2958
f 2587 2955 2585
f 2589 2955 2587
f 2591 2955 2589
f 2585 2955 3021
f 2593 2955 2591
f 2595 2955 2593
f 2597 2955 2595
f 2599 2955 2597
f 2958 2955 3019
f 2615 2890 2613
f 2617 2890 2615
f 2619 2890 2617
f 2621 2890 2619
f 2623 2890 2621
f 2625 2890 2623
f 2627 2890 2625
f 2629 2890 2627
f 2631 2890 2629
f 2633 2890 2631
f 2635 2890 2633
f 2637 2890 2635
f 2639 2890 2637
f 2641 2890 2639
f 2826 2890 2641
f 2601 2892 2599
f 2603 2892 2601
f 2605 2892 2603
f 2607 2892 2605
f 2609 2892 2607
f 2611 2892 2609
f 2613 2892 2611
f 2599 2892 2955
f 2890 2892 2613
f 2953 2952 2890
f 2892 2896 2893
f 2890 2896 2892
f 2952 2896 2890
f 2949 2947 2952
f 2947 2946 2952
f 2898 2903 2900
f 2900 2903 2902
f 2896 2944 2898
f 2952 2944 2896
f 2946 2944 2952
f 2942 2940 2944
f 2903 2912 2905
f 2905 2912 2908
f 2908 2912 2909
f 2940 2935 2944
f 2938 2935 2940
f 2903 2914 2912
f 2944 2934 2898
f 2935 2934 2944
f 2898 2934 2903
f 2914 2918 2916
f 2931 2930 2934
f 2934 2920 2903
f 2903 2920 2914
f 2914 2920 2918
f 2930 2924 2934
f 2934 2924 2920
f 2920 2924 2922
f 2925 2924 2928
f 2928 2924 2930
f 3079 3080 3081
f 3082 3081 3083
f 3082 3079 3081
f 3084 3082 3083
f 3085 3083 3086
f 3085 3086 3087
f 3085 3084 3083
f 3088 3085 3087
f 3089 3087 3090
f 3089 3088 3087
f 3091 3090 3092
f 3091 3092 3093
f 3091 3089 3090
f 3094 3091 3093
f 3095 3093 3096
f 3095 3094 3093
f 3097 3096 3098
f 3097 3095 3096
f 3099 3098 3100
f 3099 3097 3098
f 3101 3100 3102
f 3101 3099 3100
f 3103 3102 3104
f 3103 3104 3105
f 3103 3101 3102
f 3106 3105 3107
f 3106 3103 3105
f 3108 3106 3107
f 3109 3107 3110
f 3109 3108 3107
f 3111 3110 3112
f 3111 3109 3110
f 3113 3112 3114
f 3113 3111 3112
f 3115 3114 3116
f 3115 3116 3117
f 3115 3113 3114
f 3118 3115 3117
f 3119 3117 3120
f 3119 3118 3117
f 3121 3120 3122
f 3121 3122 3123
f 3121 3119 3120
f 3124 3121 3123
f 3125 3124 3123
f 3125 3123 3126
f 3125 3126 3127
f 3128 3125 3127
f 3129 3127 3130
f 3129 3130 3131
f 3129 3128 3127
f 3132 3129 3131
f 3133 3132 3131
f 3133 3131 3134
f 3133 3134 3135
f 3136 3133 3135
f 3137 3136 3135
f 3137 3135 3138
f 3137 3138 3139
f 3140 3137 3139
f 3141 3140 3139
f 3141 3139 3142
f 3143 3142 3144
f 3143 3141 3142
f 3145 3144 3146
f 3145 3143 3144
f 3147 3146 3148
f 3147 3148 3149
f 3147 3145 3146
f 3150 3147 3149
f 3151 3149 3152
f 3151 3150 3149
f 3153 3152 3154
f 3153 3151 3152
f 3155 3154 3156
f 3155 3153 3154
f 3157 3156 3158
f 3157 3158 3159
f 3157 3155 3156
f 3160 3159 3161
f 3160 3157 3159
f 3162 3160 3161
f 3163 3161 3164
f 3163 3162 3161
f 3165 3164 3166
f 3165 3163 3164
f 3167 3166 3168
f 3167 3165 3166
f 3169 3168 3170
f 3169 3167 3168
f 3171 3170 3172
f 3171 3172 3173
f 3171 3169 3170
f 3174 3171 3173
f 3175 3173 3176
f 3175 3174 3173
f 3177 3175 3176
f 3177 3176 3178
f 3177 3178 3179
f 3180 3177 3179
f 3181 3180 3179
f 3181 3179 3182
f 3183 3184 3080
f 3079 3183 3080
f 3183 3185 3184
f 3183 3186 3185
f 3187 3188 3189
f 3190 3187 3189
f 3191 3189 3192
f 3191 3190 3189
f 3193 3192 3194
f 3193 3194 3195
f 3193 3191 3192
f 3196 3195 3197
f 3196 3193 3195
f 3198 3196 3197
f 3199 3197 3200
f 3199 3200 3201
f 3199 3198 3197
f 3202 3199 3201
f 3203 3201 3204
f 3203 3202 3201
f 3205 3204 3206
f 3205 3203 3204
f 3207 3206 3208
f 3207 3208 3209
f 3207 3205 3206
f 3210 3207 3209
f 3211 3209 3212
f 3211 3210 3209
f 3213 3212 3214
f 3213 3211 3212
f 3215 3214 3216
f 3215 3213 3214
f 3217 3216 3218
f 3217 3215 3216
f 3219 3218 3220
f 3219 3217 3218
f 3221 3220 3222
f 3221 3219 3220
f 3223 3222 3224
f 3223 3221 3222
f 3225 3224 3226
f 3225 3223 3224
f 3227 3226 3228
f 3227 3225 3226
f 3229 3228 3230
f 3229 3227 3228
f 3231 3230 3232
f 3231 3229 3230
f 3233 3232 3234
f 3233 3231 3232
f 3235 3233 3234
f 3235 3234 3236
f 3237 3235 3236
f 3237 3236 3238
f 3239 3237 3238
f 3239 3238 3240
f 3241 3239 3240
f 3241 3240 3242
f 3241 3242 3243
f 3244 3241 3243
f 3245 3244 3243
f 3245 3243 3246
f 3245 3246 3247
f 3248 3245 3247
f 3249 3248 3247
f 3249 3247 3250
f 3249 3250 3251
f 3252 3249 3251
f 3253 3251 3254
f 3253 3252 3251
f 3255 3254 3256
f 3255 3253 3254
f 3257 3256 3258
f 3257 3255 3256
f 3259 3258 3260
f 3259 3257 3258
f 3261 3260 3262
f 3261 3259 3260
f 3261 3262 3263
f 3264 3261 3263
f 3265 3263 3266
f 3265 3266 3267
f 3265 3264 3263
f 3268 3265 3267
f 3269 3267 3270
f 3269 3270 3271
f 3269 3268 3267
f 3272 3269 3271
f 3273 3271 3274
f 3273 3272 3271
f 3275 3274 3276
f 3275 3273 3274
f 3277 3276 3278
f 3277 3275 3276
f 3279 3278 3280
f 3279 3277 3278
f 3281 3280 3282
f 3281 3279 3280
f 3283 3282 3284
f 3283 3284 3285
f 3283 3281 3282
f 3286 3283 3285
f 3287 3286 3285
f 3287 3285 3288
f 3186 3287 3288
f 3186 3288 3185
f 3187 3289 3188
f 3187 3290 3289
f 3290 3291 3289
f 3290 3292 3291
f 3293 3294 3295
f 3293 3296 3294
f 3297 3295 3298
f 3297 3293 3295
f 3299 3298 3300
f 3299 3297 3298
f 3301 3300 3302
f 3301 3302 3303
f 3301 3299 3300
f 3304 3301 3303
f 3305 3303 3306
f 3305 3304 3303
f 3307 3306 3308
f 3307 3305 3306
f 3309 3308 3310
f 3309 3310 3311
f 3309 3307 3308
f 3312 3311 3313
f 3312 3309 3311
f 3314 3313 3315
f 3314 3312 3313
f 3316 3314 3315
f 3317 3315 3318
f 3317 3316 3315
f 3319 3318 3320
f 3319 3320 3321
f 3319 3317 3318
f 3322 3319 3321
f 3323 3321 3324
f 3323 3322 3321
f 3325 3324 3326
f 3325 3323 3324
f 3327 3326 3328
f 3327 3325 3326
f 3329 3328 3330
f 3329 3327 3328
f 3331 3330 3332
f 3331 3332 3333
f 3331 3329 3330
f 3334 3331 3333
f 3335 3333 3336
f 3335 3336 3337
f 3335 3334 3333
f 3338 3337 3339
f 3338 3335 3337
f 3340 3338 3339
f 3341 3340 3339
f 3341 3339 3342
f 3343 3341 3342
f 3343 3342 3344
f 3343 3344 3345
f 3346 3343 3345
f 3347 3346 3345
f 3347 3345 3348
f 3347 3348 3349
f 3350 3347 3349
f 3351 3350 3349
f 3351 3349 3352
f 3351 3352 3353
f 3354 3351 3353
f 3355 3354 3353
f 3355 3353 3356
f 3355 3356 3357
f 3358 3357 3359
f 3358 3355 3357
f 3360 3358 3359
f 3361 3359 3362
f 3361 3362 3363
f 3361 3360 3359
f 3364 3361 3363
f 3365 3363 3366
f 3365 3364 3363
f 3367 3366 3368
f 3367 3365 3366
f 3369 3368 3370
f 3369 3367 3368
f 3371 3370 3372
f 3371 3369 3370
f 3373 3372 3374
f 3373 3371 3372
f 3375 3374 3376
f 3375 3373 3374
f 3377 3376 3378
f 3377 3375 3376
f 3379 3378 3380
f 3379 3377 3378
f 3381 3380 3382
f 3381 3382 3383
f 3381 3379 3380
f 3384 3383 3385
f 3384 3381 3383
f 3386 3384 3385
f 3387 3385 3388
f 3387 3386 3385
f 3389 3388 3390
f 3389 3387 3388
f 3391 3389 3390
f 3391 3390 3392
f 3393 3391 3392
f 3393 3392 3394
f 3292 3393 3394
f 3292 3394 3291
f 3296 3395 3294
f 3296 3396 3395
f 3396 3397 3395
f 3396 3398 3397
f 3399 3400 3401
f 3399 3402 3400
f 3403 3401 3404
f 3403 3399 3401
f 3405 3404 3406
f 3405 3403 3404
f 3407 3406 3408
f 3407 3405 3406
f 3409 3408 3410
f 3409 3407 3408
f 3411 3410 3412
f 3411 3412 3413
f 3411 3409 3410
f 3414 3411 3413
f 3415 3413 3416
f 3415 3414 3413
f 3417 3416 3418
f 3417 3415 3416
f 3419 3418 3420
f 3419 3420 3421
f 3419 3417 3418
f 3422 3419 3421
f 3423 3421 3424
f 3423 3424 3425
f 3423 3422 3421
f 3426 3423 3425
f 3427 3425 3428
f 3427 3426 3425
f 3429 3428 3430
f 3429 3427 3428
f 3431 3430 3432
f 3431 3432 3433
f 3431 3429 3430
f 3434 3433 3435
f 3434 3431 3433
f 3436 3434 3435
f 3437 3435 3438
f 3437 3436 3435
f 3439 3438 3440
f 3439 3440 3441
f 3439 3437 3438
f 3442 3439 3441
f 3443 3441 3444
f 3443 3444 3445
f 3443 3442 3441
f 3446 3443 3445
f 3447 3446 3445
f 3447 3445 3448
f 3449 3447 3448
f 3449 3448 3450
f 3449 3450 3451
f 3452 3449 3451
f 3453 3452 3451
f 3453 3451 3454
f 3455 3453 3454
f 3455 3454 3456
f 3457 3455 3456
f 3457 3456 3458
f 3459 3457 3458
f 3459 3458 3460
f 3461 3459 3460
f 3461 3460 3462
f 3461 3462 3463
f 3464 3461 3463
f 3465 3463 3466
f 3465 3466 3467
f 3465 3464 3463
f 3468 3465 3467
f 3469 3467 3470
f 3469 3468 3467
f 3471 3470 3472
f 3471 3469 3470
f 3473 3472 3474
f 3473 3471 3472
f 3475 3474 3476
f 3475 3476 3477
f 3475 3473 3474
f 3478 3477 3479
f 3478 3475 3477
f 3480 3479 3481
f 3480 3478 3479
f 3482 3480 3481
f 3483 3481 3484
f 3483 3482 3481
f 3485 3484 3486
f 3485 3483 3484
f 3487 3486 3488
f 3487 3485 3486
f 3489 3488 3490
f 3489 3487 3488
f 3491 3490 3492
f 3491 3492 3493
f 3491 3489 3490
f 3494 3493 3495
f 3494 3491 3493
f 3496 3494 3495
f 3497 3496 3495
f 3497 3495 3498
f 3497 3498 3499
f 3500 3497 3499
f 3398 3500 3499
f 3398 3499 3397
f 3402 3501 3400
f 3402 3502 3501
f 3503 3504 3501
f 3502 3503 3501
f 3505 3506 3507
f 3508 3507 3509
f 3508 3505 3507
f 3510 3508 3509
f 3511 3509 3512
f 3511 3512 3513
f 3511 3510 3509
f 3514 3511 3513
f 3515 3513 3516
f 3515 3514 3513
f 3517 3516 3518
f 3517 3518 3519
f 3517 3515 3516
f 3520 3519 3521
f 3520 3517 3519
f 3522 3520 3521
f 3523 3521 3524
f 3523 3524 3525
f 3523 3522 3521
f 3526 3523 3525
f 3527 3525 3528
f 3527 3526 3525
f 3529 3528 3530
f 3529 3527 3528
f 3531 3530 3532
f 3531 3529 3530
f 3533 3532 3534
f 3533 3531 3532
f 3535 3534 3536
f 3535 3536 3537
f 3535 3533 3534
f 3538 3535 3537
f 3539 3537 3540
f 3539 3538 3537
f 3541 3540 3542
f 3541 3542 3543
f 3541 3539 3540
f 3544 3541 3543
f 3545 3543 3546
f 3545 3544 3543
f 3547 3546 3548
f 3547 3545 3546
f 3549 3548 3550
f 3549 3547 3548
f 3551 3550 3552
f 3551 3549 3550
f 3553 3551 3552
f 3553 3552 3554
f 3555 3553 3554
f 3555 3554 3556
f 3557 3555 3556
f 3557 3556 3558
f 3559 3557 3558
f 3559 3558 3560
f 3561 3559 3560
f 3561 3560 3562
f 3561 3562 3563
f 3564 3561 3563
f 3565 3564 3563
f 3565 3563 3566
f 3567 3565 3566
f 3567 3566 3568
f 3567 3568 3569
f 3570 3567 3569
f 3571 3569 3572
f 3571 3572 3573
f 3571 3570 3569
f 3574 3571 3573
f 3575 3573 3576
f 3575 3574 3573
f 3577 3576 3578
f 3577 3578 3579
f 3577 3575 3576
f 3580 3577 3579
f 3581 3579 3582
f 3581 3580 3579
f 3583 3582 3584
f 3583 3581 3582
f 3585 3584 3586
f 3585 3586 3587
f 3585 3583 3584
f 3588 3585 3587
f 3589 3587 3590
f 3589 3588 3587
f 3591 3590 3592
f 3591 3589 3590
f 3593 3592 3594
f 3593 3591 3592
f 3595 3594 3596
f 3595 3596 3597
f 3595 3593 3594
f 3598 3595 3597
f 3599 3597 3600
f 3599 3598 3597
f 3601 3600 3602
f 3601 3599 3600
f 3603 3601 3602
f 3603 3602 3604
f 3603 3604 3605
f 3606 3603 3605
f 3503 3606 3605
f 3503 3605 3504
f 3505 3607 3506
f 3505 3608 3607
f 3608 3182 3607
f 3608 3181 3182
f 3346 3341 3343
f 3361 3358 3360
f 3314 3316 3317
f 3314 3317 3319
f 3307 3309 3312
f 3292 3314 3319
f 3292 3296 3293
f 3292 3293 3297
f 3292 3297 3299
f 3292 3299 3301
f 3292 3301 3304
f 3292 3358 3361
f 3292 3304 3305
f 3292 3305 3307
f 3292 3312 3314
f 3292 3319 3322
f 3292 3322 3323
f 3292 3323 3325
f 3292 3325 3327
f 3292 3327 3329
f 3292 3329 3331
f 3292 3331 3334
f 3292 3334 3335
f 3292 3335 3338
f 3292 3338 3340
f 3292 3340 3341
f 3292 3346 3347
f 3292 3347 3350
f 3292 3350 3351
f 3292 3351 3354
f 3292 3354 3355
f 3292 3355 3358
f 3292 3361 3364
f 3292 3364 3365
f 3292 3365 3367
f 3292 3367 3369
f 3292 3369 3371
f 3292 3371 3373
f 3292 3373 3375
f 3292 3375 3377
f 3292 3377 3379
f 3292 3379 3381
f 3292 3381 3384
f 3292 3384 3386
f 3292 3386 3387
f 3292 3387 3389
f 3292 3389 3391
f 3292 3391 3393
f 3292 3341 3346
f 3292 3307 3312
f 3398 3494 3496
f 3398 3496 3497
f 3398 3497 3500
f 3485 3489 3491
f 3485 3491 3494
f 3485 3494 3398
f 3485 3487 3489
f 3483 3485 3398
f 3482 3483 3398
f 3478 3480 3482
f 3475 3482 3398
f 3475 3478 3482
f 3471 3473 3475
f 3468 3471 3475
f 3468 3469 3471
f 3468 3475 3398
f 3465 3468 3398
f 3464 3465 3398
f 3459 3464 3398
f 3459 3461 3464
f 3455 3459 3398
f 3455 3457 3459
f 3449 3452 3453
f 3449 3453 3455
f 3447 3449 3455
f 3446 3455 3398
f 3446 3447 3455
f 3439 3442 3443
f 3439 3443 3446
f 3436 3437 3439
f 3434 3446 3398
f 3434 3436 3439
f 3434 3439 3446
f 3429 3434 3398
f 3429 3431 3434
f 3423 3429 3398
f 3423 3426 3427
f 3423 3427 3429
f 3419 3423 3398
f 3419 3422 3423
f 3415 3417 3419
f 3290 3396 3296
f 3290 3296 3292
f 3414 3415 3419
f 3411 3419 3398
f 3411 3414 3419
f 3409 3411 3398
f 3399 3403 3405
f 3399 3405 3407
f 3402 3398 3396
f 3402 3409 3398
f 3402 3407 3409
f 3402 3399 3407
f 3193 3190 3191
f 3198 3193 3196
f 3199 3187 3190
f 3199 3190 3193
f 3199 3193 3198
f 3203 3199 3202
f 3205 3187 3199
f 3205 3199 3203
f 3210 3205 3207
f 3211 3205 3210
f 3211 3187 3205
f 3215 3211 3213
f 3219 3211 3215
f 3219 3215 3217
f 3219 3187 3211
f 3223 3219 3221
f 3225 3187 3219
f 3225 3219 3223
f 3231 3225 3227
f 3231 3227 3229
f 3235 3225 3231
f 3235 3231 3233
f 3239 3187 3225
f 3239 3225 3235
f 3239 3235 3237
f 3241 3187 3239
f 3244 3187 3241
f 3249 3244 3245
f 3249 3245 3248
f 3252 3244 3249
f 3253 3244 3252
f 3257 3253 3255
f 3264 3244 3253
f 3264 3253 3257
f 3264 3257 3259
f 3264 3259 3261
f 3265 3244 3264
f 3269 3265 3268
f 3273 3269 3272
f 3275 3244 3265
f 3275 3265 3269
f 3275 3269 3273
f 3279 3275 3277
f 3281 3187 3244
f 3281 3244 3275
f 3281 3275 3279
f 3286 3281 3283
f 3287 3187 3281
f 3287 3281 3286
f 3186 3187 3287
f 3502 3396 3290
f 3502 3402 3396
f 3183 3290 3187
f 3183 3187 3186
f 3608 3502 3290
f 3608 3290 3183
f 3503 3502 3608
f 3603 3606 3503
f 3601 3603 3503
f 3599 3601 3503
f 3598 3599 3503
f 3595 3598 3503
f 3593 3595 3503
f 3591 3593 3503
f 3589 3591 3503
f 3585 3589 3503
f 3585 3588 3589
f 3583 3585 3503
f 3581 3583 3503
f 3580 3581 3503
f 3577 3580 3503
f 3574 3577 3503
f 3574 3575 3577
f 3571 3574 3503
f 3565 3571 3503
f 3565 3567 3570
f 3565 3570 3571
f 3561 3565 3503
f 3561 3564 3565
f 3559 3561 3503
f 3557 3559 3503
f 3555 3557 3503
f 3551 3553 3555
f 3551 3555 3503
f 3549 3551 3503
f 3545 3547 3549
f 3545 3549 3503
f 3505 3503 3608
f 3544 3545 3503
f 3508 3503 3505
f 3541 3544 3503
f 3511 3508 3510
f 3511 3503 3508
f 3538 3539 3541
f 3538 3541 3503
f 3514 3503 3511
f 3535 3538 3503
f 3533 3535 3503
f 3517 3514 3515
f 3517 3503 3514
f 3520 3503 3517
f 3527 3529 3531
f 3527 3531 3533
f 3527 3533 3503
f 3523 3520 3522
f 3523 3503 3520
f 3526 3503 3523
f 3526 3527 3503
f 3084 3079 3082
f 3085 3079 3084
f 3091 3085 3088
f 3091 3088 3089
f 3091 3079 3085
f 3095 3091 3094
f 3097 3091 3095
f 3097 3079 3091
f 3101 3097 3099
f 3106 3101 3103
f 3106 3097 3101
f 3113 3079 3097
f 3113 3097 3106
f 3113 3106 3108
f 3113 3108 3109
f 3113 3109 3111
f 3118 3113 3115
f 3181 3183 3079
f 3181 3608 3183
f 3180 3079 3113
f 3180 3113 3118
f 3180 3181 3079
f 3175 3177 3180
f 3171 3118 3119
f 3171 3119 3121
f 3171 3175 3180
f 3171 3174 3175
f 3171 3180 3118
f 3129 3121 3124
f 3129 3124 3125
f 3129 3125 3128
f 3169 3121 3129
f 3169 3171 3121
f 3165 3129 3132
f 3165 3132 3133
f 3165 3169 3129
f 3165 3167 3169
f 3141 3133 3136
f 3141 3136 3137
f 3141 3137 3140
f 3155 3157 3160
f 3155 3160 3162
f 3155 3162 3163
f 3155 3163 3165
f 3145 3141 3143
f 3145 3133 3141
f 3151 3153 3155
f 3151 3165 3133
f 3151 3155 3165
f 3150 3145 3147
f 3150 3133 3145
f 3150 3151 3133
f 3342 3345 3344
f 3357 3362 3359
f 3315 3313 3318
f 3318 3313 3320
f 3310 3308 3311
f 3294 3291 3295
f 3313 3291 3320
f 3295 3291 3298
f 3298 3291 3300
f 3300 3291 3302
f 3302 3291 3303
f 3303 3291 3306
f 3357 3291 3362
f 3306 3291 3308
f 3311 3291 3313
f 3320 3291 3321
f 3321 3291 3324
f 3324 3291 3326
f 3326 3291 3328
f 3328 3291 3330
f 3330 3291 3332
f 3332 3291 3333
f 3333 3291 3336
f 3336 3291 3337
f 3337 3291 3339
f 3339 3291 3342
f 3345 3291 3348
f 3348 3291 3349
f 3349 3291 3352
f 3352 3291 3353
f 3353 3291 3356
f 3356 3291 3357
f 3362 3291 3363
f 3363 3291 3366
f 3366 3291 3368
f 3368 3291 3370
f 3370 3291 3372
f 3372 3291 3374
f 3374 3291 3376
f 3376 3291 3378
f 3378 3291 3380
f 3380 3291 3382
f 3382 3291 3383
f 3383 3291 3385
f 3385 3291 3388
f 3388 3291 3390
f 3390 3291 3392
f 3392 3291 3394
f 3342 3291 3345
f 3308 3291 3311
f 3493 3397 3495
f 3495 3397 3498
f 3498 3397 3499
f 3492 3486 3493
f 3493 3486 3397
f 3488 3486 3490
f 3490 3486 3492
f 3486 3484 3397
f 3484 3481 3397
f 3479 3477 3481
f 3481 3476 3397
f 3477 3476 3481
f 3474 3472 3476
f 3472 3467 3476
f 3470 3467 3472
f 3476 3467 3397
f 3467 3466 3397
f 3466 3463 3397
f 3463 3460 3397
f 3462 3460 3463
f 3460 3456 3397
f 3458 3456 3460
f 3451 3450 3454
f 3454 3450 3456
f 3450 3448 3456
f 3456 3445 3397
f 3448 3445 3456
f 3441 3440 3444
f 3444 3440 3445
f 3438 3435 3440
f 3445 3433 3397
f 3435 3433 3440
f 3440 3433 3445
f 3433 3430 3397
f 3432 3430 3433
f 3430 3424 3397
f 3425 3424 3428
f 3428 3424 3430
f 3424 3420 3397
f 3421 3420 3424
f 3418 3416 3420
f 3395 3289 3294
f 3294 3289 3291
f 3416 3413 3420
f 3420 3412 3397
f 3413 3412 3420
f 3412 3410 3397
f 3404 3401 3406
f 3406 3401 3408
f 3397 3400 3395
f 3410 3400 3397
f 3408 3400 3410
f 3401 3400 3408
f 3189 3194 3192
f 3194 3197 3195
f 3188 3200 3189
f 3189 3200 3194
f 3194 3200 3197
f 3200 3204 3201
f 3188 3206 3200
f 3200 3206 3204
f 3206 3209 3208
f 3206 3212 3209
f 3188 3212 3206
f 3212 3216 3214
f 3212 3220 3216
f 3216 3220 3218
f 3188 3220 3212
f 3220 3224 3222
f 3188 3226 3220
f 3220 3226 3224
f 3226 3232 3228
f 3228 3232 3230
f 3226 3236 3232
f 3232 3236 3234
f 3188 3240 3226
f 3226 3240 3236
f 3236 3240 3238
f 3188 3242 3240
f 3188 3243 3242
f 3243 3250 3246
f 3246 3250 3247
f 3243 3251 3250
f 3243 3254 3251
f 3254 3258 3256
f 3243 3263 3254
f 3254 3263 3258
f 3258 3263 3260
f 3260 3263 3262
f 3243 3266 3263
f 3266 3270 3267
f 3270 3274 3271
f 3243 3276 3266
f 3266 3276 3270
f 3270 3276 3274
f 3276 3280 3278
f 3188 3282 3243
f 3243 3282 3276
f 3276 3282 3280
f 3282 3285 3284
f 3188 3288 3282
f 3282 3288 3285
f 3188 3185 3288
f 3395 3501 3289
f 3400 3501 3395
f 3289 3184 3188
f 3188 3184 3185
f 3501 3607 3289
f 3289 3607 3184
f 3501 3504 3607
f 3605 3604 3504
f 3604 3602 3504
f 3602 3600 3504
f 3600 3597 3504
f 3597 3596 3504
f 3596 3594 3504
f 3594 3592 3504
f 3592 3590 3504
f 3590 3586 3504
f 3587 3586 3590
f 3586 3584 3504
f 3584 3582 3504
f 3582 3579 3504
f 3579 3578 3504
f 3578 3573 3504
f 3576 3573 3578
f 3573 3572 3504
f 3572 3566 3504
f 3568 3566 3569
f 3569 3566 3572
f 3566 3562 3504
f 3563 3562 3566
f 3562 3560 3504
f 3560 3558 3504
f 3558 3556 3504
f 3554 3552 3556
f 3556 3552 3504
f 3552 3550 3504
f 3548 3546 3550
f 3550 3546 3504
f 3504 3506 3607
f 3546 3543 3504
f 3504 3507 3506
f 3543 3542 3504
f 3507 3512 3509
f 3504 3512 3507
f 3540 3537 3542
f 3542 3537 3504
f 3504 3513 3512
f 3537 3536 3504
f 3536 3534 3504
f 3513 3518 3516
f 3504 3518 3513
f 3504 3519 3518
f 3530 3528 3532
f 3532 3528 3534
f 3534 3528 3504
f 3519 3524 3521
f 3504 3524 3519
f 3504 3525 3524
f 3528 3525 3504
f 3607 3080 3184
f 3080 3083 3081
f 3080 3086 3083
f 3086 3092 3087
f 3087 3092 3090
f 3080 3092 3086
f 3092 3096 3093
f 3092 3098 3096
f 3080 3098 3092
f 3098 3102 3100
f 3102 3105 3104
f 3098 3105 3102
f 3080 3114 3098
f 3105 3114 3107
f 3107 3114 3110
f 3110 3114 3112
f 3098 3114 3105
f 3607 3182 3080
f 3182 3176 3080
f 3178 3176 3179
f 3179 3176 3182
f 3080 3173 3114
f 3176 3173 3080
f 3114 3172 3116
f 3116 3172 3117
f 3117 3172 3120
f 3120 3172 3122
f 3173 3172 3114
f 3122 3130 3123
f 3123 3130 3126
f 3126 3130 3127
f 3172 3170 3122
f 3122 3170 3130
f 3130 3166 3131
f 3131 3166 3134
f 3170 3166 3130
f 3168 3166 3170
f 3134 3142 3135
f 3135 3142 3138
f 3138 3142 3139
f 3158 3156 3159
f 3159 3156 3161
f 3161 3156 3164
f 3164 3156 3166
f 3142 3146 3144
f 3134 3146 3142
f 3154 3152 3156
f 3166 3152 3134
f 3156 3152 3166
f 3146 3149 3148
f 3134 3149 3146
f 3152 3149 3134
f 3609 3610 3611
f 3609 3611 3612
f 3613 3612 3614
f 3613 3609 3612
f 3615 3614 3616
f 3615 3616 3617
f 3615 3613 3614
f 3618 3615 3617
f 3619 3617 3620
f 3619 3618 3617
f 3621 3620 3622
f 3621 3622 3623
f 3621 3619 3620
f 3624 3621 3623
f 3625 3623 3626
f 3625 3624 3623
f 3627 3626 3628
f 3627 3625 3626
f 3629 3628 3630
f 3629 3627 3628
f 3631 3629 3630
f 3631 3630 3632
f 3633 3631 3632
f 3633 3632 3634
f 3633 3634 3635
f 3636 3633 3635
f 3636 3635 3637
f 3638 3636 3637
f 3638 3637 3639
f 3640 3638 3639
f 3641 3640 3639
f 3641 3639 3642
f 3643 3641 3642
f 3643 3642 3644
f 3643 3644 3645
f 3646 3643 3645
f 3646 3645 3647
f 3648 3646 3647
f 3649 3648 3647
f 3649 3647 3650
f 3651 3649 3650
f 3651 3650 3652
f 3651 3652 3653
f 3654 3651 3653
f 3655 3653 3656
f 3655 3654 3653
f 3657 3656 3658
f 3657 3655 3656
f 3657 3658 3659
f 3660 3657 3659
f 3661 3659 3662
f 3661 3660 3659
f 3663 3662 3664
f 3663 3661 3662
f 3665 3664 3666
f 3665 3663 3664
f 3667 3666 3668
f 3667 3665 3666
f 3669 3668 3670
f 3669 3667 3668
f 3671 3670 3672
f 3671 3672 3673
f 3671 3669 3670
f 3674 3673 3675
f 3674 3671 3673
f 3676 3674 3675
f 3677 3675 3678
f 3677 3678 3679
f 3677 3676 3675
f 3680 3677 3679
f 3681 3680 3679
f 3681 3679 3682
f 3681 3682 3683
f 3684 3681 3683
f 3685 3683 3686
f 3685 3684 3683
f 3687 3685 3686
f 3687 3686 3688
f 3689 3687 3688
f 3689 3688 3690
f 3691 3689 3690
f 3691 3690 3692
f 3693 3691 3692
f 3693 3692 3694
f 3693 3694 3695
f 3696 3693 3695
f 3696 3695 3697
f 3698 3696 3697
f 3699 3698 3697
f 3699 3697 3700
f 3701 3699 3700
f 3701 3700 3702
f 3703 3701 3702
f 3703 3702 3704
f 3705 3703 3704
f 3705 3704 3706
f 3705 3706 3707
f 3708 3705 3707
f 3708 3707 3709
f 3710 3708 3709
f 3711 3710 3709
f 3711 3709 3712
f 3713 3711 3712
f 3713 3712 3714
f 3713 3714 3715
f 3716 3713 3715
f 3717 3716 3715
f 3717 3715 3718
f 3719 3717 3718
f 3719 3718 3720
f 3719 3720 3721
f 3722 3719 3721
f 3723 3722 3721
f 3723 3721 3724
f 3725 3724 3726
f 3725 3726 3727
f 3725 3723 3724
f 3728 3725 3727
f 3728 3727 3729
f 3730 3728 3729
f 3731 3729 3732
f 3731 3730 3729
f 3733 3731 3732
f 3733 3732 3734
f 3733 3734 3735
f 3736 3733 3735
f 3737 3736 3735
f 3737 3735 3738
f 3737 3738 3739
f 3740 3737 3739
f 3741 3740 3739
f 3741 3739 3742
f 3743 3741 3742
f 3743 3742 3744
f 3745 3743 3744
f 3745 3744 3746
f 3745 3746 3747
f 3748 3745 3747
f 3749 3748 3747
f 3749 3747 3750
f 3751 3749 3750
f 3751 3750 3752
f 3753 3751 3752
f 3753 3752 3754
f 3753 3754 3755
f 3756 3753 3755
f 3757 3756 3755
f 3757 3755 3758
f 3759 3758 3760
f 3759 3760 3761
f 3759 3757 3758
f 3762 3761 3763
f 3762 3759 3761
f 3764 3762 3763
f 3765 3763 3766
f 3765 3764 3763
f 3767 3766 3768
f 3767 3765 3766
f 3769 3768 3770
f 3769 3767 3768
f 3771 3770 3772
f 3771 3772 3773
f 3771 3769 3770
f 3774 3771 3773
f 3775 3773 3776
f 3775 3776 3777
f 3775 3774 3773
f 3778 3777 3779
f 3778 3775 3777
f 3780 3778 3779
f 3781 3779 3782
f 3781 3782 3783
f 3781 3780 3779
f 3784 3781 3783
f 3785 3784 3783
f 3785 3783 3786
f 3787 3785 3786
f 3787 3786 3788
f 3787 3788 3789
f 3790 3787 3789
f 3791 3790 3789
f 3791 3789 3792
f 3791 3792 3793
f 3794 3791 3793
f 3795 3793 3796
f 3795 3796 3797
f 3795 3794 3793
f 3798 3795 3797
f 3799 3797 3800
f 3799 3798 3797
f 3801 3800 3802
f 3801 3802 3803
f 3801 3799 3800
f 3804 3801 3803
f 3805 3803 3806
f 3805 3804 3803
f 3807 3806 3808
f 3807 3808 3809
f 3807 3805 3806
f 3810 3807 3809
f 3811 3809 3812
f 3811 3810 3809
f 3813 3812 3814
f 3813 3811 3812
f 3815 3814 3816
f 3815 3813 3814
f 3817 3816 3818
f 3817 3815 3816
f 3819 3818 3820
f 3819 3817 3818
f 3821 3820 3822
f 3821 3819 3820
f 3823 3822 3824
f 3823 3821 3822
f 3825 3824 3826
f 3825 3823 3824
f 3827 3826 3828
f 3827 3825 3826
f 3829 3828 3830
f 3829 3827 3828
f 3831 3830 3832
f 3831 3829 3830
f 3833 3832 3834
f 3833 3831 3832
f 3835 3833 3834
f 3835 3834 3836
f 3837 3835 3836
f 3837 3836 3838
f 3839 3837 3838
f 3839 3838 3840
f 3841 3839 3840
f 3841 3840 3842
f 3843 3841 3842
f 3843 3842 3844
f 3845 3843 3844
f 3845 3844 3846
f 3847 3845 3846
f 3847 3846 3848
f 3849 3847 3848
f 3849 3848 3850
f 3851 3849 3850
f 3851 3850 3852
f 3853 3851 3852
f 3853 3852 3854
f 3855 3853 3854
f 3855 3854 3856
f 3857 3855 3856
f 3857 3856 3858
f 3857 3858 3859
f 3860 3857 3859
f 3610 3859 3611
f 3610 3860 3859
f 3648 3641 3643
f 3648 3643 3646
f 3651 3648 3649
f 3629 3631 3633
f 3629 3633 3636
f 3629 3636 3638
f 3629 3638 3640
f 3627 3640 3641
f 3627 3629 3640
f 3655 3651 3654
f 3624 3625 3627
f 3661 3655 3657
f 3661 3657 3660
f 3619 3621 3624
f 3663 3651 3655
f 3663 3655 3661
f 3618 3619 3624
f 3667 3663 3665
f 3667 3648 3651
f 3667 3651 3663
f 3609 3613 3615
f 3609 3615 3618
f 3609 3624 3627
f 3609 3618 3624
f 3674 3667 3669
f 3674 3669 3671
f 3860 3610 3609
f 3855 3857 3860
f 3855 3641 3648
f 3855 3627 3641
f 3855 3860 3609
f 3855 3609 3627
f 3680 3674 3676
f 3680 3676 3677
f 3680 3667 3674
f 3853 3855 3648
f 3681 3667 3680
f 3849 3853 3648
f 3849 3851 3853
f 3849 3648 3667
f 3685 3681 3684
f 3687 3681 3685
f 3845 3847 3849
f 3689 3681 3687
f 3843 3845 3849
f 3691 3681 3689
f 3693 3681 3691
f 3696 3667 3681
f 3696 3681 3693
f 3835 3837 3839
f 3835 3839 3841
f 3833 3841 3843
f 3833 3835 3841
f 3701 3696 3698
f 3701 3698 3699
f 3705 3701 3703
f 3827 3829 3831
f 3827 3831 3833
f 3827 3843 3849
f 3827 3833 3843
f 3825 3827 3849
f 3711 3705 3708
f 3711 3708 3710
f 3821 3823 3825
f 3713 3705 3711
f 3819 3821 3825
f 3716 3696 3701
f 3716 3701 3705
f 3716 3705 3713
f 3719 3667 3696
f 3719 3716 3717
f 3719 3696 3716
f 3811 3813 3815
f 3811 3815 3817
f 3811 3817 3819
f 3723 3719 3722
f 3810 3819 3825
f 3810 3811 3819
f 3807 3810 3825
f 3730 3723 3725
f 3730 3725 3728
f 3730 3719 3723
f 3804 3805 3807
f 3731 3719 3730
f 3798 3804 3807
f 3798 3825 3849
f 3798 3807 3825
f 3798 3799 3801
f 3798 3801 3804
f 3795 3798 3849
f 3740 3736 3737
f 3741 3736 3740
f 3741 3731 3733
f 3741 3733 3736
f 3743 3719 3731
f 3743 3731 3741
f 3787 3790 3791
f 3787 3791 3794
f 3787 3794 3795
f 3749 3743 3745
f 3749 3745 3748
f 3753 3743 3749
f 3753 3749 3751
f 3757 3753 3756
f 3775 3778 3780
f 3775 3780 3781
f 3775 3781 3784
f 3775 3784 3785
f 3759 3753 3757
f 3774 3775 3785
f 3774 3785 3787
f 3762 3753 3759
f 3771 3787 3795
f 3771 3774 3787
f 3764 3753 3762
f 3769 3771 3795
f 3765 3795 3849
f 3765 3849 3667
f 3765 3719 3743
f 3765 3743 3753
f 3765 3769 3795
f 3765 3753 3764
f 3765 3667 3719
f 3767 3769 3765
f 3642 3647 3644
f 3644 3647 3645
f 3647 3652 3650
f 3632 3630 3634
f 3634 3630 3635
f 3635 3630 3637
f 3637 3630 3639
f 3639 3628 3642
f 3630 3628 3639
f 3652 3656 3653
f 3626 3623 3628
f 3656 3662 3658
f 3658 3662 3659
f 3622 3620 3623
f 3652 3664 3656
f 3656 3664 3662
f 3620 3617 3623
f 3664 3668 3666
f 3647 3668 3652
f 3652 3668 3664
f 3614 3612 3616
f 3616 3612 3617
f 3623 3612 3628
f 3617 3612 3623
f 3668 3673 3670
f 3670 3673 3672
f 3611 3859 3612
f 3858 3856 3859
f 3642 3856 3647
f 3628 3856 3642
f 3859 3856 3612
f 3612 3856 3628
f 3673 3679 3675
f 3675 3679 3678
f 3668 3679 3673
f 3856 3854 3647
f 3668 3682 3679
f 3854 3850 3647
f 3852 3850 3854
f 3647 3850 3668
f 3682 3686 3683
f 3682 3688 3686
f 3848 3846 3850
f 3682 3690 3688
f 3846 3844 3850
f 3682 3692 3690
f 3682 3694 3692
f 3668 3695 3682
f 3682 3695 3694
f 3838 3836 3840
f 3840 3836 3842
f 3842 3834 3844
f 3836 3834 3842
f 3695 3702 3697
f 3697 3702 3700
f 3702 3706 3704
f 3830 3828 3832
f 3832 3828 3834
f 3844 3828 3850
f 3834 3828 3844
f 3828 3826 3850
f 3706 3712 3707
f 3707 3712 3709
f 3824 3822 3826
f 3706 3714 3712
f 3822 3820 3826
f 3695 3715 3702
f 3702 3715 3706
f 3706 3715 3714
f 3668 3720 3695
f 3715 3720 3718
f 3695 3720 3715
f 3814 3812 3816
f 3816 3812 3818
f 3818 3812 3820
f 3720 3724 3721
f 3820 3809 3826
f 3812 3809 3820
f 3809 3808 3826
f 3724 3729 3726
f 3726 3729 3727
f 3720 3729 3724
f 3806 3803 3808
f 3720 3732 3729
f 3803 3797 3808
f 3826 3797 3850
f 3808 3797 3826
f 3800 3797 3802
f 3802 3797 3803
f 3797 3796 3850
f 3735 3739 3738
f 3735 3742 3739
f 3732 3742 3734
f 3734 3742 3735
f 3720 3744 3732
f 3732 3744 3742
f 3789 3788 3792
f 3792 3788 3793
f 3793 3788 3796
f 3744 3750 3746
f 3746 3750 3747
f 3744 3754 3750
f 3750 3754 3752
f 3754 3758 3755
f 3777 3776 3779
f 3779 3776 3782
f 3782 3776 3783
f 3783 3776 3786
f 3754 3760 3758
f 3776 3773 3786
f 3786 3773 3788
f 3754 3761 3760
f 3788 3772 3796
f 3773 3772 3788
f 3754 3763 3761
f 3772 3770 3796
f 3796 3766 3850
f 3850 3766 3668
f 3720 3766 3744
f 3744 3766 3754
f 3770 3766 3796
f 3754 3766 3763
f 3668 3766 3720
f 3770 3768 3766
