mtllib peg.mtl
o obj8

v 265.655955 160.838261 -25.000000
v 252.868845 159.854465 -25.000000
v 252.778269 159.738384 -25.000000
v 252.953684 159.974850 -25.000000
v 265.922556 160.584431 -25.000000
v 252.682078 159.626888 -25.000000
v 265.402109 161.104870 -25.000000
v 253.032420 160.099255 -25.000000
v 266.201304 160.343983 -25.000000
v 252.580576 159.520245 -25.000000
v 265.161692 161.383610 -25.000000
v 253.104990 160.227367 -25.000000
v 253.171214 160.358898 -25.000000
v 266.491526 160.117504 -25.000000
v 252.473948 159.418705 -25.000000
v 252.362437 159.322529 -25.000000
v 264.935191 161.673817 -25.000000
v 253.230906 160.493511 -25.000000
v 266.792490 159.905537 -25.000000
v 252.246348 159.231937 -25.000000
v 264.723215 161.974781 -25.000000
v 253.283884 160.630894 -25.000000
v 253.330088 160.770710 -25.000000
v 267.103464 159.708599 -25.000000
v 252.125986 159.147152 -25.000000
v 264.526255 162.285793 -25.000000
v 253.369334 160.912624 -25.000000
v 267.423777 159.527149 -25.000000
v 252.001536 159.068378 -25.000000
v 264.344859 162.606083 -25.000000
v 253.401621 161.056293 -25.000000
v 253.426768 161.201366 -25.000000
v 267.752573 159.361645 -25.000000
v 251.873423 158.995800 -25.000000
v 251.741892 158.929592 -25.000000
v 264.179331 162.934895 -25.000000
v 253.444773 161.347507 -25.000000
v 268.089121 159.212467 -25.000000
v 251.607310 158.869923 -25.000000
v 264.030161 163.271435 -25.000000
v 253.455637 161.494358 -25.000000
v 253.459238 161.641560 -25.000000
v 268.432566 159.079983 -25.000000
v 251.469920 158.816929 -25.000000
v 263.897654 163.614887 -25.000000
v 268.782114 158.964512 -25.000000
v 251.330088 158.770741 -25.000000
v 263.782175 163.964428 -25.000000
v 269.136912 158.866329 -25.000000
v 251.188181 158.731464 -25.000000
v 263.684031 164.319210 -25.000000
v 269.496043 158.785671 -25.000000
v 251.044505 158.699207 -25.000000
v 263.603342 164.678387 -25.000000
v 269.858775 158.722736 -25.000000
v 250.899424 158.674030 -25.000000
v 263.540415 165.041080 -25.000000
v 263.495371 165.406429 -25.000000
v 263.468272 165.773556 -25.000000
v 263.459238 166.141560 -25.000000
v 253.459238 170.641560 -25.000000
v 263.468272 166.509571 -25.000000
v 263.495371 166.876690 -25.000000
v 263.540415 167.242039 -25.000000
v 263.603342 167.604740 -25.000000
v 263.684031 167.963909 -25.000000
v 263.782175 168.318699 -25.000000
v 263.897654 168.668232 -25.000000
v 264.030161 169.011684 -25.000000
v 253.444773 170.935612 -25.000000
v 253.455637 170.788761 -25.000000
v 264.179331 169.348225 -25.000000
v 253.426768 171.081753 -25.000000
v 264.344859 169.677036 -25.000000
v 253.401621 171.226833 -25.000000
v 253.369334 171.370502 -25.000000
v 264.526255 169.997334 -25.000000
v 253.330088 171.512417 -25.000000
v 264.723215 170.308338 -25.000000
v 253.283884 171.652233 -25.000000
v 253.230906 171.789608 -25.000000
v 264.935191 170.609310 -25.000000
v 253.171214 171.924229 -25.000000
v 265.161692 170.899509 -25.000000
v 253.104990 172.055752 -25.000000
v 253.032420 172.183872 -25.000000
v 265.402109 171.178257 -25.000000
v 252.953684 172.308269 -25.000000
v 265.655955 171.444866 -25.000000
v 252.868845 172.428661 -25.000000
v 252.778269 172.544743 -25.000000
v 265.922556 171.698696 -25.000000
v 252.682078 172.656239 -25.000000
v 266.201304 171.939137 -25.000000
v 252.580576 172.762882 -25.000000
v 266.491526 172.165615 -25.000000
v 252.473948 172.864414 -25.000000
v 252.362437 172.960590 -25.000000
v 266.792490 172.377583 -25.000000
v 250.459238 158.641560 -25.000000
v 270.959238 158.641560 -25.000000
v 250.606455 158.645176 -25.000000
v 270.591257 158.650593 -25.000000
v 250.753306 158.656010 -25.000000
v 270.224131 158.677677 -25.000000
v 270.959238 173.641560 -25.000000
v 250.459238 173.641560 -25.000000
v 250.606455 173.637951 -25.000000
v 270.591257 173.632526 -25.000000
v 250.753306 173.627117 -25.000000
v 250.899424 173.609089 -25.000000
v 251.044505 173.583920 -25.000000
v 270.224131 173.605450 -25.000000
v 251.188181 173.551655 -25.000000
v 251.330088 173.512379 -25.000000
v 269.858775 173.560383 -25.000000
v 251.469920 173.466190 -25.000000
v 251.607310 173.413197 -25.000000
v 269.496043 173.497448 -25.000000
v 251.741892 173.353527 -25.000000
v 251.873423 173.287327 -25.000000
v 252.001536 173.214748 -25.000000
v 269.136912 173.416798 -25.000000
v 252.125986 173.135967 -25.000000
v 252.246348 173.051182 -25.000000
v 268.782114 173.318615 -25.000000
v 268.432566 173.203144 -25.000000
v 268.089121 173.070660 -25.000000
v 267.752573 172.921482 -25.000000
v 267.423777 172.755970 -25.000000
v 267.103464 172.574528 -25.000000
v 250.606455 158.645176 25.000000
v 250.459238 158.641560 25.000000
v 250.753306 158.656010 25.000000
v 250.899424 158.674030 25.000000
v 251.044505 158.699207 25.000000
v 251.188181 158.731464 25.000000
v 251.330088 158.770741 25.000000
v 251.469920 158.816929 25.000000
v 251.607310 158.869923 25.000000
v 251.741892 158.929592 25.000000
v 251.873423 158.995800 25.000000
v 252.001536 159.068378 25.000000
v 252.125986 159.147152 25.000000
v 252.246348 159.231937 25.000000
v 252.362437 159.322529 25.000000
v 252.473948 159.418705 25.000000
v 252.580576 159.520245 25.000000
v 252.682078 159.626888 25.000000
v 252.778269 159.738384 25.000000
v 252.868845 159.854465 25.000000
v 252.953684 159.974850 25.000000
v 253.032420 160.099255 25.000000
v 253.104990 160.227367 25.000000
v 253.171214 160.358898 25.000000
v 253.230906 160.493511 25.000000
v 253.283884 160.630894 25.000000
v 253.330088 160.770710 25.000000
v 253.369334 160.912624 25.000000
v 253.401621 161.056293 25.000000
v 253.426768 161.201366 25.000000
v 253.444773 161.347507 25.000000
v 253.455637 161.494358 25.000000
v 253.459238 161.641560 25.000000
v 241.459238 158.641560 -75.000000
v 270.959238 158.641560 -75.000000
v 241.459238 158.641560 25.000000
v 238.462839 161.494358 25.000000
v 238.459238 161.641560 -75.000000
v 238.462839 161.494358 -75.000000
v 238.459238 161.641560 25.000000
v 238.473704 161.347507 25.000000
v 238.473704 161.347507 -75.000000
v 238.491709 161.201366 -75.000000
v 238.491709 161.201366 25.000000
v 238.516917 161.056293 25.000000
v 238.516917 161.056293 -75.000000
v 238.549143 160.912624 25.000000
v 238.549143 160.912624 -75.000000
v 238.588450 160.770710 25.000000
v 238.588450 160.770710 -75.000000
v 238.634592 160.630894 25.000000
v 238.634592 160.630894 -75.000000
v 238.687632 160.493511 25.000000
v 238.687632 160.493511 -75.000000
v 238.747263 160.358898 -75.000000
v 238.747263 160.358898 25.000000
v 238.813486 160.227367 25.000000
v 238.813486 160.227367 -75.000000
v 238.886057 160.099255 -75.000000
v 238.886057 160.099255 25.000000
v 238.964854 159.974850 -75.000000
v 238.964854 159.974850 25.000000
v 239.049631 159.854465 25.000000
v 239.049631 159.854465 -75.000000
v 239.140208 159.738384 -75.000000
v 239.140208 159.738384 25.000000
v 239.236399 159.626888 -75.000000
v 239.236399 159.626888 25.000000
v 239.337901 159.520245 25.000000
v 239.337901 159.520245 -75.000000
v 239.444590 159.418705 25.000000
v 239.444590 159.418705 -75.000000
v 239.556040 159.322529 25.000000
v 239.556040 159.322529 -75.000000
v 239.672129 159.231937 -75.000000
v 239.672129 159.231937 25.000000
v 239.792551 159.147152 25.000000
v 239.792551 159.147152 -75.000000
v 239.916941 159.068378 25.000000
v 239.916941 159.068378 -75.000000
v 240.045054 158.995800 25.000000
v 240.045054 158.995800 -75.000000
v 240.176585 158.929592 -75.000000
v 240.176585 158.929592 25.000000
v 240.311228 158.869923 25.000000
v 240.311228 158.869923 -75.000000
v 240.448557 158.816929 25.000000
v 240.448557 158.816929 -75.000000
v 240.588389 158.770741 25.000000
v 240.588389 158.770741 -75.000000
v 240.730296 158.731464 25.000000
v 240.730296 158.731464 -75.000000
v 240.873972 158.699207 25.000000
v 240.873972 158.699207 -75.000000
v 241.019053 158.674030 -75.000000
v 241.019053 158.674030 25.000000
v 241.165171 158.656010 25.000000
v 241.165171 158.656010 -75.000000
v 241.312022 158.645176 25.000000
v 241.312022 158.645176 -75.000000
v 238.459238 170.641560 -75.000000
v 238.459238 170.641560 25.000000
v 241.312022 173.637951 25.000000
v 241.459238 173.641560 -75.000000
v 241.312022 173.637951 -75.000000
v 241.459238 173.641560 25.000000
v 241.165171 173.627117 25.000000
v 241.165171 173.627117 -75.000000
v 241.019053 173.609089 -75.000000
v 241.019053 173.609089 25.000000
v 240.873972 173.583920 25.000000
v 240.873972 173.583920 -75.000000
v 240.730296 173.551655 25.000000
v 240.730296 173.551655 -75.000000
v 240.588389 173.512379 25.000000
v 240.588389 173.512379 -75.000000
v 240.448557 173.466190 25.000000
v 240.448557 173.466190 -75.000000
v 240.311228 173.413197 25.000000
v 240.311228 173.413197 -75.000000
v 240.176585 173.353527 -75.000000
v 240.176585 173.353527 25.000000
v 240.045054 173.287327 25.000000
v 240.045054 173.287327 -75.000000
v 239.916941 173.214748 -75.000000
v 239.916941 173.214748 25.000000
v 239.792551 173.135967 -75.000000
v 239.792551 173.135967 25.000000
v 239.672129 173.051182 25.000000
v 239.672129 173.051182 -75.000000
v 239.556040 172.960590 -75.000000
v 239.556040 172.960590 25.000000
v 239.444590 172.864414 -75.000000
v 239.444590 172.864414 25.000000
v 239.337901 172.762882 25.000000
v 239.337901 172.762882 -75.000000
v 239.236399 172.656239 25.000000
v 239.236399 172.656239 -75.000000
v 239.140208 172.544743 25.000000
v 239.140208 172.544743 -75.000000
v 239.049631 172.428661 -75.000000
v 239.049631 172.428661 25.000000
v 238.964854 172.308269 25.000000
v 238.964854 172.308269 -75.000000
v 238.886057 172.183872 25.000000
v 238.886057 172.183872 -75.000000
v 238.813486 172.055752 25.000000
v 238.813486 172.055752 -75.000000
v 238.747263 171.924229 -75.000000
v 238.747263 171.924229 25.000000
v 238.687632 171.789608 25.000000
v 238.687632 171.789608 -75.000000
v 238.634592 171.652233 25.000000
v 238.634592 171.652233 -75.000000
v 238.588450 171.512417 25.000000
v 238.588450 171.512417 -75.000000
v 238.549143 171.370502 25.000000
v 238.549143 171.370502 -75.000000
v 238.516917 171.226833 25.000000
v 238.516917 171.226833 -75.000000
v 238.491709 171.081753 -75.000000
v 238.491709 171.081753 25.000000
v 238.473704 170.935612 25.000000
v 238.473704 170.935612 -75.000000
v 238.462839 170.788761 25.000000
v 238.462839 170.788761 -75.000000
v 270.959238 173.641560 -75.000000
v 250.459238 173.641560 25.000000
v 253.455637 170.788761 25.000000
v 253.459238 170.641560 25.000000
v 253.444773 170.935612 25.000000
v 253.426768 171.081753 25.000000
v 253.401621 171.226833 25.000000
v 253.369334 171.370502 25.000000
v 253.330088 171.512417 25.000000
v 253.283884 171.652233 25.000000
v 253.230906 171.789608 25.000000
v 253.171214 171.924229 25.000000
v 253.104990 172.055752 25.000000
v 253.032420 172.183872 25.000000
v 252.953684 172.308269 25.000000
v 252.868845 172.428661 25.000000
v 252.778269 172.544743 25.000000
v 252.682078 172.656239 25.000000
v 252.580576 172.762882 25.000000
v 252.473948 172.864414 25.000000
v 252.362437 172.960590 25.000000
v 252.246348 173.051182 25.000000
v 252.125986 173.135967 25.000000
v 252.001536 173.214748 25.000000
v 251.873423 173.287327 25.000000
v 251.741892 173.353527 25.000000
v 251.607310 173.413197 25.000000
v 251.469920 173.466190 25.000000
v 251.330088 173.512379 25.000000
v 251.188181 173.551655 25.000000
v 251.044505 173.583920 25.000000
v 250.899424 173.609089 25.000000
v 250.753306 173.627117 25.000000
v 250.606455 173.637951 25.000000
v 263.459238 166.141560 25.000000
v 263.468577 165.767719 25.000000
v 263.496531 165.394802 25.000000
v 263.543040 165.023746 25.000000
v 263.607981 164.655468 25.000000
v 263.691172 164.290882 25.000000
v 263.792429 163.930897 25.000000
v 263.911570 163.576412 25.000000
v 264.048167 163.228298 25.000000
v 264.201975 162.887432 25.000000
v 264.372568 162.554653 25.000000
v 264.559580 162.230801 25.000000
v 264.762461 161.916660 25.000000
v 264.980784 161.613026 25.000000
v 265.213938 161.320652 25.000000
v 265.461375 161.040264 25.000000
v 265.722483 160.772556 25.000000
v 265.996592 160.518200 25.000000
v 266.283091 160.277828 25.000000
v 266.581187 160.052029 25.000000
v 266.890147 159.841366 25.000000
v 267.209238 159.646374 25.000000
v 267.537669 159.467525 25.000000
v 267.874583 159.305271 25.000000
v 268.219187 159.160007 25.000000
v 268.570628 159.032108 25.000000
v 268.927927 158.921879 25.000000
v 269.290354 158.829601 25.000000
v 269.656870 158.755505 25.000000
v 270.026682 158.699764 25.000000
v 270.398753 158.662533 25.000000
v 271.333079 158.650883 -75.000000
v 270.772288 158.643894 25.000000
v 271.146250 158.643894 25.000000
v 271.519724 158.662533 25.000000
v 271.706004 158.678829 -75.000000
v 271.891856 158.699764 25.000000
v 272.077036 158.725330 -75.000000
v 272.261607 158.755505 25.000000
v 272.445322 158.790264 -75.000000
v 272.628184 158.829601 25.000000
v 272.809946 158.873478 -75.000000
v 272.990549 158.921879 25.000000
v 273.169932 158.974766 -75.000000
v 273.347910 159.032108 25.000000
v 273.524424 159.093868 -75.000000
v 273.699290 159.160007 25.000000
v 273.872507 159.230488 -75.000000
v 274.043894 159.305271 25.000000
v 274.213389 159.384296 -75.000000
v 274.380808 159.467525 25.000000
v 274.546152 159.554897 -75.000000
v 274.709238 159.646374 25.000000
v 274.870005 159.741879 -75.000000
v 275.028330 159.841366 25.000000
v 275.184153 159.944767 -75.000000
v 275.337351 160.052029 25.000000
v 275.487803 160.163067 -75.000000
v 275.635447 160.277828 25.000000
v 275.780161 160.396229 -75.000000
v 275.921885 160.518200 25.000000
v 276.060557 160.643673 -75.000000
v 276.196055 160.772556 25.000000
v 276.328257 160.904781 -75.000000
v 276.457163 161.040264 25.000000
v 276.582590 161.178921 -75.000000
v 276.704600 161.320652 25.000000
v 276.823008 161.465389 -75.000000
v 276.937754 161.613026 25.000000
v 277.048777 161.763485 -75.000000
v 277.156016 161.916660 25.000000
v 277.259470 162.072468 -75.000000
v 277.358958 162.230801 25.000000
v 277.454417 162.391560 -75.000000
v 277.545908 162.554653 25.000000
v 277.633311 162.719982 -75.000000
v 277.716502 162.887432 25.000000
v 277.795542 163.056911 -75.000000
v 277.870310 163.228298 25.000000
v 277.940806 163.401501 -75.000000
v 278.006968 163.576412 25.000000
v 278.068674 163.752911 -75.000000
v 278.126047 163.930897 25.000000
v 278.178904 164.110256 -75.000000
v 278.227305 164.290882 25.000000
v 278.271189 164.472652 -75.000000
v 278.310557 164.655468 25.000000
v 278.345286 164.839199 -75.000000
v 278.375498 165.023746 25.000000
v 278.401072 165.208981 -75.000000
v 278.422007 165.394802 25.000000
v 278.438303 165.581089 -75.000000
v 278.449900 165.767719 25.000000
v 278.456919 165.954578 -75.000000
v 278.459238 166.141560 25.000000
v 278.456919 166.328541 -75.000000
v 278.449900 166.515408 25.000000
v 278.438303 166.702038 -75.000000
v 278.422007 166.888317 25.000000
v 278.401072 167.074139 -75.000000
v 278.375498 167.259380 25.000000
v 278.345286 167.443920 -75.000000
v 278.310557 167.627659 25.000000
v 278.271189 167.810467 -75.000000
v 278.227305 167.992245 25.000000
v 278.178904 168.172863 -75.000000
v 278.126047 168.352222 25.000000
v 278.068674 168.530209 -75.000000
v 278.006968 168.706715 25.000000
v 277.940806 168.881619 -75.000000
v 277.870310 169.054821 25.000000
v 277.795542 169.226215 -75.000000
v 277.716502 169.395687 25.000000
v 277.633311 169.563145 -75.000000
v 277.545908 169.728466 25.000000
v 277.454417 169.891560 -75.000000
v 277.358958 170.052326 25.000000
v 277.259470 170.210659 -75.000000
v 277.156016 170.366459 25.000000
v 277.048777 170.519642 -75.000000
v 276.937754 170.670094 25.000000
v 276.823008 170.817738 -75.000000
v 276.704600 170.962467 25.000000
v 276.582590 171.104206 -75.000000
v 276.457163 171.242855 25.000000
v 276.328257 171.378338 -75.000000
v 276.196055 171.510563 25.000000
v 276.060557 171.639454 -75.000000
v 275.921885 171.764919 25.000000
v 275.780161 171.886898 -75.000000
v 275.635447 172.005299 25.000000
v 275.487803 172.120052 -75.000000
v 275.337351 172.231098 25.000000
v 275.184153 172.338352 -75.000000
v 275.028330 172.441753 25.000000
v 274.870005 172.541241 -75.000000
v 274.709238 172.636753 25.000000
v 274.546152 172.728222 -75.000000
v 274.380808 172.815601 25.000000
v 274.213389 172.898830 -75.000000
v 274.043894 172.977856 25.000000
v 273.872507 173.052631 -75.000000
v 273.699290 173.123112 25.000000
v 273.524424 173.189259 -75.000000
v 273.347910 173.251019 25.000000
v 273.169932 173.308361 -75.000000
v 272.990549 173.361240 25.000000
v 272.809946 173.409641 -75.000000
v 272.628184 173.453518 25.000000
v 272.445322 173.492855 -75.000000
v 272.261607 173.527622 25.000000
v 272.077036 173.557789 -75.000000
v 271.891856 173.583355 25.000000
v 271.706004 173.604290 -75.000000
v 271.519724 173.620586 25.000000
v 271.333079 173.632236 -75.000000
v 271.146250 173.639233 25.000000
v 270.772288 173.639233 25.000000
v 270.398753 173.620586 25.000000
v 270.026682 173.583355 25.000000
v 269.656870 173.527622 25.000000
v 269.290354 173.453518 25.000000
v 268.927927 173.361240 25.000000
v 268.570628 173.251019 25.000000
v 268.219187 173.123112 25.000000
v 267.874583 172.977856 25.000000
v 267.537669 172.815601 25.000000
v 267.209238 172.636753 25.000000
v 266.890147 172.441753 25.000000
v 266.581187 172.231098 25.000000
v 266.283091 172.005299 25.000000
v 265.996592 171.764919 25.000000
v 265.722483 171.510563 25.000000
v 265.461375 171.242855 25.000000
v 265.213938 170.962467 25.000000
v 264.980784 170.670094 25.000000
v 264.762461 170.366459 25.000000
v 264.559580 170.052326 25.000000
v 264.372568 169.728466 25.000000
v 264.201975 169.395687 25.000000
v 264.048167 169.054821 25.000000
v 263.911570 168.706715 25.000000
v 263.792429 168.352222 25.000000
v 263.691172 167.992245 25.000000
v 263.607981 167.627659 25.000000
v 263.543040 167.259380 25.000000
v 263.496531 166.888317 25.000000
v 263.468577 166.515408 25.000000
v 108.118296 102.462304 25.000000
v 108.118296 102.462304 -75.000000
v 108.077769 102.326299 -75.000000
v 108.077769 102.326299 25.000000
v 108.043986 102.188463 25.000000
v 108.043986 102.188463 -75.000000
v 108.017069 102.049130 25.000000
v 108.017069 102.049130 -75.000000
v 107.997019 101.908641 -75.000000
v 107.997019 101.908641 25.000000
v 107.983927 101.767335 25.000000
v 107.983927 101.767335 -75.000000
v 107.977824 101.625555 25.000000
v 107.977824 101.625555 -75.000000
v 107.978678 101.483645 25.000000
v 107.978678 101.483645 -75.000000
v 107.986552 101.341952 25.000000
v 107.986552 101.341952 -75.000000
v 108.001383 101.200818 25.000000
v 108.001383 101.200818 -75.000000
v 108.023142 101.060586 -75.000000
v 108.023142 101.060586 25.000000
v 108.051798 100.921596 25.000000
v 108.051798 100.921596 -75.000000
v 108.087260 100.784186 25.000000
v 108.087260 100.784186 -75.000000
v 108.129465 100.648690 25.000000
v 108.129465 100.648690 -75.000000
v 108.178263 100.515437 25.000000
v 108.178263 100.515437 -75.000000
v 108.233591 100.384749 25.000000
v 108.233591 100.384749 -75.000000
v 108.295267 100.256946 -75.000000
v 108.295267 100.256946 25.000000
v 108.363169 100.132336 25.000000
v 108.363169 100.132336 -75.000000
v 108.437144 100.011222 25.000000
v 108.437144 100.011222 -75.000000
v 108.516978 99.893898 25.000000
v 108.516978 99.893898 -75.000000
v 108.602488 99.780651 25.000000
v 108.602488 99.780651 -75.000000
v 108.693491 99.671753 -75.000000
v 108.693491 99.671753 25.000000
v 108.789744 99.567470 25.000000
v 108.789744 99.567470 -75.000000
v 108.891001 99.468055 25.000000
v 108.891001 99.468055 -75.000000
v 108.997050 99.373749 25.000000
v 108.997050 99.373749 -75.000000
v 109.107615 99.284781 25.000000
v 109.107615 99.284781 -75.000000
v 109.222422 99.201367 25.000000
v 109.222422 99.201367 -75.000000
v 109.341196 99.123710 -75.000000
v 109.341196 99.123710 25.000000
v 109.463663 99.051999 -75.000000
v 109.463663 99.051999 25.000000
v 109.589487 98.986406 25.000000
v 109.589487 98.986406 -75.000000
v 109.718424 98.927093 -75.000000
v 109.718424 98.927093 25.000000
v 109.850108 98.874202 25.000000
v 109.850108 98.874202 -75.000000
v 109.984232 98.827863 25.000000
v 109.984232 98.827863 -75.000000
v 110.120493 98.788187 -75.000000
v 110.120493 98.788187 25.000000
v 110.258524 98.755270 -75.000000
v 110.258524 98.755270 25.000000
v 110.398020 98.729194 25.000000
v 110.398020 98.729194 -75.000000
v 110.538645 98.710021 25.000000
v 110.538645 98.710021 -75.000000
v 110.680033 98.697798 25.000000
v 110.680033 98.697798 -75.000000
v 110.821848 98.692554 25.000000
v 110.821848 98.692554 -75.000000
v 110.963755 98.694303 -75.000000
v 110.963755 98.694303 25.000000
v 111.105387 98.703039 25.000000
v 111.105387 98.703039 -75.000000
v 111.246439 98.718741 25.000000
v 111.246439 98.718741 -75.000000
v 111.386515 98.741373 25.000000
v 111.386515 98.741373 -75.000000
v 111.525339 98.770878 25.000000
v 111.525339 98.770878 -75.000000
v 111.662516 98.807185 25.000000
v 111.662516 98.807185 -75.000000
v 111.797770 98.850206 25.000000
v 111.797770 98.850206 -75.000000
v 111.930704 98.899837 25.000000
v 111.930704 98.899837 -75.000000
v 112.061045 98.955956 -75.000000
v 112.061045 98.955956 25.000000
v 112.188456 99.018427 -75.000000
v 112.188456 99.018427 25.000000
v 112.312662 99.087100 -75.000000
v 112.312662 99.087100 25.000000
v 112.433329 99.161807 25.000000
v 112.433329 99.161807 -75.000000
v 112.550150 99.242367 25.000000
v 112.550150 99.242367 -75.000000
v 111.979624 114.346256 -75.000000
v 111.979624 114.346256 25.000000
v 101.870524 121.690943 -75.000000
v 101.870524 121.690943 25.000000
v 103.421458 126.897415 25.000000
v 103.563334 126.900909 -75.000000
v 103.421458 126.897415 -75.000000
v 103.279948 126.886932 -75.000000
v 103.563334 126.900909 25.000000
v 103.279948 126.886932 25.000000
v 103.139109 126.869495 -75.000000
v 103.139109 126.869495 25.000000
v 102.999308 126.845139 -75.000000
v 102.999308 126.845139 25.000000
v 102.860880 126.813927 25.000000
v 102.860880 126.813927 -75.000000
v 102.724131 126.775932 -75.000000
v 102.724131 126.775932 25.000000
v 102.589457 126.731247 25.000000
v 102.589457 126.731247 -75.000000
v 102.457102 126.679985 -75.000000
v 102.457102 126.679985 25.000000
v 102.327464 126.622261 25.000000
v 102.327464 126.622261 -75.000000
v 102.200816 126.558228 25.000000
v 102.200816 126.558228 -75.000000
v 102.077494 126.488029 25.000000
v 102.077494 126.488029 -75.000000
v 101.957774 126.411842 -75.000000
v 101.957774 126.411842 25.000000
v 101.841929 126.329849 25.000000
v 101.841929 126.329849 -75.000000
v 101.730296 126.242249 -75.000000
v 101.730296 126.242249 25.000000
v 101.623087 126.149258 25.000000
v 101.623087 126.149258 -75.000000
v 101.520609 126.051098 25.000000
v 101.520609 126.051098 -75.000000
v 101.423075 125.948006 25.000000
v 101.423075 125.948006 -75.000000
v 101.330759 125.840240 25.000000
v 101.330759 125.840240 -75.000000
v 101.243845 125.728054 25.000000
v 101.243845 125.728054 -75.000000
v 101.162577 125.611721 25.000000
v 101.162577 125.611721 -75.000000
v 101.087107 125.491528 25.000000
v 101.087107 125.491528 -75.000000
v 101.017680 125.367764 25.000000
v 101.017680 125.367764 -75.000000
v 100.954417 125.240730 -75.000000
v 100.954417 125.240730 25.000000
v 100.897501 125.110733 25.000000
v 100.897501 125.110733 -75.000000
v 100.847056 124.978092 25.000000
v 100.847056 124.978092 -75.000000
v 100.803202 124.843126 25.000000
v 100.803202 124.843126 -75.000000
v 100.766062 124.706163 25.000000
v 100.766062 124.706163 -75.000000
v 100.735697 124.567537 25.000000
v 100.735697 124.567537 -75.000000
v 100.712199 124.427584 25.000000
v 100.712199 124.427584 -75.000000
v 100.695628 124.286644 25.000000
v 100.695628 124.286644 -75.000000
v 100.686015 124.145058 -75.000000
v 100.686015 124.145058 25.000000
v 100.683390 124.003170 25.000000
v 100.683390 124.003170 -75.000000
v 100.687754 123.861326 25.000000
v 100.687754 123.861326 -75.000000
v 100.699107 123.719870 25.000000
v 100.699107 123.719870 -75.000000
v 100.717417 123.579144 25.000000
v 100.717417 123.579144 -75.000000
v 100.742625 123.439489 25.000000
v 100.742625 123.439489 -75.000000
v 100.774699 123.301249 25.000000
v 100.774699 123.301249 -75.000000
v 100.813547 123.164753 25.000000
v 100.813547 123.164753 -75.000000
v 100.859049 123.030338 25.000000
v 100.859049 123.030338 -75.000000
v 100.911143 122.898327 -75.000000
v 100.911143 122.898327 25.000000
v 100.969645 122.769043 25.000000
v 100.969645 122.769043 -75.000000
v 101.034464 122.642797 25.000000
v 101.034464 122.642797 -75.000000
v 101.105418 122.519899 25.000000
v 101.105418 122.519899 -75.000000
v 101.182352 122.400644 25.000000
v 101.182352 122.400644 -75.000000
v 101.265055 122.285324 25.000000
v 101.265055 122.285324 -75.000000
v 101.353342 122.174217 25.000000
v 101.353342 122.174217 -75.000000
v 101.447001 122.067595 25.000000
v 101.447001 122.067595 -75.000000
v 101.545786 121.965714 25.000000
v 101.545786 121.965714 -75.000000
v 101.649454 121.868824 25.000000
v 101.649454 121.868824 -75.000000
v 101.757792 121.777159 -75.000000
v 101.757792 121.777159 25.000000
v 116.058878 126.900909 -75.000000
v 116.058878 126.900909 25.000000
v 119.920206 138.784863 -75.000000
v 119.920206 138.784863 25.000000
v 125.351115 138.918709 25.000000
v 125.398295 138.784863 -75.000000
v 125.351115 138.918709 -75.000000
v 125.398295 138.784863 25.000000
v 125.297404 139.050064 25.000000
v 125.297404 139.050064 -75.000000
v 125.237315 139.178619 -75.000000
v 125.237315 139.178619 25.000000
v 125.170939 139.304058 25.000000
v 125.170939 139.304058 -75.000000
v 125.098490 139.426071 -75.000000
v 125.098490 139.426071 25.000000
v 125.020090 139.544373 25.000000
v 125.020090 139.544373 -75.000000
v 124.935984 139.658665 25.000000
v 124.935984 139.658665 -75.000000
v 124.846323 139.768673 -75.000000
v 124.846323 139.768673 25.000000
v 124.751353 139.874134 -75.000000
v 124.751353 139.874134 25.000000
v 124.651316 139.974789 25.000000
v 124.651316 139.974789 -75.000000
v 124.546458 140.070396 25.000000
v 124.546458 140.070396 -75.000000
v 124.436991 140.160717 25.000000
v 124.436991 140.160717 -75.000000
v 124.323222 140.245541 -75.000000
v 124.323222 140.245541 25.000000
v 124.205424 140.324654 25.000000
v 124.205424 140.324654 -75.000000
v 124.083842 140.397869 -75.000000
v 124.083842 140.397869 25.000000
v 123.958811 140.465008 25.000000
v 123.958811 140.465008 -75.000000
v 123.830637 140.525906 -75.000000
v 123.830637 140.525906 25.000000
v 123.699625 140.580414 25.000000
v 123.699625 140.580414 -75.000000
v 123.566050 140.628403 25.000000
v 123.566050 140.628403 -75.000000
v 123.430308 140.669754 -75.000000
v 123.430308 140.669754 25.000000
v 123.292673 140.704369 25.000000
v 123.292673 140.704369 -75.000000
v 123.153513 140.732162 25.000000
v 123.153513 140.732162 -75.000000
v 123.013163 140.753063 25.000000
v 123.013163 140.753063 -75.000000
v 122.871928 140.767029 -75.000000
v 122.871928 140.767029 25.000000
v 122.730204 140.774021 25.000000
v 122.730204 140.774021 -75.000000
v 122.588297 140.774021 25.000000
v 122.588297 140.774021 -75.000000
v 122.446543 140.767029 25.000000
v 122.446543 140.767029 -75.000000
v 122.305308 140.753063 25.000000
v 122.305308 140.753063 -75.000000
v 122.164957 140.732162 25.000000
v 122.164957 140.732162 -75.000000
v 122.025797 140.704369 25.000000
v 122.025797 140.704369 -75.000000
v 121.888163 140.669754 -75.000000
v 121.888163 140.669754 25.000000
v 121.752421 140.628403 25.000000
v 121.752421 140.628403 -75.000000
v 121.618876 140.580414 25.000000
v 121.618876 140.580414 -75.000000
v 121.487833 140.525906 25.000000
v 121.487833 140.525906 -75.000000
v 121.359660 140.465008 25.000000
v 121.359660 140.465008 -75.000000
v 121.234629 140.397869 25.000000
v 121.234629 140.397869 -75.000000
v 121.113078 140.324654 25.000000
v 121.113078 140.324654 -75.000000
v 120.995249 140.245541 25.000000
v 120.995249 140.245541 -75.000000
v 120.881480 140.160717 25.000000
v 120.881480 140.160717 -75.000000
v 120.772013 140.070396 25.000000
v 120.772013 140.070396 -75.000000
v 120.667155 139.974789 25.000000
v 120.667155 139.974789 -75.000000
v 120.567118 139.874134 25.000000
v 120.567118 139.874134 -75.000000
v 120.472147 139.768673 25.000000
v 120.472147 139.768673 -75.000000
v 120.382517 139.658665 25.000000
v 120.382517 139.658665 -75.000000
v 120.298380 139.544373 25.000000
v 120.298380 139.544373 -75.000000
v 120.220011 139.426071 25.000000
v 120.220011 139.426071 -75.000000
v 120.147532 139.304058 -75.000000
v 120.147532 139.304058 25.000000
v 120.081156 139.178619 25.000000
v 120.081156 139.178619 -75.000000
v 120.021067 139.050064 25.000000
v 120.021067 139.050064 -75.000000
v 119.967356 138.918709 25.000000
v 119.967356 138.918709 -75.000000
v 129.259623 126.900909 -75.000000
v 129.259623 126.900909 25.000000
v 141.755137 126.900909 -75.000000
v 141.755137 126.900909 25.000000
v 143.560679 121.777159 25.000000
v 143.447947 121.690943 -75.000000
v 143.560679 121.777159 -75.000000
v 143.447947 121.690943 25.000000
v 143.669016 121.868824 25.000000
v 143.669016 121.868824 -75.000000
v 143.772715 121.965714 25.000000
v 143.772715 121.965714 -75.000000
v 143.871500 122.067595 25.000000
v 143.871500 122.067595 -75.000000
v 143.965128 122.174217 -75.000000
v 143.965128 122.174217 25.000000
v 144.053416 122.285324 25.000000
v 144.053416 122.285324 -75.000000
v 144.136118 122.400644 25.000000
v 144.136118 122.400644 -75.000000
v 144.213053 122.519899 25.000000
v 144.213053 122.519899 -75.000000
v 144.284006 122.642797 25.000000
v 144.284006 122.642797 -75.000000
v 144.348826 122.769043 25.000000
v 144.348826 122.769043 -75.000000
v 144.407359 122.898327 25.000000
v 144.407359 122.898327 -75.000000
v 144.459422 123.030338 25.000000
v 144.459422 123.030338 -75.000000
v 144.504923 123.164753 25.000000
v 144.504923 123.164753 -75.000000
v 144.543772 123.301249 25.000000
v 144.543772 123.301249 -75.000000
v 144.575846 123.439489 25.000000
v 144.575846 123.439489 -75.000000
v 144.601054 123.579144 25.000000
v 144.601054 123.579144 -75.000000
v 144.619364 123.719870 25.000000
v 144.619364 123.719870 -75.000000
v 144.630717 123.861326 25.000000
v 144.630717 123.861326 -75.000000
v 144.635081 124.003170 25.000000
v 144.635081 124.003170 -75.000000
v 144.632456 124.145058 25.000000
v 144.632456 124.145058 -75.000000
v 144.622843 124.286644 -75.000000
v 144.622843 124.286644 25.000000
v 144.606272 124.427584 25.000000
v 144.606272 124.427584 -75.000000
v 144.582774 124.567537 25.000000
v 144.582774 124.567537 -75.000000
v 144.552439 124.706163 -75.000000
v 144.552439 124.706163 25.000000
v 144.515269 124.843126 25.000000
v 144.515269 124.843126 -75.000000
v 144.471415 124.978092 25.000000
v 144.471415 124.978092 -75.000000
v 144.420969 125.110733 -75.000000
v 144.420969 125.110733 25.000000
v 144.364054 125.240730 25.000000
v 144.364054 125.240730 -75.000000
v 144.300791 125.367764 -75.000000
v 144.300791 125.367764 25.000000
v 144.231364 125.491528 -75.000000
v 144.231364 125.491528 25.000000
v 144.155924 125.611721 25.000000
v 144.155924 125.611721 -75.000000
v 144.074625 125.728054 25.000000
v 144.074625 125.728054 -75.000000
v 143.987711 125.840240 -75.000000
v 143.987711 125.840240 25.000000
v 143.895396 125.948006 25.000000
v 143.895396 125.948006 -75.000000
v 143.797861 126.051098 -75.000000
v 143.797861 126.051098 25.000000
v 143.695383 126.149258 -75.000000
v 143.695383 126.149258 25.000000
v 143.588175 126.242249 25.000000
v 143.588175 126.242249 -75.000000
v 143.476542 126.329849 25.000000
v 143.476542 126.329849 -75.000000
v 143.360697 126.411842 -75.000000
v 143.360697 126.411842 25.000000
v 143.240977 126.488029 25.000000
v 143.240977 126.488029 -75.000000
v 143.117655 126.558228 25.000000
v 143.117655 126.558228 -75.000000
v 142.991007 126.622261 -75.000000
v 142.991007 126.622261 25.000000
v 142.861369 126.679985 25.000000
v 142.861369 126.679985 -75.000000
v 142.729044 126.731247 25.000000
v 142.729044 126.731247 -75.000000
v 142.594340 126.775932 25.000000
v 142.594340 126.775932 -75.000000
v 142.457621 126.813927 25.000000
v 142.457621 126.813927 -75.000000
v 142.319163 126.845139 25.000000
v 142.319163 126.845139 -75.000000
v 142.179362 126.869495 25.000000
v 142.179362 126.869495 -75.000000
v 142.038523 126.886932 25.000000
v 142.038523 126.886932 -75.000000
v 141.897013 126.897415 -75.000000
v 141.897013 126.897415 25.000000
v 133.338877 114.346256 -75.000000
v 133.338877 114.346256 25.000000
v 137.200205 102.462304 -75.000000
v 137.200205 102.462304 25.000000
v 132.768320 99.242367 25.000000
v 132.768320 99.242367 -75.000000
v 132.885172 99.161807 -75.000000
v 132.885172 99.161807 25.000000
v 133.005808 99.087100 25.000000
v 133.005808 99.087100 -75.000000
v 133.130015 99.018427 25.000000
v 133.130015 99.018427 -75.000000
v 133.257426 98.955956 25.000000
v 133.257426 98.955956 -75.000000
v 133.387766 98.899837 25.000000
v 133.387766 98.899837 -75.000000
v 133.520731 98.850206 -75.000000
v 133.520731 98.850206 25.000000
v 133.655955 98.807185 -75.000000
v 133.655955 98.807185 25.000000
v 133.793131 98.770878 25.000000
v 133.793131 98.770878 -75.000000
v 133.931956 98.741373 25.000000
v 133.931956 98.741373 -75.000000
v 134.072062 98.718741 -75.000000
v 134.072062 98.718741 25.000000
v 134.213084 98.703039 25.000000
v 134.213084 98.703039 -75.000000
v 134.354746 98.694303 25.000000
v 134.354746 98.694303 -75.000000
v 134.496622 98.692554 25.000000
v 134.496622 98.692554 -75.000000
v 134.638438 98.697798 25.000000
v 134.638438 98.697798 -75.000000
v 134.779826 98.710021 25.000000
v 134.779826 98.710021 -75.000000
v 134.920451 98.729194 25.000000
v 134.920451 98.729194 -75.000000
v 135.059946 98.755270 25.000000
v 135.059946 98.755270 -75.000000
v 135.197977 98.788187 25.000000
v 135.197977 98.788187 -75.000000
v 135.334238 98.827863 -75.000000
v 135.334238 98.827863 25.000000
v 135.468363 98.874202 25.000000
v 135.468363 98.874202 -75.000000
v 135.600047 98.927093 -75.000000
v 135.600047 98.927093 25.000000
v 135.728983 98.986406 25.000000
v 135.728983 98.986406 -75.000000
v 135.854807 99.051999 -75.000000
v 135.854807 99.051999 25.000000
v 135.977274 99.123710 25.000000
v 135.977274 99.123710 -75.000000
v 136.096049 99.201367 25.000000
v 136.096049 99.201367 -75.000000
v 136.210856 99.284781 -75.000000
v 136.210856 99.284781 25.000000
v 136.321421 99.373749 -75.000000
v 136.321421 99.373749 25.000000
v 136.427470 99.468055 25.000000
v 136.427470 99.468055 -75.000000
v 136.528727 99.567470 -75.000000
v 136.528727 99.567470 25.000000
v 136.624979 99.671753 -75.000000
v 136.624979 99.671753 25.000000
v 136.715983 99.780651 25.000000
v 136.715983 99.780651 -75.000000
v 136.801493 99.893898 25.000000
v 136.801493 99.893898 -75.000000
v 136.881358 100.011222 -75.000000
v 136.881358 100.011222 25.000000
v 136.955302 100.132336 25.000000
v 136.955302 100.132336 -75.000000
v 137.023203 100.256946 25.000000
v 137.023203 100.256946 -75.000000
v 137.084910 100.384749 -75.000000
v 137.084910 100.384749 25.000000
v 137.140208 100.515437 25.000000
v 137.140208 100.515437 -75.000000
v 137.189036 100.648690 25.000000
v 137.189036 100.648690 -75.000000
v 137.231211 100.784186 -75.000000
v 137.231211 100.784186 25.000000
v 137.266672 100.921596 25.000000
v 137.266672 100.921596 -75.000000
v 137.295328 101.060586 -75.000000
v 137.295328 101.060586 25.000000
v 137.317088 101.200818 25.000000
v 137.317088 101.200818 -75.000000
v 137.331919 101.341952 25.000000
v 137.331919 101.341952 -75.000000
v 137.339793 101.483645 -75.000000
v 137.339793 101.483645 25.000000
v 137.340647 101.625555 -75.000000
v 137.340647 101.625555 25.000000
v 137.334544 101.767335 25.000000
v 137.334544 101.767335 -75.000000
v 137.321452 101.908641 -75.000000
v 137.321452 101.908641 25.000000
v 137.301401 102.049130 -75.000000
v 137.301401 102.049130 25.000000
v 137.274485 102.188463 25.000000
v 137.274485 102.188463 -75.000000
v 137.240702 102.326299 25.000000
v 137.240702 102.326299 -75.000000
v 122.659251 106.587052 -75.000000
v 122.659251 106.587052 25.000000
v -330.575661 123.110411 -75.000000
v -330.575661 123.110411 25.000000
v -330.587962 123.650476 -75.000000
v -330.587962 123.650476 25.000000
v -330.538769 122.570843 -75.000000
v -330.538769 122.570843 25.000000
v -330.477321 122.032270 -75.000000
v -330.477321 122.032270 25.000000
v -330.391373 121.495190 -75.000000
v -330.391373 121.495190 25.000000
v -330.281005 120.960096 -75.000000
v -330.281005 120.960096 25.000000
v -330.146318 120.427485 -75.000000
v -330.146318 120.427485 25.000000
v -329.987436 119.897842 -75.000000
v -329.987436 119.897842 25.000000
v -329.804506 119.371662 -75.000000
v -329.804506 119.371662 25.000000
v -329.597696 118.849426 -75.000000
v -329.597696 118.849426 25.000000
v -329.367199 118.331619 -75.000000
v -329.367199 118.331619 25.000000
v -329.113224 117.818714 -75.000000
v -329.113224 117.818714 25.000000
v -328.836007 117.311188 -75.000000
v -328.836007 117.311188 25.000000
v -328.535804 116.809505 -75.000000
v -328.535804 116.809505 25.000000
v -328.212892 116.314133 -75.000000
v -328.212892 116.314133 25.000000
v -327.867567 115.825523 -75.000000
v -327.867567 115.825523 25.000000
v -327.500149 115.344128 -75.000000
v -327.500149 115.344128 25.000000
v -327.110976 114.870394 -75.000000
v -327.110976 114.870394 25.000000
v -326.700408 114.404753 -75.000000
v -326.700408 114.404753 25.000000
v -326.268822 113.947639 -75.000000
v -326.268822 113.947639 25.000000
v -325.816617 113.499472 -75.000000
v -325.816617 113.499472 25.000000
v -325.344209 113.060663 -75.000000
v -325.344209 113.060663 25.000000
v -324.852034 112.631619 -75.000000
v -324.852034 112.631619 25.000000
v -324.340547 112.212736 -75.000000
v -324.340547 112.212736 25.000000
v -323.810218 111.804399 -75.000000
v -323.810218 111.804399 25.000000
v -323.261537 111.406984 -75.000000
v -323.261537 111.406984 25.000000
v -322.695010 111.020859 -75.000000
v -322.695010 111.020859 25.000000
v -322.111158 110.646379 -75.000000
v -322.111158 110.646379 25.000000
v -321.306673 110.165783 -75.000000
v -321.306673 110.165783 25.000000
v -320.367604 109.651569 -75.000000
v -320.367604 109.651569 25.000000
v -319.394387 109.166395 -75.000000
v -319.394387 109.166395 25.000000
v -318.389042 108.711269 -75.000000
v -318.389042 108.711269 25.000000
v -317.353655 108.287132 -75.000000
v -317.353655 108.287132 25.000000
v -316.290371 107.894866 -75.000000
v -316.290371 107.894866 25.000000
v -315.201398 107.535284 -75.000000
v -315.201398 107.535284 25.000000
v -314.088995 107.209131 -75.000000
v -314.088995 107.209131 25.000000
v -312.955469 106.917086 -75.000000
v -312.955469 106.917086 25.000000
v -311.803171 106.659752 -75.000000
v -311.803171 106.659752 25.000000
v -310.634493 106.437665 -75.000000
v -310.634493 106.437665 25.000000
v -309.451858 106.251285 -75.000000
v -309.451858 106.251285 25.000000
v -308.257721 106.100998 -75.000000
v -308.257721 106.100998 25.000000
v -307.054556 105.987116 -75.000000
v -307.054556 105.987116 25.000000
v -305.844860 105.909876 -75.000000
v -305.844860 105.909876 25.000000
v -304.631145 105.869437 -75.000000
v -304.631145 105.869437 25.000000
v -303.415926 105.865885 -75.000000
v -303.415926 105.865885 25.000000
v -302.201727 105.899225 -75.000000
v -302.201727 105.899225 25.000000
v -300.991060 105.969389 -75.000000
v -300.991060 105.969389 25.000000
v -299.786443 106.076232 -75.000000
v -299.786443 106.076232 25.000000
v -298.590376 106.219531 -75.000000
v -298.590376 106.219531 25.000000
v -297.405332 106.398990 -75.000000
v -297.405332 106.398990 25.000000
v -296.233778 106.614235 -75.000000
v -296.233778 106.614235 25.000000
v -295.078138 106.864821 -75.000000
v -295.078138 106.864821 25.000000
v -293.940817 107.150229 -75.000000
v -293.940817 107.150229 25.000000
v -292.824163 107.469864 -75.000000
v -292.824163 107.469864 25.000000
v -291.730501 107.823065 -75.000000
v -291.730501 107.823065 25.000000
v -290.662099 108.209100 -75.000000
v -290.662099 108.209100 25.000000
v -289.621172 108.627166 -75.000000
v -289.621172 108.627166 25.000000
v -288.609876 109.076397 -75.000000
v -288.609876 109.076397 25.000000
v -287.630315 109.555862 -75.000000
v -287.630315 109.555862 25.000000
v -286.684518 110.064564 -75.000000
v -286.684518 110.064564 25.000000
v -285.774446 110.601450 -75.000000
v -285.774446 110.601450 25.000000
v -284.901987 111.165405 -75.000000
v -284.901987 111.165405 25.000000
v -284.068952 111.755260 -75.000000
v -284.068952 111.755260 25.000000
v -283.277071 112.369791 -75.000000
v -283.277071 112.369791 25.000000
v -282.527982 113.007723 -75.000000
v -282.527982 113.007723 25.000000
v -281.823244 113.667732 -75.000000
v -281.823244 113.667732 25.000000
v -281.164316 114.348450 -75.000000
v -281.164316 114.348450 25.000000
v -280.611581 114.977636 -75.000000
v -280.611581 114.977636 25.000000
v -280.147558 115.556393 -75.000000
v -280.147558 115.556393 25.000000
v -279.715879 116.146168 25.000000
v -279.715879 116.146168 -75.000000
v -279.317125 116.746159 25.000000
v -279.317125 116.746159 -75.000000
v -278.951837 117.355545 25.000000
v -278.951837 117.355545 -75.000000
v -278.620519 117.973499 25.000000
v -278.620519 117.973499 -75.000000
v -278.323618 118.599182 25.000000
v -278.323618 118.599182 -75.000000
v -278.086168 119.168200 25.000000
v -278.086168 119.168200 -75.000000
v -277.896795 119.684557 25.000000
v -277.896795 119.684557 -75.000000
v -277.730653 120.204458 25.000000
v -277.730653 120.204458 -75.000000
v -277.587885 120.727436 -75.000000
v -277.587885 120.727436 25.000000
v -277.468622 121.253023 25.000000
v -277.468622 121.253023 -75.000000
v -277.372972 121.780752 25.000000
v -277.372972 121.780752 -75.000000
v -277.301016 122.310152 -75.000000
v -277.301016 122.310152 25.000000
v -277.252821 122.840748 25.000000
v -277.252821 122.840748 -75.000000
v -277.228429 123.372066 -75.000000
v -277.228429 123.372066 25.000000
v -277.227865 123.903635 -75.000000
v -277.227865 123.903635 25.000000
v -277.251123 124.434977 25.000000
v -277.251123 124.434977 -75.000000
v -277.298189 124.965618 25.000000
v -277.298189 124.965618 -75.000000
v -277.369016 125.495083 -75.000000
v -277.369016 125.495083 25.000000
v -277.463544 126.022903 25.000000
v -277.463544 126.022903 -75.000000
v -277.581686 126.548603 -75.000000
v -277.581686 126.548603 25.000000
v -277.723341 127.071716 25.000000
v -277.723341 127.071716 -75.000000
v -277.888376 127.591774 -75.000000
v -277.888376 127.591774 25.000000
v -278.076646 128.108311 25.000000
v -278.076646 128.108311 -75.000000
v -278.287988 128.620869 25.000000
v -278.287988 128.620869 -75.000000
v -278.522207 129.128983 25.000000
v -278.522207 129.128983 -75.000000
v -278.779096 129.632210 25.000000
v -278.779096 129.632210 -75.000000
v -279.058424 130.130093 -75.000000
v -279.058424 130.130093 25.000000
v -279.359945 130.622189 25.000000
v -279.359945 130.622189 -75.000000
v -279.683385 131.108055 25.000000
v -279.683385 131.108055 -75.000000
v -280.028459 131.587265 -75.000000
v -280.028459 131.587265 25.000000
v -280.394861 132.059387 25.000000
v -280.394861 132.059387 -75.000000
v -280.782255 132.523998 -75.000000
v -280.782255 132.523998 25.000000
v -281.190305 132.980686 -75.000000
v -281.618639 133.429039 -75.000000
v -281.190305 132.980686 25.000000
v -281.618639 133.429039 25.000000
v -282.066881 133.868660 -75.000000
v -282.066881 133.868660 25.000000
v -282.534624 134.299156 -75.000000
v -282.534624 134.299156 25.000000
v -283.021455 134.720142 -75.000000
v -283.021455 134.720142 25.000000
v -283.526937 135.131245 25.000000
v -283.526937 135.131245 -75.000000
v -284.050619 135.532093 -75.000000
v -284.050619 135.532093 25.000000
v -284.592035 135.922329 -75.000000
v -284.592035 135.922329 25.000000
v -285.150701 136.301605 -75.000000
v -285.150701 136.301605 25.000000
v -285.921552 136.789673 -75.000000
v -285.921552 136.789673 25.000000
v -286.822832 137.313782 -75.000000
v -286.822832 137.313782 25.000000
v -287.758432 137.810436 -75.000000
v -287.758432 137.810436 25.000000
v -288.726480 138.278641 -75.000000
v -288.726480 138.278641 25.000000
v -289.725027 138.717457 25.000000
v -289.725027 138.717457 -75.000000
v -290.752065 139.125996 -75.000000
v -290.752065 139.125996 25.000000
v -291.805536 139.503445 -75.000000
v -291.805536 139.503445 25.000000
v -292.883321 139.849041 25.000000
v -292.883321 139.849041 -75.000000
v -293.983251 140.162090 -75.000000
v -293.983251 140.162090 25.000000
v -295.103120 140.441963 25.000000
v -295.103120 140.441963 -75.000000
v -296.240678 140.688099 -75.000000
v -296.240678 140.688099 25.000000
v -297.393640 140.900005 -75.000000
v -297.393640 140.900005 25.000000
v -298.559686 141.077251 -75.000000
v -298.559686 141.077251 25.000000
v -299.736475 141.219482 -75.000000
v -299.736475 141.219482 25.000000
v -300.921644 141.326416 -75.000000
v -300.921644 141.326416 25.000000
v -302.112806 141.397835 -75.000000
v -302.112806 141.397835 25.000000
v -303.307577 141.433594 -75.000000
v -303.307577 141.433594 25.000000
v -304.503549 141.433624 -75.000000
v -304.503549 141.433624 25.000000
v -305.698322 141.397923 -75.000000
v -305.698322 141.397923 25.000000
v -306.889494 141.326565 -75.000000
v -306.889494 141.326565 25.000000
v -308.074674 141.219692 -75.000000
v -308.074674 141.219692 25.000000
v -309.251478 141.077518 -75.000000
v -309.251478 141.077518 25.000000
v -310.417545 140.900330 25.000000
v -310.417545 140.900330 -75.000000
v -311.570528 140.688484 25.000000
v -311.570528 140.688484 -75.000000
v -312.708114 140.442402 -75.000000
v -312.708114 140.442402 25.000000
v -313.828016 140.162586 25.000000
v -313.828016 140.162586 -75.000000
v -314.927982 139.849590 -75.000000
v -314.927982 139.849590 25.000000
v -316.005806 139.504047 25.000000
v -316.005806 139.504047 -75.000000
v -317.059318 139.126656 25.000000
v -317.059318 139.126656 -75.000000
v -318.086404 138.718163 25.000000
v -318.086404 138.718163 -75.000000
v -319.085000 138.279400 25.000000
v -319.085000 138.279400 -75.000000
v -320.053099 137.811245 25.000000
v -320.053099 137.811245 -75.000000
v -320.988757 137.314636 25.000000
v -320.988757 137.314636 -75.000000
v -321.890092 136.790573 25.000000
v -321.890092 136.790573 -75.000000
v -322.755295 136.240108 -75.000000
v -323.582628 135.664349 -75.000000
v -322.755295 136.240108 25.000000
v -323.582628 135.664349 25.000000
v -324.370427 135.064453 25.000000
v -324.370427 135.064453 -75.000000
v -325.117109 134.441620 25.000000
v -325.117109 134.441620 -75.000000
v -325.821175 133.797108 -75.000000
v -325.821175 133.797108 25.000000
v -326.481210 133.132210 -75.000000
v -326.481210 133.132210 25.000000
v -327.036497 132.517475 -75.000000
v -327.036497 132.517475 25.000000
v -327.504094 131.951843 -75.000000
v -327.504094 131.951843 25.000000
v -327.940582 131.375271 -75.000000
v -327.940582 131.375271 25.000000
v -328.345386 130.788513 25.000000
v -328.345386 130.788513 -75.000000
v -328.717971 130.192345 25.000000
v -328.717971 130.192345 -75.000000
v -329.057848 129.587551 -75.000000
v -329.057848 129.587551 25.000000
v -329.364566 128.974934 -75.000000
v -329.364566 128.974934 25.000000
v -329.637723 128.355293 -75.000000
v -329.637723 128.355293 25.000000
v -329.854571 127.792294 -75.000000
v -329.854571 127.792294 25.000000
v -330.026048 127.281792 -75.000000
v -330.026048 127.281792 25.000000
v -330.174933 126.768150 -75.000000
v -330.174933 126.768150 25.000000
v -330.301096 126.251816 -75.000000
v -330.301096 126.251816 25.000000
v -330.404429 125.733227 -75.000000
v -330.404429 125.733227 25.000000
v -330.484841 125.212837 -75.000000
v -330.484841 125.212837 25.000000
v -330.542263 124.691097 -75.000000
v -330.542263 124.691097 25.000000
v -330.576535 124.171009 -75.000000
v -330.576535 124.171009 25.000000
v 328.271311 -23.933422 75.000000
v 300.472117 -23.933422 -75.000000
v 328.271311 -23.933422 -75.000000
v 300.472117 -23.933422 75.000000
v 298.158335 -21.730495 75.000000
v 298.155527 -21.616825 -75.000000
v 298.158335 -21.730495 -75.000000
v 298.155527 -21.616825 75.000000
v 298.166697 -21.843891 75.000000
v 298.166697 -21.843891 -75.000000
v 298.180613 -21.956738 75.000000
v 298.180613 -21.956738 -75.000000
v 298.200022 -22.068768 75.000000
v 298.200022 -22.068768 -75.000000
v 298.224985 -22.179714 75.000000
v 298.224985 -22.179714 -75.000000
v 298.255320 -22.289295 -75.000000
v 298.255320 -22.289295 75.000000
v 298.290964 -22.397259 -75.000000
v 298.290964 -22.397259 75.000000
v 298.331858 -22.503345 75.000000
v 298.331858 -22.503345 -75.000000
v 298.377940 -22.607296 -75.000000
v 298.377940 -22.607296 75.000000
v 298.429087 -22.708858 75.000000
v 298.429087 -22.708858 -75.000000
v 298.485117 -22.807796 75.000000
v 298.485117 -22.807796 -75.000000
v 298.545969 -22.903858 75.000000
v 298.545969 -22.903858 -75.000000
v 298.611399 -22.996822 75.000000
v 298.611399 -22.996822 -75.000000
v 298.681406 -23.086460 75.000000
v 298.681406 -23.086460 -75.000000
v 298.755625 -23.172558 75.000000
v 298.755625 -23.172558 -75.000000
v 298.834055 -23.254910 75.000000
v 298.834055 -23.254910 -75.000000
v 298.916392 -23.333309 -75.000000
v 298.916392 -23.333309 75.000000
v 299.002512 -23.407581 75.000000
v 299.002512 -23.407581 -75.000000
v 299.092112 -23.477535 75.000000
v 299.092112 -23.477535 -75.000000
v 299.185130 -23.543003 -75.000000
v 299.185130 -23.543003 75.000000
v 299.281138 -23.603840 75.000000
v 299.281138 -23.603840 -75.000000
v 299.380076 -23.659878 -75.000000
v 299.380076 -23.659878 75.000000
v 299.481638 -23.711002 75.000000
v 299.481638 -23.711002 -75.000000
v 299.585642 -23.757084 75.000000
v 299.585642 -23.757084 -75.000000
v 299.691721 -23.798000 75.000000
v 299.691721 -23.798000 -75.000000
v 299.799693 -23.833668 75.000000
v 299.799693 -23.833668 -75.000000
v 299.909251 -23.863995 75.000000
v 299.909251 -23.863995 -75.000000
v 300.020213 -23.888912 -75.000000
v 300.020213 -23.888912 75.000000
v 300.132212 -23.908352 -75.000000
v 300.132212 -23.908352 75.000000
v 300.245066 -23.922268 75.000000
v 300.245066 -23.922268 -75.000000
v 300.358469 -23.930630 -75.000000
v 300.358469 -23.930630 75.000000
v 298.155527 -5.400623 -75.000000
v 298.155527 -5.400623 75.000000
v 300.358469 -3.086811 75.000000
v 300.472117 -3.084026 -75.000000
v 300.358469 -3.086811 -75.000000
v 300.472117 -3.084026 75.000000
v 300.245066 -3.095181 75.000000
v 300.245066 -3.095181 -75.000000
v 300.132212 -3.109097 75.000000
v 300.132212 -3.109097 -75.000000
v 300.020213 -3.128536 75.000000
v 300.020213 -3.128536 -75.000000
v 299.909251 -3.153446 75.000000
v 299.909251 -3.153446 -75.000000
v 299.799693 -3.183773 -75.000000
v 299.799693 -3.183773 75.000000
v 299.691721 -3.219440 -75.000000
v 299.691721 -3.219440 75.000000
v 299.585642 -3.260365 75.000000
v 299.585642 -3.260365 -75.000000
v 299.481638 -3.306438 -75.000000
v 299.481638 -3.306438 75.000000
v 299.380076 -3.357563 75.000000
v 299.380076 -3.357563 -75.000000
v 299.281138 -3.413609 75.000000
v 299.281138 -3.413609 -75.000000
v 299.185130 -3.474438 75.000000
v 299.185130 -3.474438 -75.000000
v 299.092112 -3.539913 75.000000
v 299.092112 -3.539913 -75.000000
v 299.002512 -3.609867 75.000000
v 299.002512 -3.609867 -75.000000
v 298.916392 -3.684132 75.000000
v 298.916392 -3.684132 -75.000000
v 298.834055 -3.762539 75.000000
v 298.834055 -3.762539 -75.000000
v 298.755625 -3.844891 -75.000000
v 298.755625 -3.844891 75.000000
v 298.681406 -3.930988 75.000000
v 298.681406 -3.930988 -75.000000
v 298.611399 -4.020626 75.000000
v 298.611399 -4.020626 -75.000000
v 298.545969 -4.113590 -75.000000
v 298.545969 -4.113590 75.000000
v 298.485117 -4.209652 75.000000
v 298.485117 -4.209652 -75.000000
v 298.429087 -4.308582 -75.000000
v 298.429087 -4.308582 75.000000
v 298.377940 -4.410145 75.000000
v 298.377940 -4.410145 -75.000000
v 298.331858 -4.514095 75.000000
v 298.331858 -4.514095 -75.000000
v 298.290964 -4.620182 75.000000
v 298.290964 -4.620182 -75.000000
v 298.255320 -4.728146 75.000000
v 298.255320 -4.728146 -75.000000
v 298.224985 -4.837734 75.000000
v 298.224985 -4.837734 -75.000000
v 298.200022 -4.948673 -75.000000
v 298.200022 -4.948673 75.000000
v 298.180613 -5.060703 -75.000000
v 298.180613 -5.060703 75.000000
v 298.166697 -5.173557 75.000000
v 298.166697 -5.173557 -75.000000
v 298.158335 -5.286953 -75.000000
v 298.158335 -5.286953 75.000000
v 328.271311 -3.084026 -75.000000
v 328.271311 -3.084026 75.000000
v 330.585154 -5.286953 75.000000
v 330.587962 -5.400623 -75.000000
v 330.585154 -5.286953 -75.000000
v 330.587962 -5.400623 75.000000
v 330.576792 -5.173557 75.000000
v 330.576792 -5.173557 -75.000000
v 330.562876 -5.060703 75.000000
v 330.562876 -5.060703 -75.000000
v 330.543406 -4.948673 75.000000
v 330.543406 -4.948673 -75.000000
v 330.518504 -4.837734 75.000000
v 330.518504 -4.837734 -75.000000
v 330.488169 -4.728146 -75.000000
v 330.488169 -4.728146 75.000000
v 330.452525 -4.620182 -75.000000
v 330.452525 -4.620182 75.000000
v 330.411570 -4.514095 75.000000
v 330.411570 -4.514095 -75.000000
v 330.365549 -4.410145 -75.000000
v 330.365549 -4.410145 75.000000
v 330.314402 -4.308582 75.000000
v 330.314402 -4.308582 -75.000000
v 330.258372 -4.209652 75.000000
v 330.258372 -4.209652 -75.000000
v 330.197520 -4.113590 75.000000
v 330.197520 -4.113590 -75.000000
v 330.132029 -4.020626 75.000000
v 330.132029 -4.020626 -75.000000
v 330.062083 -3.930988 75.000000
v 330.062083 -3.930988 -75.000000
v 329.987803 -3.844891 75.000000
v 329.987803 -3.844891 -75.000000
v 329.909434 -3.762539 75.000000
v 329.909434 -3.762539 -75.000000
v 329.827097 -3.684132 -75.000000
v 329.827097 -3.684132 75.000000
v 329.740977 -3.609867 75.000000
v 329.740977 -3.609867 -75.000000
v 329.651316 -3.539913 75.000000
v 329.651316 -3.539913 -75.000000
v 329.558359 -3.474438 -75.000000
v 329.558359 -3.474438 75.000000
v 329.462290 -3.413609 75.000000
v 329.462290 -3.413609 -75.000000
v 329.363352 -3.357563 -75.000000
v 329.363352 -3.357563 75.000000
v 329.261790 -3.306438 75.000000
v 329.261790 -3.306438 -75.000000
v 329.157847 -3.260365 75.000000
v 329.157847 -3.260365 -75.000000
v 329.051768 -3.219440 75.000000
v 329.051768 -3.219440 -75.000000
v 328.943797 -3.183773 75.000000
v 328.943797 -3.183773 -75.000000
v 328.834238 -3.153446 75.000000
v 328.834238 -3.153446 -75.000000
v 328.723276 -3.128536 -75.000000
v 328.723276 -3.128536 75.000000
v 328.611277 -3.109097 -75.000000
v 328.611277 -3.109097 75.000000
v 328.498423 -3.095181 75.000000
v 328.498423 -3.095181 -75.000000
v 328.385020 -3.086811 -75.000000
v 328.385020 -3.086811 75.000000
v 330.587962 -21.616825 -75.000000
v 330.587962 -21.616825 75.000000
v 328.385020 -23.930630 75.000000
v 328.385020 -23.930630 -75.000000
v 328.498423 -23.922268 75.000000
v 328.498423 -23.922268 -75.000000
v 328.611277 -23.908352 75.000000
v 328.611277 -23.908352 -75.000000
v 328.723276 -23.888912 75.000000
v 328.723276 -23.888912 -75.000000
v 328.834238 -23.863995 75.000000
v 328.834238 -23.863995 -75.000000
v 328.943797 -23.833668 -75.000000
v 328.943797 -23.833668 75.000000
v 329.051768 -23.798000 -75.000000
v 329.051768 -23.798000 75.000000
v 329.157847 -23.757084 75.000000
v 329.157847 -23.757084 -75.000000
v 329.261790 -23.711002 -75.000000
v 329.261790 -23.711002 75.000000
v 329.363352 -23.659878 75.000000
v 329.363352 -23.659878 -75.000000
v 329.462290 -23.603840 75.000000
v 329.462290 -23.603840 -75.000000
v 329.558359 -23.543003 75.000000
v 329.558359 -23.543003 -75.000000
v 329.651316 -23.477535 75.000000
v 329.651316 -23.477535 -75.000000
v 329.740977 -23.407581 75.000000
v 329.740977 -23.407581 -75.000000
v 329.827097 -23.333309 75.000000
v 329.827097 -23.333309 -75.000000
v 329.909434 -23.254910 75.000000
v 329.909434 -23.254910 -75.000000
v 329.987803 -23.172558 -75.000000
v 329.987803 -23.172558 75.000000
v 330.062083 -23.086460 75.000000
v 330.062083 -23.086460 -75.000000
v 330.132029 -22.996822 75.000000
v 330.132029 -22.996822 -75.000000
v 330.197520 -22.903858 -75.000000
v 330.197520 -22.903858 75.000000
v 330.258372 -22.807796 75.000000
v 330.258372 -22.807796 -75.000000
v 330.314402 -22.708858 -75.000000
v 330.314402 -22.708858 75.000000
v 330.365549 -22.607296 75.000000
v 330.365549 -22.607296 -75.000000
v 330.411570 -22.503345 75.000000
v 330.411570 -22.503345 -75.000000
v 330.452525 -22.397259 75.000000
v 330.452525 -22.397259 -75.000000
v 330.488169 -22.289295 75.000000
v 330.488169 -22.289295 -75.000000
v 330.518504 -22.179714 75.000000
v 330.518504 -22.179714 -75.000000
v 330.543406 -22.068768 -75.000000
v 330.543406 -22.068768 75.000000
v 330.562876 -21.956738 -75.000000
v 330.562876 -21.956738 75.000000
v 330.576792 -21.843891 75.000000
v 330.576792 -21.843891 -75.000000
v 330.585154 -21.730495 -75.000000
v 330.585154 -21.730495 75.000000
v 102.524302 31.211384 75.000000
v 102.499247 32.216278 75.000000
v 102.499247 32.216278 -75.000000
v 102.524302 31.211384 -75.000000
v 102.599406 30.208988 75.000000
v 102.599406 30.208988 -75.000000
v 102.724406 29.211586 75.000000
v 102.724406 29.211586 -75.000000
v 102.898966 28.221653 -75.000000
v 102.898966 28.221653 75.000000
v 103.122630 27.241650 75.000000
v 103.122630 27.241650 -75.000000
v 103.394877 26.274014 75.000000
v 103.394877 26.274014 -75.000000
v 103.715037 25.321148 -75.000000
v 103.715037 25.321148 75.000000
v 104.082285 24.385433 75.000000
v 104.082285 24.385433 -75.000000
v 104.495707 23.469181 75.000000
v 104.495707 23.469181 -75.000000
v 104.954295 22.574680 75.000000
v 104.954295 22.574680 -75.000000
v 105.456889 21.704144 75.000000
v 105.456889 21.704144 -75.000000
v 106.002268 20.859745 75.000000
v 106.002268 20.859745 -75.000000
v 106.589060 20.043583 -75.000000
v 106.589060 20.043583 75.000000
v 107.215769 19.257679 -75.000000
v 107.215769 19.257679 75.000000
v 107.880900 18.503994 -75.000000
v 107.880900 18.503994 75.000000
v 108.582774 17.784405 75.000000
v 108.582774 17.784405 -75.000000
v 109.319651 17.100689 75.000000
v 109.319651 17.100689 -75.000000
v 110.089671 16.454556 -75.000000
v 110.089671 16.454556 75.000000
v 110.890971 15.847607 -75.000000
v 110.890971 15.847607 75.000000
v 111.721506 15.281353 75.000000
v 111.721506 15.281353 -75.000000
v 112.579234 14.757206 75.000000
v 112.579234 14.757206 -75.000000
v 113.462046 14.276463 -75.000000
v 113.462046 14.276463 75.000000
v 114.367686 13.840321 75.000000
v 114.367686 13.840321 -75.000000
v 115.293955 13.449863 75.000000
v 115.293955 13.449863 -75.000000
v 116.238535 13.106060 -75.000000
v 116.238535 13.106060 75.000000
v 117.199107 12.809772 75.000000
v 117.199107 12.809772 -75.000000
v 118.173228 12.561733 75.000000
v 118.173228 12.561733 -75.000000
v 119.158488 12.362553 75.000000
v 119.158488 12.362553 -75.000000
v 120.152476 12.212734 75.000000
v 120.152476 12.212734 -75.000000
v 121.152689 12.112652 75.000000
v 121.152689 12.112652 -75.000000
v 122.156626 12.062542 75.000000
v 122.156626 12.062542 -75.000000
v 123.161845 12.062542 -75.000000
v 123.161845 12.062542 75.000000
v 124.165812 12.112652 -75.000000
v 124.165812 12.112652 75.000000
v 125.165995 12.212734 75.000000
v 125.165995 12.212734 -75.000000
v 126.159983 12.362553 -75.000000
v 126.159983 12.362553 75.000000
v 127.145274 12.561733 75.000000
v 127.145274 12.561733 -75.000000
v 128.119395 12.809772 -75.000000
v 128.119395 12.809772 75.000000
v 129.079935 13.106060 75.000000
v 129.079935 13.106060 -75.000000
v 130.024516 13.449863 75.000000
v 130.024516 13.449863 -75.000000
v 130.950785 13.840321 75.000000
v 130.950785 13.840321 -75.000000
v 131.856455 14.276463 75.000000
v 131.856455 14.276463 -75.000000
v 132.739237 14.757206 75.000000
v 132.739237 14.757206 -75.000000
v 133.596964 15.281353 -75.000000
v 133.596964 15.281353 75.000000
v 134.427500 15.847607 -75.000000
v 134.427500 15.847607 75.000000
v 135.228800 16.454556 75.000000
v 135.228800 16.454556 -75.000000
v 135.998820 17.100689 75.000000
v 135.998820 17.100689 -75.000000
v 136.735697 17.784405 75.000000
v 136.735697 17.784405 -75.000000
v 137.437571 18.503994 75.000000
v 137.437571 18.503994 -75.000000
v 138.102702 19.257679 -75.000000
v 138.102702 19.257679 75.000000
v 138.729441 20.043583 -75.000000
v 138.729441 20.043583 75.000000
v 139.316203 20.859745 75.000000
v 139.316203 20.859745 -75.000000
v 139.861582 21.704144 75.000000
v 139.861582 21.704144 -75.000000
v 140.364176 22.574680 -75.000000
v 140.364176 22.574680 75.000000
v 140.822764 23.469181 75.000000
v 140.822764 23.469181 -75.000000
v 141.236185 24.385433 75.000000
v 141.236185 24.385433 -75.000000
v 141.603434 25.321148 -75.000000
v 141.603434 25.321148 75.000000
v 141.923594 26.274014 75.000000
v 141.923594 26.274014 -75.000000
v 142.195841 27.241650 75.000000
v 142.195841 27.241650 -75.000000
v 142.419505 28.221653 -75.000000
v 142.419505 28.221653 75.000000
v 142.594065 29.211586 -75.000000
v 142.594065 29.211586 75.000000
v 142.719065 30.208988 75.000000
v 142.719065 30.208988 -75.000000
v 142.794169 31.211384 75.000000
v 142.794169 31.211384 -75.000000
v 142.819224 32.216278 -75.000000
v 142.819224 32.216278 75.000000
v 142.794169 33.221169 75.000000
v 142.794169 33.221169 -75.000000
v 142.719065 34.223564 -75.000000
v 142.719065 34.223564 75.000000
v 142.594065 35.220970 75.000000
v 142.594065 35.220970 -75.000000
v 142.419505 36.210903 75.000000
v 142.419505 36.210903 -75.000000
v 142.195841 37.190907 75.000000
v 142.195841 37.190907 -75.000000
v 141.923594 38.158543 -75.000000
v 141.923594 38.158543 75.000000
v 141.603434 39.111404 75.000000
v 141.603434 39.111404 -75.000000
v 141.236185 40.047123 75.000000
v 141.236185 40.047123 -75.000000
v 140.822764 40.963375 75.000000
v 140.822764 40.963375 -75.000000
v 140.364176 41.857876 -75.000000
v 140.364176 41.857876 75.000000
v 139.861582 42.728413 75.000000
v 139.861582 42.728413 -75.000000
v 139.316203 43.572811 75.000000
v 139.316203 43.572811 -75.000000
v 138.729441 44.388973 -75.000000
v 138.729441 44.388973 75.000000
v 138.102702 45.174877 -75.000000
v 138.102702 45.174877 75.000000
v 137.437571 45.928558 75.000000
v 137.437571 45.928558 -75.000000
v 136.735697 46.648151 75.000000
v 136.735697 46.648151 -75.000000
v 135.998820 47.331867 75.000000
v 135.998820 47.331867 -75.000000
v 135.228800 47.978001 75.000000
v 135.228800 47.978001 -75.000000
v 134.427500 48.584946 -75.000000
v 134.427500 48.584946 75.000000
v 133.596964 49.151199 75.000000
v 133.596964 49.151199 -75.000000
v 132.739237 49.675350 -75.000000
v 132.739237 49.675350 75.000000
v 131.856455 50.156094 -75.000000
v 131.856455 50.156094 75.000000
v 130.950785 50.592236 75.000000
v 130.950785 50.592236 -75.000000
v 130.024516 50.982693 -75.000000
v 130.024516 50.982693 75.000000
v 129.079935 51.326492 75.000000
v 129.079935 51.326492 -75.000000
v 128.119395 51.622784 75.000000
v 128.119395 51.622784 -75.000000
v 127.145274 51.870823 -75.000000
v 127.145274 51.870823 75.000000
v 126.159983 52.070004 75.000000
v 126.159983 52.070004 -75.000000
v 125.165995 52.219818 -75.000000
v 125.165995 52.219818 75.000000
v 124.165812 52.319904 75.000000
v 124.165812 52.319904 -75.000000
v 123.161845 52.370010 -75.000000
v 123.161845 52.370010 75.000000
v 122.156626 52.370010 75.000000
v 122.156626 52.370010 -75.000000
v 121.152689 52.319904 75.000000
v 121.152689 52.319904 -75.000000
v 120.152476 52.219818 -75.000000
v 120.152476 52.219818 75.000000
v 119.158488 52.070004 75.000000
v 119.158488 52.070004 -75.000000
v 118.173228 51.870823 75.000000
v 118.173228 51.870823 -75.000000
v 117.199107 51.622784 -75.000000
v 117.199107 51.622784 75.000000
v 116.238535 51.326492 75.000000
v 116.238535 51.326492 -75.000000
v 115.293955 50.982693 75.000000
v 115.293955 50.982693 -75.000000
v 114.367686 50.592236 75.000000
v 114.367686 50.592236 -75.000000
v 113.462046 50.156094 75.000000
v 113.462046 50.156094 -75.000000
v 112.579234 49.675350 75.000000
v 112.579234 49.675350 -75.000000
v 111.721506 49.151199 75.000000
v 111.721506 49.151199 -75.000000
v 110.890971 48.584946 75.000000
v 110.890971 48.584946 -75.000000
v 110.089671 47.978001 75.000000
v 110.089671 47.978001 -75.000000
v 109.319651 47.331867 75.000000
v 109.319651 47.331867 -75.000000
v 108.582774 46.648151 75.000000
v 108.582774 46.648151 -75.000000
v 107.880900 45.928558 75.000000
v 107.880900 45.928558 -75.000000
v 107.215769 45.174877 75.000000
v 107.215769 45.174877 -75.000000
v 106.589060 44.388973 75.000000
v 106.589060 44.388973 -75.000000
v 106.002268 43.572811 75.000000
v 106.002268 43.572811 -75.000000
v 105.456889 42.728413 75.000000
v 105.456889 42.728413 -75.000000
v 104.954295 41.857876 75.000000
v 104.954295 41.857876 -75.000000
v 104.495707 40.963375 75.000000
v 104.495707 40.963375 -75.000000
v 104.082285 40.047123 75.000000
v 104.082285 40.047123 -75.000000
v 103.715037 39.111404 75.000000
v 103.715037 39.111404 -75.000000
v 103.394877 38.158543 75.000000
v 103.394877 38.158543 -75.000000
v 103.122630 37.190907 75.000000
v 103.122630 37.190907 -75.000000
v 102.898966 36.210903 75.000000
v 102.898966 36.210903 -75.000000
v 102.724406 35.220970 75.000000
v 102.724406 35.220970 -75.000000
v 102.599406 34.223564 75.000000
v 102.599406 34.223564 -75.000000
v 102.524302 33.221169 -75.000000
v 102.524302 33.221169 75.000000
v -219.119001 -123.043003 75.000000
v -219.119001 -123.043003 -75.000000
v -219.274786 -122.958179 -75.000000
v -219.274786 -122.958179 75.000000
v -219.434599 -122.881214 75.000000
v -219.434599 -122.881214 -75.000000
v -219.598051 -122.812305 75.000000
v -219.598051 -122.812305 -75.000000
v -219.764738 -122.751637 75.000000
v -219.764738 -122.751637 -75.000000
v -219.934240 -122.699360 75.000000
v -219.934240 -122.699360 -75.000000
v -220.106138 -122.655582 -75.000000
v -220.106138 -122.655582 75.000000
v -220.280004 -122.620441 75.000000
v -220.280004 -122.620441 -75.000000
v -220.455404 -122.593998 75.000000
v -220.455404 -122.593998 -75.000000
v -220.631910 -122.576344 75.000000
v -220.631910 -122.576344 -75.000000
v -220.809072 -122.567493 75.000000
v -220.809072 -122.567493 -75.000000
v -220.986456 -122.567493 75.000000
v -220.986456 -122.567493 -75.000000
v -221.163618 -122.576344 75.000000
v -221.163618 -122.576344 -75.000000
v -221.340116 -122.593998 75.000000
v -221.340116 -122.593998 -75.000000
v -221.515516 -122.620441 75.000000
v -221.515516 -122.620441 -75.000000
v -221.689382 -122.655582 75.000000
v -221.689382 -122.655582 -75.000000
v -221.861280 -122.699360 -75.000000
v -221.861280 -122.699360 75.000000
v -222.030782 -122.751637 75.000000
v -222.030782 -122.751637 -75.000000
v -222.197469 -122.812305 75.000000
v -222.197469 -122.812305 -75.000000
v -222.360922 -122.881214 75.000000
v -222.360922 -122.881214 -75.000000
v -222.520742 -122.958179 75.000000
v -222.520742 -122.958179 -75.000000
v -222.676519 -123.043003 75.000000
v -222.676519 -123.043003 -75.000000
v -200.083242 -134.033314 -75.000000
v -200.083242 -134.033314 75.000000
v -198.308904 -136.936893 75.000000
v -198.304479 -137.114216 -75.000000
v -198.308904 -136.936893 -75.000000
v -198.304479 -137.114216 75.000000
v -198.322149 -136.759998 75.000000
v -198.322149 -136.759998 -75.000000
v -198.344213 -136.584003 75.000000
v -198.344213 -136.584003 -75.000000
v -198.375005 -136.409306 75.000000
v -198.375005 -136.409306 -75.000000
v -198.414480 -136.236378 75.000000
v -198.414480 -136.236378 -75.000000
v -198.462530 -136.065617 75.000000
v -198.462530 -136.065617 -75.000000
v -198.519018 -135.897480 75.000000
v -198.519018 -135.897480 -75.000000
v -198.583822 -135.732349 75.000000
v -198.583822 -135.732349 -75.000000
v -198.656774 -135.570667 75.000000
v -198.656774 -135.570667 -75.000000
v -198.737707 -135.412815 75.000000
v -198.737707 -135.412815 -75.000000
v -198.826391 -135.259205 75.000000
v -198.826391 -135.259205 -75.000000
v -198.922628 -135.110203 75.000000
v -198.922628 -135.110203 -75.000000
v -199.026174 -134.966175 75.000000
v -199.026174 -134.966175 -75.000000
v -199.136770 -134.827488 75.000000
v -199.136770 -134.827488 -75.000000
v -199.254156 -134.694492 75.000000
v -199.254156 -134.694492 -75.000000
v -199.378011 -134.567509 75.000000
v -199.378011 -134.567509 -75.000000
v -199.508031 -134.446857 75.000000
v -199.508031 -134.446857 -75.000000
v -199.643911 -134.332844 75.000000
v -199.643911 -134.332844 -75.000000
v -199.785314 -134.225727 75.000000
v -199.785314 -134.225727 -75.000000
v -199.931875 -134.125813 75.000000
v -199.931875 -134.125813 -75.000000
v -198.304479 -159.094822 75.000000
v -198.304479 -159.094822 -75.000000
v -199.931875 -162.083241 75.000000
v -200.083242 -162.175724 -75.000000
v -199.931875 -162.083241 -75.000000
v -200.083242 -162.175724 75.000000
v -199.785314 -161.983311 75.000000
v -199.785314 -161.983311 -75.000000
v -199.643911 -161.876209 75.000000
v -199.643911 -161.876209 -75.000000
v -199.508031 -161.762196 75.000000
v -199.508031 -161.762196 -75.000000
v -199.378011 -161.641544 75.000000
v -199.378011 -161.641544 -75.000000
v -199.254156 -161.514561 75.000000
v -199.254156 -161.514561 -75.000000
v -199.136770 -161.381550 75.000000
v -199.136770 -161.381550 -75.000000
v -199.026174 -161.242878 75.000000
v -199.026174 -161.242878 -75.000000
v -198.922628 -161.098850 -75.000000
v -198.922628 -161.098850 75.000000
v -198.826391 -160.949848 75.000000
v -198.826391 -160.949848 -75.000000
v -198.737707 -160.796223 75.000000
v -198.737707 -160.796223 -75.000000
v -198.656774 -160.638371 75.000000
v -198.656774 -160.638371 -75.000000
v -198.583822 -160.476688 75.000000
v -198.583822 -160.476688 -75.000000
v -198.519018 -160.311573 75.000000
v -198.519018 -160.311573 -75.000000
v -198.462530 -160.143421 75.000000
v -198.462530 -160.143421 -75.000000
v -198.414480 -159.972675 75.000000
v -198.414480 -159.972675 -75.000000
v -198.375005 -159.799732 75.000000
v -198.375005 -159.799732 -75.000000
v -198.344213 -159.625050 -75.000000
v -198.344213 -159.625050 75.000000
v -198.322149 -159.449039 75.000000
v -198.322149 -159.449039 -75.000000
v -198.308904 -159.272160 -75.000000
v -198.308904 -159.272160 75.000000
v -219.119001 -173.166035 -75.000000
v -219.119001 -173.166035 75.000000
v -222.520742 -173.250874 75.000000
v -222.676519 -173.166035 -75.000000
v -222.520742 -173.250874 -75.000000
v -222.360922 -173.327839 -75.000000
v -222.676519 -173.166035 75.000000
v -222.360922 -173.327839 75.000000
v -222.197469 -173.396748 -75.000000
v -222.197469 -173.396748 75.000000
v -222.030782 -173.457417 75.000000
v -222.030782 -173.457417 -75.000000
v -221.861280 -173.509693 75.000000
v -221.861280 -173.509693 -75.000000
v -221.689382 -173.553455 75.000000
v -221.689382 -173.553455 -75.000000
v -221.515516 -173.588612 75.000000
v -221.515516 -173.588612 -75.000000
v -221.340116 -173.615040 -75.000000
v -221.340116 -173.615040 75.000000
v -221.163618 -173.632710 75.000000
v -221.163618 -173.632710 -75.000000
v -220.986456 -173.641560 -75.000000
v -220.986456 -173.641560 75.000000
v -220.809072 -173.641560 75.000000
v -220.809072 -173.641560 -75.000000
v -220.631910 -173.632710 75.000000
v -220.631910 -173.632710 -75.000000
v -220.455404 -173.615040 75.000000
v -220.455404 -173.615040 -75.000000
v -220.280004 -173.588612 75.000000
v -220.280004 -173.588612 -75.000000
v -220.106138 -173.553455 75.000000
v -220.106138 -173.553455 -75.000000
v -219.934240 -173.509693 75.000000
v -219.934240 -173.509693 -75.000000
v -219.764738 -173.457417 75.000000
v -219.764738 -173.457417 -75.000000
v -219.598051 -173.396748 -75.000000
v -219.598051 -173.396748 75.000000
v -219.434599 -173.327839 75.000000
v -219.434599 -173.327839 -75.000000
v -219.274786 -173.250874 75.000000
v -219.274786 -173.250874 -75.000000
v -241.712286 -162.175724 -75.000000
v -241.712286 -162.175724 75.000000
v -243.486623 -159.272160 75.000000
v -243.491048 -159.094822 -75.000000
v -243.486623 -159.272160 -75.000000
v -243.491048 -159.094822 75.000000
v -243.473371 -159.449039 75.000000
v -243.473371 -159.449039 -75.000000
v -243.451315 -159.625050 75.000000
v -243.451315 -159.625050 -75.000000
v -243.420515 -159.799732 75.000000
v -243.420515 -159.799732 -75.000000
v -243.381040 -159.972675 75.000000
v -243.381040 -159.972675 -75.000000
v -243.332998 -160.143421 75.000000
v -243.332998 -160.143421 -75.000000
v -243.276502 -160.311573 75.000000
v -243.276502 -160.311573 -75.000000
v -243.211698 -160.476688 75.000000
v -243.211698 -160.476688 -75.000000
v -243.138746 -160.638371 75.000000
v -243.138746 -160.638371 -75.000000
v -243.057821 -160.796223 75.000000
v -243.057821 -160.796223 -75.000000
v -242.969129 -160.949848 75.000000
v -242.969129 -160.949848 -75.000000
v -242.872892 -161.098850 75.000000
v -242.872892 -161.098850 -75.000000
v -242.769346 -161.242878 75.000000
v -242.769346 -161.242878 -75.000000
v -242.658750 -161.381550 75.000000
v -242.658750 -161.381550 -75.000000
v -242.541372 -161.514561 75.000000
v -242.541372 -161.514561 -75.000000
v -242.417516 -161.641544 75.000000
v -242.417516 -161.641544 -75.000000
v -242.287489 -161.762196 75.000000
v -242.287489 -161.762196 -75.000000
v -242.151609 -161.876209 75.000000
v -242.151609 -161.876209 -75.000000
v -242.010206 -161.983311 75.000000
v -242.010206 -161.983311 -75.000000
v -241.863645 -162.083241 75.000000
v -241.863645 -162.083241 -75.000000
v -243.491048 -137.114216 75.000000
v -243.491048 -137.114216 -75.000000
v -241.863645 -134.125813 75.000000
v -241.712286 -134.033314 -75.000000
v -241.863645 -134.125813 -75.000000
v -241.712286 -134.033314 75.000000
v -242.010206 -134.225727 75.000000
v -242.010206 -134.225727 -75.000000
v -242.151609 -134.332844 75.000000
v -242.151609 -134.332844 -75.000000
v -242.287489 -134.446857 75.000000
v -242.287489 -134.446857 -75.000000
v -242.417516 -134.567509 75.000000
v -242.417516 -134.567509 -75.000000
v -242.541372 -134.694492 75.000000
v -242.541372 -134.694492 -75.000000
v -242.658750 -134.827488 75.000000
v -242.658750 -134.827488 -75.000000
v -242.769346 -134.966175 75.000000
v -242.769346 -134.966175 -75.000000
v -242.872892 -135.110203 -75.000000
v -242.872892 -135.110203 75.000000
v -242.969129 -135.259205 75.000000
v -242.969129 -135.259205 -75.000000
v -243.057821 -135.412815 75.000000
v -243.057821 -135.412815 -75.000000
v -243.138746 -135.570667 75.000000
v -243.138746 -135.570667 -75.000000
v -243.211698 -135.732349 75.000000
v -243.211698 -135.732349 -75.000000
v -243.276502 -135.897480 75.000000
v -243.276502 -135.897480 -75.000000
v -243.332998 -136.065617 75.000000
v -243.332998 -136.065617 -75.000000
v -243.381040 -136.236378 75.000000
v -243.381040 -136.236378 -75.000000
v -243.420515 -136.409306 75.000000
v -243.420515 -136.409306 -75.000000
v -243.451315 -136.584003 -75.000000
v -243.451315 -136.584003 75.000000
v -243.473371 -136.759998 75.000000
v -243.473371 -136.759998 -75.000000
v -243.486623 -136.936893 -75.000000
v -243.486623 -136.936893 75.000000

usemtl mat8
f 1 2 3
f 1 4 2
f 5 3 6
f 5 1 3
f 7 8 4
f 7 4 1
f 9 6 10
f 9 5 6
f 11 8 7
f 11 12 8
f 11 13 12
f 14 15 16
f 14 10 15
f 14 9 10
f 17 13 11
f 17 18 13
f 19 16 20
f 19 14 16
f 21 22 18
f 21 23 22
f 21 18 17
f 24 20 25
f 24 19 20
f 26 27 23
f 26 23 21
f 28 25 29
f 28 24 25
f 30 31 27
f 30 32 31
f 30 27 26
f 33 34 35
f 33 29 34
f 33 28 29
f 36 37 32
f 36 32 30
f 38 35 39
f 38 33 35
f 40 41 37
f 40 42 41
f 40 37 36
f 43 39 44
f 43 38 39
f 45 42 40
f 46 44 47
f 46 43 44
f 48 42 45
f 49 47 50
f 49 46 47
f 51 42 48
f 52 50 53
f 52 49 50
f 54 42 51
f 55 53 56
f 55 52 53
f 57 42 54
f 58 42 57
f 59 42 58
f 60 61 42
f 60 42 59
f 62 61 60
f 63 61 62
f 64 61 63
f 65 61 64
f 66 61 65
f 67 61 66
f 68 61 67
f 69 70 71
f 69 61 68
f 69 71 61
f 72 73 70
f 72 70 69
f 74 75 73
f 74 76 75
f 74 73 72
f 77 78 76
f 77 76 74
f 79 80 78
f 79 81 80
f 79 78 77
f 82 83 81
f 82 81 79
f 84 85 83
f 84 86 85
f 84 83 82
f 87 88 86
f 87 86 84
f 89 90 88
f 89 91 90
f 89 88 87
f 92 93 91
f 92 91 89
f 94 95 93
f 94 93 92
f 96 95 94
f 96 97 95
f 96 98 97
f 99 98 96
f 100 101 102
f 102 101 103
f 102 103 104
f 104 103 56
f 56 103 105
f 56 105 55
f 106 107 108
f 106 108 109
f 109 108 110
f 109 110 111
f 109 111 112
f 109 112 113
f 113 112 114
f 113 114 115
f 113 115 116
f 116 115 117
f 116 117 118
f 116 118 119
f 119 118 120
f 119 120 121
f 119 121 122
f 119 122 123
f 123 122 124
f 123 124 125
f 123 125 126
f 126 125 98
f 126 98 127
f 127 98 128
f 128 98 129
f 129 98 130
f 130 98 131
f 131 98 99
f 132 100 102
f 132 133 100
f 134 102 104
f 134 104 56
f 134 132 102
f 135 134 56
f 136 56 53
f 136 135 56
f 137 53 50
f 137 136 53
f 138 50 47
f 138 137 50
f 139 47 44
f 139 138 47
f 140 44 39
f 140 39 35
f 140 139 44
f 141 140 35
f 142 35 34
f 142 34 29
f 142 141 35
f 143 29 25
f 143 142 29
f 144 143 25
f 145 25 20
f 145 20 16
f 145 144 25
f 146 16 15
f 146 145 16
f 147 146 15
f 148 15 10
f 148 147 15
f 149 10 6
f 149 148 10
f 150 6 3
f 150 3 2
f 150 149 6
f 151 150 2
f 152 2 4
f 152 151 2
f 153 4 8
f 153 152 4
f 154 8 12
f 154 12 13
f 154 153 8
f 155 154 13
f 156 155 13
f 156 13 18
f 157 18 22
f 157 156 18
f 158 22 23
f 158 157 22
f 159 23 27
f 159 158 23
f 160 27 31
f 160 31 32
f 160 159 27
f 161 160 32
f 162 32 37
f 162 161 32
f 163 37 41
f 163 162 37
f 164 41 42
f 164 163 41
f 100 165 166
f 101 100 166
f 133 167 100
f 167 165 100
f 168 169 170
f 168 171 169
f 172 170 173
f 172 173 174
f 172 168 170
f 175 172 174
f 176 174 177
f 176 175 174
f 178 177 179
f 178 176 177
f 180 179 181
f 180 178 179
f 182 181 183
f 182 180 181
f 184 183 185
f 184 185 186
f 184 182 183
f 187 184 186
f 188 186 189
f 188 189 190
f 188 187 186
f 191 190 192
f 191 188 190
f 193 191 192
f 194 192 195
f 194 195 196
f 194 193 192
f 197 196 198
f 197 194 196
f 199 197 198
f 200 198 201
f 200 199 198
f 202 201 203
f 202 200 201
f 204 203 205
f 204 205 206
f 204 202 203
f 207 204 206
f 208 206 209
f 208 207 206
f 210 209 211
f 210 208 209
f 212 211 213
f 212 213 214
f 212 210 211
f 215 212 214
f 216 215 214
f 216 214 217
f 218 217 219
f 218 216 217
f 220 219 221
f 220 218 219
f 222 221 223
f 222 220 221
f 224 223 225
f 224 225 226
f 224 222 223
f 227 224 226
f 228 226 229
f 228 227 226
f 230 229 231
f 230 228 229
f 167 231 165
f 167 230 231
f 171 232 169
f 171 233 232
f 234 235 236
f 234 237 235
f 238 236 239
f 238 239 240
f 238 234 236
f 241 238 240
f 242 240 243
f 242 241 240
f 244 243 245
f 244 242 243
f 246 245 247
f 246 244 245
f 248 247 249
f 248 246 247
f 250 249 251
f 250 251 252
f 250 248 249
f 253 250 252
f 254 252 255
f 254 255 256
f 254 253 252
f 257 256 258
f 257 254 256
f 259 257 258
f 260 258 261
f 260 261 262
f 260 259 258
f 263 262 264
f 263 260 262
f 265 263 264
f 266 264 267
f 266 265 264
f 268 267 269
f 268 266 267
f 270 269 271
f 270 271 272
f 270 268 269
f 273 270 272
f 274 272 275
f 274 273 272
f 276 275 277
f 276 274 275
f 278 277 279
f 278 279 280
f 278 276 277
f 281 278 280
f 282 281 280
f 282 280 283
f 284 283 285
f 284 282 283
f 286 285 287
f 286 284 285
f 288 287 289
f 288 286 287
f 290 289 291
f 290 291 292
f 290 288 289
f 293 290 292
f 294 292 295
f 294 293 292
f 296 295 297
f 296 294 295
f 233 297 232
f 233 296 297
f 107 298 235
f 107 106 298
f 237 299 107
f 235 237 107
f 300 61 71
f 300 301 61
f 302 71 70
f 302 70 73
f 302 300 71
f 303 302 73
f 304 73 75
f 304 303 73
f 305 75 76
f 305 304 75
f 306 76 78
f 306 305 76
f 307 78 80
f 307 306 78
f 308 80 81
f 308 81 83
f 308 307 80
f 309 308 83
f 310 83 85
f 310 85 86
f 310 309 83
f 311 86 88
f 311 310 86
f 312 311 88
f 313 88 90
f 313 90 91
f 313 312 88
f 314 91 93
f 314 313 91
f 315 314 93
f 316 93 95
f 316 315 93
f 317 95 97
f 317 316 95
f 318 97 98
f 318 98 125
f 318 317 97
f 319 318 125
f 320 125 124
f 320 319 125
f 321 124 122
f 321 320 124
f 322 122 121
f 322 121 120
f 322 321 122
f 323 322 120
f 324 323 120
f 324 120 118
f 325 118 117
f 325 324 118
f 326 117 115
f 326 325 117
f 327 115 114
f 327 326 115
f 328 114 112
f 328 112 111
f 328 327 114
f 329 328 111
f 330 111 110
f 330 329 111
f 331 110 108
f 331 330 110
f 299 108 107
f 299 331 108
f 301 42 61
f 301 164 42
f 208 202 204
f 208 204 207
f 193 194 197
f 212 208 210
f 184 187 188
f 184 188 191
f 184 191 193
f 216 212 215
f 180 182 184
f 220 200 202
f 220 216 218
f 220 208 212
f 220 202 208
f 220 212 216
f 178 197 199
f 178 199 200
f 178 193 197
f 178 184 193
f 178 180 184
f 175 176 178
f 227 220 222
f 227 222 224
f 168 172 175
f 171 168 175
f 171 175 178
f 167 227 228
f 167 228 230
f 167 200 220
f 167 178 200
f 167 220 227
f 167 171 178
f 134 133 132
f 135 133 134
f 136 133 135
f 137 133 136
f 288 290 293
f 288 293 294
f 138 133 137
f 286 288 294
f 140 138 139
f 140 133 138
f 282 286 294
f 282 284 286
f 141 133 140
f 281 282 294
f 281 294 296
f 278 281 296
f 143 141 142
f 143 133 141
f 276 278 296
f 144 133 143
f 145 133 144
f 270 273 274
f 270 274 276
f 147 145 146
f 266 276 296
f 266 270 276
f 266 268 270
f 149 147 148
f 149 133 145
f 149 145 147
f 260 263 265
f 260 265 266
f 151 149 150
f 259 266 296
f 259 260 266
f 152 149 151
f 254 259 296
f 254 257 259
f 154 152 153
f 253 254 296
f 155 152 154
f 250 253 296
f 156 152 155
f 248 250 296
f 157 152 156
f 159 157 158
f 242 244 246
f 160 157 159
f 241 248 296
f 241 242 246
f 241 246 248
f 234 241 296
f 234 238 241
f 237 171 167
f 237 234 296
f 237 167 133
f 237 296 233
f 237 233 171
f 164 152 157
f 164 237 133
f 164 160 161
f 164 161 162
f 164 162 163
f 164 133 149
f 164 149 152
f 164 157 160
f 301 237 164
f 301 299 237
f 330 331 299
f 329 330 299
f 303 301 300
f 303 300 302
f 304 299 301
f 304 329 299
f 304 301 303
f 327 328 329
f 306 304 305
f 326 327 329
f 325 326 329
f 308 306 307
f 308 329 304
f 308 304 306
f 324 325 329
f 323 324 329
f 321 322 323
f 312 308 309
f 312 309 310
f 312 310 311
f 313 308 312
f 319 320 321
f 319 323 329
f 319 321 323
f 316 313 314
f 316 314 315
f 316 317 318
f 316 318 319
f 316 329 308
f 316 308 313
f 316 319 329
f 332 60 59
f 333 59 58
f 333 332 59
f 334 58 57
f 334 333 58
f 335 57 54
f 335 334 57
f 336 54 51
f 336 335 54
f 337 51 48
f 337 336 51
f 338 48 45
f 338 337 48
f 339 45 40
f 339 338 45
f 340 40 36
f 340 339 40
f 341 36 30
f 341 340 36
f 342 30 26
f 342 341 30
f 343 342 26
f 343 26 21
f 344 343 21
f 344 21 17
f 345 344 17
f 345 17 11
f 346 345 11
f 346 11 7
f 347 346 7
f 347 7 1
f 348 347 1
f 348 1 5
f 349 348 5
f 349 5 9
f 350 349 9
f 350 9 14
f 351 350 14
f 351 14 19
f 352 351 19
f 352 19 24
f 353 352 24
f 353 24 28
f 354 353 28
f 354 28 33
f 355 354 33
f 355 33 38
f 356 38 43
f 356 355 38
f 357 43 46
f 357 356 43
f 358 46 49
f 358 357 46
f 359 49 52
f 359 358 49
f 360 52 55
f 360 359 52
f 361 55 105
f 361 360 55
f 362 105 103
f 362 361 105
f 101 166 363
f 364 103 101
f 364 362 103
f 365 364 101
f 366 363 367
f 366 101 363
f 366 365 101
f 368 367 369
f 368 366 367
f 370 368 369
f 370 369 371
f 372 370 371
f 372 371 373
f 374 372 373
f 374 373 375
f 376 374 375
f 376 375 377
f 378 376 377
f 378 377 379
f 380 378 379
f 380 379 381
f 382 380 381
f 382 381 383
f 384 382 383
f 384 383 385
f 386 384 385
f 386 385 387
f 388 386 387
f 388 387 389
f 390 388 389
f 390 389 391
f 392 390 391
f 392 391 393
f 394 392 393
f 394 393 395
f 396 394 395
f 396 395 397
f 398 396 397
f 398 397 399
f 400 398 399
f 400 399 401
f 402 400 401
f 402 401 403
f 404 402 403
f 404 403 405
f 406 404 405
f 406 405 407
f 408 406 407
f 408 407 409
f 410 409 411
f 410 408 409
f 412 411 413
f 412 410 411
f 414 413 415
f 414 412 413
f 416 415 417
f 416 414 415
f 418 417 419
f 418 416 417
f 420 419 421
f 420 418 419
f 422 420 421
f 422 421 423
f 424 422 423
f 424 423 425
f 426 424 425
f 426 425 427
f 428 426 427
f 428 427 429
f 430 428 429
f 430 429 431
f 432 430 431
f 432 431 433
f 434 432 433
f 434 433 435
f 436 434 435
f 436 435 437
f 438 436 437
f 438 437 439
f 440 438 439
f 440 439 441
f 442 440 441
f 442 441 443
f 444 442 443
f 444 443 445
f 446 445 447
f 446 444 445
f 448 447 449
f 448 446 447
f 450 449 451
f 450 448 449
f 452 451 453
f 452 450 451
f 454 453 455
f 454 452 453
f 456 455 457
f 456 454 455
f 458 457 459
f 458 456 457
f 460 459 461
f 460 458 459
f 462 461 463
f 462 460 461
f 464 463 465
f 464 462 463
f 466 465 467
f 466 464 465
f 468 467 469
f 468 466 467
f 470 469 471
f 470 468 469
f 472 470 471
f 472 471 473
f 474 472 473
f 474 473 475
f 476 474 475
f 476 475 477
f 478 477 479
f 478 476 477
f 480 478 479
f 480 479 481
f 482 481 483
f 482 480 481
f 484 483 485
f 484 482 483
f 486 485 487
f 486 484 485
f 106 487 298
f 106 486 487
f 488 486 106
f 489 106 109
f 489 488 106
f 490 109 113
f 490 489 109
f 491 113 116
f 491 490 113
f 492 116 119
f 492 491 116
f 493 119 123
f 493 492 119
f 494 123 126
f 494 493 123
f 495 126 127
f 495 494 126
f 496 127 128
f 496 495 127
f 497 128 129
f 497 496 128
f 498 129 130
f 498 497 129
f 499 130 131
f 499 498 130
f 500 131 99
f 500 499 131
f 501 99 96
f 501 500 99
f 502 96 94
f 502 501 96
f 503 94 92
f 503 502 94
f 504 92 89
f 504 503 92
f 505 504 89
f 505 89 87
f 506 505 87
f 506 87 84
f 507 506 84
f 507 84 82
f 508 507 82
f 508 82 79
f 509 508 79
f 509 79 77
f 510 509 77
f 510 77 74
f 511 510 74
f 511 74 72
f 512 511 72
f 512 72 69
f 513 512 69
f 513 69 68
f 514 513 68
f 514 68 67
f 515 514 67
f 515 67 66
f 516 515 66
f 516 66 65
f 517 65 64
f 517 516 65
f 518 64 63
f 518 517 64
f 519 63 62
f 519 518 63
f 332 62 60
f 332 519 62
f 346 347 348
f 350 348 349
f 343 344 345
f 343 345 346
f 353 351 352
f 341 342 343
f 341 346 348
f 341 343 346
f 355 350 351
f 355 353 354
f 355 348 350
f 355 351 353
f 355 341 348
f 357 355 356
f 358 355 357
f 337 338 339
f 337 339 340
f 335 336 337
f 361 358 359
f 361 359 360
f 361 355 358
f 332 333 334
f 332 334 335
f 332 335 337
f 365 361 362
f 365 362 364
f 517 340 341
f 517 518 519
f 517 519 332
f 517 337 340
f 517 332 337
f 370 365 366
f 370 366 368
f 370 341 355
f 370 355 361
f 370 361 365
f 514 515 516
f 514 516 517
f 376 370 372
f 376 372 374
f 378 370 376
f 380 341 370
f 380 517 341
f 380 514 517
f 380 512 513
f 380 370 378
f 380 513 514
f 511 512 380
f 382 511 380
f 386 382 384
f 390 511 382
f 390 382 386
f 390 386 388
f 394 390 392
f 503 504 505
f 503 505 506
f 398 394 396
f 398 390 394
f 502 506 507
f 502 503 506
f 400 509 510
f 400 510 511
f 400 511 390
f 400 390 398
f 501 507 508
f 501 502 507
f 404 400 402
f 499 500 501
f 497 498 499
f 497 508 509
f 497 501 508
f 497 499 501
f 412 406 408
f 412 408 410
f 495 496 497
f 495 509 400
f 495 400 404
f 495 497 509
f 414 404 406
f 414 406 412
f 418 414 416
f 422 418 420
f 489 490 491
f 489 491 492
f 426 418 422
f 426 422 424
f 426 404 414
f 426 414 418
f 488 489 492
f 430 404 426
f 430 426 428
f 484 486 488
f 434 430 432
f 476 478 480
f 476 480 482
f 474 476 482
f 442 494 495
f 442 488 492
f 442 430 434
f 442 404 430
f 442 484 488
f 442 434 436
f 442 436 438
f 442 438 440
f 442 495 404
f 442 482 484
f 442 492 493
f 442 493 494
f 472 474 482
f 446 442 444
f 468 472 482
f 468 470 472
f 448 482 442
f 448 442 446
f 466 468 482
f 462 466 482
f 462 464 466
f 460 462 482
f 456 450 452
f 456 452 454
f 458 482 448
f 458 460 482
f 458 448 450
f 458 450 456
f 195 192 196
f 196 192 198
f 198 209 201
f 201 209 203
f 203 209 205
f 205 209 206
f 209 213 211
f 190 189 192
f 198 186 209
f 192 186 198
f 189 186 192
f 213 217 214
f 217 221 219
f 213 221 217
f 183 181 185
f 185 181 186
f 221 225 223
f 179 177 181
f 181 177 186
f 225 229 226
f 221 229 225
f 173 170 174
f 186 165 209
f 209 165 213
f 229 165 231
f 213 165 221
f 221 165 229
f 174 169 177
f 170 169 174
f 186 169 165
f 177 169 186
f 292 291 295
f 295 291 297
f 291 287 297
f 289 287 291
f 285 283 287
f 283 280 287
f 280 279 287
f 277 275 279
f 279 272 287
f 275 272 279
f 272 271 287
f 269 267 271
f 267 264 271
f 261 258 262
f 262 258 264
f 264 258 271
f 258 256 271
f 256 255 271
f 252 251 255
f 255 251 271
f 271 249 287
f 251 249 271
f 245 243 247
f 247 243 249
f 249 243 287
f 239 236 240
f 240 236 243
f 287 235 297
f 297 235 232
f 232 235 169
f 243 235 287
f 236 235 243
f 169 235 165
f 235 166 165
f 166 369 363
f 363 369 367
f 369 373 371
f 166 373 369
f 166 375 373
f 166 377 375
f 166 379 377
f 379 383 381
f 166 385 379
f 379 385 383
f 166 387 385
f 387 391 389
f 166 391 387
f 166 393 391
f 166 395 393
f 395 399 397
f 166 399 395
f 166 401 399
f 166 403 401
f 166 405 403
f 407 413 409
f 409 413 411
f 407 415 413
f 405 415 407
f 166 417 405
f 405 417 415
f 166 421 417
f 417 421 419
f 166 423 421
f 235 298 166
f 423 427 425
f 487 485 298
f 485 483 298
f 429 433 431
f 423 433 427
f 427 433 429
f 483 481 298
f 423 435 433
f 423 437 435
f 479 477 481
f 298 477 166
f 481 477 298
f 475 473 477
f 477 473 166
f 441 445 443
f 437 447 439
f 439 447 441
f 441 447 445
f 469 467 471
f 437 449 447
f 471 465 473
f 467 465 471
f 437 451 449
f 473 463 166
f 465 463 473
f 437 453 451
f 166 461 423
f 463 461 166
f 423 455 437
f 437 455 453
f 459 457 461
f 423 457 455
f 461 457 423
f 520 521 522
f 523 520 522
f 524 522 525
f 524 523 522
f 526 525 527
f 526 527 528
f 526 524 525
f 529 526 528
f 530 528 531
f 530 529 528
f 532 531 533
f 532 530 531
f 534 533 535
f 534 532 533
f 536 535 537
f 536 534 535
f 538 537 539
f 538 539 540
f 538 536 537
f 541 538 540
f 542 540 543
f 542 541 540
f 544 543 545
f 544 542 543
f 546 545 547
f 546 544 545
f 548 547 549
f 548 546 547
f 550 549 551
f 550 551 552
f 550 548 549
f 553 550 552
f 554 552 555
f 554 553 552
f 556 555 557
f 556 554 555
f 558 557 559
f 558 556 557
f 560 559 561
f 560 561 562
f 560 558 559
f 563 560 562
f 564 562 565
f 564 563 562
f 566 565 567
f 566 564 565
f 568 566 567
f 568 567 569
f 570 568 569
f 570 569 571
f 572 570 571
f 572 571 573
f 572 573 574
f 575 572 574
f 575 574 576
f 577 575 576
f 578 577 576
f 578 576 579
f 578 579 580
f 581 578 580
f 582 581 580
f 582 580 583
f 584 583 585
f 584 585 586
f 584 582 583
f 587 584 586
f 587 586 588
f 589 587 588
f 590 588 591
f 590 589 588
f 592 591 593
f 592 590 591
f 594 593 595
f 594 592 593
f 596 595 597
f 596 597 598
f 596 594 595
f 599 596 598
f 600 598 601
f 600 599 598
f 602 601 603
f 602 600 601
f 604 603 605
f 604 602 603
f 606 605 607
f 606 604 605
f 608 607 609
f 608 606 607
f 610 609 611
f 610 608 609
f 612 611 613
f 612 613 614
f 612 610 611
f 615 614 616
f 615 612 614
f 617 615 616
f 617 616 618
f 619 617 618
f 620 619 618
f 620 618 621
f 622 620 621
f 622 621 623
f 520 624 521
f 520 625 624
f 625 626 624
f 625 627 626
f 628 629 630
f 628 630 631
f 628 632 629
f 633 631 634
f 633 628 631
f 635 634 636
f 635 633 634
f 637 635 636
f 638 636 639
f 638 639 640
f 638 637 636
f 641 638 640
f 642 640 643
f 642 643 644
f 642 641 640
f 645 642 644
f 646 644 647
f 646 645 644
f 648 647 649
f 648 646 647
f 650 649 651
f 650 651 652
f 650 648 649
f 653 650 652
f 654 652 655
f 654 655 656
f 654 653 652
f 657 654 656
f 658 656 659
f 658 657 656
f 660 659 661
f 660 658 659
f 662 661 663
f 662 660 661
f 664 663 665
f 664 662 663
f 666 665 667
f 666 664 665
f 668 667 669
f 668 666 667
f 670 669 671
f 670 668 669
f 672 671 673
f 672 673 674
f 672 670 671
f 675 672 674
f 676 675 674
f 676 674 677
f 678 676 677
f 678 677 679
f 680 678 679
f 680 679 681
f 682 680 681
f 682 681 683
f 684 682 683
f 684 683 685
f 686 684 685
f 686 685 687
f 688 686 687
f 688 687 689
f 688 689 690
f 691 688 690
f 692 690 693
f 692 691 690
f 694 693 695
f 694 692 693
f 696 695 697
f 696 694 695
f 698 697 699
f 698 696 697
f 700 699 701
f 700 698 699
f 702 700 701
f 702 701 703
f 704 703 705
f 704 702 703
f 706 705 707
f 706 707 708
f 706 704 705
f 709 706 708
f 710 708 711
f 710 709 708
f 712 711 713
f 712 710 711
f 714 713 715
f 714 712 713
f 716 715 717
f 716 714 715
f 718 717 719
f 718 716 717
f 720 719 721
f 720 718 719
f 722 721 723
f 722 720 721
f 724 723 725
f 724 722 723
f 726 724 725
f 726 725 727
f 726 727 728
f 729 726 728
f 729 728 626
f 627 729 626
f 632 730 629
f 632 731 730
f 731 732 730
f 731 733 732
f 734 735 736
f 734 737 735
f 738 736 739
f 738 739 740
f 738 734 736
f 741 738 740
f 742 740 743
f 742 743 744
f 742 741 740
f 745 742 744
f 746 744 747
f 746 745 744
f 748 747 749
f 748 749 750
f 748 746 747
f 751 750 752
f 751 748 750
f 753 751 752
f 754 752 755
f 754 753 752
f 756 755 757
f 756 754 755
f 758 757 759
f 758 759 760
f 758 756 757
f 761 758 760
f 762 760 763
f 762 763 764
f 762 761 760
f 765 762 764
f 766 764 767
f 766 767 768
f 766 765 764
f 769 766 768
f 770 768 771
f 770 769 768
f 772 771 773
f 772 773 774
f 772 770 771
f 775 772 774
f 776 774 777
f 776 775 774
f 778 777 779
f 778 776 777
f 780 779 781
f 780 781 782
f 780 778 779
f 783 780 782
f 784 783 782
f 784 782 785
f 786 784 785
f 786 785 787
f 788 786 787
f 788 787 789
f 790 788 789
f 790 789 791
f 792 790 791
f 792 791 793
f 794 792 793
f 794 793 795
f 794 795 796
f 797 794 796
f 798 796 799
f 798 797 796
f 800 799 801
f 800 798 799
f 802 801 803
f 802 800 801
f 804 803 805
f 804 802 803
f 806 805 807
f 806 804 805
f 808 806 807
f 808 807 809
f 810 809 811
f 810 808 809
f 812 811 813
f 812 810 811
f 814 813 815
f 814 812 813
f 816 815 817
f 816 814 815
f 818 817 819
f 818 816 817
f 820 819 821
f 820 818 819
f 822 821 823
f 822 820 821
f 824 823 825
f 824 822 823
f 826 825 827
f 826 827 828
f 826 824 825
f 829 826 828
f 830 828 831
f 830 829 828
f 832 830 831
f 832 831 833
f 834 832 833
f 834 833 835
f 834 835 732
f 733 834 732
f 737 836 735
f 737 837 836
f 837 838 836
f 837 839 838
f 840 841 842
f 840 843 841
f 844 842 845
f 844 840 842
f 846 845 847
f 846 844 845
f 848 847 849
f 848 849 850
f 848 846 847
f 851 848 850
f 852 850 853
f 852 851 850
f 854 853 855
f 854 852 853
f 856 855 857
f 856 854 855
f 858 857 859
f 858 856 857
f 860 859 861
f 860 858 859
f 862 861 863
f 862 860 861
f 864 863 865
f 864 862 863
f 866 865 867
f 866 864 865
f 868 867 869
f 868 866 867
f 870 869 871
f 870 868 869
f 872 871 873
f 872 870 871
f 874 873 875
f 874 872 873
f 876 875 877
f 876 874 875
f 878 877 879
f 878 876 877
f 880 879 881
f 880 881 882
f 880 878 879
f 883 880 882
f 884 882 885
f 884 883 882
f 886 885 887
f 886 887 888
f 886 884 885
f 889 886 888
f 890 889 888
f 890 888 891
f 892 890 891
f 892 891 893
f 892 893 894
f 895 892 894
f 896 895 894
f 896 894 897
f 896 897 898
f 899 896 898
f 899 898 900
f 901 899 900
f 902 901 900
f 902 900 903
f 904 903 905
f 904 905 906
f 904 902 903
f 907 904 906
f 908 906 909
f 908 909 910
f 908 907 906
f 911 910 912
f 911 908 910
f 913 911 912
f 914 912 915
f 914 913 912
f 916 915 917
f 916 917 918
f 916 914 915
f 919 916 918
f 920 918 921
f 920 919 918
f 922 921 923
f 922 923 924
f 922 920 921
f 925 922 924
f 926 924 927
f 926 925 924
f 928 927 929
f 928 926 927
f 930 929 931
f 930 928 929
f 932 931 933
f 932 930 931
f 934 933 935
f 934 932 933
f 936 935 937
f 936 934 935
f 938 936 937
f 938 937 939
f 938 939 940
f 941 938 940
f 839 941 940
f 839 940 838
f 843 942 841
f 843 943 942
f 943 944 942
f 943 945 944
f 946 947 948
f 949 946 948
f 950 948 951
f 950 949 948
f 952 951 953
f 952 950 951
f 954 953 955
f 954 952 953
f 956 955 957
f 956 957 958
f 956 954 955
f 959 958 960
f 959 956 958
f 961 959 960
f 962 960 963
f 962 961 960
f 964 963 965
f 964 965 966
f 964 962 963
f 967 964 966
f 968 966 969
f 968 967 966
f 970 969 971
f 970 968 969
f 972 971 973
f 972 970 971
f 974 973 975
f 974 972 973
f 976 975 977
f 976 974 975
f 978 977 979
f 978 976 977
f 980 979 981
f 980 978 979
f 982 981 983
f 982 983 984
f 982 980 981
f 985 982 984
f 986 984 987
f 986 987 988
f 986 985 984
f 989 986 988
f 990 988 991
f 990 991 992
f 990 989 988
f 993 990 992
f 994 993 992
f 994 992 995
f 996 994 995
f 996 995 997
f 996 997 998
f 999 996 998
f 999 998 1000
f 1001 999 1000
f 1002 1001 1000
f 1002 1000 1003
f 1002 1003 1004
f 1005 1002 1004
f 1005 1004 1006
f 1007 1005 1006
f 1008 1007 1006
f 1008 1006 1009
f 1010 1009 1011
f 1010 1011 1012
f 1010 1008 1009
f 1013 1010 1012
f 1014 1012 1015
f 1014 1013 1012
f 1016 1015 1017
f 1016 1017 1018
f 1016 1014 1015
f 1019 1016 1018
f 1020 1018 1021
f 1020 1019 1018
f 1022 1021 1023
f 1022 1023 1024
f 1022 1020 1021
f 1025 1022 1024
f 1026 1024 1027
f 1026 1027 1028
f 1026 1025 1024
f 1029 1026 1028
f 1030 1028 1031
f 1030 1029 1028
f 1032 1031 1033
f 1032 1033 1034
f 1032 1030 1031
f 1035 1034 1036
f 1035 1032 1034
f 1037 1035 1036
f 1038 1036 1039
f 1038 1039 1040
f 1038 1037 1036
f 1041 1040 1042
f 1041 1038 1040
f 1043 1041 1042
f 1044 1043 1042
f 1044 1042 1045
f 1046 1044 1045
f 1046 1045 1047
f 1046 1047 944
f 945 1046 944
f 946 1048 947
f 946 1049 1048
f 1049 623 1048
f 1049 622 623
f 560 563 564
f 575 564 566
f 575 566 568
f 575 568 570
f 575 570 572
f 575 560 564
f 554 556 558
f 550 553 554
f 550 558 560
f 550 554 558
f 550 560 575
f 589 582 584
f 589 584 587
f 541 542 544
f 592 582 589
f 592 589 590
f 534 541 544
f 534 536 538
f 534 538 541
f 532 534 544
f 600 592 594
f 600 594 596
f 600 596 599
f 526 529 530
f 526 530 532
f 526 532 544
f 526 544 546
f 526 546 548
f 604 600 602
f 524 526 548
f 606 600 604
f 523 524 548
f 608 600 606
f 608 582 592
f 608 592 600
f 608 575 577
f 608 577 578
f 608 578 581
f 608 581 582
f 520 523 548
f 612 575 608
f 612 608 610
f 617 612 615
f 619 612 617
f 620 612 619
f 622 548 550
f 622 575 612
f 622 520 548
f 622 612 620
f 622 550 575
f 627 722 724
f 627 724 726
f 627 726 729
f 716 718 720
f 716 720 722
f 716 722 627
f 712 714 716
f 712 716 627
f 709 710 712
f 709 712 627
f 706 709 627
f 704 706 627
f 700 702 704
f 698 700 704
f 698 704 627
f 696 698 627
f 692 696 627
f 692 694 696
f 688 692 627
f 688 691 692
f 684 686 688
f 682 688 627
f 682 684 688
f 676 678 680
f 675 676 680
f 675 680 682
f 670 675 682
f 670 672 675
f 668 682 627
f 668 670 682
f 664 666 668
f 660 668 627
f 660 664 668
f 660 662 664
f 658 660 627
f 657 658 627
f 650 653 654
f 646 657 627
f 646 650 654
f 646 648 650
f 646 654 657
f 1049 625 520
f 1049 520 622
f 642 645 646
f 638 641 642
f 637 642 646
f 637 638 642
f 635 646 627
f 635 637 646
f 628 635 627
f 628 633 635
f 632 627 625
f 632 628 627
f 950 946 949
f 952 946 950
f 956 952 954
f 959 952 956
f 961 946 952
f 961 952 959
f 964 961 962
f 964 946 961
f 970 964 967
f 970 967 968
f 970 946 964
f 974 970 972
f 976 970 974
f 978 970 976
f 978 946 970
f 985 980 982
f 986 980 985
f 986 978 980
f 989 946 978
f 989 978 986
f 994 989 990
f 994 990 993
f 996 989 994
f 999 989 996
f 1001 946 989
f 1001 989 999
f 1002 946 1001
f 1007 1002 1005
f 1008 1002 1007
f 1010 1002 1008
f 1013 1002 1010
f 1016 1013 1014
f 1020 1016 1019
f 1022 1002 1013
f 1022 1013 1016
f 1022 1016 1020
f 1026 1022 1025
f 1029 1002 1022
f 1029 1022 1026
f 1030 1002 1029
f 1032 1002 1030
f 1035 1002 1032
f 1037 1002 1035
f 1043 1038 1041
f 1044 1037 1038
f 1044 1038 1043
f 1046 946 1002
f 1046 1002 1037
f 1046 1037 1044
f 945 946 1046
f 731 625 1049
f 731 632 625
f 943 1049 946
f 943 946 945
f 837 731 1049
f 837 1049 943
f 733 731 837
f 832 834 733
f 830 832 733
f 829 830 733
f 826 829 733
f 824 826 733
f 822 824 733
f 820 822 733
f 816 820 733
f 816 818 820
f 814 816 733
f 812 814 733
f 810 812 733
f 806 810 733
f 806 808 810
f 804 806 733
f 802 804 733
f 798 802 733
f 798 800 802
f 794 797 798
f 792 798 733
f 792 794 798
f 786 792 733
f 786 788 790
f 786 790 792
f 783 786 733
f 783 784 786
f 778 780 783
f 778 783 733
f 775 776 778
f 775 778 733
f 737 733 837
f 738 737 734
f 738 733 737
f 769 770 772
f 769 772 775
f 769 775 733
f 766 769 733
f 742 738 741
f 765 766 733
f 745 733 738
f 745 738 742
f 761 762 765
f 761 765 733
f 748 745 746
f 748 733 745
f 758 761 733
f 751 733 748
f 754 751 753
f 754 756 758
f 754 758 733
f 754 733 751
f 844 843 840
f 846 843 844
f 852 846 848
f 852 848 851
f 856 852 854
f 856 846 852
f 860 846 856
f 860 856 858
f 860 843 846
f 864 860 862
f 866 860 864
f 868 860 866
f 872 860 868
f 872 868 870
f 876 843 860
f 876 860 872
f 876 872 874
f 878 843 876
f 839 943 843
f 839 837 943
f 941 839 843
f 941 843 878
f 941 878 880
f 883 941 880
f 889 883 884
f 889 884 886
f 932 934 936
f 932 936 938
f 932 938 941
f 932 941 883
f 928 930 932
f 895 889 890
f 895 890 892
f 926 932 883
f 926 883 889
f 926 928 932
f 896 889 895
f 901 896 899
f 919 920 922
f 904 901 902
f 916 919 922
f 907 896 901
f 907 901 904
f 908 889 896
f 908 896 907
f 913 916 922
f 913 914 916
f 911 926 889
f 911 913 922
f 911 889 908
f 911 922 925
f 911 925 926
f 557 555 559
f 552 551 555
f 543 540 545
f 528 527 531
f 531 527 533
f 521 623 522
f 522 623 525
f 525 623 527
f 540 623 545
f 533 623 535
f 535 623 537
f 537 623 539
f 539 623 540
f 545 623 547
f 527 623 533
f 547 623 549
f 549 623 551
f 559 623 561
f 561 623 562
f 562 623 565
f 565 623 567
f 567 623 569
f 569 623 571
f 571 623 573
f 573 623 574
f 574 623 576
f 576 623 579
f 579 623 580
f 580 623 583
f 583 623 585
f 585 623 586
f 586 623 588
f 588 623 591
f 591 623 593
f 593 623 595
f 595 623 597
f 597 623 598
f 598 623 601
f 601 623 603
f 603 623 605
f 605 623 607
f 607 623 609
f 609 623 611
f 611 623 613
f 613 623 614
f 614 623 616
f 616 623 618
f 618 623 621
f 551 623 555
f 555 623 559
f 723 626 725
f 725 626 727
f 727 626 728
f 719 717 721
f 721 717 723
f 723 717 626
f 715 713 717
f 717 713 626
f 711 708 713
f 713 708 626
f 708 707 626
f 707 705 626
f 703 701 705
f 701 699 705
f 705 699 626
f 699 697 626
f 697 693 626
f 695 693 697
f 693 689 626
f 690 689 693
f 687 685 689
f 689 683 626
f 685 683 689
f 679 677 681
f 677 674 681
f 681 674 683
f 674 671 683
f 673 671 674
f 683 669 626
f 671 669 683
f 667 665 669
f 669 661 626
f 665 661 669
f 663 661 665
f 661 659 626
f 659 656 626
f 652 651 655
f 656 647 626
f 651 647 655
f 649 647 651
f 655 647 656
f 624 1048 521
f 521 1048 623
f 644 643 647
f 640 639 643
f 643 636 647
f 639 636 643
f 647 634 626
f 636 634 647
f 634 630 626
f 631 630 634
f 626 629 624
f 630 629 626
f 947 951 948
f 947 953 951
f 953 957 955
f 953 958 957
f 947 960 953
f 953 960 958
f 960 965 963
f 947 965 960
f 965 971 966
f 966 971 969
f 947 971 965
f 971 975 973
f 971 977 975
f 971 979 977
f 947 979 971
f 981 984 983
f 981 987 984
f 979 987 981
f 947 988 979
f 979 988 987
f 988 995 991
f 991 995 992
f 988 997 995
f 988 998 997
f 947 1000 988
f 988 1000 998
f 947 1003 1000
f 1003 1006 1004
f 1003 1009 1006
f 1003 1011 1009
f 1003 1012 1011
f 1012 1017 1015
f 1017 1021 1018
f 1003 1023 1012
f 1012 1023 1017
f 1017 1023 1021
f 1023 1027 1024
f 1003 1028 1023
f 1023 1028 1027
f 1003 1031 1028
f 1003 1033 1031
f 1003 1034 1033
f 1003 1036 1034
f 1039 1042 1040
f 1036 1045 1039
f 1039 1045 1042
f 947 1047 1003
f 1003 1047 1036
f 1036 1047 1045
f 947 944 1047
f 624 730 1048
f 629 730 624
f 1048 942 947
f 947 942 944
f 730 836 1048
f 1048 836 942
f 730 732 836
f 835 833 732
f 833 831 732
f 831 828 732
f 828 827 732
f 827 825 732
f 825 823 732
f 823 821 732
f 821 817 732
f 819 817 821
f 817 815 732
f 815 813 732
f 813 811 732
f 811 807 732
f 809 807 811
f 807 805 732
f 805 803 732
f 803 799 732
f 801 799 803
f 796 795 799
f 799 793 732
f 795 793 799
f 793 787 732
f 789 787 791
f 791 787 793
f 787 782 732
f 785 782 787
f 781 779 782
f 782 779 732
f 777 774 779
f 779 774 732
f 732 735 836
f 735 739 736
f 732 739 735
f 771 768 773
f 773 768 774
f 774 768 732
f 768 767 732
f 739 743 740
f 767 764 732
f 732 744 739
f 739 744 743
f 763 760 764
f 764 760 732
f 744 749 747
f 732 749 744
f 760 759 732
f 732 750 749
f 750 755 752
f 757 755 759
f 759 755 732
f 732 755 750
f 841 845 842
f 841 847 845
f 847 853 849
f 849 853 850
f 853 857 855
f 847 857 853
f 847 861 857
f 857 861 859
f 841 861 847
f 861 865 863
f 861 867 865
f 861 869 867
f 861 873 869
f 869 873 871
f 861 877 873
f 841 877 861
f 873 877 875
f 841 879 877
f 942 838 841
f 836 838 942
f 841 940 879
f 838 940 841
f 879 940 881
f 940 882 881
f 882 888 885
f 885 888 887
f 935 933 937
f 937 933 939
f 939 933 940
f 940 933 882
f 931 929 933
f 888 894 891
f 891 894 893
f 933 927 882
f 929 927 933
f 882 927 888
f 888 897 894
f 897 900 898
f 921 918 923
f 900 905 903
f 918 917 923
f 897 906 900
f 900 906 905
f 888 909 897
f 897 909 906
f 917 912 923
f 915 912 917
f 927 910 888
f 912 910 923
f 888 910 909
f 923 910 924
f 924 910 927
f 1050 1051 1052
f 1052 1051 1053
f 1054 1055 1050
f 1050 1055 1051
f 1056 1057 1054
f 1054 1057 1055
f 1058 1059 1056
f 1056 1059 1057
f 1060 1061 1058
f 1058 1061 1059
f 1062 1063 1060
f 1060 1063 1061
f 1064 1065 1062
f 1066 1065 1064
f 1062 1065 1063
f 1066 1067 1065
f 1068 1069 1066
f 1066 1069 1067
f 1070 1071 1068
f 1068 1071 1069
f 1072 1073 1070
f 1074 1073 1072
f 1070 1073 1071
f 1074 1075 1073
f 1076 1077 1074
f 1074 1077 1075
f 1078 1079 1076
f 1076 1079 1077
f 1080 1081 1078
f 1082 1081 1080
f 1078 1081 1079
f 1082 1083 1081
f 1084 1085 1082
f 1082 1085 1083
f 1086 1087 1084
f 1084 1087 1085
f 1088 1089 1086
f 1086 1089 1087
f 1090 1091 1088
f 1088 1091 1089
f 1092 1093 1090
f 1090 1093 1091
f 1094 1095 1092
f 1096 1095 1094
f 1092 1095 1093
f 1096 1097 1095
f 1098 1099 1096
f 1096 1099 1097
f 1100 1101 1098
f 1098 1101 1099
f 1102 1103 1100
f 1100 1103 1101
f 1104 1105 1102
f 1102 1105 1103
f 1106 1107 1104
f 1104 1107 1105
f 1108 1109 1106
f 1110 1109 1108
f 1106 1109 1107
f 1110 1111 1109
f 1112 1113 1110
f 1110 1113 1111
f 1114 1115 1112
f 1112 1115 1113
f 1116 1117 1114
f 1114 1117 1115
f 1118 1119 1116
f 1116 1119 1117
f 1120 1121 1118
f 1118 1121 1119
f 1122 1123 1120
f 1120 1123 1121
f 1124 1125 1122
f 1122 1125 1123
f 1126 1127 1124
f 1124 1127 1125
f 1128 1129 1126
f 1126 1129 1127
f 1130 1131 1128
f 1128 1131 1129
f 1132 1133 1130
f 1130 1133 1131
f 1134 1135 1132
f 1132 1135 1133
f 1136 1137 1134
f 1138 1137 1136
f 1134 1137 1135
f 1138 1139 1137
f 1140 1141 1138
f 1138 1141 1139
f 1142 1143 1140
f 1144 1143 1142
f 1140 1143 1141
f 1144 1145 1143
f 1146 1147 1144
f 1144 1147 1145
f 1148 1149 1146
f 1146 1149 1147
f 1150 1151 1148
f 1148 1151 1149
f 1152 1153 1150
f 1150 1153 1151
f 1154 1155 1152
f 1152 1155 1153
f 1156 1157 1154
f 1154 1157 1155
f 1158 1159 1156
f 1160 1159 1158
f 1156 1159 1157
f 1160 1161 1159
f 1162 1163 1160
f 1164 1163 1162
f 1160 1163 1161
f 1164 1165 1163
f 1166 1167 1164
f 1164 1167 1165
f 1168 1169 1166
f 1166 1169 1167
f 1170 1171 1168
f 1168 1171 1169
f 1172 1173 1170
f 1170 1173 1171
f 1174 1175 1172
f 1172 1175 1173
f 1176 1177 1174
f 1174 1177 1175
f 1178 1179 1176
f 1176 1179 1177
f 1180 1181 1178
f 1182 1181 1180
f 1178 1181 1179
f 1182 1183 1181
f 1184 1185 1182
f 1182 1185 1183
f 1186 1187 1184
f 1184 1187 1185
f 1186 1188 1187
f 1189 1188 1186
f 1189 1190 1188
f 1191 1190 1189
f 1191 1192 1190
f 1193 1192 1191
f 1193 1194 1192
f 1195 1194 1193
f 1195 1196 1194
f 1197 1196 1195
f 1197 1198 1196
f 1199 1198 1197
f 1199 1200 1198
f 1201 1200 1199
f 1201 1202 1200
f 1203 1202 1201
f 1204 1202 1203
f 1204 1205 1202
f 1204 1206 1205
f 1207 1206 1204
f 1207 1208 1206
f 1209 1208 1207
f 1210 1211 1209
f 1209 1211 1208
f 1210 1212 1211
f 1213 1212 1210
f 1214 1215 1213
f 1216 1215 1214
f 1213 1215 1212
f 1216 1217 1215
f 1216 1218 1217
f 1219 1218 1216
f 1219 1220 1218
f 1221 1220 1219
f 1222 1223 1221
f 1221 1223 1220
f 1222 1224 1223
f 1225 1224 1222
f 1226 1227 1225
f 1225 1227 1224
f 1226 1228 1227
f 1229 1228 1226
f 1230 1231 1229
f 1229 1231 1228
f 1230 1232 1231
f 1233 1232 1230
f 1233 1234 1232
f 1235 1234 1233
f 1235 1236 1234
f 1237 1236 1235
f 1237 1238 1236
f 1239 1238 1237
f 1240 1238 1239
f 1240 1241 1238
f 1240 1242 1241
f 1243 1242 1240
f 1243 1244 1242
f 1245 1244 1243
f 1246 1244 1245
f 1246 1247 1244
f 1246 1248 1247
f 1249 1248 1246
f 1250 1251 1249
f 1252 1251 1250
f 1249 1251 1248
f 1253 1254 1252
f 1252 1254 1251
f 1253 1255 1254
f 1256 1257 1253
f 1253 1257 1255
f 1258 1259 1256
f 1260 1259 1258
f 1256 1259 1257
f 1260 1261 1259
f 1260 1262 1261
f 1263 1262 1260
f 1264 1265 1263
f 1263 1265 1262
f 1266 1267 1264
f 1264 1267 1265
f 1268 1269 1266
f 1266 1269 1267
f 1270 1271 1268
f 1268 1271 1269
f 1272 1273 1270
f 1274 1273 1272
f 1270 1273 1271
f 1274 1275 1273
f 1276 1277 1274
f 1274 1277 1275
f 1276 1278 1277
f 1279 1278 1276
f 1280 1281 1279
f 1279 1281 1278
f 1282 1283 1280
f 1280 1283 1281
f 1282 1284 1283
f 1285 1284 1282
f 1286 1287 1285
f 1285 1287 1284
f 1286 1288 1287
f 1289 1288 1286
f 1290 1291 1289
f 1289 1291 1288
f 1292 1293 1290
f 1290 1293 1291
f 1294 1295 1292
f 1292 1295 1293
f 1296 1297 1294
f 1294 1297 1295
f 1298 1299 1296
f 1300 1299 1298
f 1296 1299 1297
f 1300 1301 1299
f 1302 1303 1300
f 1300 1303 1301
f 1304 1305 1302
f 1306 1305 1304
f 1302 1305 1303
f 1306 1307 1305
f 1308 1309 1306
f 1306 1309 1307
f 1310 1311 1308
f 1308 1311 1309
f 1312 1313 1310
f 1310 1313 1311
f 1312 1314 1313
f 1315 1314 1312
f 1315 1316 1314
f 1317 1316 1315
f 1318 1316 1317
f 1318 1319 1316
f 1318 1320 1319
f 1321 1320 1318
f 1322 1320 1321
f 1322 1323 1320
f 1322 1324 1323
f 1325 1324 1322
f 1325 1326 1324
f 1327 1326 1325
f 1327 1328 1326
f 1329 1328 1327
f 1329 1330 1328
f 1331 1330 1329
f 1331 1332 1330
f 1333 1332 1331
f 1333 1334 1332
f 1335 1334 1333
f 1335 1336 1334
f 1337 1336 1335
f 1338 1336 1337
f 1339 1340 1338
f 1338 1340 1336
f 1339 1341 1340
f 1339 1342 1341
f 1343 1342 1339
f 1343 1344 1342
f 1345 1344 1343
f 1346 1347 1345
f 1345 1347 1344
f 1348 1349 1346
f 1346 1349 1347
f 1350 1351 1348
f 1348 1351 1349
f 1352 1353 1350
f 1354 1353 1352
f 1350 1353 1351
f 1354 1355 1353
f 1354 1356 1355
f 1357 1356 1354
f 1357 1358 1356
f 1359 1358 1357
f 1360 1361 1359
f 1359 1361 1358
f 1362 1363 1360
f 1360 1363 1361
f 1364 1365 1362
f 1366 1365 1364
f 1362 1365 1363
f 1366 1367 1365
f 1368 1369 1366
f 1366 1369 1367
f 1370 1371 1368
f 1368 1371 1369
f 1372 1373 1370
f 1370 1373 1371
f 1374 1375 1372
f 1376 1375 1374
f 1372 1375 1373
f 1376 1377 1375
f 1378 1379 1376
f 1376 1379 1377
f 1380 1381 1378
f 1378 1381 1379
f 1052 1053 1380
f 1380 1053 1381
f 1381 1053 1051
f 1379 1051 1055
f 1379 1381 1051
f 1377 1055 1057
f 1377 1379 1055
f 1375 1057 1059
f 1375 1377 1057
f 1373 1059 1061
f 1373 1375 1059
f 1371 1061 1063
f 1371 1373 1061
f 1369 1063 1065
f 1369 1371 1063
f 1367 1065 1067
f 1367 1369 1065
f 1365 1067 1069
f 1365 1367 1067
f 1363 1069 1071
f 1363 1071 1073
f 1363 1365 1069
f 1361 1073 1075
f 1361 1363 1073
f 1358 1075 1077
f 1358 1361 1075
f 1356 1077 1079
f 1356 1358 1077
f 1355 1079 1081
f 1355 1356 1079
f 1353 1081 1083
f 1353 1083 1085
f 1353 1355 1081
f 1351 1085 1087
f 1351 1353 1085
f 1349 1087 1089
f 1349 1351 1087
f 1347 1089 1091
f 1347 1091 1093
f 1347 1349 1089
f 1344 1093 1095
f 1344 1347 1093
f 1342 1344 1095
f 1342 1095 1097
f 1342 1097 1099
f 1341 1099 1101
f 1341 1342 1099
f 1340 1341 1101
f 1340 1101 1103
f 1340 1103 1105
f 1336 1340 1105
f 1336 1105 1107
f 1334 1336 1107
f 1334 1107 1109
f 1332 1334 1109
f 1332 1109 1111
f 1330 1332 1111
f 1330 1111 1113
f 1328 1330 1113
f 1328 1113 1115
f 1326 1328 1115
f 1326 1115 1117
f 1324 1326 1117
f 1324 1117 1119
f 1323 1324 1119
f 1323 1119 1121
f 1320 1323 1121
f 1320 1121 1123
f 1319 1123 1125
f 1319 1320 1123
f 1316 1125 1127
f 1316 1319 1125
f 1314 1127 1129
f 1314 1316 1127
f 1313 1314 1129
f 1313 1129 1131
f 1311 1131 1133
f 1311 1313 1131
f 1309 1133 1135
f 1309 1311 1133
f 1307 1135 1137
f 1307 1309 1135
f 1305 1137 1139
f 1305 1307 1137
f 1303 1305 1139
f 1303 1139 1141
f 1301 1141 1143
f 1301 1303 1141
f 1299 1143 1145
f 1299 1301 1143
f 1297 1145 1147
f 1297 1299 1145
f 1295 1147 1149
f 1295 1297 1147
f 1293 1149 1151
f 1293 1295 1149
f 1291 1293 1151
f 1288 1291 1151
f 1288 1151 1153
f 1287 1153 1155
f 1287 1288 1153
f 1284 1287 1155
f 1284 1155 1157
f 1218 1212 1215
f 1218 1215 1217
f 1220 1212 1218
f 1220 1211 1212
f 1283 1284 1157
f 1283 1157 1159
f 1223 1211 1220
f 1223 1208 1211
f 1281 1283 1159
f 1281 1159 1161
f 1224 1208 1223
f 1224 1206 1208
f 1227 1206 1224
f 1227 1205 1206
f 1278 1161 1163
f 1278 1281 1161
f 1228 1205 1227
f 1228 1202 1205
f 1277 1278 1163
f 1277 1163 1165
f 1231 1202 1228
f 1231 1200 1202
f 1232 1200 1231
f 1232 1198 1200
f 1275 1165 1167
f 1275 1277 1165
f 1234 1198 1232
f 1234 1196 1198
f 1273 1275 1167
f 1273 1167 1169
f 1236 1196 1234
f 1236 1194 1196
f 1238 1194 1236
f 1238 1192 1194
f 1271 1169 1171
f 1271 1273 1169
f 1241 1192 1238
f 1241 1190 1192
f 1269 1271 1171
f 1269 1171 1173
f 1242 1190 1241
f 1242 1188 1190
f 1267 1173 1175
f 1267 1269 1173
f 1244 1188 1242
f 1265 1267 1175
f 1247 1187 1188
f 1247 1188 1244
f 1262 1175 1177
f 1262 1265 1175
f 1248 1185 1187
f 1248 1187 1247
f 1261 1177 1179
f 1261 1262 1177
f 1251 1183 1185
f 1251 1185 1248
f 1259 1261 1179
f 1254 1183 1251
f 1257 1179 1181
f 1257 1259 1179
f 1255 1181 1183
f 1255 1257 1181
f 1255 1183 1254
f 1052 1380 1050
f 1050 1378 1054
f 1380 1378 1050
f 1054 1376 1056
f 1378 1376 1054
f 1056 1374 1058
f 1376 1374 1056
f 1058 1372 1060
f 1374 1372 1058
f 1060 1370 1062
f 1372 1370 1060
f 1062 1368 1064
f 1370 1368 1062
f 1064 1366 1066
f 1368 1366 1064
f 1066 1364 1068
f 1366 1364 1066
f 1068 1362 1070
f 1070 1362 1072
f 1364 1362 1068
f 1072 1360 1074
f 1362 1360 1072
f 1074 1359 1076
f 1360 1359 1074
f 1076 1357 1078
f 1359 1357 1076
f 1078 1354 1080
f 1357 1354 1078
f 1080 1352 1082
f 1082 1352 1084
f 1354 1352 1080
f 1084 1350 1086
f 1352 1350 1084
f 1086 1348 1088
f 1350 1348 1086
f 1088 1346 1090
f 1090 1346 1092
f 1348 1346 1088
f 1092 1345 1094
f 1346 1345 1092
f 1345 1343 1094
f 1094 1343 1096
f 1096 1343 1098
f 1098 1339 1100
f 1343 1339 1098
f 1339 1338 1100
f 1100 1338 1102
f 1102 1338 1104
f 1338 1337 1104
f 1104 1337 1106
f 1337 1335 1106
f 1106 1335 1108
f 1335 1333 1108
f 1108 1333 1110
f 1333 1331 1110
f 1110 1331 1112
f 1331 1329 1112
f 1112 1329 1114
f 1329 1327 1114
f 1114 1327 1116
f 1327 1325 1116
f 1116 1325 1118
f 1325 1322 1118
f 1118 1322 1120
f 1322 1321 1120
f 1120 1321 1122
f 1122 1318 1124
f 1321 1318 1122
f 1124 1317 1126
f 1318 1317 1124
f 1126 1315 1128
f 1317 1315 1126
f 1315 1312 1128
f 1128 1312 1130
f 1130 1310 1132
f 1312 1310 1130
f 1132 1308 1134
f 1310 1308 1132
f 1134 1306 1136
f 1308 1306 1134
f 1136 1304 1138
f 1306 1304 1136
f 1304 1302 1138
f 1138 1302 1140
f 1140 1300 1142
f 1302 1300 1140
f 1142 1298 1144
f 1300 1298 1142
f 1144 1296 1146
f 1298 1296 1144
f 1146 1294 1148
f 1296 1294 1146
f 1148 1292 1150
f 1294 1292 1148
f 1292 1290 1150
f 1290 1289 1150
f 1150 1289 1152
f 1152 1286 1154
f 1289 1286 1152
f 1286 1285 1154
f 1154 1285 1156
f 1213 1219 1214
f 1214 1219 1216
f 1213 1221 1219
f 1210 1221 1213
f 1285 1282 1156
f 1156 1282 1158
f 1210 1222 1221
f 1209 1222 1210
f 1282 1280 1158
f 1158 1280 1160
f 1209 1225 1222
f 1207 1225 1209
f 1207 1226 1225
f 1204 1226 1207
f 1160 1279 1162
f 1280 1279 1160
f 1204 1229 1226
f 1203 1229 1204
f 1279 1276 1162
f 1162 1276 1164
f 1203 1230 1229
f 1201 1230 1203
f 1201 1233 1230
f 1199 1233 1201
f 1164 1274 1166
f 1276 1274 1164
f 1199 1235 1233
f 1197 1235 1199
f 1274 1272 1166
f 1166 1272 1168
f 1197 1237 1235
f 1195 1237 1197
f 1195 1239 1237
f 1193 1239 1195
f 1168 1270 1170
f 1272 1270 1168
f 1193 1240 1239
f 1191 1240 1193
f 1270 1268 1170
f 1170 1268 1172
f 1191 1243 1240
f 1189 1243 1191
f 1172 1266 1174
f 1268 1266 1172
f 1189 1245 1243
f 1266 1264 1174
f 1186 1246 1189
f 1189 1246 1245
f 1174 1263 1176
f 1264 1263 1174
f 1184 1249 1186
f 1186 1249 1246
f 1176 1260 1178
f 1263 1260 1176
f 1182 1250 1184
f 1184 1250 1249
f 1260 1258 1178
f 1182 1252 1250
f 1178 1256 1180
f 1258 1256 1178
f 1180 1253 1182
f 1256 1253 1180
f 1182 1253 1252
f 1382 1383 1384
f 1382 1385 1383
f 1386 1387 1388
f 1386 1389 1387
f 1390 1388 1391
f 1390 1386 1388
f 1392 1391 1393
f 1392 1390 1391
f 1394 1393 1395
f 1394 1392 1393
f 1396 1395 1397
f 1396 1397 1398
f 1396 1394 1395
f 1399 1398 1400
f 1399 1396 1398
f 1401 1399 1400
f 1402 1401 1400
f 1402 1400 1403
f 1402 1403 1404
f 1405 1402 1404
f 1406 1404 1407
f 1406 1405 1404
f 1408 1407 1409
f 1408 1406 1407
f 1410 1409 1411
f 1410 1408 1409
f 1412 1411 1413
f 1412 1410 1411
f 1414 1413 1415
f 1414 1412 1413
f 1416 1415 1417
f 1416 1414 1415
f 1418 1417 1419
f 1418 1419 1420
f 1418 1416 1417
f 1421 1418 1420
f 1422 1420 1423
f 1422 1421 1420
f 1424 1423 1425
f 1424 1425 1426
f 1424 1422 1423
f 1427 1424 1426
f 1428 1426 1429
f 1428 1429 1430
f 1428 1427 1426
f 1431 1428 1430
f 1432 1430 1433
f 1432 1431 1430
f 1434 1433 1435
f 1434 1432 1433
f 1436 1435 1437
f 1436 1434 1435
f 1438 1437 1439
f 1438 1436 1437
f 1440 1439 1441
f 1440 1441 1442
f 1440 1438 1439
f 1443 1442 1444
f 1443 1440 1442
f 1445 1443 1444
f 1446 1444 1447
f 1446 1447 1448
f 1446 1445 1444
f 1449 1446 1448
f 1385 1448 1383
f 1385 1449 1448
f 1389 1450 1387
f 1389 1451 1450
f 1452 1453 1454
f 1452 1455 1453
f 1456 1454 1457
f 1456 1452 1454
f 1458 1457 1459
f 1458 1456 1457
f 1460 1459 1461
f 1460 1458 1459
f 1462 1461 1463
f 1462 1463 1464
f 1462 1460 1461
f 1465 1464 1466
f 1465 1462 1464
f 1467 1465 1466
f 1468 1467 1466
f 1468 1466 1469
f 1468 1469 1470
f 1471 1468 1470
f 1472 1470 1473
f 1472 1471 1470
f 1474 1473 1475
f 1474 1472 1473
f 1476 1475 1477
f 1476 1474 1475
f 1478 1477 1479
f 1478 1476 1477
f 1480 1479 1481
f 1480 1478 1479
f 1482 1481 1483
f 1482 1480 1481
f 1484 1483 1485
f 1484 1485 1486
f 1484 1482 1483
f 1487 1484 1486
f 1488 1486 1489
f 1488 1487 1486
f 1490 1489 1491
f 1490 1491 1492
f 1490 1488 1489
f 1493 1490 1492
f 1494 1492 1495
f 1494 1495 1496
f 1494 1493 1492
f 1497 1494 1496
f 1498 1496 1499
f 1498 1497 1496
f 1500 1499 1501
f 1500 1498 1499
f 1502 1501 1503
f 1502 1500 1501
f 1504 1503 1505
f 1504 1502 1503
f 1506 1505 1507
f 1506 1507 1508
f 1506 1504 1505
f 1509 1508 1510
f 1509 1506 1508
f 1511 1509 1510
f 1512 1510 1513
f 1512 1513 1514
f 1512 1511 1510
f 1515 1512 1514
f 1451 1514 1450
f 1451 1515 1514
f 1455 1516 1453
f 1455 1517 1516
f 1518 1519 1520
f 1518 1521 1519
f 1522 1520 1523
f 1522 1518 1520
f 1524 1523 1525
f 1524 1522 1523
f 1526 1525 1527
f 1526 1524 1525
f 1528 1527 1529
f 1528 1529 1530
f 1528 1526 1527
f 1531 1530 1532
f 1531 1528 1530
f 1533 1531 1532
f 1534 1533 1532
f 1534 1532 1535
f 1534 1535 1536
f 1537 1534 1536
f 1538 1536 1539
f 1538 1537 1536
f 1540 1539 1541
f 1540 1538 1539
f 1542 1541 1543
f 1542 1540 1541
f 1544 1543 1545
f 1544 1542 1543
f 1546 1545 1547
f 1546 1544 1545
f 1548 1547 1549
f 1548 1546 1547
f 1550 1549 1551
f 1550 1551 1552
f 1550 1548 1549
f 1553 1550 1552
f 1554 1552 1555
f 1554 1553 1552
f 1556 1555 1557
f 1556 1557 1558
f 1556 1554 1555
f 1559 1556 1558
f 1560 1558 1561
f 1560 1561 1562
f 1560 1559 1558
f 1563 1560 1562
f 1564 1562 1565
f 1564 1563 1562
f 1566 1565 1567
f 1566 1564 1565
f 1568 1567 1569
f 1568 1566 1567
f 1570 1569 1571
f 1570 1568 1569
f 1572 1571 1573
f 1572 1573 1574
f 1572 1570 1571
f 1575 1574 1576
f 1575 1572 1574
f 1577 1575 1576
f 1578 1576 1579
f 1578 1579 1580
f 1578 1577 1576
f 1581 1578 1580
f 1517 1580 1516
f 1517 1581 1580
f 1521 1582 1519
f 1521 1583 1582
f 1584 1384 1585
f 1584 1382 1384
f 1586 1585 1587
f 1586 1584 1585
f 1588 1587 1589
f 1588 1586 1587
f 1590 1589 1591
f 1590 1588 1589
f 1592 1591 1593
f 1592 1593 1594
f 1592 1590 1591
f 1595 1594 1596
f 1595 1592 1594
f 1597 1595 1596
f 1598 1597 1596
f 1598 1596 1599
f 1598 1599 1600
f 1601 1598 1600
f 1602 1600 1603
f 1602 1601 1600
f 1604 1603 1605
f 1604 1602 1603
f 1606 1605 1607
f 1606 1604 1605
f 1608 1607 1609
f 1608 1606 1607
f 1610 1609 1611
f 1610 1608 1609
f 1612 1611 1613
f 1612 1610 1611
f 1614 1613 1615
f 1614 1615 1616
f 1614 1612 1613
f 1617 1614 1616
f 1618 1616 1619
f 1618 1617 1616
f 1620 1619 1621
f 1620 1621 1622
f 1620 1618 1619
f 1623 1620 1622
f 1624 1622 1625
f 1624 1625 1626
f 1624 1623 1622
f 1627 1624 1626
f 1628 1626 1629
f 1628 1627 1626
f 1630 1629 1631
f 1630 1628 1629
f 1632 1631 1633
f 1632 1630 1631
f 1634 1633 1635
f 1634 1632 1633
f 1636 1635 1637
f 1636 1637 1638
f 1636 1634 1635
f 1639 1638 1640
f 1639 1636 1638
f 1641 1639 1640
f 1642 1640 1643
f 1642 1643 1644
f 1642 1641 1640
f 1645 1642 1644
f 1583 1644 1582
f 1583 1645 1644
f 1422 1418 1421
f 1412 1414 1416
f 1424 1416 1418
f 1424 1418 1422
f 1410 1412 1416
f 1428 1424 1427
f 1406 1408 1410
f 1405 1410 1416
f 1405 1406 1410
f 1434 1428 1431
f 1434 1431 1432
f 1399 1401 1402
f 1438 1434 1436
f 1396 1399 1402
f 1443 1438 1440
f 1392 1394 1396
f 1392 1402 1405
f 1392 1396 1402
f 1390 1405 1416
f 1390 1392 1405
f 1446 1443 1445
f 1446 1416 1424
f 1446 1424 1428
f 1446 1428 1434
f 1446 1434 1438
f 1446 1390 1416
f 1446 1438 1443
f 1389 1386 1390
f 1389 1446 1449
f 1389 1449 1385
f 1389 1390 1446
f 1451 1389 1385
f 1512 1515 1451
f 1504 1506 1509
f 1504 1509 1511
f 1504 1511 1512
f 1500 1512 1451
f 1500 1504 1512
f 1500 1502 1504
f 1497 1500 1451
f 1497 1498 1500
f 1490 1497 1451
f 1490 1493 1494
f 1490 1494 1497
f 1487 1490 1451
f 1487 1488 1490
f 1484 1487 1451
f 1482 1484 1451
f 1480 1482 1451
f 1478 1480 1451
f 1474 1478 1451
f 1474 1476 1478
f 1471 1472 1474
f 1467 1471 1474
f 1467 1468 1471
f 1462 1467 1474
f 1462 1465 1467
f 1460 1462 1474
f 1458 1460 1474
f 1452 1458 1474
f 1452 1456 1458
f 1455 1451 1385
f 1455 1474 1451
f 1455 1452 1474
f 1586 1382 1584
f 1592 1586 1588
f 1592 1588 1590
f 1592 1382 1586
f 1597 1592 1595
f 1598 1592 1597
f 1598 1382 1592
f 1601 1382 1598
f 1602 1382 1601
f 1604 1382 1602
f 1610 1604 1606
f 1610 1606 1608
f 1612 1382 1604
f 1612 1604 1610
f 1614 1382 1612
f 1623 1614 1617
f 1623 1617 1618
f 1623 1618 1620
f 1624 1614 1623
f 1630 1624 1627
f 1630 1627 1628
f 1632 1614 1624
f 1632 1624 1630
f 1632 1382 1614
f 1641 1636 1639
f 1642 1636 1641
f 1583 1382 1632
f 1583 1636 1642
f 1583 1632 1634
f 1583 1634 1636
f 1583 1642 1645
f 1517 1455 1385
f 1517 1382 1583
f 1517 1385 1382
f 1521 1517 1583
f 1577 1578 1581
f 1528 1524 1526
f 1572 1577 1581
f 1572 1575 1577
f 1572 1581 1517
f 1531 1522 1524
f 1531 1524 1528
f 1533 1517 1521
f 1533 1521 1518
f 1533 1518 1522
f 1533 1522 1531
f 1568 1570 1572
f 1566 1572 1517
f 1566 1568 1572
f 1564 1566 1517
f 1538 1533 1534
f 1538 1534 1537
f 1563 1564 1517
f 1544 1538 1540
f 1544 1540 1542
f 1554 1556 1559
f 1554 1559 1560
f 1553 1560 1563
f 1553 1563 1517
f 1553 1554 1560
f 1550 1544 1546
f 1550 1546 1548
f 1550 1517 1533
f 1550 1533 1538
f 1550 1538 1544
f 1550 1553 1517
f 1417 1423 1419
f 1419 1423 1420
f 1417 1425 1423
f 1413 1411 1415
f 1415 1411 1417
f 1425 1429 1426
f 1409 1407 1411
f 1411 1404 1417
f 1407 1404 1411
f 1425 1435 1429
f 1429 1435 1430
f 1430 1435 1433
f 1435 1439 1437
f 1398 1397 1400
f 1400 1397 1403
f 1395 1393 1397
f 1403 1393 1404
f 1397 1393 1403
f 1417 1447 1425
f 1425 1447 1435
f 1435 1447 1439
f 1439 1447 1441
f 1441 1447 1442
f 1442 1447 1444
f 1404 1391 1417
f 1393 1391 1404
f 1417 1448 1447
f 1391 1448 1417
f 1388 1387 1391
f 1391 1387 1448
f 1448 1387 1383
f 1387 1450 1383
f 1514 1513 1450
f 1507 1505 1508
f 1508 1505 1510
f 1510 1505 1513
f 1505 1503 1513
f 1513 1501 1450
f 1503 1501 1513
f 1501 1496 1450
f 1499 1496 1501
f 1495 1492 1496
f 1496 1491 1450
f 1492 1491 1496
f 1491 1489 1450
f 1485 1483 1486
f 1486 1483 1489
f 1483 1481 1489
f 1489 1477 1450
f 1481 1477 1489
f 1479 1477 1481
f 1477 1470 1450
f 1473 1470 1475
f 1475 1470 1477
f 1470 1469 1450
f 1469 1466 1450
f 1464 1463 1466
f 1461 1459 1463
f 1466 1459 1450
f 1463 1459 1466
f 1454 1453 1457
f 1457 1453 1459
f 1450 1453 1383
f 1459 1453 1450
f 1384 1587 1585
f 1587 1591 1589
f 1384 1591 1587
f 1591 1594 1593
f 1594 1600 1596
f 1596 1600 1599
f 1591 1600 1594
f 1384 1600 1591
f 1384 1603 1600
f 1384 1605 1603
f 1605 1609 1607
f 1605 1611 1609
f 1384 1613 1605
f 1605 1613 1611
f 1613 1616 1615
f 1384 1616 1613
f 1384 1619 1616
f 1619 1622 1621
f 1619 1626 1622
f 1622 1626 1625
f 1384 1626 1619
f 1384 1629 1626
f 1384 1635 1629
f 1629 1635 1631
f 1631 1635 1633
f 1384 1637 1635
f 1637 1643 1638
f 1638 1643 1640
f 1384 1644 1637
f 1637 1644 1643
f 1384 1582 1644
f 1384 1519 1582
f 1384 1516 1519
f 1453 1516 1383
f 1383 1516 1384
f 1580 1579 1516
f 1519 1523 1520
f 1574 1573 1576
f 1576 1573 1579
f 1571 1569 1573
f 1573 1569 1579
f 1523 1535 1525
f 1525 1535 1527
f 1527 1535 1529
f 1529 1535 1530
f 1530 1535 1532
f 1519 1535 1523
f 1569 1567 1579
f 1519 1536 1535
f 1562 1561 1565
f 1565 1561 1567
f 1579 1561 1516
f 1567 1561 1579
f 1536 1541 1539
f 1536 1543 1541
f 1558 1557 1561
f 1561 1557 1516
f 1536 1545 1543
f 1536 1547 1545
f 1536 1549 1547
f 1555 1552 1557
f 1516 1551 1519
f 1519 1551 1536
f 1557 1551 1516
f 1552 1551 1557
f 1536 1551 1549
f 1646 1647 1648
f 1646 1648 1649
f 1650 1649 1651
f 1650 1646 1649
f 1652 1651 1653
f 1652 1653 1654
f 1652 1650 1651
f 1655 1652 1654
f 1656 1654 1657
f 1656 1655 1654
f 1658 1657 1659
f 1658 1659 1660
f 1658 1656 1657
f 1661 1658 1660
f 1662 1660 1663
f 1662 1661 1660
f 1664 1663 1665
f 1664 1662 1663
f 1666 1665 1667
f 1666 1664 1665
f 1668 1666 1667
f 1668 1667 1669
f 1670 1668 1669
f 1670 1669 1671
f 1670 1671 1672
f 1673 1670 1672
f 1673 1672 1674
f 1675 1673 1674
f 1675 1674 1676
f 1677 1675 1676
f 1678 1677 1676
f 1678 1676 1679
f 1680 1678 1679
f 1680 1679 1681
f 1680 1681 1682
f 1683 1680 1682
f 1683 1682 1684
f 1685 1683 1684
f 1686 1685 1684
f 1686 1684 1687
f 1688 1686 1687
f 1688 1687 1689
f 1688 1689 1690
f 1691 1688 1690
f 1692 1690 1693
f 1692 1691 1690
f 1694 1693 1695
f 1694 1692 1693
f 1694 1695 1696
f 1697 1694 1696
f 1698 1696 1699
f 1698 1697 1696
f 1700 1699 1701
f 1700 1698 1699
f 1702 1701 1703
f 1702 1700 1701
f 1704 1703 1705
f 1704 1702 1703
f 1706 1705 1707
f 1706 1704 1705
f 1708 1707 1709
f 1708 1709 1710
f 1708 1706 1707
f 1711 1710 1712
f 1711 1708 1710
f 1713 1711 1712
f 1714 1712 1715
f 1714 1715 1716
f 1714 1713 1712
f 1717 1714 1716
f 1718 1717 1716
f 1718 1716 1719
f 1718 1719 1720
f 1721 1718 1720
f 1722 1720 1723
f 1722 1721 1720
f 1724 1722 1723
f 1724 1723 1725
f 1726 1724 1725
f 1726 1725 1727
f 1728 1726 1727
f 1728 1727 1729
f 1730 1728 1729
f 1730 1729 1731
f 1730 1731 1732
f 1733 1730 1732
f 1733 1732 1734
f 1735 1733 1734
f 1736 1735 1734
f 1736 1734 1737
f 1738 1736 1737
f 1738 1737 1739
f 1740 1738 1739
f 1740 1739 1741
f 1742 1740 1741
f 1742 1741 1743
f 1742 1743 1744
f 1745 1742 1744
f 1745 1744 1746
f 1747 1745 1746
f 1748 1747 1746
f 1748 1746 1749
f 1750 1748 1749
f 1750 1749 1751
f 1750 1751 1752
f 1753 1750 1752
f 1754 1753 1752
f 1754 1752 1755
f 1756 1754 1755
f 1756 1755 1757
f 1756 1757 1758
f 1759 1756 1758
f 1760 1759 1758
f 1760 1758 1761
f 1762 1761 1763
f 1762 1763 1764
f 1762 1760 1761
f 1765 1762 1764
f 1765 1764 1766
f 1767 1765 1766
f 1768 1766 1769
f 1768 1767 1766
f 1770 1768 1769
f 1770 1769 1771
f 1770 1771 1772
f 1773 1770 1772
f 1774 1773 1772
f 1774 1772 1775
f 1774 1775 1776
f 1777 1774 1776
f 1778 1777 1776
f 1778 1776 1779
f 1780 1778 1779
f 1780 1779 1781
f 1782 1780 1781
f 1782 1781 1783
f 1782 1783 1784
f 1785 1782 1784
f 1786 1785 1784
f 1786 1784 1787
f 1788 1786 1787
f 1788 1787 1789
f 1790 1788 1789
f 1790 1789 1791
f 1790 1791 1792
f 1793 1790 1792
f 1794 1793 1792
f 1794 1792 1795
f 1796 1795 1797
f 1796 1797 1798
f 1796 1794 1795
f 1799 1798 1800
f 1799 1796 1798
f 1801 1799 1800
f 1802 1800 1803
f 1802 1801 1800
f 1804 1803 1805
f 1804 1802 1803
f 1806 1805 1807
f 1806 1804 1805
f 1808 1807 1809
f 1808 1809 1810
f 1808 1806 1807
f 1811 1808 1810
f 1812 1810 1813
f 1812 1813 1814
f 1812 1811 1810
f 1815 1814 1816
f 1815 1812 1814
f 1817 1815 1816
f 1818 1816 1819
f 1818 1819 1820
f 1818 1817 1816
f 1821 1818 1820
f 1822 1821 1820
f 1822 1820 1823
f 1824 1822 1823
f 1824 1823 1825
f 1824 1825 1826
f 1827 1824 1826
f 1828 1827 1826
f 1828 1826 1829
f 1828 1829 1830
f 1831 1828 1830
f 1832 1830 1833
f 1832 1833 1834
f 1832 1831 1830
f 1835 1832 1834
f 1836 1834 1837
f 1836 1835 1834
f 1838 1837 1839
f 1838 1839 1840
f 1838 1836 1837
f 1841 1838 1840
f 1842 1840 1843
f 1842 1841 1840
f 1844 1843 1845
f 1844 1845 1846
f 1844 1842 1843
f 1847 1844 1846
f 1848 1846 1849
f 1848 1847 1846
f 1850 1849 1851
f 1850 1848 1849
f 1852 1851 1853
f 1852 1850 1851
f 1854 1853 1855
f 1854 1852 1853
f 1856 1855 1857
f 1856 1854 1855
f 1858 1857 1859
f 1858 1856 1857
f 1860 1859 1861
f 1860 1858 1859
f 1862 1861 1863
f 1862 1860 1861
f 1864 1863 1865
f 1864 1862 1863
f 1866 1865 1867
f 1866 1864 1865
f 1868 1867 1869
f 1868 1866 1867
f 1870 1869 1871
f 1870 1868 1869
f 1872 1870 1871
f 1872 1871 1873
f 1874 1872 1873
f 1874 1873 1875
f 1876 1874 1875
f 1876 1875 1877
f 1878 1876 1877
f 1878 1877 1879
f 1880 1878 1879
f 1880 1879 1881
f 1882 1880 1881
f 1882 1881 1883
f 1884 1882 1883
f 1884 1883 1885
f 1886 1884 1885
f 1886 1885 1887
f 1888 1886 1887
f 1888 1887 1889
f 1890 1888 1889
f 1890 1889 1891
f 1892 1890 1891
f 1892 1891 1893
f 1894 1892 1893
f 1894 1893 1895
f 1894 1895 1896
f 1897 1894 1896
f 1647 1896 1648
f 1647 1897 1896
f 1685 1680 1683
f 1670 1673 1675
f 1670 1675 1677
f 1670 1677 1678
f 1686 1678 1680
f 1686 1680 1685
f 1688 1670 1678
f 1688 1678 1686
f 1666 1668 1670
f 1664 1666 1670
f 1692 1688 1691
f 1661 1662 1664
f 1697 1692 1694
f 1656 1658 1661
f 1656 1661 1664
f 1656 1664 1670
f 1704 1697 1698
f 1704 1698 1700
f 1704 1700 1702
f 1704 1670 1688
f 1704 1688 1692
f 1704 1692 1697
f 1704 1656 1670
f 1706 1650 1652
f 1706 1652 1655
f 1706 1655 1656
f 1706 1656 1704
f 1711 1706 1708
f 1711 1650 1706
f 1714 1647 1646
f 1714 1646 1650
f 1714 1711 1713
f 1714 1650 1711
f 1892 1894 1897
f 1718 1892 1897
f 1718 1897 1647
f 1718 1714 1717
f 1718 1647 1714
f 1888 1890 1892
f 1721 1892 1718
f 1726 1721 1722
f 1726 1722 1724
f 1878 1880 1882
f 1878 1882 1884
f 1878 1884 1886
f 1730 1892 1721
f 1730 1886 1888
f 1730 1721 1726
f 1730 1726 1728
f 1730 1888 1892
f 1876 1878 1886
f 1872 1874 1876
f 1736 1733 1735
f 1870 1876 1886
f 1870 1872 1876
f 1740 1736 1738
f 1742 1730 1733
f 1742 1733 1736
f 1742 1736 1740
f 1864 1866 1868
f 1864 1868 1870
f 1748 1730 1742
f 1748 1742 1745
f 1748 1745 1747
f 1858 1860 1862
f 1858 1862 1864
f 1856 1858 1864
f 1854 1856 1864
f 1852 1854 1864
f 1756 1748 1750
f 1756 1750 1753
f 1756 1753 1754
f 1756 1730 1748
f 1848 1850 1852
f 1760 1756 1759
f 1844 1847 1848
f 1844 1848 1852
f 1765 1760 1762
f 1765 1756 1760
f 1841 1842 1844
f 1768 1756 1765
f 1768 1765 1767
f 1774 1756 1768
f 1774 1768 1770
f 1774 1770 1773
f 1832 1841 1844
f 1832 1756 1774
f 1832 1886 1730
f 1832 1870 1886
f 1832 1864 1870
f 1832 1730 1756
f 1832 1852 1864
f 1832 1844 1852
f 1832 1835 1836
f 1832 1836 1838
f 1832 1838 1841
f 1778 1774 1777
f 1827 1828 1831
f 1822 1827 1831
f 1822 1824 1827
f 1822 1831 1832
f 1786 1780 1782
f 1786 1782 1785
f 1788 1780 1786
f 1818 1822 1832
f 1818 1821 1822
f 1790 1780 1788
f 1790 1778 1780
f 1817 1818 1832
f 1794 1774 1778
f 1794 1778 1790
f 1794 1790 1793
f 1812 1817 1832
f 1812 1815 1817
f 1801 1796 1799
f 1806 1808 1811
f 1804 1832 1774
f 1804 1774 1794
f 1804 1812 1832
f 1804 1796 1801
f 1804 1794 1796
f 1804 1806 1811
f 1804 1801 1802
f 1804 1811 1812
f 1681 1684 1682
f 1672 1671 1674
f 1674 1671 1676
f 1676 1671 1679
f 1679 1687 1681
f 1681 1687 1684
f 1671 1689 1679
f 1679 1689 1687
f 1669 1667 1671
f 1667 1665 1671
f 1689 1693 1690
f 1663 1660 1665
f 1693 1696 1695
f 1659 1657 1660
f 1660 1657 1665
f 1665 1657 1671
f 1696 1705 1699
f 1699 1705 1701
f 1701 1705 1703
f 1671 1705 1689
f 1689 1705 1693
f 1693 1705 1696
f 1657 1705 1671
f 1651 1707 1653
f 1653 1707 1654
f 1654 1707 1657
f 1657 1707 1705
f 1707 1710 1709
f 1651 1710 1707
f 1648 1715 1649
f 1649 1715 1651
f 1710 1715 1712
f 1651 1715 1710
f 1895 1893 1896
f 1893 1719 1896
f 1896 1719 1648
f 1715 1719 1716
f 1648 1719 1715
f 1891 1889 1893
f 1893 1720 1719
f 1720 1727 1723
f 1723 1727 1725
f 1881 1879 1883
f 1883 1879 1885
f 1885 1879 1887
f 1893 1731 1720
f 1887 1731 1889
f 1720 1731 1727
f 1727 1731 1729
f 1889 1731 1893
f 1879 1877 1887
f 1875 1873 1877
f 1732 1737 1734
f 1877 1871 1887
f 1873 1871 1877
f 1737 1741 1739
f 1731 1743 1732
f 1732 1743 1737
f 1737 1743 1741
f 1867 1865 1869
f 1869 1865 1871
f 1731 1749 1743
f 1743 1749 1744
f 1744 1749 1746
f 1861 1859 1863
f 1863 1859 1865
f 1859 1857 1865
f 1857 1855 1865
f 1855 1853 1865
f 1749 1757 1751
f 1751 1757 1752
f 1752 1757 1755
f 1731 1757 1749
f 1851 1849 1853
f 1757 1761 1758
f 1846 1845 1849
f 1849 1845 1853
f 1761 1764 1763
f 1757 1764 1761
f 1843 1840 1845
f 1757 1769 1764
f 1764 1769 1766
f 1757 1775 1769
f 1769 1775 1771
f 1771 1775 1772
f 1840 1833 1845
f 1757 1833 1775
f 1887 1833 1731
f 1871 1833 1887
f 1865 1833 1871
f 1731 1833 1757
f 1853 1833 1865
f 1845 1833 1853
f 1834 1833 1837
f 1837 1833 1839
f 1839 1833 1840
f 1775 1779 1776
f 1829 1826 1830
f 1826 1823 1830
f 1825 1823 1826
f 1830 1823 1833
f 1781 1787 1783
f 1783 1787 1784
f 1781 1789 1787
f 1823 1819 1833
f 1820 1819 1823
f 1781 1791 1789
f 1779 1791 1781
f 1819 1816 1833
f 1775 1795 1779
f 1779 1795 1791
f 1791 1795 1792
f 1816 1813 1833
f 1814 1813 1816
f 1797 1800 1798
f 1809 1807 1810
f 1833 1805 1775
f 1775 1805 1795
f 1813 1805 1833
f 1797 1805 1800
f 1795 1805 1797
f 1807 1805 1810
f 1800 1805 1803
f 1810 1805 1813
f 1898 1899 1900
f 1901 1898 1900
f 1902 1900 1903
f 1902 1901 1900
f 1904 1903 1905
f 1904 1902 1903
f 1906 1905 1907
f 1906 1904 1905
f 1908 1907 1909
f 1908 1909 1910
f 1908 1906 1907
f 1911 1908 1910
f 1912 1910 1913
f 1912 1911 1910
f 1914 1913 1915
f 1914 1912 1913
f 1916 1915 1917
f 1916 1914 1915
f 1918 1917 1919
f 1918 1916 1917
f 1920 1919 1921
f 1920 1918 1919
f 1922 1921 1923
f 1922 1920 1921
f 1924 1922 1923
f 1924 1923 1925
f 1926 1924 1925
f 1926 1925 1927
f 1928 1926 1927
f 1928 1927 1929
f 1928 1929 1930
f 1931 1928 1930
f 1932 1931 1930
f 1932 1930 1933
f 1934 1933 1935
f 1934 1932 1933
f 1936 1935 1937
f 1936 1934 1935
f 1938 1937 1939
f 1938 1936 1937
f 1940 1939 1941
f 1940 1938 1939
f 1898 1942 1899
f 1898 1943 1942
f 1944 1945 1946
f 1944 1947 1945
f 1948 1946 1949
f 1948 1944 1946
f 1950 1949 1951
f 1950 1948 1949
f 1952 1951 1953
f 1952 1950 1951
f 1954 1953 1955
f 1954 1952 1953
f 1956 1955 1957
f 1956 1954 1955
f 1958 1957 1959
f 1958 1956 1957
f 1960 1959 1961
f 1960 1958 1959
f 1962 1961 1963
f 1962 1960 1961
f 1964 1963 1965
f 1964 1962 1963
f 1966 1965 1967
f 1966 1964 1965
f 1968 1967 1969
f 1968 1966 1967
f 1970 1968 1969
f 1970 1969 1971
f 1972 1970 1971
f 1972 1971 1973
f 1974 1972 1973
f 1974 1973 1975
f 1976 1974 1975
f 1976 1975 1977
f 1978 1976 1977
f 1978 1977 1979
f 1980 1979 1981
f 1980 1978 1979
f 1982 1981 1983
f 1982 1980 1981
f 1984 1983 1985
f 1984 1982 1983
f 1943 1985 1942
f 1943 1984 1985
f 1986 1987 1945
f 1947 1986 1945
f 1988 1989 1990
f 1988 1991 1989
f 1992 1990 1993
f 1992 1988 1990
f 1994 1993 1995
f 1994 1992 1993
f 1996 1995 1997
f 1996 1994 1995
f 1998 1997 1999
f 1998 1996 1997
f 2000 1999 2001
f 2000 1998 1999
f 2002 2001 2003
f 2002 2000 2001
f 2004 2003 2005
f 2004 2005 2006
f 2004 2002 2003
f 2007 2004 2006
f 2008 2006 2009
f 2008 2007 2006
f 2010 2009 2011
f 2010 2008 2009
f 2012 2011 2013
f 2012 2010 2011
f 2014 2012 2013
f 2014 2013 2015
f 2016 2014 2015
f 2016 2015 2017
f 2018 2016 2017
f 2018 2017 2019
f 2020 2018 2019
f 2020 2019 2021
f 2022 2020 2021
f 2022 2021 2023
f 2022 2023 2024
f 2025 2022 2024
f 2026 2024 2027
f 2026 2027 2028
f 2026 2025 2024
f 2029 2026 2028
f 1986 2028 1987
f 1986 2029 2028
f 1991 2030 1989
f 1991 2031 2030
f 2032 2033 2034
f 2032 2034 2035
f 2032 2036 2033
f 2037 2035 2038
f 2037 2032 2035
f 2039 2037 2038
f 2040 2038 2041
f 2040 2039 2038
f 2042 2041 2043
f 2042 2040 2041
f 2044 2043 2045
f 2044 2042 2043
f 2046 2045 2047
f 2046 2047 2048
f 2046 2044 2045
f 2049 2046 2048
f 2050 2048 2051
f 2050 2051 2052
f 2050 2049 2048
f 2053 2050 2052
f 2054 2052 2055
f 2054 2053 2052
f 2056 2055 2057
f 2056 2054 2055
f 2058 2056 2057
f 2058 2057 2059
f 2060 2058 2059
f 2060 2059 2061
f 2062 2060 2061
f 2062 2061 2063
f 2064 2062 2063
f 2064 2063 2065
f 2066 2064 2065
f 2066 2065 2067
f 2066 2067 2068
f 2069 2066 2068
f 2070 2068 2071
f 2070 2069 2068
f 2072 2071 2073
f 2072 2070 2071
f 2031 2073 2030
f 2031 2072 2073
f 2036 2074 2033
f 2036 2075 2074
f 2076 2077 2078
f 2076 2079 2077
f 2080 2078 2081
f 2080 2076 2078
f 2082 2081 2083
f 2082 2080 2081
f 2084 2083 2085
f 2084 2082 2083
f 2086 2085 2087
f 2086 2084 2085
f 2088 2087 2089
f 2088 2086 2087
f 2090 2089 2091
f 2090 2088 2089
f 2092 2091 2093
f 2092 2090 2091
f 2094 2093 2095
f 2094 2092 2093
f 2096 2095 2097
f 2096 2094 2095
f 2098 2097 2099
f 2098 2096 2097
f 2100 2099 2101
f 2100 2098 2099
f 2102 2100 2101
f 2102 2101 2103
f 2104 2102 2103
f 2104 2103 2105
f 2106 2104 2105
f 2106 2105 2107
f 2108 2106 2107
f 2108 2107 2109
f 2110 2108 2109
f 2110 2109 2111
f 2112 2111 2113
f 2112 2110 2111
f 2114 2113 2115
f 2114 2112 2113
f 2116 2115 2117
f 2116 2114 2115
f 2075 2117 2074
f 2075 2116 2117
f 2118 2119 2077
f 2079 2118 2077
f 2120 2121 2122
f 2120 2123 2121
f 2124 2122 2125
f 2124 2120 2122
f 2126 2125 2127
f 2126 2124 2125
f 2128 2127 2129
f 2128 2126 2127
f 2130 2129 2131
f 2130 2128 2129
f 2132 2131 2133
f 2132 2130 2131
f 2134 2133 2135
f 2134 2132 2133
f 2136 2135 2137
f 2136 2137 2138
f 2136 2134 2135
f 2139 2136 2138
f 2140 2138 2141
f 2140 2139 2138
f 2142 2141 2143
f 2142 2140 2141
f 2144 2143 2145
f 2144 2142 2143
f 2146 2144 2145
f 2146 2145 2147
f 2148 2146 2147
f 2148 2147 2149
f 2150 2148 2149
f 2150 2149 2151
f 2152 2150 2151
f 2152 2151 2153
f 2154 2152 2153
f 2154 2153 2155
f 2154 2155 2156
f 2157 2154 2156
f 2158 2156 2159
f 2158 2159 2160
f 2158 2157 2156
f 2161 2158 2160
f 2118 2160 2119
f 2118 2161 2160
f 2123 1941 2121
f 2123 1940 1941
f 2075 2098 2100
f 2075 2100 2102
f 2075 2102 2104
f 2075 2104 2106
f 2075 2106 2108
f 2075 2108 2110
f 2075 2110 2112
f 2075 2112 2114
f 2075 2114 2116
f 2096 2098 2075
f 2094 2096 2075
f 2092 2094 2075
f 2090 2092 2075
f 2088 2090 2075
f 2086 2088 2075
f 2084 2086 2075
f 2082 2084 2075
f 2080 2082 2075
f 2076 2080 2075
f 2079 2076 2075
f 2037 2036 2032
f 2040 2037 2039
f 2040 2036 2037
f 2044 2040 2042
f 2049 2044 2046
f 2053 2049 2050
f 2053 2044 2049
f 2053 2040 2044
f 2054 2040 2053
f 2058 2054 2056
f 2058 2036 2040
f 2058 2040 2054
f 2062 2058 2060
f 2066 2058 2062
f 2066 2036 2058
f 2066 2062 2064
f 2072 2036 2066
f 2072 2066 2069
f 2072 2069 2070
f 2031 2036 2072
f 2118 2079 2075
f 2158 2161 2118
f 2157 2158 2118
f 2154 2157 2118
f 2146 2148 2150
f 2146 2150 2152
f 2146 2152 2154
f 2146 2154 2118
f 2144 2146 2118
f 2142 2144 2118
f 2140 2142 2118
f 2136 2139 2140
f 2132 2134 2136
f 2132 2136 2140
f 2126 2128 2130
f 2126 2130 2132
f 2126 2132 2140
f 2124 2140 2118
f 2124 2126 2140
f 2123 2120 2124
f 2123 2118 2075
f 2123 2124 2118
f 1991 2036 2031
f 1991 2075 2036
f 1992 1991 1988
f 1994 1991 1992
f 2000 1996 1998
f 2004 1994 1996
f 2004 2000 2002
f 2004 1991 1994
f 2004 1996 2000
f 2007 1991 2004
f 2012 2007 2008
f 2012 2008 2010
f 2014 1991 2007
f 2014 2007 2012
f 2016 1991 2014
f 2020 2016 2018
f 2020 1991 2016
f 2022 1991 2020
f 2025 1991 2022
f 2029 2025 2026
f 1986 2025 2029
f 1986 1991 2025
f 1934 1936 1938
f 1934 1938 1940
f 1932 1934 1940
f 1931 1932 1940
f 1926 1931 1940
f 1926 1928 1931
f 1920 1922 1924
f 1920 1924 1926
f 1916 1918 1920
f 1916 1920 1926
f 1911 1912 1914
f 1908 1914 1916
f 1908 1916 1926
f 1908 1911 1914
f 1904 1906 1908
f 1901 1902 1904
f 1898 1926 1940
f 1898 1908 1926
f 1898 1904 1908
f 1898 1901 1904
f 1943 1940 2123
f 1943 1991 1986
f 1943 1898 1940
f 1943 2123 2075
f 1943 2075 1991
f 1943 1986 1947
f 1943 1947 1944
f 1943 1944 1948
f 1943 1948 1950
f 1943 1950 1952
f 1943 1952 1954
f 1943 1954 1956
f 1943 1956 1958
f 1943 1958 1960
f 1943 1960 1962
f 1966 1943 1962
f 1966 1962 1964
f 1968 1943 1966
f 1982 1984 1943
f 1970 1943 1968
f 1980 1982 1943
f 1972 1943 1970
f 1978 1980 1943
f 1974 1943 1972
f 1976 1978 1943
f 1976 1943 1974
f 2099 2074 2101
f 2101 2074 2103
f 2103 2074 2105
f 2105 2074 2107
f 2107 2074 2109
f 2109 2074 2111
f 2111 2074 2113
f 2113 2074 2115
f 2115 2074 2117
f 2099 2097 2074
f 2097 2095 2074
f 2095 2093 2074
f 2093 2091 2074
f 2091 2089 2074
f 2089 2087 2074
f 2087 2085 2074
f 2085 2083 2074
f 2083 2081 2074
f 2081 2078 2074
f 2078 2077 2074
f 2033 2035 2034
f 2035 2041 2038
f 2033 2041 2035
f 2041 2045 2043
f 2045 2048 2047
f 2048 2052 2051
f 2045 2052 2048
f 2041 2052 2045
f 2041 2055 2052
f 2055 2059 2057
f 2033 2059 2041
f 2041 2059 2055
f 2059 2063 2061
f 2059 2067 2063
f 2033 2067 2059
f 2063 2067 2065
f 2033 2073 2067
f 2067 2073 2068
f 2068 2073 2071
f 2033 2030 2073
f 2077 2119 2074
f 2160 2159 2119
f 2159 2156 2119
f 2156 2155 2119
f 2149 2147 2151
f 2151 2147 2153
f 2153 2147 2155
f 2155 2147 2119
f 2147 2145 2119
f 2145 2143 2119
f 2143 2141 2119
f 2138 2137 2141
f 2135 2133 2137
f 2137 2133 2141
f 2129 2127 2131
f 2131 2127 2133
f 2133 2127 2141
f 2141 2125 2119
f 2127 2125 2141
f 2125 2122 2119
f 2122 2121 2119
f 2033 1989 2030
f 2074 1989 2033
f 1989 1993 1990
f 1989 1995 1993
f 1997 2001 1999
f 1995 2005 1997
f 2001 2005 2003
f 1989 2005 1995
f 1997 2005 2001
f 1989 2006 2005
f 2006 2013 2009
f 2009 2013 2011
f 1989 2015 2006
f 2006 2015 2013
f 1989 2017 2015
f 2017 2021 2019
f 1989 2021 2017
f 1989 2023 2021
f 1989 2024 2023
f 2024 2028 2027
f 2024 1987 2028
f 1989 1987 2024
f 2121 1941 2119
f 1937 1935 1939
f 1930 1929 1933
f 1933 1929 1935
f 1923 1921 1925
f 1925 1921 1927
f 1935 1917 1939
f 1919 1917 1921
f 1929 1917 1935
f 1927 1917 1929
f 1921 1917 1927
f 1913 1910 1915
f 1915 1909 1917
f 1910 1909 1915
f 1909 1907 1917
f 1917 1905 1939
f 1907 1905 1917
f 1903 1900 1905
f 1941 1899 2119
f 1939 1899 1941
f 1905 1899 1939
f 1900 1899 1905
f 1899 1942 2119
f 1989 1942 1987
f 2119 1942 2074
f 2074 1942 1989
f 1987 1942 1945
f 1945 1942 1946
f 1946 1942 1949
f 1949 1942 1951
f 1951 1942 1953
f 1953 1942 1955
f 1955 1942 1957
f 1957 1942 1959
f 1959 1942 1961
f 1961 1942 1963
f 1942 1967 1963
f 1963 1967 1965
f 1942 1969 1967
f 1985 1983 1942
f 1942 1971 1969
f 1983 1981 1942
f 1942 1973 1971
f 1981 1979 1942
f 1942 1975 1973
f 1979 1977 1942
f 1942 1977 1975