mtllib peg_board.mtl
o obj1

v -95.091278 59.978867 25.000000
v -95.091278 59.978867 -25.000000
v -95.359192 59.985443 25.000000
v -95.359192 59.985443 -25.000000
v -95.626434 60.005157 25.000000
v -95.626434 60.005157 -25.000000
v -95.892426 60.037964 25.000000
v -95.892426 60.037964 -25.000000
v -96.156464 60.083786 25.000000
v -96.156464 60.083786 -25.000000
v -96.417938 60.142502 25.000000
v -96.417938 60.142502 -25.000000
v -96.676239 60.213974 25.000000
v -96.676239 60.213974 -25.000000
v -96.930695 60.298050 25.000000
v -96.930695 60.298050 -25.000000
v -97.180725 60.394485 25.000000
v -97.180725 60.394485 -25.000000
v -97.425720 60.503098 25.000000
v -97.425720 60.503098 -25.000000
v -97.665100 60.623581 25.000000
v -97.665100 60.623581 -25.000000
v -97.898285 60.755676 25.000000
v -97.898285 60.755676 -25.000000
v -98.124695 60.899048 25.000000
v -98.124695 60.899048 -25.000000
v -98.343781 61.053360 25.000000
v -98.343781 61.053360 -25.000000
v -98.555054 61.218231 25.000000
v -98.555054 61.218231 -25.000000
v -98.757996 61.393280 25.000000
v -98.757996 61.393280 -25.000000
v -98.952087 61.578064 25.000000
v -98.952087 61.578064 -25.000000
v -99.136871 61.772156 25.000000
v -99.136871 61.772156 -25.000000
v -99.311920 61.975082 25.000000
v -99.311920 61.975082 -25.000000
v -99.476776 62.186356 25.000000
v -99.476776 62.186356 -25.000000
v -99.631104 62.405457 -25.000000
v -99.631104 62.405457 25.000000
v -99.774475 62.631866 25.000000
v -99.774475 62.631866 -25.000000
v -99.906555 62.865051 25.000000
v -99.906555 62.865051 -25.000000
v -100.027039 63.104416 25.000000
v -100.027039 63.104416 -25.000000
v -100.135651 63.349426 25.000000
v -100.135651 63.349426 -25.000000
v -100.232086 63.599457 -25.000000
v -100.232086 63.599457 25.000000
v -100.316162 63.853912 -25.000000
v -100.316162 63.853912 25.000000
v -100.387634 64.112198 -25.000000
v -100.387634 64.112198 25.000000
v -100.446350 64.373672 -25.000000
v -100.446350 64.373672 25.000000
v -100.492188 64.637726 -25.000000
v -100.492188 64.637726 25.000000
v -100.524994 64.903702 25.000000
v -100.524994 64.903702 -25.000000
v -100.544708 65.170959 -25.000000
v -100.544708 65.170959 25.000000
v -100.551270 65.438873 -25.000000
v -100.551270 65.438873 25.000000
v -100.551270 77.318878 25.000000
v -100.551270 77.318878 -25.000000
v -100.544708 77.586777 25.000000
v -100.544708 77.586777 -25.000000
v -100.524994 77.854050 25.000000
v -100.524994 77.854050 -25.000000
v -100.492188 78.120026 25.000000
v -100.492188 78.120026 -25.000000
v -100.446350 78.384064 25.000000
v -100.446350 78.384064 -25.000000
v -100.387634 78.645538 25.000000
v -100.387634 78.645538 -25.000000
v -100.316162 78.903824 25.000000
v -100.316162 78.903824 -25.000000
v -100.232086 79.158295 25.000000
v -100.232086 79.158295 -25.000000
v -100.135651 79.408325 25.000000
v -100.135651 79.408325 -25.000000
v -100.027039 79.653320 25.000000
v -100.027039 79.653320 -25.000000
v -99.906555 79.892700 25.000000
v -99.906555 79.892700 -25.000000
v -99.774475 80.125870 25.000000
v -99.774475 80.125870 -25.000000
v -99.631104 80.352280 25.000000
v -99.631104 80.352280 -25.000000
v -99.476776 80.571396 25.000000
v -99.476776 80.571396 -25.000000
v -99.311920 80.782654 25.000000
v -99.311920 80.782654 -25.000000
v -99.136871 80.985580 25.000000
v -99.136871 80.985580 -25.000000
v -98.952087 81.179672 25.000000
v -98.952087 81.179672 -25.000000
v -98.757996 81.364471 25.000000
v -98.757996 81.364471 -25.000000
v -98.555054 81.539505 25.000000
v -98.555054 81.539505 -25.000000
v -98.343781 81.704391 25.000000
v -98.343781 81.704391 -25.000000
v -98.124695 81.858704 -25.000000
v -98.124695 81.858704 25.000000
v -97.898285 82.002075 25.000000
v -97.898285 82.002075 -25.000000
v -97.665100 82.134171 25.000000
v -97.665100 82.134171 -25.000000
v -97.425720 82.254654 25.000000
v -97.425720 82.254654 -25.000000
v -97.180725 82.363251 25.000000
v -97.180725 82.363251 -25.000000
v -96.930695 82.459702 -25.000000
v -96.930695 82.459702 25.000000
v -96.676239 82.543762 -25.000000
v -96.676239 82.543762 25.000000
v -96.417938 82.615250 -25.000000
v -96.417938 82.615250 25.000000
v -96.156464 82.673965 -25.000000
v -96.156464 82.673965 25.000000
v -95.892426 82.719772 -25.000000
v -95.892426 82.719772 25.000000
v -95.626434 82.752579 25.000000
v -95.626434 82.752579 -25.000000
v -95.359192 82.772293 -25.000000
v -95.359192 82.772293 25.000000
v -95.091278 82.778870 -25.000000
v -95.091278 82.778870 25.000000
v -83.211273 82.778870 25.000000
v -83.211273 82.778870 -25.000000
v -67.551270 71.378876 -25.000000
v -67.537109 71.947113 -25.000000
v -67.551270 71.378876 25.000000
v -67.537109 71.947113 25.000000
v -67.494629 72.513947 -25.000000
v -67.494629 72.513947 25.000000
v -67.423950 73.077957 -25.000000
v -67.423950 73.077957 25.000000
v -67.325226 73.637741 -25.000000
v -67.325226 73.637741 25.000000
v -67.198761 74.191910 -25.000000
v -67.198761 74.191910 25.000000
v -67.044800 74.739075 -25.000000
v -67.044800 74.739075 25.000000
v -66.863770 75.277908 -25.000000
v -66.863770 75.277908 25.000000
v -66.656097 75.807022 -25.000000
v -66.656097 75.807022 25.000000
v -66.422302 76.325150 -25.000000
v -66.422302 76.325150 25.000000
v -66.162994 76.830963 -25.000000
v -66.162994 76.830963 25.000000
v -65.878784 77.323227 -25.000000
v -65.878784 77.323227 25.000000
v -65.570404 77.800720 -25.000000
v -65.570404 77.800720 25.000000
v -65.238586 78.262238 -25.000000
v -65.238586 78.262238 25.000000
v -64.884186 78.706650 -25.000000
v -64.884186 78.706650 25.000000
v -64.508057 79.132843 -25.000000
v -64.508057 79.132843 25.000000
v -64.111176 79.539749 -25.000000
v -64.111176 79.539749 25.000000
v -63.694489 79.926376 -25.000000
v -63.694489 79.926376 25.000000
v -63.259064 80.291748 -25.000000
v -63.259064 80.291748 25.000000
v -62.805939 80.634964 -25.000000
v -62.805939 80.634964 25.000000
v -62.336304 80.955170 -25.000000
v -62.336304 80.955170 25.000000
v -61.851257 81.251556 -25.000000
v -61.851257 81.251556 25.000000
v -61.352081 81.523407 -25.000000
v -61.352081 81.523407 25.000000
v -60.839935 81.770035 -25.000000
v -60.839935 81.770035 25.000000
v -60.316162 81.990829 -25.000000
v -60.316162 81.990829 25.000000
v -59.782013 82.185242 -25.000000
v -59.782013 82.185242 25.000000
v -59.238861 82.352783 -25.000000
v -59.238861 82.352783 25.000000
v -58.688019 82.493057 -25.000000
v -58.688019 82.493057 25.000000
v -58.130859 82.605682 -25.000000
v -58.130859 82.605682 25.000000
v -57.568787 82.690399 -25.000000
v -57.568787 82.690399 25.000000
v -57.003204 82.746994 -25.000000
v -57.003204 82.746994 25.000000
v -56.435486 82.775330 -25.000000
v -56.435486 82.775330 25.000000
v -55.867065 82.775330 -25.000000
v -55.867065 82.775330 25.000000
v -55.299347 82.746994 -25.000000
v -55.299347 82.746994 25.000000
v -54.733765 82.690399 -25.000000
v -54.733765 82.690399 25.000000
v -54.171692 82.605682 -25.000000
v -54.171692 82.605682 25.000000
v -53.614532 82.493057 -25.000000
v -53.614532 82.493057 25.000000
v -53.063690 82.352783 -25.000000
v -53.063690 82.352783 25.000000
v -52.520508 82.185242 -25.000000
v -52.520508 82.185242 25.000000
v -51.986389 81.990829 -25.000000
v -51.986389 81.990829 25.000000
v -51.462585 81.770035 -25.000000
v -51.462585 81.770035 25.000000
v -50.950470 81.523407 -25.000000
v -50.950470 81.523407 25.000000
v -50.451263 81.251556 -25.000000
v -50.451263 81.251556 25.000000
v -49.966248 80.955170 -25.000000
v -49.966248 80.955170 25.000000
v -49.496582 80.634964 -25.000000
v -49.496582 80.634964 25.000000
v -49.043488 80.291748 -25.000000
v -49.043488 80.291748 25.000000
v -48.608063 79.926376 -25.000000
v -48.608063 79.926376 25.000000
v -48.191376 79.539749 -25.000000
v -48.191376 79.539749 25.000000
v -47.794464 79.132843 -25.000000
v -47.794464 79.132843 25.000000
v -47.418365 78.706650 -25.000000
v -47.418365 78.706650 25.000000
v -47.063965 78.262238 -25.000000
v -47.063965 78.262238 25.000000
v -46.732147 77.800720 -25.000000
v -46.732147 77.800720 25.000000
v -46.423767 77.323227 -25.000000
v -46.423767 77.323227 25.000000
v -46.139557 76.830963 -25.000000
v -46.139557 76.830963 25.000000
v -45.880219 76.325150 -25.000000
v -45.880219 76.325150 25.000000
v -45.646454 75.807022 -25.000000
v -45.646454 75.807022 25.000000
v -45.438782 75.277908 -25.000000
v -45.438782 75.277908 25.000000
v -45.257751 74.739075 -25.000000
v -45.257751 74.739075 25.000000
v -45.103790 74.191910 -25.000000
v -45.103790 74.191910 25.000000
v -44.977295 73.637741 -25.000000
v -44.977295 73.637741 25.000000
v -44.878601 73.077957 -25.000000
v -44.878601 73.077957 25.000000
v -44.807922 72.513947 -25.000000
v -44.807922 72.513947 25.000000
v -44.765442 71.947113 -25.000000
v -44.765442 71.947113 25.000000
v -44.751282 71.378876 -25.000000
v -44.751282 71.378876 25.000000
v -44.765442 70.810623 -25.000000
v -44.765442 70.810623 25.000000
v -44.807922 70.243805 -25.000000
v -44.807922 70.243805 25.000000
v -44.878601 69.679794 -25.000000
v -44.878601 69.679794 25.000000
v -44.977295 69.120010 -25.000000
v -44.977295 69.120010 25.000000
v -45.103790 68.565842 -25.000000
v -45.103790 68.565842 25.000000
v -45.257751 68.018662 -25.000000
v -45.257751 68.018662 25.000000
v -45.438782 67.479843 -25.000000
v -45.438782 67.479843 25.000000
v -45.646454 66.950714 -25.000000
v -45.646454 66.950714 25.000000
v -45.880219 66.432602 -25.000000
v -45.880219 66.432602 25.000000
v -46.139557 65.926773 -25.000000
v -46.139557 65.926773 25.000000
v -46.423767 65.434509 -25.000000
v -46.423767 65.434509 25.000000
v -46.732147 64.957031 -25.000000
v -46.732147 64.957031 25.000000
v -47.063965 64.495499 -25.000000
v -47.063965 64.495499 25.000000
v -47.418365 64.051102 -25.000000
v -47.418365 64.051102 25.000000
v -47.794464 63.624908 -25.000000
v -47.794464 63.624908 25.000000
v -48.191376 63.217987 -25.000000
v -48.191376 63.217987 25.000000
v -48.608063 62.831360 -25.000000
v -48.608063 62.831360 25.000000
v -49.043488 62.465988 -25.000000
v -49.043488 62.465988 25.000000
v -49.496582 62.122772 -25.000000
v -49.496582 62.122772 25.000000
v -49.966248 61.802582 -25.000000
v -49.966248 61.802582 25.000000
v -50.451263 61.506180 -25.000000
v -50.451263 61.506180 25.000000
v -50.950470 61.234329 -25.000000
v -50.950470 61.234329 25.000000
v -51.462585 60.987701 -25.000000
v -51.462585 60.987701 25.000000
v -51.986389 60.766907 -25.000000
v -51.986389 60.766907 25.000000
v -52.520508 60.572495 -25.000000
v -52.520508 60.572495 25.000000
v -53.063690 60.404953 -25.000000
v -53.063690 60.404953 25.000000
v -53.614532 60.264694 -25.000000
v -53.614532 60.264694 25.000000
v -54.171692 60.152069 -25.000000
v -54.171692 60.152069 25.000000
v -54.733765 60.067352 -25.000000
v -54.733765 60.067352 25.000000
v -55.299347 60.010742 -25.000000
v -55.299347 60.010742 25.000000
v -55.867065 59.982422 -25.000000
v -55.867065 59.982422 25.000000
v -56.435486 59.982422 -25.000000
v -56.435486 59.982422 25.000000
v -57.003204 60.010742 -25.000000
v -57.003204 60.010742 25.000000
v -57.568787 60.067352 -25.000000
v -57.568787 60.067352 25.000000
v -58.130859 60.152069 -25.000000
v -58.130859 60.152069 25.000000
v -58.688019 60.264694 -25.000000
v -58.688019 60.264694 25.000000
v -59.238861 60.404953 -25.000000
v -59.238861 60.404953 25.000000
v -59.782013 60.572495 -25.000000
v -59.782013 60.572495 25.000000
v -60.316162 60.766907 -25.000000
v -60.316162 60.766907 25.000000
v -60.839935 60.987701 -25.000000
v -60.839935 60.987701 25.000000
v -61.352081 61.234329 -25.000000
v -61.352081 61.234329 25.000000
v -61.851257 61.506180 -25.000000
v -61.851257 61.506180 25.000000
v -62.336304 61.802582 -25.000000
v -62.336304 61.802582 25.000000
v -62.805939 62.122772 -25.000000
v -62.805939 62.122772 25.000000
v -63.259064 62.465988 -25.000000
v -63.259064 62.465988 25.000000
v -63.694489 62.831360 25.000000
v -63.694489 62.831360 -25.000000
v -64.111176 63.217987 -25.000000
v -64.111176 63.217987 25.000000
v -64.508057 63.624908 -25.000000
v -64.508057 63.624908 25.000000
v -64.884186 64.051102 -25.000000
v -64.884186 64.051102 25.000000
v -65.238586 64.495499 -25.000000
v -65.238586 64.495499 25.000000
v -65.570404 64.957031 -25.000000
v -65.570404 64.957031 25.000000
v -65.878784 65.434509 -25.000000
v -65.878784 65.434509 25.000000
v -66.162994 65.926773 -25.000000
v -66.162994 65.926773 25.000000
v -66.422302 66.432602 -25.000000
v -66.422302 66.432602 25.000000
v -66.656097 66.950714 -25.000000
v -66.656097 66.950714 25.000000
v -66.863770 67.479843 -25.000000
v -66.863770 67.479843 25.000000
v -67.044800 68.018662 -25.000000
v -67.044800 68.018662 25.000000
v -67.198761 68.565842 -25.000000
v -67.198761 68.565842 25.000000
v -67.325226 69.120010 25.000000
v -67.325226 69.120010 -25.000000
v -67.423950 69.679794 -25.000000
v -67.423950 69.679794 25.000000
v -67.494629 70.243805 -25.000000
v -67.494629 70.243805 25.000000
v -67.537109 70.810623 -25.000000
v -67.537109 70.810623 25.000000
v -82.943359 82.772293 25.000000
v -82.943359 82.772293 -25.000000
v -82.676086 82.752579 25.000000
v -82.676086 82.752579 -25.000000
v -82.410126 82.719772 25.000000
v -82.410126 82.719772 -25.000000
v -82.146088 82.673965 25.000000
v -82.146088 82.673965 -25.000000
v -81.884613 82.615250 25.000000
v -81.884613 82.615250 -25.000000
v -81.626312 82.543762 25.000000
v -81.626312 82.543762 -25.000000
v -81.371857 82.459702 25.000000
v -81.371857 82.459702 -25.000000
v -81.121826 82.363251 25.000000
v -81.121826 82.363251 -25.000000
v -80.876831 82.254654 25.000000
v -80.876831 82.254654 -25.000000
v -80.637451 82.134171 25.000000
v -80.637451 82.134171 -25.000000
v -80.404266 82.002075 25.000000
v -80.404266 82.002075 -25.000000
v -80.177856 81.858704 25.000000
v -80.177856 81.858704 -25.000000
v -79.958740 81.704391 25.000000
v -79.958740 81.704391 -25.000000
v -79.747498 81.539505 25.000000
v -79.747498 81.539505 -25.000000
v -79.544556 81.364471 25.000000
v -79.544556 81.364471 -25.000000
v -79.350464 81.179672 25.000000
v -79.350464 81.179672 -25.000000
v -79.165680 80.985580 25.000000
v -79.165680 80.985580 -25.000000
v -78.990631 80.782654 25.000000
v -78.990631 80.782654 -25.000000
v -78.825745 80.571396 25.000000
v -78.825745 80.571396 -25.000000
v -78.671448 80.352280 -25.000000
v -78.671448 80.352280 25.000000
v -78.528076 80.125870 25.000000
v -78.528076 80.125870 -25.000000
v -78.395966 79.892700 25.000000
v -78.395966 79.892700 -25.000000
v -78.275482 79.653320 25.000000
v -78.275482 79.653320 -25.000000
v -78.166901 79.408325 25.000000
v -78.166901 79.408325 -25.000000
v -78.070435 79.158295 -25.000000
v -78.070435 79.158295 25.000000
v -77.986389 78.903824 -25.000000
v -77.986389 78.903824 25.000000
v -77.914886 78.645538 -25.000000
v -77.914886 78.645538 25.000000
v -77.856171 78.384064 -25.000000
v -77.856171 78.384064 25.000000
v -77.810364 78.120026 -25.000000
v -77.810364 78.120026 25.000000
v -77.777557 77.854050 25.000000
v -77.777557 77.854050 -25.000000
v -77.757843 77.586777 -25.000000
v -77.757843 77.586777 25.000000
v -77.751282 77.318878 -25.000000
v -77.751282 77.318878 25.000000
v -77.751282 65.438873 25.000000
v -77.751282 65.438873 -25.000000
v -77.757843 65.170959 25.000000
v -77.757843 65.170959 -25.000000
v -77.777557 64.903702 25.000000
v -77.777557 64.903702 -25.000000
v -77.810364 64.637726 25.000000
v -77.810364 64.637726 -25.000000
v -77.856171 64.373672 25.000000
v -77.856171 64.373672 -25.000000
v -77.914886 64.112198 25.000000
v -77.914886 64.112198 -25.000000
v -77.986389 63.853912 25.000000
v -77.986389 63.853912 -25.000000
v -78.070435 63.599457 25.000000
v -78.070435 63.599457 -25.000000
v -78.166901 63.349426 25.000000
v -78.166901 63.349426 -25.000000
v -78.275482 63.104416 25.000000
v -78.275482 63.104416 -25.000000
v -78.395966 62.865051 25.000000
v -78.395966 62.865051 -25.000000
v -78.528076 62.631866 25.000000
v -78.528076 62.631866 -25.000000
v -78.671448 62.405457 25.000000
v -78.671448 62.405457 -25.000000
v -78.825745 62.186356 25.000000
v -78.825745 62.186356 -25.000000
v -78.990631 61.975082 25.000000
v -78.990631 61.975082 -25.000000
v -79.165680 61.772156 25.000000
v -79.165680 61.772156 -25.000000
v -79.350464 61.578064 25.000000
v -79.350464 61.578064 -25.000000
v -79.544556 61.393280 25.000000
v -79.544556 61.393280 -25.000000
v -79.747498 61.218231 25.000000
v -79.747498 61.218231 -25.000000
v -79.958740 61.053360 25.000000
v -79.958740 61.053360 -25.000000
v -80.177856 60.899048 -25.000000
v -80.177856 60.899048 25.000000
v -80.404266 60.755676 25.000000
v -80.404266 60.755676 -25.000000
v -80.637451 60.623581 25.000000
v -80.637451 60.623581 -25.000000
v -80.876831 60.503098 25.000000
v -80.876831 60.503098 -25.000000
v -81.121826 60.394485 25.000000
v -81.121826 60.394485 -25.000000
v -81.371857 60.298050 -25.000000
v -81.371857 60.298050 25.000000
v -81.626312 60.213974 -25.000000
v -81.626312 60.213974 25.000000
v -81.884613 60.142502 -25.000000
v -81.884613 60.142502 25.000000
v -82.146088 60.083786 -25.000000
v -82.146088 60.083786 25.000000
v -82.410126 60.037964 -25.000000
v -82.410126 60.037964 25.000000
v -82.676086 60.005157 25.000000
v -82.676086 60.005157 -25.000000
v -82.943359 59.985443 -25.000000
v -82.943359 59.985443 25.000000
v -83.211273 59.978867 -25.000000
v -83.211273 59.978867 25.000000
v -28.769653 -77.643280 -25.000000
v -28.757935 -77.173729 -25.000000
v -28.769653 -77.643280 25.000000
v -28.757935 -77.173729 25.000000
v -28.722839 -76.705353 -25.000000
v -28.722839 -76.705353 25.000000
v -28.664429 -76.239304 -25.000000
v -28.664429 -76.239304 25.000000
v -28.582855 -75.776741 -25.000000
v -28.582855 -75.776741 25.000000
v -28.478333 -75.318825 -25.000000
v -28.478333 -75.318825 25.000000
v -28.351135 -74.866684 -25.000000
v -28.351135 -74.866684 25.000000
v -28.201538 -74.421448 -25.000000
v -28.201538 -74.421448 25.000000
v -28.029938 -73.984222 -25.000000
v -28.029938 -73.984222 25.000000
v -27.836761 -73.556091 -25.000000
v -27.836761 -73.556091 25.000000
v -27.622498 -73.138130 -25.000000
v -27.622498 -73.138130 25.000000
v -27.387634 -72.731361 -25.000000
v -27.387634 -72.731361 25.000000
v -27.132812 -72.336807 -25.000000
v -27.132812 -72.336807 25.000000
v -26.858612 -71.955444 -25.000000
v -26.858612 -71.955444 25.000000
v -26.565765 -71.588219 -25.000000
v -26.565765 -71.588219 25.000000
v -26.254974 -71.236053 -25.000000
v -26.254974 -71.236053 25.000000
v -25.927032 -70.899811 -25.000000
v -25.927032 -70.899811 25.000000
v -25.582733 -70.580338 -25.000000
v -25.582733 -70.580338 25.000000
v -25.222900 -70.278427 -25.000000
v -25.222900 -70.278427 25.000000
v -24.848511 -69.994827 -25.000000
v -24.848511 -69.994827 25.000000
v -24.460419 -69.730232 -25.000000
v -24.460419 -69.730232 25.000000
v -24.059631 -69.485321 -25.000000
v -24.059631 -69.485321 25.000000
v -23.647156 -69.260689 -25.000000
v -23.647156 -69.260689 25.000000
v -23.223969 -69.056892 -25.000000
v -23.223969 -69.056892 25.000000
v -22.791138 -68.874451 -25.000000
v -22.791138 -68.874451 25.000000
v -22.349792 -68.713806 -25.000000
v -22.349792 -68.713806 25.000000
v -21.900970 -68.575356 -25.000000
v -21.900970 -68.575356 25.000000
v -21.445801 -68.459457 -25.000000
v -21.445801 -68.459457 25.000000
v -20.985413 -68.366394 -25.000000
v -20.985413 -68.366394 25.000000
v -20.520966 -68.296387 -25.000000
v -20.520966 -68.296387 25.000000
v -20.053589 -68.249619 -25.000000
v -20.053589 -68.249619 25.000000
v -19.584473 -68.226204 -25.000000
v -19.584473 -68.226204 25.000000
v -19.114777 -68.226204 -25.000000
v -19.114777 -68.226204 25.000000
v -18.645691 -68.249619 -25.000000
v -18.645691 -68.249619 25.000000
v -18.178314 -68.296387 -25.000000
v -18.178314 -68.296387 25.000000
v -17.713867 -68.366394 -25.000000
v -17.713867 -68.366394 25.000000
v -17.253479 -68.459457 -25.000000
v -17.253479 -68.459457 25.000000
v -16.798309 -68.575356 -25.000000
v -16.798309 -68.575356 25.000000
v -16.349487 -68.713806 -25.000000
v -16.349487 -68.713806 25.000000
v -15.908112 -68.874451 -25.000000
v -15.908112 -68.874451 25.000000
v -15.475311 -69.056892 -25.000000
v -15.475311 -69.056892 25.000000
v -15.052124 -69.260689 -25.000000
v -15.052124 -69.260689 25.000000
v -14.639648 -69.485321 -25.000000
v -14.639648 -69.485321 25.000000
v -14.238861 -69.730232 -25.000000
v -14.238861 -69.730232 25.000000
v -13.850769 -69.994827 -25.000000
v -13.850769 -69.994827 25.000000
v -13.476379 -70.278427 -25.000000
v -13.476379 -70.278427 25.000000
v -13.116547 -70.580338 -25.000000
v -13.116547 -70.580338 25.000000
v -12.772247 -70.899811 -25.000000
v -12.772247 -70.899811 25.000000
v -12.444275 -71.236053 -25.000000
v -12.444275 -71.236053 25.000000
v -12.133514 -71.588219 -25.000000
v -12.133514 -71.588219 25.000000
v -11.840637 -71.955444 -25.000000
v -11.840637 -71.955444 25.000000
v -11.566467 -72.336807 -25.000000
v -11.566467 -72.336807 25.000000
v -11.311646 -72.731361 -25.000000
v -11.311646 -72.731361 25.000000
v -11.076782 -73.138130 -25.000000
v -11.076782 -73.138130 25.000000
v -10.862518 -73.556091 -25.000000
v -10.862518 -73.556091 25.000000
v -10.669342 -73.984222 -25.000000
v -10.669342 -73.984222 25.000000
v -10.497742 -74.421448 -25.000000
v -10.497742 -74.421448 25.000000
v -10.348145 -74.866684 -25.000000
v -10.348145 -74.866684 25.000000
v -10.220917 -75.318825 -25.000000
v -10.220917 -75.318825 25.000000
v -10.116425 -75.776741 -25.000000
v -10.116425 -75.776741 25.000000
v -10.034851 -76.239304 -25.000000
v -10.034851 -76.239304 25.000000
v -9.976440 -76.705353 -25.000000
v -9.976440 -76.705353 25.000000
v -9.941345 -77.173729 -25.000000
v -9.941345 -77.173729 25.000000
v -9.929626 -77.643280 -25.000000
v -9.929626 -77.643280 25.000000
v -9.941345 -78.112831 -25.000000
v -9.941345 -78.112831 25.000000
v -9.976440 -78.581207 -25.000000
v -9.976440 -78.581207 25.000000
v -10.034851 -79.047256 -25.000000
v -10.034851 -79.047256 25.000000
v -10.116425 -79.509819 -25.000000
v -10.116425 -79.509819 25.000000
v -10.220917 -79.967735 -25.000000
v -10.220917 -79.967735 25.000000
v -10.348145 -80.419876 -25.000000
v -10.348145 -80.419876 25.000000
v -10.497742 -80.865112 -25.000000
v -10.497742 -80.865112 25.000000
v -10.669342 -81.302338 -25.000000
v -10.669342 -81.302338 25.000000
v -10.862518 -81.730461 -25.000000
v -10.862518 -81.730461 25.000000
v -11.076782 -82.148430 -25.000000
v -11.076782 -82.148430 25.000000
v -11.311646 -82.555199 -25.000000
v -11.311646 -82.555199 25.000000
v -11.566467 -82.949753 -25.000000
v -11.566467 -82.949753 25.000000
v -11.840637 -83.331116 -25.000000
v -11.840637 -83.331116 25.000000
v -12.133514 -83.698341 -25.000000
v -12.133514 -83.698341 25.000000
v -12.444275 -84.050507 -25.000000
v -12.444275 -84.050507 25.000000
v -12.772247 -84.386742 -25.000000
v -12.772247 -84.386742 25.000000
v -13.116547 -84.706215 -25.000000
v -13.116547 -84.706215 25.000000
v -13.476379 -85.008133 -25.000000
v -13.476379 -85.008133 25.000000
v -13.850769 -85.291733 -25.000000
v -13.850769 -85.291733 25.000000
v -14.238861 -85.556320 -25.000000
v -14.238861 -85.556320 25.000000
v -14.639648 -85.801239 -25.000000
v -14.639648 -85.801239 25.000000
v -15.052124 -86.025871 -25.000000
v -15.052124 -86.025871 25.000000
v -15.475311 -86.229668 -25.000000
v -15.475311 -86.229668 25.000000
v -15.908112 -86.412109 -25.000000
v -15.908112 -86.412109 25.000000
v -16.349487 -86.572754 -25.000000
v -16.349487 -86.572754 25.000000
v -16.798309 -86.711197 -25.000000
v -16.798309 -86.711197 25.000000
v -17.253479 -86.827103 -25.000000
v -17.253479 -86.827103 25.000000
v -17.713867 -86.920166 -25.000000
v -17.713867 -86.920166 25.000000
v -18.178314 -86.990173 -25.000000
v -18.178314 -86.990173 25.000000
v -18.645691 -87.036942 -25.000000
v -18.645691 -87.036942 25.000000
v -19.114777 -87.060349 -25.000000
v -19.114777 -87.060349 25.000000
v -19.584473 -87.060349 -25.000000
v -19.584473 -87.060349 25.000000
v -20.053589 -87.036942 -25.000000
v -20.053589 -87.036942 25.000000
v -20.520966 -86.990173 -25.000000
v -20.520966 -86.990173 25.000000
v -20.985413 -86.920166 -25.000000
v -20.985413 -86.920166 25.000000
v -21.445801 -86.827103 -25.000000
v -21.445801 -86.827103 25.000000
v -21.900970 -86.711197 -25.000000
v -21.900970 -86.711197 25.000000
v -22.349792 -86.572754 -25.000000
v -22.349792 -86.572754 25.000000
v -22.791138 -86.412109 -25.000000
v -22.791138 -86.412109 25.000000
v -23.223969 -86.229668 -25.000000
v -23.223969 -86.229668 25.000000
v -23.647156 -86.025871 -25.000000
v -23.647156 -86.025871 25.000000
v -24.059631 -85.801239 -25.000000
v -24.059631 -85.801239 25.000000
v -24.460419 -85.556320 -25.000000
v -24.460419 -85.556320 25.000000
v -24.848511 -85.291733 -25.000000
v -24.848511 -85.291733 25.000000
v -25.222900 -85.008133 -25.000000
v -25.222900 -85.008133 25.000000
v -25.582733 -84.706215 25.000000
v -25.582733 -84.706215 -25.000000
v -25.927032 -84.386742 -25.000000
v -25.927032 -84.386742 25.000000
v -26.254974 -84.050507 -25.000000
v -26.254974 -84.050507 25.000000
v -26.565765 -83.698341 -25.000000
v -26.565765 -83.698341 25.000000
v -26.858612 -83.331116 -25.000000
v -26.858612 -83.331116 25.000000
v -27.132812 -82.949753 -25.000000
v -27.132812 -82.949753 25.000000
v -27.387634 -82.555199 -25.000000
v -27.387634 -82.555199 25.000000
v -27.622498 -82.148430 -25.000000
v -27.622498 -82.148430 25.000000
v -27.836761 -81.730461 -25.000000
v -27.836761 -81.730461 25.000000
v -28.029938 -81.302338 -25.000000
v -28.029938 -81.302338 25.000000
v -28.201538 -80.865112 -25.000000
v -28.201538 -80.865112 25.000000
v -28.351135 -80.419876 -25.000000
v -28.351135 -80.419876 25.000000
v -28.478333 -79.967735 -25.000000
v -28.478333 -79.967735 25.000000
v -28.582855 -79.509819 25.000000
v -28.582855 -79.509819 -25.000000
v -28.664429 -79.047256 -25.000000
v -28.664429 -79.047256 25.000000
v -28.722839 -78.581207 -25.000000
v -28.722839 -78.581207 25.000000
v -28.757935 -78.112831 -25.000000
v -28.757935 -78.112831 25.000000
v -15.569641 -54.780212 -25.000000
v -15.557922 -54.310661 -25.000000
v -15.569641 -54.780212 25.000000
v -15.557922 -54.310661 25.000000
v -15.522827 -53.842278 -25.000000
v -15.522827 -53.842278 25.000000
v -15.464417 -53.376228 -25.000000
v -15.464417 -53.376228 25.000000
v -15.382874 -52.913673 -25.000000
v -15.382874 -52.913673 25.000000
v -15.278351 -52.455757 -25.000000
v -15.278351 -52.455757 25.000000
v -15.151123 -52.003616 -25.000000
v -15.151123 -52.003616 25.000000
v -15.001556 -51.558380 -25.000000
v -15.001556 -51.558380 25.000000
v -14.829956 -51.121155 -25.000000
v -14.829956 -51.121155 25.000000
v -14.636780 -50.693024 -25.000000
v -14.636780 -50.693024 25.000000
v -14.422485 -50.275055 -25.000000
v -14.422485 -50.275055 25.000000
v -14.187653 -49.868286 -25.000000
v -14.187653 -49.868286 25.000000
v -13.932800 -49.473732 -25.000000
v -13.932800 -49.473732 25.000000
v -13.658630 -49.092369 -25.000000
v -13.658630 -49.092369 25.000000
v -13.365784 -48.725151 -25.000000
v -13.365784 -48.725151 25.000000
v -13.054993 -48.372978 -25.000000
v -13.054993 -48.372978 25.000000
v -12.727020 -48.036743 -25.000000
v -12.727020 -48.036743 25.000000
v -12.382721 -47.717270 -25.000000
v -12.382721 -47.717270 25.000000
v -12.022919 -47.415359 -25.000000
v -12.022919 -47.415359 25.000000
v -11.648499 -47.131752 -25.000000
v -11.648499 -47.131752 25.000000
v -11.260437 -46.867165 -25.000000
v -11.260437 -46.867165 25.000000
v -10.859650 -46.622253 -25.000000
v -10.859650 -46.622253 25.000000
v -10.447144 -46.397614 -25.000000
v -10.447144 -46.397614 25.000000
v -10.023956 -46.193825 -25.000000
v -10.023956 -46.193825 25.000000
v -9.591156 -46.011375 -25.000000
v -9.591156 -46.011375 25.000000
v -9.149780 -45.850731 -25.000000
v -9.149780 -45.850731 25.000000
v -8.700958 -45.712288 -25.000000
v -8.700958 -45.712288 25.000000
v -8.245789 -45.596390 -25.000000
v -8.245789 -45.596390 25.000000
v -7.785400 -45.503319 -25.000000
v -7.785400 -45.503319 25.000000
v -7.320953 -45.433319 -25.000000
v -7.320953 -45.433319 25.000000
v -6.853607 -45.386551 -25.000000
v -6.853607 -45.386551 25.000000
v -6.384491 -45.363136 -25.000000
v -6.384491 -45.363136 25.000000
v -5.914795 -45.363136 -25.000000
v -5.914795 -45.363136 25.000000
v -5.445679 -45.386551 -25.000000
v -5.445679 -45.386551 25.000000
v -4.978333 -45.433319 -25.000000
v -4.978333 -45.433319 25.000000
v -4.513886 -45.503319 -25.000000
v -4.513886 -45.503319 25.000000
v -4.053497 -45.596390 -25.000000
v -4.053497 -45.596390 25.000000
v -3.598328 -45.712288 -25.000000
v -3.598328 -45.712288 25.000000
v -3.149506 -45.850731 -25.000000
v -3.149506 -45.850731 25.000000
v -2.708130 -46.011375 -25.000000
v -2.708130 -46.011375 25.000000
v -2.275299 -46.193825 -25.000000
v -2.275299 -46.193825 25.000000
v -1.852142 -46.397614 -25.000000
v -1.852142 -46.397614 25.000000
v -1.439636 -46.622253 -25.000000
v -1.439636 -46.622253 25.000000
v -1.038849 -46.867165 -25.000000
v -1.038849 -46.867165 25.000000
v -0.650787 -47.131752 -25.000000
v -0.650787 -47.131752 25.000000
v -0.276367 -47.415359 -25.000000
v -0.276367 -47.415359 25.000000
v 0.083435 -47.717270 -25.000000
v 0.083435 -47.717270 25.000000
v 0.427765 -48.036743 -25.000000
v 0.427765 -48.036743 25.000000
v 0.755707 -48.372978 -25.000000
v 0.755707 -48.372978 25.000000
v 1.066498 -48.725151 -25.000000
v 1.066498 -48.725151 25.000000
v 1.359344 -49.092369 -25.000000
v 1.359344 -49.092369 25.000000
v 1.633545 -49.473732 -25.000000
v 1.633545 -49.473732 25.000000
v 1.888367 -49.868286 -25.000000
v 1.888367 -49.868286 25.000000
v 2.123199 -50.275055 -25.000000
v 2.123199 -50.275055 25.000000
v 2.337494 -50.693024 -25.000000
v 2.337494 -50.693024 25.000000
v 2.530670 -51.121155 -25.000000
v 2.530670 -51.121155 25.000000
v 2.702271 -51.558380 -25.000000
v 2.702271 -51.558380 25.000000
v 2.851868 -52.003616 -25.000000
v 2.851868 -52.003616 25.000000
v 2.979065 -52.455757 -25.000000
v 2.979065 -52.455757 25.000000
v 3.083588 -52.913673 -25.000000
v 3.083588 -52.913673 25.000000
v 3.165161 -53.376228 -25.000000
v 3.165161 -53.376228 25.000000
v 3.223541 -53.842278 -25.000000
v 3.223541 -53.842278 25.000000
v 3.258667 -54.310661 -25.000000
v 3.258667 -54.310661 25.000000
v 3.270355 -54.780212 -25.000000
v 3.270355 -54.780212 25.000000
v 3.258667 -55.249756 -25.000000
v 3.258667 -55.249756 25.000000
v 3.223541 -55.718140 -25.000000
v 3.223541 -55.718140 25.000000
v 3.165161 -56.184189 -25.000000
v 3.165161 -56.184189 25.000000
v 3.083588 -56.646744 -25.000000
v 3.083588 -56.646744 25.000000
v 2.979065 -57.104660 -25.000000
v 2.979065 -57.104660 25.000000
v 2.851868 -57.556801 -25.000000
v 2.851868 -57.556801 25.000000
v 2.702271 -58.002037 -25.000000
v 2.702271 -58.002037 25.000000
v 2.530670 -58.439262 -25.000000
v 2.530670 -58.439262 25.000000
v 2.337494 -58.867393 -25.000000
v 2.337494 -58.867393 25.000000
v 2.123199 -59.285362 -25.000000
v 2.123199 -59.285362 25.000000
v 1.888367 -59.692131 -25.000000
v 1.888367 -59.692131 25.000000
v 1.633545 -60.086685 -25.000000
v 1.633545 -60.086685 25.000000
v 1.359344 -60.468048 -25.000000
v 1.359344 -60.468048 25.000000
v 1.066498 -60.835266 -25.000000
v 1.066498 -60.835266 25.000000
v 0.755707 -61.187439 -25.000000
v 0.755707 -61.187439 25.000000
v 0.427765 -61.523674 -25.000000
v 0.427765 -61.523674 25.000000
v 0.083435 -61.843147 -25.000000
v 0.083435 -61.843147 25.000000
v -0.276367 -62.145065 -25.000000
v -0.276367 -62.145065 25.000000
v -0.650787 -62.428665 -25.000000
v -0.650787 -62.428665 25.000000
v -1.038849 -62.693253 -25.000000
v -1.038849 -62.693253 25.000000
v -1.439636 -62.938171 -25.000000
v -1.439636 -62.938171 25.000000
v -1.852142 -63.162804 -25.000000
v -1.852142 -63.162804 25.000000
v -2.275299 -63.366592 -25.000000
v -2.275299 -63.366592 25.000000
v -2.708130 -63.549042 -25.000000
v -2.708130 -63.549042 25.000000
v -3.149506 -63.709686 -25.000000
v -3.149506 -63.709686 25.000000
v -3.598328 -63.848129 -25.000000
v -3.598328 -63.848129 25.000000
v -4.053497 -63.964027 -25.000000
v -4.053497 -63.964027 25.000000
v -4.513886 -64.057098 -25.000000
v -4.513886 -64.057098 25.000000
v -4.978333 -64.127106 -25.000000
v -4.978333 -64.127106 25.000000
v -5.445679 -64.173866 -25.000000
v -5.445679 -64.173866 25.000000
v -5.914795 -64.197281 -25.000000
v -5.914795 -64.197281 25.000000
v -6.384491 -64.197281 -25.000000
v -6.384491 -64.197281 25.000000
v -6.853607 -64.173866 -25.000000
v -6.853607 -64.173866 25.000000
v -7.320953 -64.127106 -25.000000
v -7.320953 -64.127106 25.000000
v -7.785400 -64.057098 -25.000000
v -7.785400 -64.057098 25.000000
v -8.245789 -63.964027 -25.000000
v -8.245789 -63.964027 25.000000
v -8.700958 -63.848129 -25.000000
v -8.700958 -63.848129 25.000000
v -9.149780 -63.709686 -25.000000
v -9.149780 -63.709686 25.000000
v -9.591156 -63.549042 -25.000000
v -9.591156 -63.549042 25.000000
v -10.023956 -63.366592 -25.000000
v -10.023956 -63.366592 25.000000
v -10.447144 -63.162804 -25.000000
v -10.447144 -63.162804 25.000000
v -10.859650 -62.938171 -25.000000
v -10.859650 -62.938171 25.000000
v -11.260437 -62.693253 -25.000000
v -11.260437 -62.693253 25.000000
v -11.648499 -62.428665 -25.000000
v -11.648499 -62.428665 25.000000
v -12.022919 -62.145065 -25.000000
v -12.022919 -62.145065 25.000000
v -12.382721 -61.843147 25.000000
v -12.382721 -61.843147 -25.000000
v -12.727020 -61.523674 -25.000000
v -12.727020 -61.523674 25.000000
v -13.054993 -61.187439 -25.000000
v -13.054993 -61.187439 25.000000
v -13.365784 -60.835266 -25.000000
v -13.365784 -60.835266 25.000000
v -13.658630 -60.468048 -25.000000
v -13.658630 -60.468048 25.000000
v -13.932800 -60.086685 -25.000000
v -13.932800 -60.086685 25.000000
v -14.187653 -59.692131 -25.000000
v -14.187653 -59.692131 25.000000
v -14.422485 -59.285362 -25.000000
v -14.422485 -59.285362 25.000000
v -14.636780 -58.867393 -25.000000
v -14.636780 -58.867393 25.000000
v -14.829956 -58.439262 -25.000000
v -14.829956 -58.439262 25.000000
v -15.001556 -58.002037 -25.000000
v -15.001556 -58.002037 25.000000
v -15.151123 -57.556801 -25.000000
v -15.151123 -57.556801 25.000000
v -15.278351 -57.104660 -25.000000
v -15.278351 -57.104660 25.000000
v -15.382874 -56.646744 25.000000
v -15.382874 -56.646744 -25.000000
v -15.464417 -56.184189 -25.000000
v -15.464417 -56.184189 25.000000
v -15.522827 -55.718140 -25.000000
v -15.522827 -55.718140 25.000000
v -15.557922 -55.249756 -25.000000
v -15.557922 -55.249756 25.000000
v -2.369629 -77.643280 -25.000000
v -2.357941 -77.173729 -25.000000
v -2.369629 -77.643280 25.000000
v -2.357941 -77.173729 25.000000
v -2.322815 -76.705353 -25.000000
v -2.322815 -76.705353 25.000000
v -2.264435 -76.239304 -25.000000
v -2.264435 -76.239304 25.000000
v -2.182861 -75.776741 -25.000000
v -2.182861 -75.776741 25.000000
v -2.078339 -75.318825 -25.000000
v -2.078339 -75.318825 25.000000
v -1.951141 -74.866684 -25.000000
v -1.951141 -74.866684 25.000000
v -1.801544 -74.421448 -25.000000
v -1.801544 -74.421448 25.000000
v -1.629944 -73.984222 -25.000000
v -1.629944 -73.984222 25.000000
v -1.436768 -73.556091 -25.000000
v -1.436768 -73.556091 25.000000
v -1.222473 -73.138130 -25.000000
v -1.222473 -73.138130 25.000000
v -0.987640 -72.731361 -25.000000
v -0.987640 -72.731361 25.000000
v -0.732819 -72.336807 -25.000000
v -0.732819 -72.336807 25.000000
v -0.458618 -71.955444 -25.000000
v -0.458618 -71.955444 25.000000
v -0.165771 -71.588219 -25.000000
v -0.165771 -71.588219 25.000000
v 0.145020 -71.236053 -25.000000
v 0.145020 -71.236053 25.000000
v 0.472961 -70.899811 -25.000000
v 0.472961 -70.899811 25.000000
v 0.817291 -70.580338 -25.000000
v 0.817291 -70.580338 25.000000
v 1.177094 -70.278427 -25.000000
v 1.177094 -70.278427 25.000000
v 1.551483 -69.994827 -25.000000
v 1.551483 -69.994827 25.000000
v 1.939575 -69.730232 -25.000000
v 1.939575 -69.730232 25.000000
v 2.340363 -69.485321 -25.000000
v 2.340363 -69.485321 25.000000
v 2.752869 -69.260689 -25.000000
v 2.752869 -69.260689 25.000000
v 3.176025 -69.056892 -25.000000
v 3.176025 -69.056892 25.000000
v 3.608856 -68.874451 -25.000000
v 3.608856 -68.874451 25.000000
v 4.050232 -68.713806 -25.000000
v 4.050232 -68.713806 25.000000
v 4.499054 -68.575356 -25.000000
v 4.499054 -68.575356 25.000000
v 4.954224 -68.459457 -25.000000
v 4.954224 -68.459457 25.000000
v 5.414581 -68.366394 -25.000000
v 5.414581 -68.366394 25.000000
v 5.879059 -68.296387 -25.000000
v 5.879059 -68.296387 25.000000
v 6.346405 -68.249619 -25.000000
v 6.346405 -68.249619 25.000000
v 6.815521 -68.226204 -25.000000
v 6.815521 -68.226204 25.000000
v 7.285217 -68.226204 -25.000000
v 7.285217 -68.226204 25.000000
v 7.754333 -68.249619 -25.000000
v 7.754333 -68.249619 25.000000
v 8.221680 -68.296387 -25.000000
v 8.221680 -68.296387 25.000000
v 8.686127 -68.366394 -25.000000
v 8.686127 -68.366394 25.000000
v 9.146515 -68.459457 -25.000000
v 9.146515 -68.459457 25.000000
v 9.601685 -68.575356 -25.000000
v 9.601685 -68.575356 25.000000
v 10.050507 -68.713806 -25.000000
v 10.050507 -68.713806 25.000000
v 10.491882 -68.874451 -25.000000
v 10.491882 -68.874451 25.000000
v 10.924683 -69.056892 -25.000000
v 10.924683 -69.056892 25.000000
v 11.347870 -69.260689 -25.000000
v 11.347870 -69.260689 25.000000
v 11.760376 -69.485321 -25.000000
v 11.760376 -69.485321 25.000000
v 12.161133 -69.730232 -25.000000
v 12.161133 -69.730232 25.000000
v 12.549225 -69.994827 -25.000000
v 12.549225 -69.994827 25.000000
v 12.923645 -70.278427 -25.000000
v 12.923645 -70.278427 25.000000
v 13.283447 -70.580338 -25.000000
v 13.283447 -70.580338 25.000000
v 13.627747 -70.899811 -25.000000
v 13.627747 -70.899811 25.000000
v 13.955719 -71.236053 -25.000000
v 13.955719 -71.236053 25.000000
v 14.266510 -71.588219 -25.000000
v 14.266510 -71.588219 25.000000
v 14.559357 -71.955444 -25.000000
v 14.559357 -71.955444 25.000000
v 14.833527 -72.336807 -25.000000
v 14.833527 -72.336807 25.000000
v 15.088348 -72.731361 -25.000000
v 15.088348 -72.731361 25.000000
v 15.323212 -73.138130 -25.000000
v 15.323212 -73.138130 25.000000
v 15.537476 -73.556091 -25.000000
v 15.537476 -73.556091 25.000000
v 15.730682 -73.984222 -25.000000
v 15.730682 -73.984222 25.000000
v 15.902252 -74.421448 -25.000000
v 15.902252 -74.421448 25.000000
v 16.051849 -74.866684 -25.000000
v 16.051849 -74.866684 25.000000
v 16.179077 -75.318825 -25.000000
v 16.179077 -75.318825 25.000000
v 16.283600 -75.776741 -25.000000
v 16.283600 -75.776741 25.000000
v 16.365143 -76.239304 -25.000000
v 16.365143 -76.239304 25.000000
v 16.423553 -76.705353 -25.000000
v 16.423553 -76.705353 25.000000
v 16.458649 -77.173729 -25.000000
v 16.458649 -77.173729 25.000000
v 16.470367 -77.643280 -25.000000
v 16.470367 -77.643280 25.000000
v 16.458649 -78.112831 -25.000000
v 16.458649 -78.112831 25.000000
v 16.423553 -78.581207 -25.000000
v 16.423553 -78.581207 25.000000
v 16.365143 -79.047256 -25.000000
v 16.365143 -79.047256 25.000000
v 16.283600 -79.509819 -25.000000
v 16.283600 -79.509819 25.000000
v 16.179077 -79.967735 -25.000000
v 16.179077 -79.967735 25.000000
v 16.051849 -80.419876 -25.000000
v 16.051849 -80.419876 25.000000
v 15.902252 -80.865112 -25.000000
v 15.902252 -80.865112 25.000000
v 15.730682 -81.302338 -25.000000
v 15.730682 -81.302338 25.000000
v 15.537476 -81.730461 -25.000000
v 15.537476 -81.730461 25.000000
v 15.323212 -82.148430 -25.000000
v 15.323212 -82.148430 25.000000
v 15.088348 -82.555199 -25.000000
v 15.088348 -82.555199 25.000000
v 14.833527 -82.949753 -25.000000
v 14.833527 -82.949753 25.000000
v 14.559357 -83.331116 -25.000000
v 14.559357 -83.331116 25.000000
v 14.266510 -83.698341 -25.000000
v 14.266510 -83.698341 25.000000
v 13.955719 -84.050507 -25.000000
v 13.955719 -84.050507 25.000000
v 13.627747 -84.386742 -25.000000
v 13.627747 -84.386742 25.000000
v 13.283447 -84.706215 -25.000000
v 13.283447 -84.706215 25.000000
v 12.923645 -85.008133 -25.000000
v 12.923645 -85.008133 25.000000
v 12.549225 -85.291733 -25.000000
v 12.549225 -85.291733 25.000000
v 12.161133 -85.556320 -25.000000
v 12.161133 -85.556320 25.000000
v 11.760376 -85.801239 -25.000000
v 11.760376 -85.801239 25.000000
v 11.347870 -86.025871 -25.000000
v 11.347870 -86.025871 25.000000
v 10.924683 -86.229668 -25.000000
v 10.924683 -86.229668 25.000000
v 10.491882 -86.412109 -25.000000
v 10.491882 -86.412109 25.000000
v 10.050507 -86.572754 -25.000000
v 10.050507 -86.572754 25.000000
v 9.601685 -86.711197 -25.000000
v 9.601685 -86.711197 25.000000
v 9.146515 -86.827103 -25.000000
v 9.146515 -86.827103 25.000000
v 8.686127 -86.920166 -25.000000
v 8.686127 -86.920166 25.000000
v 8.221680 -86.990173 -25.000000
v 8.221680 -86.990173 25.000000
v 7.754333 -87.036942 -25.000000
v 7.754333 -87.036942 25.000000
v 7.285217 -87.060349 -25.000000
v 7.285217 -87.060349 25.000000
v 6.815521 -87.060349 -25.000000
v 6.815521 -87.060349 25.000000
v 6.346405 -87.036942 -25.000000
v 6.346405 -87.036942 25.000000
v 5.879059 -86.990173 -25.000000
v 5.879059 -86.990173 25.000000
v 5.414581 -86.920166 -25.000000
v 5.414581 -86.920166 25.000000
v 4.954224 -86.827103 -25.000000
v 4.954224 -86.827103 25.000000
v 4.499054 -86.711197 -25.000000
v 4.499054 -86.711197 25.000000
v 4.050232 -86.572754 -25.000000
v 4.050232 -86.572754 25.000000
v 3.608856 -86.412109 -25.000000
v 3.608856 -86.412109 25.000000
v 3.176025 -86.229668 -25.000000
v 3.176025 -86.229668 25.000000
v 2.752869 -86.025871 -25.000000
v 2.752869 -86.025871 25.000000
v 2.340363 -85.801239 -25.000000
v 2.340363 -85.801239 25.000000
v 1.939575 -85.556320 -25.000000
v 1.939575 -85.556320 25.000000
v 1.551483 -85.291733 -25.000000
v 1.551483 -85.291733 25.000000
v 1.177094 -85.008133 -25.000000
v 1.177094 -85.008133 25.000000
v 0.817291 -84.706215 25.000000
v 0.817291 -84.706215 -25.000000
v 0.472961 -84.386742 -25.000000
v 0.472961 -84.386742 25.000000
v 0.145020 -84.050507 -25.000000
v 0.145020 -84.050507 25.000000
v -0.165771 -83.698341 -25.000000
v -0.165771 -83.698341 25.000000
v -0.458618 -83.331116 -25.000000
v -0.458618 -83.331116 25.000000
v -0.732819 -82.949753 -25.000000
v -0.732819 -82.949753 25.000000
v -0.987640 -82.555199 -25.000000
v -0.987640 -82.555199 25.000000
v -1.222473 -82.148430 -25.000000
v -1.222473 -82.148430 25.000000
v -1.436768 -81.730461 -25.000000
v -1.436768 -81.730461 25.000000
v -1.629944 -81.302338 -25.000000
v -1.629944 -81.302338 25.000000
v -1.801544 -80.865112 -25.000000
v -1.801544 -80.865112 25.000000
v -1.951141 -80.419876 -25.000000
v -1.951141 -80.419876 25.000000
v -2.078339 -79.967735 -25.000000
v -2.078339 -79.967735 25.000000
v -2.182861 -79.509819 25.000000
v -2.182861 -79.509819 -25.000000
v -2.264435 -79.047256 -25.000000
v -2.264435 -79.047256 25.000000
v -2.322815 -78.581207 -25.000000
v -2.322815 -78.581207 25.000000
v -2.357941 -78.112831 -25.000000
v -2.357941 -78.112831 25.000000
v -53.496399 -59.248314 25.000000
v -53.501862 -59.029991 25.000000
v -53.496399 -59.248314 -25.000000
v -53.501862 -59.029991 -25.000000
v -53.518188 -58.812210 25.000000
v -53.518188 -58.812210 -25.000000
v -53.545319 -58.595512 25.000000
v -53.545319 -58.595512 -25.000000
v -53.583252 -58.380432 25.000000
v -53.583252 -58.380432 -25.000000
v -53.631866 -58.167519 25.000000
v -53.631866 -58.167519 -25.000000
v -53.691010 -57.957283 25.000000
v -53.691010 -57.957283 -25.000000
v -53.760559 -57.750267 25.000000
v -53.760559 -57.750267 -25.000000
v -53.840332 -57.546967 25.000000
v -53.840332 -57.546967 -25.000000
v -53.930176 -57.347900 25.000000
v -53.930176 -57.347900 -25.000000
v -54.029816 -57.153564 25.000000
v -54.029816 -57.153564 -25.000000
v -54.139008 -56.964432 25.000000
v -54.139008 -56.964432 -25.000000
v -54.257477 -56.780975 25.000000
v -54.257477 -56.780975 -25.000000
v -54.384979 -56.603653 25.000000
v -54.384979 -56.603653 -25.000000
v -54.521149 -56.432907 25.000000
v -54.521149 -56.432907 -25.000000
v -54.665649 -56.269157 25.000000
v -54.665649 -56.269157 -25.000000
v -54.818146 -56.112816 25.000000
v -54.818146 -56.112816 -25.000000
v -54.978241 -55.964272 25.000000
v -54.978241 -55.964272 -25.000000
v -55.145538 -55.823891 25.000000
v -55.145538 -55.823891 -25.000000
v -55.319611 -55.692024 25.000000
v -55.319611 -55.692024 -25.000000
v -55.500061 -55.569000 -25.000000
v -55.500061 -55.569000 25.000000
v -55.686401 -55.455124 25.000000
v -55.686401 -55.455124 -25.000000
v -53.496399 -77.042778 25.000000
v -53.496399 -77.042778 -25.000000
v -55.686401 -80.835968 25.000000
v -55.500061 -80.722092 25.000000
v -55.686401 -80.835968 -25.000000
v -55.500061 -80.722092 -25.000000
v -55.319611 -80.599068 25.000000
v -55.319611 -80.599068 -25.000000
v -55.145538 -80.467201 25.000000
v -55.145538 -80.467201 -25.000000
v -54.978241 -80.326820 25.000000
v -54.978241 -80.326820 -25.000000
v -54.818146 -80.178276 25.000000
v -54.818146 -80.178276 -25.000000
v -54.665649 -80.021935 25.000000
v -54.665649 -80.021935 -25.000000
v -54.521149 -79.858185 25.000000
v -54.521149 -79.858185 -25.000000
v -54.384979 -79.687439 25.000000
v -54.384979 -79.687439 -25.000000
v -54.257477 -79.510117 25.000000
v -54.257477 -79.510117 -25.000000
v -54.139008 -79.326660 25.000000
v -54.139008 -79.326660 -25.000000
v -54.029816 -79.137527 25.000000
v -54.029816 -79.137527 -25.000000
v -53.930176 -78.943184 25.000000
v -53.930176 -78.943184 -25.000000
v -53.840332 -78.744118 25.000000
v -53.840332 -78.744118 -25.000000
v -53.760559 -78.540825 25.000000
v -53.760559 -78.540825 -25.000000
v -53.691010 -78.333801 25.000000
v -53.691010 -78.333801 -25.000000
v -53.631866 -78.123573 25.000000
v -53.631866 -78.123573 -25.000000
v -53.583252 -77.910660 25.000000
v -53.583252 -77.910660 -25.000000
v -53.545319 -77.695580 25.000000
v -53.545319 -77.695580 -25.000000
v -53.518188 -77.478882 25.000000
v -53.518188 -77.478882 -25.000000
v -53.501862 -77.261101 25.000000
v -53.501862 -77.261101 -25.000000
v -71.096863 -89.733200 25.000000
v -71.096863 -89.733200 -25.000000
v -75.476868 -89.733200 25.000000
v -75.285065 -89.837646 25.000000
v -75.476868 -89.733200 -25.000000
v -75.285065 -89.837646 -25.000000
v -75.088318 -89.932404 25.000000
v -75.088318 -89.932404 -25.000000
v -74.887054 -90.017235 25.000000
v -74.887054 -90.017235 -25.000000
v -74.681854 -90.091927 25.000000
v -74.681854 -90.091927 -25.000000
v -74.473145 -90.156303 25.000000
v -74.473145 -90.156303 -25.000000
v -74.261505 -90.210190 25.000000
v -74.261505 -90.210190 -25.000000
v -74.047455 -90.253464 25.000000
v -74.047455 -90.253464 -25.000000
v -73.831482 -90.286018 25.000000
v -73.831482 -90.286018 -25.000000
v -73.614197 -90.307762 25.000000
v -73.614197 -90.307762 -25.000000
v -73.396057 -90.318649 25.000000
v -73.396057 -90.318649 -25.000000
v -73.177673 -90.318649 25.000000
v -73.177673 -90.318649 -25.000000
v -72.959564 -90.307762 25.000000
v -72.959564 -90.307762 -25.000000
v -72.742249 -90.286018 25.000000
v -72.742249 -90.286018 -25.000000
v -72.526276 -90.253464 25.000000
v -72.526276 -90.253464 -25.000000
v -72.312225 -90.210190 25.000000
v -72.312225 -90.210190 -25.000000
v -72.100586 -90.156303 25.000000
v -72.100586 -90.156303 -25.000000
v -71.891907 -90.091927 25.000000
v -71.891907 -90.091927 -25.000000
v -71.686676 -90.017235 25.000000
v -71.686676 -90.017235 -25.000000
v -71.485443 -89.932404 25.000000
v -71.485443 -89.932404 -25.000000
v -71.288666 -89.837646 25.000000
v -71.288666 -89.837646 -25.000000
v -90.887329 -80.835968 25.000000
v -90.887329 -80.835968 -25.000000
v -93.077332 -77.042778 25.000000
v -93.071869 -77.261101 25.000000
v -93.077332 -77.042778 -25.000000
v -93.071869 -77.261101 -25.000000
v -93.055573 -77.478882 25.000000
v -93.055573 -77.478882 -25.000000
v -93.028412 -77.695580 25.000000
v -93.028412 -77.695580 -25.000000
v -92.990479 -77.910660 25.000000
v -92.990479 -77.910660 -25.000000
v -92.941895 -78.123573 25.000000
v -92.941895 -78.123573 -25.000000
v -92.882721 -78.333801 25.000000
v -92.882721 -78.333801 -25.000000
v -92.813171 -78.540825 25.000000
v -92.813171 -78.540825 -25.000000
v -92.733398 -78.744118 25.000000
v -92.733398 -78.744118 -25.000000
v -92.643555 -78.943184 25.000000
v -92.643555 -78.943184 -25.000000
v -92.543945 -79.137527 25.000000
v -92.543945 -79.137527 -25.000000
v -92.434753 -79.326660 25.000000
v -92.434753 -79.326660 -25.000000
v -92.316254 -79.510117 25.000000
v -92.316254 -79.510117 -25.000000
v -92.188751 -79.687439 25.000000
v -92.188751 -79.687439 -25.000000
v -92.052612 -79.858185 25.000000
v -92.052612 -79.858185 -25.000000
v -91.908081 -80.021935 25.000000
v -91.908081 -80.021935 -25.000000
v -91.755615 -80.178276 -25.000000
v -91.755615 -80.178276 25.000000
v -91.595520 -80.326820 25.000000
v -91.595520 -80.326820 -25.000000
v -91.428223 -80.467201 -25.000000
v -91.428223 -80.467201 25.000000
v -91.254120 -80.599068 -25.000000
v -91.254120 -80.599068 25.000000
v -91.073669 -80.722092 -25.000000
v -91.073669 -80.722092 25.000000
v -93.077332 -59.248314 25.000000
v -93.077332 -59.248314 -25.000000
v -90.887329 -55.455124 -25.000000
v -90.887329 -55.455124 25.000000
v -91.073669 -55.569000 -25.000000
v -91.073669 -55.569000 25.000000
v -91.254120 -55.692024 -25.000000
v -91.254120 -55.692024 25.000000
v -91.428223 -55.823891 -25.000000
v -91.428223 -55.823891 25.000000
v -91.595520 -55.964272 -25.000000
v -91.595520 -55.964272 25.000000
v -91.755615 -56.112816 -25.000000
v -91.755615 -56.112816 25.000000
v -91.908081 -56.269157 -25.000000
v -91.908081 -56.269157 25.000000
v -92.052612 -56.432907 -25.000000
v -92.052612 -56.432907 25.000000
v -92.188751 -56.603653 -25.000000
v -92.188751 -56.603653 25.000000
v -92.316254 -56.780975 -25.000000
v -92.316254 -56.780975 25.000000
v -92.434753 -56.964432 -25.000000
v -92.434753 -56.964432 25.000000
v -92.543945 -57.153564 -25.000000
v -92.543945 -57.153564 25.000000
v -92.643555 -57.347900 -25.000000
v -92.643555 -57.347900 25.000000
v -92.733398 -57.546967 -25.000000
v -92.733398 -57.546967 25.000000
v -92.813171 -57.750267 -25.000000
v -92.813171 -57.750267 25.000000
v -92.882721 -57.957283 -25.000000
v -92.882721 -57.957283 25.000000
v -92.941895 -58.167519 -25.000000
v -92.941895 -58.167519 25.000000
v -92.990479 -58.380432 -25.000000
v -92.990479 -58.380432 25.000000
v -93.028412 -58.595512 -25.000000
v -93.028412 -58.595512 25.000000
v -93.055573 -58.812210 -25.000000
v -93.055573 -58.812210 25.000000
v -93.071869 -59.029991 -25.000000
v -93.071869 -59.029991 25.000000
v -75.476868 -46.557892 -25.000000
v -75.476868 -46.557892 25.000000
v -71.096863 -46.557892 -25.000000
v -71.096863 -46.557892 25.000000
v -71.288666 -46.453445 -25.000000
v -71.288666 -46.453445 25.000000
v -71.485443 -46.358688 25.000000
v -71.485443 -46.358688 -25.000000
v -71.686676 -46.273857 25.000000
v -71.686676 -46.273857 -25.000000
v -71.891907 -46.199158 25.000000
v -71.891907 -46.199158 -25.000000
v -72.100586 -46.134789 25.000000
v -72.100586 -46.134789 -25.000000
v -72.312225 -46.080902 25.000000
v -72.312225 -46.080902 -25.000000
v -72.526276 -46.037628 25.000000
v -72.526276 -46.037628 -25.000000
v -72.742249 -46.005074 25.000000
v -72.742249 -46.005074 -25.000000
v -72.959564 -45.983330 25.000000
v -72.959564 -45.983330 -25.000000
v -73.177673 -45.972443 25.000000
v -73.177673 -45.972443 -25.000000
v -73.396057 -45.972443 -25.000000
v -73.396057 -45.972443 25.000000
v -73.614197 -45.983330 -25.000000
v -73.614197 -45.983330 25.000000
v -73.831482 -46.005074 -25.000000
v -73.831482 -46.005074 25.000000
v -74.047455 -46.037628 -25.000000
v -74.047455 -46.037628 25.000000
v -74.261505 -46.080902 -25.000000
v -74.261505 -46.080902 25.000000
v -74.473145 -46.134789 -25.000000
v -74.473145 -46.134789 25.000000
v -74.681854 -46.199158 -25.000000
v -74.681854 -46.199158 25.000000
v -74.887054 -46.273857 -25.000000
v -74.887054 -46.273857 25.000000
v -75.088318 -46.358688 -25.000000
v -75.088318 -46.358688 25.000000
v -75.285065 -46.453445 -25.000000
v -75.285065 -46.453445 25.000000
v -29.459991 4.199997 25.000000
v -29.433075 3.120331 25.000000
v -29.459991 4.199997 -25.000000
v -29.433075 3.120331 -25.000000
v -29.352356 2.043365 25.000000
v -29.352356 2.043365 -25.000000
v -29.218079 0.971741 25.000000
v -29.218079 0.971741 -25.000000
v -29.030548 -0.091843 25.000000
v -29.030548 -0.091843 -25.000000
v -28.790222 -1.144760 25.000000
v -28.790222 -1.144760 -25.000000
v -28.497711 -2.184402 25.000000
v -28.497711 -2.184402 -25.000000
v -28.153748 -3.208160 25.000000
v -28.153748 -3.208160 -25.000000
v -27.759186 -4.213501 25.000000
v -27.759186 -4.213501 -25.000000
v -27.314972 -5.197922 25.000000
v -27.314972 -5.197922 -25.000000
v -26.822266 -6.158981 25.000000
v -26.822266 -6.158981 -25.000000
v -26.282288 -7.094284 25.000000
v -26.282288 -7.094284 -25.000000
v -25.696320 -8.001511 25.000000
v -25.696320 -8.001511 -25.000000
v -25.065887 -8.878403 25.000000
v -25.065887 -8.878403 -25.000000
v -24.392517 -9.722778 25.000000
v -24.392517 -9.722778 -25.000000
v -23.677917 -10.532547 25.000000
v -23.677917 -10.532547 -25.000000
v -22.923798 -11.305679 25.000000
v -22.923798 -11.305679 -25.000000
v -22.132111 -12.040268 25.000000
v -22.132111 -12.040268 -25.000000
v -21.304779 -12.734467 25.000000
v -21.304779 -12.734467 -25.000000
v -20.443878 -13.386581 25.000000
v -20.443878 -13.386581 -25.000000
v -19.551544 -13.994965 25.000000
v -19.551544 -13.994965 -25.000000
v -18.630005 -14.558105 25.000000
v -18.630005 -14.558105 -25.000000
v -17.681519 -15.074631 25.000000
v -17.681519 -15.074631 -25.000000
v -16.708466 -15.543213 25.000000
v -16.708466 -15.543213 -25.000000
v -15.713287 -15.962723 25.000000
v -15.713287 -15.962723 -25.000000
v -14.698425 -16.332108 25.000000
v -14.698425 -16.332108 -25.000000
v -13.666412 -16.650436 25.000000
v -13.666412 -16.650436 -25.000000
v -12.619812 -16.916931 25.000000
v -12.619812 -16.916931 -25.000000
v -11.561218 -17.130936 25.000000
v -11.561218 -17.130936 -25.000000
v -10.493286 -17.291901 25.000000
v -10.493286 -17.291901 -25.000000
v -9.418640 -17.399429 25.000000
v -9.418640 -17.399429 -25.000000
v -8.339996 -17.453262 25.000000
v -8.339996 -17.453262 -25.000000
v -7.260010 -17.453262 25.000000
v -7.260010 -17.453262 -25.000000
v -6.181335 -17.399429 25.000000
v -6.181335 -17.399429 -25.000000
v -5.106720 -17.291901 25.000000
v -5.106720 -17.291901 -25.000000
v -4.038788 -17.130936 25.000000
v -4.038788 -17.130936 -25.000000
v -2.980194 -16.916931 25.000000
v -2.980194 -16.916931 -25.000000
v -1.933594 -16.650436 25.000000
v -1.933594 -16.650436 -25.000000
v -0.901581 -16.332108 25.000000
v -0.901581 -16.332108 -25.000000
v 0.113281 -15.962723 25.000000
v 0.113281 -15.962723 -25.000000
v 1.108490 -15.543213 25.000000
v 1.108490 -15.543213 -25.000000
v 2.081512 -15.074631 25.000000
v 2.081512 -15.074631 -25.000000
v 3.029999 -14.558105 25.000000
v 3.029999 -14.558105 -25.000000
v 3.951538 -13.994965 25.000000
v 3.951538 -13.994965 -25.000000
v 4.843903 -13.386581 25.000000
v 4.843903 -13.386581 -25.000000
v 5.704803 -12.734467 25.000000
v 5.704803 -12.734467 -25.000000
v 6.532104 -12.040268 25.000000
v 6.532104 -12.040268 -25.000000
v 7.323822 -11.305679 25.000000
v 7.323822 -11.305679 -25.000000
v 8.077911 -10.532547 25.000000
v 8.077911 -10.532547 -25.000000
v 8.792511 -9.722778 25.000000
v 8.792511 -9.722778 -25.000000
v 9.465881 -8.878403 25.000000
v 9.465881 -8.878403 -25.000000
v 10.096344 -8.001511 25.000000
v 10.096344 -8.001511 -25.000000
v 10.682281 -7.094284 25.000000
v 10.682281 -7.094284 -25.000000
v 11.222290 -6.158981 25.000000
v 11.222290 -6.158981 -25.000000
v 11.714996 -5.197922 25.000000
v 11.714996 -5.197922 -25.000000
v 12.159180 -4.213501 25.000000
v 12.159180 -4.213501 -25.000000
v 12.553741 -3.208160 25.000000
v 12.553741 -3.208160 -25.000000
v 12.897705 -2.184402 25.000000
v 12.897705 -2.184402 -25.000000
v 13.190216 -1.144760 25.000000
v 13.190216 -1.144760 -25.000000
v 13.430542 -0.091843 25.000000
v 13.430542 -0.091843 -25.000000
v 13.618073 0.971741 25.000000
v 13.618073 0.971741 -25.000000
v 13.752380 2.043365 25.000000
v 13.752380 2.043365 -25.000000
v 13.833069 3.120331 25.000000
v 13.833069 3.120331 -25.000000
v 13.859985 4.199997 25.000000
v 13.859985 4.199997 -25.000000
v 13.833069 5.279663 25.000000
v 13.833069 5.279663 -25.000000
v 13.752380 6.356644 25.000000
v 13.752380 6.356644 -25.000000
v 13.618073 7.428253 25.000000
v 13.618073 7.428253 -25.000000
v 13.430542 8.491852 25.000000
v 13.430542 8.491852 -25.000000
v 13.190216 9.544769 25.000000
v 13.190216 9.544769 -25.000000
v 12.897705 10.584396 25.000000
v 12.897705 10.584396 -25.000000
v 12.553741 11.608154 25.000000
v 12.553741 11.608154 -25.000000
v 12.159180 12.613495 25.000000
v 12.159180 12.613495 -25.000000
v 11.714996 13.597916 25.000000
v 11.714996 13.597916 -25.000000
v 11.222290 14.558975 25.000000
v 11.222290 14.558975 -25.000000
v 10.682281 15.494293 25.000000
v 10.682281 15.494293 -25.000000
v 10.096344 16.401520 25.000000
v 10.096344 16.401520 -25.000000
v 9.465881 17.278397 25.000000
v 9.465881 17.278397 -25.000000
v 8.792511 18.122772 25.000000
v 8.792511 18.122772 -25.000000
v 8.077911 18.932541 25.000000
v 8.077911 18.932541 -25.000000
v 7.323822 19.705673 25.000000
v 7.323822 19.705673 -25.000000
v 6.532104 20.440262 25.000000
v 6.532104 20.440262 -25.000000
v 5.704803 21.134476 25.000000
v 5.704803 21.134476 -25.000000
v 4.843903 21.786575 25.000000
v 4.843903 21.786575 -25.000000
v 3.951538 22.394959 25.000000
v 3.951538 22.394959 -25.000000
v 3.029999 22.958115 25.000000
v 3.029999 22.958115 -25.000000
v 2.081512 23.474625 25.000000
v 2.081512 23.474625 -25.000000
v 1.108490 23.943222 25.000000
v 1.108490 23.943222 -25.000000
v 0.113281 24.362732 25.000000
v 0.113281 24.362732 -25.000000
v -0.901581 24.732101 25.000000
v -0.901581 24.732101 -25.000000
v -1.933594 25.050446 25.000000
v -1.933594 25.050446 -25.000000
v -2.980194 25.316940 25.000000
v -2.980194 25.316940 -25.000000
v -4.038788 25.530930 25.000000
v -4.038788 25.530930 -25.000000
v -5.106720 25.691895 25.000000
v -5.106720 25.691895 -25.000000
v -6.181335 25.799438 25.000000
v -6.181335 25.799438 -25.000000
v -7.260010 25.853271 25.000000
v -7.260010 25.853271 -25.000000
v -8.339996 25.853271 25.000000
v -8.339996 25.853271 -25.000000
v -9.418640 25.799438 25.000000
v -9.418640 25.799438 -25.000000
v -10.493286 25.691895 25.000000
v -10.493286 25.691895 -25.000000
v -11.561218 25.530930 25.000000
v -11.561218 25.530930 -25.000000
v -12.619812 25.316940 25.000000
v -12.619812 25.316940 -25.000000
v -13.666412 25.050446 25.000000
v -13.666412 25.050446 -25.000000
v -14.698425 24.732101 25.000000
v -14.698425 24.732101 -25.000000
v -15.713287 24.362732 25.000000
v -15.713287 24.362732 -25.000000
v -16.708466 23.943222 25.000000
v -16.708466 23.943222 -25.000000
v -17.681519 23.474625 25.000000
v -17.681519 23.474625 -25.000000
v -18.630005 22.958115 25.000000
v -18.630005 22.958115 -25.000000
v -19.551544 22.394959 25.000000
v -19.551544 22.394959 -25.000000
v -20.443878 21.786575 25.000000
v -20.443878 21.786575 -25.000000
v -21.304779 21.134476 25.000000
v -21.304779 21.134476 -25.000000
v -22.132111 20.440262 -25.000000
v -22.132111 20.440262 25.000000
v -22.923798 19.705673 25.000000
v -22.923798 19.705673 -25.000000
v -23.677917 18.932541 25.000000
v -23.677917 18.932541 -25.000000
v -24.392517 18.122772 25.000000
v -24.392517 18.122772 -25.000000
v -25.065887 17.278397 25.000000
v -25.065887 17.278397 -25.000000
v -25.696320 16.401520 25.000000
v -25.696320 16.401520 -25.000000
v -26.282288 15.494293 25.000000
v -26.282288 15.494293 -25.000000
v -26.822266 14.558975 25.000000
v -26.822266 14.558975 -25.000000
v -27.314972 13.597916 25.000000
v -27.314972 13.597916 -25.000000
v -27.759186 12.613495 25.000000
v -27.759186 12.613495 -25.000000
v -28.153748 11.608154 25.000000
v -28.153748 11.608154 -25.000000
v -28.497711 10.584396 25.000000
v -28.497711 10.584396 -25.000000
v -28.790222 9.544769 25.000000
v -28.790222 9.544769 -25.000000
v -29.030548 8.491852 -25.000000
v -29.030548 8.491852 25.000000
v -29.218079 7.428253 25.000000
v -29.218079 7.428253 -25.000000
v -29.352356 6.356644 25.000000
v -29.352356 6.356644 -25.000000
v -29.433075 5.279663 25.000000
v -29.433075 5.279663 -25.000000
v -27.962524 69.474991 -8.333333
v -28.002808 70.407516 -25.000000
v -28.002808 70.407516 25.000000
v -27.990540 69.893890 -25.000000
v -27.954041 69.381424 -25.000000
v -27.893616 68.870636 -25.000000
v -27.843048 68.547729 -8.333333
v -27.809601 68.362122 -25.000000
v -27.702362 67.856415 -25.000000
v -27.646393 67.629105 -8.333333
v -27.572235 67.354080 -25.000000
v -27.374664 66.722427 -8.333333
v -27.419525 66.855667 -25.000000
v -27.244629 66.361755 -25.000000
v -27.047821 65.872864 -25.000000
v -26.614105 64.958328 -8.333333
v -26.829529 65.389587 -25.000000
v -26.590027 64.912445 -25.000000
v -26.329681 64.442032 -25.000000
v -26.048828 63.978882 -25.000000
v -25.577728 63.282166 -8.333333
v -25.747803 63.523544 -25.000000
v -25.426941 63.076599 -25.000000
v -25.086700 62.638412 -25.000000
v -24.283051 61.718079 -8.333333
v -24.727509 62.209274 -25.000000
v -24.349854 61.789383 -25.000000
v -23.954224 61.378983 -25.000000
v -23.541107 60.978317 -25.000000
v -22.752014 60.279953 -8.333333
v -23.110992 60.587631 -25.000000
v -22.664307 60.207138 -25.000000
v -22.201599 59.837082 -25.000000
v -21.723297 59.477692 -25.000000
v -21.007721 58.979111 -8.333333
v -21.229919 59.129211 -25.000000
v -20.721954 58.791885 -25.000000
v -20.199829 58.465942 -25.000000
v -19.073242 57.826828 -8.333333
v -19.482513 58.049454 -25.000000
v -18.647949 57.606277 -25.000000
v -17.785889 57.190582 -25.000000
v -27.962524 69.474991 8.333334
v -27.960358 69.450455 25.000000
v -27.904602 68.950104 25.000000
v -27.992157 69.928513 25.000000
v -27.843048 68.547729 8.333334
v -27.826172 68.451828 25.000000
v -27.725403 67.956162 25.000000
v -16.972290 56.833771 -8.333333
v -16.898193 56.802902 -25.000000
v -15.986755 56.443726 -25.000000
v -27.646393 67.629105 8.333334
v -27.602631 67.463608 25.000000
v -27.458160 66.974716 25.000000
v -27.374664 66.722427 8.333334
v -27.292297 66.489990 25.000000
v -27.083374 65.956924 25.000000
v -14.731018 56.007843 -8.333333
v -15.053467 56.113556 -25.000000
v -14.100220 55.812912 -25.000000
v -13.128876 55.542313 -25.000000
v -26.614105 64.958328 8.333334
v -26.528229 64.796707 25.000000
v -26.204864 64.231110 25.000000
v -26.821259 65.372314 25.000000
v -12.376282 55.356247 -8.333333
v -12.141357 55.302246 -25.000000
v -11.139496 55.093216 -25.000000
v -25.577728 63.282166 8.333334
v -25.469513 63.133850 25.000000
v -25.058838 62.603973 25.000000
v -25.851746 63.676498 25.000000
v -9.934937 54.886200 -8.333333
v -10.125214 54.915756 -25.000000
v -9.100433 54.770309 -25.000000
v -24.283051 61.718079 8.333334
v -24.102203 61.529221 25.000000
v -23.488922 60.929550 25.000000
v -24.620544 62.087296 25.000000
v -7.434235 54.603699 -8.333333
v -8.067139 54.656998 -25.000000
v -7.027466 54.575806 -25.000000
v -5.983459 54.526718 -25.000000
v -22.752014 60.279953 8.333334
v -22.837921 60.352142 25.000000
v -22.150726 59.797775 25.000000
v -4.903442 54.509689 -8.333333
v -4.937256 54.509705 -25.000000
v -3.890900 54.524734 -25.000000
v -21.007721 58.979111 8.333334
v -20.674316 58.761307 25.000000
v -19.888245 58.280762 25.000000
v -21.428986 59.267242 25.000000
v -2.372253 54.603836 -8.333333
v -2.846497 54.571808 -25.000000
v -1.806152 54.650879 -25.000000
v -0.771912 54.761948 -25.000000
v -19.073242 57.826828 8.333334
v -19.072418 57.826385 25.000000
v -18.228455 57.398926 25.000000
v 0.129608 54.885849 -8.333333
v 0.254089 54.904984 -25.000000
v 1.269806 55.079880 -25.000000
v -16.972290 56.833771 8.333334
v -16.463440 56.626862 25.000000
v -15.546112 56.283264 25.000000
v -17.358185 56.998917 25.000000
v 1.766663 55.177811 -8.333333
v 2.273254 55.286270 -25.000000
v 3.369080 55.551453 -8.333333
v 3.262451 55.523758 -25.000000
v 4.235382 55.791946 -25.000000
v -14.731018 56.007843 8.333334
v -14.608063 55.968628 25.000000
v -13.651093 55.683441 25.000000
v 4.928589 56.005051 -8.333333
v 5.190063 56.090408 -25.000000
v 6.124573 56.418777 -25.000000
v -12.376282 55.356247 8.333334
v -11.687958 55.203430 25.000000
v -10.685486 55.009598 25.000000
v -12.677124 55.428207 25.000000
v 6.436768 56.536942 -8.333333
v 7.036865 56.776627 -25.000000
v 7.885498 57.145172 -8.333333
v 7.925232 57.163315 -25.000000
v 8.788025 57.578110 -25.000000
v -9.934937 54.886200 8.333334
v -9.671539 54.847229 25.000000
v -8.648071 54.716644 25.000000
v 9.267670 57.826797 -8.333333
v 9.623566 58.020233 -25.000000
v -7.434235 54.603699 8.333334
v -7.617126 54.617859 25.000000
v -6.580719 54.550858 25.000000
v 10.576386 58.578613 -8.333333
v 10.430237 58.488922 -25.000000
v 11.206421 58.983444 -25.000000
v 11.804688 59.397430 -8.333333
v 11.950470 59.503021 -25.000000
v 12.660736 60.046906 -25.000000
v -4.903442 54.509689 8.333334
v -4.499817 54.512085 25.000000
v -3.459442 54.540283 25.000000
v -5.540924 54.515610 25.000000
v 12.945740 60.280045 -8.333333
v 13.335571 60.614319 -25.000000
v -2.372253 54.603836 8.333334
v -2.421844 54.600174 25.000000
v -1.389099 54.691727 25.000000
v 13.992615 61.223267 -8.333333
v 13.973358 61.204529 -25.000000
v 14.514343 61.754562 -25.000000
v 14.938416 62.223877 -8.333333
v 14.973450 62.264389 -25.000000
v 15.405334 62.787827 -25.000000
v 0.129608 54.885849 8.333334
v -0.363251 54.814941 25.000000
v 0.653625 54.969772 25.000000
v 15.776215 63.278702 -8.333333
v 15.809143 63.324448 -25.000000
v 16.183990 63.873734 -25.000000
v 1.766663 55.177811 8.333334
v 1.659576 55.156006 25.000000
v 2.652588 55.373260 25.000000
v 16.499329 64.383820 -8.333333
v 16.529175 64.434830 -25.000000
v 16.843933 65.006775 -25.000000
v 3.369080 55.551453 8.333334
v 3.630768 55.621155 25.000000
v 4.592102 55.899261 25.000000
v 17.101715 65.532410 -8.333333
v 17.100616 65.530014 -25.000000
v 17.309631 66.007202 -25.000000
v 4.928589 56.005051 8.333334
v 5.534668 56.207199 25.000000
v 17.577637 66.716934 -8.333333
v 17.497345 66.489822 -25.000000
v 17.663452 66.977371 -25.000000
v 17.807495 67.469330 -25.000000
v 6.436768 56.536942 8.333334
v 6.456543 56.544571 25.000000
v 7.355774 56.910934 25.000000
v 17.921234 67.929855 -8.333333
v 17.929138 67.965195 -25.000000
v 18.028015 68.464432 -25.000000
v 7.885498 57.145172 8.333334
v 8.230713 57.305588 25.000000
v 18.127686 69.163177 -8.333333
v 18.104126 68.966370 -25.000000
v 18.157471 69.470306 -25.000000
v 18.188049 69.975540 -25.000000
v 9.267670 57.826797 8.333334
v 9.079773 57.727768 25.000000
v 9.901337 58.176758 25.000000
v 18.196136 70.406952 -8.333333
v 18.195862 70.481369 -25.000000
v 18.180939 70.987091 -25.000000
v 10.576386 58.578613 8.333334
v 10.607208 58.597733 25.000000
v 11.120850 58.926666 25.000000
v 18.126709 71.650742 -8.333333
v 18.143280 71.492035 -25.000000
v 18.082855 71.995468 -25.000000
v 17.999725 72.496704 -25.000000
v 11.804688 59.397430 8.333334
v 12.105469 59.617493 25.000000
v 12.575500 59.978928 25.000000
v 11.620422 59.266663 25.000000
v 17.919464 72.884125 -8.333333
v 17.893860 72.995056 -25.000000
v 17.765411 73.489883 -25.000000
v 12.945740 60.280045 8.333334
v 13.030029 60.350769 25.000000
v 13.468628 60.732788 25.000000
v 17.575470 74.097183 -8.333333
v 17.614716 73.980652 -25.000000
v 17.442139 74.466843 -25.000000
v 13.992615 61.223267 8.333334
v 13.890747 61.124756 25.000000
v 14.295959 61.526459 25.000000
v 17.099518 75.281860 -8.333333
v 17.248108 74.947983 -25.000000
v 17.032959 75.423553 -25.000000
v 16.797089 75.893051 -25.000000
v 14.938416 62.223877 8.333334
v 15.053711 62.358170 25.000000
v 15.405273 62.787735 25.000000
v 14.683777 61.937668 25.000000
v 16.497314 76.430618 -8.333333
v 16.540894 76.355957 -25.000000
v 16.264771 76.811768 -25.000000
v 15.776215 63.278702 8.333334
v 15.738037 63.226151 25.000000
v 16.051453 63.673157 25.000000
v 15.774567 77.535904 -8.333333
v 15.969055 77.259995 -25.000000
v 15.654144 77.700104 -25.000000
v 15.320465 78.131744 -25.000000
v 16.499329 64.383820 8.333334
v 16.618805 64.591049 25.000000
v 16.871857 65.060913 25.000000
v 16.345184 64.128296 25.000000
v 14.937134 78.590897 -8.333333
v 14.968506 78.554672 -25.000000
v 14.598663 78.968674 -25.000000
v 17.101715 65.532410 8.333334
v 17.104004 65.537338 25.000000
v 17.314819 66.019836 25.000000
v 13.991760 79.591705 -8.333333
v 14.211426 79.373550 -25.000000
v 13.807251 79.769058 -25.000000
v 13.386627 80.155014 -25.000000
v 17.577637 66.716934 8.333334
v 17.670868 67.000870 25.000000
v 17.815277 67.498398 25.000000
v 17.503906 66.507843 25.000000
v 12.945282 80.535126 -8.333333
v 12.949982 80.531189 -25.000000
v 12.497772 80.897385 -25.000000
v 17.921234 67.929855 8.333334
v 17.936768 67.999878 25.000000
v 18.035004 68.504761 25.000000
v 11.804565 81.417984 -8.333333
v 12.030487 81.253372 -25.000000
v 11.548584 81.598953 -25.000000
v 11.052490 81.933899 -25.000000
v 18.127686 69.163177 8.333334
v 18.161652 69.521881 25.000000
v 18.190063 70.032684 25.000000
v 18.109955 69.012329 25.000000
v 10.576508 82.237122 -8.333333
v 10.369812 82.363602 -25.000000
v 9.574005 82.823349 -25.000000
v 18.196136 70.406952 8.333334
v 18.195251 70.544022 25.000000
v 18.177185 71.055176 25.000000
v 9.267975 82.989334 -8.333333
v 8.750305 83.257339 -25.000000
v 18.126709 71.650742 8.333334
v 18.135895 71.565414 25.000000
v 18.071350 72.074020 25.000000
v 7.885803 83.671463 -8.333333
v 7.900238 83.664871 -25.000000
v 7.025391 84.045212 -25.000000
v 17.919464 72.884125 8.333334
v 17.872650 73.083450 25.000000
v 17.738647 73.582916 25.000000
v 17.983612 72.580276 25.000000
v 6.436920 84.280304 -8.333333
v 6.127289 84.397644 -25.000000
v 17.575470 74.097183 8.333334
v 17.581970 74.078156 25.000000
v 17.403046 74.568619 25.000000
v 4.928436 84.812912 -8.333333
v 5.207642 84.721558 -25.000000
v 4.268372 85.016495 -25.000000
v 17.099518 75.281860 8.333334
v 16.980011 75.533173 25.000000
v 16.708344 76.058365 25.000000
v 17.202271 75.053802 25.000000
v 3.368591 85.267090 -8.333333
v 3.311340 85.282013 -25.000000
v 2.338562 85.517670 -25.000000
v 16.497314 76.430618 8.333334
v 16.376648 76.631866 25.000000
v 16.014221 77.193863 25.000000
v 1.765900 85.640900 -8.333333
v 1.351868 85.723022 -25.000000
v 15.774567 77.535904 8.333334
v 15.621857 77.743347 25.000000
v 15.200287 78.279602 25.000000
v 0.128845 85.932343 -8.333333
v 0.353241 85.897614 -25.000000
v -0.655396 86.041046 -25.000000
v 14.937134 78.590897 8.333334
v 14.750488 78.802185 25.000000
v 14.273285 79.310654 25.000000
v -1.534058 86.139877 -8.333333
v -1.672150 86.153244 -25.000000
v -2.695007 86.234299 -25.000000
v 13.991760 79.591705 8.333334
v 13.712036 79.858597 25.000000
v -3.214203 86.263458 -8.333333
v -3.722076 86.284287 -25.000000
v 12.945282 80.535126 8.333334
v 13.051605 80.445724 25.000000
v 12.354004 81.009247 25.000000
v -4.902954 86.303482 -8.333333
v -4.751343 86.303284 -25.000000
v -5.780914 86.291397 -25.000000
v 11.804565 81.417984 8.333334
v 11.620911 81.548416 25.000000
v 10.854004 82.062408 25.000000
v -6.591644 86.260300 -8.333333
v -6.808807 86.248703 -25.000000
v -7.833069 86.175278 -25.000000
v 10.576508 82.237122 8.333334
v 10.055023 82.550491 25.000000
v -8.271729 86.134293 -8.333333
v -8.851746 86.071213 -25.000000
v 9.267975 82.989334 8.333334
v 9.225586 83.011856 25.000000
v 8.367432 83.445740 25.000000
v -9.934509 85.925842 -8.333333
v -9.862915 85.936584 -25.000000
v -10.864624 85.771484 -25.000000
v 7.885803 83.671463 8.333334
v 7.482208 83.851349 25.000000
v -11.571411 85.635315 -8.333333
v -11.854889 85.575989 -25.000000
v -12.831787 85.350204 -25.000000
v 6.436920 84.280304 8.333334
v 6.571625 84.227905 25.000000
v 5.637390 84.574677 25.000000
v -13.173798 85.263092 -8.333333
v -13.793335 85.094208 -25.000000
v 4.928436 84.812912 8.333334
v 4.681488 84.891098 25.000000
v 3.705994 85.176682 25.000000
v -14.733154 84.809906 -8.333333
v -14.737762 84.808426 -25.000000
v -15.663239 84.493423 -25.000000
v 3.368591 85.267090 8.333334
v 2.713013 85.430939 25.000000
v -16.241547 84.278015 -8.333333
v -16.568054 84.149796 -25.000000
v 1.765900 85.640900 8.333334
v 1.704620 85.653412 25.000000
v 0.682892 85.843613 25.000000
v -17.691223 83.670074 -8.333333
v -18.308594 83.379120 -25.000000
v -17.450439 83.778168 -25.000000
v 0.128845 85.932343 8.333334
v -0.350098 86.001053 25.000000
v -19.074402 82.988709 -8.333333
v -19.140778 82.953232 -25.000000
v -19.945312 82.501160 -25.000000
v -1.534058 86.139877 8.333334
v -1.392212 86.125534 25.000000
v -2.441376 86.217133 25.000000
v -3.214203 86.263458 8.333334
v -3.495453 86.275925 25.000000
v -4.552307 86.302032 25.000000
v -21.007965 81.835205 -8.333333
v -20.720612 82.023651 -25.000000
v -21.465179 81.521454 -25.000000
v -22.177490 80.995361 -25.000000
v -4.902954 86.303482 8.333334
v -5.609894 86.295517 25.000000
v -22.751739 80.533920 -8.333333
v -22.856049 80.446152 -25.000000
v -23.499298 79.874573 -25.000000
v -6.591644 86.260300 8.333334
v -6.666046 86.256485 25.000000
v -7.718658 86.185013 25.000000
v -8.271729 86.134293 8.333334
v -8.765625 86.081223 25.000000
v -24.283112 79.096390 -8.333333
v -24.105774 79.281418 -25.000000
v -24.618896 78.729752 -25.000000
v -25.053253 78.219315 -25.000000
v -9.934509 85.925842 8.333334
v -9.804840 85.945175 25.000000
v -10.834167 85.776978 25.000000
v -25.579498 77.534134 -8.333333
v -25.460754 77.696075 -25.000000
v -25.840668 77.160477 -25.000000
v -26.192169 76.613220 -25.000000
v -11.571411 85.635315 8.333334
v -11.851501 85.576721 25.000000
v -12.854736 85.344482 25.000000
v -13.173798 85.263092 8.333334
v -13.841736 85.080399 25.000000
v -26.618683 75.860657 -8.333333
v -26.514587 76.055115 -25.000000
v -26.807159 75.487015 -25.000000
v -27.044434 74.967865 -25.000000
v -14.733154 84.809906 8.333334
v -14.810577 84.784912 25.000000
v -15.759308 84.458649 25.000000
v -27.380157 74.097443 -8.333333
v -27.236359 74.494781 -25.000000
v -27.407471 74.016632 -25.000000
v -27.557434 73.533890 -25.000000
v -16.241547 84.278015 8.333334
v -16.686005 84.102280 25.000000
v -27.650665 73.189713 -8.333333
v -27.686005 73.047165 -25.000000
v -27.792999 72.557053 -25.000000
v -17.691223 83.670074 8.333334
v -17.588806 83.716431 25.000000
v -18.465759 83.301743 25.000000
v -27.845459 72.269455 -8.333333
v -27.878235 72.064178 -25.000000
v -27.941559 71.569153 -25.000000
v -27.963257 71.340713 -8.333333
v -27.982697 71.072571 -25.000000
v -27.997772 70.740158 -25.000000
v -19.074402 82.988709 8.333334
v -19.314972 82.858871 25.000000
v -20.045044 82.442139 25.000000
v -21.007965 81.835205 8.333334
v -21.596375 81.428101 25.000000
v -22.083618 81.067474 25.000000
v -21.093872 81.777588 25.000000
v -20.576599 82.115677 25.000000
v -22.751739 80.533920 8.333334
v -23.010437 80.313797 25.000000
v -23.449036 79.921249 25.000000
v -22.555145 80.695969 25.000000
v -24.283112 79.096390 8.333334
v -24.659668 78.683655 25.000000
v -25.026550 78.251984 25.000000
v -24.274109 79.105927 25.000000
v -23.870422 79.518539 25.000000
v -25.579498 77.534134 8.333334
v -25.702423 77.361420 25.000000
v -26.010437 76.903122 25.000000
v -25.374298 77.811157 25.000000
v -26.618683 75.860657 8.333334
v -26.809631 75.481903 25.000000
v -27.032989 74.994400 25.000000
v -26.564484 75.962860 25.000000
v -26.297943 76.436768 25.000000
v -27.380157 74.097443 8.333334
v -27.412445 74.001785 25.000000
v -27.567749 73.497726 25.000000
v -27.234039 74.500854 25.000000
v -27.650665 73.189713 8.333334
v -27.699768 72.989380 25.000000
v -27.808289 72.477432 25.000000
v -27.845459 72.269455 8.333334
v -27.893066 71.962570 25.000000
v -27.963257 71.340713 8.333334
v -27.990540 70.926926 25.000000
v -27.953888 71.445511 25.000000
v -95.351776 4.107330 25.000000
v -86.124359 -2.596771 25.000000
v -95.351776 4.107330 -25.000000
v -86.124359 -2.596771 -25.000000
v -92.777283 12.030823 25.000000
v -92.993042 12.025513 25.000000
v -92.777283 12.030823 -25.000000
v -92.993042 12.025513 -25.000000
v -93.208252 12.009567 25.000000
v -93.208252 12.009567 -25.000000
v -93.422455 11.983047 25.000000
v -93.422455 11.983047 -25.000000
v -93.635071 11.946014 25.000000
v -93.635071 11.946014 -25.000000
v -93.845612 11.898544 25.000000
v -93.845612 11.898544 -25.000000
v -94.053558 11.840759 25.000000
v -94.053558 11.840759 -25.000000
v -94.258392 11.772797 25.000000
v -94.258392 11.772797 -25.000000
v -94.459656 11.694839 25.000000
v -94.459656 11.694839 -25.000000
v -94.656830 11.607056 25.000000
v -94.656830 11.607056 -25.000000
v -94.849426 11.509659 25.000000
v -94.849426 11.509659 -25.000000
v -95.036987 11.402908 25.000000
v -95.036987 11.402908 -25.000000
v -95.219086 11.287033 25.000000
v -95.219086 11.287033 -25.000000
v -95.395233 11.162338 25.000000
v -95.395233 11.162338 -25.000000
v -95.565033 11.029114 25.000000
v -95.565033 11.029114 -25.000000
v -95.728058 10.887680 25.000000
v -95.728058 10.887680 -25.000000
v -95.883911 10.738403 25.000000
v -95.883911 10.738403 -25.000000
v -96.032257 10.581619 25.000000
v -96.032257 10.581619 -25.000000
v -96.172668 10.417725 25.000000
v -96.172668 10.417725 -25.000000
v -96.304840 10.247101 25.000000
v -96.304840 10.247101 -25.000000
v -96.428436 10.070190 25.000000
v -96.428436 10.070190 -25.000000
v -96.543182 9.887390 25.000000
v -96.543182 9.887390 -25.000000
v -96.648804 9.699173 25.000000
v -96.648804 9.699173 -25.000000
v -96.744995 9.505966 25.000000
v -96.744995 9.505966 -25.000000
v -96.831573 9.308273 25.000000
v -96.831573 9.308273 -25.000000
v -96.908295 9.106537 25.000000
v -96.908295 9.106537 -25.000000
v -96.974976 8.901276 25.000000
v -96.974976 8.901276 -25.000000
v -97.031494 8.692978 25.000000
v -97.031494 8.692978 -25.000000
v -97.077667 8.482162 25.000000
v -97.077667 8.482162 -25.000000
v -97.113373 8.269318 25.000000
v -97.113373 8.269318 -25.000000
v -97.138580 8.054962 25.000000
v -97.138580 8.054962 -25.000000
v -97.153198 7.839630 25.000000
v -97.153198 7.839630 -25.000000
v -97.157196 7.623840 25.000000
v -97.157196 7.623840 -25.000000
v -97.150543 7.408127 25.000000
v -97.150543 7.408127 -25.000000
v -97.133270 7.192993 25.000000
v -97.133270 7.192993 -25.000000
v -97.105438 6.978973 -25.000000
v -97.105438 6.978973 25.000000
v -97.067078 6.766586 25.000000
v -97.067078 6.766586 -25.000000
v -97.018311 6.556335 25.000000
v -97.018311 6.556335 -25.000000
v -96.959259 6.348755 25.000000
v -96.959259 6.348755 -25.000000
v -96.890045 6.144333 25.000000
v -96.890045 6.144333 -25.000000
v -96.810852 5.943558 25.000000
v -96.810852 5.943558 -25.000000
v -96.721832 5.746948 25.000000
v -96.721832 5.746948 -25.000000
v -96.623261 5.554947 25.000000
v -96.623261 5.554947 -25.000000
v -96.515350 5.368042 25.000000
v -96.515350 5.368042 -25.000000
v -96.398376 5.186676 25.000000
v -96.398376 5.186676 -25.000000
v -96.272583 5.011291 -25.000000
v -96.272583 5.011291 25.000000
v -96.138306 4.842316 -25.000000
v -96.138306 4.842316 25.000000
v -95.995880 4.680161 25.000000
v -95.995880 4.680161 -25.000000
v -95.845642 4.525208 -25.000000
v -95.845642 4.525208 25.000000
v -95.687958 4.377869 25.000000
v -95.687958 4.377869 -25.000000
v -95.523193 4.238449 -25.000000
v -95.523193 4.238449 25.000000
v -81.371552 12.030823 25.000000
v -81.371552 12.030823 -25.000000
v -77.847015 22.878311 25.000000
v -77.847015 22.878311 -25.000000
v -69.515747 22.878311 -25.000000
v -69.515747 22.878311 25.000000
v -69.587463 23.081863 -25.000000
v -69.587463 23.081863 25.000000
v -69.669159 23.281631 25.000000
v -69.669159 23.281631 -25.000000
v -69.760559 23.477142 25.000000
v -69.760559 23.477142 -25.000000
v -69.861481 23.667908 25.000000
v -69.861481 23.667908 -25.000000
v -69.971710 23.853485 25.000000
v -69.971710 23.853485 -25.000000
v -70.090912 24.033386 25.000000
v -70.090912 24.033386 -25.000000
v -70.218842 24.207214 25.000000
v -70.218842 24.207214 -25.000000
v -70.355194 24.374512 25.000000
v -70.355194 24.374512 -25.000000
v -70.499603 24.534912 25.000000
v -70.499603 24.534912 -25.000000
v -70.651733 24.687988 25.000000
v -70.651733 24.687988 -25.000000
v -70.811218 24.833389 25.000000
v -70.811218 24.833389 -25.000000
v -70.977692 24.970749 25.000000
v -70.977692 24.970749 -25.000000
v -71.150726 25.099747 -25.000000
v -71.150726 25.099747 25.000000
v -71.329895 25.220078 25.000000
v -71.329895 25.220078 -25.000000
v -71.514771 25.331421 -25.000000
v -71.514771 25.331421 25.000000
v -71.704926 25.433517 25.000000
v -71.704926 25.433517 -25.000000
v -71.899872 25.526138 25.000000
v -71.899872 25.526138 -25.000000
v -72.099121 25.609039 -25.000000
v -72.099121 25.609039 25.000000
v -72.302246 25.682022 -25.000000
v -72.302246 25.682022 25.000000
v -72.508698 25.744904 25.000000
v -72.508698 25.744904 -25.000000
v -72.718018 25.797546 -25.000000
v -72.718018 25.797546 25.000000
v -72.929657 25.839813 25.000000
v -72.929657 25.839813 -25.000000
v -73.143127 25.871613 -25.000000
v -73.143127 25.871613 25.000000
v -73.357910 25.892853 25.000000
v -73.357910 25.892853 -25.000000
v -73.573456 25.903473 25.000000
v -73.573456 25.903473 -25.000000
v -73.789276 25.903473 -25.000000
v -73.789276 25.903473 25.000000
v -74.004852 25.892853 -25.000000
v -74.004852 25.892853 25.000000
v -74.219635 25.871613 25.000000
v -74.219635 25.871613 -25.000000
v -74.433105 25.839813 -25.000000
v -74.433105 25.839813 25.000000
v -74.644745 25.797546 -25.000000
v -74.644745 25.797546 25.000000
v -74.854034 25.744904 -25.000000
v -74.854034 25.744904 25.000000
v -75.060516 25.682022 25.000000
v -75.060516 25.682022 -25.000000
v -75.263611 25.609039 -25.000000
v -75.263611 25.609039 25.000000
v -75.462891 25.526138 25.000000
v -75.462891 25.526138 -25.000000
v -75.657837 25.433517 -25.000000
v -75.657837 25.433517 25.000000
v -75.847961 25.331421 25.000000
v -75.847961 25.331421 -25.000000
v -76.032837 25.220078 -25.000000
v -76.032837 25.220078 25.000000
v -76.212036 25.099747 -25.000000
v -76.212036 25.099747 25.000000
v -76.385040 24.970749 -25.000000
v -76.385040 24.970749 25.000000
v -76.551514 24.833389 -25.000000
v -76.551514 24.833389 25.000000
v -76.710999 24.687988 -25.000000
v -76.710999 24.687988 25.000000
v -76.863159 24.534912 -25.000000
v -76.863159 24.534912 25.000000
v -77.007568 24.374512 -25.000000
v -77.007568 24.374512 25.000000
v -77.143890 24.207214 -25.000000
v -77.143890 24.207214 25.000000
v -77.271851 24.033386 -25.000000
v -77.271851 24.033386 25.000000
v -77.391052 23.853485 -25.000000
v -77.391052 23.853485 25.000000
v -77.501251 23.667908 -25.000000
v -77.501251 23.667908 25.000000
v -77.602173 23.477142 -25.000000
v -77.602173 23.477142 25.000000
v -77.693604 23.281631 25.000000
v -77.693604 23.281631 -25.000000
v -77.775269 23.081863 -25.000000
v -77.775269 23.081863 25.000000
v -65.991180 12.030823 -25.000000
v -65.991180 12.030823 25.000000
v -54.585480 12.030823 25.000000
v -54.585480 12.030823 -25.000000
v -52.010986 4.107330 25.000000
v -51.839539 4.238449 25.000000
v -52.010986 4.107330 -25.000000
v -51.839539 4.238449 -25.000000
v -51.674774 4.377869 25.000000
v -51.674774 4.377869 -25.000000
v -51.517090 4.525208 25.000000
v -51.517090 4.525208 -25.000000
v -51.366852 4.680161 25.000000
v -51.366852 4.680161 -25.000000
v -51.224426 4.842316 25.000000
v -51.224426 4.842316 -25.000000
v -51.090149 5.011291 25.000000
v -51.090149 5.011291 -25.000000
v -50.964386 5.186676 25.000000
v -50.964386 5.186676 -25.000000
v -50.847382 5.368042 25.000000
v -50.847382 5.368042 -25.000000
v -50.739471 5.554947 25.000000
v -50.739471 5.554947 -25.000000
v -50.640900 5.746948 25.000000
v -50.640900 5.746948 -25.000000
v -50.551910 5.943558 25.000000
v -50.551910 5.943558 -25.000000
v -50.472717 6.144333 25.000000
v -50.472717 6.144333 -25.000000
v -50.403473 6.348755 25.000000
v -50.403473 6.348755 -25.000000
v -50.344421 6.556335 25.000000
v -50.344421 6.556335 -25.000000
v -50.295654 6.766586 25.000000
v -50.295654 6.766586 -25.000000
v -50.257324 6.978973 25.000000
v -50.257324 6.978973 -25.000000
v -50.229462 7.192993 25.000000
v -50.229462 7.192993 -25.000000
v -50.212189 7.408127 25.000000
v -50.212189 7.408127 -25.000000
v -50.205566 7.623840 25.000000
v -50.205566 7.623840 -25.000000
v -50.209534 7.839630 25.000000
v -50.209534 7.839630 -25.000000
v -50.224152 8.054962 25.000000
v -50.224152 8.054962 -25.000000
v -50.249359 8.269318 25.000000
v -50.249359 8.269318 -25.000000
v -50.285095 8.482162 25.000000
v -50.285095 8.482162 -25.000000
v -50.331268 8.692978 25.000000
v -50.331268 8.692978 -25.000000
v -50.387756 8.901276 25.000000
v -50.387756 8.901276 -25.000000
v -50.454468 9.106537 25.000000
v -50.454468 9.106537 -25.000000
v -50.531189 9.308273 25.000000
v -50.531189 9.308273 -25.000000
v -50.617737 9.505966 25.000000
v -50.617737 9.505966 -25.000000
v -50.713959 9.699173 25.000000
v -50.713959 9.699173 -25.000000
v -50.819550 9.887390 25.000000
v -50.819550 9.887390 -25.000000
v -50.934296 10.070190 25.000000
v -50.934296 10.070190 -25.000000
v -51.057892 10.247101 25.000000
v -51.057892 10.247101 -25.000000
v -51.190094 10.417725 25.000000
v -51.190094 10.417725 -25.000000
v -51.330505 10.581619 25.000000
v -51.330505 10.581619 -25.000000
v -51.478821 10.738403 25.000000
v -51.478821 10.738403 -25.000000
v -51.634674 10.887680 25.000000
v -51.634674 10.887680 -25.000000
v -51.797729 11.029114 25.000000
v -51.797729 11.029114 -25.000000
v -51.967529 11.162338 25.000000
v -51.967529 11.162338 -25.000000
v -52.143677 11.287033 25.000000
v -52.143677 11.287033 -25.000000
v -52.325745 11.402908 25.000000
v -52.325745 11.402908 -25.000000
v -52.513336 11.509659 25.000000
v -52.513336 11.509659 -25.000000
v -52.705933 11.607056 25.000000
v -52.705933 11.607056 -25.000000
v -52.903076 11.694839 25.000000
v -52.903076 11.694839 -25.000000
v -53.104340 11.772797 -25.000000
v -53.104340 11.772797 25.000000
v -53.309174 11.840759 25.000000
v -53.309174 11.840759 -25.000000
v -53.517120 11.898544 -25.000000
v -53.517120 11.898544 25.000000
v -53.727661 11.946014 25.000000
v -53.727661 11.946014 -25.000000
v -53.940308 11.983047 25.000000
v -53.940308 11.983047 -25.000000
v -54.154480 12.009567 25.000000
v -54.154480 12.009567 -25.000000
v -54.369720 12.025513 25.000000
v -54.369720 12.025513 -25.000000
v -61.238403 -2.596771 25.000000
v -61.238403 -2.596771 -25.000000
v -57.713837 -13.444260 25.000000
v -57.713837 -13.444260 -25.000000
v -64.453949 -18.341248 -25.000000
v -64.453949 -18.341248 25.000000
v -64.276276 -18.463760 -25.000000
v -64.276276 -18.463760 25.000000
v -64.092773 -18.577377 -25.000000
v -64.092773 -18.577377 25.000000
v -63.903900 -18.681824 -25.000000
v -63.903900 -18.681824 25.000000
v -63.710114 -18.776825 -25.000000
v -63.710114 -18.776825 25.000000
v -63.511902 -18.862167 -25.000000
v -63.511902 -18.862167 25.000000
v -63.309692 -18.937653 -25.000000
v -63.309692 -18.937653 25.000000
v -63.104034 -19.003082 -25.000000
v -63.104034 -19.003082 25.000000
v -62.895386 -19.058304 -25.000000
v -62.895386 -19.058304 25.000000
v -62.684296 -19.103165 -25.000000
v -62.684296 -19.103165 25.000000
v -62.471222 -19.137588 -25.000000
v -62.471222 -19.137588 25.000000
v -62.256714 -19.161469 -25.000000
v -62.256714 -19.161469 25.000000
v -62.041321 -19.174759 -25.000000
v -62.041321 -19.174759 25.000000
v -61.825500 -19.177414 -25.000000
v -61.825500 -19.177414 25.000000
v -61.609833 -19.169434 -25.000000
v -61.609833 -19.169434 25.000000
v -61.394806 -19.150848 -25.000000
v -61.394806 -19.150848 25.000000
v -61.180969 -19.121689 -25.000000
v -61.180969 -19.121689 25.000000
v -60.968811 -19.082031 -25.000000
v -60.968811 -19.082031 25.000000
v -60.758881 -19.031967 -25.000000
v -60.758881 -19.031967 25.000000
v -60.551636 -18.971634 -25.000000
v -60.551636 -18.971634 25.000000
v -60.347656 -18.901154 -25.000000
v -60.347656 -18.901154 25.000000
v -60.147369 -18.820724 -25.000000
v -60.147369 -18.820724 25.000000
v -59.951324 -18.730515 -25.000000
v -59.951324 -18.730515 25.000000
v -59.759918 -18.630768 25.000000
v -59.759918 -18.630768 -25.000000
v -59.573700 -18.521698 25.000000
v -59.573700 -18.521698 -25.000000
v -59.393036 -18.403595 -25.000000
v -59.393036 -18.403595 25.000000
v -59.218445 -18.276733 -25.000000
v -59.218445 -18.276733 25.000000
v -59.050293 -18.141434 25.000000
v -59.050293 -18.141434 -25.000000
v -58.889008 -17.998016 -25.000000
v -58.889008 -17.998016 25.000000
v -58.735016 -17.846817 -25.000000
v -58.735016 -17.846817 25.000000
v -58.588623 -17.688217 -25.000000
v -58.588623 -17.688217 25.000000
v -58.450226 -17.522598 -25.000000
v -58.450226 -17.522598 25.000000
v -58.320160 -17.350372 25.000000
v -58.320160 -17.350372 -25.000000
v -58.198761 -17.171936 25.000000
v -58.198761 -17.171936 -25.000000
v -58.086273 -16.987747 -25.000000
v -58.086273 -16.987747 25.000000
v -57.983002 -16.798233 25.000000
v -57.983002 -16.798233 -25.000000
v -57.889191 -16.603867 25.000000
v -57.889191 -16.603867 -25.000000
v -57.805054 -16.405121 -25.000000
v -57.805054 -16.405121 25.000000
v -57.730835 -16.202454 -25.000000
v -57.730835 -16.202454 25.000000
v -57.666656 -15.996399 -25.000000
v -57.666656 -15.996399 25.000000
v -57.612732 -15.787415 -25.000000
v -57.612732 -15.787415 25.000000
v -57.569153 -15.576035 25.000000
v -57.569153 -15.576035 -25.000000
v -57.536041 -15.362762 -25.000000
v -57.536041 -15.362762 25.000000
v -57.513489 -15.148117 -25.000000
v -57.513489 -15.148117 25.000000
v -57.501526 -14.932632 -25.000000
v -57.501526 -14.932632 25.000000
v -57.500214 -14.716812 25.000000
v -57.500214 -14.716812 -25.000000
v -57.509521 -14.501190 25.000000
v -57.509521 -14.501190 -25.000000
v -57.529419 -14.286285 -25.000000
v -57.529419 -14.286285 25.000000
v -57.559906 -14.072617 -25.000000
v -57.559906 -14.072617 25.000000
v -57.600861 -13.860718 25.000000
v -57.600861 -13.860718 -25.000000
v -57.652222 -13.651093 -25.000000
v -57.652222 -13.651093 25.000000
v -73.681366 -11.637131 25.000000
v -73.681366 -11.637131 -25.000000
v -82.908783 -18.341248 25.000000
v -82.908783 -18.341248 -25.000000
v -89.648926 -13.444260 -25.000000
v -89.648926 -13.444260 25.000000
v -89.710541 -13.651093 -25.000000
v -89.710541 -13.651093 25.000000
v -89.761871 -13.860718 -25.000000
v -89.761871 -13.860718 25.000000
v -89.802856 -14.072617 -25.000000
v -89.802856 -14.072617 25.000000
v -89.833313 -14.286285 -25.000000
v -89.833313 -14.286285 25.000000
v -89.853241 -14.501190 -25.000000
v -89.853241 -14.501190 25.000000
v -89.862549 -14.716812 -25.000000
v -89.862549 -14.716812 25.000000
v -89.861206 -14.932632 -25.000000
v -89.861206 -14.932632 25.000000
v -89.849243 -15.148117 -25.000000
v -89.849243 -15.148117 25.000000
v -89.826691 -15.362762 -25.000000
v -89.826691 -15.362762 25.000000
v -89.793579 -15.576035 -25.000000
v -89.793579 -15.576035 25.000000
v -89.750000 -15.787415 -25.000000
v -89.750000 -15.787415 25.000000
v -89.696075 -15.996399 -25.000000
v -89.696075 -15.996399 25.000000
v -89.631927 -16.202454 -25.000000
v -89.631927 -16.202454 25.000000
v -89.557678 -16.405121 -25.000000
v -89.557678 -16.405121 25.000000
v -89.473572 -16.603867 -25.000000
v -89.473572 -16.603867 25.000000
v -89.379761 -16.798233 -25.000000
v -89.379761 -16.798233 25.000000
v -89.276489 -16.987747 -25.000000
v -89.276489 -16.987747 25.000000
v -89.164001 -17.171936 -25.000000
v -89.164001 -17.171936 25.000000
v -89.042572 -17.350372 -25.000000
v -89.042572 -17.350372 25.000000
v -88.912506 -17.522598 -25.000000
v -88.912506 -17.522598 25.000000
v -88.774109 -17.688217 -25.000000
v -88.774109 -17.688217 25.000000
v -88.627747 -17.846817 -25.000000
v -88.627747 -17.846817 25.000000
v -88.473724 -17.998016 -25.000000
v -88.473724 -17.998016 25.000000
v -88.312439 -18.141434 -25.000000
v -88.312439 -18.141434 25.000000
v -88.144318 -18.276733 -25.000000
v -88.144318 -18.276733 25.000000
v -87.969696 -18.403595 -25.000000
v -87.969696 -18.403595 25.000000
v -87.789062 -18.521698 -25.000000
v -87.789062 -18.521698 25.000000
v -87.602814 -18.630768 -25.000000
v -87.602814 -18.630768 25.000000
v -87.411438 -18.730515 25.000000
v -87.411438 -18.730515 -25.000000
v -87.215363 -18.820724 -25.000000
v -87.215363 -18.820724 25.000000
v -87.015076 -18.901154 25.000000
v -87.015076 -18.901154 -25.000000
v -86.811096 -18.971634 25.000000
v -86.811096 -18.971634 -25.000000
v -86.603882 -19.031967 -25.000000
v -86.603882 -19.031967 25.000000
v -86.393951 -19.082031 -25.000000
v -86.393951 -19.082031 25.000000
v -86.181793 -19.121689 25.000000
v -86.181793 -19.121689 -25.000000
v -85.967957 -19.150848 -25.000000
v -85.967957 -19.150848 25.000000
v -85.752930 -19.169434 25.000000
v -85.752930 -19.169434 -25.000000
v -85.537262 -19.177414 25.000000
v -85.537262 -19.177414 -25.000000
v -85.321442 -19.174759 25.000000
v -85.321442 -19.174759 -25.000000
v -85.106018 -19.161469 25.000000
v -85.106018 -19.161469 -25.000000
v -84.891541 -19.137588 25.000000
v -84.891541 -19.137588 -25.000000
v -84.678467 -19.103165 -25.000000
v -84.678467 -19.103165 25.000000
v -84.467346 -19.058304 -25.000000
v -84.467346 -19.058304 25.000000
v -84.258728 -19.003082 25.000000
v -84.258728 -19.003082 -25.000000
v -84.053040 -18.937653 -25.000000
v -84.053040 -18.937653 25.000000
v -83.850861 -18.862167 25.000000
v -83.850861 -18.862167 -25.000000
v -83.652618 -18.776825 -25.000000
v -83.652618 -18.776825 25.000000
v -83.458832 -18.681824 25.000000
v -83.458832 -18.681824 -25.000000
v -83.269958 -18.577377 25.000000
v -83.269958 -18.577377 -25.000000
v -83.086456 -18.463760 25.000000
v -83.086456 -18.463760 -25.000000
v 83.535858 84.770309 -25.000000
v 83.535858 84.770309 25.000000
v 48.975861 84.770309 -25.000000
v 48.975861 84.770309 25.000000
v 87.915863 80.390320 -25.000000
v 87.915863 80.390320 25.000000
v 87.910583 80.605240 -25.000000
v 87.910583 80.605240 25.000000
v 87.894775 80.819626 -25.000000
v 87.894775 80.819626 25.000000
v 87.868469 81.032990 -25.000000
v 87.868469 81.032990 25.000000
v 87.831696 81.244812 -25.000000
v 87.831696 81.244812 25.000000
v 87.784607 81.454575 -25.000000
v 87.784607 81.454575 25.000000
v 87.727264 81.661758 -25.000000
v 87.727264 81.661758 25.000000
v 87.659821 81.865891 -25.000000
v 87.659821 81.865891 25.000000
v 87.582458 82.066467 -25.000000
v 87.582458 82.066467 25.000000
v 87.495331 82.263000 -25.000000
v 87.495331 82.263000 25.000000
v 87.398682 82.455032 -25.000000
v 87.398682 82.455032 25.000000
v 87.292725 82.642090 -25.000000
v 87.292725 82.642090 25.000000
v 87.177704 82.823715 -25.000000
v 87.177704 82.823715 25.000000
v 87.053925 82.999481 -25.000000
v 87.053925 82.999481 25.000000
v 86.921661 83.168961 -25.000000
v 86.921661 83.168961 25.000000
v 86.781219 83.331741 -25.000000
v 86.781219 83.331741 25.000000
v 86.632996 83.487442 -25.000000
v 86.632996 83.487442 25.000000
v 86.477295 83.635681 -25.000000
v 86.477295 83.635681 25.000000
v 86.314514 83.776108 -25.000000
v 86.314514 83.776108 25.000000
v 86.145020 83.908371 -25.000000
v 86.145020 83.908371 25.000000
v 85.969269 84.032150 25.000000
v 85.969269 84.032150 -25.000000
v 85.787628 84.147171 -25.000000
v 85.787628 84.147171 25.000000
v 85.600586 84.253128 -25.000000
v 85.600586 84.253128 25.000000
v 85.408539 84.349792 -25.000000
v 85.408539 84.349792 25.000000
v 85.212006 84.436905 -25.000000
v 85.212006 84.436905 25.000000
v 85.011444 84.514282 25.000000
v 85.011444 84.514282 -25.000000
v 84.807312 84.581711 25.000000
v 84.807312 84.581711 -25.000000
v 84.600128 84.639053 25.000000
v 84.600128 84.639053 -25.000000
v 84.390350 84.686157 25.000000
v 84.390350 84.686157 -25.000000
v 84.178528 84.722916 25.000000
v 84.178528 84.722916 -25.000000
v 83.965179 84.749222 -25.000000
v 83.965179 84.749222 25.000000
v 83.750793 84.765045 25.000000
v 83.750793 84.765045 -25.000000
v 87.915863 60.230316 25.000000
v 87.915863 60.230316 -25.000000
v 83.535858 55.850311 -25.000000
v 83.535858 55.850311 25.000000
v 83.750793 55.855591 -25.000000
v 83.750793 55.855591 25.000000
v 83.965179 55.871414 -25.000000
v 83.965179 55.871414 25.000000
v 84.178528 55.897720 -25.000000
v 84.178528 55.897720 25.000000
v 84.390350 55.934479 -25.000000
v 84.390350 55.934479 25.000000
v 84.600128 55.981583 -25.000000
v 84.600128 55.981583 25.000000
v 84.807312 56.038925 -25.000000
v 84.807312 56.038925 25.000000
v 85.011444 56.106354 -25.000000
v 85.011444 56.106354 25.000000
v 85.212006 56.183731 -25.000000
v 85.212006 56.183731 25.000000
v 85.408539 56.270844 -25.000000
v 85.408539 56.270844 25.000000
v 85.600586 56.367508 -25.000000
v 85.600586 56.367508 25.000000
v 85.787628 56.473465 -25.000000
v 85.787628 56.473465 25.000000
v 85.969269 56.588486 -25.000000
v 85.969269 56.588486 25.000000
v 86.145020 56.712265 -25.000000
v 86.145020 56.712265 25.000000
v 86.314514 56.844528 -25.000000
v 86.314514 56.844528 25.000000
v 86.477295 56.984955 -25.000000
v 86.477295 56.984955 25.000000
v 86.632996 57.133194 -25.000000
v 86.632996 57.133194 25.000000
v 86.781219 57.288895 -25.000000
v 86.781219 57.288895 25.000000
v 86.921661 57.451675 -25.000000
v 86.921661 57.451675 25.000000
v 87.053925 57.621155 -25.000000
v 87.053925 57.621155 25.000000
v 87.177704 57.796921 25.000000
v 87.177704 57.796921 -25.000000
v 87.292725 57.978546 -25.000000
v 87.292725 57.978546 25.000000
v 87.398682 58.165604 -25.000000
v 87.398682 58.165604 25.000000
v 87.495331 58.357620 -25.000000
v 87.495331 58.357620 25.000000
v 87.582458 58.554169 -25.000000
v 87.582458 58.554169 25.000000
v 87.659821 58.754745 25.000000
v 87.659821 58.754745 -25.000000
v 87.727264 58.958862 25.000000
v 87.727264 58.958862 -25.000000
v 87.784607 59.166061 25.000000
v 87.784607 59.166061 -25.000000
v 87.831696 59.375824 25.000000
v 87.831696 59.375824 -25.000000
v 87.868469 59.587631 25.000000
v 87.868469 59.587631 -25.000000
v 87.894775 59.800995 -25.000000
v 87.894775 59.800995 25.000000
v 87.910583 60.015396 25.000000
v 87.910583 60.015396 -25.000000
v 48.975861 55.850311 -25.000000
v 48.975861 55.850311 25.000000
v 44.595856 60.230316 -25.000000
v 44.595856 60.230316 25.000000
v 44.601135 60.015396 -25.000000
v 44.601135 60.015396 25.000000
v 44.616943 59.800995 -25.000000
v 44.616943 59.800995 25.000000
v 44.643280 59.587631 -25.000000
v 44.643280 59.587631 25.000000
v 44.680023 59.375824 -25.000000
v 44.680023 59.375824 25.000000
v 44.727112 59.166061 -25.000000
v 44.727112 59.166061 25.000000
v 44.784454 58.958862 -25.000000
v 44.784454 58.958862 25.000000
v 44.851898 58.754745 -25.000000
v 44.851898 58.754745 25.000000
v 44.929260 58.554169 -25.000000
v 44.929260 58.554169 25.000000
v 45.016388 58.357620 -25.000000
v 45.016388 58.357620 25.000000
v 45.113037 58.165604 -25.000000
v 45.113037 58.165604 25.000000
v 45.219025 57.978546 -25.000000
v 45.219025 57.978546 25.000000
v 45.334015 57.796921 -25.000000
v 45.334015 57.796921 25.000000
v 45.457825 57.621155 -25.000000
v 45.457825 57.621155 25.000000
v 45.590088 57.451675 -25.000000
v 45.590088 57.451675 25.000000
v 45.730499 57.288895 -25.000000
v 45.730499 57.288895 25.000000
v 45.878723 57.133194 -25.000000
v 45.878723 57.133194 25.000000
v 46.034424 56.984955 -25.000000
v 46.034424 56.984955 25.000000
v 46.197205 56.844528 -25.000000
v 46.197205 56.844528 25.000000
v 46.366699 56.712265 -25.000000
v 46.366699 56.712265 25.000000
v 46.542450 56.588486 25.000000
v 46.542450 56.588486 -25.000000
v 46.724091 56.473465 -25.000000
v 46.724091 56.473465 25.000000
v 46.911133 56.367508 -25.000000
v 46.911133 56.367508 25.000000
v 47.103180 56.270844 -25.000000
v 47.103180 56.270844 25.000000
v 47.299713 56.183731 -25.000000
v 47.299713 56.183731 25.000000
v 47.500275 56.106354 25.000000
v 47.500275 56.106354 -25.000000
v 47.704407 56.038925 25.000000
v 47.704407 56.038925 -25.000000
v 47.911621 55.981583 25.000000
v 47.911621 55.981583 -25.000000
v 48.121368 55.934479 25.000000
v 48.121368 55.934479 -25.000000
v 48.333191 55.897720 25.000000
v 48.333191 55.897720 -25.000000
v 48.546539 55.871414 -25.000000
v 48.546539 55.871414 25.000000
v 48.760956 55.855591 25.000000
v 48.760956 55.855591 -25.000000
v 44.595856 80.390320 25.000000
v 44.595856 80.390320 -25.000000
v 48.760956 84.765045 -25.000000
v 48.760956 84.765045 25.000000
v 48.546539 84.749222 -25.000000
v 48.546539 84.749222 25.000000
v 48.333191 84.722916 -25.000000
v 48.333191 84.722916 25.000000
v 48.121368 84.686157 -25.000000
v 48.121368 84.686157 25.000000
v 47.911621 84.639053 -25.000000
v 47.911621 84.639053 25.000000
v 47.704407 84.581711 -25.000000
v 47.704407 84.581711 25.000000
v 47.500275 84.514282 -25.000000
v 47.500275 84.514282 25.000000
v 47.299713 84.436905 -25.000000
v 47.299713 84.436905 25.000000
v 47.103180 84.349792 -25.000000
v 47.103180 84.349792 25.000000
v 46.911133 84.253128 -25.000000
v 46.911133 84.253128 25.000000
v 46.724091 84.147171 -25.000000
v 46.724091 84.147171 25.000000
v 46.542450 84.032150 -25.000000
v 46.542450 84.032150 25.000000
v 46.366699 83.908371 -25.000000
v 46.366699 83.908371 25.000000
v 46.197205 83.776108 -25.000000
v 46.197205 83.776108 25.000000
v 46.034424 83.635681 -25.000000
v 46.034424 83.635681 25.000000
v 45.878723 83.487442 -25.000000
v 45.878723 83.487442 25.000000
v 45.730499 83.331741 -25.000000
v 45.730499 83.331741 25.000000
v 45.590088 83.168961 -25.000000
v 45.590088 83.168961 25.000000
v 45.457825 82.999481 -25.000000
v 45.457825 82.999481 25.000000
v 45.334015 82.823715 25.000000
v 45.334015 82.823715 -25.000000
v 45.219025 82.642090 -25.000000
v 45.219025 82.642090 25.000000
v 45.113037 82.455032 -25.000000
v 45.113037 82.455032 25.000000
v 45.016388 82.263000 -25.000000
v 45.016388 82.263000 25.000000
v 44.929260 82.066467 -25.000000
v 44.929260 82.066467 25.000000
v 44.851898 81.865891 25.000000
v 44.851898 81.865891 -25.000000
v 44.784454 81.661758 25.000000
v 44.784454 81.661758 -25.000000
v 44.727112 81.454575 25.000000
v 44.727112 81.454575 -25.000000
v 44.680023 81.244812 25.000000
v 44.680023 81.244812 -25.000000
v 44.643280 81.032990 25.000000
v 44.643280 81.032990 -25.000000
v 44.616943 80.819626 -25.000000
v 44.616943 80.819626 25.000000
v 44.601135 80.605240 25.000000
v 44.601135 80.605240 -25.000000
v 69.399567 10.917633 25.000000
v 69.399567 10.917633 -25.000000
v 69.404327 11.111267 25.000000
v 69.404327 11.111267 -25.000000
v 69.418579 11.304428 25.000000
v 69.418579 11.304428 -25.000000
v 69.442291 11.496658 25.000000
v 69.442291 11.496658 -25.000000
v 69.475403 11.687500 25.000000
v 69.475403 11.687500 -25.000000
v 69.517822 11.876495 25.000000
v 69.517822 11.876495 -25.000000
v 69.569489 12.063156 25.000000
v 69.569489 12.063156 -25.000000
v 69.630249 12.247086 25.000000
v 69.630249 12.247086 -25.000000
v 69.699951 12.427795 25.000000
v 69.699951 12.427795 -25.000000
v 69.778442 12.604858 25.000000
v 69.778442 12.604858 -25.000000
v 69.865540 12.777878 25.000000
v 69.865540 12.777878 -25.000000
v 69.960999 12.946396 25.000000
v 69.960999 12.946396 -25.000000
v 70.064636 13.110046 25.000000
v 70.064636 13.110046 -25.000000
v 70.176147 13.268402 25.000000
v 70.176147 13.268402 -25.000000
v 70.295319 13.421097 25.000000
v 70.295319 13.421097 -25.000000
v 70.421844 13.567764 25.000000
v 70.421844 13.567764 -25.000000
v 70.555389 13.708038 25.000000
v 70.555389 13.708038 -25.000000
v 70.695679 13.841599 25.000000
v 70.695679 13.841599 -25.000000
v 70.842346 13.968109 25.000000
v 70.842346 13.968109 -25.000000
v 70.995026 14.087280 25.000000
v 70.995026 14.087280 -25.000000
v 71.153381 14.198807 -25.000000
v 71.153381 14.198807 25.000000
v 71.317047 14.302429 25.000000
v 71.317047 14.302429 -25.000000
v 71.485565 14.397903 25.000000
v 71.485565 14.397903 -25.000000
v 71.658569 14.484985 25.000000
v 71.658569 14.484985 -25.000000
v 71.835632 14.563477 25.000000
v 71.835632 14.563477 -25.000000
v 72.016357 14.633194 -25.000000
v 72.016357 14.633194 25.000000
v 72.200287 14.693954 -25.000000
v 72.200287 14.693954 25.000000
v 72.386963 14.745605 -25.000000
v 72.386963 14.745605 25.000000
v 72.575928 14.788040 -25.000000
v 72.575928 14.788040 25.000000
v 72.766785 14.821152 -25.000000
v 72.766785 14.821152 25.000000
v 72.959015 14.844864 25.000000
v 72.959015 14.844864 -25.000000
v 73.152161 14.859116 -25.000000
v 73.152161 14.859116 25.000000
v 73.345795 14.863876 -25.000000
v 73.345795 14.863876 25.000000
v 88.838654 14.863876 25.000000
v 88.838654 14.863876 -25.000000
v 89.032288 14.859116 25.000000
v 89.032288 14.859116 -25.000000
v 89.225464 14.844864 25.000000
v 89.225464 14.844864 -25.000000
v 89.417694 14.821152 25.000000
v 89.417694 14.821152 -25.000000
v 89.608551 14.788040 25.000000
v 89.608551 14.788040 -25.000000
v 89.797516 14.745605 25.000000
v 89.797516 14.745605 -25.000000
v 89.984192 14.693954 25.000000
v 89.984192 14.693954 -25.000000
v 90.168121 14.633194 25.000000
v 90.168121 14.633194 -25.000000
v 90.348816 14.563477 25.000000
v 90.348816 14.563477 -25.000000
v 90.525909 14.484985 25.000000
v 90.525909 14.484985 -25.000000
v 90.698914 14.397903 25.000000
v 90.698914 14.397903 -25.000000
v 90.867432 14.302429 25.000000
v 90.867432 14.302429 -25.000000
v 91.031067 14.198807 25.000000
v 91.031067 14.198807 -25.000000
v 91.189423 14.087280 25.000000
v 91.189423 14.087280 -25.000000
v 91.342133 13.968109 25.000000
v 91.342133 13.968109 -25.000000
v 91.488800 13.841599 25.000000
v 91.488800 13.841599 -25.000000
v 91.629089 13.708038 25.000000
v 91.629089 13.708038 -25.000000
v 91.762634 13.567764 25.000000
v 91.762634 13.567764 -25.000000
v 91.889160 13.421097 25.000000
v 91.889160 13.421097 -25.000000
v 92.008301 13.268402 25.000000
v 92.008301 13.268402 -25.000000
v 92.119843 13.110046 -25.000000
v 92.119843 13.110046 25.000000
v 92.223480 12.946396 25.000000
v 92.223480 12.946396 -25.000000
v 92.318939 12.777878 25.000000
v 92.318939 12.777878 -25.000000
v 92.406036 12.604858 25.000000
v 92.406036 12.604858 -25.000000
v 92.484528 12.427795 25.000000
v 92.484528 12.427795 -25.000000
v 92.554230 12.247086 -25.000000
v 92.554230 12.247086 25.000000
v 92.614990 12.063156 -25.000000
v 92.614990 12.063156 25.000000
v 92.666626 11.876495 -25.000000
v 92.666626 11.876495 25.000000
v 92.709076 11.687500 -25.000000
v 92.709076 11.687500 25.000000
v 92.742188 11.496658 -25.000000
v 92.742188 11.496658 25.000000
v 92.765900 11.304428 25.000000
v 92.765900 11.304428 -25.000000
v 92.780151 11.111267 -25.000000
v 92.780151 11.111267 25.000000
v 92.784912 10.917633 -25.000000
v 92.784912 10.917633 25.000000
v 92.784912 -4.575226 -25.000000
v 92.784912 -4.575226 25.000000
v 40.729279 -8.521469 25.000000
v 40.729279 -8.521469 -25.000000
v 40.535645 -8.516708 25.000000
v 40.535645 -8.516708 -25.000000
v 40.342468 -8.502472 25.000000
v 40.342468 -8.502472 -25.000000
v 40.150238 -8.478760 25.000000
v 40.150238 -8.478760 -25.000000
v 39.959381 -8.445648 25.000000
v 39.959381 -8.445648 -25.000000
v 39.770416 -8.403198 25.000000
v 39.770416 -8.403198 -25.000000
v 39.583740 -8.351547 25.000000
v 39.583740 -8.351547 -25.000000
v 39.399811 -8.290787 25.000000
v 39.399811 -8.290787 -25.000000
v 39.219116 -8.221085 25.000000
v 39.219116 -8.221085 -25.000000
v 39.042023 -8.142578 25.000000
v 39.042023 -8.142578 -25.000000
v 38.869019 -8.055496 25.000000
v 38.869019 -8.055496 -25.000000
v 38.700500 -7.960022 25.000000
v 38.700500 -7.960022 -25.000000
v 38.536865 -7.856400 25.000000
v 38.536865 -7.856400 -25.000000
v 38.378479 -7.744873 25.000000
v 38.378479 -7.744873 -25.000000
v 38.225800 -7.625717 25.000000
v 38.225800 -7.625717 -25.000000
v 38.079132 -7.499191 25.000000
v 38.079132 -7.499191 -25.000000
v 37.938843 -7.365646 25.000000
v 37.938843 -7.365646 -25.000000
v 37.805298 -7.225357 25.000000
v 37.805298 -7.225357 -25.000000
v 37.678772 -7.078690 25.000000
v 37.678772 -7.078690 -25.000000
v 37.559601 -6.925995 25.000000
v 37.559601 -6.925995 -25.000000
v 37.448090 -6.767639 -25.000000
v 37.448090 -6.767639 25.000000
v 37.344452 -6.604004 25.000000
v 37.344452 -6.604004 -25.000000
v 37.248993 -6.435471 25.000000
v 37.248993 -6.435471 -25.000000
v 37.161896 -6.262466 25.000000
v 37.161896 -6.262466 -25.000000
v 37.083405 -6.085388 25.000000
v 37.083405 -6.085388 -25.000000
v 37.013702 -5.904678 -25.000000
v 37.013702 -5.904678 25.000000
v 36.952942 -5.720764 -25.000000
v 36.952942 -5.720764 25.000000
v 36.901276 -5.534088 -25.000000
v 36.901276 -5.534088 25.000000
v 36.858856 -5.345093 -25.000000
v 36.858856 -5.345093 25.000000
v 36.825745 -5.154266 -25.000000
v 36.825745 -5.154266 25.000000
v 36.802032 -4.962021 25.000000
v 36.802032 -4.962021 -25.000000
v 36.787781 -4.768860 -25.000000
v 36.787781 -4.768860 25.000000
v 36.783020 -4.575226 -25.000000
v 36.783020 -4.575226 25.000000
v 56.222137 -8.521469 -25.000000
v 56.222137 -8.521469 25.000000
v 36.783020 10.917633 -25.000000
v 36.783020 10.917633 25.000000
v 36.787781 11.111267 25.000000
v 36.787781 11.111267 -25.000000
v 36.802032 11.304428 25.000000
v 36.802032 11.304428 -25.000000
v 36.825745 11.496658 25.000000
v 36.825745 11.496658 -25.000000
v 36.858856 11.687500 25.000000
v 36.858856 11.687500 -25.000000
v 36.901276 11.876495 25.000000
v 36.901276 11.876495 -25.000000
v 36.952942 12.063156 25.000000
v 36.952942 12.063156 -25.000000
v 37.013702 12.247086 25.000000
v 37.013702 12.247086 -25.000000
v 37.083405 12.427795 25.000000
v 37.083405 12.427795 -25.000000
v 37.161896 12.604858 25.000000
v 37.161896 12.604858 -25.000000
v 37.248993 12.777878 25.000000
v 37.248993 12.777878 -25.000000
v 37.344452 12.946396 25.000000
v 37.344452 12.946396 -25.000000
v 37.448090 13.110046 25.000000
v 37.448090 13.110046 -25.000000
v 37.559601 13.268402 25.000000
v 37.559601 13.268402 -25.000000
v 37.678772 13.421097 25.000000
v 37.678772 13.421097 -25.000000
v 37.805298 13.567764 25.000000
v 37.805298 13.567764 -25.000000
v 37.938843 13.708038 25.000000
v 37.938843 13.708038 -25.000000
v 38.079132 13.841599 25.000000
v 38.079132 13.841599 -25.000000
v 38.225800 13.968109 25.000000
v 38.225800 13.968109 -25.000000
v 38.378479 14.087280 25.000000
v 38.378479 14.087280 -25.000000
v 38.536865 14.198807 -25.000000
v 38.536865 14.198807 25.000000
v 38.700500 14.302429 25.000000
v 38.700500 14.302429 -25.000000
v 38.869019 14.397903 25.000000
v 38.869019 14.397903 -25.000000
v 39.042023 14.484985 25.000000
v 39.042023 14.484985 -25.000000
v 39.219116 14.563477 25.000000
v 39.219116 14.563477 -25.000000
v 39.399811 14.633194 -25.000000
v 39.399811 14.633194 25.000000
v 39.583740 14.693954 -25.000000
v 39.583740 14.693954 25.000000
v 39.770416 14.745605 -25.000000
v 39.770416 14.745605 25.000000
v 39.959381 14.788040 -25.000000
v 39.959381 14.788040 25.000000
v 40.150238 14.821152 -25.000000
v 40.150238 14.821152 25.000000
v 40.342468 14.844864 25.000000
v 40.342468 14.844864 -25.000000
v 40.535645 14.859116 -25.000000
v 40.535645 14.859116 25.000000
v 40.729279 14.863876 -25.000000
v 40.729279 14.863876 25.000000
v 56.222137 14.863876 -25.000000
v 56.222137 14.863876 25.000000
v 73.345795 -8.521469 25.000000
v 73.345795 -8.521469 -25.000000
v 73.152161 -8.516708 25.000000
v 73.152161 -8.516708 -25.000000
v 72.959015 -8.502472 25.000000
v 72.959015 -8.502472 -25.000000
v 72.766785 -8.478760 25.000000
v 72.766785 -8.478760 -25.000000
v 72.575928 -8.445648 25.000000
v 72.575928 -8.445648 -25.000000
v 72.386963 -8.403198 25.000000
v 72.386963 -8.403198 -25.000000
v 72.200287 -8.351547 25.000000
v 72.200287 -8.351547 -25.000000
v 72.016357 -8.290787 25.000000
v 72.016357 -8.290787 -25.000000
v 71.835632 -8.221085 25.000000
v 71.835632 -8.221085 -25.000000
v 71.658569 -8.142578 25.000000
v 71.658569 -8.142578 -25.000000
v 71.485565 -8.055496 25.000000
v 71.485565 -8.055496 -25.000000
v 71.317047 -7.960022 25.000000
v 71.317047 -7.960022 -25.000000
v 71.153381 -7.856400 25.000000
v 71.153381 -7.856400 -25.000000
v 70.995026 -7.744873 25.000000
v 70.995026 -7.744873 -25.000000
v 70.842346 -7.625717 25.000000
v 70.842346 -7.625717 -25.000000
v 70.695679 -7.499191 25.000000
v 70.695679 -7.499191 -25.000000
v 70.555389 -7.365646 25.000000
v 70.555389 -7.365646 -25.000000
v 70.421844 -7.225357 25.000000
v 70.421844 -7.225357 -25.000000
v 70.295319 -7.078690 25.000000
v 70.295319 -7.078690 -25.000000
v 70.176147 -6.925995 25.000000
v 70.176147 -6.925995 -25.000000
v 70.064636 -6.767639 -25.000000
v 70.064636 -6.767639 25.000000
v 69.960999 -6.604004 25.000000
v 69.960999 -6.604004 -25.000000
v 69.865540 -6.435471 25.000000
v 69.865540 -6.435471 -25.000000
v 69.778442 -6.262466 25.000000
v 69.778442 -6.262466 -25.000000
v 69.699951 -6.085388 25.000000
v 69.699951 -6.085388 -25.000000
v 69.630249 -5.904678 -25.000000
v 69.630249 -5.904678 25.000000
v 69.569489 -5.720764 -25.000000
v 69.569489 -5.720764 25.000000
v 69.517822 -5.534088 -25.000000
v 69.517822 -5.534088 25.000000
v 69.475403 -5.345093 -25.000000
v 69.475403 -5.345093 25.000000
v 69.442291 -5.154266 -25.000000
v 69.442291 -5.154266 25.000000
v 69.418579 -4.962021 25.000000
v 69.418579 -4.962021 -25.000000
v 69.404327 -4.768860 -25.000000
v 69.404327 -4.768860 25.000000
v 69.399567 -4.575226 -25.000000
v 69.399567 -4.575226 25.000000
v 92.780151 -4.768860 25.000000
v 92.780151 -4.768860 -25.000000
v 92.765900 -4.962021 25.000000
v 92.765900 -4.962021 -25.000000
v 92.742188 -5.154266 25.000000
v 92.742188 -5.154266 -25.000000
v 92.709076 -5.345093 25.000000
v 92.709076 -5.345093 -25.000000
v 92.666626 -5.534088 25.000000
v 92.666626 -5.534088 -25.000000
v 92.614990 -5.720764 25.000000
v 92.614990 -5.720764 -25.000000
v 92.554230 -5.904678 25.000000
v 92.554230 -5.904678 -25.000000
v 92.484528 -6.085388 25.000000
v 92.484528 -6.085388 -25.000000
v 92.406036 -6.262466 25.000000
v 92.406036 -6.262466 -25.000000
v 92.318939 -6.435471 25.000000
v 92.318939 -6.435471 -25.000000
v 92.223480 -6.604004 25.000000
v 92.223480 -6.604004 -25.000000
v 92.119843 -6.767639 25.000000
v 92.119843 -6.767639 -25.000000
v 92.008301 -6.925995 25.000000
v 92.008301 -6.925995 -25.000000
v 91.889160 -7.078690 25.000000
v 91.889160 -7.078690 -25.000000
v 91.762634 -7.225357 25.000000
v 91.762634 -7.225357 -25.000000
v 91.629089 -7.365646 25.000000
v 91.629089 -7.365646 -25.000000
v 91.488800 -7.499191 25.000000
v 91.488800 -7.499191 -25.000000
v 91.342133 -7.625717 25.000000
v 91.342133 -7.625717 -25.000000
v 91.189423 -7.744873 25.000000
v 91.189423 -7.744873 -25.000000
v 91.031067 -7.856400 -25.000000
v 91.031067 -7.856400 25.000000
v 90.867432 -7.960022 25.000000
v 90.867432 -7.960022 -25.000000
v 90.698914 -8.055496 25.000000
v 90.698914 -8.055496 -25.000000
v 90.525909 -8.142578 25.000000
v 90.525909 -8.142578 -25.000000
v 90.348816 -8.221085 25.000000
v 90.348816 -8.221085 -25.000000
v 90.168121 -8.290787 -25.000000
v 90.168121 -8.290787 25.000000
v 89.984192 -8.351547 -25.000000
v 89.984192 -8.351547 25.000000
v 89.797516 -8.403198 -25.000000
v 89.797516 -8.403198 25.000000
v 89.608551 -8.445648 -25.000000
v 89.608551 -8.445648 25.000000
v 89.417694 -8.478760 -25.000000
v 89.417694 -8.478760 25.000000
v 89.225464 -8.502472 25.000000
v 89.225464 -8.502472 -25.000000
v 89.032288 -8.516708 -25.000000
v 89.032288 -8.516708 25.000000
v 88.838654 -8.521469 -25.000000
v 88.838654 -8.521469 25.000000
v 56.415741 14.859116 25.000000
v 56.415741 14.859116 -25.000000
v 56.608917 14.844864 25.000000
v 56.608917 14.844864 -25.000000
v 56.801147 14.821152 25.000000
v 56.801147 14.821152 -25.000000
v 56.992004 14.788040 25.000000
v 56.992004 14.788040 -25.000000
v 57.180969 14.745605 25.000000
v 57.180969 14.745605 -25.000000
v 57.367645 14.693954 25.000000
v 57.367645 14.693954 -25.000000
v 57.551575 14.633194 25.000000
v 57.551575 14.633194 -25.000000
v 57.732269 14.563477 25.000000
v 57.732269 14.563477 -25.000000
v 57.909363 14.484985 25.000000
v 57.909363 14.484985 -25.000000
v 58.082367 14.397903 25.000000
v 58.082367 14.397903 -25.000000
v 58.250885 14.302429 25.000000
v 58.250885 14.302429 -25.000000
v 58.414551 14.198807 25.000000
v 58.414551 14.198807 -25.000000
v 58.572906 14.087280 25.000000
v 58.572906 14.087280 -25.000000
v 58.725586 13.968109 25.000000
v 58.725586 13.968109 -25.000000
v 58.872253 13.841599 25.000000
v 58.872253 13.841599 -25.000000
v 59.012543 13.708038 25.000000
v 59.012543 13.708038 -25.000000
v 59.146088 13.567764 25.000000
v 59.146088 13.567764 -25.000000
v 59.272614 13.421097 25.000000
v 59.272614 13.421097 -25.000000
v 59.391785 13.268402 25.000000
v 59.391785 13.268402 -25.000000
v 59.503296 13.110046 -25.000000
v 59.503296 13.110046 25.000000
v 59.606934 12.946396 25.000000
v 59.606934 12.946396 -25.000000
v 59.702393 12.777878 25.000000
v 59.702393 12.777878 -25.000000
v 59.789490 12.604858 25.000000
v 59.789490 12.604858 -25.000000
v 59.867981 12.427795 25.000000
v 59.867981 12.427795 -25.000000
v 59.937683 12.247086 -25.000000
v 59.937683 12.247086 25.000000
v 59.998444 12.063156 -25.000000
v 59.998444 12.063156 25.000000
v 60.050110 11.876495 -25.000000
v 60.050110 11.876495 25.000000
v 60.092529 11.687500 -25.000000
v 60.092529 11.687500 25.000000
v 60.125641 11.496658 -25.000000
v 60.125641 11.496658 25.000000
v 60.149353 11.304428 25.000000
v 60.149353 11.304428 -25.000000
v 60.163605 11.111267 -25.000000
v 60.163605 11.111267 25.000000
v 60.168365 10.917633 -25.000000
v 60.168365 10.917633 25.000000
v 60.168365 -4.575226 -25.000000
v 60.168365 -4.575226 25.000000
v 60.163605 -4.768860 25.000000
v 60.163605 -4.768860 -25.000000
v 60.149353 -4.962021 25.000000
v 60.149353 -4.962021 -25.000000
v 60.125641 -5.154266 25.000000
v 60.125641 -5.154266 -25.000000
v 60.092529 -5.345093 25.000000
v 60.092529 -5.345093 -25.000000
v 60.050110 -5.534088 25.000000
v 60.050110 -5.534088 -25.000000
v 59.998444 -5.720764 25.000000
v 59.998444 -5.720764 -25.000000
v 59.937683 -5.904678 25.000000
v 59.937683 -5.904678 -25.000000
v 59.867981 -6.085388 25.000000
v 59.867981 -6.085388 -25.000000
v 59.789490 -6.262466 25.000000
v 59.789490 -6.262466 -25.000000
v 59.702393 -6.435471 25.000000
v 59.702393 -6.435471 -25.000000
v 59.606934 -6.604004 25.000000
v 59.606934 -6.604004 -25.000000
v 59.503296 -6.767639 25.000000
v 59.503296 -6.767639 -25.000000
v 59.391785 -6.925995 25.000000
v 59.391785 -6.925995 -25.000000
v 59.272614 -7.078690 25.000000
v 59.272614 -7.078690 -25.000000
v 59.146088 -7.225357 25.000000
v 59.146088 -7.225357 -25.000000
v 59.012543 -7.365646 25.000000
v 59.012543 -7.365646 -25.000000
v 58.872253 -7.499191 25.000000
v 58.872253 -7.499191 -25.000000
v 58.725586 -7.625717 25.000000
v 58.725586 -7.625717 -25.000000
v 58.572906 -7.744873 25.000000
v 58.572906 -7.744873 -25.000000
v 58.414551 -7.856400 -25.000000
v 58.414551 -7.856400 25.000000
v 58.250885 -7.960022 25.000000
v 58.250885 -7.960022 -25.000000
v 58.082367 -8.055496 25.000000
v 58.082367 -8.055496 -25.000000
v 57.909363 -8.142578 25.000000
v 57.909363 -8.142578 -25.000000
v 57.732269 -8.221085 25.000000
v 57.732269 -8.221085 -25.000000
v 57.551575 -8.290787 -25.000000
v 57.551575 -8.290787 25.000000
v 57.367645 -8.351547 -25.000000
v 57.367645 -8.351547 25.000000
v 57.180969 -8.403198 -25.000000
v 57.180969 -8.403198 25.000000
v 56.992004 -8.445648 -25.000000
v 56.992004 -8.445648 25.000000
v 56.801147 -8.478760 -25.000000
v 56.801147 -8.478760 25.000000
v 56.608917 -8.502472 25.000000
v 56.608917 -8.502472 -25.000000
v 56.415741 -8.516708 -25.000000
v 56.415741 -8.516708 25.000000
v 85.159515 -89.091072 25.000000
v 88.268311 -89.091072 25.000000
v 85.159515 -89.091072 -25.000000
v 88.268311 -89.091072 -25.000000
v 80.834473 -85.402649 25.000000
v 80.873261 -85.612366 25.000000
v 80.834473 -85.402649 -25.000000
v 80.873261 -85.612366 -25.000000
v 80.922211 -85.819954 25.000000
v 80.922211 -85.819954 -25.000000
v 80.981201 -86.024902 25.000000
v 80.981201 -86.024902 -25.000000
v 81.050110 -86.226738 25.000000
v 81.050110 -86.226738 -25.000000
v 81.128784 -86.424980 25.000000
v 81.128784 -86.424980 -25.000000
v 81.216980 -86.619164 25.000000
v 81.216980 -86.619164 -25.000000
v 81.314545 -86.808815 25.000000
v 81.314545 -86.808815 -25.000000
v 81.421204 -86.993500 25.000000
v 81.421204 -86.993500 -25.000000
v 81.536743 -87.172768 25.000000
v 81.536743 -87.172768 -25.000000
v 81.660889 -87.346199 25.000000
v 81.660889 -87.346199 -25.000000
v 81.793304 -87.513382 25.000000
v 81.793304 -87.513382 -25.000000
v 81.933716 -87.673927 25.000000
v 81.933716 -87.673927 -25.000000
v 82.081757 -87.827446 25.000000
v 82.081757 -87.827446 -25.000000
v 82.237091 -87.973572 25.000000
v 82.237091 -87.973572 -25.000000
v 82.399384 -88.111961 25.000000
v 82.399384 -88.111961 -25.000000
v 82.568207 -88.242287 25.000000
v 82.568207 -88.242287 -25.000000
v 82.743164 -88.364243 25.000000
v 82.743164 -88.364243 -25.000000
v 82.923859 -88.477539 25.000000
v 82.923859 -88.477539 -25.000000
v 83.109863 -88.581902 25.000000
v 83.109863 -88.581902 -25.000000
v 83.300720 -88.677086 25.000000
v 83.300720 -88.677086 -25.000000
v 83.495972 -88.762871 25.000000
v 83.495972 -88.762871 -25.000000
v 83.695190 -88.839043 25.000000
v 83.695190 -88.839043 -25.000000
v 83.897858 -88.905434 25.000000
v 83.897858 -88.905434 -25.000000
v 84.103546 -88.961876 25.000000
v 84.103546 -88.961876 -25.000000
v 84.311707 -89.008240 25.000000
v 84.311707 -89.008240 -25.000000
v 84.521912 -89.044411 25.000000
v 84.521912 -89.044411 -25.000000
v 84.733612 -89.070312 25.000000
v 84.733612 -89.070312 -25.000000
v 84.946320 -89.085876 25.000000
v 84.946320 -89.085876 -25.000000
v 80.709259 -84.727440 25.000000
v 80.709259 -84.727440 -25.000000
v 80.550781 -84.059250 25.000000
v 80.550781 -84.059250 -25.000000
v 80.359406 -83.399734 25.000000
v 80.359406 -83.399734 -25.000000
v 80.135559 -82.750511 25.000000
v 80.135559 -82.750511 -25.000000
v 79.879852 -82.113167 25.000000
v 79.879852 -82.113167 -25.000000
v 79.592896 -81.489273 25.000000
v 79.592896 -81.489273 -25.000000
v 79.275391 -80.880363 25.000000
v 79.275391 -80.880363 -25.000000
v 78.928131 -80.287918 25.000000
v 78.928131 -80.287918 -25.000000
v 78.551910 -79.713409 25.000000
v 78.551910 -79.713409 -25.000000
v 78.147736 -79.158234 25.000000
v 78.147736 -79.158234 -25.000000
v 77.716522 -78.623764 25.000000
v 77.716522 -78.623764 -25.000000
v 77.259399 -78.111313 25.000000
v 77.259399 -78.111313 -25.000000
v 76.777435 -77.622124 25.000000
v 76.777435 -77.622124 -25.000000
v 76.271820 -77.157410 25.000000
v 76.271820 -77.157410 -25.000000
v 75.743835 -76.718315 25.000000
v 75.743835 -76.718315 -25.000000
v 75.194733 -76.305908 25.000000
v 75.194733 -76.305908 -25.000000
v 74.625885 -75.921204 25.000000
v 74.625885 -75.921204 -25.000000
v 74.038666 -75.565155 25.000000
v 74.038666 -75.565155 -25.000000
v 73.434540 -75.238625 25.000000
v 73.434540 -75.238625 -25.000000
v 72.815002 -74.942413 25.000000
v 72.815002 -74.942413 -25.000000
v 72.181519 -74.677261 25.000000
v 72.181519 -74.677261 -25.000000
v 71.535706 -74.443810 25.000000
v 71.535706 -74.443810 -25.000000
v 70.879089 -74.242630 25.000000
v 70.879089 -74.242630 -25.000000
v 70.213348 -74.074219 25.000000
v 70.213348 -74.074219 -25.000000
v 69.540070 -73.938995 25.000000
v 69.540070 -73.938995 -25.000000
v 68.860931 -73.837288 25.000000
v 68.860931 -73.837288 -25.000000
v 68.177551 -73.769341 25.000000
v 68.177551 -73.769341 -25.000000
v 67.491699 -73.735329 25.000000
v 67.491699 -73.735329 -25.000000
v 66.804962 -73.735329 25.000000
v 66.804962 -73.735329 -25.000000
v 66.119080 -73.769341 25.000000
v 66.119080 -73.769341 -25.000000
v 65.435730 -73.837288 25.000000
v 65.435730 -73.837288 -25.000000
v 64.756592 -73.938995 25.000000
v 64.756592 -73.938995 -25.000000
v 64.083313 -74.074219 25.000000
v 64.083313 -74.074219 -25.000000
v 63.417542 -74.242630 25.000000
v 63.417542 -74.242630 -25.000000
v 62.760956 -74.443810 25.000000
v 62.760956 -74.443810 -25.000000
v 62.115143 -74.677261 25.000000
v 62.115143 -74.677261 -25.000000
v 61.481659 -74.942413 25.000000
v 61.481659 -74.942413 -25.000000
v 60.862091 -75.238625 25.000000
v 60.862091 -75.238625 -25.000000
v 60.257965 -75.565155 25.000000
v 60.257965 -75.565155 -25.000000
v 59.670776 -75.921204 -25.000000
v 59.670776 -75.921204 25.000000
v 59.101929 -76.305908 25.000000
v 59.101929 -76.305908 -25.000000
v 58.552826 -76.718315 25.000000
v 58.552826 -76.718315 -25.000000
v 58.024811 -77.157410 25.000000
v 58.024811 -77.157410 -25.000000
v 57.519226 -77.622124 -25.000000
v 57.519226 -77.622124 25.000000
v 57.037262 -78.111313 25.000000
v 57.037262 -78.111313 -25.000000
v 56.580109 -78.623764 -25.000000
v 56.580109 -78.623764 25.000000
v 56.148926 -79.158234 25.000000
v 56.148926 -79.158234 -25.000000
v 55.744720 -79.713409 25.000000
v 55.744720 -79.713409 -25.000000
v 55.368530 -80.287918 -25.000000
v 55.368530 -80.287918 25.000000
v 55.021240 -80.880363 25.000000
v 55.021240 -80.880363 -25.000000
v 54.703735 -81.489273 -25.000000
v 54.703735 -81.489273 25.000000
v 54.416779 -82.113167 25.000000
v 54.416779 -82.113167 -25.000000
v 54.161072 -82.750511 -25.000000
v 54.161072 -82.750511 25.000000
v 53.937256 -83.399734 25.000000
v 53.937256 -83.399734 -25.000000
v 53.745880 -84.059250 25.000000
v 53.745880 -84.059250 -25.000000
v 53.587372 -84.727440 25.000000
v 53.587372 -84.727440 -25.000000
v 53.462189 -85.402649 25.000000
v 53.462189 -85.402649 -25.000000
v 49.137115 -89.091072 -25.000000
v 49.137115 -89.091072 25.000000
v 49.350342 -89.085876 -25.000000
v 49.350342 -89.085876 25.000000
v 49.563049 -89.070312 -25.000000
v 49.563049 -89.070312 25.000000
v 49.774750 -89.044411 -25.000000
v 49.774750 -89.044411 25.000000
v 49.984924 -89.008240 -25.000000
v 49.984924 -89.008240 25.000000
v 50.193115 -88.961876 -25.000000
v 50.193115 -88.961876 25.000000
v 50.398773 -88.905434 -25.000000
v 50.398773 -88.905434 25.000000
v 50.601440 -88.839043 -25.000000
v 50.601440 -88.839043 25.000000
v 50.800659 -88.762871 -25.000000
v 50.800659 -88.762871 25.000000
v 50.995941 -88.677086 -25.000000
v 50.995941 -88.677086 25.000000
v 51.186768 -88.581902 -25.000000
v 51.186768 -88.581902 25.000000
v 51.372772 -88.477539 -25.000000
v 51.372772 -88.477539 25.000000
v 51.553467 -88.364243 -25.000000
v 51.553467 -88.364243 25.000000
v 51.728455 -88.242287 -25.000000
v 51.728455 -88.242287 25.000000
v 51.897278 -88.111961 -25.000000
v 51.897278 -88.111961 25.000000
v 52.059540 -87.973572 -25.000000
v 52.059540 -87.973572 25.000000
v 52.214905 -87.827446 -25.000000
v 52.214905 -87.827446 25.000000
v 52.362946 -87.673927 -25.000000
v 52.362946 -87.673927 25.000000
v 52.503357 -87.513382 -25.000000
v 52.503357 -87.513382 25.000000
v 52.635773 -87.346199 -25.000000
v 52.635773 -87.346199 25.000000
v 52.759888 -87.172768 -25.000000
v 52.759888 -87.172768 25.000000
v 52.875427 -86.993500 25.000000
v 52.875427 -86.993500 -25.000000
v 52.982117 -86.808815 25.000000
v 52.982117 -86.808815 -25.000000
v 53.079651 -86.619164 25.000000
v 53.079651 -86.619164 -25.000000
v 53.167877 -86.424980 25.000000
v 53.167877 -86.424980 -25.000000
v 53.246521 -86.226738 25.000000
v 53.246521 -86.226738 -25.000000
v 53.315430 -86.024902 25.000000
v 53.315430 -86.024902 -25.000000
v 53.374451 -85.819954 25.000000
v 53.374451 -85.819954 -25.000000
v 53.423401 -85.612366 25.000000
v 53.423401 -85.612366 -25.000000
v 46.028320 -89.091072 25.000000
v 46.028320 -89.091072 -25.000000
v 41.648315 -84.711075 -25.000000
v 41.648315 -84.711075 25.000000
v 41.653595 -84.925987 -25.000000
v 41.653595 -84.925987 25.000000
v 41.669403 -85.140388 -25.000000
v 41.669403 -85.140388 25.000000
v 41.695740 -85.353752 -25.000000
v 41.695740 -85.353752 25.000000
v 41.732483 -85.565567 -25.000000
v 41.732483 -85.565567 25.000000
v 41.779602 -85.775322 -25.000000
v 41.779602 -85.775322 25.000000
v 41.836914 -85.982521 -25.000000
v 41.836914 -85.982521 25.000000
v 41.904358 -86.186653 -25.000000
v 41.904358 -86.186653 25.000000
v 41.981720 -86.387222 -25.000000
v 41.981720 -86.387222 25.000000
v 42.068848 -86.583763 -25.000000
v 42.068848 -86.583763 25.000000
v 42.165497 -86.775787 -25.000000
v 42.165497 -86.775787 25.000000
v 42.271484 -86.962845 -25.000000
v 42.271484 -86.962845 25.000000
v 42.386475 -87.144470 -25.000000
v 42.386475 -87.144470 25.000000
v 42.510284 -87.320236 -25.000000
v 42.510284 -87.320236 25.000000
v 42.642548 -87.489716 -25.000000
v 42.642548 -87.489716 25.000000
v 42.782959 -87.652504 -25.000000
v 42.782959 -87.652504 25.000000
v 42.931183 -87.808197 -25.000000
v 42.931183 -87.808197 25.000000
v 43.086884 -87.956436 -25.000000
v 43.086884 -87.956436 25.000000
v 43.249695 -88.096855 -25.000000
v 43.249695 -88.096855 25.000000
v 43.419159 -88.229118 -25.000000
v 43.419159 -88.229118 25.000000
v 43.594940 -88.352913 25.000000
v 43.594940 -88.352913 -25.000000
v 43.776550 -88.467926 -25.000000
v 43.776550 -88.467926 25.000000
v 43.963593 -88.573891 -25.000000
v 43.963593 -88.573891 25.000000
v 44.155640 -88.670547 -25.000000
v 44.155640 -88.670547 25.000000
v 44.352173 -88.757668 -25.000000
v 44.352173 -88.757668 25.000000
v 44.552734 -88.835037 25.000000
v 44.552734 -88.835037 -25.000000
v 44.756866 -88.902473 25.000000
v 44.756866 -88.902473 -25.000000
v 44.964081 -88.959808 25.000000
v 44.964081 -88.959808 -25.000000
v 45.173828 -89.006912 25.000000
v 45.173828 -89.006912 -25.000000
v 45.385651 -89.043663 25.000000
v 45.385651 -89.043663 -25.000000
v 45.598999 -89.069984 -25.000000
v 45.598999 -89.069984 25.000000
v 45.813416 -89.085800 25.000000
v 45.813416 -89.085800 -25.000000
v 41.648315 -61.671074 25.000000
v 41.648315 -61.671074 -25.000000
v 46.028320 -57.291069 -25.000000
v 46.028320 -57.291069 25.000000
v 45.813416 -57.296349 -25.000000
v 45.813416 -57.296349 25.000000
v 45.598999 -57.312164 -25.000000
v 45.598999 -57.312164 25.000000
v 45.385651 -57.338478 -25.000000
v 45.385651 -57.338478 25.000000
v 45.173828 -57.375237 -25.000000
v 45.173828 -57.375237 25.000000
v 44.964081 -57.422333 -25.000000
v 44.964081 -57.422333 25.000000
v 44.756866 -57.479675 -25.000000
v 44.756866 -57.479675 25.000000
v 44.552734 -57.547112 -25.000000
v 44.552734 -57.547112 25.000000
v 44.352173 -57.624481 -25.000000
v 44.352173 -57.624481 25.000000
v 44.155640 -57.711601 -25.000000
v 44.155640 -57.711601 25.000000
v 43.963593 -57.808258 -25.000000
v 43.963593 -57.808258 25.000000
v 43.776550 -57.914223 -25.000000
v 43.776550 -57.914223 25.000000
v 43.594940 -58.029236 -25.000000
v 43.594940 -58.029236 25.000000
v 43.419159 -58.153023 -25.000000
v 43.419159 -58.153023 25.000000
v 43.249695 -58.285286 -25.000000
v 43.249695 -58.285286 25.000000
v 43.086884 -58.425705 -25.000000
v 43.086884 -58.425705 25.000000
v 42.931183 -58.573944 -25.000000
v 42.931183 -58.573944 25.000000
v 42.782959 -58.729645 -25.000000
v 42.782959 -58.729645 25.000000
v 42.642548 -58.892433 -25.000000
v 42.642548 -58.892433 25.000000
v 42.510284 -59.061913 -25.000000
v 42.510284 -59.061913 25.000000
v 42.386475 -59.237679 25.000000
v 42.386475 -59.237679 -25.000000
v 42.271484 -59.419304 -25.000000
v 42.271484 -59.419304 25.000000
v 42.165497 -59.606354 -25.000000
v 42.165497 -59.606354 25.000000
v 42.068848 -59.798378 -25.000000
v 42.068848 -59.798378 25.000000
v 41.981720 -59.994919 -25.000000
v 41.981720 -59.994919 25.000000
v 41.904358 -60.195496 25.000000
v 41.904358 -60.195496 -25.000000
v 41.836914 -60.399628 25.000000
v 41.836914 -60.399628 -25.000000
v 41.779602 -60.606819 25.000000
v 41.779602 -60.606819 -25.000000
v 41.732483 -60.816574 25.000000
v 41.732483 -60.816574 -25.000000
v 41.695740 -61.028397 25.000000
v 41.695740 -61.028397 -25.000000
v 41.669403 -61.241760 -25.000000
v 41.669403 -61.241760 25.000000
v 41.653595 -61.456154 25.000000
v 41.653595 -61.456154 -25.000000
v 88.268311 -57.291069 25.000000
v 88.268311 -57.291069 -25.000000
v 92.648315 -61.671074 -25.000000
v 92.648315 -61.671074 25.000000
v 92.643036 -61.456154 -25.000000
v 92.643036 -61.456154 25.000000
v 92.627228 -61.241760 -25.000000
v 92.627228 -61.241760 25.000000
v 92.600922 -61.028397 -25.000000
v 92.600922 -61.028397 25.000000
v 92.564178 -60.816574 -25.000000
v 92.564178 -60.816574 25.000000
v 92.517059 -60.606819 -25.000000
v 92.517059 -60.606819 25.000000
v 92.459717 -60.399628 -25.000000
v 92.459717 -60.399628 25.000000
v 92.392273 -60.195496 -25.000000
v 92.392273 -60.195496 25.000000
v 92.314911 -59.994919 -25.000000
v 92.314911 -59.994919 25.000000
v 92.227783 -59.798378 -25.000000
v 92.227783 -59.798378 25.000000
v 92.131134 -59.606354 -25.000000
v 92.131134 -59.606354 25.000000
v 92.025177 -59.419304 -25.000000
v 92.025177 -59.419304 25.000000
v 91.910156 -59.237679 -25.000000
v 91.910156 -59.237679 25.000000
v 91.786377 -59.061913 -25.000000
v 91.786377 -59.061913 25.000000
v 91.654114 -58.892433 -25.000000
v 91.654114 -58.892433 25.000000
v 91.513702 -58.729645 -25.000000
v 91.513702 -58.729645 25.000000
v 91.365448 -58.573944 -25.000000
v 91.365448 -58.573944 25.000000
v 91.209747 -58.425705 -25.000000
v 91.209747 -58.425705 25.000000
v 91.046967 -58.285286 -25.000000
v 91.046967 -58.285286 25.000000
v 90.877472 -58.153023 -25.000000
v 90.877472 -58.153023 25.000000
v 90.701721 -58.029236 25.000000
v 90.701721 -58.029236 -25.000000
v 90.520081 -57.914223 -25.000000
v 90.520081 -57.914223 25.000000
v 90.333038 -57.808258 -25.000000
v 90.333038 -57.808258 25.000000
v 90.141022 -57.711601 -25.000000
v 90.141022 -57.711601 25.000000
v 89.944489 -57.624481 -25.000000
v 89.944489 -57.624481 25.000000
v 89.743896 -57.547112 25.000000
v 89.743896 -57.547112 -25.000000
v 89.539764 -57.479675 25.000000
v 89.539764 -57.479675 -25.000000
v 89.332581 -57.422333 25.000000
v 89.332581 -57.422333 -25.000000
v 89.122833 -57.375237 25.000000
v 89.122833 -57.375237 -25.000000
v 88.911011 -57.338478 25.000000
v 88.911011 -57.338478 -25.000000
v 88.697632 -57.312164 -25.000000
v 88.697632 -57.312164 25.000000
v 88.483246 -57.296349 25.000000
v 88.483246 -57.296349 -25.000000
v 92.648315 -84.711075 25.000000
v 92.648315 -84.711075 -25.000000
v 88.483246 -89.085800 -25.000000
v 88.483246 -89.085800 25.000000
v 88.697632 -89.069984 -25.000000
v 88.697632 -89.069984 25.000000
v 88.911011 -89.043663 -25.000000
v 88.911011 -89.043663 25.000000
v 89.122833 -89.006912 -25.000000
v 89.122833 -89.006912 25.000000
v 89.332581 -88.959808 -25.000000
v 89.332581 -88.959808 25.000000
v 89.539764 -88.902473 -25.000000
v 89.539764 -88.902473 25.000000
v 89.743896 -88.835037 -25.000000
v 89.743896 -88.835037 25.000000
v 89.944489 -88.757668 -25.000000
v 89.944489 -88.757668 25.000000
v 90.141022 -88.670547 -25.000000
v 90.141022 -88.670547 25.000000
v 90.333038 -88.573891 -25.000000
v 90.333038 -88.573891 25.000000
v 90.520081 -88.467926 -25.000000
v 90.520081 -88.467926 25.000000
v 90.701721 -88.352913 -25.000000
v 90.701721 -88.352913 25.000000
v 90.877472 -88.229118 -25.000000
v 90.877472 -88.229118 25.000000
v 91.046967 -88.096855 -25.000000
v 91.046967 -88.096855 25.000000
v 91.209747 -87.956436 -25.000000
v 91.209747 -87.956436 25.000000
v 91.365448 -87.808197 -25.000000
v 91.365448 -87.808197 25.000000
v 91.513702 -87.652504 -25.000000
v 91.513702 -87.652504 25.000000
v 91.654114 -87.489716 -25.000000
v 91.654114 -87.489716 25.000000
v 91.786377 -87.320236 -25.000000
v 91.786377 -87.320236 25.000000
v 91.910156 -87.144470 25.000000
v 91.910156 -87.144470 -25.000000
v 92.025177 -86.962845 -25.000000
v 92.025177 -86.962845 25.000000
v 92.131134 -86.775787 -25.000000
v 92.131134 -86.775787 25.000000
v 92.227783 -86.583763 -25.000000
v 92.227783 -86.583763 25.000000
v 92.314911 -86.387222 -25.000000
v 92.314911 -86.387222 25.000000
v 92.392273 -86.186653 25.000000
v 92.392273 -86.186653 -25.000000
v 92.459717 -85.982521 25.000000
v 92.459717 -85.982521 -25.000000
v 92.517059 -85.775322 25.000000
v 92.517059 -85.775322 -25.000000
v 92.564178 -85.565567 25.000000
v 92.564178 -85.565567 -25.000000
v 92.600922 -85.353752 25.000000
v 92.600922 -85.353752 -25.000000
v 92.627228 -85.140388 -25.000000
v 92.627228 -85.140388 25.000000
v 92.643036 -84.925987 25.000000
v 92.643036 -84.925987 -25.000000
v 113.053955 113.316559 24.974052
v 113.000000 113.390167 24.961571
v 113.000000 113.293457 24.978352
v 113.000000 113.196045 24.990368
v 113.065643 113.126526 24.994915
v 113.000000 113.098145 24.997589
v 113.000000 113.000000 25.000000
v 113.052856 113.644043 24.892727
v 113.000000 113.673767 24.883087
v 113.000000 113.580566 24.913879
v 113.100098 113.450897 24.945938
v 113.000000 113.485962 24.940063
v 113.124939 113.256531 24.979542
v 113.126526 113.065643 24.994915
v 113.098145 113.000000 24.997589
v 113.196045 113.000000 24.990368
v 113.080505 113.778595 24.840469
v 113.000000 113.855103 24.807980
v 113.000000 113.765381 24.847759
v 113.139984 113.585785 24.907162
v 113.177765 113.388886 24.953758
v 113.013092 114.090118 24.676746
v 113.000000 114.111145 24.662941
v 113.000000 114.028198 24.715458
v 113.192566 113.192566 24.981373
v 113.102570 113.910736 24.777653
v 113.000000 113.942780 24.763844
v 113.173676 113.720032 24.857792
v 113.224060 113.522430 24.917519
v 113.020599 114.212372 24.590519
v 113.000000 114.268799 24.546021
v 113.000000 114.191406 24.606415
v 113.251984 113.322479 24.957676
v 113.119446 114.039368 24.704540
v 113.256531 113.124939 24.979542
v 113.201416 113.852509 24.797962
v 113.263886 113.655945 24.870850
v 113.024292 114.328522 24.494804
v 113.000000 114.414215 24.414215
v 113.000000 114.343109 24.481903
v 113.304718 113.454224 24.923752
v 113.131439 114.163422 24.621468
v 113.322479 113.251984 24.957676
v 113.223480 113.982056 24.727901
v 113.316559 113.053955 24.974052
v 113.293457 113.000000 24.978352
v 113.390167 113.000000 24.961571
v 113.297363 113.788330 24.813858
v 113.024750 114.437653 24.390144
v 113.000000 114.481903 24.343117
v 113.350677 113.586639 24.879593
v 113.139069 114.281891 24.528862
v 113.381561 113.381561 24.925835
v 113.240173 114.107574 24.647907
v 113.388886 113.177765 24.953758
v 113.324738 113.918427 24.746723
v 113.022552 114.538940 24.277149
v 113.000000 114.606415 24.191399
v 113.000000 114.546021 24.268787
v 113.389984 113.718567 24.825264
v 113.142792 114.393799 24.427219
v 113.433655 113.512421 24.883972
v 113.251892 114.228027 24.558357
v 113.454224 113.304718 24.923752
v 113.346252 114.045074 24.669704
v 113.018311 114.631622 24.156513
v 113.000000 114.662933 24.111141
v 113.450897 113.100098 24.945938
v 113.485962 113.000000 24.940063
v 113.422760 113.848785 24.760914
v 113.143219 114.498230 24.317116
v 113.478790 113.643463 24.832130
v 113.259155 114.342407 24.459709
v 113.512421 113.433655 24.883972
v 113.362305 114.167206 24.583145
v 113.012695 114.714935 24.028976
v 113.000000 114.763855 23.942795
v 113.000000 114.715454 24.028206
v 113.522430 113.224060 24.917519
v 113.449249 113.976227 24.686768
v 113.140900 114.594391 24.199196
v 113.517059 113.773499 24.770416
v 113.262421 114.449768 24.352501
v 113.563416 113.563416 24.834423
v 113.373261 114.283783 24.487461
v 113.586639 113.350677 24.879593
v 113.469757 114.099701 24.603119
v 113.136505 114.681519 24.074173
v 113.585785 113.139984 24.907162
v 113.580566 113.000000 24.913879
v 113.548645 113.901306 24.699009
v 113.262329 114.549255 24.237339
v 113.607239 113.692841 24.775173
v 113.379669 114.393829 24.383144
v 113.643463 113.478790 24.832130
v 113.484650 114.218201 24.510345
v 113.130707 114.758972 23.942829
v 113.000000 114.807983 23.855110
v 113.655945 113.263886 24.870850
v 113.573761 114.025818 24.618176
v 113.259460 114.640045 24.114895
v 113.644043 113.052856 24.892727
v 113.673767 113.000000 24.883087
v 113.643982 113.820709 24.706379
v 113.382019 114.496399 24.270760
v 113.692841 113.607239 24.775173
v 113.494354 114.330627 24.408901
v 113.124115 114.826202 23.805996
v 113.000000 114.847748 23.765366
v 113.718567 113.389984 24.825264
v 113.592743 114.145905 24.528252
v 113.254425 114.721405 23.985909
v 113.720032 113.173676 24.857792
v 113.673828 113.945923 24.628258
v 113.380920 114.590668 24.150948
v 113.734802 113.734802 24.708839
v 113.499420 114.436096 24.299309
v 113.117493 114.882690 23.664562
v 113.000000 114.913879 23.580570
v 113.000000 114.883087 23.673779
v 113.773499 113.517059 24.770416
v 113.606018 114.260498 24.429649
v 113.247925 114.792755 23.851189
v 113.788330 113.297363 24.813858
v 113.697083 114.067291 24.541103
v 113.376984 114.675842 24.024406
v 113.778595 113.080505 24.840469
v 113.765381 113.000000 24.847759
v 113.855103 113.000000 24.807980
v 113.769501 113.860321 24.633308
v 113.500366 114.533661 24.182167
v 113.111450 114.928131 23.519466
v 113.000000 114.961578 23.390183
v 113.000000 114.940063 23.485962
v 113.820709 113.643982 24.706379
v 113.613983 114.368622 24.322849
v 113.240662 114.853577 23.711582
v 113.848785 113.422760 24.760914
v 113.714050 114.183746 24.445297
v 113.370850 114.751282 23.891903
v 113.852509 113.201416 24.797962
v 113.797150 113.982666 24.548840
v 113.497772 114.622528 24.058140
v 113.106689 114.962250 23.371681
v 113.000000 114.978363 23.293461
v 113.860321 113.769501 24.633308
v 113.617218 114.469269 24.208408
v 113.233246 114.903412 23.568001
v 113.901306 113.548645 24.699009
v 113.725189 114.294250 24.341270
v 113.363220 114.816376 23.754257
v 113.918427 113.324738 24.746723
v 113.818024 114.100708 24.455769
v 113.492310 114.701935 23.927952
v 113.103882 114.984894 23.222210
v 113.000000 114.997589 23.098137
v 113.000000 114.990356 23.196033
v 113.910736 113.102570 24.777653
v 113.942780 113.000000 24.763844
v 114.028198 113.000000 24.715458
v 113.892487 113.892487 24.551422
v 113.616272 114.561646 24.086952
v 113.226410 114.941956 23.421387
v 113.945923 113.673828 24.628258
v 113.730957 114.397827 24.229549
v 113.354736 114.870605 23.612343
v 113.976227 113.449249 24.686768
v 113.832520 114.213379 24.354492
v 113.484619 114.771240 23.792393
v 113.103607 114.996002 23.072083
v 113.196045 114.990356 23.000000
v 113.098145 114.997589 23.000000
v 113.000000 115.000000 23.000000
v 113.982056 113.223480 24.727901
v 113.917419 114.011810 24.461014
v 113.611725 114.644928 23.959167
v 113.220825 114.968964 23.272720
v 113.982666 113.797150 24.548840
v 113.731903 114.493530 24.110710
v 113.346100 114.913635 23.467079
v 114.025818 113.573761 24.618176
v 113.841064 114.319611 24.245491
v 113.475342 114.829895 23.652298
v 114.045074 113.346252 24.669704
v 113.935455 114.126343 24.362450
v 113.604279 114.718414 23.825806
v 113.217102 114.984375 23.123020
v 113.293457 114.978363 23.000000
v 114.039368 113.119446 24.704540
v 114.111145 113.000000 24.662941
v 114.011810 113.917419 24.461014
v 113.728607 114.580536 23.985405
v 113.338013 114.945190 23.319424
v 114.067291 113.697083 24.541103
v 113.844147 114.418488 24.129303
v 113.465240 114.877472 23.508556
v 114.099701 113.469757 24.603119
v 113.946991 114.235016 24.256161
v 113.594513 114.781464 23.687672
v 114.107574 113.240173 24.647907
v 114.033569 114.033569 24.365105
v 113.721649 114.658112 23.854347
v 113.331146 114.965027 23.170357
v 114.100708 113.818024 24.455769
v 113.842316 114.509094 24.006546
v 113.454926 114.913605 23.362095
v 114.145905 113.592743 24.528252
v 113.952484 114.336853 24.142647
v 113.583191 114.833618 23.545616
v 114.167206 113.362305 24.583145
v 114.048279 114.144440 24.261505
v 113.711731 114.725555 23.718300
v 113.326080 114.973114 23.020897
v 113.390167 114.961578 23.000000
v 114.163422 113.131439 24.621468
v 114.191406 113.000000 24.606415
v 114.268799 113.000000 24.546021
v 114.126343 113.935455 24.362450
v 113.836182 114.590637 23.877880
v 113.445129 114.938080 23.213879
v 114.183746 113.714050 24.445297
v 113.952393 114.430878 24.022484
v 113.570984 114.874451 23.400539
v 114.218201 113.484650 24.510345
v 114.056366 114.248993 24.150681
v 113.699493 114.782288 23.578091
v 114.228027 113.251892 24.558357
v 114.144440 114.048279 24.261505
v 113.826386 114.662384 23.744049
v 113.436493 114.950714 23.064896
v 113.485962 114.940063 23.000000
v 114.213379 113.832520 24.354492
v 113.947357 114.516296 23.896301
v 113.558563 114.903625 23.253380
v 114.260498 113.606018 24.429649
v 114.058319 114.346313 24.033154
v 113.685669 114.827850 23.434578
v 114.283783 113.373261 24.487461
v 114.155365 114.155365 24.153362
v 113.813568 114.723694 23.605827
v 114.281891 113.139069 24.528862
v 114.235016 113.946991 24.256161
v 113.937988 114.592255 23.764790
v 113.546631 114.920959 23.105099
v 113.580566 114.913879 23.000000
v 114.294250 113.725189 24.341270
v 114.054657 114.435425 23.909519
v 113.670929 114.861847 23.288677
v 114.330627 113.494354 24.408901
v 114.159576 114.255737 24.038498
v 113.798431 114.774017 23.464054
v 114.342407 113.259155 24.459709
v 114.248993 114.056366 24.150681
v 113.924896 114.658112 23.628700
v 114.328522 113.024292 24.494804
v 114.343109 113.000000 24.481903
v 114.414215 113.000000 24.414215
v 114.319611 113.841064 24.245491
v 114.045990 114.515533 23.780430
v 113.656006 114.884064 23.141319
v 113.673767 114.883087 23.000000
v 114.368622 113.613983 24.322849
v 114.157593 114.348419 23.917473
v 113.781708 114.812958 23.319603
v 114.393829 113.379669 24.383144
v 114.255737 114.159576 24.038498
v 113.908783 114.713226 23.488831
v 114.393799 113.142792 24.427219
v 114.336853 113.952484 24.142647
v 114.032959 114.585846 23.646599
v 114.397827 113.730957 24.229549
v 114.149933 114.432526 23.790901
v 113.764038 114.840149 23.173393
v 114.436096 113.499420 24.299309
v 114.255646 114.255646 23.920132
v 113.890350 114.757141 23.346024
v 114.449768 113.262421 24.352501
v 114.346313 114.058319 24.033154
v 114.016174 114.645752 23.508789
v 114.437653 113.024750 24.390144
v 114.481903 113.000000 24.343117
v 114.418488 113.844147 24.129303
v 114.137238 114.507263 23.659447
v 113.746185 114.855408 23.026360
v 113.765381 114.847748 23.000000
v 114.469269 113.617218 24.208408
v 114.249298 114.343658 23.796146
v 113.870300 114.789459 23.201164
v 114.496399 113.382019 24.270760
v 114.348419 114.157593 23.917473
v 113.996368 114.694702 23.367805
v 114.498230 113.143219 24.317116
v 114.430878 113.952393 24.022484
v 114.120117 114.571930 23.523842
v 114.493530 113.731903 24.110710
v 114.237244 114.422699 23.667179
v 113.849335 114.809845 23.055164
v 113.942780 114.763855 23.000000
v 113.855103 114.807983 23.000000
v 114.533661 113.500366 24.182167
v 114.343658 114.249298 23.796146
v 113.974243 114.732178 23.224506
v 114.549255 113.262329 24.237339
v 114.435425 114.054657 23.909519
v 114.099274 114.625885 23.384857
v 114.538940 113.022552 24.277149
v 114.546021 113.000000 24.268787
v 114.606415 113.000000 24.191399
v 114.509094 113.842316 24.006546
v 114.220123 114.492065 23.533913
v 114.561646 113.616272 24.086952
v 114.332550 114.332550 23.669758
v 113.950531 114.757874 23.079773
v 114.028198 114.715454 23.000000
v 114.590668 113.380920 24.150948
v 114.432526 114.149933 23.790901
v 114.075439 114.668610 23.243309
v 114.594391 113.140900 24.199196
v 114.662933 113.000000 24.111141
v 114.516296 113.947357 23.896301
v 114.198608 114.551025 23.397091
v 114.580536 113.728607 23.985405
v 114.315735 114.406525 23.538963
v 114.622528 113.497772 24.058140
v 114.422699 114.237244 23.667179
v 114.049286 114.699707 23.100063
v 114.111145 114.662933 23.000000
v 114.640045 113.259460 24.114895
v 114.515533 114.045990 23.780430
v 114.173370 114.599030 23.257492
v 114.590637 113.836182 23.877880
v 114.293854 114.470489 23.404453
v 114.644928 113.611725 23.959167
v 114.406525 114.315735 23.538963
v 114.675842 113.376984 24.024406
v 114.507263 114.137238 23.659447
v 114.145142 114.635620 23.115940
v 114.191406 114.606415 23.000000
v 114.681519 113.136505 24.074173
v 114.592255 113.937988 23.764790
v 114.267578 114.523804 23.266983
v 114.658112 113.721649 23.854347
v 114.384644 114.384644 23.406914
v 114.701935 113.492310 23.927952
v 114.492065 114.220123 23.533913
v 114.721405 113.254425 23.985909
v 114.585846 114.032959 23.646599
v 114.237640 114.565887 23.127338
v 114.268799 114.546021 23.000000
v 114.714935 113.012695 24.028976
v 114.715454 113.000000 24.028206
v 114.763855 113.000000 23.942795
v 114.662384 113.826386 23.744049
v 114.357666 114.443207 23.271740
v 114.718414 113.604279 23.825806
v 114.470489 114.293854 23.404453
v 114.751282 113.370850 23.891903
v 114.571930 114.120117 23.523842
v 114.758972 113.130707 23.942829
v 114.807983 113.000000 23.855110
v 114.658112 113.924896 23.628700
v 114.326386 114.490875 23.134193
v 114.343109 114.481903 23.000000
v 114.725555 113.711731 23.718300
v 114.443207 114.357666 23.271740
v 114.771240 113.484619 23.792393
v 114.551025 114.198608 23.397091
v 114.792755 113.247925 23.851189
v 114.645752 114.016174 23.508789
v 114.723694 113.813568 23.605827
v 114.410919 114.410919 23.136486
v 114.481903 114.343109 23.000000
v 114.414215 114.414215 23.000000
v 114.781464 113.594513 23.687672
v 114.523804 114.267578 23.266983
v 114.816376 113.363220 23.754257
v 114.625885 114.099274 23.384857
v 114.826202 113.124115 23.805996
v 114.847748 113.000000 23.765366
v 114.713226 113.908783 23.488831
v 114.782288 113.699493 23.578091
v 114.490875 114.326386 23.134193
v 114.546021 114.268799 23.000000
v 114.829895 113.475342 23.652298
v 114.599030 114.173370 23.257492
v 114.853577 113.240662 23.711582
v 114.694702 113.996368 23.367805
v 114.774017 113.798431 23.464054
v 114.833618 113.583191 23.545616
v 114.565887 114.237640 23.127338
v 114.606415 114.191406 23.000000
v 114.870605 113.354736 23.612343
v 114.668610 114.075439 23.243309
v 114.882690 113.117493 23.664562
v 114.883087 113.000000 23.673779
v 114.913879 113.000000 23.580570
v 114.757141 113.890350 23.346024
v 114.827850 113.685669 23.434578
v 114.877472 113.465240 23.508556
v 114.635620 114.145142 23.115940
v 114.662933 114.111145 23.000000
v 114.903412 113.233246 23.568001
v 114.732178 113.974243 23.224506
v 114.812958 113.781708 23.319603
v 114.874451 113.570984 23.400539
v 114.913635 113.346100 23.467079
v 114.699707 114.049286 23.100063
v 114.715454 114.028198 23.000000
v 114.928131 113.111450 23.519466
v 114.940063 113.000000 23.485962
v 114.961578 113.000000 23.390183
v 114.789459 113.870300 23.201164
v 114.861847 113.670929 23.288677
v 114.913605 113.454926 23.362095
v 114.941956 113.226410 23.421387
v 114.757874 113.950531 23.079773
v 114.763855 113.942780 23.000000
v 114.840149 113.764038 23.173393
v 114.903625 113.558563 23.253380
v 114.945190 113.338013 23.319424
v 114.962250 113.106689 23.371681
v 114.978363 113.000000 23.293461
v 114.809845 113.849335 23.055164
v 114.847748 113.765381 23.000000
v 114.807983 113.855103 23.000000
v 114.884064 113.656006 23.141319
v 114.913879 113.580566 23.000000
v 114.883087 113.673767 23.000000
v 114.938080 113.445129 23.213879
v 114.968964 113.220825 23.272720
v 114.855408 113.746185 23.026360
v 114.920959 113.546631 23.105099
v 114.940063 113.485962 23.000000
v 114.965027 113.331146 23.170357
v 114.984894 113.103882 23.222210
v 114.990356 113.000000 23.196033
v 114.997589 113.000000 23.098137
v 114.950714 113.436493 23.064896
v 114.961578 113.390167 23.000000
v 114.984375 113.217102 23.123020
v 114.990356 113.196045 23.000000
v 114.978363 113.293457 23.000000
v 114.973114 113.326080 23.020897
v 114.996002 113.103607 23.072083
v 115.000000 113.000000 23.000000
v 114.997589 113.098145 23.000000
v 115.000000 113.000000 -25.000000
v 114.997589 113.098145 -25.000000
v 114.990356 113.196045 -25.000000
v 114.978363 113.293457 -25.000000
v 114.961578 113.390167 -25.000000
v 114.940063 113.485962 -25.000000
v 114.913879 113.580566 -25.000000
v 114.883087 113.673767 -25.000000
v 114.847748 113.765381 -25.000000
v 114.807983 113.855103 -25.000000
v 114.763855 113.942780 -25.000000
v 114.715454 114.028198 -25.000000
v 114.662933 114.111145 -25.000000
v 114.606415 114.191406 -25.000000
v 114.546021 114.268799 -25.000000
v 114.481903 114.343109 -25.000000
v 114.414215 114.414215 -25.000000
v 114.343109 114.481903 -25.000000
v 114.268799 114.546021 -25.000000
v 114.191406 114.606415 -25.000000
v 114.111145 114.662933 -25.000000
v 114.028198 114.715454 -25.000000
v 113.942780 114.763855 -25.000000
v 113.855103 114.807983 -25.000000
v 113.765381 114.847748 -25.000000
v 113.673767 114.883087 -25.000000
v 113.580566 114.913879 -25.000000
v 113.485962 114.940063 -25.000000
v 113.390167 114.961578 -25.000000
v 113.293457 114.978363 -25.000000
v 113.196045 114.990356 -25.000000
v 113.098145 114.997589 -25.000000
v 113.000000 115.000000 -25.000000
v 114.974060 -113.316544 23.053955
v 114.961578 -113.390183 23.000000
v 114.978363 -113.293461 23.000000
v 114.990356 -113.196033 23.000000
v 114.994904 -113.126526 23.065643
v 114.997589 -113.098137 23.000000
v 115.000000 -113.000000 23.000000
v 114.892731 -113.644039 23.052849
v 114.883087 -113.673779 23.000000
v 114.913879 -113.580570 23.000000
v 114.945923 -113.450901 23.100098
v 114.940063 -113.485962 23.000000
v 114.979553 -113.256538 23.124939
v 114.994904 -113.065643 23.126526
v 114.997589 -113.000000 23.098137
v 114.990356 -113.000000 23.196033
v 114.840454 -113.778584 23.080494
v 114.807983 -113.855110 23.000000
v 114.847748 -113.765366 23.000000
v 114.907166 -113.585785 23.139969
v 114.953766 -113.388889 23.177753
v 114.676758 -114.090118 23.013092
v 114.662933 -114.111141 23.000000
v 114.715454 -114.028206 23.000000
v 114.981384 -113.192570 23.192570
v 114.777649 -113.910728 23.102581
v 114.763855 -113.942795 23.000000
v 114.857788 -113.720036 23.173683
v 114.917511 -113.522419 23.224052
v 114.590515 -114.212364 23.020599
v 114.546021 -114.268787 23.000000
v 114.606415 -114.191399 23.000000
v 114.957672 -113.322483 23.251995
v 114.704529 -114.039368 23.119431
v 114.979553 -113.124939 23.256538
v 114.797974 -113.852501 23.201431
v 114.870850 -113.655956 23.263886
v 114.494812 -114.328522 23.024307
v 114.414215 -114.414215 23.000000
v 114.481903 -114.343117 23.000000
v 114.923767 -113.454235 23.304703
v 114.621460 -114.163425 23.131439
v 114.957672 -113.251995 23.322483
v 114.727905 -113.982048 23.223476
v 114.974060 -113.053955 23.316544
v 114.978363 -113.000000 23.293461
v 114.961578 -113.000000 23.390183
v 114.813873 -113.788342 23.297379
v 114.390137 -114.437668 23.024761
v 114.343109 -114.481903 23.000000
v 114.879578 -113.586651 23.350674
v 114.528870 -114.281891 23.139057
v 114.925842 -113.381550 23.381550
v 114.647919 -114.107578 23.240162
v 114.953766 -113.177753 23.388889
v 114.746735 -113.918423 23.324741
v 114.277161 -114.538952 23.022556
v 114.191406 -114.606415 23.000000
v 114.268799 -114.546021 23.000000
v 114.825256 -113.718559 23.389977
v 114.427216 -114.393791 23.142796
v 114.883972 -113.512432 23.433655
v 114.558350 -114.228039 23.251896
v 114.923767 -113.304703 23.454235
v 114.669708 -114.045078 23.346260
v 114.156525 -114.631607 23.018318
v 114.111145 -114.662941 23.000000
v 114.945923 -113.100098 23.450901
v 114.940063 -113.000000 23.485962
v 114.760925 -113.848797 23.422756
v 114.317108 -114.498230 23.143211
v 114.832123 -113.643471 23.478794
v 114.459717 -114.342419 23.259144
v 114.883972 -113.433655 23.512432
v 114.583160 -114.167213 23.362297
v 114.028992 -114.714947 23.012699
v 113.942780 -114.763844 23.000000
v 114.028198 -114.715458 23.000000
v 114.917511 -113.224052 23.522419
v 114.686768 -113.976215 23.449245
v 114.199188 -114.594387 23.140907
v 114.770416 -113.773483 23.517067
v 114.352509 -114.449783 23.262432
v 114.834412 -113.563423 23.563423
v 114.487457 -114.283794 23.373268
v 114.879578 -113.350674 23.586651
v 114.603119 -114.099705 23.469746
v 114.074188 -114.681522 23.136517
v 114.907166 -113.139969 23.585785
v 114.913879 -113.000000 23.580570
v 114.699005 -113.901314 23.548634
v 114.237335 -114.549252 23.262329
v 114.775177 -113.692837 23.607231
v 114.383148 -114.393833 23.379665
v 114.832123 -113.478794 23.643471
v 114.510345 -114.218189 23.484642
v 113.942841 -114.758976 23.130699
v 113.855103 -114.807980 23.000000
v 114.870850 -113.263886 23.655956
v 114.618164 -114.025822 23.573750
v 114.114899 -114.640030 23.259449
v 114.892731 -113.052849 23.644039
v 114.883087 -113.000000 23.673779
v 114.706390 -113.820717 23.643967
v 114.270752 -114.496407 23.382019
v 114.775177 -113.607231 23.692837
v 114.408905 -114.330639 23.494366
v 113.806000 -114.826187 23.124130
v 113.765381 -114.847759 23.000000
v 114.825256 -113.389977 23.718559
v 114.528259 -114.145905 23.592743
v 113.985901 -114.721409 23.254429
v 114.857788 -113.173683 23.720036
v 114.628265 -113.945908 23.673824
v 114.150940 -114.590668 23.380917
v 114.708832 -113.734802 23.734802
v 114.299316 -114.436096 23.499424
v 113.664551 -114.882698 23.117489
v 113.580566 -114.913879 23.000000
v 113.673767 -114.883087 23.000000
v 114.770416 -113.517067 23.773483
v 114.429657 -114.260502 23.606003
v 113.851196 -114.792767 23.247936
v 114.813873 -113.297379 23.788342
v 114.541107 -114.067280 23.697071
v 114.024414 -114.675854 23.376980
v 114.840454 -113.080494 23.778584
v 114.847748 -113.000000 23.765366
v 114.807983 -113.000000 23.855110
v 114.633301 -113.860336 23.769501
v 114.182159 -114.533661 23.500362
v 113.519470 -114.928143 23.111454
v 113.390167 -114.961571 23.000000
v 113.485962 -114.940063 23.000000
v 114.706390 -113.643967 23.820717
v 114.322845 -114.368607 23.613995
v 113.711578 -114.853573 23.240650
v 114.760925 -113.422756 23.848797
v 114.445282 -114.183739 23.714058
v 113.891907 -114.751278 23.370853
v 114.797974 -113.201431 23.852501
v 114.548828 -113.982677 23.797142
v 114.058136 -114.622517 23.497780
v 113.371674 -114.962261 23.106701
v 113.293457 -114.978352 23.000000
v 114.633301 -113.769501 23.860336
v 114.208405 -114.469280 23.617229
v 113.567993 -114.903412 23.233250
v 114.699005 -113.548634 23.901314
v 114.341278 -114.294247 23.725201
v 113.754272 -114.816364 23.363209
v 114.746735 -113.324741 23.918423
v 114.455780 -114.100712 23.818027
v 113.927948 -114.701923 23.492310
v 113.222198 -114.984901 23.103870
v 113.098145 -114.997589 23.000000
v 113.196045 -114.990368 23.000000
v 114.777649 -113.102581 23.910728
v 114.763855 -113.000000 23.942795
v 114.715454 -113.000000 24.028206
v 114.551422 -113.892494 23.892494
v 114.086945 -114.561649 23.616276
v 113.421387 -114.941948 23.226418
v 114.628265 -113.673824 23.945908
v 114.229553 -114.397816 23.730972
v 113.612335 -114.870613 23.354736
v 114.686768 -113.449245 23.976215
v 114.354492 -114.213364 23.832523
v 113.792389 -114.771236 23.484604
v 113.072083 -114.996014 23.103592
v 113.000000 -114.990368 23.196033
v 113.000000 -114.997589 23.098137
v 113.000000 -115.000000 23.000000
v 114.727905 -113.223476 23.982048
v 114.461029 -114.011806 23.917431
v 113.959167 -114.644924 23.611740
v 113.272736 -114.968975 23.220825
v 114.548828 -113.797142 23.982677
v 114.110718 -114.493530 23.731907
v 113.467072 -114.913647 23.346111
v 114.618164 -113.573750 24.025822
v 114.245483 -114.319607 23.841064
v 113.652283 -114.829906 23.475349
v 114.669708 -113.346260 24.045078
v 114.362457 -114.126331 23.935471
v 113.825806 -114.718403 23.604267
v 113.123016 -114.984371 23.217110
v 113.000000 -114.978352 23.293461
v 114.704529 -113.119431 24.039368
v 114.662933 -113.000000 24.111141
v 114.461029 -113.917431 24.011806
v 113.985413 -114.580547 23.728592
v 113.319427 -114.945175 23.338024
v 114.541107 -113.697071 24.067280
v 114.129303 -114.418480 23.844147
v 113.508545 -114.877483 23.465225
v 114.603119 -113.469746 24.099705
v 114.256165 -114.235012 23.946999
v 113.687683 -114.781475 23.594528
v 114.647919 -113.240162 24.107578
v 114.365112 -114.033558 24.033558
v 113.854340 -114.658108 23.721645
v 113.170349 -114.965027 23.331131
v 114.455780 -113.818027 24.100712
v 114.006531 -114.509094 23.842323
v 113.362091 -114.913616 23.454926
v 114.528259 -113.592743 24.145905
v 114.142639 -114.336845 23.952469
v 113.545624 -114.833626 23.583202
v 114.583160 -113.362297 24.167213
v 114.261505 -114.144428 24.048275
v 113.718292 -114.725544 23.711720
v 113.020905 -114.973129 23.326080
v 113.000000 -114.961571 23.390183
v 114.621460 -113.131439 24.163425
v 114.606415 -113.000000 24.191399
v 114.546021 -113.000000 24.268787
v 114.362457 -113.935471 24.126331
v 113.877869 -114.590633 23.836189
v 113.213867 -114.938068 23.445129
v 114.445282 -113.714058 24.183739
v 114.022491 -114.430893 23.952404
v 113.400543 -114.874443 23.570988
v 114.510345 -113.484642 24.218189
v 114.150665 -114.249008 24.056370
v 113.578094 -114.782276 23.699501
v 114.558350 -113.251896 24.228039
v 114.261505 -114.048275 24.144428
v 113.744049 -114.662373 23.826386
v 113.064911 -114.950706 23.436501
v 113.000000 -114.940063 23.485962
v 114.354492 -113.832523 24.213364
v 113.896301 -114.516289 23.947369
v 113.253387 -114.903625 23.558575
v 114.429657 -113.606003 24.260502
v 114.033142 -114.346310 24.058323
v 113.434570 -114.827839 23.685673
v 114.487457 -113.373268 24.283794
v 114.153351 -114.155369 24.155369
v 113.605835 -114.723679 23.813572
v 114.528870 -113.139057 24.281891
v 114.256165 -113.946999 24.235012
v 113.764801 -114.592258 23.937984
v 113.105103 -114.920971 23.546642
v 113.000000 -114.913879 23.580570
v 114.341278 -113.725201 24.294247
v 113.909515 -114.435425 24.054672
v 113.288666 -114.861855 23.670940
v 114.408905 -113.494366 24.330639
v 114.038513 -114.255733 24.159592
v 113.464050 -114.774017 23.798443
v 114.459717 -113.259144 24.342419
v 114.150665 -114.056370 24.249008
v 113.628693 -114.658104 23.924892
v 114.494812 -113.024307 24.328522
v 114.481903 -113.000000 24.343117
v 114.414215 -113.000000 24.414215
v 114.245483 -113.841064 24.319607
v 113.780426 -114.515522 24.046001
v 113.141327 -114.884064 23.655994
v 113.000000 -114.883087 23.673779
v 114.322845 -113.613995 24.368607
v 113.917480 -114.348412 24.157593
v 113.319611 -114.812954 23.781700
v 114.383148 -113.379665 24.393833
v 114.038513 -114.159592 24.255733
v 113.488831 -114.713230 23.908783
v 114.427216 -113.142796 24.393791
v 114.142639 -113.952469 24.336845
v 113.646606 -114.585854 24.032944
v 114.229553 -113.730972 24.397816
v 113.790894 -114.432526 24.149937
v 113.173401 -114.840157 23.764046
v 114.299316 -113.499424 24.436096
v 113.920136 -114.255661 24.255661
v 113.346008 -114.757145 23.890347
v 114.352509 -113.262432 24.449783
v 114.033142 -114.058323 24.346310
v 113.508789 -114.645763 24.016171
v 114.390137 -113.024761 24.437668
v 114.343109 -113.000000 24.481903
v 114.129303 -113.844147 24.418480
v 113.659454 -114.507263 24.137226
v 113.026367 -114.855404 23.746174
v 113.000000 -114.847759 23.765366
v 114.208405 -113.617229 24.469280
v 113.796143 -114.343647 24.249306
v 113.201172 -114.789448 23.870293
v 114.270752 -113.382019 24.496407
v 113.917480 -114.157593 24.348412
v 113.367798 -114.694687 23.996368
v 114.317108 -113.143211 24.498230
v 114.022491 -113.952404 24.430893
v 113.523834 -114.571922 24.120113
v 114.110718 -113.731907 24.493530
v 113.667175 -114.422703 24.237251
v 113.055176 -114.809856 23.849339
v 113.000000 -114.763844 23.942795
v 113.000000 -114.807980 23.855110
v 114.182159 -113.500362 24.533661
v 113.796143 -114.249306 24.343647
v 113.224518 -114.732178 23.974251
v 114.237335 -113.262329 24.549252
v 113.909515 -114.054672 24.435425
v 113.384857 -114.625877 24.099277
v 114.277161 -113.022556 24.538952
v 114.268799 -113.000000 24.546021
v 114.191406 -113.000000 24.606415
v 114.006531 -113.842323 24.509094
v 113.533905 -114.492054 24.220127
v 114.086945 -113.616276 24.561649
v 113.669769 -114.332558 24.332558
v 113.079773 -114.757874 23.950531
v 113.000000 -114.715458 24.028206
v 114.150940 -113.380917 24.590668
v 113.790894 -114.149937 24.432526
v 113.243317 -114.668610 24.075428
v 114.199188 -113.140907 24.594387
v 114.111145 -113.000000 24.662941
v 113.896301 -113.947369 24.516289
v 113.397095 -114.551025 24.198597
v 113.985413 -113.728592 24.580547
v 113.538971 -114.406532 24.315746
v 114.058136 -113.497780 24.622517
v 113.667175 -114.237251 24.422703
v 113.100067 -114.699703 24.049282
v 113.000000 -114.662941 24.111141
v 114.114899 -113.259449 24.640030
v 113.780426 -114.046001 24.515522
v 113.257477 -114.599037 24.173359
v 113.877869 -113.836189 24.590633
v 113.404449 -114.470489 24.293865
v 113.959167 -113.611740 24.644924
v 113.538971 -114.315746 24.406532
v 114.024414 -113.376980 24.675854
v 113.659454 -114.137226 24.507263
v 113.115936 -114.635612 24.145134
v 113.000000 -114.606415 24.191399
v 114.074188 -113.136517 24.681522
v 113.764801 -113.937984 24.592258
v 113.266968 -114.523788 24.267590
v 113.854340 -113.721645 24.658108
v 113.406921 -114.384632 24.384632
v 113.927948 -113.492310 24.701923
v 113.533905 -114.220127 24.492054
v 113.985901 -113.254429 24.721409
v 113.646606 -114.032944 24.585854
v 113.127350 -114.565895 24.237640
v 113.000000 -114.546021 24.268787
v 114.028992 -113.012699 24.714947
v 114.028198 -113.000000 24.715458
v 113.942780 -113.000000 24.763844
v 113.744049 -113.826386 24.662373
v 113.271729 -114.443214 24.357681
v 113.825806 -113.604267 24.718403
v 113.404449 -114.293865 24.470489
v 113.891907 -113.370853 24.751278
v 113.523834 -114.120113 24.571922
v 113.942841 -113.130699 24.758976
v 113.855103 -113.000000 24.807980
v 113.628693 -113.924892 24.658104
v 113.134186 -114.490883 24.326374
v 113.000000 -114.481903 24.343117
v 113.718292 -113.711720 24.725544
v 113.271729 -114.357681 24.443214
v 113.792389 -113.484604 24.771236
v 113.397095 -114.198597 24.551025
v 113.851196 -113.247936 24.792767
v 113.508789 -114.016171 24.645763
v 113.605835 -113.813572 24.723679
v 113.136475 -114.410915 24.410915
v 113.000000 -114.343117 24.481903
v 113.000000 -114.414215 24.414215
v 113.687683 -113.594528 24.781475
v 113.266968 -114.267590 24.523788
v 113.754272 -113.363209 24.816364
v 113.384857 -114.099277 24.625877
v 113.806000 -113.124130 24.826187
v 113.765381 -113.000000 24.847759
v 113.488831 -113.908783 24.713230
v 113.578094 -113.699501 24.782276
v 113.134186 -114.326374 24.490883
v 113.000000 -114.268787 24.546021
v 113.652283 -113.475349 24.829906
v 113.257477 -114.173359 24.599037
v 113.711578 -113.240650 24.853573
v 113.367798 -113.996368 24.694687
v 113.464050 -113.798443 24.774017
v 113.545624 -113.583202 24.833626
v 113.127350 -114.237640 24.565895
v 113.000000 -114.191399 24.606415
v 113.612335 -113.354736 24.870613
v 113.243317 -114.075428 24.668610
v 113.664551 -113.117489 24.882698
v 113.673767 -113.000000 24.883087
v 113.580566 -113.000000 24.913879
v 113.346008 -113.890347 24.757145
v 113.434570 -113.685673 24.827839
v 113.508545 -113.465225 24.877483
v 113.115936 -114.145134 24.635612
v 113.000000 -114.111141 24.662941
v 113.567993 -113.233250 24.903412
v 113.224518 -113.974251 24.732178
v 113.319611 -113.781700 24.812954
v 113.400543 -113.570988 24.874443
v 113.467072 -113.346111 24.913647
v 113.100067 -114.049282 24.699703
v 113.000000 -114.028206 24.715458
v 113.519470 -113.111454 24.928143
v 113.485962 -113.000000 24.940063
v 113.390167 -113.000000 24.961571
v 113.201172 -113.870293 24.789448
v 113.288666 -113.670940 24.861855
v 113.362091 -113.454926 24.913616
v 113.421387 -113.226418 24.941948
v 113.079773 -113.950531 24.757874
v 113.000000 -113.942795 24.763844
v 113.173401 -113.764046 24.840157
v 113.253387 -113.558575 24.903625
v 113.319427 -113.338024 24.945175
v 113.371674 -113.106701 24.962261
v 113.293457 -113.000000 24.978352
v 113.055176 -113.849339 24.809856
v 113.000000 -113.765366 24.847759
v 113.000000 -113.855110 24.807980
v 113.141327 -113.655994 24.884064
v 113.000000 -113.580570 24.913879
v 113.000000 -113.673779 24.883087
v 113.213867 -113.445129 24.938068
v 113.272736 -113.220825 24.968975
v 113.026367 -113.746174 24.855404
v 113.105103 -113.546642 24.920971
v 113.000000 -113.485962 24.940063
v 113.170349 -113.331131 24.965027
v 113.222198 -113.103870 24.984901
v 113.196045 -113.000000 24.990368
v 113.098145 -113.000000 24.997589
v 113.064911 -113.436501 24.950706
v 113.000000 -113.390183 24.961571
v 113.123016 -113.217110 24.984371
v 113.000000 -113.196033 24.990368
v 113.000000 -113.293461 24.978352
v 113.020905 -113.326080 24.973129
v 113.072083 -113.103592 24.996014
v 113.000000 -113.000000 25.000000
v 113.000000 -113.098137 24.997589
v 113.000000 -115.000000 -25.000000
v 113.098145 -114.997589 -25.000000
v 113.196045 -114.990368 -25.000000
v 113.293457 -114.978352 -25.000000
v 113.390167 -114.961571 -25.000000
v 113.485962 -114.940063 -25.000000
v 113.580566 -114.913879 -25.000000
v 113.673767 -114.883087 -25.000000
v 113.765381 -114.847759 -25.000000
v 113.855103 -114.807980 -25.000000
v 113.942780 -114.763844 -25.000000
v 114.028198 -114.715458 -25.000000
v 114.111145 -114.662941 -25.000000
v 114.191406 -114.606415 -25.000000
v 114.268799 -114.546021 -25.000000
v 114.343109 -114.481903 -25.000000
v 114.414215 -114.414215 -25.000000
v 114.481903 -114.343117 -25.000000
v 114.546021 -114.268787 -25.000000
v 114.606415 -114.191399 -25.000000
v 114.662933 -114.111141 -25.000000
v 114.715454 -114.028206 -25.000000
v 114.763855 -113.942795 -25.000000
v 114.807983 -113.855110 -25.000000
v 114.847748 -113.765366 -25.000000
v 114.883087 -113.673779 -25.000000
v 114.913879 -113.580570 -25.000000
v 114.940063 -113.485962 -25.000000
v 114.961578 -113.390183 -25.000000
v 114.978363 -113.293461 -25.000000
v 114.990356 -113.196033 -25.000000
v 114.997589 -113.098137 -25.000000
v 115.000000 -113.000000 -25.000000
v -113.045349 113.047180 24.998928
v -113.000000 113.000000 25.000000
v -113.000000 113.098145 24.997589
v -113.098145 113.000000 24.997589
v -113.097992 113.160248 24.991161
v -113.000000 113.196045 24.990368
v -113.043365 113.381287 24.962837
v -113.000000 113.293457 24.978352
v -113.000000 113.390167 24.961571
v -113.000000 113.485962 24.940063
v -113.195587 113.045654 24.989887
v -113.293457 113.000000 24.978352
v -113.196045 113.000000 24.990368
v -113.147156 113.274078 24.975658
v -113.085480 113.491638 24.936745
v -113.000000 113.580566 24.913879
v -113.247925 113.162292 24.977928
v -113.192596 113.388153 24.952492
v -113.123718 113.601440 24.903404
v -113.000000 113.673767 24.883087
v -113.041290 113.797974 24.833447
v -113.000000 113.765381 24.847759
v -113.000000 113.855103 24.807980
v -113.345398 113.046997 24.969387
v -113.390167 113.000000 24.961571
v -113.296570 113.279419 24.958054
v -113.234131 113.501953 24.921776
v -113.157898 113.710205 24.862972
v -113.067993 113.900208 24.784657
v -113.000000 113.942780 24.763844
v -113.397034 113.166534 24.953110
v -113.341278 113.396545 24.930359
v -113.271576 113.614929 24.883644
v -113.187836 113.817413 24.815636
v -113.493713 113.050629 24.937447
v -113.580566 113.000000 24.913879
v -113.485962 113.000000 24.940063
v -113.090454 114.000244 24.729546
v -113.000000 114.028198 24.715458
v -113.444733 113.286316 24.928791
v -113.381866 113.513092 24.894970
v -113.304688 113.726562 24.838284
v -113.213409 113.922577 24.761616
v -113.544250 113.172363 24.916794
v -113.108551 114.097595 24.668381
v -113.000000 114.111145 24.662941
v -113.000000 114.191406 24.606415
v -113.488373 113.405762 24.896538
v -113.418121 113.628540 24.852058
v -113.333374 113.836334 24.785896
v -113.639496 113.055878 24.894184
v -113.673767 113.000000 24.883087
v -113.234467 114.025208 24.701160
v -113.590698 113.294067 24.888012
v -113.122192 114.191833 24.601437
v -113.000000 114.268799 24.546021
v -113.527649 113.524384 24.856503
v -113.449890 113.742340 24.801815
v -113.357513 113.943726 24.726730
v -113.688599 113.179108 24.869156
v -113.250977 114.124817 24.634556
v -113.632874 113.415192 24.851238
v -113.131348 114.282501 24.529030
v -113.000000 114.343109 24.481903
v -113.562439 113.641602 24.808872
v -113.477051 113.853943 24.744480
v -113.781799 113.062073 24.839825
v -113.855103 113.000000 24.807980
v -113.765381 113.000000 24.847759
v -113.376923 114.048248 24.661057
v -113.733490 113.302032 24.835972
v -113.262817 114.220978 24.562103
v -113.670563 113.535156 24.806641
v -113.135925 114.369202 24.451496
v -113.000000 114.414215 24.414215
v -113.592560 113.756836 24.753868
v -113.499420 113.962891 24.680313
v -113.829132 113.186096 24.810493
v -113.391571 114.149414 24.589184
v -113.773895 113.424103 24.794777
v -113.269958 114.313171 24.484146
v -113.703583 113.653412 24.754429
v -113.135925 114.451508 24.369194
v -113.000000 114.481903 24.343117
v -113.617889 113.869598 24.691746
v -113.919617 113.068573 24.774704
v -113.942780 113.000000 24.763844
v -113.516937 114.068604 24.609615
v -113.872131 113.309540 24.773018
v -113.401398 114.246765 24.511444
v -113.809692 113.544678 24.745766
v -113.272339 114.401031 24.401043
v -113.731781 113.769409 24.694843
v -113.131348 114.529022 24.282505
v -113.000000 114.546021 24.268787
v -113.638275 113.979370 24.622791
v -113.964935 113.192688 24.741203
v -113.529511 114.170654 24.532719
v -113.910522 113.431793 24.727570
v -113.406311 114.339844 24.428200
v -113.840698 113.663269 24.689171
v -113.269958 114.484131 24.313179
v -113.755066 113.882599 24.628162
v -114.052124 113.074677 24.699253
v -114.111145 113.000000 24.662941
v -114.028198 113.000000 24.715458
v -113.122192 114.601440 24.191834
v -113.000000 114.606415 24.191399
v -113.653656 114.085602 24.547329
v -114.005737 113.315887 24.699615
v -113.537079 114.268524 24.449974
v -113.944183 113.552307 24.674362
v -113.406311 114.428192 24.339836
v -113.866760 113.779297 24.625248
v -113.262817 114.562103 24.220966
v -113.773254 113.992462 24.554695
v -114.095093 113.198120 24.661774
v -113.108551 114.668365 24.097599
v -113.000000 114.662933 24.111141
v -113.000000 114.715454 24.028206
v -113.663940 114.187805 24.465706
v -114.041870 113.437622 24.650143
v -113.539581 114.361786 24.361771
v -113.972931 113.670532 24.613640
v -113.401398 114.511444 24.246765
v -113.887726 113.892242 24.554298
v -114.178406 113.079712 24.613998
v -114.268799 113.000000 24.546021
v -114.191406 113.000000 24.606415
v -113.250977 114.634552 24.124828
v -113.786316 114.098511 24.474781
v -114.133514 113.320404 24.616318
v -113.090454 114.729553 24.000240
v -113.000000 114.763855 23.942795
v -113.669128 114.285522 24.378304
v -114.073181 113.557343 24.593006
v -113.537079 114.449982 24.268517
v -113.996613 113.785889 24.545685
v -113.391571 114.589172 24.149418
v -113.903564 114.001526 24.476650
v -114.218842 113.201813 24.572796
v -113.234467 114.701172 24.025215
v -113.794189 114.200226 24.388794
v -114.167175 113.440918 24.563103
v -113.067993 114.784668 23.900211
v -113.000000 114.807983 23.855110
v -113.669128 114.378296 24.285522
v -114.099457 113.674469 24.528477
v -113.529511 114.532715 24.170643
v -114.015167 113.897858 24.470814
v -114.297699 113.083038 24.519569
v -114.343109 113.000000 24.481903
v -113.376923 114.661072 24.048244
v -113.914154 114.106720 24.392662
v -114.254639 113.322418 24.523777
v -113.213409 114.761627 23.922588
v -113.796814 114.297119 24.297134
v -114.195923 113.559143 24.502377
v -113.041290 114.833435 23.797974
v -113.000000 114.847748 23.765366
v -113.663940 114.465698 24.187801
v -114.120667 113.788483 24.456852
v -113.516937 114.609619 24.068604
v -114.028473 114.005920 24.389374
v -114.335388 113.203033 24.474960
v -113.357513 114.726715 23.943714
v -113.919464 114.207275 24.302727
v -114.285645 113.441040 24.467167
v -113.187836 114.815643 23.817425
v -113.794189 114.388794 24.200222
v -114.219635 113.674530 24.434414
v -113.010406 114.875702 23.694004
v -113.000000 114.883087 23.673779
v -113.653656 114.547333 24.085587
v -114.136627 113.898834 24.378464
v -114.409241 113.083954 24.416679
v -114.481903 113.000000 24.343117
v -114.414215 113.000000 24.414215
v -113.499420 114.680298 23.962875
v -114.036499 114.109558 24.301746
v -114.368439 113.321320 24.422729
v -113.333374 114.785889 23.836319
v -113.919464 114.302734 24.207264
v -114.311707 113.557098 24.403233
v -113.157898 114.862976 23.710213
v -113.786316 114.474792 24.098511
v -114.238190 113.786499 24.359531
v -113.638275 114.622803 23.979359
v -114.147339 114.005005 24.293678
v -114.444061 113.201202 24.369026
v -113.477051 114.744476 23.853951
v -114.039154 114.208344 24.208332
v -114.396637 113.437378 24.363125
v -113.304688 114.838287 23.726551
v -113.914154 114.392670 24.106709
v -114.332703 113.670044 24.332264
v -113.123718 114.903412 23.601448
v -113.000000 114.913879 23.580570
v -113.773254 114.554688 23.992470
v -114.251495 113.894592 24.278084
v -114.512390 113.081879 24.306122
v -114.546021 113.000000 24.268787
v -113.617889 114.691742 23.869610
v -114.152679 114.106506 24.202885
v -114.474182 113.316528 24.313999
v -113.449890 114.801819 23.742329
v -114.036499 114.301758 24.109570
v -114.419891 113.550598 24.296421
v -113.271576 114.883636 23.614925
v -113.903564 114.476654 24.001537
v -114.348541 113.779388 24.254597
v -113.085480 114.936737 23.491638
v -113.000000 114.940063 23.485962
v -113.755066 114.628174 23.882599
v -114.259491 113.998261 24.190445
v -114.544189 113.195740 24.255852
v -113.592560 114.753876 23.756847
v -114.152679 114.202881 24.106514
v -114.499512 113.429321 24.251846
v -113.418121 114.852051 23.628536
v -114.028473 114.389374 24.005917
v -114.438110 113.660522 24.222927
v -113.234131 114.921783 23.501953
v -113.887726 114.554291 23.892235
v -114.359131 113.884583 24.170593
v -114.606537 113.076263 24.188774
v -114.662933 113.000000 24.111141
v -114.606415 113.000000 24.191399
v -113.043365 114.962830 23.381294
v -113.000000 114.961578 23.390183
v -113.000000 114.978363 23.293461
v -113.731781 114.694855 23.769402
v -114.262177 114.097015 24.097023
v -114.571350 113.307434 24.198479
v -113.562439 114.808868 23.641594
v -114.147339 114.293671 24.005005
v -114.519928 113.539124 24.182861
v -113.381866 114.894958 23.513096
v -114.015167 114.470825 23.897854
v -114.451172 113.766571 24.142986
v -113.192596 114.952484 23.388168
v -113.866760 114.625244 23.779305
v -114.364441 113.985138 24.080639
v -114.635254 113.186096 24.136353
v -113.703583 114.754425 23.653408
v -114.259491 114.190460 23.998249
v -114.593750 113.416412 24.134277
v -113.527649 114.856506 23.524391
v -114.136627 114.378448 23.898830
v -114.535309 113.645416 24.107365
v -113.341278 114.930359 23.396545
v -113.996613 114.545685 23.785881
v -114.459045 113.868317 24.056969
v -114.691193 113.066528 24.065578
v -114.715454 113.000000 24.028206
v -113.147156 114.975647 23.274090
v -113.000000 114.990356 23.196033
v -113.840698 114.689178 23.663277
v -114.364441 114.080627 23.985149
v -114.659393 113.293579 24.077141
v -113.670563 114.806641 23.535152
v -114.251495 114.278076 23.894581
v -114.611267 113.522217 24.063541
v -113.488373 114.896545 23.405777
v -114.120667 114.456848 23.788486
v -114.545624 113.747681 24.025703
v -113.296570 114.958038 23.279427
v -113.972931 114.613647 23.670521
v -114.461670 113.965271 23.965275
v -114.716797 113.171783 24.011513
v -113.097992 114.991150 23.160255
v -113.000000 114.997589 23.098137
v -113.809692 114.745758 23.544689
v -114.359131 114.170593 23.884575
v -114.678833 113.398163 24.011421
v -113.632874 114.851227 23.415184
v -114.238190 114.359528 23.786507
v -114.623840 113.624298 23.986595
v -113.444733 114.928802 23.286304
v -114.099457 114.528473 23.674484
v -114.550781 113.845428 23.938259
v -114.765869 113.052216 23.937534
v -114.807983 113.000000 23.855110
v -114.763855 113.000000 23.942795
v -113.247925 114.977936 23.162285
v -113.944183 114.674347 23.552311
v -114.459045 114.056976 23.868332
v -114.737885 113.274475 23.951004
v -113.045349 114.998932 23.047188
v -113.000000 115.000000 23.000000
v -113.098145 114.997589 23.000000
v -113.773895 114.794769 23.424088
v -114.348541 114.254608 23.779377
v -114.693481 113.499420 23.939499
v -113.590698 114.888000 23.294067
v -114.219635 114.434418 23.674522
v -114.631409 113.722229 23.903805
v -113.397034 114.953125 23.166527
v -114.073181 114.593018 23.557350
v -114.550781 113.938263 23.845436
v -114.788361 113.152344 23.882374
v -113.195587 114.989899 23.045658
v -113.293457 114.978363 23.000000
v -113.196045 114.990356 23.000000
v -113.910522 114.727570 23.431797
v -114.451172 114.142975 23.766586
v -114.754395 113.374176 23.884342
v -113.733490 114.835968 23.302040
v -114.332703 114.332275 23.670052
v -114.703308 113.596832 23.861706
v -113.544250 114.916779 23.172356
v -114.195923 114.502380 23.559151
v -114.633942 113.815552 23.815548
v -114.830231 113.032898 23.805698
v -114.847748 113.000000 23.765366
v -113.345398 114.969391 23.047005
v -113.390167 114.961578 23.000000
v -114.041870 114.650146 23.437634
v -114.545624 114.025696 23.747669
v -114.806458 113.249786 23.821144
v -113.872131 114.773010 23.309540
v -114.438110 114.222931 23.660511
v -114.766266 113.470398 23.811829
v -113.688599 114.869171 23.179108
v -114.311707 114.403229 23.557095
v -114.708221 113.689972 23.778400
v -113.493713 114.937439 23.050617
v -113.580566 114.913879 23.000000
v -113.485962 114.940063 23.000000
v -114.167175 114.563110 23.440929
v -114.631409 113.903809 23.722240
v -114.849670 113.127441 23.750019
v -114.005737 114.699615 23.315887
v -114.535309 114.107361 23.645409
v -114.820129 113.344116 23.754135
v -113.829132 114.810486 23.186108
v -114.419891 114.296417 23.550602
v -114.773376 113.562683 23.733803
v -113.639496 114.894196 23.055862
v -113.673767 114.883087 23.000000
v -114.285645 114.467163 23.441040
v -114.708221 113.778412 23.689976
v -114.884003 113.008270 23.671165
v -114.913879 113.000000 23.580570
v -114.883087 113.000000 23.673779
v -114.133514 114.616333 23.320400
v -114.623840 113.986603 23.624310
v -114.864868 113.219177 23.688667
v -113.964935 114.741211 23.192677
v -114.519928 114.182861 23.539131
v -114.829254 113.434875 23.681656
v -113.781799 114.839813 23.062073
v -113.765381 114.847748 23.000000
v -113.855103 114.807983 23.000000
v -114.396637 114.363129 23.437366
v -114.775757 113.650635 23.650631
v -114.254639 114.523773 23.322426
v -114.703308 113.861694 23.596836
v -114.900452 113.096771 23.615570
v -114.095093 114.661774 23.198132
v -114.611267 114.063538 23.522209
v -114.875763 113.307739 23.621937
v -113.919617 114.774719 23.068573
v -113.942780 114.763855 23.000000
v -114.499512 114.251831 23.429333
v -114.833862 113.521667 23.604042
v -114.368439 114.422729 23.321331
v -114.773376 113.733795 23.562695
v -114.218842 114.572784 23.201801
v -114.693481 113.939514 23.499416
v -114.912842 113.182404 23.554722
v -114.052124 114.699249 23.074684
v -114.028198 114.715454 23.000000
v -114.111145 114.662933 23.000000
v -114.593750 114.134277 23.416420
v -114.882324 113.392670 23.550133
v -114.474182 114.313995 23.316517
v -114.833862 113.604034 23.521660
v -114.335388 114.474945 23.203033
v -114.766266 113.811829 23.470402
v -114.940582 113.060089 23.480167
v -114.961578 113.000000 23.390183
v -114.940063 113.000000 23.485962
v -114.178406 114.614014 23.079723
v -114.191406 114.606415 23.000000
v -114.268799 114.546021 23.000000
v -114.678833 114.011414 23.398170
v -114.921143 113.264832 23.488907
v -114.571350 114.198486 23.307430
v -114.884521 113.473602 23.473591
v -114.444061 114.369019 23.201214
v -114.829254 113.681641 23.434883
v -114.297699 114.519562 23.083027
v -114.343109 114.481903 23.000000
v -114.754395 113.884338 23.374184
v -114.950348 113.139343 23.420460
v -114.659393 114.077148 23.293571
v -114.925323 113.343628 23.418434
v -114.544189 114.255859 23.195747
v -114.882324 113.550140 23.392666
v -114.409241 114.416687 23.083954
v -114.414215 114.414215 23.000000
v -114.481903 114.343109 23.000000
v -114.820129 113.754120 23.344124
v -114.737885 113.951019 23.274487
v -114.956207 113.215332 23.356216
v -114.635254 114.136353 23.186096
v -114.925323 113.418427 23.343624
v -114.512390 114.306122 23.081886
v -114.546021 114.268799 23.000000
v -114.875763 113.621948 23.307732
v -114.806458 113.821136 23.249794
v -114.977264 113.089844 23.287052
v -114.990356 113.000000 23.196033
v -114.978363 113.000000 23.293461
v -114.716797 114.011505 23.171772
v -114.958160 113.287720 23.287731
v -114.606537 114.188782 23.076252
v -114.606415 114.191406 23.000000
v -114.662933 114.111145 23.000000
v -114.921143 113.488922 23.264832
v -114.864868 113.688660 23.219185
v -114.788361 113.882385 23.152340
v -114.980927 113.159180 23.225029
v -114.691193 114.065582 23.066517
v -114.715454 114.028198 23.000000
v -114.956207 113.356201 23.215324
v -114.912842 113.554718 23.182415
v -114.849670 113.750031 23.127438
v -114.993652 113.033966 23.155663
v -114.997589 113.000000 23.098137
v -114.765869 113.937531 23.052212
v -114.763855 113.942780 23.000000
v -114.807983 113.855103 23.000000
v -114.980927 113.225037 23.159191
v -114.950348 113.420471 23.139328
v -114.900452 113.615570 23.096764
v -114.830231 113.805695 23.032909
v -114.847748 113.765381 23.000000
v -114.995331 113.096497 23.096508
v -114.997589 113.098145 23.000000
v -115.000000 113.000000 23.000000
v -114.977264 113.287048 23.089844
v -114.978363 113.293457 23.000000
v -114.990356 113.196045 23.000000
v -114.940582 113.480164 23.060104
v -114.961578 113.390167 23.000000
v -114.913879 113.580566 23.000000
v -114.940063 113.485962 23.000000
v -114.884003 113.671173 23.008270
v -114.883087 113.673767 23.000000
v -114.993652 113.155670 23.033970
v -114.969940 113.344971 23.017311
v -113.000000 115.000000 -25.000000
v -113.098145 114.997589 -25.000000
v -113.196045 114.990356 -25.000000
v -113.293457 114.978363 -25.000000
v -113.390167 114.961578 -25.000000
v -113.485962 114.940063 -25.000000
v -113.580566 114.913879 -25.000000
v -113.673767 114.883087 -25.000000
v -113.765381 114.847748 -25.000000
v -113.855103 114.807983 -25.000000
v -113.942780 114.763855 -25.000000
v -114.028198 114.715454 -25.000000
v -114.111145 114.662933 -25.000000
v -114.191406 114.606415 -25.000000
v -114.268799 114.546021 -25.000000
v -114.343109 114.481903 -25.000000
v -114.414215 114.414215 -25.000000
v -114.481903 114.343109 -25.000000
v -114.546021 114.268799 -25.000000
v -114.606415 114.191406 -25.000000
v -114.662933 114.111145 -25.000000
v -114.715454 114.028198 -25.000000
v -114.763855 113.942780 -25.000000
v -114.807983 113.855103 -25.000000
v -114.847748 113.765381 -25.000000
v -114.883087 113.673767 -25.000000
v -114.913879 113.580566 -25.000000
v -114.940063 113.485962 -25.000000
v -114.961578 113.390167 -25.000000
v -114.978363 113.293457 -25.000000
v -114.990356 113.196045 -25.000000
v -114.997589 113.098145 -25.000000
v -115.000000 113.000000 -25.000000
v -113.053955 -113.316544 24.974052
v -113.000000 -113.390183 24.961571
v -113.000000 -113.293461 24.978352
v -113.000000 -113.196033 24.990368
v -113.065643 -113.126526 24.994915
v -113.000000 -113.098137 24.997589
v -113.000000 -113.000000 25.000000
v -113.052856 -113.644039 24.892727
v -113.000000 -113.673779 24.883087
v -113.000000 -113.580570 24.913879
v -113.100098 -113.450901 24.945938
v -113.000000 -113.485962 24.940063
v -113.124939 -113.256538 24.979542
v -113.126526 -113.065643 24.994915
v -113.098145 -113.000000 24.997589
v -113.196045 -113.000000 24.990368
v -113.080505 -113.778584 24.840469
v -113.000000 -113.855110 24.807980
v -113.000000 -113.765366 24.847759
v -113.139984 -113.585785 24.907162
v -113.177765 -113.388889 24.953758
v -113.013092 -114.090118 24.676746
v -113.000000 -114.111141 24.662941
v -113.000000 -114.028206 24.715458
v -113.192566 -113.192570 24.981373
v -113.102570 -113.910728 24.777653
v -113.000000 -113.942795 24.763844
v -113.173676 -113.720036 24.857792
v -113.224060 -113.522419 24.917519
v -113.020599 -114.212364 24.590519
v -113.000000 -114.268787 24.546021
v -113.000000 -114.191399 24.606415
v -113.251984 -113.322483 24.957676
v -113.119446 -114.039368 24.704540
v -113.256531 -113.124939 24.979542
v -113.201416 -113.852501 24.797962
v -113.263886 -113.655956 24.870850
v -113.024292 -114.328522 24.494804
v -113.000000 -114.414215 24.414215
v -113.000000 -114.343117 24.481903
v -113.304718 -113.454235 24.923752
v -113.131439 -114.163425 24.621468
v -113.322479 -113.251995 24.957676
v -113.223480 -113.982048 24.727901
v -113.316559 -113.053955 24.974052
v -113.293457 -113.000000 24.978352
v -113.390167 -113.000000 24.961571
v -113.297363 -113.788342 24.813858
v -113.024750 -114.437668 24.390144
v -113.000000 -114.481903 24.343117
v -113.350677 -113.586651 24.879593
v -113.139069 -114.281891 24.528862
v -113.381561 -113.381550 24.925835
v -113.240173 -114.107578 24.647907
v -113.388886 -113.177753 24.953758
v -113.324738 -113.918423 24.746723
v -113.022552 -114.538952 24.277149
v -113.000000 -114.606415 24.191399
v -113.000000 -114.546021 24.268787
v -113.389984 -113.718559 24.825264
v -113.142792 -114.393791 24.427219
v -113.433655 -113.512432 24.883972
v -113.251892 -114.228039 24.558357
v -113.454224 -113.304703 24.923752
v -113.346252 -114.045078 24.669704
v -113.018311 -114.631607 24.156513
v -113.000000 -114.662941 24.111141
v -113.450897 -113.100098 24.945938
v -113.485962 -113.000000 24.940063
v -113.422760 -113.848797 24.760914
v -113.143219 -114.498230 24.317116
v -113.478790 -113.643471 24.832130
v -113.259155 -114.342419 24.459709
v -113.512421 -113.433655 24.883972
v -113.362305 -114.167213 24.583145
v -113.012695 -114.714947 24.028976
v -113.000000 -114.763844 23.942795
v -113.000000 -114.715458 24.028206
v -113.522430 -113.224052 24.917519
v -113.449249 -113.976215 24.686768
v -113.140900 -114.594387 24.199196
v -113.517059 -113.773483 24.770416
v -113.262421 -114.449783 24.352501
v -113.563416 -113.563423 24.834423
v -113.373261 -114.283794 24.487461
v -113.586639 -113.350674 24.879593
v -113.469757 -114.099705 24.603119
v -113.136505 -114.681522 24.074173
v -113.585785 -113.139969 24.907162
v -113.580566 -113.000000 24.913879
v -113.548645 -113.901314 24.699009
v -113.262329 -114.549252 24.237339
v -113.607239 -113.692837 24.775173
v -113.379669 -114.393833 24.383144
v -113.643463 -113.478794 24.832130
v -113.484650 -114.218189 24.510345
v -113.130707 -114.758976 23.942829
v -113.000000 -114.807980 23.855110
v -113.655945 -113.263886 24.870850
v -113.573761 -114.025822 24.618176
v -113.259460 -114.640030 24.114895
v -113.644043 -113.052849 24.892727
v -113.673767 -113.000000 24.883087
v -113.643982 -113.820717 24.706379
v -113.382019 -114.496407 24.270760
v -113.692841 -113.607231 24.775173
v -113.494354 -114.330639 24.408901
v -113.124115 -114.826187 23.805996
v -113.000000 -114.847759 23.765366
v -113.718567 -113.389977 24.825264
v -113.592743 -114.145905 24.528252
v -113.254425 -114.721409 23.985909
v -113.720032 -113.173683 24.857792
v -113.673828 -113.945908 24.628258
v -113.380920 -114.590668 24.150948
v -113.734802 -113.734802 24.708839
v -113.499420 -114.436096 24.299309
v -113.117493 -114.882698 23.664562
v -113.000000 -114.913879 23.580570
v -113.000000 -114.883087 23.673779
v -113.773499 -113.517067 24.770416
v -113.606018 -114.260502 24.429649
v -113.247925 -114.792767 23.851189
v -113.788330 -113.297379 24.813858
v -113.697083 -114.067280 24.541103
v -113.376984 -114.675854 24.024406
v -113.778595 -113.080494 24.840469
v -113.765381 -113.000000 24.847759
v -113.855103 -113.000000 24.807980
v -113.769501 -113.860336 24.633308
v -113.500366 -114.533661 24.182167
v -113.111450 -114.928143 23.519466
v -113.000000 -114.961571 23.390183
v -113.000000 -114.940063 23.485962
v -113.820709 -113.643967 24.706379
v -113.613983 -114.368607 24.322849
v -113.240662 -114.853573 23.711582
v -113.848785 -113.422756 24.760914
v -113.714050 -114.183739 24.445297
v -113.370850 -114.751278 23.891903
v -113.852509 -113.201431 24.797962
v -113.797150 -113.982677 24.548840
v -113.497772 -114.622517 24.058140
v -113.106689 -114.962261 23.371681
v -113.000000 -114.978352 23.293461
v -113.860321 -113.769501 24.633308
v -113.617218 -114.469280 24.208408
v -113.233246 -114.903412 23.568001
v -113.901306 -113.548634 24.699009
v -113.725189 -114.294247 24.341270
v -113.363220 -114.816364 23.754257
v -113.918427 -113.324741 24.746723
v -113.818024 -114.100712 24.455769
v -113.492310 -114.701923 23.927952
v -113.103882 -114.984901 23.222210
v -113.000000 -114.997589 23.098137
v -113.000000 -114.990368 23.196033
v -113.910736 -113.102581 24.777653
v -113.942780 -113.000000 24.763844
v -114.028198 -113.000000 24.715458
v -113.892487 -113.892494 24.551422
v -113.616272 -114.561649 24.086952
v -113.226410 -114.941948 23.421387
v -113.945923 -113.673824 24.628258
v -113.730957 -114.397816 24.229549
v -113.354736 -114.870613 23.612343
v -113.976227 -113.449245 24.686768
v -113.832520 -114.213364 24.354492
v -113.484619 -114.771236 23.792393
v -113.103607 -114.996014 23.072083
v -113.196045 -114.990368 23.000000
v -113.098145 -114.997589 23.000000
v -113.000000 -115.000000 23.000000
v -113.982056 -113.223476 24.727901
v -113.917419 -114.011806 24.461014
v -113.611725 -114.644924 23.959167
v -113.220825 -114.968975 23.272720
v -113.982666 -113.797142 24.548840
v -113.731903 -114.493530 24.110710
v -113.346100 -114.913647 23.467079
v -114.025818 -113.573750 24.618176
v -113.841064 -114.319607 24.245491
v -113.475342 -114.829906 23.652298
v -114.045074 -113.346260 24.669704
v -113.935455 -114.126331 24.362450
v -113.604279 -114.718403 23.825806
v -113.217102 -114.984371 23.123020
v -113.293457 -114.978352 23.000000
v -114.039368 -113.119431 24.704540
v -114.111145 -113.000000 24.662941
v -114.011810 -113.917431 24.461014
v -113.728607 -114.580547 23.985405
v -113.338013 -114.945175 23.319424
v -114.067291 -113.697071 24.541103
v -113.844147 -114.418480 24.129303
v -113.465240 -114.877483 23.508556
v -114.099701 -113.469746 24.603119
v -113.946991 -114.235012 24.256161
v -113.594513 -114.781475 23.687672
v -114.107574 -113.240162 24.647907
v -114.033569 -114.033558 24.365105
v -113.721649 -114.658108 23.854347
v -113.331146 -114.965027 23.170357
v -114.100708 -113.818027 24.455769
v -113.842316 -114.509094 24.006546
v -113.454926 -114.913616 23.362095
v -114.145905 -113.592743 24.528252
v -113.952484 -114.336845 24.142647
v -113.583191 -114.833626 23.545616
v -114.167206 -113.362297 24.583145
v -114.048279 -114.144428 24.261505
v -113.711731 -114.725544 23.718300
v -113.326080 -114.973129 23.020897
v -113.390167 -114.961571 23.000000
v -114.163422 -113.131439 24.621468
v -114.191406 -113.000000 24.606415
v -114.268799 -113.000000 24.546021
v -114.126343 -113.935471 24.362450
v -113.836182 -114.590633 23.877880
v -113.445129 -114.938068 23.213879
v -114.183746 -113.714058 24.445297
v -113.952393 -114.430893 24.022484
v -113.570984 -114.874443 23.400539
v -114.218201 -113.484642 24.510345
v -114.056366 -114.249008 24.150681
v -113.699493 -114.782276 23.578091
v -114.228027 -113.251896 24.558357
v -114.144440 -114.048275 24.261505
v -113.826386 -114.662373 23.744049
v -113.436493 -114.950706 23.064896
v -113.485962 -114.940063 23.000000
v -114.213379 -113.832523 24.354492
v -113.947357 -114.516289 23.896301
v -113.558563 -114.903625 23.253380
v -114.260498 -113.606003 24.429649
v -114.058319 -114.346310 24.033154
v -113.685669 -114.827839 23.434578
v -114.283783 -113.373268 24.487461
v -114.155365 -114.155369 24.153362
v -113.813568 -114.723679 23.605827
v -114.281891 -113.139057 24.528862
v -114.235016 -113.946999 24.256161
v -113.937988 -114.592258 23.764790
v -113.546631 -114.920971 23.105099
v -113.580566 -114.913879 23.000000
v -114.294250 -113.725201 24.341270
v -114.054657 -114.435425 23.909519
v -113.670929 -114.861855 23.288677
v -114.330627 -113.494366 24.408901
v -114.159576 -114.255733 24.038498
v -113.798431 -114.774017 23.464054
v -114.342407 -113.259144 24.459709
v -114.248993 -114.056370 24.150681
v -113.924896 -114.658104 23.628700
v -114.328522 -113.024307 24.494804
v -114.343109 -113.000000 24.481903
v -114.414215 -113.000000 24.414215
v -114.319611 -113.841064 24.245491
v -114.045990 -114.515522 23.780430
v -113.656006 -114.884064 23.141319
v -113.673767 -114.883087 23.000000
v -114.368622 -113.613995 24.322849
v -114.157593 -114.348412 23.917473
v -113.781708 -114.812954 23.319603
v -114.393829 -113.379665 24.383144
v -114.255737 -114.159592 24.038498
v -113.908783 -114.713230 23.488831
v -114.393799 -113.142796 24.427219
v -114.336853 -113.952469 24.142647
v -114.032959 -114.585854 23.646599
v -114.397827 -113.730972 24.229549
v -114.149933 -114.432526 23.790901
v -113.764038 -114.840157 23.173393
v -114.436096 -113.499424 24.299309
v -114.255646 -114.255661 23.920132
v -113.890350 -114.757145 23.346024
v -114.449768 -113.262432 24.352501
v -114.346313 -114.058323 24.033154
v -114.016174 -114.645763 23.508789
v -114.437653 -113.024761 24.390144
v -114.481903 -113.000000 24.343117
v -114.418488 -113.844147 24.129303
v -114.137238 -114.507263 23.659447
v -113.746185 -114.855404 23.026360
v -113.765381 -114.847759 23.000000
v -114.469269 -113.617229 24.208408
v -114.249298 -114.343647 23.796146
v -113.870300 -114.789448 23.201164
v -114.496399 -113.382019 24.270760
v -114.348419 -114.157593 23.917473
v -113.996368 -114.694687 23.367805
v -114.498230 -113.143211 24.317116
v -114.430878 -113.952404 24.022484
v -114.120117 -114.571922 23.523842
v -114.493530 -113.731907 24.110710
v -114.237244 -114.422703 23.667179
v -113.849335 -114.809856 23.055164
v -113.942780 -114.763844 23.000000
v -113.855103 -114.807980 23.000000
v -114.533661 -113.500362 24.182167
v -114.343658 -114.249306 23.796146
v -113.974243 -114.732178 23.224506
v -114.549255 -113.262329 24.237339
v -114.435425 -114.054672 23.909519
v -114.099274 -114.625877 23.384857
v -114.538940 -113.022556 24.277149
v -114.546021 -113.000000 24.268787
v -114.606415 -113.000000 24.191399
v -114.509094 -113.842323 24.006546
v -114.220123 -114.492054 23.533913
v -114.561646 -113.616276 24.086952
v -114.332550 -114.332558 23.669758
v -113.950531 -114.757874 23.079773
v -114.028198 -114.715458 23.000000
v -114.590668 -113.380917 24.150948
v -114.432526 -114.149937 23.790901
v -114.075439 -114.668610 23.243309
v -114.594391 -113.140907 24.199196
v -114.662933 -113.000000 24.111141
v -114.516296 -113.947369 23.896301
v -114.198608 -114.551025 23.397091
v -114.580536 -113.728592 23.985405
v -114.315735 -114.406532 23.538963
v -114.622528 -113.497780 24.058140
v -114.422699 -114.237251 23.667179
v -114.049286 -114.699703 23.100063
v -114.111145 -114.662941 23.000000
v -114.640045 -113.259449 24.114895
v -114.515533 -114.046001 23.780430
v -114.173370 -114.599037 23.257492
v -114.590637 -113.836189 23.877880
v -114.293854 -114.470489 23.404453
v -114.644928 -113.611740 23.959167
v -114.406525 -114.315746 23.538963
v -114.675842 -113.376980 24.024406
v -114.507263 -114.137226 23.659447
v -114.145142 -114.635612 23.115940
v -114.191406 -114.606415 23.000000
v -114.681519 -113.136517 24.074173
v -114.592255 -113.937984 23.764790
v -114.267578 -114.523788 23.266983
v -114.658112 -113.721645 23.854347
v -114.384644 -114.384632 23.406914
v -114.701935 -113.492310 23.927952
v -114.492065 -114.220127 23.533913
v -114.721405 -113.254429 23.985909
v -114.585846 -114.032944 23.646599
v -114.237640 -114.565895 23.127338
v -114.268799 -114.546021 23.000000
v -114.714935 -113.012699 24.028976
v -114.715454 -113.000000 24.028206
v -114.763855 -113.000000 23.942795
v -114.662384 -113.826386 23.744049
v -114.357666 -114.443214 23.271740
v -114.718414 -113.604267 23.825806
v -114.470489 -114.293865 23.404453
v -114.751282 -113.370853 23.891903
v -114.571930 -114.120113 23.523842
v -114.758972 -113.130699 23.942829
v -114.807983 -113.000000 23.855110
v -114.658112 -113.924892 23.628700
v -114.326386 -114.490883 23.134193
v -114.343109 -114.481903 23.000000
v -114.725555 -113.711720 23.718300
v -114.443207 -114.357681 23.271740
v -114.771240 -113.484604 23.792393
v -114.551025 -114.198597 23.397091
v -114.792755 -113.247936 23.851189
v -114.645752 -114.016171 23.508789
v -114.723694 -113.813572 23.605827
v -114.410919 -114.410915 23.136486
v -114.481903 -114.343117 23.000000
v -114.414215 -114.414215 23.000000
v -114.781464 -113.594528 23.687672
v -114.523804 -114.267590 23.266983
v -114.816376 -113.363209 23.754257
v -114.625885 -114.099277 23.384857
v -114.826202 -113.124130 23.805996
v -114.847748 -113.000000 23.765366
v -114.713226 -113.908783 23.488831
v -114.782288 -113.699501 23.578091
v -114.490875 -114.326374 23.134193
v -114.546021 -114.268787 23.000000
v -114.829895 -113.475349 23.652298
v -114.599030 -114.173359 23.257492
v -114.853577 -113.240650 23.711582
v -114.694702 -113.996368 23.367805
v -114.774017 -113.798443 23.464054
v -114.833618 -113.583202 23.545616
v -114.565887 -114.237640 23.127338
v -114.606415 -114.191399 23.000000
v -114.870605 -113.354736 23.612343
v -114.668610 -114.075428 23.243309
v -114.882690 -113.117489 23.664562
v -114.883087 -113.000000 23.673779
v -114.913879 -113.000000 23.580570
v -114.757141 -113.890347 23.346024
v -114.827850 -113.685673 23.434578
v -114.877472 -113.465225 23.508556
v -114.635620 -114.145134 23.115940
v -114.662933 -114.111141 23.000000
v -114.903412 -113.233250 23.568001
v -114.732178 -113.974251 23.224506
v -114.812958 -113.781700 23.319603
v -114.874451 -113.570988 23.400539
v -114.913635 -113.346111 23.467079
v -114.699707 -114.049282 23.100063
v -114.715454 -114.028206 23.000000
v -114.928131 -113.111454 23.519466
v -114.940063 -113.000000 23.485962
v -114.961578 -113.000000 23.390183
v -114.789459 -113.870293 23.201164
v -114.861847 -113.670940 23.288677
v -114.913605 -113.454926 23.362095
v -114.941956 -113.226418 23.421387
v -114.757874 -113.950531 23.079773
v -114.763855 -113.942795 23.000000
v -114.840149 -113.764046 23.173393
v -114.903625 -113.558575 23.253380
v -114.945190 -113.338024 23.319424
v -114.962250 -113.106701 23.371681
v -114.978363 -113.000000 23.293461
v -114.809845 -113.849339 23.055164
v -114.847748 -113.765366 23.000000
v -114.807983 -113.855110 23.000000
v -114.884064 -113.655994 23.141319
v -114.913879 -113.580570 23.000000
v -114.883087 -113.673779 23.000000
v -114.938080 -113.445129 23.213879
v -114.968964 -113.220825 23.272720
v -114.855408 -113.746174 23.026360
v -114.920959 -113.546642 23.105099
v -114.940063 -113.485962 23.000000
v -114.965027 -113.331131 23.170357
v -114.984894 -113.103870 23.222210
v -114.990356 -113.000000 23.196033
v -114.997589 -113.000000 23.098137
v -114.950714 -113.436501 23.064896
v -114.961578 -113.390183 23.000000
v -114.984375 -113.217110 23.123020
v -114.990356 -113.196033 23.000000
v -114.978363 -113.293461 23.000000
v -114.973114 -113.326080 23.020897
v -114.996002 -113.103592 23.072083
v -115.000000 -113.000000 23.000000
v -114.997589 -113.098137 23.000000
v -115.000000 -113.000000 -25.000000
v -114.997589 -113.098137 -25.000000
v -114.990356 -113.196033 -25.000000
v -114.978363 -113.293461 -25.000000
v -114.961578 -113.390183 -25.000000
v -114.940063 -113.485962 -25.000000
v -114.913879 -113.580570 -25.000000
v -114.883087 -113.673779 -25.000000
v -114.847748 -113.765366 -25.000000
v -114.807983 -113.855110 -25.000000
v -114.763855 -113.942795 -25.000000
v -114.715454 -114.028206 -25.000000
v -114.662933 -114.111141 -25.000000
v -114.606415 -114.191399 -25.000000
v -114.546021 -114.268787 -25.000000
v -114.481903 -114.343117 -25.000000
v -114.414215 -114.414215 -25.000000
v -114.343109 -114.481903 -25.000000
v -114.268799 -114.546021 -25.000000
v -114.191406 -114.606415 -25.000000
v -114.111145 -114.662941 -25.000000
v -114.028198 -114.715458 -25.000000
v -113.942780 -114.763844 -25.000000
v -113.855103 -114.807980 -25.000000
v -113.765381 -114.847759 -25.000000
v -113.673767 -114.883087 -25.000000
v -113.580566 -114.913879 -25.000000
v -113.485962 -114.940063 -25.000000
v -113.390167 -114.961571 -25.000000
v -113.293457 -114.978352 -25.000000
v -113.196045 -114.990368 -25.000000
v -113.098145 -114.997589 -25.000000
v -113.000000 -115.000000 -25.000000

usemtl mat2
f 1 2 3
f 3 4 5
f 2 4 3
f 5 6 7
f 4 6 5
f 7 8 9
f 6 8 7
f 9 10 11
f 8 10 9
f 11 12 13
f 10 12 11
f 13 14 15
f 12 14 13
f 15 16 17
f 14 16 15
f 16 18 17
f 17 18 19
f 18 20 19
f 19 20 21
f 20 22 21
f 21 22 23
f 22 24 23
f 23 24 25
f 24 26 25
f 25 26 27
f 26 28 27
f 27 28 29
f 28 30 29
f 29 30 31
f 30 32 31
f 31 32 33
f 32 34 33
f 33 34 35
f 34 36 35
f 35 36 37
f 36 38 37
f 37 38 39
f 38 40 39
f 40 41 39
f 39 41 42
f 42 41 43
f 43 44 45
f 41 44 43
f 45 46 47
f 44 46 45
f 47 48 49
f 46 48 47
f 48 50 49
f 49 51 52
f 50 51 49
f 52 53 54
f 51 53 52
f 54 55 56
f 53 55 54
f 56 57 58
f 55 57 56
f 58 59 60
f 60 59 61
f 57 59 58
f 59 62 61
f 61 63 64
f 62 63 61
f 64 65 66
f 63 65 64
f 66 65 67
f 65 68 67
f 67 68 69
f 69 70 71
f 68 70 69
f 71 72 73
f 70 72 71
f 73 74 75
f 72 74 73
f 75 76 77
f 74 76 75
f 77 78 79
f 76 78 77
f 79 80 81
f 78 80 79
f 81 82 83
f 80 82 81
f 82 84 83
f 83 84 85
f 84 86 85
f 85 86 87
f 86 88 87
f 87 88 89
f 88 90 89
f 89 90 91
f 90 92 91
f 91 92 93
f 92 94 93
f 93 94 95
f 94 96 95
f 95 96 97
f 96 98 97
f 97 98 99
f 98 100 99
f 99 100 101
f 100 102 101
f 101 102 103
f 102 104 103
f 103 104 105
f 104 106 105
f 106 107 105
f 105 107 108
f 108 107 109
f 109 110 111
f 107 110 109
f 111 112 113
f 110 112 111
f 113 114 115
f 112 114 113
f 114 116 115
f 115 117 118
f 116 117 115
f 118 119 120
f 117 119 118
f 120 121 122
f 119 121 120
f 122 123 124
f 121 123 122
f 124 125 126
f 126 125 127
f 123 125 124
f 125 128 127
f 127 129 130
f 128 129 127
f 130 131 132
f 129 131 130
f 132 131 133
f 131 134 133
f 135 136 137
f 137 136 138
f 138 139 140
f 136 139 138
f 140 141 142
f 139 141 140
f 142 143 144
f 141 143 142
f 144 145 146
f 143 145 144
f 146 147 148
f 145 147 146
f 148 149 150
f 147 149 148
f 150 151 152
f 149 151 150
f 152 153 154
f 151 153 152
f 154 155 156
f 153 155 154
f 155 157 156
f 156 157 158
f 157 159 158
f 158 159 160
f 159 161 160
f 160 161 162
f 161 163 162
f 162 163 164
f 163 165 164
f 164 165 166
f 165 167 166
f 166 167 168
f 167 169 168
f 168 169 170
f 169 171 170
f 170 171 172
f 171 173 172
f 172 173 174
f 173 175 174
f 174 175 176
f 175 177 176
f 176 177 178
f 177 179 178
f 178 179 180
f 180 181 182
f 179 181 180
f 182 183 184
f 181 183 182
f 184 185 186
f 183 185 184
f 186 187 188
f 185 187 186
f 188 189 190
f 187 189 188
f 190 191 192
f 189 191 190
f 192 193 194
f 191 193 192
f 194 195 196
f 193 195 194
f 196 197 198
f 195 197 196
f 198 199 200
f 197 199 198
f 200 201 202
f 199 201 200
f 202 203 204
f 201 203 202
f 204 205 206
f 203 205 204
f 206 207 208
f 205 207 206
f 207 209 208
f 208 209 210
f 209 211 210
f 210 211 212
f 211 213 212
f 212 213 214
f 213 215 214
f 214 215 216
f 215 217 216
f 216 217 218
f 217 219 218
f 218 219 220
f 219 221 220
f 220 221 222
f 221 223 222
f 222 223 224
f 223 225 224
f 224 225 226
f 225 227 226
f 226 227 228
f 227 229 228
f 228 229 230
f 229 231 230
f 230 231 232
f 231 233 232
f 232 233 234
f 233 235 234
f 234 235 236
f 235 237 236
f 236 237 238
f 237 239 238
f 238 239 240
f 239 241 240
f 240 241 242
f 241 243 242
f 242 243 244
f 243 245 244
f 244 245 246
f 245 247 246
f 246 247 248
f 247 249 248
f 248 249 250
f 250 251 252
f 249 251 250
f 252 253 254
f 251 253 252
f 254 255 256
f 253 255 254
f 256 257 258
f 255 257 256
f 257 259 258
f 258 259 260
f 259 261 260
f 260 261 262
f 261 263 262
f 262 263 264
f 263 265 264
f 264 265 266
f 265 267 266
f 266 267 268
f 267 269 268
f 268 269 270
f 269 271 270
f 270 271 272
f 271 273 272
f 272 273 274
f 273 275 274
f 274 275 276
f 275 277 276
f 276 277 278
f 277 279 278
f 278 279 280
f 279 281 280
f 280 281 282
f 282 283 284
f 281 283 282
f 284 285 286
f 283 285 284
f 286 287 288
f 285 287 286
f 288 289 290
f 287 289 288
f 290 291 292
f 289 291 290
f 292 293 294
f 291 293 292
f 294 295 296
f 293 295 294
f 296 297 298
f 295 297 296
f 298 299 300
f 297 299 298
f 300 301 302
f 299 301 300
f 302 303 304
f 301 303 302
f 304 305 306
f 303 305 304
f 306 307 308
f 305 307 306
f 308 309 310
f 307 309 308
f 309 311 310
f 310 311 312
f 311 313 312
f 312 313 314
f 313 315 314
f 314 315 316
f 315 317 316
f 316 317 318
f 318 319 320
f 317 319 318
f 320 321 322
f 319 321 320
f 322 323 324
f 321 323 322
f 324 325 326
f 323 325 324
f 326 327 328
f 325 327 326
f 328 329 330
f 327 329 328
f 330 331 332
f 329 331 330
f 332 333 334
f 331 333 332
f 334 335 336
f 333 335 334
f 336 337 338
f 335 337 336
f 338 339 340
f 337 339 338
f 340 341 342
f 339 341 340
f 342 343 344
f 341 343 342
f 344 345 346
f 343 345 344
f 346 347 348
f 345 347 346
f 348 349 350
f 347 349 348
f 350 351 352
f 352 351 353
f 349 351 350
f 351 354 353
f 353 355 356
f 354 355 353
f 356 357 358
f 355 357 356
f 357 359 358
f 358 359 360
f 359 361 360
f 360 361 362
f 361 363 362
f 362 363 364
f 363 365 364
f 364 365 366
f 365 367 366
f 366 367 368
f 367 369 368
f 368 369 370
f 369 371 370
f 370 371 372
f 371 373 372
f 372 373 374
f 373 375 374
f 374 375 376
f 375 377 376
f 376 377 378
f 378 377 379
f 377 380 379
f 380 381 379
f 379 381 382
f 381 383 382
f 382 383 384
f 383 385 384
f 384 385 386
f 386 135 137
f 385 135 386
f 133 134 387
f 387 388 389
f 134 388 387
f 389 390 391
f 388 390 389
f 391 392 393
f 390 392 391
f 393 394 395
f 392 394 393
f 395 396 397
f 394 396 395
f 397 398 399
f 396 398 397
f 399 400 401
f 398 400 399
f 400 402 401
f 401 402 403
f 402 404 403
f 403 404 405
f 404 406 405
f 405 406 407
f 406 408 407
f 407 408 409
f 408 410 409
f 409 410 411
f 410 412 411
f 411 412 413
f 412 414 413
f 413 414 415
f 414 416 415
f 415 416 417
f 416 418 417
f 417 418 419
f 418 420 419
f 419 420 421
f 420 422 421
f 421 422 423
f 422 424 423
f 424 425 423
f 423 425 426
f 426 425 427
f 427 428 429
f 425 428 427
f 429 430 431
f 428 430 429
f 431 432 433
f 430 432 431
f 432 434 433
f 433 435 436
f 434 435 433
f 436 437 438
f 435 437 436
f 438 439 440
f 437 439 438
f 440 441 442
f 439 441 440
f 442 443 444
f 444 443 445
f 441 443 442
f 443 446 445
f 445 447 448
f 446 447 445
f 448 449 450
f 447 449 448
f 450 449 451
f 449 452 451
f 451 452 453
f 453 454 455
f 452 454 453
f 455 456 457
f 454 456 455
f 457 458 459
f 456 458 457
f 459 460 461
f 458 460 459
f 461 462 463
f 460 462 461
f 463 464 465
f 462 464 463
f 465 466 467
f 464 466 465
f 466 468 467
f 467 468 469
f 468 470 469
f 469 470 471
f 470 472 471
f 471 472 473
f 472 474 473
f 473 474 475
f 474 476 475
f 475 476 477
f 476 478 477
f 477 478 479
f 478 480 479
f 479 480 481
f 480 482 481
f 481 482 483
f 482 484 483
f 483 484 485
f 484 486 485
f 485 486 487
f 486 488 487
f 487 488 489
f 488 490 489
f 490 491 489
f 489 491 492
f 492 491 493
f 493 494 495
f 491 494 493
f 495 496 497
f 494 496 495
f 497 498 499
f 496 498 497
f 498 500 499
f 499 501 502
f 500 501 499
f 502 503 504
f 501 503 502
f 504 505 506
f 503 505 504
f 506 507 508
f 505 507 506
f 508 509 510
f 510 509 511
f 507 509 508
f 509 512 511
f 511 513 514
f 512 513 511
f 514 515 516
f 513 515 514
f 516 515 1
f 515 2 1
f 517 518 519
f 519 518 520
f 520 521 522
f 518 521 520
f 522 523 524
f 521 523 522
f 524 525 526
f 523 525 524
f 526 527 528
f 525 527 526
f 528 529 530
f 527 529 528
f 530 531 532
f 529 531 530
f 532 533 534
f 531 533 532
f 534 535 536
f 533 535 534
f 536 537 538
f 535 537 536
f 537 539 538
f 538 539 540
f 539 541 540
f 540 541 542
f 541 543 542
f 542 543 544
f 543 545 544
f 544 545 546
f 545 547 546
f 546 547 548
f 547 549 548
f 548 549 550
f 549 551 550
f 550 551 552
f 551 553 552
f 552 553 554
f 553 555 554
f 554 555 556
f 555 557 556
f 556 557 558
f 557 559 558
f 558 559 560
f 559 561 560
f 560 561 562
f 562 563 564
f 561 563 562
f 564 565 566
f 563 565 564
f 566 567 568
f 565 567 566
f 568 569 570
f 567 569 568
f 570 571 572
f 569 571 570
f 572 573 574
f 571 573 572
f 574 575 576
f 573 575 574
f 576 577 578
f 575 577 576
f 578 579 580
f 577 579 578
f 580 581 582
f 579 581 580
f 582 583 584
f 581 583 582
f 584 585 586
f 583 585 584
f 586 587 588
f 585 587 586
f 588 589 590
f 587 589 588
f 589 591 590
f 590 591 592
f 591 593 592
f 592 593 594
f 593 595 594
f 594 595 596
f 595 597 596
f 596 597 598
f 597 599 598
f 598 599 600
f 599 601 600
f 600 601 602
f 601 603 602
f 602 603 604
f 603 605 604
f 604 605 606
f 605 607 606
f 606 607 608
f 607 609 608
f 608 609 610
f 609 611 610
f 610 611 612
f 611 613 612
f 612 613 614
f 613 615 614
f 614 615 616
f 615 617 616
f 616 617 618
f 617 619 618
f 618 619 620
f 619 621 620
f 620 621 622
f 621 623 622
f 622 623 624
f 623 625 624
f 624 625 626
f 625 627 626
f 626 627 628
f 627 629 628
f 628 629 630
f 629 631 630
f 630 631 632
f 632 633 634
f 631 633 632
f 634 635 636
f 633 635 634
f 636 637 638
f 635 637 636
f 638 639 640
f 637 639 638
f 639 641 640
f 640 641 642
f 641 643 642
f 642 643 644
f 643 645 644
f 644 645 646
f 645 647 646
f 646 647 648
f 647 649 648
f 648 649 650
f 649 651 650
f 650 651 652
f 651 653 652
f 652 653 654
f 653 655 654
f 654 655 656
f 655 657 656
f 656 657 658
f 657 659 658
f 658 659 660
f 659 661 660
f 660 661 662
f 661 663 662
f 662 663 664
f 664 665 666
f 663 665 664
f 666 667 668
f 665 667 666
f 668 669 670
f 667 669 668
f 670 671 672
f 669 671 670
f 672 673 674
f 671 673 672
f 674 675 676
f 673 675 674
f 676 677 678
f 675 677 676
f 678 679 680
f 677 679 678
f 680 681 682
f 679 681 680
f 682 683 684
f 681 683 682
f 684 685 686
f 683 685 684
f 686 687 688
f 685 687 686
f 688 689 690
f 687 689 688
f 690 691 692
f 689 691 690
f 691 693 692
f 692 693 694
f 693 695 694
f 694 695 696
f 695 697 696
f 696 697 698
f 697 699 698
f 698 699 700
f 700 701 702
f 699 701 700
f 702 703 704
f 701 703 702
f 704 705 706
f 703 705 704
f 706 707 708
f 705 707 706
f 708 709 710
f 707 709 708
f 710 711 712
f 709 711 710
f 712 713 714
f 711 713 712
f 714 715 716
f 713 715 714
f 716 717 718
f 715 717 716
f 718 719 720
f 717 719 718
f 720 721 722
f 719 721 720
f 722 723 724
f 721 723 722
f 724 725 726
f 723 725 724
f 726 727 728
f 725 727 726
f 728 729 730
f 727 729 728
f 730 731 732
f 729 731 730
f 732 733 734
f 734 733 735
f 731 733 732
f 733 736 735
f 735 737 738
f 736 737 735
f 738 739 740
f 737 739 738
f 739 741 740
f 740 741 742
f 741 743 742
f 742 743 744
f 743 745 744
f 744 745 746
f 745 747 746
f 746 747 748
f 747 749 748
f 748 749 750
f 749 751 750
f 750 751 752
f 751 753 752
f 752 753 754
f 753 755 754
f 754 755 756
f 755 757 756
f 756 757 758
f 757 759 758
f 758 759 760
f 760 759 761
f 759 762 761
f 762 763 761
f 761 763 764
f 763 765 764
f 764 765 766
f 765 767 766
f 766 767 768
f 768 517 519
f 767 517 768
f 769 770 771
f 771 770 772
f 772 773 774
f 770 773 772
f 774 775 776
f 773 775 774
f 776 777 778
f 775 777 776
f 778 779 780
f 777 779 778
f 780 781 782
f 779 781 780
f 782 783 784
f 781 783 782
f 784 785 786
f 783 785 784
f 786 787 788
f 785 787 786
f 788 789 790
f 787 789 788
f 789 791 790
f 790 791 792
f 791 793 792
f 792 793 794
f 793 795 794
f 794 795 796
f 795 797 796
f 796 797 798
f 797 799 798
f 798 799 800
f 799 801 800
f 800 801 802
f 801 803 802
f 802 803 804
f 803 805 804
f 804 805 806
f 805 807 806
f 806 807 808
f 807 809 808
f 808 809 810
f 809 811 810
f 810 811 812
f 811 813 812
f 812 813 814
f 814 815 816
f 813 815 814
f 816 817 818
f 815 817 816
f 818 819 820
f 817 819 818
f 820 821 822
f 819 821 820
f 822 823 824
f 821 823 822
f 824 825 826
f 823 825 824
f 826 827 828
f 825 827 826
f 828 829 830
f 827 829 828
f 830 831 832
f 829 831 830
f 832 833 834
f 831 833 832
f 834 835 836
f 833 835 834
f 836 837 838
f 835 837 836
f 838 839 840
f 837 839 838
f 840 841 842
f 839 841 840
f 841 843 842
f 842 843 844
f 843 845 844
f 844 845 846
f 845 847 846
f 846 847 848
f 847 849 848
f 848 849 850
f 849 851 850
f 850 851 852
f 851 853 852
f 852 853 854
f 853 855 854
f 854 855 856
f 855 857 856
f 856 857 858
f 857 859 858
f 858 859 860
f 859 861 860
f 860 861 862
f 861 863 862
f 862 863 864
f 863 865 864
f 864 865 866
f 865 867 866
f 866 867 868
f 867 869 868
f 868 869 870
f 869 871 870
f 870 871 872
f 871 873 872
f 872 873 874
f 873 875 874
f 874 875 876
f 875 877 876
f 876 877 878
f 877 879 878
f 878 879 880
f 879 881 880
f 880 881 882
f 881 883 882
f 882 883 884
f 884 885 886
f 883 885 884
f 886 887 888
f 885 887 886
f 888 889 890
f 887 889 888
f 890 891 892
f 889 891 890
f 891 893 892
f 892 893 894
f 893 895 894
f 894 895 896
f 895 897 896
f 896 897 898
f 897 899 898
f 898 899 900
f 899 901 900
f 900 901 902
f 901 903 902
f 902 903 904
f 903 905 904
f 904 905 906
f 905 907 906
f 906 907 908
f 907 909 908
f 908 909 910
f 909 911 910
f 910 911 912
f 911 913 912
f 912 913 914
f 913 915 914
f 914 915 916
f 916 917 918
f 915 917 916
f 918 919 920
f 917 919 918
f 920 921 922
f 919 921 920
f 922 923 924
f 921 923 922
f 924 925 926
f 923 925 924
f 926 927 928
f 925 927 926
f 928 929 930
f 927 929 928
f 930 931 932
f 929 931 930
f 932 933 934
f 931 933 932
f 934 935 936
f 933 935 934
f 936 937 938
f 935 937 936
f 938 939 940
f 937 939 938
f 940 941 942
f 939 941 940
f 942 943 944
f 941 943 942
f 943 945 944
f 944 945 946
f 945 947 946
f 946 947 948
f 947 949 948
f 948 949 950
f 949 951 950
f 950 951 952
f 952 953 954
f 951 953 952
f 954 955 956
f 953 955 954
f 956 957 958
f 955 957 956
f 958 959 960
f 957 959 958
f 960 961 962
f 959 961 960
f 962 963 964
f 961 963 962
f 964 965 966
f 963 965 964
f 966 967 968
f 965 967 966
f 968 969 970
f 967 969 968
f 970 971 972
f 969 971 970
f 972 973 974
f 971 973 972
f 974 975 976
f 973 975 974
f 976 977 978
f 975 977 976
f 978 979 980
f 977 979 978
f 980 981 982
f 979 981 980
f 982 983 984
f 981 983 982
f 984 985 986
f 986 985 987
f 983 985 984
f 985 988 987
f 987 989 990
f 988 989 987
f 990 991 992
f 989 991 990
f 991 993 992
f 992 993 994
f 993 995 994
f 994 995 996
f 995 997 996
f 996 997 998
f 997 999 998
f 998 999 1000
f 999 1001 1000
f 1000 1001 1002
f 1001 1003 1002
f 1002 1003 1004
f 1003 1005 1004
f 1004 1005 1006
f 1005 1007 1006
f 1006 1007 1008
f 1007 1009 1008
f 1008 1009 1010
f 1009 1011 1010
f 1010 1011 1012
f 1012 1011 1013
f 1011 1014 1013
f 1014 1015 1013
f 1013 1015 1016
f 1015 1017 1016
f 1016 1017 1018
f 1017 1019 1018
f 1018 1019 1020
f 1020 769 771
f 1019 769 1020
f 1021 1022 1023
f 1023 1022 1024
f 1024 1025 1026
f 1022 1025 1024
f 1026 1027 1028
f 1025 1027 1026
f 1028 1029 1030
f 1027 1029 1028
f 1030 1031 1032
f 1029 1031 1030
f 1032 1033 1034
f 1031 1033 1032
f 1034 1035 1036
f 1033 1035 1034
f 1036 1037 1038
f 1035 1037 1036
f 1038 1039 1040
f 1037 1039 1038
f 1040 1041 1042
f 1039 1041 1040
f 1041 1043 1042
f 1042 1043 1044
f 1043 1045 1044
f 1044 1045 1046
f 1045 1047 1046
f 1046 1047 1048
f 1047 1049 1048
f 1048 1049 1050
f 1049 1051 1050
f 1050 1051 1052
f 1051 1053 1052
f 1052 1053 1054
f 1053 1055 1054
f 1054 1055 1056
f 1055 1057 1056
f 1056 1057 1058
f 1057 1059 1058
f 1058 1059 1060
f 1059 1061 1060
f 1060 1061 1062
f 1061 1063 1062
f 1062 1063 1064
f 1063 1065 1064
f 1064 1065 1066
f 1066 1067 1068
f 1065 1067 1066
f 1068 1069 1070
f 1067 1069 1068
f 1070 1071 1072
f 1069 1071 1070
f 1072 1073 1074
f 1071 1073 1072
f 1074 1075 1076
f 1073 1075 1074
f 1076 1077 1078
f 1075 1077 1076
f 1078 1079 1080
f 1077 1079 1078
f 1080 1081 1082
f 1079 1081 1080
f 1082 1083 1084
f 1081 1083 1082
f 1084 1085 1086
f 1083 1085 1084
f 1086 1087 1088
f 1085 1087 1086
f 1088 1089 1090
f 1087 1089 1088
f 1090 1091 1092
f 1089 1091 1090
f 1092 1093 1094
f 1091 1093 1092
f 1093 1095 1094
f 1094 1095 1096
f 1095 1097 1096
f 1096 1097 1098
f 1097 1099 1098
f 1098 1099 1100
f 1099 1101 1100
f 1100 1101 1102
f 1101 1103 1102
f 1102 1103 1104
f 1103 1105 1104
f 1104 1105 1106
f 1105 1107 1106
f 1106 1107 1108
f 1107 1109 1108
f 1108 1109 1110
f 1109 1111 1110
f 1110 1111 1112
f 1111 1113 1112
f 1112 1113 1114
f 1113 1115 1114
f 1114 1115 1116
f 1115 1117 1116
f 1116 1117 1118
f 1117 1119 1118
f 1118 1119 1120
f 1119 1121 1120
f 1120 1121 1122
f 1121 1123 1122
f 1122 1123 1124
f 1123 1125 1124
f 1124 1125 1126
f 1125 1127 1126
f 1126 1127 1128
f 1127 1129 1128
f 1128 1129 1130
f 1129 1131 1130
f 1130 1131 1132
f 1131 1133 1132
f 1132 1133 1134
f 1133 1135 1134
f 1134 1135 1136
f 1136 1137 1138
f 1135 1137 1136
f 1138 1139 1140
f 1137 1139 1138
f 1140 1141 1142
f 1139 1141 1140
f 1142 1143 1144
f 1141 1143 1142
f 1143 1145 1144
f 1144 1145 1146
f 1145 1147 1146
f 1146 1147 1148
f 1147 1149 1148
f 1148 1149 1150
f 1149 1151 1150
f 1150 1151 1152
f 1151 1153 1152
f 1152 1153 1154
f 1153 1155 1154
f 1154 1155 1156
f 1155 1157 1156
f 1156 1157 1158
f 1157 1159 1158
f 1158 1159 1160
f 1159 1161 1160
f 1160 1161 1162
f 1161 1163 1162
f 1162 1163 1164
f 1163 1165 1164
f 1164 1165 1166
f 1165 1167 1166
f 1166 1167 1168
f 1168 1169 1170
f 1167 1169 1168
f 1170 1171 1172
f 1169 1171 1170
f 1172 1173 1174
f 1171 1173 1172
f 1174 1175 1176
f 1173 1175 1174
f 1176 1177 1178
f 1175 1177 1176
f 1178 1179 1180
f 1177 1179 1178
f 1180 1181 1182
f 1179 1181 1180
f 1182 1183 1184
f 1181 1183 1182
f 1184 1185 1186
f 1183 1185 1184
f 1186 1187 1188
f 1185 1187 1186
f 1188 1189 1190
f 1187 1189 1188
f 1190 1191 1192
f 1189 1191 1190
f 1192 1193 1194
f 1191 1193 1192
f 1194 1195 1196
f 1193 1195 1194
f 1195 1197 1196
f 1196 1197 1198
f 1197 1199 1198
f 1198 1199 1200
f 1199 1201 1200
f 1200 1201 1202
f 1201 1203 1202
f 1202 1203 1204
f 1204 1205 1206
f 1203 1205 1204
f 1206 1207 1208
f 1205 1207 1206
f 1208 1209 1210
f 1207 1209 1208
f 1210 1211 1212
f 1209 1211 1210
f 1212 1213 1214
f 1211 1213 1212
f 1214 1215 1216
f 1213 1215 1214
f 1216 1217 1218
f 1215 1217 1216
f 1218 1219 1220
f 1217 1219 1218
f 1220 1221 1222
f 1219 1221 1220
f 1222 1223 1224
f 1221 1223 1222
f 1224 1225 1226
f 1223 1225 1224
f 1226 1227 1228
f 1225 1227 1226
f 1228 1229 1230
f 1227 1229 1228
f 1230 1231 1232
f 1229 1231 1230
f 1232 1233 1234
f 1231 1233 1232
f 1234 1235 1236
f 1233 1235 1234
f 1236 1237 1238
f 1238 1237 1239
f 1235 1237 1236
f 1237 1240 1239
f 1239 1241 1242
f 1240 1241 1239
f 1242 1243 1244
f 1241 1243 1242
f 1243 1245 1244
f 1244 1245 1246
f 1245 1247 1246
f 1246 1247 1248
f 1247 1249 1248
f 1248 1249 1250
f 1249 1251 1250
f 1250 1251 1252
f 1251 1253 1252
f 1252 1253 1254
f 1253 1255 1254
f 1254 1255 1256
f 1255 1257 1256
f 1256 1257 1258
f 1257 1259 1258
f 1258 1259 1260
f 1259 1261 1260
f 1260 1261 1262
f 1261 1263 1262
f 1262 1263 1264
f 1264 1263 1265
f 1263 1266 1265
f 1266 1267 1265
f 1265 1267 1268
f 1267 1269 1268
f 1268 1269 1270
f 1269 1271 1270
f 1270 1271 1272
f 1272 1021 1023
f 1271 1021 1272
f 1273 1274 1275
f 1275 1274 1276
f 1276 1277 1278
f 1274 1277 1276
f 1278 1279 1280
f 1277 1279 1278
f 1280 1281 1282
f 1279 1281 1280
f 1282 1283 1284
f 1281 1283 1282
f 1284 1285 1286
f 1283 1285 1284
f 1286 1287 1288
f 1285 1287 1286
f 1288 1289 1290
f 1287 1289 1288
f 1290 1291 1292
f 1289 1291 1290
f 1292 1293 1294
f 1291 1293 1292
f 1294 1295 1296
f 1293 1295 1294
f 1296 1297 1298
f 1295 1297 1296
f 1297 1299 1298
f 1298 1299 1300
f 1299 1301 1300
f 1300 1301 1302
f 1301 1303 1302
f 1302 1303 1304
f 1303 1305 1304
f 1304 1305 1306
f 1305 1307 1306
f 1306 1307 1308
f 1307 1309 1308
f 1308 1309 1310
f 1310 1311 1312
f 1312 1311 1313
f 1309 1311 1310
f 1311 1314 1313
f 1313 1315 1316
f 1314 1315 1313
f 1317 1273 1318
f 1318 1273 1275
f 1319 1320 1321
f 1321 1320 1322
f 1322 1323 1324
f 1320 1323 1322
f 1324 1325 1326
f 1323 1325 1324
f 1326 1327 1328
f 1325 1327 1326
f 1328 1329 1330
f 1327 1329 1328
f 1330 1331 1332
f 1329 1331 1330
f 1332 1333 1334
f 1331 1333 1332
f 1334 1335 1336
f 1333 1335 1334
f 1336 1337 1338
f 1335 1337 1336
f 1338 1339 1340
f 1337 1339 1338
f 1340 1341 1342
f 1339 1341 1340
f 1342 1343 1344
f 1341 1343 1342
f 1343 1345 1344
f 1344 1345 1346
f 1345 1347 1346
f 1346 1347 1348
f 1347 1349 1348
f 1348 1349 1350
f 1349 1351 1350
f 1350 1351 1352
f 1351 1353 1352
f 1352 1353 1354
f 1353 1355 1354
f 1354 1355 1356
f 1356 1357 1358
f 1355 1357 1356
f 1358 1359 1360
f 1357 1359 1358
f 1359 1317 1360
f 1360 1317 1318
f 1361 1319 1362
f 1362 1319 1321
f 1363 1364 1365
f 1365 1364 1366
f 1366 1367 1368
f 1364 1367 1366
f 1368 1369 1370
f 1367 1369 1368
f 1370 1371 1372
f 1369 1371 1370
f 1372 1373 1374
f 1371 1373 1372
f 1374 1375 1376
f 1373 1375 1374
f 1376 1377 1378
f 1375 1377 1376
f 1378 1379 1380
f 1377 1379 1378
f 1380 1381 1382
f 1379 1381 1380
f 1382 1383 1384
f 1381 1383 1382
f 1384 1385 1386
f 1383 1385 1384
f 1386 1387 1388
f 1385 1387 1386
f 1387 1389 1388
f 1388 1389 1390
f 1389 1391 1390
f 1390 1391 1392
f 1391 1393 1392
f 1392 1393 1394
f 1393 1395 1394
f 1394 1395 1396
f 1395 1397 1396
f 1396 1397 1398
f 1397 1399 1398
f 1398 1399 1400
f 1400 1401 1402
f 1399 1401 1400
f 1402 1403 1404
f 1401 1403 1402
f 1403 1361 1404
f 1404 1361 1362
f 1405 1363 1406
f 1406 1363 1365
f 1407 1408 1409
f 1409 1408 1410
f 1410 1411 1412
f 1408 1411 1410
f 1412 1413 1414
f 1411 1413 1412
f 1414 1415 1416
f 1413 1415 1414
f 1416 1417 1418
f 1415 1417 1416
f 1418 1419 1420
f 1417 1419 1418
f 1420 1421 1422
f 1419 1421 1420
f 1422 1423 1424
f 1421 1423 1422
f 1424 1425 1426
f 1423 1425 1424
f 1426 1427 1428
f 1425 1427 1426
f 1428 1429 1430
f 1427 1429 1428
f 1430 1431 1432
f 1429 1431 1430
f 1431 1433 1432
f 1432 1433 1434
f 1433 1435 1434
f 1434 1435 1436
f 1435 1437 1436
f 1436 1437 1438
f 1438 1437 1439
f 1437 1440 1439
f 1440 1441 1439
f 1439 1441 1442
f 1442 1441 1443
f 1441 1444 1443
f 1443 1444 1445
f 1445 1446 1447
f 1444 1446 1445
f 1446 1448 1447
f 1447 1405 1406
f 1448 1405 1447
f 1449 1407 1450
f 1450 1407 1409
f 1451 1452 1453
f 1453 1454 1455
f 1452 1454 1453
f 1455 1456 1457
f 1454 1456 1455
f 1457 1458 1459
f 1456 1458 1457
f 1459 1460 1461
f 1458 1460 1459
f 1461 1462 1463
f 1460 1462 1461
f 1463 1464 1465
f 1462 1464 1463
f 1465 1466 1467
f 1464 1466 1465
f 1467 1468 1469
f 1466 1468 1467
f 1469 1470 1471
f 1468 1470 1469
f 1471 1472 1473
f 1470 1472 1471
f 1473 1474 1475
f 1472 1474 1473
f 1475 1476 1477
f 1474 1476 1475
f 1476 1478 1477
f 1477 1478 1479
f 1478 1480 1479
f 1479 1480 1481
f 1480 1482 1481
f 1481 1482 1483
f 1482 1484 1483
f 1483 1484 1485
f 1485 1486 1487
f 1484 1486 1485
f 1486 1488 1487
f 1487 1488 1489
f 1489 1490 1491
f 1488 1490 1489
f 1490 1492 1491
f 1491 1449 1450
f 1492 1449 1491
f 1493 1494 1451
f 1494 1452 1451
f 1495 1496 1497
f 1496 1498 1497
f 1497 1499 1500
f 1498 1499 1497
f 1500 1501 1502
f 1499 1501 1500
f 1502 1503 1504
f 1501 1503 1502
f 1504 1505 1506
f 1503 1505 1504
f 1506 1507 1508
f 1505 1507 1506
f 1508 1509 1510
f 1507 1509 1508
f 1510 1511 1512
f 1509 1511 1510
f 1512 1513 1514
f 1511 1513 1512
f 1514 1515 1516
f 1516 1515 1517
f 1513 1515 1514
f 1517 1518 1519
f 1515 1518 1517
f 1519 1520 1521
f 1518 1520 1519
f 1520 1522 1521
f 1521 1522 1523
f 1522 1524 1523
f 1523 1524 1525
f 1524 1526 1525
f 1525 1526 1527
f 1526 1528 1527
f 1527 1528 1529
f 1529 1530 1531
f 1528 1530 1529
f 1530 1532 1531
f 1531 1532 1533
f 1533 1534 1535
f 1532 1534 1533
f 1535 1536 1493
f 1534 1536 1535
f 1536 1494 1493
f 1316 1315 1495
f 1315 1496 1495
f 1537 1538 1539
f 1539 1538 1540
f 1540 1541 1542
f 1538 1541 1540
f 1542 1543 1544
f 1541 1543 1542
f 1544 1545 1546
f 1543 1545 1544
f 1546 1547 1548
f 1545 1547 1546
f 1548 1549 1550
f 1547 1549 1548
f 1550 1551 1552
f 1549 1551 1550
f 1552 1553 1554
f 1551 1553 1552
f 1554 1555 1556
f 1553 1555 1554
f 1556 1557 1558
f 1555 1557 1556
f 1557 1559 1558
f 1558 1559 1560
f 1559 1561 1560
f 1560 1561 1562
f 1561 1563 1562
f 1562 1563 1564
f 1563 1565 1564
f 1564 1565 1566
f 1565 1567 1566
f 1566 1567 1568
f 1567 1569 1568
f 1568 1569 1570
f 1569 1571 1570
f 1570 1571 1572
f 1571 1573 1572
f 1572 1573 1574
f 1573 1575 1574
f 1574 1575 1576
f 1575 1577 1576
f 1576 1577 1578
f 1577 1579 1578
f 1578 1579 1580
f 1579 1581 1580
f 1580 1581 1582
f 1582 1583 1584
f 1581 1583 1582
f 1584 1585 1586
f 1583 1585 1584
f 1586 1587 1588
f 1585 1587 1586
f 1588 1589 1590
f 1587 1589 1588
f 1590 1591 1592
f 1589 1591 1590
f 1592 1593 1594
f 1591 1593 1592
f 1594 1595 1596
f 1593 1595 1594
f 1596 1597 1598
f 1595 1597 1596
f 1598 1599 1600
f 1597 1599 1598
f 1600 1601 1602
f 1599 1601 1600
f 1602 1603 1604
f 1601 1603 1602
f 1604 1605 1606
f 1603 1605 1604
f 1606 1607 1608
f 1605 1607 1606
f 1608 1609 1610
f 1607 1609 1608
f 1609 1611 1610
f 1610 1611 1612
f 1611 1613 1612
f 1612 1613 1614
f 1613 1615 1614
f 1614 1615 1616
f 1615 1617 1616
f 1616 1617 1618
f 1617 1619 1618
f 1618 1619 1620
f 1619 1621 1620
f 1620 1621 1622
f 1621 1623 1622
f 1622 1623 1624
f 1623 1625 1624
f 1624 1625 1626
f 1625 1627 1626
f 1626 1627 1628
f 1627 1629 1628
f 1628 1629 1630
f 1629 1631 1630
f 1630 1631 1632
f 1631 1633 1632
f 1632 1633 1634
f 1633 1635 1634
f 1634 1635 1636
f 1635 1637 1636
f 1636 1637 1638
f 1637 1639 1638
f 1638 1639 1640
f 1639 1641 1640
f 1640 1641 1642
f 1641 1643 1642
f 1642 1643 1644
f 1643 1645 1644
f 1644 1645 1646
f 1645 1647 1646
f 1646 1647 1648
f 1647 1649 1648
f 1648 1649 1650
f 1649 1651 1650
f 1650 1651 1652
f 1652 1653 1654
f 1651 1653 1652
f 1654 1655 1656
f 1653 1655 1654
f 1656 1657 1658
f 1655 1657 1656
f 1658 1659 1660
f 1657 1659 1658
f 1659 1661 1660
f 1660 1661 1662
f 1661 1663 1662
f 1662 1663 1664
f 1663 1665 1664
f 1664 1665 1666
f 1665 1667 1666
f 1666 1667 1668
f 1667 1669 1668
f 1668 1669 1670
f 1669 1671 1670
f 1670 1671 1672
f 1671 1673 1672
f 1672 1673 1674
f 1673 1675 1674
f 1674 1675 1676
f 1675 1677 1676
f 1676 1677 1678
f 1677 1679 1678
f 1678 1679 1680
f 1679 1681 1680
f 1680 1681 1682
f 1681 1683 1682
f 1682 1683 1684
f 1684 1685 1686
f 1683 1685 1684
f 1686 1687 1688
f 1685 1687 1686
f 1688 1689 1690
f 1687 1689 1688
f 1690 1691 1692
f 1689 1691 1690
f 1692 1693 1694
f 1691 1693 1692
f 1694 1695 1696
f 1693 1695 1694
f 1696 1697 1698
f 1695 1697 1696
f 1698 1699 1700
f 1697 1699 1698
f 1700 1701 1702
f 1699 1701 1700
f 1702 1703 1704
f 1701 1703 1702
f 1704 1705 1706
f 1703 1705 1704
f 1706 1707 1708
f 1705 1707 1706
f 1708 1709 1710
f 1707 1709 1708
f 1710 1711 1712
f 1709 1711 1710
f 1711 1713 1712
f 1712 1713 1714
f 1713 1715 1714
f 1714 1715 1716
f 1715 1717 1716
f 1716 1717 1718
f 1717 1719 1718
f 1718 1719 1720
f 1720 1721 1722
f 1719 1721 1720
f 1722 1723 1724
f 1721 1723 1722
f 1724 1725 1726
f 1723 1725 1724
f 1726 1727 1728
f 1725 1727 1726
f 1728 1729 1730
f 1727 1729 1728
f 1730 1731 1732
f 1729 1731 1730
f 1732 1733 1734
f 1731 1733 1732
f 1734 1735 1736
f 1733 1735 1734
f 1736 1737 1738
f 1735 1737 1736
f 1738 1739 1740
f 1737 1739 1738
f 1740 1741 1742
f 1739 1741 1740
f 1742 1743 1744
f 1741 1743 1742
f 1744 1745 1746
f 1743 1745 1744
f 1746 1747 1748
f 1745 1747 1746
f 1748 1749 1750
f 1747 1749 1748
f 1750 1751 1752
f 1749 1751 1750
f 1752 1753 1754
f 1754 1753 1755
f 1751 1753 1752
f 1753 1756 1755
f 1755 1757 1758
f 1756 1757 1755
f 1758 1759 1760
f 1757 1759 1758
f 1759 1761 1760
f 1760 1761 1762
f 1761 1763 1762
f 1762 1763 1764
f 1763 1765 1764
f 1764 1765 1766
f 1765 1767 1766
f 1766 1767 1768
f 1767 1769 1768
f 1768 1769 1770
f 1769 1771 1770
f 1770 1771 1772
f 1771 1773 1772
f 1772 1773 1774
f 1773 1775 1774
f 1774 1775 1776
f 1775 1777 1776
f 1776 1777 1778
f 1777 1779 1778
f 1778 1779 1780
f 1780 1779 1781
f 1779 1782 1781
f 1782 1783 1781
f 1781 1783 1784
f 1783 1785 1784
f 1784 1785 1786
f 1785 1787 1786
f 1786 1787 1788
f 1788 1537 1539
f 1787 1537 1788
f 1789 1790 1791
f 1789 1792 1790
f 1789 1793 1792
f 1789 1794 1793
f 1795 1796 1794
f 1795 1797 1796
f 1795 1794 1789
f 1798 1797 1795
f 1798 1799 1797
f 1800 1799 1798
f 1800 1801 1799
f 1800 1802 1801
f 1800 1803 1802
f 1804 1803 1800
f 1804 1805 1803
f 1804 1806 1805
f 1804 1807 1806
f 1804 1808 1807
f 1809 1810 1808
f 1809 1811 1810
f 1809 1812 1811
f 1809 1808 1804
f 1813 1812 1809
f 1813 1814 1812
f 1813 1815 1814
f 1813 1816 1815
f 1813 1817 1816
f 1818 1817 1813
f 1818 1819 1817
f 1818 1820 1819
f 1818 1821 1820
f 1818 1822 1821
f 1823 1822 1818
f 1823 1824 1822
f 1823 1825 1824
f 1823 1826 1825
f 1827 1826 1823
f 1827 1828 1826
f 1827 1829 1828
f 1827 1830 1829
f 1831 1832 1833
f 1831 1834 1832
f 1831 1791 1834
f 1831 1789 1791
f 1835 1836 1837
f 1835 1833 1836
f 1835 1798 1795
f 1835 1831 1833
f 1835 1795 1789
f 1835 1789 1831
f 1838 1839 1830
f 1838 1840 1839
f 1838 1830 1827
f 1841 1798 1835
f 1841 1835 1837
f 1841 1842 1843
f 1841 1837 1842
f 1844 1798 1841
f 1844 1845 1846
f 1844 1843 1845
f 1844 1841 1843
f 1844 1800 1798
f 1847 1840 1838
f 1847 1848 1840
f 1847 1849 1848
f 1847 1850 1849
f 1851 1852 1853
f 1851 1804 1800
f 1851 1854 1852
f 1851 1846 1854
f 1851 1800 1844
f 1851 1844 1846
f 1855 1850 1847
f 1855 1856 1850
f 1855 1857 1856
f 1858 1851 1853
f 1858 1809 1804
f 1858 1859 1860
f 1858 1861 1859
f 1858 1853 1861
f 1858 1804 1851
f 1862 1863 1857
f 1862 1864 1863
f 1862 1857 1855
f 1865 1858 1860
f 1865 1866 1867
f 1865 1868 1866
f 1865 1860 1868
f 1865 1809 1858
f 1865 1813 1809
f 1869 1870 1864
f 1869 1871 1870
f 1869 1872 1871
f 1869 1864 1862
f 1873 1813 1865
f 1873 1818 1813
f 1873 1874 1875
f 1873 1867 1874
f 1873 1865 1867
f 1876 1877 1872
f 1876 1878 1877
f 1876 1872 1869
f 1879 1880 1881
f 1879 1882 1880
f 1879 1875 1882
f 1879 1873 1875
f 1879 1823 1818
f 1879 1818 1873
f 1883 1878 1876
f 1883 1884 1878
f 1883 1885 1884
f 1883 1886 1885
f 1887 1879 1881
f 1887 1838 1827
f 1887 1888 1889
f 1887 1881 1888
f 1887 1827 1823
f 1887 1823 1879
f 1890 1891 1886
f 1890 1892 1891
f 1890 1886 1883
f 1893 1894 1895
f 1893 1896 1894
f 1893 1889 1896
f 1893 1838 1887
f 1893 1887 1889
f 1897 1898 1892
f 1897 1892 1890
f 1899 1900 1898
f 1899 1901 1900
f 1899 1898 1897
f 1902 1893 1895
f 1902 1847 1838
f 1902 1838 1893
f 1902 1903 1904
f 1902 1895 1903
f 1905 1901 1899
f 1905 1906 1901
f 1905 1907 1906
f 1908 1902 1904
f 1908 1909 1910
f 1908 1911 1909
f 1908 1904 1911
f 1908 1847 1902
f 1908 1855 1847
f 1912 1913 1907
f 1912 1907 1905
f 1914 1913 1912
f 1914 1915 1913
f 1914 1916 1915
f 1917 1855 1908
f 1917 1918 1919
f 1917 1910 1918
f 1917 1908 1910
f 1917 1862 1855
f 1920 1921 1916
f 1920 1916 1914
f 1922 1869 1862
f 1922 1923 1924
f 1922 1919 1923
f 1922 1862 1917
f 1922 1917 1919
f 1925 1926 1921
f 1925 1927 1926
f 1925 1921 1920
f 1928 1927 1925
f 1928 1929 1927
f 1928 1930 1929
f 1931 1922 1924
f 1931 1932 1933
f 1931 1934 1932
f 1931 1924 1934
f 1931 1869 1922
f 1931 1883 1876
f 1931 1876 1869
f 1935 1936 1930
f 1935 1930 1928
f 1937 1931 1933
f 1937 1938 1939
f 1937 1933 1938
f 1937 1883 1931
f 1940 1941 1936
f 1940 1942 1941
f 1940 1936 1935
f 1943 1942 1940
f 1943 1944 1942
f 1943 1945 1944
f 1946 1890 1883
f 1946 1947 1948
f 1946 1939 1947
f 1946 1883 1937
f 1946 1937 1939
f 1949 1950 1945
f 1949 1951 1950
f 1949 1945 1943
f 1952 1897 1890
f 1952 1953 1954
f 1952 1948 1953
f 1952 1890 1946
f 1952 1946 1948
f 1955 1951 1949
f 1955 1956 1951
f 1955 1957 1956
f 1958 1959 1960
f 1958 1954 1959
f 1958 1897 1952
f 1958 1952 1954
f 1958 1899 1897
f 1961 1962 1957
f 1961 1963 1962
f 1961 1957 1955
f 1964 1905 1899
f 1964 1960 1965
f 1964 1958 1960
f 1964 1899 1958
f 1966 1967 1963
f 1966 1968 1967
f 1966 1969 1968
f 1966 1963 1961
f 1970 1964 1965
f 1970 1971 1972
f 1970 1965 1971
f 1970 1905 1964
f 1970 1912 1905
f 1973 1969 1966
f 1973 1974 1969
f 1973 1975 1974
f 1976 1972 1977
f 1976 1912 1970
f 1976 1914 1912
f 1976 1970 1972
f 1978 1979 1975
f 1978 1975 1973
f 1978 1980 1979
f 1978 1981 1980
f 1982 1983 1984
f 1982 1977 1983
f 1982 1976 1977
f 1982 1920 1914
f 1982 1914 1976
f 1985 1986 1981
f 1985 1981 1978
f 1985 1987 1986
f 1988 1989 1990
f 1988 1984 1989
f 1988 1920 1982
f 1988 1982 1984
f 1988 1925 1920
f 1991 1992 1987
f 1991 1993 1992
f 1991 1994 1993
f 1991 1987 1985
f 1995 1996 1997
f 1995 1998 1996
f 1995 1990 1998
f 1995 1928 1925
f 1995 1988 1990
f 1995 1935 1928
f 1995 1925 1988
f 1999 2000 1994
f 1999 2001 2000
f 1999 1994 1991
f 2002 2003 2004
f 2002 1997 2003
f 2002 1935 1995
f 2002 1995 1997
f 2002 1940 1935
f 2005 2001 1999
f 2005 2006 2001
f 2005 2007 2006
f 2008 2009 2010
f 2008 2004 2009
f 2008 1940 2002
f 2008 2002 2004
f 2011 2012 2007
f 2011 2007 2005
f 2011 2013 2012
f 2011 2014 2013
f 2015 1940 2008
f 2015 2008 2010
f 2015 1943 1940
f 2015 2016 2017
f 2015 2018 2016
f 2015 2010 2018
f 2019 2014 2011
f 2019 2020 2014
f 2019 2021 2020
f 2022 1955 1949
f 2022 1949 1943
f 2022 2015 2017
f 2022 1943 2015
f 2022 2023 2024
f 2022 2017 2023
f 2025 2026 2021
f 2025 2027 2026
f 2025 2028 2027
f 2025 2021 2019
f 2029 1955 2022
f 2029 2022 2024
f 2029 2030 2031
f 2029 2032 2030
f 2029 2024 2032
f 2033 2034 2028
f 2033 2035 2034
f 2033 2028 2025
f 2036 1955 2029
f 2036 2029 2031
f 2036 1961 1955
f 2036 2037 2038
f 2036 2031 2037
f 2039 2035 2033
f 2039 2040 2035
f 2039 2041 2040
f 2039 2042 2041
f 2043 1961 2036
f 2043 1966 1961
f 2043 2044 2045
f 2043 2036 2038
f 2043 2046 2044
f 2043 2038 2046
f 2047 2042 2039
f 2047 2048 2042
f 2047 2049 2048
f 2050 2043 2045
f 2050 1973 1966
f 2050 1966 2043
f 2050 2051 2052
f 2050 2045 2051
f 2053 2049 2047
f 2053 2054 2049
f 2053 2055 2054
f 2053 2056 2055
f 2057 1973 2050
f 2057 1985 1978
f 2057 2050 2052
f 2057 1978 1973
f 2057 2058 2059
f 2057 2060 2058
f 2057 2052 2060
f 2061 2056 2053
f 2061 2062 2056
f 2061 2063 2062
f 2064 2057 2059
f 2064 1985 2057
f 2064 2065 2066
f 2064 2059 2065
f 2067 2068 2063
f 2067 2063 2061
f 2069 2064 2066
f 2069 1985 2064
f 2069 1991 1985
f 2069 2070 2071
f 2069 2066 2070
f 2072 2073 2068
f 2072 2068 2067
f 2072 2074 2073
f 2075 1999 1991
f 2075 1991 2069
f 2075 2076 2077
f 2075 2078 2076
f 2075 2071 2078
f 2075 2069 2071
f 2079 2074 2072
f 2079 2080 2074
f 2081 1999 2075
f 2081 2075 2077
f 2081 2005 1999
f 2081 2082 2083
f 2081 2077 2082
f 2081 2011 2005
f 2084 2080 2079
f 2084 2085 2080
f 2084 2086 2085
f 2087 2011 2081
f 2087 2081 2083
f 2087 2088 2089
f 2087 2090 2088
f 2087 2083 2090
f 2091 2086 2084
f 2091 2092 2086
f 2091 2093 2092
f 2094 2019 2011
f 2094 2025 2019
f 2094 2011 2087
f 2094 2095 2096
f 2094 2089 2095
f 2094 2087 2089
f 2097 2093 2091
f 2097 2098 2093
f 2099 2094 2096
f 2099 2033 2025
f 2099 2100 2101
f 2099 2096 2100
f 2099 2025 2094
f 2102 2103 2098
f 2102 2104 2103
f 2102 2098 2097
f 2105 2033 2099
f 2105 2099 2101
f 2105 2106 2107
f 2105 2101 2106
f 2108 2104 2102
f 2108 2109 2104
f 2108 2110 2109
f 2111 2105 2107
f 2111 2039 2033
f 2111 2107 2112
f 2111 2033 2105
f 2113 2110 2108
f 2113 2114 2110
f 2115 2047 2039
f 2115 2039 2111
f 2115 2116 2117
f 2115 2112 2116
f 2115 2111 2112
f 2118 2114 2113
f 2118 2119 2114
f 2118 2120 2119
f 2121 2053 2047
f 2121 2115 2117
f 2121 2122 2123
f 2121 2117 2122
f 2121 2047 2115
f 2124 2120 2118
f 2124 2125 2120
f 2124 2126 2125
f 2127 2053 2121
f 2127 2121 2123
f 2127 2123 2128
f 2127 2061 2053
f 2129 2126 2124
f 2129 2130 2126
f 2131 2067 2061
f 2131 2061 2127
f 2131 2132 2133
f 2131 2128 2132
f 2131 2127 2128
f 2131 2072 2067
f 2134 2130 2129
f 2134 2135 2130
f 2134 2136 2135
f 2137 2072 2131
f 2137 2133 2138
f 2137 2131 2133
f 2139 2136 2134
f 2139 2140 2136
f 2139 2141 2140
f 2142 2072 2137
f 2142 2143 2144
f 2142 2138 2143
f 2142 2137 2138
f 2142 2079 2072
f 2145 2141 2139
f 2145 2146 2141
f 2147 2142 2144
f 2147 2079 2142
f 2147 2148 2149
f 2147 2144 2148
f 2147 2084 2079
f 2150 2146 2145
f 2150 2151 2146
f 2150 2152 2151
f 2153 2097 2091
f 2153 2149 2154
f 2153 2147 2149
f 2153 2084 2147
f 2153 2091 2084
f 2155 2152 2150
f 2155 2156 2152
f 2157 2158 2159
f 2157 2154 2158
f 2157 2097 2153
f 2157 2153 2154
f 2157 2102 2097
f 2160 2161 2162
f 2160 2156 2155
f 2160 2162 2156
f 2163 2102 2157
f 2163 2108 2102
f 2163 2159 2164
f 2163 2157 2159
f 2165 2166 2161
f 2165 2167 2166
f 2165 2161 2160
f 2168 2163 2164
f 2168 2169 2170
f 2168 2164 2169
f 2168 2108 2163
f 2171 2168 2170
f 2171 2108 2168
f 2171 2172 2173
f 2171 2170 2172
f 2171 2113 2108
f 2174 2175 2167
f 2174 2176 2175
f 2174 2177 2176
f 2174 2167 2165
f 2178 2171 2173
f 2178 2113 2171
f 2178 2118 2113
f 2178 2173 2179
f 2180 2181 2177
f 2180 2182 2181
f 2180 2177 2174
f 2183 2124 2118
f 2183 2178 2179
f 2183 2184 2185
f 2183 2179 2184
f 2183 2118 2178
f 2186 2124 2183
f 2186 2183 2185
f 2186 2129 2124
f 2186 2185 2187
f 2188 2189 2182
f 2188 2190 2189
f 2188 2191 2190
f 2188 2182 2180
f 2192 2129 2186
f 2192 2186 2187
f 2192 2134 2129
f 2192 2193 2194
f 2192 2187 2193
f 2195 2196 2191
f 2195 2197 2196
f 2195 2198 2197
f 2195 2191 2188
f 2199 2192 2194
f 2199 2200 2201
f 2199 2194 2200
f 2199 2134 2192
f 2199 2139 2134
f 2202 2145 2139
f 2202 2139 2199
f 2202 2201 2203
f 2202 2199 2201
f 2204 2205 2198
f 2204 2206 2205
f 2204 2207 2206
f 2204 2198 2195
f 2208 2150 2145
f 2208 2209 2210
f 2208 2203 2209
f 2208 2202 2203
f 2208 2145 2202
f 2211 2212 2207
f 2211 2213 2212
f 2211 2214 2213
f 2211 2207 2204
f 2215 2150 2208
f 2215 2208 2210
f 2215 2210 2216
f 2215 2155 2150
f 2217 2218 2214
f 2217 2219 2218
f 2217 2214 2211
f 2220 2160 2155
f 2220 2221 2222
f 2220 2216 2221
f 2220 2215 2216
f 2220 2155 2215
f 2223 2224 2219
f 2223 2225 2224
f 2223 2219 2217
f 2226 2225 2223
f 2226 2227 2225
f 2226 2228 2227
f 2226 1790 2228
f 2226 1791 1790
f 2229 2165 2160
f 2229 2230 2231
f 2229 2222 2230
f 2229 2160 2220
f 2229 2220 2222
f 2232 2180 2174
f 2232 2174 2165
f 2232 2229 2231
f 2232 2233 2234
f 2232 2235 2233
f 2232 2236 2235
f 2232 2231 2236
f 2232 2165 2229
f 2237 2180 2232
f 2237 2238 2239
f 2237 2240 2238
f 2237 2234 2240
f 2237 2232 2234
f 2241 2242 2243
f 2241 2244 2242
f 2241 2245 2244
f 2241 2239 2245
f 2241 2188 2180
f 2241 2180 2237
f 2241 2195 2188
f 2241 2237 2239
f 2246 2247 2248
f 2246 2249 2247
f 2246 2243 2249
f 2246 2195 2241
f 2246 2241 2243
f 2250 2251 2252
f 2250 2253 2251
f 2250 2254 2253
f 2250 2248 2254
f 2250 2204 2195
f 2250 2195 2246
f 2250 2246 2248
f 2255 2256 2257
f 2255 2258 2256
f 2255 2252 2258
f 2255 2211 2204
f 2255 2250 2252
f 2255 2204 2250
f 2259 2260 2261
f 2259 2257 2260
f 2259 2217 2211
f 2259 2211 2255
f 2259 2255 2257
f 2262 2261 2263
f 2262 2259 2261
f 2262 2223 2217
f 2262 2217 2259
f 2264 2265 1791
f 2264 2266 2265
f 2264 2263 2266
f 2264 2262 2263
f 2264 2226 2223
f 2264 1791 2226
f 2264 2223 2262
f 2267 2268 2269
f 2269 2268 2270
f 2271 2272 2273
f 2273 2272 2274
f 2274 2275 2276
f 2272 2275 2274
f 2276 2277 2278
f 2275 2277 2276
f 2278 2279 2280
f 2277 2279 2278
f 2280 2281 2282
f 2279 2281 2280
f 2282 2283 2284
f 2281 2283 2282
f 2284 2285 2286
f 2283 2285 2284
f 2286 2287 2288
f 2285 2287 2286
f 2288 2289 2290
f 2287 2289 2288
f 2290 2291 2292
f 2289 2291 2290
f 2292 2293 2294
f 2291 2293 2292
f 2294 2295 2296
f 2293 2295 2294
f 2296 2297 2298
f 2295 2297 2296
f 2298 2299 2300
f 2297 2299 2298
f 2300 2301 2302
f 2299 2301 2300
f 2302 2303 2304
f 2301 2303 2302
f 2304 2305 2306
f 2303 2305 2304
f 2306 2307 2308
f 2305 2307 2306
f 2308 2309 2310
f 2307 2309 2308
f 2310 2311 2312
f 2309 2311 2310
f 2312 2313 2314
f 2311 2313 2312
f 2314 2315 2316
f 2313 2315 2314
f 2316 2317 2318
f 2315 2317 2316
f 2317 2319 2318
f 2318 2319 2320
f 2319 2321 2320
f 2320 2321 2322
f 2321 2323 2322
f 2322 2323 2324
f 2323 2325 2324
f 2324 2325 2326
f 2325 2327 2326
f 2326 2327 2328
f 2327 2329 2328
f 2328 2329 2330
f 2329 2331 2330
f 2330 2331 2332
f 2331 2333 2332
f 2332 2333 2334
f 2334 2335 2336
f 2333 2335 2334
f 2336 2337 2338
f 2335 2337 2336
f 2338 2339 2340
f 2340 2339 2341
f 2337 2339 2338
f 2339 2342 2341
f 2341 2343 2344
f 2342 2343 2341
f 2344 2345 2346
f 2343 2345 2344
f 2346 2347 2348
f 2345 2347 2346
f 2348 2349 2350
f 2347 2349 2348
f 2350 2351 2352
f 2349 2351 2350
f 2352 2353 2354
f 2351 2353 2352
f 2354 2355 2356
f 2353 2355 2354
f 2356 2357 2358
f 2355 2357 2356
f 2358 2359 2360
f 2360 2359 2361
f 2357 2359 2358
f 2361 2362 2363
f 2359 2362 2361
f 2362 2364 2363
f 2363 2365 2366
f 2366 2365 2367
f 2364 2365 2363
f 2365 2368 2367
f 2368 2369 2367
f 2367 2369 2370
f 2370 2369 2371
f 2369 2372 2371
f 2371 2372 2269
f 2372 2267 2269
f 2373 2271 2374
f 2374 2271 2273
f 2375 2373 2376
f 2376 2373 2374
f 2377 2378 2379
f 2378 2380 2379
f 2379 2381 2382
f 2380 2381 2379
f 2382 2383 2384
f 2381 2383 2382
f 2384 2385 2386
f 2383 2385 2384
f 2386 2387 2388
f 2385 2387 2386
f 2388 2389 2390
f 2387 2389 2388
f 2390 2391 2392
f 2389 2391 2390
f 2392 2393 2394
f 2391 2393 2392
f 2394 2395 2396
f 2393 2395 2394
f 2396 2397 2398
f 2395 2397 2396
f 2398 2399 2400
f 2397 2399 2398
f 2400 2401 2402
f 2402 2401 2403
f 2399 2401 2400
f 2401 2404 2403
f 2403 2405 2406
f 2406 2405 2407
f 2404 2405 2403
f 2405 2408 2407
f 2407 2409 2410
f 2408 2409 2407
f 2410 2411 2412
f 2412 2411 2413
f 2409 2411 2410
f 2413 2414 2415
f 2411 2414 2413
f 2414 2416 2415
f 2415 2417 2418
f 2418 2417 2419
f 2416 2417 2415
f 2417 2420 2419
f 2419 2421 2422
f 2422 2421 2423
f 2420 2421 2419
f 2421 2424 2423
f 2424 2425 2423
f 2423 2425 2426
f 2425 2427 2426
f 2426 2427 2428
f 2428 2427 2429
f 2427 2430 2429
f 2429 2430 2431
f 2430 2432 2431
f 2432 2433 2431
f 2431 2433 2434
f 2434 2433 2435
f 2433 2436 2435
f 2435 2436 2437
f 2436 2438 2437
f 2437 2438 2439
f 2438 2440 2439
f 2439 2441 2442
f 2440 2441 2439
f 2442 2441 2443
f 2441 2444 2443
f 2443 2445 2446
f 2446 2445 2447
f 2444 2445 2443
f 2445 2448 2447
f 2447 2449 2450
f 2450 2449 2451
f 2448 2449 2447
f 2451 2452 2453
f 2449 2452 2451
f 2453 2454 2455
f 2452 2454 2453
f 2455 2456 2457
f 2454 2456 2455
f 2457 2458 2459
f 2456 2458 2457
f 2459 2460 2461
f 2458 2460 2459
f 2461 2462 2463
f 2460 2462 2461
f 2463 2464 2465
f 2462 2464 2463
f 2465 2466 2467
f 2464 2466 2465
f 2467 2468 2469
f 2466 2468 2467
f 2469 2470 2471
f 2468 2470 2469
f 2471 2472 2473
f 2470 2472 2471
f 2472 2474 2473
f 2474 2475 2473
f 2473 2475 2476
f 2476 2475 2477
f 2475 2478 2477
f 2478 2375 2477
f 2477 2375 2376
f 2479 2480 2377
f 2480 2378 2377
f 2481 2480 2482
f 2482 2480 2479
f 2483 2484 2485
f 2485 2484 2486
f 2486 2487 2488
f 2484 2487 2486
f 2488 2489 2490
f 2487 2489 2488
f 2490 2491 2492
f 2489 2491 2490
f 2492 2493 2494
f 2491 2493 2492
f 2494 2495 2496
f 2493 2495 2494
f 2496 2497 2498
f 2495 2497 2496
f 2498 2499 2500
f 2497 2499 2498
f 2500 2501 2502
f 2499 2501 2500
f 2502 2503 2504
f 2501 2503 2502
f 2504 2505 2506
f 2503 2505 2504
f 2506 2507 2508
f 2505 2507 2506
f 2508 2509 2510
f 2507 2509 2508
f 2510 2511 2512
f 2509 2511 2510
f 2512 2513 2514
f 2511 2513 2512
f 2514 2515 2516
f 2513 2515 2514
f 2516 2517 2518
f 2515 2517 2516
f 2518 2519 2520
f 2517 2519 2518
f 2520 2521 2522
f 2519 2521 2520
f 2522 2523 2524
f 2521 2523 2522
f 2524 2525 2526
f 2523 2525 2524
f 2526 2527 2528
f 2525 2527 2526
f 2528 2529 2530
f 2527 2529 2528
f 2529 2531 2530
f 2530 2531 2532
f 2531 2533 2532
f 2532 2533 2534
f 2533 2535 2534
f 2534 2535 2536
f 2535 2537 2536
f 2536 2537 2538
f 2537 2539 2538
f 2538 2539 2540
f 2539 2541 2540
f 2540 2541 2542
f 2541 2543 2542
f 2542 2543 2544
f 2543 2545 2544
f 2544 2545 2546
f 2546 2547 2548
f 2545 2547 2546
f 2548 2549 2550
f 2547 2549 2548
f 2550 2551 2552
f 2549 2551 2550
f 2552 2553 2554
f 2551 2553 2552
f 2554 2555 2556
f 2553 2555 2554
f 2555 2557 2556
f 2556 2557 2558
f 2558 2559 2560
f 2557 2559 2558
f 2560 2561 2562
f 2559 2561 2560
f 2562 2563 2564
f 2561 2563 2562
f 2564 2565 2566
f 2563 2565 2564
f 2566 2567 2568
f 2565 2567 2566
f 2568 2569 2570
f 2570 2569 2571
f 2567 2569 2568
f 2569 2572 2571
f 2571 2573 2574
f 2574 2573 2575
f 2572 2573 2571
f 2573 2576 2575
f 2575 2577 2578
f 2576 2577 2575
f 2578 2579 2580
f 2577 2579 2578
f 2579 2581 2580
f 2580 2581 2582
f 2581 2583 2582
f 2582 2583 2584
f 2584 2583 2482
f 2583 2481 2482
f 2585 2483 2586
f 2586 2483 2485
f 2587 2585 2588
f 2588 2585 2586
f 2589 2590 2591
f 2591 2592 2593
f 2590 2592 2591
f 2593 2594 2595
f 2592 2594 2593
f 2595 2596 2597
f 2594 2596 2595
f 2597 2598 2599
f 2596 2598 2597
f 2599 2600 2601
f 2598 2600 2599
f 2601 2602 2603
f 2600 2602 2601
f 2603 2604 2605
f 2602 2604 2603
f 2605 2606 2607
f 2604 2606 2605
f 2607 2608 2609
f 2606 2608 2607
f 2609 2610 2611
f 2608 2610 2609
f 2611 2612 2613
f 2610 2612 2611
f 2613 2614 2615
f 2612 2614 2613
f 2615 2616 2617
f 2614 2616 2615
f 2617 2618 2619
f 2616 2618 2617
f 2619 2620 2621
f 2618 2620 2619
f 2621 2622 2623
f 2620 2622 2621
f 2623 2624 2625
f 2622 2624 2623
f 2625 2626 2627
f 2624 2626 2625
f 2627 2628 2629
f 2626 2628 2627
f 2629 2630 2631
f 2628 2630 2629
f 2631 2632 2633
f 2630 2632 2631
f 2632 2634 2633
f 2634 2635 2633
f 2633 2635 2636
f 2635 2637 2636
f 2636 2637 2638
f 2638 2637 2639
f 2637 2640 2639
f 2639 2640 2641
f 2640 2642 2641
f 2642 2643 2641
f 2641 2643 2644
f 2644 2643 2645
f 2643 2646 2645
f 2645 2646 2647
f 2646 2648 2647
f 2647 2648 2649
f 2648 2650 2649
f 2649 2650 2651
f 2650 2652 2651
f 2651 2653 2654
f 2652 2653 2651
f 2654 2655 2656
f 2656 2655 2657
f 2653 2655 2654
f 2655 2658 2657
f 2657 2659 2660
f 2658 2659 2657
f 2660 2661 2662
f 2662 2661 2663
f 2659 2661 2660
f 2663 2664 2665
f 2661 2664 2663
f 2665 2666 2667
f 2664 2666 2665
f 2667 2668 2669
f 2666 2668 2667
f 2668 2670 2669
f 2669 2671 2672
f 2672 2671 2673
f 2670 2671 2669
f 2673 2674 2675
f 2671 2674 2673
f 2675 2676 2677
f 2674 2676 2675
f 2676 2678 2677
f 2677 2679 2680
f 2678 2679 2677
f 2680 2681 2682
f 2682 2681 2683
f 2679 2681 2680
f 2683 2684 2685
f 2681 2684 2683
f 2684 2686 2685
f 2686 2687 2685
f 2685 2687 2688
f 2688 2687 2689
f 2687 2690 2689
f 2690 2587 2689
f 2689 2587 2588
f 2691 2590 2692
f 2692 2590 2589
f 2693 2691 2694
f 2694 2691 2692
f 2695 2696 2697
f 2697 2698 2699
f 2696 2698 2697
f 2699 2700 2701
f 2698 2700 2699
f 2701 2702 2703
f 2700 2702 2701
f 2703 2704 2705
f 2702 2704 2703
f 2705 2706 2707
f 2704 2706 2705
f 2707 2708 2709
f 2706 2708 2707
f 2709 2710 2711
f 2708 2710 2709
f 2711 2712 2713
f 2710 2712 2711
f 2713 2714 2715
f 2712 2714 2713
f 2715 2716 2717
f 2714 2716 2715
f 2717 2718 2719
f 2716 2718 2717
f 2719 2720 2721
f 2718 2720 2719
f 2721 2722 2723
f 2720 2722 2721
f 2723 2724 2725
f 2722 2724 2723
f 2725 2726 2727
f 2724 2726 2725
f 2727 2728 2729
f 2726 2728 2727
f 2729 2730 2731
f 2728 2730 2729
f 2731 2732 2733
f 2730 2732 2731
f 2733 2734 2735
f 2732 2734 2733
f 2735 2736 2737
f 2734 2736 2735
f 2737 2738 2739
f 2736 2738 2737
f 2739 2740 2741
f 2738 2740 2739
f 2741 2742 2743
f 2740 2742 2741
f 2742 2744 2743
f 2743 2744 2745
f 2744 2746 2745
f 2745 2746 2747
f 2746 2748 2747
f 2747 2748 2749
f 2748 2750 2749
f 2749 2750 2751
f 2750 2752 2751
f 2752 2753 2751
f 2751 2753 2754
f 2754 2753 2755
f 2753 2756 2755
f 2756 2757 2755
f 2755 2757 2758
f 2758 2759 2760
f 2757 2759 2758
f 2760 2759 2761
f 2761 2762 2763
f 2759 2762 2761
f 2762 2764 2763
f 2763 2765 2766
f 2766 2765 2767
f 2764 2765 2763
f 2765 2768 2767
f 2767 2769 2770
f 2768 2769 2767
f 2770 2771 2772
f 2769 2771 2770
f 2772 2773 2774
f 2771 2773 2772
f 2774 2775 2776
f 2773 2775 2774
f 2776 2777 2778
f 2778 2777 2779
f 2775 2777 2776
f 2779 2780 2781
f 2777 2780 2779
f 2780 2782 2781
f 2781 2783 2784
f 2784 2783 2785
f 2782 2783 2781
f 2783 2786 2785
f 2785 2787 2788
f 2788 2787 2789
f 2786 2787 2785
f 2787 2790 2789
f 2789 2791 2792
f 2790 2791 2789
f 2791 2793 2792
f 2792 2793 2794
f 2793 2795 2794
f 2794 2795 2796
f 2796 2795 2694
f 2795 2693 2694
f 2268 2696 2270
f 2270 2696 2695
f 2797 2798 2799
f 2798 2800 2799
f 2801 2802 2803
f 2803 2804 2805
f 2802 2804 2803
f 2805 2806 2807
f 2804 2806 2805
f 2807 2808 2809
f 2806 2808 2807
f 2809 2810 2811
f 2808 2810 2809
f 2811 2812 2813
f 2810 2812 2811
f 2813 2814 2815
f 2812 2814 2813
f 2815 2816 2817
f 2814 2816 2815
f 2816 2818 2817
f 2817 2818 2819
f 2818 2820 2819
f 2819 2820 2821
f 2821 2822 2823
f 2820 2822 2821
f 2823 2824 2825
f 2822 2824 2823
f 2825 2826 2827
f 2824 2826 2825
f 2827 2828 2829
f 2826 2828 2827
f 2829 2830 2831
f 2828 2830 2829
f 2831 2832 2833
f 2830 2832 2831
f 2833 2834 2835
f 2832 2834 2833
f 2835 2836 2837
f 2834 2836 2835
f 2837 2838 2839
f 2836 2838 2837
f 2838 2840 2839
f 2839 2841 2842
f 2842 2841 2843
f 2840 2841 2839
f 2843 2844 2845
f 2841 2844 2843
f 2845 2846 2847
f 2844 2846 2845
f 2847 2848 2849
f 2846 2848 2847
f 2848 2850 2849
f 2849 2851 2852
f 2850 2851 2849
f 2852 2853 2854
f 2851 2853 2852
f 2854 2855 2856
f 2853 2855 2854
f 2856 2857 2858
f 2855 2857 2856
f 2858 2859 2860
f 2860 2859 2861
f 2857 2859 2858
f 2859 2862 2861
f 2861 2863 2864
f 2862 2863 2861
f 2864 2798 2797
f 2863 2798 2864
f 2865 2802 2866
f 2866 2802 2801
f 2867 2868 2869
f 2869 2870 2871
f 2868 2870 2869
f 2871 2872 2873
f 2870 2872 2871
f 2873 2874 2875
f 2872 2874 2873
f 2875 2876 2877
f 2874 2876 2875
f 2877 2878 2879
f 2876 2878 2877
f 2879 2880 2881
f 2878 2880 2879
f 2881 2882 2883
f 2880 2882 2881
f 2882 2884 2883
f 2883 2884 2885
f 2884 2886 2885
f 2885 2886 2887
f 2887 2888 2889
f 2886 2888 2887
f 2889 2890 2891
f 2888 2890 2889
f 2891 2892 2893
f 2890 2892 2891
f 2893 2894 2895
f 2892 2894 2893
f 2895 2896 2897
f 2894 2896 2895
f 2897 2898 2899
f 2896 2898 2897
f 2899 2900 2901
f 2898 2900 2899
f 2901 2902 2903
f 2900 2902 2901
f 2903 2904 2905
f 2902 2904 2903
f 2904 2906 2905
f 2905 2907 2908
f 2908 2907 2909
f 2906 2907 2905
f 2909 2910 2911
f 2907 2910 2909
f 2911 2912 2913
f 2910 2912 2911
f 2913 2914 2915
f 2912 2914 2913
f 2914 2916 2915
f 2915 2917 2918
f 2916 2917 2915
f 2918 2919 2920
f 2917 2919 2918
f 2920 2921 2922
f 2919 2921 2920
f 2922 2923 2924
f 2921 2923 2922
f 2924 2925 2926
f 2926 2925 2927
f 2923 2925 2924
f 2925 2928 2927
f 2927 2929 2930
f 2928 2929 2927
f 2930 2865 2866
f 2929 2865 2930
f 2931 2932 2867
f 2932 2868 2867
f 2933 2934 2935
f 2935 2936 2937
f 2934 2936 2935
f 2937 2938 2939
f 2936 2938 2937
f 2939 2940 2941
f 2938 2940 2939
f 2941 2942 2943
f 2940 2942 2941
f 2943 2944 2945
f 2942 2944 2943
f 2945 2946 2947
f 2944 2946 2945
f 2947 2948 2949
f 2946 2948 2947
f 2948 2950 2949
f 2949 2950 2951
f 2950 2952 2951
f 2951 2952 2953
f 2953 2954 2955
f 2952 2954 2953
f 2955 2956 2957
f 2954 2956 2955
f 2957 2958 2959
f 2956 2958 2957
f 2959 2960 2961
f 2958 2960 2959
f 2961 2962 2963
f 2960 2962 2961
f 2963 2964 2965
f 2962 2964 2963
f 2965 2966 2967
f 2964 2966 2965
f 2967 2968 2969
f 2966 2968 2967
f 2969 2970 2971
f 2968 2970 2969
f 2970 2972 2971
f 2971 2973 2974
f 2974 2973 2975
f 2972 2973 2971
f 2975 2976 2977
f 2973 2976 2975
f 2977 2978 2979
f 2976 2978 2977
f 2979 2980 2981
f 2978 2980 2979
f 2980 2982 2981
f 2981 2983 2984
f 2982 2983 2981
f 2984 2985 2986
f 2983 2985 2984
f 2986 2987 2988
f 2985 2987 2986
f 2988 2989 2990
f 2987 2989 2988
f 2990 2991 2992
f 2992 2991 2993
f 2989 2991 2990
f 2991 2994 2993
f 2993 2995 2996
f 2994 2995 2993
f 2996 2932 2931
f 2995 2932 2996
f 2997 2934 2998
f 2998 2934 2933
f 2799 2800 2999
f 2999 3000 3001
f 2800 3000 2999
f 3001 3002 3003
f 3000 3002 3001
f 3003 3004 3005
f 3002 3004 3003
f 3005 3006 3007
f 3004 3006 3005
f 3007 3008 3009
f 3006 3008 3007
f 3009 3010 3011
f 3008 3010 3009
f 3011 3012 3013
f 3010 3012 3011
f 3012 3014 3013
f 3013 3014 3015
f 3014 3016 3015
f 3015 3016 3017
f 3017 3018 3019
f 3016 3018 3017
f 3019 3020 3021
f 3018 3020 3019
f 3021 3022 3023
f 3020 3022 3021
f 3023 3024 3025
f 3022 3024 3023
f 3025 3026 3027
f 3024 3026 3025
f 3027 3028 3029
f 3026 3028 3027
f 3029 3030 3031
f 3028 3030 3029
f 3031 3032 3033
f 3030 3032 3031
f 3033 3034 3035
f 3032 3034 3033
f 3034 3036 3035
f 3035 3037 3038
f 3038 3037 3039
f 3036 3037 3035
f 3039 3040 3041
f 3037 3040 3039
f 3041 3042 3043
f 3040 3042 3041
f 3043 3044 3045
f 3042 3044 3043
f 3044 3046 3045
f 3045 3047 3048
f 3046 3047 3045
f 3048 3049 3050
f 3047 3049 3048
f 3050 3051 3052
f 3049 3051 3050
f 3052 3053 3054
f 3051 3053 3052
f 3054 3055 3056
f 3056 3055 3057
f 3053 3055 3054
f 3055 3058 3057
f 3057 3059 3060
f 3058 3059 3057
f 3060 2997 2998
f 3059 2997 3060
f 3061 3062 3063
f 3063 3064 3065
f 3062 3064 3063
f 3065 3066 3067
f 3064 3066 3065
f 3067 3068 3069
f 3066 3068 3067
f 3069 3070 3071
f 3068 3070 3069
f 3071 3072 3073
f 3070 3072 3071
f 3073 3074 3075
f 3072 3074 3073
f 3075 3076 3077
f 3074 3076 3075
f 3076 3078 3077
f 3077 3078 3079
f 3078 3080 3079
f 3079 3080 3081
f 3080 3082 3081
f 3081 3082 3083
f 3082 3084 3083
f 3083 3084 3085
f 3084 3086 3085
f 3085 3086 3087
f 3086 3088 3087
f 3087 3088 3089
f 3088 3090 3089
f 3089 3090 3091
f 3090 3092 3091
f 3091 3092 3093
f 3092 3094 3093
f 3093 3094 3095
f 3094 3096 3095
f 3095 3096 3097
f 3096 3098 3097
f 3097 3098 3099
f 3098 3100 3099
f 3100 3101 3099
f 3099 3101 3102
f 3102 3101 3103
f 3103 3104 3105
f 3101 3104 3103
f 3105 3106 3107
f 3104 3106 3105
f 3107 3108 3109
f 3106 3108 3107
f 3108 3110 3109
f 3109 3111 3112
f 3110 3111 3109
f 3112 3113 3114
f 3111 3113 3112
f 3114 3115 3116
f 3113 3115 3114
f 3116 3117 3118
f 3115 3117 3116
f 3118 3119 3120
f 3120 3119 3121
f 3117 3119 3118
f 3119 3122 3121
f 3121 3123 3124
f 3122 3123 3121
f 3124 3125 3126
f 3123 3125 3124
f 3127 3128 3129
f 3129 3130 3131
f 3128 3130 3129
f 3131 3132 3133
f 3130 3132 3131
f 3133 3134 3135
f 3132 3134 3133
f 3135 3136 3137
f 3134 3136 3135
f 3137 3138 3139
f 3136 3138 3137
f 3139 3140 3141
f 3138 3140 3139
f 3141 3142 3143
f 3140 3142 3141
f 3142 3144 3143
f 3143 3144 3145
f 3144 3146 3145
f 3145 3146 3147
f 3146 3148 3147
f 3147 3148 3149
f 3148 3150 3149
f 3149 3150 3151
f 3150 3152 3151
f 3151 3152 3153
f 3152 3154 3153
f 3153 3154 3155
f 3154 3156 3155
f 3155 3156 3157
f 3156 3158 3157
f 3157 3158 3159
f 3158 3160 3159
f 3159 3160 3161
f 3160 3162 3161
f 3161 3162 3163
f 3162 3164 3163
f 3163 3164 3165
f 3164 3166 3165
f 3166 3167 3165
f 3165 3167 3168
f 3168 3167 3169
f 3169 3170 3171
f 3167 3170 3169
f 3171 3172 3173
f 3170 3172 3171
f 3173 3174 3175
f 3172 3174 3173
f 3174 3176 3175
f 3175 3177 3178
f 3176 3177 3175
f 3178 3179 3180
f 3177 3179 3178
f 3180 3181 3182
f 3179 3181 3180
f 3182 3183 3184
f 3181 3183 3182
f 3184 3185 3186
f 3186 3185 3187
f 3183 3185 3184
f 3185 3188 3187
f 3187 3189 3190
f 3188 3189 3187
f 3190 3191 3192
f 3189 3191 3190
f 3191 3193 3192
f 3192 3193 3194
f 3195 3196 3197
f 3197 3198 3199
f 3196 3198 3197
f 3199 3200 3201
f 3198 3200 3199
f 3201 3202 3203
f 3200 3202 3201
f 3203 3204 3205
f 3202 3204 3203
f 3205 3206 3207
f 3204 3206 3205
f 3207 3208 3209
f 3206 3208 3207
f 3209 3210 3211
f 3208 3210 3209
f 3210 3212 3211
f 3211 3212 3213
f 3212 3214 3213
f 3213 3214 3215
f 3214 3216 3215
f 3215 3216 3217
f 3216 3218 3217
f 3217 3218 3219
f 3218 3220 3219
f 3219 3220 3221
f 3220 3222 3221
f 3221 3222 3223
f 3222 3224 3223
f 3223 3224 3225
f 3224 3226 3225
f 3225 3226 3227
f 3226 3228 3227
f 3227 3228 3229
f 3228 3230 3229
f 3229 3230 3231
f 3230 3232 3231
f 3231 3232 3233
f 3232 3234 3233
f 3234 3235 3233
f 3233 3235 3236
f 3236 3235 3237
f 3237 3238 3239
f 3235 3238 3237
f 3239 3240 3241
f 3238 3240 3239
f 3241 3242 3243
f 3240 3242 3241
f 3242 3244 3243
f 3243 3245 3246
f 3244 3245 3243
f 3246 3247 3248
f 3245 3247 3246
f 3248 3249 3250
f 3247 3249 3248
f 3250 3251 3252
f 3249 3251 3250
f 3252 3253 3254
f 3254 3253 3255
f 3251 3253 3252
f 3253 3256 3255
f 3255 3257 3258
f 3256 3257 3255
f 3258 3259 3260
f 3257 3259 3258
f 3261 3196 3262
f 3262 3196 3195
f 3259 3263 3260
f 3260 3263 3264
f 3264 3263 3265
f 3265 3266 3267
f 3263 3266 3265
f 3267 3268 3269
f 3266 3268 3267
f 3269 3270 3271
f 3268 3270 3269
f 3271 3272 3273
f 3270 3272 3271
f 3273 3274 3275
f 3272 3274 3273
f 3275 3276 3277
f 3274 3276 3275
f 3277 3278 3279
f 3276 3278 3277
f 3278 3280 3279
f 3279 3280 3281
f 3280 3282 3281
f 3281 3282 3283
f 3282 3284 3283
f 3283 3284 3285
f 3284 3286 3285
f 3285 3286 3287
f 3286 3288 3287
f 3287 3288 3289
f 3288 3290 3289
f 3289 3290 3291
f 3290 3292 3291
f 3291 3292 3293
f 3292 3294 3293
f 3293 3294 3295
f 3294 3296 3295
f 3295 3296 3297
f 3296 3298 3297
f 3297 3298 3299
f 3298 3300 3299
f 3299 3300 3301
f 3300 3302 3301
f 3302 3303 3301
f 3301 3303 3304
f 3304 3303 3305
f 3305 3306 3307
f 3303 3306 3305
f 3307 3308 3309
f 3306 3308 3307
f 3309 3310 3311
f 3308 3310 3309
f 3310 3312 3311
f 3311 3313 3314
f 3312 3313 3311
f 3314 3315 3316
f 3313 3315 3314
f 3316 3317 3318
f 3315 3317 3316
f 3318 3319 3320
f 3317 3319 3318
f 3320 3321 3322
f 3322 3321 3323
f 3319 3321 3320
f 3321 3324 3323
f 3323 3325 3326
f 3324 3325 3323
f 3326 3327 3328
f 3325 3327 3326
f 3327 3329 3328
f 3328 3329 3330
f 3125 3128 3126
f 3126 3128 3127
f 3331 3332 3333
f 3333 3334 3335
f 3332 3334 3333
f 3335 3336 3337
f 3334 3336 3335
f 3337 3338 3339
f 3336 3338 3337
f 3339 3340 3341
f 3338 3340 3339
f 3341 3342 3343
f 3340 3342 3341
f 3343 3344 3345
f 3342 3344 3343
f 3345 3346 3347
f 3344 3346 3345
f 3346 3348 3347
f 3347 3348 3349
f 3348 3350 3349
f 3349 3350 3351
f 3350 3352 3351
f 3351 3352 3353
f 3352 3354 3353
f 3353 3354 3355
f 3354 3356 3355
f 3355 3356 3357
f 3356 3358 3357
f 3357 3358 3359
f 3358 3360 3359
f 3359 3360 3361
f 3360 3362 3361
f 3361 3362 3363
f 3362 3364 3363
f 3363 3364 3365
f 3364 3366 3365
f 3365 3366 3367
f 3366 3368 3367
f 3367 3368 3369
f 3368 3370 3369
f 3370 3371 3369
f 3369 3371 3372
f 3372 3371 3373
f 3373 3374 3375
f 3371 3374 3373
f 3375 3376 3377
f 3374 3376 3375
f 3377 3378 3379
f 3376 3378 3377
f 3378 3380 3379
f 3379 3381 3382
f 3380 3381 3379
f 3382 3383 3384
f 3381 3383 3382
f 3384 3385 3386
f 3383 3385 3384
f 3386 3387 3388
f 3385 3387 3386
f 3388 3389 3390
f 3390 3389 3391
f 3387 3389 3388
f 3389 3392 3391
f 3391 3393 3394
f 3392 3393 3391
f 3394 3395 3396
f 3393 3395 3394
f 3395 3062 3396
f 3396 3062 3061
f 3194 3193 3397
f 3397 3398 3399
f 3193 3398 3397
f 3399 3400 3401
f 3398 3400 3399
f 3401 3402 3403
f 3400 3402 3401
f 3403 3404 3405
f 3402 3404 3403
f 3405 3406 3407
f 3404 3406 3405
f 3407 3408 3409
f 3406 3408 3407
f 3409 3410 3411
f 3408 3410 3409
f 3410 3412 3411
f 3411 3412 3413
f 3412 3414 3413
f 3413 3414 3415
f 3414 3416 3415
f 3415 3416 3417
f 3416 3418 3417
f 3417 3418 3419
f 3418 3420 3419
f 3419 3420 3421
f 3420 3422 3421
f 3421 3422 3423
f 3422 3424 3423
f 3423 3424 3425
f 3424 3426 3425
f 3425 3426 3427
f 3426 3428 3427
f 3427 3428 3429
f 3428 3430 3429
f 3429 3430 3431
f 3430 3432 3431
f 3431 3432 3433
f 3432 3434 3433
f 3434 3435 3433
f 3433 3435 3436
f 3436 3435 3437
f 3437 3438 3439
f 3435 3438 3437
f 3439 3440 3441
f 3438 3440 3439
f 3441 3442 3443
f 3440 3442 3441
f 3442 3444 3443
f 3443 3445 3446
f 3444 3445 3443
f 3446 3447 3448
f 3445 3447 3446
f 3448 3449 3450
f 3447 3449 3448
f 3450 3451 3452
f 3449 3451 3450
f 3452 3453 3454
f 3454 3453 3455
f 3451 3453 3452
f 3453 3456 3455
f 3455 3457 3458
f 3456 3457 3455
f 3458 3459 3460
f 3457 3459 3458
f 3330 3329 3461
f 3461 3462 3463
f 3329 3462 3461
f 3463 3464 3465
f 3462 3464 3463
f 3465 3466 3467
f 3464 3466 3465
f 3467 3468 3469
f 3466 3468 3467
f 3469 3470 3471
f 3468 3470 3469
f 3471 3472 3473
f 3470 3472 3471
f 3473 3474 3475
f 3472 3474 3473
f 3474 3476 3475
f 3475 3476 3477
f 3476 3478 3477
f 3477 3478 3479
f 3478 3480 3479
f 3479 3480 3481
f 3480 3482 3481
f 3481 3482 3483
f 3482 3484 3483
f 3483 3484 3485
f 3484 3486 3485
f 3485 3486 3487
f 3486 3488 3487
f 3487 3488 3489
f 3488 3490 3489
f 3489 3490 3491
f 3490 3492 3491
f 3491 3492 3493
f 3492 3494 3493
f 3493 3494 3495
f 3494 3496 3495
f 3495 3496 3497
f 3496 3498 3497
f 3498 3499 3497
f 3497 3499 3500
f 3500 3499 3501
f 3501 3502 3503
f 3499 3502 3501
f 3503 3504 3505
f 3502 3504 3503
f 3505 3506 3507
f 3504 3506 3505
f 3506 3508 3507
f 3507 3509 3510
f 3508 3509 3507
f 3510 3511 3512
f 3509 3511 3510
f 3512 3513 3514
f 3511 3513 3512
f 3514 3515 3516
f 3513 3515 3514
f 3516 3517 3518
f 3518 3517 3519
f 3515 3517 3516
f 3517 3520 3519
f 3519 3521 3522
f 3520 3521 3519
f 3522 3523 3524
f 3521 3523 3522
f 3523 3525 3524
f 3524 3525 3526
f 3459 3332 3460
f 3460 3332 3331
f 3526 3525 3527
f 3527 3528 3529
f 3525 3528 3527
f 3529 3530 3531
f 3528 3530 3529
f 3531 3532 3533
f 3530 3532 3531
f 3533 3534 3535
f 3532 3534 3533
f 3535 3536 3537
f 3534 3536 3535
f 3537 3538 3539
f 3536 3538 3537
f 3539 3540 3541
f 3538 3540 3539
f 3540 3542 3541
f 3541 3542 3543
f 3542 3544 3543
f 3543 3544 3545
f 3544 3546 3545
f 3545 3546 3547
f 3546 3548 3547
f 3547 3548 3549
f 3548 3550 3549
f 3549 3550 3551
f 3550 3552 3551
f 3551 3552 3553
f 3552 3554 3553
f 3553 3554 3555
f 3554 3556 3555
f 3555 3556 3557
f 3556 3558 3557
f 3557 3558 3559
f 3558 3560 3559
f 3559 3560 3561
f 3560 3562 3561
f 3561 3562 3563
f 3562 3564 3563
f 3564 3565 3563
f 3563 3565 3566
f 3566 3565 3567
f 3567 3568 3569
f 3565 3568 3567
f 3569 3570 3571
f 3568 3570 3569
f 3571 3572 3573
f 3570 3572 3571
f 3572 3574 3573
f 3573 3575 3576
f 3574 3575 3573
f 3576 3577 3578
f 3575 3577 3576
f 3578 3579 3580
f 3577 3579 3578
f 3580 3581 3582
f 3579 3581 3580
f 3582 3583 3584
f 3584 3583 3585
f 3581 3583 3582
f 3583 3586 3585
f 3585 3587 3588
f 3586 3587 3585
f 3588 3261 3262
f 3587 3261 3588
f 3589 3590 3591
f 3591 3590 3592
f 3593 3594 3595
f 3595 3594 3596
f 3596 3597 3598
f 3594 3597 3596
f 3598 3599 3600
f 3597 3599 3598
f 3600 3601 3602
f 3599 3601 3600
f 3602 3603 3604
f 3601 3603 3602
f 3604 3605 3606
f 3603 3605 3604
f 3606 3607 3608
f 3605 3607 3606
f 3608 3609 3610
f 3607 3609 3608
f 3609 3611 3610
f 3610 3611 3612
f 3611 3613 3612
f 3612 3613 3614
f 3613 3615 3614
f 3614 3615 3616
f 3616 3617 3618
f 3615 3617 3616
f 3618 3619 3620
f 3617 3619 3618
f 3620 3621 3622
f 3619 3621 3620
f 3622 3623 3624
f 3621 3623 3622
f 3624 3625 3626
f 3623 3625 3624
f 3626 3627 3628
f 3625 3627 3626
f 3628 3629 3630
f 3627 3629 3628
f 3630 3631 3632
f 3629 3631 3630
f 3632 3633 3634
f 3631 3633 3632
f 3634 3635 3636
f 3633 3635 3634
f 3636 3637 3638
f 3635 3637 3636
f 3638 3639 3640
f 3637 3639 3638
f 3640 3641 3642
f 3639 3641 3640
f 3642 3643 3644
f 3641 3643 3642
f 3644 3645 3646
f 3643 3645 3644
f 3646 3647 3648
f 3645 3647 3646
f 3648 3649 3650
f 3647 3649 3648
f 3650 3589 3591
f 3649 3589 3650
f 3651 3595 3652
f 3651 3593 3595
f 3653 3652 3654
f 3653 3651 3652
f 3655 3654 3656
f 3655 3653 3654
f 3657 3656 3658
f 3657 3655 3656
f 3659 3658 3660
f 3659 3657 3658
f 3661 3660 3662
f 3661 3659 3660
f 3663 3662 3664
f 3663 3661 3662
f 3665 3664 3666
f 3665 3663 3664
f 3667 3666 3668
f 3667 3665 3666
f 3669 3668 3670
f 3669 3667 3668
f 3671 3670 3672
f 3671 3669 3670
f 3673 3672 3674
f 3673 3671 3672
f 3675 3674 3676
f 3675 3673 3674
f 3677 3676 3678
f 3677 3675 3676
f 3679 3678 3680
f 3679 3677 3678
f 3681 3679 3680
f 3681 3680 3682
f 3683 3681 3682
f 3683 3682 3684
f 3685 3683 3684
f 3685 3684 3686
f 3687 3686 3688
f 3687 3685 3686
f 3689 3687 3688
f 3689 3688 3690
f 3691 3689 3690
f 3691 3690 3692
f 3693 3691 3692
f 3693 3692 3694
f 3695 3693 3694
f 3695 3694 3696
f 3697 3695 3696
f 3697 3696 3698
f 3699 3697 3698
f 3699 3698 3700
f 3701 3699 3700
f 3701 3700 3702
f 3703 3701 3702
f 3703 3702 3704
f 3705 3703 3704
f 3705 3704 3706
f 3707 3705 3706
f 3707 3706 3708
f 3709 3707 3708
f 3709 3708 3710
f 3711 3709 3710
f 3711 3710 3712
f 3713 3711 3712
f 3713 3712 3714
f 3715 3713 3714
f 3715 3714 3716
f 3717 3715 3716
f 3717 3716 3718
f 3719 3717 3718
f 3719 3718 3720
f 3721 3719 3720
f 3721 3720 3722
f 3723 3721 3722
f 3723 3722 3724
f 3725 3723 3724
f 3725 3724 3726
f 3727 3728 3729
f 3727 3726 3728
f 3727 3725 3726
f 3730 3727 3729
f 3731 3729 3732
f 3731 3730 3729
f 3733 3732 3734
f 3733 3731 3732
f 3735 3736 3737
f 3735 3734 3736
f 3735 3733 3734
f 3738 3735 3737
f 3739 3738 3737
f 3739 3740 3741
f 3739 3737 3740
f 3742 3739 3741
f 3743 3741 3744
f 3743 3742 3741
f 3745 3743 3744
f 3745 3746 3747
f 3745 3744 3746
f 3748 3745 3747
f 3749 3748 3747
f 3749 3750 3751
f 3749 3747 3750
f 3752 3749 3751
f 3753 3752 3751
f 3753 3754 3755
f 3753 3751 3754
f 3756 3753 3755
f 3757 3756 3755
f 3757 3755 3758
f 3759 3757 3758
f 3759 3758 3760
f 3761 3759 3760
f 3761 3760 3762
f 3763 3761 3762
f 3763 3762 3764
f 3765 3766 3767
f 3767 3768 3769
f 3766 3768 3767
f 3769 3770 3771
f 3768 3770 3769
f 3771 3772 3773
f 3770 3772 3771
f 3773 3774 3775
f 3772 3774 3773
f 3775 3776 3777
f 3774 3776 3775
f 3777 3778 3779
f 3776 3778 3777
f 3779 3780 3781
f 3778 3780 3779
f 3781 3782 3783
f 3780 3782 3781
f 3782 3784 3783
f 3783 3784 3785
f 3784 3786 3785
f 3785 3786 3787
f 3786 3788 3787
f 3787 3788 3789
f 3789 3790 3791
f 3788 3790 3789
f 3791 3792 3793
f 3790 3792 3791
f 3793 3794 3795
f 3792 3794 3793
f 3794 3796 3795
f 3795 3796 3797
f 3797 3798 3799
f 3796 3798 3797
f 3799 3800 3801
f 3798 3800 3799
f 3801 3802 3803
f 3800 3802 3801
f 3803 3804 3805
f 3802 3804 3803
f 3804 3806 3805
f 3805 3807 3808
f 3806 3807 3805
f 3808 3809 3810
f 3807 3809 3808
f 3810 3811 3812
f 3809 3811 3810
f 3812 3813 3814
f 3811 3813 3812
f 3814 3815 3816
f 3813 3815 3814
f 3816 3817 3818
f 3815 3817 3816
f 3818 3819 3820
f 3817 3819 3818
f 3820 3821 3822
f 3822 3821 3764
f 3819 3821 3820
f 3821 3763 3764
f 3823 3766 3824
f 3824 3766 3765
f 3825 3826 3827
f 3827 3828 3829
f 3826 3828 3827
f 3829 3830 3831
f 3828 3830 3829
f 3831 3832 3833
f 3830 3832 3831
f 3833 3834 3835
f 3832 3834 3833
f 3835 3836 3837
f 3834 3836 3835
f 3837 3838 3839
f 3836 3838 3837
f 3839 3840 3841
f 3838 3840 3839
f 3840 3842 3841
f 3841 3842 3843
f 3842 3844 3843
f 3843 3844 3845
f 3845 3846 3847
f 3844 3846 3845
f 3847 3848 3849
f 3846 3848 3847
f 3849 3850 3851
f 3848 3850 3849
f 3851 3852 3853
f 3850 3852 3851
f 3853 3854 3855
f 3852 3854 3853
f 3855 3856 3857
f 3854 3856 3855
f 3857 3858 3859
f 3856 3858 3857
f 3859 3860 3861
f 3858 3860 3859
f 3861 3862 3863
f 3860 3862 3861
f 3862 3864 3863
f 3863 3865 3866
f 3866 3865 3867
f 3864 3865 3863
f 3867 3868 3869
f 3865 3868 3867
f 3869 3870 3871
f 3868 3870 3869
f 3871 3872 3873
f 3870 3872 3871
f 3872 3874 3873
f 3873 3875 3876
f 3874 3875 3873
f 3876 3877 3878
f 3875 3877 3876
f 3878 3879 3880
f 3877 3879 3878
f 3880 3881 3882
f 3879 3881 3880
f 3882 3883 3884
f 3884 3883 3885
f 3881 3883 3882
f 3883 3886 3885
f 3885 3887 3888
f 3886 3887 3885
f 3888 3823 3824
f 3887 3823 3888
f 3889 3826 3890
f 3890 3826 3825
f 3891 3892 3893
f 3893 3894 3895
f 3892 3894 3893
f 3895 3896 3897
f 3894 3896 3895
f 3897 3898 3899
f 3896 3898 3897
f 3899 3900 3901
f 3898 3900 3899
f 3901 3902 3903
f 3900 3902 3901
f 3903 3904 3905
f 3902 3904 3903
f 3905 3906 3907
f 3904 3906 3905
f 3906 3908 3907
f 3907 3908 3909
f 3908 3910 3909
f 3909 3910 3911
f 3911 3912 3913
f 3910 3912 3911
f 3913 3914 3915
f 3912 3914 3913
f 3915 3916 3917
f 3914 3916 3915
f 3917 3918 3919
f 3916 3918 3917
f 3919 3920 3921
f 3918 3920 3919
f 3921 3922 3923
f 3920 3922 3921
f 3923 3924 3925
f 3922 3924 3923
f 3925 3926 3927
f 3924 3926 3925
f 3927 3928 3929
f 3926 3928 3927
f 3928 3930 3929
f 3929 3931 3932
f 3932 3931 3933
f 3930 3931 3929
f 3933 3934 3935
f 3931 3934 3933
f 3935 3936 3937
f 3934 3936 3935
f 3937 3938 3939
f 3936 3938 3937
f 3938 3940 3939
f 3939 3941 3942
f 3940 3941 3939
f 3942 3943 3944
f 3941 3943 3942
f 3944 3945 3946
f 3943 3945 3944
f 3946 3947 3948
f 3945 3947 3946
f 3948 3949 3950
f 3950 3949 3951
f 3947 3949 3948
f 3949 3952 3951
f 3951 3953 3954
f 3952 3953 3951
f 3954 3889 3890
f 3953 3889 3954
f 3955 3892 3956
f 3956 3892 3891
f 3957 3958 3959
f 3959 3960 3961
f 3958 3960 3959
f 3961 3962 3963
f 3960 3962 3961
f 3963 3964 3965
f 3962 3964 3963
f 3965 3966 3967
f 3964 3966 3965
f 3967 3968 3969
f 3966 3968 3967
f 3969 3970 3971
f 3968 3970 3969
f 3971 3972 3973
f 3970 3972 3971
f 3972 3974 3973
f 3973 3974 3975
f 3974 3976 3975
f 3975 3976 3977
f 3977 3978 3979
f 3976 3978 3977
f 3979 3980 3981
f 3978 3980 3979
f 3981 3982 3983
f 3980 3982 3981
f 3983 3984 3985
f 3982 3984 3983
f 3985 3986 3987
f 3984 3986 3985
f 3987 3988 3989
f 3986 3988 3987
f 3989 3990 3991
f 3988 3990 3989
f 3991 3992 3993
f 3990 3992 3991
f 3993 3994 3995
f 3992 3994 3993
f 3994 3996 3995
f 3995 3997 3998
f 3998 3997 3999
f 3996 3997 3995
f 3999 4000 4001
f 3997 4000 3999
f 4001 4002 4003
f 4000 4002 4001
f 4003 4004 4005
f 4002 4004 4003
f 4004 4006 4005
f 4005 4007 4008
f 4006 4007 4005
f 4008 4009 4010
f 4007 4009 4008
f 4010 4011 4012
f 4009 4011 4010
f 4012 4013 4014
f 4011 4013 4012
f 4014 4015 4016
f 4016 4015 4017
f 4013 4015 4014
f 4015 4018 4017
f 4017 4019 4020
f 4018 4019 4017
f 4020 3955 3956
f 4019 3955 4020
f 4021 3958 4022
f 4022 3958 3957
f 3592 3590 4023
f 4023 4024 4025
f 3590 4024 4023
f 4025 4026 4027
f 4024 4026 4025
f 4027 4028 4029
f 4026 4028 4027
f 4029 4030 4031
f 4028 4030 4029
f 4031 4032 4033
f 4030 4032 4031
f 4033 4034 4035
f 4032 4034 4033
f 4035 4036 4037
f 4034 4036 4035
f 4036 4038 4037
f 4037 4038 4039
f 4038 4040 4039
f 4039 4040 4041
f 4041 4042 4043
f 4040 4042 4041
f 4043 4044 4045
f 4042 4044 4043
f 4045 4046 4047
f 4044 4046 4045
f 4047 4048 4049
f 4046 4048 4047
f 4049 4050 4051
f 4048 4050 4049
f 4051 4052 4053
f 4050 4052 4051
f 4053 4054 4055
f 4052 4054 4053
f 4055 4056 4057
f 4054 4056 4055
f 4057 4058 4059
f 4056 4058 4057
f 4058 4060 4059
f 4059 4061 4062
f 4062 4061 4063
f 4060 4061 4059
f 4063 4064 4065
f 4061 4064 4063
f 4065 4066 4067
f 4064 4066 4065
f 4067 4068 4069
f 4066 4068 4067
f 4068 4070 4069
f 4069 4071 4072
f 4070 4071 4069
f 4072 4073 4074
f 4071 4073 4072
f 4074 4075 4076
f 4073 4075 4074
f 4076 4077 4078
f 4075 4077 4076
f 4078 4079 4080
f 4080 4079 4081
f 4077 4079 4078
f 4079 4082 4081
f 4081 4083 4084
f 4082 4083 4081
f 4084 4021 4022
f 4083 4021 4084
f 4085 4086 4087
f 4085 4087 4088
f 4089 4088 4090
f 4089 4090 4091
f 4092 4093 4094
f 4095 4086 4085
f 4095 4096 4086
f 4097 4085 4088
f 4097 4088 4089
f 4098 4091 4099
f 4098 4099 4100
f 4098 4089 4091
f 4101 4093 4092
f 4101 4102 4103
f 4101 4103 4093
f 4104 4096 4095
f 4104 4092 4094
f 4104 4094 4096
f 4105 4085 4097
f 4105 4095 4085
f 4106 4107 4108
f 4109 4089 4098
f 4109 4097 4089
f 4110 4102 4101
f 4110 4108 4111
f 4110 4111 4102
f 4112 4092 4104
f 4112 4101 4092
f 4113 4095 4105
f 4113 4104 4095
f 4114 4115 4116
f 4117 4105 4097
f 4117 4097 4109
f 4118 4106 4108
f 4118 4108 4110
f 4119 4098 4100
f 4119 4109 4098
f 4120 4110 4101
f 4120 4101 4112
f 4121 4112 4104
f 4121 4104 4113
f 4122 4123 4124
f 4122 4124 4115
f 4125 4105 4117
f 4125 4113 4105
f 4126 4107 4106
f 4126 4106 4118
f 4126 4116 4107
f 4126 4114 4116
f 4127 4109 4119
f 4127 4117 4109
f 4128 4110 4120
f 4128 4118 4110
f 4129 4100 4130
f 4129 4130 4131
f 4129 4119 4100
f 4132 4112 4121
f 4132 4120 4112
f 4133 4134 4123
f 4135 4121 4113
f 4135 4113 4125
f 4136 4122 4115
f 4136 4115 4114
f 4136 4114 4126
f 4137 4117 4127
f 4137 4125 4117
f 4138 4126 4118
f 4138 4118 4128
f 4139 4119 4129
f 4139 4127 4119
f 4140 4120 4132
f 4140 4128 4120
f 4141 4142 4143
f 4141 4143 4134
f 4144 4132 4121
f 4144 4121 4135
f 4145 4122 4136
f 4145 4123 4122
f 4145 4133 4123
f 4146 4135 4125
f 4146 4125 4137
f 4147 4126 4138
f 4147 4136 4126
f 4148 4137 4127
f 4148 4127 4139
f 4149 4138 4128
f 4149 4128 4140
f 4150 4151 4142
f 4152 4131 4153
f 4152 4129 4131
f 4152 4139 4129
f 4154 4140 4132
f 4154 4132 4144
f 4155 4141 4134
f 4155 4133 4145
f 4155 4134 4133
f 4156 4135 4146
f 4156 4144 4135
f 4157 4136 4147
f 4157 4145 4136
f 4158 4146 4137
f 4158 4137 4148
f 4159 4138 4149
f 4159 4147 4138
f 4160 4161 4162
f 4160 4162 4151
f 4163 4148 4139
f 4163 4139 4152
f 4164 4149 4140
f 4164 4140 4154
f 4165 4150 4142
f 4165 4141 4155
f 4165 4142 4141
f 4166 4144 4156
f 4166 4154 4144
f 4167 4145 4157
f 4167 4155 4145
f 4168 4156 4146
f 4168 4146 4158
f 4169 4147 4159
f 4169 4157 4147
f 4170 4158 4148
f 4170 4148 4163
f 4171 4159 4149
f 4171 4149 4164
f 4172 4151 4150
f 4172 4160 4151
f 4172 4150 4165
f 4173 4153 4174
f 4173 4163 4152
f 4173 4152 4153
f 4175 4164 4154
f 4175 4154 4166
f 4176 4155 4167
f 4176 4165 4155
f 4177 4156 4168
f 4177 4166 4156
f 4178 4167 4157
f 4178 4157 4169
f 4179 4168 4158
f 4179 4158 4170
f 4180 4169 4159
f 4180 4159 4171
f 4181 4161 4160
f 4181 4160 4172
f 4181 4182 4161
f 4183 4170 4163
f 4183 4163 4173
f 4184 4171 4164
f 4184 4164 4175
f 4185 4172 4165
f 4185 4165 4176
f 4186 4174 4187
f 4186 4173 4174
f 4188 4175 4166
f 4188 4166 4177
f 4189 4176 4167
f 4189 4167 4178
f 4190 4177 4168
f 4190 4168 4179
f 4191 4178 4169
f 4191 4169 4180
f 4192 4193 4182
f 4192 4182 4181
f 4194 4179 4170
f 4194 4170 4183
f 4195 4180 4171
f 4195 4171 4184
f 4196 4172 4185
f 4196 4181 4172
f 4197 4173 4186
f 4197 4183 4173
f 4198 4175 4188
f 4198 4184 4175
f 4199 4176 4189
f 4199 4185 4176
f 4200 4188 4177
f 4200 4177 4190
f 4201 4178 4191
f 4201 4189 4178
f 4202 4193 4192
f 4202 4203 4204
f 4202 4204 4193
f 4205 4190 4179
f 4205 4179 4194
f 4206 4180 4195
f 4206 4191 4180
f 4207 4192 4181
f 4207 4181 4196
f 4208 4183 4197
f 4208 4194 4183
f 4209 4184 4198
f 4209 4195 4184
f 4210 4185 4199
f 4210 4196 4185
f 4211 4187 4212
f 4211 4212 4213
f 4211 4186 4187
f 4211 4197 4186
f 4214 4188 4200
f 4214 4198 4188
f 4215 4189 4201
f 4215 4199 4189
f 4216 4203 4202
f 4216 4217 4218
f 4216 4218 4203
f 4219 4190 4205
f 4219 4200 4190
f 4220 4201 4191
f 4220 4191 4206
f 4221 4202 4192
f 4221 4192 4207
f 4222 4205 4194
f 4222 4194 4208
f 4223 4206 4195
f 4223 4195 4209
f 4224 4196 4210
f 4224 4207 4196
f 4225 4208 4197
f 4225 4197 4211
f 4226 4209 4198
f 4226 4198 4214
f 4227 4199 4215
f 4227 4210 4199
f 4228 4229 4217
f 4228 4217 4216
f 4230 4214 4200
f 4230 4200 4219
f 4231 4215 4201
f 4231 4201 4220
f 4232 4216 4202
f 4232 4202 4221
f 4233 4219 4205
f 4233 4205 4222
f 4234 4206 4223
f 4234 4220 4206
f 4235 4207 4224
f 4235 4221 4207
f 4236 4222 4208
f 4236 4208 4225
f 4237 4223 4209
f 4237 4209 4226
f 4238 4224 4210
f 4238 4210 4227
f 4239 4229 4228
f 4239 4240 4241
f 4239 4241 4229
f 4242 4211 4213
f 4242 4213 4243
f 4242 4243 4244
f 4242 4225 4211
f 4245 4214 4230
f 4245 4226 4214
f 4246 4227 4215
f 4246 4215 4231
f 4247 4228 4216
f 4247 4216 4232
f 4248 4230 4219
f 4248 4219 4233
f 4249 4220 4234
f 4249 4231 4220
f 4250 4221 4235
f 4250 4232 4221
f 4251 4233 4222
f 4251 4222 4236
f 4252 4223 4237
f 4252 4234 4223
f 4253 4224 4238
f 4253 4235 4224
f 4254 4255 4256
f 4254 4256 4257
f 4254 4257 4240
f 4254 4240 4239
f 4258 4236 4225
f 4258 4225 4242
f 4259 4226 4245
f 4259 4237 4226
f 4260 4227 4246
f 4260 4238 4227
f 4261 4239 4228
f 4261 4228 4247
f 4262 4230 4248
f 4262 4245 4230
f 4263 4231 4249
f 4263 4246 4231
f 4264 4247 4232
f 4264 4232 4250
f 4265 4233 4251
f 4265 4248 4233
f 4266 4249 4234
f 4266 4234 4252
f 4267 4250 4235
f 4267 4235 4253
f 4268 4251 4236
f 4268 4236 4258
f 4269 4252 4237
f 4269 4237 4259
f 4270 4253 4238
f 4270 4238 4260
f 4271 4254 4239
f 4271 4255 4254
f 4271 4272 4255
f 4271 4239 4261
f 4273 4244 4274
f 4273 4242 4244
f 4273 4258 4242
f 4275 4259 4245
f 4275 4245 4262
f 4276 4246 4263
f 4276 4260 4246
f 4277 4247 4264
f 4277 4261 4247
f 4278 4262 4248
f 4278 4248 4265
f 4279 4263 4249
f 4279 4249 4266
f 4280 4264 4250
f 4280 4250 4267
f 4281 4265 4251
f 4281 4251 4268
f 4282 4266 4252
f 4282 4252 4269
f 4283 4267 4253
f 4283 4253 4270
f 4284 4258 4273
f 4284 4268 4258
f 4285 4269 4259
f 4285 4259 4275
f 4286 4270 4260
f 4286 4260 4276
f 4287 4271 4261
f 4287 4261 4277
f 4288 4275 4262
f 4288 4262 4278
f 4289 4276 4263
f 4289 4263 4279
f 4290 4264 4280
f 4290 4277 4264
f 4291 4278 4265
f 4291 4265 4281
f 4292 4279 4266
f 4292 4266 4282
f 4293 4267 4283
f 4293 4280 4267
f 4294 4268 4284
f 4294 4281 4268
f 4295 4269 4285
f 4295 4282 4269
f 4296 4283 4270
f 4296 4270 4286
f 4297 4272 4271
f 4297 4271 4287
f 4297 4298 4272
f 4299 4274 4300
f 4299 4300 4301
f 4299 4284 4273
f 4299 4273 4274
f 4302 4275 4288
f 4302 4285 4275
f 4303 4286 4276
f 4303 4276 4289
f 4304 4287 4277
f 4304 4277 4290
f 4305 4288 4278
f 4305 4278 4291
f 4306 4279 4292
f 4306 4289 4279
f 4307 4280 4293
f 4307 4290 4280
f 4308 4291 4281
f 4308 4281 4294
f 4309 4282 4295
f 4309 4292 4282
f 4310 4283 4296
f 4310 4293 4283
f 4311 4294 4284
f 4311 4284 4299
f 4312 4285 4302
f 4312 4295 4285
f 4313 4286 4303
f 4313 4296 4286
f 4314 4287 4304
f 4314 4315 4298
f 4314 4297 4287
f 4314 4298 4297
f 4316 4302 4288
f 4316 4288 4305
f 4317 4303 4289
f 4317 4289 4306
f 4318 4304 4290
f 4318 4290 4307
f 4319 4305 4291
f 4319 4291 4308
f 4320 4306 4292
f 4320 4292 4309
f 4321 4293 4310
f 4321 4307 4293
f 4322 4294 4311
f 4322 4308 4294
f 4323 4295 4312
f 4323 4309 4295
f 4324 4310 4296
f 4324 4296 4313
f 4325 4299 4301
f 4325 4311 4299
f 4326 4312 4302
f 4326 4302 4316
f 4327 4313 4303
f 4327 4303 4317
f 4328 4315 4314
f 4328 4314 4304
f 4328 4329 4315
f 4328 4304 4318
f 4330 4316 4305
f 4330 4305 4319
f 4331 4317 4306
f 4331 4306 4320
f 4332 4307 4321
f 4332 4318 4307
f 4333 4319 4308
f 4333 4308 4322
f 4334 4320 4309
f 4334 4309 4323
f 4335 4310 4324
f 4335 4321 4310
f 4336 4322 4311
f 4336 4311 4325
f 4337 4323 4312
f 4337 4312 4326
f 4338 4313 4327
f 4338 4324 4313
f 4339 4301 4340
f 4339 4340 4341
f 4339 4325 4301
f 4342 4316 4330
f 4342 4326 4316
f 4343 4327 4317
f 4343 4317 4331
f 4344 4318 4332
f 4344 4328 4318
f 4344 4329 4328
f 4344 4345 4329
f 4346 4330 4319
f 4346 4319 4333
f 4347 4331 4320
f 4347 4320 4334
f 4348 4332 4321
f 4348 4321 4335
f 4349 4322 4336
f 4349 4333 4322
f 4350 4323 4337
f 4350 4334 4323
f 4351 4335 4324
f 4351 4324 4338
f 4352 4339 4341
f 4352 4336 4325
f 4352 4325 4339
f 4353 4337 4326
f 4353 4326 4342
f 4354 4338 4327
f 4354 4327 4343
f 4355 4342 4330
f 4355 4330 4346
f 4356 4331 4347
f 4356 4343 4331
f 4357 4332 4348
f 4357 4344 4332
f 4358 4333 4349
f 4358 4346 4333
f 4359 4347 4334
f 4359 4334 4350
f 4360 4348 4335
f 4360 4335 4351
f 4361 4336 4352
f 4361 4349 4336
f 4362 4337 4353
f 4362 4350 4337
f 4363 4351 4338
f 4363 4338 4354
f 4364 4341 4365
f 4364 4352 4341
f 4366 4342 4355
f 4366 4353 4342
f 4367 4354 4343
f 4367 4343 4356
f 4368 4344 4357
f 4368 4369 4345
f 4368 4345 4344
f 4370 4355 4346
f 4370 4346 4358
f 4371 4356 4347
f 4371 4347 4359
f 4372 4357 4348
f 4372 4348 4360
f 4373 4349 4361
f 4373 4358 4349
f 4374 4350 4362
f 4374 4359 4350
f 4375 4351 4363
f 4375 4360 4351
f 4376 4364 4365
f 4376 4352 4364
f 4376 4361 4352
f 4377 4353 4366
f 4377 4362 4353
f 4378 4354 4367
f 4378 4363 4354
f 4379 4366 4355
f 4379 4355 4370
f 4380 4367 4356
f 4380 4356 4371
f 4381 4357 4372
f 4381 4368 4357
f 4381 4382 4383
f 4381 4383 4369
f 4381 4369 4368
f 4384 4370 4358
f 4384 4358 4373
f 4385 4359 4374
f 4385 4371 4359
f 4386 4372 4360
f 4386 4360 4375
f 4387 4373 4361
f 4387 4361 4376
f 4388 4374 4362
f 4388 4362 4377
f 4389 4375 4363
f 4389 4363 4378
f 4390 4365 4391
f 4390 4391 4392
f 4390 4376 4365
f 4393 4377 4366
f 4393 4366 4379
f 4394 4378 4367
f 4394 4367 4380
f 4395 4379 4370
f 4395 4370 4384
f 4396 4380 4371
f 4396 4371 4385
f 4397 4381 4372
f 4397 4398 4382
f 4397 4372 4386
f 4397 4382 4381
f 4399 4384 4373
f 4399 4373 4387
f 4400 4374 4388
f 4400 4385 4374
f 4401 4375 4389
f 4401 4386 4375
f 4402 4387 4376
f 4402 4390 4392
f 4402 4376 4390
f 4402 4392 4403
f 4404 4388 4377
f 4404 4377 4393
f 4405 4389 4378
f 4405 4378 4394
f 4406 4393 4379
f 4406 4379 4395
f 4407 4394 4380
f 4407 4380 4396
f 4408 4395 4384
f 4408 4384 4399
f 4409 4396 4385
f 4409 4385 4400
f 4410 4397 4386
f 4410 4386 4401
f 4410 4398 4397
f 4410 4411 4398
f 4412 4399 4387
f 4412 4387 4402
f 4413 4400 4388
f 4413 4388 4404
f 4414 4389 4405
f 4414 4401 4389
f 4415 4393 4406
f 4415 4404 4393
f 4416 4405 4394
f 4416 4394 4407
f 4417 4406 4395
f 4417 4395 4408
f 4418 4396 4409
f 4418 4407 4396
f 4419 4399 4412
f 4419 4408 4399
f 4420 4400 4413
f 4420 4409 4400
f 4421 4410 4401
f 4421 4422 4411
f 4421 4401 4414
f 4421 4411 4410
f 4423 4402 4403
f 4423 4412 4402
f 4424 4413 4404
f 4424 4404 4415
f 4425 4414 4405
f 4425 4405 4416
f 4426 4415 4406
f 4426 4406 4417
f 4427 4416 4407
f 4427 4407 4418
f 4428 4417 4408
f 4428 4408 4419
f 4429 4409 4420
f 4429 4418 4409
f 4430 4419 4412
f 4430 4412 4423
f 4431 4413 4424
f 4431 4420 4413
f 4432 4414 4425
f 4432 4433 4422
f 4432 4422 4421
f 4432 4421 4414
f 4434 4403 4435
f 4434 4435 4436
f 4434 4423 4403
f 4437 4424 4415
f 4437 4415 4426
f 4438 4416 4427
f 4438 4425 4416
f 4439 4426 4417
f 4439 4417 4428
f 4440 4427 4418
f 4440 4418 4429
f 4441 4428 4419
f 4441 4419 4430
f 4442 4420 4431
f 4442 4429 4420
f 4443 4434 4436
f 4443 4436 4444
f 4443 4423 4434
f 4443 4430 4423
f 4445 4431 4424
f 4445 4424 4437
f 4446 4433 4432
f 4446 4425 4438
f 4446 4447 4433
f 4446 4432 4425
f 4448 4437 4426
f 4448 4426 4439
f 4449 4427 4440
f 4449 4438 4427
f 4450 4439 4428
f 4450 4428 4441
f 4451 4429 4442
f 4451 4440 4429
f 4452 4441 4430
f 4452 4430 4443
f 4453 4442 4431
f 4453 4431 4445
f 4454 4445 4437
f 4454 4437 4448
f 4455 4456 4457
f 4455 4457 4447
f 4455 4447 4446
f 4455 4438 4449
f 4455 4446 4438
f 4458 4448 4439
f 4458 4439 4450
f 4459 4449 4440
f 4459 4440 4451
f 4460 4441 4452
f 4460 4450 4441
f 4461 4451 4442
f 4461 4442 4453
f 4462 4444 4463
f 4462 4443 4444
f 4462 4452 4443
f 4464 4445 4454
f 4464 4453 4445
f 4465 4448 4458
f 4465 4454 4448
f 4466 4467 4456
f 4466 4456 4455
f 4466 4449 4459
f 4466 4455 4449
f 4468 4458 4450
f 4468 4450 4460
f 4469 4451 4461
f 4469 4459 4451
f 4470 4460 4452
f 4470 4452 4462
f 4471 4461 4453
f 4471 4453 4464
f 4472 4464 4454
f 4472 4454 4465
f 4473 4458 4468
f 4473 4465 4458
f 4474 4466 4459
f 4474 4475 4467
f 4474 4467 4466
f 4474 4459 4469
f 4476 4460 4470
f 4476 4468 4460
f 4477 4461 4471
f 4477 4469 4461
f 4478 4470 4462
f 4478 4463 4479
f 4478 4479 4480
f 4478 4462 4463
f 4481 4471 4464
f 4481 4464 4472
f 4482 4465 4473
f 4482 4472 4465
f 4483 4468 4476
f 4483 4473 4468
f 4484 4475 4474
f 4484 4469 4477
f 4484 4485 4475
f 4484 4474 4469
f 4486 4470 4478
f 4486 4476 4470
f 4487 4471 4481
f 4487 4477 4471
f 4488 4472 4482
f 4488 4481 4472
f 4489 4482 4473
f 4489 4473 4483
f 4490 4483 4476
f 4490 4476 4486
f 4491 4484 4477
f 4491 4477 4487
f 4491 4485 4484
f 4491 4492 4485
f 4493 4480 4494
f 4493 4494 4495
f 4493 4478 4480
f 4493 4486 4478
f 4496 4481 4488
f 4496 4487 4481
f 4497 4488 4482
f 4497 4482 4489
f 4498 4483 4490
f 4498 4489 4483
f 4499 4490 4486
f 4499 4486 4493
f 4500 4491 4487
f 4500 4501 4492
f 4500 4492 4491
f 4500 4487 4496
f 4502 4496 4488
f 4502 4488 4497
f 4503 4497 4489
f 4503 4489 4498
f 4504 4498 4490
f 4504 4490 4499
f 4505 4495 4506
f 4505 4499 4493
f 4505 4493 4495
f 4507 4508 4509
f 4507 4509 4501
f 4507 4501 4500
f 4507 4500 4496
f 4507 4496 4502
f 4510 4511 4512
f 4510 4497 4503
f 4510 4502 4497
f 4513 4503 4498
f 4513 4498 4504
f 4514 4504 4499
f 4514 4499 4505
f 4515 4508 4507
f 4515 4510 4512
f 4515 4512 4508
f 4515 4507 4502
f 4515 4502 4510
f 4516 4517 4511
f 4516 4511 4510
f 4516 4510 4503
f 4516 4503 4513
f 4518 4504 4514
f 4518 4513 4504
f 4519 4514 4505
f 4519 4506 4520
f 4519 4520 4521
f 4519 4505 4506
f 4522 4516 4513
f 4522 4513 4518
f 4522 4523 4517
f 4522 4517 4516
f 4524 4518 4514
f 4524 4514 4519
f 4524 4525 4526
f 4527 4523 4522
f 4527 4524 4526
f 4527 4526 4523
f 4527 4518 4524
f 4527 4522 4518
f 4528 4519 4521
f 4528 4525 4524
f 4528 4521 4529
f 4528 4529 4530
f 4528 4530 4525
f 4528 4524 4519
f 4530 4531 4532
f 4530 4529 4531
f 4525 4532 4533
f 4525 4530 4532
f 4526 4533 4534
f 4526 4525 4533
f 4523 4534 4535
f 4523 4526 4534
f 4517 4535 4536
f 4517 4523 4535
f 4511 4536 4537
f 4511 4517 4536
f 4512 4537 4538
f 4512 4511 4537
f 4508 4538 4539
f 4508 4512 4538
f 4509 4508 4539
f 4509 4539 4540
f 4501 4540 4541
f 4501 4509 4540
f 4492 4541 4542
f 4492 4501 4541
f 4485 4542 4543
f 4485 4492 4542
f 4475 4543 4544
f 4475 4485 4543
f 4467 4544 4545
f 4467 4475 4544
f 4456 4545 4546
f 4456 4467 4545
f 4457 4546 4547
f 4457 4456 4546
f 4447 4547 4548
f 4447 4457 4547
f 4433 4548 4549
f 4433 4549 4550
f 4433 4447 4548
f 4422 4433 4550
f 4411 4550 4551
f 4411 4422 4550
f 4398 4551 4552
f 4398 4411 4551
f 4382 4552 4553
f 4382 4398 4552
f 4383 4553 4554
f 4383 4382 4553
f 4369 4554 4555
f 4369 4383 4554
f 4345 4555 4556
f 4345 4369 4555
f 4329 4556 4557
f 4329 4345 4556
f 4315 4557 4558
f 4315 4329 4557
f 4298 4558 4559
f 4298 4559 4560
f 4298 4315 4558
f 4272 4298 4560
f 4255 4560 4561
f 4255 4272 4560
f 4256 4561 4562
f 4256 4562 4563
f 4256 4255 4561
f 4257 4256 4563
f 4564 4565 4566
f 4564 4566 4567
f 4568 4567 4569
f 4568 4569 4570
f 4571 4572 4573
f 4574 4575 4565
f 4574 4565 4564
f 4576 4567 4568
f 4576 4564 4567
f 4577 4568 4570
f 4577 4570 4578
f 4577 4578 4579
f 4580 4572 4571
f 4580 4581 4582
f 4580 4582 4572
f 4583 4571 4573
f 4583 4573 4575
f 4583 4575 4574
f 4584 4564 4576
f 4584 4574 4564
f 4585 4586 4587
f 4588 4568 4577
f 4588 4576 4568
f 4589 4581 4580
f 4589 4587 4590
f 4589 4590 4581
f 4591 4580 4571
f 4591 4571 4583
f 4592 4574 4584
f 4592 4583 4574
f 4593 4594 4595
f 4596 4584 4576
f 4596 4576 4588
f 4597 4587 4589
f 4597 4585 4587
f 4598 4577 4579
f 4598 4588 4577
f 4599 4589 4580
f 4599 4580 4591
f 4600 4583 4592
f 4600 4591 4583
f 4601 4602 4603
f 4601 4603 4594
f 4604 4584 4596
f 4604 4592 4584
f 4605 4586 4585
f 4605 4593 4595
f 4605 4595 4586
f 4605 4585 4597
f 4606 4596 4588
f 4606 4588 4598
f 4607 4589 4599
f 4607 4597 4589
f 4608 4598 4579
f 4608 4579 4609
f 4608 4609 4610
f 4611 4591 4600
f 4611 4599 4591
f 4612 4613 4602
f 4614 4592 4604
f 4614 4600 4592
f 4615 4594 4593
f 4615 4601 4594
f 4615 4593 4605
f 4616 4596 4606
f 4616 4604 4596
f 4617 4597 4607
f 4617 4605 4597
f 4618 4606 4598
f 4618 4598 4608
f 4619 4599 4611
f 4619 4607 4599
f 4620 4621 4622
f 4620 4622 4613
f 4623 4600 4614
f 4623 4611 4600
f 4624 4602 4601
f 4624 4601 4615
f 4624 4612 4602
f 4625 4614 4604
f 4625 4604 4616
f 4626 4605 4617
f 4626 4615 4605
f 4627 4616 4606
f 4627 4606 4618
f 4628 4617 4607
f 4628 4607 4619
f 4629 4630 4621
f 4631 4608 4610
f 4631 4610 4632
f 4631 4618 4608
f 4633 4619 4611
f 4633 4611 4623
f 4634 4612 4624
f 4634 4613 4612
f 4634 4620 4613
f 4635 4614 4625
f 4635 4623 4614
f 4636 4615 4626
f 4636 4624 4615
f 4637 4616 4627
f 4637 4625 4616
f 4638 4626 4617
f 4638 4617 4628
f 4639 4640 4641
f 4639 4641 4630
f 4642 4627 4618
f 4642 4618 4631
f 4643 4628 4619
f 4643 4619 4633
f 4644 4629 4621
f 4644 4620 4634
f 4644 4621 4620
f 4645 4633 4623
f 4645 4623 4635
f 4646 4624 4636
f 4646 4634 4624
f 4647 4625 4637
f 4647 4635 4625
f 4648 4636 4626
f 4648 4626 4638
f 4649 4637 4627
f 4649 4627 4642
f 4650 4638 4628
f 4650 4628 4643
f 4651 4639 4630
f 4651 4629 4644
f 4651 4630 4629
f 4652 4642 4631
f 4652 4631 4632
f 4652 4632 4653
f 4654 4643 4633
f 4654 4633 4645
f 4655 4644 4634
f 4655 4634 4646
f 4656 4635 4647
f 4656 4645 4635
f 4657 4636 4648
f 4657 4646 4636
f 4658 4637 4649
f 4658 4647 4637
f 4659 4638 4650
f 4659 4648 4638
f 4660 4639 4651
f 4660 4640 4639
f 4660 4661 4640
f 4662 4642 4652
f 4662 4649 4642
f 4663 4643 4654
f 4663 4650 4643
f 4664 4644 4655
f 4664 4651 4644
f 4665 4652 4653
f 4665 4653 4666
f 4667 4654 4645
f 4667 4645 4656
f 4668 4646 4657
f 4668 4655 4646
f 4669 4656 4647
f 4669 4647 4658
f 4670 4648 4659
f 4670 4657 4648
f 4671 4672 4661
f 4671 4661 4660
f 4673 4658 4649
f 4673 4649 4662
f 4674 4650 4663
f 4674 4659 4650
f 4675 4660 4651
f 4675 4651 4664
f 4676 4662 4652
f 4676 4652 4665
f 4677 4663 4654
f 4677 4654 4667
f 4678 4655 4668
f 4678 4664 4655
f 4679 4667 4656
f 4679 4656 4669
f 4680 4668 4657
f 4680 4657 4670
f 4681 4672 4671
f 4681 4682 4683
f 4681 4683 4672
f 4684 4658 4673
f 4684 4669 4658
f 4685 4659 4674
f 4685 4670 4659
f 4686 4660 4675
f 4686 4671 4660
f 4687 4673 4662
f 4687 4662 4676
f 4688 4663 4677
f 4688 4674 4663
f 4689 4664 4678
f 4689 4675 4664
f 4690 4665 4666
f 4690 4666 4691
f 4690 4691 4692
f 4690 4676 4665
f 4693 4667 4679
f 4693 4677 4667
f 4694 4668 4680
f 4694 4678 4668
f 4695 4696 4697
f 4695 4697 4682
f 4695 4682 4681
f 4698 4669 4684
f 4698 4679 4669
f 4699 4670 4685
f 4699 4680 4670
f 4700 4681 4671
f 4700 4671 4686
f 4701 4673 4687
f 4701 4684 4673
f 4702 4685 4674
f 4702 4674 4688
f 4703 4686 4675
f 4703 4675 4689
f 4704 4676 4690
f 4704 4687 4676
f 4705 4688 4677
f 4705 4677 4693
f 4706 4678 4694
f 4706 4689 4678
f 4707 4708 4696
f 4707 4696 4695
f 4709 4679 4698
f 4709 4693 4679
f 4710 4694 4680
f 4710 4680 4699
f 4711 4681 4700
f 4711 4695 4681
f 4712 4684 4701
f 4712 4698 4684
f 4713 4699 4685
f 4713 4685 4702
f 4714 4700 4686
f 4714 4686 4703
f 4715 4701 4687
f 4715 4687 4704
f 4716 4702 4688
f 4716 4688 4705
f 4717 4703 4689
f 4717 4689 4706
f 4718 4708 4707
f 4718 4719 4720
f 4718 4720 4708
f 4721 4704 4690
f 4721 4690 4692
f 4721 4692 4722
f 4721 4722 4723
f 4724 4693 4709
f 4724 4705 4693
f 4725 4706 4694
f 4725 4694 4710
f 4726 4707 4695
f 4726 4695 4711
f 4727 4709 4698
f 4727 4698 4712
f 4728 4699 4713
f 4728 4710 4699
f 4729 4711 4700
f 4729 4700 4714
f 4730 4712 4701
f 4730 4701 4715
f 4731 4713 4702
f 4731 4702 4716
f 4732 4714 4703
f 4732 4703 4717
f 4733 4719 4718
f 4733 4734 4735
f 4733 4735 4736
f 4733 4736 4719
f 4737 4704 4721
f 4737 4715 4704
f 4738 4705 4724
f 4738 4716 4705
f 4739 4717 4706
f 4739 4706 4725
f 4740 4707 4726
f 4740 4718 4707
f 4741 4724 4709
f 4741 4709 4727
f 4742 4725 4710
f 4742 4710 4728
f 4743 4726 4711
f 4743 4711 4729
f 4744 4712 4730
f 4744 4727 4712
f 4745 4728 4713
f 4745 4713 4731
f 4746 4714 4732
f 4746 4729 4714
f 4747 4730 4715
f 4747 4715 4737
f 4748 4716 4738
f 4748 4731 4716
f 4749 4732 4717
f 4749 4717 4739
f 4750 4734 4733
f 4750 4751 4734
f 4750 4733 4718
f 4750 4718 4740
f 4752 4721 4723
f 4752 4737 4721
f 4752 4723 4753
f 4754 4738 4724
f 4754 4724 4741
f 4755 4739 4725
f 4755 4725 4742
f 4756 4740 4726
f 4756 4726 4743
f 4757 4741 4727
f 4757 4727 4744
f 4758 4728 4745
f 4758 4742 4728
f 4759 4743 4729
f 4759 4729 4746
f 4760 4744 4730
f 4760 4730 4747
f 4761 4745 4731
f 4761 4731 4748
f 4762 4732 4749
f 4762 4746 4732
f 4763 4737 4752
f 4763 4747 4737
f 4764 4738 4754
f 4764 4748 4738
f 4765 4749 4739
f 4765 4739 4755
f 4766 4750 4740
f 4766 4740 4756
f 4767 4741 4757
f 4767 4754 4741
f 4768 4755 4742
f 4768 4742 4758
f 4769 4756 4743
f 4769 4743 4759
f 4770 4757 4744
f 4770 4744 4760
f 4771 4758 4745
f 4771 4745 4761
f 4772 4759 4746
f 4772 4746 4762
f 4773 4747 4763
f 4773 4760 4747
f 4774 4761 4748
f 4774 4748 4764
f 4775 4749 4765
f 4775 4762 4749
f 4776 4751 4750
f 4776 4777 4751
f 4776 4750 4766
f 4778 4752 4753
f 4778 4753 4779
f 4778 4779 4780
f 4778 4763 4752
f 4781 4754 4767
f 4781 4764 4754
f 4782 4765 4755
f 4782 4755 4768
f 4783 4756 4769
f 4783 4766 4756
f 4784 4757 4770
f 4784 4767 4757
f 4785 4768 4758
f 4785 4758 4771
f 4786 4759 4772
f 4786 4769 4759
f 4787 4760 4773
f 4787 4770 4760
f 4788 4771 4761
f 4788 4761 4774
f 4789 4772 4762
f 4789 4762 4775
f 4790 4763 4778
f 4790 4773 4763
f 4791 4764 4781
f 4791 4774 4764
f 4792 4775 4765
f 4792 4765 4782
f 4793 4794 4777
f 4793 4777 4776
f 4793 4776 4766
f 4793 4766 4783
f 4795 4781 4767
f 4795 4767 4784
f 4796 4782 4768
f 4796 4768 4785
f 4797 4783 4769
f 4797 4769 4786
f 4798 4784 4770
f 4798 4770 4787
f 4799 4771 4788
f 4799 4785 4771
f 4800 4786 4772
f 4800 4772 4789
f 4801 4773 4790
f 4801 4787 4773
f 4802 4788 4774
f 4802 4774 4791
f 4803 4789 4775
f 4803 4775 4792
f 4804 4790 4778
f 4804 4778 4780
f 4805 4791 4781
f 4805 4781 4795
f 4806 4792 4782
f 4806 4782 4796
f 4807 4793 4783
f 4807 4808 4794
f 4807 4783 4797
f 4807 4794 4793
f 4809 4784 4798
f 4809 4795 4784
f 4810 4796 4785
f 4810 4785 4799
f 4811 4797 4786
f 4811 4786 4800
f 4812 4798 4787
f 4812 4787 4801
f 4813 4799 4788
f 4813 4788 4802
f 4814 4800 4789
f 4814 4789 4803
f 4815 4790 4804
f 4815 4801 4790
f 4816 4802 4791
f 4816 4791 4805
f 4817 4803 4792
f 4817 4792 4806
f 4818 4804 4780
f 4818 4780 4819
f 4818 4819 4820
f 4821 4805 4795
f 4821 4795 4809
f 4822 4806 4796
f 4822 4796 4810
f 4823 4824 4808
f 4823 4797 4811
f 4823 4808 4807
f 4823 4807 4797
f 4825 4798 4812
f 4825 4809 4798
f 4826 4799 4813
f 4826 4810 4799
f 4827 4800 4814
f 4827 4811 4800
f 4828 4801 4815
f 4828 4812 4801
f 4829 4802 4816
f 4829 4813 4802
f 4830 4803 4817
f 4830 4814 4803
f 4831 4815 4804
f 4831 4804 4818
f 4831 4818 4820
f 4832 4805 4821
f 4832 4816 4805
f 4833 4817 4806
f 4833 4806 4822
f 4834 4809 4825
f 4834 4821 4809
f 4835 4810 4826
f 4835 4822 4810
f 4836 4811 4827
f 4836 4823 4811
f 4837 4825 4812
f 4837 4812 4828
f 4838 4813 4829
f 4838 4826 4813
f 4839 4827 4814
f 4839 4814 4830
f 4840 4828 4815
f 4840 4815 4831
f 4841 4829 4816
f 4841 4816 4832
f 4842 4830 4817
f 4842 4817 4833
f 4843 4831 4820
f 4843 4820 4844
f 4845 4832 4821
f 4845 4821 4834
f 4846 4822 4835
f 4846 4833 4822
f 4847 4848 4824
f 4847 4823 4836
f 4847 4824 4823
f 4849 4825 4837
f 4849 4834 4825
f 4850 4826 4838
f 4850 4835 4826
f 4851 4836 4827
f 4851 4827 4839
f 4852 4828 4840
f 4852 4837 4828
f 4853 4829 4841
f 4853 4838 4829
f 4854 4839 4830
f 4854 4830 4842
f 4855 4831 4843
f 4855 4843 4844
f 4855 4840 4831
f 4856 4832 4845
f 4856 4841 4832
f 4857 4842 4833
f 4857 4833 4846
f 4858 4834 4849
f 4858 4845 4834
f 4859 4835 4850
f 4859 4846 4835
f 4860 4848 4847
f 4860 4861 4862
f 4860 4862 4848
f 4860 4847 4836
f 4860 4836 4851
f 4863 4837 4852
f 4863 4849 4837
f 4864 4850 4838
f 4864 4838 4853
f 4865 4851 4839
f 4865 4839 4854
f 4866 4852 4840
f 4866 4840 4855
f 4867 4841 4856
f 4867 4853 4841
f 4868 4842 4857
f 4868 4854 4842
f 4869 4855 4844
f 4869 4844 4870
f 4869 4870 4871
f 4872 4856 4845
f 4872 4845 4858
f 4873 4857 4846
f 4873 4846 4859
f 4874 4858 4849
f 4874 4849 4863
f 4875 4850 4864
f 4875 4859 4850
f 4876 4851 4865
f 4876 4877 4861
f 4876 4861 4860
f 4876 4860 4851
f 4878 4863 4852
f 4878 4852 4866
f 4879 4864 4853
f 4879 4853 4867
f 4880 4854 4868
f 4880 4865 4854
f 4881 4866 4855
f 4881 4869 4871
f 4881 4855 4869
f 4881 4871 4882
f 4883 4856 4872
f 4883 4867 4856
f 4884 4868 4857
f 4884 4857 4873
f 4885 4858 4874
f 4885 4872 4858
f 4886 4873 4859
f 4886 4859 4875
f 4887 4874 4863
f 4887 4863 4878
f 4888 4864 4879
f 4888 4875 4864
f 4889 4890 4877
f 4889 4877 4876
f 4889 4876 4865
f 4889 4865 4880
f 4891 4866 4881
f 4891 4878 4866
f 4892 4867 4883
f 4892 4879 4867
f 4893 4868 4884
f 4893 4880 4868
f 4894 4883 4872
f 4894 4872 4885
f 4895 4884 4873
f 4895 4873 4886
f 4896 4885 4874
f 4896 4874 4887
f 4897 4886 4875
f 4897 4875 4888
f 4898 4887 4878
f 4898 4878 4891
f 4899 4888 4879
f 4899 4879 4892
f 4900 4901 4890
f 4900 4890 4889
f 4900 4889 4880
f 4900 4880 4893
f 4902 4891 4881
f 4902 4881 4882
f 4903 4883 4894
f 4903 4892 4883
f 4904 4893 4884
f 4904 4884 4895
f 4905 4894 4885
f 4905 4885 4896
f 4906 4895 4886
f 4906 4886 4897
f 4907 4896 4887
f 4907 4887 4898
f 4908 4897 4888
f 4908 4888 4899
f 4909 4898 4891
f 4909 4891 4902
f 4910 4899 4892
f 4910 4892 4903
f 4911 4893 4904
f 4911 4912 4901
f 4911 4901 4900
f 4911 4900 4893
f 4913 4882 4914
f 4913 4914 4915
f 4913 4902 4882
f 4916 4903 4894
f 4916 4894 4905
f 4917 4895 4906
f 4917 4904 4895
f 4918 4896 4907
f 4918 4905 4896
f 4919 4906 4897
f 4919 4897 4908
f 4920 4898 4909
f 4920 4907 4898
f 4921 4899 4910
f 4921 4908 4899
f 4922 4902 4913
f 4922 4909 4902
f 4922 4915 4923
f 4922 4913 4915
f 4924 4903 4916
f 4924 4910 4903
f 4925 4926 4912
f 4925 4912 4911
f 4925 4904 4917
f 4925 4911 4904
f 4927 4905 4918
f 4927 4916 4905
f 4928 4917 4906
f 4928 4906 4919
f 4929 4907 4920
f 4929 4918 4907
f 4930 4919 4908
f 4930 4908 4921
f 4931 4909 4922
f 4931 4920 4909
f 4932 4921 4910
f 4932 4910 4924
f 4933 4916 4927
f 4933 4924 4916
f 4934 4926 4925
f 4934 4935 4936
f 4934 4936 4926
f 4934 4917 4928
f 4934 4925 4917
f 4937 4918 4929
f 4937 4927 4918
f 4938 4919 4930
f 4938 4928 4919
f 4939 4920 4931
f 4939 4929 4920
f 4940 4930 4921
f 4940 4921 4932
f 4941 4922 4923
f 4941 4923 4942
f 4941 4931 4922
f 4943 4932 4924
f 4943 4924 4933
f 4944 4933 4927
f 4944 4927 4937
f 4945 4946 4935
f 4945 4935 4934
f 4945 4934 4928
f 4945 4928 4938
f 4947 4937 4929
f 4947 4929 4939
f 4948 4938 4930
f 4948 4930 4940
f 4949 4939 4931
f 4949 4931 4941
f 4950 4940 4932
f 4950 4932 4943
f 4951 4933 4944
f 4951 4943 4933
f 4952 4944 4937
f 4952 4937 4947
f 4953 4945 4938
f 4953 4954 4946
f 4953 4938 4948
f 4953 4946 4945
f 4955 4939 4949
f 4955 4947 4939
f 4956 4948 4940
f 4956 4940 4950
f 4957 4949 4941
f 4957 4942 4958
f 4957 4958 4959
f 4957 4941 4942
f 4960 4950 4943
f 4960 4943 4951
f 4961 4951 4944
f 4961 4944 4952
f 4962 4947 4955
f 4962 4952 4947
f 4963 4964 4954
f 4963 4954 4953
f 4963 4953 4948
f 4963 4948 4956
f 4965 4955 4949
f 4965 4949 4957
f 4966 4950 4960
f 4966 4956 4950
f 4967 4960 4951
f 4967 4951 4961
f 4968 4961 4952
f 4968 4952 4962
f 4969 4955 4965
f 4969 4962 4955
f 4970 4971 4964
f 4970 4964 4963
f 4970 4963 4956
f 4970 4956 4966
f 4972 4965 4957
f 4972 4957 4959
f 4972 4959 4973
f 4972 4973 4974
f 4975 4966 4960
f 4975 4960 4967
f 4976 4961 4968
f 4976 4967 4961
f 4977 4968 4962
f 4977 4962 4969
f 4978 4969 4965
f 4978 4965 4972
f 4979 4980 4971
f 4979 4971 4970
f 4979 4970 4966
f 4979 4966 4975
f 4981 4975 4967
f 4981 4967 4976
f 4982 4976 4968
f 4982 4968 4977
f 4983 4969 4978
f 4983 4977 4969
f 4984 4972 4974
f 4984 4978 4972
f 4984 4974 4985
f 4986 4980 4979
f 4986 4987 4988
f 4986 4988 4980
f 4986 4979 4975
f 4986 4975 4981
f 4989 4990 4991
f 4989 4976 4982
f 4989 4981 4976
f 4992 4982 4977
f 4992 4977 4983
f 4993 4983 4978
f 4993 4978 4984
f 4994 4991 4987
f 4994 4987 4986
f 4994 4989 4991
f 4994 4986 4981
f 4994 4981 4989
f 4995 4996 4990
f 4995 4990 4989
f 4995 4989 4982
f 4995 4982 4992
f 4997 4992 4983
f 4997 4983 4993
f 4998 4993 4984
f 4998 4984 4985
f 4998 4985 4999
f 4998 4999 5000
f 5001 5002 4996
f 5001 4995 4992
f 5001 4992 4997
f 5001 4996 4995
f 5003 5004 5005
f 5003 4993 4998
f 5003 4997 4993
f 5006 5005 5002
f 5006 5001 4997
f 5006 4997 5003
f 5006 5003 5005
f 5006 5002 5001
f 5007 5008 5009
f 5007 5009 5004
f 5007 4998 5000
f 5007 5003 4998
f 5007 5004 5003
f 5007 5000 5008
f 4719 5010 5011
f 4719 4736 5010
f 4720 5011 5012
f 4720 4719 5011
f 4708 5012 5013
f 4708 4720 5012
f 4696 5013 5014
f 4696 4708 5013
f 4697 5014 5015
f 4697 4696 5014
f 4682 5015 5016
f 4682 4697 5015
f 4683 5016 5017
f 4683 4682 5016
f 4672 5017 5018
f 4672 4683 5017
f 4661 4672 5018
f 4661 5018 5019
f 4640 5019 5020
f 4640 4661 5019
f 4641 5020 5021
f 4641 4640 5020
f 4630 5021 5022
f 4630 4641 5021
f 4621 5022 5023
f 4621 4630 5022
f 4622 5023 5024
f 4622 4621 5023
f 4613 5024 5025
f 4613 4622 5024
f 4602 5025 5026
f 4602 4613 5025
f 4603 5026 5027
f 4603 4602 5026
f 4594 5027 5028
f 4594 5028 5029
f 4594 4603 5027
f 4595 4594 5029
f 4586 5029 5030
f 4586 4595 5029
f 4587 5030 5031
f 4587 4586 5030
f 4590 5031 5032
f 4590 4587 5031
f 4581 5032 5033
f 4581 4590 5032
f 4582 5033 5034
f 4582 4581 5033
f 4572 5034 5035
f 4572 4582 5034
f 4573 5035 5036
f 4573 4572 5035
f 4575 5036 5037
f 4575 4573 5036
f 4565 5037 5038
f 4565 5038 5039
f 4565 4575 5037
f 4566 4565 5039
f 4567 5039 5040
f 4567 4566 5039
f 4569 5040 5041
f 4569 4567 5040
f 4570 5041 5042
f 4570 4569 5041
f 4099 4091 5008
f 4099 5008 5000
f 4100 5000 4999
f 4100 4099 5000
f 4130 4999 4985
f 4130 4100 4999
f 4131 4985 4974
f 4131 4130 4985
f 4153 4974 4973
f 4153 4131 4974
f 4174 4973 4959
f 4174 4153 4973
f 4187 4959 4958
f 4187 4174 4959
f 4212 4187 4958
f 4212 4958 4942
f 4213 4212 4942
f 4213 4942 4923
f 4243 4213 4923
f 4243 4923 4915
f 4244 4243 4915
f 4244 4915 4914
f 4274 4244 4914
f 4274 4914 4882
f 4300 4274 4882
f 4300 4882 4871
f 4301 4300 4871
f 4301 4871 4870
f 4340 4301 4870
f 4340 4870 4844
f 4341 4340 4844
f 4341 4844 4820
f 4365 4341 4820
f 4365 4820 4819
f 4391 4365 4819
f 4391 4819 4780
f 4392 4780 4779
f 4392 4391 4780
f 4403 4779 4753
f 4403 4392 4779
f 4435 4403 4753
f 4435 4753 4723
f 4436 4723 4722
f 4436 4435 4723
f 4444 4436 4722
f 4444 4722 4692
f 4463 4692 4691
f 4463 4444 4692
f 4479 4691 4666
f 4479 4463 4691
f 4480 4666 4653
f 4480 4479 4666
f 4494 4653 4632
f 4494 4480 4653
f 4495 4632 4610
f 4495 4494 4632
f 4506 4610 4609
f 4506 4495 4610
f 4520 4609 4579
f 4520 4506 4609
f 4521 4579 4578
f 4521 4520 4579
f 4529 4578 4570
f 4529 4521 4578
f 5043 5044 5045
f 5043 5046 5044
f 5047 5045 5048
f 5047 5043 5045
f 5047 5046 5043
f 5049 5050 5051
f 5049 5051 5052
f 5053 5046 5047
f 5053 5054 5055
f 5053 5055 5046
f 5056 5048 5050
f 5056 5047 5048
f 5056 5050 5049
f 5057 5052 5058
f 5057 5049 5052
f 5059 5047 5056
f 5059 5053 5047
f 5059 5054 5053
f 5060 5056 5049
f 5060 5049 5057
f 5061 5058 5062
f 5061 5057 5058
f 5063 5062 5064
f 5063 5064 5065
f 5066 5054 5059
f 5066 5067 5054
f 5068 5059 5056
f 5068 5056 5060
f 5069 5060 5057
f 5069 5057 5061
f 5070 5062 5063
f 5070 5061 5062
f 5071 5065 5072
f 5071 5063 5065
f 5073 5066 5059
f 5073 5059 5068
f 5073 5067 5066
f 5074 5060 5069
f 5074 5068 5060
f 5075 5069 5061
f 5075 5061 5070
f 5076 5063 5071
f 5076 5070 5063
f 5077 5067 5073
f 5077 5078 5079
f 5077 5079 5067
f 5080 5072 5081
f 5080 5071 5072
f 5082 5073 5068
f 5082 5068 5074
f 5083 5074 5069
f 5083 5069 5075
f 5084 5075 5070
f 5084 5070 5076
f 5085 5076 5071
f 5085 5071 5080
f 5086 5077 5073
f 5086 5078 5077
f 5086 5073 5082
f 5087 5081 5088
f 5087 5088 5089
f 5087 5080 5081
f 5090 5082 5074
f 5090 5074 5083
f 5091 5083 5075
f 5091 5075 5084
f 5092 5076 5085
f 5092 5084 5076
f 5093 5078 5086
f 5093 5094 5078
f 5095 5080 5087
f 5095 5085 5080
f 5096 5082 5090
f 5096 5086 5082
f 5097 5089 5098
f 5097 5087 5089
f 5099 5083 5091
f 5099 5090 5083
f 5100 5084 5092
f 5100 5091 5084
f 5101 5092 5085
f 5101 5085 5095
f 5102 5093 5086
f 5102 5086 5096
f 5103 5095 5087
f 5103 5087 5097
f 5104 5096 5090
f 5104 5090 5099
f 5105 5098 5106
f 5105 5097 5098
f 5107 5091 5100
f 5107 5099 5091
f 5108 5092 5101
f 5108 5100 5092
f 5109 5094 5093
f 5109 5093 5102
f 5109 5110 5111
f 5109 5111 5094
f 5112 5101 5095
f 5112 5095 5103
f 5113 5102 5096
f 5113 5096 5104
f 5114 5103 5097
f 5114 5097 5105
f 5115 5099 5107
f 5115 5104 5099
f 5116 5106 5117
f 5116 5105 5106
f 5118 5100 5108
f 5118 5107 5100
f 5119 5101 5112
f 5119 5108 5101
f 5120 5102 5113
f 5120 5109 5102
f 5121 5112 5103
f 5121 5103 5114
f 5122 5113 5104
f 5122 5104 5115
f 5123 5105 5116
f 5123 5114 5105
f 5124 5115 5107
f 5124 5107 5118
f 5125 5116 5117
f 5125 5117 5126
f 5127 5108 5119
f 5127 5118 5108
f 5128 5110 5109
f 5128 5109 5120
f 5128 5129 5110
f 5130 5119 5112
f 5130 5112 5121
f 5131 5120 5113
f 5131 5113 5122
f 5132 5121 5114
f 5132 5114 5123
f 5133 5122 5115
f 5133 5115 5124
f 5134 5116 5125
f 5134 5123 5116
f 5135 5124 5118
f 5135 5118 5127
f 5136 5126 5137
f 5136 5125 5126
f 5138 5119 5130
f 5138 5127 5119
f 5139 5128 5120
f 5139 5120 5131
f 5140 5121 5132
f 5140 5130 5121
f 5141 5122 5133
f 5141 5131 5122
f 5142 5132 5123
f 5142 5123 5134
f 5143 5124 5135
f 5143 5133 5124
f 5144 5134 5125
f 5144 5125 5136
f 5145 5127 5138
f 5145 5135 5127
f 5146 5129 5128
f 5146 5128 5139
f 5146 5147 5148
f 5146 5148 5129
f 5149 5137 5150
f 5149 5136 5137
f 5151 5138 5130
f 5151 5130 5140
f 5152 5139 5131
f 5152 5131 5141
f 5153 5132 5142
f 5153 5140 5132
f 5154 5141 5133
f 5154 5133 5143
f 5155 5134 5144
f 5155 5142 5134
f 5156 5135 5145
f 5156 5143 5135
f 5157 5144 5136
f 5157 5136 5149
f 5158 5145 5138
f 5158 5138 5151
f 5159 5146 5139
f 5159 5139 5152
f 5160 5150 5161
f 5160 5161 5162
f 5160 5149 5150
f 5163 5151 5140
f 5163 5140 5153
f 5164 5141 5154
f 5164 5152 5141
f 5165 5153 5142
f 5165 5142 5155
f 5166 5154 5143
f 5166 5143 5156
f 5167 5144 5157
f 5167 5155 5144
f 5168 5145 5158
f 5168 5156 5145
f 5169 5147 5146
f 5169 5170 5171
f 5169 5171 5147
f 5169 5146 5159
f 5172 5157 5149
f 5172 5149 5160
f 5173 5151 5163
f 5173 5158 5151
f 5174 5152 5164
f 5174 5159 5152
f 5175 5162 5176
f 5175 5160 5162
f 5177 5153 5165
f 5177 5163 5153
f 5178 5154 5166
f 5178 5164 5154
f 5179 5165 5155
f 5179 5155 5167
f 5180 5166 5156
f 5180 5156 5168
f 5181 5157 5172
f 5181 5167 5157
f 5182 5168 5158
f 5182 5158 5173
f 5183 5159 5174
f 5183 5169 5159
f 5184 5172 5160
f 5184 5160 5175
f 5185 5173 5163
f 5185 5163 5177
f 5186 5174 5164
f 5186 5164 5178
f 5187 5176 5188
f 5187 5175 5176
f 5189 5165 5179
f 5189 5177 5165
f 5190 5178 5166
f 5190 5166 5180
f 5191 5167 5181
f 5191 5179 5167
f 5192 5168 5182
f 5192 5180 5168
f 5193 5170 5169
f 5193 5169 5183
f 5193 5194 5170
f 5195 5172 5184
f 5195 5181 5172
f 5196 5173 5185
f 5196 5182 5173
f 5197 5183 5174
f 5197 5174 5186
f 5198 5175 5187
f 5198 5184 5175
f 5199 5185 5177
f 5199 5177 5189
f 5200 5178 5190
f 5200 5186 5178
f 5201 5188 5202
f 5201 5187 5188
f 5203 5189 5179
f 5203 5179 5191
f 5204 5190 5180
f 5204 5180 5192
f 5205 5191 5181
f 5205 5181 5195
f 5206 5192 5182
f 5206 5182 5196
f 5207 5183 5197
f 5207 5193 5183
f 5208 5195 5184
f 5208 5184 5198
f 5209 5185 5199
f 5209 5196 5185
f 5210 5197 5186
f 5210 5186 5200
f 5211 5187 5201
f 5211 5198 5187
f 5212 5199 5189
f 5212 5189 5203
f 5213 5190 5204
f 5213 5200 5190
f 5214 5202 5215
f 5214 5201 5202
f 5216 5191 5205
f 5216 5203 5191
f 5217 5204 5192
f 5217 5192 5206
f 5218 5194 5193
f 5218 5219 5220
f 5218 5220 5194
f 5218 5193 5207
f 5221 5195 5208
f 5221 5205 5195
f 5222 5196 5209
f 5222 5206 5196
f 5223 5197 5210
f 5223 5207 5197
f 5224 5198 5211
f 5224 5208 5198
f 5225 5209 5199
f 5225 5199 5212
f 5226 5200 5213
f 5226 5210 5200
f 5227 5211 5201
f 5227 5201 5214
f 5228 5212 5203
f 5228 5203 5216
f 5229 5213 5204
f 5229 5204 5217
f 5230 5216 5205
f 5230 5205 5221
f 5231 5217 5206
f 5231 5206 5222
f 5232 5207 5223
f 5232 5218 5207
f 5233 5221 5208
f 5233 5208 5224
f 5234 5209 5225
f 5234 5222 5209
f 5235 5223 5210
f 5235 5210 5226
f 5236 5211 5227
f 5236 5224 5211
f 5237 5225 5212
f 5237 5212 5228
f 5238 5213 5229
f 5238 5226 5213
f 5239 5214 5215
f 5239 5215 5240
f 5239 5227 5214
f 5241 5216 5230
f 5241 5228 5216
f 5242 5229 5217
f 5242 5217 5231
f 5243 5218 5232
f 5243 5244 5219
f 5243 5219 5218
f 5245 5230 5221
f 5245 5221 5233
f 5246 5231 5222
f 5246 5222 5234
f 5247 5232 5223
f 5247 5223 5235
f 5248 5224 5236
f 5248 5233 5224
f 5249 5225 5237
f 5249 5234 5225
f 5250 5235 5226
f 5250 5226 5238
f 5251 5227 5239
f 5251 5236 5227
f 5252 5237 5228
f 5252 5228 5241
f 5253 5229 5242
f 5253 5238 5229
f 5254 5240 5255
f 5254 5239 5240
f 5256 5241 5230
f 5256 5230 5245
f 5257 5242 5231
f 5257 5231 5246
f 5258 5232 5247
f 5258 5243 5232
f 5259 5233 5248
f 5259 5245 5233
f 5260 5234 5249
f 5260 5246 5234
f 5261 5247 5235
f 5261 5235 5250
f 5262 5248 5236
f 5262 5236 5251
f 5263 5237 5252
f 5263 5249 5237
f 5264 5250 5238
f 5264 5238 5253
f 5265 5251 5239
f 5265 5239 5254
f 5266 5252 5241
f 5266 5241 5256
f 5267 5253 5242
f 5267 5242 5257
f 5268 5243 5258
f 5268 5244 5243
f 5268 5269 5270
f 5268 5270 5244
f 5271 5255 5272
f 5271 5272 5273
f 5271 5254 5255
f 5274 5256 5245
f 5274 5245 5259
f 5275 5257 5246
f 5275 5246 5260
f 5276 5258 5247
f 5276 5247 5261
f 5277 5248 5262
f 5277 5259 5248
f 5278 5249 5263
f 5278 5260 5249
f 5279 5250 5264
f 5279 5261 5250
f 5280 5262 5251
f 5280 5251 5265
f 5281 5263 5252
f 5281 5252 5266
f 5282 5253 5267
f 5282 5264 5253
f 5283 5265 5254
f 5283 5254 5271
f 5284 5266 5256
f 5284 5256 5274
f 5285 5267 5257
f 5285 5257 5275
f 5286 5258 5276
f 5286 5268 5258
f 5287 5274 5259
f 5287 5259 5277
f 5288 5275 5260
f 5288 5260 5278
f 5289 5276 5261
f 5289 5261 5279
f 5290 5262 5280
f 5290 5277 5262
f 5291 5278 5263
f 5291 5263 5281
f 5292 5264 5282
f 5292 5279 5264
f 5293 5280 5265
f 5293 5265 5283
f 5294 5266 5284
f 5294 5281 5266
f 5295 5267 5285
f 5295 5282 5267
f 5296 5268 5286
f 5296 5269 5268
f 5296 5297 5269
f 5298 5271 5273
f 5298 5273 5299
f 5298 5283 5271
f 5300 5274 5287
f 5300 5284 5274
f 5301 5285 5275
f 5301 5275 5288
f 5302 5286 5276
f 5302 5276 5289
f 5303 5287 5277
f 5303 5277 5290
f 5304 5288 5278
f 5304 5278 5291
f 5305 5289 5279
f 5305 5279 5292
f 5306 5280 5293
f 5306 5290 5280
f 5307 5291 5281
f 5307 5281 5294
f 5308 5292 5282
f 5308 5282 5295
f 5309 5293 5283
f 5309 5283 5298
f 5310 5294 5284
f 5310 5284 5300
f 5311 5285 5301
f 5311 5295 5285
f 5312 5286 5302
f 5312 5296 5286
f 5313 5299 5314
f 5313 5298 5299
f 5315 5300 5287
f 5315 5287 5303
f 5316 5301 5288
f 5316 5288 5304
f 5317 5289 5305
f 5317 5302 5289
f 5318 5303 5290
f 5318 5290 5306
f 5319 5304 5291
f 5319 5291 5307
f 5320 5305 5292
f 5320 5292 5308
f 5321 5306 5293
f 5321 5293 5309
f 5322 5294 5310
f 5322 5307 5294
f 5323 5295 5311
f 5323 5308 5295
f 5324 5325 5326
f 5324 5326 5297
f 5324 5296 5312
f 5324 5297 5296
f 5327 5309 5298
f 5327 5298 5313
f 5328 5310 5300
f 5328 5300 5315
f 5329 5311 5301
f 5329 5301 5316
f 5330 5312 5302
f 5330 5302 5317
f 5331 5314 5332
f 5331 5332 5333
f 5331 5313 5314
f 5331 5333 5313
f 5334 5303 5318
f 5334 5315 5303
f 5335 5304 5319
f 5335 5316 5304
f 5336 5317 5305
f 5336 5305 5320
f 5337 5306 5321
f 5337 5318 5306
f 5338 5319 5307
f 5338 5307 5322
f 5339 5320 5308
f 5339 5308 5323
f 5340 5321 5309
f 5340 5309 5327
f 5341 5310 5328
f 5341 5322 5310
f 5342 5323 5311
f 5342 5311 5329
f 5343 5325 5324
f 5343 5312 5330
f 5343 5324 5312
f 5344 5345 5327
f 5344 5333 5346
f 5344 5346 5345
f 5344 5313 5333
f 5344 5327 5313
f 5347 5328 5315
f 5347 5315 5334
f 5348 5329 5316
f 5348 5316 5335
f 5349 5317 5336
f 5349 5330 5317
f 5350 5334 5318
f 5350 5318 5337
f 5351 5335 5319
f 5351 5319 5338
f 5352 5336 5320
f 5352 5320 5339
f 5353 5321 5340
f 5353 5337 5321
f 5354 5322 5341
f 5354 5338 5322
f 5355 5339 5323
f 5355 5323 5342
f 5356 5357 5325
f 5356 5325 5343
f 5358 5327 5345
f 5358 5345 5359
f 5358 5340 5327
f 5358 5359 5340
f 5360 5328 5347
f 5360 5341 5328
f 5361 5342 5329
f 5361 5329 5348
f 5362 5330 5349
f 5362 5343 5330
f 5363 5347 5334
f 5363 5334 5350
f 5364 5348 5335
f 5364 5335 5351
f 5365 5349 5336
f 5365 5336 5352
f 5366 5337 5353
f 5366 5350 5337
f 5367 5338 5354
f 5367 5351 5338
f 5368 5339 5355
f 5368 5352 5339
f 5369 5370 5353
f 5369 5359 5371
f 5369 5371 5370
f 5369 5353 5340
f 5369 5340 5359
f 5372 5341 5360
f 5372 5354 5341
f 5373 5342 5361
f 5373 5355 5342
f 5374 5356 5343
f 5374 5343 5362
f 5374 5357 5356
f 5375 5347 5363
f 5375 5360 5347
f 5376 5361 5348
f 5376 5348 5364
f 5377 5362 5349
f 5377 5349 5365
f 5378 5350 5366
f 5378 5363 5350
f 5379 5351 5367
f 5379 5364 5351
f 5380 5365 5352
f 5380 5352 5368
f 5381 5353 5370
f 5381 5366 5353
f 5381 5370 5382
f 5383 5367 5354
f 5383 5354 5372
f 5384 5368 5355
f 5384 5355 5373
f 5385 5386 5387
f 5385 5387 5357
f 5385 5357 5374
f 5388 5372 5360
f 5388 5360 5375
f 5389 5361 5376
f 5389 5373 5361
f 5390 5374 5362
f 5390 5362 5377
f 5391 5375 5363
f 5391 5363 5378
f 5392 5376 5364
f 5392 5364 5379
f 5393 5377 5365
f 5393 5365 5380
f 5394 5381 5382
f 5394 5366 5381
f 5394 5382 5395
f 5394 5395 5396
f 5394 5378 5366
f 5397 5379 5367
f 5397 5367 5383
f 5398 5380 5368
f 5398 5368 5384
f 5399 5372 5388
f 5399 5383 5372
f 5400 5384 5373
f 5400 5373 5389
f 5401 5385 5374
f 5401 5386 5385
f 5401 5374 5390
f 5402 5388 5375
f 5402 5375 5391
f 5403 5376 5392
f 5403 5389 5376
f 5404 5377 5393
f 5404 5390 5377
f 5405 5391 5378
f 5405 5394 5396
f 5405 5378 5394
f 5405 5396 5406
f 5407 5379 5397
f 5407 5392 5379
f 5408 5380 5398
f 5408 5393 5380
f 5409 5397 5383
f 5409 5383 5399
f 5410 5398 5384
f 5410 5384 5400
f 5411 5399 5388
f 5411 5388 5402
f 5412 5400 5389
f 5412 5389 5403
f 5413 5401 5390
f 5413 5390 5404
f 5414 5406 5415
f 5414 5415 5416
f 5414 5402 5391
f 5414 5405 5406
f 5414 5391 5405
f 5417 5403 5392
f 5417 5392 5407
f 5418 5393 5408
f 5418 5404 5393
f 5419 5397 5409
f 5419 5407 5397
f 5420 5408 5398
f 5420 5398 5410
f 5421 5409 5399
f 5421 5399 5411
f 5422 5410 5400
f 5422 5400 5412
f 5423 5386 5401
f 5423 5401 5413
f 5423 5424 5425
f 5423 5425 5386
f 5426 5416 5427
f 5426 5427 5428
f 5426 5411 5402
f 5426 5402 5414
f 5426 5414 5416
f 5429 5403 5417
f 5429 5412 5403
f 5430 5413 5404
f 5430 5404 5418
f 5431 5417 5407
f 5431 5407 5419
f 5432 5418 5408
f 5432 5408 5420
f 5433 5419 5409
f 5433 5409 5421
f 5434 5420 5410
f 5434 5410 5422
f 5435 5421 5411
f 5435 5411 5426
f 5435 5428 5436
f 5435 5426 5428
f 5437 5412 5429
f 5437 5422 5412
f 5438 5424 5423
f 5438 5423 5413
f 5438 5413 5430
f 5439 5429 5417
f 5439 5417 5431
f 5440 5430 5418
f 5440 5418 5432
f 5441 5431 5419
f 5441 5419 5433
f 5442 5432 5420
f 5442 5420 5434
f 5443 5433 5421
f 5443 5436 5444
f 5443 5444 5445
f 5443 5435 5436
f 5443 5421 5435
f 5446 5434 5422
f 5446 5422 5437
f 5447 5437 5429
f 5447 5429 5439
f 5448 5430 5440
f 5448 5438 5430
f 5449 5431 5441
f 5449 5439 5431
f 5450 5432 5442
f 5450 5440 5432
f 5451 5443 5445
f 5451 5433 5443
f 5451 5445 5452
f 5451 5441 5433
f 5453 5434 5446
f 5453 5442 5434
f 5454 5446 5437
f 5454 5437 5447
f 5455 5438 5448
f 5455 5456 5457
f 5455 5457 5424
f 5455 5424 5438
f 5458 5439 5449
f 5458 5447 5439
f 5459 5440 5450
f 5459 5448 5440
f 5460 5452 5461
f 5460 5461 5462
f 5460 5451 5452
f 5460 5441 5451
f 5460 5449 5441
f 5463 5442 5453
f 5463 5450 5442
f 5464 5446 5454
f 5464 5453 5446
f 5465 5454 5447
f 5465 5447 5458
f 5466 5455 5448
f 5466 5448 5459
f 5467 5460 5462
f 5467 5462 5468
f 5467 5458 5449
f 5467 5449 5460
f 5469 5450 5463
f 5469 5459 5450
f 5470 5463 5453
f 5470 5453 5464
f 5471 5464 5454
f 5471 5454 5465
f 5472 5473 5456
f 5472 5455 5466
f 5472 5456 5455
f 5474 5467 5468
f 5474 5458 5467
f 5474 5468 5475
f 5474 5475 5476
f 5474 5476 5465
f 5474 5465 5458
f 5477 5466 5459
f 5477 5459 5469
f 5478 5463 5470
f 5478 5469 5463
f 5479 5470 5464
f 5479 5464 5471
f 5480 5481 5471
f 5480 5471 5465
f 5480 5476 5481
f 5480 5465 5476
f 5482 5473 5472
f 5482 5466 5477
f 5482 5472 5466
f 5482 5483 5484
f 5482 5484 5473
f 5485 5469 5478
f 5485 5486 5487
f 5485 5477 5469
f 5488 5489 5478
f 5488 5479 5490
f 5488 5470 5479
f 5488 5490 5491
f 5488 5491 5489
f 5488 5478 5470
f 5492 5471 5481
f 5492 5490 5479
f 5492 5479 5471
f 5492 5481 5493
f 5492 5493 5490
f 5494 5483 5482
f 5494 5477 5485
f 5494 5482 5477
f 5494 5487 5483
f 5494 5485 5487
f 5495 5478 5489
f 5495 5485 5478
f 5495 5486 5485
f 5495 5489 5486
f 5333 5496 5497
f 5333 5332 5496
f 5346 5497 5498
f 5346 5333 5497
f 5345 5498 5499
f 5345 5346 5498
f 5359 5499 5500
f 5359 5345 5499
f 5371 5500 5501
f 5371 5359 5500
f 5370 5501 5502
f 5370 5371 5501
f 5382 5502 5503
f 5382 5370 5502
f 5395 5503 5504
f 5395 5382 5503
f 5396 5395 5504
f 5396 5504 5505
f 5406 5505 5506
f 5406 5396 5505
f 5415 5506 5507
f 5415 5406 5506
f 5416 5507 5508
f 5416 5415 5507
f 5427 5508 5509
f 5427 5416 5508
f 5428 5509 5510
f 5428 5427 5509
f 5436 5510 5511
f 5436 5428 5510
f 5444 5511 5512
f 5444 5436 5511
f 5445 5512 5513
f 5445 5444 5512
f 5452 5513 5514
f 5452 5514 5515
f 5452 5445 5513
f 5461 5452 5515
f 5462 5515 5516
f 5462 5461 5515
f 5468 5516 5517
f 5468 5517 5518
f 5468 5462 5516
f 5475 5468 5518
f 5476 5518 5519
f 5476 5475 5518
f 5481 5519 5520
f 5481 5476 5519
f 5493 5520 5521
f 5493 5481 5520
f 5490 5521 5522
f 5490 5493 5521
f 5491 5522 5523
f 5491 5490 5522
f 5489 5523 5524
f 5489 5524 5525
f 5489 5491 5523
f 5486 5525 5526
f 5486 5489 5525
f 5487 5486 5526
f 5483 5526 5527
f 5483 5527 5528
f 5483 5487 5526
f 5484 5483 5528
f 5529 5530 5531
f 5529 5531 5532
f 5533 5532 5534
f 5533 5534 5535
f 5536 5537 5538
f 5539 5530 5529
f 5539 5540 5530
f 5541 5532 5533
f 5541 5529 5532
f 5542 5535 5543
f 5542 5543 5544
f 5542 5533 5535
f 5545 5537 5536
f 5545 5546 5547
f 5545 5547 5537
f 5548 5540 5539
f 5548 5536 5538
f 5548 5538 5540
f 5549 5529 5541
f 5549 5539 5529
f 5550 5551 5552
f 5553 5533 5542
f 5553 5541 5533
f 5554 5546 5545
f 5554 5552 5555
f 5554 5555 5546
f 5556 5536 5548
f 5556 5545 5536
f 5557 5539 5549
f 5557 5548 5539
f 5558 5559 5560
f 5561 5549 5541
f 5561 5541 5553
f 5562 5550 5552
f 5562 5552 5554
f 5563 5542 5544
f 5563 5553 5542
f 5564 5545 5556
f 5564 5554 5545
f 5565 5548 5557
f 5565 5556 5548
f 5566 5567 5568
f 5566 5568 5559
f 5569 5549 5561
f 5569 5557 5549
f 5570 5551 5550
f 5570 5550 5562
f 5570 5560 5551
f 5570 5558 5560
f 5571 5553 5563
f 5571 5561 5553
f 5572 5562 5554
f 5572 5554 5564
f 5573 5544 5574
f 5573 5574 5575
f 5573 5563 5544
f 5576 5556 5565
f 5576 5564 5556
f 5577 5578 5567
f 5579 5557 5569
f 5579 5565 5557
f 5580 5558 5570
f 5580 5559 5558
f 5580 5566 5559
f 5581 5561 5571
f 5581 5569 5561
f 5582 5562 5572
f 5582 5570 5562
f 5583 5571 5563
f 5583 5563 5573
f 5584 5564 5576
f 5584 5572 5564
f 5585 5586 5587
f 5585 5587 5578
f 5588 5576 5565
f 5588 5565 5579
f 5589 5566 5580
f 5589 5567 5566
f 5589 5577 5567
f 5590 5579 5569
f 5590 5569 5581
f 5591 5580 5570
f 5591 5570 5582
f 5592 5581 5571
f 5592 5571 5583
f 5593 5572 5584
f 5593 5582 5572
f 5594 5595 5586
f 5596 5575 5597
f 5596 5583 5573
f 5596 5573 5575
f 5598 5584 5576
f 5598 5576 5588
f 5599 5585 5578
f 5599 5577 5589
f 5599 5578 5577
f 5600 5588 5579
f 5600 5579 5590
f 5601 5580 5591
f 5601 5589 5580
f 5602 5590 5581
f 5602 5581 5592
f 5603 5582 5593
f 5603 5591 5582
f 5604 5605 5606
f 5604 5606 5595
f 5607 5592 5583
f 5607 5583 5596
f 5608 5593 5584
f 5608 5584 5598
f 5609 5594 5586
f 5609 5585 5599
f 5609 5586 5585
f 5610 5598 5588
f 5610 5588 5600
f 5611 5589 5601
f 5611 5599 5589
f 5612 5590 5602
f 5612 5600 5590
f 5613 5601 5591
f 5613 5591 5603
f 5614 5602 5592
f 5614 5592 5607
f 5615 5603 5593
f 5615 5593 5608
f 5616 5604 5595
f 5616 5595 5594
f 5616 5594 5609
f 5617 5597 5618
f 5617 5607 5596
f 5617 5596 5597
f 5619 5598 5610
f 5619 5608 5598
f 5620 5609 5599
f 5620 5599 5611
f 5621 5610 5600
f 5621 5600 5612
f 5622 5601 5613
f 5622 5611 5601
f 5623 5612 5602
f 5623 5602 5614
f 5624 5603 5615
f 5624 5613 5603
f 5625 5605 5604
f 5625 5604 5616
f 5625 5626 5605
f 5627 5614 5607
f 5627 5607 5617
f 5628 5615 5608
f 5628 5608 5619
f 5629 5609 5620
f 5629 5616 5609
f 5630 5618 5631
f 5630 5617 5618
f 5632 5610 5621
f 5632 5619 5610
f 5633 5620 5611
f 5633 5611 5622
f 5634 5621 5612
f 5634 5612 5623
f 5635 5613 5624
f 5635 5622 5613
f 5636 5637 5626
f 5636 5626 5625
f 5638 5623 5614
f 5638 5614 5627
f 5639 5615 5628
f 5639 5624 5615
f 5640 5625 5616
f 5640 5616 5629
f 5641 5627 5617
f 5641 5617 5630
f 5642 5619 5632
f 5642 5628 5619
f 5643 5629 5620
f 5643 5620 5633
f 5644 5632 5621
f 5644 5621 5634
f 5645 5622 5635
f 5645 5633 5622
f 5646 5637 5636
f 5646 5647 5648
f 5646 5648 5637
f 5649 5634 5623
f 5649 5623 5638
f 5650 5624 5639
f 5650 5635 5624
f 5651 5636 5625
f 5651 5625 5640
f 5652 5638 5627
f 5652 5627 5641
f 5653 5639 5628
f 5653 5628 5642
f 5654 5629 5643
f 5654 5640 5629
f 5655 5630 5631
f 5655 5641 5630
f 5655 5631 5656
f 5655 5656 5657
f 5658 5632 5644
f 5658 5642 5632
f 5659 5633 5645
f 5659 5643 5633
f 5660 5647 5646
f 5660 5661 5662
f 5660 5662 5647
f 5663 5634 5649
f 5663 5644 5634
f 5664 5645 5635
f 5664 5635 5650
f 5665 5646 5636
f 5665 5636 5651
f 5666 5649 5638
f 5666 5638 5652
f 5667 5650 5639
f 5667 5639 5653
f 5668 5651 5640
f 5668 5640 5654
f 5669 5641 5655
f 5669 5652 5641
f 5670 5653 5642
f 5670 5642 5658
f 5671 5654 5643
f 5671 5643 5659
f 5672 5673 5661
f 5672 5661 5660
f 5674 5658 5644
f 5674 5644 5663
f 5675 5659 5645
f 5675 5645 5664
f 5676 5660 5646
f 5676 5646 5665
f 5677 5649 5666
f 5677 5663 5649
f 5678 5664 5650
f 5678 5650 5667
f 5679 5665 5651
f 5679 5651 5668
f 5680 5666 5652
f 5680 5652 5669
f 5681 5653 5670
f 5681 5667 5653
f 5682 5668 5654
f 5682 5654 5671
f 5683 5673 5672
f 5683 5684 5685
f 5683 5685 5673
f 5686 5657 5687
f 5686 5687 5688
f 5686 5655 5657
f 5686 5669 5655
f 5689 5658 5674
f 5689 5670 5658
f 5690 5659 5675
f 5690 5671 5659
f 5691 5672 5660
f 5691 5660 5676
f 5692 5674 5663
f 5692 5663 5677
f 5693 5675 5664
f 5693 5664 5678
f 5694 5665 5679
f 5694 5676 5665
f 5695 5666 5680
f 5695 5677 5666
f 5696 5678 5667
f 5696 5667 5681
f 5697 5679 5668
f 5697 5668 5682
f 5698 5684 5683
f 5698 5699 5700
f 5698 5700 5701
f 5698 5701 5684
f 5702 5680 5669
f 5702 5669 5686
f 5703 5670 5689
f 5703 5681 5670
f 5704 5671 5690
f 5704 5682 5671
f 5705 5672 5691
f 5705 5683 5672
f 5706 5674 5692
f 5706 5689 5674
f 5707 5675 5693
f 5707 5690 5675
f 5708 5691 5676
f 5708 5676 5694
f 5709 5692 5677
f 5709 5677 5695
f 5710 5678 5696
f 5710 5693 5678
f 5711 5679 5697
f 5711 5694 5679
f 5712 5680 5702
f 5712 5695 5680
f 5713 5696 5681
f 5713 5681 5703
f 5714 5697 5682
f 5714 5682 5704
f 5715 5716 5699
f 5715 5699 5698
f 5715 5683 5705
f 5715 5698 5683
f 5717 5688 5718
f 5717 5702 5686
f 5717 5686 5688
f 5719 5703 5689
f 5719 5689 5706
f 5720 5704 5690
f 5720 5690 5707
f 5721 5691 5708
f 5721 5705 5691
f 5722 5692 5709
f 5722 5706 5692
f 5723 5693 5710
f 5723 5707 5693
f 5724 5694 5711
f 5724 5708 5694
f 5725 5709 5695
f 5725 5695 5712
f 5726 5710 5696
f 5726 5696 5713
f 5727 5711 5697
f 5727 5697 5714
f 5728 5702 5717
f 5728 5712 5702
f 5729 5703 5719
f 5729 5713 5703
f 5730 5714 5704
f 5730 5704 5720
f 5731 5705 5721
f 5731 5715 5705
f 5732 5706 5722
f 5732 5719 5706
f 5733 5707 5723
f 5733 5720 5707
f 5734 5721 5708
f 5734 5708 5724
f 5735 5722 5709
f 5735 5709 5725
f 5736 5723 5710
f 5736 5710 5726
f 5737 5711 5727
f 5737 5724 5711
f 5738 5725 5712
f 5738 5712 5728
f 5739 5713 5729
f 5739 5726 5713
f 5740 5727 5714
f 5740 5714 5730
f 5741 5715 5731
f 5741 5742 5716
f 5741 5716 5715
f 5743 5718 5744
f 5743 5744 5745
f 5743 5717 5718
f 5743 5728 5717
f 5746 5719 5732
f 5746 5729 5719
f 5747 5720 5733
f 5747 5730 5720
f 5748 5731 5721
f 5748 5721 5734
f 5749 5732 5722
f 5749 5722 5735
f 5750 5733 5723
f 5750 5723 5736
f 5751 5734 5724
f 5751 5724 5737
f 5752 5725 5738
f 5752 5735 5725
f 5753 5736 5726
f 5753 5726 5739
f 5754 5737 5727
f 5754 5727 5740
f 5755 5738 5728
f 5755 5728 5743
f 5756 5739 5729
f 5756 5729 5746
f 5757 5730 5747
f 5757 5740 5730
f 5758 5741 5731
f 5758 5731 5748
f 5758 5759 5742
f 5758 5742 5741
f 5760 5746 5732
f 5760 5732 5749
f 5761 5733 5750
f 5761 5747 5733
f 5762 5734 5751
f 5762 5748 5734
f 5763 5735 5752
f 5763 5749 5735
f 5764 5750 5736
f 5764 5736 5753
f 5765 5737 5754
f 5765 5751 5737
f 5766 5738 5755
f 5766 5752 5738
f 5767 5753 5739
f 5767 5739 5756
f 5768 5754 5740
f 5768 5740 5757
f 5769 5755 5743
f 5769 5743 5745
f 5770 5756 5746
f 5770 5746 5760
f 5771 5757 5747
f 5771 5747 5761
f 5772 5759 5758
f 5772 5748 5762
f 5772 5758 5748
f 5772 5773 5759
f 5774 5760 5749
f 5774 5749 5763
f 5775 5750 5764
f 5775 5761 5750
f 5776 5751 5765
f 5776 5762 5751
f 5777 5752 5766
f 5777 5763 5752
f 5778 5753 5767
f 5778 5764 5753
f 5779 5754 5768
f 5779 5765 5754
f 5780 5755 5769
f 5780 5766 5755
f 5781 5756 5770
f 5781 5767 5756
f 5782 5757 5771
f 5782 5768 5757
f 5783 5745 5784
f 5783 5784 5785
f 5783 5769 5745
f 5786 5760 5774
f 5786 5770 5760
f 5787 5761 5775
f 5787 5771 5761
f 5788 5772 5762
f 5788 5773 5772
f 5788 5789 5773
f 5788 5762 5776
f 5790 5774 5763
f 5790 5763 5777
f 5791 5775 5764
f 5791 5764 5778
f 5792 5765 5779
f 5792 5776 5765
f 5793 5777 5766
f 5793 5766 5780
f 5794 5778 5767
f 5794 5767 5781
f 5795 5768 5782
f 5795 5779 5768
f 5796 5780 5769
f 5796 5783 5785
f 5796 5769 5783
f 5797 5781 5770
f 5797 5770 5786
f 5798 5782 5771
f 5798 5771 5787
f 5799 5786 5774
f 5799 5774 5790
f 5800 5775 5791
f 5800 5787 5775
f 5801 5776 5792
f 5801 5788 5776
f 5802 5790 5777
f 5802 5777 5793
f 5803 5778 5794
f 5803 5791 5778
f 5804 5792 5779
f 5804 5779 5795
f 5805 5793 5780
f 5805 5780 5796
f 5806 5781 5797
f 5806 5794 5781
f 5807 5782 5798
f 5807 5795 5782
f 5808 5785 5809
f 5808 5796 5785
f 5810 5797 5786
f 5810 5786 5799
f 5811 5787 5800
f 5811 5798 5787
f 5812 5788 5801
f 5812 5813 5789
f 5812 5789 5788
f 5814 5799 5790
f 5814 5790 5802
f 5815 5791 5803
f 5815 5800 5791
f 5816 5801 5792
f 5816 5792 5804
f 5817 5793 5805
f 5817 5802 5793
f 5818 5794 5806
f 5818 5803 5794
f 5819 5804 5795
f 5819 5795 5807
f 5820 5805 5796
f 5820 5808 5809
f 5820 5796 5808
f 5821 5806 5797
f 5821 5797 5810
f 5822 5798 5811
f 5822 5807 5798
f 5823 5810 5799
f 5823 5799 5814
f 5824 5811 5800
f 5824 5800 5815
f 5825 5812 5801
f 5825 5801 5816
f 5825 5826 5827
f 5825 5827 5813
f 5825 5813 5812
f 5828 5814 5802
f 5828 5802 5817
f 5829 5815 5803
f 5829 5803 5818
f 5830 5816 5804
f 5830 5804 5819
f 5831 5817 5805
f 5831 5805 5820
f 5832 5818 5806
f 5832 5806 5821
f 5833 5819 5807
f 5833 5807 5822
f 5834 5809 5835
f 5834 5835 5836
f 5834 5820 5809
f 5837 5821 5810
f 5837 5810 5823
f 5838 5822 5811
f 5838 5811 5824
f 5839 5823 5814
f 5839 5814 5828
f 5840 5815 5829
f 5840 5824 5815
f 5841 5816 5830
f 5841 5842 5826
f 5841 5825 5816
f 5841 5826 5825
f 5843 5828 5817
f 5843 5817 5831
f 5844 5829 5818
f 5844 5818 5832
f 5845 5819 5833
f 5845 5830 5819
f 5846 5831 5820
f 5846 5834 5836
f 5846 5820 5834
f 5846 5836 5847
f 5848 5832 5821
f 5848 5821 5837
f 5849 5833 5822
f 5849 5822 5838
f 5850 5837 5823
f 5850 5823 5839
f 5851 5824 5840
f 5851 5838 5824
f 5852 5839 5828
f 5852 5828 5843
f 5853 5840 5829
f 5853 5829 5844
f 5854 5842 5841
f 5854 5830 5845
f 5854 5855 5842
f 5854 5841 5830
f 5856 5843 5831
f 5856 5831 5846
f 5857 5832 5848
f 5857 5844 5832
f 5858 5845 5833
f 5858 5833 5849
f 5859 5848 5837
f 5859 5837 5850
f 5860 5838 5851
f 5860 5849 5838
f 5861 5850 5839
f 5861 5839 5852
f 5862 5851 5840
f 5862 5840 5853
f 5863 5843 5856
f 5863 5852 5843
f 5864 5844 5857
f 5864 5853 5844
f 5865 5845 5858
f 5865 5866 5855
f 5865 5855 5854
f 5865 5854 5845
f 5867 5846 5847
f 5867 5856 5846
f 5868 5857 5848
f 5868 5848 5859
f 5869 5858 5849
f 5869 5849 5860
f 5870 5859 5850
f 5870 5850 5861
f 5871 5851 5862
f 5871 5860 5851
f 5872 5861 5852
f 5872 5852 5863
f 5873 5862 5853
f 5873 5853 5864
f 5874 5863 5856
f 5874 5856 5867
f 5875 5857 5868
f 5875 5864 5857
f 5876 5858 5869
f 5876 5877 5866
f 5876 5866 5865
f 5876 5865 5858
f 5878 5847 5879
f 5878 5879 5880
f 5878 5867 5847
f 5881 5868 5859
f 5881 5859 5870
f 5882 5869 5860
f 5882 5860 5871
f 5883 5861 5872
f 5883 5870 5861
f 5884 5862 5873
f 5884 5871 5862
f 5885 5863 5874
f 5885 5872 5863
f 5886 5873 5864
f 5886 5864 5875
f 5887 5874 5867
f 5887 5880 5888
f 5887 5878 5880
f 5887 5867 5878
f 5889 5868 5881
f 5889 5875 5868
f 5890 5876 5869
f 5890 5869 5882
f 5890 5877 5876
f 5890 5891 5877
f 5892 5881 5870
f 5892 5870 5883
f 5893 5871 5884
f 5893 5882 5871
f 5894 5872 5885
f 5894 5883 5872
f 5895 5873 5886
f 5895 5884 5873
f 5896 5885 5874
f 5896 5874 5887
f 5897 5875 5889
f 5897 5886 5875
f 5898 5881 5892
f 5898 5889 5881
f 5899 5882 5893
f 5899 5900 5901
f 5899 5901 5891
f 5899 5891 5890
f 5899 5890 5882
f 5902 5892 5883
f 5902 5883 5894
f 5903 5884 5895
f 5903 5893 5884
f 5904 5894 5885
f 5904 5885 5896
f 5905 5886 5897
f 5905 5895 5886
f 5906 5888 5907
f 5906 5896 5887
f 5906 5887 5888
f 5908 5889 5898
f 5908 5897 5889
f 5909 5898 5892
f 5909 5892 5902
f 5910 5911 5900
f 5910 5900 5899
f 5910 5899 5893
f 5910 5893 5903
f 5912 5894 5904
f 5912 5902 5894
f 5913 5903 5895
f 5913 5895 5905
f 5914 5904 5896
f 5914 5896 5906
f 5915 5897 5908
f 5915 5905 5897
f 5916 5908 5898
f 5916 5898 5909
f 5917 5902 5912
f 5917 5909 5902
f 5918 5910 5903
f 5918 5903 5913
f 5918 5919 5911
f 5918 5911 5910
f 5920 5912 5904
f 5920 5904 5914
f 5921 5913 5905
f 5921 5905 5915
f 5922 5914 5906
f 5922 5907 5923
f 5922 5923 5924
f 5922 5906 5907
f 5925 5908 5916
f 5925 5915 5908
f 5926 5916 5909
f 5926 5909 5917
f 5927 5917 5912
f 5927 5912 5920
f 5928 5919 5918
f 5928 5929 5919
f 5928 5918 5913
f 5928 5913 5921
f 5930 5920 5914
f 5930 5914 5922
f 5931 5915 5925
f 5931 5921 5915
f 5932 5916 5926
f 5932 5925 5916
f 5933 5926 5917
f 5933 5917 5927
f 5934 5927 5920
f 5934 5920 5930
f 5935 5928 5921
f 5935 5929 5928
f 5935 5936 5929
f 5935 5921 5931
f 5937 5924 5938
f 5937 5938 5939
f 5937 5922 5924
f 5937 5930 5922
f 5940 5931 5925
f 5940 5925 5932
f 5941 5932 5926
f 5941 5926 5933
f 5942 5933 5927
f 5942 5927 5934
f 5943 5934 5930
f 5943 5930 5937
f 5944 5931 5940
f 5944 5945 5936
f 5944 5936 5935
f 5944 5935 5931
f 5946 5940 5932
f 5946 5932 5941
f 5947 5941 5933
f 5947 5933 5942
f 5948 5942 5934
f 5948 5934 5943
f 5949 5939 5950
f 5949 5943 5937
f 5949 5937 5939
f 5951 5952 5953
f 5951 5953 5945
f 5951 5944 5940
f 5951 5945 5944
f 5951 5940 5946
f 5954 5946 5941
f 5954 5955 5956
f 5954 5941 5947
f 5957 5942 5948
f 5957 5947 5942
f 5958 5948 5943
f 5958 5943 5949
f 5959 5956 5952
f 5959 5952 5951
f 5959 5946 5954
f 5959 5951 5946
f 5959 5954 5956
f 5960 5947 5957
f 5960 5955 5954
f 5960 5961 5955
f 5960 5954 5947
f 5962 5948 5958
f 5962 5957 5948
f 5963 5958 5949
f 5963 5950 5964
f 5963 5964 5965
f 5963 5949 5950
f 5966 5961 5960
f 5966 5957 5962
f 5966 5967 5961
f 5966 5960 5957
f 5968 5969 5970
f 5968 5962 5958
f 5968 5958 5963
f 5971 5966 5962
f 5971 5962 5968
f 5971 5968 5970
f 5971 5967 5966
f 5971 5970 5967
f 5972 5968 5963
f 5972 5969 5968
f 5972 5963 5965
f 5972 5965 5973
f 5972 5973 5974
f 5972 5974 5969
f 5974 5975 5976
f 5974 5973 5975
f 5969 5976 5977
f 5969 5974 5976
f 5970 5977 5978
f 5970 5969 5977
f 5967 5978 5979
f 5967 5970 5978
f 5961 5979 5980
f 5961 5967 5979
f 5955 5980 5981
f 5955 5961 5980
f 5956 5981 5982
f 5956 5955 5981
f 5952 5982 5983
f 5952 5956 5982
f 5953 5952 5983
f 5953 5983 5984
f 5945 5984 5985
f 5945 5953 5984
f 5936 5985 5986
f 5936 5945 5985
f 5929 5986 5987
f 5929 5936 5986
f 5919 5987 5988
f 5919 5929 5987
f 5911 5988 5989
f 5911 5919 5988
f 5900 5989 5990
f 5900 5911 5989
f 5901 5990 5991
f 5901 5900 5990
f 5891 5991 5992
f 5891 5901 5991
f 5877 5992 5993
f 5877 5993 5994
f 5877 5891 5992
f 5866 5877 5994
f 5855 5994 5995
f 5855 5866 5994
f 5842 5995 5996
f 5842 5855 5995
f 5826 5996 5997
f 5826 5842 5996
f 5827 5997 5998
f 5827 5826 5997
f 5813 5998 5999
f 5813 5827 5998
f 5789 5999 6000
f 5789 5813 5999
f 5773 6000 6001
f 5773 5789 6000
f 5759 6001 6002
f 5759 5773 6001
f 5742 6002 6003
f 5742 6003 6004
f 5742 5759 6002
f 5716 5742 6004
f 5699 6004 6005
f 5699 5716 6004
f 5700 6005 6006
f 5700 5699 6005
f 5701 6006 6007
f 5701 5700 6006
f 5009 5008 5535
f 5009 5535 5534
f 5004 5534 5532
f 5004 5009 5534
f 5005 5532 5531
f 5005 5004 5532
f 5002 5531 5530
f 5002 5005 5531
f 4996 5530 5540
f 4996 5002 5530
f 4990 5540 5538
f 4990 4996 5540
f 4991 5538 5537
f 4991 4990 5538
f 4987 4991 5537
f 4987 5537 5547
f 4988 4987 5547
f 4988 5547 5546
f 4980 4988 5546
f 4980 5546 5555
f 4971 4980 5555
f 4971 5555 5552
f 4964 4971 5552
f 4964 5552 5551
f 4954 4964 5551
f 4954 5551 5560
f 4946 4954 5560
f 4946 5560 5559
f 4935 4946 5559
f 4935 5559 5568
f 4936 4935 5568
f 4936 5568 5567
f 4926 4936 5567
f 4926 5567 5578
f 4912 4926 5578
f 4912 5578 5587
f 4901 5587 5586
f 4901 4912 5587
f 4890 5586 5595
f 4890 4901 5586
f 4877 4890 5595
f 4877 5595 5606
f 4861 5606 5605
f 4861 4877 5606
f 4862 4861 5605
f 4862 5605 5626
f 4848 5626 5637
f 4848 4862 5626
f 4824 5637 5648
f 4824 4848 5637
f 4808 5648 5647
f 4808 4824 5648
f 4794 5647 5662
f 4794 4808 5647
f 4777 5662 5661
f 4777 4794 5662
f 4751 5661 5673
f 4751 4777 5661
f 4734 5673 5685
f 4734 4751 5673
f 4735 5684 5701
f 4735 5685 5684
f 4735 4734 5685
f 4736 4735 5701
f 5543 5535 5044
f 5543 5044 5046
f 5544 5046 5055
f 5544 5543 5046
f 5574 5055 5054
f 5574 5544 5055
f 5575 5054 5067
f 5575 5574 5054
f 5597 5067 5079
f 5597 5575 5067
f 5618 5079 5078
f 5618 5597 5079
f 5631 5078 5094
f 5631 5618 5078
f 5656 5631 5094
f 5656 5094 5111
f 5657 5656 5111
f 5657 5111 5110
f 5687 5657 5110
f 5687 5110 5129
f 5688 5687 5129
f 5688 5129 5148
f 5718 5688 5148
f 5718 5148 5147
f 5744 5718 5147
f 5744 5147 5171
f 5745 5744 5171
f 5745 5171 5170
f 5784 5745 5170
f 5784 5170 5194
f 5785 5784 5194
f 5785 5194 5220
f 5809 5785 5220
f 5809 5220 5219
f 5835 5809 5219
f 5835 5219 5244
f 5836 5244 5270
f 5836 5835 5244
f 5847 5270 5269
f 5847 5836 5270
f 5879 5847 5269
f 5879 5269 5297
f 5880 5297 5326
f 5880 5879 5297
f 5888 5880 5326
f 5888 5326 5325
f 5907 5325 5357
f 5907 5888 5325
f 5923 5357 5387
f 5923 5907 5357
f 5924 5387 5386
f 5924 5923 5387
f 5938 5386 5425
f 5938 5924 5386
f 5939 5425 5424
f 5939 5938 5425
f 5950 5424 5457
f 5950 5939 5424
f 5964 5457 5456
f 5964 5950 5457
f 5965 5456 5473
f 5965 5964 5456
f 5973 5473 5484
f 5973 5965 5473
f 5045 5044 4091
f 5045 4091 4090
f 5048 4090 4088
f 5048 5045 4090
f 5050 4088 4087
f 5050 5048 4088
f 5051 4087 4086
f 5051 5050 4087
f 5052 4086 4096
f 5052 5051 4086
f 5058 4096 4094
f 5058 5052 4096
f 5062 4094 4093
f 5062 5058 4094
f 5064 5062 4093
f 5064 4093 4103
f 5065 5064 4103
f 5065 4103 4102
f 5072 5065 4102
f 5072 4102 4111
f 5081 5072 4111
f 5081 4111 4108
f 5088 5081 4108
f 5088 4108 4107
f 5089 5088 4107
f 5089 4107 4116
f 5098 5089 4116
f 5098 4116 4115
f 5106 5098 4115
f 5106 4115 4124
f 5117 5106 4124
f 5117 4124 4123
f 5126 5117 4123
f 5126 4123 4134
f 5137 5126 4134
f 5137 4134 4143
f 5150 4143 4142
f 5150 5137 4143
f 5161 4142 4151
f 5161 5150 4142
f 5162 5161 4151
f 5162 4151 4162
f 5176 4162 4161
f 5176 5162 4162
f 5188 5176 4161
f 5188 4161 4182
f 5202 4182 4193
f 5202 5188 4182
f 5215 4193 4204
f 5215 5202 4193
f 5240 4204 4203
f 5240 5215 4204
f 5255 4203 4218
f 5255 5240 4203
f 5272 4218 4217
f 5272 5255 4218
f 5273 4217 4229
f 5273 5272 4217
f 5299 4229 4241
f 5299 5273 4229
f 5314 4241 4240
f 5314 5299 4241
f 5332 4240 4257
f 5332 5314 4240
f 4529 4570 5042
f 4529 5042 4531
f 4736 5701 6007
f 4736 6007 5010
f 1437 5535 1440
f 1441 1440 5535
f 1435 5535 1437
f 1444 1441 5535
f 1433 5535 1435
f 1446 1444 5535
f 1431 5535 1433
f 1448 1446 5535
f 1429 5535 1431
f 1405 1448 5535
f 1427 5535 1429
f 1425 5535 1427
f 1423 5535 1425
f 1421 5535 1423
f 1419 5535 1421
f 1417 5535 1419
f 1415 5535 1417
f 1413 5535 1415
f 1411 5535 1413
f 1408 5535 1411
f 1407 5535 1408
f 1363 1405 5535
f 1364 1363 5535
f 1367 1364 5535
f 1369 1367 5535
f 1371 1369 5535
f 1373 1371 5535
f 1375 1373 5535
f 1377 1375 5535
f 1379 1377 5535
f 1381 1379 5535
f 1383 1381 5535
f 1385 1383 5535
f 1387 1385 5535
f 1389 1387 5535
f 1391 1389 5535
f 1393 1391 5535
f 1395 1393 5535
f 1449 5535 1407
f 1492 5535 1449
f 1490 5535 1492
f 1488 5535 1490
f 738 1320 1319
f 740 1323 1320
f 740 1320 738
f 735 738 1319
f 742 1323 740
f 742 1325 1323
f 734 735 1319
f 744 1325 742
f 744 1327 1325
f 732 734 1319
f 746 1331 1329
f 746 1329 1327
f 746 1327 744
f 730 1319 1361
f 730 732 1319
f 748 1333 1331
f 748 1331 746
f 728 730 1361
f 750 1335 1333
f 750 1333 748
f 726 728 1361
f 752 1335 750
f 752 1337 1335
f 724 726 1361
f 754 1337 752
f 754 1341 1339
f 754 1339 1337
f 722 724 1361
f 722 1361 1403
f 756 1341 754
f 756 1343 1341
f 720 1403 1401
f 720 722 1403
f 758 1345 1343
f 758 1343 756
f 718 720 1401
f 718 1401 1399
f 760 1347 1345
f 760 1345 758
f 716 718 1399
f 716 1399 1397
f 761 1351 1349
f 761 1349 1347
f 761 1347 760
f 714 1395 5535
f 714 716 1397
f 714 1397 1395
f 764 1353 1351
f 764 1351 761
f 712 714 5535
f 766 1353 764
f 766 1355 1353
f 710 712 5535
f 768 1359 1357
f 768 1357 1355
f 768 1355 766
f 708 710 5535
f 2740 1458 1456
f 2742 2740 1456
f 2742 1456 1454
f 2738 1458 2740
f 2738 1460 1458
f 2744 1454 1452
f 2744 2742 1454
f 2736 1462 1460
f 2736 1460 2738
f 2746 2744 1452
f 519 1317 1359
f 519 1359 768
f 2734 1464 1462
f 2734 1462 2736
f 2748 2746 1452
f 2732 1466 1464
f 2732 1464 2734
f 2750 2748 1452
f 2730 1466 2732
f 2730 1468 1466
f 2752 2750 1452
f 2728 1468 2730
f 2728 1470 1468
f 706 708 5535
f 2753 2752 1452
f 2726 1470 2728
f 2726 1472 1470
f 2756 2753 1452
f 2724 1472 2726
f 2724 1474 1472
f 520 1317 519
f 2757 2756 1452
f 2722 1474 2724
f 2722 1476 1474
f 2759 2757 1452
f 2720 1476 2722
f 2720 1478 1476
f 704 706 5535
f 2762 2759 1452
f 2762 1452 1494
f 2718 1478 2720
f 2718 1480 1478
f 2764 2762 1494
f 522 1317 520
f 2716 1480 2718
f 2765 2764 1494
f 2768 2765 1494
f 2769 2768 1494
f 524 1317 522
f 2771 2769 1494
f 2773 2771 1494
f 526 1317 524
f 2775 2773 1494
f 2777 2775 1494
f 528 1317 526
f 2780 2777 1494
f 2780 1494 1536
f 2782 2780 1536
f 2782 1536 1534
f 2783 2782 1534
f 2783 1534 1532
f 530 1317 528
f 2786 2783 1532
f 2786 1532 1530
f 2787 2786 1530
f 2787 1530 1528
f 532 1317 530
f 2790 2787 1528
f 2790 1528 1526
f 2791 2790 1526
f 2791 1526 1524
f 534 1273 1317
f 534 1317 532
f 2793 1524 1522
f 2793 2791 1524
f 2795 2793 1522
f 2795 1522 1520
f 536 1273 534
f 2693 1520 1518
f 2693 2795 1520
f 538 1273 536
f 540 1273 538
f 542 1273 540
f 544 1273 542
f 546 1273 544
f 548 1273 546
f 550 1274 1273
f 550 1273 548
f 552 1277 1274
f 552 1274 550
f 554 1279 1277
f 554 1277 552
f 556 1281 1279
f 556 1279 554
f 558 1281 556
f 558 1283 1281
f 2368 2704 2702
f 2365 2706 2704
f 2365 2704 2368
f 2369 2702 2700
f 2369 2368 2702
f 2364 2708 2706
f 2364 2706 2365
f 2372 2700 2698
f 2372 2698 2696
f 2372 2369 2700
f 2362 2710 2708
f 2362 2708 2364
f 2267 2372 2696
f 2359 2710 2362
f 2359 2712 2710
f 2357 2712 2359
f 2357 2714 2712
f 2355 2714 2357
f 2355 2716 2714
f 2353 1480 2716
f 2353 2716 2355
f 2353 1482 1480
f 2351 1482 2353
f 2351 1484 1482
f 2349 1484 2351
f 2349 1486 1484
f 2347 1486 2349
f 2347 5535 1488
f 2347 1488 1486
f 2345 5535 2347
f 2343 5535 2345
f 2342 5535 2343
f 2339 5535 2342
f 2337 5535 2339
f 2268 2267 2696
f 1244 672 674
f 1244 674 676
f 1244 676 1242
f 1239 676 678
f 1239 1242 676
f 1246 670 672
f 1246 672 1244
f 1238 678 680
f 1238 1239 678
f 1248 670 1246
f 1236 680 682
f 1236 1238 680
f 1250 668 670
f 1250 670 1248
f 1234 682 684
f 1234 1236 682
f 1252 666 668
f 1252 668 1250
f 1232 684 686
f 1232 1234 684
f 1254 664 666
f 1254 666 1252
f 1230 686 688
f 1230 1232 686
f 1256 660 662
f 1256 662 664
f 1256 664 1254
f 1228 688 690
f 1228 1230 688
f 1258 658 660
f 1258 660 1256
f 1226 690 692
f 1226 1228 690
f 2590 2691 2693
f 2590 2693 1518
f 2590 1518 1515
f 2592 2590 1515
f 2592 1515 1513
f 2594 2592 1513
f 2594 1513 1511
f 1260 656 658
f 1260 658 1258
f 2596 2594 1511
f 2596 1511 1509
f 1224 692 694
f 1224 1226 692
f 2598 2596 1509
f 2598 1509 1507
f 2600 2598 1507
f 2600 1507 1505
f 1262 656 1260
f 2602 2600 1505
f 2602 1505 1503
f 1222 1224 694
f 1222 694 696
f 2604 2602 1503
f 2604 1503 1501
f 1264 654 656
f 1264 656 1262
f 2606 2604 1501
f 2606 1501 1499
f 1220 1222 696
f 1220 696 698
f 2608 2606 1499
f 2608 1499 1498
f 1265 650 652
f 1265 652 654
f 1265 654 1264
f 2610 2608 1498
f 2610 1498 1496
f 1218 1220 698
f 1218 698 700
f 2612 2610 1496
f 1268 648 650
f 1268 650 1265
f 2614 2612 1496
f 1216 700 702
f 1216 1218 700
f 2616 2614 1496
f 1270 646 648
f 1270 648 1268
f 2618 2616 1496
f 1214 704 5535
f 1214 702 704
f 1214 1216 702
f 2620 2618 1496
f 1272 644 646
f 1272 646 1270
f 2622 2620 1496
f 1212 1214 5535
f 2624 2622 1496
f 1023 644 1272
f 2626 2624 1496
f 1024 640 642
f 1024 642 644
f 1024 644 1023
f 2628 2626 1496
f 2628 1496 1315
f 2630 2628 1315
f 1026 638 640
f 1026 640 1024
f 2632 2630 1315
f 2634 2632 1315
f 1028 638 1026
f 2635 2634 1315
f 2637 2635 1315
f 1030 638 1028
f 1030 634 636
f 1030 636 638
f 2640 2637 1315
f 2642 2640 1315
f 1032 634 1030
f 2643 2642 1315
f 2646 1315 1314
f 2646 2643 1315
f 1034 630 632
f 1034 632 634
f 1034 634 1032
f 2648 1314 1311
f 2648 2646 1314
f 2650 1311 1309
f 2650 2648 1311
f 1036 630 1034
f 2652 1309 1307
f 2652 2650 1309
f 1038 628 630
f 1038 630 1036
f 1040 624 626
f 1040 626 628
f 1040 628 1038
f 1042 624 1040
f 990 592 594
f 992 592 990
f 992 590 592
f 987 990 594
f 987 594 596
f 994 590 992
f 994 588 590
f 986 987 596
f 986 596 598
f 996 588 994
f 996 586 588
f 984 598 600
f 984 986 598
f 998 586 996
f 998 584 586
f 982 984 600
f 1000 584 998
f 1000 582 584
f 980 600 602
f 980 602 604
f 980 982 600
f 1002 582 1000
f 1002 580 582
f 978 604 606
f 978 980 604
f 1004 580 1002
f 1004 578 580
f 976 606 608
f 976 978 606
f 1006 576 578
f 1006 578 1004
f 974 608 610
f 974 976 608
f 1008 576 1006
f 1008 574 576
f 972 974 610
f 1010 574 1008
f 1010 572 574
f 970 610 612
f 970 972 610
f 1012 572 1010
f 1012 570 572
f 968 612 614
f 968 614 616
f 968 970 612
f 1013 570 1012
f 1013 568 570
f 966 968 616
f 1016 568 1013
f 1016 566 568
f 964 616 618
f 964 966 616
f 1018 566 1016
f 1018 564 566
f 962 618 620
f 962 964 618
f 1020 564 1018
f 1020 562 564
f 960 620 622
f 960 962 620
f 771 562 1020
f 771 560 562
f 958 622 624
f 958 624 1042
f 958 1042 1044
f 958 960 622
f 772 1285 1283
f 772 1283 558
f 772 560 771
f 772 558 560
f 956 1044 1046
f 956 958 1044
f 774 1287 1285
f 774 1285 772
f 954 1046 1048
f 954 956 1046
f 776 1289 1287
f 776 1287 774
f 952 1048 1050
f 952 954 1048
f 778 1289 776
f 778 1291 1289
f 950 1050 1052
f 950 952 1050
f 780 1293 1291
f 780 1291 778
f 948 1052 1054
f 948 950 1052
f 782 1297 1295
f 782 1295 1293
f 782 1293 780
f 946 948 1054
f 946 1054 1056
f 784 1299 1297
f 784 1297 782
f 944 946 1056
f 944 1056 1058
f 786 1301 1299
f 786 1299 784
f 942 1058 1060
f 942 944 1058
f 788 1303 1301
f 788 1301 786
f 940 942 1060
f 940 1060 1062
f 790 1305 1303
f 790 1303 788
f 938 1062 1064
f 938 940 1062
f 792 1307 1305
f 792 1305 790
f 936 1064 1066
f 936 938 1064
f 934 1066 1068
f 934 936 1066
f 932 1068 1070
f 932 934 1068
f 930 1070 1072
f 930 932 1070
f 928 1072 1074
f 928 930 1072
f 926 1074 1076
f 926 928 1074
f 924 1076 1078
f 924 926 1076
f 922 924 1078
f 922 1078 1080
f 920 922 1080
f 920 1080 1082
f 918 1082 1084
f 918 920 1082
f 916 1084 1086
f 916 918 1084
f 914 1086 1088
f 914 916 1086
f 912 1088 1090
f 912 914 1088
f 910 1090 1092
f 910 912 1090
f 2375 2271 2373
f 908 910 1092
f 908 1092 1094
f 2478 2275 2272
f 2478 2272 2271
f 2478 2271 2375
f 2475 2275 2478
f 906 1094 1096
f 906 908 1094
f 2474 2277 2275
f 2474 2275 2475
f 2472 2279 2277
f 2472 2277 2474
f 904 1096 1098
f 904 906 1096
f 902 1098 1100
f 902 904 1098
f 900 902 1100
f 900 1100 1102
f 898 900 1102
f 898 1102 1104
f 896 898 1104
f 896 1104 1106
f 894 896 1106
f 894 1106 1108
f 2483 2585 2587
f 3860 3858 1186
f 3860 1186 1188
f 3856 1186 3858
f 3856 1184 1186
f 3862 3860 1188
f 3862 1188 1190
f 3854 1184 3856
f 3854 1182 1184
f 3852 1182 3854
f 3852 1180 1182
f 3864 3862 1190
f 3864 1190 1192
f 3850 1180 3852
f 3850 1178 1180
f 3865 3864 1192
f 3865 1192 1194
f 3868 3865 1194
f 3868 1194 1196
f 3848 1178 3850
f 3870 1196 1198
f 3870 3868 1196
f 3846 1178 3848
f 3846 1176 1178
f 3844 1176 3846
f 3844 1174 1176
f 3872 3870 1198
f 3872 1198 1200
f 3842 1174 3844
f 3842 1172 1174
f 3874 3872 1200
f 3875 3874 1200
f 3875 1200 1202
f 3840 1172 3842
f 3840 1170 1172
f 3877 3875 1202
f 3877 1202 1204
f 3838 1170 3840
f 3836 1170 3838
f 3836 1168 1170
f 3879 1204 1206
f 3879 3877 1204
f 3834 1168 3836
f 3834 1166 1168
f 3881 1206 1208
f 3881 3879 1206
f 3832 1166 3834
f 3832 1164 1166
f 3883 1208 1210
f 3883 3881 1208
f 3830 1164 3832
f 3828 1164 3830
f 3828 1162 1164
f 3826 1140 1142
f 3826 1142 1144
f 3826 1144 1146
f 3826 1146 1148
f 3826 1148 1150
f 3826 1150 1152
f 3826 1152 1154
f 3826 1154 1156
f 3826 1156 1158
f 3826 1158 1160
f 3826 1160 1162
f 3826 1162 3828
f 2481 2380 2378
f 2481 2378 2480
f 2583 2380 2481
f 2581 2380 2583
f 2581 2381 2380
f 2579 2383 2381
f 2579 2381 2581
f 2577 2383 2579
f 2577 2385 2383
f 33 2309 2307
f 35 2311 2309
f 35 2309 33
f 31 2307 2305
f 31 33 2307
f 37 2313 2311
f 37 2311 35
f 29 2305 2303
f 29 31 2305
f 39 2315 2313
f 39 2313 37
f 27 2303 2301
f 27 29 2303
f 42 2317 2315
f 42 2315 39
f 25 2301 2299
f 25 27 2301
f 23 2299 2297
f 23 2297 2295
f 23 25 2299
f 43 2317 42
f 43 2319 2317
f 45 2321 2319
f 45 2319 43
f 21 2295 2293
f 21 23 2295
f 47 2321 45
f 47 2323 2321
f 19 2293 2291
f 19 21 2293
f 49 2325 2323
f 49 2323 47
f 17 19 2291
f 17 2291 2289
f 15 17 2289
f 15 2289 2287
f 52 2327 2325
f 52 2325 49
f 13 2287 2285
f 13 15 2287
f 54 2327 52
f 54 2329 2327
f 56 2329 54
f 56 2331 2329
f 11 2285 2283
f 11 13 2285
f 9 2283 2281
f 9 11 2283
f 58 2331 56
f 58 2333 2331
f 60 2333 58
f 7 2281 2279
f 7 9 2281
f 5 2279 2472
f 5 7 2279
f 5 2472 2470
f 3 2470 2468
f 3 5 2470
f 1 3 2468
f 1 2468 2466
f 1 2466 2464
f 1 2464 2462
f 1 2462 2460
f 1 2460 2458
f 1 2458 2456
f 1569 2661 2659
f 1569 2659 2658
f 1567 2664 2661
f 1567 2661 1569
f 1571 1569 2658
f 1571 2658 2655
f 1571 2655 2653
f 1565 2668 2666
f 1565 2666 2664
f 1565 2664 1567
f 1573 1571 2653
f 1573 2653 2652
f 1563 2671 2670
f 1563 2670 2668
f 1563 2668 1565
f 1575 1307 792
f 1575 2652 1307
f 1575 1573 2652
f 1575 792 794
f 1575 794 796
f 1561 2676 2674
f 1561 2674 2671
f 1561 2671 1563
f 1577 1575 796
f 1577 796 798
f 1559 2679 2678
f 1559 2678 2676
f 1559 2676 1561
f 1579 1577 798
f 1579 798 800
f 1557 2681 2679
f 1557 2679 1559
f 1581 800 802
f 1581 802 804
f 1581 1579 800
f 1555 2686 2684
f 1555 2684 2681
f 1555 2681 1557
f 1583 804 806
f 1583 1581 804
f 1553 2690 2687
f 1553 2687 2686
f 1553 2686 1555
f 1585 806 808
f 1585 808 810
f 1585 1583 806
f 1551 2484 2483
f 1551 2587 2690
f 1551 2483 2587
f 1551 2690 1553
f 1587 810 812
f 1587 1585 810
f 1549 2487 2484
f 1549 2484 1551
f 1549 2489 2487
f 1589 812 814
f 1589 814 816
f 1589 1587 812
f 1547 2489 1549
f 1547 2493 2491
f 1547 2491 2489
f 1591 816 818
f 1591 1589 816
f 3757 3759 3761
f 1545 2493 1547
f 1545 2497 2495
f 1545 2495 2493
f 1593 818 820
f 1593 820 822
f 1593 1591 818
f 1543 2497 1545
f 1543 2501 2499
f 1543 2499 2497
f 1595 822 824
f 1595 1593 822
f 3753 3757 3761
f 3753 3756 3757
f 1541 2501 1543
f 1541 2505 2503
f 1541 2503 2501
f 1597 824 826
f 1597 826 828
f 1597 1595 824
f 1538 2505 1541
f 1538 2509 2507
f 1538 2507 2505
f 3749 3753 3761
f 3749 3752 3753
f 1599 828 830
f 1599 1597 828
f 1537 2509 1538
f 1537 2513 2511
f 1537 2511 2509
f 1601 830 832
f 1601 832 834
f 1601 1599 830
f 1787 2513 1537
f 1787 2519 2517
f 1787 2517 2515
f 1787 2515 2513
f 3745 3749 3761
f 3745 3748 3749
f 1603 834 836
f 1603 1601 834
f 516 2456 2454
f 516 2454 2452
f 516 2452 2449
f 516 2449 2448
f 516 2448 2445
f 516 1 2456
f 1785 2519 1787
f 1785 2523 2521
f 1785 2521 2519
f 514 516 2445
f 514 2445 2444
f 511 514 2444
f 511 2444 2441
f 1605 1603 836
f 1605 836 838
f 1605 838 840
f 510 511 2441
f 510 2441 2440
f 508 2440 2438
f 508 510 2440
f 3742 3745 3761
f 3742 3743 3745
f 1783 2523 1785
f 1783 2527 2525
f 1783 2525 2523
f 506 508 2438
f 506 2438 2436
f 504 506 2436
f 504 2436 2433
f 1607 840 842
f 1607 1605 840
f 502 504 2433
f 502 2433 2432
f 499 2432 2430
f 499 502 2432
f 1782 2527 1783
f 1782 2531 2529
f 1782 2529 2527
f 497 499 2430
f 497 2430 2427
f 497 2427 2425
f 3738 3739 3742
f 3889 1120 1122
f 3889 1122 1124
f 3889 1124 1126
f 3889 1126 1128
f 3889 1128 1130
f 3889 1130 1132
f 3889 1132 1134
f 3889 1134 1136
f 3889 1136 1138
f 3889 1138 1140
f 3889 1140 3826
f 495 497 2425
f 495 2425 2424
f 1609 1607 842
f 1609 842 844
f 1609 844 846
f 3953 1120 3889
f 3953 1118 1120
f 493 495 2424
f 3952 1118 3953
f 3952 1116 1118
f 3949 1116 3952
f 3949 1114 1116
f 1779 2531 1782
f 1779 2535 2533
f 1779 2533 2531
f 3735 3738 3742
f 3735 3742 3761
f 3947 1114 3949
f 3947 1112 1114
f 3945 1112 3947
f 1611 846 848
f 1611 1609 846
f 3943 1110 1112
f 3943 1112 3945
f 3941 894 1108
f 3941 1108 1110
f 3941 1110 3943
f 3733 3735 3761
f 3940 892 894
f 3940 894 3941
f 1777 2535 1779
f 1777 2539 2537
f 1777 2537 2535
f 3938 890 892
f 3938 892 3940
f 3936 890 3938
f 3936 888 890
f 1613 848 850
f 1613 850 852
f 1613 1611 848
f 3731 3733 3761
f 3934 886 888
f 3934 888 3936
f 3931 886 3934
f 3930 884 886
f 3930 886 3931
f 1775 2543 2541
f 1775 2541 2539
f 1775 2539 1777
f 3928 884 3930
f 3928 882 884
f 3926 882 3928
f 3926 880 882
f 1615 852 854
f 1615 1613 852
f 3924 880 3926
f 3924 878 880
f 3922 878 3924
f 3922 876 878
f 1773 2543 1775
f 1773 2547 2545
f 1773 2545 2543
f 3920 876 3922
f 3918 876 3920
f 3918 874 876
f 1617 854 856
f 1617 856 858
f 1617 1615 854
f 3725 3727 3730
f 1771 2547 1773
f 1771 2551 2549
f 1771 2549 2547
f 3723 3725 3730
f 3723 3731 3761
f 3723 3730 3731
f 1619 858 860
f 1619 1617 858
f 1769 2555 2553
f 1769 2553 2551
f 1769 2551 1771
f 3719 3723 3761
f 3719 3721 3723
f 1621 860 862
f 1621 1619 860
f 3717 3719 3761
f 1767 2559 2557
f 1767 2557 2555
f 1767 2555 1769
f 1623 862 864
f 1623 864 866
f 1623 1621 862
f 3715 3717 3761
f 1765 2563 2561
f 1765 2561 2559
f 1765 2559 1767
f 1625 866 868
f 1625 1623 866
f 3711 3715 3761
f 3711 3713 3715
f 1763 2567 2565
f 1763 2565 2563
f 1763 2563 1765
f 3709 3711 3761
f 1627 868 870
f 1627 1625 868
f 3707 3709 3761
f 1761 2569 2567
f 1761 2567 1763
f 3705 3707 3761
f 3619 3800 3798
f 3617 3802 3800
f 3617 3800 3619
f 3621 3798 3796
f 3621 3619 3798
f 3615 3804 3802
f 3615 3802 3617
f 3623 3796 3794
f 3623 3621 3796
f 3613 3804 3615
f 3613 3806 3804
f 3625 3794 3792
f 3625 3623 3794
f 3611 3806 3613
f 3611 3807 3806
f 3627 3792 3790
f 3627 3625 3792
f 3609 3807 3611
f 3609 3809 3807
f 3629 3790 3788
f 3629 3627 3790
f 1629 1627 870
f 1629 870 872
f 3607 3809 3609
f 3607 3811 3809
f 3631 3788 3786
f 3631 3629 3788
f 3605 3811 3607
f 3605 3813 3811
f 3633 3786 3784
f 3633 3631 3786
f 3603 3813 3605
f 3603 3815 3813
f 3635 3784 3782
f 3635 3633 3784
f 3601 3815 3603
f 3601 3817 3815
f 3637 3782 3780
f 3637 3635 3782
f 3599 3819 3817
f 3599 3817 3601
f 3597 3819 3599
f 3597 3821 3819
f 1759 2569 1761
f 3594 3821 3597
f 3594 3763 3821
f 3593 3763 3594
f 3593 3761 3763
f 3699 3701 3703
f 3651 3761 3593
f 3697 3699 3703
f 3697 3705 3761
f 3697 3703 3705
f 3653 3761 3651
f 3657 3653 3655
f 3689 3697 3761
f 3689 3691 3693
f 3689 3693 3695
f 3689 3695 3697
f 3661 3761 3653
f 3661 3657 3659
f 3661 3653 3657
f 3683 3685 3687
f 3683 3687 3689
f 3669 3661 3663
f 3669 3663 3665
f 3669 3665 3667
f 3671 3661 3669
f 356 477 479
f 3677 3679 3681
f 3677 3681 3683
f 3677 3683 3689
f 358 477 356
f 358 473 475
f 358 475 477
f 353 356 479
f 353 479 481
f 3675 3761 3661
f 3675 3671 3673
f 3675 3689 3761
f 3675 3661 3671
f 3675 3677 3689
f 360 471 473
f 360 473 358
f 352 353 481
f 352 481 483
f 352 483 485
f 362 467 469
f 362 469 471
f 362 471 360
f 350 352 485
f 350 485 487
f 364 467 362
f 364 465 467
f 348 350 487
f 348 487 489
f 366 465 364
f 366 461 463
f 366 463 465
f 346 348 489
f 346 489 492
f 346 492 493
f 368 461 366
f 368 459 461
f 344 493 2424
f 344 2424 2421
f 344 346 493
f 5008 4028 4026
f 5008 4026 4024
f 5008 1210 1212
f 5008 4024 3590
f 5008 3590 3589
f 5008 3589 3649
f 5008 3649 3647
f 5008 3647 3645
f 5008 3645 3643
f 5008 3643 3641
f 5008 3641 3639
f 5008 3639 3637
f 5008 3780 3778
f 5008 3778 3776
f 5008 3776 3774
f 5008 3774 3772
f 5008 3772 3770
f 5008 3770 3768
f 5008 3768 3766
f 5008 3766 3823
f 5008 3823 3887
f 5008 3887 3886
f 5008 3886 3883
f 5008 3883 1210
f 5008 1212 5535
f 5008 3637 3780
f 5044 60 61
f 5044 61 64
f 5044 64 66
f 5044 66 67
f 5044 2335 2333
f 5044 67 69
f 5044 69 71
f 5044 71 73
f 5044 133 387
f 5044 73 75
f 5044 75 77
f 5044 77 79
f 5044 79 81
f 5044 81 83
f 5044 83 85
f 5044 85 87
f 5044 2333 60
f 5044 87 89
f 5044 89 91
f 5044 91 93
f 5044 93 95
f 5044 95 97
f 5044 97 99
f 5044 99 101
f 5044 101 103
f 5044 103 105
f 5044 105 108
f 5044 108 109
f 5044 109 111
f 5044 111 113
f 5044 113 115
f 5044 115 118
f 5044 118 120
f 5044 120 122
f 5044 122 124
f 5044 124 126
f 5044 126 127
f 5044 127 130
f 5044 130 132
f 5044 132 133
f 370 459 368
f 370 455 457
f 370 457 459
f 389 5044 387
f 4030 4028 5008
f 342 344 2421
f 342 2421 2420
f 342 2420 2417
f 372 455 370
f 372 453 455
f 391 5044 389
f 4032 4030 5008
f 340 342 2417
f 340 2417 2416
f 393 5044 391
f 374 453 372
f 374 451 453
f 4034 4032 5008
f 395 5044 393
f 338 2416 2414
f 338 340 2416
f 4036 4034 5008
f 376 451 374
f 336 338 2414
f 336 2414 2411
f 336 2411 2409
f 4038 4036 5008
f 378 451 376
f 4040 4038 5008
f 334 336 2409
f 334 2409 2408
f 4042 4040 5008
f 379 451 378
f 332 334 2408
f 332 2408 2405
f 4044 4042 5008
f 382 451 379
f 4046 4044 5008
f 330 332 2405
f 330 2405 2404
f 330 2404 2401
f 4048 4046 5008
f 384 451 382
f 4050 4048 5008
f 328 2401 2399
f 328 330 2401
f 4052 4050 5008
f 386 451 384
f 326 2399 2397
f 326 328 2399
f 4054 4052 5008
f 137 451 386
f 137 450 451
f 4056 4054 5008
f 324 2397 2395
f 324 2395 2393
f 324 326 2397
f 4058 4056 5008
f 138 450 137
f 4060 4058 5008
f 322 2393 2391
f 322 324 2393
f 4061 4060 5008
f 140 450 138
f 4064 4061 5008
f 320 2391 2389
f 320 322 2391
f 4066 4064 5008
f 4068 4066 5008
f 142 450 140
f 4070 4068 5008
f 318 2389 2387
f 318 320 2389
f 4071 4070 5008
f 144 450 142
f 4073 4071 5008
f 316 318 2387
f 316 2387 2385
f 316 2385 2577
f 316 2577 2576
f 4075 4073 5008
f 146 450 144
f 4077 4075 5008
f 4079 4077 5008
f 314 2576 2573
f 314 316 2576
f 4082 4079 5008
f 148 450 146
f 4083 4082 5008
f 4021 4083 5008
f 312 314 2573
f 312 2569 1759
f 312 2573 2572
f 312 2572 2569
f 150 450 148
f 150 448 450
f 310 312 1759
f 152 448 150
f 152 445 448
f 308 310 1759
f 308 1759 1757
f 154 445 152
f 154 442 444
f 154 444 445
f 306 308 1757
f 306 1757 1756
f 156 442 154
f 156 440 442
f 304 306 1756
f 304 1756 1753
f 158 436 438
f 158 438 440
f 158 440 156
f 160 436 158
f 160 433 436
f 162 429 431
f 162 431 433
f 162 433 160
f 164 429 162
f 164 427 429
f 166 427 164
f 166 423 426
f 166 426 427
f 168 423 166
f 168 421 423
f 170 419 421
f 170 421 168
f 172 419 170
f 172 415 417
f 172 417 419
f 174 413 415
f 174 415 172
f 176 413 174
f 176 411 413
f 178 411 176
f 178 407 409
f 178 409 411
f 180 407 178
f 180 405 407
f 182 403 405
f 182 405 180
f 184 403 182
f 184 401 403
f 186 399 401
f 186 401 184
f 188 399 186
f 188 5044 395
f 188 395 397
f 188 397 399
f 190 5044 188
f 192 5044 190
f 194 5044 192
f 196 5044 194
f 198 5044 196
f 200 5044 198
f 202 5044 200
f 204 5044 202
f 3227 1637 1635
f 3225 3227 1635
f 3229 1639 1637
f 3229 1637 3227
f 3223 3225 1635
f 3223 1635 1633
f 3231 1639 3229
f 3221 3223 1633
f 3233 1641 1639
f 3233 1639 3231
f 3219 1633 1631
f 3219 3221 1633
f 3236 1641 3233
f 3217 1631 1629
f 3217 3219 1631
f 3237 1643 1641
f 3237 1641 3236
f 3239 1643 3237
f 3215 1629 872
f 3215 3217 1629
f 3213 874 3918
f 3213 3918 3916
f 3213 872 874
f 3213 3215 872
f 3241 1645 1643
f 3241 1643 3239
f 3958 4021 5008
f 3211 3916 3914
f 3211 3213 3916
f 3243 1645 3241
f 3209 3914 3912
f 3209 3211 3914
f 3246 1645 3243
f 3246 1647 1645
f 3960 3958 5008
f 3248 1647 3246
f 3207 3912 3910
f 3207 3209 3912
f 3205 3910 3908
f 3205 3207 3910
f 3250 1647 3248
f 3250 1649 1647
f 3962 3960 5008
f 3203 3908 3906
f 3203 3205 3908
f 3252 1649 3250
f 3964 3962 5008
f 3201 3906 3904
f 3201 3203 3906
f 3254 1651 1649
f 3254 1649 3252
f 3966 3964 5008
f 3199 3904 3902
f 3199 3201 3904
f 3255 1651 3254
f 3258 1651 3255
f 3197 3902 3900
f 3197 3199 3902
f 3195 3197 3900
f 3195 3900 3898
f 3195 3898 3896
f 3195 3896 3894
f 3195 3894 3892
f 3260 1661 1659
f 3260 1659 1657
f 3260 1657 1655
f 3260 1655 1653
f 3260 1653 1651
f 3260 1651 3258
f 1866 296 298
f 1867 298 300
f 1867 1866 298
f 1868 296 1866
f 1868 294 296
f 1874 300 302
f 1874 1867 300
f 1860 294 1868
f 1860 292 294
f 1875 1874 302
f 1875 304 1753
f 1875 302 304
f 1859 292 1860
f 1859 290 292
f 1861 290 1859
f 1861 288 290
f 1882 1875 1753
f 1882 1753 1751
f 1853 288 1861
f 1853 286 288
f 1880 1882 1751
f 1880 1751 1749
f 1852 286 1853
f 1852 284 286
f 1881 1749 1747
f 1881 1880 1749
f 1854 284 1852
f 1854 282 284
f 1888 1747 1745
f 1888 1881 1747
f 1846 282 1854
f 1846 280 282
f 1889 1888 1745
f 1845 280 1846
f 1845 278 280
f 1843 278 1845
f 1843 276 278
f 1896 1889 1745
f 1896 1745 1743
f 1842 276 1843
f 1842 274 276
f 1894 1896 1743
f 1894 1743 1741
f 1837 274 1842
f 1837 272 274
f 1836 272 1837
f 1836 270 272
f 1895 1894 1741
f 1895 1741 1739
f 1833 270 1836
f 1833 268 270
f 1903 1895 1739
f 1903 1739 1737
f 1832 268 1833
f 1832 266 268
f 1834 264 266
f 1834 266 1832
f 1904 1903 1737
f 1791 264 1834
f 1911 1904 1737
f 1911 1737 1735
f 2265 262 264
f 2265 264 1791
f 2266 262 2265
f 2266 260 262
f 1909 1911 1735
f 1909 1735 1733
f 2263 258 260
f 2263 260 2266
f 1910 1909 1733
f 1910 1733 1731
f 2261 256 258
f 2261 258 2263
f 1918 1910 1731
f 1918 1731 1729
f 2260 254 256
f 2260 256 2261
f 2257 252 254
f 2257 254 2260
f 1919 1918 1729
f 1919 1729 1727
f 2256 250 252
f 2256 252 2257
f 1923 1919 1727
f 2258 248 250
f 2258 250 2256
f 3262 3195 3892
f 3264 1671 1669
f 3264 1669 1667
f 3264 1667 1665
f 3264 1665 1663
f 3264 1663 1661
f 3264 1661 3260
f 3588 3262 3892
f 3265 1673 1671
f 3265 1671 3264
f 2252 248 2258
f 2252 246 248
f 1924 1727 1725
f 1924 1923 1727
f 3585 3588 3892
f 3267 1673 3265
f 3584 3585 3892
f 3269 1673 3267
f 3269 1675 1673
f 3582 3584 3892
f 3271 1675 3269
f 2251 246 2252
f 2251 244 246
f 3580 3582 3892
f 3273 1677 1675
f 3273 1675 3271
f 1934 1924 1725
f 1934 1725 1723
f 3275 1677 3273
f 3277 1677 3275
f 3277 1679 1677
f 2253 244 2251
f 3279 1679 3277
f 3281 1681 1679
f 3281 1679 3279
f 1932 1934 1723
f 1932 1723 1721
f 3283 1681 3281
f 2254 244 2253
f 2254 242 244
f 3285 1681 3283
f 3285 1683 1681
f 3287 1683 3285
f 3289 1685 1683
f 3289 1683 3287
f 2248 240 242
f 2248 242 2254
f 1933 1932 1721
f 1933 1721 1719
f 3291 1685 3289
f 3293 1685 3291
f 3293 1687 1685
f 3295 1687 3293
f 2247 238 240
f 2247 240 2248
f 3297 1689 1687
f 3297 1687 3295
f 1938 1933 1719
f 3299 1689 3297
f 2249 238 2247
f 2249 236 238
f 3301 1689 3299
f 3301 1691 1689
f 3304 1693 1691
f 3304 1691 3301
f 3305 1693 3304
f 2243 236 2249
f 2243 234 236
f 3307 1693 3305
f 1939 1719 1717
f 1939 1938 1719
f 2242 234 2243
f 2242 232 234
f 1947 1717 1715
f 1947 1939 1717
f 2244 232 2242
f 1948 1715 1713
f 1948 1947 1715
f 2245 232 2244
f 2245 230 232
f 2239 228 230
f 2239 230 2245
f 1953 1713 1711
f 1953 1948 1713
f 2238 226 228
f 2238 228 2239
f 1954 1711 1709
f 1954 1953 1711
f 2240 224 226
f 2240 226 2238
f 2234 224 2240
f 1959 1954 1709
f 2233 222 224
f 2233 224 2234
f 1960 1709 1707
f 1960 1959 1709
f 2235 220 222
f 2235 222 2233
f 2236 218 220
f 2236 220 2235
f 1965 1707 1705
f 1965 1960 1707
f 2231 218 2236
f 1971 1705 1703
f 1971 1965 1705
f 3361 3557 3559
f 3361 3363 3557
f 3365 3555 3557
f 3365 3557 3363
f 3359 3361 3559
f 3359 3559 3561
f 3367 3553 3555
f 3367 3555 3365
f 3357 3561 3563
f 3357 3563 3566
f 3357 3359 3561
f 3369 3551 3553
f 3369 3553 3367
f 3355 3566 3567
f 3355 3357 3566
f 3372 3549 3551
f 3372 3551 3369
f 3353 3355 3567
f 3373 3545 3547
f 3373 3547 3549
f 3373 3549 3372
f 3351 3353 3567
f 3351 3567 3569
f 3351 3569 3571
f 3375 3545 3373
f 3349 3351 3571
f 3377 3541 3543
f 3377 3543 3545
f 3377 3545 3375
f 2230 216 218
f 2230 218 2231
f 3347 3571 3573
f 3347 3573 3576
f 3347 3349 3571
f 3379 3541 3377
f 3345 3347 3576
f 3382 3539 3541
f 3382 3541 3379
f 3343 3345 3576
f 3343 3576 3578
f 3384 3537 3539
f 3384 3539 3382
f 3341 3580 3892
f 3341 3343 3578
f 3341 3578 3580
f 3386 3535 3537
f 3386 3537 3384
f 3339 3892 3955
f 3339 3341 3892
f 3388 3533 3535
f 3388 3535 3386
f 1972 1703 1701
f 1972 1971 1703
f 3337 3339 3955
f 3390 3531 3533
f 3390 3533 3388
f 3335 3337 3955
f 3391 3527 3529
f 3391 3529 3531
f 3391 3531 3390
f 3333 3335 3955
f 3394 3527 3391
f 3331 3333 3955
f 3396 3526 3527
f 3396 3527 3394
f 2222 216 2230
f 2222 214 216
f 1977 1701 1699
f 1977 1972 1701
f 2221 212 214
f 2221 214 2222
f 1983 1977 1699
f 2216 210 212
f 2216 212 2221
f 1984 1699 1697
f 1984 1983 1699
f 2210 210 2216
f 2210 208 210
f 1989 1697 1695
f 1989 1984 1697
f 2209 208 2210
f 2209 206 208
f 1990 1989 1695
f 1998 1695 1693
f 1998 1693 3307
f 1998 1990 1695
f 1998 3307 3309
f 2203 5044 204
f 2203 204 206
f 2203 206 2209
f 1996 1998 3309
f 2201 5044 2203
f 2200 5044 2201
f 2194 5044 2200
f 3061 3524 3526
f 3061 3526 3396
f 3460 3955 4019
f 3460 3331 3955
f 3063 3522 3524
f 3063 3524 3061
f 3458 4019 4018
f 3458 3460 4019
f 3065 3519 3522
f 3065 3522 3063
f 3455 4018 4015
f 3455 3458 4018
f 3067 3518 3519
f 3067 3519 3065
f 3454 3455 4015
f 3454 4015 4013
f 3069 3514 3516
f 3069 3516 3518
f 3069 3518 3067
f 3452 3454 4013
f 3452 4013 4011
f 3071 3514 3069
f 3450 3452 4011
f 3450 4011 4009
f 3073 3512 3514
f 3073 3514 3071
f 3448 4009 4007
f 3448 3450 4009
f 3075 3510 3512
f 3075 3512 3073
f 3075 3507 3510
f 3446 3448 4007
f 3446 4007 4006
f 3077 3507 3075
f 3443 3446 4006
f 3443 4006 4004
f 3079 3507 3077
f 3079 3503 3505
f 3079 3505 3507
f 3441 4004 4002
f 3441 3443 4004
f 3081 3503 3079
f 3081 3501 3503
f 3439 3441 4002
f 3439 4002 4000
f 3083 3501 3081
f 3437 3439 4000
f 3437 4000 3997
f 3085 3501 3083
f 3085 3497 3500
f 3085 3500 3501
f 3436 3437 3997
f 3436 3997 3996
f 3087 3497 3085
f 3433 3996 3994
f 3433 3436 3996
f 3089 3497 3087
f 3089 3495 3497
f 3431 3433 3994
f 3431 3994 3992
f 3091 3495 3089
f 3091 3493 3495
f 3429 3992 3990
f 3429 3431 3992
f 3427 3990 3988
f 3427 3429 3990
f 3093 3493 3091
f 3093 3491 3493
f 3425 3988 3986
f 3425 3427 3988
f 3095 3491 3093
f 3095 3489 3491
f 3423 3425 3986
f 3423 3986 3984
f 3097 3489 3095
f 3097 3485 3487
f 3097 3487 3489
f 3421 3423 3984
f 3421 3984 3982
f 3099 3485 3097
f 3419 3982 3980
f 3419 3421 3982
f 3102 3483 3485
f 3102 3485 3099
f 3417 3980 3978
f 3417 3419 3980
f 3103 3483 3102
f 3103 3481 3483
f 3415 3417 3978
f 3415 3978 3976
f 3105 3481 3103
f 3105 3477 3479
f 3105 3479 3481
f 3413 3415 3976
f 3413 3976 3974
f 3107 3477 3105
f 3411 3413 3974
f 3411 3974 3972
f 3109 3477 3107
f 3109 3473 3475
f 3109 3475 3477
f 3409 3411 3972
f 3409 3972 3970
f 3112 3473 3109
f 3407 3409 3970
f 3407 3970 3968
f 3114 3473 3112
f 3114 3471 3473
f 3405 3407 3968
f 3405 3968 3966
f 3403 3966 5008
f 3403 3405 3966
f 3401 3403 5008
f 3399 3401 5008
f 3397 3399 5008
f 3194 3397 5008
f 2966 1996 3309
f 2966 1997 1996
f 2968 2966 3309
f 2968 3309 3311
f 2964 1997 2966
f 2964 2003 1997
f 2970 2968 3311
f 2970 3311 3314
f 2962 2003 2964
f 2962 2004 2003
f 2972 2970 3314
f 2972 3314 3316
f 2960 2004 2962
f 2960 2009 2004
f 2958 2009 2960
f 2958 2010 2009
f 2973 2972 3316
f 2973 3316 3318
f 2976 3318 3320
f 2976 2973 3318
f 2956 2010 2958
f 2956 2018 2010
f 2978 3320 3322
f 2978 2976 3320
f 2954 2018 2956
f 2980 3322 3323
f 2980 2978 3322
f 2952 2018 2954
f 2952 2016 2018
f 2982 3323 3326
f 2982 2980 3323
f 2950 2016 2952
f 2950 2017 2016
f 2983 3326 3328
f 2983 2982 3326
f 2948 2017 2950
f 2948 2023 2017
f 2985 2983 3328
f 2946 2023 2948
f 2946 2024 2023
f 2987 2985 3328
f 2944 2024 2946
f 2944 2032 2024
f 2989 2987 3328
f 2942 2030 2032
f 2942 2032 2944
f 2991 2989 3328
f 2940 2030 2942
f 2940 2031 2030
f 2994 2991 3328
f 2938 2031 2940
f 2995 2994 3328
f 2936 2031 2938
f 2936 2037 2031
f 2932 3328 3330
f 2932 3471 3114
f 2932 3114 3116
f 2932 3330 3461
f 2932 3461 3463
f 2932 3463 3465
f 2932 3465 3467
f 2932 3467 3469
f 2932 3469 3471
f 2932 2995 3328
f 2934 2037 2936
f 2934 2065 2059
f 2934 2059 2058
f 2934 2058 2060
f 2934 2060 2052
f 2934 2052 2051
f 2934 2051 2045
f 2934 2045 2044
f 2934 2044 2046
f 2934 2046 2038
f 2934 2038 2037
f 2997 2065 2934
f 2997 2090 2083
f 2997 2083 2082
f 2997 2082 2077
f 2997 2077 2076
f 2997 2076 2078
f 2997 2078 2071
f 2997 2071 2070
f 2997 2070 2066
f 2997 2066 2065
f 3059 2088 2090
f 3059 2090 2997
f 3058 2089 2088
f 3058 2088 3059
f 3055 2089 3058
f 3053 2095 2089
f 3053 2089 3055
f 3051 2096 2095
f 3051 2095 3053
f 3049 2096 3051
f 3047 2100 2096
f 3047 2096 3049
f 3046 2100 3047
f 3046 2101 2100
f 3044 2106 2101
f 3044 2101 3046
f 3042 2106 3044
f 3040 2107 2106
f 3040 2106 3042
f 3037 2112 2107
f 3037 2107 3040
f 3036 2116 2112
f 3036 2112 3037
f 3034 2116 3036
f 3032 2117 2116
f 3032 2116 3034
f 3030 2122 2117
f 3030 2117 3032
f 3028 2122 3030
f 3026 2123 2122
f 3026 2122 3028
f 3024 2128 2123
f 3024 2123 3026
f 3022 2132 2128
f 3022 2128 3024
f 3020 2133 2132
f 3020 2132 3022
f 3018 2133 3020
f 3016 2138 2133
f 3016 2133 3018
f 3014 2143 2138
f 3014 2138 3016
f 3012 2144 2143
f 3012 2143 3014
f 3010 2148 2144
f 3010 2144 3012
f 3008 2154 2149
f 3008 2149 2148
f 3008 2148 3010
f 3006 2158 2154
f 3006 2154 3008
f 3004 2158 3006
f 2868 3116 3118
f 2868 3118 3120
f 2868 3120 3121
f 2868 3121 3124
f 2868 3124 3126
f 2868 3126 3127
f 2868 2932 3116
f 2870 2868 3127
f 2872 2870 3127
f 2874 2872 3127
f 2876 2874 3127
f 2878 2876 3127
f 2878 3127 3129
f 2880 2878 3129
f 2880 3129 3131
f 2882 3131 3133
f 2882 2880 3131
f 2884 3133 3135
f 2884 2882 3133
f 2886 3135 3137
f 2886 2884 3135
f 2888 2886 3137
f 2888 3137 3139
f 2890 2888 3139
f 2890 3139 3141
f 2892 2890 3141
f 2892 3141 3143
f 2894 2892 3143
f 2894 3143 3145
f 2896 2894 3145
f 2896 3145 3147
f 2898 2896 3147
f 2898 3147 3149
f 2900 3149 3151
f 2900 2898 3149
f 2902 3151 3153
f 2902 2900 3151
f 2904 3153 3155
f 2904 2902 3153
f 2906 2904 3155
f 2906 3155 3157
f 2907 2906 3157
f 2907 3157 3159
f 2910 2907 3159
f 2910 3159 3161
f 2912 3161 3163
f 2912 2910 3161
f 2914 2912 3163
f 2914 3163 3165
f 2916 3165 3168
f 2916 2914 3165
f 2917 3168 3169
f 2917 2916 3168
f 2919 2917 3169
f 2919 3169 3171
f 2921 2919 3171
f 2921 3171 3173
f 2923 3173 3175
f 2923 2921 3173
f 2925 3175 3178
f 2925 2923 3175
f 4091 2826 2824
f 4091 2824 2822
f 4091 2822 2820
f 4091 2820 2818
f 4091 2818 2816
f 4091 2816 2814
f 4091 2814 2812
f 4091 2812 2810
f 4091 2810 2808
f 4091 2808 2806
f 4091 2806 2804
f 4091 2804 2802
f 4091 2802 2865
f 4091 2865 2929
f 4091 2929 2928
f 4091 2928 2925
f 4091 2925 3178
f 4091 3194 5008
f 4091 3178 3180
f 4091 3180 3182
f 4091 3182 3184
f 4091 3184 3186
f 4091 3186 3187
f 4091 3187 3190
f 4091 3190 3192
f 4091 3192 3194
f 4091 3004 3002
f 4091 3002 3000
f 4091 3000 2800
f 4091 2800 2798
f 4091 2798 2863
f 4091 2863 2862
f 4091 2862 2859
f 4091 2859 2857
f 4091 2857 2855
f 4091 2855 2853
f 4091 2853 2851
f 4091 2851 2850
f 4091 2850 2848
f 4091 2848 2846
f 4091 2846 2844
f 4091 2844 2841
f 4091 2841 2840
f 4091 2840 2838
f 4091 2838 2836
f 4091 2836 2834
f 4091 2834 2832
f 4091 2832 2830
f 4091 2830 2828
f 4091 2828 2826
f 4091 5044 2173
f 2173 5044 2179
f 2179 5044 2184
f 2184 5044 2185
f 2185 5044 2187
f 2187 5044 2193
f 2193 5044 2194
f 4091 2173 2172
f 4091 2172 2170
f 4091 2170 2169
f 4091 2169 2164
f 4091 2164 2159
f 4091 2159 2158
f 4091 2158 3004
f 5044 5535 2335
f 2335 5535 2337
f 5973 5484 5528
f 5973 5528 5975
f 5332 4257 4563
f 5332 4563 5496
f 5990 5989 5991
f 5991 5994 5992
f 5992 5994 5993
f 5988 5987 5989
f 5989 5987 5991
f 5994 5996 5995
f 5987 5985 5991
f 5986 5985 5987
f 5991 5985 5994
f 5996 5998 5997
f 5985 5984 5994
f 5996 5999 5998
f 5983 5982 5984
f 5999 6003 6000
f 6000 6003 6001
f 6001 6003 6002
f 5982 5979 5984
f 5980 5979 5981
f 5981 5979 5982
f 6003 6005 6004
f 5978 5977 5979
f 5999 6006 6003
f 6003 6006 6005
f 5979 5976 5984
f 5977 5976 5979
f 5976 5975 5984
f 5984 6007 5994
f 5996 6007 5999
f 5999 6007 6006
f 5975 6007 5984
f 5994 6007 5996
f 5975 1438 1439
f 1439 1442 5975
f 5975 1436 1438
f 1442 1443 5975
f 5975 1434 1436
f 1443 1445 5975
f 5975 1432 1434
f 1445 1447 5975
f 5975 1430 1432
f 5975 1406 6007
f 1447 1406 5975
f 5975 1428 1430
f 5975 1426 1428
f 5975 1424 1426
f 5975 1422 1424
f 5975 1420 1422
f 5975 1418 1420
f 5975 1416 1418
f 5975 1414 1416
f 5975 1412 1414
f 5975 1410 1412
f 5975 1409 1410
f 1406 1365 6007
f 1365 1366 6007
f 1366 1368 6007
f 1368 1370 6007
f 1370 1372 6007
f 1372 1374 6007
f 1374 1376 6007
f 1376 1378 6007
f 1378 1380 6007
f 1380 1382 6007
f 1382 1384 6007
f 1384 1386 6007
f 1386 1388 6007
f 1388 1390 6007
f 1390 1392 6007
f 1392 1394 6007
f 1394 1396 6007
f 1396 1398 6007
f 5975 1450 1409
f 5975 1491 1450
f 5975 1489 1491
f 5975 1487 1489
f 1322 737 1321
f 1322 739 737
f 1324 739 1322
f 737 736 1321
f 1326 741 1324
f 1324 741 739
f 736 733 1321
f 1326 743 741
f 1328 743 1326
f 733 731 1321
f 1330 745 1328
f 1332 745 1330
f 1328 745 743
f 731 729 1321
f 1321 729 1362
f 1332 747 745
f 1334 747 1332
f 729 727 1362
f 1336 749 1334
f 1334 749 747
f 727 725 1362
f 1336 751 749
f 1338 751 1336
f 725 723 1362
f 1340 753 1338
f 1342 753 1340
f 1338 753 751
f 723 721 1362
f 1362 721 1404
f 1344 755 1342
f 1342 755 753
f 721 719 1404
f 1404 719 1402
f 1346 757 1344
f 1344 757 755
f 719 717 1402
f 1402 717 1400
f 1348 759 1346
f 1346 759 757
f 717 715 1400
f 1400 715 1398
f 1350 762 1348
f 1352 762 1350
f 1348 762 759
f 1398 713 6007
f 715 713 1398
f 1352 763 762
f 1354 763 1352
f 713 711 6007
f 1356 765 1354
f 1354 765 763
f 711 709 6007
f 1356 767 765
f 1358 767 1356
f 1360 767 1358
f 709 707 6007
f 1457 2739 1455
f 2739 2741 1455
f 1455 2741 1453
f 1457 2737 2739
f 1459 2737 1457
f 2741 2743 1453
f 1453 2743 1451
f 1459 2735 2737
f 1461 2735 1459
f 2743 2745 1451
f 1318 517 1360
f 1360 517 767
f 1461 2733 2735
f 1463 2733 1461
f 2745 2747 1451
f 1463 2731 2733
f 1465 2731 1463
f 2747 2749 1451
f 1467 2729 1465
f 1465 2729 2731
f 2749 2751 1451
f 1469 2727 1467
f 1467 2727 2729
f 707 705 6007
f 2751 2754 1451
f 1469 2725 2727
f 1471 2725 1469
f 2754 2755 1451
f 1471 2723 2725
f 1473 2723 1471
f 1318 518 517
f 2755 2758 1451
f 1473 2721 2723
f 1475 2721 1473
f 2758 2760 1451
f 1475 2719 2721
f 1477 2719 1475
f 705 703 6007
f 2760 2761 1451
f 1451 2761 1493
f 1477 2717 2719
f 1479 2717 1477
f 2761 2763 1493
f 1318 521 518
f 1479 2715 2717
f 2763 2766 1493
f 2766 2767 1493
f 2767 2770 1493
f 1318 523 521
f 2770 2772 1493
f 2772 2774 1493
f 1318 525 523
f 2774 2776 1493
f 2776 2778 1493
f 1318 527 525
f 2778 2779 1493
f 1493 2779 1535
f 1535 2781 1533
f 2779 2781 1535
f 1533 2784 1531
f 2781 2784 1533
f 1318 529 527
f 1531 2785 1529
f 2784 2785 1531
f 1529 2788 1527
f 2785 2788 1529
f 1318 531 529
f 2788 2789 1527
f 1527 2789 1525
f 1525 2792 1523
f 2789 2792 1525
f 1275 533 1318
f 1318 533 531
f 2792 2794 1523
f 1523 2794 1521
f 2794 2796 1521
f 1521 2796 1519
f 1275 535 533
f 2796 2694 1519
f 1519 2694 1517
f 1275 537 535
f 1275 539 537
f 1275 541 539
f 1275 543 541
f 1275 545 543
f 1275 547 545
f 1276 549 1275
f 1275 549 547
f 1278 551 1276
f 1276 551 549
f 1280 553 1278
f 1278 553 551
f 1282 555 1280
f 1280 555 553
f 1284 557 1282
f 1282 557 555
f 2703 2367 2701
f 2705 2366 2703
f 2703 2366 2367
f 2701 2370 2699
f 2367 2370 2701
f 2705 2363 2366
f 2707 2363 2705
f 2697 2371 2695
f 2699 2371 2697
f 2370 2371 2699
f 2709 2361 2707
f 2707 2361 2363
f 2371 2269 2695
f 2709 2360 2361
f 2711 2360 2709
f 2713 2358 2711
f 2711 2358 2360
f 2715 2356 2713
f 2713 2356 2358
f 1479 2354 2715
f 1481 2354 1479
f 2715 2354 2356
f 1483 2352 1481
f 1481 2352 2354
f 1485 2350 1483
f 1483 2350 2352
f 5975 2348 1487
f 1487 2348 1485
f 1485 2348 2350
f 5975 2346 2348
f 5975 2344 2346
f 5975 2341 2344
f 5975 2340 2341
f 5975 2338 2340
f 5975 2336 2338
f 2269 2270 2695
f 675 1243 1241
f 673 1243 675
f 1241 1240 675
f 677 1240 679
f 675 1240 677
f 673 1245 1243
f 671 1245 673
f 1240 1237 679
f 671 1247 1245
f 669 1247 671
f 681 1235 683
f 679 1235 681
f 1237 1235 679
f 669 1249 1247
f 667 1249 669
f 1235 1233 683
f 667 1251 1249
f 665 1251 667
f 683 1231 685
f 1233 1231 683
f 663 1253 665
f 665 1253 1251
f 685 1229 687
f 1231 1229 685
f 663 1255 1253
f 661 1255 663
f 687 1227 689
f 1229 1227 687
f 659 1257 661
f 661 1257 1255
f 1227 1225 689
f 691 1225 693
f 689 1225 691
f 2694 2589 1517
f 2692 2589 2694
f 1517 2589 1516
f 1516 2591 1514
f 2589 2591 1516
f 1514 2593 1512
f 2591 2593 1514
f 659 1259 1257
f 657 1259 659
f 1512 2595 1510
f 2593 2595 1512
f 1225 1223 693
f 2595 2597 1510
f 1510 2597 1508
f 2597 2599 1508
f 1508 2599 1506
f 655 1261 657
f 657 1261 1259
f 653 1261 655
f 1506 2601 1504
f 2599 2601 1506
f 695 1221 697
f 693 1221 695
f 1223 1221 693
f 2601 2603 1504
f 1504 2603 1502
f 653 1263 1261
f 2603 2605 1502
f 1502 2605 1500
f 1221 1219 697
f 1500 2607 1497
f 2605 2607 1500
f 653 1266 1263
f 651 1266 653
f 1497 2609 1495
f 2607 2609 1497
f 1219 1217 697
f 699 1217 701
f 697 1217 699
f 2609 2611 1495
f 649 1267 651
f 651 1267 1266
f 2611 2613 1495
f 1217 1215 701
f 2613 2615 1495
f 649 1269 1267
f 647 1269 649
f 2615 2617 1495
f 1215 1213 701
f 701 1213 703
f 703 1213 6007
f 2617 2619 1495
f 647 1271 1269
f 645 1271 647
f 2619 2621 1495
f 1213 1211 6007
f 2621 2623 1495
f 645 1021 1271
f 643 1021 645
f 641 1021 643
f 2623 2625 1495
f 641 1022 1021
f 1495 2627 1316
f 2625 2627 1495
f 2627 2629 1316
f 641 1025 1022
f 639 1025 641
f 637 1025 639
f 2629 2631 1316
f 2631 2633 1316
f 637 1027 1025
f 2633 2636 1316
f 2636 2638 1316
f 635 1029 637
f 637 1029 1027
f 2638 2639 1316
f 2639 2641 1316
f 635 1031 1029
f 633 1031 635
f 2641 2644 1316
f 1316 2645 1313
f 2644 2645 1316
f 633 1033 1031
f 631 1033 633
f 1313 2647 1312
f 2645 2647 1313
f 1312 2649 1310
f 2647 2649 1312
f 631 1035 1033
f 629 1035 631
f 2649 2651 1310
f 1310 2651 1308
f 629 1037 1035
f 627 1037 629
f 625 1037 627
f 625 1039 1037
f 625 1041 1039
f 623 1041 625
f 591 989 593
f 589 991 591
f 591 991 989
f 989 988 593
f 593 988 595
f 587 993 589
f 589 993 991
f 988 985 595
f 595 985 597
f 585 995 587
f 587 995 993
f 985 983 597
f 597 983 599
f 583 997 585
f 585 997 995
f 983 981 599
f 581 999 583
f 583 999 997
f 981 979 599
f 601 979 603
f 599 979 601
f 579 1001 581
f 581 1001 999
f 979 977 603
f 577 1003 579
f 579 1003 1001
f 977 975 603
f 603 975 605
f 575 1005 577
f 577 1005 1003
f 605 973 607
f 975 973 605
f 573 1007 575
f 575 1007 1005
f 607 971 609
f 973 971 607
f 571 1009 573
f 573 1009 1007
f 971 969 609
f 609 969 611
f 569 1011 571
f 571 1011 1009
f 969 967 611
f 613 967 615
f 611 967 613
f 567 1014 569
f 569 1014 1011
f 967 965 615
f 615 965 617
f 565 1015 567
f 567 1015 1014
f 965 963 617
f 617 963 619
f 565 1017 1015
f 563 1017 565
f 963 961 619
f 561 1019 563
f 563 1019 1017
f 623 959 1041
f 961 959 619
f 621 959 623
f 619 959 621
f 559 769 561
f 561 769 1019
f 1041 957 1043
f 959 957 1041
f 1286 770 1284
f 557 770 559
f 1284 770 557
f 559 770 769
f 1043 955 1045
f 957 955 1043
f 1288 773 1286
f 1286 773 770
f 955 953 1045
f 1045 953 1047
f 1290 775 1288
f 1288 775 773
f 953 951 1047
f 1047 951 1049
f 1292 777 1290
f 1290 777 775
f 951 949 1049
f 1049 949 1051
f 1294 779 1292
f 1292 779 777
f 1051 947 1053
f 949 947 1051
f 1296 781 1294
f 1298 781 1296
f 1294 781 779
f 947 945 1053
f 1053 945 1055
f 1300 783 1298
f 1298 783 781
f 945 943 1055
f 1055 943 1057
f 1302 785 1300
f 1300 785 783
f 943 941 1057
f 1057 941 1059
f 1302 787 785
f 1304 787 1302
f 941 939 1059
f 1059 939 1061
f 1306 789 1304
f 1304 789 787
f 939 937 1061
f 1061 937 1063
f 1308 791 1306
f 1306 791 789
f 937 935 1063
f 1063 935 1065
f 935 933 1065
f 1065 933 1067
f 933 931 1067
f 1067 931 1069
f 931 929 1069
f 1069 929 1071
f 929 927 1071
f 1071 927 1073
f 1073 925 1075
f 927 925 1073
f 925 923 1075
f 1075 923 1077
f 923 921 1077
f 1077 921 1079
f 921 919 1079
f 1079 919 1081
f 919 917 1081
f 1081 917 1083
f 917 915 1083
f 1083 915 1085
f 915 913 1085
f 1085 913 1087
f 1087 911 1089
f 913 911 1087
f 1089 909 1091
f 911 909 1089
f 2273 2376 2374
f 909 907 1091
f 1091 907 1093
f 2273 2477 2376
f 2274 2477 2273
f 2274 2476 2477
f 2276 2476 2274
f 1093 905 1095
f 907 905 1093
f 2276 2473 2476
f 2278 2473 2276
f 2278 2471 2473
f 2280 2471 2278
f 905 903 1095
f 1095 903 1097
f 1097 901 1099
f 903 901 1097
f 901 899 1099
f 1099 899 1101
f 899 897 1101
f 1101 897 1103
f 897 895 1103
f 1103 895 1105
f 895 893 1105
f 1105 893 1107
f 2586 2485 2588
f 1185 3855 3857
f 1183 3855 1185
f 3857 3859 1185
f 1185 3859 1187
f 1183 3853 3855
f 1181 3853 1183
f 3859 3861 1187
f 1187 3861 1189
f 1181 3851 3853
f 1179 3851 1181
f 1189 3863 1191
f 3861 3863 1189
f 1179 3849 3851
f 1177 3849 1179
f 1191 3866 1193
f 3863 3866 1191
f 1177 3847 3849
f 3866 3867 1193
f 1193 3867 1195
f 1177 3845 3847
f 1175 3845 1177
f 1195 3869 1197
f 3867 3869 1195
f 1197 3871 1199
f 3869 3871 1197
f 1173 3843 1175
f 1175 3843 3845
f 1173 3841 3843
f 1171 3841 1173
f 3871 3873 1199
f 1169 3839 1171
f 1171 3839 3841
f 3873 3876 1199
f 1199 3876 1201
f 3876 3878 1201
f 1201 3878 1203
f 1169 3837 3839
f 3878 3880 1203
f 1203 3880 1205
f 1167 3835 1169
f 1169 3835 3837
f 1167 3833 3835
f 1165 3833 1167
f 1205 3882 1207
f 3880 3882 1205
f 1165 3831 3833
f 1163 3831 1165
f 3882 3884 1207
f 1163 3829 3831
f 1161 3827 1163
f 1163 3827 3829
f 1159 3825 1161
f 1157 3825 1159
f 1155 3825 1157
f 1153 3825 1155
f 1151 3825 1153
f 1149 3825 1151
f 1147 3825 1149
f 1145 3825 1147
f 1143 3825 1145
f 1141 3825 1143
f 1139 3825 1141
f 1161 3825 3827
f 2379 2482 2377
f 2377 2482 2479
f 2379 2584 2482
f 2382 2582 2379
f 2379 2582 2584
f 2384 2580 2382
f 2382 2580 2582
f 2384 2578 2580
f 2386 2578 2384
f 2310 34 2308
f 2312 36 2310
f 2310 36 34
f 34 32 2308
f 2308 32 2306
f 2306 30 2304
f 32 30 2306
f 2314 38 2312
f 2312 38 36
f 2316 40 2314
f 2314 40 38
f 2304 28 2302
f 30 28 2304
f 2302 26 2300
f 28 26 2302
f 2318 41 2316
f 2316 41 40
f 2320 44 2318
f 2318 44 41
f 2300 24 2298
f 26 24 2300
f 2298 24 2296
f 2322 46 2320
f 2320 46 44
f 24 22 2296
f 2296 22 2294
f 2324 48 2322
f 2322 48 46
f 2294 20 2292
f 22 20 2294
f 2326 50 2324
f 2324 50 48
f 20 18 2292
f 2292 18 2290
f 18 16 2290
f 2290 16 2288
f 2328 51 2326
f 2326 51 50
f 16 14 2288
f 2288 14 2286
f 2328 53 51
f 2330 53 2328
f 2332 55 2330
f 2330 55 53
f 14 12 2286
f 2286 12 2284
f 12 10 2284
f 2284 10 2282
f 2334 57 2332
f 2332 57 55
f 10 8 2282
f 2282 8 2280
f 2280 6 2471
f 8 6 2280
f 2471 6 2469
f 6 4 2469
f 2469 4 2467
f 4 2 2467
f 2457 2 2455
f 2459 2 2457
f 2461 2 2459
f 2463 2 2461
f 2465 2 2463
f 2467 2 2465
f 2660 1570 2657
f 2662 1570 2660
f 2663 1568 2662
f 2662 1568 1570
f 2656 1572 2654
f 2657 1572 2656
f 1570 1572 2657
f 2665 1566 2663
f 2667 1566 2665
f 2663 1566 1568
f 2654 1574 2651
f 1572 1574 2654
f 2669 1564 2667
f 2672 1564 2669
f 2667 1564 1566
f 1574 1576 2651
f 2651 1576 1308
f 1308 1576 791
f 793 1576 795
f 791 1576 793
f 2673 1562 2672
f 2675 1562 2673
f 2672 1562 1564
f 795 1578 797
f 1576 1578 795
f 2677 1560 2675
f 2680 1560 2677
f 2675 1560 1562
f 797 1580 799
f 1578 1580 797
f 2682 1558 2680
f 2680 1558 1560
f 801 1582 803
f 799 1582 801
f 1580 1582 799
f 2683 1556 2682
f 2685 1556 2683
f 2682 1556 1558
f 803 1584 805
f 1582 1584 803
f 2685 1554 1556
f 2688 1554 2685
f 2689 1554 2688
f 1584 1586 805
f 807 1586 809
f 805 1586 807
f 2588 1552 2689
f 2689 1552 1554
f 2486 1552 2485
f 2485 1552 2588
f 1586 1588 809
f 809 1588 811
f 2486 1550 1552
f 2488 1550 2486
f 2490 1550 2488
f 1588 1590 811
f 813 1590 815
f 811 1590 813
f 2490 1548 1550
f 2492 1548 2490
f 2494 1548 2492
f 1590 1592 815
f 815 1592 817
f 2494 1546 1548
f 2496 1546 2494
f 2498 1546 2496
f 1592 1594 817
f 819 1594 821
f 817 1594 819
f 3760 3755 3762
f 3758 3755 3760
f 2502 1544 2500
f 2498 1544 1546
f 2500 1544 2498
f 821 1596 823
f 1594 1596 821
f 3755 3754 3762
f 2504 1542 2502
f 2506 1542 2504
f 2502 1542 1544
f 825 1598 827
f 823 1598 825
f 1596 1598 823
f 2508 1540 2506
f 2510 1540 2508
f 2506 1540 1542
f 3754 3750 3762
f 3751 3750 3754
f 1598 1600 827
f 827 1600 829
f 2512 1539 2510
f 2514 1539 2512
f 2510 1539 1540
f 3750 3747 3762
f 831 1602 833
f 829 1602 831
f 1600 1602 829
f 2516 1788 2514
f 2518 1788 2516
f 2520 1788 2518
f 2514 1788 1539
f 1602 1604 833
f 833 1604 835
f 2 515 2455
f 2447 515 2446
f 2450 515 2447
f 2451 515 2450
f 2453 515 2451
f 2455 515 2453
f 2520 1786 1788
f 2522 1786 2520
f 2524 1786 2522
f 515 513 2446
f 2446 513 2443
f 2443 512 2442
f 513 512 2443
f 837 1606 839
f 835 1606 837
f 1604 1606 835
f 2442 509 2439
f 512 509 2442
f 2439 507 2437
f 509 507 2439
f 3746 3741 3747
f 3744 3741 3746
f 2524 1784 1786
f 2526 1784 2524
f 2528 1784 2526
f 507 505 2437
f 2437 505 2435
f 2435 503 2434
f 505 503 2435
f 839 1608 841
f 1606 1608 839
f 503 501 2434
f 2434 501 2431
f 501 500 2431
f 2431 500 2429
f 2530 1781 2528
f 2532 1781 2530
f 2528 1781 1784
f 500 498 2429
f 2428 498 2426
f 2429 498 2428
f 3740 3737 3741
f 3741 3737 3747
f 1139 3890 3825
f 1137 3890 1139
f 1135 3890 1137
f 1133 3890 1135
f 1131 3890 1133
f 1129 3890 1131
f 1127 3890 1129
f 1125 3890 1127
f 1123 3890 1125
f 1121 3890 1123
f 1119 3890 1121
f 498 496 2426
f 2426 496 2423
f 1608 1610 841
f 843 1610 845
f 841 1610 843
f 1117 3954 1119
f 1119 3954 3890
f 496 494 2423
f 1117 3951 3954
f 1115 3951 1117
f 1113 3950 1115
f 1115 3950 3951
f 2534 1780 2532
f 2536 1780 2534
f 2532 1780 1781
f 3737 3736 3747
f 3747 3736 3762
f 1113 3948 3950
f 1111 3948 1113
f 1111 3946 3948
f 1610 1612 845
f 845 1612 847
f 1111 3944 3946
f 1109 3944 1111
f 893 3942 1107
f 1109 3942 3944
f 1107 3942 1109
f 891 3939 893
f 893 3939 3942
f 2536 1778 1780
f 2538 1778 2536
f 2540 1778 2538
f 889 3937 891
f 891 3937 3939
f 887 3935 889
f 889 3935 3937
f 1612 1614 847
f 849 1614 851
f 847 1614 849
f 3734 3732 3736
f 885 3933 887
f 887 3933 3935
f 885 3932 3933
f 883 3929 885
f 885 3929 3932
f 2542 1776 2540
f 2544 1776 2542
f 2540 1776 1778
f 881 3927 883
f 883 3927 3929
f 881 3925 3927
f 879 3925 881
f 1614 1616 851
f 851 1616 853
f 877 3923 879
f 879 3923 3925
f 875 3921 877
f 877 3921 3923
f 3732 3728 3736
f 3736 3728 3762
f 3729 3728 3732
f 2544 1774 1776
f 2546 1774 2544
f 2548 1774 2546
f 875 3919 3921
f 873 3917 875
f 875 3917 3919
f 855 1618 857
f 853 1618 855
f 1616 1618 853
f 3728 3726 3762
f 2550 1772 2548
f 2552 1772 2550
f 2548 1772 1774
f 857 1620 859
f 1618 1620 857
f 3726 3722 3762
f 3724 3722 3726
f 2554 1770 2552
f 2556 1770 2554
f 2552 1770 1772
f 3722 3720 3762
f 859 1622 861
f 1620 1622 859
f 2558 1768 2556
f 2560 1768 2558
f 2556 1768 1770
f 863 1624 865
f 861 1624 863
f 1622 1624 861
f 2562 1766 2560
f 2564 1766 2562
f 2560 1766 1768
f 865 1626 867
f 1624 1626 865
f 3718 3712 3720
f 3716 3712 3718
f 3714 3712 3716
f 2566 1764 2564
f 2568 1764 2566
f 2564 1764 1766
f 3712 3710 3720
f 867 1628 869
f 1626 1628 867
f 3710 3708 3720
f 2570 1762 2568
f 2568 1762 1764
f 3708 3706 3720
f 3799 3620 3797
f 3801 3618 3799
f 3799 3618 3620
f 3620 3622 3797
f 3797 3622 3795
f 3803 3616 3801
f 3801 3616 3618
f 3795 3624 3793
f 3622 3624 3795
f 3805 3614 3803
f 3803 3614 3616
f 3793 3626 3791
f 3624 3626 3793
f 3808 3612 3805
f 3805 3612 3614
f 3791 3628 3789
f 3626 3628 3791
f 3720 3704 3762
f 3706 3704 3720
f 3810 3610 3808
f 3808 3610 3612
f 3789 3630 3787
f 3628 3630 3789
f 869 1630 871
f 1628 1630 869
f 3812 3608 3810
f 3810 3608 3610
f 3787 3632 3785
f 3630 3632 3787
f 3814 3606 3812
f 3812 3606 3608
f 3785 3634 3783
f 3632 3634 3785
f 3816 3604 3814
f 3814 3604 3606
f 3783 3636 3781
f 3634 3636 3783
f 3818 3602 3816
f 3816 3602 3604
f 3781 3638 3779
f 3636 3638 3781
f 3820 3600 3818
f 3818 3600 3602
f 3704 3702 3762
f 3822 3598 3820
f 3820 3598 3600
f 2570 1760 1762
f 3764 3596 3822
f 3822 3596 3598
f 3762 3595 3764
f 3764 3595 3596
f 3702 3700 3762
f 3762 3652 3595
f 3700 3654 3762
f 3762 3654 3652
f 3698 3692 3700
f 3696 3692 3698
f 3694 3692 3696
f 3656 3660 3658
f 3654 3660 3656
f 1209 5010 1211
f 3767 5010 3765
f 1207 5010 1209
f 3769 5010 3767
f 3771 5010 3769
f 3773 5010 3771
f 3775 5010 3773
f 3777 5010 3775
f 3779 5010 3777
f 1211 5010 6007
f 3765 5010 3824
f 3640 5010 3638
f 3642 5010 3640
f 3644 5010 3642
f 3646 5010 3644
f 3648 5010 3646
f 3650 5010 3648
f 3591 5010 3650
f 3884 5010 1207
f 3885 5010 3884
f 3888 5010 3885
f 3824 5010 3888
f 3638 5010 3779
f 2336 5528 2334
f 2334 5528 57
f 65 5528 68
f 119 5528 121
f 117 5528 119
f 116 5528 117
f 114 5528 116
f 112 5528 114
f 110 5528 112
f 107 5528 110
f 106 5528 107
f 104 5528 106
f 102 5528 104
f 100 5528 102
f 98 5528 100
f 96 5528 98
f 94 5528 96
f 92 5528 94
f 90 5528 92
f 88 5528 90
f 86 5528 88
f 84 5528 86
f 82 5528 84
f 80 5528 82
f 78 5528 80
f 76 5528 78
f 74 5528 76
f 72 5528 74
f 70 5528 72
f 68 5528 70
f 63 5528 65
f 62 5528 63
f 59 5528 62
f 57 5528 59
f 3660 3688 3662
f 3654 3688 3660
f 3692 3688 3700
f 3700 3688 3654
f 3690 3688 3692
f 5527 5526 5528
f 5010 5013 5011
f 5011 5013 5012
f 5010 5014 5013
f 5524 5523 5525
f 5525 5523 5526
f 5526 5523 5528
f 5014 5016 5015
f 5010 5017 5014
f 5014 5017 5016
f 5522 5521 5523
f 3664 3668 3666
f 3662 3668 3664
f 3684 3682 3686
f 3686 3682 3688
f 5523 5520 5528
f 5521 5520 5523
f 3682 3680 3688
f 5017 5019 5018
f 5010 5019 5017
f 5520 5519 5528
f 3668 3672 3670
f 3662 3672 3668
f 478 355 480
f 476 357 478
f 474 357 476
f 478 357 355
f 480 354 482
f 355 354 480
f 3680 3676 3688
f 3678 3676 3680
f 3672 3676 3674
f 3662 3676 3672
f 3688 3676 3662
f 474 359 357
f 472 359 474
f 3591 3592 5010
f 5519 5518 5528
f 354 351 482
f 484 351 486
f 482 351 484
f 472 361 359
f 470 361 472
f 468 361 470
f 5010 5021 5019
f 5019 5021 5020
f 5518 5517 5528
f 351 349 486
f 486 349 488
f 468 363 361
f 466 363 468
f 3592 4023 5010
f 5517 5516 5528
f 349 347 488
f 488 347 490
f 466 365 363
f 464 365 466
f 462 365 464
f 5010 5023 5021
f 5021 5023 5022
f 4023 4025 5010
f 347 345 490
f 491 345 494
f 490 345 491
f 5010 5024 5023
f 5515 5514 5516
f 5516 5514 5528
f 462 367 365
f 460 367 462
f 4025 4027 5010
f 494 343 2423
f 345 343 494
f 2423 343 2422
f 5513 5512 5514
f 5514 5512 5528
f 460 369 367
f 458 369 460
f 456 369 458
f 4027 4029 5010
f 5010 5027 5024
f 5024 5027 5025
f 5025 5027 5026
f 2419 341 2418
f 2422 341 2419
f 343 341 2422
f 5010 5028 5027
f 454 371 456
f 456 371 369
f 4029 4031 5010
f 5510 5509 5511
f 5511 5509 5512
f 5512 5509 5528
f 341 339 2418
f 2418 339 2415
f 5028 5030 5029
f 5010 5030 5028
f 5509 5508 5528
f 454 373 371
f 452 373 454
f 4031 4033 5010
f 5508 5507 5528
f 339 337 2415
f 2415 337 2413
f 5030 5032 5031
f 5507 5506 5528
f 4033 4035 5010
f 5506 5505 5528
f 452 375 373
f 5032 5034 5033
f 337 335 2413
f 2412 335 2410
f 2413 335 2412
f 4035 4037 5010
f 5504 5503 5505
f 5505 5503 5528
f 5010 5035 5030
f 5030 5035 5032
f 5032 5035 5034
f 452 377 375
f 4037 4039 5010
f 5010 5038 5035
f 5035 5038 5036
f 5036 5038 5037
f 5501 5500 5502
f 335 333 2410
f 2410 333 2407
f 5502 5499 5503
f 5503 5499 5528
f 5500 5499 5502
f 4039 4041 5010
f 452 380 377
f 5038 5041 5039
f 5039 5041 5040
f 5497 5496 5498
f 5498 5496 5499
f 5528 5496 121
f 129 5496 131
f 128 5496 129
f 125 5496 128
f 123 5496 125
f 121 5496 123
f 131 5496 134
f 5499 5496 5528
f 394 5496 396
f 392 5496 394
f 390 5496 392
f 388 5496 390
f 134 5496 388
f 5038 5042 5041
f 5010 5042 5038
f 333 331 2407
f 2407 331 2406
f 4041 4043 5010
f 452 381 380
f 4043 4045 5010
f 331 329 2406
f 2403 329 2402
f 2406 329 2403
f 4045 4047 5010
f 452 383 381
f 5010 4049 5042
f 4047 4049 5010
f 2402 327 2400
f 329 327 2402
f 4049 4051 5042
f 452 385 383
f 327 325 2400
f 2400 325 2398
f 4051 4053 5042
f 452 135 385
f 449 135 452
f 4053 4055 5042
f 2396 323 2394
f 2398 323 2396
f 325 323 2398
f 4055 4057 5042
f 449 136 135
f 4057 4059 5042
f 2394 321 2392
f 323 321 2394
f 4059 4062 5042
f 449 139 136
f 4062 4063 5042
f 2392 319 2390
f 321 319 2392
f 4063 4065 5042
f 4065 4067 5042
f 449 141 139
f 4067 4069 5042
f 2390 317 2388
f 319 317 2390
f 4069 4072 5042
f 449 143 141
f 4072 4074 5042
f 2386 315 2578
f 317 315 2388
f 2578 315 2575
f 2388 315 2386
f 4074 4076 5042
f 449 145 143
f 4076 4078 5042
f 4078 4080 5042
f 2575 313 2574
f 315 313 2575
f 4080 4081 5042
f 449 147 145
f 4081 4084 5042
f 4084 4022 5042
f 2571 311 2570
f 2574 311 2571
f 2570 311 1760
f 313 311 2574
f 449 149 147
f 447 149 449
f 311 309 1760
f 447 151 149
f 446 151 447
f 1760 307 1758
f 309 307 1760
f 443 153 446
f 441 153 443
f 446 153 151
f 1758 305 1755
f 307 305 1758
f 441 155 153
f 439 155 441
f 305 303 1755
f 1755 303 1754
f 437 157 439
f 435 157 437
f 439 157 155
f 434 159 435
f 435 159 157
f 432 161 434
f 430 161 432
f 434 161 159
f 428 163 430
f 430 163 161
f 425 165 428
f 424 165 425
f 428 165 163
f 424 167 165
f 422 167 424
f 420 169 422
f 422 169 167
f 420 171 169
f 418 171 420
f 416 171 418
f 416 173 171
f 414 173 416
f 414 175 173
f 412 175 414
f 412 177 175
f 410 177 412
f 408 177 410
f 406 179 408
f 408 179 177
f 406 181 179
f 404 181 406
f 404 183 181
f 402 183 404
f 402 185 183
f 400 185 402
f 5496 187 396
f 400 187 185
f 398 187 400
f 396 187 398
f 5496 189 187
f 5496 191 189
f 5496 193 191
f 5496 195 193
f 5496 197 195
f 5496 199 197
f 5496 201 199
f 5496 203 201
f 5496 205 203
f 1638 3228 1636
f 1638 3230 3228
f 1640 3230 1638
f 3228 3226 1636
f 1640 3232 3230
f 1636 3224 1634
f 3226 3224 1636
f 1640 3234 3232
f 1642 3234 1640
f 3224 3222 1634
f 3222 3220 1634
f 1634 3220 1632
f 1642 3235 3234
f 1632 3218 1630
f 3220 3218 1632
f 1644 3238 1642
f 1642 3238 3235
f 1644 3240 3238
f 1630 3216 871
f 3218 3216 1630
f 1644 3242 3240
f 1646 3242 1644
f 3216 3214 871
f 871 3214 873
f 3917 3214 3915
f 873 3214 3917
f 4022 3957 5042
f 3915 3212 3913
f 3214 3212 3915
f 1646 3244 3242
f 1646 3245 3244
f 1648 3245 1646
f 3913 3210 3911
f 3212 3210 3913
f 3957 3959 5042
f 3911 3208 3909
f 3210 3208 3911
f 1648 3247 3245
f 1648 3249 3247
f 1650 3249 1648
f 3909 3206 3907
f 3208 3206 3909
f 3959 3961 5042
f 3206 3204 3907
f 3907 3204 3905
f 1650 3251 3249
f 3961 3963 5042
f 3905 3202 3903
f 3204 3202 3905
f 1650 3253 3251
f 1652 3253 1650
f 3963 3965 5042
f 1652 3256 3253
f 3903 3200 3901
f 3202 3200 3903
f 1652 3257 3256
f 3901 3198 3899
f 3200 3198 3901
f 3893 3196 3891
f 3895 3196 3893
f 3897 3196 3895
f 3899 3196 3897
f 3198 3196 3899
f 1654 3259 1652
f 1656 3259 1654
f 1658 3259 1656
f 1660 3259 1658
f 1662 3259 1660
f 1652 3259 3257
f 295 1816 297
f 1816 1817 297
f 297 1817 299
f 295 1815 1816
f 293 1815 295
f 1817 1819 299
f 299 1819 301
f 293 1814 1815
f 1819 1820 301
f 293 1812 1814
f 291 1812 293
f 1820 1821 301
f 301 1821 303
f 303 1821 1754
f 289 1811 291
f 291 1811 1812
f 1821 1822 1754
f 1754 1822 1752
f 289 1810 1811
f 287 1810 289
f 1822 1824 1752
f 285 1808 287
f 287 1808 1810
f 1824 1825 1752
f 1752 1825 1750
f 285 1807 1808
f 283 1807 285
f 1825 1826 1750
f 283 1806 1807
f 281 1806 283
f 281 1805 1806
f 1826 1828 1750
f 1750 1828 1748
f 281 1803 1805
f 279 1803 281
f 1828 1829 1748
f 1748 1829 1746
f 279 1802 1803
f 277 1802 279
f 1829 1830 1746
f 1746 1830 1744
f 277 1801 1802
f 275 1801 277
f 275 1799 1801
f 273 1799 275
f 1830 1839 1744
f 1744 1839 1742
f 273 1797 1799
f 271 1797 273
f 1839 1840 1742
f 271 1796 1797
f 269 1796 271
f 269 1794 1796
f 267 1794 269
f 1840 1848 1742
f 1742 1848 1740
f 267 1793 1794
f 265 1793 267
f 1740 1849 1738
f 1848 1849 1740
f 265 1792 1793
f 263 1792 265
f 263 1790 1792
f 1738 1850 1736
f 1849 1850 1738
f 263 2228 1790
f 261 2228 263
f 261 2227 2228
f 259 2227 261
f 1850 1856 1736
f 1736 1856 1734
f 259 2225 2227
f 257 2225 259
f 1856 1857 1734
f 1734 1857 1732
f 257 2224 2225
f 257 2219 2224
f 255 2219 257
f 1857 1863 1732
f 255 2218 2219
f 253 2218 255
f 1863 1864 1732
f 1732 1864 1730
f 253 2214 2218
f 251 2214 253
f 1864 1870 1730
f 1730 1870 1728
f 251 2213 2214
f 249 2213 251
f 247 2212 249
f 249 2212 2213
f 1870 1871 1728
f 1728 1871 1726
f 3196 3261 3891
f 1664 3263 1662
f 1666 3263 1664
f 1668 3263 1666
f 1670 3263 1668
f 1672 3263 1670
f 1662 3263 3259
f 3261 3587 3891
f 1674 3266 1672
f 1672 3266 3263
f 245 2207 247
f 247 2207 2212
f 1674 3268 3266
f 3587 3586 3891
f 3586 3583 3891
f 1674 3270 3268
f 1676 3270 1674
f 1871 1872 1726
f 1726 1872 1724
f 3583 3581 3891
f 1676 3272 3270
f 243 2206 245
f 245 2206 2207
f 3581 3579 3891
f 1676 3274 3272
f 1678 3274 1676
f 1678 3276 3274
f 1678 3278 3276
f 1680 3278 1678
f 1680 3280 3278
f 241 2205 243
f 243 2205 2206
f 1872 1877 1724
f 1724 1877 1722
f 1682 3282 1680
f 1680 3282 3280
f 1682 3284 3282
f 1682 3286 3284
f 1684 3286 1682
f 239 2198 241
f 241 2198 2205
f 1684 3288 3286
f 1877 1878 1722
f 1686 3290 1684
f 1684 3290 3288
f 1686 3292 3290
f 237 2197 239
f 239 2197 2198
f 1688 3294 1686
f 1686 3294 3292
f 1688 3296 3294
f 1878 1884 1722
f 1722 1884 1720
f 1690 3298 1688
f 1688 3298 3296
f 1690 3300 3298
f 235 2196 237
f 237 2196 2197
f 1692 3302 1690
f 1690 3302 3300
f 1692 3303 3302
f 1694 3303 1692
f 1884 1885 1720
f 1720 1885 1718
f 1694 3306 3303
f 233 2191 235
f 235 2191 2196
f 1694 3308 3306
f 1885 1886 1718
f 1718 1886 1716
f 231 2190 233
f 233 2190 2191
f 1886 1891 1716
f 1716 1891 1714
f 229 2189 231
f 231 2189 2190
f 1891 1892 1714
f 227 2182 229
f 229 2182 2189
f 1714 1898 1712
f 1892 1898 1714
f 225 2181 227
f 227 2181 2182
f 1898 1900 1712
f 1712 1900 1710
f 225 2177 2181
f 223 2177 225
f 1710 1901 1708
f 1900 1901 1710
f 221 2176 223
f 219 2176 221
f 223 2176 2177
f 1901 1906 1708
f 1708 1906 1706
f 219 2175 2176
f 217 2175 219
f 1906 1907 1706
f 1706 1907 1704
f 215 2167 217
f 217 2167 2175
f 3558 3364 3560
f 3556 3366 3558
f 3558 3366 3364
f 3364 3362 3560
f 3554 3368 3556
f 3556 3368 3366
f 3562 3360 3564
f 3560 3360 3562
f 3362 3360 3560
f 3552 3370 3554
f 3550 3370 3552
f 3554 3370 3368
f 3564 3358 3565
f 3360 3358 3564
f 3550 3371 3370
f 3358 3356 3565
f 3548 3374 3550
f 3550 3374 3371
f 3568 3354 3570
f 3565 3354 3568
f 3356 3354 3565
f 3546 3376 3548
f 3544 3376 3546
f 3548 3376 3374
f 3354 3352 3570
f 3544 3378 3376
f 3570 3350 3572
f 3352 3350 3570
f 3542 3380 3544
f 3544 3380 3378
f 3572 3348 3574
f 3350 3348 3572
f 3540 3381 3542
f 3542 3381 3380
f 3575 3346 3577
f 3574 3346 3575
f 3348 3346 3574
f 213 2166 215
f 215 2166 2167
f 1907 1913 1704
f 3540 3383 3381
f 3538 3383 3540
f 3346 3344 3577
f 3538 3385 3383
f 3536 3385 3538
f 3577 3342 3579
f 3344 3342 3577
f 3579 3342 3891
f 3534 3387 3536
f 3536 3387 3385
f 3342 3340 3891
f 3891 3340 3956
f 3340 3338 3956
f 3532 3389 3534
f 3530 3389 3532
f 3534 3389 3387
f 3530 3392 3389
f 3338 3336 3956
f 3336 3334 3956
f 3528 3393 3530
f 3525 3393 3528
f 3530 3393 3392
f 3334 3332 3956
f 3525 3395 3393
f 211 2161 213
f 213 2161 2166
f 1913 1915 1704
f 1704 1915 1702
f 211 2162 2161
f 1915 1916 1702
f 1702 1916 1700
f 209 2156 211
f 211 2156 2162
f 1916 1921 1700
f 1700 1921 1698
f 207 2152 209
f 209 2152 2156
f 1921 1926 1698
f 1698 1926 1696
f 207 2151 2152
f 205 2151 207
f 1694 1927 3308
f 1926 1927 1696
f 1696 1927 1694
f 5496 2146 205
f 205 2146 2151
f 1927 1929 3308
f 3308 1929 3310
f 5496 2141 2146
f 5496 2140 2141
f 5496 2136 2140
f 5496 2135 2136
f 3523 3062 3525
f 3525 3062 3395
f 3332 3459 3956
f 3956 3459 4020
f 3521 3064 3523
f 3523 3064 3062
f 3459 3457 4020
f 4020 3457 4017
f 3520 3066 3521
f 3517 3066 3520
f 3521 3066 3064
f 3457 3456 4017
f 4017 3456 4016
f 3517 3068 3066
f 3456 3453 4016
f 4016 3453 4014
f 3515 3070 3517
f 3513 3070 3515
f 3517 3070 3068
f 3453 3451 4014
f 4014 3451 4012
f 3513 3072 3070
f 3451 3449 4012
f 4012 3449 4010
f 3511 3074 3513
f 3509 3074 3511
f 3513 3074 3072
f 3449 3447 4010
f 4010 3447 4008
f 3509 3076 3074
f 3447 3445 4008
f 4008 3445 4005
f 3508 3078 3509
f 3509 3078 3076
f 3445 3444 4005
f 4005 3444 4003
f 3506 3080 3508
f 3508 3080 3078
f 3444 3442 4003
f 4003 3442 4001
f 3506 3082 3080
f 3504 3082 3506
f 3442 3440 4001
f 4001 3440 3999
f 3502 3084 3504
f 3504 3084 3082
f 3440 3438 3999
f 3999 3438 3998
f 3502 3086 3084
f 3499 3086 3502
f 3498 3086 3499
f 3438 3435 3998
f 3998 3435 3995
f 3498 3088 3086
f 3435 3434 3995
f 3995 3434 3993
f 3496 3090 3498
f 3494 3090 3496
f 3498 3090 3088
f 3434 3432 3993
f 3993 3432 3991
f 3492 3092 3494
f 3494 3092 3090
f 3991 3430 3989
f 3432 3430 3991
f 3492 3094 3092
f 3989 3428 3987
f 3430 3428 3989
f 3428 3426 3987
f 3987 3426 3985
f 3492 3096 3094
f 3490 3096 3492
f 3488 3096 3490
f 3985 3424 3983
f 3426 3424 3985
f 3488 3098 3096
f 3424 3422 3983
f 3983 3422 3981
f 3486 3100 3488
f 3488 3100 3098
f 3422 3420 3981
f 3981 3420 3979
f 3486 3101 3100
f 3484 3101 3486
f 3482 3101 3484
f 3420 3418 3979
f 3979 3418 3977
f 3482 3104 3101
f 3418 3416 3977
f 3977 3416 3975
f 3480 3106 3482
f 3482 3106 3104
f 3416 3414 3975
f 3975 3414 3973
f 3478 3108 3480
f 3480 3108 3106
f 3414 3412 3973
f 3973 3412 3971
f 3478 3110 3108
f 3476 3110 3478
f 3412 3410 3971
f 3971 3410 3969
f 3474 3111 3476
f 3472 3111 3474
f 3476 3111 3110
f 3410 3408 3969
f 3969 3408 3967
f 3472 3113 3111
f 3408 3406 3967
f 3967 3406 3965
f 3406 3404 3965
f 3965 3404 5042
f 3404 3402 5042
f 3402 3400 5042
f 3400 3398 5042
f 3398 3193 5042
f 1929 2965 3310
f 1930 2965 1929
f 1930 2963 2965
f 2965 2967 3310
f 3310 2967 3312
f 1930 2961 2963
f 1936 2961 1930
f 2967 2969 3312
f 3312 2969 3313
f 1936 2959 2961
f 1941 2959 1936
f 2969 2971 3313
f 3313 2971 3315
f 1941 2957 2959
f 2971 2974 3315
f 3315 2974 3317
f 1941 2955 2957
f 1942 2955 1941
f 2974 2975 3317
f 3317 2975 3319
f 1942 2953 2955
f 1944 2953 1942
f 3319 2977 3321
f 2975 2977 3319
f 2977 2979 3321
f 3321 2979 3324
f 1944 2951 2953
f 1945 2951 1944
f 1945 2949 2951
f 2979 2981 3324
f 3324 2981 3325
f 1945 2947 2949
f 1950 2947 1945
f 2981 2984 3325
f 3325 2984 3327
f 2984 2986 3327
f 1951 2945 1950
f 1950 2945 2947
f 2986 2988 3327
f 1951 2943 2945
f 1956 2941 1951
f 1951 2941 2943
f 2988 2990 3327
f 1956 2939 2941
f 1957 2939 1956
f 2990 2992 3327
f 1957 2937 2939
f 2992 2993 3327
f 1957 2935 2937
f 1962 2935 1957
f 2993 2996 3327
f 1963 2933 1962
f 1967 2933 1963
f 1968 2933 1967
f 1962 2933 2935
f 1969 2933 1968
f 1974 2933 1969
f 1975 2933 1974
f 1979 2933 1975
f 1980 2933 1979
f 1981 2933 1980
f 1986 2933 1981
f 3327 2931 3329
f 3113 2931 3115
f 3470 2931 3472
f 3468 2931 3470
f 3466 2931 3468
f 3464 2931 3466
f 3462 2931 3464
f 3329 2931 3462
f 3472 2931 3113
f 2996 2931 3327
f 1993 2998 1992
f 1994 2998 1993
f 2000 2998 1994
f 2001 2998 2000
f 2006 2998 2001
f 2007 2998 2006
f 2012 2998 2007
f 1986 2998 2933
f 1987 2998 1986
f 1992 2998 1987
f 2013 3060 2012
f 2012 3060 2998
f 2014 3057 2013
f 2013 3057 3060
f 2020 3056 2014
f 2014 3056 3057
f 2021 3054 2020
f 2020 3054 3056
f 2026 3052 2021
f 2021 3052 3054
f 2026 3050 3052
f 2027 3048 2026
f 2026 3048 3050
f 2028 3045 2027
f 2027 3045 3048
f 2034 3043 2028
f 2028 3043 3045
f 2034 3041 3043
f 2035 3041 2034
f 2040 3039 2035
f 2035 3039 3041
f 2041 3038 2040
f 2040 3038 3039
f 2041 3035 3038
f 2042 3035 2041
f 2048 3033 2042
f 2042 3033 3035
f 2049 3031 2048
f 2048 3031 3033
f 2049 3029 3031
f 2054 3029 2049
f 2054 3027 3029
f 2055 3027 2054
f 2056 3025 2055
f 2055 3025 3027
f 2062 3023 2056
f 2056 3023 3025
f 2062 3021 3023
f 2063 3021 2062
f 2063 3019 3021
f 2068 3019 2063
f 2068 3017 3019
f 2073 3017 2068
f 2073 3015 3017
f 2074 3015 2073
f 2074 3013 3015
f 2080 3013 2074
f 2085 3011 2080
f 2080 3011 3013
f 2085 3009 3011
f 2086 3009 2085
f 2086 3007 3009
f 2092 3007 2086
f 2093 3005 2092
f 2092 3005 3007
f 2098 3003 2093
f 2093 3003 3005
f 3123 2867 3125
f 3122 2867 3123
f 3119 2867 3122
f 3117 2867 3119
f 3115 2867 3117
f 2931 2867 3115
f 3125 2867 3128
f 2867 2869 3128
f 2869 2871 3128
f 2871 2873 3128
f 2873 2875 3128
f 2875 2877 3128
f 3128 2877 3130
f 2877 2879 3130
f 3130 2879 3132
f 2879 2881 3132
f 3132 2881 3134
f 2881 2883 3134
f 3134 2883 3136
f 2883 2885 3136
f 3136 2885 3138
f 2885 2887 3138
f 3138 2887 3140
f 3140 2889 3142
f 2887 2889 3140
f 3142 2891 3144
f 2889 2891 3142
f 3144 2893 3146
f 2891 2893 3144
f 3146 2895 3148
f 2893 2895 3146
f 3148 2897 3150
f 2895 2897 3148
f 2897 2899 3150
f 3150 2899 3152
f 3152 2901 3154
f 2899 2901 3152
f 2901 2903 3154
f 3154 2903 3156
f 3156 2905 3158
f 2903 2905 3156
f 2905 2908 3158
f 3158 2908 3160
f 3160 2909 3162
f 2908 2909 3160
f 3162 2911 3164
f 2909 2911 3162
f 2911 2913 3164
f 3164 2913 3166
f 3166 2915 3167
f 2913 2915 3166
f 2915 2918 3167
f 3167 2918 3170
f 2918 2920 3170
f 3170 2920 3172
f 2920 2922 3172
f 3172 2922 3174
f 2922 2924 3174
f 3174 2924 3176
f 2924 2926 3176
f 3176 2926 3177
f 2799 4563 2797
f 2839 4563 2837
f 2842 4563 2839
f 2843 4563 2842
f 2845 4563 2843
f 2847 4563 2845
f 2849 4563 2847
f 2852 4563 2849
f 2854 4563 2852
f 2856 4563 2854
f 2858 4563 2856
f 2860 4563 2858
f 2098 4563 3003
f 2861 4563 2860
f 2864 4563 2861
f 2797 4563 2864
f 2999 4563 2799
f 3001 4563 2999
f 3003 4563 3001
f 2926 4531 3177
f 2803 4531 2801
f 2805 4531 2803
f 2807 4531 2805
f 2809 4531 2807
f 2811 4531 2809
f 2813 4531 2811
f 2815 4531 2813
f 2817 4531 2815
f 2819 4531 2817
f 2821 4531 2819
f 2823 4531 2821
f 2825 4531 2823
f 2827 4531 2825
f 2829 4531 2827
f 2831 4531 2829
f 2833 4531 2831
f 2835 4531 2833
f 2837 4531 2835
f 4563 4531 2837
f 2801 4531 2866
f 3189 4531 3191
f 3188 4531 3189
f 3185 4531 3188
f 3183 4531 3185
f 3181 4531 3183
f 3179 4531 3181
f 3177 4531 3179
f 2927 4531 2926
f 2930 4531 2927
f 3191 4531 3193
f 2866 4531 2930
f 3193 4531 5042
f 4563 4532 4531
f 4561 4560 4562
f 4562 4560 4563
f 4532 4534 4533
f 4532 4535 4534
f 4560 4559 4563
f 4535 4537 4536
f 4563 4537 4532
f 4532 4537 4535
f 4559 4537 4563
f 4558 4557 4559
f 4559 4556 4537
f 4557 4556 4559
f 4537 4556 4538
f 4538 4540 4539
f 4556 4554 4538
f 4538 4554 4540
f 4555 4554 4556
f 4540 4552 4541
f 4541 4552 4542
f 4554 4552 4540
f 4553 4552 4554
f 4542 4544 4543
f 4551 4544 4552
f 4552 4544 4542
f 4550 4549 4551
f 4544 4546 4545
f 4549 4548 4551
f 4551 4547 4544
f 4544 4547 4546
f 4548 4547 4551
f 5496 4563 2119
f 5496 2119 2120
f 5496 2120 2125
f 5496 2125 2126
f 5496 2126 2130
f 5496 2130 2135
f 2119 4563 2114
f 2114 4563 2110
f 2110 4563 2109
f 2109 4563 2104
f 2104 4563 2103
f 2103 4563 2098
f 5975 5528 2336