mtllib peg_board.mtl
o obj2

v -4.688660 -76.779480 -25.000000
v -4.679321 -76.405632 -25.000000
v -4.688660 -76.779480 25.000000
v -4.679321 -76.405632 25.000000
v -4.651367 -76.032722 -25.000000
v -4.651367 -76.032722 25.000000
v -4.604919 -75.661659 -25.000000
v -4.604919 -75.661659 25.000000
v -4.539978 -75.293381 -25.000000
v -4.539978 -75.293381 25.000000
v -4.456726 -74.928802 -25.000000
v -4.456726 -74.928802 25.000000
v -4.355469 -74.568817 -25.000000
v -4.355469 -74.568817 25.000000
v -4.236328 -74.214325 -25.000000
v -4.236328 -74.214325 25.000000
v -4.099731 -73.866219 -25.000000
v -4.099731 -73.866219 25.000000
v -3.945923 -73.525352 -25.000000
v -3.945923 -73.525352 25.000000
v -3.775330 -73.192574 -25.000000
v -3.775330 -73.192574 25.000000
v -3.588318 -72.868713 -25.000000
v -3.588318 -72.868713 25.000000
v -3.385437 -72.554581 -25.000000
v -3.385437 -72.554581 25.000000
v -3.167175 -72.250946 -25.000000
v -3.167175 -72.250946 25.000000
v -2.934021 -71.958572 -25.000000
v -2.934021 -71.958572 25.000000
v -2.686523 -71.678185 -25.000000
v -2.686523 -71.678185 25.000000
v -2.425415 -71.410477 -25.000000
v -2.425415 -71.410477 25.000000
v -2.151306 -71.156120 -25.000000
v -2.151306 -71.156120 25.000000
v -1.864807 -70.915741 -25.000000
v -1.864807 -70.915741 25.000000
v -1.566711 -70.689941 -25.000000
v -1.566711 -70.689941 25.000000
v -1.257751 -70.479286 -25.000000
v -1.257751 -70.479286 25.000000
v -0.938660 -70.284286 -25.000000
v -0.938660 -70.284286 25.000000
v -0.610229 -70.105438 -25.000000
v -0.610229 -70.105438 25.000000
v -0.273315 -69.943184 -25.000000
v -0.273315 -69.943184 25.000000
v 0.071289 -69.797928 -25.000000
v 0.071289 -69.797928 25.000000
v 0.422668 -69.670021 -25.000000
v 0.422668 -69.670021 25.000000
v 0.780029 -69.559799 -25.000000
v 0.780029 -69.559799 25.000000
v 1.142456 -69.467522 -25.000000
v 1.142456 -69.467522 25.000000
v 1.508972 -69.393425 -25.000000
v 1.508972 -69.393425 25.000000
v 1.878784 -69.337685 -25.000000
v 1.878784 -69.337685 25.000000
v 2.250854 -69.300453 -25.000000
v 2.250854 -69.300453 25.000000
v 2.624329 -69.281807 -25.000000
v 2.624329 -69.281807 25.000000
v 2.998291 -69.281807 -25.000000
v 2.998291 -69.281807 25.000000
v 3.371826 -69.300453 -25.000000
v 3.371826 -69.300453 25.000000
v 3.743896 -69.337685 -25.000000
v 3.743896 -69.337685 25.000000
v 4.113709 -69.393425 -25.000000
v 4.113709 -69.393425 25.000000
v 4.480225 -69.467522 -25.000000
v 4.480225 -69.467522 25.000000
v 4.842651 -69.559799 -25.000000
v 4.842651 -69.559799 25.000000
v 5.200012 -69.670021 -25.000000
v 5.200012 -69.670021 25.000000
v 5.551392 -69.797928 -25.000000
v 5.551392 -69.797928 25.000000
v 5.895996 -69.943184 -25.000000
v 5.895996 -69.943184 25.000000
v 6.232910 -70.105438 -25.000000
v 6.232910 -70.105438 25.000000
v 6.561340 -70.284286 -25.000000
v 6.561340 -70.284286 25.000000
v 6.880432 -70.479286 -25.000000
v 6.880432 -70.479286 25.000000
v 7.189392 -70.689941 -25.000000
v 7.189392 -70.689941 25.000000
v 7.487488 -70.915741 -25.000000
v 7.487488 -70.915741 25.000000
v 7.773987 -71.156120 -25.000000
v 7.773987 -71.156120 25.000000
v 8.048096 -71.410477 -25.000000
v 8.048096 -71.410477 25.000000
v 8.309204 -71.678185 -25.000000
v 8.309204 -71.678185 25.000000
v 8.556702 -71.958572 -25.000000
v 8.556702 -71.958572 25.000000
v 8.789856 -72.250946 -25.000000
v 8.789856 -72.250946 25.000000
v 9.008118 -72.554581 -25.000000
v 9.008118 -72.554581 25.000000
v 9.210999 -72.868713 -25.000000
v 9.210999 -72.868713 25.000000
v 9.398010 -73.192574 -25.000000
v 9.398010 -73.192574 25.000000
v 9.568604 -73.525352 -25.000000
v 9.568604 -73.525352 25.000000
v 9.722412 -73.866219 -25.000000
v 9.722412 -73.866219 25.000000
v 9.859009 -74.214325 -25.000000
v 9.859009 -74.214325 25.000000
v 9.978149 -74.568817 -25.000000
v 9.978149 -74.568817 25.000000
v 10.079407 -74.928802 -25.000000
v 10.079407 -74.928802 25.000000
v 10.162659 -75.293381 -25.000000
v 10.162659 -75.293381 25.000000
v 10.227600 -75.661659 -25.000000
v 10.227600 -75.661659 25.000000
v 10.274048 -76.032722 -25.000000
v 10.274048 -76.032722 25.000000
v 10.302002 -76.405632 -25.000000
v 10.302002 -76.405632 25.000000
v 10.311340 -76.779480 -25.000000
v 10.311340 -76.779480 25.000000
v 10.302002 -77.153320 -25.000000
v 10.302002 -77.153320 25.000000
v 10.274048 -77.526237 -25.000000
v 10.274048 -77.526237 25.000000
v 10.227600 -77.897293 -25.000000
v 10.227600 -77.897293 25.000000
v 10.162659 -78.265579 -25.000000
v 10.162659 -78.265579 25.000000
v 10.079407 -78.630157 -25.000000
v 10.079407 -78.630157 25.000000
v 9.978149 -78.990143 -25.000000
v 9.978149 -78.990143 25.000000
v 9.859009 -79.344627 -25.000000
v 9.859009 -79.344627 25.000000
v 9.722412 -79.692741 -25.000000
v 9.722412 -79.692741 25.000000
v 9.568604 -80.033607 -25.000000
v 9.568604 -80.033607 25.000000
v 9.398010 -80.366386 -25.000000
v 9.398010 -80.366386 25.000000
v 9.210999 -80.690247 -25.000000
v 9.210999 -80.690247 25.000000
v 9.008118 -81.004379 -25.000000
v 9.008118 -81.004379 25.000000
v 8.789856 -81.308014 -25.000000
v 8.789856 -81.308014 25.000000
v 8.556702 -81.600388 -25.000000
v 8.556702 -81.600388 25.000000
v 8.309204 -81.880775 -25.000000
v 8.309204 -81.880775 25.000000
v 8.048096 -82.148483 -25.000000
v 8.048096 -82.148483 25.000000
v 7.773987 -82.402840 -25.000000
v 7.773987 -82.402840 25.000000
v 7.487488 -82.643219 -25.000000
v 7.487488 -82.643219 25.000000
v 7.189392 -82.869011 -25.000000
v 7.189392 -82.869011 25.000000
v 6.880432 -83.079674 -25.000000
v 6.880432 -83.079674 25.000000
v 6.561340 -83.274673 -25.000000
v 6.561340 -83.274673 25.000000
v 6.232910 -83.453522 -25.000000
v 6.232910 -83.453522 25.000000
v 5.895996 -83.615776 -25.000000
v 5.895996 -83.615776 25.000000
v 5.551392 -83.761032 -25.000000
v 5.551392 -83.761032 25.000000
v 5.200012 -83.888931 -25.000000
v 5.200012 -83.888931 25.000000
v 4.842651 -83.999161 -25.000000
v 4.842651 -83.999161 25.000000
v 4.480225 -84.091438 -25.000000
v 4.480225 -84.091438 25.000000
v 4.113709 -84.165535 -25.000000
v 4.113709 -84.165535 25.000000
v 3.743896 -84.221275 -25.000000
v 3.743896 -84.221275 25.000000
v 3.371826 -84.258507 -25.000000
v 3.371826 -84.258507 25.000000
v 2.998291 -84.277145 -25.000000
v 2.998291 -84.277145 25.000000
v 2.624329 -84.277145 -25.000000
v 2.624329 -84.277145 25.000000
v 2.250854 -84.258507 -25.000000
v 2.250854 -84.258507 25.000000
v 1.878784 -84.221275 -25.000000
v 1.878784 -84.221275 25.000000
v 1.508972 -84.165535 -25.000000
v 1.508972 -84.165535 25.000000
v 1.142456 -84.091438 -25.000000
v 1.142456 -84.091438 25.000000
v 0.780029 -83.999161 -25.000000
v 0.780029 -83.999161 25.000000
v 0.422668 -83.888931 -25.000000
v 0.422668 -83.888931 25.000000
v 0.071289 -83.761032 -25.000000
v 0.071289 -83.761032 25.000000
v -0.273315 -83.615776 -25.000000
v -0.273315 -83.615776 25.000000
v -0.610229 -83.453522 -25.000000
v -0.610229 -83.453522 25.000000
v -0.938660 -83.274673 -25.000000
v -0.938660 -83.274673 25.000000
v -1.257751 -83.079674 -25.000000
v -1.257751 -83.079674 25.000000
v -1.566711 -82.869011 -25.000000
v -1.566711 -82.869011 25.000000
v -1.864807 -82.643219 -25.000000
v -1.864807 -82.643219 25.000000
v -2.151306 -82.402840 25.000000
v -2.151306 -82.402840 -25.000000
v -2.425415 -82.148483 -25.000000
v -2.425415 -82.148483 25.000000
v -2.686523 -81.880775 -25.000000
v -2.686523 -81.880775 25.000000
v -2.934021 -81.600388 -25.000000
v -2.934021 -81.600388 25.000000
v -3.167175 -81.308014 -25.000000
v -3.167175 -81.308014 25.000000
v -3.385437 -81.004379 -25.000000
v -3.385437 -81.004379 25.000000
v -3.588318 -80.690247 -25.000000
v -3.588318 -80.690247 25.000000
v -3.775330 -80.366386 -25.000000
v -3.775330 -80.366386 25.000000
v -3.945923 -80.033607 -25.000000
v -3.945923 -80.033607 25.000000
v -4.099731 -79.692741 -25.000000
v -4.099731 -79.692741 25.000000
v -4.236328 -79.344627 -25.000000
v -4.236328 -79.344627 25.000000
v -4.355469 -78.990143 -25.000000
v -4.355469 -78.990143 25.000000
v -4.456726 -78.630157 -25.000000
v -4.456726 -78.630157 25.000000
v -4.539978 -78.265579 25.000000
v -4.539978 -78.265579 -25.000000
v -4.604919 -77.897293 -25.000000
v -4.604919 -77.897293 25.000000
v -4.651367 -77.526237 -25.000000
v -4.651367 -77.526237 25.000000
v -4.679321 -77.153320 -25.000000
v -4.679321 -77.153320 25.000000
v -24.688660 -76.779480 -25.000000
v -24.679321 -76.405632 -25.000000
v -24.688660 -76.779480 25.000000
v -24.679321 -76.405632 25.000000
v -24.651367 -76.032722 -25.000000
v -24.651367 -76.032722 25.000000
v -24.604919 -75.661659 -25.000000
v -24.604919 -75.661659 25.000000
v -24.539978 -75.293381 -25.000000
v -24.539978 -75.293381 25.000000
v -24.456726 -74.928802 -25.000000
v -24.456726 -74.928802 25.000000
v -24.355469 -74.568817 -25.000000
v -24.355469 -74.568817 25.000000
v -24.236328 -74.214325 -25.000000
v -24.236328 -74.214325 25.000000
v -24.099731 -73.866219 -25.000000
v -24.099731 -73.866219 25.000000
v -23.945923 -73.525352 -25.000000
v -23.945923 -73.525352 25.000000
v -23.775330 -73.192574 -25.000000
v -23.775330 -73.192574 25.000000
v -23.588318 -72.868713 -25.000000
v -23.588318 -72.868713 25.000000
v -23.385437 -72.554581 -25.000000
v -23.385437 -72.554581 25.000000
v -23.167175 -72.250946 -25.000000
v -23.167175 -72.250946 25.000000
v -22.934021 -71.958572 -25.000000
v -22.934021 -71.958572 25.000000
v -22.686523 -71.678185 -25.000000
v -22.686523 -71.678185 25.000000
v -22.425415 -71.410477 -25.000000
v -22.425415 -71.410477 25.000000
v -22.151306 -71.156120 -25.000000
v -22.151306 -71.156120 25.000000
v -21.864807 -70.915741 -25.000000
v -21.864807 -70.915741 25.000000
v -21.566711 -70.689941 -25.000000
v -21.566711 -70.689941 25.000000
v -21.257751 -70.479286 -25.000000
v -21.257751 -70.479286 25.000000
v -20.938660 -70.284286 -25.000000
v -20.938660 -70.284286 25.000000
v -20.610229 -70.105438 -25.000000
v -20.610229 -70.105438 25.000000
v -20.273315 -69.943184 -25.000000
v -20.273315 -69.943184 25.000000
v -19.928711 -69.797928 -25.000000
v -19.928711 -69.797928 25.000000
v -19.577332 -69.670021 -25.000000
v -19.577332 -69.670021 25.000000
v -19.219971 -69.559799 -25.000000
v -19.219971 -69.559799 25.000000
v -18.857544 -69.467522 -25.000000
v -18.857544 -69.467522 25.000000
v -18.491028 -69.393425 -25.000000
v -18.491028 -69.393425 25.000000
v -18.121216 -69.337685 -25.000000
v -18.121216 -69.337685 25.000000
v -17.749146 -69.300453 -25.000000
v -17.749146 -69.300453 25.000000
v -17.375671 -69.281807 -25.000000
v -17.375671 -69.281807 25.000000
v -17.001709 -69.281807 -25.000000
v -17.001709 -69.281807 25.000000
v -16.628174 -69.300453 -25.000000
v -16.628174 -69.300453 25.000000
v -16.256104 -69.337685 -25.000000
v -16.256104 -69.337685 25.000000
v -15.886291 -69.393425 -25.000000
v -15.886291 -69.393425 25.000000
v -15.519775 -69.467522 -25.000000
v -15.519775 -69.467522 25.000000
v -15.157349 -69.559799 -25.000000
v -15.157349 -69.559799 25.000000
v -14.799988 -69.670021 -25.000000
v -14.799988 -69.670021 25.000000
v -14.448608 -69.797928 -25.000000
v -14.448608 -69.797928 25.000000
v -14.104004 -69.943184 -25.000000
v -14.104004 -69.943184 25.000000
v -13.767090 -70.105438 -25.000000
v -13.767090 -70.105438 25.000000
v -13.438660 -70.284286 -25.000000
v -13.438660 -70.284286 25.000000
v -13.119568 -70.479286 -25.000000
v -13.119568 -70.479286 25.000000
v -12.810608 -70.689941 -25.000000
v -12.810608 -70.689941 25.000000
v -12.512512 -70.915741 -25.000000
v -12.512512 -70.915741 25.000000
v -12.226013 -71.156120 -25.000000
v -12.226013 -71.156120 25.000000
v -11.951904 -71.410477 -25.000000
v -11.951904 -71.410477 25.000000
v -11.690796 -71.678185 -25.000000
v -11.690796 -71.678185 25.000000
v -11.443298 -71.958572 -25.000000
v -11.443298 -71.958572 25.000000
v -11.210144 -72.250946 -25.000000
v -11.210144 -72.250946 25.000000
v -10.991882 -72.554581 -25.000000
v -10.991882 -72.554581 25.000000
v -10.789001 -72.868713 -25.000000
v -10.789001 -72.868713 25.000000
v -10.601990 -73.192574 -25.000000
v -10.601990 -73.192574 25.000000
v -10.431396 -73.525352 -25.000000
v -10.431396 -73.525352 25.000000
v -10.277588 -73.866219 -25.000000
v -10.277588 -73.866219 25.000000
v -10.140991 -74.214325 -25.000000
v -10.140991 -74.214325 25.000000
v -10.021851 -74.568817 -25.000000
v -10.021851 -74.568817 25.000000
v -9.920593 -74.928802 -25.000000
v -9.920593 -74.928802 25.000000
v -9.837341 -75.293381 -25.000000
v -9.837341 -75.293381 25.000000
v -9.772400 -75.661659 -25.000000
v -9.772400 -75.661659 25.000000
v -9.725952 -76.032722 -25.000000
v -9.725952 -76.032722 25.000000
v -9.697998 -76.405632 -25.000000
v -9.697998 -76.405632 25.000000
v -9.688660 -76.779480 -25.000000
v -9.688660 -76.779480 25.000000
v -9.697998 -77.153320 -25.000000
v -9.697998 -77.153320 25.000000
v -9.725952 -77.526237 -25.000000
v -9.725952 -77.526237 25.000000
v -9.772400 -77.897293 -25.000000
v -9.772400 -77.897293 25.000000
v -9.837341 -78.265579 -25.000000
v -9.837341 -78.265579 25.000000
v -9.920593 -78.630157 -25.000000
v -9.920593 -78.630157 25.000000
v -10.021851 -78.990143 -25.000000
v -10.021851 -78.990143 25.000000
v -10.140991 -79.344627 -25.000000
v -10.140991 -79.344627 25.000000
v -10.277588 -79.692741 -25.000000
v -10.277588 -79.692741 25.000000
v -10.431396 -80.033607 -25.000000
v -10.431396 -80.033607 25.000000
v -10.601990 -80.366386 -25.000000
v -10.601990 -80.366386 25.000000
v -10.789001 -80.690247 -25.000000
v -10.789001 -80.690247 25.000000
v -10.991882 -81.004379 -25.000000
v -10.991882 -81.004379 25.000000
v -11.210144 -81.308014 -25.000000
v -11.210144 -81.308014 25.000000
v -11.443298 -81.600388 -25.000000
v -11.443298 -81.600388 25.000000
v -11.690796 -81.880775 -25.000000
v -11.690796 -81.880775 25.000000
v -11.951904 -82.148483 -25.000000
v -11.951904 -82.148483 25.000000
v -12.226013 -82.402840 -25.000000
v -12.226013 -82.402840 25.000000
v -12.512512 -82.643219 -25.000000
v -12.512512 -82.643219 25.000000
v -12.810608 -82.869011 -25.000000
v -12.810608 -82.869011 25.000000
v -13.119568 -83.079674 -25.000000
v -13.119568 -83.079674 25.000000
v -13.438660 -83.274673 -25.000000
v -13.438660 -83.274673 25.000000
v -13.767090 -83.453522 -25.000000
v -13.767090 -83.453522 25.000000
v -14.104004 -83.615776 -25.000000
v -14.104004 -83.615776 25.000000
v -14.448608 -83.761032 -25.000000
v -14.448608 -83.761032 25.000000
v -14.799988 -83.888931 -25.000000
v -14.799988 -83.888931 25.000000
v -15.157349 -83.999161 -25.000000
v -15.157349 -83.999161 25.000000
v -15.519775 -84.091438 -25.000000
v -15.519775 -84.091438 25.000000
v -15.886291 -84.165535 -25.000000
v -15.886291 -84.165535 25.000000
v -16.256104 -84.221275 -25.000000
v -16.256104 -84.221275 25.000000
v -16.628174 -84.258507 -25.000000
v -16.628174 -84.258507 25.000000
v -17.001709 -84.277145 -25.000000
v -17.001709 -84.277145 25.000000
v -17.375671 -84.277145 -25.000000
v -17.375671 -84.277145 25.000000
v -17.749146 -84.258507 -25.000000
v -17.749146 -84.258507 25.000000
v -18.121216 -84.221275 -25.000000
v -18.121216 -84.221275 25.000000
v -18.491028 -84.165535 -25.000000
v -18.491028 -84.165535 25.000000
v -18.857544 -84.091438 -25.000000
v -18.857544 -84.091438 25.000000
v -19.219971 -83.999161 -25.000000
v -19.219971 -83.999161 25.000000
v -19.577332 -83.888931 -25.000000
v -19.577332 -83.888931 25.000000
v -19.928711 -83.761032 -25.000000
v -19.928711 -83.761032 25.000000
v -20.273315 -83.615776 -25.000000
v -20.273315 -83.615776 25.000000
v -20.610229 -83.453522 -25.000000
v -20.610229 -83.453522 25.000000
v -20.938660 -83.274673 -25.000000
v -20.938660 -83.274673 25.000000
v -21.257751 -83.079674 -25.000000
v -21.257751 -83.079674 25.000000
v -21.566711 -82.869011 -25.000000
v -21.566711 -82.869011 25.000000
v -21.864807 -82.643219 -25.000000
v -21.864807 -82.643219 25.000000
v -22.151306 -82.402840 25.000000
v -22.151306 -82.402840 -25.000000
v -22.425415 -82.148483 -25.000000
v -22.425415 -82.148483 25.000000
v -22.686523 -81.880775 -25.000000
v -22.686523 -81.880775 25.000000
v -22.934021 -81.600388 -25.000000
v -22.934021 -81.600388 25.000000
v -23.167175 -81.308014 -25.000000
v -23.167175 -81.308014 25.000000
v -23.385437 -81.004379 -25.000000
v -23.385437 -81.004379 25.000000
v -23.588318 -80.690247 -25.000000
v -23.588318 -80.690247 25.000000
v -23.775330 -80.366386 -25.000000
v -23.775330 -80.366386 25.000000
v -23.945923 -80.033607 -25.000000
v -23.945923 -80.033607 25.000000
v -24.099731 -79.692741 -25.000000
v -24.099731 -79.692741 25.000000
v -24.236328 -79.344627 -25.000000
v -24.236328 -79.344627 25.000000
v -24.355469 -78.990143 -25.000000
v -24.355469 -78.990143 25.000000
v -24.456726 -78.630157 -25.000000
v -24.456726 -78.630157 25.000000
v -24.539978 -78.265579 25.000000
v -24.539978 -78.265579 -25.000000
v -24.604919 -77.897293 -25.000000
v -24.604919 -77.897293 25.000000
v -24.651367 -77.526237 -25.000000
v -24.651367 -77.526237 25.000000
v -24.679321 -77.153320 -25.000000
v -24.679321 -77.153320 25.000000
v -14.688660 -59.458969 -25.000000
v -14.679321 -59.085129 -25.000000
v -14.688660 -59.458969 25.000000
v -14.679321 -59.085129 25.000000
v -14.651367 -58.712212 -25.000000
v -14.651367 -58.712212 25.000000
v -14.604919 -58.341156 -25.000000
v -14.604919 -58.341156 25.000000
v -14.539978 -57.972877 -25.000000
v -14.539978 -57.972877 25.000000
v -14.456726 -57.608292 -25.000000
v -14.456726 -57.608292 25.000000
v -14.355469 -57.248306 -25.000000
v -14.355469 -57.248306 25.000000
v -14.236328 -56.893822 -25.000000
v -14.236328 -56.893822 25.000000
v -14.099731 -56.545708 -25.000000
v -14.099731 -56.545708 25.000000
v -13.945923 -56.204842 -25.000000
v -13.945923 -56.204842 25.000000
v -13.775330 -55.872070 -25.000000
v -13.775330 -55.872070 25.000000
v -13.588318 -55.548210 -25.000000
v -13.588318 -55.548210 25.000000
v -13.385437 -55.234070 -25.000000
v -13.385437 -55.234070 25.000000
v -13.167175 -54.930435 -25.000000
v -13.167175 -54.930435 25.000000
v -12.934021 -54.638062 -25.000000
v -12.934021 -54.638062 25.000000
v -12.686523 -54.357674 -25.000000
v -12.686523 -54.357674 25.000000
v -12.425415 -54.089973 -25.000000
v -12.425415 -54.089973 25.000000
v -12.151306 -53.835609 -25.000000
v -12.151306 -53.835609 25.000000
v -11.864807 -53.595238 -25.000000
v -11.864807 -53.595238 25.000000
v -11.566711 -53.369438 -25.000000
v -11.566711 -53.369438 25.000000
v -11.257751 -53.158775 -25.000000
v -11.257751 -53.158775 25.000000
v -10.938660 -52.963783 -25.000000
v -10.938660 -52.963783 25.000000
v -10.610229 -52.784935 -25.000000
v -10.610229 -52.784935 25.000000
v -10.273315 -52.622681 -25.000000
v -10.273315 -52.622681 25.000000
v -9.928711 -52.477417 -25.000000
v -9.928711 -52.477417 25.000000
v -9.577332 -52.349518 -25.000000
v -9.577332 -52.349518 25.000000
v -9.219971 -52.239288 -25.000000
v -9.219971 -52.239288 25.000000
v -8.857544 -52.147011 -25.000000
v -8.857544 -52.147011 25.000000
v -8.491028 -52.072914 -25.000000
v -8.491028 -52.072914 25.000000
v -8.121216 -52.017174 -25.000000
v -8.121216 -52.017174 25.000000
v -7.749146 -51.979942 -25.000000
v -7.749146 -51.979942 25.000000
v -7.375671 -51.961304 -25.000000
v -7.375671 -51.961304 25.000000
v -7.001709 -51.961304 -25.000000
v -7.001709 -51.961304 25.000000
v -6.628174 -51.979942 -25.000000
v -6.628174 -51.979942 25.000000
v -6.256104 -52.017174 -25.000000
v -6.256104 -52.017174 25.000000
v -5.886291 -52.072914 -25.000000
v -5.886291 -52.072914 25.000000
v -5.519775 -52.147011 -25.000000
v -5.519775 -52.147011 25.000000
v -5.157349 -52.239288 -25.000000
v -5.157349 -52.239288 25.000000
v -4.799988 -52.349518 -25.000000
v -4.799988 -52.349518 25.000000
v -4.448608 -52.477417 -25.000000
v -4.448608 -52.477417 25.000000
v -4.104004 -52.622681 -25.000000
v -4.104004 -52.622681 25.000000
v -3.767090 -52.784935 -25.000000
v -3.767090 -52.784935 25.000000
v -3.438660 -52.963783 -25.000000
v -3.438660 -52.963783 25.000000
v -3.119568 -53.158775 -25.000000
v -3.119568 -53.158775 25.000000
v -2.810608 -53.369438 -25.000000
v -2.810608 -53.369438 25.000000
v -2.512512 -53.595238 -25.000000
v -2.512512 -53.595238 25.000000
v -2.226013 -53.835609 -25.000000
v -2.226013 -53.835609 25.000000
v -1.951904 -54.089973 -25.000000
v -1.951904 -54.089973 25.000000
v -1.690796 -54.357674 -25.000000
v -1.690796 -54.357674 25.000000
v -1.443298 -54.638062 -25.000000
v -1.443298 -54.638062 25.000000
v -1.210144 -54.930435 -25.000000
v -1.210144 -54.930435 25.000000
v -0.991882 -55.234070 -25.000000
v -0.991882 -55.234070 25.000000
v -0.789001 -55.548210 -25.000000
v -0.789001 -55.548210 25.000000
v -0.601990 -55.872070 -25.000000
v -0.601990 -55.872070 25.000000
v -0.431396 -56.204842 -25.000000
v -0.431396 -56.204842 25.000000
v -0.277588 -56.545708 -25.000000
v -0.277588 -56.545708 25.000000
v -0.140991 -56.893822 -25.000000
v -0.140991 -56.893822 25.000000
v -0.021851 -57.248306 -25.000000
v -0.021851 -57.248306 25.000000
v 0.079407 -57.608292 -25.000000
v 0.079407 -57.608292 25.000000
v 0.162659 -57.972877 -25.000000
v 0.162659 -57.972877 25.000000
v 0.227600 -58.341156 -25.000000
v 0.227600 -58.341156 25.000000
v 0.274048 -58.712212 -25.000000
v 0.274048 -58.712212 25.000000
v 0.302002 -59.085129 -25.000000
v 0.302002 -59.085129 25.000000
v 0.311340 -59.458969 -25.000000
v 0.311340 -59.458969 25.000000
v 0.302002 -59.832817 -25.000000
v 0.302002 -59.832817 25.000000
v 0.274048 -60.205727 -25.000000
v 0.274048 -60.205727 25.000000
v 0.227600 -60.576790 -25.000000
v 0.227600 -60.576790 25.000000
v 0.162659 -60.945068 -25.000000
v 0.162659 -60.945068 25.000000
v 0.079407 -61.309654 -25.000000
v 0.079407 -61.309654 25.000000
v -0.021851 -61.669632 -25.000000
v -0.021851 -61.669632 25.000000
v -0.140991 -62.024124 -25.000000
v -0.140991 -62.024124 25.000000
v -0.277588 -62.372231 -25.000000
v -0.277588 -62.372231 25.000000
v -0.431396 -62.713097 -25.000000
v -0.431396 -62.713097 25.000000
v -0.601990 -63.045876 -25.000000
v -0.601990 -63.045876 25.000000
v -0.789001 -63.369736 -25.000000
v -0.789001 -63.369736 25.000000
v -0.991882 -63.683868 -25.000000
v -0.991882 -63.683868 25.000000
v -1.210144 -63.987503 -25.000000
v -1.210144 -63.987503 25.000000
v -1.443298 -64.279877 -25.000000
v -1.443298 -64.279877 25.000000
v -1.690796 -64.560265 -25.000000
v -1.690796 -64.560265 25.000000
v -1.951904 -64.827972 -25.000000
v -1.951904 -64.827972 25.000000
v -2.226013 -65.082329 -25.000000
v -2.226013 -65.082329 25.000000
v -2.512512 -65.322708 -25.000000
v -2.512512 -65.322708 25.000000
v -2.810608 -65.548508 -25.000000
v -2.810608 -65.548508 25.000000
v -3.119568 -65.759163 -25.000000
v -3.119568 -65.759163 25.000000
v -3.438660 -65.954163 -25.000000
v -3.438660 -65.954163 25.000000
v -3.767090 -66.133011 -25.000000
v -3.767090 -66.133011 25.000000
v -4.104004 -66.295265 -25.000000
v -4.104004 -66.295265 25.000000
v -4.448608 -66.440521 -25.000000
v -4.448608 -66.440521 25.000000
v -4.799988 -66.568428 -25.000000
v -4.799988 -66.568428 25.000000
v -5.157349 -66.678650 -25.000000
v -5.157349 -66.678650 25.000000
v -5.519775 -66.770927 -25.000000
v -5.519775 -66.770927 25.000000
v -5.886291 -66.845032 -25.000000
v -5.886291 -66.845032 25.000000
v -6.256104 -66.900764 -25.000000
v -6.256104 -66.900764 25.000000
v -6.628174 -66.938004 -25.000000
v -6.628174 -66.938004 25.000000
v -7.001709 -66.956642 -25.000000
v -7.001709 -66.956642 25.000000
v -7.375671 -66.956642 -25.000000
v -7.375671 -66.956642 25.000000
v -7.749146 -66.938004 -25.000000
v -7.749146 -66.938004 25.000000
v -8.121216 -66.900764 -25.000000
v -8.121216 -66.900764 25.000000
v -8.491028 -66.845032 -25.000000
v -8.491028 -66.845032 25.000000
v -8.857544 -66.770927 -25.000000
v -8.857544 -66.770927 25.000000
v -9.219971 -66.678650 -25.000000
v -9.219971 -66.678650 25.000000
v -9.577332 -66.568428 -25.000000
v -9.577332 -66.568428 25.000000
v -9.928711 -66.440521 -25.000000
v -9.928711 -66.440521 25.000000
v -10.273315 -66.295265 -25.000000
v -10.273315 -66.295265 25.000000
v -10.610229 -66.133011 -25.000000
v -10.610229 -66.133011 25.000000
v -10.938660 -65.954163 -25.000000
v -10.938660 -65.954163 25.000000
v -11.257751 -65.759163 -25.000000
v -11.257751 -65.759163 25.000000
v -11.566711 -65.548508 -25.000000
v -11.566711 -65.548508 25.000000
v -11.864807 -65.322708 -25.000000
v -11.864807 -65.322708 25.000000
v -12.151306 -65.082329 25.000000
v -12.151306 -65.082329 -25.000000
v -12.425415 -64.827972 -25.000000
v -12.425415 -64.827972 25.000000
v -12.686523 -64.560265 -25.000000
v -12.686523 -64.560265 25.000000
v -12.934021 -64.279877 -25.000000
v -12.934021 -64.279877 25.000000
v -13.167175 -63.987503 -25.000000
v -13.167175 -63.987503 25.000000
v -13.385437 -63.683868 -25.000000
v -13.385437 -63.683868 25.000000
v -13.588318 -63.369736 -25.000000
v -13.588318 -63.369736 25.000000
v -13.775330 -63.045876 -25.000000
v -13.775330 -63.045876 25.000000
v -13.945923 -62.713097 -25.000000
v -13.945923 -62.713097 25.000000
v -14.099731 -62.372231 -25.000000
v -14.099731 -62.372231 25.000000
v -14.236328 -62.024124 -25.000000
v -14.236328 -62.024124 25.000000
v -14.355469 -61.669632 -25.000000
v -14.355469 -61.669632 25.000000
v -14.456726 -61.309654 -25.000000
v -14.456726 -61.309654 25.000000
v -14.539978 -60.945068 25.000000
v -14.539978 -60.945068 -25.000000
v -14.604919 -60.576790 -25.000000
v -14.604919 -60.576790 25.000000
v -14.651367 -60.205727 -25.000000
v -14.651367 -60.205727 25.000000
v -14.679321 -59.832817 -25.000000
v -14.679321 -59.832817 25.000000
v 82.454285 -84.608002 25.000000
v 84.954895 -84.608002 25.000000
v 82.454285 -84.608002 -25.000000
v 84.954895 -84.608002 -25.000000
v 78.685547 -81.394020 25.000000
v 78.719360 -81.576759 25.000000
v 78.685547 -81.394020 -25.000000
v 78.719360 -81.576759 -25.000000
v 78.761963 -81.757645 25.000000
v 78.761963 -81.757645 -25.000000
v 78.813416 -81.936234 25.000000
v 78.813416 -81.936234 -25.000000
v 78.873474 -82.112106 25.000000
v 78.873474 -82.112106 -25.000000
v 78.941956 -82.284851 25.000000
v 78.941956 -82.284851 -25.000000
v 79.018860 -82.454048 25.000000
v 79.018860 -82.454048 -25.000000
v 79.103882 -82.619308 25.000000
v 79.103882 -82.619308 -25.000000
v 79.196838 -82.780235 25.000000
v 79.196838 -82.780235 -25.000000
v 79.297485 -82.936447 25.000000
v 79.297485 -82.936447 -25.000000
v 79.405640 -83.087570 25.000000
v 79.405640 -83.087570 -25.000000
v 79.521057 -83.233253 25.000000
v 79.521057 -83.233253 -25.000000
v 79.643372 -83.373138 25.000000
v 79.643372 -83.373138 -25.000000
v 79.772400 -83.506912 25.000000
v 79.772400 -83.506912 -25.000000
v 79.907776 -83.634239 25.000000
v 79.907776 -83.634239 -25.000000
v 80.049133 -83.754829 25.000000
v 80.049133 -83.754829 -25.000000
v 80.196289 -83.868393 25.000000
v 80.196289 -83.868393 -25.000000
v 80.348694 -83.974663 25.000000
v 80.348694 -83.974663 -25.000000
v 80.506165 -84.073387 25.000000
v 80.506165 -84.073387 -25.000000
v 80.668274 -84.164322 25.000000
v 80.668274 -84.164322 -25.000000
v 80.834534 -84.247269 25.000000
v 80.834534 -84.247269 -25.000000
v 81.004700 -84.322014 25.000000
v 81.004700 -84.322014 -25.000000
v 81.178284 -84.388390 25.000000
v 81.178284 -84.388390 -25.000000
v 81.354919 -84.446236 25.000000
v 81.354919 -84.446236 -25.000000
v 81.534119 -84.495422 -25.000000
v 81.534119 -84.495422 25.000000
v 81.715515 -84.535820 25.000000
v 81.715515 -84.535820 -25.000000
v 81.898682 -84.567345 25.000000
v 81.898682 -84.567345 -25.000000
v 82.083130 -84.589912 -25.000000
v 82.083130 -84.589912 25.000000
v 82.268494 -84.603477 -25.000000
v 82.268494 -84.603477 25.000000
v 78.587463 -80.865189 25.000000
v 78.587463 -80.865189 -25.000000
v 78.463379 -80.341866 25.000000
v 78.463379 -80.341866 -25.000000
v 78.313477 -79.825333 25.000000
v 78.313477 -79.825333 -25.000000
v 78.138184 -79.316856 25.000000
v 78.138184 -79.316856 -25.000000
v 77.937866 -78.817688 25.000000
v 77.937866 -78.817688 -25.000000
v 77.713135 -78.329056 25.000000
v 77.713135 -78.329056 -25.000000
v 77.464478 -77.852150 25.000000
v 77.464478 -77.852150 -25.000000
v 77.192505 -77.388145 25.000000
v 77.192505 -77.388145 -25.000000
v 76.897827 -76.938187 25.000000
v 76.897827 -76.938187 -25.000000
v 76.581299 -76.503372 25.000000
v 76.581299 -76.503372 -25.000000
v 76.243530 -76.084778 25.000000
v 76.243530 -76.084778 -25.000000
v 75.885498 -75.683418 25.000000
v 75.885498 -75.683418 -25.000000
v 75.508057 -75.300285 25.000000
v 75.508057 -75.300285 -25.000000
v 75.112061 -74.936325 25.000000
v 75.112061 -74.936325 -25.000000
v 74.698547 -74.592415 25.000000
v 74.698547 -74.592415 -25.000000
v 74.268494 -74.269417 25.000000
v 74.268494 -74.269417 -25.000000
v 73.822937 -73.968117 25.000000
v 73.822937 -73.968117 -25.000000
v 73.363037 -73.689255 25.000000
v 73.363037 -73.689255 -25.000000
v 72.889893 -73.433517 25.000000
v 72.889893 -73.433517 -25.000000
v 72.404663 -73.201530 25.000000
v 72.404663 -73.201530 -25.000000
v 71.908508 -72.993858 25.000000
v 71.908508 -72.993858 -25.000000
v 71.402710 -72.811020 25.000000
v 71.402710 -72.811020 -25.000000
v 70.888428 -72.653458 25.000000
v 70.888428 -72.653458 -25.000000
v 70.367065 -72.521553 25.000000
v 70.367065 -72.521553 -25.000000
v 69.839722 -72.415649 25.000000
v 69.839722 -72.415649 -25.000000
v 69.307800 -72.335991 25.000000
v 69.307800 -72.335991 -25.000000
v 68.772583 -72.282768 25.000000
v 68.772583 -72.282768 -25.000000
v 68.235413 -72.256134 25.000000
v 68.235413 -72.256134 -25.000000
v 67.697571 -72.256134 25.000000
v 67.697571 -72.256134 -25.000000
v 67.160400 -72.282768 25.000000
v 67.160400 -72.282768 -25.000000
v 66.625183 -72.335991 -25.000000
v 66.625183 -72.335991 25.000000
v 66.093262 -72.415649 25.000000
v 66.093262 -72.415649 -25.000000
v 65.565979 -72.521553 25.000000
v 65.565979 -72.521553 -25.000000
v 65.044556 -72.653458 25.000000
v 65.044556 -72.653458 -25.000000
v 64.530273 -72.811020 25.000000
v 64.530273 -72.811020 -25.000000
v 64.024475 -72.993858 25.000000
v 64.024475 -72.993858 -25.000000
v 63.528320 -73.201530 25.000000
v 63.528320 -73.201530 -25.000000
v 63.043091 -73.433517 25.000000
v 63.043091 -73.433517 -25.000000
v 62.569946 -73.689255 25.000000
v 62.569946 -73.689255 -25.000000
v 62.110046 -73.968117 25.000000
v 62.110046 -73.968117 -25.000000
v 61.664551 -74.269417 25.000000
v 61.664551 -74.269417 -25.000000
v 61.234497 -74.592415 25.000000
v 61.234497 -74.592415 -25.000000
v 60.820923 -74.936325 25.000000
v 60.820923 -74.936325 -25.000000
v 60.424927 -75.300285 25.000000
v 60.424927 -75.300285 -25.000000
v 60.047485 -75.683418 25.000000
v 60.047485 -75.683418 -25.000000
v 59.689453 -76.084778 25.000000
v 59.689453 -76.084778 -25.000000
v 59.351746 -76.503372 25.000000
v 59.351746 -76.503372 -25.000000
v 59.035156 -76.938187 25.000000
v 59.035156 -76.938187 -25.000000
v 58.740540 -77.388145 -25.000000
v 58.740540 -77.388145 25.000000
v 58.468506 -77.852150 25.000000
v 58.468506 -77.852150 -25.000000
v 58.219849 -78.329056 25.000000
v 58.219849 -78.329056 -25.000000
v 57.995117 -78.817688 25.000000
v 57.995117 -78.817688 -25.000000
v 57.794861 -79.316856 25.000000
v 57.794861 -79.316856 -25.000000
v 57.619568 -79.825333 25.000000
v 57.619568 -79.825333 -25.000000
v 57.469666 -80.341866 -25.000000
v 57.469666 -80.341866 25.000000
v 57.345520 -80.865189 25.000000
v 57.345520 -80.865189 -25.000000
v 57.247498 -81.394020 -25.000000
v 57.247498 -81.394020 25.000000
v 53.478760 -84.608002 -25.000000
v 53.478760 -84.608002 25.000000
v 53.664551 -84.603477 -25.000000
v 53.664551 -84.603477 25.000000
v 53.849854 -84.589912 -25.000000
v 53.849854 -84.589912 25.000000
v 54.034363 -84.567345 -25.000000
v 54.034363 -84.567345 25.000000
v 54.217468 -84.535820 -25.000000
v 54.217468 -84.535820 25.000000
v 54.398865 -84.495422 -25.000000
v 54.398865 -84.495422 25.000000
v 54.578125 -84.446236 -25.000000
v 54.578125 -84.446236 25.000000
v 54.754700 -84.388390 -25.000000
v 54.754700 -84.388390 25.000000
v 54.928284 -84.322014 -25.000000
v 54.928284 -84.322014 25.000000
v 55.098450 -84.247269 -25.000000
v 55.098450 -84.247269 25.000000
v 55.264771 -84.164322 -25.000000
v 55.264771 -84.164322 25.000000
v 55.426819 -84.073387 -25.000000
v 55.426819 -84.073387 25.000000
v 55.584290 -83.974663 -25.000000
v 55.584290 -83.974663 25.000000
v 55.736755 -83.868393 -25.000000
v 55.736755 -83.868393 25.000000
v 55.883850 -83.754829 -25.000000
v 55.883850 -83.754829 25.000000
v 56.025269 -83.634239 -25.000000
v 56.025269 -83.634239 25.000000
v 56.160645 -83.506912 -25.000000
v 56.160645 -83.506912 25.000000
v 56.289612 -83.373138 -25.000000
v 56.289612 -83.373138 25.000000
v 56.411987 -83.233253 -25.000000
v 56.411987 -83.233253 25.000000
v 56.527344 -83.087570 -25.000000
v 56.527344 -83.087570 25.000000
v 56.635498 -82.936447 -25.000000
v 56.635498 -82.936447 25.000000
v 56.736206 -82.780235 -25.000000
v 56.736206 -82.780235 25.000000
v 56.829163 -82.619308 -25.000000
v 56.829163 -82.619308 25.000000
v 56.914124 -82.454048 25.000000
v 56.914124 -82.454048 -25.000000
v 56.991028 -82.284851 -25.000000
v 56.991028 -82.284851 25.000000
v 57.059570 -82.112106 -25.000000
v 57.059570 -82.112106 25.000000
v 57.119568 -81.936234 -25.000000
v 57.119568 -81.936234 25.000000
v 57.171021 -81.757645 25.000000
v 57.171021 -81.757645 -25.000000
v 57.213684 -81.576759 25.000000
v 57.213684 -81.576759 -25.000000
v 50.978088 -84.608002 25.000000
v 50.978088 -84.608002 -25.000000
v 47.161499 -80.791397 -25.000000
v 47.161499 -80.791397 25.000000
v 47.166077 -80.978668 -25.000000
v 47.166077 -80.978668 25.000000
v 47.179871 -81.165489 -25.000000
v 47.179871 -81.165489 25.000000
v 47.202820 -81.351410 -25.000000
v 47.202820 -81.351410 25.000000
v 47.234863 -81.535980 -25.000000
v 47.234863 -81.535980 25.000000
v 47.275879 -81.718758 -25.000000
v 47.275879 -81.718758 25.000000
v 47.325867 -81.899300 -25.000000
v 47.325867 -81.899300 25.000000
v 47.384583 -82.077171 -25.000000
v 47.384583 -82.077171 25.000000
v 47.452026 -82.251953 -25.000000
v 47.452026 -82.251953 25.000000
v 47.527954 -82.423210 -25.000000
v 47.527954 -82.423210 25.000000
v 47.612183 -82.590530 -25.000000
v 47.612183 -82.590530 25.000000
v 47.704468 -82.753525 -25.000000
v 47.704468 -82.753525 25.000000
v 47.804688 -82.911789 -25.000000
v 47.804688 -82.911789 25.000000
v 47.912598 -83.064949 -25.000000
v 47.912598 -83.064949 25.000000
v 48.027832 -83.212624 -25.000000
v 48.027832 -83.212624 25.000000
v 48.150208 -83.354469 -25.000000
v 48.150208 -83.354469 25.000000
v 48.279358 -83.490143 -25.000000
v 48.279358 -83.490143 25.000000
v 48.415039 -83.619316 -25.000000
v 48.415039 -83.619316 25.000000
v 48.556885 -83.741669 -25.000000
v 48.556885 -83.741669 25.000000
v 48.704529 -83.856918 -25.000000
v 48.704529 -83.856918 25.000000
v 48.857727 -83.964790 25.000000
v 48.857727 -83.964790 -25.000000
v 49.015991 -84.065010 -25.000000
v 49.015991 -84.065010 25.000000
v 49.178955 -84.157341 -25.000000
v 49.178955 -84.157341 25.000000
v 49.346313 -84.241562 -25.000000
v 49.346313 -84.241562 25.000000
v 49.517578 -84.317482 -25.000000
v 49.517578 -84.317482 25.000000
v 49.692322 -84.384895 25.000000
v 49.692322 -84.384895 -25.000000
v 49.870178 -84.443657 25.000000
v 49.870178 -84.443657 -25.000000
v 50.050720 -84.493622 25.000000
v 50.050720 -84.493622 -25.000000
v 50.233521 -84.534668 25.000000
v 50.233521 -84.534668 -25.000000
v 50.418091 -84.566689 25.000000
v 50.418091 -84.566689 -25.000000
v 50.604004 -84.589623 -25.000000
v 50.604004 -84.589623 25.000000
v 50.790833 -84.603401 25.000000
v 50.790833 -84.603401 -25.000000
v 47.161499 -62.258598 25.000000
v 47.161499 -62.258598 -25.000000
v 50.978088 -58.442001 -25.000000
v 50.978088 -58.442001 25.000000
v 50.790833 -58.446594 -25.000000
v 50.790833 -58.446594 25.000000
v 50.604004 -58.460381 -25.000000
v 50.604004 -58.460381 25.000000
v 50.418091 -58.483307 -25.000000
v 50.418091 -58.483307 25.000000
v 50.233521 -58.515335 -25.000000
v 50.233521 -58.515335 25.000000
v 50.050720 -58.556381 -25.000000
v 50.050720 -58.556381 25.000000
v 49.870178 -58.606339 -25.000000
v 49.870178 -58.606339 25.000000
v 49.692322 -58.665100 -25.000000
v 49.692322 -58.665100 25.000000
v 49.517578 -58.732521 -25.000000
v 49.517578 -58.732521 25.000000
v 49.346313 -58.808434 -25.000000
v 49.346313 -58.808434 25.000000
v 49.178955 -58.892662 -25.000000
v 49.178955 -58.892662 25.000000
v 49.015991 -58.984993 -25.000000
v 49.015991 -58.984993 25.000000
v 48.857727 -59.085213 -25.000000
v 48.857727 -59.085213 25.000000
v 48.704529 -59.193077 -25.000000
v 48.704529 -59.193077 25.000000
v 48.556885 -59.308327 -25.000000
v 48.556885 -59.308327 25.000000
v 48.415039 -59.430687 -25.000000
v 48.415039 -59.430687 25.000000
v 48.279358 -59.559853 -25.000000
v 48.279358 -59.559853 25.000000
v 48.150208 -59.695526 -25.000000
v 48.150208 -59.695526 25.000000
v 48.027832 -59.837372 -25.000000
v 48.027832 -59.837372 25.000000
v 47.912598 -59.985054 -25.000000
v 47.912598 -59.985054 25.000000
v 47.804688 -60.138214 25.000000
v 47.804688 -60.138214 -25.000000
v 47.704468 -60.296478 -25.000000
v 47.704468 -60.296478 25.000000
v 47.612183 -60.459465 -25.000000
v 47.612183 -60.459465 25.000000
v 47.527954 -60.626793 -25.000000
v 47.527954 -60.626793 25.000000
v 47.452026 -60.798050 -25.000000
v 47.452026 -60.798050 25.000000
v 47.384583 -60.972824 25.000000
v 47.384583 -60.972824 -25.000000
v 47.325867 -61.150696 25.000000
v 47.325867 -61.150696 -25.000000
v 47.275879 -61.331245 25.000000
v 47.275879 -61.331245 -25.000000
v 47.234863 -61.514015 25.000000
v 47.234863 -61.514015 -25.000000
v 47.202820 -61.698586 25.000000
v 47.202820 -61.698586 -25.000000
v 47.179871 -61.884506 -25.000000
v 47.179871 -61.884506 25.000000
v 47.166077 -62.071327 25.000000
v 47.166077 -62.071327 -25.000000
v 84.954895 -58.442001 25.000000
v 84.954895 -58.442001 -25.000000
v 88.771484 -62.258598 -25.000000
v 88.771484 -62.258598 25.000000
v 88.766907 -62.071327 -25.000000
v 88.766907 -62.071327 25.000000
v 88.753113 -61.884506 -25.000000
v 88.753113 -61.884506 25.000000
v 88.730164 -61.698586 -25.000000
v 88.730164 -61.698586 25.000000
v 88.698181 -61.514015 -25.000000
v 88.698181 -61.514015 25.000000
v 88.657104 -61.331245 -25.000000
v 88.657104 -61.331245 25.000000
v 88.607178 -61.150696 -25.000000
v 88.607178 -61.150696 25.000000
v 88.548401 -60.972824 -25.000000
v 88.548401 -60.972824 25.000000
v 88.480957 -60.798050 -25.000000
v 88.480957 -60.798050 25.000000
v 88.405090 -60.626793 -25.000000
v 88.405090 -60.626793 25.000000
v 88.320862 -60.459465 -25.000000
v 88.320862 -60.459465 25.000000
v 88.228516 -60.296478 -25.000000
v 88.228516 -60.296478 25.000000
v 88.128296 -60.138214 -25.000000
v 88.128296 -60.138214 25.000000
v 88.020447 -59.985054 -25.000000
v 88.020447 -59.985054 25.000000
v 87.905151 -59.837372 -25.000000
v 87.905151 -59.837372 25.000000
v 87.782837 -59.695526 -25.000000
v 87.782837 -59.695526 25.000000
v 87.653625 -59.559853 -25.000000
v 87.653625 -59.559853 25.000000
v 87.517944 -59.430687 -25.000000
v 87.517944 -59.430687 25.000000
v 87.376099 -59.308327 -25.000000
v 87.376099 -59.308327 25.000000
v 87.228455 -59.193077 -25.000000
v 87.228455 -59.193077 25.000000
v 87.075317 -59.085213 25.000000
v 87.075317 -59.085213 -25.000000
v 86.917053 -58.984993 -25.000000
v 86.917053 -58.984993 25.000000
v 86.754028 -58.892662 -25.000000
v 86.754028 -58.892662 25.000000
v 86.586731 -58.808434 -25.000000
v 86.586731 -58.808434 25.000000
v 86.415466 -58.732521 -25.000000
v 86.415466 -58.732521 25.000000
v 86.240662 -58.665100 25.000000
v 86.240662 -58.665100 -25.000000
v 86.062805 -58.606339 25.000000
v 86.062805 -58.606339 -25.000000
v 85.882263 -58.556381 25.000000
v 85.882263 -58.556381 -25.000000
v 85.699463 -58.515335 25.000000
v 85.699463 -58.515335 -25.000000
v 85.514893 -58.483307 25.000000
v 85.514893 -58.483307 -25.000000
v 85.328979 -58.460381 -25.000000
v 85.328979 -58.460381 25.000000
v 85.142151 -58.446594 25.000000
v 85.142151 -58.446594 -25.000000
v 88.771484 -80.791397 -25.000000
v 88.771484 -80.791397 25.000000
v 85.142151 -84.603401 -25.000000
v 85.142151 -84.603401 25.000000
v 85.328979 -84.589623 -25.000000
v 85.328979 -84.589623 25.000000
v 85.514893 -84.566689 -25.000000
v 85.514893 -84.566689 25.000000
v 85.699463 -84.534668 -25.000000
v 85.699463 -84.534668 25.000000
v 85.882263 -84.493622 -25.000000
v 85.882263 -84.493622 25.000000
v 86.062805 -84.443657 -25.000000
v 86.062805 -84.443657 25.000000
v 86.240662 -84.384895 -25.000000
v 86.240662 -84.384895 25.000000
v 86.415466 -84.317482 -25.000000
v 86.415466 -84.317482 25.000000
v 86.586731 -84.241562 -25.000000
v 86.586731 -84.241562 25.000000
v 86.754028 -84.157341 -25.000000
v 86.754028 -84.157341 25.000000
v 86.917053 -84.065010 -25.000000
v 86.917053 -84.065010 25.000000
v 87.075317 -83.964790 -25.000000
v 87.075317 -83.964790 25.000000
v 87.228455 -83.856918 -25.000000
v 87.228455 -83.856918 25.000000
v 87.376099 -83.741669 -25.000000
v 87.376099 -83.741669 25.000000
v 87.517944 -83.619316 -25.000000
v 87.517944 -83.619316 25.000000
v 87.653625 -83.490143 -25.000000
v 87.653625 -83.490143 25.000000
v 87.782837 -83.354469 -25.000000
v 87.782837 -83.354469 25.000000
v 87.905151 -83.212624 -25.000000
v 87.905151 -83.212624 25.000000
v 88.020447 -83.064949 -25.000000
v 88.020447 -83.064949 25.000000
v 88.128296 -82.911789 25.000000
v 88.128296 -82.911789 -25.000000
v 88.228516 -82.753525 -25.000000
v 88.228516 -82.753525 25.000000
v 88.320862 -82.590530 -25.000000
v 88.320862 -82.590530 25.000000
v 88.405090 -82.423210 -25.000000
v 88.405090 -82.423210 25.000000
v 88.480957 -82.251953 -25.000000
v 88.480957 -82.251953 25.000000
v 88.548401 -82.077171 25.000000
v 88.548401 -82.077171 -25.000000
v 88.607178 -81.899300 25.000000
v 88.607178 -81.899300 -25.000000
v 88.657104 -81.718758 25.000000
v 88.657104 -81.718758 -25.000000
v 88.698181 -81.535980 25.000000
v 88.698181 -81.535980 -25.000000
v 88.730164 -81.351410 25.000000
v 88.730164 -81.351410 -25.000000
v 88.753113 -81.165489 -25.000000
v 88.753113 -81.165489 25.000000
v 88.766907 -80.978668 25.000000
v 88.766907 -80.978668 -25.000000
v 71.008240 1.994965 25.000000
v 71.008240 1.994965 -25.000000
v 71.012268 2.159500 25.000000
v 71.012268 2.159500 -25.000000
v 71.024353 2.323639 25.000000
v 71.024353 2.323639 -25.000000
v 71.044495 2.486984 25.000000
v 71.044495 2.486984 -25.000000
v 71.072632 2.649139 25.000000
v 71.072632 2.649139 -25.000000
v 71.108704 2.809723 25.000000
v 71.108704 2.809723 -25.000000
v 71.152588 2.968353 25.000000
v 71.152588 2.968353 -25.000000
v 71.204224 3.124634 25.000000
v 71.204224 3.124634 -25.000000
v 71.263489 3.278183 25.000000
v 71.263489 3.278183 -25.000000
v 71.330139 3.428650 25.000000
v 71.330139 3.428650 -25.000000
v 71.404175 3.575653 25.000000
v 71.404175 3.575653 -25.000000
v 71.485291 3.718857 25.000000
v 71.485291 3.718857 -25.000000
v 71.573364 3.857910 25.000000
v 71.573364 3.857910 -25.000000
v 71.668091 3.992477 25.000000
v 71.668091 3.992477 -25.000000
v 71.769348 4.122223 25.000000
v 71.769348 4.122223 -25.000000
v 71.876892 4.246841 25.000000
v 71.876892 4.246841 -25.000000
v 71.990356 4.366043 25.000000
v 71.990356 4.366043 -25.000000
v 72.109558 4.479538 25.000000
v 72.109558 4.479538 -25.000000
v 72.234192 4.587036 25.000000
v 72.234192 4.587036 -25.000000
v 72.363953 4.688293 25.000000
v 72.363953 4.688293 -25.000000
v 72.498474 4.783066 -25.000000
v 72.498474 4.783066 25.000000
v 72.637512 4.871109 25.000000
v 72.637512 4.871109 -25.000000
v 72.780762 4.952240 25.000000
v 72.780762 4.952240 -25.000000
v 72.927734 5.026230 25.000000
v 72.927734 5.026230 -25.000000
v 73.078186 5.092926 25.000000
v 73.078186 5.092926 -25.000000
v 73.231750 5.152161 -25.000000
v 73.231750 5.152161 25.000000
v 73.388062 5.203796 -25.000000
v 73.388062 5.203796 25.000000
v 73.546692 5.247681 -25.000000
v 73.546692 5.247681 25.000000
v 73.707275 5.283752 -25.000000
v 73.707275 5.283752 25.000000
v 73.869385 5.311890 -25.000000
v 73.869385 5.311890 25.000000
v 74.032776 5.332031 25.000000
v 74.032776 5.332031 -25.000000
v 74.196899 5.344131 -25.000000
v 74.196899 5.344131 25.000000
v 74.361450 5.348175 -25.000000
v 74.361450 5.348175 25.000000
v 86.098450 5.348175 25.000000
v 86.098450 5.348175 -25.000000
v 86.263000 5.344131 25.000000
v 86.263000 5.344131 -25.000000
v 86.427124 5.332031 25.000000
v 86.427124 5.332031 -25.000000
v 86.590454 5.311890 25.000000
v 86.590454 5.311890 -25.000000
v 86.752625 5.283752 25.000000
v 86.752625 5.283752 -25.000000
v 86.913208 5.247681 25.000000
v 86.913208 5.247681 -25.000000
v 87.071838 5.203796 25.000000
v 87.071838 5.203796 -25.000000
v 87.228088 5.152161 25.000000
v 87.228088 5.152161 -25.000000
v 87.381653 5.092926 25.000000
v 87.381653 5.092926 -25.000000
v 87.532104 5.026230 25.000000
v 87.532104 5.026230 -25.000000
v 87.679138 4.952240 25.000000
v 87.679138 4.952240 -25.000000
v 87.822327 4.871109 25.000000
v 87.822327 4.871109 -25.000000
v 87.961365 4.783066 25.000000
v 87.961365 4.783066 -25.000000
v 88.095947 4.688293 25.000000
v 88.095947 4.688293 -25.000000
v 88.225708 4.587036 25.000000
v 88.225708 4.587036 -25.000000
v 88.350342 4.479538 25.000000
v 88.350342 4.479538 -25.000000
v 88.469543 4.366043 25.000000
v 88.469543 4.366043 -25.000000
v 88.583008 4.246841 25.000000
v 88.583008 4.246841 -25.000000
v 88.690491 4.122223 25.000000
v 88.690491 4.122223 -25.000000
v 88.791748 3.992477 25.000000
v 88.791748 3.992477 -25.000000
v 88.886536 3.857910 -25.000000
v 88.886536 3.857910 25.000000
v 88.974609 3.718857 25.000000
v 88.974609 3.718857 -25.000000
v 89.055725 3.575653 25.000000
v 89.055725 3.575653 -25.000000
v 89.129700 3.428650 25.000000
v 89.129700 3.428650 -25.000000
v 89.196411 3.278183 25.000000
v 89.196411 3.278183 -25.000000
v 89.255615 3.124634 -25.000000
v 89.255615 3.124634 25.000000
v 89.307251 2.968353 -25.000000
v 89.307251 2.968353 25.000000
v 89.351135 2.809723 -25.000000
v 89.351135 2.809723 25.000000
v 89.387207 2.649139 -25.000000
v 89.387207 2.649139 25.000000
v 89.415344 2.486984 -25.000000
v 89.415344 2.486984 25.000000
v 89.435486 2.323639 25.000000
v 89.435486 2.323639 -25.000000
v 89.447632 2.159500 -25.000000
v 89.447632 2.159500 25.000000
v 89.451660 1.994965 -25.000000
v 89.451660 1.994965 25.000000
v 89.451660 -9.742050 -25.000000
v 89.451660 -9.742050 25.000000
v 49.651916 -13.095261 25.000000
v 49.651916 -13.095261 -25.000000
v 49.487427 -13.091217 25.000000
v 49.487427 -13.091217 -25.000000
v 49.323242 -13.079117 25.000000
v 49.323242 -13.079117 -25.000000
v 49.159912 -13.058960 25.000000
v 49.159912 -13.058960 -25.000000
v 48.997742 -13.030823 25.000000
v 48.997742 -13.030823 -25.000000
v 48.837158 -12.994766 25.000000
v 48.837158 -12.994766 -25.000000
v 48.678528 -12.950867 25.000000
v 48.678528 -12.950867 -25.000000
v 48.522278 -12.899246 25.000000
v 48.522278 -12.899246 -25.000000
v 48.368713 -12.840012 25.000000
v 48.368713 -12.840012 -25.000000
v 48.218262 -12.773315 25.000000
v 48.218262 -12.773315 -25.000000
v 48.071228 -12.699310 25.000000
v 48.071228 -12.699310 -25.000000
v 47.928040 -12.618195 25.000000
v 47.928040 -12.618195 -25.000000
v 47.789001 -12.530136 25.000000
v 47.789001 -12.530136 -25.000000
v 47.654419 -12.435379 25.000000
v 47.654419 -12.435379 -25.000000
v 47.524658 -12.334122 25.000000
v 47.524658 -12.334122 -25.000000
v 47.400024 -12.226608 25.000000
v 47.400024 -12.226608 -25.000000
v 47.280823 -12.113129 25.000000
v 47.280823 -12.113129 -25.000000
v 47.167358 -11.993927 25.000000
v 47.167358 -11.993927 -25.000000
v 47.059875 -11.869308 25.000000
v 47.059875 -11.869308 -25.000000
v 46.958618 -11.739548 25.000000
v 46.958618 -11.739548 -25.000000
v 46.863831 -11.604996 -25.000000
v 46.863831 -11.604996 25.000000
v 46.775757 -11.465942 25.000000
v 46.775757 -11.465942 -25.000000
v 46.694641 -11.322739 25.000000
v 46.694641 -11.322739 -25.000000
v 46.620666 -11.175735 25.000000
v 46.620666 -11.175735 -25.000000
v 46.553955 -11.025269 25.000000
v 46.553955 -11.025269 -25.000000
v 46.494751 -10.871704 -25.000000
v 46.494751 -10.871704 25.000000
v 46.443115 -10.715439 -25.000000
v 46.443115 -10.715439 25.000000
v 46.399231 -10.556808 -25.000000
v 46.399231 -10.556808 25.000000
v 46.363159 -10.396225 -25.000000
v 46.363159 -10.396225 25.000000
v 46.335022 -10.234070 -25.000000
v 46.335022 -10.234070 25.000000
v 46.314880 -10.070724 25.000000
v 46.314880 -10.070724 -25.000000
v 46.302734 -9.906586 -25.000000
v 46.302734 -9.906586 25.000000
v 46.298706 -9.742050 -25.000000
v 46.298706 -9.742050 25.000000
v 61.388916 -13.095261 -25.000000
v 61.388916 -13.095261 25.000000
v 46.298706 1.994965 -25.000000
v 46.298706 1.994965 25.000000
v 46.302734 2.159500 25.000000
v 46.302734 2.159500 -25.000000
v 46.314880 2.323639 25.000000
v 46.314880 2.323639 -25.000000
v 46.335022 2.486984 25.000000
v 46.335022 2.486984 -25.000000
v 46.363159 2.649139 25.000000
v 46.363159 2.649139 -25.000000
v 46.399231 2.809723 25.000000
v 46.399231 2.809723 -25.000000
v 46.443115 2.968353 25.000000
v 46.443115 2.968353 -25.000000
v 46.494751 3.124634 25.000000
v 46.494751 3.124634 -25.000000
v 46.553955 3.278183 25.000000
v 46.553955 3.278183 -25.000000
v 46.620666 3.428650 25.000000
v 46.620666 3.428650 -25.000000
v 46.694641 3.575653 25.000000
v 46.694641 3.575653 -25.000000
v 46.775757 3.718857 25.000000
v 46.775757 3.718857 -25.000000
v 46.863831 3.857910 25.000000
v 46.863831 3.857910 -25.000000
v 46.958618 3.992477 25.000000
v 46.958618 3.992477 -25.000000
v 47.059875 4.122223 25.000000
v 47.059875 4.122223 -25.000000
v 47.167358 4.246841 25.000000
v 47.167358 4.246841 -25.000000
v 47.280823 4.366043 25.000000
v 47.280823 4.366043 -25.000000
v 47.400024 4.479538 25.000000
v 47.400024 4.479538 -25.000000
v 47.524658 4.587036 25.000000
v 47.524658 4.587036 -25.000000
v 47.654419 4.688293 25.000000
v 47.654419 4.688293 -25.000000
v 47.789001 4.783066 -25.000000
v 47.789001 4.783066 25.000000
v 47.928040 4.871109 25.000000
v 47.928040 4.871109 -25.000000
v 48.071228 4.952240 25.000000
v 48.071228 4.952240 -25.000000
v 48.218262 5.026230 25.000000
v 48.218262 5.026230 -25.000000
v 48.368713 5.092926 25.000000
v 48.368713 5.092926 -25.000000
v 48.522278 5.152161 -25.000000
v 48.522278 5.152161 25.000000
v 48.678528 5.203796 -25.000000
v 48.678528 5.203796 25.000000
v 48.837158 5.247681 -25.000000
v 48.837158 5.247681 25.000000
v 48.997742 5.283752 -25.000000
v 48.997742 5.283752 25.000000
v 49.159912 5.311890 -25.000000
v 49.159912 5.311890 25.000000
v 49.323242 5.332031 25.000000
v 49.323242 5.332031 -25.000000
v 49.487427 5.344131 -25.000000
v 49.487427 5.344131 25.000000
v 49.651916 5.348175 -25.000000
v 49.651916 5.348175 25.000000
v 61.388916 5.348175 -25.000000
v 61.388916 5.348175 25.000000
v 74.361450 -13.095261 25.000000
v 74.361450 -13.095261 -25.000000
v 74.196899 -13.091217 25.000000
v 74.196899 -13.091217 -25.000000
v 74.032776 -13.079117 25.000000
v 74.032776 -13.079117 -25.000000
v 73.869385 -13.058960 25.000000
v 73.869385 -13.058960 -25.000000
v 73.707275 -13.030823 25.000000
v 73.707275 -13.030823 -25.000000
v 73.546692 -12.994766 25.000000
v 73.546692 -12.994766 -25.000000
v 73.388062 -12.950867 25.000000
v 73.388062 -12.950867 -25.000000
v 73.231750 -12.899246 25.000000
v 73.231750 -12.899246 -25.000000
v 73.078186 -12.840012 25.000000
v 73.078186 -12.840012 -25.000000
v 72.927734 -12.773315 25.000000
v 72.927734 -12.773315 -25.000000
v 72.780762 -12.699310 25.000000
v 72.780762 -12.699310 -25.000000
v 72.637512 -12.618195 25.000000
v 72.637512 -12.618195 -25.000000
v 72.498474 -12.530136 25.000000
v 72.498474 -12.530136 -25.000000
v 72.363953 -12.435379 25.000000
v 72.363953 -12.435379 -25.000000
v 72.234192 -12.334122 25.000000
v 72.234192 -12.334122 -25.000000
v 72.109558 -12.226608 25.000000
v 72.109558 -12.226608 -25.000000
v 71.990356 -12.113129 25.000000
v 71.990356 -12.113129 -25.000000
v 71.876892 -11.993927 25.000000
v 71.876892 -11.993927 -25.000000
v 71.769348 -11.869308 25.000000
v 71.769348 -11.869308 -25.000000
v 71.668091 -11.739548 25.000000
v 71.668091 -11.739548 -25.000000
v 71.573364 -11.604996 -25.000000
v 71.573364 -11.604996 25.000000
v 71.485291 -11.465942 25.000000
v 71.485291 -11.465942 -25.000000
v 71.404175 -11.322739 25.000000
v 71.404175 -11.322739 -25.000000
v 71.330139 -11.175735 25.000000
v 71.330139 -11.175735 -25.000000
v 71.263489 -11.025269 25.000000
v 71.263489 -11.025269 -25.000000
v 71.204224 -10.871704 -25.000000
v 71.204224 -10.871704 25.000000
v 71.152588 -10.715439 -25.000000
v 71.152588 -10.715439 25.000000
v 71.108704 -10.556808 -25.000000
v 71.108704 -10.556808 25.000000
v 71.072632 -10.396225 -25.000000
v 71.072632 -10.396225 25.000000
v 71.044495 -10.234070 -25.000000
v 71.044495 -10.234070 25.000000
v 71.024353 -10.070724 25.000000
v 71.024353 -10.070724 -25.000000
v 71.012268 -9.906586 -25.000000
v 71.012268 -9.906586 25.000000
v 71.008240 -9.742050 -25.000000
v 71.008240 -9.742050 25.000000
v 89.447632 -9.906586 25.000000
v 89.447632 -9.906586 -25.000000
v 89.435486 -10.070724 25.000000
v 89.435486 -10.070724 -25.000000
v 89.415344 -10.234070 25.000000
v 89.415344 -10.234070 -25.000000
v 89.387207 -10.396225 25.000000
v 89.387207 -10.396225 -25.000000
v 89.351135 -10.556808 25.000000
v 89.351135 -10.556808 -25.000000
v 89.307251 -10.715439 25.000000
v 89.307251 -10.715439 -25.000000
v 89.255615 -10.871704 25.000000
v 89.255615 -10.871704 -25.000000
v 89.196411 -11.025269 25.000000
v 89.196411 -11.025269 -25.000000
v 89.129700 -11.175735 25.000000
v 89.129700 -11.175735 -25.000000
v 89.055725 -11.322739 25.000000
v 89.055725 -11.322739 -25.000000
v 88.974609 -11.465942 25.000000
v 88.974609 -11.465942 -25.000000
v 88.886536 -11.604996 25.000000
v 88.886536 -11.604996 -25.000000
v 88.791748 -11.739548 25.000000
v 88.791748 -11.739548 -25.000000
v 88.690491 -11.869308 25.000000
v 88.690491 -11.869308 -25.000000
v 88.583008 -11.993927 25.000000
v 88.583008 -11.993927 -25.000000
v 88.469543 -12.113129 25.000000
v 88.469543 -12.113129 -25.000000
v 88.350342 -12.226608 25.000000
v 88.350342 -12.226608 -25.000000
v 88.225708 -12.334122 25.000000
v 88.225708 -12.334122 -25.000000
v 88.095947 -12.435379 25.000000
v 88.095947 -12.435379 -25.000000
v 87.961365 -12.530136 -25.000000
v 87.961365 -12.530136 25.000000
v 87.822327 -12.618195 25.000000
v 87.822327 -12.618195 -25.000000
v 87.679138 -12.699310 25.000000
v 87.679138 -12.699310 -25.000000
v 87.532104 -12.773315 25.000000
v 87.532104 -12.773315 -25.000000
v 87.381653 -12.840012 25.000000
v 87.381653 -12.840012 -25.000000
v 87.228088 -12.899246 -25.000000
v 87.228088 -12.899246 25.000000
v 87.071838 -12.950867 -25.000000
v 87.071838 -12.950867 25.000000
v 86.913208 -12.994766 -25.000000
v 86.913208 -12.994766 25.000000
v 86.752625 -13.030823 -25.000000
v 86.752625 -13.030823 25.000000
v 86.590454 -13.058960 -25.000000
v 86.590454 -13.058960 25.000000
v 86.427124 -13.079117 25.000000
v 86.427124 -13.079117 -25.000000
v 86.263000 -13.091217 -25.000000
v 86.263000 -13.091217 25.000000
v 86.098450 -13.095261 -25.000000
v 86.098450 -13.095261 25.000000
v 61.553467 5.344131 25.000000
v 61.553467 5.344131 -25.000000
v 61.717590 5.332031 25.000000
v 61.717590 5.332031 -25.000000
v 61.880981 5.311890 25.000000
v 61.880981 5.311890 -25.000000
v 62.043152 5.283752 25.000000
v 62.043152 5.283752 -25.000000
v 62.203735 5.247681 25.000000
v 62.203735 5.247681 -25.000000
v 62.362305 5.203796 25.000000
v 62.362305 5.203796 -25.000000
v 62.518616 5.152161 25.000000
v 62.518616 5.152161 -25.000000
v 62.672180 5.092926 25.000000
v 62.672180 5.092926 -25.000000
v 62.822632 5.026230 25.000000
v 62.822632 5.026230 -25.000000
v 62.969666 4.952240 25.000000
v 62.969666 4.952240 -25.000000
v 63.112854 4.871109 25.000000
v 63.112854 4.871109 -25.000000
v 63.251892 4.783066 25.000000
v 63.251892 4.783066 -25.000000
v 63.386475 4.688293 25.000000
v 63.386475 4.688293 -25.000000
v 63.516174 4.587036 25.000000
v 63.516174 4.587036 -25.000000
v 63.640808 4.479538 25.000000
v 63.640808 4.479538 -25.000000
v 63.760010 4.366043 25.000000
v 63.760010 4.366043 -25.000000
v 63.873535 4.246841 25.000000
v 63.873535 4.246841 -25.000000
v 63.981018 4.122223 25.000000
v 63.981018 4.122223 -25.000000
v 64.082275 3.992477 25.000000
v 64.082275 3.992477 -25.000000
v 64.177063 3.857910 -25.000000
v 64.177063 3.857910 25.000000
v 64.265076 3.718857 25.000000
v 64.265076 3.718857 -25.000000
v 64.346191 3.575653 25.000000
v 64.346191 3.575653 -25.000000
v 64.420227 3.428650 25.000000
v 64.420227 3.428650 -25.000000
v 64.486938 3.278183 25.000000
v 64.486938 3.278183 -25.000000
v 64.546143 3.124634 -25.000000
v 64.546143 3.124634 25.000000
v 64.597778 2.968353 -25.000000
v 64.597778 2.968353 25.000000
v 64.641663 2.809723 -25.000000
v 64.641663 2.809723 25.000000
v 64.677734 2.649139 -25.000000
v 64.677734 2.649139 25.000000
v 64.705872 2.486984 -25.000000
v 64.705872 2.486984 25.000000
v 64.726013 2.323639 25.000000
v 64.726013 2.323639 -25.000000
v 64.738098 2.159500 -25.000000
v 64.738098 2.159500 25.000000
v 64.742126 1.994965 -25.000000
v 64.742126 1.994965 25.000000
v 64.742126 -9.742050 -25.000000
v 64.742126 -9.742050 25.000000
v 64.738098 -9.906586 25.000000
v 64.738098 -9.906586 -25.000000
v 64.726013 -10.070724 25.000000
v 64.726013 -10.070724 -25.000000
v 64.705872 -10.234070 25.000000
v 64.705872 -10.234070 -25.000000
v 64.677734 -10.396225 25.000000
v 64.677734 -10.396225 -25.000000
v 64.641663 -10.556808 25.000000
v 64.641663 -10.556808 -25.000000
v 64.597778 -10.715439 25.000000
v 64.597778 -10.715439 -25.000000
v 64.546143 -10.871704 25.000000
v 64.546143 -10.871704 -25.000000
v 64.486938 -11.025269 25.000000
v 64.486938 -11.025269 -25.000000
v 64.420227 -11.175735 25.000000
v 64.420227 -11.175735 -25.000000
v 64.346191 -11.322739 25.000000
v 64.346191 -11.322739 -25.000000
v 64.265076 -11.465942 25.000000
v 64.265076 -11.465942 -25.000000
v 64.177063 -11.604996 25.000000
v 64.177063 -11.604996 -25.000000
v 64.082275 -11.739548 25.000000
v 64.082275 -11.739548 -25.000000
v 63.981018 -11.869308 25.000000
v 63.981018 -11.869308 -25.000000
v 63.873535 -11.993927 25.000000
v 63.873535 -11.993927 -25.000000
v 63.760010 -12.113129 25.000000
v 63.760010 -12.113129 -25.000000
v 63.640808 -12.226608 25.000000
v 63.640808 -12.226608 -25.000000
v 63.516174 -12.334122 25.000000
v 63.516174 -12.334122 -25.000000
v 63.386475 -12.435379 25.000000
v 63.386475 -12.435379 -25.000000
v 63.251892 -12.530136 -25.000000
v 63.251892 -12.530136 25.000000
v 63.112854 -12.618195 25.000000
v 63.112854 -12.618195 -25.000000
v 62.969666 -12.699310 25.000000
v 62.969666 -12.699310 -25.000000
v 62.822632 -12.773315 25.000000
v 62.822632 -12.773315 -25.000000
v 62.672180 -12.840012 25.000000
v 62.672180 -12.840012 -25.000000
v 62.518616 -12.899246 -25.000000
v 62.518616 -12.899246 25.000000
v 62.362305 -12.950867 -25.000000
v 62.362305 -12.950867 25.000000
v 62.203735 -12.994766 -25.000000
v 62.203735 -12.994766 25.000000
v 62.043152 -13.030823 -25.000000
v 62.043152 -13.030823 25.000000
v 61.880981 -13.058960 -25.000000
v 61.880981 -13.058960 25.000000
v 61.717590 -13.079117 25.000000
v 61.717590 -13.079117 -25.000000
v 61.553467 -13.091217 -25.000000
v 61.553467 -13.091217 25.000000
v -24.749695 -2.470993 25.000000
v -24.727661 -3.354080 25.000000
v -24.749695 -2.470993 -25.000000
v -24.727661 -3.354080 -25.000000
v -24.661682 -4.234970 25.000000
v -24.661682 -4.234970 -25.000000
v -24.551819 -5.111465 25.000000
v -24.551819 -5.111465 -25.000000
v -24.398438 -5.981400 25.000000
v -24.398438 -5.981400 -25.000000
v -24.201843 -6.842606 25.000000
v -24.201843 -6.842606 -25.000000
v -23.962646 -7.692947 25.000000
v -23.962646 -7.692947 -25.000000
v -23.681274 -8.530304 25.000000
v -23.681274 -8.530304 -25.000000
v -23.358582 -9.352585 25.000000
v -23.358582 -9.352585 -25.000000
v -22.995239 -10.157776 25.000000
v -22.995239 -10.157776 -25.000000
v -22.592224 -10.943848 25.000000
v -22.592224 -10.943848 -25.000000
v -22.150574 -11.708847 25.000000
v -22.150574 -11.708847 -25.000000
v -21.671326 -12.450897 25.000000
v -21.671326 -12.450897 -25.000000
v -21.155640 -13.168121 25.000000
v -21.155640 -13.168121 -25.000000
v -20.604919 -13.858749 25.000000
v -20.604919 -13.858749 -25.000000
v -20.020386 -14.521072 25.000000
v -20.020386 -14.521072 -25.000000
v -19.403625 -15.153442 25.000000
v -19.403625 -15.153442 -25.000000
v -18.756042 -15.754272 25.000000
v -18.756042 -15.754272 -25.000000
v -18.079346 -16.322083 25.000000
v -18.079346 -16.322083 -25.000000
v -17.375244 -16.855453 25.000000
v -17.375244 -16.855453 -25.000000
v -16.645386 -17.353073 25.000000
v -16.645386 -17.353073 -25.000000
v -15.891602 -17.813675 25.000000
v -15.891602 -17.813675 -25.000000
v -15.115845 -18.236145 25.000000
v -15.115845 -18.236145 -25.000000
v -14.319946 -18.619415 25.000000
v -14.319946 -18.619415 -25.000000
v -13.505981 -18.962540 25.000000
v -13.505981 -18.962540 -25.000000
v -12.675903 -19.264664 25.000000
v -12.675903 -19.264664 -25.000000
v -11.831787 -19.525040 25.000000
v -11.831787 -19.525040 -25.000000
v -10.975708 -19.743011 25.000000
v -10.975708 -19.743011 -25.000000
v -10.109863 -19.918045 25.000000
v -10.109863 -19.918045 -25.000000
v -9.236389 -20.049713 25.000000
v -9.236389 -20.049713 -25.000000
v -8.357422 -20.137665 25.000000
v -8.357422 -20.137665 -25.000000
v -7.475159 -20.181686 25.000000
v -7.475159 -20.181686 -25.000000
v -6.591797 -20.181686 25.000000
v -6.591797 -20.181686 -25.000000
v -5.709595 -20.137665 25.000000
v -5.709595 -20.137665 -25.000000
v -4.830627 -20.049713 25.000000
v -4.830627 -20.049713 -25.000000
v -3.957092 -19.918045 25.000000
v -3.957092 -19.918045 -25.000000
v -3.091248 -19.743011 25.000000
v -3.091248 -19.743011 -25.000000
v -2.235229 -19.525040 25.000000
v -2.235229 -19.525040 -25.000000
v -1.391113 -19.264664 25.000000
v -1.391113 -19.264664 -25.000000
v -0.561035 -18.962540 25.000000
v -0.561035 -18.962540 -25.000000
v 0.252930 -18.619415 25.000000
v 0.252930 -18.619415 -25.000000
v 1.048828 -18.236145 25.000000
v 1.048828 -18.236145 -25.000000
v 1.824585 -17.813675 25.000000
v 1.824585 -17.813675 -25.000000
v 2.578369 -17.353073 25.000000
v 2.578369 -17.353073 -25.000000
v 3.308228 -16.855453 25.000000
v 3.308228 -16.855453 -25.000000
v 4.012390 -16.322083 25.000000
v 4.012390 -16.322083 -25.000000
v 4.689087 -15.754272 25.000000
v 4.689087 -15.754272 -25.000000
v 5.336609 -15.153442 25.000000
v 5.336609 -15.153442 -25.000000
v 5.953369 -14.521072 25.000000
v 5.953369 -14.521072 -25.000000
v 6.537903 -13.858749 25.000000
v 6.537903 -13.858749 -25.000000
v 7.088684 -13.168121 25.000000
v 7.088684 -13.168121 -25.000000
v 7.604309 -12.450897 25.000000
v 7.604309 -12.450897 -25.000000
v 8.083557 -11.708847 25.000000
v 8.083557 -11.708847 -25.000000
v 8.525269 -10.943848 25.000000
v 8.525269 -10.943848 -25.000000
v 8.928223 -10.157776 25.000000
v 8.928223 -10.157776 -25.000000
v 9.291565 -9.352585 25.000000
v 9.291565 -9.352585 -25.000000
v 9.614258 -8.530304 25.000000
v 9.614258 -8.530304 -25.000000
v 9.895630 -7.692947 25.000000
v 9.895630 -7.692947 -25.000000
v 10.134888 -6.842606 25.000000
v 10.134888 -6.842606 -25.000000
v 10.331421 -5.981400 25.000000
v 10.331421 -5.981400 -25.000000
v 10.484802 -5.111465 25.000000
v 10.484802 -5.111465 -25.000000
v 10.594666 -4.234970 25.000000
v 10.594666 -4.234970 -25.000000
v 10.660706 -3.354080 25.000000
v 10.660706 -3.354080 -25.000000
v 10.682678 -2.470993 25.000000
v 10.682678 -2.470993 -25.000000
v 10.660706 -1.587921 25.000000
v 10.660706 -1.587921 -25.000000
v 10.594666 -0.707031 25.000000
v 10.594666 -0.707031 -25.000000
v 10.484802 0.169464 25.000000
v 10.484802 0.169464 -25.000000
v 10.331421 1.039398 25.000000
v 10.331421 1.039398 -25.000000
v 10.134888 1.900604 25.000000
v 10.134888 1.900604 -25.000000
v 9.895630 2.750946 25.000000
v 9.895630 2.750946 -25.000000
v 9.614258 3.588303 25.000000
v 9.614258 3.588303 -25.000000
v 9.291565 4.410584 25.000000
v 9.291565 4.410584 -25.000000
v 8.928223 5.215775 25.000000
v 8.928223 5.215775 -25.000000
v 8.525269 6.001846 25.000000
v 8.525269 6.001846 -25.000000
v 8.083557 6.766846 25.000000
v 8.083557 6.766846 -25.000000
v 7.604309 7.508896 25.000000
v 7.604309 7.508896 -25.000000
v 7.088684 8.226120 25.000000
v 7.088684 8.226120 -25.000000
v 6.537903 8.916748 25.000000
v 6.537903 8.916748 -25.000000
v 5.953369 9.579071 25.000000
v 5.953369 9.579071 -25.000000
v 5.336609 10.211441 25.000000
v 5.336609 10.211441 -25.000000
v 4.689087 10.812271 25.000000
v 4.689087 10.812271 -25.000000
v 4.012390 11.380081 25.000000
v 4.012390 11.380081 -25.000000
v 3.308228 11.913452 25.000000
v 3.308228 11.913452 -25.000000
v 2.578369 12.411072 25.000000
v 2.578369 12.411072 -25.000000
v 1.824585 12.871674 25.000000
v 1.824585 12.871674 -25.000000
v 1.048828 13.294144 25.000000
v 1.048828 13.294144 -25.000000
v 0.252930 13.677414 25.000000
v 0.252930 13.677414 -25.000000
v -0.561035 14.020538 25.000000
v -0.561035 14.020538 -25.000000
v -1.391113 14.322678 25.000000
v -1.391113 14.322678 -25.000000
v -2.235229 14.583038 25.000000
v -2.235229 14.583038 -25.000000
v -3.091248 14.801025 25.000000
v -3.091248 14.801025 -25.000000
v -3.957092 14.976044 25.000000
v -3.957092 14.976044 -25.000000
v -4.830627 15.107712 25.000000
v -4.830627 15.107712 -25.000000
v -5.709595 15.195663 25.000000
v -5.709595 15.195663 -25.000000
v -6.591797 15.239700 25.000000
v -6.591797 15.239700 -25.000000
v -7.475159 15.239700 25.000000
v -7.475159 15.239700 -25.000000
v -8.357422 15.195663 25.000000
v -8.357422 15.195663 -25.000000
v -9.236389 15.107712 25.000000
v -9.236389 15.107712 -25.000000
v -10.109863 14.976044 25.000000
v -10.109863 14.976044 -25.000000
v -10.975708 14.801025 25.000000
v -10.975708 14.801025 -25.000000
v -11.831787 14.583038 25.000000
v -11.831787 14.583038 -25.000000
v -12.675903 14.322678 25.000000
v -12.675903 14.322678 -25.000000
v -13.505981 14.020538 25.000000
v -13.505981 14.020538 -25.000000
v -14.319946 13.677414 25.000000
v -14.319946 13.677414 -25.000000
v -15.115845 13.294144 25.000000
v -15.115845 13.294144 -25.000000
v -15.891602 12.871674 25.000000
v -15.891602 12.871674 -25.000000
v -16.645386 12.411072 25.000000
v -16.645386 12.411072 -25.000000
v -17.375244 11.913452 25.000000
v -17.375244 11.913452 -25.000000
v -18.079346 11.380081 25.000000
v -18.079346 11.380081 -25.000000
v -18.756042 10.812271 -25.000000
v -18.756042 10.812271 25.000000
v -19.403625 10.211441 25.000000
v -19.403625 10.211441 -25.000000
v -20.020386 9.579071 25.000000
v -20.020386 9.579071 -25.000000
v -20.604919 8.916748 25.000000
v -20.604919 8.916748 -25.000000
v -21.155640 8.226120 25.000000
v -21.155640 8.226120 -25.000000
v -21.671326 7.508896 25.000000
v -21.671326 7.508896 -25.000000
v -22.150574 6.766846 25.000000
v -22.150574 6.766846 -25.000000
v -22.592224 6.001846 25.000000
v -22.592224 6.001846 -25.000000
v -22.995239 5.215775 25.000000
v -22.995239 5.215775 -25.000000
v -23.358582 4.410584 25.000000
v -23.358582 4.410584 -25.000000
v -23.681274 3.588303 25.000000
v -23.681274 3.588303 -25.000000
v -23.962646 2.750946 25.000000
v -23.962646 2.750946 -25.000000
v -24.201843 1.900604 25.000000
v -24.201843 1.900604 -25.000000
v -24.398438 1.039398 -25.000000
v -24.398438 1.039398 25.000000
v -24.551819 0.169464 25.000000
v -24.551819 0.169464 -25.000000
v -24.661682 -0.707031 25.000000
v -24.661682 -0.707031 -25.000000
v -24.727661 -1.587921 25.000000
v -24.727661 -1.587921 -25.000000
v -57.900696 -64.188354 -25.000000
v -57.900696 -64.188354 25.000000
v -57.905457 -63.998108 -25.000000
v -57.905457 -63.998108 25.000000
v -57.919678 -63.808342 -25.000000
v -57.919678 -63.808342 25.000000
v -57.943359 -63.619514 -25.000000
v -57.943359 -63.619514 25.000000
v -57.976379 -63.432106 -25.000000
v -57.976379 -63.432106 25.000000
v -58.018738 -63.246574 -25.000000
v -58.018738 -63.246574 25.000000
v -58.070251 -63.063393 -25.000000
v -58.070251 -63.063393 25.000000
v -58.130859 -62.882996 -25.000000
v -58.130859 -62.882996 25.000000
v -58.200378 -62.705849 -25.000000
v -58.200378 -62.705849 25.000000
v -58.278687 -62.532394 -25.000000
v -58.278687 -62.532394 25.000000
v -58.365479 -62.363045 -25.000000
v -58.365479 -62.363045 25.000000
v -58.460632 -62.198242 -25.000000
v -58.460632 -62.198242 25.000000
v -58.563904 -62.038383 -25.000000
v -58.563904 -62.038383 25.000000
v -58.674988 -61.883873 -25.000000
v -58.674988 -61.883873 25.000000
v -58.793640 -61.735092 -25.000000
v -58.793640 -61.735092 25.000000
v -58.919556 -61.592407 -25.000000
v -58.919556 -61.592407 25.000000
v -59.052429 -61.456177 -25.000000
v -59.052429 -61.456177 25.000000
v -59.191895 -61.326736 -25.000000
v -59.191895 -61.326736 25.000000
v -59.337708 -61.204414 -25.000000
v -59.337708 -61.204414 25.000000
v -59.489380 -61.089508 -25.000000
v -59.489380 -61.089508 25.000000
v -59.646606 -60.982307 -25.000000
v -59.646606 -60.982307 25.000000
v -59.809021 -60.883080 -25.000000
v -59.809021 -60.883080 25.000000
v -57.900696 -78.501770 25.000000
v -57.900696 -78.501770 -25.000000
v -59.809021 -81.807045 25.000000
v -59.646606 -81.707817 25.000000
v -59.809021 -81.807045 -25.000000
v -59.646606 -81.707817 -25.000000
v -59.489380 -81.600616 25.000000
v -59.489380 -81.600616 -25.000000
v -59.337708 -81.485710 25.000000
v -59.337708 -81.485710 -25.000000
v -59.191895 -81.363388 25.000000
v -59.191895 -81.363388 -25.000000
v -59.052429 -81.233948 25.000000
v -59.052429 -81.233948 -25.000000
v -58.919556 -81.097717 25.000000
v -58.919556 -81.097717 -25.000000
v -58.793640 -80.955032 25.000000
v -58.793640 -80.955032 -25.000000
v -58.674988 -80.806252 25.000000
v -58.674988 -80.806252 -25.000000
v -58.563904 -80.651741 25.000000
v -58.563904 -80.651741 -25.000000
v -58.460632 -80.491882 25.000000
v -58.460632 -80.491882 -25.000000
v -58.365479 -80.327080 25.000000
v -58.365479 -80.327080 -25.000000
v -58.278687 -80.157730 25.000000
v -58.278687 -80.157730 -25.000000
v -58.200378 -79.984276 25.000000
v -58.200378 -79.984276 -25.000000
v -58.130859 -79.807129 25.000000
v -58.130859 -79.807129 -25.000000
v -58.070251 -79.626732 25.000000
v -58.070251 -79.626732 -25.000000
v -58.018738 -79.443550 25.000000
v -58.018738 -79.443550 -25.000000
v -57.976379 -79.258018 25.000000
v -57.976379 -79.258018 -25.000000
v -57.943359 -79.070610 25.000000
v -57.943359 -79.070610 -25.000000
v -57.919678 -78.881783 25.000000
v -57.919678 -78.881783 -25.000000
v -57.905457 -78.692017 25.000000
v -57.905457 -78.692017 -25.000000
v -72.204773 -88.963753 -25.000000
v -72.204773 -88.963753 25.000000
v -76.021362 -88.963753 -25.000000
v -76.021362 -88.963753 25.000000
v -75.854248 -89.054771 -25.000000
v -75.854248 -89.054771 25.000000
v -75.682800 -89.137337 -25.000000
v -75.682800 -89.137337 25.000000
v -75.507446 -89.211258 -25.000000
v -75.507446 -89.211258 25.000000
v -75.328613 -89.276344 -25.000000
v -75.328613 -89.276344 25.000000
v -75.146790 -89.332436 -25.000000
v -75.146790 -89.332436 25.000000
v -74.962341 -89.379395 -25.000000
v -74.962341 -89.379395 25.000000
v -74.775818 -89.417099 -25.000000
v -74.775818 -89.417099 25.000000
v -74.587646 -89.445465 -25.000000
v -74.587646 -89.445465 25.000000
v -74.398315 -89.464409 -25.000000
v -74.398315 -89.464409 25.000000
v -74.208252 -89.473900 -25.000000
v -74.208252 -89.473900 25.000000
v -74.017944 -89.473900 -25.000000
v -74.017944 -89.473900 25.000000
v -73.827881 -89.464409 -25.000000
v -73.827881 -89.464409 25.000000
v -73.638489 -89.445465 -25.000000
v -73.638489 -89.445465 25.000000
v -73.450317 -89.417099 -25.000000
v -73.450317 -89.417099 25.000000
v -73.263794 -89.379395 -25.000000
v -73.263794 -89.379395 25.000000
v -73.079407 -89.332436 -25.000000
v -73.079407 -89.332436 25.000000
v -72.897583 -89.276344 -25.000000
v -72.897583 -89.276344 25.000000
v -72.718750 -89.211258 -25.000000
v -72.718750 -89.211258 25.000000
v -72.543396 -89.137337 -25.000000
v -72.543396 -89.137337 25.000000
v -72.371887 -89.054771 -25.000000
v -72.371887 -89.054771 25.000000
v -88.417175 -81.807045 25.000000
v -88.417175 -81.807045 -25.000000
v -90.325500 -78.501770 -25.000000
v -90.325500 -78.501770 25.000000
v -90.320740 -78.692017 -25.000000
v -90.320740 -78.692017 25.000000
v -90.306519 -78.881783 -25.000000
v -90.306519 -78.881783 25.000000
v -90.282837 -79.070610 -25.000000
v -90.282837 -79.070610 25.000000
v -90.249817 -79.258018 -25.000000
v -90.249817 -79.258018 25.000000
v -90.207459 -79.443550 -25.000000
v -90.207459 -79.443550 25.000000
v -90.155884 -79.626732 -25.000000
v -90.155884 -79.626732 25.000000
v -90.095276 -79.807129 -25.000000
v -90.095276 -79.807129 25.000000
v -90.025757 -79.984276 -25.000000
v -90.025757 -79.984276 25.000000
v -89.947510 -80.157730 -25.000000
v -89.947510 -80.157730 25.000000
v -89.860718 -80.327080 -25.000000
v -89.860718 -80.327080 25.000000
v -89.765564 -80.491882 -25.000000
v -89.765564 -80.491882 25.000000
v -89.662292 -80.651741 -25.000000
v -89.662292 -80.651741 25.000000
v -89.551209 -80.806252 -25.000000
v -89.551209 -80.806252 25.000000
v -89.432556 -80.955032 25.000000
v -89.432556 -80.955032 -25.000000
v -89.306641 -81.097717 25.000000
v -89.306641 -81.097717 -25.000000
v -89.173767 -81.233948 -25.000000
v -89.173767 -81.233948 25.000000
v -89.034241 -81.363388 25.000000
v -89.034241 -81.363388 -25.000000
v -88.888489 -81.485710 25.000000
v -88.888489 -81.485710 -25.000000
v -88.736816 -81.600616 -25.000000
v -88.736816 -81.600616 25.000000
v -88.579529 -81.707817 25.000000
v -88.579529 -81.707817 -25.000000
v -90.325500 -64.188354 25.000000
v -90.325500 -64.188354 -25.000000
v -88.417175 -60.883080 -25.000000
v -88.417175 -60.883080 25.000000
v -88.579529 -60.982307 -25.000000
v -88.579529 -60.982307 25.000000
v -88.736816 -61.089508 -25.000000
v -88.736816 -61.089508 25.000000
v -88.888489 -61.204414 -25.000000
v -88.888489 -61.204414 25.000000
v -89.034241 -61.326736 -25.000000
v -89.034241 -61.326736 25.000000
v -89.173767 -61.456177 -25.000000
v -89.173767 -61.456177 25.000000
v -89.306641 -61.592407 -25.000000
v -89.306641 -61.592407 25.000000
v -89.432556 -61.735092 -25.000000
v -89.432556 -61.735092 25.000000
v -89.551209 -61.883873 -25.000000
v -89.551209 -61.883873 25.000000
v -89.662292 -62.038383 -25.000000
v -89.662292 -62.038383 25.000000
v -89.765564 -62.198242 -25.000000
v -89.765564 -62.198242 25.000000
v -89.860718 -62.363045 -25.000000
v -89.860718 -62.363045 25.000000
v -89.947510 -62.532394 -25.000000
v -89.947510 -62.532394 25.000000
v -90.025757 -62.705849 -25.000000
v -90.025757 -62.705849 25.000000
v -90.095276 -62.882996 -25.000000
v -90.095276 -62.882996 25.000000
v -90.155884 -63.063393 -25.000000
v -90.155884 -63.063393 25.000000
v -90.207459 -63.246574 -25.000000
v -90.207459 -63.246574 25.000000
v -90.249817 -63.432106 -25.000000
v -90.249817 -63.432106 25.000000
v -90.282837 -63.619514 -25.000000
v -90.282837 -63.619514 25.000000
v -90.306519 -63.808342 -25.000000
v -90.306519 -63.808342 25.000000
v -90.320740 -63.998108 -25.000000
v -90.320740 -63.998108 25.000000
v -76.021362 -53.726372 25.000000
v -76.021362 -53.726372 -25.000000
v -72.204773 -53.726372 -25.000000
v -72.204773 -53.726372 25.000000
v -72.371887 -53.635361 -25.000000
v -72.371887 -53.635361 25.000000
v -72.543396 -53.552788 -25.000000
v -72.543396 -53.552788 25.000000
v -72.718750 -53.478867 -25.000000
v -72.718750 -53.478867 25.000000
v -72.897583 -53.413780 -25.000000
v -72.897583 -53.413780 25.000000
v -73.079407 -53.357689 -25.000000
v -73.079407 -53.357689 25.000000
v -73.263794 -53.310730 -25.000000
v -73.263794 -53.310730 25.000000
v -73.450317 -53.273026 -25.000000
v -73.450317 -53.273026 25.000000
v -73.638489 -53.244659 -25.000000
v -73.638489 -53.244659 25.000000
v -73.827881 -53.225716 -25.000000
v -73.827881 -53.225716 25.000000
v -74.017944 -53.216225 -25.000000
v -74.017944 -53.216225 25.000000
v -74.208252 -53.216225 -25.000000
v -74.208252 -53.216225 25.000000
v -74.398315 -53.225716 -25.000000
v -74.398315 -53.225716 25.000000
v -74.587646 -53.244659 -25.000000
v -74.587646 -53.244659 25.000000
v -74.775818 -53.273026 -25.000000
v -74.775818 -53.273026 25.000000
v -74.962341 -53.310730 -25.000000
v -74.962341 -53.310730 25.000000
v -75.146790 -53.357689 25.000000
v -75.146790 -53.357689 -25.000000
v -75.328613 -53.413780 -25.000000
v -75.328613 -53.413780 25.000000
v -75.507446 -53.478867 -25.000000
v -75.507446 -53.478867 25.000000
v -75.682800 -53.552788 25.000000
v -75.682800 -53.552788 -25.000000
v -75.854248 -53.635361 -25.000000
v -75.854248 -53.635361 25.000000
v -25.168640 64.775757 -8.333333
v -25.291687 65.899567 -25.000000
v -25.301575 66.320114 -25.000000
v -25.262146 65.480026 -25.000000
v -25.213257 65.061981 -25.000000
v -25.145386 64.645874 -25.000000
v -25.058777 64.232147 -25.000000
v -24.953674 63.821274 -25.000000
v -24.779785 63.261948 -8.333333
v -24.830505 63.413681 -25.000000
v -24.689514 63.009857 -25.000000
v -24.531006 62.610245 -25.000000
v -24.150085 61.801498 -8.333333
v -24.355225 62.215286 -25.000000
v -24.162598 61.825455 -25.000000
v -23.953247 61.441193 -25.000000
v -23.727661 61.062958 -25.000000
v -23.294678 60.417191 -8.333333
v -23.486023 60.691193 -25.000000
v -23.228638 60.326370 -25.000000
v -22.955872 59.968842 -25.000000
v -22.668152 59.618805 -25.000000
v -22.229248 59.129364 -8.333333
v -22.365723 59.276398 -25.000000
v -22.049072 58.941803 -25.000000
v -21.718567 58.615189 -25.000000
v -20.972473 57.948700 -8.333333
v -21.374634 58.296707 -25.000000
v -21.017578 57.986526 -25.000000
v -20.647827 57.684814 -25.000000
v -20.265808 57.391724 -25.000000
v -19.543762 56.883408 -8.333333
v -19.871826 57.107437 -25.000000
v -19.466309 56.832092 -25.000000
v -19.049622 56.565887 -25.000000
v -17.962341 55.941696 -8.333333
v -18.477356 56.225403 -25.000000
v -17.811829 55.862564 -25.000000
v -17.124573 55.521622 -25.000000
v -16.247986 55.131317 -8.333333
v -16.417053 55.202927 -25.000000
v -15.690613 54.906845 -25.000000
v -14.421692 54.458145 -8.333333
v -13.412537 54.157990 -25.000000
v -14.186951 54.384018 -25.000000
v -14.946777 54.633759 -25.000000
v -25.168640 64.775757 8.333334
v -25.301575 66.320114 25.000000
v -25.114319 64.486771 25.000000
v -25.023804 64.086853 25.000000
v -25.187378 64.889099 25.000000
v -25.242737 65.293411 25.000000
v -25.280029 65.699310 25.000000
v -25.296204 66.009476 25.000000
v -12.504761 53.927582 -8.333333
v -12.625061 53.956039 -25.000000
v -11.825806 53.778519 -25.000000
v -24.779785 63.261948 8.333334
v -24.597351 62.771713 25.000000
v -24.393433 62.297485 25.000000
v -24.776489 63.252335 25.000000
v -24.916016 63.689743 25.000000
v -10.518555 53.545044 -8.333333
v -11.016357 53.625809 -25.000000
v -10.198120 53.498260 -25.000000
v -9.372559 53.396088 -25.000000
v -24.150085 61.801498 8.333334
v -23.913086 61.371368 25.000000
v -23.637817 60.921036 25.000000
v -24.165161 61.830444 25.000000
v -8.484802 53.315002 -8.333333
v -8.541260 53.319275 -25.000000
v -7.705933 53.267853 -25.000000
v -23.294678 60.417191 8.333334
v -23.019409 60.049667 25.000000
v -22.677429 59.629761 25.000000
v -23.339722 60.480240 25.000000
v -6.426880 53.238251 -8.333333
v -6.868042 53.241791 -25.000000
v -6.029297 53.241074 -25.000000
v -5.191284 53.265717 -25.000000
v -22.229248 59.129364 8.333334
v -22.273010 59.176025 25.000000
v -21.794373 58.688187 25.000000
v -4.368774 53.314713 -8.333333
v -4.355591 53.315704 -25.000000
v -3.523865 53.391022 -25.000000
v -20.972473 57.948700 8.333334
v -20.749634 57.766022 25.000000
v -20.186035 57.332748 25.000000
v -21.286133 58.218002 25.000000
v -2.334351 53.544281 -8.333333
v -2.697632 53.491669 -25.000000
v -1.878601 53.617630 -25.000000
v -1.068237 53.768723 -25.000000
v -19.543762 56.883408 8.333334
v -19.596558 56.918747 25.000000
v -18.982544 56.524506 25.000000
v -17.962341 55.941696 8.333334
v -17.685608 55.797485 25.000000
v -17.005310 55.465683 25.000000
v -18.345093 56.150574 25.000000
v 0.300964 54.086441 -8.333333
v -0.268005 53.944626 -25.000000
v 0.520508 54.144989 -25.000000
v 1.295959 54.369522 -25.000000
v -16.247986 55.131317 8.333334
v -16.305542 55.155502 25.000000
v -15.587708 54.867310 25.000000
v 2.799622 54.889023 -8.333333
v 2.056702 54.617859 -25.000000
v 2.801392 54.889694 -25.000000
v 3.528503 55.184677 -25.000000
v -14.421692 54.458145 8.333334
v -14.103333 54.358261 25.000000
v -13.339539 54.138107 25.000000
v -14.853210 54.601456 25.000000
v 3.981506 55.384262 -8.333333
v 4.236694 55.502365 -25.000000
v 5.110229 55.939728 -8.333333
v 4.924683 55.842316 -25.000000
v 5.591003 56.204086 -25.000000
v -12.504761 53.927582 8.333334
v -12.563110 53.941315 25.000000
v -11.775513 53.768250 25.000000
v 6.180054 56.553421 -8.333333
v 6.234497 56.587204 -25.000000
v 6.853699 56.991226 -25.000000
v -10.518555 53.545044 8.333334
v -10.172119 53.494644 25.000000
v -9.359131 53.394638 25.000000
v -10.978027 53.619232 25.000000
v 7.185059 57.223389 -8.333333
v 7.447327 57.415710 -25.000000
v 8.119446 57.947433 -8.333333
v 8.014038 57.860077 -25.000000
v 8.552612 58.323669 -25.000000
v -8.484802 53.315002 8.333334
v -8.540649 53.319229 25.000000
v -7.718140 53.268417 25.000000
v 8.977600 58.722748 -8.333333
v 9.061829 58.805786 -25.000000
v 9.493896 59.254990 -25.000000
v -6.426880 53.238251 8.333334
v -6.067505 53.240555 25.000000
v -5.242310 53.263489 25.000000
v -6.893250 53.242203 25.000000
v 9.753906 59.546387 -8.333333
v 9.860779 59.671326 -25.000000
v 10.206116 60.098740 -25.000000
v 10.443054 60.415802 -8.333333
v 10.529358 60.536957 -25.000000
v 10.829834 60.985519 -25.000000
v -4.368774 53.314713 8.333334
v -4.419312 53.310989 25.000000
v -3.600037 53.383057 25.000000
v 11.039612 61.327911 -8.333333
v 11.106873 61.443710 -25.000000
v 11.359680 61.910812 -25.000000
v -2.334351 53.544281 8.333334
v -1.978638 53.600815 25.000000
v -1.179565 53.746368 25.000000
v -2.785950 53.479660 25.000000
v 11.538086 62.277222 -8.333333
v 11.587769 62.386093 -25.000000
v 11.771240 62.820206 -25.000000
v 11.932800 63.257645 -8.333333
v 11.918274 63.215622 -25.000000
v 12.047852 63.615082 -25.000000
v 0.300964 54.086441 8.333334
v 1.153992 54.326309 25.000000
v 1.905945 54.566345 25.000000
v 0.388184 54.109436 25.000000
v -0.390137 53.916016 25.000000
v 12.218262 64.263062 -8.333333
v 12.159607 64.018204 -25.000000
v 12.253113 64.424576 -25.000000
v 12.328308 64.833740 -25.000000
v 12.389771 65.286850 -8.333333
v 12.385010 65.245102 -25.000000
v 12.423401 65.658035 -25.000000
v 2.799622 54.889023 8.333334
v 2.642517 54.829208 25.000000
v 3.362366 55.114594 25.000000
v 12.446533 66.320129 -8.333333
v 12.443359 66.071960 -25.000000
v 12.445007 66.486252 -25.000000
v 12.428223 66.900330 -25.000000
v 3.981506 55.384262 8.333334
v 4.064209 55.422089 25.000000
v 4.746765 55.751266 25.000000
v 12.388794 67.353516 -8.333333
v 12.393188 67.313568 -25.000000
v 12.339783 67.725372 -25.000000
v 5.110229 55.939728 8.333334
v 5.408691 56.101715 25.000000
v 12.216736 68.377609 -8.333333
v 12.268066 68.135162 -25.000000
v 12.178040 68.542297 -25.000000
v 12.069824 68.946289 -25.000000
v 6.180054 56.553421 8.333334
v 6.048767 56.472977 25.000000
v 6.598328 56.820114 25.000000
v 11.931335 69.383514 -8.333333
v 11.943848 69.346710 -25.000000
v 11.800415 69.743164 -25.000000
v 7.185059 57.223389 8.333334
v 7.386475 57.370392 25.000000
v 7.763489 57.658508 25.000000
v 6.997986 57.090881 25.000000
v 11.537048 70.364441 -8.333333
v 11.639771 70.135239 -25.000000
v 11.462341 70.522552 -25.000000
v 11.268433 70.904694 -25.000000
v 8.119446 57.947433 8.333334
v 8.128540 57.955048 25.000000
v 8.481384 58.259796 25.000000
v 11.039124 71.314102 -8.333333
v 11.058411 71.281235 -25.000000
v 10.832581 71.651810 -25.000000
v 8.977600 58.722748 8.333334
v 9.148926 58.893173 25.000000
v 9.462952 59.221436 25.000000
v 8.821655 58.572571 25.000000
v 10.442871 72.226196 -8.333333
v 10.591248 72.015991 -25.000000
v 10.334839 72.373383 -25.000000
v 10.063660 72.723694 -25.000000
v 9.753906 59.546387 8.333334
v 9.763245 59.557190 25.000000
v 10.049561 59.900284 25.000000
v 9.753540 73.095123 -8.333333
v 9.778076 73.066772 -25.000000
v 9.478455 73.402451 -25.000000
v 10.443054 60.415802 8.333334
v 10.578857 60.607849 25.000000
v 10.821167 60.971863 25.000000
v 10.321594 60.250565 25.000000
v 8.976868 73.917847 -8.333333
v 9.165161 73.730591 -25.000000
v 8.838562 74.051041 -25.000000
v 8.498962 74.363647 -25.000000
v 11.039612 61.327911 8.333334
v 11.048035 61.342239 25.000000
v 11.259155 61.718552 25.000000
v 8.118408 74.692047 -8.333333
v 8.146851 74.668259 -25.000000
v 7.782471 74.964737 -25.000000
v 11.538086 62.277222 8.333334
v 11.632690 62.487473 25.000000
v 11.794434 62.879303 25.000000
v 11.454163 62.100433 25.000000
v 7.183960 75.415344 -8.333333
v 7.406311 75.252914 -25.000000
v 7.018616 75.532639 -25.000000
v 6.619812 75.803772 -25.000000
v 11.932800 63.257645 8.333334
v 11.938904 63.275513 25.000000
v 12.065857 63.675720 25.000000
v 6.179199 76.085419 -8.333333
v 6.071411 76.151657 -25.000000
v 5.432678 76.523987 -25.000000
v 12.218262 64.263062 8.333334
v 12.265747 64.486542 25.000000
v 12.338135 64.896255 25.000000
v 12.174927 64.079529 25.000000
v 5.109741 76.699921 -8.333333
v 4.772034 76.875671 -25.000000
v 12.389771 65.286850 8.333334
v 12.392090 65.308060 25.000000
v 12.427612 65.721359 25.000000
v 3.981384 77.256485 -8.333333
v 4.090820 77.206223 -25.000000
v 3.390198 77.515106 -25.000000
v 12.446533 66.320129 8.333334
v 12.443604 66.550034 25.000000
v 12.424011 66.964188 25.000000
v 12.444824 66.135559 25.000000
v 2.799744 77.752777 -8.333333
v 2.671387 77.801819 -25.000000
v 1.935730 78.065918 -25.000000
v 12.388794 67.353516 8.333334
v 12.386108 67.377426 25.000000
v 12.329834 67.789139 25.000000
v 12.216736 68.377609 8.333334
v 12.162354 68.605560 25.000000
v 12.051331 69.009186 25.000000
v 12.255249 68.198715 25.000000
v 0.300781 78.556290 -8.333333
v 1.184570 78.307053 -25.000000
v 0.419434 78.524902 -25.000000
v -0.358215 78.719162 -25.000000
v -1.146973 78.889511 -25.000000
v 11.931335 69.383514 8.333334
v 11.922485 69.409180 25.000000
v 11.776245 69.805145 25.000000
v 11.537048 70.364441 8.333334
v 11.593689 70.239883 25.000000
v 11.366638 70.715820 25.000000
v -2.334839 79.097519 -8.333333
v -1.945374 79.035614 -25.000000
v -2.751953 79.157166 -25.000000
v -3.565308 79.254044 -25.000000
v 11.039124 71.314102 8.333334
v 11.114746 71.183563 25.000000
v 10.838562 71.642319 25.000000
v 10.442871 72.226196 8.333334
v 10.538818 72.091354 25.000000
v 10.216125 72.529938 25.000000
v -5.053284 79.367004 -8.333333
v -4.383850 79.326309 -25.000000
v -5.206116 79.374008 -25.000000
v -6.030579 79.397202 -25.000000
v 9.753540 73.095123 8.333334
v 9.871155 72.957596 25.000000
v 9.504578 73.374054 25.000000
v 8.976868 73.917847 8.333334
v 9.072815 73.823318 25.000000
v 8.563904 74.305389 25.000000
v -7.799377 79.364578 -8.333333
v -6.855774 79.395950 -25.000000
v -7.680176 79.370316 -25.000000
v -8.502319 79.320343 -25.000000
v -9.320679 79.246109 -25.000000
v 8.118408 74.692047 8.333334
v 8.025574 74.768936 25.000000
v 7.459167 75.213440 25.000000
v 7.183960 75.415344 8.333334
v 6.865906 75.638351 25.000000
v -10.517883 79.092407 -8.333333
v -10.133789 79.147659 -25.000000
v -10.940125 79.025055 -25.000000
v -11.738220 78.878357 -25.000000
v 6.179199 76.085419 8.333334
v 6.247131 76.043137 25.000000
v 5.604187 76.427277 25.000000
v 5.109741 76.699921 8.333334
v 4.938232 76.790222 25.000000
v 4.250671 77.131439 25.000000
v -13.153381 78.552643 -8.333333
v -14.067810 78.294403 -25.000000
v -13.303528 78.512924 -25.000000
v -12.526489 78.707626 -25.000000
v 3.981384 77.256485 8.333334
v 3.542725 77.450394 25.000000
v 2.799744 77.752777 8.333334
v 2.071106 78.019440 25.000000
v 1.310181 78.268662 25.000000
v 2.815796 77.746567 25.000000
v -15.651611 77.749863 -8.333333
v -14.818115 78.052490 -25.000000
v -15.552979 77.787628 -25.000000
v -16.271179 77.500259 -25.000000
v -16.833618 77.254089 -8.333333
v -16.971313 77.190826 -25.000000
v -17.652100 76.859787 -25.000000
v 0.300781 78.556290 8.333334
v -0.254272 78.694733 25.000000
v -1.054749 78.870941 25.000000
v 0.534546 78.493866 25.000000
v -17.962646 76.698135 -8.333333
v -18.312256 76.507584 -25.000000
v -18.950439 76.134689 -25.000000
v -19.543823 75.756042 -8.333333
v -19.565430 75.741623 -25.000000
v -20.155945 75.328857 -25.000000
v -2.334839 79.097519 8.333334
v -2.684570 79.147995 25.000000
v -3.510864 79.248352 25.000000
v -1.865356 79.022125 25.000000
v -20.972656 74.691040 -8.333333
v -20.720764 74.896912 -25.000000
v -21.258606 74.446289 -25.000000
v -21.768250 73.977493 -25.000000
v -5.053284 79.367004 8.333334
v -5.178406 79.372803 25.000000
v -6.016479 79.397003 25.000000
v -4.342712 79.323273 25.000000
v -22.229614 73.510941 -8.333333
v -22.248352 73.491028 -25.000000
v -22.654236 73.038513 -25.000000
v -7.799377 79.364578 8.333334
v -8.529053 79.318314 25.000000
v -9.360718 79.241837 25.000000
v -7.693359 79.369705 25.000000
v -6.855347 79.395950 25.000000
v -23.295166 72.223602 -8.333333
v -22.997498 72.619659 -25.000000
v -23.319214 72.190109 -25.000000
v -23.618713 71.750214 -25.000000
v -24.150574 70.839371 -8.333333
v -23.895447 71.300735 -25.000000
v -24.148987 70.842407 -25.000000
v -24.378723 70.376053 -25.000000
v -24.584229 69.902435 -25.000000
v -10.517883 79.092407 8.333334
v -11.006042 79.013916 25.000000
v -11.816467 78.862579 25.000000
v -10.186951 79.140350 25.000000
v -24.780090 69.378708 -8.333333
v -24.765015 69.422348 -25.000000
v -24.906067 68.985382 -25.000000
v -25.015198 68.588638 -25.000000
v -13.153381 78.552643 8.333334
v -13.404968 78.485489 25.000000
v -14.179993 78.259995 25.000000
v -12.616638 78.686417 25.000000
v -25.168701 67.864624 -8.333333
v -25.107178 68.189041 -25.000000
v -25.181702 67.787018 -25.000000
v -25.238586 67.382980 -25.000000
v -25.277466 66.977325 -25.000000
v -25.295532 66.649002 -25.000000
v -15.651611 77.749863 8.333334
v -15.684509 77.737167 25.000000
v -16.411194 77.440750 25.000000
v -14.940308 78.010406 25.000000
v -16.833618 77.254089 8.333334
v -17.118958 77.121643 25.000000
v -17.962646 76.698135 8.333334
v -18.472290 76.417206 25.000000
v -19.044861 76.076584 25.000000
v -17.806458 76.780304 25.000000
v -19.543823 75.756042 8.333334
v -19.867676 75.535004 25.000000
v -20.261963 75.250732 25.000000
v -19.461853 75.810333 25.000000
v -20.972656 74.691040 8.333334
v -21.371765 74.345993 25.000000
v -21.716064 74.027603 25.000000
v -21.014404 74.656082 25.000000
v -20.644287 74.957718 25.000000
v -22.229614 73.510941 8.333334
v -22.363770 73.366562 25.000000
v -22.666443 73.024216 25.000000
v -22.046875 73.701080 25.000000
v -23.295166 72.223602 8.333334
v -23.485107 71.951828 25.000000
v -23.726929 71.579987 25.000000
v -23.227478 72.316681 25.000000
v -22.954529 72.674210 25.000000
v -24.150574 70.839371 8.333334
v -24.354919 70.427185 25.000000
v -24.530762 70.032043 25.000000
v -24.162109 70.817215 25.000000
v -23.952698 71.201630 25.000000
v -24.780090 69.378708 8.333334
v -24.830383 69.228149 25.000000
v -24.953613 68.820328 25.000000
v -24.689331 69.632202 25.000000
v -25.168701 67.864624 8.333334
v -25.291687 66.740875 25.000000
v -25.262146 67.160614 25.000000
v -25.213257 67.578888 25.000000
v -25.145386 67.995239 25.000000
v -25.058716 68.409195 25.000000
v -3.008362 53.450760 -5.555555
v -4.368774 53.314713 -5.555555
v -3.347107 53.410370 -4.166666
v -1.665527 53.654770 -5.555555
v -2.334351 53.544281 -4.166666
v -0.130127 53.977676 -5.555555
v -1.333374 53.716339 -4.166666
v -0.347046 53.926025 -4.166666
v 4.363953 55.562820 -5.555555
v 3.593140 55.212387 -5.555555
v 3.396851 55.128983 -4.166666
v 2.799622 54.889023 -4.166666
v 5.110229 55.939728 -5.555555
v 3.981506 55.384262 -4.166666
v 4.552856 55.654587 -4.166666
v 5.830383 56.342514 -5.555555
v 5.110229 55.939728 -4.166666
v 6.522583 56.770599 -5.555555
v 5.652893 56.239410 -4.166666
v -3.008362 53.450760 5.555555
v -3.347107 53.410370 4.166666
v -4.368774 53.314713 5.555555
v -2.334351 53.544281 4.166666
v -1.665527 53.654770 5.555555
v -1.333374 53.716339 4.166666
v -0.130127 53.977676 5.555555
v -0.347046 53.926025 4.166666
v 3.593140 55.212387 5.555555
v 3.396851 55.128983 4.166666
v 2.799622 54.889023 4.166666
v 3.981506 55.384262 4.166666
v 4.363953 55.562820 5.555555
v 4.552856 55.654587 4.166666
v 5.110229 55.939728 5.555555
v 5.110229 55.939728 4.166666
v 5.652893 56.239410 4.166666
v 5.830383 56.342514 5.555555
v 6.522583 56.770599 5.555555
v 5.829590 76.296555 -5.555555
v 6.521545 75.868118 -5.555555
v 5.109741 76.699921 -5.555555
v 5.652161 76.399765 -4.166666
v 4.363709 77.077545 -5.555555
v 5.109741 76.699921 -4.166666
v 3.593140 77.428726 -5.555555
v 4.552551 76.985596 -4.166666
v 3.981384 77.256485 -4.166666
v 3.396851 77.512314 -4.166666
v 2.799744 77.752777 -4.166666
v -0.130432 78.665024 -5.555555
v -1.888367 79.026031 -5.555555
v -1.666077 78.987442 -4.166666
v -0.347412 78.716644 -4.166666
v -3.008850 79.190506 -4.166666
v -3.687134 79.266388 -5.555555
v 5.829590 76.296555 5.555555
v 6.521545 75.868118 5.555555
v 5.109741 76.699921 5.555555
v 5.109741 76.699921 4.166666
v 5.652161 76.399765 4.166666
v 4.552551 76.985596 4.166666
v 4.363709 77.077545 5.555555
v 3.981384 77.256485 4.166666
v 3.593140 77.428726 5.555555
v 3.396851 77.512314 4.166666
v 2.799744 77.752777 4.166666
v -10.964416 79.020966 -5.555555
v -12.722290 78.661102 -5.555555
v -12.505310 78.712555 -4.166666
v -11.186707 78.982468 -4.166666
v -1.888367 79.026031 5.555555
v -1.666077 78.987442 4.166666
v -0.347412 78.716644 4.166666
v -3.008850 79.190506 4.166666
v -0.130432 78.665024 5.555555
v -3.687134 79.266388 5.555555
v -17.405090 76.983505 -5.555555
v -16.445190 77.426132 -5.555555
v -16.248840 77.509628 -4.166666
v -15.651611 77.749863 -4.166666
v -17.121033 77.120666 -4.166666
v -18.505432 76.398254 -5.555555
v -17.962646 76.698135 -4.166666
v -19.543823 75.756042 -5.555555
v -18.771057 76.242950 -4.166666
v -10.964416 79.020966 5.555555
v -12.505310 78.712555 4.166666
v -11.186707 78.982468 4.166666
v -12.722290 78.661102 5.555555
v -16.445190 77.426132 5.555555
v -16.248840 77.509628 4.166666
v -15.651611 77.749863 4.166666
v -17.121033 77.120666 4.166666
v -17.405090 76.983505 5.555555
v -17.962646 76.698135 4.166666
v -18.505432 76.398254 5.555555
v -18.771057 76.242950 4.166666
v -19.543823 75.756042 5.555555
v -7.800293 53.272385 -7.407408
v -9.393066 53.398300 -5.555555
v -10.742004 53.580078 -5.555555
v -7.457336 53.257462 -6.944445
v -6.426880 53.238251 -7.407408
v -9.844788 53.451324 -4.166666
v -6.426880 53.238251 -6.944445
v -8.826050 53.342682 -4.166666
v -7.800293 53.272385 -4.166666
v -6.656006 53.239212 -4.629629
v 1.010986 54.283752 -7.407408
v 1.361694 54.389862 -6.944445
v -2.895691 53.465164 -2.777779
v 2.122253 54.640625 -6.481482
v 0.799194 54.222458 -4.629629
v 1.778503 54.523697 -5.555555
v 1.361694 54.389862 -4.861111
v 2.122253 54.640625 -5.092592
v 1.256775 54.357513 -4.166666
v -1.554626 53.674820 -1.388889
v -3.177612 53.430023 -2.083334
v -9.393066 53.398300 5.555555
v -9.844788 53.451324 4.166666
v -10.742004 53.580078 5.555555
v -8.826050 53.342682 4.166666
v -7.800293 53.272385 4.166666
v 0.139771 54.044800 -2.083334
v 1.361694 54.389862 -2.777779
v 1.570679 54.455902 0.000000
v -6.656006 53.239212 4.629629
v -2.895691 53.465164 2.777779
v -1.554626 53.674820 1.388889
v -3.177612 53.430023 2.083334
v -7.457336 53.257462 6.944445
v -7.800293 53.272385 7.407408
v 3.396851 55.128983 -2.777779
v 2.799622 54.889023 -2.083334
v 3.099731 55.007065 -2.083334
v 7.918213 57.781998 -7.407408
v -6.426880 53.238251 6.944445
v 7.816223 57.700241 -6.944445
v -6.426880 53.238251 7.407408
v 8.510620 58.285873 -7.407408
v 8.267944 58.073181 -6.944445
v 0.139771 54.044800 2.083334
v 7.816223 57.700241 -4.629629
v 1.361694 54.389862 2.777779
v 9.157349 58.901703 -5.555555
v 2.799622 54.889023 2.083334
v 8.414246 58.200333 -4.166666
v 1.256775 54.357513 4.166666
v 0.799194 54.222458 4.629629
v 9.671875 59.452560 -5.555555
v 8.840088 58.590103 -4.166666
v 3.396851 55.128983 2.777779
v 3.099731 55.007065 2.083334
v 9.245728 58.992050 -4.166666
v 1.361694 54.389862 4.861111
v 10.147888 60.023895 -5.555555
v 9.630432 59.405869 -4.166666
v 10.583801 60.614960 -5.555555
v 2.122253 54.640625 5.092592
v 1.778503 54.523697 5.555555
v 9.993591 59.831223 -4.166666
v 1.361694 54.389862 6.944445
v 1.010986 54.283752 7.407408
v 2.122253 54.640625 6.481482
v 7.816223 57.700241 6.944445
v 7.816223 57.700241 4.629629
v 9.157349 58.901703 5.555555
v 8.414246 58.200333 4.166666
v 8.840088 58.590103 4.166666
v 9.245728 58.992050 4.166666
v 7.918213 57.781998 7.407408
v 8.267944 58.073181 6.944445
v 9.671875 59.452560 5.555555
v 9.630432 59.405869 4.166666
v 9.993591 59.831223 4.166666
v 8.510620 58.285873 7.407408
v 10.147888 60.023895 5.555555
v 10.583801 60.614960 5.555555
v 10.147644 72.617935 -5.555555
v 10.583618 72.027084 -5.555555
v 8.509705 74.354095 -7.407408
v 9.671509 73.188858 -5.555555
v 7.917114 74.857254 -7.407408
v 8.266907 74.566483 -6.944445
v 9.156738 73.739136 -5.555555
v 9.993347 72.810501 -4.166666
v 7.815125 74.938919 -6.944445
v 9.630005 73.235504 -4.166666
v 9.245117 73.648880 -4.166666
v 8.839294 74.050308 -4.166666
v 8.413269 74.439514 -4.166666
v 7.815125 74.938919 -4.629629
v 2.122375 78.001602 -6.481482
v 1.010925 78.358902 -7.407408
v 1.361694 78.252686 -6.944445
v 1.778564 78.118698 -5.555555
v 2.122375 78.001602 -5.092592
v 10.147644 72.617935 5.555555
v 10.583618 72.027084 5.555555
v 1.361694 78.252686 -4.861111
v 3.396851 77.512314 -2.777779
v 9.671509 73.188858 5.555555
v 9.993347 72.810501 4.166666
v 9.630005 73.235504 4.166666
v 9.245117 73.648880 4.166666
v 0.799072 78.420227 -4.629629
v 1.256775 78.285080 -4.166666
v 2.799744 77.752777 -2.083334
v 3.099792 77.634476 -2.083334
v 9.156738 73.739136 5.555555
v 8.413269 74.439514 4.166666
v 8.839294 74.050308 4.166666
v 1.361694 78.252686 -2.777779
v 1.570679 78.186584 0.000000
v 7.815125 74.938919 4.629629
v -0.130432 78.665024 -2.777779
v -5.510498 79.385422 -7.407408
v -0.022278 78.638535 -2.083334
v 8.266907 74.566483 6.944445
v -5.739380 79.391800 -6.944445
v 8.509705 74.354095 7.407408
v 7.815125 74.938919 6.944445
v 7.917114 74.857254 7.407408
v 3.396851 77.512314 2.777779
v 2.799744 77.752777 2.083334
v 3.099792 77.634476 2.083334
v -4.520813 79.335968 -4.166666
v -6.120972 79.398254 -5.555555
v -2.111328 79.062729 -1.388889
v -3.687134 79.266388 -2.777779
v -5.281799 79.377167 -4.166666
v -6.884338 79.395462 -2.777779
v -4.939026 79.361221 -3.472221
v -9.392090 79.238449 -6.944445
v 1.361694 78.252686 2.777779
v -4.027649 79.297928 -2.083334
v -8.559692 79.315933 -5.555555
v -0.022278 78.638535 2.083334
v -4.710815 79.348236 -2.083334
v -5.434265 79.382874 -2.314816
v -6.426331 79.399643 0.000000
v -0.130432 78.665024 2.777779
v -0.674438 78.790619 2.083334
v 1.256775 78.285080 4.166666
v 2.122375 78.001602 5.092592
v 1.361694 78.252686 4.861111
v -1.003296 78.860428 2.777779
v -2.558960 79.130417 1.388889
v -8.938660 79.283829 -4.166666
v 1.778564 78.118698 5.555555
v 0.799072 78.420227 4.629629
v -9.693481 79.204056 -4.166666
v 2.122375 78.001602 6.481482
v -9.052124 79.273193 -3.472221
v -8.179871 79.342865 -2.314816
v -13.863342 78.355576 -7.407408
v 1.361694 78.252686 6.944445
v -8.825073 79.294006 -2.083334
v -14.213928 78.249466 -6.944445
v -4.710815 79.348236 2.083334
v 1.010925 78.358902 7.407408
v -14.974365 77.998535 -6.481482
v -5.434265 79.382874 2.314816
v -6.884338 79.395462 2.777779
v -13.651550 78.416824 -4.629629
v -14.630676 78.115555 -5.555555
v -14.213928 78.249466 -4.861111
v -4.939026 79.361221 3.472221
v -10.741455 79.057617 -1.388889
v -4.520813 79.335968 4.166666
v -14.974365 77.998535 -5.092592
v -14.109070 78.281830 -4.166666
v -12.722290 78.661102 -2.777779
v -5.281799 79.377167 4.166666
v -12.830383 78.634674 -2.083334
v -8.179871 79.342865 2.314816
v -14.213928 78.249466 -2.777779
v -14.422852 78.183395 0.000000
v -6.120972 79.398254 5.555555
v -9.052124 79.273193 3.472221
v -8.825073 79.294006 2.083334
v -10.741455 79.057617 1.388889
v -5.739380 79.391800 6.944445
v -8.938660 79.283829 4.166666
v -15.802063 77.691254 -2.083334
v -5.510498 79.385422 7.407408
v -20.972656 74.691040 -7.407408
v -9.693481 79.204056 4.166666
v -8.559692 79.315933 5.555555
v -20.972656 74.691040 -6.944445
v -21.830933 73.916611 -7.407408
v -21.623840 74.114883 -6.944445
v -12.722290 78.661102 2.777779
v -12.830383 78.634674 2.083334
v -18.416016 76.449234 -2.777779
v -17.310791 77.029633 -1.388889
v -18.638733 76.321045 -2.083334
v -9.392090 79.238449 6.944445
v -14.213928 78.249466 2.777779
v -19.032715 76.084122 -2.083334
v -21.121155 74.565460 -4.629629
v -15.802063 77.691254 2.083334
v -14.109070 78.281830 4.166666
v -13.651550 78.416824 4.629629
v -22.728027 72.951569 -5.555555
v -17.310791 77.029633 1.388889
v -14.213928 78.249466 4.861111
v -14.974365 77.998535 5.092592
v -14.630676 78.115555 5.555555
v -22.962463 72.664154 -4.166666
v -23.400940 72.074295 -5.555555
v -22.421021 73.303619 -4.166666
v -14.213928 78.249466 6.944445
v -13.863342 78.355576 7.407408
v -18.416016 76.449234 2.777779
v -18.638733 76.321045 2.083334
v -19.032715 76.084122 2.083334
v -14.974365 77.998535 6.481482
v -20.972656 74.691040 6.944445
v -21.121155 74.565460 4.629629
v -20.972656 74.691040 7.407408
v -21.623840 74.114883 6.944445
v -22.728027 72.951569 5.555555
v -22.962463 72.664154 4.166666
v -22.421021 73.303619 4.166666
v -21.830933 73.916611 7.407408
v -23.400940 72.074295 5.555555
v -13.862244 54.285828 -7.407408
v -15.313660 54.764801 -5.555555
v -16.509583 55.242844 -5.555555
v -13.579651 54.204422 -6.944445
v -12.577148 53.944641 -7.407408
v -15.751038 54.930328 -4.166666
v -12.613281 53.953232 -6.944445
v -14.836121 54.595612 -4.166666
v -13.897400 54.296234 -4.166666
v -12.865662 54.014832 -4.629629
v -9.355347 53.394226 -2.777779
v -4.996277 53.275101 -4.398148
v -8.104797 53.289215 -1.388889
v -9.619141 53.423874 -2.083334
v -15.313660 54.764801 5.555555
v -16.509583 55.242844 5.555555
v -14.836121 54.595612 4.166666
v -15.751038 54.930328 4.166666
v -13.897400 54.296234 4.166666
v -4.387756 53.313309 -3.626543
v -4.910584 53.279663 -3.356482
v -12.865662 54.014832 4.629629
v -9.355347 53.394226 2.777779
v -8.104797 53.289215 1.388889
v -9.619141 53.423874 2.083334
v -13.579651 54.204422 6.944445
v -13.862244 54.285828 7.407408
v -12.613281 53.953232 6.944445
v -12.577148 53.944641 7.407408
v -3.347107 53.410370 0.000000
v -5.053406 53.272217 0.000000
v -1.665527 53.654770 0.000000
v -4.387756 53.313309 3.626543
v -4.910584 53.279663 3.356482
v -4.996277 53.275101 4.398148
v -0.022034 54.004196 0.000000
v 4.599854 55.677780 -2.430555
v 4.427063 55.593216 -1.388889
v 5.741882 56.290771 -2.083334
v 6.774597 56.937531 -4.398148
v 3.000061 54.967285 0.000000
v 4.427063 55.593216 1.388889
v 4.363953 55.562820 0.000000
v 6.437622 56.715713 -3.626543
v 6.816162 56.965683 -3.356482
v 7.372498 57.360016 -3.626543
v 7.144592 57.194366 -3.125000
v 7.049622 57.127045 -2.083334
v 6.857666 56.993942 0.000000
v 5.652893 56.239410 0.000000
v 5.741882 56.290771 2.083334
v 8.069519 57.905838 -2.777779
v 8.365723 58.157791 -2.777779
v 7.892822 57.761505 -2.083334
v 8.119446 57.947433 -2.083334
v 11.099915 61.431671 -6.944445
v 4.599854 55.677780 2.430555
v 11.418579 62.027878 -7.407408
v 11.356262 61.904022 -6.944445
v 11.711731 62.673248 -7.407408
v 11.587158 62.384735 -6.944445
v 9.927979 59.751602 -2.777779
v 9.127686 58.871704 -1.388889
v 7.049622 57.127045 2.083334
v 11.347168 61.886368 -4.629629
v 6.437622 56.715713 3.626543
v 6.816162 56.965683 3.356482
v 11.994080 63.442123 -5.555555
v 7.144592 57.194366 3.125000
v 7.892822 57.761505 2.083334
v 11.658386 62.546707 -4.166666
v 7.372498 57.360016 3.626543
v 12.183044 64.112778 -5.555555
v 6.774597 56.937531 4.398148
v 8.069519 57.905838 2.777779
v 8.119446 57.947433 2.083334
v 11.854309 63.037399 -4.166666
v 8.365723 58.157791 2.777779
v 9.127686 58.871704 1.388889
v 12.023315 63.534683 -4.166666
v 9.927979 59.751602 2.777779
v 11.710510 69.968231 -7.407408
v 12.181519 68.527969 -5.555555
v 11.417725 70.613907 -7.407408
v 11.586060 70.256882 -6.944445
v 11.992554 69.198929 -5.555555
v 11.355469 70.737823 -6.944445
v 11.099426 71.210327 -6.944445
v 12.021729 69.106338 -4.166666
v 11.852966 69.603882 -4.166666
v 11.657166 70.094833 -4.166666
v 11.346436 70.755478 -4.629629
v 11.099915 61.431671 6.944445
v 11.347168 61.886368 4.629629
v 11.356262 61.904022 6.944445
v 11.994080 63.442123 5.555555
v 11.854309 63.037399 4.166666
v 11.658386 62.546707 4.166666
v 12.023315 63.534683 4.166666
v 11.587158 62.384735 6.944445
v 11.418579 62.027878 7.407408
v 12.183044 64.112778 5.555555
v 11.711731 62.673248 7.407408
v 9.927734 72.890060 -2.777779
v 10.071045 72.714493 -2.083334
v 10.241882 72.496460 -2.083334
v 8.364746 74.481995 -2.777779
v 8.068481 74.733582 -2.777779
v 6.773560 75.701157 -4.398148
v 7.371338 75.278809 -3.626543
v 8.118408 74.692047 -2.083334
v 9.127014 73.769089 -1.388889
v 7.143494 75.444351 -3.125000
v 11.992554 69.198929 5.555555
v 12.021729 69.106338 4.166666
v 12.181519 68.527969 5.555555
v 11.657166 70.094833 4.166666
v 11.852966 69.603882 4.166666
v 7.891724 74.877731 -2.083334
v 6.815125 75.672989 -3.356482
v 6.436646 75.923019 -3.626543
v 5.741089 76.348358 -2.083334
v 11.346436 70.755478 4.629629
v 7.048523 75.511658 -2.083334
v 6.856567 75.644745 0.000000
v 9.927734 72.890060 2.777779
v 10.071045 72.714493 2.083334
v 10.241882 72.496460 2.083334
v 11.586060 70.256882 6.944445
v 11.710510 69.968231 7.407408
v 11.355469 70.737823 6.944445
v 11.417725 70.613907 7.407408
v 4.599548 76.962341 -2.430555
v 4.426819 77.047073 -1.388889
v 11.099426 71.210327 6.944445
v 8.364746 74.481995 2.777779
v 8.118408 74.692047 2.083334
v 9.127014 73.769089 1.388889
v 8.068481 74.733582 2.777779
v 7.891724 74.877731 2.083334
v 5.652161 76.399765 0.000000
v 4.426819 77.047073 1.388889
v 4.363709 77.077545 0.000000
v 5.741089 76.348358 2.083334
v 7.048523 75.511658 2.083334
v -3.914062 79.287888 -7.870370
v 7.143494 75.444351 3.125000
v 7.371338 75.278809 3.626543
v 6.815125 75.672989 3.356482
v 6.436646 75.923019 3.626543
v 3.000122 77.674347 0.000000
v 6.773560 75.701157 4.398148
v 4.599548 76.962341 2.430555
v -0.238831 78.691071 -0.694445
v -2.334839 79.097519 0.000000
v -0.347412 78.716644 0.000000
v -0.238831 78.691071 0.694445
v -4.482788 79.333359 -0.694445
v -4.368896 79.325211 0.000000
v -4.482788 79.333359 0.694445
v -8.597595 79.312958 -0.694445
v -10.517883 79.092407 0.000000
v -8.483765 79.321747 0.000000
v -8.597595 79.312958 0.694445
v -12.613892 78.687058 -0.694445
v -12.505310 78.712555 0.000000
v -3.914062 79.287888 7.870371
v -12.613892 78.687058 0.694445
v -15.901916 77.651642 -0.694445
v -17.405090 76.983505 0.000000
v -19.847839 75.548813 -4.783951
v -15.951721 77.631668 0.000000
v -19.997437 75.443314 -4.398148
v -22.607056 73.093369 -7.870370
v -19.682800 75.662476 -3.626543
v -15.901916 77.651642 0.694445
v -20.118652 75.356049 -3.356482
v -20.720459 74.897186 -3.626543
v -21.830933 73.916611 -4.166666
v -20.514526 75.059219 -3.125000
v -21.966125 73.782730 -5.092592
v -18.727051 76.269073 -0.694445
v -20.037964 75.414322 0.000000
v -20.357666 75.179047 -2.083334
v -18.771057 76.242950 0.000000
v -20.972656 74.691040 -2.083334
v -18.727051 76.269073 0.694445
v -24.178040 70.786484 -7.407408
v -24.191589 70.760010 -6.944445
v -24.617981 69.818100 -7.407408
v -24.529114 70.035858 -6.944445
v -22.708008 72.975296 -2.777779
v -24.284668 70.573959 -4.629629
v -23.103882 72.481949 -2.083334
v -22.846497 72.808502 -2.083334
v -20.357666 75.179047 2.083334
v -19.682800 75.662476 3.626543
v -20.118652 75.356049 3.356482
v -20.514526 75.059219 3.125000
v -20.972656 74.691040 2.083334
v -19.997437 75.443314 4.398148
v -20.720459 74.897186 3.626543
v -21.830933 73.916611 4.166666
v -19.847839 75.548813 4.783951
v -22.708008 72.975296 2.777779
v -23.103882 72.481949 2.083334
v -22.846497 72.808502 2.083334
v -21.966125 73.782730 5.092592
v -24.853210 69.157227 0.000000
v -22.607056 73.093369 7.870371
v -24.191589 70.760010 6.944445
v -24.284668 70.573959 4.629629
v -24.178040 70.786484 7.407408
v -24.529114 70.035858 6.944445
v -24.617981 69.818100 7.407408
v -19.109375 56.603088 -7.407408
v -18.887695 56.466721 -6.944445
v -20.269592 57.394547 -5.555555
v -18.043701 55.985168 -7.407408
v -20.617798 57.661102 -4.166666
v -21.186279 58.130630 -5.555555
v -18.084290 56.007034 -6.944445
v -19.902344 57.128876 -4.166666
v -18.305969 56.128677 -4.629629
v -15.302368 54.760651 -2.777779
v -11.371643 53.689545 -4.398148
v -12.153687 53.848084 -3.626543
v -14.201172 54.388428 -1.388889
v -15.533081 54.846558 -2.083334
v -20.269592 57.394547 5.555555
v -20.617798 57.661102 4.166666
v -21.186279 58.130630 5.555555
v -19.902344 57.128876 4.166666
v -11.794434 53.772095 -3.125000
v -11.260925 53.669128 -3.356482
v -10.791565 53.588120 -3.626543
v -11.666016 53.746246 -2.083334
v -11.408508 53.696442 0.000000
v -15.302368 54.760651 2.777779
v -14.201172 54.388428 1.388889
v -15.533081 54.846558 2.083334
v -19.109375 56.603088 7.407408
v -18.887695 56.466721 6.944445
v -18.084290 56.007034 6.944445
v -18.305969 56.128677 4.629629
v -6.355286 53.238342 -3.761574
v -18.043701 55.985168 7.407408
v -9.844788 53.451324 0.000000
v -8.256897 53.298904 0.000000
v -11.666016 53.746246 2.083334
v -6.508057 53.238373 -2.372684
v -11.794434 53.772095 3.125000
v -12.153687 53.848084 3.626543
v -6.022827 53.241180 -1.581791
v -7.139526 53.247452 -0.462963
v -11.260925 53.669128 3.356482
v -6.579651 53.238678 -0.694445
v -10.791565 53.588120 3.626543
v -6.656006 53.239212 0.000000
v -7.139526 53.247452 0.462963
v -11.371643 53.689545 4.398148
v -6.579651 53.238678 0.694445
v -6.022827 53.241180 1.581791
v -6.508057 53.238373 2.372684
v -6.355286 53.238342 3.761574
v 9.186951 58.931747 -2.777779
v 10.071289 59.927292 -2.083334
v 8.052795 57.892014 -0.694445
v 9.067993 58.811920 0.000000
v 10.682617 60.760101 -4.783951
v 10.731079 60.833054 -4.398148
v 10.478638 60.465393 -3.858025
v 8.019287 57.864395 0.000000
v 10.703186 60.790939 -3.703703
v 10.502258 60.498535 -3.163580
v 8.052795 57.892014 0.694445
v 10.764282 60.883728 -3.356482
v 11.096619 61.425888 -3.626543
v 10.962463 61.198868 -3.125000
v 12.383972 65.235992 -7.407408
v 10.019592 59.863190 -0.694445
v 10.904724 61.104706 -2.083334
v 10.786255 60.917572 0.000000
v 12.380981 65.210571 -6.944445
v 9.993591 59.831223 0.000000
v 11.479187 62.152283 -2.777779
v 11.259521 61.719284 -2.083334
v 11.627075 62.474609 -2.777779
v 11.383179 61.957031 -2.083334
v 10.019592 59.863190 0.694445
v 10.071289 59.927292 2.083334
v 11.500427 62.196838 -2.083334
v 9.186951 58.931747 2.777779
v 12.446533 66.320129 -6.481482
v 12.382996 67.404388 -7.407408
v 12.296326 64.646851 -4.166666
v 12.379944 67.429810 -6.944445
v 12.341064 64.915558 -3.472221
v 12.380981 65.210571 -4.166666
v 12.446533 66.320129 -2.777779
v 12.023315 63.534683 -1.388889
v 12.446533 66.320129 -4.629629
v 10.904724 61.104706 2.083334
v 10.502258 60.498535 3.163580
v 12.341064 64.915558 -2.083334
v 12.399841 65.382263 -2.314816
v 12.446533 66.320129 0.000000
v 10.478638 60.465393 3.858025
v 10.962463 61.198868 3.125000
v 11.259521 61.719284 2.083334
v 10.764282 60.883728 3.356482
v 10.703186 60.790939 3.703703
v 12.379944 67.429810 -4.166666
v 11.096619 61.425888 3.626543
v 10.731079 60.833054 4.398148
v 12.294922 67.993683 -4.166666
v 11.479187 62.152283 2.777779
v 11.383179 61.957031 2.083334
v 11.500427 62.196838 2.083334
v 10.682617 60.760101 4.783951
v 12.339844 67.724899 -3.472221
v 11.627075 62.474609 2.777779
v 12.023315 63.534683 1.388889
v 12.398926 67.258087 -2.314816
v 12.339844 67.724899 -2.083334
v 12.399841 65.382263 2.314816
v 12.446533 66.320129 2.777779
v 11.625916 70.166962 -2.777779
v 12.341064 64.915558 3.472221
v 12.341064 64.915558 2.083334
v 12.021729 69.106338 -1.388889
v 10.682373 71.881958 -4.783951
v 11.140564 71.137985 -3.626543
v 11.478210 70.489441 -2.777779
v 12.296326 64.646851 4.166666
v 10.730835 71.809006 -4.398148
v 11.499451 70.444870 -2.083334
v 12.380981 65.210571 4.166666
v 11.031494 71.327042 -3.125000
v 10.837585 71.643875 -3.356482
v 11.382324 70.684784 -2.083334
v 10.573975 72.040970 -3.626543
v 12.398926 67.258087 2.314816
v 11.258850 70.922607 -2.083334
v 10.951660 71.460327 -2.083334
v 12.446533 66.320129 4.629629
v 12.021729 69.106338 1.388889
v 12.339844 67.724899 2.083334
v 12.339844 67.724899 3.472221
v 12.379944 67.429810 4.166666
v 12.380981 65.210571 6.944445
v 12.294922 67.993683 4.166666
v 12.383972 65.235992 7.407408
v 12.446533 66.320129 6.481482
v 9.186279 73.709106 -2.777779
v 10.019348 72.778564 -0.694445
v 9.067322 73.828781 0.000000
v 10.785950 71.724487 0.000000
v 11.625916 70.166962 2.777779
v 11.499451 70.444870 2.083334
v 11.478210 70.489441 2.777779
v 11.382324 70.684784 2.083334
v 11.258850 70.922607 2.083334
v 9.993347 72.810501 0.000000
v 12.379944 67.429810 6.944445
v 10.019348 72.778564 0.694445
v 10.951660 71.460327 2.083334
v 12.382996 67.404388 7.407408
v 11.031494 71.327042 3.125000
v 11.140564 71.137985 3.626543
v 10.837585 71.643875 3.356482
v 8.051758 74.747391 -0.694445
v 10.573975 72.040970 3.626543
v 8.018250 74.774963 0.000000
v 10.730835 71.809006 4.398148
v 10.682373 71.881958 4.783951
v 8.051758 74.747391 0.694445
v 9.186279 73.709106 2.777779
v -21.887573 73.860992 -2.430555
v -22.010742 73.737808 -1.388889
v -23.593445 71.789017 -4.783951
v -21.071899 74.607483 -0.694445
v -24.893433 69.027496 -8.024692
v -24.823364 69.249649 -7.561728
v -24.945068 68.850891 -7.870370
v -23.686157 71.644836 -4.398148
v -24.912842 68.962509 -7.638889
v -21.427612 74.295731 -0.462963
v -22.099060 73.647507 0.000000
v -21.121155 74.565460 0.000000
v -23.501221 71.927979 -3.626543
v -21.071899 74.607483 0.694445
v -22.010742 73.737808 1.388889
v -24.826416 69.240417 -6.481482
v -24.628723 69.790787 -4.166666
v -21.427612 74.295731 0.462963
v -23.746216 71.548889 -3.356482
v -24.078247 70.975479 -3.626543
v -24.948975 68.836914 -6.250000
v -23.968445 71.173950 -3.125000
v -22.924072 72.712402 -0.694445
v -23.882202 71.323364 -2.083334
v -23.702271 71.619293 0.000000
v -22.962463 72.664154 0.000000
v -24.211853 70.720245 -2.083334
v -22.924072 72.712402 0.694445
v -21.887573 73.860992 2.430555
v -24.455139 70.207260 -1.388889
v -24.361328 70.413513 0.000000
v -23.882202 71.323364 2.083334
v -24.455139 70.207260 1.388889
v -24.628723 69.790787 4.166666
v -23.501221 71.927979 3.626543
v -24.211853 70.720245 2.083334
v -23.746216 71.548889 3.356482
v -23.968445 71.173950 3.125000
v -23.686157 71.644836 4.398148
v -24.078247 70.975479 3.626543
v -23.593445 71.789017 4.783951
v -24.826416 69.240417 6.481482
v -24.948975 68.836914 6.250000
v -24.823364 69.249649 7.561728
v -24.912842 68.962509 7.638889
v -24.893433 69.027496 8.024691
v -24.945068 68.850891 7.870371
v -23.016907 60.046494 -7.407408
v -22.872009 59.864105 -6.944445
v -23.747864 61.095551 -5.555555
v -22.291260 59.195633 -7.407408
v -23.954346 61.443054 -4.166666
v -24.269653 62.037277 -5.555555
v -22.322021 59.228867 -6.944445
v -23.526062 60.750671 -4.166666
v -22.478577 59.401398 -4.629629
v -20.073791 57.251038 -7.870370
v -19.318604 56.735901 -5.092592
v -19.147644 56.627060 -4.166666
v -20.266602 57.392349 -2.777779
v -20.444946 57.526916 -2.083334
v -20.792358 57.800507 -2.083334
v -17.062195 55.492249 -4.398148
v -17.714539 55.812302 -3.626543
v -19.400269 56.788849 -1.388889
v -23.747864 61.095551 5.555555
v -23.954346 61.443054 4.166666
v -24.269653 62.037277 5.555555
v -23.526062 60.750671 4.166666
v -16.958496 55.443985 -3.356482
v -17.412476 55.660507 -3.125000
v -16.561951 55.265671 -3.626543
v -17.305054 55.608032 -2.083334
v -17.088745 55.504700 0.000000
v -20.266602 57.392349 2.777779
v -19.147644 56.627060 4.166666
v -19.400269 56.788849 1.388889
v -20.444946 57.526916 2.083334
v -20.792358 57.800507 2.083334
v -23.016907 60.046494 7.407408
v -22.872009 59.864105 6.944445
v -22.322021 59.228867 6.944445
v -22.478577 59.401398 4.629629
v -22.291260 59.195633 7.407408
v -15.751038 54.930328 0.000000
v -14.352173 54.435913 0.000000
v -17.305054 55.608032 2.083334
v -19.318604 56.735901 5.092592
v -17.714539 55.812302 3.626543
v -13.338867 54.137924 -0.462963
v -12.823669 54.004395 -0.694445
v -16.958496 55.443985 3.356482
v -17.412476 55.660507 3.125000
v -12.901611 54.023834 0.000000
v -13.338867 54.137924 0.462963
v -16.561951 55.265671 3.626543
v -17.062195 55.492249 4.398148
v -20.073791 57.251038 7.870371
v -12.823669 54.004395 0.694445
v 12.380981 65.210571 -6.018518
v 12.446533 66.320129 -5.555555
v 12.380981 65.210571 -5.555555
v 12.380981 65.210571 -5.092592
v 11.500427 62.196838 -0.694445
v 12.023315 63.534683 0.000000
v 11.500427 62.196838 0.000000
v 12.379944 67.429810 -6.018518
v 12.379944 67.429810 -5.555555
v 11.500427 62.196838 0.694445
v 12.379944 67.429810 -5.092592
v 12.341064 64.915558 -0.694445
v 12.341064 64.915558 0.000000
v 12.341064 64.915558 0.694445
v 12.339844 67.724899 -0.694445
v 12.021729 69.106338 0.000000
v 12.339844 67.724899 0.000000
v 12.339844 67.724899 0.694445
v 12.380981 65.210571 5.092592
v 12.446533 66.320129 5.555555
v 11.499451 70.444870 -0.694445
v 12.380981 65.210571 5.555555
v 12.380981 65.210571 6.018518
v 11.499451 70.444870 0.000000
v 11.499451 70.444870 0.694445
v 12.379944 67.429810 5.092592
v 12.379944 67.429810 5.555555
v 12.379944 67.429810 6.018518
v -24.807495 63.343826 -7.407408
v -24.821106 63.384842 -6.944445
v -23.627747 60.905441 -7.870370
v -24.899719 63.634735 -4.166666
v -24.720703 63.094589 -4.629629
v -23.155762 60.228134 -5.092592
v -23.044128 60.081589 -4.166666
v -25.005005 64.012558 0.000000
v -23.747314 61.094604 -2.777779
v -23.852844 61.268646 -2.083334
v -24.053223 61.620178 -2.083334
v -21.462524 58.376175 -4.783951
v -22.163879 59.060471 -3.626543
v -21.597656 58.500854 -4.398148
v -21.677063 58.575653 -3.356482
v -22.001099 58.893021 -3.125000
v -21.336548 58.262665 -3.626543
v -22.367981 59.278870 -2.083334
v -24.899719 63.634735 4.166666
v -21.874695 58.766769 -2.083334
v -21.615784 58.517838 0.000000
v -23.747314 61.094604 2.777779
v -23.852844 61.268646 2.083334
v -24.053223 61.620178 2.083334
v -24.821106 63.384842 6.944445
v -24.720703 63.094589 4.629629
v -24.807495 63.343826 7.407408
v -20.617798 57.661102 0.000000
v -19.525085 56.871002 0.000000
v -21.874695 58.766769 2.083334
v -18.381775 56.171173 -1.736111
v -22.001099 58.893021 3.125000
v -22.367981 59.278870 2.083334
v -23.155762 60.228134 5.092592
v -23.044128 60.081589 4.166666
v -22.163879 59.060471 3.626543
v -18.704590 56.357285 -0.462963
v -21.677063 58.575653 3.356482
v -18.279236 56.113800 -0.694445
v -21.336548 58.262665 3.626543
v -18.345947 56.151062 0.000000
v -18.704590 56.357285 0.462963
v -21.597656 58.500854 4.398148
v -23.627747 60.905441 7.870371
v -18.279236 56.113800 0.694445
v -21.462524 58.376175 4.783951
v -18.381775 56.171173 1.736111
v -24.375000 62.257614 -4.398148
v -24.597656 62.772446 -3.626543
v -24.531921 62.612457 -3.125000
v -24.713135 63.073883 -2.083334
v -24.607178 62.796356 -1.041666
v -24.570007 62.704193 -0.694445
v -24.492798 62.520615 0.000000
v -24.570007 62.704193 0.694445
v -23.106628 60.163071 -2.430555
v -23.209961 60.300964 -1.388889
v -24.607178 62.796356 1.041666
v -23.920898 61.384766 -0.694445
v -23.290710 60.411682 0.000000
v -23.954346 61.443054 0.000000
v -24.713135 63.073883 2.083334
v -23.920898 61.384766 0.694445
v -23.209961 60.300964 1.388889
v -24.531921 62.612457 3.125000
v -22.752319 59.718628 -0.462963
v -24.597656 62.772446 3.626543
v -22.462036 59.382843 -0.694445
v -22.508545 59.435104 0.000000
v -22.752319 59.718628 0.462963
v -24.375000 62.257614 4.398148
v -22.462036 59.382843 0.694445
v -23.106628 60.163071 2.430555
v -90.637085 1.324158 -25.000000
v -90.637085 1.324158 25.000000
v -83.387268 -3.943146 -25.000000
v -83.387268 -3.943146 25.000000
v -88.393738 8.228455 -25.000000
v -88.393738 8.228455 25.000000
v -88.581787 8.223816 -25.000000
v -88.581787 8.223816 25.000000
v -88.769348 8.209930 -25.000000
v -88.769348 8.209930 25.000000
v -88.955933 8.186813 -25.000000
v -88.955933 8.186813 25.000000
v -89.141235 8.154541 -25.000000
v -89.141235 8.154541 25.000000
v -89.324707 8.113174 -25.000000
v -89.324707 8.113174 25.000000
v -89.505859 8.062836 -25.000000
v -89.505859 8.062836 25.000000
v -89.684387 8.003616 -25.000000
v -89.684387 8.003616 25.000000
v -89.859741 7.935684 -25.000000
v -89.859741 7.935684 25.000000
v -90.031555 7.859192 -25.000000
v -90.031555 7.859192 25.000000
v -90.199402 7.774323 -25.000000
v -90.199402 7.774323 25.000000
v -90.362793 7.681290 -25.000000
v -90.362793 7.681290 25.000000
v -90.521484 7.580338 -25.000000
v -90.521484 7.580338 25.000000
v -90.674988 7.471680 -25.000000
v -90.674988 7.471680 25.000000
v -90.822937 7.355591 -25.000000
v -90.822937 7.355591 25.000000
v -90.964966 7.232361 -25.000000
v -90.964966 7.232361 25.000000
v -91.100830 7.102264 -25.000000
v -91.100830 7.102264 25.000000
v -91.230041 6.965652 -25.000000
v -91.230041 6.965652 25.000000
v -91.352417 6.822845 -25.000000
v -91.352417 6.822845 25.000000
v -91.467590 6.674164 -25.000000
v -91.467590 6.674164 25.000000
v -91.575317 6.520004 -25.000000
v -91.575317 6.520004 25.000000
v -91.675293 6.360733 -25.000000
v -91.675293 6.360733 25.000000
v -91.767273 6.196716 -25.000000
v -91.767273 6.196716 25.000000
v -91.851135 6.028366 -25.000000
v -91.851135 6.028366 25.000000
v -91.926575 5.856094 -25.000000
v -91.926575 5.856094 25.000000
v -91.993408 5.680313 -25.000000
v -91.993408 5.680313 25.000000
v -92.051514 5.501465 -25.000000
v -92.051514 5.501465 25.000000
v -92.100769 5.319962 -25.000000
v -92.100769 5.319962 25.000000
v -92.140991 5.136246 25.000000
v -92.140991 5.136246 -25.000000
v -92.172119 4.950775 -25.000000
v -92.172119 4.950775 25.000000
v -92.194092 4.764008 -25.000000
v -92.194092 4.764008 25.000000
v -92.206787 4.576370 -25.000000
v -92.206787 4.576370 25.000000
v -92.210266 4.388336 -25.000000
v -92.210266 4.388336 25.000000
v -92.204529 4.200363 25.000000
v -92.204529 4.200363 -25.000000
v -92.189453 4.012909 -25.000000
v -92.189453 4.012909 25.000000
v -92.165222 3.826416 -25.000000
v -92.165222 3.826416 25.000000
v -92.131775 3.641342 25.000000
v -92.131775 3.641342 -25.000000
v -92.089294 3.458145 25.000000
v -92.089294 3.458145 -25.000000
v -92.037842 3.277267 -25.000000
v -92.037842 3.277267 25.000000
v -91.977478 3.099136 25.000000
v -91.977478 3.099136 -25.000000
v -91.908508 2.924194 25.000000
v -91.908508 2.924194 -25.000000
v -91.830933 2.752869 -25.000000
v -91.830933 2.752869 25.000000
v -91.745056 2.585571 25.000000
v -91.745056 2.585571 -25.000000
v -91.651001 2.422699 25.000000
v -91.651001 2.422699 -25.000000
v -91.549072 2.264664 25.000000
v -91.549072 2.264664 -25.000000
v -91.439453 2.111832 -25.000000
v -91.439453 2.111832 25.000000
v -91.322510 1.964600 25.000000
v -91.322510 1.964600 -25.000000
v -91.198364 1.823303 25.000000
v -91.198364 1.823303 -25.000000
v -91.067444 1.688293 25.000000
v -91.067444 1.688293 -25.000000
v -90.930054 1.559891 25.000000
v -90.930054 1.559891 -25.000000
v -90.786499 1.438416 25.000000
v -90.786499 1.438416 -25.000000
v -79.432495 8.228455 -25.000000
v -79.432495 8.228455 25.000000
v -76.663330 16.751129 -25.000000
v -76.663330 16.751129 25.000000
v -69.403687 16.751129 -25.000000
v -69.403687 16.751129 25.000000
v -69.466187 16.928497 -25.000000
v -69.466187 16.928497 25.000000
v -69.537354 17.102585 -25.000000
v -69.537354 17.102585 25.000000
v -69.617004 17.272949 -25.000000
v -69.617004 17.272949 25.000000
v -69.704956 17.439178 -25.000000
v -69.704956 17.439178 25.000000
v -69.801025 17.600876 -25.000000
v -69.801025 17.600876 25.000000
v -69.904907 17.757645 -25.000000
v -69.904907 17.757645 25.000000
v -70.016357 17.909103 -25.000000
v -70.016357 17.909103 25.000000
v -70.135132 18.054886 -25.000000
v -70.135132 18.054886 25.000000
v -70.260986 18.194641 -25.000000
v -70.260986 18.194641 25.000000
v -70.393555 18.328033 -25.000000
v -70.393555 18.328033 25.000000
v -70.532532 18.454727 -25.000000
v -70.532532 18.454727 25.000000
v -70.677612 18.574432 -25.000000
v -70.677612 18.574432 25.000000
v -70.828369 18.686829 -25.000000
v -70.828369 18.686829 25.000000
v -70.984497 18.791672 -25.000000
v -70.984497 18.791672 25.000000
v -71.145569 18.888702 -25.000000
v -71.145569 18.888702 25.000000
v -71.311279 18.977676 -25.000000
v -71.311279 18.977676 25.000000
v -71.481140 19.058380 -25.000000
v -71.481140 19.058380 25.000000
v -71.654785 19.130615 -25.000000
v -71.654785 19.130615 25.000000
v -71.831787 19.194199 -25.000000
v -71.831787 19.194199 25.000000
v -72.011658 19.249008 -25.000000
v -72.011658 19.249008 25.000000
v -72.194031 19.294876 -25.000000
v -72.194031 19.294876 25.000000
v -72.378479 19.331711 -25.000000
v -72.378479 19.331711 25.000000
v -72.564514 19.359406 -25.000000
v -72.564514 19.359406 25.000000
v -72.751648 19.377914 -25.000000
v -72.751648 19.377914 25.000000
v -72.939453 19.387177 -25.000000
v -72.939453 19.387177 25.000000
v -73.127502 19.387177 -25.000000
v -73.127502 19.387177 25.000000
v -73.315369 19.377914 -25.000000
v -73.315369 19.377914 25.000000
v -73.502502 19.359406 -25.000000
v -73.502502 19.359406 25.000000
v -73.688538 19.331711 -25.000000
v -73.688538 19.331711 25.000000
v -73.872925 19.294876 -25.000000
v -73.872925 19.294876 25.000000
v -74.055359 19.249008 -25.000000
v -74.055359 19.249008 25.000000
v -74.235229 19.194199 -25.000000
v -74.235229 19.194199 25.000000
v -74.412231 19.130615 -25.000000
v -74.412231 19.130615 25.000000
v -74.585876 19.058380 -25.000000
v -74.585876 19.058380 25.000000
v -74.755737 18.977676 -25.000000
v -74.755737 18.977676 25.000000
v -74.921387 18.888702 -25.000000
v -74.921387 18.888702 25.000000
v -75.082520 18.791672 -25.000000
v -75.082520 18.791672 25.000000
v -75.238647 18.686829 -25.000000
v -75.238647 18.686829 25.000000
v -75.389404 18.574432 -25.000000
v -75.389404 18.574432 25.000000
v -75.534485 18.454727 -25.000000
v -75.534485 18.454727 25.000000
v -75.673462 18.328033 -25.000000
v -75.673462 18.328033 25.000000
v -75.806030 18.194641 -25.000000
v -75.806030 18.194641 25.000000
v -75.931824 18.054886 -25.000000
v -75.931824 18.054886 25.000000
v -76.050659 17.909103 -25.000000
v -76.050659 17.909103 25.000000
v -76.162109 17.757645 -25.000000
v -76.162109 17.757645 25.000000
v -76.265991 17.600876 -25.000000
v -76.265991 17.600876 25.000000
v -76.362061 17.439178 25.000000
v -76.362061 17.439178 -25.000000
v -76.449951 17.272949 25.000000
v -76.449951 17.272949 -25.000000
v -76.529663 17.102585 -25.000000
v -76.529663 17.102585 25.000000
v -76.600769 16.928497 -25.000000
v -76.600769 16.928497 25.000000
v -66.634521 8.228455 -25.000000
v -66.634521 8.228455 25.000000
v -57.673218 8.228455 25.000000
v -57.673218 8.228455 -25.000000
v -55.429871 1.324158 25.000000
v -55.280518 1.438416 25.000000
v -55.429871 1.324158 -25.000000
v -55.280518 1.438416 -25.000000
v -55.136963 1.559891 25.000000
v -55.136963 1.559891 -25.000000
v -54.999573 1.688293 25.000000
v -54.999573 1.688293 -25.000000
v -54.868652 1.823303 25.000000
v -54.868652 1.823303 -25.000000
v -54.744507 1.964600 25.000000
v -54.744507 1.964600 -25.000000
v -54.627502 2.111832 25.000000
v -54.627502 2.111832 -25.000000
v -54.517944 2.264664 25.000000
v -54.517944 2.264664 -25.000000
v -54.415955 2.422699 25.000000
v -54.415955 2.422699 -25.000000
v -54.321960 2.585571 25.000000
v -54.321960 2.585571 -25.000000
v -54.236084 2.752869 25.000000
v -54.236084 2.752869 -25.000000
v -54.158508 2.924194 25.000000
v -54.158508 2.924194 -25.000000
v -54.089478 3.099136 25.000000
v -54.089478 3.099136 -25.000000
v -54.029175 3.277267 25.000000
v -54.029175 3.277267 -25.000000
v -53.977722 3.458145 25.000000
v -53.977722 3.458145 -25.000000
v -53.935242 3.641342 25.000000
v -53.935242 3.641342 -25.000000
v -53.901794 3.826416 25.000000
v -53.901794 3.826416 -25.000000
v -53.877563 4.012909 25.000000
v -53.877563 4.012909 -25.000000
v -53.862488 4.200363 25.000000
v -53.862488 4.200363 -25.000000
v -53.856689 4.388336 25.000000
v -53.856689 4.388336 -25.000000
v -53.860168 4.576370 25.000000
v -53.860168 4.576370 -25.000000
v -53.872925 4.764008 25.000000
v -53.872925 4.764008 -25.000000
v -53.894897 4.950775 25.000000
v -53.894897 4.950775 -25.000000
v -53.926025 5.136246 25.000000
v -53.926025 5.136246 -25.000000
v -53.966248 5.319962 25.000000
v -53.966248 5.319962 -25.000000
v -54.015503 5.501465 25.000000
v -54.015503 5.501465 -25.000000
v -54.073608 5.680313 25.000000
v -54.073608 5.680313 -25.000000
v -54.140442 5.856094 25.000000
v -54.140442 5.856094 -25.000000
v -54.215881 6.028366 25.000000
v -54.215881 6.028366 -25.000000
v -54.299683 6.196716 25.000000
v -54.299683 6.196716 -25.000000
v -54.391724 6.360733 25.000000
v -54.391724 6.360733 -25.000000
v -54.491699 6.520004 25.000000
v -54.491699 6.520004 -25.000000
v -54.599426 6.674164 25.000000
v -54.599426 6.674164 -25.000000
v -54.714600 6.822845 25.000000
v -54.714600 6.822845 -25.000000
v -54.836975 6.965652 25.000000
v -54.836975 6.965652 -25.000000
v -54.966187 7.102264 25.000000
v -54.966187 7.102264 -25.000000
v -55.101990 7.232361 25.000000
v -55.101990 7.232361 -25.000000
v -55.244080 7.355591 25.000000
v -55.244080 7.355591 -25.000000
v -55.392029 7.471680 25.000000
v -55.392029 7.471680 -25.000000
v -55.545532 7.580338 25.000000
v -55.545532 7.580338 -25.000000
v -55.704163 7.681290 25.000000
v -55.704163 7.681290 -25.000000
v -55.867615 7.774323 25.000000
v -55.867615 7.774323 -25.000000
v -56.035461 7.859192 25.000000
v -56.035461 7.859192 -25.000000
v -56.207275 7.935684 25.000000
v -56.207275 7.935684 -25.000000
v -56.382629 8.003616 25.000000
v -56.382629 8.003616 -25.000000
v -56.561096 8.062836 25.000000
v -56.561096 8.062836 -25.000000
v -56.742310 8.113174 25.000000
v -56.742310 8.113174 -25.000000
v -56.925781 8.154541 25.000000
v -56.925781 8.154541 -25.000000
v -57.111023 8.186813 25.000000
v -57.111023 8.186813 -25.000000
v -57.297668 8.209930 25.000000
v -57.297668 8.209930 -25.000000
v -57.485229 8.223816 25.000000
v -57.485229 8.223816 -25.000000
v -62.679749 -3.943146 25.000000
v -62.679749 -3.943146 -25.000000
v -59.910522 -12.465820 -25.000000
v -59.910522 -12.465820 25.000000
v -65.783691 -16.732910 -25.000000
v -65.783691 -16.732910 25.000000
v -65.628845 -16.839676 -25.000000
v -65.628845 -16.839676 25.000000
v -65.468933 -16.938675 -25.000000
v -65.468933 -16.938675 25.000000
v -65.304382 -17.029678 -25.000000
v -65.304382 -17.029678 25.000000
v -65.135498 -17.112473 -25.000000
v -65.135498 -17.112473 25.000000
v -64.962769 -17.186844 -25.000000
v -64.962769 -17.186844 25.000000
v -64.786621 -17.252609 -25.000000
v -64.786621 -17.252609 25.000000
v -64.607361 -17.309616 -25.000000
v -64.607361 -17.309616 25.000000
v -64.425598 -17.357742 -25.000000
v -64.425598 -17.357742 25.000000
v -64.241638 -17.396835 -25.000000
v -64.241638 -17.396835 25.000000
v -64.055969 -17.426834 -25.000000
v -64.055969 -17.426834 25.000000
v -63.869080 -17.447632 -25.000000
v -63.869080 -17.447632 25.000000
v -63.681335 -17.459213 -25.000000
v -63.681335 -17.459213 25.000000
v -63.493286 -17.461533 -25.000000
v -63.493286 -17.461533 25.000000
v -63.305359 -17.454575 -25.000000
v -63.305359 -17.454575 25.000000
v -63.118042 -17.438385 -25.000000
v -63.118042 -17.438385 25.000000
v -62.931702 -17.412979 -25.000000
v -62.931702 -17.412979 25.000000
v -62.746826 -17.378418 -25.000000
v -62.746826 -17.378418 25.000000
v -62.563904 -17.334793 -25.000000
v -62.563904 -17.334793 25.000000
v -62.383301 -17.282227 -25.000000
v -62.383301 -17.282227 25.000000
v -62.205566 -17.220810 -25.000000
v -62.205566 -17.220810 25.000000
v -62.031067 -17.150711 -25.000000
v -62.031067 -17.150711 25.000000
v -61.860229 -17.072113 -25.000000
v -61.860229 -17.072113 25.000000
v -61.693420 -16.985199 -25.000000
v -61.693420 -16.985199 25.000000
v -61.531128 -16.890152 -25.000000
v -61.531128 -16.890152 25.000000
v -61.373718 -16.787247 -25.000000
v -61.373718 -16.787247 25.000000
v -61.221619 -16.676712 -25.000000
v -61.221619 -16.676712 25.000000
v -61.075073 -16.558807 -25.000000
v -61.075073 -16.558807 25.000000
v -60.934570 -16.433838 -25.000000
v -60.934570 -16.433838 25.000000
v -60.800354 -16.302078 -25.000000
v -60.800354 -16.302078 25.000000
v -60.672791 -16.163895 -25.000000
v -60.672791 -16.163895 25.000000
v -60.552185 -16.019577 -25.000000
v -60.552185 -16.019577 25.000000
v -60.438904 -15.869492 -25.000000
v -60.438904 -15.869492 25.000000
v -60.333069 -15.714020 -25.000000
v -60.333069 -15.714020 25.000000
v -60.235046 -15.553528 -25.000000
v -60.235046 -15.553528 25.000000
v -60.145081 -15.388382 -25.000000
v -60.145081 -15.388382 25.000000
v -60.063354 -15.219025 -25.000000
v -60.063354 -15.219025 25.000000
v -59.990051 -15.045837 -25.000000
v -59.990051 -15.045837 25.000000
v -59.925354 -14.869247 -25.000000
v -59.925354 -14.869247 25.000000
v -59.869446 -14.689682 25.000000
v -59.869446 -14.689682 -25.000000
v -59.822449 -14.507584 -25.000000
v -59.822449 -14.507584 25.000000
v -59.784485 -14.323395 -25.000000
v -59.784485 -14.323395 25.000000
v -59.755615 -14.137558 25.000000
v -59.755615 -14.137558 -25.000000
v -59.735962 -13.950531 -25.000000
v -59.735962 -13.950531 25.000000
v -59.725525 -13.762756 -25.000000
v -59.725525 -13.762756 25.000000
v -59.724365 -13.574692 -25.000000
v -59.724365 -13.574692 25.000000
v -59.732483 -13.386810 -25.000000
v -59.732483 -13.386810 25.000000
v -59.749817 -13.199539 -25.000000
v -59.749817 -13.199539 25.000000
v -59.776428 -13.013367 -25.000000
v -59.776428 -13.013367 25.000000
v -59.812073 -12.828720 25.000000
v -59.812073 -12.828720 -25.000000
v -59.856873 -12.646057 25.000000
v -59.856873 -12.646057 -25.000000
v -73.033508 -11.465607 25.000000
v -73.033508 -11.465607 -25.000000
v -80.283325 -16.732910 -25.000000
v -80.283325 -16.732910 25.000000
v -86.156494 -12.465820 25.000000
v -86.210144 -12.646057 25.000000
v -86.156494 -12.465820 -25.000000
v -86.210144 -12.646057 -25.000000
v -86.254883 -12.828720 25.000000
v -86.254883 -12.828720 -25.000000
v -86.290588 -13.013367 25.000000
v -86.290588 -13.013367 -25.000000
v -86.317139 -13.199539 25.000000
v -86.317139 -13.199539 -25.000000
v -86.334534 -13.386810 25.000000
v -86.334534 -13.386810 -25.000000
v -86.342590 -13.574692 25.000000
v -86.342590 -13.574692 -25.000000
v -86.341431 -13.762756 25.000000
v -86.341431 -13.762756 -25.000000
v -86.331055 -13.950531 25.000000
v -86.331055 -13.950531 -25.000000
v -86.311401 -14.137558 25.000000
v -86.311401 -14.137558 -25.000000
v -86.282532 -14.323395 25.000000
v -86.282532 -14.323395 -25.000000
v -86.244568 -14.507584 25.000000
v -86.244568 -14.507584 -25.000000
v -86.197571 -14.689682 25.000000
v -86.197571 -14.689682 -25.000000
v -86.141663 -14.869247 25.000000
v -86.141663 -14.869247 -25.000000
v -86.076965 -15.045837 25.000000
v -86.076965 -15.045837 -25.000000
v -86.003662 -15.219025 25.000000
v -86.003662 -15.219025 -25.000000
v -85.921936 -15.388382 25.000000
v -85.921936 -15.388382 -25.000000
v -85.831909 -15.553528 25.000000
v -85.831909 -15.553528 -25.000000
v -85.733948 -15.714020 25.000000
v -85.733948 -15.714020 -25.000000
v -85.628113 -15.869492 25.000000
v -85.628113 -15.869492 -25.000000
v -85.514771 -16.019577 25.000000
v -85.514771 -16.019577 -25.000000
v -85.394226 -16.163895 25.000000
v -85.394226 -16.163895 -25.000000
v -85.266663 -16.302078 25.000000
v -85.266663 -16.302078 -25.000000
v -85.132446 -16.433838 25.000000
v -85.132446 -16.433838 -25.000000
v -84.991943 -16.558807 25.000000
v -84.991943 -16.558807 -25.000000
v -84.845398 -16.676712 25.000000
v -84.845398 -16.676712 -25.000000
v -84.693237 -16.787247 25.000000
v -84.693237 -16.787247 -25.000000
v -84.535828 -16.890152 25.000000
v -84.535828 -16.890152 -25.000000
v -84.373535 -16.985199 25.000000
v -84.373535 -16.985199 -25.000000
v -84.206787 -17.072113 25.000000
v -84.206787 -17.072113 -25.000000
v -84.035950 -17.150711 25.000000
v -84.035950 -17.150711 -25.000000
v -83.861450 -17.220810 25.000000
v -83.861450 -17.220810 -25.000000
v -83.683655 -17.282227 25.000000
v -83.683655 -17.282227 -25.000000
v -83.503113 -17.334793 25.000000
v -83.503113 -17.334793 -25.000000
v -83.320190 -17.378418 25.000000
v -83.320190 -17.378418 -25.000000
v -83.135315 -17.412979 25.000000
v -83.135315 -17.412979 -25.000000
v -82.948975 -17.438385 25.000000
v -82.948975 -17.438385 -25.000000
v -82.761597 -17.454575 25.000000
v -82.761597 -17.454575 -25.000000
v -82.573669 -17.461533 25.000000
v -82.573669 -17.461533 -25.000000
v -82.385620 -17.459213 25.000000
v -82.385620 -17.459213 -25.000000
v -82.197937 -17.447632 25.000000
v -82.197937 -17.447632 -25.000000
v -82.011047 -17.426834 25.000000
v -82.011047 -17.426834 -25.000000
v -81.825378 -17.396835 25.000000
v -81.825378 -17.396835 -25.000000
v -81.641418 -17.357742 25.000000
v -81.641418 -17.357742 -25.000000
v -81.459595 -17.309616 25.000000
v -81.459595 -17.309616 -25.000000
v -81.280396 -17.252609 25.000000
v -81.280396 -17.252609 -25.000000
v -81.104187 -17.186844 25.000000
v -81.104187 -17.186844 -25.000000
v -80.931458 -17.112473 25.000000
v -80.931458 -17.112473 -25.000000
v -80.762634 -17.029678 25.000000
v -80.762634 -17.029678 -25.000000
v -80.598022 -16.938675 -25.000000
v -80.598022 -16.938675 25.000000
v -80.438171 -16.839676 25.000000
v -80.438171 -16.839676 -25.000000
v -75.500000 72.298935 -25.000000
v -75.500000 63.298935 -25.000000
v -75.500000 72.298935 25.000000
v -75.500000 63.298935 25.000000
v -75.505432 63.078125 25.000000
v -75.505432 63.078125 -25.000000
v -75.521667 62.857864 25.000000
v -75.521667 62.857864 -25.000000
v -75.548706 62.638657 25.000000
v -75.548706 62.638657 -25.000000
v -75.586426 62.421036 25.000000
v -75.586426 62.421036 -25.000000
v -75.634827 62.205521 25.000000
v -75.634827 62.205521 -25.000000
v -75.693787 61.992661 25.000000
v -75.693787 61.992661 -25.000000
v -75.763062 61.782928 25.000000
v -75.763062 61.782928 -25.000000
v -75.842529 61.576859 25.000000
v -75.842529 61.576859 -25.000000
v -75.932068 61.374939 25.000000
v -75.932068 61.374939 -25.000000
v -76.031372 61.177658 25.000000
v -76.031372 61.177658 -25.000000
v -76.140198 60.985474 25.000000
v -76.140198 60.985474 -25.000000
v -76.258362 60.798874 25.000000
v -76.258362 60.798874 -25.000000
v -76.385559 60.618286 25.000000
v -76.385559 60.618286 -25.000000
v -76.521423 60.444168 25.000000
v -76.521423 60.444168 -25.000000
v -76.665710 60.276916 25.000000
v -76.665710 60.276916 -25.000000
v -76.817993 60.116959 25.000000
v -76.817993 60.116959 -25.000000
v -76.977966 59.964661 25.000000
v -76.977966 59.964661 -25.000000
v -77.145203 59.820389 25.000000
v -77.145203 59.820389 -25.000000
v -77.319336 59.684509 25.000000
v -77.319336 59.684509 -25.000000
v -77.499939 59.557327 -25.000000
v -77.499939 59.557327 25.000000
v -77.686523 59.439163 25.000000
v -77.686523 59.439163 -25.000000
v -77.878723 59.330292 25.000000
v -77.878723 59.330292 -25.000000
v -78.075989 59.230988 25.000000
v -78.075989 59.230988 -25.000000
v -78.277893 59.141479 25.000000
v -78.277893 59.141479 -25.000000
v -78.484009 59.061981 -25.000000
v -78.484009 59.061981 25.000000
v -78.693726 58.992706 -25.000000
v -78.693726 58.992706 25.000000
v -78.906555 58.933792 -25.000000
v -78.906555 58.933792 25.000000
v -79.122070 58.885406 -25.000000
v -79.122070 58.885406 25.000000
v -79.339722 58.847641 -25.000000
v -79.339722 58.847641 25.000000
v -79.558899 58.820602 25.000000
v -79.558899 58.820602 -25.000000
v -79.779175 58.804352 -25.000000
v -79.779175 58.804352 25.000000
v -80.000000 58.798935 -25.000000
v -80.000000 58.798935 25.000000
v -89.000000 58.798935 -25.000000
v -89.000000 58.798935 25.000000
v -89.220764 58.804352 25.000000
v -89.220764 58.804352 -25.000000
v -89.441040 58.820602 25.000000
v -89.441040 58.820602 -25.000000
v -89.660278 58.847641 25.000000
v -89.660278 58.847641 -25.000000
v -89.877869 58.885406 25.000000
v -89.877869 58.885406 -25.000000
v -90.093384 58.933792 25.000000
v -90.093384 58.933792 -25.000000
v -90.306274 58.992706 25.000000
v -90.306274 58.992706 -25.000000
v -90.515991 59.061981 25.000000
v -90.515991 59.061981 -25.000000
v -90.722046 59.141479 25.000000
v -90.722046 59.141479 -25.000000
v -90.924011 59.230988 25.000000
v -90.924011 59.230988 -25.000000
v -91.121277 59.330292 25.000000
v -91.121277 59.330292 -25.000000
v -91.313477 59.439163 25.000000
v -91.313477 59.439163 -25.000000
v -91.500061 59.557327 25.000000
v -91.500061 59.557327 -25.000000
v -91.680664 59.684509 25.000000
v -91.680664 59.684509 -25.000000
v -91.854736 59.820389 25.000000
v -91.854736 59.820389 -25.000000
v -92.022034 59.964661 25.000000
v -92.022034 59.964661 -25.000000
v -92.181946 60.116959 25.000000
v -92.181946 60.116959 -25.000000
v -92.334290 60.276916 25.000000
v -92.334290 60.276916 -25.000000
v -92.478516 60.444168 25.000000
v -92.478516 60.444168 -25.000000
v -92.614441 60.618286 25.000000
v -92.614441 60.618286 -25.000000
v -92.741577 60.798874 -25.000000
v -92.741577 60.798874 25.000000
v -92.859741 60.985474 25.000000
v -92.859741 60.985474 -25.000000
v -92.968628 61.177658 25.000000
v -92.968628 61.177658 -25.000000
v -93.067932 61.374939 25.000000
v -93.067932 61.374939 -25.000000
v -93.157471 61.576859 25.000000
v -93.157471 61.576859 -25.000000
v -93.236938 61.782928 -25.000000
v -93.236938 61.782928 25.000000
v -93.306213 61.992661 -25.000000
v -93.306213 61.992661 25.000000
v -93.365112 62.205521 -25.000000
v -93.365112 62.205521 25.000000
v -93.413513 62.421036 -25.000000
v -93.413513 62.421036 25.000000
v -93.451294 62.638657 -25.000000
v -93.451294 62.638657 25.000000
v -93.478333 62.857864 25.000000
v -93.478333 62.857864 -25.000000
v -93.494568 63.078125 -25.000000
v -93.494568 63.078125 25.000000
v -93.500000 63.298935 -25.000000
v -93.500000 63.298935 25.000000
v -68.500000 67.798935 -25.000000
v -68.488831 68.247543 -25.000000
v -68.500000 67.798935 25.000000
v -68.488831 68.247543 25.000000
v -68.455261 68.695053 -25.000000
v -68.455261 68.695053 25.000000
v -68.399475 69.140320 -25.000000
v -68.399475 69.140320 25.000000
v -68.321533 69.582245 -25.000000
v -68.321533 69.582245 25.000000
v -68.221680 70.019760 -25.000000
v -68.221680 70.019760 25.000000
v -68.100159 70.451736 -25.000000
v -68.100159 70.451736 25.000000
v -67.957214 70.877121 -25.000000
v -67.957214 70.877121 25.000000
v -67.793274 71.294846 -25.000000
v -67.793274 71.294846 25.000000
v -67.608704 71.703888 -25.000000
v -67.608704 71.703888 25.000000
v -67.403992 72.103226 -25.000000
v -67.403992 72.103226 25.000000
v -67.179626 72.491852 -25.000000
v -67.179626 72.491852 25.000000
v -66.936157 72.868820 -25.000000
v -66.936157 72.868820 25.000000
v -66.674194 73.233170 -25.000000
v -66.674194 73.233170 25.000000
v -66.394409 73.584030 -25.000000
v -66.394409 73.584030 25.000000
v -66.097473 73.920486 -25.000000
v -66.097473 73.920486 25.000000
v -65.784119 74.241745 -25.000000
v -65.784119 74.241745 25.000000
v -65.455139 74.546967 -25.000000
v -65.455139 74.546967 25.000000
v -65.111389 74.835419 -25.000000
v -65.111389 74.835419 25.000000
v -64.753662 75.106384 -25.000000
v -64.753662 75.106384 25.000000
v -64.382935 75.359177 -25.000000
v -64.382935 75.359177 25.000000
v -64.000000 75.593170 -25.000000
v -64.000000 75.593170 25.000000
v -63.605896 75.807785 -25.000000
v -63.605896 75.807785 25.000000
v -63.201599 76.002487 -25.000000
v -63.201599 76.002487 25.000000
v -62.788086 76.176804 -25.000000
v -62.788086 76.176804 25.000000
v -62.366394 76.330276 -25.000000
v -62.366394 76.330276 25.000000
v -61.937561 76.462555 -25.000000
v -61.937561 76.462555 25.000000
v -61.502686 76.573288 -25.000000
v -61.502686 76.573288 25.000000
v -61.062805 76.662201 -25.000000
v -61.062805 76.662201 25.000000
v -60.619080 76.729095 -25.000000
v -60.619080 76.729095 25.000000
v -60.172546 76.773773 -25.000000
v -60.172546 76.773773 25.000000
v -59.724365 76.796143 -25.000000
v -59.724365 76.796143 25.000000
v -59.275635 76.796143 -25.000000
v -59.275635 76.796143 25.000000
v -58.827393 76.773773 -25.000000
v -58.827393 76.773773 25.000000
v -58.380920 76.729095 -25.000000
v -58.380920 76.729095 25.000000
v -57.937134 76.662201 -25.000000
v -57.937134 76.662201 25.000000
v -57.497314 76.573288 -25.000000
v -57.497314 76.573288 25.000000
v -57.062439 76.462555 -25.000000
v -57.062439 76.462555 25.000000
v -56.633606 76.330276 -25.000000
v -56.633606 76.330276 25.000000
v -56.211914 76.176804 -25.000000
v -56.211914 76.176804 25.000000
v -55.798401 76.002487 -25.000000
v -55.798401 76.002487 25.000000
v -55.394104 75.807785 -25.000000
v -55.394104 75.807785 25.000000
v -55.000000 75.593170 -25.000000
v -55.000000 75.593170 25.000000
v -54.617065 75.359177 -25.000000
v -54.617065 75.359177 25.000000
v -54.246277 75.106384 -25.000000
v -54.246277 75.106384 25.000000
v -53.888611 74.835419 -25.000000
v -53.888611 74.835419 25.000000
v -53.544800 74.546967 -25.000000
v -53.544800 74.546967 25.000000
v -53.215881 74.241745 -25.000000
v -53.215881 74.241745 25.000000
v -52.902527 73.920486 -25.000000
v -52.902527 73.920486 25.000000
v -52.605591 73.584030 -25.000000
v -52.605591 73.584030 25.000000
v -52.325806 73.233170 -25.000000
v -52.325806 73.233170 25.000000
v -52.063843 72.868820 -25.000000
v -52.063843 72.868820 25.000000
v -51.820374 72.491852 -25.000000
v -51.820374 72.491852 25.000000
v -51.596008 72.103226 -25.000000
v -51.596008 72.103226 25.000000
v -51.391296 71.703888 -25.000000
v -51.391296 71.703888 25.000000
v -51.206726 71.294846 -25.000000
v -51.206726 71.294846 25.000000
v -51.042786 70.877121 -25.000000
v -51.042786 70.877121 25.000000
v -50.899841 70.451736 -25.000000
v -50.899841 70.451736 25.000000
v -50.778320 70.019760 -25.000000
v -50.778320 70.019760 25.000000
v -50.678467 69.582245 -25.000000
v -50.678467 69.582245 25.000000
v -50.600525 69.140320 -25.000000
v -50.600525 69.140320 25.000000
v -50.544739 68.695053 -25.000000
v -50.544739 68.695053 25.000000
v -50.511169 68.247543 -25.000000
v -50.511169 68.247543 25.000000
v -50.500000 67.798935 -25.000000
v -50.500000 67.798935 25.000000
v -50.511169 67.350327 -25.000000
v -50.511169 67.350327 25.000000
v -50.544739 66.902832 -25.000000
v -50.544739 66.902832 25.000000
v -50.600525 66.457550 -25.000000
v -50.600525 66.457550 25.000000
v -50.678467 66.015625 -25.000000
v -50.678467 66.015625 25.000000
v -50.778320 65.578125 -25.000000
v -50.778320 65.578125 25.000000
v -50.899841 65.146133 -25.000000
v -50.899841 65.146133 25.000000
v -51.042786 64.720749 -25.000000
v -51.042786 64.720749 25.000000
v -51.206726 64.303024 -25.000000
v -51.206726 64.303024 25.000000
v -51.391296 63.893982 -25.000000
v -51.391296 63.893982 25.000000
v -51.596008 63.494644 -25.000000
v -51.596008 63.494644 25.000000
v -51.820374 63.106018 -25.000000
v -51.820374 63.106018 25.000000
v -52.063843 62.729050 -25.000000
v -52.063843 62.729050 25.000000
v -52.325806 62.364700 -25.000000
v -52.325806 62.364700 25.000000
v -52.605591 62.013855 -25.000000
v -52.605591 62.013855 25.000000
v -52.902527 61.677383 -25.000000
v -52.902527 61.677383 25.000000
v -53.215881 61.356140 -25.000000
v -53.215881 61.356140 25.000000
v -53.544800 61.050903 -25.000000
v -53.544800 61.050903 25.000000
v -53.888611 60.762451 -25.000000
v -53.888611 60.762451 25.000000
v -54.246277 60.491501 -25.000000
v -54.246277 60.491501 25.000000
v -54.617065 60.238709 -25.000000
v -54.617065 60.238709 25.000000
v -55.000000 60.004715 -25.000000
v -55.000000 60.004715 25.000000
v -55.394104 59.790085 -25.000000
v -55.394104 59.790085 25.000000
v -55.798401 59.595383 -25.000000
v -55.798401 59.595383 25.000000
v -56.211914 59.421066 -25.000000
v -56.211914 59.421066 25.000000
v -56.633606 59.267593 -25.000000
v -56.633606 59.267593 25.000000
v -57.062439 59.135315 -25.000000
v -57.062439 59.135315 25.000000
v -57.497314 59.024582 -25.000000
v -57.497314 59.024582 25.000000
v -57.937134 58.935669 -25.000000
v -57.937134 58.935669 25.000000
v -58.380920 58.868790 -25.000000
v -58.380920 58.868790 25.000000
v -58.827393 58.824097 -25.000000
v -58.827393 58.824097 25.000000
v -59.275635 58.801727 -25.000000
v -59.275635 58.801727 25.000000
v -59.724365 58.801727 -25.000000
v -59.724365 58.801727 25.000000
v -60.172546 58.824097 -25.000000
v -60.172546 58.824097 25.000000
v -60.619080 58.868790 -25.000000
v -60.619080 58.868790 25.000000
v -61.062805 58.935669 -25.000000
v -61.062805 58.935669 25.000000
v -61.502686 59.024582 -25.000000
v -61.502686 59.024582 25.000000
v -61.937561 59.135315 -25.000000
v -61.937561 59.135315 25.000000
v -62.366394 59.267593 -25.000000
v -62.366394 59.267593 25.000000
v -62.788086 59.421066 -25.000000
v -62.788086 59.421066 25.000000
v -63.201599 59.595383 -25.000000
v -63.201599 59.595383 25.000000
v -63.605896 59.790085 -25.000000
v -63.605896 59.790085 25.000000
v -64.000000 60.004715 -25.000000
v -64.000000 60.004715 25.000000
v -64.382935 60.238709 -25.000000
v -64.382935 60.238709 25.000000
v -64.753662 60.491501 -25.000000
v -64.753662 60.491501 25.000000
v -65.111389 60.762451 -25.000000
v -65.111389 60.762451 25.000000
v -65.455139 61.050903 25.000000
v -65.455139 61.050903 -25.000000
v -65.784119 61.356140 -25.000000
v -65.784119 61.356140 25.000000
v -66.097473 61.677383 -25.000000
v -66.097473 61.677383 25.000000
v -66.394409 62.013855 -25.000000
v -66.394409 62.013855 25.000000
v -66.674194 62.364700 -25.000000
v -66.674194 62.364700 25.000000
v -66.936157 62.729050 -25.000000
v -66.936157 62.729050 25.000000
v -67.179626 63.106018 -25.000000
v -67.179626 63.106018 25.000000
v -67.403992 63.494644 -25.000000
v -67.403992 63.494644 25.000000
v -67.608704 63.893982 -25.000000
v -67.608704 63.893982 25.000000
v -67.793274 64.303024 -25.000000
v -67.793274 64.303024 25.000000
v -67.957214 64.720749 -25.000000
v -67.957214 64.720749 25.000000
v -68.100159 65.146133 -25.000000
v -68.100159 65.146133 25.000000
v -68.221680 65.578125 -25.000000
v -68.221680 65.578125 25.000000
v -68.321533 66.015625 25.000000
v -68.321533 66.015625 -25.000000
v -68.399475 66.457550 -25.000000
v -68.399475 66.457550 25.000000
v -68.455261 66.902832 -25.000000
v -68.455261 66.902832 25.000000
v -68.488831 67.350327 -25.000000
v -68.488831 67.350327 25.000000
v -80.000000 76.798935 25.000000
v -80.000000 76.798935 -25.000000
v -79.779175 76.793518 25.000000
v -79.779175 76.793518 -25.000000
v -79.558899 76.777267 25.000000
v -79.558899 76.777267 -25.000000
v -79.339722 76.750229 25.000000
v -79.339722 76.750229 -25.000000
v -79.122070 76.712463 25.000000
v -79.122070 76.712463 -25.000000
v -78.906555 76.664078 25.000000
v -78.906555 76.664078 -25.000000
v -78.693726 76.605164 25.000000
v -78.693726 76.605164 -25.000000
v -78.484009 76.535889 25.000000
v -78.484009 76.535889 -25.000000
v -78.277893 76.456390 25.000000
v -78.277893 76.456390 -25.000000
v -78.075989 76.366882 25.000000
v -78.075989 76.366882 -25.000000
v -77.878723 76.267578 25.000000
v -77.878723 76.267578 -25.000000
v -77.686523 76.158722 25.000000
v -77.686523 76.158722 -25.000000
v -77.499939 76.040543 25.000000
v -77.499939 76.040543 -25.000000
v -77.319336 75.913376 25.000000
v -77.319336 75.913376 -25.000000
v -77.145203 75.777481 25.000000
v -77.145203 75.777481 -25.000000
v -76.977966 75.633209 25.000000
v -76.977966 75.633209 -25.000000
v -76.817993 75.480911 25.000000
v -76.817993 75.480911 -25.000000
v -76.665710 75.320953 25.000000
v -76.665710 75.320953 -25.000000
v -76.521423 75.153702 25.000000
v -76.521423 75.153702 -25.000000
v -76.385559 74.979584 25.000000
v -76.385559 74.979584 -25.000000
v -76.258362 74.798996 -25.000000
v -76.258362 74.798996 25.000000
v -76.140198 74.612396 25.000000
v -76.140198 74.612396 -25.000000
v -76.031372 74.420227 25.000000
v -76.031372 74.420227 -25.000000
v -75.932068 74.222931 25.000000
v -75.932068 74.222931 -25.000000
v -75.842529 74.021011 25.000000
v -75.842529 74.021011 -25.000000
v -75.763062 73.814941 -25.000000
v -75.763062 73.814941 25.000000
v -75.693787 73.605225 -25.000000
v -75.693787 73.605225 25.000000
v -75.634827 73.392349 -25.000000
v -75.634827 73.392349 25.000000
v -75.586426 73.176849 -25.000000
v -75.586426 73.176849 25.000000
v -75.548706 72.959229 -25.000000
v -75.548706 72.959229 25.000000
v -75.521667 72.740021 25.000000
v -75.521667 72.740021 -25.000000
v -75.505432 72.519745 -25.000000
v -75.505432 72.519745 25.000000
v -93.500000 72.298935 -25.000000
v -93.500000 72.298935 25.000000
v -89.000000 76.798935 -25.000000
v -89.000000 76.798935 25.000000
v -93.494568 72.519745 25.000000
v -93.494568 72.519745 -25.000000
v -93.478333 72.740021 25.000000
v -93.478333 72.740021 -25.000000
v -93.451294 72.959229 25.000000
v -93.451294 72.959229 -25.000000
v -93.413513 73.176849 25.000000
v -93.413513 73.176849 -25.000000
v -93.365112 73.392349 25.000000
v -93.365112 73.392349 -25.000000
v -93.306213 73.605225 25.000000
v -93.306213 73.605225 -25.000000
v -93.236938 73.814941 25.000000
v -93.236938 73.814941 -25.000000
v -93.157471 74.021011 25.000000
v -93.157471 74.021011 -25.000000
v -93.067932 74.222931 25.000000
v -93.067932 74.222931 -25.000000
v -92.968628 74.420227 25.000000
v -92.968628 74.420227 -25.000000
v -92.859741 74.612396 25.000000
v -92.859741 74.612396 -25.000000
v -92.741577 74.798996 25.000000
v -92.741577 74.798996 -25.000000
v -92.614441 74.979584 25.000000
v -92.614441 74.979584 -25.000000
v -92.478516 75.153702 25.000000
v -92.478516 75.153702 -25.000000
v -92.334290 75.320953 25.000000
v -92.334290 75.320953 -25.000000
v -92.181946 75.480911 25.000000
v -92.181946 75.480911 -25.000000
v -92.022034 75.633209 25.000000
v -92.022034 75.633209 -25.000000
v -91.854736 75.777481 25.000000
v -91.854736 75.777481 -25.000000
v -91.680664 75.913376 25.000000
v -91.680664 75.913376 -25.000000
v -91.500061 76.040543 -25.000000
v -91.500061 76.040543 25.000000
v -91.313477 76.158722 25.000000
v -91.313477 76.158722 -25.000000
v -91.121277 76.267578 25.000000
v -91.121277 76.267578 -25.000000
v -90.924011 76.366882 25.000000
v -90.924011 76.366882 -25.000000
v -90.722046 76.456390 25.000000
v -90.722046 76.456390 -25.000000
v -90.515991 76.535889 -25.000000
v -90.515991 76.535889 25.000000
v -90.306274 76.605164 -25.000000
v -90.306274 76.605164 25.000000
v -90.093384 76.664078 -25.000000
v -90.093384 76.664078 25.000000
v -89.877869 76.712463 -25.000000
v -89.877869 76.712463 25.000000
v -89.660278 76.750229 -25.000000
v -89.660278 76.750229 25.000000
v -89.441040 76.777267 25.000000
v -89.441040 76.777267 -25.000000
v -89.220764 76.793518 -25.000000
v -89.220764 76.793518 25.000000
v 82.812073 77.399704 25.000000
v 55.012878 77.399704 25.000000
v 82.812073 77.399704 -25.000000
v 55.012878 77.399704 -25.000000
v 86.628723 73.583099 -25.000000
v 86.628723 73.583099 25.000000
v 86.624084 73.770370 -25.000000
v 86.624084 73.770370 25.000000
v 86.610352 73.957199 -25.000000
v 86.610352 73.957199 25.000000
v 86.587402 74.143112 -25.000000
v 86.587402 74.143112 25.000000
v 86.555359 74.327683 -25.000000
v 86.555359 74.327683 25.000000
v 86.514343 74.510452 -25.000000
v 86.514343 74.510452 25.000000
v 86.464355 74.690994 -25.000000
v 86.464355 74.690994 25.000000
v 86.405579 74.868881 -25.000000
v 86.405579 74.868881 25.000000
v 86.338196 75.043655 -25.000000
v 86.338196 75.043655 25.000000
v 86.262268 75.214905 -25.000000
v 86.262268 75.214905 25.000000
v 86.178040 75.382233 -25.000000
v 86.178040 75.382233 25.000000
v 86.085693 75.545227 -25.000000
v 86.085693 75.545227 25.000000
v 85.985474 75.703491 -25.000000
v 85.985474 75.703491 25.000000
v 85.877625 75.856644 -25.000000
v 85.877625 75.856644 25.000000
v 85.762390 76.004318 -25.000000
v 85.762390 76.004318 25.000000
v 85.640015 76.146179 -25.000000
v 85.640015 76.146179 25.000000
v 85.510864 76.281845 -25.000000
v 85.510864 76.281845 25.000000
v 85.375183 76.411011 -25.000000
v 85.375183 76.411011 25.000000
v 85.233337 76.533371 -25.000000
v 85.233337 76.533371 25.000000
v 85.085632 76.648621 -25.000000
v 85.085632 76.648621 25.000000
v 84.932495 76.756485 25.000000
v 84.932495 76.756485 -25.000000
v 84.774231 76.856705 -25.000000
v 84.774231 76.856705 25.000000
v 84.611206 76.949036 -25.000000
v 84.611206 76.949036 25.000000
v 84.443909 77.033264 -25.000000
v 84.443909 77.033264 25.000000
v 84.272644 77.109177 -25.000000
v 84.272644 77.109177 25.000000
v 84.097900 77.176590 25.000000
v 84.097900 77.176590 -25.000000
v 83.919983 77.235352 25.000000
v 83.919983 77.235352 -25.000000
v 83.739441 77.285324 25.000000
v 83.739441 77.285324 -25.000000
v 83.556702 77.326370 25.000000
v 83.556702 77.326370 -25.000000
v 83.372131 77.358398 25.000000
v 83.372131 77.358398 -25.000000
v 83.186218 77.381317 -25.000000
v 83.186218 77.381317 25.000000
v 82.999390 77.395096 25.000000
v 82.999390 77.395096 -25.000000
v 86.628723 57.366898 25.000000
v 86.628723 57.366898 -25.000000
v 82.812073 53.550293 -25.000000
v 82.812073 53.550293 25.000000
v 82.999390 53.554901 -25.000000
v 82.999390 53.554901 25.000000
v 83.186218 53.568680 -25.000000
v 83.186218 53.568680 25.000000
v 83.372131 53.591614 -25.000000
v 83.372131 53.591614 25.000000
v 83.556702 53.623642 -25.000000
v 83.556702 53.623642 25.000000
v 83.739441 53.664673 -25.000000
v 83.739441 53.664673 25.000000
v 83.919983 53.714645 -25.000000
v 83.919983 53.714645 25.000000
v 84.097900 53.773407 -25.000000
v 84.097900 53.773407 25.000000
v 84.272644 53.840820 -25.000000
v 84.272644 53.840820 25.000000
v 84.443909 53.916733 -25.000000
v 84.443909 53.916733 25.000000
v 84.611206 54.000961 -25.000000
v 84.611206 54.000961 25.000000
v 84.774231 54.093292 -25.000000
v 84.774231 54.093292 25.000000
v 84.932495 54.193512 -25.000000
v 84.932495 54.193512 25.000000
v 85.085632 54.301376 -25.000000
v 85.085632 54.301376 25.000000
v 85.233337 54.416626 -25.000000
v 85.233337 54.416626 25.000000
v 85.375183 54.538986 -25.000000
v 85.375183 54.538986 25.000000
v 85.510864 54.668152 -25.000000
v 85.510864 54.668152 25.000000
v 85.640015 54.803833 -25.000000
v 85.640015 54.803833 25.000000
v 85.762390 54.945679 -25.000000
v 85.762390 54.945679 25.000000
v 85.877625 55.093353 -25.000000
v 85.877625 55.093353 25.000000
v 85.985474 55.246506 25.000000
v 85.985474 55.246506 -25.000000
v 86.085693 55.404770 -25.000000
v 86.085693 55.404770 25.000000
v 86.178040 55.567764 -25.000000
v 86.178040 55.567764 25.000000
v 86.262268 55.735092 -25.000000
v 86.262268 55.735092 25.000000
v 86.338196 55.906357 -25.000000
v 86.338196 55.906357 25.000000
v 86.405579 56.081131 25.000000
v 86.405579 56.081131 -25.000000
v 86.464355 56.259003 25.000000
v 86.464355 56.259003 -25.000000
v 86.514343 56.439545 25.000000
v 86.514343 56.439545 -25.000000
v 86.555359 56.622314 25.000000
v 86.555359 56.622314 -25.000000
v 86.587402 56.806885 25.000000
v 86.587402 56.806885 -25.000000
v 86.610352 56.992813 -25.000000
v 86.610352 56.992813 25.000000
v 86.624084 57.179626 25.000000
v 86.624084 57.179626 -25.000000
v 55.012878 53.550293 25.000000
v 55.012878 53.550293 -25.000000
v 51.196289 57.366898 -25.000000
v 51.196289 57.366898 25.000000
v 51.200928 57.179626 -25.000000
v 51.200928 57.179626 25.000000
v 51.214661 56.992813 -25.000000
v 51.214661 56.992813 25.000000
v 51.237610 56.806885 -25.000000
v 51.237610 56.806885 25.000000
v 51.269653 56.622314 -25.000000
v 51.269653 56.622314 25.000000
v 51.310669 56.439545 -25.000000
v 51.310669 56.439545 25.000000
v 51.360657 56.259003 -25.000000
v 51.360657 56.259003 25.000000
v 51.419373 56.081131 -25.000000
v 51.419373 56.081131 25.000000
v 51.486816 55.906357 -25.000000
v 51.486816 55.906357 25.000000
v 51.562744 55.735092 -25.000000
v 51.562744 55.735092 25.000000
v 51.646973 55.567764 -25.000000
v 51.646973 55.567764 25.000000
v 51.739319 55.404770 -25.000000
v 51.739319 55.404770 25.000000
v 51.839539 55.246506 -25.000000
v 51.839539 55.246506 25.000000
v 51.947388 55.093353 -25.000000
v 51.947388 55.093353 25.000000
v 52.062622 54.945679 -25.000000
v 52.062622 54.945679 25.000000
v 52.184998 54.803833 -25.000000
v 52.184998 54.803833 25.000000
v 52.314148 54.668152 -25.000000
v 52.314148 54.668152 25.000000
v 52.449829 54.538986 -25.000000
v 52.449829 54.538986 25.000000
v 52.591675 54.416626 -25.000000
v 52.591675 54.416626 25.000000
v 52.739380 54.301376 -25.000000
v 52.739380 54.301376 25.000000
v 52.892517 54.193512 25.000000
v 52.892517 54.193512 -25.000000
v 53.050781 54.093292 -25.000000
v 53.050781 54.093292 25.000000
v 53.213745 54.000961 -25.000000
v 53.213745 54.000961 25.000000
v 53.381104 53.916733 -25.000000
v 53.381104 53.916733 25.000000
v 53.552368 53.840820 -25.000000
v 53.552368 53.840820 25.000000
v 53.727112 53.773407 25.000000
v 53.727112 53.773407 -25.000000
v 53.905029 53.714645 25.000000
v 53.905029 53.714645 -25.000000
v 54.085571 53.664673 25.000000
v 54.085571 53.664673 -25.000000
v 54.268311 53.623642 25.000000
v 54.268311 53.623642 -25.000000
v 54.452881 53.591614 25.000000
v 54.452881 53.591614 -25.000000
v 54.638794 53.568680 -25.000000
v 54.638794 53.568680 25.000000
v 54.825623 53.554901 25.000000
v 54.825623 53.554901 -25.000000
v 51.196289 73.583099 25.000000
v 51.196289 73.583099 -25.000000
v 54.825623 77.395096 -25.000000
v 54.825623 77.395096 25.000000
v 54.638794 77.381317 -25.000000
v 54.638794 77.381317 25.000000
v 54.452881 77.358398 -25.000000
v 54.452881 77.358398 25.000000
v 54.268311 77.326370 -25.000000
v 54.268311 77.326370 25.000000
v 54.085571 77.285324 -25.000000
v 54.085571 77.285324 25.000000
v 53.905029 77.235352 -25.000000
v 53.905029 77.235352 25.000000
v 53.727112 77.176590 -25.000000
v 53.727112 77.176590 25.000000
v 53.552368 77.109177 -25.000000
v 53.552368 77.109177 25.000000
v 53.381104 77.033264 -25.000000
v 53.381104 77.033264 25.000000
v 53.213745 76.949036 -25.000000
v 53.213745 76.949036 25.000000
v 53.050781 76.856705 -25.000000
v 53.050781 76.856705 25.000000
v 52.892517 76.756485 -25.000000
v 52.892517 76.756485 25.000000
v 52.739380 76.648621 -25.000000
v 52.739380 76.648621 25.000000
v 52.591675 76.533371 -25.000000
v 52.591675 76.533371 25.000000
v 52.449829 76.411011 -25.000000
v 52.449829 76.411011 25.000000
v 52.314148 76.281845 -25.000000
v 52.314148 76.281845 25.000000
v 52.184998 76.146179 -25.000000
v 52.184998 76.146179 25.000000
v 52.062622 76.004318 -25.000000
v 52.062622 76.004318 25.000000
v 51.947388 75.856644 -25.000000
v 51.947388 75.856644 25.000000
v 51.839539 75.703491 25.000000
v 51.839539 75.703491 -25.000000
v 51.739319 75.545227 -25.000000
v 51.739319 75.545227 25.000000
v 51.646973 75.382233 -25.000000
v 51.646973 75.382233 25.000000
v 51.562744 75.214905 -25.000000
v 51.562744 75.214905 25.000000
v 51.486816 75.043655 -25.000000
v 51.486816 75.043655 25.000000
v 51.419373 74.868881 25.000000
v 51.419373 74.868881 -25.000000
v 51.360657 74.690994 25.000000
v 51.360657 74.690994 -25.000000
v 51.310669 74.510452 25.000000
v 51.310669 74.510452 -25.000000
v 51.269653 74.327683 25.000000
v 51.269653 74.327683 -25.000000
v 51.237610 74.143112 25.000000
v 51.237610 74.143112 -25.000000
v 51.214661 73.957199 -25.000000
v 51.214661 73.957199 25.000000
v 51.200928 73.770370 25.000000
v 51.200928 73.770370 -25.000000
v 113.316528 114.974060 23.053955
v 113.390198 114.961578 23.000000
v 113.293457 114.978363 23.000000
v 113.196045 114.990356 23.000000
v 113.126526 114.994904 23.065643
v 113.098145 114.997589 23.000000
v 113.000000 115.000000 23.000000
v 113.644043 114.892731 23.052849
v 113.673767 114.883087 23.000000
v 113.580566 114.913879 23.000000
v 113.450928 114.945923 23.100098
v 113.485962 114.940063 23.000000
v 113.256531 114.979553 23.124939
v 113.065674 114.994904 23.126526
v 113.000000 114.997589 23.098137
v 113.000000 114.990356 23.196033
v 113.778564 114.840454 23.080494
v 113.855103 114.807983 23.000000
v 113.765381 114.847748 23.000000
v 113.585754 114.907166 23.139969
v 113.388916 114.953766 23.177753
v 114.090088 114.676758 23.013092
v 114.111145 114.662933 23.000000
v 114.028198 114.715454 23.000000
v 113.192566 114.981384 23.192570
v 113.910706 114.777649 23.102581
v 113.942810 114.763855 23.000000
v 113.720032 114.857788 23.173683
v 113.522400 114.917511 23.224052
v 114.212341 114.590515 23.020599
v 114.268799 114.546021 23.000000
v 114.191406 114.606415 23.000000
v 113.322510 114.957672 23.251995
v 114.039368 114.704529 23.119431
v 113.124939 114.979553 23.256538
v 113.852478 114.797974 23.201431
v 113.655945 114.870850 23.263886
v 114.328491 114.494812 23.024307
v 114.414185 114.414215 23.000000
v 114.343140 114.481903 23.000000
v 113.454224 114.923767 23.304703
v 114.163452 114.621460 23.131439
v 113.252014 114.957672 23.322483
v 113.982056 114.727905 23.223476
v 113.053955 114.974060 23.316544
v 113.000000 114.978363 23.293461
v 113.000000 114.961578 23.390183
v 113.788330 114.813873 23.297379
v 114.437683 114.390137 23.024761
v 114.481873 114.343109 23.000000
v 113.586670 114.879578 23.350674
v 114.281860 114.528870 23.139057
v 113.381531 114.925842 23.381550
v 114.107605 114.647919 23.240162
v 113.177734 114.953766 23.388889
v 113.918396 114.746735 23.324741
v 114.538940 114.277161 23.022556
v 114.606445 114.191406 23.000000
v 114.546021 114.268799 23.000000
v 113.718567 114.825256 23.389977
v 114.393799 114.427216 23.142796
v 113.512451 114.883972 23.433655
v 114.228027 114.558350 23.251896
v 113.304688 114.923767 23.454235
v 114.045105 114.669708 23.346260
v 114.631592 114.156525 23.018318
v 114.662964 114.111145 23.000000
v 113.100098 114.945923 23.450901
v 113.000000 114.940063 23.485962
v 113.848816 114.760925 23.422756
v 114.498230 114.317108 23.143211
v 113.643494 114.832123 23.478794
v 114.342407 114.459717 23.259144
v 113.433655 114.883972 23.512432
v 114.167236 114.583160 23.362297
v 114.714966 114.028992 23.012699
v 114.763855 113.942780 23.000000
v 114.715454 114.028198 23.000000
v 113.224060 114.917511 23.522419
v 113.976196 114.686768 23.449245
v 114.594360 114.199188 23.140907
v 113.773499 114.770416 23.517067
v 114.449768 114.352509 23.262432
v 113.563416 114.834412 23.563423
v 114.283813 114.487457 23.373268
v 113.350647 114.879578 23.586651
v 114.099731 114.603119 23.469746
v 114.681519 114.074188 23.136517
v 113.139954 114.907166 23.585785
v 113.000000 114.913879 23.580570
v 113.901306 114.699005 23.548634
v 114.549255 114.237335 23.262329
v 113.692810 114.775177 23.607231
v 114.393860 114.383148 23.379665
v 113.478821 114.832123 23.643471
v 114.218201 114.510345 23.484642
v 114.758972 113.942841 23.130699
v 114.807983 113.855103 23.000000
v 113.263855 114.870850 23.655956
v 114.025818 114.618164 23.573750
v 114.640015 114.114899 23.259449
v 113.052856 114.892731 23.644039
v 113.000000 114.883087 23.673779
v 113.820740 114.706390 23.643967
v 114.496399 114.270752 23.382019
v 113.607239 114.775177 23.692837
v 114.330627 114.408905 23.494366
v 114.826172 113.806000 23.124130
v 114.847778 113.765381 23.000000
v 113.389954 114.825256 23.718559
v 114.145935 114.528259 23.592743
v 114.721436 113.985901 23.254429
v 113.173706 114.857788 23.720036
v 113.945923 114.628265 23.673824
v 114.590637 114.150940 23.380917
v 113.734802 114.708832 23.734802
v 114.436096 114.299316 23.499424
v 114.882690 113.664551 23.117489
v 114.913879 113.580566 23.000000
v 114.883118 113.673767 23.000000
v 113.517090 114.770416 23.773483
v 114.260498 114.429657 23.606003
v 114.792786 113.851196 23.247936
v 113.297363 114.813873 23.788342
v 114.067261 114.541107 23.697071
v 114.675842 114.024414 23.376980
v 113.080505 114.840454 23.778584
v 113.000000 114.847748 23.765366
v 113.000000 114.807983 23.855110
v 113.860352 114.633301 23.769501
v 114.533691 114.182159 23.500362
v 114.928162 113.519470 23.111454
v 114.961548 113.390167 23.000000
v 114.940063 113.485962 23.000000
v 113.643982 114.706390 23.820717
v 114.368591 114.322845 23.613995
v 114.853577 113.711578 23.240650
v 113.422729 114.760925 23.848797
v 114.183716 114.445282 23.714058
v 114.751282 113.891907 23.370853
v 113.201416 114.797974 23.852501
v 113.982666 114.548828 23.797142
v 114.622498 114.058136 23.497780
v 114.962280 113.371674 23.106701
v 114.978333 113.293457 23.000000
v 113.769470 114.633301 23.860336
v 114.469299 114.208405 23.617229
v 114.903381 113.567993 23.233250
v 113.548645 114.699005 23.901314
v 114.294250 114.341278 23.725201
v 114.816345 113.754272 23.363209
v 113.324768 114.746735 23.918423
v 114.100708 114.455780 23.818027
v 114.701904 113.927948 23.492310
v 114.984924 113.222198 23.103870
v 114.997620 113.098145 23.000000
v 114.990356 113.196045 23.000000
v 113.102600 114.777649 23.910728
v 113.000000 114.763855 23.942795
v 113.000000 114.715454 24.028206
v 113.892517 114.551422 23.892494
v 114.561646 114.086945 23.616276
v 114.941956 113.421387 23.226418
v 113.673828 114.628265 23.945908
v 114.397827 114.229553 23.730972
v 114.870605 113.612335 23.354736
v 113.449219 114.686768 23.976215
v 114.213379 114.354492 23.832523
v 114.771240 113.792389 23.484604
v 114.996033 113.072083 23.103592
v 114.990356 113.000000 23.196033
v 114.997620 113.000000 23.098137
v 115.000000 113.000000 23.000000
v 113.223450 114.727905 23.982048
v 114.011780 114.461029 23.917431
v 114.644897 113.959167 23.611740
v 114.968994 113.272736 23.220825
v 113.797119 114.548828 23.982677
v 114.493530 114.110718 23.731907
v 114.913635 113.467072 23.346111
v 113.573730 114.618164 24.025822
v 114.319580 114.245483 23.841064
v 114.829895 113.652283 23.475349
v 113.346252 114.669708 24.045078
v 114.126343 114.362457 23.935471
v 114.718384 113.825806 23.604267
v 114.984375 113.123016 23.217110
v 114.978333 113.000000 23.293461
v 113.119446 114.704529 24.039368
v 113.000000 114.662933 24.111141
v 113.917419 114.461029 24.011806
v 114.580566 113.985413 23.728592
v 114.945190 113.319427 23.338024
v 113.697083 114.541107 24.067280
v 114.418457 114.129303 23.844147
v 114.877502 113.508545 23.465225
v 113.469727 114.603119 24.099705
v 114.234985 114.256165 23.946999
v 114.781494 113.687683 23.594528
v 113.240173 114.647919 24.107578
v 114.033569 114.365112 24.033558
v 114.658081 113.854340 23.721645
v 114.965027 113.170349 23.331131
v 113.818054 114.455780 24.100712
v 114.509094 114.006531 23.842323
v 114.913635 113.362091 23.454926
v 113.592712 114.528259 24.145905
v 114.336853 114.142639 23.952469
v 114.833618 113.545624 23.583202
v 113.362305 114.583160 24.167213
v 114.144409 114.261505 24.048275
v 114.725525 113.718292 23.711720
v 114.973145 113.020905 23.326080
v 114.961548 113.000000 23.390183
v 113.131470 114.621460 24.163425
v 113.000000 114.606415 24.191399
v 113.000000 114.546021 24.268787
v 113.935486 114.362457 24.126331
v 114.590637 113.877869 23.836189
v 114.938049 113.213867 23.445129
v 113.714050 114.445282 24.183739
v 114.430908 114.022491 23.952404
v 114.874451 113.400543 23.570988
v 113.484619 114.510345 24.218189
v 114.249023 114.150665 24.056370
v 114.782288 113.578094 23.699501
v 113.251892 114.558350 24.228039
v 114.048279 114.261505 24.144428
v 114.662354 113.744049 23.826386
v 114.950684 113.064911 23.436501
v 114.940063 113.000000 23.485962
v 113.832520 114.354492 24.213364
v 114.516296 113.896301 23.947369
v 114.903625 113.253387 23.558575
v 113.606018 114.429657 24.260502
v 114.346313 114.033142 24.058323
v 114.827820 113.434570 23.685673
v 113.373291 114.487457 24.283794
v 114.155396 114.153351 24.155369
v 114.723694 113.605835 23.813572
v 113.139038 114.528870 24.281891
v 113.947021 114.256165 24.235012
v 114.592285 113.764801 23.937984
v 114.920959 113.105103 23.546642
v 114.913879 113.000000 23.580570
v 113.725220 114.341278 24.294247
v 114.435425 113.909515 24.054672
v 114.861877 113.288666 23.670940
v 113.494385 114.408905 24.330639
v 114.255737 114.038513 24.159592
v 114.774048 113.464050 23.798443
v 113.259155 114.459717 24.342419
v 114.056396 114.150665 24.249008
v 114.658081 113.628693 23.924892
v 113.024292 114.494812 24.328522
v 113.000000 114.481903 24.343117
v 113.000000 114.414215 24.414215
v 113.841064 114.245483 24.319607
v 114.515503 113.780426 24.046001
v 114.884094 113.141327 23.655994
v 114.883118 113.000000 23.673779
v 113.614014 114.322845 24.368607
v 114.348389 113.917480 24.157593
v 114.812927 113.319611 23.781700
v 113.379639 114.383148 24.393833
v 114.159607 114.038513 24.255733
v 114.713257 113.488831 23.908783
v 113.142822 114.427216 24.393791
v 113.952454 114.142639 24.336845
v 114.585876 113.646606 24.032944
v 113.730957 114.229553 24.397816
v 114.432495 113.790894 24.149937
v 114.840149 113.173401 23.764046
v 113.499451 114.299316 24.436096
v 114.255676 113.920136 24.255661
v 114.757141 113.346008 23.890347
v 113.262451 114.352509 24.449783
v 114.058350 114.033142 24.346310
v 114.645752 113.508789 24.016171
v 113.024780 114.390137 24.437668
v 113.000000 114.343109 24.481903
v 113.844177 114.129303 24.418480
v 114.507263 113.659454 24.137226
v 114.855408 113.026367 23.746174
v 114.847778 113.000000 23.765366
v 113.617249 114.208405 24.469280
v 114.343628 113.796143 24.249306
v 114.789429 113.201172 23.870293
v 113.382019 114.270752 24.496407
v 114.157593 113.917480 24.348412
v 114.694702 113.367798 23.996368
v 113.143188 114.317108 24.498230
v 113.952393 114.022491 24.430893
v 114.571899 113.523834 24.120113
v 113.731934 114.110718 24.493530
v 114.422729 113.667175 24.237251
v 114.809875 113.055176 23.849339
v 114.763855 113.000000 23.942795
v 114.807983 113.000000 23.855110
v 113.500366 114.182159 24.533661
v 114.249329 113.796143 24.343647
v 114.732178 113.224518 23.974251
v 113.262329 114.237335 24.549252
v 114.054688 113.909515 24.435425
v 114.625854 113.384857 24.099277
v 113.022583 114.277161 24.538952
v 113.000000 114.268799 24.546021
v 113.000000 114.191406 24.606415
v 113.842346 114.006531 24.509094
v 114.492065 113.533905 24.220127
v 113.616272 114.086945 24.561649
v 114.332581 113.669769 24.332558
v 114.757874 113.079773 23.950531
v 114.715454 113.000000 24.028206
v 113.380920 114.150940 24.590668
v 114.149963 113.790894 24.432526
v 114.668579 113.243317 24.075428
v 113.140930 114.199188 24.594387
v 113.000000 114.111145 24.662941
v 113.947388 113.896301 24.516289
v 114.551025 113.397095 24.198597
v 113.728577 113.985413 24.580547
v 114.406555 113.538971 24.315746
v 113.497803 114.058136 24.622517
v 114.237244 113.667175 24.422703
v 114.699707 113.100067 24.049282
v 114.662964 113.000000 24.111141
v 113.259460 114.114899 24.640030
v 114.046021 113.780426 24.515522
v 114.599060 113.257477 24.173359
v 113.836182 113.877869 24.590633
v 114.470459 113.404449 24.293865
v 113.611755 113.959167 24.644924
v 114.315735 113.538971 24.406532
v 113.376953 114.024414 24.675854
v 114.137207 113.659454 24.507263
v 114.635620 113.115936 24.145134
v 114.606445 113.000000 24.191399
v 113.136536 114.074188 24.681522
v 113.937988 113.764801 24.592258
v 114.523804 113.266968 24.267590
v 113.721619 113.854340 24.658108
v 114.384644 113.406921 24.384632
v 113.492310 113.927948 24.701923
v 114.220154 113.533905 24.492054
v 113.254456 113.985901 24.721409
v 114.032959 113.646606 24.585854
v 114.565918 113.127350 24.237640
v 114.546021 113.000000 24.268787
v 113.012695 114.028992 24.714947
v 113.000000 114.028198 24.715458
v 113.000000 113.942780 24.763844
v 113.826355 113.744049 24.662373
v 114.443237 113.271729 24.357681
v 113.604248 113.825806 24.718403
v 114.293884 113.404449 24.470489
v 113.370850 113.891907 24.751278
v 114.120117 113.523834 24.571922
v 113.130676 113.942841 24.758976
v 113.000000 113.855103 24.807980
v 113.924866 113.628693 24.658104
v 114.490906 113.134186 24.326374
v 114.481873 113.000000 24.343117
v 113.711731 113.718292 24.725544
v 114.357666 113.271729 24.443214
v 113.484619 113.792389 24.771236
v 114.198608 113.397095 24.551025
v 113.247925 113.851196 24.792767
v 114.016174 113.508789 24.645763
v 113.813599 113.605835 24.723679
v 114.410889 113.136475 24.410915
v 114.343140 113.000000 24.481903
v 114.414185 113.000000 24.414215
v 113.594543 113.687683 24.781475
v 114.267578 113.266968 24.523788
v 113.363220 113.754272 24.816364
v 114.099304 113.384857 24.625877
v 113.124146 113.806000 24.826187
v 113.000000 113.765381 24.847759
v 113.908752 113.488831 24.713230
v 113.699524 113.578094 24.782276
v 114.326355 113.134186 24.490883
v 114.268799 113.000000 24.546021
v 113.475342 113.652283 24.829906
v 114.173340 113.257477 24.599037
v 113.240662 113.711578 24.853573
v 113.996399 113.367798 24.694687
v 113.798462 113.464050 24.774017
v 113.583191 113.545624 24.833626
v 114.237671 113.127350 24.565895
v 114.191406 113.000000 24.606415
v 113.354736 113.612335 24.870613
v 114.075439 113.243317 24.668610
v 113.117493 113.664551 24.882698
v 113.000000 113.673767 24.883087
v 113.000000 113.580566 24.913879
v 113.890320 113.346008 24.757145
v 113.685669 113.434570 24.827839
v 113.465210 113.508545 24.877483
v 114.145142 113.115936 24.635612
v 114.111145 113.000000 24.662941
v 113.233276 113.567993 24.903412
v 113.974243 113.224518 24.732178
v 113.781677 113.319611 24.812954
v 113.570984 113.400543 24.874443
v 113.346130 113.467072 24.913647
v 114.049255 113.100067 24.699703
v 114.028198 113.000000 24.715458
v 113.111450 113.519470 24.928143
v 113.000000 113.485962 24.940063
v 113.000000 113.390167 24.961571
v 113.870300 113.201172 24.789448
v 113.670959 113.288666 24.861855
v 113.454956 113.362091 24.913616
v 113.226440 113.421387 24.941948
v 113.950562 113.079773 24.757874
v 113.942810 113.000000 24.763844
v 113.764038 113.173401 24.840157
v 113.558594 113.253387 24.903625
v 113.338013 113.319427 24.945175
v 113.106689 113.371674 24.962261
v 113.000000 113.293457 24.978352
v 113.849365 113.055176 24.809856
v 113.765381 113.000000 24.847759
v 113.855103 113.000000 24.807980
v 113.656006 113.141327 24.884064
v 113.580566 113.000000 24.913879
v 113.673767 113.000000 24.883087
v 113.445129 113.213867 24.938068
v 113.220825 113.272736 24.968975
v 113.746155 113.026367 24.855404
v 113.546631 113.105103 24.920971
v 113.485962 113.000000 24.940063
v 113.331116 113.170349 24.965027
v 113.103882 113.222198 24.984901
v 113.000000 113.196045 24.990368
v 113.000000 113.098145 24.997589
v 113.436523 113.064911 24.950706
v 113.390198 113.000000 24.961571
v 113.217102 113.123016 24.984371
v 113.196045 113.000000 24.990368
v 113.293457 113.000000 24.978352
v 113.326050 113.020905 24.973129
v 113.103577 113.072083 24.996014
v 113.000000 113.000000 25.000000
v 113.098145 113.000000 24.997589
v 115.000000 113.000000 -25.000000
v 114.997620 113.098145 -25.000000
v 114.990356 113.196045 -25.000000
v 114.978333 113.293457 -25.000000
v 114.961548 113.390167 -25.000000
v 114.940063 113.485962 -25.000000
v 114.913879 113.580566 -25.000000
v 114.883118 113.673767 -25.000000
v 114.847778 113.765381 -25.000000
v 114.807983 113.855103 -25.000000
v 114.763855 113.942780 -25.000000
v 114.715454 114.028198 -25.000000
v 114.662964 114.111145 -25.000000
v 114.606445 114.191406 -25.000000
v 114.546021 114.268799 -25.000000
v 114.481873 114.343109 -25.000000
v 114.414185 114.414215 -25.000000
v 114.343140 114.481903 -25.000000
v 114.268799 114.546021 -25.000000
v 114.191406 114.606415 -25.000000
v 114.111145 114.662933 -25.000000
v 114.028198 114.715454 -25.000000
v 113.942810 114.763855 -25.000000
v 113.855103 114.807983 -25.000000
v 113.765381 114.847748 -25.000000
v 113.673767 114.883087 -25.000000
v 113.580566 114.913879 -25.000000
v 113.485962 114.940063 -25.000000
v 113.390198 114.961578 -25.000000
v 113.293457 114.978363 -25.000000
v 113.196045 114.990356 -25.000000
v 113.098145 114.997589 -25.000000
v 113.000000 115.000000 -25.000000
v 114.974060 -113.316544 23.053955
v 114.961548 -113.390183 23.000000
v 114.978333 -113.293461 23.000000
v 114.990356 -113.196033 23.000000
v 114.994934 -113.126526 23.065643
v 114.997620 -113.098137 23.000000
v 115.000000 -113.000000 23.000000
v 114.892700 -113.644039 23.052849
v 114.883118 -113.673779 23.000000
v 114.913879 -113.580570 23.000000
v 114.945923 -113.450901 23.100098
v 114.940063 -113.485962 23.000000
v 114.979553 -113.256538 23.124939
v 114.994934 -113.065643 23.126526
v 114.997620 -113.000000 23.098137
v 114.990356 -113.000000 23.196033
v 114.840454 -113.778584 23.080494
v 114.807983 -113.855110 23.000000
v 114.847778 -113.765366 23.000000
v 114.907166 -113.585785 23.139969
v 114.953735 -113.388889 23.177753
v 114.676758 -114.090118 23.013092
v 114.662964 -114.111141 23.000000
v 114.715454 -114.028206 23.000000
v 114.981384 -113.192570 23.192570
v 114.777649 -113.910728 23.102581
v 114.763855 -113.942795 23.000000
v 114.857788 -113.720036 23.173683
v 114.917541 -113.522419 23.224052
v 114.590515 -114.212364 23.020599
v 114.546021 -114.268787 23.000000
v 114.606445 -114.191399 23.000000
v 114.957703 -113.322483 23.251995
v 114.704529 -114.039368 23.119431
v 114.979553 -113.124939 23.256538
v 114.797974 -113.852501 23.201431
v 114.870850 -113.655956 23.263886
v 114.494812 -114.328522 23.024307
v 114.414185 -114.414215 23.000000
v 114.481873 -114.343117 23.000000
v 114.923767 -113.454235 23.304703
v 114.621460 -114.163425 23.131439
v 114.957703 -113.251995 23.322483
v 114.727905 -113.982048 23.223476
v 114.974060 -113.053955 23.316544
v 114.978333 -113.000000 23.293461
v 114.961548 -113.000000 23.390183
v 114.813843 -113.788342 23.297379
v 114.390137 -114.437668 23.024761
v 114.343140 -114.481903 23.000000
v 114.879578 -113.586651 23.350674
v 114.528870 -114.281891 23.139057
v 114.925842 -113.381550 23.381550
v 114.647888 -114.107578 23.240162
v 114.953735 -113.177753 23.388889
v 114.746704 -113.918423 23.324741
v 114.277161 -114.538952 23.022556
v 114.191406 -114.606415 23.000000
v 114.268799 -114.546021 23.000000
v 114.825256 -113.718559 23.389977
v 114.427246 -114.393791 23.142796
v 114.883972 -113.512432 23.433655
v 114.558350 -114.228039 23.251896
v 114.923767 -113.304703 23.454235
v 114.669678 -114.045078 23.346260
v 114.156494 -114.631607 23.018318
v 114.111145 -114.662941 23.000000
v 114.945923 -113.100098 23.450901
v 114.940063 -113.000000 23.485962
v 114.760925 -113.848797 23.422756
v 114.317139 -114.498230 23.143211
v 114.832153 -113.643471 23.478794
v 114.459717 -114.342419 23.259144
v 114.883972 -113.433655 23.512432
v 114.583130 -114.167213 23.362297
v 114.028992 -114.714947 23.012699
v 113.942810 -114.763844 23.000000
v 114.028198 -114.715458 23.000000
v 114.917541 -113.224052 23.522419
v 114.686768 -113.976215 23.449245
v 114.199219 -114.594387 23.140907
v 114.770386 -113.773483 23.517067
v 114.352478 -114.449783 23.262432
v 114.834412 -113.563423 23.563423
v 114.487488 -114.283794 23.373268
v 114.879578 -113.350674 23.586651
v 114.603088 -114.099705 23.469746
v 114.074158 -114.681522 23.136517
v 114.907166 -113.139969 23.585785
v 114.913879 -113.000000 23.580570
v 114.699036 -113.901314 23.548634
v 114.237366 -114.549252 23.262329
v 114.775146 -113.692837 23.607231
v 114.383118 -114.393833 23.379665
v 114.832153 -113.478794 23.643471
v 114.510315 -114.218189 23.484642
v 113.942810 -114.758976 23.130699
v 113.855103 -114.807980 23.000000
v 114.870850 -113.263886 23.655956
v 114.618164 -114.025822 23.573750
v 114.114868 -114.640030 23.259449
v 114.892700 -113.052849 23.644039
v 114.883118 -113.000000 23.673779
v 114.706360 -113.820717 23.643967
v 114.270752 -114.496407 23.382019
v 114.775146 -113.607231 23.692837
v 114.408875 -114.330639 23.494366
v 113.805969 -114.826187 23.124130
v 113.765381 -114.847759 23.000000
v 114.825256 -113.389977 23.718559
v 114.528259 -114.145905 23.592743
v 113.985901 -114.721409 23.254429
v 114.857788 -113.173683 23.720036
v 114.628235 -113.945908 23.673824
v 114.150940 -114.590668 23.380917
v 114.708862 -113.734802 23.734802
v 114.299316 -114.436096 23.499424
v 113.664551 -114.882698 23.117489
v 113.580566 -114.913879 23.000000
v 113.673767 -114.883087 23.000000
v 114.770386 -113.517067 23.773483
v 114.429626 -114.260502 23.606003
v 113.851196 -114.792767 23.247936
v 114.813843 -113.297379 23.788342
v 114.541077 -114.067280 23.697071
v 114.024414 -114.675854 23.376980
v 114.840454 -113.080494 23.778584
v 114.847778 -113.000000 23.765366
v 114.807983 -113.000000 23.855110
v 114.633301 -113.860336 23.769501
v 114.182190 -114.533661 23.500362
v 113.519470 -114.928143 23.111454
v 113.390198 -114.961571 23.000000
v 113.485962 -114.940063 23.000000
v 114.706360 -113.643967 23.820717
v 114.322876 -114.368607 23.613995
v 113.711609 -114.853573 23.240650
v 114.760925 -113.422756 23.848797
v 114.445312 -114.183739 23.714058
v 113.891907 -114.751278 23.370853
v 114.797974 -113.201431 23.852501
v 114.548828 -113.982677 23.797142
v 114.058166 -114.622517 23.497780
v 113.371704 -114.962261 23.106701
v 113.293457 -114.978352 23.000000
v 114.633301 -113.769501 23.860336
v 114.208435 -114.469280 23.617229
v 113.567993 -114.903412 23.233250
v 114.699036 -113.548634 23.901314
v 114.341248 -114.294247 23.725201
v 113.754272 -114.816364 23.363209
v 114.746704 -113.324741 23.918423
v 114.455750 -114.100712 23.818027
v 113.927979 -114.701923 23.492310
v 113.222229 -114.984901 23.103870
v 113.098145 -114.997589 23.000000
v 113.196045 -114.990368 23.000000
v 114.777649 -113.102581 23.910728
v 114.763855 -113.000000 23.942795
v 114.715454 -113.000000 24.028206
v 114.551453 -113.892494 23.892494
v 114.086975 -114.561649 23.616276
v 113.421387 -114.941948 23.226418
v 114.628235 -113.673824 23.945908
v 114.229553 -114.397816 23.730972
v 113.612366 -114.870613 23.354736
v 114.686768 -113.449245 23.976215
v 114.354492 -114.213364 23.832523
v 113.792419 -114.771236 23.484604
v 113.072083 -114.996014 23.103592
v 113.000000 -114.990368 23.196033
v 113.000000 -114.997589 23.098137
v 113.000000 -115.000000 23.000000
v 114.727905 -113.223476 23.982048
v 114.460999 -114.011806 23.917431
v 113.959167 -114.644924 23.611740
v 113.272705 -114.968975 23.220825
v 114.548828 -113.797142 23.982677
v 114.110718 -114.493530 23.731907
v 113.467102 -114.913647 23.346111
v 114.618164 -113.573750 24.025822
v 114.245483 -114.319607 23.841064
v 113.652283 -114.829906 23.475349
v 114.669678 -113.346260 24.045078
v 114.362427 -114.126331 23.935471
v 113.825806 -114.718403 23.604267
v 113.123047 -114.984371 23.217110
v 113.000000 -114.978352 23.293461
v 114.704529 -113.119431 24.039368
v 114.662964 -113.000000 24.111141
v 114.460999 -113.917431 24.011806
v 113.985413 -114.580547 23.728592
v 113.319397 -114.945175 23.338024
v 114.541077 -113.697071 24.067280
v 114.129334 -114.418480 23.844147
v 113.508545 -114.877483 23.465225
v 114.603088 -113.469746 24.099705
v 114.256165 -114.235012 23.946999
v 113.687683 -114.781475 23.594528
v 114.647888 -113.240162 24.107578
v 114.365112 -114.033558 24.033558
v 113.854370 -114.658108 23.721645
v 113.170349 -114.965027 23.331131
v 114.455750 -113.818027 24.100712
v 114.006531 -114.509094 23.842323
v 113.362122 -114.913616 23.454926
v 114.528259 -113.592743 24.145905
v 114.142639 -114.336845 23.952469
v 113.545593 -114.833626 23.583202
v 114.583130 -113.362297 24.167213
v 114.261536 -114.144428 24.048275
v 113.718323 -114.725544 23.711720
v 113.020874 -114.973129 23.326080
v 113.000000 -114.961571 23.390183
v 114.621460 -113.131439 24.163425
v 114.606445 -113.000000 24.191399
v 114.546021 -113.000000 24.268787
v 114.362427 -113.935471 24.126331
v 113.877869 -114.590633 23.836189
v 113.213867 -114.938068 23.445129
v 114.445312 -113.714058 24.183739
v 114.022461 -114.430893 23.952404
v 113.400513 -114.874443 23.570988
v 114.510315 -113.484642 24.218189
v 114.150696 -114.249008 24.056370
v 113.578064 -114.782276 23.699501
v 114.558350 -113.251896 24.228039
v 114.261536 -114.048275 24.144428
v 113.744019 -114.662373 23.826386
v 113.064880 -114.950706 23.436501
v 113.000000 -114.940063 23.485962
v 114.354492 -113.832523 24.213364
v 113.896301 -114.516289 23.947369
v 113.253357 -114.903625 23.558575
v 114.429626 -113.606003 24.260502
v 114.033142 -114.346310 24.058323
v 113.434570 -114.827839 23.685673
v 114.487488 -113.373268 24.283794
v 114.153381 -114.155369 24.155369
v 113.605835 -114.723679 23.813572
v 114.528870 -113.139057 24.281891
v 114.256165 -113.946999 24.235012
v 113.764771 -114.592258 23.937984
v 113.105103 -114.920971 23.546642
v 113.000000 -114.913879 23.580570
v 114.341248 -113.725201 24.294247
v 113.909546 -114.435425 24.054672
v 113.288696 -114.861855 23.670940
v 114.408875 -113.494366 24.330639
v 114.038513 -114.255733 24.159592
v 113.464050 -114.774017 23.798443
v 114.459717 -113.259144 24.342419
v 114.150696 -114.056370 24.249008
v 113.628723 -114.658104 23.924892
v 114.494812 -113.024307 24.328522
v 114.481873 -113.000000 24.343117
v 114.414185 -113.000000 24.414215
v 114.245483 -113.841064 24.319607
v 113.780457 -114.515522 24.046001
v 113.141296 -114.884064 23.655994
v 113.000000 -114.883087 23.673779
v 114.322876 -113.613995 24.368607
v 113.917480 -114.348412 24.157593
v 113.319580 -114.812954 23.781700
v 114.383118 -113.379665 24.393833
v 114.038513 -114.159592 24.255733
v 113.488831 -114.713230 23.908783
v 114.427246 -113.142796 24.393791
v 114.142639 -113.952469 24.336845
v 113.646606 -114.585854 24.032944
v 114.229553 -113.730972 24.397816
v 113.790894 -114.432526 24.149937
v 113.173401 -114.840157 23.764046
v 114.299316 -113.499424 24.436096
v 113.920105 -114.255661 24.255661
v 113.346008 -114.757145 23.890347
v 114.352478 -113.262432 24.449783
v 114.033142 -114.058323 24.346310
v 113.508789 -114.645763 24.016171
v 114.390137 -113.024761 24.437668
v 114.343140 -113.000000 24.481903
v 114.129334 -113.844147 24.418480
v 113.659424 -114.507263 24.137226
v 113.026367 -114.855404 23.746174
v 113.000000 -114.847759 23.765366
v 114.208435 -113.617229 24.469280
v 113.796143 -114.343647 24.249306
v 113.201172 -114.789448 23.870293
v 114.270752 -113.382019 24.496407
v 113.917480 -114.157593 24.348412
v 113.367798 -114.694687 23.996368
v 114.317139 -113.143211 24.498230
v 114.022461 -113.952404 24.430893
v 113.523865 -114.571922 24.120113
v 114.110718 -113.731907 24.493530
v 113.667175 -114.422703 24.237251
v 113.055176 -114.809856 23.849339
v 113.000000 -114.763844 23.942795
v 113.000000 -114.807980 23.855110
v 114.182190 -113.500362 24.533661
v 113.796143 -114.249306 24.343647
v 113.224487 -114.732178 23.974251
v 114.237366 -113.262329 24.549252
v 113.909546 -114.054672 24.435425
v 113.384827 -114.625877 24.099277
v 114.277161 -113.022556 24.538952
v 114.268799 -113.000000 24.546021
v 114.191406 -113.000000 24.606415
v 114.006531 -113.842323 24.509094
v 113.533936 -114.492054 24.220127
v 114.086975 -113.616276 24.561649
v 113.669739 -114.332558 24.332558
v 113.079773 -114.757874 23.950531
v 113.000000 -114.715458 24.028206
v 114.150940 -113.380917 24.590668
v 113.790894 -114.149937 24.432526
v 113.243286 -114.668610 24.075428
v 114.199219 -113.140907 24.594387
v 114.111145 -113.000000 24.662941
v 113.896301 -113.947369 24.516289
v 113.397095 -114.551025 24.198597
v 113.985413 -113.728592 24.580547
v 113.538940 -114.406532 24.315746
v 114.058166 -113.497780 24.622517
v 113.667175 -114.237251 24.422703
v 113.100037 -114.699703 24.049282
v 113.000000 -114.662941 24.111141
v 114.114868 -113.259449 24.640030
v 113.780457 -114.046001 24.515522
v 113.257507 -114.599037 24.173359
v 113.877869 -113.836189 24.590633
v 113.404480 -114.470489 24.293865
v 113.959167 -113.611740 24.644924
v 113.538940 -114.315746 24.406532
v 114.024414 -113.376980 24.675854
v 113.659424 -114.137226 24.507263
v 113.115967 -114.635612 24.145134
v 113.000000 -114.606415 24.191399
v 114.074158 -113.136517 24.681522
v 113.764771 -113.937984 24.592258
v 113.266968 -114.523788 24.267590
v 113.854370 -113.721645 24.658108
v 113.406921 -114.384632 24.384632
v 113.927979 -113.492310 24.701923
v 113.533936 -114.220127 24.492054
v 113.985901 -113.254429 24.721409
v 113.646606 -114.032944 24.585854
v 113.127319 -114.565895 24.237640
v 113.000000 -114.546021 24.268787
v 114.028992 -113.012699 24.714947
v 114.028198 -113.000000 24.715458
v 113.942810 -113.000000 24.763844
v 113.744019 -113.826386 24.662373
v 113.271729 -114.443214 24.357681
v 113.825806 -113.604267 24.718403
v 113.404480 -114.293865 24.470489
v 113.891907 -113.370853 24.751278
v 113.523865 -114.120113 24.571922
v 113.942810 -113.130699 24.758976
v 113.855103 -113.000000 24.807980
v 113.628723 -113.924892 24.658104
v 113.134216 -114.490883 24.326374
v 113.000000 -114.481903 24.343117
v 113.718323 -113.711720 24.725544
v 113.271729 -114.357681 24.443214
v 113.792419 -113.484604 24.771236
v 113.397095 -114.198597 24.551025
v 113.851196 -113.247936 24.792767
v 113.508789 -114.016171 24.645763
v 113.605835 -113.813572 24.723679
v 113.136475 -114.410915 24.410915
v 113.000000 -114.343117 24.481903
v 113.000000 -114.414215 24.414215
v 113.687683 -113.594528 24.781475
v 113.266968 -114.267590 24.523788
v 113.754272 -113.363209 24.816364
v 113.384827 -114.099277 24.625877
v 113.805969 -113.124130 24.826187
v 113.765381 -113.000000 24.847759
v 113.488831 -113.908783 24.713230
v 113.578064 -113.699501 24.782276
v 113.134216 -114.326374 24.490883
v 113.000000 -114.268787 24.546021
v 113.652283 -113.475349 24.829906
v 113.257507 -114.173359 24.599037
v 113.711609 -113.240650 24.853573
v 113.367798 -113.996368 24.694687
v 113.464050 -113.798443 24.774017
v 113.545593 -113.583202 24.833626
v 113.127319 -114.237640 24.565895
v 113.000000 -114.191399 24.606415
v 113.612366 -113.354736 24.870613
v 113.243286 -114.075428 24.668610
v 113.664551 -113.117489 24.882698
v 113.673767 -113.000000 24.883087
v 113.580566 -113.000000 24.913879
v 113.346008 -113.890347 24.757145
v 113.434570 -113.685673 24.827839
v 113.508545 -113.465225 24.877483
v 113.115967 -114.145134 24.635612
v 113.000000 -114.111141 24.662941
v 113.567993 -113.233250 24.903412
v 113.224487 -113.974251 24.732178
v 113.319580 -113.781700 24.812954
v 113.400513 -113.570988 24.874443
v 113.467102 -113.346111 24.913647
v 113.100037 -114.049282 24.699703
v 113.000000 -114.028206 24.715458
v 113.519470 -113.111454 24.928143
v 113.485962 -113.000000 24.940063
v 113.390198 -113.000000 24.961571
v 113.201172 -113.870293 24.789448
v 113.288696 -113.670940 24.861855
v 113.362122 -113.454926 24.913616
v 113.421387 -113.226418 24.941948
v 113.079773 -113.950531 24.757874
v 113.000000 -113.942795 24.763844
v 113.173401 -113.764046 24.840157
v 113.253357 -113.558575 24.903625
v 113.319397 -113.338024 24.945175
v 113.371704 -113.106701 24.962261
v 113.293457 -113.000000 24.978352
v 113.055176 -113.849339 24.809856
v 113.000000 -113.765366 24.847759
v 113.000000 -113.855110 24.807980
v 113.141296 -113.655994 24.884064
v 113.000000 -113.580570 24.913879
v 113.000000 -113.673779 24.883087
v 113.213867 -113.445129 24.938068
v 113.272705 -113.220825 24.968975
v 113.026367 -113.746174 24.855404
v 113.105103 -113.546642 24.920971
v 113.000000 -113.485962 24.940063
v 113.170349 -113.331131 24.965027
v 113.222229 -113.103870 24.984901
v 113.196045 -113.000000 24.990368
v 113.098145 -113.000000 24.997589
v 113.064880 -113.436501 24.950706
v 113.000000 -113.390183 24.961571
v 113.123047 -113.217110 24.984371
v 113.000000 -113.196033 24.990368
v 113.000000 -113.293461 24.978352
v 113.020874 -113.326080 24.973129
v 113.072083 -113.103592 24.996014
v 113.000000 -113.000000 25.000000
v 113.000000 -113.098137 24.997589
v 113.000000 -115.000000 -25.000000
v 113.098145 -114.997589 -25.000000
v 113.196045 -114.990368 -25.000000
v 113.293457 -114.978352 -25.000000
v 113.390198 -114.961571 -25.000000
v 113.485962 -114.940063 -25.000000
v 113.580566 -114.913879 -25.000000
v 113.673767 -114.883087 -25.000000
v 113.765381 -114.847759 -25.000000
v 113.855103 -114.807980 -25.000000
v 113.942810 -114.763844 -25.000000
v 114.028198 -114.715458 -25.000000
v 114.111145 -114.662941 -25.000000
v 114.191406 -114.606415 -25.000000
v 114.268799 -114.546021 -25.000000
v 114.343140 -114.481903 -25.000000
v 114.414185 -114.414215 -25.000000
v 114.481873 -114.343117 -25.000000
v 114.546021 -114.268787 -25.000000
v 114.606445 -114.191399 -25.000000
v 114.662964 -114.111141 -25.000000
v 114.715454 -114.028206 -25.000000
v 114.763855 -113.942795 -25.000000
v 114.807983 -113.855110 -25.000000
v 114.847778 -113.765366 -25.000000
v 114.883118 -113.673779 -25.000000
v 114.913879 -113.580570 -25.000000
v 114.940063 -113.485962 -25.000000
v 114.961548 -113.390183 -25.000000
v 114.978333 -113.293461 -25.000000
v 114.990356 -113.196033 -25.000000
v 114.997620 -113.098137 -25.000000
v 115.000000 -113.000000 -25.000000
v -113.045349 113.047180 24.998928
v -113.000000 113.000000 25.000000
v -113.000000 113.098145 24.997589
v -113.098145 113.000000 24.997589
v -113.097961 113.160248 24.991161
v -113.000000 113.196045 24.990368
v -113.043335 113.381287 24.962837
v -113.000000 113.293457 24.978352
v -113.000000 113.390167 24.961571
v -113.000000 113.485962 24.940063
v -113.195618 113.045654 24.989887
v -113.293457 113.000000 24.978352
v -113.196045 113.000000 24.990368
v -113.147156 113.274078 24.975658
v -113.085510 113.491638 24.936745
v -113.000000 113.580566 24.913879
v -113.247925 113.162292 24.977928
v -113.192627 113.388153 24.952492
v -113.123718 113.601440 24.903404
v -113.000000 113.673767 24.883087
v -113.041260 113.797974 24.833447
v -113.000000 113.765381 24.847759
v -113.000000 113.855103 24.807980
v -113.345398 113.046997 24.969387
v -113.390198 113.000000 24.961571
v -113.296570 113.279419 24.958054
v -113.234131 113.501953 24.921776
v -113.157898 113.710205 24.862972
v -113.067993 113.900208 24.784657
v -113.000000 113.942780 24.763844
v -113.397034 113.166534 24.953110
v -113.341248 113.396545 24.930359
v -113.271545 113.614929 24.883644
v -113.187805 113.817413 24.815636
v -113.493713 113.050629 24.937447
v -113.580566 113.000000 24.913879
v -113.485962 113.000000 24.940063
v -113.090454 114.000244 24.729546
v -113.000000 114.028198 24.715458
v -113.444763 113.286316 24.928791
v -113.381836 113.513092 24.894970
v -113.304688 113.726562 24.838284
v -113.213379 113.922577 24.761616
v -113.544250 113.172363 24.916794
v -113.108582 114.097595 24.668381
v -113.000000 114.111145 24.662941
v -113.000000 114.191406 24.606415
v -113.488342 113.405762 24.896538
v -113.418091 113.628540 24.852058
v -113.333374 113.836334 24.785896
v -113.639465 113.055878 24.894184
v -113.673767 113.000000 24.883087
v -113.234497 114.025208 24.701160
v -113.590698 113.294067 24.888012
v -113.122192 114.191833 24.601437
v -113.000000 114.268799 24.546021
v -113.527649 113.524384 24.856503
v -113.449890 113.742340 24.801815
v -113.357483 113.943726 24.726730
v -113.688599 113.179108 24.869156
v -113.250977 114.124817 24.634556
v -113.632874 113.415192 24.851238
v -113.131348 114.282501 24.529030
v -113.000000 114.343109 24.481903
v -113.562439 113.641602 24.808872
v -113.477051 113.853943 24.744480
v -113.781799 113.062073 24.839825
v -113.855103 113.000000 24.807980
v -113.765381 113.000000 24.847759
v -113.376953 114.048248 24.661057
v -113.733459 113.302032 24.835972
v -113.262817 114.220978 24.562103
v -113.670593 113.535156 24.806641
v -113.135925 114.369202 24.451496
v -113.000000 114.414215 24.414215
v -113.592529 113.756836 24.753868
v -113.499390 113.962891 24.680313
v -113.829163 113.186096 24.810493
v -113.391602 114.149414 24.589184
v -113.773926 113.424103 24.794777
v -113.269959 114.313171 24.484146
v -113.703613 113.653412 24.754429
v -113.135925 114.451508 24.369194
v -113.000000 114.481903 24.343117
v -113.617859 113.869598 24.691746
v -113.919617 113.068573 24.774704
v -113.942810 113.000000 24.763844
v -113.516907 114.068604 24.609615
v -113.872131 113.309540 24.773018
v -113.401367 114.246765 24.511444
v -113.809692 113.544678 24.745766
v -113.272339 114.401031 24.401043
v -113.731812 113.769409 24.694843
v -113.131348 114.529022 24.282505
v -113.000000 114.546021 24.268787
v -113.638306 113.979370 24.622791
v -113.964905 113.192688 24.741203
v -113.529480 114.170654 24.532719
v -113.910522 113.431793 24.727570
v -113.406311 114.339844 24.428200
v -113.840698 113.663269 24.689171
v -113.269959 114.484131 24.313179
v -113.755066 113.882599 24.628162
v -114.052124 113.074677 24.699253
v -114.111145 113.000000 24.662941
v -114.028198 113.000000 24.715458
v -113.122192 114.601440 24.191834
v -113.000000 114.606415 24.191399
v -113.653687 114.085602 24.547329
v -114.005737 113.315887 24.699615
v -113.537048 114.268524 24.449974
v -113.944153 113.552307 24.674362
v -113.406311 114.428192 24.339836
v -113.866760 113.779297 24.625248
v -113.262817 114.562103 24.220966
v -113.773254 113.992462 24.554695
v -114.095093 113.198120 24.661774
v -113.108582 114.668365 24.097599
v -113.000000 114.662933 24.111141
v -113.000000 114.715454 24.028206
v -113.663940 114.187805 24.465706
v -114.041870 113.437622 24.650143
v -113.539612 114.361786 24.361771
v -113.972900 113.670532 24.613640
v -113.401367 114.511444 24.246765
v -113.887756 113.892242 24.554298
v -114.178406 113.079712 24.613998
v -114.268799 113.000000 24.546021
v -114.191406 113.000000 24.606415
v -113.250977 114.634552 24.124828
v -113.786316 114.098511 24.474781
v -114.133545 113.320404 24.616318
v -113.090454 114.729553 24.000240
v -113.000000 114.763855 23.942795
v -113.669128 114.285522 24.378304
v -114.073181 113.557343 24.593006
v -113.537048 114.449982 24.268517
v -113.996643 113.785889 24.545685
v -113.391602 114.589172 24.149418
v -113.903564 114.001526 24.476650
v -114.218872 113.201813 24.572796
v -113.234497 114.701172 24.025215
v -113.794189 114.200226 24.388794
v -114.167175 113.440918 24.563103
v -113.067993 114.784668 23.900211
v -113.000000 114.807983 23.855110
v -113.669128 114.378296 24.285522
v -114.099487 113.674469 24.528477
v -113.529480 114.532715 24.170643
v -114.015198 113.897858 24.470814
v -114.297668 113.083038 24.519569
v -114.343140 113.000000 24.481903
v -113.376953 114.661072 24.048244
v -113.914185 114.106720 24.392662
v -114.254639 113.322418 24.523777
v -113.213379 114.761627 23.922588
v -113.796814 114.297119 24.297134
v -114.195923 113.559143 24.502377
v -113.041260 114.833435 23.797974
v -113.000000 114.847748 23.765366
v -113.663940 114.465698 24.187801
v -114.120666 113.788483 24.456852
v -113.516907 114.609619 24.068604
v -114.028503 114.005920 24.389374
v -114.335388 113.203033 24.474960
v -113.357483 114.726715 23.943714
v -113.919495 114.207275 24.302727
v -114.285645 113.441040 24.467167
v -113.187805 114.815643 23.817425
v -113.794189 114.388794 24.200222
v -114.219604 113.674530 24.434414
v -113.010437 114.875702 23.694004
v -113.000000 114.883087 23.673779
v -113.653687 114.547333 24.085587
v -114.136658 113.898834 24.378464
v -114.409241 113.083954 24.416679
v -114.481873 113.000000 24.343117
v -114.414185 113.000000 24.414215
v -113.499390 114.680298 23.962875
v -114.036499 114.109558 24.301746
v -114.368408 113.321320 24.422729
v -113.333374 114.785889 23.836319
v -113.919495 114.302734 24.207264
v -114.311707 113.557098 24.403233
v -113.157898 114.862976 23.710213
v -113.786316 114.474792 24.098511
v -114.238159 113.786499 24.359531
v -113.638306 114.622803 23.979359
v -114.147339 114.005005 24.293678
v -114.444031 113.201202 24.369026
v -113.477051 114.744476 23.853951
v -114.039185 114.208344 24.208332
v -114.396667 113.437378 24.363125
v -113.304688 114.838287 23.726551
v -113.914185 114.392670 24.106709
v -114.332703 113.670044 24.332264
v -113.123718 114.903412 23.601448
v -113.000000 114.913879 23.580570
v -113.773254 114.554688 23.992470
v -114.251465 113.894592 24.278084
v -114.512390 113.081879 24.306122
v -114.546021 113.000000 24.268787
v -113.617859 114.691742 23.869610
v -114.152710 114.106506 24.202885
v -114.474182 113.316528 24.313999
v -113.449890 114.801819 23.742329
v -114.036499 114.301758 24.109570
v -114.419922 113.550598 24.296421
v -113.271545 114.883636 23.614925
v -113.903564 114.476654 24.001537
v -114.348511 113.779388 24.254597
v -113.085510 114.936737 23.491638
v -113.000000 114.940063 23.485962
v -113.755066 114.628174 23.882599
v -114.259521 113.998261 24.190445
v -114.544189 113.195740 24.255852
v -113.592529 114.753876 23.756847
v -114.152710 114.202881 24.106514
v -114.499512 113.429321 24.251846
v -113.418091 114.852051 23.628536
v -114.028503 114.389374 24.005917
v -114.438110 113.660522 24.222927
v -113.234131 114.921783 23.501953
v -113.887756 114.554291 23.892235
v -114.359131 113.884583 24.170593
v -114.606567 113.076263 24.188774
v -114.662964 113.000000 24.111141
v -114.606445 113.000000 24.191399
v -113.043335 114.962830 23.381294
v -113.000000 114.961578 23.390183
v -113.000000 114.978363 23.293461
v -113.731812 114.694855 23.769402
v -114.262146 114.097015 24.097023
v -114.571350 113.307434 24.198479
v -113.562439 114.808868 23.641594
v -114.147339 114.293671 24.005005
v -114.519897 113.539124 24.182861
v -113.381836 114.894958 23.513096
v -114.015198 114.470825 23.897854
v -114.451172 113.766571 24.142986
v -113.192627 114.952484 23.388168
v -113.866760 114.625244 23.779305
v -114.364441 113.985138 24.080639
v -114.635254 113.186096 24.136353
v -113.703613 114.754425 23.653408
v -114.259521 114.190460 23.998249
v -114.593750 113.416412 24.134277
v -113.527649 114.856506 23.524391
v -114.136658 114.378448 23.898830
v -114.535339 113.645416 24.107365
v -113.341248 114.930359 23.396545
v -113.996643 114.545685 23.785881
v -114.459045 113.868317 24.056969
v -114.691162 113.066528 24.065578
v -114.715454 113.000000 24.028206
v -113.147156 114.975647 23.274090
v -113.000000 114.990356 23.196033
v -113.840698 114.689178 23.663277
v -114.364441 114.080627 23.985149
v -114.659363 113.293579 24.077141
v -113.670593 114.806641 23.535152
v -114.251465 114.278076 23.894581
v -114.611267 113.522217 24.063541
v -113.488342 114.896545 23.405777
v -114.120666 114.456848 23.788486
v -114.545593 113.747681 24.025703
v -113.296570 114.958038 23.279427
v -113.972900 114.613647 23.670521
v -114.461670 113.965271 23.965275
v -114.716797 113.171783 24.011513
v -113.097961 114.991150 23.160255
v -113.000000 114.997589 23.098137
v -113.809692 114.745758 23.544689
v -114.359131 114.170593 23.884575
v -114.678833 113.398163 24.011421
v -113.632874 114.851227 23.415184
v -114.238159 114.359528 23.786507
v -114.623840 113.624298 23.986595
v -113.444763 114.928802 23.286304
v -114.099487 114.528473 23.674484
v -114.550781 113.845428 23.938259
v -114.765869 113.052216 23.937534
v -114.807983 113.000000 23.855110
v -114.763855 113.000000 23.942795
v -113.247925 114.977936 23.162285
v -113.944153 114.674347 23.552311
v -114.459045 114.056976 23.868332
v -114.737915 113.274475 23.951004
v -113.045349 114.998932 23.047188
v -113.000000 115.000000 23.000000
v -113.098145 114.997589 23.000000
v -113.773926 114.794769 23.424088
v -114.348511 114.254608 23.779377
v -114.693481 113.499420 23.939499
v -113.590698 114.888000 23.294067
v -114.219604 114.434418 23.674522
v -114.631409 113.722229 23.903805
v -113.397034 114.953125 23.166527
v -114.073181 114.593018 23.557350
v -114.550781 113.938263 23.845436
v -114.788330 113.152344 23.882374
v -113.195618 114.989899 23.045658
v -113.196045 114.990356 23.000000
v -113.293457 114.978363 23.000000
v -113.910522 114.727570 23.431797
v -114.451172 114.142975 23.766586
v -114.754395 113.374176 23.884342
v -113.733459 114.835968 23.302040
v -114.332703 114.332275 23.670052
v -114.703308 113.596832 23.861706
v -113.544250 114.916779 23.172356
v -114.195923 114.502380 23.559151
v -114.633911 113.815552 23.815548
v -114.830261 113.032898 23.805698
v -114.847778 113.000000 23.765366
v -113.345398 114.969391 23.047005
v -113.390198 114.961578 23.000000
v -114.041870 114.650146 23.437634
v -114.545593 114.025696 23.747669
v -114.806458 113.249786 23.821144
v -113.872131 114.773010 23.309540
v -114.438110 114.222931 23.660511
v -114.766235 113.470398 23.811829
v -113.688599 114.869171 23.179108
v -114.311707 114.403229 23.557095
v -114.708252 113.689972 23.778400
v -113.493713 114.937439 23.050617
v -113.580566 114.913879 23.000000
v -113.485962 114.940063 23.000000
v -114.167175 114.563110 23.440929
v -114.631409 113.903809 23.722240
v -114.849670 113.127441 23.750019
v -114.005737 114.699615 23.315887
v -114.535339 114.107361 23.645409
v -114.820129 113.344116 23.754135
v -113.829163 114.810486 23.186108
v -114.419922 114.296417 23.550602
v -114.773376 113.562683 23.733803
v -113.639465 114.894196 23.055862
v -113.673767 114.883087 23.000000
v -114.285645 114.467163 23.441040
v -114.708252 113.778412 23.689976
v -114.884033 113.008270 23.671165
v -114.913879 113.000000 23.580570
v -114.883118 113.000000 23.673779
v -114.133545 114.616333 23.320400
v -114.623840 113.986603 23.624310
v -114.864868 113.219177 23.688667
v -113.964905 114.741211 23.192677
v -114.519897 114.182861 23.539131
v -114.829285 113.434875 23.681656
v -113.781799 114.839813 23.062073
v -113.765381 114.847748 23.000000
v -113.855103 114.807983 23.000000
v -114.396667 114.363129 23.437366
v -114.775757 113.650635 23.650631
v -114.254639 114.523773 23.322426
v -114.703308 113.861694 23.596836
v -114.900452 113.096771 23.615570
v -114.095093 114.661774 23.198132
v -114.611267 114.063538 23.522209
v -114.875793 113.307739 23.621937
v -113.919617 114.774719 23.068573
v -113.942810 114.763855 23.000000
v -114.499512 114.251831 23.429333
v -114.833862 113.521667 23.604042
v -114.368408 114.422729 23.321331
v -114.773376 113.733795 23.562695
v -114.218872 114.572784 23.201801
v -114.693481 113.939514 23.499416
v -114.912842 113.182404 23.554722
v -114.052124 114.699249 23.074684
v -114.028198 114.715454 23.000000
v -114.111145 114.662933 23.000000
v -114.593750 114.134277 23.416420
v -114.882324 113.392670 23.550133
v -114.474182 114.313995 23.316517
v -114.833862 113.604034 23.521660
v -114.335388 114.474945 23.203033
v -114.766235 113.811829 23.470402
v -114.940552 113.060089 23.480167
v -114.961548 113.000000 23.390183
v -114.940063 113.000000 23.485962
v -114.178406 114.614014 23.079723
v -114.191406 114.606415 23.000000
v -114.268799 114.546021 23.000000
v -114.678833 114.011414 23.398170
v -114.921143 113.264832 23.488907
v -114.571350 114.198486 23.307430
v -114.884521 113.473602 23.473591
v -114.444031 114.369019 23.201214
v -114.829285 113.681641 23.434883
v -114.297668 114.519562 23.083027
v -114.343140 114.481903 23.000000
v -114.754395 113.884338 23.374184
v -114.950317 113.139343 23.420460
v -114.659363 114.077148 23.293571
v -114.925293 113.343628 23.418434
v -114.544189 114.255859 23.195747
v -114.882324 113.550140 23.392666
v -114.409241 114.416687 23.083954
v -114.414185 114.414215 23.000000
v -114.481873 114.343109 23.000000
v -114.820129 113.754120 23.344124
v -114.737915 113.951019 23.274487
v -114.956177 113.215332 23.356216
v -114.635254 114.136353 23.186096
v -114.925293 113.418427 23.343624
v -114.512390 114.306122 23.081886
v -114.546021 114.268799 23.000000
v -114.875793 113.621948 23.307732
v -114.806458 113.821136 23.249794
v -114.977234 113.089844 23.287052
v -114.990356 113.000000 23.196033
v -114.978333 113.000000 23.293461
v -114.716797 114.011505 23.171772
v -114.958191 113.287720 23.287731
v -114.606567 114.188782 23.076252
v -114.606445 114.191406 23.000000
v -114.662964 114.111145 23.000000
v -114.921143 113.488922 23.264832
v -114.864868 113.688660 23.219185
v -114.788330 113.882385 23.152340
v -114.980896 113.159180 23.225029
v -114.691162 114.065582 23.066517
v -114.715454 114.028198 23.000000
v -114.956177 113.356201 23.215324
v -114.912842 113.554718 23.182415
v -114.849670 113.750031 23.127438
v -114.993652 113.033966 23.155663
v -114.997620 113.000000 23.098137
v -114.765869 113.937531 23.052212
v -114.763855 113.942780 23.000000
v -114.807983 113.855103 23.000000
v -114.980896 113.225037 23.159191
v -114.950317 113.420471 23.139328
v -114.900452 113.615570 23.096764
v -114.830261 113.805695 23.032909
v -114.847778 113.765381 23.000000
v -114.995361 113.096497 23.096508
v -114.997620 113.098145 23.000000
v -115.000000 113.000000 23.000000
v -114.977234 113.287048 23.089844
v -114.978333 113.293457 23.000000
v -114.990356 113.196045 23.000000
v -114.940552 113.480164 23.060104
v -114.961548 113.390167 23.000000
v -114.913879 113.580566 23.000000
v -114.940063 113.485962 23.000000
v -114.884033 113.671173 23.008270
v -114.883118 113.673767 23.000000
v -114.993652 113.155670 23.033970
v -114.969971 113.344971 23.017311
v -113.000000 115.000000 -25.000000
v -113.098145 114.997589 -25.000000
v -113.196045 114.990356 -25.000000
v -113.293457 114.978363 -25.000000
v -113.390198 114.961578 -25.000000
v -113.485962 114.940063 -25.000000
v -113.580566 114.913879 -25.000000
v -113.673767 114.883087 -25.000000
v -113.765381 114.847748 -25.000000
v -113.855103 114.807983 -25.000000
v -113.942810 114.763855 -25.000000
v -114.028198 114.715454 -25.000000
v -114.111145 114.662933 -25.000000
v -114.191406 114.606415 -25.000000
v -114.268799 114.546021 -25.000000
v -114.343140 114.481903 -25.000000
v -114.414185 114.414215 -25.000000
v -114.481873 114.343109 -25.000000
v -114.546021 114.268799 -25.000000
v -114.606445 114.191406 -25.000000
v -114.662964 114.111145 -25.000000
v -114.715454 114.028198 -25.000000
v -114.763855 113.942780 -25.000000
v -114.807983 113.855103 -25.000000
v -114.847778 113.765381 -25.000000
v -114.883118 113.673767 -25.000000
v -114.913879 113.580566 -25.000000
v -114.940063 113.485962 -25.000000
v -114.961548 113.390167 -25.000000
v -114.978333 113.293457 -25.000000
v -114.990356 113.196045 -25.000000
v -114.997620 113.098145 -25.000000
v -115.000000 113.000000 -25.000000
v -113.045349 -114.998928 23.047188
v -113.098145 -114.997589 23.000000
v -113.000000 -115.000000 23.000000
v -113.000000 -114.997589 23.098137
v -113.097961 -114.991161 23.160255
v -113.000000 -114.990368 23.196033
v -113.043335 -114.962837 23.381294
v -113.000000 -114.978352 23.293461
v -113.000000 -114.961571 23.390183
v -113.000000 -114.940063 23.485962
v -113.195618 -114.989887 23.045658
v -113.293457 -114.978352 23.000000
v -113.196045 -114.990368 23.000000
v -113.147156 -114.975658 23.274090
v -113.085510 -114.936745 23.491638
v -113.000000 -114.913879 23.580570
v -113.247925 -114.977928 23.162285
v -113.192627 -114.952492 23.388168
v -113.123718 -114.903404 23.601448
v -113.000000 -114.883087 23.673779
v -113.041260 -114.833447 23.797974
v -113.000000 -114.847759 23.765366
v -113.000000 -114.807980 23.855110
v -113.345398 -114.969387 23.047005
v -113.390198 -114.961571 23.000000
v -113.296570 -114.958054 23.279427
v -113.234131 -114.921776 23.501953
v -113.157898 -114.862972 23.710213
v -113.067993 -114.784657 23.900211
v -113.000000 -114.763844 23.942795
v -113.397034 -114.953110 23.166527
v -113.341248 -114.930359 23.396545
v -113.271545 -114.883644 23.614925
v -113.187805 -114.815636 23.817425
v -113.493713 -114.937447 23.050617
v -113.580566 -114.913879 23.000000
v -113.485962 -114.940063 23.000000
v -113.090454 -114.729546 24.000240
v -113.000000 -114.715458 24.028206
v -113.444763 -114.928791 23.286304
v -113.381836 -114.894970 23.513096
v -113.304688 -114.838284 23.726551
v -113.213379 -114.761616 23.922588
v -113.544250 -114.916794 23.172356
v -113.108582 -114.668381 24.097599
v -113.000000 -114.662941 24.111141
v -113.000000 -114.606415 24.191399
v -113.488342 -114.896538 23.405777
v -113.418091 -114.852058 23.628536
v -113.333374 -114.785896 23.836319
v -113.639465 -114.894184 23.055862
v -113.673767 -114.883087 23.000000
v -113.234497 -114.701160 24.025215
v -113.590698 -114.888012 23.294067
v -113.122192 -114.601437 24.191834
v -113.000000 -114.546021 24.268787
v -113.527649 -114.856503 23.524391
v -113.449890 -114.801815 23.742329
v -113.357483 -114.726730 23.943714
v -113.688599 -114.869156 23.179108
v -113.250977 -114.634556 24.124828
v -113.632874 -114.851238 23.415184
v -113.131348 -114.529030 24.282505
v -113.000000 -114.481903 24.343117
v -113.562439 -114.808872 23.641594
v -113.477051 -114.744480 23.853951
v -113.781799 -114.839825 23.062073
v -113.855103 -114.807980 23.000000
v -113.765381 -114.847759 23.000000
v -113.376953 -114.661057 24.048244
v -113.733459 -114.835972 23.302040
v -113.262817 -114.562103 24.220966
v -113.670593 -114.806641 23.535152
v -113.135925 -114.451496 24.369194
v -113.000000 -114.414215 24.414215
v -113.592529 -114.753868 23.756847
v -113.499390 -114.680313 23.962875
v -113.829163 -114.810493 23.186108
v -113.391602 -114.589184 24.149418
v -113.773926 -114.794777 23.424088
v -113.269959 -114.484146 24.313179
v -113.703613 -114.754429 23.653408
v -113.135925 -114.369194 24.451496
v -113.000000 -114.343117 24.481903
v -113.617859 -114.691746 23.869610
v -113.919617 -114.774704 23.068573
v -113.942810 -114.763844 23.000000
v -113.516907 -114.609615 24.068604
v -113.872131 -114.773018 23.309540
v -113.401367 -114.511444 24.246765
v -113.809692 -114.745766 23.544689
v -113.272339 -114.401043 24.401043
v -113.731812 -114.694843 23.769402
v -113.131348 -114.282505 24.529030
v -113.000000 -114.268787 24.546021
v -113.638306 -114.622791 23.979359
v -113.964905 -114.741203 23.192677
v -113.529480 -114.532719 24.170643
v -113.910522 -114.727570 23.431797
v -113.406311 -114.428200 24.339836
v -113.840698 -114.689171 23.663277
v -113.269959 -114.313179 24.484146
v -113.755066 -114.628162 23.882599
v -114.052124 -114.699253 23.074684
v -114.111145 -114.662941 23.000000
v -114.028198 -114.715458 23.000000
v -113.122192 -114.191834 24.601437
v -113.000000 -114.191399 24.606415
v -113.653687 -114.547329 24.085587
v -114.005737 -114.699615 23.315887
v -113.537048 -114.449974 24.268517
v -113.944153 -114.674362 23.552311
v -113.406311 -114.339836 24.428200
v -113.866760 -114.625248 23.779305
v -113.262817 -114.220966 24.562103
v -113.773254 -114.554695 23.992470
v -114.095093 -114.661774 23.198132
v -113.108582 -114.097599 24.668381
v -113.000000 -114.111141 24.662941
v -113.000000 -114.028206 24.715458
v -113.663940 -114.465706 24.187801
v -114.041870 -114.650143 23.437634
v -113.539612 -114.361771 24.361771
v -113.972900 -114.613640 23.670521
v -113.401367 -114.246765 24.511444
v -113.887756 -114.554298 23.892235
v -114.178406 -114.613998 23.079723
v -114.268799 -114.546021 23.000000
v -114.191406 -114.606415 23.000000
v -113.250977 -114.124828 24.634556
v -113.786316 -114.474781 24.098511
v -114.133545 -114.616318 23.320400
v -113.090454 -114.000240 24.729546
v -113.000000 -113.942795 24.763844
v -113.669128 -114.378304 24.285522
v -114.073181 -114.593006 23.557350
v -113.537048 -114.268517 24.449974
v -113.996643 -114.545685 23.785881
v -113.391602 -114.149418 24.589184
v -113.903564 -114.476650 24.001537
v -114.218872 -114.572796 23.201801
v -113.234497 -114.025215 24.701160
v -113.794189 -114.388794 24.200222
v -114.167175 -114.563103 23.440929
v -113.067993 -113.900211 24.784657
v -113.000000 -113.855110 24.807980
v -113.669128 -114.285522 24.378304
v -114.099487 -114.528477 23.674484
v -113.529480 -114.170643 24.532719
v -114.015198 -114.470814 23.897854
v -114.297668 -114.519569 23.083027
v -114.343140 -114.481903 23.000000
v -113.376953 -114.048244 24.661057
v -113.914185 -114.392662 24.106709
v -114.254639 -114.523777 23.322426
v -113.213379 -113.922588 24.761616
v -113.796814 -114.297134 24.297134
v -114.195923 -114.502377 23.559151
v -113.041260 -113.797974 24.833447
v -113.000000 -113.765366 24.847759
v -113.663940 -114.187801 24.465706
v -114.120666 -114.456852 23.788486
v -113.516907 -114.068604 24.609615
v -114.028503 -114.389374 24.005917
v -114.335388 -114.474960 23.203033
v -113.357483 -113.943714 24.726730
v -113.919495 -114.302727 24.207264
v -114.285645 -114.467167 23.441040
v -113.187805 -113.817425 24.815636
v -113.794189 -114.200222 24.388794
v -114.219604 -114.434414 23.674522
v -113.010437 -113.694004 24.875698
v -113.000000 -113.673779 24.883087
v -113.653687 -114.085587 24.547329
v -114.136658 -114.378464 23.898830
v -114.409241 -114.416679 23.083954
v -114.481873 -114.343117 23.000000
v -114.414185 -114.414215 23.000000
v -113.499390 -113.962875 24.680313
v -114.036499 -114.301746 24.109570
v -114.368408 -114.422729 23.321331
v -113.333374 -113.836319 24.785896
v -113.919495 -114.207264 24.302727
v -114.311707 -114.403233 23.557095
v -113.157898 -113.710213 24.862972
v -113.786316 -114.098511 24.474781
v -114.238159 -114.359531 23.786507
v -113.638306 -113.979359 24.622791
v -114.147339 -114.293678 24.005005
v -114.444031 -114.369026 23.201214
v -113.477051 -113.853950 24.744480
v -114.039185 -114.208332 24.208332
v -114.396667 -114.363125 23.437366
v -113.304688 -113.726551 24.838284
v -113.914185 -114.106709 24.392662
v -114.332703 -114.332264 23.670052
v -113.123718 -113.601448 24.903404
v -113.000000 -113.580570 24.913879
v -113.773254 -113.992470 24.554695
v -114.251465 -114.278084 23.894581
v -114.512390 -114.306122 23.081886
v -114.546021 -114.268787 23.000000
v -113.617859 -113.869610 24.691746
v -114.152710 -114.202885 24.106514
v -114.474182 -114.313999 23.316517
v -113.449890 -113.742329 24.801815
v -114.036499 -114.109570 24.301746
v -114.419922 -114.296421 23.550602
v -113.271545 -113.614925 24.883644
v -113.903564 -114.001537 24.476650
v -114.348511 -114.254597 23.779377
v -113.085510 -113.491638 24.936745
v -113.000000 -113.485962 24.940063
v -113.755066 -113.882599 24.628162
v -114.259521 -114.190445 23.998249
v -114.544189 -114.255852 23.195747
v -113.592529 -113.756847 24.753868
v -114.152710 -114.106514 24.202885
v -114.499512 -114.251846 23.429333
v -113.418091 -113.628536 24.852058
v -114.028503 -114.005917 24.389374
v -114.438110 -114.222927 23.660511
v -113.234131 -113.501953 24.921776
v -113.887756 -113.892235 24.554298
v -114.359131 -114.170593 23.884575
v -114.606567 -114.188774 23.076252
v -114.662964 -114.111141 23.000000
v -114.606445 -114.191399 23.000000
v -113.043335 -113.381294 24.962837
v -113.000000 -113.390183 24.961571
v -113.000000 -113.293461 24.978352
v -113.731812 -113.769402 24.694843
v -114.262146 -114.097023 24.097023
v -114.571350 -114.198479 23.307430
v -113.562439 -113.641594 24.808872
v -114.147339 -114.005005 24.293678
v -114.519897 -114.182861 23.539131
v -113.381836 -113.513096 24.894970
v -114.015198 -113.897854 24.470814
v -114.451172 -114.142986 23.766586
v -113.192627 -113.388168 24.952492
v -113.866760 -113.779304 24.625248
v -114.364441 -114.080639 23.985149
v -114.635254 -114.136353 23.186096
v -113.703613 -113.653408 24.754429
v -114.259521 -113.998249 24.190445
v -114.593750 -114.134277 23.416420
v -113.527649 -113.524391 24.856503
v -114.136658 -113.898830 24.378464
v -114.535339 -114.107365 23.645409
v -113.341248 -113.396545 24.930359
v -113.996643 -113.785881 24.545685
v -114.459045 -114.056969 23.868332
v -114.691162 -114.065578 23.066517
v -114.715454 -114.028206 23.000000
v -113.147156 -113.274090 24.975658
v -113.000000 -113.196033 24.990368
v -113.840698 -113.663277 24.689171
v -114.364441 -113.985149 24.080639
v -114.659363 -114.077141 23.293571
v -113.670593 -113.535152 24.806641
v -114.251465 -113.894581 24.278084
v -114.611267 -114.063541 23.522209
v -113.488342 -113.405777 24.896538
v -114.120666 -113.788486 24.456852
v -114.545593 -114.025703 23.747669
v -113.296570 -113.279427 24.958054
v -113.972900 -113.670521 24.613640
v -114.461670 -113.965275 23.965275
v -114.716797 -114.011513 23.171772
v -113.097961 -113.160255 24.991161
v -113.000000 -113.098137 24.997589
v -113.809692 -113.544689 24.745766
v -114.359131 -113.884575 24.170593
v -114.678833 -114.011421 23.398170
v -113.632874 -113.415184 24.851238
v -114.238159 -113.786507 24.359531
v -114.623840 -113.986595 23.624310
v -113.444763 -113.286304 24.928791
v -114.099487 -113.674484 24.528477
v -114.550781 -113.938259 23.845436
v -114.765869 -113.937534 23.052212
v -114.807983 -113.855110 23.000000
v -114.763855 -113.942795 23.000000
v -113.247925 -113.162285 24.977928
v -113.944153 -113.552311 24.674362
v -114.459045 -113.868332 24.056969
v -114.737915 -113.951004 23.274487
v -113.045349 -113.047188 24.998928
v -113.000000 -113.000000 25.000000
v -113.098145 -113.000000 24.997589
v -113.773926 -113.424088 24.794777
v -114.348511 -113.779377 24.254597
v -114.693481 -113.939499 23.499416
v -113.590698 -113.294067 24.888012
v -114.219604 -113.674522 24.434414
v -114.631409 -113.903805 23.722240
v -113.397034 -113.166527 24.953110
v -114.073181 -113.557350 24.593006
v -114.550781 -113.845436 23.938259
v -114.788330 -113.882374 23.152340
v -113.195618 -113.045658 24.989887
v -113.293457 -113.000000 24.978352
v -113.196045 -113.000000 24.990368
v -113.910522 -113.431797 24.727570
v -114.451172 -113.766586 24.142986
v -114.754395 -113.884342 23.374184
v -113.733459 -113.302040 24.835972
v -114.332703 -113.670052 24.332264
v -114.703308 -113.861706 23.596836
v -113.544250 -113.172356 24.916794
v -114.195923 -113.559151 24.502377
v -114.633911 -113.815548 23.815548
v -114.830261 -113.805698 23.032909
v -114.847778 -113.765366 23.000000
v -113.345398 -113.047005 24.969387
v -113.390198 -113.000000 24.961571
v -114.041870 -113.437634 24.650143
v -114.545593 -113.747669 24.025703
v -114.806458 -113.821144 23.249794
v -113.872131 -113.309540 24.773018
v -114.438110 -113.660511 24.222927
v -114.766235 -113.811829 23.470402
v -113.688599 -113.179108 24.869156
v -114.311707 -113.557095 24.403233
v -114.708252 -113.778400 23.689976
v -113.493713 -113.050617 24.937447
v -113.485962 -113.000000 24.940063
v -113.580566 -113.000000 24.913879
v -114.167175 -113.440929 24.563103
v -114.631409 -113.722240 23.903805
v -114.849670 -113.750019 23.127438
v -114.005737 -113.315887 24.699615
v -114.535339 -113.645409 24.107365
v -114.820129 -113.754135 23.344124
v -113.829163 -113.186108 24.810493
v -114.419922 -113.550602 24.296421
v -114.773376 -113.733803 23.562695
v -113.639465 -113.055862 24.894184
v -113.673767 -113.000000 24.883087
v -114.285645 -113.441040 24.467167
v -114.708252 -113.689976 23.778400
v -114.884033 -113.671165 23.008270
v -114.913879 -113.580570 23.000000
v -114.883118 -113.673779 23.000000
v -114.133545 -113.320400 24.616318
v -114.623840 -113.624310 23.986595
v -114.864868 -113.688667 23.219185
v -113.964905 -113.192677 24.741203
v -114.519897 -113.539131 24.182861
v -114.829285 -113.681656 23.434883
v -113.781799 -113.062073 24.839825
v -113.765381 -113.000000 24.847759
v -113.855103 -113.000000 24.807980
v -114.396667 -113.437366 24.363125
v -114.775757 -113.650631 23.650631
v -114.254639 -113.322426 24.523777
v -114.703308 -113.596836 23.861706
v -114.900452 -113.615570 23.096764
v -114.095093 -113.198132 24.661774
v -114.611267 -113.522209 24.063541
v -114.875793 -113.621937 23.307732
v -113.919617 -113.068573 24.774704
v -113.942810 -113.000000 24.763844
v -114.499512 -113.429333 24.251846
v -114.833862 -113.604042 23.521660
v -114.368408 -113.321331 24.422729
v -114.773376 -113.562695 23.733803
v -114.218872 -113.201801 24.572796
v -114.693481 -113.499416 23.939499
v -114.912842 -113.554722 23.182415
v -114.052124 -113.074684 24.699253
v -114.028198 -113.000000 24.715458
v -114.111145 -113.000000 24.662941
v -114.593750 -113.416420 24.134277
v -114.882324 -113.550133 23.392666
v -114.474182 -113.316517 24.313999
v -114.833862 -113.521660 23.604042
v -114.335388 -113.203033 24.474960
v -114.766235 -113.470402 23.811829
v -114.940552 -113.480167 23.060104
v -114.961548 -113.390183 23.000000
v -114.940063 -113.485962 23.000000
v -114.178406 -113.079723 24.613998
v -114.191406 -113.000000 24.606415
v -114.268799 -113.000000 24.546021
v -114.678833 -113.398170 24.011421
v -114.921143 -113.488907 23.264832
v -114.571350 -113.307430 24.198479
v -114.884521 -113.473591 23.473591
v -114.444031 -113.201214 24.369026
v -114.829285 -113.434883 23.681656
v -114.297668 -113.083027 24.519569
v -114.343140 -113.000000 24.481903
v -114.754395 -113.374184 23.884342
v -114.950317 -113.420460 23.139328
v -114.659363 -113.293571 24.077141
v -114.925293 -113.418434 23.343624
v -114.544189 -113.195747 24.255852
v -114.882324 -113.392666 23.550133
v -114.409241 -113.083954 24.416679
v -114.414185 -113.000000 24.414215
v -114.481873 -113.000000 24.343117
v -114.820129 -113.344124 23.754135
v -114.737915 -113.274487 23.951004
v -114.956177 -113.356216 23.215324
v -114.635254 -113.186096 24.136353
v -114.925293 -113.343624 23.418434
v -114.512390 -113.081886 24.306122
v -114.546021 -113.000000 24.268787
v -114.875793 -113.307732 23.621937
v -114.806458 -113.249794 23.821144
v -114.977234 -113.287052 23.089844
v -114.990356 -113.196033 23.000000
v -114.978333 -113.293461 23.000000
v -114.716797 -113.171772 24.011513
v -114.958191 -113.287731 23.287731
v -114.606567 -113.076252 24.188774
v -114.606445 -113.000000 24.191399
v -114.662964 -113.000000 24.111141
v -114.921143 -113.264832 23.488907
v -114.864868 -113.219185 23.688667
v -114.788330 -113.152340 23.882374
v -114.980896 -113.225029 23.159191
v -114.691162 -113.066517 24.065578
v -114.715454 -113.000000 24.028206
v -114.956177 -113.215324 23.356216
v -114.912842 -113.182415 23.554722
v -114.849670 -113.127438 23.750019
v -114.993652 -113.155663 23.033970
v -114.997620 -113.098137 23.000000
v -114.765869 -113.052212 23.937534
v -114.763855 -113.000000 23.942795
v -114.807983 -113.000000 23.855110
v -114.980896 -113.159191 23.225029
v -114.950317 -113.139328 23.420460
v -114.900452 -113.096764 23.615570
v -114.830261 -113.032909 23.805698
v -114.847778 -113.000000 23.765366
v -114.995361 -113.096508 23.096508
v -114.997620 -113.000000 23.098137
v -115.000000 -113.000000 23.000000
v -114.977234 -113.089844 23.287052
v -114.978333 -113.000000 23.293461
v -114.990356 -113.000000 23.196033
v -114.940552 -113.060104 23.480167
v -114.961548 -113.000000 23.390183
v -114.913879 -113.000000 23.580570
v -114.940063 -113.000000 23.485962
v -114.884033 -113.008270 23.671165
v -114.883118 -113.000000 23.673779
v -114.993652 -113.033970 23.155663
v -114.969971 -113.017311 23.344975
v -115.000000 -113.000000 -25.000000
v -114.997620 -113.098137 -25.000000
v -114.990356 -113.196033 -25.000000
v -114.978333 -113.293461 -25.000000
v -114.961548 -113.390183 -25.000000
v -114.940063 -113.485962 -25.000000
v -114.913879 -113.580570 -25.000000
v -114.883118 -113.673779 -25.000000
v -114.847778 -113.765366 -25.000000
v -114.807983 -113.855110 -25.000000
v -114.763855 -113.942795 -25.000000
v -114.715454 -114.028206 -25.000000
v -114.662964 -114.111141 -25.000000
v -114.606445 -114.191399 -25.000000
v -114.546021 -114.268787 -25.000000
v -114.481873 -114.343117 -25.000000
v -114.414185 -114.414215 -25.000000
v -114.343140 -114.481903 -25.000000
v -114.268799 -114.546021 -25.000000
v -114.191406 -114.606415 -25.000000
v -114.111145 -114.662941 -25.000000
v -114.028198 -114.715458 -25.000000
v -113.942810 -114.763844 -25.000000
v -113.855103 -114.807980 -25.000000
v -113.765381 -114.847759 -25.000000
v -113.673767 -114.883087 -25.000000
v -113.580566 -114.913879 -25.000000
v -113.485962 -114.940063 -25.000000
v -113.390198 -114.961571 -25.000000
v -113.293457 -114.978352 -25.000000
v -113.196045 -114.990368 -25.000000
v -113.098145 -114.997589 -25.000000
v -113.000000 -115.000000 -25.000000

usemtl mat3
f 1 2 3
f 3 2 4
f 4 5 6
f 2 5 4
f 6 7 8
f 5 7 6
f 8 9 10
f 7 9 8
f 10 11 12
f 9 11 10
f 12 13 14
f 11 13 12
f 14 15 16
f 13 15 14
f 16 17 18
f 15 17 16
f 18 19 20
f 17 19 18
f 20 21 22
f 19 21 20
f 21 23 22
f 22 23 24
f 23 25 24
f 24 25 26
f 25 27 26
f 26 27 28
f 27 29 28
f 28 29 30
f 29 31 30
f 30 31 32
f 31 33 32
f 32 33 34
f 33 35 34
f 34 35 36
f 35 37 36
f 36 37 38
f 37 39 38
f 38 39 40
f 39 41 40
f 40 41 42
f 41 43 42
f 42 43 44
f 43 45 44
f 44 45 46
f 46 47 48
f 45 47 46
f 48 49 50
f 47 49 48
f 50 51 52
f 49 51 50
f 52 53 54
f 51 53 52
f 54 55 56
f 53 55 54
f 56 57 58
f 55 57 56
f 58 59 60
f 57 59 58
f 60 61 62
f 59 61 60
f 62 63 64
f 61 63 62
f 64 65 66
f 63 65 64
f 66 67 68
f 65 67 66
f 68 69 70
f 67 69 68
f 70 71 72
f 69 71 70
f 72 73 74
f 71 73 72
f 73 75 74
f 74 75 76
f 75 77 76
f 76 77 78
f 77 79 78
f 78 79 80
f 79 81 80
f 80 81 82
f 81 83 82
f 82 83 84
f 83 85 84
f 84 85 86
f 85 87 86
f 86 87 88
f 87 89 88
f 88 89 90
f 89 91 90
f 90 91 92
f 91 93 92
f 92 93 94
f 93 95 94
f 94 95 96
f 95 97 96
f 96 97 98
f 97 99 98
f 98 99 100
f 99 101 100
f 100 101 102
f 101 103 102
f 102 103 104
f 103 105 104
f 104 105 106
f 105 107 106
f 106 107 108
f 107 109 108
f 108 109 110
f 109 111 110
f 110 111 112
f 111 113 112
f 112 113 114
f 113 115 114
f 114 115 116
f 116 117 118
f 115 117 116
f 118 119 120
f 117 119 118
f 120 121 122
f 119 121 120
f 122 123 124
f 121 123 122
f 123 125 124
f 124 125 126
f 125 127 126
f 126 127 128
f 127 129 128
f 128 129 130
f 129 131 130
f 130 131 132
f 131 133 132
f 132 133 134
f 133 135 134
f 134 135 136
f 135 137 136
f 136 137 138
f 137 139 138
f 138 139 140
f 139 141 140
f 140 141 142
f 141 143 142
f 142 143 144
f 143 145 144
f 144 145 146
f 145 147 146
f 146 147 148
f 148 149 150
f 147 149 148
f 150 151 152
f 149 151 150
f 152 153 154
f 151 153 152
f 154 155 156
f 153 155 154
f 156 157 158
f 155 157 156
f 158 159 160
f 157 159 158
f 160 161 162
f 159 161 160
f 162 163 164
f 161 163 162
f 164 165 166
f 163 165 164
f 166 167 168
f 165 167 166
f 168 169 170
f 167 169 168
f 170 171 172
f 169 171 170
f 172 173 174
f 171 173 172
f 174 175 176
f 173 175 174
f 175 177 176
f 176 177 178
f 177 179 178
f 178 179 180
f 179 181 180
f 180 181 182
f 181 183 182
f 182 183 184
f 184 185 186
f 183 185 184
f 186 187 188
f 185 187 186
f 188 189 190
f 187 189 188
f 190 191 192
f 189 191 190
f 192 193 194
f 191 193 192
f 194 195 196
f 193 195 194
f 196 197 198
f 195 197 196
f 198 199 200
f 197 199 198
f 200 201 202
f 199 201 200
f 202 203 204
f 201 203 202
f 204 205 206
f 203 205 204
f 206 207 208
f 205 207 206
f 208 209 210
f 207 209 208
f 210 211 212
f 209 211 210
f 212 213 214
f 211 213 212
f 214 215 216
f 213 215 214
f 216 217 218
f 218 217 219
f 215 217 216
f 217 220 219
f 219 221 222
f 220 221 219
f 222 223 224
f 221 223 222
f 223 225 224
f 224 225 226
f 225 227 226
f 226 227 228
f 227 229 228
f 228 229 230
f 229 231 230
f 230 231 232
f 231 233 232
f 232 233 234
f 233 235 234
f 234 235 236
f 235 237 236
f 236 237 238
f 237 239 238
f 238 239 240
f 239 241 240
f 240 241 242
f 241 243 242
f 242 243 244
f 244 243 245
f 243 246 245
f 246 247 245
f 245 247 248
f 247 249 248
f 248 249 250
f 249 251 250
f 250 251 252
f 252 1 3
f 251 1 252
f 253 254 255
f 255 254 256
f 256 257 258
f 254 257 256
f 258 259 260
f 257 259 258
f 260 261 262
f 259 261 260
f 262 263 264
f 261 263 262
f 264 265 266
f 263 265 264
f 266 267 268
f 265 267 266
f 268 269 270
f 267 269 268
f 270 271 272
f 269 271 270
f 272 273 274
f 271 273 272
f 273 275 274
f 274 275 276
f 275 277 276
f 276 277 278
f 277 279 278
f 278 279 280
f 279 281 280
f 280 281 282
f 281 283 282
f 282 283 284
f 283 285 284
f 284 285 286
f 285 287 286
f 286 287 288
f 287 289 288
f 288 289 290
f 289 291 290
f 290 291 292
f 291 293 292
f 292 293 294
f 293 295 294
f 294 295 296
f 295 297 296
f 296 297 298
f 298 299 300
f 297 299 298
f 300 301 302
f 299 301 300
f 302 303 304
f 301 303 302
f 304 305 306
f 303 305 304
f 306 307 308
f 305 307 306
f 308 309 310
f 307 309 308
f 310 311 312
f 309 311 310
f 312 313 314
f 311 313 312
f 314 315 316
f 313 315 314
f 316 317 318
f 315 317 316
f 318 319 320
f 317 319 318
f 320 321 322
f 319 321 320
f 322 323 324
f 321 323 322
f 324 325 326
f 323 325 324
f 325 327 326
f 326 327 328
f 327 329 328
f 328 329 330
f 329 331 330
f 330 331 332
f 331 333 332
f 332 333 334
f 333 335 334
f 334 335 336
f 335 337 336
f 336 337 338
f 337 339 338
f 338 339 340
f 339 341 340
f 340 341 342
f 341 343 342
f 342 343 344
f 343 345 344
f 344 345 346
f 345 347 346
f 346 347 348
f 347 349 348
f 348 349 350
f 349 351 350
f 350 351 352
f 351 353 352
f 352 353 354
f 353 355 354
f 354 355 356
f 355 357 356
f 356 357 358
f 357 359 358
f 358 359 360
f 359 361 360
f 360 361 362
f 361 363 362
f 362 363 364
f 363 365 364
f 364 365 366
f 365 367 366
f 366 367 368
f 368 369 370
f 367 369 368
f 370 371 372
f 369 371 370
f 372 373 374
f 371 373 372
f 374 375 376
f 373 375 374
f 375 377 376
f 376 377 378
f 377 379 378
f 378 379 380
f 379 381 380
f 380 381 382
f 381 383 382
f 382 383 384
f 383 385 384
f 384 385 386
f 385 387 386
f 386 387 388
f 387 389 388
f 388 389 390
f 389 391 390
f 390 391 392
f 391 393 392
f 392 393 394
f 393 395 394
f 394 395 396
f 395 397 396
f 396 397 398
f 397 399 398
f 398 399 400
f 400 401 402
f 399 401 400
f 402 403 404
f 401 403 402
f 404 405 406
f 403 405 404
f 406 407 408
f 405 407 406
f 408 409 410
f 407 409 408
f 410 411 412
f 409 411 410
f 412 413 414
f 411 413 412
f 414 415 416
f 413 415 414
f 416 417 418
f 415 417 416
f 418 419 420
f 417 419 418
f 420 421 422
f 419 421 420
f 422 423 424
f 421 423 422
f 424 425 426
f 423 425 424
f 426 427 428
f 425 427 426
f 427 429 428
f 428 429 430
f 429 431 430
f 430 431 432
f 431 433 432
f 432 433 434
f 433 435 434
f 434 435 436
f 436 437 438
f 435 437 436
f 438 439 440
f 437 439 438
f 440 441 442
f 439 441 440
f 442 443 444
f 441 443 442
f 444 445 446
f 443 445 444
f 446 447 448
f 445 447 446
f 448 449 450
f 447 449 448
f 450 451 452
f 449 451 450
f 452 453 454
f 451 453 452
f 454 455 456
f 453 455 454
f 456 457 458
f 455 457 456
f 458 459 460
f 457 459 458
f 460 461 462
f 459 461 460
f 462 463 464
f 461 463 462
f 464 465 466
f 463 465 464
f 466 467 468
f 465 467 466
f 468 469 470
f 470 469 471
f 467 469 468
f 469 472 471
f 471 473 474
f 472 473 471
f 474 475 476
f 473 475 474
f 475 477 476
f 476 477 478
f 477 479 478
f 478 479 480
f 479 481 480
f 480 481 482
f 481 483 482
f 482 483 484
f 483 485 484
f 484 485 486
f 485 487 486
f 486 487 488
f 487 489 488
f 488 489 490
f 489 491 490
f 490 491 492
f 491 493 492
f 492 493 494
f 493 495 494
f 494 495 496
f 496 495 497
f 495 498 497
f 498 499 497
f 497 499 500
f 499 501 500
f 500 501 502
f 501 503 502
f 502 503 504
f 504 253 255
f 503 253 504
f 505 506 507
f 507 506 508
f 508 509 510
f 506 509 508
f 510 511 512
f 509 511 510
f 512 513 514
f 511 513 512
f 514 515 516
f 513 515 514
f 516 517 518
f 515 517 516
f 518 519 520
f 517 519 518
f 520 521 522
f 519 521 520
f 522 523 524
f 521 523 522
f 524 525 526
f 523 525 524
f 525 527 526
f 526 527 528
f 527 529 528
f 528 529 530
f 529 531 530
f 530 531 532
f 531 533 532
f 532 533 534
f 533 535 534
f 534 535 536
f 535 537 536
f 536 537 538
f 537 539 538
f 538 539 540
f 539 541 540
f 540 541 542
f 541 543 542
f 542 543 544
f 543 545 544
f 544 545 546
f 545 547 546
f 546 547 548
f 547 549 548
f 548 549 550
f 550 551 552
f 549 551 550
f 552 553 554
f 551 553 552
f 554 555 556
f 553 555 554
f 556 557 558
f 555 557 556
f 558 559 560
f 557 559 558
f 560 561 562
f 559 561 560
f 562 563 564
f 561 563 562
f 564 565 566
f 563 565 564
f 566 567 568
f 565 567 566
f 568 569 570
f 567 569 568
f 570 571 572
f 569 571 570
f 572 573 574
f 571 573 572
f 574 575 576
f 573 575 574
f 576 577 578
f 575 577 576
f 577 579 578
f 578 579 580
f 579 581 580
f 580 581 582
f 581 583 582
f 582 583 584
f 583 585 584
f 584 585 586
f 585 587 586
f 586 587 588
f 587 589 588
f 588 589 590
f 589 591 590
f 590 591 592
f 591 593 592
f 592 593 594
f 593 595 594
f 594 595 596
f 595 597 596
f 596 597 598
f 597 599 598
f 598 599 600
f 599 601 600
f 600 601 602
f 601 603 602
f 602 603 604
f 603 605 604
f 604 605 606
f 605 607 606
f 606 607 608
f 607 609 608
f 608 609 610
f 609 611 610
f 610 611 612
f 611 613 612
f 612 613 614
f 613 615 614
f 614 615 616
f 615 617 616
f 616 617 618
f 617 619 618
f 618 619 620
f 620 621 622
f 619 621 620
f 622 623 624
f 621 623 622
f 624 625 626
f 623 625 624
f 626 627 628
f 625 627 626
f 627 629 628
f 628 629 630
f 629 631 630
f 630 631 632
f 631 633 632
f 632 633 634
f 633 635 634
f 634 635 636
f 635 637 636
f 636 637 638
f 637 639 638
f 638 639 640
f 639 641 640
f 640 641 642
f 641 643 642
f 642 643 644
f 643 645 644
f 644 645 646
f 645 647 646
f 646 647 648
f 647 649 648
f 648 649 650
f 649 651 650
f 650 651 652
f 652 653 654
f 651 653 652
f 654 655 656
f 653 655 654
f 656 657 658
f 655 657 656
f 658 659 660
f 657 659 658
f 660 661 662
f 659 661 660
f 662 663 664
f 661 663 662
f 664 665 666
f 663 665 664
f 666 667 668
f 665 667 666
f 668 669 670
f 667 669 668
f 670 671 672
f 669 671 670
f 672 673 674
f 671 673 672
f 674 675 676
f 673 675 674
f 676 677 678
f 675 677 676
f 678 679 680
f 677 679 678
f 679 681 680
f 680 681 682
f 681 683 682
f 682 683 684
f 683 685 684
f 684 685 686
f 685 687 686
f 686 687 688
f 688 689 690
f 687 689 688
f 690 691 692
f 689 691 690
f 692 693 694
f 691 693 692
f 694 695 696
f 693 695 694
f 696 697 698
f 695 697 696
f 698 699 700
f 697 699 698
f 700 701 702
f 699 701 700
f 702 703 704
f 701 703 702
f 704 705 706
f 703 705 704
f 706 707 708
f 705 707 706
f 708 709 710
f 707 709 708
f 710 711 712
f 709 711 710
f 712 713 714
f 711 713 712
f 714 715 716
f 713 715 714
f 716 717 718
f 715 717 716
f 718 719 720
f 717 719 718
f 720 721 722
f 722 721 723
f 719 721 720
f 721 724 723
f 723 725 726
f 724 725 723
f 726 727 728
f 725 727 726
f 727 729 728
f 728 729 730
f 729 731 730
f 730 731 732
f 731 733 732
f 732 733 734
f 733 735 734
f 734 735 736
f 735 737 736
f 736 737 738
f 737 739 738
f 738 739 740
f 739 741 740
f 740 741 742
f 741 743 742
f 742 743 744
f 743 745 744
f 744 745 746
f 745 747 746
f 746 747 748
f 748 747 749
f 747 750 749
f 750 751 749
f 749 751 752
f 751 753 752
f 752 753 754
f 753 755 754
f 754 755 756
f 756 505 507
f 755 505 756
f 757 758 759
f 759 758 760
f 761 762 763
f 763 762 764
f 764 765 766
f 762 765 764
f 766 767 768
f 765 767 766
f 768 769 770
f 767 769 768
f 770 771 772
f 769 771 770
f 772 773 774
f 771 773 772
f 774 775 776
f 773 775 774
f 776 777 778
f 775 777 776
f 777 779 778
f 778 779 780
f 779 781 780
f 780 781 782
f 781 783 782
f 782 783 784
f 784 785 786
f 783 785 784
f 786 787 788
f 785 787 786
f 788 789 790
f 787 789 788
f 790 791 792
f 789 791 790
f 792 793 794
f 791 793 792
f 794 795 796
f 793 795 794
f 796 797 798
f 795 797 796
f 798 799 800
f 797 799 798
f 800 801 802
f 799 801 800
f 802 803 804
f 801 803 802
f 804 805 806
f 803 805 804
f 806 807 808
f 808 807 809
f 805 807 806
f 807 810 809
f 809 811 812
f 810 811 809
f 812 813 814
f 814 813 815
f 811 813 812
f 815 816 817
f 813 816 815
f 816 818 817
f 817 757 759
f 818 757 817
f 819 763 820
f 819 761 763
f 821 820 822
f 821 819 820
f 823 822 824
f 823 821 822
f 825 824 826
f 825 823 824
f 827 826 828
f 827 825 826
f 829 828 830
f 829 827 828
f 831 830 832
f 831 829 830
f 833 832 834
f 833 831 832
f 835 834 836
f 835 833 834
f 837 836 838
f 837 835 836
f 839 838 840
f 839 837 838
f 841 840 842
f 841 839 840
f 843 842 844
f 843 841 842
f 845 844 846
f 845 843 844
f 847 846 848
f 847 845 846
f 849 847 848
f 849 848 850
f 851 849 850
f 851 850 852
f 853 851 852
f 853 852 854
f 855 854 856
f 855 853 854
f 857 855 856
f 857 856 858
f 859 857 858
f 859 858 860
f 861 859 860
f 861 860 862
f 863 861 862
f 863 862 864
f 865 863 864
f 865 864 866
f 867 865 866
f 867 866 868
f 869 867 868
f 869 868 870
f 871 869 870
f 871 870 872
f 873 871 872
f 873 872 874
f 875 873 874
f 875 874 876
f 877 875 876
f 877 878 879
f 877 876 878
f 880 877 879
f 881 880 879
f 881 879 882
f 883 881 882
f 883 882 884
f 885 883 884
f 885 884 886
f 887 885 886
f 887 886 888
f 889 887 888
f 889 888 890
f 891 889 890
f 891 890 892
f 893 891 892
f 893 892 894
f 895 894 896
f 895 893 894
f 897 896 898
f 897 895 896
f 899 898 900
f 899 897 898
f 901 900 902
f 901 899 900
f 903 902 904
f 903 901 902
f 905 904 906
f 905 903 904
f 907 905 906
f 907 906 908
f 909 907 908
f 909 908 910
f 911 909 910
f 911 910 912
f 913 911 912
f 913 914 915
f 913 912 914
f 916 913 915
f 917 916 915
f 917 915 918
f 919 917 918
f 919 918 920
f 921 919 920
f 921 920 922
f 923 921 922
f 923 922 924
f 925 923 924
f 925 926 927
f 925 924 926
f 928 925 927
f 929 928 927
f 929 930 931
f 929 927 930
f 932 929 931
f 933 934 935
f 935 936 937
f 934 936 935
f 937 938 939
f 936 938 937
f 939 940 941
f 938 940 939
f 941 942 943
f 940 942 941
f 943 944 945
f 942 944 943
f 945 946 947
f 944 946 945
f 947 948 949
f 946 948 947
f 949 950 951
f 948 950 949
f 950 952 951
f 951 952 953
f 952 954 953
f 953 954 955
f 954 956 955
f 955 956 957
f 957 958 959
f 956 958 957
f 959 960 961
f 958 960 959
f 961 962 963
f 960 962 961
f 962 964 963
f 963 964 965
f 965 966 967
f 964 966 965
f 967 968 969
f 966 968 967
f 969 970 971
f 968 970 969
f 971 972 973
f 970 972 971
f 973 974 975
f 972 974 973
f 975 976 977
f 974 976 975
f 976 978 977
f 977 979 980
f 980 979 981
f 978 979 977
f 981 982 983
f 979 982 981
f 983 984 985
f 982 984 983
f 984 986 985
f 985 987 988
f 986 987 985
f 988 989 990
f 987 989 988
f 990 932 931
f 989 932 990
f 991 934 992
f 992 934 933
f 993 994 995
f 995 996 997
f 994 996 995
f 997 998 999
f 996 998 997
f 999 1000 1001
f 998 1000 999
f 1001 1002 1003
f 1000 1002 1001
f 1003 1004 1005
f 1002 1004 1003
f 1005 1006 1007
f 1004 1006 1005
f 1007 1008 1009
f 1006 1008 1007
f 1008 1010 1009
f 1009 1010 1011
f 1010 1012 1011
f 1011 1012 1013
f 1013 1014 1015
f 1012 1014 1013
f 1015 1016 1017
f 1014 1016 1015
f 1017 1018 1019
f 1016 1018 1017
f 1019 1020 1021
f 1018 1020 1019
f 1021 1022 1023
f 1020 1022 1021
f 1023 1024 1025
f 1022 1024 1023
f 1025 1026 1027
f 1024 1026 1025
f 1027 1028 1029
f 1026 1028 1027
f 1029 1030 1031
f 1028 1030 1029
f 1030 1032 1031
f 1031 1033 1034
f 1034 1033 1035
f 1032 1033 1031
f 1035 1036 1037
f 1033 1036 1035
f 1037 1038 1039
f 1036 1038 1037
f 1039 1040 1041
f 1038 1040 1039
f 1040 1042 1041
f 1041 1043 1044
f 1042 1043 1041
f 1044 1045 1046
f 1043 1045 1044
f 1046 1047 1048
f 1045 1047 1046
f 1048 1049 1050
f 1047 1049 1048
f 1050 1051 1052
f 1052 1051 1053
f 1049 1051 1050
f 1051 1054 1053
f 1053 1055 1056
f 1054 1055 1053
f 1056 991 992
f 1055 991 1056
f 1057 994 1058
f 1058 994 993
f 1059 1060 1061
f 1061 1062 1063
f 1060 1062 1061
f 1063 1064 1065
f 1062 1064 1063
f 1065 1066 1067
f 1064 1066 1065
f 1067 1068 1069
f 1066 1068 1067
f 1069 1070 1071
f 1068 1070 1069
f 1071 1072 1073
f 1070 1072 1071
f 1073 1074 1075
f 1072 1074 1073
f 1074 1076 1075
f 1075 1076 1077
f 1076 1078 1077
f 1077 1078 1079
f 1079 1080 1081
f 1078 1080 1079
f 1081 1082 1083
f 1080 1082 1081
f 1083 1084 1085
f 1082 1084 1083
f 1085 1086 1087
f 1084 1086 1085
f 1087 1088 1089
f 1086 1088 1087
f 1089 1090 1091
f 1088 1090 1089
f 1091 1092 1093
f 1090 1092 1091
f 1093 1094 1095
f 1092 1094 1093
f 1095 1096 1097
f 1094 1096 1095
f 1096 1098 1097
f 1097 1099 1100
f 1100 1099 1101
f 1098 1099 1097
f 1101 1102 1103
f 1099 1102 1101
f 1103 1104 1105
f 1102 1104 1103
f 1105 1106 1107
f 1104 1106 1105
f 1106 1108 1107
f 1107 1109 1110
f 1108 1109 1107
f 1110 1111 1112
f 1109 1111 1110
f 1112 1113 1114
f 1111 1113 1112
f 1114 1115 1116
f 1113 1115 1114
f 1116 1117 1118
f 1118 1117 1119
f 1115 1117 1116
f 1117 1120 1119
f 1119 1121 1122
f 1120 1121 1119
f 1122 1057 1058
f 1121 1057 1122
f 1123 1060 1124
f 1124 1060 1059
f 1125 1126 1127
f 1127 1128 1129
f 1126 1128 1127
f 1129 1130 1131
f 1128 1130 1129
f 1131 1132 1133
f 1130 1132 1131
f 1133 1134 1135
f 1132 1134 1133
f 1135 1136 1137
f 1134 1136 1135
f 1137 1138 1139
f 1136 1138 1137
f 1139 1140 1141
f 1138 1140 1139
f 1140 1142 1141
f 1141 1142 1143
f 1142 1144 1143
f 1143 1144 1145
f 1145 1146 1147
f 1144 1146 1145
f 1147 1148 1149
f 1146 1148 1147
f 1149 1150 1151
f 1148 1150 1149
f 1151 1152 1153
f 1150 1152 1151
f 1153 1154 1155
f 1152 1154 1153
f 1155 1156 1157
f 1154 1156 1155
f 1157 1158 1159
f 1156 1158 1157
f 1159 1160 1161
f 1158 1160 1159
f 1161 1162 1163
f 1160 1162 1161
f 1162 1164 1163
f 1163 1165 1166
f 1166 1165 1167
f 1164 1165 1163
f 1167 1168 1169
f 1165 1168 1167
f 1169 1170 1171
f 1168 1170 1169
f 1171 1172 1173
f 1170 1172 1171
f 1172 1174 1173
f 1173 1175 1176
f 1174 1175 1173
f 1176 1177 1178
f 1175 1177 1176
f 1178 1179 1180
f 1177 1179 1178
f 1180 1181 1182
f 1179 1181 1180
f 1182 1183 1184
f 1184 1183 1185
f 1181 1183 1182
f 1183 1186 1185
f 1185 1187 1188
f 1186 1187 1185
f 1188 1123 1124
f 1187 1123 1188
f 1189 1190 1125
f 1190 1126 1125
f 760 758 1191
f 1191 1192 1193
f 758 1192 1191
f 1193 1194 1195
f 1192 1194 1193
f 1195 1196 1197
f 1194 1196 1195
f 1197 1198 1199
f 1196 1198 1197
f 1199 1200 1201
f 1198 1200 1199
f 1201 1202 1203
f 1200 1202 1201
f 1203 1204 1205
f 1202 1204 1203
f 1204 1206 1205
f 1205 1206 1207
f 1206 1208 1207
f 1207 1208 1209
f 1209 1210 1211
f 1208 1210 1209
f 1211 1212 1213
f 1210 1212 1211
f 1213 1214 1215
f 1212 1214 1213
f 1215 1216 1217
f 1214 1216 1215
f 1217 1218 1219
f 1216 1218 1217
f 1219 1220 1221
f 1218 1220 1219
f 1221 1222 1223
f 1220 1222 1221
f 1223 1224 1225
f 1222 1224 1223
f 1225 1226 1227
f 1224 1226 1225
f 1226 1228 1227
f 1227 1229 1230
f 1230 1229 1231
f 1228 1229 1227
f 1231 1232 1233
f 1229 1232 1231
f 1233 1234 1235
f 1232 1234 1233
f 1235 1236 1237
f 1234 1236 1235
f 1236 1238 1237
f 1237 1239 1240
f 1238 1239 1237
f 1240 1241 1242
f 1239 1241 1240
f 1242 1243 1244
f 1241 1243 1242
f 1244 1245 1246
f 1243 1245 1244
f 1246 1247 1248
f 1248 1247 1249
f 1245 1247 1246
f 1247 1250 1249
f 1249 1251 1252
f 1250 1251 1249
f 1252 1190 1189
f 1251 1190 1252
f 1253 1254 1255
f 1255 1256 1257
f 1254 1256 1255
f 1257 1258 1259
f 1256 1258 1257
f 1259 1260 1261
f 1258 1260 1259
f 1261 1262 1263
f 1260 1262 1261
f 1263 1264 1265
f 1262 1264 1263
f 1265 1266 1267
f 1264 1266 1265
f 1267 1268 1269
f 1266 1268 1267
f 1268 1270 1269
f 1269 1270 1271
f 1270 1272 1271
f 1271 1272 1273
f 1272 1274 1273
f 1273 1274 1275
f 1274 1276 1275
f 1275 1276 1277
f 1276 1278 1277
f 1277 1278 1279
f 1278 1280 1279
f 1279 1280 1281
f 1280 1282 1281
f 1281 1282 1283
f 1282 1284 1283
f 1283 1284 1285
f 1284 1286 1285
f 1285 1286 1287
f 1286 1288 1287
f 1287 1288 1289
f 1288 1290 1289
f 1289 1290 1291
f 1290 1292 1291
f 1292 1293 1291
f 1291 1293 1294
f 1294 1293 1295
f 1295 1296 1297
f 1293 1296 1295
f 1297 1298 1299
f 1296 1298 1297
f 1299 1300 1301
f 1298 1300 1299
f 1300 1302 1301
f 1301 1303 1304
f 1302 1303 1301
f 1304 1305 1306
f 1303 1305 1304
f 1306 1307 1308
f 1305 1307 1306
f 1308 1309 1310
f 1307 1309 1308
f 1310 1311 1312
f 1312 1311 1313
f 1309 1311 1310
f 1311 1314 1313
f 1313 1315 1316
f 1314 1315 1313
f 1316 1317 1318
f 1315 1317 1316
f 1319 1320 1321
f 1321 1322 1323
f 1320 1322 1321
f 1323 1324 1325
f 1322 1324 1323
f 1325 1326 1327
f 1324 1326 1325
f 1327 1328 1329
f 1326 1328 1327
f 1329 1330 1331
f 1328 1330 1329
f 1331 1332 1333
f 1330 1332 1331
f 1333 1334 1335
f 1332 1334 1333
f 1334 1336 1335
f 1335 1336 1337
f 1336 1338 1337
f 1337 1338 1339
f 1338 1340 1339
f 1339 1340 1341
f 1340 1342 1341
f 1341 1342 1343
f 1342 1344 1343
f 1343 1344 1345
f 1344 1346 1345
f 1345 1346 1347
f 1346 1348 1347
f 1347 1348 1349
f 1348 1350 1349
f 1349 1350 1351
f 1350 1352 1351
f 1351 1352 1353
f 1352 1354 1353
f 1353 1354 1355
f 1354 1356 1355
f 1355 1356 1357
f 1356 1358 1357
f 1358 1359 1357
f 1357 1359 1360
f 1360 1359 1361
f 1361 1362 1363
f 1359 1362 1361
f 1363 1364 1365
f 1362 1364 1363
f 1365 1366 1367
f 1364 1366 1365
f 1366 1368 1367
f 1367 1369 1370
f 1368 1369 1367
f 1370 1371 1372
f 1369 1371 1370
f 1372 1373 1374
f 1371 1373 1372
f 1374 1375 1376
f 1373 1375 1374
f 1376 1377 1378
f 1378 1377 1379
f 1375 1377 1376
f 1377 1380 1379
f 1379 1381 1382
f 1380 1381 1379
f 1382 1383 1384
f 1381 1383 1382
f 1383 1385 1384
f 1384 1385 1386
f 1387 1388 1389
f 1389 1390 1391
f 1388 1390 1389
f 1391 1392 1393
f 1390 1392 1391
f 1393 1394 1395
f 1392 1394 1393
f 1395 1396 1397
f 1394 1396 1395
f 1397 1398 1399
f 1396 1398 1397
f 1399 1400 1401
f 1398 1400 1399
f 1401 1402 1403
f 1400 1402 1401
f 1402 1404 1403
f 1403 1404 1405
f 1404 1406 1405
f 1405 1406 1407
f 1406 1408 1407
f 1407 1408 1409
f 1408 1410 1409
f 1409 1410 1411
f 1410 1412 1411
f 1411 1412 1413
f 1412 1414 1413
f 1413 1414 1415
f 1414 1416 1415
f 1415 1416 1417
f 1416 1418 1417
f 1417 1418 1419
f 1418 1420 1419
f 1419 1420 1421
f 1420 1422 1421
f 1421 1422 1423
f 1422 1424 1423
f 1423 1424 1425
f 1424 1426 1425
f 1426 1427 1425
f 1425 1427 1428
f 1428 1427 1429
f 1429 1430 1431
f 1427 1430 1429
f 1431 1432 1433
f 1430 1432 1431
f 1433 1434 1435
f 1432 1434 1433
f 1434 1436 1435
f 1435 1437 1438
f 1436 1437 1435
f 1438 1439 1440
f 1437 1439 1438
f 1440 1441 1442
f 1439 1441 1440
f 1442 1443 1444
f 1441 1443 1442
f 1444 1445 1446
f 1446 1445 1447
f 1443 1445 1444
f 1445 1448 1447
f 1447 1449 1450
f 1448 1449 1447
f 1450 1451 1452
f 1449 1451 1450
f 1453 1388 1454
f 1454 1388 1387
f 1451 1455 1452
f 1452 1455 1456
f 1456 1455 1457
f 1457 1458 1459
f 1455 1458 1457
f 1459 1460 1461
f 1458 1460 1459
f 1461 1462 1463
f 1460 1462 1461
f 1463 1464 1465
f 1462 1464 1463
f 1465 1466 1467
f 1464 1466 1465
f 1467 1468 1469
f 1466 1468 1467
f 1469 1470 1471
f 1468 1470 1469
f 1470 1472 1471
f 1471 1472 1473
f 1472 1474 1473
f 1473 1474 1475
f 1474 1476 1475
f 1475 1476 1477
f 1476 1478 1477
f 1477 1478 1479
f 1478 1480 1479
f 1479 1480 1481
f 1480 1482 1481
f 1481 1482 1483
f 1482 1484 1483
f 1483 1484 1485
f 1484 1486 1485
f 1485 1486 1487
f 1486 1488 1487
f 1487 1488 1489
f 1488 1490 1489
f 1489 1490 1491
f 1490 1492 1491
f 1491 1492 1493
f 1492 1494 1493
f 1494 1495 1493
f 1493 1495 1496
f 1496 1495 1497
f 1497 1498 1499
f 1495 1498 1497
f 1499 1500 1501
f 1498 1500 1499
f 1501 1502 1503
f 1500 1502 1501
f 1502 1504 1503
f 1503 1505 1506
f 1504 1505 1503
f 1506 1507 1508
f 1505 1507 1506
f 1508 1509 1510
f 1507 1509 1508
f 1510 1511 1512
f 1509 1511 1510
f 1512 1513 1514
f 1514 1513 1515
f 1511 1513 1512
f 1513 1516 1515
f 1515 1517 1518
f 1516 1517 1515
f 1518 1519 1520
f 1517 1519 1518
f 1519 1521 1520
f 1520 1521 1522
f 1318 1317 1319
f 1317 1320 1319
f 1523 1524 1525
f 1525 1526 1527
f 1524 1526 1525
f 1527 1528 1529
f 1526 1528 1527
f 1529 1530 1531
f 1528 1530 1529
f 1531 1532 1533
f 1530 1532 1531
f 1533 1534 1535
f 1532 1534 1533
f 1535 1536 1537
f 1534 1536 1535
f 1537 1538 1539
f 1536 1538 1537
f 1538 1540 1539
f 1539 1540 1541
f 1540 1542 1541
f 1541 1542 1543
f 1542 1544 1543
f 1543 1544 1545
f 1544 1546 1545
f 1545 1546 1547
f 1546 1548 1547
f 1547 1548 1549
f 1548 1550 1549
f 1549 1550 1551
f 1550 1552 1551
f 1551 1552 1553
f 1552 1554 1553
f 1553 1554 1555
f 1554 1556 1555
f 1555 1556 1557
f 1556 1558 1557
f 1557 1558 1559
f 1558 1560 1559
f 1559 1560 1561
f 1560 1562 1561
f 1562 1563 1561
f 1561 1563 1564
f 1564 1563 1565
f 1565 1566 1567
f 1563 1566 1565
f 1567 1568 1569
f 1566 1568 1567
f 1569 1570 1571
f 1568 1570 1569
f 1570 1572 1571
f 1571 1573 1574
f 1572 1573 1571
f 1574 1575 1576
f 1573 1575 1574
f 1576 1577 1578
f 1575 1577 1576
f 1578 1579 1580
f 1577 1579 1578
f 1580 1581 1582
f 1582 1581 1583
f 1579 1581 1580
f 1581 1584 1583
f 1583 1585 1586
f 1584 1585 1583
f 1586 1587 1588
f 1585 1587 1586
f 1587 1254 1588
f 1588 1254 1253
f 1386 1385 1589
f 1589 1590 1591
f 1385 1590 1589
f 1591 1592 1593
f 1590 1592 1591
f 1593 1594 1595
f 1592 1594 1593
f 1595 1596 1597
f 1594 1596 1595
f 1597 1598 1599
f 1596 1598 1597
f 1599 1600 1601
f 1598 1600 1599
f 1601 1602 1603
f 1600 1602 1601
f 1602 1604 1603
f 1603 1604 1605
f 1604 1606 1605
f 1605 1606 1607
f 1606 1608 1607
f 1607 1608 1609
f 1608 1610 1609
f 1609 1610 1611
f 1610 1612 1611
f 1611 1612 1613
f 1612 1614 1613
f 1613 1614 1615
f 1614 1616 1615
f 1615 1616 1617
f 1616 1618 1617
f 1617 1618 1619
f 1618 1620 1619
f 1619 1620 1621
f 1620 1622 1621
f 1621 1622 1623
f 1622 1624 1623
f 1623 1624 1625
f 1624 1626 1625
f 1626 1627 1625
f 1625 1627 1628
f 1628 1627 1629
f 1629 1630 1631
f 1627 1630 1629
f 1631 1632 1633
f 1630 1632 1631
f 1633 1634 1635
f 1632 1634 1633
f 1634 1636 1635
f 1635 1637 1638
f 1636 1637 1635
f 1638 1639 1640
f 1637 1639 1638
f 1640 1641 1642
f 1639 1641 1640
f 1642 1643 1644
f 1641 1643 1642
f 1644 1645 1646
f 1646 1645 1647
f 1643 1645 1644
f 1645 1648 1647
f 1647 1649 1650
f 1648 1649 1647
f 1650 1651 1652
f 1649 1651 1650
f 1522 1521 1653
f 1653 1654 1655
f 1521 1654 1653
f 1655 1656 1657
f 1654 1656 1655
f 1657 1658 1659
f 1656 1658 1657
f 1659 1660 1661
f 1658 1660 1659
f 1661 1662 1663
f 1660 1662 1661
f 1663 1664 1665
f 1662 1664 1663
f 1665 1666 1667
f 1664 1666 1665
f 1666 1668 1667
f 1667 1668 1669
f 1668 1670 1669
f 1669 1670 1671
f 1670 1672 1671
f 1671 1672 1673
f 1672 1674 1673
f 1673 1674 1675
f 1674 1676 1675
f 1675 1676 1677
f 1676 1678 1677
f 1677 1678 1679
f 1678 1680 1679
f 1679 1680 1681
f 1680 1682 1681
f 1681 1682 1683
f 1682 1684 1683
f 1683 1684 1685
f 1684 1686 1685
f 1685 1686 1687
f 1686 1688 1687
f 1687 1688 1689
f 1688 1690 1689
f 1690 1691 1689
f 1689 1691 1692
f 1692 1691 1693
f 1693 1694 1695
f 1691 1694 1693
f 1695 1696 1697
f 1694 1696 1695
f 1697 1698 1699
f 1696 1698 1697
f 1698 1700 1699
f 1699 1701 1702
f 1700 1701 1699
f 1702 1703 1704
f 1701 1703 1702
f 1704 1705 1706
f 1703 1705 1704
f 1706 1707 1708
f 1705 1707 1706
f 1708 1709 1710
f 1710 1709 1711
f 1707 1709 1708
f 1709 1712 1711
f 1711 1713 1714
f 1712 1713 1711
f 1714 1715 1716
f 1713 1715 1714
f 1715 1717 1716
f 1716 1717 1718
f 1718 1717 1719
f 1719 1720 1721
f 1717 1720 1719
f 1721 1722 1723
f 1720 1722 1721
f 1723 1724 1725
f 1722 1724 1723
f 1725 1726 1727
f 1724 1726 1725
f 1727 1728 1729
f 1726 1728 1727
f 1729 1730 1731
f 1728 1730 1729
f 1731 1732 1733
f 1730 1732 1731
f 1732 1734 1733
f 1733 1734 1735
f 1734 1736 1735
f 1735 1736 1737
f 1736 1738 1737
f 1737 1738 1739
f 1738 1740 1739
f 1739 1740 1741
f 1740 1742 1741
f 1741 1742 1743
f 1742 1744 1743
f 1743 1744 1745
f 1744 1746 1745
f 1745 1746 1747
f 1746 1748 1747
f 1747 1748 1749
f 1748 1750 1749
f 1749 1750 1751
f 1750 1752 1751
f 1751 1752 1753
f 1752 1754 1753
f 1753 1754 1755
f 1754 1756 1755
f 1756 1757 1755
f 1755 1757 1758
f 1758 1757 1759
f 1759 1760 1761
f 1757 1760 1759
f 1761 1762 1763
f 1760 1762 1761
f 1763 1764 1765
f 1762 1764 1763
f 1764 1766 1765
f 1765 1767 1768
f 1766 1767 1765
f 1768 1769 1770
f 1767 1769 1768
f 1770 1771 1772
f 1769 1771 1770
f 1772 1773 1774
f 1771 1773 1772
f 1774 1775 1776
f 1776 1775 1777
f 1773 1775 1774
f 1775 1778 1777
f 1777 1779 1780
f 1778 1779 1777
f 1780 1453 1454
f 1779 1453 1780
f 1652 1651 1523
f 1651 1524 1523
f 1781 1782 1783
f 1783 1782 1784
f 1784 1785 1786
f 1782 1785 1784
f 1786 1787 1788
f 1785 1787 1786
f 1788 1789 1790
f 1787 1789 1788
f 1790 1791 1792
f 1789 1791 1790
f 1792 1793 1794
f 1791 1793 1792
f 1794 1795 1796
f 1793 1795 1794
f 1796 1797 1798
f 1795 1797 1796
f 1798 1799 1800
f 1797 1799 1798
f 1800 1801 1802
f 1799 1801 1800
f 1801 1803 1802
f 1802 1803 1804
f 1803 1805 1804
f 1804 1805 1806
f 1805 1807 1806
f 1806 1807 1808
f 1807 1809 1808
f 1808 1809 1810
f 1809 1811 1810
f 1810 1811 1812
f 1811 1813 1812
f 1812 1813 1814
f 1813 1815 1814
f 1814 1815 1816
f 1815 1817 1816
f 1816 1817 1818
f 1817 1819 1818
f 1818 1819 1820
f 1819 1821 1820
f 1820 1821 1822
f 1821 1823 1822
f 1822 1823 1824
f 1823 1825 1824
f 1824 1825 1826
f 1826 1827 1828
f 1825 1827 1826
f 1828 1829 1830
f 1827 1829 1828
f 1830 1831 1832
f 1829 1831 1830
f 1832 1833 1834
f 1831 1833 1832
f 1834 1835 1836
f 1833 1835 1834
f 1836 1837 1838
f 1835 1837 1836
f 1838 1839 1840
f 1837 1839 1838
f 1840 1841 1842
f 1839 1841 1840
f 1842 1843 1844
f 1841 1843 1842
f 1844 1845 1846
f 1843 1845 1844
f 1846 1847 1848
f 1845 1847 1846
f 1848 1849 1850
f 1847 1849 1848
f 1850 1851 1852
f 1849 1851 1850
f 1852 1853 1854
f 1851 1853 1852
f 1853 1855 1854
f 1854 1855 1856
f 1855 1857 1856
f 1856 1857 1858
f 1857 1859 1858
f 1858 1859 1860
f 1859 1861 1860
f 1860 1861 1862
f 1861 1863 1862
f 1862 1863 1864
f 1863 1865 1864
f 1864 1865 1866
f 1865 1867 1866
f 1866 1867 1868
f 1867 1869 1868
f 1868 1869 1870
f 1869 1871 1870
f 1870 1871 1872
f 1871 1873 1872
f 1872 1873 1874
f 1873 1875 1874
f 1874 1875 1876
f 1875 1877 1876
f 1876 1877 1878
f 1877 1879 1878
f 1878 1879 1880
f 1879 1881 1880
f 1880 1881 1882
f 1881 1883 1882
f 1882 1883 1884
f 1883 1885 1884
f 1884 1885 1886
f 1885 1887 1886
f 1886 1887 1888
f 1887 1889 1888
f 1888 1889 1890
f 1889 1891 1890
f 1890 1891 1892
f 1891 1893 1892
f 1892 1893 1894
f 1893 1895 1894
f 1894 1895 1896
f 1896 1897 1898
f 1895 1897 1896
f 1898 1899 1900
f 1897 1899 1898
f 1900 1901 1902
f 1899 1901 1900
f 1902 1903 1904
f 1901 1903 1902
f 1903 1905 1904
f 1904 1905 1906
f 1905 1907 1906
f 1906 1907 1908
f 1907 1909 1908
f 1908 1909 1910
f 1909 1911 1910
f 1910 1911 1912
f 1911 1913 1912
f 1912 1913 1914
f 1913 1915 1914
f 1914 1915 1916
f 1915 1917 1916
f 1916 1917 1918
f 1917 1919 1918
f 1918 1919 1920
f 1919 1921 1920
f 1920 1921 1922
f 1921 1923 1922
f 1922 1923 1924
f 1923 1925 1924
f 1924 1925 1926
f 1925 1927 1926
f 1926 1927 1928
f 1928 1929 1930
f 1927 1929 1928
f 1930 1931 1932
f 1929 1931 1930
f 1932 1933 1934
f 1931 1933 1932
f 1934 1935 1936
f 1933 1935 1934
f 1936 1937 1938
f 1935 1937 1936
f 1938 1939 1940
f 1937 1939 1938
f 1940 1941 1942
f 1939 1941 1940
f 1942 1943 1944
f 1941 1943 1942
f 1944 1945 1946
f 1943 1945 1944
f 1946 1947 1948
f 1945 1947 1946
f 1948 1949 1950
f 1947 1949 1948
f 1950 1951 1952
f 1949 1951 1950
f 1952 1953 1954
f 1951 1953 1952
f 1954 1955 1956
f 1953 1955 1954
f 1955 1957 1956
f 1956 1957 1958
f 1957 1959 1958
f 1958 1959 1960
f 1959 1961 1960
f 1960 1961 1962
f 1961 1963 1962
f 1962 1963 1964
f 1964 1965 1966
f 1963 1965 1964
f 1966 1967 1968
f 1965 1967 1966
f 1968 1969 1970
f 1967 1969 1968
f 1970 1971 1972
f 1969 1971 1970
f 1972 1973 1974
f 1971 1973 1972
f 1974 1975 1976
f 1973 1975 1974
f 1976 1977 1978
f 1975 1977 1976
f 1978 1979 1980
f 1977 1979 1978
f 1980 1981 1982
f 1979 1981 1980
f 1982 1983 1984
f 1981 1983 1982
f 1984 1985 1986
f 1983 1985 1984
f 1986 1987 1988
f 1985 1987 1986
f 1988 1989 1990
f 1987 1989 1988
f 1990 1991 1992
f 1989 1991 1990
f 1992 1993 1994
f 1991 1993 1992
f 1994 1995 1996
f 1993 1995 1994
f 1996 1997 1998
f 1998 1997 1999
f 1995 1997 1996
f 1997 2000 1999
f 1999 2001 2002
f 2000 2001 1999
f 2002 2003 2004
f 2001 2003 2002
f 2003 2005 2004
f 2004 2005 2006
f 2005 2007 2006
f 2006 2007 2008
f 2007 2009 2008
f 2008 2009 2010
f 2009 2011 2010
f 2010 2011 2012
f 2011 2013 2012
f 2012 2013 2014
f 2013 2015 2014
f 2014 2015 2016
f 2015 2017 2016
f 2016 2017 2018
f 2017 2019 2018
f 2018 2019 2020
f 2019 2021 2020
f 2020 2021 2022
f 2021 2023 2022
f 2022 2023 2024
f 2024 2023 2025
f 2023 2026 2025
f 2026 2027 2025
f 2025 2027 2028
f 2027 2029 2028
f 2028 2029 2030
f 2029 2031 2030
f 2030 2031 2032
f 2032 1781 1783
f 2031 1781 2032
f 2033 2034 2035
f 2035 2036 2037
f 2034 2036 2035
f 2037 2038 2039
f 2036 2038 2037
f 2039 2040 2041
f 2038 2040 2039
f 2041 2042 2043
f 2040 2042 2041
f 2043 2044 2045
f 2042 2044 2043
f 2045 2046 2047
f 2044 2046 2045
f 2047 2048 2049
f 2046 2048 2047
f 2049 2050 2051
f 2048 2050 2049
f 2051 2052 2053
f 2050 2052 2051
f 2053 2054 2055
f 2052 2054 2053
f 2055 2056 2057
f 2054 2056 2055
f 2057 2058 2059
f 2056 2058 2057
f 2058 2060 2059
f 2059 2060 2061
f 2060 2062 2061
f 2061 2062 2063
f 2062 2064 2063
f 2063 2064 2065
f 2064 2066 2065
f 2065 2066 2067
f 2067 2068 2069
f 2066 2068 2067
f 2068 2070 2069
f 2069 2070 2071
f 2071 2072 2073
f 2070 2072 2071
f 2073 2074 2075
f 2072 2074 2073
f 2074 2076 2075
f 2077 2034 2078
f 2078 2034 2033
f 2079 2080 2081
f 2081 2080 2082
f 2082 2083 2084
f 2080 2083 2082
f 2084 2085 2086
f 2083 2085 2084
f 2086 2087 2088
f 2085 2087 2086
f 2088 2089 2090
f 2087 2089 2088
f 2090 2091 2092
f 2089 2091 2090
f 2092 2093 2094
f 2091 2093 2092
f 2094 2095 2096
f 2093 2095 2094
f 2096 2097 2098
f 2095 2097 2096
f 2098 2099 2100
f 2097 2099 2098
f 2100 2101 2102
f 2099 2101 2100
f 2102 2103 2104
f 2101 2103 2102
f 2103 2105 2104
f 2104 2105 2106
f 2105 2107 2106
f 2106 2107 2108
f 2107 2109 2108
f 2108 2109 2110
f 2109 2111 2110
f 2110 2111 2112
f 2111 2113 2112
f 2112 2113 2114
f 2113 2115 2114
f 2114 2115 2116
f 2116 2117 2118
f 2115 2117 2116
f 2118 2119 2120
f 2117 2119 2118
f 2119 2077 2120
f 2120 2077 2078
f 2121 2122 2081
f 2122 2079 2081
f 2123 2124 2125
f 2125 2126 2127
f 2124 2126 2125
f 2127 2128 2129
f 2126 2128 2127
f 2129 2130 2131
f 2128 2130 2129
f 2131 2132 2133
f 2130 2132 2131
f 2133 2134 2135
f 2132 2134 2133
f 2135 2136 2137
f 2134 2136 2135
f 2137 2138 2139
f 2136 2138 2137
f 2139 2140 2141
f 2138 2140 2139
f 2141 2142 2143
f 2140 2142 2141
f 2143 2144 2145
f 2142 2144 2143
f 2145 2146 2147
f 2144 2146 2145
f 2147 2148 2149
f 2146 2148 2147
f 2148 2150 2149
f 2149 2150 2151
f 2150 2152 2151
f 2151 2152 2153
f 2152 2154 2153
f 2153 2154 2155
f 2154 2156 2155
f 2155 2156 2157
f 2157 2158 2159
f 2156 2158 2157
f 2158 2160 2159
f 2159 2160 2161
f 2161 2162 2163
f 2160 2162 2161
f 2163 2164 2121
f 2162 2164 2163
f 2164 2122 2121
f 2165 2124 2166
f 2166 2124 2123
f 2167 2168 2169
f 2169 2170 2171
f 2168 2170 2169
f 2171 2172 2173
f 2170 2172 2171
f 2173 2174 2175
f 2172 2174 2173
f 2175 2176 2177
f 2174 2176 2175
f 2177 2178 2179
f 2176 2178 2177
f 2179 2180 2181
f 2178 2180 2179
f 2181 2182 2183
f 2180 2182 2181
f 2183 2184 2185
f 2182 2184 2183
f 2185 2186 2187
f 2184 2186 2185
f 2187 2188 2189
f 2186 2188 2187
f 2189 2190 2191
f 2188 2190 2189
f 2191 2192 2193
f 2190 2192 2191
f 2192 2194 2193
f 2194 2195 2193
f 2193 2195 2196
f 2195 2197 2196
f 2196 2197 2198
f 2198 2197 2199
f 2197 2200 2199
f 2200 2201 2199
f 2199 2201 2202
f 2201 2203 2202
f 2202 2203 2204
f 2204 2203 2205
f 2203 2206 2205
f 2205 2207 2208
f 2206 2207 2205
f 2208 2165 2166
f 2207 2165 2208
f 2209 2168 2210
f 2210 2168 2167
f 2211 2212 2213
f 2213 2214 2215
f 2212 2214 2213
f 2215 2216 2217
f 2214 2216 2215
f 2217 2218 2219
f 2216 2218 2217
f 2219 2220 2221
f 2218 2220 2219
f 2221 2222 2223
f 2220 2222 2221
f 2223 2224 2225
f 2222 2224 2223
f 2225 2226 2227
f 2224 2226 2225
f 2227 2228 2229
f 2226 2228 2227
f 2229 2230 2231
f 2228 2230 2229
f 2231 2232 2233
f 2230 2232 2231
f 2233 2234 2235
f 2232 2234 2233
f 2235 2236 2237
f 2234 2236 2235
f 2236 2238 2237
f 2237 2238 2239
f 2238 2240 2239
f 2239 2240 2241
f 2240 2242 2241
f 2241 2242 2243
f 2242 2244 2243
f 2243 2244 2245
f 2245 2246 2247
f 2244 2246 2245
f 2246 2248 2247
f 2247 2248 2249
f 2249 2250 2251
f 2248 2250 2249
f 2251 2252 2210
f 2250 2252 2251
f 2252 2209 2210
f 2253 2212 2254
f 2254 2212 2211
f 2255 2256 2257
f 2257 2258 2259
f 2256 2258 2257
f 2259 2260 2261
f 2258 2260 2259
f 2261 2262 2263
f 2260 2262 2261
f 2263 2264 2265
f 2262 2264 2263
f 2265 2266 2267
f 2264 2266 2265
f 2267 2268 2269
f 2266 2268 2267
f 2269 2270 2271
f 2268 2270 2269
f 2271 2272 2273
f 2270 2272 2271
f 2273 2274 2275
f 2272 2274 2273
f 2275 2276 2277
f 2274 2276 2275
f 2277 2278 2279
f 2276 2278 2277
f 2279 2280 2281
f 2278 2280 2279
f 2280 2282 2281
f 2281 2282 2283
f 2282 2284 2283
f 2283 2284 2285
f 2284 2286 2285
f 2286 2287 2285
f 2285 2287 2288
f 2288 2287 2289
f 2289 2290 2291
f 2287 2290 2289
f 2290 2292 2291
f 2291 2293 2294
f 2294 2293 2295
f 2292 2293 2291
f 2293 2296 2295
f 2295 2253 2254
f 2296 2253 2295
f 2075 2076 2255
f 2076 2256 2255
f 2297 2298 2299
f 2297 2300 2298
f 2297 2301 2300
f 2297 2302 2301
f 2297 2303 2302
f 2297 2304 2303
f 2305 2306 2304
f 2305 2307 2306
f 2305 2308 2307
f 2305 2304 2297
f 2309 2308 2305
f 2309 2310 2308
f 2309 2311 2310
f 2309 2312 2311
f 2309 2313 2312
f 2314 2313 2309
f 2314 2315 2313
f 2314 2316 2315
f 2314 2317 2316
f 2314 2318 2317
f 2319 2318 2314
f 2319 2320 2318
f 2319 2321 2320
f 2319 2322 2321
f 2323 2322 2319
f 2323 2324 2322
f 2323 2325 2324
f 2323 2326 2325
f 2323 2327 2326
f 2328 2327 2323
f 2328 2329 2327
f 2328 2330 2329
f 2328 2331 2330
f 2332 2331 2328
f 2332 2333 2331
f 2332 2334 2333
f 2332 2335 2334
f 2336 2335 2332
f 2336 2337 2335
f 2336 2338 2337
f 2339 2340 2341
f 2339 2338 2336
f 2339 2342 2338
f 2339 2341 2342
f 2343 2299 2344
f 2343 2345 2346
f 2343 2297 2299
f 2343 2347 2345
f 2343 2348 2347
f 2343 2349 2348
f 2343 2350 2349
f 2343 2344 2350
f 2351 2352 2340
f 2351 2353 2352
f 2351 2340 2339
f 2354 2343 2346
f 2354 2355 2356
f 2354 2357 2355
f 2354 2358 2357
f 2354 2346 2358
f 2359 2360 2353
f 2359 2361 2360
f 2359 2362 2361
f 2359 2353 2351
f 2363 2354 2356
f 2363 2364 2365
f 2363 2366 2364
f 2363 2356 2366
f 2367 2368 2362
f 2367 2369 2368
f 2367 2362 2359
f 2370 2363 2365
f 2370 2371 2372
f 2370 2373 2371
f 2370 2365 2373
f 2374 2375 2369
f 2374 2369 2367
f 2374 2376 2375
f 2374 2377 2376
f 2378 2370 2372
f 2378 2379 2380
f 2378 2372 2379
f 2381 2382 2377
f 2381 2383 2382
f 2381 2377 2374
f 2384 2385 2386
f 2384 2387 2385
f 2384 2380 2387
f 2384 2378 2380
f 2388 2389 2383
f 2388 2390 2389
f 2388 2391 2390
f 2388 2383 2381
f 2392 2393 2394
f 2392 2386 2393
f 2392 2384 2386
f 2395 2396 2397
f 2395 2398 2396
f 2395 2394 2398
f 2395 2392 2394
f 2399 2400 2391
f 2399 2401 2400
f 2399 2402 2401
f 2399 2391 2388
f 2403 2404 2405
f 2403 2397 2404
f 2403 2395 2397
f 2406 2407 2402
f 2406 2408 2407
f 2406 2409 2408
f 2406 2402 2399
f 2410 2403 2405
f 2410 2411 2412
f 2410 2413 2411
f 2410 2405 2413
f 2414 2415 2409
f 2414 2409 2406
f 2416 2417 2415
f 2416 2418 2417
f 2416 2415 2414
f 2419 2420 2421
f 2419 2412 2420
f 2419 2410 2412
f 2422 2423 2418
f 2422 2424 2423
f 2422 2418 2416
f 2425 2426 2427
f 2425 2428 2426
f 2425 2421 2428
f 2425 2419 2421
f 2429 2430 2424
f 2429 2424 2422
f 2431 2432 2430
f 2431 2433 2432
f 2431 2430 2429
f 2434 2435 2436
f 2434 2427 2435
f 2434 2425 2427
f 2437 2438 2433
f 2437 2439 2438
f 2437 2433 2431
f 2440 2441 2442
f 2440 2443 2441
f 2440 2436 2443
f 2440 2434 2436
f 2444 2445 2439
f 2444 2446 2445
f 2444 2439 2437
f 2447 2446 2444
f 2447 2448 2446
f 2447 2449 2448
f 2450 2451 2452
f 2450 2442 2451
f 2450 2440 2442
f 2453 2454 2449
f 2453 2455 2454
f 2453 2449 2447
f 2456 2457 2458
f 2456 2459 2457
f 2456 2452 2459
f 2456 2450 2452
f 2460 2455 2453
f 2460 2461 2455
f 2460 2462 2461
f 2463 2464 2462
f 2463 2465 2464
f 2463 2462 2460
f 2466 2467 2468
f 2466 2469 2467
f 2466 2470 2469
f 2466 2458 2470
f 2466 2456 2458
f 2471 2465 2463
f 2471 2472 2465
f 2471 2473 2472
f 2471 2474 2473
f 2475 2474 2471
f 2475 2476 2474
f 2475 2477 2476
f 2478 2479 2480
f 2478 2468 2479
f 2478 2466 2468
f 2481 2482 2477
f 2481 2483 2482
f 2481 2484 2483
f 2481 2477 2475
f 2485 2486 2487
f 2485 2480 2486
f 2485 2478 2480
f 2488 2484 2481
f 2488 2489 2484
f 2488 2490 2489
f 2491 2487 2492
f 2491 2485 2487
f 2493 2494 2490
f 2493 2495 2494
f 2493 2496 2495
f 2493 2490 2488
f 2497 2498 2499
f 2497 2492 2498
f 2497 2491 2492
f 2500 2501 2496
f 2500 2502 2501
f 2500 2496 2493
f 2503 2504 2505
f 2503 2506 2504
f 2503 2499 2506
f 2503 2497 2499
f 2507 2508 2502
f 2507 2509 2508
f 2507 2510 2509
f 2507 2502 2500
f 2511 2512 2513
f 2511 2505 2512
f 2511 2503 2505
f 2514 2510 2507
f 2514 2515 2510
f 2514 2516 2515
f 2517 2511 2513
f 2517 2518 2519
f 2517 2520 2518
f 2517 2513 2520
f 2521 2516 2514
f 2521 2522 2516
f 2521 2523 2522
f 2521 2524 2523
f 2525 2519 2526
f 2525 2517 2519
f 2525 2526 2527
f 2528 2524 2521
f 2528 2529 2524
f 2528 2530 2529
f 2531 2525 2527
f 2531 2532 2533
f 2531 2534 2532
f 2531 2527 2534
f 2535 2530 2528
f 2535 2536 2530
f 2535 2537 2536
f 2535 2538 2537
f 2539 2531 2533
f 2539 2540 2541
f 2539 2533 2540
f 2542 2538 2535
f 2542 2543 2538
f 2542 2544 2543
f 2545 2539 2541
f 2545 2546 2547
f 2545 2548 2546
f 2545 2541 2548
f 2549 2544 2542
f 2549 2550 2544
f 2549 2551 2550
f 2549 2552 2551
f 2553 2545 2547
f 2553 2554 2555
f 2553 2547 2554
f 2556 2552 2549
f 2556 2557 2552
f 2556 2558 2557
f 2559 2553 2555
f 2559 2560 2561
f 2559 2562 2560
f 2559 2555 2562
f 2563 2564 2558
f 2563 2558 2556
f 2565 2559 2561
f 2565 2566 2567
f 2565 2561 2566
f 2568 2564 2563
f 2568 2569 2564
f 2568 2570 2569
f 2571 2572 2573
f 2571 2574 2572
f 2571 2567 2574
f 2571 2565 2567
f 2575 2570 2568
f 2575 2576 2570
f 2575 2577 2576
f 2578 2571 2573
f 2578 2579 2580
f 2578 2573 2579
f 2581 2578 2580
f 2581 2582 2583
f 2581 2584 2582
f 2581 2580 2584
f 2585 2577 2575
f 2585 2586 2577
f 2585 2587 2586
f 2585 2588 2587
f 2585 2589 2588
f 2590 2581 2583
f 2590 2591 2592
f 2590 2583 2591
f 2593 2590 2592
f 2593 2594 2595
f 2593 2592 2594
f 2596 2589 2585
f 2596 2597 2589
f 2596 2598 2597
f 2596 2599 2598
f 2600 2593 2595
f 2600 2601 2602
f 2600 2595 2601
f 2603 2600 2602
f 2603 2604 2605
f 2603 2602 2604
f 2606 2599 2596
f 2606 2607 2599
f 2606 2608 2607
f 2606 2609 2608
f 2610 2603 2605
f 2610 2611 2612
f 2610 2605 2611
f 2613 2610 2612
f 2613 2614 2615
f 2613 2612 2614
f 2616 2609 2606
f 2616 2617 2609
f 2616 2618 2617
f 2616 2619 2618
f 2616 2620 2619
f 2621 2622 2623
f 2621 2615 2622
f 2621 2613 2615
f 2624 2621 2623
f 2624 2623 2625
f 2626 2620 2616
f 2626 2627 2620
f 2626 2628 2627
f 2626 2629 2628
f 2630 2624 2625
f 2630 2631 2632
f 2630 2625 2631
f 2633 2630 2632
f 2633 2634 2635
f 2633 2632 2634
f 2636 2637 2638
f 2636 2629 2626
f 2636 2639 2629
f 2636 2638 2639
f 2640 2633 2635
f 2640 2635 2641
f 2642 2640 2641
f 2642 2643 2644
f 2642 2645 2643
f 2642 2641 2645
f 2646 2647 2637
f 2646 2648 2647
f 2646 2649 2648
f 2646 2637 2636
f 2650 2651 2649
f 2650 2652 2651
f 2650 2649 2646
f 2653 2654 2655
f 2653 2656 2654
f 2653 2644 2656
f 2653 2642 2644
f 2657 2658 2652
f 2657 2659 2658
f 2657 2652 2650
f 2660 2661 2659
f 2660 2662 2661
f 2660 2659 2657
f 2663 2653 2655
f 2663 2664 2665
f 2663 2666 2664
f 2663 2655 2666
f 2667 2668 2662
f 2667 2669 2668
f 2667 2670 2669
f 2667 2662 2660
f 2671 2672 2673
f 2671 2674 2672
f 2671 2665 2674
f 2671 2663 2665
f 2675 2676 2670
f 2675 2677 2676
f 2675 2670 2667
f 2678 2671 2673
f 2678 2679 2680
f 2678 2681 2679
f 2678 2682 2681
f 2678 2673 2682
f 2683 2684 2677
f 2683 2685 2684
f 2683 2686 2685
f 2683 2677 2675
f 2687 2688 2686
f 2687 2689 2688
f 2687 2690 2689
f 2687 2691 2690
f 2687 2686 2683
f 2692 2693 2694
f 2692 2695 2693
f 2692 2680 2695
f 2692 2678 2680
f 2696 2691 2687
f 2696 2697 2691
f 2696 2698 2697
f 2696 2699 2698
f 2700 2701 2702
f 2700 2703 2701
f 2700 2694 2703
f 2700 2692 2694
f 2704 2705 2699
f 2704 2706 2705
f 2704 2707 2706
f 2704 2708 2707
f 2704 2709 2708
f 2704 2299 2709
f 2704 2344 2299
f 2704 2699 2696
f 2710 2711 2712
f 2710 2713 2711
f 2710 2702 2713
f 2710 2700 2702
f 2714 2712 2715
f 2714 2710 2712
f 2716 2717 2718
f 2716 2719 2717
f 2716 2715 2719
f 2716 2714 2715
f 2720 2721 2722
f 2720 2723 2721
f 2720 2718 2723
f 2720 2716 2718
f 2724 2725 2726
f 2724 2727 2725
f 2724 2728 2727
f 2724 2722 2728
f 2724 2720 2722
f 2729 2730 2731
f 2729 2732 2730
f 2729 2726 2732
f 2729 2724 2726
f 2733 2734 2735
f 2733 2736 2734
f 2733 2737 2736
f 2733 2731 2737
f 2733 2729 2731
f 2738 2733 2735
f 2738 2739 2740
f 2738 2741 2739
f 2738 2742 2741
f 2738 2735 2742
f 2743 2744 2745
f 2743 2746 2744
f 2743 2740 2746
f 2743 2738 2740
f 2747 2748 2344
f 2747 2749 2748
f 2747 2750 2749
f 2747 2751 2750
f 2747 2752 2751
f 2747 2745 2752
f 2747 2743 2745
f 2747 2344 2704
f 2753 2388 2381
f 2753 2381 2754
f 2755 2753 2754
f 2756 2399 2388
f 2756 2388 2753
f 2757 2753 2755
f 2757 2756 2753
f 2758 2399 2756
f 2759 2756 2757
f 2759 2758 2756
f 2760 2758 2759
f 2761 2416 2414
f 2761 2414 2762
f 2763 2762 2764
f 2765 2416 2761
f 2766 2761 2762
f 2766 2762 2763
f 2767 2765 2761
f 2767 2761 2766
f 2768 2422 2416
f 2768 2416 2765
f 2769 2765 2767
f 2770 2422 2768
f 2771 2765 2769
f 2771 2768 2765
f 2772 2773 2774
f 2772 2774 2450
f 2772 2775 2773
f 2772 2450 2456
f 2776 2777 2775
f 2776 2772 2456
f 2776 2775 2772
f 2776 2456 2466
f 2778 2777 2776
f 2778 2779 2777
f 2778 2776 2466
f 2780 2781 2782
f 2780 2783 2781
f 2784 2785 2783
f 2784 2780 2485
f 2784 2485 2491
f 2784 2783 2780
f 2786 2787 2785
f 2786 2784 2491
f 2786 2788 2787
f 2786 2785 2784
f 2789 2788 2786
f 2789 2786 2491
f 2789 2491 2497
f 2790 2789 2497
f 2791 2563 2556
f 2791 2556 2792
f 2793 2563 2791
f 2794 2793 2791
f 2795 2568 2563
f 2795 2563 2793
f 2796 2793 2794
f 2797 2568 2795
f 2798 2795 2793
f 2798 2793 2796
f 2799 2797 2795
f 2799 2795 2798
f 2800 2797 2799
f 2801 2797 2800
f 2802 2596 2585
f 2803 2596 2802
f 2804 2802 2805
f 2804 2803 2802
f 2806 2803 2804
f 2806 2807 2803
f 2808 2809 2630
f 2808 2630 2633
f 2810 2811 2812
f 2810 2812 2808
f 2810 2808 2633
f 2810 2813 2811
f 2814 2815 2813
f 2814 2810 2633
f 2814 2813 2810
f 2814 2633 2640
f 2816 2814 2640
f 2816 2817 2815
f 2816 2818 2817
f 2816 2815 2814
f 2819 2636 2626
f 2820 2636 2819
f 2821 2820 2819
f 2821 2819 2822
f 2823 2824 2825
f 2823 2653 2663
f 2823 2826 2824
f 2823 2827 2653
f 2823 2825 2827
f 2828 2826 2823
f 2829 2657 2650
f 2829 2650 2830
f 2831 2830 2832
f 2833 2829 2830
f 2833 2830 2831
f 2834 2660 2657
f 2834 2657 2829
f 2835 2829 2833
f 2835 2834 2829
f 2836 2660 2834
f 2837 2836 2834
f 2837 2834 2835
f 2838 2692 2700
f 2839 2840 2838
f 2841 2838 2700
f 2841 2839 2838
f 2842 2843 2844
f 2842 2845 2843
f 2846 2842 2714
f 2846 2714 2716
f 2846 2845 2842
f 2846 2847 2845
f 2848 2716 2720
f 2848 2846 2716
f 2848 2847 2846
f 2848 2849 2847
f 2850 2848 2720
f 2850 2849 2848
f 2851 2367 2359
f 2851 2374 2367
f 2852 2851 2359
f 2852 2359 2853
f 2854 2851 2852
f 2855 2381 2374
f 2855 2374 2851
f 2855 2851 2854
f 2856 2852 2853
f 2857 2381 2855
f 2857 2855 2854
f 2857 2754 2381
f 2858 2852 2856
f 2859 2852 2858
f 2860 2852 2859
f 2860 2854 2852
f 2860 2754 2857
f 2860 2857 2854
f 2861 2399 2758
f 2861 2406 2399
f 2862 2406 2861
f 2862 2861 2758
f 2863 2757 2755
f 2863 2759 2757
f 2864 2414 2406
f 2864 2762 2414
f 2864 2406 2862
f 2865 2758 2760
f 2866 2862 2758
f 2866 2864 2862
f 2867 2866 2758
f 2867 2758 2865
f 2868 2864 2866
f 2868 2866 2867
f 2868 2764 2762
f 2868 2762 2864
f 2869 2865 2760
f 2869 2867 2865
f 2869 2868 2867
f 2869 2764 2868
f 2870 2863 2871
f 2870 2759 2863
f 2872 2873 2874
f 2872 2874 2425
f 2872 2875 2873
f 2876 2875 2872
f 2877 2759 2870
f 2877 2760 2759
f 2878 2764 2869
f 2878 2760 2877
f 2878 2877 2879
f 2878 2869 2760
f 2880 2876 2872
f 2881 2775 2777
f 2881 2777 2882
f 2881 2882 2883
f 2881 2773 2775
f 2884 2880 2872
f 2885 2884 2872
f 2885 2425 2434
f 2885 2434 2440
f 2885 2872 2425
f 2886 2764 2878
f 2886 2763 2764
f 2886 2766 2763
f 2887 2878 2879
f 2887 2886 2878
f 2888 2886 2887
f 2889 2431 2429
f 2890 2450 2774
f 2890 2774 2880
f 2890 2880 2884
f 2891 2429 2422
f 2891 2889 2429
f 2891 2422 2770
f 2892 2450 2890
f 2892 2885 2440
f 2892 2890 2884
f 2892 2440 2450
f 2892 2884 2885
f 2893 2444 2437
f 2893 2431 2889
f 2893 2437 2431
f 2894 2889 2891
f 2894 2893 2889
f 2895 2777 2779
f 2895 2882 2777
f 2896 2891 2770
f 2896 2894 2891
f 2897 2879 2895
f 2897 2895 2779
f 2898 2893 2894
f 2898 2894 2896
f 2899 2879 2897
f 2900 2898 2896
f 2901 2782 2897
f 2901 2897 2779
f 2902 2779 2778
f 2902 2901 2779
f 2903 2893 2898
f 2903 2444 2893
f 2904 2898 2900
f 2905 2899 2897
f 2905 2906 2899
f 2905 2782 2781
f 2905 2781 2783
f 2905 2897 2782
f 2907 2898 2904
f 2907 2903 2898
f 2908 2902 2778
f 2908 2901 2902
f 2909 2444 2903
f 2909 2447 2444
f 2910 2903 2907
f 2911 2447 2909
f 2912 2782 2901
f 2912 2901 2908
f 2912 2780 2782
f 2913 2908 2778
f 2913 2912 2908
f 2914 2903 2910
f 2914 2909 2903
f 2915 2913 2778
f 2916 2778 2466
f 2916 2466 2478
f 2916 2915 2778
f 2916 2478 2915
f 2917 2485 2780
f 2917 2780 2912
f 2917 2912 2913
f 2917 2915 2478
f 2917 2913 2915
f 2917 2478 2485
f 2918 2497 2503
f 2918 2790 2497
f 2918 2919 2790
f 2920 2921 2919
f 2920 2922 2921
f 2920 2923 2922
f 2924 2503 2511
f 2924 2918 2503
f 2925 2920 2919
f 2925 2919 2918
f 2925 2918 2924
f 2926 2927 2923
f 2926 2928 2927
f 2926 2923 2920
f 2929 2926 2920
f 2929 2517 2525
f 2929 2920 2925
f 2929 2511 2517
f 2929 2525 2926
f 2929 2924 2511
f 2929 2925 2924
f 2930 2525 2531
f 2930 2928 2926
f 2930 2926 2525
f 2931 2930 2531
f 2932 2521 2933
f 2932 2528 2521
f 2934 2535 2528
f 2934 2542 2535
f 2935 2934 2528
f 2935 2528 2932
f 2936 2549 2542
f 2936 2542 2934
f 2936 2934 2937
f 2938 2934 2935
f 2938 2937 2934
f 2939 2935 2932
f 2940 2549 2936
f 2940 2556 2549
f 2940 2936 2937
f 2940 2792 2556
f 2941 2935 2939
f 2942 2938 2935
f 2942 2935 2941
f 2943 2938 2942
f 2944 2938 2943
f 2945 2937 2938
f 2945 2938 2944
f 2945 2940 2937
f 2945 2792 2940
f 2946 2568 2797
f 2946 2575 2568
f 2947 2802 2585
f 2947 2585 2575
f 2948 2947 2575
f 2948 2575 2946
f 2948 2802 2947
f 2949 2948 2946
f 2949 2802 2948
f 2950 2946 2797
f 2950 2797 2801
f 2950 2949 2946
f 2951 2952 2603
f 2951 2603 2610
f 2953 2802 2949
f 2953 2949 2950
f 2954 2800 2799
f 2954 2801 2800
f 2955 2951 2610
f 2955 2956 2951
f 2955 2957 2956
f 2955 2958 2957
f 2959 2802 2953
f 2959 2805 2802
f 2960 2805 2959
f 2960 2950 2801
f 2960 2953 2950
f 2960 2959 2953
f 2961 2954 2962
f 2963 2958 2955
f 2963 2964 2965
f 2963 2965 2958
f 2966 2960 2801
f 2966 2954 2961
f 2966 2961 2967
f 2966 2801 2954
f 2968 2964 2963
f 2969 2804 2805
f 2969 2805 2960
f 2969 2960 2966
f 2970 2616 2606
f 2971 2966 2967
f 2971 2969 2966
f 2972 2968 2963
f 2973 2616 2970
f 2974 2613 2621
f 2974 2972 2963
f 2974 2610 2613
f 2974 2963 2955
f 2974 2955 2610
f 2975 2630 2809
f 2975 2809 2968
f 2975 2968 2972
f 2975 2624 2630
f 2976 2974 2621
f 2976 2972 2974
f 2976 2975 2972
f 2976 2624 2975
f 2976 2621 2624
f 2977 2815 2817
f 2977 2817 2818
f 2977 2978 2979
f 2980 2807 2806
f 2981 2973 2807
f 2982 2969 2971
f 2982 2804 2969
f 2983 2806 2804
f 2983 2804 2982
f 2983 2980 2806
f 2984 2807 2980
f 2984 2981 2807
f 2984 2985 2981
f 2986 2984 2980
f 2986 2980 2983
f 2986 2985 2984
f 2987 2819 2626
f 2987 2626 2616
f 2988 2977 2818
f 2988 2967 2978
f 2988 2978 2977
f 2989 2983 2982
f 2990 2616 2973
f 2990 2987 2616
f 2990 2973 2981
f 2990 2819 2987
f 2991 2967 2988
f 2992 2983 2989
f 2992 2986 2983
f 2993 2986 2992
f 2993 2994 2985
f 2993 2985 2986
f 2995 2996 2991
f 2995 2991 2988
f 2997 2825 2995
f 2997 2995 2988
f 2997 2988 2818
f 2998 2997 2818
f 2998 2818 2816
f 2999 2997 2998
f 3000 2996 2995
f 3000 2825 2824
f 3000 2995 2825
f 3000 2824 2826
f 3001 3000 2826
f 3001 2996 3000
f 3002 2981 2985
f 3002 2990 2981
f 3003 2999 2998
f 3003 2827 2999
f 3004 2997 2999
f 3004 2999 2827
f 3004 2827 2825
f 3004 2825 2997
f 3005 2990 3002
f 3005 2822 2819
f 3005 2819 2990
f 3006 2640 2642
f 3006 2998 2816
f 3006 2816 2640
f 3006 3003 2998
f 3007 3002 2985
f 3007 2822 3005
f 3007 3005 3002
f 3008 2985 2994
f 3008 3007 2985
f 3009 2646 2636
f 3009 2636 2820
f 3010 2827 3003
f 3010 3006 2642
f 3010 3003 3006
f 3011 3007 3008
f 3012 2646 3009
f 3012 3009 2820
f 3013 3001 2826
f 3014 2653 2827
f 3014 2827 3010
f 3014 3010 2642
f 3014 2642 2653
f 3015 2646 3012
f 3015 2650 2646
f 3015 2830 2650
f 3016 3017 2994
f 3018 2820 2821
f 3019 3015 3012
f 3019 3012 2820
f 3020 3019 2820
f 3020 2820 3018
f 3021 3017 3016
f 3021 3013 2826
f 3021 3016 3013
f 3022 3007 3011
f 3022 2822 3007
f 3023 2826 2828
f 3023 3021 2826
f 3024 2830 3015
f 3024 3019 3020
f 3024 2832 2830
f 3024 3015 3019
f 3025 3018 2821
f 3025 3020 3018
f 3025 3024 3020
f 3025 2832 3024
f 3026 2821 2822
f 3026 3025 2821
f 3026 2822 3022
f 3027 3017 3021
f 3027 3021 3023
f 3028 3026 3022
f 3029 2994 3017
f 3030 3028 3031
f 3030 3026 3028
f 3030 2832 3025
f 3030 3025 3026
f 3032 3027 3023
f 3032 3017 3027
f 3032 3023 2828
f 3033 3029 3017
f 3033 3034 3029
f 3033 3035 3034
f 3033 2840 3035
f 3036 3032 2828
f 3037 3017 3032
f 3037 3033 3017
f 3038 3030 3031
f 3038 2832 3030
f 3038 2831 2832
f 3038 2833 2831
f 3039 2678 3036
f 3039 2671 2678
f 3040 2667 2660
f 3041 2838 2840
f 3041 2840 3033
f 3041 3033 3037
f 3042 3036 2678
f 3042 3032 3036
f 3042 3037 3032
f 3042 3041 3037
f 3042 2838 3041
f 3043 3040 2660
f 3043 2660 2836
f 3044 2667 3040
f 3044 2675 2667
f 3045 3040 3043
f 3045 3044 3040
f 3046 3047 3035
f 3046 3035 2840
f 3046 2840 2839
f 3048 2837 2835
f 3048 2835 2833
f 3049 2833 3038
f 3049 3048 2833
f 3050 3048 3049
f 3051 2692 2838
f 3051 2838 3042
f 3051 3042 2678
f 3051 2678 2692
f 3052 3047 3046
f 3052 3031 3047
f 3053 3048 3050
f 3054 3043 2836
f 3055 2844 2843
f 3055 2843 2845
f 3055 3052 2844
f 3055 3031 3052
f 3056 3046 2839
f 3056 2844 3052
f 3056 3052 3046
f 3057 2839 2841
f 3057 3056 2839
f 3058 3044 3045
f 3059 3055 2845
f 3060 3057 2841
f 3060 3056 3057
f 3061 3056 3060
f 3061 2842 2844
f 3061 2844 3056
f 3062 3061 3060
f 3062 3060 2841
f 3063 3064 3058
f 3063 3058 3065
f 3066 3062 2841
f 3067 2841 2700
f 3067 3066 2841
f 3067 2710 3066
f 3067 2700 2710
f 3068 3059 2845
f 3068 3069 3059
f 3068 2845 2847
f 3068 2847 2849
f 3070 3069 3068
f 3071 2710 2714
f 3071 2842 3061
f 3071 3062 3066
f 3071 2714 2842
f 3071 3066 2710
f 3071 3061 3062
f 3072 3073 2850
f 3072 2850 2720
f 3074 2720 2724
f 3074 3072 2720
f 3075 3072 3074
f 3076 3077 3078
f 3079 2724 2729
f 3079 3074 2724
f 3079 3075 3074
f 3079 3076 3075
f 3080 3077 3076
f 3081 2351 2339
f 3081 2339 2336
f 3082 2336 3083
f 3082 3081 2336
f 3084 3081 3082
f 3085 2351 3081
f 3085 2359 2351
f 3085 3081 3084
f 3086 3082 3083
f 3087 2853 2359
f 3087 2359 3085
f 3087 3085 3084
f 3088 3082 3086
f 3089 3082 3088
f 3090 3084 3082
f 3090 2853 3087
f 3090 3087 3084
f 3090 3082 3089
f 3091 2858 2856
f 3091 2859 2858
f 3092 2754 2860
f 3092 2755 2754
f 3093 3091 3094
f 3095 3096 2403
f 3095 3097 3098
f 3095 3099 3097
f 3095 3098 3096
f 3100 2871 2863
f 3100 3101 2871
f 3100 2863 2755
f 3100 2755 3092
f 3100 3092 3101
f 3102 3099 3095
f 3103 2875 2876
f 3103 3104 3105
f 3103 2873 2875
f 3106 3102 3095
f 3107 3095 2403
f 3107 3106 3095
f 3107 2410 2419
f 3107 2403 2410
f 3108 2425 2874
f 3108 3102 3106
f 3108 2874 3102
f 3109 2419 2425
f 3109 2425 3108
f 3109 3106 3107
f 3109 3107 2419
f 3109 3108 3106
f 3110 2870 2871
f 3110 3111 2883
f 3110 2882 3112
f 3110 2883 2882
f 3110 3112 2870
f 3110 2871 3111
f 3113 2881 2883
f 3113 2773 2881
f 3113 2883 3114
f 3115 2774 2773
f 3115 2880 2774
f 3115 3113 3114
f 3115 2773 3113
f 3116 2877 2870
f 3116 2879 2877
f 3116 3112 2882
f 3116 2870 3112
f 3116 2895 2879
f 3116 2882 2895
f 3117 2766 2886
f 3117 2886 2888
f 3117 2769 2767
f 3117 2771 2769
f 3117 2767 2766
f 3117 2888 3118
f 3117 3118 3119
f 3117 3119 2771
f 3120 2770 2768
f 3120 2896 2770
f 3120 2768 2771
f 3121 2879 2899
f 3121 2906 3122
f 3121 2899 2906
f 3121 3122 3123
f 3121 2887 2879
f 3121 2888 2887
f 3121 3118 2888
f 3121 3123 3118
f 3124 3120 2771
f 3124 2771 3119
f 3125 3120 3124
f 3125 3124 3119
f 3126 2900 2896
f 3126 2896 3120
f 3126 3120 3125
f 3127 3126 3125
f 3128 3127 3125
f 3128 3119 3129
f 3128 3125 3119
f 3130 3122 3131
f 3130 3123 3122
f 3130 3131 3129
f 3130 3129 3119
f 3130 3119 3118
f 3130 3118 3123
f 3132 2900 3126
f 3132 3126 3127
f 3133 2904 2900
f 3133 2900 3132
f 3134 3132 3127
f 3134 3127 3128
f 3135 3132 3134
f 3135 3133 3132
f 3136 2447 2911
f 3136 2453 2447
f 3137 3122 2906
f 3137 3131 3122
f 3137 2905 2783
f 3137 2785 2787
f 3137 2906 2905
f 3137 2783 2785
f 3137 2788 3131
f 3137 2787 2788
f 3138 2453 3136
f 3138 2460 2453
f 3139 3138 3136
f 3140 2463 2460
f 3140 2460 3138
f 3140 2471 2463
f 3141 3140 3138
f 3141 3138 3139
f 3142 2914 2910
f 3143 3133 3135
f 3144 3129 3131
f 3145 3136 2911
f 3145 3139 3136
f 3145 3141 3139
f 3146 3131 2788
f 3147 3131 3146
f 3147 3144 3131
f 3148 3140 3141
f 3148 3141 3145
f 3149 3144 3147
f 3149 3150 3144
f 3151 3148 3145
f 3152 3149 3147
f 3152 2919 2921
f 3153 2471 3140
f 3153 3140 3148
f 3154 2788 2789
f 3154 2789 2790
f 3154 3147 3146
f 3154 3146 2788
f 3154 3152 3147
f 3154 2919 3152
f 3154 2790 2919
f 3155 3156 3150
f 3155 3149 3152
f 3155 3150 3149
f 3155 3152 2921
f 3157 3148 3151
f 3158 3159 3156
f 3158 3156 3155
f 3158 2921 2922
f 3158 3155 2921
f 3160 3153 3148
f 3160 3148 3157
f 3161 2927 2928
f 3162 2500 2493
f 3162 2507 2500
f 3163 3162 2493
f 3164 2507 3162
f 3164 2514 2507
f 3165 3164 3162
f 3166 3165 3162
f 3166 3162 3163
f 3167 3164 3165
f 3168 2514 3164
f 3168 2521 2514
f 3168 2933 2521
f 3168 3164 3167
f 3169 3166 3163
f 3170 3166 3169
f 3171 3166 3170
f 3172 3165 3166
f 3172 3167 3165
f 3172 3166 3171
f 3172 2933 3168
f 3172 3168 3167
f 3173 2931 2531
f 3173 3174 2931
f 3173 2531 2539
f 3175 3174 3173
f 3176 3177 3178
f 3176 3178 3174
f 3176 3179 3177
f 3180 3176 3174
f 3180 3174 3175
f 3181 2539 2545
f 3181 3175 3173
f 3181 3180 3175
f 3181 3173 2539
f 3182 3179 3176
f 3183 2545 2553
f 3183 3181 2545
f 3183 3176 3180
f 3183 3180 3181
f 3183 3182 3176
f 3183 2559 3182
f 3183 2553 2559
f 3184 2941 2939
f 3185 3184 3186
f 3187 2944 2943
f 3188 2944 3187
f 3189 2792 2945
f 3189 2794 2791
f 3189 2791 2792
f 3190 2945 2944
f 3190 2944 3188
f 3190 3189 2945
f 3191 3188 3187
f 3191 3187 3192
f 3193 3190 3188
f 3194 3195 3196
f 3194 3197 3198
f 3194 3198 3195
f 3199 3193 3188
f 3199 3188 3191
f 3200 3190 3193
f 3200 3189 3190
f 3201 2794 3189
f 3201 3200 3202
f 3201 3189 3200
f 3201 3202 2794
f 3203 3197 3194
f 3204 3193 3199
f 3204 3202 3200
f 3204 3205 3202
f 3204 3200 3193
f 3206 2956 2957
f 3206 3207 3208
f 3209 3203 3194
f 3210 3194 3196
f 3210 2581 2590
f 3210 2590 2593
f 3210 3209 3194
f 3210 3196 2581
f 3211 3203 3209
f 3212 3211 3209
f 3212 3210 2593
f 3212 3209 3210
f 3212 2593 2600
f 3213 2962 2954
f 3213 3214 2962
f 3213 2794 3202
f 3213 2796 2794
f 3213 2798 2796
f 3213 2799 2798
f 3213 2954 2799
f 3213 3202 3214
f 3215 2952 3203
f 3215 3203 3211
f 3215 3211 3212
f 3215 3212 2600
f 3215 2603 2952
f 3215 2600 2603
f 3216 2965 2964
f 3216 3217 3218
f 3219 3216 2964
f 3219 3220 3217
f 3219 3217 3216
f 3221 3222 3223
f 3221 3224 3222
f 3221 3205 3224
f 3221 3223 3214
f 3221 3202 3205
f 3221 3214 3202
f 3225 3224 3205
f 3226 2973 2970
f 3226 2970 2606
f 3226 2807 2973
f 3226 2606 2596
f 3226 2803 2807
f 3226 2596 2803
f 3227 3220 3219
f 3227 3225 3220
f 3228 2964 2968
f 3228 3219 2964
f 3228 3227 3219
f 3229 3224 3225
f 3229 3225 3227
f 3229 3227 3228
f 3230 2812 3224
f 3230 3224 3229
f 3231 2962 3214
f 3231 2961 2962
f 3231 2967 2961
f 3231 3223 3222
f 3231 3214 3223
f 3231 3222 2979
f 3231 2979 2978
f 3231 2978 2967
f 3232 3230 3229
f 3232 2968 2809
f 3232 2808 2812
f 3232 2809 2808
f 3232 2812 3230
f 3232 3228 2968
f 3232 3229 3228
f 3233 2812 2811
f 3233 3224 2812
f 3233 3222 3224
f 3233 2813 2815
f 3233 2811 2813
f 3233 2979 3222
f 3233 2815 2977
f 3233 2977 2979
f 3234 2971 2967
f 3234 3235 2982
f 3234 2982 2971
f 3236 3234 2967
f 3236 3235 3234
f 3237 2991 2996
f 3237 3236 2967
f 3237 3235 3236
f 3237 3001 3235
f 3237 2996 3001
f 3237 2967 2991
f 3238 2993 2992
f 3238 2994 2993
f 3238 2982 3235
f 3238 2989 2982
f 3238 2992 2989
f 3239 3238 3235
f 3239 2994 3238
f 3240 3239 3235
f 3240 2994 3239
f 3240 3235 3001
f 3240 3001 3013
f 3240 3016 2994
f 3240 3013 3016
f 3241 3242 3022
f 3241 3011 3008
f 3241 3008 2994
f 3241 3022 3011
f 3243 3242 3241
f 3243 3241 2994
f 3244 2994 3029
f 3244 3243 2994
f 3244 3029 3034
f 3244 3034 3035
f 3244 3035 3242
f 3244 3242 3243
f 3245 3031 3028
f 3245 3022 3242
f 3245 3028 3022
f 3246 3031 3245
f 3246 3245 3242
f 3247 2663 2671
f 3247 3036 2828
f 3247 3039 3036
f 3247 2823 2663
f 3247 2828 2823
f 3247 2671 3039
f 3248 3035 3047
f 3248 3242 3035
f 3248 3246 3242
f 3248 3031 3246
f 3248 3047 3031
f 3249 3038 3031
f 3249 3049 3038
f 3249 3250 3049
f 3251 3054 2836
f 3251 2836 2837
f 3252 3249 3031
f 3252 3250 3249
f 3253 3054 3251
f 3253 3251 2837
f 3254 3044 3058
f 3254 3058 3064
f 3254 2675 3044
f 3254 3064 2683
f 3254 2683 2675
f 3255 3253 2837
f 3255 3048 3053
f 3255 2837 3048
f 3256 3055 3059
f 3256 3252 3031
f 3256 3250 3252
f 3256 3059 3250
f 3256 3031 3055
f 3257 3255 3053
f 3257 3253 3255
f 3258 3259 3054
f 3258 3054 3253
f 3258 3253 3257
f 3260 3258 3257
f 3261 3259 3065
f 3261 3054 3259
f 3261 3058 3045
f 3261 3045 3043
f 3261 3043 3054
f 3261 3065 3058
f 3262 3263 3053
f 3262 3053 3050
f 3262 3050 3049
f 3262 3049 3250
f 3264 3053 3263
f 3264 3257 3053
f 3264 3260 3257
f 3265 3263 3262
f 3265 3262 3250
f 3266 3258 3260
f 3266 3260 3264
f 3267 3059 3069
f 3267 3263 3265
f 3267 3070 3263
f 3267 3069 3070
f 3267 3250 3059
f 3267 3265 3250
f 3268 2687 2683
f 3269 2683 3064
f 3269 3268 2683
f 3270 2687 3268
f 3270 2696 2687
f 3271 3270 3268
f 3271 3268 3269
f 3272 3063 3065
f 3273 3271 3269
f 3273 3269 3064
f 3274 3272 3275
f 3276 3263 3070
f 3277 3068 2849
f 3277 3070 3068
f 3278 3276 3070
f 3278 3070 3277
f 3279 3280 3276
f 3279 3276 3278
f 3281 3277 2849
f 3281 3278 3277
f 3282 3280 3279
f 3282 3279 3278
f 3282 3073 3283
f 3282 3278 3281
f 3282 3281 3073
f 3284 2849 2850
f 3284 2850 3073
f 3284 3073 3281
f 3284 3281 2849
f 3285 3078 3077
f 3285 3286 3287
f 3288 3078 3283
f 3288 3283 3073
f 3288 3073 3072
f 3288 3076 3078
f 3288 3072 3075
f 3288 3075 3076
f 3289 2747 2704
f 3290 2729 2733
f 3290 2733 3080
f 3290 3079 2729
f 3290 3076 3079
f 3290 3080 3076
f 3291 3080 2733
f 3291 3292 3080
f 3293 2733 2738
f 3293 3291 2733
f 3294 3292 3291
f 3294 3291 3293
f 3295 2738 2743
f 3295 3293 2738
f 3295 3294 3293
f 3296 2332 2328
f 3297 3296 3298
f 3299 2336 2332
f 3299 2332 3296
f 3299 3296 3297
f 3300 3298 3301
f 3302 3299 3297
f 3302 2336 3299
f 3302 3083 2336
f 3303 3298 3300
f 3304 3083 3302
f 3305 3088 3086
f 3305 3089 3088
f 3306 2856 2853
f 3306 2853 3090
f 3307 3090 3089
f 3307 3306 3090
f 3308 3305 3309
f 3308 3089 3305
f 3308 3307 3089
f 3310 3311 3312
f 3310 3313 3311
f 3314 3307 3308
f 3315 3306 3307
f 3315 3307 3314
f 3316 3091 2856
f 3316 2856 3306
f 3316 3306 3315
f 3316 3315 3094
f 3316 3094 3091
f 3317 3314 3308
f 3317 3318 3094
f 3317 3315 3314
f 3317 3094 3315
f 3319 3098 3097
f 3319 3097 3099
f 3319 3099 3320
f 3319 3320 3321
f 3322 2392 2395
f 3322 3323 3310
f 3324 2403 3096
f 3324 3096 3325
f 3326 3092 2860
f 3326 2860 2859
f 3326 3101 3092
f 3327 2403 3324
f 3327 3322 2395
f 3327 3323 3322
f 3327 3324 3323
f 3327 2395 2403
f 3328 3094 3318
f 3328 3329 3093
f 3328 3318 3105
f 3328 3104 3329
f 3328 3105 3104
f 3328 3093 3094
f 3330 3105 3318
f 3331 2859 3091
f 3331 3326 2859
f 3331 3091 3093
f 3331 3101 3326
f 3332 3330 3320
f 3333 3099 3102
f 3333 3320 3099
f 3333 3332 3320
f 3334 3101 3331
f 3334 2871 3101
f 3334 3331 3093
f 3334 3111 2871
f 3335 3093 3329
f 3336 3332 3333
f 3336 3105 3330
f 3336 3330 3332
f 3337 3111 3334
f 3337 3334 3093
f 3337 3093 3335
f 3338 3105 3336
f 3338 3103 3105
f 3338 2873 3103
f 3339 3111 3337
f 3339 3337 3335
f 3340 3339 3335
f 3340 3335 3329
f 3340 3329 3104
f 3341 2874 2873
f 3341 3336 3333
f 3341 3333 3102
f 3341 2873 3338
f 3341 3338 3336
f 3341 3102 2874
f 3342 3339 3340
f 3342 3340 3104
f 3342 3111 3339
f 3343 3342 3104
f 3343 3111 3342
f 3343 2883 3111
f 3343 3114 2883
f 3344 3343 3104
f 3344 3114 3343
f 3344 3103 2876
f 3344 3104 3103
f 3345 3344 2876
f 3345 2876 2880
f 3345 3115 3114
f 3345 2880 3115
f 3345 3114 3344
f 3346 2904 3133
f 3346 3347 3142
f 3346 2910 2907
f 3346 2907 2904
f 3346 3142 2910
f 3346 3143 3347
f 3346 3133 3143
f 3348 3128 3129
f 3348 3134 3128
f 3348 3135 3134
f 3348 3349 3143
f 3348 3143 3135
f 3350 3145 2911
f 3350 2909 2914
f 3350 2911 2909
f 3351 3145 3350
f 3352 3350 2914
f 3352 3351 3350
f 3353 3349 3348
f 3353 3348 3129
f 3354 3351 3352
f 3355 3142 3347
f 3355 3354 3352
f 3355 2914 3142
f 3355 3352 2914
f 3356 3156 3159
f 3356 3159 3349
f 3356 3349 3353
f 3356 3150 3156
f 3356 3353 3129
f 3356 3129 3144
f 3356 3144 3150
f 3357 3354 3355
f 3358 3151 3145
f 3358 3145 3351
f 3358 3351 3354
f 3358 3354 3357
f 3359 3357 3355
f 3359 3358 3357
f 3360 2481 2475
f 3360 2475 2471
f 3361 3347 3143
f 3361 3143 3349
f 3362 3355 3347
f 3362 3359 3355
f 3362 3347 3361
f 3362 3361 3363
f 3364 2471 3153
f 3364 3360 2471
f 3365 3361 3349
f 3365 3363 3361
f 3366 3151 3358
f 3366 3358 3359
f 3367 3366 3359
f 3367 3359 3362
f 3368 3151 3366
f 3368 3157 3151
f 3368 3160 3157
f 3369 3366 3367
f 3370 3349 3159
f 3370 3159 3371
f 3370 3365 3349
f 3370 3363 3365
f 3372 3366 3369
f 3372 3368 3366
f 3373 2927 3161
f 3373 3161 3371
f 3373 3159 3158
f 3373 2922 2923
f 3373 2923 2927
f 3373 3371 3159
f 3373 3158 2922
f 3374 2481 3360
f 3374 3360 3364
f 3375 2493 2488
f 3375 2488 2481
f 3375 2481 3374
f 3376 3153 3160
f 3377 3375 3374
f 3377 2493 3375
f 3377 3163 2493
f 3378 3379 3376
f 3378 3376 3160
f 3378 3380 3379
f 3381 3378 3160
f 3381 3160 3368
f 3381 3368 3372
f 3382 3379 3380
f 3383 3370 3371
f 3383 3363 3370
f 3384 3371 3161
f 3384 3161 2928
f 3384 3383 3371
f 3385 3378 3381
f 3386 3387 3380
f 3386 3380 3378
f 3386 3378 3385
f 3388 3384 2928
f 3389 3383 3384
f 3389 3390 3383
f 3389 3384 3391
f 3392 3384 3388
f 3392 3391 3384
f 3393 3382 3380
f 3394 3174 3178
f 3394 3389 3391
f 3394 3391 3392
f 3395 3392 3388
f 3395 3174 3394
f 3395 3394 3392
f 3396 3169 3163
f 3397 3398 3390
f 3397 3390 3389
f 3397 3394 3178
f 3397 3399 3398
f 3397 3389 3394
f 3400 3174 3395
f 3400 2928 2930
f 3400 2931 3174
f 3400 3388 2928
f 3400 3395 3388
f 3400 2930 2931
f 3401 3169 3396
f 3401 3396 3393
f 3401 3393 3380
f 3402 3403 3399
f 3402 3179 3403
f 3402 3178 3177
f 3402 3177 3179
f 3402 3397 3178
f 3402 3399 3397
f 3404 3380 3387
f 3404 3401 3380
f 3405 3401 3404
f 3405 3169 3401
f 3406 3407 3387
f 3408 3170 3169
f 3408 3171 3170
f 3409 3403 3179
f 3409 3407 3406
f 3409 3410 3403
f 3409 3406 3410
f 3411 3169 3405
f 3411 3408 3169
f 3412 2932 2933
f 3412 2939 2932
f 3412 2933 3172
f 3413 3172 3171
f 3414 3171 3408
f 3414 3413 3171
f 3415 3409 3179
f 3415 3179 3182
f 3416 2939 3412
f 3416 3172 3413
f 3416 3412 3172
f 3417 3408 3411
f 3417 3414 3408
f 3418 3407 3409
f 3418 3409 3415
f 3419 3413 3414
f 3420 3413 3419
f 3420 3416 3413
f 3421 3414 3417
f 3422 2939 3416
f 3422 3416 3420
f 3422 3184 2939
f 3422 3420 3186
f 3422 3186 3184
f 3423 3387 3407
f 3424 3419 3414
f 3424 3414 3421
f 3425 3420 3419
f 3425 3186 3420
f 3425 3419 3424
f 3426 3407 3418
f 3427 3428 3195
f 3429 3423 3407
f 3429 3428 3423
f 3429 3195 3428
f 3430 3407 3426
f 3430 3429 3407
f 3431 3182 2559
f 3432 3196 3195
f 3432 3195 3429
f 3432 3429 3430
f 3433 2565 2571
f 3433 3431 2559
f 3433 2559 2565
f 3434 3433 2571
f 3434 3431 3433
f 3435 2941 3184
f 3435 2942 2941
f 3435 3187 2943
f 3435 2943 2942
f 3435 3184 3185
f 3435 3192 3187
f 3435 3185 3192
f 3436 3437 3192
f 3436 3186 3425
f 3436 3425 3438
f 3436 3185 3186
f 3436 3192 3185
f 3439 3440 3427
f 3439 3198 3197
f 3439 3195 3198
f 3439 3427 3195
f 3441 3442 3440
f 3441 3443 3442
f 3441 3439 3197
f 3441 3440 3439
f 3444 3437 3436
f 3444 3436 3438
f 3445 2581 3196
f 3446 3438 3447
f 3446 3437 3444
f 3446 3447 3208
f 3446 3444 3438
f 3446 3218 3437
f 3446 3207 3218
f 3446 3208 3207
f 3448 2581 3445
f 3448 2578 2581
f 3448 2571 2578
f 3448 3445 3434
f 3448 3434 2571
f 3449 3443 3441
f 3449 3447 3443
f 3450 3441 3197
f 3450 3197 3203
f 3450 3449 3441
f 3451 3208 3447
f 3451 3447 3449
f 3451 3449 3450
f 3452 3204 3199
f 3452 3191 3192
f 3452 3199 3191
f 3452 3205 3204
f 3452 3192 3437
f 3453 2956 3206
f 3453 3208 3451
f 3453 3206 3208
f 3454 3205 3452
f 3454 3452 3437
f 3455 3450 3203
f 3455 2956 3453
f 3455 3451 3450
f 3455 3453 3451
f 3456 3203 2952
f 3456 2956 3455
f 3456 3455 3203
f 3456 2952 2951
f 3456 2951 2956
f 3457 3205 3454
f 3457 3437 3218
f 3457 3454 3437
f 3457 3225 3205
f 3457 3218 3217
f 3457 3217 3220
f 3457 3220 3225
f 3458 3216 3218
f 3458 3218 3207
f 3458 3207 3206
f 3458 2965 3216
f 3458 3206 2957
f 3458 2957 2958
f 3458 2958 2965
f 3459 3065 3259
f 3459 3272 3065
f 3459 3266 3460
f 3459 3460 3275
f 3459 3259 3258
f 3459 3275 3272
f 3459 3258 3266
f 3461 3064 3063
f 3461 3273 3064
f 3462 3460 3266
f 3462 3264 3263
f 3462 3266 3264
f 3463 2704 2696
f 3464 2696 3270
f 3464 3463 2696
f 3465 2704 3463
f 3466 3461 3063
f 3466 3273 3461
f 3467 3463 3464
f 3467 2704 3465
f 3467 3465 3463
f 3468 3460 3462
f 3468 3469 3460
f 3470 3462 3263
f 3470 3468 3462
f 3471 3063 3272
f 3471 3272 3274
f 3471 3466 3063
f 3472 3276 3280
f 3472 3263 3276
f 3472 3280 3473
f 3472 3470 3263
f 3474 3270 3271
f 3474 3271 3273
f 3474 3273 3475
f 3474 3464 3270
f 3474 3467 3464
f 3476 3472 3473
f 3476 3470 3472
f 3476 3473 3469
f 3476 3469 3468
f 3476 3468 3470
f 3477 3466 3471
f 3477 3471 3274
f 3478 3466 3477
f 3478 3475 3273
f 3478 3273 3466
f 3479 3467 3474
f 3479 3474 3475
f 3479 3475 3289
f 3479 3289 2704
f 3479 2704 3467
f 3480 3478 3477
f 3481 3275 3460
f 3481 3274 3275
f 3481 3460 3469
f 3482 3477 3274
f 3482 3480 3477
f 3482 3481 3483
f 3482 3274 3481
f 3484 3483 3481
f 3484 3481 3469
f 3485 3480 3482
f 3485 3478 3480
f 3485 3475 3478
f 3486 3483 3484
f 3486 3484 3469
f 3486 3473 3287
f 3486 3287 3286
f 3486 3469 3473
f 3487 3283 3078
f 3487 3280 3282
f 3487 3473 3280
f 3487 3282 3283
f 3487 3287 3473
f 3487 3078 3285
f 3487 3285 3287
f 3488 3482 3483
f 3488 3485 3482
f 3488 3475 3485
f 3488 3289 3475
f 3489 3488 3483
f 3489 3289 3488
f 3490 3486 3286
f 3490 3483 3486
f 3491 3289 3489
f 3491 3483 3490
f 3491 3492 3289
f 3491 3489 3483
f 3493 3285 3077
f 3493 3286 3285
f 3494 3491 3490
f 3494 3492 3491
f 3495 3490 3286
f 3495 3286 3493
f 3496 3494 3490
f 3496 3490 3495
f 3497 3493 3077
f 3497 3495 3493
f 3498 3492 3494
f 3498 3494 3496
f 3498 3496 3495
f 3498 3497 3292
f 3498 3495 3497
f 3498 3292 3492
f 3499 3080 3292
f 3499 3497 3077
f 3499 3292 3497
f 3499 3077 3080
f 3500 3492 3292
f 3500 3292 3294
f 3500 3294 3295
f 3501 2747 3289
f 3501 3492 3500
f 3501 3289 3492
f 3502 3500 3295
f 3502 3295 2743
f 3503 2747 3501
f 3503 3501 3500
f 3503 3500 3502
f 3504 2743 2747
f 3504 3503 3502
f 3504 3502 2743
f 3505 2747 3503
f 3505 3504 2747
f 3505 3503 3504
f 3506 2319 2314
f 3507 3506 3508
f 3509 3506 3507
f 3509 2323 2319
f 3509 2319 3506
f 3510 3508 3511
f 3512 2323 3509
f 3512 3301 2323
f 3512 3509 3507
f 3513 3508 3510
f 3514 3301 3512
f 3515 3298 3296
f 3515 3301 3298
f 3515 2323 3301
f 3515 2328 2323
f 3515 3296 2328
f 3516 3297 3298
f 3516 3298 3303
f 3516 3303 3517
f 3516 3304 3302
f 3516 3517 3304
f 3516 3302 3297
f 3518 3517 3303
f 3518 3303 3300
f 3519 3518 3520
f 3521 3083 3304
f 3521 3086 3083
f 3522 3304 3517
f 3522 3521 3304
f 3523 3518 3519
f 3524 3525 3526
f 3524 3527 3525
f 3528 3521 3522
f 3528 3309 3305
f 3528 3522 3529
f 3530 3086 3521
f 3530 3521 3528
f 3530 3528 3305
f 3530 3305 3086
f 3531 3532 3309
f 3531 3309 3528
f 3531 3528 3529
f 3533 3313 3534
f 3533 3311 3313
f 3533 3535 3536
f 3533 3536 3537
f 3538 2370 2378
f 3538 3539 3524
f 3540 2384 3312
f 3540 3312 3541
f 3542 3540 3539
f 3542 3538 2378
f 3542 2384 3540
f 3542 2378 2384
f 3542 3539 3538
f 3543 3309 3532
f 3543 3308 3309
f 3543 3544 3308
f 3543 3321 3320
f 3543 3532 3321
f 3543 3320 3544
f 3545 3321 3532
f 3546 3324 3325
f 3546 3534 3313
f 3546 3313 3310
f 3546 3325 3534
f 3546 3310 3323
f 3546 3323 3324
f 3547 3534 3325
f 3548 3308 3544
f 3549 3308 3548
f 3549 3317 3308
f 3549 3318 3317
f 3550 3545 3551
f 3550 3321 3545
f 3550 3551 3547
f 3550 3319 3321
f 3552 3549 3548
f 3552 3318 3549
f 3553 3548 3544
f 3553 3552 3548
f 3553 3544 3320
f 3554 3319 3550
f 3554 3098 3319
f 3555 3550 3547
f 3555 3547 3325
f 3555 3554 3550
f 3555 3098 3554
f 3555 3325 3096
f 3555 3096 3098
f 3556 3310 3312
f 3556 2384 2392
f 3556 3312 2384
f 3556 3322 3310
f 3556 2392 3322
f 3557 3320 3330
f 3557 3553 3320
f 3557 3318 3552
f 3557 3552 3553
f 3557 3330 3318
f 3558 3364 3153
f 3558 3559 3374
f 3558 3374 3364
f 3560 3558 3153
f 3560 3559 3558
f 3561 3376 3379
f 3561 3153 3376
f 3561 3560 3153
f 3561 3382 3559
f 3561 3379 3382
f 3561 3559 3560
f 3562 3563 3381
f 3562 3367 3362
f 3562 3369 3367
f 3562 3372 3369
f 3562 3381 3372
f 3562 3362 3363
f 3564 3563 3562
f 3564 3562 3363
f 3565 3377 3374
f 3565 3163 3377
f 3565 3374 3559
f 3566 3565 3559
f 3566 3163 3565
f 3567 3399 3403
f 3567 3390 3398
f 3567 3403 3563
f 3567 3363 3383
f 3567 3383 3390
f 3567 3563 3564
f 3567 3564 3363
f 3567 3398 3399
f 3568 3559 3382
f 3568 3566 3559
f 3568 3163 3566
f 3568 3382 3393
f 3568 3396 3163
f 3568 3393 3396
f 3569 3381 3563
f 3569 3385 3381
f 3569 3387 3386
f 3569 3386 3385
f 3570 3569 3563
f 3570 3387 3569
f 3571 3406 3387
f 3571 3387 3570
f 3571 3563 3403
f 3571 3403 3410
f 3571 3410 3406
f 3571 3570 3563
f 3572 3404 3387
f 3572 3411 3405
f 3572 3405 3404
f 3572 3573 3411
f 3574 3572 3387
f 3574 3573 3572
f 3575 3387 3423
f 3575 3423 3428
f 3575 3427 3573
f 3575 3428 3427
f 3575 3574 3387
f 3575 3573 3574
f 3576 3577 3426
f 3576 3415 3182
f 3576 3426 3418
f 3576 3418 3415
f 3578 3411 3573
f 3578 3417 3411
f 3578 3421 3417
f 3578 3424 3421
f 3578 3425 3424
f 3578 3438 3425
f 3579 3577 3576
f 3579 3576 3182
f 3580 3434 3577
f 3580 3431 3434
f 3580 3577 3579
f 3580 3182 3431
f 3580 3579 3182
f 3581 3578 3573
f 3581 3438 3578
f 3582 3438 3581
f 3582 3581 3573
f 3582 3427 3440
f 3582 3440 3442
f 3582 3442 3443
f 3582 3447 3438
f 3582 3443 3447
f 3582 3573 3427
f 3583 3426 3577
f 3583 3196 3432
f 3583 3430 3426
f 3583 3432 3430
f 3584 3583 3577
f 3584 3196 3583
f 3585 3577 3434
f 3585 3196 3584
f 3585 3445 3196
f 3585 3434 3445
f 3585 3584 3577
f 3586 2305 2297
f 3586 2309 2305
f 3587 2309 3586
f 3587 3586 2297
f 3587 3511 2309
f 3588 3506 2314
f 3588 2314 2309
f 3588 2309 3511
f 3588 3511 3508
f 3588 3508 3506
f 3589 3587 2297
f 3590 3511 3587
f 3590 3587 3589
f 3591 3514 3512
f 3591 3507 3508
f 3591 3512 3507
f 3591 3513 3592
f 3591 3592 3514
f 3591 3508 3513
f 3593 3589 2297
f 3593 2297 2343
f 3594 3513 3510
f 3595 3594 3596
f 3597 3301 3514
f 3597 3300 3301
f 3598 3514 3592
f 3599 3514 3598
f 3599 3597 3514
f 3599 3300 3597
f 3600 3599 3598
f 3600 3598 3601
f 3602 3518 3300
f 3602 3600 3520
f 3602 3520 3518
f 3602 3300 3599
f 3602 3599 3600
f 3603 3601 3598
f 3604 3593 2343
f 3605 3606 3520
f 3605 3520 3600
f 3605 3600 3601
f 3605 3601 3603
f 3607 3525 3527
f 3607 3608 3609
f 3610 3604 2343
f 3610 2363 3526
f 3610 3611 3604
f 3610 3526 3611
f 3612 2354 2363
f 3612 2343 2354
f 3612 2363 3610
f 3612 3610 2343
f 3613 3520 3606
f 3613 3519 3520
f 3613 3536 3535
f 3613 3614 3523
f 3613 3523 3519
f 3613 3606 3537
f 3613 3537 3536
f 3613 3535 3614
f 3615 3537 3606
f 3616 3517 3518
f 3616 3518 3523
f 3616 3522 3517
f 3616 3529 3522
f 3616 3531 3529
f 3617 3615 3618
f 3619 3539 3540
f 3619 3541 3620
f 3619 3620 3527
f 3619 3524 3539
f 3619 3527 3524
f 3619 3540 3541
f 3621 3617 3618
f 3621 3620 3541
f 3622 3523 3614
f 3622 3616 3523
f 3623 3537 3615
f 3623 3617 3621
f 3623 3615 3617
f 3624 3531 3616
f 3624 3616 3622
f 3624 3532 3531
f 3625 3537 3623
f 3625 3311 3533
f 3625 3533 3537
f 3626 3624 3622
f 3626 3532 3624
f 3627 3622 3614
f 3627 3614 3535
f 3627 3626 3622
f 3628 3623 3621
f 3628 3621 3541
f 3628 3625 3623
f 3628 3311 3625
f 3629 3526 2363
f 3629 2370 3538
f 3629 3524 3526
f 3629 2363 2370
f 3629 3538 3524
f 3630 3545 3532
f 3630 3532 3626
f 3630 3626 3627
f 3631 3628 3541
f 3631 3312 3311
f 3631 3311 3628
f 3631 3541 3312
f 3632 3551 3545
f 3632 3534 3547
f 3632 3547 3551
f 3632 3545 3630
f 3632 3627 3535
f 3632 3630 3627
f 3632 3533 3534
f 3632 3535 3533
f 3633 3510 3511
f 3633 3511 3590
f 3634 3590 3589
f 3634 3633 3590
f 3635 3594 3510
f 3635 3510 3633
f 3635 3596 3594
f 3635 3633 3634
f 3636 3589 3593
f 3636 3634 3589
f 3636 3635 3634
f 3636 3596 3635
f 3637 3636 3593
f 3637 3596 3636
f 3638 3593 3639
f 3638 3637 3593
f 3640 3639 3593
f 3641 3513 3594
f 3641 3592 3513
f 3641 3594 3595
f 3641 3598 3592
f 3641 3595 3642
f 3641 3642 3603
f 3641 3603 3598
f 3643 3640 3593
f 3644 3638 3639
f 3644 3595 3596
f 3644 3645 3642
f 3644 3642 3595
f 3644 3596 3637
f 3644 3637 3638
f 3646 3645 3644
f 3646 3644 3639
f 3647 3593 3604
f 3647 3643 3593
f 3647 3609 3643
f 3648 3639 3640
f 3648 3643 3609
f 3648 3640 3643
f 3648 3645 3646
f 3648 3646 3639
f 3648 3609 3608
f 3648 3649 3645
f 3648 3608 3649
f 3650 3525 3607
f 3650 3609 3647
f 3650 3607 3609
f 3651 3642 3645
f 3652 3647 3604
f 3652 3604 3611
f 3652 3650 3647
f 3653 3642 3651
f 3653 3603 3642
f 3653 3606 3605
f 3653 3605 3603
f 3654 3606 3653
f 3654 3653 3651
f 3655 3651 3645
f 3655 3645 3649
f 3655 3654 3651
f 3656 3650 3652
f 3656 3526 3525
f 3656 3611 3526
f 3656 3525 3650
f 3656 3652 3611
f 3657 3655 3649
f 3657 3615 3606
f 3657 3654 3655
f 3657 3606 3654
f 3657 3649 3618
f 3657 3618 3615
f 3658 3620 3621
f 3658 3621 3618
f 3658 3527 3620
f 3658 3607 3527
f 3658 3649 3608
f 3658 3608 3607
f 3658 3618 3649
f 3659 3660 3661
f 3660 3662 3661
f 3663 3664 3665
f 3665 3666 3667
f 3664 3666 3665
f 3667 3668 3669
f 3666 3668 3667
f 3669 3670 3671
f 3668 3670 3669
f 3671 3672 3673
f 3670 3672 3671
f 3673 3674 3675
f 3672 3674 3673
f 3675 3676 3677
f 3674 3676 3675
f 3677 3678 3679
f 3676 3678 3677
f 3679 3680 3681
f 3678 3680 3679
f 3681 3682 3683
f 3680 3682 3681
f 3683 3684 3685
f 3682 3684 3683
f 3685 3686 3687
f 3684 3686 3685
f 3687 3688 3689
f 3686 3688 3687
f 3689 3690 3691
f 3688 3690 3689
f 3691 3692 3693
f 3690 3692 3691
f 3693 3694 3695
f 3692 3694 3693
f 3695 3696 3697
f 3694 3696 3695
f 3697 3698 3699
f 3696 3698 3697
f 3699 3700 3701
f 3698 3700 3699
f 3701 3702 3703
f 3700 3702 3701
f 3703 3704 3705
f 3702 3704 3703
f 3705 3706 3707
f 3704 3706 3705
f 3707 3708 3709
f 3706 3708 3707
f 3709 3710 3711
f 3708 3710 3709
f 3710 3712 3711
f 3711 3712 3713
f 3712 3714 3713
f 3713 3714 3715
f 3714 3716 3715
f 3715 3716 3717
f 3716 3718 3717
f 3718 3719 3717
f 3717 3719 3720
f 3720 3719 3721
f 3719 3722 3721
f 3721 3722 3723
f 3722 3724 3723
f 3723 3724 3725
f 3725 3726 3727
f 3724 3726 3725
f 3726 3728 3727
f 3727 3729 3730
f 3730 3729 3731
f 3728 3729 3727
f 3731 3732 3733
f 3729 3732 3731
f 3732 3734 3733
f 3733 3735 3736
f 3734 3735 3733
f 3736 3737 3738
f 3738 3737 3739
f 3735 3737 3736
f 3737 3740 3739
f 3739 3741 3742
f 3740 3741 3739
f 3742 3743 3744
f 3744 3743 3745
f 3741 3743 3742
f 3743 3746 3745
f 3745 3747 3748
f 3746 3747 3745
f 3748 3749 3750
f 3747 3749 3748
f 3750 3751 3752
f 3752 3751 3753
f 3749 3751 3750
f 3751 3754 3753
f 3753 3755 3756
f 3754 3755 3753
f 3756 3757 3758
f 3755 3757 3756
f 3758 3759 3760
f 3757 3759 3758
f 3759 3761 3760
f 3760 3761 3762
f 3761 3763 3762
f 3762 3763 3764
f 3763 3660 3764
f 3764 3660 3659
f 3765 3766 3663
f 3766 3664 3663
f 3767 3768 3765
f 3768 3766 3765
f 3769 3770 3771
f 3771 3772 3773
f 3770 3772 3771
f 3773 3774 3775
f 3772 3774 3773
f 3775 3776 3777
f 3774 3776 3775
f 3777 3778 3779
f 3776 3778 3777
f 3779 3780 3781
f 3778 3780 3779
f 3781 3782 3783
f 3780 3782 3781
f 3783 3784 3785
f 3782 3784 3783
f 3785 3786 3787
f 3784 3786 3785
f 3787 3788 3789
f 3786 3788 3787
f 3789 3790 3791
f 3788 3790 3789
f 3791 3792 3793
f 3790 3792 3791
f 3793 3794 3795
f 3792 3794 3793
f 3795 3796 3797
f 3794 3796 3795
f 3797 3798 3799
f 3796 3798 3797
f 3799 3800 3801
f 3798 3800 3799
f 3801 3802 3803
f 3800 3802 3801
f 3803 3804 3805
f 3802 3804 3803
f 3805 3806 3807
f 3804 3806 3805
f 3807 3808 3809
f 3806 3808 3807
f 3809 3810 3811
f 3808 3810 3809
f 3811 3812 3813
f 3810 3812 3811
f 3813 3814 3815
f 3812 3814 3813
f 3815 3816 3817
f 3814 3816 3815
f 3816 3818 3817
f 3817 3818 3819
f 3818 3820 3819
f 3819 3820 3821
f 3820 3822 3821
f 3821 3822 3823
f 3822 3824 3823
f 3823 3824 3825
f 3824 3826 3825
f 3825 3826 3827
f 3826 3828 3827
f 3827 3828 3829
f 3828 3830 3829
f 3829 3830 3831
f 3831 3832 3833
f 3830 3832 3831
f 3833 3834 3835
f 3832 3834 3833
f 3835 3836 3837
f 3834 3836 3835
f 3837 3838 3839
f 3836 3838 3837
f 3839 3840 3841
f 3838 3840 3839
f 3841 3842 3843
f 3840 3842 3841
f 3843 3844 3845
f 3842 3844 3843
f 3845 3846 3847
f 3844 3846 3845
f 3847 3848 3849
f 3846 3848 3847
f 3849 3850 3851
f 3848 3850 3849
f 3851 3852 3853
f 3850 3852 3851
f 3853 3854 3855
f 3852 3854 3853
f 3855 3856 3857
f 3854 3856 3855
f 3857 3858 3859
f 3856 3858 3857
f 3859 3860 3861
f 3858 3860 3859
f 3860 3862 3861
f 3861 3863 3864
f 3862 3863 3861
f 3864 3865 3866
f 3866 3865 3867
f 3863 3865 3864
f 3865 3868 3867
f 3867 3868 3869
f 3868 3870 3869
f 3870 3768 3869
f 3869 3768 3767
f 3871 3872 3769
f 3872 3770 3769
f 3873 3872 3874
f 3874 3872 3871
f 3875 3876 3877
f 3877 3876 3878
f 3878 3879 3880
f 3876 3879 3878
f 3880 3881 3882
f 3879 3881 3880
f 3882 3883 3884
f 3881 3883 3882
f 3884 3885 3886
f 3883 3885 3884
f 3886 3887 3888
f 3885 3887 3886
f 3888 3889 3890
f 3887 3889 3888
f 3890 3891 3892
f 3889 3891 3890
f 3892 3893 3894
f 3891 3893 3892
f 3894 3895 3896
f 3893 3895 3894
f 3896 3897 3898
f 3895 3897 3896
f 3898 3899 3900
f 3897 3899 3898
f 3900 3901 3902
f 3899 3901 3900
f 3902 3903 3904
f 3901 3903 3902
f 3904 3905 3906
f 3903 3905 3904
f 3906 3907 3908
f 3905 3907 3906
f 3908 3909 3910
f 3907 3909 3908
f 3910 3911 3912
f 3909 3911 3910
f 3912 3913 3914
f 3911 3913 3912
f 3914 3915 3916
f 3913 3915 3914
f 3916 3917 3918
f 3915 3917 3916
f 3918 3919 3920
f 3917 3919 3918
f 3920 3921 3922
f 3919 3921 3920
f 3921 3923 3922
f 3922 3923 3924
f 3923 3925 3924
f 3924 3925 3926
f 3925 3927 3926
f 3926 3927 3928
f 3927 3929 3928
f 3928 3929 3930
f 3929 3931 3930
f 3930 3931 3932
f 3931 3933 3932
f 3932 3933 3934
f 3933 3935 3934
f 3934 3935 3936
f 3935 3937 3936
f 3936 3937 3938
f 3938 3939 3940
f 3937 3939 3938
f 3940 3941 3942
f 3939 3941 3940
f 3942 3943 3944
f 3941 3943 3942
f 3944 3945 3946
f 3943 3945 3944
f 3946 3947 3948
f 3945 3947 3946
f 3947 3949 3948
f 3948 3949 3950
f 3950 3951 3952
f 3949 3951 3950
f 3952 3953 3954
f 3951 3953 3952
f 3954 3955 3956
f 3953 3955 3954
f 3956 3957 3958
f 3955 3957 3956
f 3958 3959 3960
f 3957 3959 3958
f 3960 3961 3962
f 3959 3961 3960
f 3962 3963 3964
f 3961 3963 3962
f 3964 3965 3966
f 3963 3965 3964
f 3966 3967 3968
f 3965 3967 3966
f 3968 3969 3970
f 3967 3969 3968
f 3970 3971 3972
f 3969 3971 3970
f 3971 3973 3972
f 3972 3973 3974
f 3973 3975 3974
f 3974 3975 3976
f 3975 3873 3976
f 3976 3873 3874
f 3977 3875 3978
f 3978 3875 3877
f 3979 3980 3978
f 3980 3977 3978
f 3981 3982 3983
f 3983 3984 3985
f 3982 3984 3983
f 3985 3986 3987
f 3984 3986 3985
f 3987 3988 3989
f 3986 3988 3987
f 3989 3990 3991
f 3988 3990 3989
f 3991 3992 3993
f 3990 3992 3991
f 3993 3994 3995
f 3992 3994 3993
f 3995 3996 3997
f 3994 3996 3995
f 3997 3998 3999
f 3996 3998 3997
f 3999 4000 4001
f 3998 4000 3999
f 4001 4002 4003
f 4000 4002 4001
f 4003 4004 4005
f 4002 4004 4003
f 4005 4006 4007
f 4004 4006 4005
f 4007 4008 4009
f 4006 4008 4007
f 4009 4010 4011
f 4008 4010 4009
f 4011 4012 4013
f 4010 4012 4011
f 4013 4014 4015
f 4012 4014 4013
f 4015 4016 4017
f 4014 4016 4015
f 4017 4018 4019
f 4016 4018 4017
f 4019 4020 4021
f 4018 4020 4019
f 4021 4022 4023
f 4020 4022 4021
f 4023 4024 4025
f 4022 4024 4023
f 4025 4026 4027
f 4024 4026 4025
f 4027 4028 4029
f 4026 4028 4027
f 4028 4030 4029
f 4029 4030 4031
f 4030 4032 4031
f 4031 4032 4033
f 4032 4034 4033
f 4033 4034 4035
f 4034 4036 4035
f 4035 4036 4037
f 4036 4038 4037
f 4037 4038 4039
f 4038 4040 4039
f 4039 4040 4041
f 4040 4042 4041
f 4041 4042 4043
f 4043 4044 4045
f 4042 4044 4043
f 4045 4046 4047
f 4044 4046 4045
f 4047 4048 4049
f 4046 4048 4047
f 4049 4050 4051
f 4048 4050 4049
f 4051 4052 4053
f 4050 4052 4051
f 4053 4054 4055
f 4052 4054 4053
f 4055 4056 4057
f 4054 4056 4055
f 4056 4058 4057
f 4057 4059 4060
f 4060 4059 4061
f 4058 4059 4057
f 4061 4062 4063
f 4059 4062 4061
f 4062 4064 4063
f 4063 4065 4066
f 4066 4065 4067
f 4064 4065 4063
f 4067 4068 4069
f 4065 4068 4067
f 4069 4070 4071
f 4068 4070 4069
f 4071 4072 4073
f 4070 4072 4071
f 4073 4074 4075
f 4072 4074 4073
f 4075 4076 4077
f 4074 4076 4075
f 4076 4078 4077
f 4078 4079 4077
f 4077 4079 4080
f 4079 4081 4080
f 4080 4081 4082
f 4082 4081 3979
f 4081 3980 3979
f 4083 3982 4084
f 4084 3982 3981
f 4085 4086 4084
f 4086 4083 4084
f 4087 4088 4089
f 4089 4088 4090
f 4090 4091 4092
f 4088 4091 4090
f 4092 4093 4094
f 4091 4093 4092
f 4094 4095 4096
f 4093 4095 4094
f 4096 4097 4098
f 4095 4097 4096
f 4098 4099 4100
f 4097 4099 4098
f 4100 4101 4102
f 4099 4101 4100
f 4102 4103 4104
f 4101 4103 4102
f 4104 4105 4106
f 4103 4105 4104
f 4106 4107 4108
f 4105 4107 4106
f 4108 4109 4110
f 4107 4109 4108
f 4110 4111 4112
f 4109 4111 4110
f 4112 4113 4114
f 4111 4113 4112
f 4114 4115 4116
f 4113 4115 4114
f 4116 4117 4118
f 4115 4117 4116
f 4118 4119 4120
f 4117 4119 4118
f 4120 4121 4122
f 4119 4121 4120
f 4122 4123 4124
f 4121 4123 4122
f 4124 4125 4126
f 4123 4125 4124
f 4126 4127 4128
f 4125 4127 4126
f 4128 4129 4130
f 4127 4129 4128
f 4130 4131 4132
f 4129 4131 4130
f 4132 4133 4134
f 4131 4133 4132
f 4133 4135 4134
f 4134 4135 4136
f 4135 4137 4136
f 4136 4137 4138
f 4137 4139 4138
f 4138 4139 4140
f 4139 4141 4140
f 4140 4141 4142
f 4141 4143 4142
f 4142 4143 4144
f 4143 4145 4144
f 4144 4145 4146
f 4145 4147 4146
f 4146 4147 4148
f 4147 4149 4148
f 4148 4149 4150
f 4150 4151 4152
f 4149 4151 4150
f 4152 4153 4154
f 4151 4153 4152
f 4154 4155 4156
f 4153 4155 4154
f 4156 4157 4158
f 4155 4157 4156
f 4158 4159 4160
f 4157 4159 4158
f 4159 4161 4160
f 4160 4161 4162
f 4162 4163 4164
f 4161 4163 4162
f 4164 4165 4166
f 4163 4165 4164
f 4166 4167 4168
f 4165 4167 4166
f 4168 4169 4170
f 4167 4169 4168
f 4170 4171 4172
f 4169 4171 4170
f 4172 4173 4174
f 4171 4173 4172
f 4174 4175 4176
f 4173 4175 4174
f 4176 4177 4178
f 4175 4177 4176
f 4178 4179 4180
f 4177 4179 4178
f 4180 4181 4182
f 4179 4181 4180
f 4182 4183 4184
f 4184 4183 4185
f 4181 4183 4182
f 4183 4186 4185
f 4186 4187 4185
f 4185 4187 4188
f 4187 4086 4188
f 4188 4086 4085
f 3662 4087 3661
f 3661 4087 4089
f 4189 4190 4191
f 4191 4190 4192
f 4192 4190 4193
f 4193 4194 4195
f 4190 4194 4193
f 4195 4196 4197
f 4194 4196 4195
f 4197 4198 4199
f 4196 4198 4197
f 4199 4200 4201
f 4198 4200 4199
f 4201 4202 4203
f 4200 4202 4201
f 4203 4204 4205
f 4202 4204 4203
f 4205 4206 4207
f 4204 4206 4205
f 4206 4208 4207
f 4207 4208 4209
f 4208 4210 4209
f 4209 4210 4211
f 4210 4212 4211
f 4211 4212 4213
f 4212 4214 4213
f 4213 4214 4215
f 4214 4216 4215
f 4215 4216 4217
f 4216 4218 4217
f 4217 4218 4219
f 4218 4220 4219
f 4219 4220 4221
f 4220 4222 4221
f 4221 4222 4223
f 4222 4224 4223
f 4223 4224 4225
f 4224 4226 4225
f 4225 4226 4227
f 4226 4228 4227
f 4227 4228 4229
f 4228 4230 4229
f 4230 4231 4229
f 4229 4231 4232
f 4232 4231 4233
f 4233 4234 4235
f 4231 4234 4233
f 4235 4236 4237
f 4234 4236 4235
f 4237 4238 4239
f 4236 4238 4237
f 4238 4240 4239
f 4239 4241 4242
f 4240 4241 4239
f 4242 4243 4244
f 4241 4243 4242
f 4244 4245 4246
f 4243 4245 4244
f 4246 4247 4248
f 4245 4247 4246
f 4248 4249 4250
f 4250 4249 4251
f 4247 4249 4248
f 4249 4252 4251
f 4251 4253 4254
f 4252 4253 4251
f 4254 4255 4256
f 4253 4255 4254
f 4255 4257 4256
f 4256 4257 4258
f 4258 4257 4259
f 4259 4260 4261
f 4257 4260 4259
f 4261 4262 4263
f 4260 4262 4261
f 4263 4264 4265
f 4262 4264 4263
f 4265 4266 4267
f 4264 4266 4265
f 4267 4268 4269
f 4266 4268 4267
f 4269 4270 4271
f 4268 4270 4269
f 4271 4272 4273
f 4270 4272 4271
f 4272 4274 4273
f 4273 4274 4275
f 4274 4276 4275
f 4275 4276 4277
f 4276 4278 4277
f 4277 4278 4279
f 4278 4280 4279
f 4279 4280 4281
f 4280 4282 4281
f 4281 4282 4283
f 4282 4284 4283
f 4283 4284 4285
f 4284 4286 4285
f 4285 4286 4287
f 4286 4288 4287
f 4287 4288 4289
f 4288 4290 4289
f 4289 4290 4291
f 4290 4292 4291
f 4291 4292 4293
f 4292 4294 4293
f 4293 4294 4295
f 4294 4296 4295
f 4296 4297 4295
f 4295 4297 4298
f 4298 4297 4299
f 4299 4300 4301
f 4297 4300 4299
f 4301 4302 4303
f 4300 4302 4301
f 4303 4304 4305
f 4302 4304 4303
f 4304 4306 4305
f 4305 4307 4308
f 4306 4307 4305
f 4308 4309 4310
f 4307 4309 4308
f 4310 4311 4312
f 4309 4311 4310
f 4312 4313 4314
f 4311 4313 4312
f 4314 4315 4316
f 4316 4315 4317
f 4313 4315 4314
f 4315 4318 4317
f 4317 4319 4320
f 4318 4319 4317
f 4320 4321 4322
f 4319 4321 4320
f 4323 4324 4325
f 4325 4324 4326
f 4326 4327 4328
f 4324 4327 4326
f 4328 4329 4330
f 4327 4329 4328
f 4330 4331 4332
f 4329 4331 4330
f 4332 4333 4334
f 4331 4333 4332
f 4334 4335 4336
f 4333 4335 4334
f 4336 4337 4338
f 4335 4337 4336
f 4338 4339 4340
f 4337 4339 4338
f 4340 4341 4342
f 4339 4341 4340
f 4342 4343 4344
f 4341 4343 4342
f 4343 4345 4344
f 4344 4345 4346
f 4345 4347 4346
f 4346 4347 4348
f 4347 4349 4348
f 4348 4349 4350
f 4349 4351 4350
f 4350 4351 4352
f 4351 4353 4352
f 4352 4353 4354
f 4353 4355 4354
f 4354 4355 4356
f 4355 4357 4356
f 4356 4357 4358
f 4357 4359 4358
f 4358 4359 4360
f 4359 4361 4360
f 4360 4361 4362
f 4361 4363 4362
f 4362 4363 4364
f 4363 4365 4364
f 4364 4365 4366
f 4365 4367 4366
f 4366 4367 4368
f 4368 4369 4370
f 4367 4369 4368
f 4370 4371 4372
f 4369 4371 4370
f 4372 4373 4374
f 4371 4373 4372
f 4374 4375 4376
f 4373 4375 4374
f 4376 4377 4378
f 4375 4377 4376
f 4378 4379 4380
f 4377 4379 4378
f 4380 4381 4382
f 4379 4381 4380
f 4382 4383 4384
f 4381 4383 4382
f 4384 4385 4386
f 4383 4385 4384
f 4386 4387 4388
f 4385 4387 4386
f 4388 4389 4390
f 4387 4389 4388
f 4390 4391 4392
f 4389 4391 4390
f 4392 4393 4394
f 4391 4393 4392
f 4394 4395 4396
f 4393 4395 4394
f 4395 4397 4396
f 4396 4397 4398
f 4397 4399 4398
f 4398 4399 4400
f 4399 4401 4400
f 4400 4401 4402
f 4401 4403 4402
f 4402 4403 4404
f 4403 4405 4404
f 4404 4405 4406
f 4405 4407 4406
f 4406 4407 4408
f 4407 4409 4408
f 4408 4409 4410
f 4409 4411 4410
f 4410 4411 4412
f 4411 4413 4412
f 4412 4413 4414
f 4413 4415 4414
f 4414 4415 4416
f 4415 4417 4416
f 4416 4417 4418
f 4417 4419 4418
f 4418 4419 4420
f 4419 4421 4420
f 4420 4421 4422
f 4421 4423 4422
f 4422 4423 4424
f 4423 4425 4424
f 4424 4425 4426
f 4425 4427 4426
f 4426 4427 4428
f 4427 4429 4428
f 4428 4429 4430
f 4429 4431 4430
f 4430 4431 4432
f 4431 4433 4432
f 4432 4433 4434
f 4433 4435 4434
f 4434 4435 4436
f 4435 4437 4436
f 4436 4437 4438
f 4438 4439 4440
f 4437 4439 4438
f 4440 4441 4442
f 4439 4441 4440
f 4442 4443 4444
f 4441 4443 4442
f 4444 4445 4446
f 4443 4445 4444
f 4445 4447 4446
f 4446 4447 4448
f 4447 4449 4448
f 4448 4449 4450
f 4449 4451 4450
f 4450 4451 4452
f 4451 4453 4452
f 4452 4453 4454
f 4453 4455 4454
f 4454 4455 4456
f 4455 4457 4456
f 4456 4457 4458
f 4457 4459 4458
f 4458 4459 4460
f 4459 4461 4460
f 4460 4461 4462
f 4461 4463 4462
f 4462 4463 4464
f 4463 4465 4464
f 4464 4465 4466
f 4465 4467 4466
f 4466 4467 4468
f 4467 4469 4468
f 4468 4469 4470
f 4470 4471 4472
f 4469 4471 4470
f 4472 4473 4474
f 4471 4473 4472
f 4474 4475 4476
f 4473 4475 4474
f 4476 4477 4478
f 4475 4477 4476
f 4478 4479 4480
f 4477 4479 4478
f 4480 4481 4482
f 4479 4481 4480
f 4482 4483 4484
f 4481 4483 4482
f 4484 4485 4486
f 4483 4485 4484
f 4486 4487 4488
f 4485 4487 4486
f 4488 4489 4490
f 4487 4489 4488
f 4490 4491 4492
f 4489 4491 4490
f 4492 4493 4494
f 4491 4493 4492
f 4494 4495 4496
f 4493 4495 4494
f 4496 4497 4498
f 4495 4497 4496
f 4497 4499 4498
f 4498 4499 4500
f 4499 4501 4500
f 4500 4501 4502
f 4501 4503 4502
f 4502 4503 4504
f 4503 4505 4504
f 4504 4505 4506
f 4506 4507 4508
f 4505 4507 4506
f 4508 4509 4510
f 4507 4509 4508
f 4510 4511 4512
f 4509 4511 4510
f 4512 4513 4514
f 4511 4513 4512
f 4514 4515 4516
f 4513 4515 4514
f 4516 4517 4518
f 4515 4517 4516
f 4518 4519 4520
f 4517 4519 4518
f 4520 4521 4522
f 4519 4521 4520
f 4522 4523 4524
f 4521 4523 4522
f 4524 4525 4526
f 4523 4525 4524
f 4526 4527 4528
f 4525 4527 4526
f 4528 4529 4530
f 4527 4529 4528
f 4530 4531 4532
f 4529 4531 4530
f 4532 4533 4534
f 4531 4533 4532
f 4534 4535 4536
f 4533 4535 4534
f 4536 4537 4538
f 4535 4537 4536
f 4538 4539 4540
f 4540 4539 4541
f 4537 4539 4538
f 4539 4542 4541
f 4541 4543 4544
f 4542 4543 4541
f 4544 4545 4546
f 4543 4545 4544
f 4545 4547 4546
f 4546 4547 4548
f 4547 4549 4548
f 4548 4549 4550
f 4549 4551 4550
f 4550 4551 4552
f 4551 4553 4552
f 4552 4553 4554
f 4553 4555 4554
f 4554 4555 4556
f 4555 4557 4556
f 4556 4557 4558
f 4557 4559 4558
f 4558 4559 4560
f 4559 4561 4560
f 4560 4561 4562
f 4561 4563 4562
f 4562 4563 4564
f 4563 4565 4564
f 4564 4565 4566
f 4566 4565 4567
f 4565 4568 4567
f 4568 4569 4567
f 4567 4569 4570
f 4569 4571 4570
f 4570 4571 4572
f 4571 4573 4572
f 4572 4573 4574
f 4574 4323 4325
f 4573 4323 4574
f 4575 4576 4577
f 4577 4578 4579
f 4576 4578 4577
f 4579 4580 4581
f 4578 4580 4579
f 4581 4582 4583
f 4580 4582 4581
f 4583 4584 4585
f 4582 4584 4583
f 4585 4586 4587
f 4584 4586 4585
f 4587 4588 4589
f 4586 4588 4587
f 4589 4590 4591
f 4588 4590 4589
f 4590 4592 4591
f 4591 4592 4593
f 4592 4594 4593
f 4593 4594 4595
f 4594 4596 4595
f 4595 4596 4597
f 4596 4598 4597
f 4597 4598 4599
f 4598 4600 4599
f 4599 4600 4601
f 4600 4602 4601
f 4601 4602 4603
f 4602 4604 4603
f 4603 4604 4605
f 4604 4606 4605
f 4605 4606 4607
f 4606 4608 4607
f 4607 4608 4609
f 4608 4610 4609
f 4609 4610 4611
f 4610 4612 4611
f 4611 4612 4613
f 4612 4614 4613
f 4614 4615 4613
f 4613 4615 4616
f 4616 4615 4617
f 4617 4618 4619
f 4615 4618 4617
f 4619 4620 4621
f 4618 4620 4619
f 4621 4622 4623
f 4620 4622 4621
f 4622 4624 4623
f 4623 4625 4626
f 4624 4625 4623
f 4626 4627 4628
f 4625 4627 4626
f 4628 4629 4630
f 4627 4629 4628
f 4630 4631 4632
f 4629 4631 4630
f 4632 4633 4634
f 4634 4633 4635
f 4631 4633 4632
f 4633 4636 4635
f 4635 4637 4638
f 4636 4637 4635
f 4638 4189 4191
f 4637 4189 4638
f 4321 4639 4322
f 4322 4639 4640
f 4641 4576 4642
f 4642 4576 4575
f 4640 4639 4643
f 4643 4644 4645
f 4639 4644 4643
f 4645 4646 4647
f 4644 4646 4645
f 4647 4648 4649
f 4646 4648 4647
f 4649 4650 4651
f 4648 4650 4649
f 4651 4652 4653
f 4650 4652 4651
f 4653 4654 4655
f 4652 4654 4653
f 4655 4656 4657
f 4654 4656 4655
f 4656 4658 4657
f 4657 4658 4659
f 4658 4660 4659
f 4659 4660 4661
f 4660 4662 4661
f 4661 4662 4663
f 4662 4664 4663
f 4663 4664 4665
f 4664 4666 4665
f 4665 4666 4667
f 4666 4668 4667
f 4667 4668 4669
f 4668 4670 4669
f 4669 4670 4671
f 4670 4672 4671
f 4671 4672 4673
f 4672 4674 4673
f 4673 4674 4675
f 4674 4676 4675
f 4675 4676 4677
f 4676 4678 4677
f 4677 4678 4679
f 4678 4680 4679
f 4680 4681 4679
f 4679 4681 4682
f 4682 4681 4683
f 4683 4684 4685
f 4681 4684 4683
f 4685 4686 4687
f 4684 4686 4685
f 4687 4688 4689
f 4686 4688 4687
f 4688 4690 4689
f 4689 4691 4692
f 4690 4691 4689
f 4692 4693 4694
f 4691 4693 4692
f 4694 4695 4696
f 4693 4695 4694
f 4696 4697 4698
f 4695 4697 4696
f 4698 4699 4700
f 4700 4699 4701
f 4697 4699 4698
f 4699 4702 4701
f 4701 4703 4704
f 4702 4703 4701
f 4704 4641 4642
f 4703 4641 4704
f 4705 4706 4707
f 4707 4706 4708
f 4709 4710 4711
f 4711 4712 4713
f 4710 4712 4711
f 4713 4714 4715
f 4712 4714 4713
f 4715 4716 4717
f 4714 4716 4715
f 4717 4718 4719
f 4716 4718 4717
f 4719 4720 4721
f 4718 4720 4719
f 4721 4722 4723
f 4720 4722 4721
f 4723 4724 4725
f 4722 4724 4723
f 4724 4726 4725
f 4725 4726 4727
f 4726 4728 4727
f 4727 4728 4729
f 4729 4730 4731
f 4728 4730 4729
f 4731 4732 4733
f 4730 4732 4731
f 4733 4734 4735
f 4732 4734 4733
f 4735 4736 4737
f 4734 4736 4735
f 4737 4738 4739
f 4736 4738 4737
f 4739 4740 4741
f 4738 4740 4739
f 4741 4742 4743
f 4740 4742 4741
f 4743 4744 4745
f 4742 4744 4743
f 4745 4746 4747
f 4744 4746 4745
f 4746 4748 4747
f 4747 4749 4750
f 4750 4749 4751
f 4748 4749 4747
f 4751 4752 4753
f 4749 4752 4751
f 4753 4754 4755
f 4752 4754 4753
f 4755 4756 4757
f 4754 4756 4755
f 4756 4758 4757
f 4757 4759 4760
f 4758 4759 4757
f 4760 4761 4762
f 4759 4761 4760
f 4762 4763 4764
f 4761 4763 4762
f 4764 4765 4766
f 4763 4765 4764
f 4766 4767 4768
f 4768 4767 4769
f 4765 4767 4766
f 4767 4770 4769
f 4769 4771 4772
f 4770 4771 4769
f 4772 4705 4707
f 4771 4705 4772
f 4773 4710 4774
f 4774 4710 4709
f 4775 4776 4777
f 4777 4778 4779
f 4776 4778 4777
f 4779 4780 4781
f 4778 4780 4779
f 4781 4782 4783
f 4780 4782 4781
f 4783 4784 4785
f 4782 4784 4783
f 4785 4786 4787
f 4784 4786 4785
f 4787 4788 4789
f 4786 4788 4787
f 4789 4790 4791
f 4788 4790 4789
f 4790 4792 4791
f 4791 4792 4793
f 4792 4794 4793
f 4793 4794 4795
f 4795 4796 4797
f 4794 4796 4795
f 4797 4798 4799
f 4796 4798 4797
f 4799 4800 4801
f 4798 4800 4799
f 4801 4802 4803
f 4800 4802 4801
f 4803 4804 4805
f 4802 4804 4803
f 4805 4806 4807
f 4804 4806 4805
f 4807 4808 4809
f 4806 4808 4807
f 4809 4810 4811
f 4808 4810 4809
f 4811 4812 4813
f 4810 4812 4811
f 4812 4814 4813
f 4813 4815 4816
f 4816 4815 4817
f 4814 4815 4813
f 4817 4818 4819
f 4815 4818 4817
f 4819 4820 4821
f 4818 4820 4819
f 4821 4822 4823
f 4820 4822 4821
f 4822 4824 4823
f 4823 4825 4826
f 4824 4825 4823
f 4826 4827 4828
f 4825 4827 4826
f 4828 4829 4830
f 4827 4829 4828
f 4830 4831 4832
f 4829 4831 4830
f 4832 4833 4834
f 4834 4833 4835
f 4831 4833 4832
f 4833 4836 4835
f 4835 4837 4838
f 4836 4837 4835
f 4838 4773 4774
f 4837 4773 4838
f 4839 4776 4840
f 4840 4776 4775
f 4841 4842 4843
f 4843 4844 4845
f 4842 4844 4843
f 4845 4846 4847
f 4844 4846 4845
f 4847 4848 4849
f 4846 4848 4847
f 4849 4850 4851
f 4848 4850 4849
f 4851 4852 4853
f 4850 4852 4851
f 4853 4854 4855
f 4852 4854 4853
f 4855 4856 4857
f 4854 4856 4855
f 4856 4858 4857
f 4857 4858 4859
f 4858 4860 4859
f 4859 4860 4861
f 4861 4862 4863
f 4860 4862 4861
f 4863 4864 4865
f 4862 4864 4863
f 4865 4866 4867
f 4864 4866 4865
f 4867 4868 4869
f 4866 4868 4867
f 4869 4870 4871
f 4868 4870 4869
f 4871 4872 4873
f 4870 4872 4871
f 4873 4874 4875
f 4872 4874 4873
f 4875 4876 4877
f 4874 4876 4875
f 4877 4878 4879
f 4876 4878 4877
f 4878 4880 4879
f 4879 4881 4882
f 4882 4881 4883
f 4880 4881 4879
f 4883 4884 4885
f 4881 4884 4883
f 4885 4886 4887
f 4884 4886 4885
f 4887 4888 4889
f 4886 4888 4887
f 4888 4890 4889
f 4889 4891 4892
f 4890 4891 4889
f 4892 4893 4894
f 4891 4893 4892
f 4894 4895 4896
f 4893 4895 4894
f 4896 4897 4898
f 4895 4897 4896
f 4898 4899 4900
f 4900 4899 4901
f 4897 4899 4898
f 4899 4902 4901
f 4901 4903 4904
f 4902 4903 4901
f 4904 4839 4840
f 4903 4839 4904
f 4905 4842 4906
f 4906 4842 4841
f 4708 4706 4907
f 4907 4908 4909
f 4706 4908 4907
f 4909 4910 4911
f 4908 4910 4909
f 4911 4912 4913
f 4910 4912 4911
f 4913 4914 4915
f 4912 4914 4913
f 4915 4916 4917
f 4914 4916 4915
f 4917 4918 4919
f 4916 4918 4917
f 4919 4920 4921
f 4918 4920 4919
f 4920 4922 4921
f 4921 4922 4923
f 4922 4924 4923
f 4923 4924 4925
f 4925 4926 4927
f 4924 4926 4925
f 4927 4928 4929
f 4926 4928 4927
f 4929 4930 4931
f 4928 4930 4929
f 4931 4932 4933
f 4930 4932 4931
f 4933 4934 4935
f 4932 4934 4933
f 4935 4936 4937
f 4934 4936 4935
f 4937 4938 4939
f 4936 4938 4937
f 4939 4940 4941
f 4938 4940 4939
f 4941 4942 4943
f 4940 4942 4941
f 4942 4944 4943
f 4943 4945 4946
f 4946 4945 4947
f 4944 4945 4943
f 4947 4948 4949
f 4945 4948 4947
f 4949 4950 4951
f 4948 4950 4949
f 4951 4952 4953
f 4950 4952 4951
f 4952 4954 4953
f 4953 4955 4956
f 4954 4955 4953
f 4956 4957 4958
f 4955 4957 4956
f 4958 4959 4960
f 4957 4959 4958
f 4960 4961 4962
f 4959 4961 4960
f 4962 4963 4964
f 4964 4963 4965
f 4961 4963 4962
f 4963 4966 4965
f 4965 4967 4968
f 4966 4967 4965
f 4968 4905 4906
f 4967 4905 4968
f 4969 4970 4971
f 4969 4971 4972
f 4973 4972 4974
f 4973 4974 4975
f 4976 4977 4978
f 4979 4980 4970
f 4979 4970 4969
f 4981 4972 4973
f 4981 4969 4972
f 4982 4973 4975
f 4982 4975 4983
f 4982 4983 4984
f 4985 4986 4987
f 4985 4987 4977
f 4985 4977 4976
f 4988 4976 4978
f 4988 4978 4980
f 4988 4980 4979
f 4989 4969 4981
f 4989 4979 4969
f 4990 4991 4992
f 4993 4973 4982
f 4993 4981 4973
f 4994 4986 4985
f 4994 4992 4995
f 4994 4995 4986
f 4996 4976 4988
f 4996 4985 4976
f 4997 4979 4989
f 4997 4988 4979
f 4998 4999 5000
f 5001 4989 4981
f 5001 4981 4993
f 5002 4992 4994
f 5002 4990 4992
f 5003 4982 4984
f 5003 4993 4982
f 5004 4994 4985
f 5004 4985 4996
f 5005 4988 4997
f 5005 4996 4988
f 5006 5007 5008
f 5006 5008 4999
f 5009 4989 5001
f 5009 4997 4989
f 5010 4990 5002
f 5010 4991 4990
f 5010 4998 5000
f 5010 5000 4991
f 5011 4993 5003
f 5011 5001 4993
f 5012 4994 5004
f 5012 5002 4994
f 5013 5003 4984
f 5013 4984 5014
f 5013 5014 5015
f 5016 5004 4996
f 5016 4996 5005
f 5017 5018 5007
f 5019 4997 5009
f 5019 5005 4997
f 5020 4999 4998
f 5020 5006 4999
f 5020 4998 5010
f 5021 5001 5011
f 5021 5009 5001
f 5022 5002 5012
f 5022 5010 5002
f 5023 5011 5003
f 5023 5003 5013
f 5024 5012 5004
f 5024 5004 5016
f 5025 5026 5027
f 5025 5027 5018
f 5028 5005 5019
f 5028 5016 5005
f 5029 5007 5006
f 5029 5017 5007
f 5029 5006 5020
f 5030 5019 5009
f 5030 5009 5021
f 5031 5010 5022
f 5031 5020 5010
f 5032 5021 5011
f 5032 5011 5023
f 5033 5022 5012
f 5033 5012 5024
f 5034 5035 5026
f 5036 5023 5013
f 5036 5013 5015
f 5036 5015 5037
f 5038 5024 5016
f 5038 5016 5028
f 5039 5017 5029
f 5039 5018 5017
f 5039 5025 5018
f 5040 5019 5030
f 5040 5028 5019
f 5041 5020 5031
f 5041 5029 5020
f 5042 5030 5021
f 5042 5021 5032
f 5043 5031 5022
f 5043 5022 5033
f 5044 5045 5046
f 5044 5046 5035
f 5047 5023 5036
f 5047 5032 5023
f 5048 5024 5038
f 5048 5033 5024
f 5049 5034 5026
f 5049 5025 5039
f 5049 5026 5025
f 5050 5028 5040
f 5050 5038 5028
f 5051 5039 5029
f 5051 5029 5041
f 5052 5030 5042
f 5052 5040 5030
f 5053 5031 5043
f 5053 5041 5031
f 5054 5042 5032
f 5054 5032 5047
f 5055 5033 5048
f 5055 5043 5033
f 5056 5044 5035
f 5056 5035 5034
f 5056 5034 5049
f 5057 5036 5037
f 5057 5047 5036
f 5057 5037 5058
f 5059 5048 5038
f 5059 5038 5050
f 5060 5049 5039
f 5060 5039 5051
f 5061 5040 5052
f 5061 5050 5040
f 5062 5051 5041
f 5062 5041 5053
f 5063 5052 5042
f 5063 5042 5054
f 5064 5043 5055
f 5064 5053 5043
f 5065 5045 5044
f 5065 5066 5045
f 5065 5044 5056
f 5067 5047 5057
f 5067 5054 5047
f 5068 5055 5048
f 5068 5048 5059
f 5069 5056 5049
f 5069 5049 5060
f 5070 5057 5058
f 5070 5058 5071
f 5072 5059 5050
f 5072 5050 5061
f 5073 5051 5062
f 5073 5060 5051
f 5074 5061 5052
f 5074 5052 5063
f 5075 5062 5053
f 5075 5053 5064
f 5076 5077 5066
f 5076 5066 5065
f 5078 5063 5054
f 5078 5054 5067
f 5079 5055 5068
f 5079 5064 5055
f 5080 5065 5056
f 5080 5056 5069
f 5081 5067 5057
f 5081 5057 5070
f 5082 5059 5072
f 5082 5068 5059
f 5083 5069 5060
f 5083 5060 5073
f 5084 5061 5074
f 5084 5072 5061
f 5085 5062 5075
f 5085 5073 5062
f 5086 5077 5076
f 5086 5087 5088
f 5086 5088 5077
f 5089 5063 5078
f 5089 5074 5063
f 5090 5064 5079
f 5090 5075 5064
f 5091 5076 5065
f 5091 5065 5080
f 5092 5067 5081
f 5092 5078 5067
f 5093 5079 5068
f 5093 5068 5082
f 5094 5080 5069
f 5094 5069 5083
f 5095 5070 5071
f 5095 5071 5096
f 5095 5096 5097
f 5095 5081 5070
f 5098 5082 5072
f 5098 5072 5084
f 5099 5083 5073
f 5099 5073 5085
f 5100 5101 5102
f 5100 5102 5087
f 5100 5087 5086
f 5103 5074 5089
f 5103 5084 5074
f 5104 5075 5090
f 5104 5085 5075
f 5105 5086 5076
f 5105 5076 5091
f 5106 5078 5092
f 5106 5089 5078
f 5107 5079 5093
f 5107 5090 5079
f 5108 5080 5094
f 5108 5091 5080
f 5109 5081 5095
f 5109 5092 5081
f 5110 5082 5098
f 5110 5093 5082
f 5111 5094 5083
f 5111 5083 5099
f 5112 5113 5101
f 5112 5101 5100
f 5114 5084 5103
f 5114 5098 5084
f 5115 5085 5104
f 5115 5099 5085
f 5116 5086 5105
f 5116 5100 5086
f 5117 5089 5106
f 5117 5103 5089
f 5118 5104 5090
f 5118 5090 5107
f 5119 5105 5091
f 5119 5091 5108
f 5120 5106 5092
f 5120 5092 5109
f 5121 5107 5093
f 5121 5093 5110
f 5122 5108 5094
f 5122 5094 5111
f 5123 5113 5112
f 5123 5124 5125
f 5123 5125 5113
f 5126 5095 5097
f 5126 5109 5095
f 5126 5097 5127
f 5126 5127 5128
f 5129 5110 5098
f 5129 5098 5114
f 5130 5111 5099
f 5130 5099 5115
f 5131 5112 5100
f 5131 5100 5116
f 5132 5114 5103
f 5132 5103 5117
f 5133 5115 5104
f 5133 5104 5118
f 5134 5116 5105
f 5134 5105 5119
f 5135 5106 5120
f 5135 5117 5106
f 5136 5107 5121
f 5136 5118 5107
f 5137 5119 5108
f 5137 5108 5122
f 5138 5124 5123
f 5138 5139 5140
f 5138 5140 5141
f 5138 5141 5124
f 5142 5120 5109
f 5142 5109 5126
f 5143 5110 5129
f 5143 5121 5110
f 5144 5122 5111
f 5144 5111 5130
f 5145 5112 5131
f 5145 5123 5112
f 5146 5114 5132
f 5146 5129 5114
f 5147 5130 5115
f 5147 5115 5133
f 5148 5116 5134
f 5148 5131 5116
f 5149 5117 5135
f 5149 5132 5117
f 5150 5118 5136
f 5150 5133 5118
f 5151 5134 5119
f 5151 5119 5137
f 5152 5120 5142
f 5152 5135 5120
f 5153 5121 5143
f 5153 5136 5121
f 5154 5122 5144
f 5154 5137 5122
f 5155 5156 5139
f 5155 5139 5138
f 5155 5138 5123
f 5155 5123 5145
f 5157 5142 5126
f 5157 5128 5158
f 5157 5126 5128
f 5159 5143 5129
f 5159 5129 5146
f 5160 5144 5130
f 5160 5130 5147
f 5161 5145 5131
f 5161 5131 5148
f 5162 5132 5149
f 5162 5146 5132
f 5163 5147 5133
f 5163 5133 5150
f 5164 5148 5134
f 5164 5134 5151
f 5165 5149 5135
f 5165 5135 5152
f 5166 5136 5153
f 5166 5150 5136
f 5167 5137 5154
f 5167 5151 5137
f 5168 5142 5157
f 5168 5152 5142
f 5169 5143 5159
f 5169 5153 5143
f 5170 5154 5144
f 5170 5144 5160
f 5171 5155 5145
f 5171 5145 5161
f 5172 5159 5146
f 5172 5146 5162
f 5173 5160 5147
f 5173 5147 5163
f 5174 5161 5148
f 5174 5148 5164
f 5175 5149 5165
f 5175 5162 5149
f 5176 5163 5150
f 5176 5150 5166
f 5177 5151 5167
f 5177 5164 5151
f 5178 5152 5168
f 5178 5165 5152
f 5179 5166 5153
f 5179 5153 5169
f 5180 5167 5154
f 5180 5154 5170
f 5181 5182 5156
f 5181 5156 5155
f 5181 5155 5171
f 5183 5157 5158
f 5183 5158 5184
f 5183 5184 5185
f 5183 5168 5157
f 5186 5169 5159
f 5186 5159 5172
f 5187 5170 5160
f 5187 5160 5173
f 5188 5161 5174
f 5188 5171 5161
f 5189 5172 5162
f 5189 5162 5175
f 5190 5163 5176
f 5190 5173 5163
f 5191 5174 5164
f 5191 5164 5177
f 5192 5165 5178
f 5192 5175 5165
f 5193 5176 5166
f 5193 5166 5179
f 5194 5167 5180
f 5194 5177 5167
f 5195 5178 5168
f 5195 5168 5183
f 5196 5169 5186
f 5196 5179 5169
f 5197 5170 5187
f 5197 5180 5170
f 5198 5199 5182
f 5198 5182 5181
f 5198 5181 5171
f 5198 5171 5188
f 5200 5186 5172
f 5200 5172 5189
f 5201 5187 5173
f 5201 5173 5190
f 5202 5188 5174
f 5202 5174 5191
f 5203 5189 5175
f 5203 5175 5192
f 5204 5176 5193
f 5204 5190 5176
f 5205 5177 5194
f 5205 5191 5177
f 5206 5192 5178
f 5206 5178 5195
f 5207 5193 5179
f 5207 5179 5196
f 5208 5180 5197
f 5208 5194 5180
f 5209 5195 5183
f 5209 5183 5185
f 5210 5196 5186
f 5210 5186 5200
f 5211 5187 5201
f 5211 5197 5187
f 5212 5198 5188
f 5212 5213 5199
f 5212 5188 5202
f 5212 5199 5198
f 5214 5200 5189
f 5214 5189 5203
f 5215 5190 5204
f 5215 5201 5190
f 5216 5202 5191
f 5216 5191 5205
f 5217 5203 5192
f 5217 5192 5206
f 5218 5204 5193
f 5218 5193 5207
f 5219 5205 5194
f 5219 5194 5208
f 5220 5195 5209
f 5220 5206 5195
f 5221 5196 5210
f 5221 5207 5196
f 5222 5208 5197
f 5222 5197 5211
f 5223 5209 5185
f 5223 5185 5224
f 5223 5224 5225
f 5226 5210 5200
f 5226 5200 5214
f 5227 5211 5201
f 5227 5201 5215
f 5228 5229 5213
f 5228 5213 5212
f 5228 5212 5202
f 5228 5202 5216
f 5230 5203 5217
f 5230 5214 5203
f 5231 5204 5218
f 5231 5215 5204
f 5232 5205 5219
f 5232 5216 5205
f 5233 5206 5220
f 5233 5217 5206
f 5234 5218 5207
f 5234 5207 5221
f 5235 5219 5208
f 5235 5208 5222
f 5236 5223 5225
f 5236 5220 5209
f 5236 5209 5223
f 5237 5221 5210
f 5237 5210 5226
f 5238 5222 5211
f 5238 5211 5227
f 5239 5226 5214
f 5239 5214 5230
f 5240 5227 5215
f 5240 5215 5231
f 5241 5216 5232
f 5241 5228 5216
f 5242 5230 5217
f 5242 5217 5233
f 5243 5231 5218
f 5243 5218 5234
f 5244 5219 5235
f 5244 5232 5219
f 5245 5220 5236
f 5245 5233 5220
f 5246 5234 5221
f 5246 5221 5237
f 5247 5235 5222
f 5247 5222 5238
f 5248 5236 5225
f 5248 5225 5249
f 5250 5237 5226
f 5250 5226 5239
f 5251 5227 5240
f 5251 5238 5227
f 5252 5253 5229
f 5252 5228 5241
f 5252 5229 5228
f 5254 5239 5230
f 5254 5230 5242
f 5255 5240 5231
f 5255 5231 5243
f 5256 5241 5232
f 5256 5232 5244
f 5257 5233 5245
f 5257 5242 5233
f 5258 5243 5234
f 5258 5234 5246
f 5259 5244 5235
f 5259 5235 5247
f 5260 5248 5249
f 5260 5236 5248
f 5260 5245 5236
f 5261 5246 5237
f 5261 5237 5250
f 5262 5247 5238
f 5262 5238 5251
f 5263 5250 5239
f 5263 5239 5254
f 5264 5251 5240
f 5264 5240 5255
f 5265 5266 5267
f 5265 5267 5253
f 5265 5253 5252
f 5265 5241 5256
f 5265 5252 5241
f 5268 5242 5257
f 5268 5254 5242
f 5269 5255 5243
f 5269 5243 5258
f 5270 5256 5244
f 5270 5244 5259
f 5271 5245 5260
f 5271 5257 5245
f 5272 5246 5261
f 5272 5258 5246
f 5273 5247 5262
f 5273 5259 5247
f 5274 5260 5249
f 5274 5249 5275
f 5274 5275 5276
f 5277 5250 5263
f 5277 5261 5250
f 5278 5251 5264
f 5278 5262 5251
f 5279 5263 5254
f 5279 5254 5268
f 5280 5255 5269
f 5280 5264 5255
f 5281 5282 5266
f 5281 5266 5265
f 5281 5256 5270
f 5281 5265 5256
f 5283 5257 5271
f 5283 5268 5257
f 5284 5269 5258
f 5284 5258 5272
f 5285 5270 5259
f 5285 5259 5273
f 5286 5271 5260
f 5286 5274 5276
f 5286 5260 5274
f 5286 5276 5287
f 5288 5272 5261
f 5288 5261 5277
f 5289 5273 5262
f 5289 5262 5278
f 5290 5263 5279
f 5290 5277 5263
f 5291 5264 5280
f 5291 5278 5264
f 5292 5268 5283
f 5292 5279 5268
f 5293 5269 5284
f 5293 5280 5269
f 5294 5282 5281
f 5294 5270 5285
f 5294 5295 5282
f 5294 5281 5270
f 5296 5271 5286
f 5296 5283 5271
f 5297 5272 5288
f 5297 5284 5272
f 5298 5273 5289
f 5298 5285 5273
f 5299 5288 5277
f 5299 5277 5290
f 5300 5289 5278
f 5300 5278 5291
f 5301 5279 5292
f 5301 5290 5279
f 5302 5291 5280
f 5302 5280 5293
f 5303 5283 5296
f 5303 5292 5283
f 5304 5293 5284
f 5304 5284 5297
f 5305 5306 5295
f 5305 5294 5285
f 5305 5295 5294
f 5305 5285 5298
f 5307 5286 5287
f 5307 5296 5286
f 5308 5288 5299
f 5308 5297 5288
f 5309 5298 5289
f 5309 5289 5300
f 5310 5290 5301
f 5310 5299 5290
f 5311 5291 5302
f 5311 5300 5291
f 5312 5301 5292
f 5312 5292 5303
f 5313 5293 5304
f 5313 5302 5293
f 5314 5296 5307
f 5314 5303 5296
f 5315 5297 5308
f 5315 5304 5297
f 5316 5298 5309
f 5316 5317 5306
f 5316 5306 5305
f 5316 5305 5298
f 5318 5307 5287
f 5318 5287 5319
f 5318 5319 5320
f 5321 5308 5299
f 5321 5299 5310
f 5322 5309 5300
f 5322 5300 5311
f 5323 5301 5312
f 5323 5310 5301
f 5324 5311 5302
f 5324 5302 5313
f 5325 5303 5314
f 5325 5312 5303
f 5326 5313 5304
f 5326 5304 5315
f 5327 5318 5320
f 5327 5320 5328
f 5327 5314 5307
f 5327 5307 5318
f 5329 5308 5321
f 5329 5315 5308
f 5330 5309 5322
f 5330 5331 5317
f 5330 5317 5316
f 5330 5316 5309
f 5332 5310 5323
f 5332 5321 5310
f 5333 5322 5311
f 5333 5311 5324
f 5334 5323 5312
f 5334 5312 5325
f 5335 5324 5313
f 5335 5313 5326
f 5336 5314 5327
f 5336 5325 5314
f 5337 5326 5315
f 5337 5315 5329
f 5338 5329 5321
f 5338 5321 5332
f 5339 5340 5341
f 5339 5341 5331
f 5339 5330 5322
f 5339 5331 5330
f 5339 5322 5333
f 5342 5323 5334
f 5342 5332 5323
f 5343 5333 5324
f 5343 5324 5335
f 5344 5334 5325
f 5344 5325 5336
f 5345 5326 5337
f 5345 5335 5326
f 5346 5336 5327
f 5346 5327 5328
f 5346 5328 5347
f 5348 5337 5329
f 5348 5329 5338
f 5349 5332 5342
f 5349 5338 5332
f 5350 5351 5340
f 5350 5340 5339
f 5350 5339 5333
f 5350 5333 5343
f 5352 5342 5334
f 5352 5334 5344
f 5353 5343 5335
f 5353 5335 5345
f 5354 5336 5346
f 5354 5344 5336
f 5355 5345 5337
f 5355 5337 5348
f 5356 5348 5338
f 5356 5338 5349
f 5357 5349 5342
f 5357 5342 5352
f 5358 5350 5343
f 5358 5359 5351
f 5358 5343 5353
f 5358 5351 5350
f 5360 5344 5354
f 5360 5352 5344
f 5361 5353 5345
f 5361 5345 5355
f 5362 5347 5363
f 5362 5363 5364
f 5362 5354 5346
f 5362 5346 5347
f 5365 5355 5348
f 5365 5348 5356
f 5366 5356 5349
f 5366 5349 5357
f 5367 5352 5360
f 5367 5357 5352
f 5368 5353 5361
f 5368 5369 5359
f 5368 5359 5358
f 5368 5358 5353
f 5370 5354 5362
f 5370 5360 5354
f 5371 5361 5355
f 5371 5355 5365
f 5372 5365 5356
f 5372 5356 5366
f 5373 5366 5357
f 5373 5357 5367
f 5374 5360 5370
f 5374 5367 5360
f 5375 5376 5369
f 5375 5369 5368
f 5375 5368 5361
f 5375 5361 5371
f 5377 5362 5364
f 5377 5370 5362
f 5377 5364 5378
f 5377 5378 5379
f 5380 5365 5372
f 5380 5371 5365
f 5381 5372 5366
f 5381 5366 5373
f 5382 5367 5374
f 5382 5373 5367
f 5383 5370 5377
f 5383 5374 5370
f 5384 5385 5376
f 5384 5376 5375
f 5384 5375 5371
f 5384 5371 5380
f 5386 5380 5372
f 5386 5372 5381
f 5387 5381 5373
f 5387 5373 5382
f 5388 5382 5374
f 5388 5374 5383
f 5389 5377 5379
f 5389 5383 5377
f 5389 5379 5390
f 5391 5392 5393
f 5391 5393 5385
f 5391 5385 5384
f 5391 5384 5380
f 5391 5380 5386
f 5394 5395 5396
f 5394 5381 5387
f 5394 5386 5381
f 5397 5382 5388
f 5397 5387 5382
f 5398 5383 5389
f 5398 5388 5383
f 5399 5396 5392
f 5399 5394 5396
f 5399 5392 5391
f 5399 5391 5386
f 5399 5386 5394
f 5400 5387 5397
f 5400 5401 5395
f 5400 5395 5394
f 5400 5394 5387
f 5402 5388 5398
f 5402 5397 5388
f 5403 5398 5389
f 5403 5389 5390
f 5403 5390 5404
f 5403 5404 5405
f 5406 5407 5401
f 5406 5401 5400
f 5406 5397 5402
f 5406 5400 5397
f 5408 5409 5410
f 5408 5398 5403
f 5408 5402 5398
f 5411 5408 5410
f 5411 5410 5407
f 5411 5407 5406
f 5411 5406 5402
f 5411 5402 5408
f 5412 5413 5414
f 5412 5409 5408
f 5412 5414 5409
f 5412 5408 5403
f 5412 5403 5405
f 5412 5405 5413
f 5124 5415 5416
f 5124 5141 5415
f 5125 5416 5417
f 5125 5124 5416
f 5113 5417 5418
f 5113 5125 5417
f 5101 5418 5419
f 5101 5113 5418
f 5102 5419 5420
f 5102 5101 5419
f 5087 5420 5421
f 5087 5102 5420
f 5088 5421 5422
f 5088 5087 5421
f 5077 5422 5423
f 5077 5088 5422
f 5066 5077 5423
f 5066 5423 5424
f 5045 5424 5425
f 5045 5066 5424
f 5046 5425 5426
f 5046 5045 5425
f 5035 5426 5427
f 5035 5046 5426
f 5026 5427 5428
f 5026 5035 5427
f 5027 5428 5429
f 5027 5026 5428
f 5018 5429 5430
f 5018 5027 5429
f 5007 5430 5431
f 5007 5018 5430
f 5008 5431 5432
f 5008 5007 5431
f 4999 5432 5433
f 4999 5433 5434
f 4999 5008 5432
f 5000 4999 5434
f 4991 5434 5435
f 4991 5000 5434
f 4992 5435 5436
f 4992 4991 5435
f 4995 5436 5437
f 4995 4992 5436
f 4986 5437 5438
f 4986 4995 5437
f 4987 5438 5439
f 4987 4986 5438
f 4977 5439 5440
f 4977 4987 5439
f 4978 5440 5441
f 4978 4977 5440
f 4980 5441 5442
f 4980 4978 5441
f 4970 5442 5443
f 4970 5443 5444
f 4970 4980 5442
f 4971 4970 5444
f 4972 5444 5445
f 4972 4971 5444
f 4974 5445 5446
f 4974 4972 5445
f 4975 5446 5447
f 4975 4974 5446
f 5448 5449 5450
f 5448 5450 5451
f 5452 5451 5453
f 5452 5453 5454
f 5455 5456 5457
f 5458 5459 5449
f 5458 5449 5448
f 5460 5451 5452
f 5460 5448 5451
f 5461 5452 5454
f 5461 5454 5462
f 5461 5462 5463
f 5464 5456 5455
f 5464 5465 5466
f 5464 5466 5456
f 5467 5455 5457
f 5467 5457 5459
f 5467 5459 5458
f 5468 5448 5460
f 5468 5458 5448
f 5469 5470 5471
f 5472 5452 5461
f 5472 5460 5452
f 5473 5471 5474
f 5473 5474 5465
f 5473 5465 5464
f 5475 5464 5455
f 5475 5455 5467
f 5476 5458 5468
f 5476 5467 5458
f 5477 5478 5479
f 5480 5468 5460
f 5480 5460 5472
f 5481 5471 5473
f 5481 5469 5471
f 5482 5461 5463
f 5482 5472 5461
f 5483 5473 5464
f 5483 5464 5475
f 5484 5475 5467
f 5484 5467 5476
f 5485 5486 5487
f 5485 5487 5478
f 5488 5468 5480
f 5488 5476 5468
f 5489 5470 5469
f 5489 5477 5479
f 5489 5479 5470
f 5489 5469 5481
f 5490 5480 5472
f 5490 5472 5482
f 5491 5473 5483
f 5491 5481 5473
f 5492 5482 5463
f 5492 5463 5493
f 5492 5493 5494
f 5495 5475 5484
f 5495 5483 5475
f 5496 5497 5486
f 5498 5476 5488
f 5498 5484 5476
f 5499 5478 5477
f 5499 5485 5478
f 5499 5477 5489
f 5500 5480 5490
f 5500 5488 5480
f 5501 5489 5481
f 5501 5481 5491
f 5502 5490 5482
f 5502 5482 5492
f 5503 5483 5495
f 5503 5491 5483
f 5504 5505 5506
f 5504 5506 5497
f 5507 5495 5484
f 5507 5484 5498
f 5508 5496 5486
f 5508 5485 5499
f 5508 5486 5485
f 5509 5498 5488
f 5509 5488 5500
f 5510 5499 5489
f 5510 5489 5501
f 5511 5500 5490
f 5511 5490 5502
f 5512 5501 5491
f 5512 5491 5503
f 5513 5514 5505
f 5515 5492 5494
f 5515 5494 5516
f 5515 5502 5492
f 5517 5495 5507
f 5517 5503 5495
f 5518 5496 5508
f 5518 5504 5497
f 5518 5497 5496
f 5519 5498 5509
f 5519 5507 5498
f 5520 5508 5499
f 5520 5499 5510
f 5521 5509 5500
f 5521 5500 5511
f 5522 5510 5501
f 5522 5501 5512
f 5523 5524 5525
f 5523 5525 5514
f 5526 5502 5515
f 5526 5511 5502
f 5527 5512 5503
f 5527 5503 5517
f 5528 5513 5505
f 5528 5504 5518
f 5528 5505 5504
f 5529 5517 5507
f 5529 5507 5519
f 5530 5508 5520
f 5530 5518 5508
f 5531 5509 5521
f 5531 5519 5509
f 5532 5520 5510
f 5532 5510 5522
f 5533 5511 5526
f 5533 5521 5511
f 5534 5522 5512
f 5534 5512 5527
f 5535 5523 5514
f 5535 5513 5528
f 5535 5514 5513
f 5536 5515 5516
f 5536 5526 5515
f 5536 5516 5537
f 5538 5527 5517
f 5538 5517 5529
f 5539 5518 5530
f 5539 5528 5518
f 5540 5529 5519
f 5540 5519 5531
f 5541 5530 5520
f 5541 5520 5532
f 5542 5521 5533
f 5542 5531 5521
f 5543 5522 5534
f 5543 5532 5522
f 5544 5524 5523
f 5544 5545 5524
f 5544 5523 5535
f 5546 5533 5526
f 5546 5526 5536
f 5547 5527 5538
f 5547 5534 5527
f 5548 5535 5528
f 5548 5528 5539
f 5549 5536 5537
f 5549 5537 5550
f 5551 5529 5540
f 5551 5538 5529
f 5552 5530 5541
f 5552 5539 5530
f 5553 5540 5531
f 5553 5531 5542
f 5554 5541 5532
f 5554 5532 5543
f 5555 5556 5545
f 5555 5545 5544
f 5557 5533 5546
f 5557 5542 5533
f 5558 5534 5547
f 5558 5543 5534
f 5559 5544 5535
f 5559 5535 5548
f 5560 5546 5536
f 5560 5536 5549
f 5561 5547 5538
f 5561 5538 5551
f 5562 5548 5539
f 5562 5539 5552
f 5563 5551 5540
f 5563 5540 5553
f 5564 5541 5554
f 5564 5552 5541
f 5565 5556 5555
f 5565 5566 5567
f 5565 5567 5556
f 5568 5553 5542
f 5568 5542 5557
f 5569 5554 5543
f 5569 5543 5558
f 5570 5555 5544
f 5570 5544 5559
f 5571 5546 5560
f 5571 5557 5546
f 5572 5558 5547
f 5572 5547 5561
f 5573 5559 5548
f 5573 5548 5562
f 5574 5549 5550
f 5574 5550 5575
f 5574 5575 5576
f 5574 5560 5549
f 5577 5561 5551
f 5577 5551 5563
f 5578 5562 5552
f 5578 5552 5564
f 5579 5580 5581
f 5579 5581 5566
f 5579 5566 5565
f 5582 5553 5568
f 5582 5563 5553
f 5583 5564 5554
f 5583 5554 5569
f 5584 5565 5555
f 5584 5555 5570
f 5585 5568 5557
f 5585 5557 5571
f 5586 5569 5558
f 5586 5558 5572
f 5587 5570 5559
f 5587 5559 5573
f 5588 5560 5574
f 5588 5571 5560
f 5589 5561 5577
f 5589 5572 5561
f 5590 5562 5578
f 5590 5573 5562
f 5591 5592 5580
f 5591 5580 5579
f 5593 5577 5563
f 5593 5563 5582
f 5594 5578 5564
f 5594 5564 5583
f 5595 5565 5584
f 5595 5579 5565
f 5596 5582 5568
f 5596 5568 5585
f 5597 5583 5569
f 5597 5569 5586
f 5598 5584 5570
f 5598 5570 5587
f 5599 5585 5571
f 5599 5571 5588
f 5600 5586 5572
f 5600 5572 5589
f 5601 5587 5573
f 5601 5573 5590
f 5602 5592 5591
f 5602 5603 5604
f 5602 5604 5592
f 5605 5588 5574
f 5605 5574 5576
f 5605 5576 5606
f 5605 5606 5607
f 5608 5589 5577
f 5608 5577 5593
f 5609 5578 5594
f 5609 5590 5578
f 5610 5591 5579
f 5610 5579 5595
f 5611 5593 5582
f 5611 5582 5596
f 5612 5594 5583
f 5612 5583 5597
f 5613 5595 5584
f 5613 5584 5598
f 5614 5585 5599
f 5614 5596 5585
f 5615 5586 5600
f 5615 5597 5586
f 5616 5598 5587
f 5616 5587 5601
f 5617 5603 5602
f 5617 5618 5619
f 5617 5619 5620
f 5617 5620 5603
f 5621 5599 5588
f 5621 5588 5605
f 5622 5589 5608
f 5622 5600 5589
f 5623 5601 5590
f 5623 5590 5609
f 5624 5591 5610
f 5624 5602 5591
f 5625 5593 5611
f 5625 5608 5593
f 5626 5609 5594
f 5626 5594 5612
f 5627 5610 5595
f 5627 5595 5613
f 5628 5611 5596
f 5628 5596 5614
f 5629 5612 5597
f 5629 5597 5615
f 5630 5598 5616
f 5630 5613 5598
f 5631 5599 5621
f 5631 5614 5599
f 5632 5615 5600
f 5632 5600 5622
f 5633 5601 5623
f 5633 5616 5601
f 5634 5635 5618
f 5634 5618 5617
f 5634 5617 5602
f 5634 5602 5624
f 5636 5605 5607
f 5636 5621 5605
f 5636 5607 5637
f 5638 5622 5608
f 5638 5608 5625
f 5639 5623 5609
f 5639 5609 5626
f 5640 5610 5627
f 5640 5624 5610
f 5641 5611 5628
f 5641 5625 5611
f 5642 5626 5612
f 5642 5612 5629
f 5643 5627 5613
f 5643 5613 5630
f 5644 5628 5614
f 5644 5614 5631
f 5645 5629 5615
f 5645 5615 5632
f 5646 5616 5633
f 5646 5630 5616
f 5647 5631 5621
f 5647 5621 5636
f 5648 5622 5638
f 5648 5632 5622
f 5649 5623 5639
f 5649 5633 5623
f 5650 5634 5624
f 5650 5624 5640
f 5651 5638 5625
f 5651 5625 5641
f 5652 5639 5626
f 5652 5626 5642
f 5653 5640 5627
f 5653 5627 5643
f 5654 5628 5644
f 5654 5641 5628
f 5655 5642 5629
f 5655 5629 5645
f 5656 5643 5630
f 5656 5630 5646
f 5657 5631 5647
f 5657 5644 5631
f 5658 5632 5648
f 5658 5645 5632
f 5659 5633 5649
f 5659 5646 5633
f 5660 5661 5635
f 5660 5635 5634
f 5660 5634 5650
f 5662 5636 5637
f 5662 5637 5663
f 5662 5663 5664
f 5662 5647 5636
f 5665 5648 5638
f 5665 5638 5651
f 5666 5639 5652
f 5666 5649 5639
f 5667 5640 5653
f 5667 5650 5640
f 5668 5641 5654
f 5668 5651 5641
f 5669 5642 5655
f 5669 5652 5642
f 5670 5653 5643
f 5670 5643 5656
f 5671 5654 5644
f 5671 5644 5657
f 5672 5645 5658
f 5672 5655 5645
f 5673 5656 5646
f 5673 5646 5659
f 5674 5647 5662
f 5674 5657 5647
f 5675 5658 5648
f 5675 5648 5665
f 5676 5659 5649
f 5676 5649 5666
f 5677 5678 5661
f 5677 5661 5660
f 5677 5660 5650
f 5677 5650 5667
f 5679 5651 5668
f 5679 5665 5651
f 5680 5666 5652
f 5680 5652 5669
f 5681 5653 5670
f 5681 5667 5653
f 5682 5654 5671
f 5682 5668 5654
f 5683 5669 5655
f 5683 5655 5672
f 5684 5656 5673
f 5684 5670 5656
f 5685 5657 5674
f 5685 5671 5657
f 5686 5658 5675
f 5686 5672 5658
f 5687 5673 5659
f 5687 5659 5676
f 5688 5674 5662
f 5688 5662 5664
f 5689 5665 5679
f 5689 5675 5665
f 5690 5676 5666
f 5690 5666 5680
f 5691 5677 5667
f 5691 5692 5678
f 5691 5678 5677
f 5691 5667 5681
f 5693 5668 5682
f 5693 5679 5668
f 5694 5669 5683
f 5694 5680 5669
f 5695 5670 5684
f 5695 5681 5670
f 5696 5682 5671
f 5696 5671 5685
f 5697 5672 5686
f 5697 5683 5672
f 5698 5673 5687
f 5698 5684 5673
f 5699 5674 5688
f 5699 5685 5674
f 5700 5686 5675
f 5700 5675 5689
f 5701 5687 5676
f 5701 5676 5690
f 5702 5688 5664
f 5702 5664 5703
f 5702 5703 5704
f 5705 5689 5679
f 5705 5679 5693
f 5706 5690 5680
f 5706 5680 5694
f 5707 5708 5692
f 5707 5692 5691
f 5707 5691 5681
f 5707 5681 5695
f 5709 5682 5696
f 5709 5693 5682
f 5710 5694 5683
f 5710 5683 5697
f 5711 5695 5684
f 5711 5684 5698
f 5712 5685 5699
f 5712 5696 5685
f 5713 5697 5686
f 5713 5686 5700
f 5714 5687 5701
f 5714 5698 5687
f 5715 5699 5688
f 5715 5688 5702
f 5715 5702 5704
f 5716 5689 5705
f 5716 5700 5689
f 5717 5701 5690
f 5717 5690 5706
f 5718 5705 5693
f 5718 5693 5709
f 5719 5694 5710
f 5719 5706 5694
f 5720 5695 5711
f 5720 5707 5695
f 5721 5709 5696
f 5721 5696 5712
f 5722 5710 5697
f 5722 5697 5713
f 5723 5698 5714
f 5723 5711 5698
f 5724 5712 5699
f 5724 5699 5715
f 5725 5700 5716
f 5725 5713 5700
f 5726 5714 5701
f 5726 5701 5717
f 5727 5715 5704
f 5727 5704 5728
f 5729 5716 5705
f 5729 5705 5718
f 5730 5706 5719
f 5730 5717 5706
f 5731 5708 5707
f 5731 5732 5708
f 5731 5707 5720
f 5733 5709 5721
f 5733 5718 5709
f 5734 5710 5722
f 5734 5719 5710
f 5735 5720 5711
f 5735 5711 5723
f 5736 5712 5724
f 5736 5721 5712
f 5737 5713 5725
f 5737 5722 5713
f 5738 5714 5726
f 5738 5723 5714
f 5739 5715 5727
f 5739 5727 5728
f 5739 5724 5715
f 5740 5725 5716
f 5740 5716 5729
f 5741 5726 5717
f 5741 5717 5730
f 5742 5729 5718
f 5742 5718 5733
f 5743 5730 5719
f 5743 5719 5734
f 5744 5745 5746
f 5744 5746 5732
f 5744 5732 5731
f 5744 5731 5720
f 5744 5720 5735
f 5747 5721 5736
f 5747 5733 5721
f 5748 5734 5722
f 5748 5722 5737
f 5749 5723 5738
f 5749 5735 5723
f 5750 5736 5724
f 5750 5724 5739
f 5751 5725 5740
f 5751 5737 5725
f 5752 5738 5726
f 5752 5726 5741
f 5753 5739 5728
f 5753 5728 5754
f 5753 5754 5755
f 5756 5740 5729
f 5756 5729 5742
f 5757 5730 5743
f 5757 5741 5730
f 5758 5733 5747
f 5758 5742 5733
f 5759 5734 5748
f 5759 5743 5734
f 5760 5735 5749
f 5760 5761 5745
f 5760 5745 5744
f 5760 5744 5735
f 5762 5747 5736
f 5762 5736 5750
f 5763 5748 5737
f 5763 5737 5751
f 5764 5749 5738
f 5764 5738 5752
f 5765 5753 5755
f 5765 5739 5753
f 5765 5755 5766
f 5765 5750 5739
f 5767 5751 5740
f 5767 5740 5756
f 5768 5752 5741
f 5768 5741 5757
f 5769 5756 5742
f 5769 5742 5758
f 5770 5743 5759
f 5770 5757 5743
f 5771 5758 5747
f 5771 5747 5762
f 5772 5748 5763
f 5772 5759 5748
f 5773 5749 5764
f 5773 5774 5761
f 5773 5761 5760
f 5773 5760 5749
f 5775 5750 5765
f 5775 5762 5750
f 5776 5751 5767
f 5776 5763 5751
f 5777 5752 5768
f 5777 5764 5752
f 5778 5756 5769
f 5778 5767 5756
f 5779 5768 5757
f 5779 5757 5770
f 5780 5758 5771
f 5780 5769 5758
f 5781 5770 5759
f 5781 5759 5772
f 5782 5762 5775
f 5782 5771 5762
f 5783 5772 5763
f 5783 5763 5776
f 5784 5785 5774
f 5784 5773 5764
f 5784 5774 5773
f 5784 5764 5777
f 5786 5775 5765
f 5786 5765 5766
f 5787 5767 5778
f 5787 5776 5767
f 5788 5777 5768
f 5788 5768 5779
f 5789 5769 5780
f 5789 5778 5769
f 5790 5779 5770
f 5790 5770 5781
f 5791 5780 5771
f 5791 5771 5782
f 5792 5781 5772
f 5792 5772 5783
f 5793 5782 5775
f 5793 5775 5786
f 5794 5776 5787
f 5794 5783 5776
f 5795 5777 5788
f 5795 5796 5785
f 5795 5784 5777
f 5795 5785 5784
f 5797 5786 5766
f 5797 5766 5798
f 5797 5798 5799
f 5800 5778 5789
f 5800 5787 5778
f 5801 5788 5779
f 5801 5779 5790
f 5802 5780 5791
f 5802 5789 5780
f 5803 5790 5781
f 5803 5781 5792
f 5804 5782 5793
f 5804 5791 5782
f 5805 5792 5783
f 5805 5783 5794
f 5806 5793 5786
f 5806 5797 5799
f 5806 5799 5807
f 5806 5786 5797
f 5808 5787 5800
f 5808 5794 5787
f 5809 5788 5801
f 5809 5810 5796
f 5809 5796 5795
f 5809 5795 5788
f 5811 5789 5802
f 5811 5800 5789
f 5812 5801 5790
f 5812 5790 5803
f 5813 5791 5804
f 5813 5802 5791
f 5814 5792 5805
f 5814 5803 5792
f 5815 5804 5793
f 5815 5793 5806
f 5816 5805 5794
f 5816 5794 5808
f 5817 5800 5811
f 5817 5808 5800
f 5818 5819 5820
f 5818 5820 5810
f 5818 5809 5801
f 5818 5810 5809
f 5818 5801 5812
f 5821 5811 5802
f 5821 5802 5813
f 5822 5812 5803
f 5822 5803 5814
f 5823 5813 5804
f 5823 5804 5815
f 5824 5805 5816
f 5824 5814 5805
f 5825 5815 5806
f 5825 5806 5807
f 5825 5807 5826
f 5827 5816 5808
f 5827 5808 5817
f 5828 5817 5811
f 5828 5811 5821
f 5829 5830 5819
f 5829 5812 5822
f 5829 5818 5812
f 5829 5819 5818
f 5831 5813 5823
f 5831 5821 5813
f 5832 5822 5814
f 5832 5814 5824
f 5833 5815 5825
f 5833 5823 5815
f 5834 5824 5816
f 5834 5816 5827
f 5835 5817 5828
f 5835 5827 5817
f 5836 5828 5821
f 5836 5821 5831
f 5837 5829 5822
f 5837 5838 5830
f 5837 5822 5832
f 5837 5830 5829
f 5839 5823 5833
f 5839 5831 5823
f 5840 5832 5824
f 5840 5824 5834
f 5841 5833 5825
f 5841 5826 5842
f 5841 5842 5843
f 5841 5825 5826
f 5844 5834 5827
f 5844 5827 5835
f 5845 5835 5828
f 5845 5828 5836
f 5846 5831 5839
f 5846 5836 5831
f 5847 5832 5840
f 5847 5848 5838
f 5847 5838 5837
f 5847 5837 5832
f 5849 5833 5841
f 5849 5839 5833
f 5850 5840 5834
f 5850 5834 5844
f 5851 5844 5835
f 5851 5835 5845
f 5852 5845 5836
f 5852 5836 5846
f 5853 5839 5849
f 5853 5846 5839
f 5854 5855 5848
f 5854 5840 5850
f 5854 5848 5847
f 5854 5847 5840
f 5856 5841 5843
f 5856 5849 5841
f 5856 5843 5857
f 5856 5857 5858
f 5859 5850 5844
f 5859 5844 5851
f 5860 5845 5852
f 5860 5851 5845
f 5861 5852 5846
f 5861 5846 5853
f 5862 5853 5849
f 5862 5849 5856
f 5863 5864 5855
f 5863 5855 5854
f 5863 5854 5850
f 5863 5850 5859
f 5865 5859 5851
f 5865 5851 5860
f 5866 5860 5852
f 5866 5852 5861
f 5867 5853 5862
f 5867 5861 5853
f 5868 5856 5858
f 5868 5862 5856
f 5868 5858 5869
f 5870 5871 5872
f 5870 5872 5864
f 5870 5864 5863
f 5870 5863 5859
f 5870 5859 5865
f 5873 5874 5875
f 5873 5860 5866
f 5873 5865 5860
f 5876 5861 5867
f 5876 5866 5861
f 5877 5867 5862
f 5877 5862 5868
f 5878 5875 5871
f 5878 5871 5870
f 5878 5873 5875
f 5878 5870 5865
f 5878 5865 5873
f 5879 5874 5873
f 5879 5880 5874
f 5879 5873 5866
f 5879 5866 5876
f 5881 5867 5877
f 5881 5876 5867
f 5882 5877 5868
f 5882 5868 5869
f 5882 5869 5883
f 5882 5883 5884
f 5885 5886 5880
f 5885 5880 5879
f 5885 5879 5876
f 5885 5876 5881
f 5887 5888 5889
f 5887 5881 5877
f 5887 5877 5882
f 5890 5881 5887
f 5890 5889 5886
f 5890 5885 5881
f 5890 5887 5889
f 5890 5886 5885
f 5891 5892 5893
f 5891 5893 5888
f 5891 5888 5887
f 5891 5887 5882
f 5891 5882 5884
f 5891 5884 5892
f 5603 5894 5895
f 5603 5620 5894
f 5604 5895 5896
f 5604 5603 5895
f 5592 5896 5897
f 5592 5604 5896
f 5580 5897 5898
f 5580 5592 5897
f 5581 5898 5899
f 5581 5580 5898
f 5566 5899 5900
f 5566 5581 5899
f 5567 5900 5901
f 5567 5566 5900
f 5556 5901 5902
f 5556 5567 5901
f 5545 5556 5902
f 5545 5902 5903
f 5524 5903 5904
f 5524 5545 5903
f 5525 5904 5905
f 5525 5524 5904
f 5514 5905 5906
f 5514 5525 5905
f 5505 5906 5907
f 5505 5514 5906
f 5506 5907 5908
f 5506 5505 5907
f 5497 5908 5909
f 5497 5506 5908
f 5486 5909 5910
f 5486 5497 5909
f 5487 5910 5911
f 5487 5486 5910
f 5478 5911 5912
f 5478 5912 5913
f 5478 5487 5911
f 5479 5478 5913
f 5470 5913 5914
f 5470 5479 5913
f 5471 5914 5915
f 5471 5470 5914
f 5474 5915 5916
f 5474 5471 5915
f 5465 5916 5917
f 5465 5474 5916
f 5466 5917 5918
f 5466 5465 5917
f 5456 5918 5919
f 5456 5466 5918
f 5457 5919 5920
f 5457 5456 5919
f 5459 5920 5921
f 5459 5457 5920
f 5449 5921 5922
f 5449 5922 5923
f 5449 5459 5921
f 5450 5449 5923
f 5451 5923 5924
f 5451 5450 5923
f 5453 5924 5925
f 5453 5451 5924
f 5454 5925 5926
f 5454 5453 5925
f 5414 5413 5892
f 5414 5892 5884
f 5409 5884 5883
f 5409 5414 5884
f 5410 5883 5869
f 5410 5409 5883
f 5407 5869 5858
f 5407 5410 5869
f 5401 5858 5857
f 5401 5407 5858
f 5395 5857 5843
f 5395 5401 5857
f 5396 5843 5842
f 5396 5395 5843
f 5392 5396 5842
f 5392 5842 5826
f 5393 5392 5826
f 5393 5826 5807
f 5385 5393 5807
f 5385 5807 5799
f 5376 5385 5799
f 5376 5799 5798
f 5369 5376 5798
f 5369 5798 5766
f 5359 5369 5766
f 5359 5766 5755
f 5351 5359 5755
f 5351 5755 5754
f 5340 5351 5754
f 5340 5754 5728
f 5341 5340 5728
f 5341 5728 5704
f 5331 5341 5704
f 5331 5704 5703
f 5317 5331 5703
f 5317 5703 5664
f 5306 5664 5663
f 5306 5317 5664
f 5295 5663 5637
f 5295 5306 5663
f 5282 5295 5637
f 5282 5637 5607
f 5266 5607 5606
f 5266 5282 5607
f 5267 5266 5606
f 5267 5606 5576
f 5253 5576 5575
f 5253 5267 5576
f 5229 5575 5550
f 5229 5253 5575
f 5213 5550 5537
f 5213 5229 5550
f 5199 5537 5516
f 5199 5213 5537
f 5182 5516 5494
f 5182 5199 5516
f 5156 5494 5493
f 5156 5182 5494
f 5139 5493 5463
f 5139 5156 5493
f 5140 5463 5462
f 5140 5139 5463
f 5141 5462 5454
f 5141 5140 5462
f 5927 5928 5929
f 5927 5930 5928
f 5931 5929 5932
f 5931 5927 5929
f 5931 5930 5927
f 5933 5934 5935
f 5933 5935 5936
f 5937 5930 5931
f 5937 5938 5939
f 5937 5939 5930
f 5940 5932 5934
f 5940 5931 5932
f 5940 5934 5933
f 5941 5936 5942
f 5941 5933 5936
f 5943 5931 5940
f 5943 5937 5931
f 5943 5938 5937
f 5944 5940 5933
f 5944 5933 5941
f 5945 5942 5946
f 5945 5941 5942
f 5947 5946 5948
f 5947 5948 5949
f 5950 5938 5943
f 5950 5951 5938
f 5952 5943 5940
f 5952 5940 5944
f 5953 5944 5941
f 5953 5941 5945
f 5954 5946 5947
f 5954 5945 5946
f 5955 5949 5956
f 5955 5947 5949
f 5957 5950 5943
f 5957 5943 5952
f 5957 5951 5950
f 5958 5944 5953
f 5958 5952 5944
f 5959 5953 5945
f 5959 5945 5954
f 5960 5947 5955
f 5960 5954 5947
f 5961 5951 5957
f 5961 5962 5963
f 5961 5963 5951
f 5964 5956 5965
f 5964 5955 5956
f 5966 5957 5952
f 5966 5952 5958
f 5967 5958 5953
f 5967 5953 5959
f 5968 5959 5954
f 5968 5954 5960
f 5969 5960 5955
f 5969 5955 5964
f 5970 5961 5957
f 5970 5962 5961
f 5970 5957 5966
f 5971 5965 5972
f 5971 5972 5973
f 5971 5964 5965
f 5974 5966 5958
f 5974 5958 5967
f 5975 5967 5959
f 5975 5959 5968
f 5976 5960 5969
f 5976 5968 5960
f 5977 5962 5970
f 5977 5978 5962
f 5979 5964 5971
f 5979 5969 5964
f 5980 5966 5974
f 5980 5970 5966
f 5981 5973 5982
f 5981 5971 5973
f 5983 5967 5975
f 5983 5974 5967
f 5984 5968 5976
f 5984 5975 5968
f 5985 5969 5979
f 5985 5976 5969
f 5986 5977 5970
f 5986 5970 5980
f 5987 5979 5971
f 5987 5971 5981
f 5988 5980 5974
f 5988 5974 5983
f 5989 5982 5990
f 5989 5981 5982
f 5991 5983 5975
f 5991 5975 5984
f 5992 5984 5976
f 5992 5976 5985
f 5993 5978 5977
f 5993 5977 5986
f 5993 5994 5995
f 5993 5995 5978
f 5996 5979 5987
f 5996 5985 5979
f 5997 5980 5988
f 5997 5986 5980
f 5998 5987 5981
f 5998 5981 5989
f 5999 5983 5991
f 5999 5988 5983
f 6000 5990 6001
f 6000 5989 5990
f 6002 5984 5992
f 6002 5991 5984
f 6003 5985 5996
f 6003 5992 5985
f 6004 5993 5986
f 6004 5986 5997
f 6005 5996 5987
f 6005 5987 5998
f 6006 5988 5999
f 6006 5997 5988
f 6007 5998 5989
f 6007 5989 6000
f 6008 5991 6002
f 6008 5999 5991
f 6009 6001 6010
f 6009 6000 6001
f 6011 5992 6003
f 6011 6002 5992
f 6012 5994 5993
f 6012 5993 6004
f 6012 6013 5994
f 6014 5996 6005
f 6014 6003 5996
f 6015 5997 6006
f 6015 6004 5997
f 6016 6005 5998
f 6016 5998 6007
f 6017 5999 6008
f 6017 6006 5999
f 6018 6007 6000
f 6018 6000 6009
f 6019 6008 6002
f 6019 6002 6011
f 6020 6010 6021
f 6020 6009 6010
f 6022 6011 6003
f 6022 6003 6014
f 6023 6004 6015
f 6023 6012 6004
f 6024 6014 6005
f 6024 6005 6016
f 6025 6015 6006
f 6025 6006 6017
f 6026 6016 6007
f 6026 6007 6018
f 6027 6017 6008
f 6027 6008 6019
f 6028 6018 6009
f 6028 6009 6020
f 6029 6019 6011
f 6029 6011 6022
f 6030 6012 6023
f 6030 6013 6012
f 6030 6031 6032
f 6030 6032 6013
f 6033 6021 6034
f 6033 6020 6021
f 6035 6022 6014
f 6035 6014 6024
f 6036 6023 6015
f 6036 6015 6025
f 6037 6016 6026
f 6037 6024 6016
f 6038 6017 6027
f 6038 6025 6017
f 6039 6018 6028
f 6039 6026 6018
f 6040 6027 6019
f 6040 6019 6029
f 6041 6028 6020
f 6041 6020 6033
f 6042 6029 6022
f 6042 6022 6035
f 6043 6030 6023
f 6043 6023 6036
f 6044 6034 6045
f 6044 6045 6046
f 6044 6033 6034
f 6047 6035 6024
f 6047 6024 6037
f 6048 6025 6038
f 6048 6036 6025
f 6049 6037 6026
f 6049 6026 6039
f 6050 6038 6027
f 6050 6027 6040
f 6051 6028 6041
f 6051 6039 6028
f 6052 6040 6029
f 6052 6029 6042
f 6053 6031 6030
f 6053 6030 6043
f 6053 6054 6055
f 6053 6055 6031
f 6056 6041 6033
f 6056 6033 6044
f 6057 6035 6047
f 6057 6042 6035
f 6058 6036 6048
f 6058 6043 6036
f 6059 6046 6060
f 6059 6044 6046
f 6061 6047 6037
f 6061 6037 6049
f 6062 6048 6038
f 6062 6038 6050
f 6063 6049 6039
f 6063 6039 6051
f 6064 6040 6052
f 6064 6050 6040
f 6065 6041 6056
f 6065 6051 6041
f 6066 6052 6042
f 6066 6042 6057
f 6067 6053 6043
f 6067 6043 6058
f 6068 6056 6044
f 6068 6044 6059
f 6069 6057 6047
f 6069 6047 6061
f 6070 6058 6048
f 6070 6048 6062
f 6071 6059 6060
f 6071 6060 6072
f 6073 6049 6063
f 6073 6061 6049
f 6074 6062 6050
f 6074 6050 6064
f 6075 6063 6051
f 6075 6051 6065
f 6076 6064 6052
f 6076 6052 6066
f 6077 6054 6053
f 6077 6053 6067
f 6077 6078 6054
f 6079 6065 6056
f 6079 6056 6068
f 6080 6066 6057
f 6080 6057 6069
f 6081 6067 6058
f 6081 6058 6070
f 6082 6059 6071
f 6082 6068 6059
f 6083 6069 6061
f 6083 6061 6073
f 6084 6062 6074
f 6084 6070 6062
f 6085 6072 6086
f 6085 6071 6072
f 6087 6063 6075
f 6087 6073 6063
f 6088 6064 6076
f 6088 6074 6064
f 6089 6075 6065
f 6089 6065 6079
f 6090 6066 6080
f 6090 6076 6066
f 6091 6067 6081
f 6091 6077 6067
f 6092 6068 6082
f 6092 6079 6068
f 6093 6080 6069
f 6093 6069 6083
f 6094 6081 6070
f 6094 6070 6084
f 6095 6071 6085
f 6095 6082 6071
f 6096 6083 6073
f 6096 6073 6087
f 6097 6084 6074
f 6097 6074 6088
f 6098 6086 6099
f 6098 6085 6086
f 6100 6075 6089
f 6100 6087 6075
f 6101 6088 6076
f 6101 6076 6090
f 6102 6077 6091
f 6102 6078 6077
f 6102 6103 6104
f 6102 6104 6078
f 6105 6079 6092
f 6105 6089 6079
f 6106 6080 6093
f 6106 6090 6080
f 6107 6081 6094
f 6107 6091 6081
f 6108 6092 6082
f 6108 6082 6095
f 6109 6083 6096
f 6109 6093 6083
f 6110 6084 6097
f 6110 6094 6084
f 6111 6095 6085
f 6111 6085 6098
f 6112 6096 6087
f 6112 6087 6100
f 6113 6088 6101
f 6113 6097 6088
f 6114 6100 6089
f 6114 6089 6105
f 6115 6101 6090
f 6115 6090 6106
f 6116 6102 6091
f 6116 6091 6107
f 6117 6105 6092
f 6117 6092 6108
f 6118 6093 6109
f 6118 6106 6093
f 6119 6107 6094
f 6119 6094 6110
f 6120 6095 6111
f 6120 6108 6095
f 6121 6096 6112
f 6121 6109 6096
f 6122 6110 6097
f 6122 6097 6113
f 6123 6111 6098
f 6123 6099 6124
f 6123 6098 6099
f 6125 6112 6100
f 6125 6100 6114
f 6126 6113 6101
f 6126 6101 6115
f 6127 6128 6103
f 6127 6103 6102
f 6127 6102 6116
f 6129 6114 6105
f 6129 6105 6117
f 6130 6106 6118
f 6130 6115 6106
f 6131 6116 6107
f 6131 6107 6119
f 6132 6117 6108
f 6132 6108 6120
f 6133 6118 6109
f 6133 6109 6121
f 6134 6110 6122
f 6134 6119 6110
f 6135 6111 6123
f 6135 6120 6111
f 6136 6121 6112
f 6136 6112 6125
f 6137 6122 6113
f 6137 6113 6126
f 6138 6124 6139
f 6138 6123 6124
f 6140 6125 6114
f 6140 6114 6129
f 6141 6115 6130
f 6141 6126 6115
f 6142 6127 6116
f 6142 6116 6131
f 6143 6117 6132
f 6143 6129 6117
f 6144 6130 6118
f 6144 6118 6133
f 6145 6131 6119
f 6145 6119 6134
f 6146 6132 6120
f 6146 6120 6135
f 6147 6121 6136
f 6147 6133 6121
f 6148 6134 6122
f 6148 6122 6137
f 6149 6135 6123
f 6149 6123 6138
f 6150 6136 6125
f 6150 6125 6140
f 6151 6126 6141
f 6151 6137 6126
f 6152 6128 6127
f 6152 6127 6142
f 6152 6153 6154
f 6152 6154 6128
f 6155 6139 6156
f 6155 6156 6157
f 6155 6138 6139
f 6158 6140 6129
f 6158 6129 6143
f 6159 6141 6130
f 6159 6130 6144
f 6160 6131 6145
f 6160 6142 6131
f 6161 6132 6146
f 6161 6143 6132
f 6162 6133 6147
f 6162 6144 6133
f 6163 6145 6134
f 6163 6134 6148
f 6164 6135 6149
f 6164 6146 6135
f 6165 6136 6150
f 6165 6147 6136
f 6166 6148 6137
f 6166 6137 6151
f 6167 6149 6138
f 6167 6138 6155
f 6168 6150 6140
f 6168 6140 6158
f 6169 6141 6159
f 6169 6151 6141
f 6170 6142 6160
f 6170 6152 6142
f 6171 6158 6143
f 6171 6143 6161
f 6172 6144 6162
f 6172 6159 6144
f 6173 6145 6163
f 6173 6160 6145
f 6174 6146 6164
f 6174 6161 6146
f 6175 6147 6165
f 6175 6162 6147
f 6176 6163 6148
f 6176 6148 6166
f 6177 6149 6167
f 6177 6164 6149
f 6178 6150 6168
f 6178 6165 6150
f 6179 6151 6169
f 6179 6166 6151
f 6180 6153 6152
f 6180 6152 6170
f 6180 6181 6153
f 6182 6155 6157
f 6182 6157 6183
f 6182 6167 6155
f 6184 6158 6171
f 6184 6168 6158
f 6185 6169 6159
f 6185 6159 6172
f 6186 6170 6160
f 6186 6160 6173
f 6187 6171 6161
f 6187 6161 6174
f 6188 6172 6162
f 6188 6162 6175
f 6189 6163 6176
f 6189 6173 6163
f 6190 6174 6164
f 6190 6164 6177
f 6191 6165 6178
f 6191 6175 6165
f 6192 6176 6166
f 6192 6166 6179
f 6193 6177 6167
f 6193 6167 6182
f 6194 6178 6168
f 6194 6168 6184
f 6195 6169 6185
f 6195 6179 6169
f 6196 6180 6170
f 6196 6170 6186
f 6197 6182 6183
f 6197 6183 6198
f 6199 6171 6187
f 6199 6184 6171
f 6200 6185 6172
f 6200 6172 6188
f 6201 6173 6189
f 6201 6186 6173
f 6202 6187 6174
f 6202 6174 6190
f 6203 6175 6191
f 6203 6188 6175
f 6204 6189 6176
f 6204 6176 6192
f 6205 6190 6177
f 6205 6177 6193
f 6206 6191 6178
f 6206 6178 6194
f 6207 6179 6195
f 6207 6192 6179
f 6208 6180 6196
f 6208 6209 6210
f 6208 6210 6181
f 6208 6181 6180
f 6211 6193 6182
f 6211 6182 6197
f 6212 6194 6184
f 6212 6184 6199
f 6213 6195 6185
f 6213 6185 6200
f 6214 6186 6201
f 6214 6196 6186
f 6215 6198 6216
f 6215 6216 6217
f 6215 6197 6198
f 6215 6217 6197
f 6218 6199 6187
f 6218 6187 6202
f 6219 6200 6188
f 6219 6188 6203
f 6220 6201 6189
f 6220 6189 6204
f 6221 6202 6190
f 6221 6190 6205
f 6222 6203 6191
f 6222 6191 6206
f 6223 6192 6207
f 6223 6204 6192
f 6224 6193 6211
f 6224 6205 6193
f 6225 6194 6212
f 6225 6206 6194
f 6226 6195 6213
f 6226 6207 6195
f 6227 6208 6196
f 6227 6196 6214
f 6227 6209 6208
f 6228 6217 6229
f 6228 6229 6230
f 6228 6197 6217
f 6228 6230 6211
f 6228 6211 6197
f 6231 6199 6218
f 6231 6212 6199
f 6232 6200 6219
f 6232 6213 6200
f 6233 6201 6220
f 6233 6214 6201
f 6234 6218 6202
f 6234 6202 6221
f 6235 6203 6222
f 6235 6219 6203
f 6236 6220 6204
f 6236 6204 6223
f 6237 6205 6224
f 6237 6221 6205
f 6238 6206 6225
f 6238 6222 6206
f 6239 6207 6226
f 6239 6223 6207
f 6240 6209 6227
f 6240 6241 6209
f 6242 6224 6211
f 6242 6230 6243
f 6242 6243 6224
f 6242 6211 6230
f 6244 6212 6231
f 6244 6225 6212
f 6245 6213 6232
f 6245 6226 6213
f 6246 6214 6233
f 6246 6227 6214
f 6247 6231 6218
f 6247 6218 6234
f 6248 6219 6235
f 6248 6232 6219
f 6249 6220 6236
f 6249 6233 6220
f 6250 6234 6221
f 6250 6221 6237
f 6251 6235 6222
f 6251 6222 6238
f 6252 6223 6239
f 6252 6236 6223
f 6253 6254 6237
f 6253 6243 6255
f 6253 6255 6254
f 6253 6224 6243
f 6253 6237 6224
f 6256 6225 6244
f 6256 6238 6225
f 6257 6239 6226
f 6257 6226 6245
f 6258 6240 6227
f 6258 6227 6246
f 6258 6241 6240
f 6259 6231 6247
f 6259 6244 6231
f 6260 6245 6232
f 6260 6232 6248
f 6261 6246 6233
f 6261 6233 6249
f 6262 6234 6250
f 6262 6247 6234
f 6263 6235 6251
f 6263 6248 6235
f 6264 6249 6236
f 6264 6236 6252
f 6265 6237 6254
f 6265 6254 6266
f 6265 6250 6237
f 6267 6238 6256
f 6267 6251 6238
f 6268 6239 6257
f 6268 6252 6239
f 6269 6270 6271
f 6269 6271 6241
f 6269 6241 6258
f 6272 6256 6244
f 6272 6244 6259
f 6273 6245 6260
f 6273 6257 6245
f 6274 6246 6261
f 6274 6258 6246
f 6275 6259 6247
f 6275 6247 6262
f 6276 6248 6263
f 6276 6260 6248
f 6277 6261 6249
f 6277 6249 6264
f 6278 6265 6266
f 6278 6250 6265
f 6278 6266 6279
f 6278 6279 6280
f 6278 6262 6250
f 6281 6263 6251
f 6281 6251 6267
f 6282 6252 6268
f 6282 6264 6252
f 6283 6256 6272
f 6283 6267 6256
f 6284 6268 6257
f 6284 6257 6273
f 6285 6269 6258
f 6285 6258 6274
f 6285 6270 6269
f 6286 6272 6259
f 6286 6259 6275
f 6287 6260 6276
f 6287 6273 6260
f 6288 6261 6277
f 6288 6274 6261
f 6289 6278 6280
f 6289 6262 6278
f 6289 6280 6290
f 6289 6275 6262
f 6291 6263 6281
f 6291 6276 6263
f 6292 6264 6282
f 6292 6277 6264
f 6293 6281 6267
f 6293 6267 6283
f 6294 6268 6284
f 6294 6282 6268
f 6295 6283 6272
f 6295 6272 6286
f 6296 6273 6287
f 6296 6284 6273
f 6297 6274 6288
f 6297 6285 6274
f 6298 6290 6299
f 6298 6299 6300
f 6298 6289 6290
f 6298 6286 6275
f 6298 6275 6289
f 6301 6276 6291
f 6301 6287 6276
f 6302 6277 6292
f 6302 6288 6277
f 6303 6291 6281
f 6303 6281 6293
f 6304 6292 6282
f 6304 6282 6294
f 6305 6293 6283
f 6305 6283 6295
f 6306 6284 6296
f 6306 6294 6284
f 6307 6270 6285
f 6307 6285 6297
f 6307 6308 6309
f 6307 6309 6270
f 6310 6295 6286
f 6310 6300 6311
f 6310 6311 6312
f 6310 6298 6300
f 6310 6286 6298
f 6313 6296 6287
f 6313 6287 6301
f 6314 6297 6288
f 6314 6288 6302
f 6315 6301 6291
f 6315 6291 6303
f 6316 6292 6304
f 6316 6302 6292
f 6317 6293 6305
f 6317 6303 6293
f 6318 6304 6294
f 6318 6294 6306
f 6319 6305 6295
f 6319 6310 6312
f 6319 6295 6310
f 6319 6312 6320
f 6321 6306 6296
f 6321 6296 6313
f 6322 6308 6307
f 6322 6307 6297
f 6322 6297 6314
f 6323 6313 6301
f 6323 6301 6315
f 6324 6314 6302
f 6324 6302 6316
f 6325 6303 6317
f 6325 6315 6303
f 6326 6304 6318
f 6326 6316 6304
f 6327 6317 6305
f 6327 6319 6320
f 6327 6320 6328
f 6327 6328 6329
f 6327 6305 6319
f 6330 6306 6321
f 6330 6318 6306
f 6331 6313 6323
f 6331 6321 6313
f 6332 6314 6324
f 6332 6322 6314
f 6333 6323 6315
f 6333 6315 6325
f 6334 6316 6326
f 6334 6324 6316
f 6335 6325 6317
f 6335 6329 6336
f 6335 6317 6327
f 6335 6327 6329
f 6337 6318 6330
f 6337 6326 6318
f 6338 6330 6321
f 6338 6321 6331
f 6339 6322 6332
f 6339 6340 6341
f 6339 6341 6308
f 6339 6308 6322
f 6342 6323 6333
f 6342 6331 6323
f 6343 6324 6334
f 6343 6332 6324
f 6344 6333 6325
f 6344 6336 6345
f 6344 6345 6346
f 6344 6325 6335
f 6344 6335 6336
f 6347 6326 6337
f 6347 6334 6326
f 6348 6337 6330
f 6348 6330 6338
f 6349 6338 6331
f 6349 6331 6342
f 6350 6339 6332
f 6350 6332 6343
f 6351 6333 6344
f 6351 6346 6352
f 6351 6342 6333
f 6351 6344 6346
f 6353 6334 6347
f 6353 6343 6334
f 6354 6337 6348
f 6354 6347 6337
f 6355 6338 6349
f 6355 6348 6338
f 6356 6357 6340
f 6356 6339 6350
f 6356 6340 6339
f 6358 6351 6352
f 6358 6342 6351
f 6358 6352 6359
f 6358 6359 6360
f 6358 6360 6349
f 6358 6349 6342
f 6361 6343 6353
f 6361 6350 6343
f 6362 6347 6354
f 6362 6353 6347
f 6363 6348 6355
f 6363 6354 6348
f 6364 6355 6349
f 6364 6360 6365
f 6364 6349 6360
f 6364 6365 6355
f 6366 6356 6350
f 6366 6350 6361
f 6366 6357 6356
f 6366 6367 6368
f 6366 6368 6357
f 6369 6353 6362
f 6369 6370 6371
f 6369 6361 6353
f 6372 6362 6354
f 6372 6373 6362
f 6372 6363 6374
f 6372 6374 6375
f 6372 6375 6373
f 6372 6354 6363
f 6376 6363 6355
f 6376 6374 6363
f 6376 6365 6377
f 6376 6377 6374
f 6376 6355 6365
f 6378 6366 6361
f 6378 6367 6366
f 6378 6369 6371
f 6378 6371 6367
f 6378 6361 6369
f 6379 6369 6362
f 6379 6362 6373
f 6379 6370 6369
f 6379 6373 6370
f 6216 6380 6381
f 6217 6381 6382
f 6217 6216 6381
f 6229 6382 6383
f 6229 6217 6382
f 6230 6383 6384
f 6230 6229 6383
f 6243 6384 6385
f 6243 6230 6384
f 6255 6385 6386
f 6255 6243 6385
f 6254 6386 6387
f 6254 6255 6386
f 6266 6387 6388
f 6266 6254 6387
f 6279 6266 6388
f 6279 6388 6389
f 6280 6279 6389
f 6280 6389 6390
f 6290 6390 6391
f 6290 6280 6390
f 6299 6391 6392
f 6299 6290 6391
f 6300 6392 6393
f 6300 6299 6392
f 6311 6393 6394
f 6311 6300 6393
f 6312 6394 6395
f 6312 6311 6394
f 6320 6395 6396
f 6320 6312 6395
f 6328 6396 6397
f 6328 6320 6396
f 6329 6397 6398
f 6329 6328 6397
f 6336 6398 6399
f 6336 6329 6398
f 6345 6399 6400
f 6345 6336 6399
f 6346 6400 6401
f 6346 6345 6400
f 6352 6401 6402
f 6352 6346 6401
f 6359 6402 6403
f 6359 6352 6402
f 6360 6403 6404
f 6360 6359 6403
f 6365 6404 6405
f 6365 6360 6404
f 6377 6405 6406
f 6377 6365 6405
f 6374 6406 6407
f 6374 6377 6406
f 6375 6407 6408
f 6375 6374 6407
f 6373 6408 6409
f 6373 6375 6408
f 6370 6409 6410
f 6370 6373 6409
f 6371 6410 6411
f 6371 6370 6410
f 6367 6411 6412
f 6367 6371 6411
f 6368 6367 6412
f 6413 6414 6415
f 6413 6415 6416
f 6417 6413 6416
f 6417 6414 6413
f 6417 6416 6418
f 6419 6420 6421
f 6419 6421 6422
f 6423 6414 6417
f 6423 6424 6425
f 6423 6425 6414
f 6426 6417 6418
f 6426 6420 6419
f 6426 6418 6420
f 6427 6422 6428
f 6427 6419 6422
f 6429 6423 6417
f 6429 6424 6423
f 6429 6417 6426
f 6430 6419 6427
f 6430 6426 6419
f 6431 6427 6428
f 6431 6428 6432
f 6433 6432 6434
f 6433 6434 6435
f 6436 6424 6429
f 6436 6437 6424
f 6438 6429 6426
f 6438 6426 6430
f 6439 6430 6427
f 6439 6427 6431
f 6440 6431 6432
f 6440 6432 6433
f 6441 6435 6442
f 6441 6433 6435
f 6443 6437 6436
f 6443 6429 6438
f 6443 6436 6429
f 6444 6430 6439
f 6444 6438 6430
f 6445 6439 6431
f 6445 6431 6440
f 6446 6440 6433
f 6446 6433 6441
f 6447 6437 6443
f 6447 6448 6449
f 6447 6449 6437
f 6450 6441 6442
f 6450 6442 6451
f 6452 6438 6444
f 6452 6443 6438
f 6453 6439 6445
f 6453 6444 6439
f 6454 6440 6446
f 6454 6445 6440
f 6455 6441 6450
f 6455 6446 6441
f 6456 6447 6443
f 6456 6443 6452
f 6456 6448 6447
f 6457 6450 6451
f 6457 6451 6458
f 6457 6458 6459
f 6460 6452 6444
f 6460 6444 6453
f 6461 6453 6445
f 6461 6445 6454
f 6462 6446 6455
f 6462 6454 6446
f 6463 6448 6456
f 6463 6464 6448
f 6465 6450 6457
f 6465 6455 6450
f 6466 6452 6460
f 6466 6456 6452
f 6467 6457 6459
f 6467 6459 6468
f 6469 6453 6461
f 6469 6460 6453
f 6470 6461 6454
f 6470 6454 6462
f 6471 6455 6465
f 6471 6462 6455
f 6472 6463 6456
f 6472 6456 6466
f 6473 6465 6457
f 6473 6457 6467
f 6474 6460 6469
f 6474 6466 6460
f 6475 6468 6476
f 6475 6467 6468
f 6477 6469 6461
f 6477 6461 6470
f 6478 6470 6462
f 6478 6462 6471
f 6479 6463 6472
f 6479 6464 6463
f 6479 6480 6481
f 6479 6481 6464
f 6482 6471 6465
f 6482 6465 6473
f 6483 6472 6466
f 6483 6466 6474
f 6484 6467 6475
f 6484 6473 6467
f 6485 6474 6469
f 6485 6469 6477
f 6486 6475 6476
f 6486 6476 6487
f 6488 6477 6470
f 6488 6470 6478
f 6489 6478 6471
f 6489 6471 6482
f 6490 6479 6472
f 6490 6472 6483
f 6491 6473 6484
f 6491 6482 6473
f 6492 6483 6474
f 6492 6474 6485
f 6493 6484 6475
f 6493 6475 6486
f 6494 6485 6477
f 6494 6477 6488
f 6495 6486 6487
f 6495 6487 6496
f 6497 6488 6478
f 6497 6478 6489
f 6498 6480 6479
f 6498 6499 6480
f 6498 6479 6490
f 6500 6482 6491
f 6500 6489 6482
f 6501 6483 6492
f 6501 6490 6483
f 6502 6491 6484
f 6502 6484 6493
f 6503 6492 6485
f 6503 6485 6494
f 6504 6486 6495
f 6504 6493 6486
f 6505 6494 6488
f 6505 6488 6497
f 6506 6495 6496
f 6506 6496 6507
f 6508 6497 6489
f 6508 6489 6500
f 6509 6498 6490
f 6509 6490 6501
f 6510 6491 6502
f 6510 6500 6491
f 6511 6492 6503
f 6511 6501 6492
f 6512 6502 6493
f 6512 6493 6504
f 6513 6503 6494
f 6513 6494 6505
f 6514 6504 6495
f 6514 6495 6506
f 6515 6505 6497
f 6515 6497 6508
f 6516 6517 6518
f 6516 6518 6499
f 6516 6499 6498
f 6516 6498 6509
f 6519 6506 6507
f 6519 6507 6520
f 6521 6508 6500
f 6521 6500 6510
f 6522 6509 6501
f 6522 6501 6511
f 6523 6502 6512
f 6523 6510 6502
f 6524 6511 6503
f 6524 6503 6513
f 6525 6512 6504
f 6525 6504 6514
f 6526 6505 6515
f 6526 6513 6505
f 6527 6514 6506
f 6527 6506 6519
f 6528 6515 6508
f 6528 6508 6521
f 6529 6516 6509
f 6529 6509 6522
f 6530 6519 6520
f 6530 6520 6531
f 6530 6531 6532
f 6533 6521 6510
f 6533 6510 6523
f 6534 6522 6511
f 6534 6511 6524
f 6535 6523 6512
f 6535 6512 6525
f 6536 6524 6513
f 6536 6513 6526
f 6537 6514 6527
f 6537 6525 6514
f 6538 6515 6528
f 6538 6526 6515
f 6539 6516 6529
f 6539 6517 6516
f 6539 6540 6541
f 6539 6541 6517
f 6542 6519 6530
f 6542 6527 6519
f 6543 6528 6521
f 6543 6521 6533
f 6544 6529 6522
f 6544 6522 6534
f 6545 6530 6532
f 6545 6532 6546
f 6547 6533 6523
f 6547 6523 6535
f 6548 6534 6524
f 6548 6524 6536
f 6549 6525 6537
f 6549 6535 6525
f 6550 6526 6538
f 6550 6536 6526
f 6551 6537 6527
f 6551 6527 6542
f 6552 6538 6528
f 6552 6528 6543
f 6553 6539 6529
f 6553 6529 6544
f 6554 6530 6545
f 6554 6542 6530
f 6555 6533 6547
f 6555 6543 6533
f 6556 6534 6548
f 6556 6544 6534
f 6557 6545 6546
f 6557 6546 6558
f 6559 6547 6535
f 6559 6535 6549
f 6560 6548 6536
f 6560 6536 6550
f 6561 6537 6551
f 6561 6549 6537
f 6562 6550 6538
f 6562 6538 6552
f 6563 6564 6540
f 6563 6539 6553
f 6563 6540 6539
f 6565 6542 6554
f 6565 6551 6542
f 6566 6543 6555
f 6566 6552 6543
f 6567 6544 6556
f 6567 6553 6544
f 6568 6554 6545
f 6568 6545 6557
f 6569 6555 6547
f 6569 6547 6559
f 6570 6556 6548
f 6570 6548 6560
f 6571 6557 6558
f 6571 6558 6572
f 6573 6559 6549
f 6573 6549 6561
f 6574 6560 6550
f 6574 6550 6562
f 6575 6561 6551
f 6575 6551 6565
f 6576 6552 6566
f 6576 6562 6552
f 6577 6563 6553
f 6577 6553 6567
f 6578 6565 6554
f 6578 6554 6568
f 6579 6555 6569
f 6579 6566 6555
f 6580 6556 6570
f 6580 6567 6556
f 6581 6568 6557
f 6581 6557 6571
f 6582 6569 6559
f 6582 6559 6573
f 6583 6570 6560
f 6583 6560 6574
f 6584 6571 6572
f 6584 6572 6585
f 6586 6573 6561
f 6586 6561 6575
f 6587 6574 6562
f 6587 6562 6576
f 6588 6563 6577
f 6588 6589 6590
f 6588 6590 6564
f 6588 6564 6563
f 6591 6565 6578
f 6591 6575 6565
f 6592 6576 6566
f 6592 6566 6579
f 6593 6577 6567
f 6593 6567 6580
f 6594 6568 6581
f 6594 6578 6568
f 6595 6579 6569
f 6595 6569 6582
f 6596 6580 6570
f 6596 6570 6583
f 6597 6581 6571
f 6597 6571 6584
f 6598 6582 6573
f 6598 6573 6586
f 6599 6574 6587
f 6599 6583 6574
f 6600 6586 6575
f 6600 6575 6591
f 6601 6587 6576
f 6601 6576 6592
f 6602 6588 6577
f 6602 6577 6593
f 6603 6591 6578
f 6603 6578 6594
f 6604 6579 6595
f 6604 6592 6579
f 6605 6580 6596
f 6605 6593 6580
f 6606 6594 6581
f 6606 6581 6597
f 6607 6595 6582
f 6607 6582 6598
f 6608 6596 6583
f 6608 6583 6599
f 6609 6597 6584
f 6609 6584 6585
f 6609 6585 6610
f 6611 6598 6586
f 6611 6586 6600
f 6612 6587 6601
f 6612 6599 6587
f 6613 6589 6588
f 6613 6614 6589
f 6613 6588 6602
f 6615 6600 6591
f 6615 6591 6603
f 6616 6601 6592
f 6616 6592 6604
f 6617 6593 6605
f 6617 6602 6593
f 6618 6603 6594
f 6618 6594 6606
f 6619 6604 6595
f 6619 6595 6607
f 6620 6596 6608
f 6620 6605 6596
f 6621 6606 6597
f 6621 6597 6609
f 6622 6598 6611
f 6622 6607 6598
f 6623 6599 6612
f 6623 6608 6599
f 6624 6609 6610
f 6624 6610 6625
f 6626 6600 6615
f 6626 6611 6600
f 6627 6601 6616
f 6627 6612 6601
f 6628 6602 6617
f 6628 6613 6602
f 6629 6615 6603
f 6629 6603 6618
f 6630 6604 6619
f 6630 6616 6604
f 6631 6617 6605
f 6631 6605 6620
f 6632 6606 6621
f 6632 6618 6606
f 6633 6619 6607
f 6633 6607 6622
f 6634 6620 6608
f 6634 6608 6623
f 6635 6609 6624
f 6635 6621 6609
f 6636 6622 6611
f 6636 6611 6626
f 6637 6623 6612
f 6637 6612 6627
f 6638 6639 6640
f 6638 6640 6614
f 6638 6614 6613
f 6638 6613 6628
f 6641 6624 6625
f 6641 6625 6642
f 6641 6642 6643
f 6644 6626 6615
f 6644 6615 6629
f 6645 6627 6616
f 6645 6616 6630
f 6646 6628 6617
f 6646 6617 6631
f 6647 6618 6632
f 6647 6629 6618
f 6648 6619 6633
f 6648 6630 6619
f 6649 6631 6620
f 6649 6620 6634
f 6650 6632 6621
f 6650 6621 6635
f 6651 6633 6622
f 6651 6622 6636
f 6652 6634 6623
f 6652 6623 6637
f 6653 6635 6624
f 6653 6624 6641
f 6654 6636 6626
f 6654 6626 6644
f 6655 6637 6627
f 6655 6627 6645
f 6656 6638 6628
f 6656 6628 6646
f 6657 6644 6629
f 6657 6629 6647
f 6658 6645 6630
f 6658 6630 6648
f 6659 6646 6631
f 6659 6631 6649
f 6660 6632 6650
f 6660 6647 6632
f 6661 6648 6633
f 6661 6633 6651
f 6662 6649 6634
f 6662 6634 6652
f 6663 6650 6635
f 6663 6635 6653
f 6664 6651 6636
f 6664 6636 6654
f 6665 6637 6655
f 6665 6652 6637
f 6666 6638 6656
f 6666 6667 6639
f 6666 6639 6638
f 6668 6641 6643
f 6668 6653 6641
f 6668 6643 6669
f 6670 6644 6657
f 6670 6654 6644
f 6671 6655 6645
f 6671 6645 6658
f 6672 6656 6646
f 6672 6646 6659
f 6673 6657 6647
f 6673 6647 6660
f 6674 6658 6648
f 6674 6648 6661
f 6675 6649 6662
f 6675 6659 6649
f 6676 6660 6650
f 6676 6650 6663
f 6677 6661 6651
f 6677 6651 6664
f 6678 6662 6652
f 6678 6652 6665
f 6679 6653 6668
f 6679 6663 6653
f 6680 6664 6654
f 6680 6654 6670
f 6681 6655 6671
f 6681 6665 6655
f 6682 6656 6672
f 6682 6666 6656
f 6683 6669 6684
f 6683 6668 6669
f 6685 6657 6673
f 6685 6670 6657
f 6686 6671 6658
f 6686 6658 6674
f 6687 6672 6659
f 6687 6659 6675
f 6688 6660 6676
f 6688 6673 6660
f 6689 6674 6661
f 6689 6661 6677
f 6690 6662 6678
f 6690 6675 6662
f 6691 6676 6663
f 6691 6663 6679
f 6692 6677 6664
f 6692 6664 6680
f 6693 6665 6681
f 6693 6678 6665
f 6694 6666 6682
f 6694 6695 6696
f 6694 6696 6667
f 6694 6667 6666
f 6697 6679 6668
f 6697 6668 6683
f 6698 6680 6670
f 6698 6670 6685
f 6699 6681 6671
f 6699 6671 6686
f 6700 6672 6687
f 6700 6682 6672
f 6701 6702 6703
f 6701 6683 6684
f 6701 6703 6683
f 6701 6684 6702
f 6704 6673 6688
f 6704 6685 6673
f 6705 6686 6674
f 6705 6674 6689
f 6706 6687 6675
f 6706 6675 6690
f 6707 6676 6691
f 6707 6688 6676
f 6708 6689 6677
f 6708 6677 6692
f 6709 6690 6678
f 6709 6678 6693
f 6710 6679 6697
f 6710 6691 6679
f 6711 6692 6680
f 6711 6680 6698
f 6712 6693 6681
f 6712 6681 6699
f 6713 6694 6682
f 6713 6682 6700
f 6713 6695 6694
f 6714 6715 6697
f 6714 6703 6716
f 6714 6716 6715
f 6714 6697 6683
f 6714 6683 6703
f 6717 6698 6685
f 6717 6685 6704
f 6718 6699 6686
f 6718 6686 6705
f 6719 6687 6706
f 6719 6700 6687
f 6720 6704 6688
f 6720 6688 6707
f 6721 6705 6689
f 6721 6689 6708
f 6722 6690 6709
f 6722 6706 6690
f 6723 6691 6710
f 6723 6707 6691
f 6724 6692 6711
f 6724 6708 6692
f 6725 6693 6712
f 6725 6709 6693
f 6726 6695 6713
f 6726 6727 6695
f 6728 6697 6715
f 6728 6715 6729
f 6728 6729 6710
f 6728 6710 6697
f 6730 6698 6717
f 6730 6711 6698
f 6731 6712 6699
f 6731 6699 6718
f 6732 6700 6719
f 6732 6713 6700
f 6733 6717 6704
f 6733 6704 6720
f 6734 6718 6705
f 6734 6705 6721
f 6735 6706 6722
f 6735 6719 6706
f 6736 6720 6707
f 6736 6707 6723
f 6737 6721 6708
f 6737 6708 6724
f 6738 6709 6725
f 6738 6722 6709
f 6739 6729 6740
f 6739 6740 6741
f 6739 6710 6729
f 6739 6741 6723
f 6739 6723 6710
f 6742 6711 6730
f 6742 6724 6711
f 6743 6712 6731
f 6743 6725 6712
f 6744 6713 6732
f 6744 6726 6713
f 6744 6727 6726
f 6745 6730 6717
f 6745 6717 6733
f 6746 6731 6718
f 6746 6718 6734
f 6747 6719 6735
f 6747 6732 6719
f 6748 6733 6720
f 6748 6720 6736
f 6749 6734 6721
f 6749 6721 6737
f 6750 6735 6722
f 6750 6722 6738
f 6751 6741 6752
f 6751 6723 6741
f 6751 6736 6723
f 6753 6737 6724
f 6753 6724 6742
f 6754 6738 6725
f 6754 6725 6743
f 6755 6756 6757
f 6755 6757 6727
f 6755 6727 6744
f 6758 6742 6730
f 6758 6730 6745
f 6759 6743 6731
f 6759 6731 6746
f 6760 6744 6732
f 6760 6732 6747
f 6761 6745 6733
f 6761 6733 6748
f 6762 6734 6749
f 6762 6746 6734
f 6763 6735 6750
f 6763 6747 6735
f 6764 6751 6752
f 6764 6736 6751
f 6764 6752 6765
f 6764 6765 6766
f 6764 6748 6736
f 6767 6737 6753
f 6767 6749 6737
f 6768 6738 6754
f 6768 6750 6738
f 6769 6742 6758
f 6769 6753 6742
f 6770 6754 6743
f 6770 6743 6759
f 6771 6755 6744
f 6771 6756 6755
f 6771 6744 6760
f 6772 6758 6745
f 6772 6745 6761
f 6773 6759 6746
f 6773 6746 6762
f 6774 6760 6747
f 6774 6747 6763
f 6775 6766 6776
f 6775 6761 6748
f 6775 6764 6766
f 6775 6748 6764
f 6777 6762 6749
f 6777 6749 6767
f 6778 6750 6768
f 6778 6763 6750
f 6779 6767 6753
f 6779 6753 6769
f 6780 6754 6770
f 6780 6768 6754
f 6781 6769 6758
f 6781 6758 6772
f 6782 6759 6773
f 6782 6770 6759
f 6783 6771 6760
f 6783 6760 6774
f 6784 6772 6761
f 6784 6776 6785
f 6784 6785 6786
f 6784 6761 6775
f 6784 6775 6776
f 6787 6762 6777
f 6787 6773 6762
f 6788 6774 6763
f 6788 6763 6778
f 6789 6777 6767
f 6789 6767 6779
f 6790 6778 6768
f 6790 6768 6780
f 6791 6779 6769
f 6791 6769 6781
f 6792 6780 6770
f 6792 6770 6782
f 6793 6794 6795
f 6793 6795 6756
f 6793 6756 6771
f 6793 6771 6783
f 6796 6772 6784
f 6796 6786 6797
f 6796 6797 6798
f 6796 6781 6772
f 6796 6784 6786
f 6799 6782 6773
f 6799 6773 6787
f 6800 6774 6788
f 6800 6783 6774
f 6801 6787 6777
f 6801 6777 6789
f 6802 6788 6778
f 6802 6778 6790
f 6803 6779 6791
f 6803 6789 6779
f 6804 6780 6792
f 6804 6790 6780
f 6805 6791 6781
f 6805 6796 6798
f 6805 6781 6796
f 6805 6798 6806
f 6807 6792 6782
f 6807 6782 6799
f 6808 6793 6783
f 6808 6783 6800
f 6808 6794 6793
f 6809 6787 6801
f 6809 6799 6787
f 6810 6800 6788
f 6810 6788 6802
f 6811 6801 6789
f 6811 6789 6803
f 6812 6802 6790
f 6812 6790 6804
f 6813 6803 6791
f 6813 6806 6814
f 6813 6814 6815
f 6813 6805 6806
f 6813 6791 6805
f 6816 6792 6807
f 6816 6804 6792
f 6817 6799 6809
f 6817 6807 6799
f 6818 6800 6810
f 6818 6808 6800
f 6819 6809 6801
f 6819 6801 6811
f 6820 6802 6812
f 6820 6810 6802
f 6821 6815 6822
f 6821 6811 6803
f 6821 6813 6815
f 6821 6803 6813
f 6823 6812 6804
f 6823 6804 6816
f 6824 6816 6807
f 6824 6807 6817
f 6825 6826 6827
f 6825 6827 6794
f 6825 6808 6818
f 6825 6794 6808
f 6828 6817 6809
f 6828 6809 6819
f 6829 6818 6810
f 6829 6810 6820
f 6830 6822 6831
f 6830 6831 6832
f 6830 6821 6822
f 6830 6819 6811
f 6830 6811 6821
f 6833 6820 6812
f 6833 6812 6823
f 6834 6823 6816
f 6834 6816 6824
f 6835 6824 6817
f 6835 6817 6828
f 6836 6818 6829
f 6836 6825 6818
f 6837 6832 6838
f 6837 6830 6832
f 6837 6828 6819
f 6837 6819 6830
f 6839 6829 6820
f 6839 6820 6833
f 6840 6833 6823
f 6840 6823 6834
f 6841 6834 6824
f 6841 6824 6835
f 6842 6843 6826
f 6842 6826 6825
f 6842 6825 6836
f 6844 6828 6837
f 6844 6837 6838
f 6844 6838 6845
f 6844 6845 6846
f 6844 6846 6835
f 6844 6835 6828
f 6847 6829 6839
f 6847 6836 6829
f 6848 6833 6840
f 6848 6839 6833
f 6849 6840 6834
f 6849 6834 6841
f 6850 6841 6835
f 6850 6846 6851
f 6850 6835 6846
f 6850 6851 6841
f 6852 6842 6836
f 6852 6836 6847
f 6852 6853 6854
f 6852 6854 6843
f 6852 6843 6842
f 6855 6847 6839
f 6855 6856 6857
f 6855 6839 6848
f 6858 6848 6840
f 6858 6859 6848
f 6858 6860 6861
f 6858 6849 6860
f 6858 6861 6859
f 6858 6840 6849
f 6862 6851 6863
f 6862 6863 6860
f 6862 6860 6849
f 6862 6849 6841
f 6862 6841 6851
f 6864 6852 6847
f 6864 6847 6855
f 6864 6853 6852
f 6864 6857 6853
f 6864 6855 6857
f 6865 6848 6859
f 6865 6859 6856
f 6865 6855 6848
f 6865 6856 6855
f 6843 6866 6867
f 6843 6854 6866
f 6826 6867 6868
f 6826 6843 6867
f 6827 6868 6869
f 6827 6826 6868
f 6794 6869 6870
f 6794 6827 6869
f 6795 6870 6871
f 6795 6794 6870
f 6756 6871 6872
f 6756 6795 6871
f 6757 6872 6873
f 6757 6756 6872
f 6727 6873 6874
f 6727 6757 6873
f 6695 6727 6874
f 6695 6874 6875
f 6696 6875 6876
f 6696 6695 6875
f 6667 6876 6877
f 6667 6696 6876
f 6639 6877 6878
f 6639 6667 6877
f 6640 6878 6879
f 6640 6639 6878
f 6614 6879 6880
f 6614 6640 6879
f 6589 6880 6881
f 6589 6614 6880
f 6590 6881 6882
f 6590 6589 6881
f 6564 6882 6883
f 6564 6590 6882
f 6540 6883 6884
f 6540 6884 6885
f 6540 6564 6883
f 6541 6540 6885
f 6517 6885 6886
f 6517 6541 6885
f 6518 6886 6887
f 6518 6517 6886
f 6499 6887 6888
f 6499 6518 6887
f 6480 6888 6889
f 6480 6499 6888
f 6481 6889 6890
f 6481 6480 6889
f 6464 6890 6891
f 6464 6481 6890
f 6448 6891 6892
f 6448 6464 6891
f 6449 6892 6893
f 6449 6448 6892
f 6437 6893 6894
f 6437 6894 6895
f 6437 6449 6893
f 6424 6437 6895
f 6425 6895 6896
f 6425 6424 6895
f 6414 6896 6897
f 6414 6425 6896
f 6415 6897 6898
f 6415 6414 6897
f 5893 5892 6702
f 5893 6702 6684
f 5888 6684 6669
f 5888 5893 6684
f 5889 6669 6643
f 5889 5888 6669
f 5886 6643 6642
f 5886 5889 6643
f 5880 6642 6625
f 5880 5886 6642
f 5874 6625 6610
f 5874 5880 6625
f 5875 6610 6585
f 5875 5874 6610
f 5871 5875 6585
f 5871 6585 6572
f 5872 5871 6572
f 5872 6572 6558
f 5864 5872 6558
f 5864 6558 6546
f 5855 5864 6546
f 5855 6546 6532
f 5848 5855 6532
f 5848 6532 6531
f 5838 5848 6531
f 5838 6531 6520
f 5830 5838 6520
f 5830 6520 6507
f 5819 5830 6507
f 5819 6507 6496
f 5820 5819 6496
f 5820 6496 6487
f 5810 5820 6487
f 5810 6487 6476
f 5796 5810 6476
f 5796 6476 6468
f 5785 6468 6459
f 5785 5796 6468
f 5774 6459 6458
f 5774 5785 6459
f 5761 5774 6458
f 5761 6458 6451
f 5745 6451 6442
f 5745 5761 6451
f 5746 5745 6442
f 5746 6442 6435
f 5732 6435 6434
f 5732 5746 6435
f 5708 6434 6432
f 5708 5732 6434
f 5692 6432 6428
f 5692 5708 6432
f 5678 6428 6422
f 5678 5692 6428
f 5661 6422 6421
f 5661 5678 6422
f 5635 6421 6420
f 5635 5661 6421
f 5618 6420 6418
f 5618 5635 6420
f 5619 6416 6415
f 5619 6418 6416
f 5619 5618 6418
f 5620 5619 6415
f 6703 6702 5928
f 6703 5928 5930
f 6716 5930 5939
f 6716 6703 5930
f 6715 5939 5938
f 6715 6716 5939
f 6729 5938 5951
f 6729 6715 5938
f 6740 5951 5963
f 6740 6729 5951
f 6741 5963 5962
f 6741 6740 5963
f 6752 5962 5978
f 6752 6741 5962
f 6765 6752 5978
f 6765 5978 5995
f 6766 6765 5995
f 6766 5995 5994
f 6776 6766 5994
f 6776 5994 6013
f 6785 6776 6013
f 6785 6013 6032
f 6786 6785 6032
f 6786 6032 6031
f 6797 6786 6031
f 6797 6031 6055
f 6798 6797 6055
f 6798 6055 6054
f 6806 6798 6054
f 6806 6054 6078
f 6814 6806 6078
f 6814 6078 6104
f 6815 6814 6104
f 6815 6104 6103
f 6822 6815 6103
f 6822 6103 6128
f 6831 6128 6154
f 6831 6822 6128
f 6832 6154 6153
f 6832 6831 6154
f 6838 6832 6153
f 6838 6153 6181
f 6845 6181 6210
f 6845 6838 6181
f 6846 6845 6210
f 6846 6210 6209
f 6851 6209 6241
f 6851 6846 6209
f 6863 6241 6271
f 6863 6851 6241
f 6860 6271 6270
f 6860 6863 6271
f 6861 6270 6309
f 6861 6860 6270
f 6859 6309 6308
f 6859 6861 6309
f 6856 6308 6341
f 6856 6859 6308
f 6857 6341 6340
f 6857 6856 6341
f 6853 6340 6357
f 6853 6857 6340
f 6854 6357 6368
f 6854 6853 6357
f 5929 5928 5413
f 5929 5413 5405
f 5932 5405 5404
f 5932 5929 5405
f 5934 5404 5390
f 5934 5932 5404
f 5935 5390 5379
f 5935 5934 5390
f 5936 5379 5378
f 5936 5935 5379
f 5942 5378 5364
f 5942 5936 5378
f 5946 5364 5363
f 5946 5942 5364
f 5948 5946 5363
f 5948 5363 5347
f 5949 5948 5347
f 5949 5347 5328
f 5956 5949 5328
f 5956 5328 5320
f 5965 5956 5320
f 5965 5320 5319
f 5972 5965 5319
f 5972 5319 5287
f 5973 5972 5287
f 5973 5287 5276
f 5982 5973 5276
f 5982 5276 5275
f 5990 5982 5275
f 5990 5275 5249
f 6001 5990 5249
f 6001 5249 5225
f 6010 6001 5225
f 6010 5225 5224
f 6021 6010 5224
f 6021 5224 5185
f 6034 5185 5184
f 6034 6021 5185
f 6045 5184 5158
f 6045 6034 5184
f 6046 6045 5158
f 6046 5158 5128
f 6060 5128 5127
f 6060 6046 5128
f 6072 6060 5127
f 6072 5127 5097
f 6086 5097 5096
f 6086 6072 5097
f 6099 5096 5071
f 6099 6086 5096
f 6124 5071 5058
f 6124 6099 5071
f 6139 5058 5037
f 6139 6124 5058
f 6156 5037 5015
f 6156 6139 5037
f 6157 5015 5014
f 6157 6156 5015
f 6183 5014 4984
f 6183 6157 5014
f 6198 4984 4983
f 6198 6183 4984
f 6216 4983 4975
f 6216 6198 4983
f 5141 5454 5926
f 5141 5926 5415
f 5620 6415 6898
f 5620 6898 5894
f 2197 6702 2200
f 2201 2200 6702
f 2195 6702 2197
f 2203 2201 6702
f 2194 6702 2195
f 2206 2203 6702
f 2192 6702 2194
f 2207 2206 6702
f 2190 6702 2192
f 2165 2207 6702
f 2188 6702 2190
f 2186 6702 2188
f 2184 6702 2186
f 2182 6702 2184
f 2180 6702 2182
f 2178 6702 2180
f 2176 6702 2178
f 2174 6702 2176
f 2172 6702 2174
f 2170 6702 2172
f 2168 6702 2170
f 2124 2165 6702
f 2126 2124 6702
f 2128 2126 6702
f 2130 2128 6702
f 2132 2130 6702
f 2134 2132 6702
f 2136 2134 6702
f 2138 2136 6702
f 2140 2138 6702
f 2142 2140 6702
f 2144 2142 6702
f 2146 2144 6702
f 2148 2146 6702
f 2150 2148 6702
f 2152 2150 6702
f 2154 2152 6702
f 2156 2154 6702
f 2158 2156 6702
f 2209 6702 2168
f 2252 6702 2209
f 2250 6702 2252
f 2248 6702 2250
f 2246 6702 2248
f 2244 6702 2246
f 474 2089 2087
f 476 2091 2089
f 476 2089 474
f 471 2087 2085
f 471 2085 2083
f 471 474 2087
f 478 2093 2091
f 478 2091 476
f 470 2083 2080
f 470 471 2083
f 480 2095 2093
f 480 2093 478
f 468 2080 2079
f 468 470 2080
f 482 2095 480
f 482 2097 2095
f 466 468 2079
f 484 2099 2097
f 484 2097 482
f 464 466 2079
f 486 2103 2101
f 486 2101 2099
f 486 2099 484
f 462 2079 2122
f 462 464 2079
f 488 2105 2103
f 488 2103 486
f 460 462 2122
f 490 2107 2105
f 490 2105 488
f 458 460 2122
f 492 2109 2107
f 492 2107 490
f 456 2122 2164
f 456 458 2122
f 494 2111 2109
f 494 2109 492
f 454 2164 2162
f 454 456 2164
f 496 2113 2111
f 496 2111 494
f 452 2162 2160
f 452 454 2162
f 497 2117 2115
f 497 2115 2113
f 497 2113 496
f 450 2160 2158
f 450 452 2160
f 500 2117 497
f 500 2119 2117
f 448 2158 6702
f 448 450 2158
f 502 2119 500
f 502 2077 2119
f 446 448 6702
f 504 2077 502
f 444 446 6702
f 4131 2218 2216
f 4133 4131 2216
f 4133 2216 2214
f 4129 2218 4131
f 4129 2220 2218
f 4135 2214 2212
f 4135 4133 2214
f 4127 2220 4129
f 4127 2222 2220
f 4137 4135 2212
f 4125 2224 2222
f 4125 2222 4127
f 4139 4137 2212
f 255 2077 504
f 4123 2226 2224
f 4123 2224 4125
f 4141 4139 2212
f 4121 2228 2226
f 4121 2226 4123
f 4143 4141 2212
f 4119 2230 2228
f 4119 2228 4121
f 4145 4143 2212
f 442 444 6702
f 4117 2232 2230
f 4117 2230 4119
f 4147 4145 2212
f 4147 2212 2253
f 4115 2232 4117
f 4115 2234 2232
f 256 2077 255
f 4149 4147 2253
f 4113 2236 2234
f 4113 2234 4115
f 4151 4149 2253
f 4111 2236 4113
f 4111 2238 2236
f 4153 4151 2253
f 4109 2238 4111
f 4109 2240 2238
f 4155 4153 2253
f 258 2077 256
f 4157 4155 2253
f 4159 2253 2296
f 4159 4157 2253
f 260 2077 258
f 4161 4159 2296
f 4161 2296 2293
f 4163 4161 2293
f 4163 2293 2292
f 4165 4163 2292
f 4165 2292 2290
f 262 2077 260
f 262 2034 2077
f 4167 2290 2287
f 4167 4165 2290
f 4169 4167 2287
f 4169 2287 2286
f 264 2034 262
f 4171 4169 2286
f 4171 2286 2284
f 4173 2284 2282
f 4173 4171 2284
f 266 2034 264
f 4175 4173 2282
f 4175 2282 2280
f 4177 2280 2278
f 4177 4175 2280
f 268 2034 266
f 4179 2278 2276
f 4179 4177 2278
f 4181 4179 2276
f 270 2034 268
f 272 2034 270
f 274 2034 272
f 276 2034 274
f 276 2036 2034
f 278 2036 276
f 278 2040 2038
f 278 2038 2036
f 280 2040 278
f 280 2042 2040
f 282 2042 280
f 282 2044 2042
f 284 2044 282
f 284 2046 2044
f 286 2046 284
f 286 2048 2046
f 288 2048 286
f 288 2050 2048
f 3759 4095 4093
f 3757 4095 3759
f 3757 4097 4095
f 3761 3759 4093
f 3761 4093 4091
f 3755 4099 4097
f 3755 4097 3757
f 3763 3761 4091
f 3763 4091 4088
f 3763 4088 4087
f 3754 4101 4099
f 3754 4099 3755
f 3660 3763 4087
f 3751 4103 4101
f 3751 4101 3754
f 3749 4105 4103
f 3749 4103 3751
f 3747 4105 3749
f 3747 4107 4105
f 3746 4109 4107
f 3746 4107 3747
f 3743 2240 4109
f 3743 4109 3746
f 3743 2242 2240
f 3741 2242 3743
f 3741 2244 2242
f 3740 2244 3741
f 3740 6702 2244
f 3737 6702 3740
f 3735 6702 3737
f 3734 6702 3735
f 3732 6702 3734
f 3729 6702 3732
f 3728 6702 3729
f 3662 3660 4087
f 224 408 410
f 224 410 412
f 224 412 222
f 219 412 414
f 219 414 416
f 219 222 412
f 226 408 224
f 218 219 416
f 228 404 406
f 228 406 408
f 228 408 226
f 216 416 418
f 216 218 416
f 230 404 228
f 214 418 420
f 214 216 418
f 232 402 404
f 232 404 230
f 212 420 422
f 212 422 424
f 212 214 420
f 234 400 402
f 234 402 232
f 210 212 424
f 236 398 400
f 236 400 234
f 208 424 426
f 208 426 428
f 208 210 424
f 238 396 398
f 238 398 236
f 238 394 396
f 206 208 428
f 240 394 238
f 240 392 394
f 204 428 430
f 204 206 428
f 242 392 240
f 242 390 392
f 202 430 432
f 202 204 430
f 244 390 242
f 244 388 390
f 200 432 434
f 200 202 432
f 245 388 244
f 198 434 436
f 198 200 434
f 3982 4083 4086
f 3982 4086 4187
f 248 388 245
f 248 384 386
f 248 386 388
f 3984 3982 4187
f 3986 3984 4187
f 3986 4187 4186
f 196 436 438
f 196 198 436
f 3988 4186 4183
f 3988 3986 4186
f 3990 4183 4181
f 3990 3988 4183
f 3990 4181 2276
f 3990 2276 2274
f 250 384 248
f 3992 3990 2274
f 3992 2274 2272
f 3994 3992 2272
f 3994 2272 2270
f 194 196 438
f 194 438 440
f 3996 3994 2270
f 3996 2270 2268
f 252 384 250
f 252 382 384
f 3998 3996 2268
f 3998 2268 2266
f 192 442 6702
f 192 440 442
f 192 194 440
f 4000 3998 2266
f 4000 2266 2264
f 4002 4000 2264
f 4002 2264 2262
f 3 382 252
f 3 380 382
f 4004 4002 2262
f 4004 2262 2260
f 4006 4004 2260
f 4006 2260 2258
f 4 380 3
f 4 378 380
f 4008 4006 2258
f 4008 2258 2256
f 4010 4008 2256
f 6 378 4
f 6 374 376
f 6 376 378
f 4012 4010 2256
f 4014 4012 2256
f 8 374 6
f 4016 4014 2256
f 4018 4016 2256
f 10 374 8
f 10 370 372
f 10 372 374
f 4020 2256 2076
f 4020 4018 2256
f 4022 4020 2076
f 12 370 10
f 4024 4022 2076
f 4026 4024 2076
f 14 370 12
f 14 366 368
f 14 368 370
f 4028 4026 2076
f 16 366 14
f 4030 4028 2076
f 4032 4030 2076
f 4032 2076 2074
f 18 366 16
f 18 362 364
f 18 364 366
f 4034 4032 2074
f 4034 2074 2072
f 4036 4034 2072
f 4036 2072 2070
f 20 362 18
f 20 360 362
f 4038 4036 2070
f 4038 2070 2068
f 728 328 726
f 728 324 326
f 728 326 328
f 723 726 328
f 723 328 330
f 730 322 324
f 730 324 728
f 722 723 330
f 722 330 332
f 732 322 730
f 720 722 332
f 720 332 334
f 4040 4038 2068
f 734 320 322
f 734 322 732
f 718 334 336
f 718 720 334
f 22 360 20
f 736 320 734
f 736 316 318
f 736 318 320
f 716 336 338
f 716 718 336
f 738 316 736
f 714 716 338
f 714 338 340
f 740 314 316
f 740 316 738
f 712 714 340
f 712 340 342
f 742 314 740
f 742 312 314
f 24 360 22
f 24 358 360
f 710 712 342
f 710 342 344
f 744 312 742
f 744 308 310
f 744 310 312
f 708 710 344
f 708 344 346
f 746 306 308
f 746 308 744
f 706 708 346
f 706 346 348
f 748 306 746
f 704 348 350
f 704 706 348
f 749 304 306
f 749 306 748
f 702 350 352
f 702 704 350
f 752 304 749
f 752 300 302
f 752 302 304
f 700 702 352
f 700 352 354
f 754 300 752
f 698 700 354
f 698 354 356
f 756 300 754
f 756 298 300
f 696 698 356
f 696 356 358
f 507 298 756
f 507 294 296
f 507 296 298
f 694 696 358
f 694 358 24
f 508 294 507
f 508 292 294
f 692 24 26
f 692 26 28
f 692 694 24
f 510 290 292
f 510 292 508
f 690 692 28
f 512 290 510
f 512 288 290
f 688 28 30
f 688 690 28
f 514 2050 288
f 514 288 512
f 514 2052 2050
f 686 30 32
f 686 32 34
f 686 688 30
f 516 2052 514
f 516 2054 2052
f 684 34 36
f 684 686 34
f 518 2054 516
f 518 2056 2054
f 682 684 36
f 520 2056 518
f 520 2058 2056
f 680 682 36
f 680 36 38
f 680 38 40
f 522 2058 520
f 522 2060 2058
f 678 680 40
f 678 40 42
f 524 2060 522
f 524 2062 2060
f 676 678 42
f 676 42 44
f 526 2062 524
f 526 2066 2064
f 526 2064 2062
f 674 676 44
f 528 2066 526
f 528 2068 2066
f 672 674 44
f 672 44 46
f 530 2068 528
f 670 46 48
f 670 48 50
f 670 672 46
f 668 670 50
f 668 50 52
f 666 668 52
f 664 52 54
f 664 54 56
f 664 666 52
f 662 56 58
f 662 664 56
f 660 58 60
f 660 662 58
f 658 660 60
f 656 658 60
f 656 60 62
f 654 62 64
f 654 64 66
f 654 656 62
f 652 654 66
f 650 66 68
f 650 68 70
f 650 652 66
f 648 70 72
f 648 650 70
f 646 648 72
f 646 72 74
f 644 646 74
f 642 74 76
f 642 644 74
f 640 642 76
f 640 76 78
f 638 640 78
f 638 78 80
f 636 80 82
f 636 82 84
f 636 638 80
f 3768 3664 3766
f 3870 3666 3664
f 3870 3664 3768
f 634 636 84
f 634 84 86
f 3868 3668 3666
f 3868 3666 3870
f 3865 3670 3668
f 3865 3668 3868
f 632 634 86
f 632 86 88
f 3863 3670 3865
f 3863 3672 3670
f 630 88 90
f 630 632 88
f 3862 3674 3672
f 3862 3672 3863
f 628 630 90
f 3860 3676 3674
f 3860 3674 3862
f 626 628 90
f 626 90 92
f 626 92 94
f 624 626 94
f 3875 3977 3980
f 3876 3980 4081
f 3876 3875 3980
f 3879 3876 4081
f 3879 4081 4079
f 3881 3879 4079
f 3881 4079 4078
f 3883 3881 4078
f 3883 4078 4076
f 3873 3772 3770
f 3873 3770 3872
f 3975 3772 3873
f 3973 3772 3975
f 3973 3774 3772
f 3971 3774 3973
f 3971 3776 3774
f 3969 3776 3971
f 3969 3778 3776
f 3967 3778 3969
f 3967 3780 3778
f 3965 3780 3967
f 3965 3782 3780
f 1026 160 162
f 1028 1026 162
f 1028 162 164
f 1024 160 1026
f 1030 164 166
f 1030 1028 164
f 1022 160 1024
f 1022 158 160
f 1032 1030 166
f 1032 166 168
f 1020 158 1022
f 1020 156 158
f 1018 156 1020
f 1018 154 156
f 1033 1032 168
f 1033 168 170
f 1036 1033 170
f 1036 170 172
f 1016 154 1018
f 1016 152 154
f 1038 1036 172
f 1038 172 174
f 1014 152 1016
f 1014 150 152
f 1040 1038 174
f 1040 174 176
f 1012 150 1014
f 1012 148 150
f 1010 148 1012
f 1010 146 148
f 1042 1040 176
f 1042 176 178
f 1043 1042 178
f 1043 178 180
f 1008 146 1010
f 1006 146 1008
f 1006 144 146
f 1045 1043 180
f 1813 4042 4040
f 1811 4042 1813
f 1811 4046 4044
f 1811 4044 4042
f 1815 1813 4040
f 1815 2068 530
f 1815 4040 2068
f 1809 4046 1811
f 1809 4048 4046
f 1004 144 1006
f 1004 142 144
f 1047 1045 180
f 1047 180 182
f 1817 1815 530
f 1817 530 532
f 1817 532 534
f 1807 4048 1809
f 1807 4052 4050
f 1807 4050 4048
f 1002 142 1004
f 1002 140 142
f 1049 1047 182
f 1049 182 184
f 1819 534 536
f 1819 1817 534
f 1000 140 1002
f 1000 138 140
f 1805 4052 1807
f 1805 4054 4052
f 1821 1819 536
f 1821 536 538
f 998 138 1000
f 998 136 138
f 1803 4054 1805
f 1803 4058 4056
f 1803 4056 4054
f 996 136 998
f 1823 1821 538
f 1823 538 540
f 1823 540 542
f 994 120 122
f 994 122 124
f 994 124 126
f 994 126 128
f 994 128 130
f 994 130 132
f 994 132 134
f 994 134 136
f 994 136 996
f 1801 4059 4058
f 1801 4058 1803
f 1825 1823 542
f 1825 542 544
f 1799 4064 4062
f 1799 4062 4059
f 1799 4059 1801
f 1827 1825 544
f 1827 544 546
f 1797 4068 4065
f 1797 4065 4064
f 1797 4064 1799
f 1829 546 548
f 1829 548 550
f 1829 1827 546
f 1795 4068 1797
f 1795 4070 4068
f 4289 3698 3696
f 4287 3696 3694
f 4287 4289 3696
f 4291 3700 3698
f 4291 3698 4289
f 4293 3700 4291
f 4293 3702 3700
f 4285 4287 3694
f 4285 3694 3692
f 4295 3702 4293
f 4295 3704 3702
f 4283 3692 3690
f 4283 4285 3692
f 4298 3704 4295
f 4298 3706 3704
f 4281 3690 3688
f 4281 4283 3690
f 1831 1829 550
f 1831 550 552
f 4279 3688 3686
f 4279 4281 3688
f 4299 3706 4298
f 4299 3708 3706
f 4301 3708 4299
f 4301 3710 3708
f 4277 3686 3684
f 4277 4279 3686
f 4303 3710 4301
f 4303 3712 3710
f 4275 3684 3682
f 4275 4277 3684
f 1793 4074 4072
f 1793 4072 4070
f 1793 4070 1795
f 4305 3712 4303
f 4305 3714 3712
f 4273 3682 3680
f 4273 4275 3682
f 4271 3680 3678
f 4271 4273 3680
f 4308 3714 4305
f 4308 3716 3714
f 1833 552 554
f 1833 1831 552
f 4269 3678 3676
f 4269 3860 3858
f 4269 3676 3860
f 4269 4271 3678
f 4310 3716 4308
f 4310 3718 3716
f 4267 3858 3856
f 4267 4269 3858
f 4312 3718 4310
f 4312 3719 3718
f 1791 3883 4076
f 1791 4076 4074
f 1791 4074 1793
f 4314 3719 4312
f 4314 3722 3719
f 4265 3856 3854
f 4265 4267 3856
f 4263 3854 3852
f 4263 4265 3854
f 1835 554 556
f 1835 556 558
f 1835 1833 554
f 4261 3852 3850
f 4261 4263 3852
f 4259 3850 3848
f 4259 4261 3850
f 1789 3887 3885
f 1789 3885 3883
f 1789 3883 1791
f 4258 3848 3846
f 4258 3846 3844
f 4258 3844 3842
f 4258 3842 3840
f 4258 4259 3848
f 1837 1835 558
f 1837 558 560
f 1787 3889 3887
f 1787 3887 1789
f 1839 1837 560
f 1839 560 562
f 1839 562 564
f 1785 3889 1787
f 1785 3893 3891
f 1785 3891 3889
f 1841 564 566
f 1841 1839 564
f 1782 3897 3895
f 1782 3895 3893
f 1782 3893 1785
f 1843 1841 566
f 1843 566 568
f 1843 568 570
f 1781 3899 3897
f 1781 3897 1782
f 1845 1843 570
f 1845 570 572
f 2031 3903 3901
f 2031 3901 3899
f 2031 3899 1781
f 1847 1845 572
f 1847 572 574
f 1847 574 576
f 2029 3903 2031
f 2029 3907 3905
f 2029 3905 3903
f 1849 1847 576
f 1849 576 578
f 2027 3911 3909
f 2027 3909 3907
f 2027 3907 2029
f 1851 1849 578
f 1851 578 580
f 2026 3915 3913
f 2026 3913 3911
f 2026 3911 2027
f 928 929 932
f 1853 1851 580
f 1853 580 582
f 1853 582 584
f 2023 3915 2026
f 2023 3917 3915
f 925 928 932
f 1855 1853 584
f 1855 584 586
f 923 925 932
f 2021 3921 3919
f 2021 3919 3917
f 2021 3917 2023
f 4256 4258 3840
f 4256 3840 3838
f 4256 3838 3836
f 4256 3836 3834
f 4256 3834 3832
f 4254 3832 3830
f 4254 4256 3832
f 921 923 932
f 4251 3830 3828
f 4251 4254 3830
f 1857 586 588
f 1857 588 590
f 1857 1855 586
f 4250 3828 3826
f 4250 4251 3828
f 4248 3826 3824
f 4248 4250 3826
f 919 921 932
f 2019 3925 3923
f 2019 3923 3921
f 2019 3921 2021
f 4246 3824 3822
f 4246 4248 3824
f 4244 4246 3822
f 4244 3822 3820
f 1859 1857 590
f 1859 590 592
f 4242 4244 3820
f 4242 3820 3818
f 4239 4242 3818
f 4239 3818 3816
f 2017 3927 3925
f 2017 3925 2019
f 916 917 919
f 916 919 932
f 1861 1859 592
f 1861 592 594
f 2015 3927 2017
f 2015 3931 3929
f 2015 3929 3927
f 1863 1861 594
f 1863 594 596
f 1863 596 598
f 911 913 916
f 2013 3935 3933
f 2013 3933 3931
f 2013 3931 2015
f 909 916 932
f 909 911 916
f 1865 598 600
f 1865 1863 598
f 907 909 932
f 2011 3935 2013
f 2011 3937 3935
f 1057 120 994
f 1057 106 108
f 1057 108 110
f 1057 110 112
f 1057 112 114
f 1057 114 116
f 1057 116 118
f 1057 118 120
f 1121 106 1057
f 1121 104 106
f 905 907 932
f 1867 600 602
f 1867 1865 600
f 1120 104 1121
f 1120 102 104
f 1117 102 1120
f 1117 100 102
f 1115 100 1117
f 1115 98 100
f 2009 3941 3939
f 2009 3939 3937
f 2009 3937 2011
f 1113 98 1115
f 1113 96 98
f 1111 96 1113
f 1111 94 96
f 1109 622 624
f 1109 624 94
f 1109 94 1111
f 1869 602 604
f 1869 604 606
f 1869 1867 602
f 1108 620 622
f 1108 622 1109
f 1106 620 1108
f 2007 3945 3943
f 2007 3943 3941
f 2007 3941 2009
f 1104 618 620
f 1104 620 1106
f 899 905 932
f 899 901 903
f 899 903 905
f 1102 616 618
f 1102 618 1104
f 1099 614 616
f 1099 616 1102
f 1871 606 608
f 1871 1869 606
f 1098 612 614
f 1098 614 1099
f 897 899 932
f 1096 610 612
f 1096 612 1098
f 2005 3947 3945
f 2005 3945 2007
f 1094 610 1096
f 895 897 932
f 1873 610 1094
f 1873 608 610
f 1873 1871 608
f 1873 1094 1092
f 2003 3951 3949
f 2003 3949 3947
f 2003 3947 2005
f 1875 1873 1092
f 1875 1092 1090
f 891 893 895
f 2001 3953 3951
f 2001 3951 2003
f 1877 1875 1090
f 887 891 895
f 887 895 932
f 887 889 891
f 2000 3955 3953
f 2000 3953 2001
f 881 887 932
f 881 883 885
f 881 885 887
f 877 880 881
f 877 881 932
f 4544 4217 4219
f 4546 4213 4215
f 4546 4215 4217
f 4546 4217 4544
f 4541 4544 4219
f 4541 4219 4221
f 4548 4213 4546
f 4548 4211 4213
f 4540 4221 4223
f 4540 4223 4225
f 4540 4541 4221
f 4550 4211 4548
f 4550 4207 4209
f 4550 4209 4211
f 4538 4225 4227
f 4538 4540 4225
f 4552 4207 4550
f 4552 4205 4207
f 4536 4538 4227
f 4536 4227 4229
f 4554 4205 4552
f 4554 4201 4203
f 4554 4203 4205
f 873 875 877
f 4534 4229 4232
f 4534 4232 4233
f 4534 4536 4229
f 4556 4201 4554
f 4556 4199 4201
f 4532 4534 4233
f 4532 4233 4235
f 787 968 966
f 785 968 787
f 785 970 968
f 789 787 966
f 789 966 964
f 4558 4195 4197
f 4558 4197 4199
f 4558 4199 4556
f 783 970 785
f 783 972 970
f 791 789 964
f 791 964 962
f 781 972 783
f 781 974 972
f 793 791 962
f 793 962 960
f 779 974 781
f 779 976 974
f 795 960 958
f 795 793 960
f 4530 4532 4235
f 4530 4235 4237
f 777 976 779
f 777 978 976
f 797 795 958
f 797 958 956
f 775 978 777
f 775 979 978
f 799 797 956
f 799 956 954
f 4560 4195 4558
f 4560 4193 4195
f 773 979 775
f 773 982 979
f 801 799 954
f 801 954 952
f 4528 4530 4237
f 4528 4239 3816
f 4528 4237 4239
f 771 982 773
f 771 984 982
f 803 801 952
f 803 952 950
f 769 984 771
f 769 986 984
f 4562 4193 4560
f 4562 4192 4193
f 805 803 950
f 805 950 948
f 767 986 769
f 767 987 986
f 4526 3816 3814
f 4526 3814 3812
f 4526 4528 3816
f 807 948 946
f 807 805 948
f 869 871 873
f 869 877 932
f 869 873 877
f 765 989 987
f 765 987 767
f 4564 4192 4562
f 762 932 989
f 762 989 765
f 4524 3812 3810
f 4524 4526 3812
f 761 932 762
f 4566 4192 4564
f 867 869 932
f 4522 4524 3810
f 4522 3810 3808
f 4567 4192 4566
f 865 867 932
f 4520 3808 3806
f 4520 4522 3808
f 4570 4192 4567
f 863 865 932
f 4518 3806 3804
f 4518 4520 3806
f 4572 4192 4570
f 4516 4518 3804
f 4516 3804 3802
f 4516 3802 3800
f 825 761 819
f 825 819 821
f 825 821 823
f 4574 4192 4572
f 859 863 932
f 859 861 863
f 4514 4516 3800
f 4514 3800 3798
f 827 932 761
f 827 761 825
f 4325 4191 4192
f 4325 4192 4574
f 829 932 827
f 4512 4514 3798
f 4512 3798 3796
f 831 932 829
f 853 855 857
f 4326 4191 4325
f 833 932 831
f 851 853 857
f 851 857 859
f 851 859 932
f 4510 3796 3794
f 4510 4512 3796
f 5892 192 6702
f 5892 807 946
f 5892 1049 184
f 5892 757 818
f 5892 818 816
f 5892 816 813
f 5892 813 811
f 5892 811 810
f 5892 810 807
f 5892 946 944
f 5892 944 942
f 5892 942 940
f 5892 940 938
f 5892 938 936
f 5892 936 934
f 5892 934 991
f 5892 991 1055
f 5892 1055 1054
f 5892 184 186
f 5892 1054 1051
f 5892 1051 1049
f 5892 186 188
f 5892 188 190
f 5892 190 192
f 5928 4653 4655
f 5928 4655 4657
f 5928 4657 4659
f 5928 4659 4661
f 5928 4661 4663
f 5928 4663 4665
f 5928 4665 4667
f 5928 4667 4669
f 5928 4669 4671
f 5928 4671 4673
f 5928 4673 4675
f 5928 4675 4677
f 5928 4677 4679
f 5928 4679 4682
f 5928 4682 4683
f 5928 4683 4685
f 5928 4685 4687
f 5928 4687 4689
f 5928 4689 4692
f 5928 4692 4694
f 5928 4314 4316
f 5928 4694 4696
f 5928 4316 4317
f 5928 4696 4698
f 5928 4317 4320
f 5928 4698 4700
f 5928 4320 4322
f 5928 4700 4701
f 5928 4701 4704
f 5928 4704 4642
f 5928 4642 4575
f 5928 4575 4577
f 5928 4577 4579
f 5928 4579 4581
f 5928 4581 4583
f 5928 6702 3728
f 5928 3722 4314
f 5928 3728 3726
f 5928 3726 3724
f 5928 3724 3722
f 5928 4322 4640
f 5928 4640 4643
f 5928 4643 4645
f 5928 4645 4647
f 5928 4647 4649
f 5928 4649 4651
f 5928 4651 4653
f 847 849 851
f 845 847 851
f 841 833 835
f 841 835 837
f 841 837 839
f 841 932 833
f 843 851 932
f 843 932 841
f 843 845 851
f 4328 4191 4326
f 758 757 5892
f 4508 3794 3792
f 4508 3792 3790
f 4508 4510 3794
f 1192 758 5892
f 1194 1192 5892
f 4330 4191 4328
f 1196 1194 5892
f 4506 4508 3790
f 4506 3790 3788
f 1198 1196 5892
f 4332 4191 4330
f 1200 1198 5892
f 4504 4506 3788
f 4504 3788 3786
f 1202 1200 5892
f 4334 4191 4332
f 1204 1202 5892
f 4502 4504 3786
f 4502 3786 3784
f 1206 1204 5892
f 1208 1206 5892
f 4336 4191 4334
f 1210 1208 5892
f 4500 3965 3963
f 4500 3782 3965
f 4500 3784 3782
f 4500 4502 3784
f 1212 1210 5892
f 4338 4638 4191
f 4338 4191 4336
f 1214 1212 5892
f 4498 3963 3961
f 4498 4500 3963
f 1216 1214 5892
f 4340 4635 4638
f 4340 4638 4338
f 1218 1216 5892
f 4496 3961 3959
f 4496 4498 3961
f 1220 1218 5892
f 4342 4632 4634
f 4342 4634 4635
f 4342 4635 4340
f 1222 1220 5892
f 4494 4496 3959
f 4494 3959 3957
f 4494 3957 3955
f 1224 1222 5892
f 1226 1224 5892
f 4344 4632 4342
f 4344 4630 4632
f 1228 1226 5892
f 4492 4494 3955
f 1229 1228 5892
f 4346 4630 4344
f 4346 4626 4628
f 4346 4628 4630
f 1232 1229 5892
f 1234 1232 5892
f 4348 4626 4346
f 4348 4623 4626
f 1236 1234 5892
f 1238 1236 5892
f 1239 1238 5892
f 4350 4623 4348
f 4350 4619 4621
f 4350 4621 4623
f 1241 1239 5892
f 1243 1241 5892
f 1245 1243 5892
f 4352 4617 4619
f 4352 4619 4350
f 1247 1245 5892
f 1250 1247 5892
f 1251 1250 5892
f 4354 4613 4616
f 4354 4616 4617
f 4354 4617 4352
f 1190 1251 5892
f 4356 4613 4354
f 4356 4611 4613
f 4358 4611 4356
f 4358 4609 4611
f 4360 4605 4607
f 4360 4607 4609
f 4360 4609 4358
f 4362 4603 4605
f 4362 4605 4360
f 4364 4601 4603
f 4364 4603 4362
f 4366 4597 4599
f 4366 4599 4601
f 4366 4601 4364
f 4368 4595 4597
f 4368 4597 4366
f 4370 4595 4368
f 4370 4593 4595
f 4372 4593 4370
f 4372 4591 4593
f 4374 4591 4372
f 4374 4589 4591
f 4376 4585 4587
f 4376 4587 4589
f 4376 4589 4374
f 4378 4583 4585
f 4378 5928 4583
f 4378 4585 4376
f 4380 5928 4378
f 4382 5928 4380
f 4384 5928 4382
f 4386 5928 4384
f 4388 5928 4386
f 4390 5928 4388
f 4392 5928 4390
f 4394 5928 4392
f 4396 5928 4394
f 1126 1190 5892
f 1128 1126 5892
f 1130 1128 5892
f 1132 1130 5892
f 1134 1132 5892
f 1417 1419 1879
f 1417 1879 1877
f 1421 1879 1419
f 1421 1881 1879
f 1415 1417 1877
f 1415 1877 1090
f 1415 1090 1088
f 1423 1881 1421
f 1423 1883 1881
f 1413 1415 1088
f 1413 1088 1086
f 1425 1883 1423
f 1411 1413 1086
f 1411 1086 1084
f 1428 1885 1883
f 1428 1883 1425
f 1409 1084 1082
f 1409 1411 1084
f 1429 1885 1428
f 1429 1887 1885
f 1407 1082 1080
f 1407 1409 1082
f 1431 1887 1429
f 1405 1080 1078
f 1405 1407 1080
f 1433 1887 1431
f 1433 1889 1887
f 1403 1078 1076
f 1403 1405 1078
f 1435 1889 1433
f 1401 1076 1074
f 1401 1403 1076
f 1438 1891 1889
f 1438 1889 1435
f 1399 1074 1072
f 1399 1401 1074
f 1440 1893 1891
f 1440 1891 1438
f 1397 1072 1070
f 1397 1399 1072
f 1442 1893 1440
f 1395 1070 1068
f 1395 1397 1070
f 1444 1893 1442
f 1444 1895 1893
f 1393 1068 1066
f 1393 1395 1068
f 1446 1895 1444
f 1391 1393 1066
f 1391 1066 1064
f 1447 1895 1446
f 1447 1897 1895
f 1389 1391 1064
f 1450 1897 1447
f 1450 1899 1897
f 1387 1389 1064
f 1387 1064 1062
f 1387 1062 1060
f 1452 1899 1450
f 1452 1905 1903
f 1452 1903 1901
f 1452 1901 1899
f 2380 4486 4488
f 2379 4486 2380
f 2379 4484 4486
f 2387 2380 4488
f 2387 4488 4490
f 2372 4484 2379
f 2372 4482 4484
f 2385 2387 4490
f 2385 3955 2000
f 2385 4490 4492
f 2385 4492 3955
f 2371 4482 2372
f 2371 4480 4482
f 2373 4478 4480
f 2373 4480 2371
f 2386 2000 1997
f 2386 2385 2000
f 2365 4478 2373
f 2365 4476 4478
f 2393 1997 1995
f 2393 2386 1997
f 2364 4474 4476
f 2364 4476 2365
f 2394 2393 1995
f 2366 4474 2364
f 2366 4472 4474
f 2398 1995 1993
f 2398 2394 1995
f 2356 4470 4472
f 2356 4472 2366
f 2396 1993 1991
f 2396 2398 1993
f 2355 4470 2356
f 2355 4468 4470
f 2397 1991 1989
f 2397 2396 1991
f 2357 4466 4468
f 2357 4468 2355
f 2358 4464 4466
f 2358 4466 2357
f 2404 1989 1987
f 2404 2397 1989
f 2346 4462 4464
f 2346 4464 2358
f 2405 2404 1987
f 2345 4462 2346
f 2345 4460 4462
f 2347 4458 4460
f 2347 4460 2345
f 2413 1987 1985
f 2413 2405 1987
f 2348 4458 2347
f 2348 4456 4458
f 2411 1985 1983
f 2411 2413 1985
f 2349 4456 2348
f 2349 4454 4456
f 2350 4454 2349
f 2412 1983 1981
f 2412 2411 1983
f 2344 4452 4454
f 2344 4454 2350
f 2420 2412 1981
f 2748 4450 4452
f 2748 4452 2344
f 2749 4448 4450
f 2749 4450 2748
f 2421 1981 1979
f 2421 2420 1981
f 2750 4446 4448
f 2750 4448 2749
f 2428 1979 1977
f 2428 2421 1979
f 2751 4444 4446
f 2751 4446 2750
f 2426 1977 1975
f 2426 2428 1977
f 2752 4442 4444
f 2752 4444 2751
f 2745 4440 4442
f 2745 4442 2752
f 2427 2426 1975
f 2744 4440 2745
f 2435 1975 1973
f 2435 2427 1975
f 2746 4438 4440
f 2746 4440 2744
f 2740 4438 2746
f 2740 4436 4438
f 2436 1973 1971
f 2436 2435 1973
f 2739 4434 4436
f 2739 4436 2740
f 2443 1971 1969
f 2443 2436 1971
f 2741 4432 4434
f 2741 4434 2739
f 2441 1969 1967
f 2441 2443 1969
f 2742 4430 4432
f 2742 4432 2741
f 2735 4428 4430
f 2735 4430 2742
f 2442 2441 1967
f 1456 1905 1452
f 1456 1913 1911
f 1456 1911 1909
f 1456 1909 1907
f 1456 1907 1905
f 1454 1387 1060
f 1457 1913 1456
f 1780 1454 1060
f 2734 4426 4428
f 2734 4428 2735
f 1459 1913 1457
f 1459 1915 1913
f 1777 1780 1060
f 1461 1915 1459
f 1461 1917 1915
f 1776 1777 1060
f 2451 1967 1965
f 2451 2442 1967
f 1463 1917 1461
f 1774 1776 1060
f 2736 4426 2734
f 1465 1917 1463
f 1465 1919 1917
f 1772 1774 1060
f 1467 1919 1465
f 1469 1921 1919
f 1469 1919 1467
f 2737 4424 4426
f 2737 4426 2736
f 2452 1965 1963
f 2452 2451 1965
f 1471 1921 1469
f 1471 1923 1921
f 1473 1923 1471
f 1475 1925 1923
f 1475 1923 1473
f 2731 4422 4424
f 2731 4424 2737
f 1477 1925 1475
f 2459 1963 1961
f 2459 2452 1963
f 1479 1927 1925
f 1479 1925 1477
f 1481 1929 1927
f 1481 1927 1479
f 2730 4420 4422
f 2730 4422 2731
f 1483 1929 1481
f 1485 1931 1929
f 1485 1929 1483
f 2457 2459 1961
f 1487 1933 1931
f 1487 1931 1485
f 2732 4418 4420
f 2732 4420 2730
f 1489 1933 1487
f 1491 1933 1489
f 1491 1935 1933
f 2726 4418 2732
f 1493 1935 1491
f 1493 1937 1935
f 2458 1961 1959
f 2458 2457 1961
f 1496 1937 1493
f 2725 4416 4418
f 2725 4418 2726
f 2470 1959 1957
f 2470 2458 1959
f 2727 4414 4416
f 2727 4416 2725
f 2728 4412 4414
f 2728 4414 2727
f 2469 1957 1955
f 2469 2470 1957
f 2722 4412 2728
f 2467 2469 1955
f 2721 4410 4412
f 2721 4412 2722
f 2723 4408 4410
f 2723 4410 2721
f 2468 1955 1953
f 2468 2467 1955
f 2718 4408 2723
f 2479 1953 1951
f 2479 2468 1953
f 2717 4406 4408
f 2717 4408 2718
f 2480 1951 1949
f 2480 2479 1951
f 2719 4404 4406
f 2719 4406 2717
f 2486 2480 1949
f 2486 1949 1947
f 1553 1749 1751
f 1553 1751 1753
f 1553 1555 1749
f 1557 1747 1749
f 1557 1749 1555
f 1551 1553 1753
f 1559 1745 1747
f 1559 1747 1557
f 1549 1753 1755
f 1549 1551 1753
f 1561 1743 1745
f 1561 1745 1559
f 1547 1755 1758
f 1547 1549 1755
f 1564 1741 1743
f 1564 1743 1561
f 2715 4402 4404
f 2715 4404 2719
f 1545 1758 1759
f 1545 1547 1758
f 1565 1741 1564
f 1565 1739 1741
f 1543 1759 1761
f 1543 1545 1759
f 1567 1739 1565
f 1567 1737 1739
f 1569 1737 1567
f 1569 1733 1735
f 1569 1735 1737
f 1541 1761 1763
f 1541 1543 1761
f 1539 1763 1765
f 1539 1765 1768
f 1539 1541 1763
f 1571 1733 1569
f 1571 1731 1733
f 1537 1539 1768
f 1574 1731 1571
f 1574 1729 1731
f 1535 1537 1768
f 1535 1768 1770
f 1576 1729 1574
f 2487 2486 1947
f 1533 1770 1772
f 1533 1772 1060
f 1533 1535 1770
f 1578 1729 1576
f 1578 1725 1727
f 1578 1727 1729
f 1531 1060 1123
f 1531 1533 1060
f 1580 1725 1578
f 1529 1531 1123
f 1582 1725 1580
f 1582 1721 1723
f 1582 1723 1725
f 1527 1529 1123
f 1583 1721 1582
f 2712 4400 4402
f 2712 4402 2715
f 1525 1527 1123
f 1586 1721 1583
f 1586 1719 1721
f 1588 1719 1586
f 1588 1718 1719
f 1523 1525 1123
f 2492 1947 1945
f 2492 2487 1947
f 2711 4398 4400
f 2711 4400 2712
f 2498 1945 1943
f 2498 2492 1945
f 2713 4396 4398
f 2713 4398 2711
f 2499 1943 1941
f 2499 2498 1943
f 2702 5928 4396
f 2702 4396 2713
f 2506 2499 1941
f 2504 1941 1939
f 2504 2506 1941
f 2701 5928 2702
f 2505 2504 1939
f 2703 5928 2701
f 2512 2505 1939
f 2694 5928 2703
f 2693 5928 2694
f 2695 5928 2693
f 2680 5928 2695
f 1253 1718 1588
f 1253 1714 1716
f 1253 1716 1718
f 1652 1123 1187
f 1652 1523 1123
f 1255 1714 1253
f 1650 1187 1186
f 1650 1652 1187
f 1257 1714 1255
f 1257 1711 1714
f 1647 1650 1186
f 1647 1186 1183
f 1259 1711 1257
f 1259 1708 1710
f 1259 1710 1711
f 1646 1183 1181
f 1646 1647 1183
f 1261 1708 1259
f 1644 1181 1179
f 1644 1646 1181
f 1263 1708 1261
f 1263 1706 1708
f 1642 1179 1177
f 1642 1644 1179
f 1265 1706 1263
f 1265 1702 1704
f 1265 1704 1706
f 1640 1177 1175
f 1640 1642 1177
f 1267 1702 1265
f 1638 1175 1174
f 1638 1640 1175
f 1269 1702 1267
f 1269 1699 1702
f 1635 1638 1174
f 1635 1174 1172
f 1271 1699 1269
f 1271 1695 1697
f 1271 1697 1699
f 1633 1172 1170
f 1633 1635 1172
f 1273 1695 1271
f 1631 1170 1168
f 1631 1633 1170
f 1275 1695 1273
f 1275 1693 1695
f 1629 1168 1165
f 1629 1631 1168
f 1277 1693 1275
f 1277 1692 1693
f 1628 1165 1164
f 1628 1629 1165
f 1279 1692 1277
f 1279 1689 1692
f 1625 1164 1162
f 1625 1628 1164
f 1623 1162 1160
f 1623 1625 1162
f 1281 1687 1689
f 1281 1689 1279
f 1621 1160 1158
f 1621 1623 1160
f 1283 1683 1685
f 1283 1685 1687
f 1283 1687 1281
f 1619 1158 1156
f 1619 1621 1158
f 1285 1683 1283
f 1285 1681 1683
f 1617 1156 1154
f 1617 1619 1156
f 1287 1681 1285
f 1615 1154 1152
f 1615 1617 1154
f 1289 1681 1287
f 1289 1677 1679
f 1289 1679 1681
f 1613 1152 1150
f 1613 1615 1152
f 1291 1677 1289
f 1611 1150 1148
f 1611 1613 1150
f 1294 1677 1291
f 1294 1675 1677
f 1609 1148 1146
f 1609 1611 1148
f 1295 1675 1294
f 1295 1671 1673
f 1295 1673 1675
f 1607 1146 1144
f 1607 1609 1146
f 1297 1671 1295
f 1297 1669 1671
f 1605 1607 1144
f 1605 1144 1142
f 1299 1669 1297
f 1603 1142 1140
f 1603 1605 1142
f 1301 1669 1299
f 1301 1665 1667
f 1301 1667 1669
f 1601 1140 1138
f 1601 1603 1140
f 1304 1665 1301
f 1599 1601 1138
f 1599 1138 1136
f 1306 1665 1304
f 1306 1663 1665
f 1597 1134 5892
f 1597 1136 1134
f 1597 1599 1136
f 1308 1663 1306
f 1308 1661 1663
f 1595 1597 5892
f 1593 1595 5892
f 1591 1593 5892
f 1589 1591 5892
f 1386 1589 5892
f 1384 1386 5892
f 4874 1937 1496
f 4872 2512 1939
f 4872 1939 1937
f 4872 1937 4874
f 4876 4874 1496
f 4876 1496 1497
f 4878 4876 1497
f 4878 1497 1499
f 4870 2520 2513
f 4870 2513 2512
f 4870 2512 4872
f 4880 4878 1499
f 4880 1499 1501
f 4868 2520 4870
f 4868 2518 2520
f 4881 4880 1501
f 4881 1501 1503
f 4866 2518 4868
f 4866 2519 2518
f 4884 4881 1503
f 4884 1503 1506
f 4864 2519 4866
f 4864 2526 2519
f 4886 4884 1506
f 4886 1506 1508
f 4862 2526 4864
f 4862 2527 2526
f 4888 4886 1508
f 4888 1508 1510
f 4860 2527 4862
f 4860 2534 2527
f 4890 4888 1510
f 4890 1510 1512
f 4858 2534 4860
f 4858 2532 2534
f 4856 2532 4858
f 4856 2533 2532
f 4891 4890 1512
f 4891 1512 1514
f 4893 4891 1514
f 4893 1514 1515
f 4854 2540 2533
f 4854 2533 4856
f 4895 4893 1515
f 4895 1515 1518
f 4852 2541 2540
f 4852 2540 4854
f 4897 4895 1518
f 4897 1518 1520
f 4850 2541 4852
f 4850 2548 2541
f 4899 4897 1520
f 4848 2546 2548
f 4848 2548 4850
f 4902 4899 1520
f 4846 2547 2546
f 4846 2546 4848
f 4903 4902 1520
f 4844 2554 2547
f 4844 2547 4846
f 4839 1308 1310
f 4839 1522 1653
f 4839 1653 1655
f 4839 1661 1308
f 4839 4903 1520
f 4839 1655 1657
f 4839 1657 1659
f 4839 1659 1661
f 4839 1520 1522
f 4842 2574 2567
f 4842 2567 2566
f 4842 2566 2561
f 4842 2561 2560
f 4842 2560 2562
f 4842 2562 2555
f 4842 2555 2554
f 4842 2554 4844
f 4905 2583 2582
f 4905 2582 2584
f 4905 2584 2580
f 4905 2580 2579
f 4905 2579 2573
f 4905 2573 2572
f 4905 2572 2574
f 4905 2574 4842
f 4967 2583 4905
f 4966 2591 2583
f 4966 2583 4967
f 4963 2592 2591
f 4963 2591 4966
f 4961 2594 2592
f 4961 2592 4963
f 4959 2595 2594
f 4959 2594 4961
f 4957 2601 2595
f 4957 2595 4959
f 4955 2602 2601
f 4955 2601 4957
f 4954 2602 4955
f 4952 2604 2602
f 4952 2602 4954
f 4950 2605 2604
f 4950 2604 4952
f 4948 2611 2605
f 4948 2605 4950
f 4945 2612 2611
f 4945 2611 4948
f 4944 2614 2612
f 4944 2612 4945
f 4942 2614 4944
f 4940 2615 2614
f 4940 2614 4942
f 4938 2622 2615
f 4938 2615 4940
f 4936 2623 2622
f 4936 2622 4938
f 4934 2625 2623
f 4934 2623 4936
f 4932 2631 2625
f 4932 2625 4934
f 4930 2631 4932
f 4928 2632 2631
f 4928 2631 4930
f 4926 2632 4928
f 4926 2634 2632
f 4924 2634 4926
f 4924 2635 2634
f 4922 2635 4924
f 4922 2645 2641
f 4922 2641 2635
f 4920 2645 4922
f 4920 2643 2645
f 4918 2643 4920
f 4918 2644 2643
f 4916 2644 4918
f 4916 2656 2644
f 4776 1310 1312
f 4776 1312 1313
f 4776 1313 1316
f 4776 1316 1318
f 4776 1318 1319
f 4776 4839 1310
f 4778 4776 1319
f 4780 4778 1319
f 4782 1319 1321
f 4782 4780 1319
f 4784 1321 1323
f 4784 4782 1321
f 4786 1323 1325
f 4786 4784 1323
f 4788 1325 1327
f 4788 4786 1325
f 4790 1327 1329
f 4790 4788 1327
f 4792 1329 1331
f 4792 4790 1329
f 4794 1331 1333
f 4794 4792 1331
f 4796 1333 1335
f 4796 4794 1333
f 4798 1335 1337
f 4798 4796 1335
f 4800 1337 1339
f 4800 4798 1337
f 4802 1339 1341
f 4802 4800 1339
f 4804 1341 1343
f 4804 4802 1341
f 4806 4804 1343
f 4806 1343 1345
f 4808 1345 1347
f 4808 4806 1345
f 4810 1347 1349
f 4810 4808 1347
f 4812 1349 1351
f 4812 4810 1349
f 4814 1351 1353
f 4814 4812 1351
f 4815 1353 1355
f 4815 4814 1353
f 4818 4815 1355
f 4818 1355 1357
f 4820 1357 1360
f 4820 4818 1357
f 4822 1360 1361
f 4822 4820 1360
f 4824 1361 1363
f 4824 4822 1361
f 4825 1363 1365
f 4825 4824 1363
f 4827 1365 1367
f 4827 4825 1365
f 4829 4827 1367
f 4829 1367 1370
f 4831 1370 1372
f 4831 4829 1370
f 5413 4754 4752
f 5413 4752 4749
f 5413 4749 4748
f 5413 4748 4746
f 5413 4746 4744
f 5413 4744 4742
f 5413 4742 4740
f 5413 4740 4738
f 5413 4738 4736
f 5413 4736 4734
f 5413 4734 4732
f 5413 4732 4730
f 5413 4730 4728
f 5413 4728 4726
f 5413 4726 4724
f 5413 4724 4722
f 5413 4722 4720
f 5413 4720 4718
f 5413 4718 4716
f 5413 4716 4714
f 5413 4714 4712
f 5413 4712 4710
f 5413 4710 4773
f 5413 2656 4916
f 5413 4773 4837
f 5413 4837 4836
f 5413 4836 4833
f 5413 4833 4831
f 5413 1384 5892
f 5413 1372 1374
f 5413 1374 1376
f 5413 1376 1378
f 5413 1378 1379
f 5413 1379 1382
f 5413 1382 1384
f 5413 4831 1372
f 5413 4916 4914
f 5413 4914 4912
f 5413 4912 4910
f 5413 4910 4908
f 5413 4908 4706
f 5413 4706 4705
f 5413 2666 2655
f 5413 4705 4771
f 5413 2655 2654
f 5413 4771 4770
f 5413 2654 2656
f 5413 4770 4767
f 5413 4767 4765
f 5413 4765 4763
f 5413 4763 4761
f 5413 4761 4759
f 5413 4759 4758
f 5413 4758 4756
f 5413 4756 4754
f 5413 5928 2673
f 2673 5928 2682
f 2682 5928 2681
f 2681 5928 2679
f 2679 5928 2680
f 5413 2673 2672
f 5413 2672 2674
f 5413 2674 2665
f 5413 2665 2664
f 5413 2664 2666
f 6854 6368 6412
f 6854 6412 6866
f 6216 4975 5447
f 6216 5447 6380
f 6881 6880 6882
f 6882 6885 6883
f 6883 6885 6884
f 6879 6878 6880
f 6880 6878 6882
f 6885 6887 6886
f 6878 6876 6882
f 6877 6876 6878
f 6882 6876 6885
f 6887 6889 6888
f 6876 6875 6885
f 6887 6890 6889
f 6874 6873 6875
f 6890 6894 6891
f 6891 6894 6892
f 6892 6894 6893
f 6873 6870 6875
f 6871 6870 6872
f 6872 6870 6873
f 6894 6896 6895
f 6869 6868 6870
f 6890 6897 6894
f 6894 6897 6896
f 6870 6867 6875
f 6868 6867 6870
f 6887 6898 6890
f 6875 6898 6885
f 6890 6898 6897
f 6885 6898 6887
f 6867 6866 6875
f 6875 6866 6898
f 6866 2198 2199
f 2199 2202 6866
f 6866 2196 2198
f 2202 2204 6866
f 6866 2193 2196
f 2204 2205 6866
f 6866 2191 2193
f 6866 2208 6898
f 2205 2208 6866
f 6866 2189 2191
f 2208 2166 6898
f 6866 2187 2189
f 6866 2185 2187
f 6866 2183 2185
f 6866 2181 2183
f 6866 2179 2181
f 6866 2177 2179
f 6866 2175 2177
f 6866 2173 2175
f 6866 2171 2173
f 6866 2169 2171
f 6866 2167 2169
f 2166 2123 6898
f 2123 2125 6898
f 2125 2127 6898
f 2127 2129 6898
f 2129 2131 6898
f 2131 2133 6898
f 2133 2135 6898
f 2135 2137 6898
f 2137 2139 6898
f 2139 2141 6898
f 2141 2143 6898
f 2143 2145 6898
f 2145 2147 6898
f 2147 2149 6898
f 2149 2151 6898
f 2151 2153 6898
f 2153 2155 6898
f 2155 2157 6898
f 6866 2210 2167
f 6866 2251 2210
f 6866 2249 2251
f 6866 2247 2249
f 6866 2245 2247
f 6866 2243 2245
f 2090 473 2088
f 2092 475 2090
f 2090 475 473
f 2086 472 2084
f 2088 472 2086
f 473 472 2088
f 2094 477 2092
f 2092 477 475
f 2084 469 2082
f 472 469 2084
f 2096 479 2094
f 2094 479 477
f 2082 467 2081
f 469 467 2082
f 2098 481 2096
f 2096 481 479
f 467 465 2081
f 2100 483 2098
f 2098 483 481
f 465 463 2081
f 2102 485 2100
f 2104 485 2102
f 2100 485 483
f 463 461 2081
f 2081 461 2121
f 2104 487 485
f 2106 487 2104
f 461 459 2121
f 2108 489 2106
f 2106 489 487
f 459 457 2121
f 2110 491 2108
f 2108 491 489
f 2121 455 2163
f 457 455 2121
f 2112 493 2110
f 2110 493 491
f 455 453 2163
f 2163 453 2161
f 2114 495 2112
f 2112 495 493
f 2161 451 2159
f 453 451 2161
f 2116 498 2114
f 2118 498 2116
f 2114 498 495
f 2157 449 6898
f 2159 449 2157
f 451 449 2159
f 2118 499 498
f 2120 499 2118
f 449 447 6898
f 2078 501 2120
f 2120 501 499
f 447 445 6898
f 2078 503 501
f 445 443 6898
f 2217 4132 2215
f 2215 4134 2213
f 4132 4134 2215
f 2219 4130 2217
f 2217 4130 4132
f 2213 4136 2211
f 4134 4136 2213
f 2219 4128 4130
f 2221 4128 2219
f 4136 4138 2211
f 2223 4126 2221
f 2221 4126 4128
f 4138 4140 2211
f 2078 253 503
f 2223 4124 4126
f 2225 4124 2223
f 4140 4142 2211
f 2227 4122 2225
f 2225 4122 4124
f 4142 4144 2211
f 2227 4120 4122
f 2229 4120 2227
f 4144 4146 2211
f 443 441 6898
f 2231 4118 2229
f 2229 4118 4120
f 2211 4148 2254
f 4146 4148 2211
f 2233 4116 2231
f 2231 4116 4118
f 2078 254 253
f 4148 4150 2254
f 2235 4114 2233
f 2233 4114 4116
f 4150 4152 2254
f 2235 4112 4114
f 2237 4112 2235
f 4152 4154 2254
f 2239 4110 2237
f 2237 4110 4112
f 4154 4156 2254
f 2078 257 254
f 4156 4158 2254
f 4158 4160 2254
f 2254 4160 2295
f 2078 259 257
f 4160 4162 2295
f 2295 4162 2294
f 4162 4164 2294
f 2294 4164 2291
f 4164 4166 2291
f 2291 4166 2289
f 2033 261 2078
f 2078 261 259
f 4166 4168 2289
f 2289 4168 2288
f 4168 4170 2288
f 2288 4170 2285
f 2033 263 261
f 4170 4172 2285
f 2285 4172 2283
f 2283 4174 2281
f 4172 4174 2283
f 2033 265 263
f 2281 4176 2279
f 4174 4176 2281
f 4176 4178 2279
f 2279 4178 2277
f 2033 267 265
f 4178 4180 2277
f 2277 4180 2275
f 4180 4182 2275
f 2033 269 267
f 2033 271 269
f 2033 273 271
f 2033 275 273
f 2035 275 2033
f 2035 277 275
f 2037 277 2035
f 2039 277 2037
f 2039 279 277
f 2041 279 2039
f 2041 281 279
f 2043 281 2041
f 2045 283 2043
f 2043 283 281
f 2045 285 283
f 2047 285 2045
f 2047 287 285
f 2049 287 2047
f 4096 3760 4094
f 4098 3758 4096
f 4096 3758 3760
f 3760 3762 4094
f 4094 3762 4092
f 4098 3756 3758
f 4100 3756 4098
f 3762 3764 4092
f 4090 3764 4089
f 4092 3764 4090
f 4100 3753 3756
f 4102 3753 4100
f 3764 3659 4089
f 4102 3752 3753
f 4104 3752 4102
f 4104 3750 3752
f 4106 3750 4104
f 4106 3748 3750
f 4108 3748 4106
f 4110 3745 4108
f 4108 3745 3748
f 4110 3744 3745
f 2241 3744 2239
f 2239 3744 4110
f 2243 3742 2241
f 2241 3742 3744
f 6866 3739 2243
f 2243 3739 3742
f 6866 3738 3739
f 6866 3736 3738
f 6866 3733 3736
f 6866 3731 3733
f 6866 3730 3731
f 6866 3727 3730
f 3659 3661 4089
f 409 223 411
f 411 223 221
f 413 220 415
f 411 220 413
f 221 220 411
f 407 225 409
f 409 225 223
f 220 217 415
f 405 227 407
f 407 227 225
f 415 215 417
f 217 215 415
f 405 229 227
f 403 229 405
f 401 229 403
f 417 213 419
f 215 213 417
f 401 231 229
f 213 211 419
f 419 211 421
f 399 233 401
f 401 233 231
f 211 209 421
f 423 209 425
f 421 209 423
f 397 235 399
f 399 235 233
f 209 207 425
f 395 237 397
f 397 237 235
f 207 205 425
f 425 205 427
f 393 239 395
f 395 239 237
f 205 203 427
f 427 203 429
f 391 241 393
f 393 241 239
f 203 201 429
f 429 201 431
f 389 243 391
f 387 243 389
f 391 243 241
f 201 199 431
f 433 199 435
f 431 199 433
f 387 246 243
f 199 197 435
f 4085 3981 4188
f 4084 3981 4085
f 387 247 246
f 385 247 387
f 3981 3983 4188
f 3983 3985 4188
f 4188 3985 4185
f 435 195 437
f 197 195 435
f 3985 3987 4185
f 4185 3987 4184
f 4184 3989 4182
f 3987 3989 4184
f 2275 3989 2273
f 4182 3989 2275
f 383 249 385
f 381 249 383
f 385 249 247
f 3989 3991 2273
f 2273 3991 2271
f 3991 3993 2271
f 2271 3993 2269
f 195 193 437
f 437 193 439
f 3993 3995 2269
f 2269 3995 2267
f 381 251 249
f 3995 3997 2267
f 2267 3997 2265
f 441 191 6898
f 193 191 439
f 439 191 441
f 2265 3999 2263
f 3997 3999 2265
f 2263 4001 2261
f 3999 4001 2263
f 379 1 381
f 377 1 379
f 381 1 251
f 4001 4003 2261
f 2261 4003 2259
f 4003 4005 2259
f 2259 4005 2257
f 377 2 1
f 2257 4007 2255
f 4005 4007 2257
f 4007 4009 2255
f 375 5 377
f 377 5 2
f 4009 4011 2255
f 4011 4013 2255
f 373 7 375
f 371 7 373
f 375 7 5
f 4013 4015 2255
f 4015 4017 2255
f 371 9 7
f 4017 4019 2255
f 2255 4019 2075
f 4019 4021 2075
f 371 11 9
f 369 11 371
f 367 11 369
f 4021 4023 2075
f 4023 4025 2075
f 367 13 11
f 4025 4027 2075
f 365 15 367
f 367 15 13
f 4027 4029 2075
f 2075 4031 2073
f 4029 4031 2075
f 363 17 365
f 361 17 363
f 365 17 15
f 2073 4033 2071
f 4031 4033 2073
f 2071 4035 2069
f 4033 4035 2071
f 361 19 17
f 359 19 361
f 4035 4037 2069
f 2069 4037 2067
f 325 725 327
f 325 727 725
f 323 727 325
f 327 724 329
f 725 724 327
f 323 729 727
f 724 721 329
f 329 721 331
f 323 731 729
f 321 731 323
f 331 719 333
f 721 719 331
f 4037 4039 2067
f 321 733 731
f 319 733 321
f 317 733 319
f 333 717 335
f 719 717 333
f 359 21 19
f 317 735 733
f 335 715 337
f 717 715 335
f 317 737 735
f 315 737 317
f 313 737 315
f 337 713 339
f 715 713 337
f 313 739 737
f 339 711 341
f 713 711 339
f 313 741 739
f 311 741 313
f 309 741 311
f 357 23 359
f 359 23 21
f 341 709 343
f 711 709 341
f 309 743 741
f 307 743 309
f 343 707 345
f 709 707 343
f 307 745 743
f 305 745 307
f 345 705 347
f 707 705 345
f 305 747 745
f 347 703 349
f 705 703 347
f 303 750 305
f 301 750 303
f 305 750 747
f 703 701 349
f 349 701 351
f 299 751 301
f 301 751 750
f 353 699 355
f 351 699 353
f 701 699 351
f 297 753 299
f 299 753 751
f 699 697 355
f 297 755 753
f 295 755 297
f 697 695 355
f 357 695 23
f 355 695 357
f 295 505 755
f 695 693 23
f 23 693 25
f 295 506 505
f 293 506 295
f 291 506 293
f 693 691 25
f 291 509 506
f 289 509 291
f 691 689 25
f 25 689 27
f 289 511 509
f 689 687 27
f 29 687 31
f 27 687 29
f 289 513 511
f 287 513 289
f 2049 513 287
f 2051 513 2049
f 687 685 31
f 2051 515 513
f 2053 515 2051
f 685 683 31
f 31 683 33
f 2053 517 515
f 2055 517 2053
f 683 681 33
f 33 681 35
f 2057 519 2055
f 2055 519 517
f 681 679 35
f 37 679 39
f 35 679 37
f 2057 521 519
f 2059 521 2057
f 679 677 39
f 39 677 41
f 2059 523 521
f 2061 523 2059
f 677 675 41
f 2061 525 523
f 2063 525 2061
f 2065 525 2063
f 675 673 41
f 41 673 43
f 2065 527 525
f 2067 527 2065
f 673 671 43
f 43 671 45
f 2067 529 527
f 671 669 45
f 47 669 49
f 45 669 47
f 669 667 49
f 667 665 49
f 51 665 53
f 49 665 51
f 665 663 53
f 663 661 53
f 53 661 55
f 55 659 57
f 661 659 55
f 57 657 59
f 659 657 57
f 657 655 59
f 61 655 63
f 59 655 61
f 655 653 63
f 63 653 65
f 653 651 65
f 65 651 67
f 651 649 67
f 67 647 69
f 649 647 67
f 71 645 73
f 69 645 71
f 647 645 69
f 73 643 75
f 645 643 73
f 643 641 75
f 641 639 75
f 77 639 79
f 75 639 77
f 639 637 79
f 637 635 79
f 81 635 83
f 79 635 81
f 3663 3767 3765
f 3665 3869 3663
f 3663 3869 3767
f 635 633 83
f 3665 3867 3869
f 3667 3867 3665
f 3667 3866 3867
f 3669 3866 3667
f 85 631 87
f 83 631 85
f 633 631 83
f 3669 3864 3866
f 3671 3864 3669
f 631 629 87
f 3673 3861 3671
f 3671 3861 3864
f 629 627 87
f 87 627 89
f 3673 3859 3861
f 3675 3859 3673
f 627 625 89
f 89 625 91
f 625 623 91
f 91 623 93
f 3978 3877 3979
f 3877 3878 3979
f 3979 3878 4082
f 3878 3880 4082
f 4082 3880 4080
f 3880 3882 4080
f 4080 3882 4077
f 3882 3884 4077
f 4077 3884 4075
f 3769 3874 3871
f 3771 3874 3769
f 3771 3976 3874
f 3771 3974 3976
f 3773 3974 3771
f 3773 3972 3974
f 3775 3972 3773
f 3777 3970 3775
f 3775 3970 3972
f 3777 3968 3970
f 3779 3968 3777
f 3779 3966 3968
f 3781 3966 3779
f 159 1025 161
f 1025 1027 161
f 161 1027 163
f 159 1023 1025
f 159 1021 1023
f 157 1021 159
f 1027 1029 163
f 163 1029 165
f 157 1019 1021
f 155 1019 157
f 165 1031 167
f 1029 1031 165
f 155 1017 1019
f 153 1017 155
f 167 1034 169
f 1031 1034 167
f 151 1015 153
f 153 1015 1017
f 169 1035 171
f 1034 1035 169
f 149 1013 151
f 151 1013 1015
f 171 1037 173
f 1035 1037 171
f 1037 1039 173
f 173 1039 175
f 147 1011 149
f 149 1011 1013
f 147 1009 1011
f 145 1009 147
f 175 1041 177
f 1039 1041 175
f 145 1007 1009
f 177 1044 179
f 1041 1044 177
f 145 1005 1007
f 143 1005 145
f 1044 1046 179
f 4041 1814 4039
f 4041 1812 1814
f 4043 1812 4041
f 4045 1812 4043
f 1814 1816 4039
f 2067 1816 529
f 4039 1816 2067
f 4045 1810 1812
f 4047 1810 4045
f 143 1003 1005
f 141 1003 143
f 179 1048 181
f 1046 1048 179
f 1816 1818 529
f 531 1818 533
f 529 1818 531
f 4047 1808 1810
f 4049 1808 4047
f 4051 1808 4049
f 141 1001 1003
f 139 1001 141
f 1048 1050 181
f 181 1050 183
f 1818 1820 533
f 533 1820 535
f 139 999 1001
f 137 999 139
f 4053 1806 4051
f 4051 1806 1808
f 535 1822 537
f 1820 1822 535
f 135 997 137
f 137 997 999
f 4053 1804 1806
f 4055 1804 4053
f 4057 1804 4055
f 135 995 997
f 539 1824 541
f 537 1824 539
f 1822 1824 537
f 133 993 135
f 131 993 133
f 129 993 131
f 127 993 129
f 125 993 127
f 123 993 125
f 121 993 123
f 119 993 121
f 135 993 995
f 4057 1802 1804
f 4060 1802 4057
f 1824 1826 541
f 541 1826 543
f 4060 1800 1802
f 4061 1800 4060
f 4063 1800 4061
f 1826 1828 543
f 543 1828 545
f 4063 1798 1800
f 4066 1798 4063
f 4067 1798 4066
f 547 1830 549
f 545 1830 547
f 1828 1830 545
f 4067 1796 1798
f 4069 1796 4067
f 3697 4290 3695
f 3697 4292 4290
f 3699 4292 3697
f 4290 4288 3695
f 3695 4288 3693
f 3693 4286 3691
f 4288 4286 3693
f 3699 4294 4292
f 3701 4294 3699
f 4286 4284 3691
f 3691 4284 3689
f 3701 4296 4294
f 3703 4296 3701
f 3689 4282 3687
f 4284 4282 3689
f 3703 4297 4296
f 3705 4297 3703
f 1830 1832 549
f 549 1832 551
f 3705 4300 4297
f 3707 4300 3705
f 4282 4280 3687
f 3687 4280 3685
f 4280 4278 3685
f 3685 4278 3683
f 3709 4302 3707
f 3707 4302 4300
f 3683 4276 3681
f 4278 4276 3683
f 3709 4304 4302
f 3711 4304 3709
f 4069 1794 1796
f 4071 1794 4069
f 4073 1794 4071
f 4276 4274 3681
f 3681 4274 3679
f 3713 4306 3711
f 3711 4306 4304
f 3679 4272 3677
f 4274 4272 3679
f 3713 4307 4306
f 3715 4307 3713
f 1832 1834 551
f 551 1834 553
f 3859 4270 3857
f 3677 4270 3675
f 4272 4270 3677
f 3675 4270 3859
f 3715 4309 4307
f 3717 4309 3715
f 3857 4268 3855
f 4270 4268 3857
f 3717 4311 4309
f 3720 4311 3717
f 3884 1792 4075
f 4073 1792 1794
f 4075 1792 4073
f 4268 4266 3855
f 3855 4266 3853
f 3720 4313 4311
f 4266 4264 3853
f 3853 4264 3851
f 555 1836 557
f 553 1836 555
f 1834 1836 553
f 4264 4262 3851
f 3851 4262 3849
f 4262 4260 3849
f 3849 4260 3847
f 3886 1790 3884
f 3888 1790 3886
f 3884 1790 1792
f 4260 4257 3847
f 3841 4257 3839
f 3843 4257 3841
f 3845 4257 3843
f 3847 4257 3845
f 557 1838 559
f 1836 1838 557
f 3888 1788 1790
f 3890 1788 3888
f 1838 1840 559
f 561 1840 563
f 559 1840 561
f 3892 1786 3890
f 3894 1786 3892
f 3890 1786 1788
f 563 1842 565
f 1840 1842 563
f 3896 1784 3894
f 3898 1784 3896
f 3894 1784 1786
f 567 1844 569
f 565 1844 567
f 1842 1844 565
f 3898 1783 1784
f 3900 1783 3898
f 569 1846 571
f 1844 1846 569
f 3900 2032 1783
f 3902 2032 3900
f 3904 2032 3902
f 1846 1848 571
f 573 1848 575
f 571 1848 573
f 3906 2030 3904
f 3908 2030 3906
f 3904 2030 2032
f 575 1850 577
f 1848 1850 575
f 3908 2028 2030
f 3910 2028 3908
f 3912 2028 3910
f 577 1852 579
f 1850 1852 577
f 3914 2025 3912
f 3916 2025 3914
f 3912 2025 2028
f 930 927 931
f 581 1854 583
f 579 1854 581
f 1852 1854 579
f 3916 2024 2025
f 3918 2024 3916
f 927 926 931
f 1854 1856 583
f 583 1856 585
f 926 924 931
f 3920 2022 3918
f 3922 2022 3920
f 3918 2022 2024
f 3833 4255 3831
f 3835 4255 3833
f 3837 4255 3835
f 3839 4255 3837
f 4257 4255 3839
f 3831 4253 3829
f 4255 4253 3831
f 924 922 931
f 3829 4252 3827
f 4253 4252 3829
f 587 1858 589
f 585 1858 587
f 1856 1858 585
f 3827 4249 3825
f 4252 4249 3827
f 3825 4247 3823
f 4249 4247 3825
f 922 920 931
f 3922 2020 2022
f 3924 2020 3922
f 3926 2020 3924
f 3823 4245 3821
f 4247 4245 3823
f 4245 4243 3821
f 3821 4243 3819
f 589 1860 591
f 1858 1860 589
f 3819 4241 3817
f 4243 4241 3819
f 920 918 931
f 3817 4240 3815
f 4241 4240 3817
f 3926 2018 2020
f 3928 2018 3926
f 918 915 931
f 591 1862 593
f 1860 1862 591
f 3928 2016 2018
f 3930 2016 3928
f 3932 2016 3930
f 595 1864 597
f 593 1864 595
f 1862 1864 593
f 915 912 931
f 914 912 915
f 3932 2014 2016
f 3934 2014 3932
f 3936 2014 3934
f 912 910 931
f 597 1866 599
f 1864 1866 597
f 910 908 931
f 3936 2012 2014
f 3938 2012 3936
f 119 1058 993
f 117 1058 119
f 115 1058 117
f 113 1058 115
f 111 1058 113
f 109 1058 111
f 107 1058 109
f 105 1058 107
f 103 1122 105
f 105 1122 1058
f 908 906 931
f 599 1868 601
f 1866 1868 599
f 101 1119 103
f 103 1119 1122
f 99 1118 101
f 101 1118 1119
f 99 1116 1118
f 97 1116 99
f 3938 2010 2012
f 3940 2010 3938
f 3942 2010 3940
f 906 904 931
f 97 1114 1116
f 95 1114 97
f 95 1112 1114
f 93 1112 95
f 93 1110 1112
f 623 1110 93
f 621 1110 623
f 603 1870 605
f 601 1870 603
f 1868 1870 601
f 904 902 931
f 621 1107 1110
f 619 1107 621
f 619 1105 1107
f 3942 2008 2010
f 3944 2008 3942
f 3946 2008 3944
f 617 1103 619
f 619 1103 1105
f 615 1101 617
f 617 1101 1103
f 613 1100 615
f 615 1100 1101
f 605 1872 607
f 1870 1872 605
f 611 1097 613
f 613 1097 1100
f 902 898 931
f 900 898 902
f 609 1095 611
f 611 1095 1097
f 3946 2006 2008
f 3948 2006 3946
f 609 1093 1095
f 607 1874 609
f 1093 1874 1091
f 1872 1874 607
f 609 1874 1093
f 3948 2004 2006
f 3950 2004 3948
f 3952 2004 3950
f 1091 1876 1089
f 1874 1876 1091
f 898 892 931
f 896 892 898
f 894 892 896
f 3952 2002 2004
f 3954 2002 3952
f 892 890 931
f 1876 1878 1089
f 3956 1999 3954
f 3954 1999 2002
f 890 884 931
f 888 884 890
f 886 884 888
f 882 879 884
f 879 878 884
f 884 878 931
f 4218 4543 4220
f 4216 4545 4218
f 4214 4545 4216
f 4218 4545 4543
f 4220 4542 4222
f 4543 4542 4220
f 4212 4547 4214
f 4214 4547 4545
f 4224 4539 4226
f 4222 4539 4224
f 4542 4539 4222
f 4210 4549 4212
f 4208 4549 4210
f 4212 4549 4547
f 4539 4537 4226
f 4226 4537 4228
f 4208 4551 4549
f 4206 4551 4208
f 4537 4535 4228
f 4228 4535 4230
f 4204 4553 4206
f 4202 4553 4204
f 4206 4553 4551
f 878 874 931
f 876 874 878
f 4535 4533 4230
f 4231 4533 4234
f 4230 4533 4231
f 4200 4555 4202
f 4202 4555 4553
f 4234 4531 4236
f 4533 4531 4234
f 967 788 965
f 969 786 967
f 967 786 788
f 965 790 963
f 788 790 965
f 4198 4557 4200
f 4196 4557 4198
f 4200 4557 4555
f 971 784 969
f 969 784 786
f 963 792 961
f 790 792 963
f 971 782 784
f 973 782 971
f 961 794 959
f 792 794 961
f 975 780 973
f 973 780 782
f 959 796 957
f 794 796 959
f 4236 4529 4238
f 4531 4529 4236
f 977 778 975
f 975 778 780
f 957 798 955
f 796 798 957
f 980 776 977
f 977 776 778
f 798 800 955
f 955 800 953
f 4194 4559 4196
f 4196 4559 4557
f 981 774 980
f 980 774 776
f 800 802 953
f 953 802 951
f 4529 4527 4238
f 4240 4527 3815
f 4238 4527 4240
f 981 772 774
f 983 772 981
f 802 804 951
f 951 804 949
f 985 770 983
f 983 770 772
f 4190 4561 4194
f 4194 4561 4559
f 804 806 949
f 949 806 947
f 988 768 985
f 985 768 770
f 3813 4525 3811
f 3815 4525 3813
f 4527 4525 3815
f 806 808 947
f 947 808 945
f 872 870 874
f 990 766 988
f 988 766 768
f 4190 4563 4561
f 931 764 990
f 990 764 766
f 4525 4523 3811
f 3811 4523 3809
f 931 763 764
f 4190 4565 4563
f 874 868 931
f 870 868 874
f 3809 4521 3807
f 4523 4521 3809
f 4190 4568 4565
f 868 866 931
f 3807 4519 3805
f 4521 4519 3807
f 189 5894 191
f 187 5894 189
f 185 5894 187
f 183 5894 185
f 933 5894 992
f 191 5894 6898
f 1050 5894 183
f 809 5894 808
f 812 5894 809
f 814 5894 812
f 815 5894 814
f 817 5894 815
f 759 5894 817
f 1052 5894 1050
f 1053 5894 1052
f 1056 5894 1053
f 992 5894 1056
f 808 5894 945
f 935 5894 933
f 937 5894 935
f 939 5894 937
f 941 5894 939
f 943 5894 941
f 945 5894 943
f 4319 6412 4321
f 4318 6412 4319
f 4315 6412 4318
f 4313 6412 4315
f 3720 6412 4313
f 4690 6412 4691
f 4688 6412 4690
f 4686 6412 4688
f 4684 6412 4686
f 4681 6412 4684
f 4680 6412 4681
f 4678 6412 4680
f 4676 6412 4678
f 4674 6412 4676
f 4672 6412 4674
f 4670 6412 4672
f 4668 6412 4670
f 4666 6412 4668
f 4664 6412 4666
f 4662 6412 4664
f 4660 6412 4662
f 4658 6412 4660
f 4656 6412 4658
f 4654 6412 4656
f 4652 6412 4654
f 4650 6412 4652
f 4648 6412 4650
f 4646 6412 4648
f 4321 6412 4639
f 4644 6412 4646
f 4639 6412 4644
f 6866 6412 3727
f 3721 6412 3720
f 3723 6412 3721
f 3725 6412 3723
f 3727 6412 3725
f 4190 4569 4568
f 763 822 820
f 6411 6410 6412
f 866 864 931
f 4519 4517 3805
f 3805 4517 3803
f 5894 5897 5895
f 5895 5897 5896
f 5894 5898 5897
f 4190 4571 4569
f 6408 6407 6409
f 6409 6407 6410
f 6410 6407 6412
f 864 862 931
f 3801 4515 3799
f 3803 4515 3801
f 4517 4515 3803
f 5898 5900 5899
f 5894 5901 5898
f 5898 5901 5900
f 6406 6405 6407
f 763 826 822
f 822 826 824
f 931 826 763
f 4190 4573 4571
f 6405 6404 6407
f 6407 6404 6412
f 5894 5903 5901
f 5901 5903 5902
f 6404 6403 6412
f 3799 4513 3797
f 4515 4513 3799
f 6403 6402 6412
f 860 858 862
f 4190 4323 4573
f 4189 4323 4190
f 5894 5905 5903
f 5903 5905 5904
f 6402 6401 6412
f 6401 6400 6412
f 858 856 862
f 862 856 931
f 3797 4511 3795
f 4513 4511 3797
f 5894 5907 5905
f 5905 5907 5906
f 828 832 830
f 826 832 828
f 856 854 931
f 5894 5908 5907
f 6399 6398 6400
f 6400 6398 6412
f 4189 4324 4323
f 826 834 832
f 826 836 834
f 3795 4509 3793
f 4511 4509 3795
f 852 850 854
f 6397 6396 6398
f 6398 6396 6412
f 850 848 854
f 5894 5911 5908
f 5908 5911 5909
f 5909 5911 5910
f 836 840 838
f 854 846 931
f 848 846 854
f 836 842 840
f 931 842 826
f 826 842 836
f 931 844 842
f 846 844 931
f 4189 4327 4324
f 5894 5912 5911
f 759 760 5894
f 6394 6393 6395
f 6395 6393 6396
f 6396 6393 6412
f 3791 4507 3789
f 3793 4507 3791
f 4509 4507 3793
f 760 1191 5894
f 5894 5914 5912
f 5912 5914 5913
f 6393 6392 6412
f 6392 6391 6412
f 1191 1193 5894
f 4189 4329 4327
f 5914 5916 5915
f 6391 6390 6412
f 1193 1195 5894
f 6390 6389 6412
f 3789 4505 3787
f 4507 4505 3789
f 5916 5918 5917
f 1195 1197 5894
f 6388 6387 6389
f 6389 6387 6412
f 5894 5919 5914
f 5914 5919 5916
f 5916 5919 5918
f 4189 4331 4329
f 1197 1199 5894
f 3787 4503 3785
f 4505 4503 3787
f 5894 5922 5919
f 5919 5922 5920
f 5920 5922 5921
f 6385 6384 6386
f 1199 1201 5894
f 6386 6383 6387
f 6384 6383 6386
f 6387 6383 6412
f 4189 4333 4331
f 1201 1203 5894
f 5922 5925 5923
f 5923 5925 5924
f 5894 5926 5922
f 5922 5926 5925
f 6381 6380 6382
f 6382 6380 6383
f 4703 6380 4641
f 4702 6380 4703
f 4699 6380 4702
f 4697 6380 4699
f 4695 6380 4697
f 4693 6380 4695
f 4691 6380 4693
f 4641 6380 4576
f 6383 6380 6412
f 4582 6380 4584
f 4580 6380 4582
f 4578 6380 4580
f 4576 6380 4578
f 6412 6380 4691
f 4503 4501 3785
f 3785 4501 3783
f 1203 1205 5894
f 1205 1207 5894
f 4189 4335 4333
f 1207 1209 5894
f 4501 4499 3783
f 3781 4499 3966
f 3966 4499 3964
f 3783 4499 3781
f 1209 1211 5894
f 4637 4337 4189
f 4189 4337 4335
f 1211 1213 5894
f 4499 4497 3964
f 3964 4497 3962
f 1213 1215 5894
f 5894 1215 5926
f 4637 4339 4337
f 4636 4339 4637
f 1215 1217 5926
f 4497 4495 3962
f 3962 4495 3960
f 1217 1219 5926
f 4633 4341 4636
f 4631 4341 4633
f 4636 4341 4339
f 1219 1221 5926
f 4495 4493 3960
f 3958 4493 3956
f 3960 4493 3958
f 1221 1223 5926
f 1223 1225 5926
f 4631 4343 4341
f 4629 4343 4631
f 1225 1227 5926
f 4493 4491 3956
f 1227 1230 5926
f 4629 4345 4343
f 4627 4345 4629
f 4625 4345 4627
f 1230 1231 5926
f 1231 1233 5926
f 4625 4347 4345
f 4624 4347 4625
f 1233 1235 5926
f 1235 1237 5926
f 1237 1240 5926
f 4622 4349 4624
f 4624 4349 4347
f 4620 4349 4622
f 1240 1242 5926
f 1242 1244 5926
f 1244 1246 5926
f 4620 4351 4349
f 4618 4351 4620
f 1246 1248 5926
f 1248 1249 5926
f 1249 1252 5926
f 4618 4353 4351
f 4615 4353 4618
f 4614 4353 4615
f 1252 1189 5926
f 4612 4355 4614
f 4614 4355 4353
f 4612 4357 4355
f 4610 4357 4612
f 4610 4359 4357
f 4608 4359 4610
f 4606 4359 4608
f 4606 4361 4359
f 4604 4361 4606
f 4604 4363 4361
f 4602 4363 4604
f 4600 4365 4602
f 4598 4365 4600
f 4602 4365 4363
f 4598 4367 4365
f 4596 4367 4598
f 4594 4369 4596
f 4596 4369 4367
f 4594 4371 4369
f 4592 4371 4594
f 4590 4373 4592
f 4592 4373 4371
f 4588 4375 4590
f 4590 4375 4373
f 4586 4375 4588
f 6380 4377 4584
f 4584 4377 4586
f 4586 4377 4375
f 6380 4379 4377
f 6380 4381 4379
f 6380 4383 4381
f 6380 4385 4383
f 6380 4387 4385
f 6380 4389 4387
f 6380 4391 4389
f 6380 4393 4391
f 6380 4395 4393
f 1189 1125 5926
f 1125 1127 5926
f 1127 1129 5926
f 1129 1131 5926
f 1131 1133 5926
f 1880 1422 1420
f 1882 1422 1880
f 1880 1418 1878
f 1420 1418 1880
f 1884 1424 1882
f 1882 1424 1422
f 1878 1416 1089
f 1089 1416 1087
f 1418 1416 1878
f 1087 1414 1085
f 1416 1414 1087
f 1884 1426 1424
f 1886 1427 1884
f 1884 1427 1426
f 1085 1412 1083
f 1414 1412 1085
f 1888 1430 1886
f 1886 1430 1427
f 1083 1410 1081
f 1412 1410 1083
f 1410 1408 1081
f 1081 1408 1079
f 1888 1432 1430
f 1890 1434 1888
f 1888 1434 1432
f 1079 1406 1077
f 1408 1406 1079
f 1077 1404 1075
f 1406 1404 1077
f 1890 1436 1434
f 1892 1437 1890
f 1890 1437 1436
f 1075 1402 1073
f 1404 1402 1075
f 1402 1400 1073
f 1073 1400 1071
f 1894 1439 1892
f 1892 1439 1437
f 1894 1441 1439
f 1071 1398 1069
f 1400 1398 1071
f 1894 1443 1441
f 1896 1443 1894
f 1069 1396 1067
f 1398 1396 1069
f 1896 1445 1443
f 1067 1394 1065
f 1396 1394 1067
f 1896 1448 1445
f 1898 1448 1896
f 1065 1392 1063
f 1394 1392 1065
f 1392 1390 1063
f 1898 1449 1448
f 1900 1449 1898
f 1061 1388 1059
f 1063 1388 1061
f 1390 1388 1063
f 1900 1451 1449
f 1902 1451 1900
f 1904 1451 1902
f 1906 1451 1904
f 4483 2321 4485
f 2321 2322 4485
f 4485 2322 4487
f 4483 2320 2321
f 4487 2324 4489
f 2322 2324 4487
f 4481 2318 4483
f 4483 2318 2320
f 2324 2325 4489
f 4479 2317 4481
f 4481 2317 2318
f 3956 2326 1999
f 2325 2326 4489
f 4489 2326 4491
f 4491 2326 3956
f 4477 2316 4479
f 4479 2316 2317
f 1999 2327 1998
f 2326 2327 1999
f 4477 2315 2316
f 4475 2315 4477
f 2327 2329 1998
f 4475 2313 2315
f 1998 2330 1996
f 2329 2330 1998
f 4473 2312 4475
f 4475 2312 2313
f 2330 2331 1996
f 4471 2311 4473
f 4473 2311 2312
f 1996 2333 1994
f 2331 2333 1996
f 4471 2310 2311
f 4469 2310 4471
f 1994 2334 1992
f 2333 2334 1994
f 4469 2308 2310
f 4467 2308 4469
f 4465 2307 4467
f 4467 2307 2308
f 1992 2335 1990
f 2334 2335 1992
f 4465 2306 2307
f 4463 2306 4465
f 2335 2337 1990
f 4461 2304 4463
f 4463 2304 2306
f 4461 2303 2304
f 1990 2338 1988
f 2337 2338 1990
f 4459 2302 4461
f 4461 2302 2303
f 1988 2342 1986
f 2338 2342 1988
f 4459 2301 2302
f 4457 2301 4459
f 1986 2341 1984
f 2342 2341 1986
f 4455 2300 4457
f 4457 2300 2301
f 4453 2298 4455
f 4455 2298 2300
f 1984 2340 1982
f 2341 2340 1984
f 4453 2299 2298
f 4451 2299 4453
f 2340 2352 1982
f 4449 2709 4451
f 4451 2709 2299
f 4447 2708 4449
f 4449 2708 2709
f 1982 2353 1980
f 2352 2353 1982
f 4447 2707 2708
f 4447 2706 2707
f 4445 2706 4447
f 2353 2360 1980
f 1980 2360 1978
f 4445 2705 2706
f 4443 2705 4445
f 1978 2361 1976
f 2360 2361 1978
f 4443 2699 2705
f 4441 2699 4443
f 2361 2362 1976
f 4439 2698 4441
f 4441 2698 2699
f 4437 2697 4439
f 4439 2697 2698
f 1976 2368 1974
f 2362 2368 1976
f 4435 2691 4437
f 4437 2691 2697
f 1974 2369 1972
f 2368 2369 1974
f 4435 2690 2691
f 4433 2690 4435
f 1972 2375 1970
f 2369 2375 1972
f 4433 2689 2690
f 4431 2689 4433
f 1970 2376 1968
f 2375 2376 1970
f 4429 2688 4431
f 4431 2688 2689
f 2376 2377 1968
f 4427 2686 4429
f 4429 2686 2688
f 1908 1455 1906
f 1910 1455 1908
f 1912 1455 1910
f 1914 1455 1912
f 1906 1455 1451
f 1388 1453 1059
f 1914 1458 1455
f 1453 1779 1059
f 1914 1460 1458
f 1916 1460 1914
f 1779 1778 1059
f 1916 1462 1460
f 1918 1462 1916
f 1778 1775 1059
f 4427 2685 2686
f 4425 2685 4427
f 1968 2382 1966
f 2377 2382 1968
f 1918 1464 1462
f 1775 1773 1059
f 1918 1466 1464
f 1920 1466 1918
f 1773 1771 1059
f 1920 1468 1466
f 1920 1470 1468
f 1922 1470 1920
f 4425 2684 2685
f 4423 2684 4425
f 1922 1472 1470
f 1924 1472 1922
f 1966 2383 1964
f 2382 2383 1966
f 1924 1474 1472
f 1926 1476 1924
f 1924 1476 1474
f 4423 2677 2684
f 4421 2677 4423
f 1926 1478 1476
f 1926 1480 1478
f 1928 1480 1926
f 1964 2389 1962
f 2383 2389 1964
f 1928 1482 1480
f 1930 1482 1928
f 1930 1484 1482
f 4421 2676 2677
f 4419 2676 4421
f 1930 1486 1484
f 1932 1486 1930
f 1932 1488 1486
f 1934 1488 1932
f 2389 2390 1962
f 1934 1490 1488
f 1934 1492 1490
f 1936 1492 1934
f 4419 2670 2676
f 4417 2670 4419
f 1936 1494 1492
f 1938 1494 1936
f 1938 1495 1494
f 1962 2391 1960
f 2390 2391 1962
f 4417 2669 2670
f 4415 2669 4417
f 1960 2400 1958
f 2391 2400 1960
f 4415 2668 2669
f 4413 2668 4415
f 4411 2668 4413
f 2400 2401 1958
f 1958 2401 1956
f 4411 2662 2668
f 4409 2662 4411
f 2401 2402 1956
f 1956 2402 1954
f 4409 2661 2662
f 4407 2661 4409
f 2402 2407 1954
f 4407 2659 2661
f 4405 2659 4407
f 2407 2408 1954
f 1954 2408 1952
f 4403 2658 4405
f 4405 2658 2659
f 2408 2409 1952
f 1952 2409 1950
f 4403 2652 2658
f 2409 2415 1950
f 1950 2415 1948
f 1748 1556 1750
f 1748 1558 1556
f 1556 1554 1750
f 1752 1554 1754
f 1750 1554 1752
f 1746 1560 1748
f 1748 1560 1558
f 1554 1552 1754
f 1552 1550 1754
f 1754 1550 1756
f 1744 1562 1746
f 1746 1562 1560
f 1742 1563 1744
f 1740 1563 1742
f 1744 1563 1562
f 1550 1548 1756
f 1756 1548 1757
f 1740 1566 1563
f 1548 1546 1757
f 1760 1546 1762
f 1757 1546 1760
f 1738 1568 1740
f 1736 1568 1738
f 1740 1568 1566
f 1546 1544 1762
f 1734 1570 1736
f 1736 1570 1568
f 1544 1542 1762
f 1764 1542 1766
f 1762 1542 1764
f 4403 2651 2652
f 4401 2651 4403
f 1542 1540 1766
f 1766 1540 1767
f 1734 1572 1570
f 1732 1573 1734
f 1734 1573 1572
f 1540 1538 1767
f 1769 1536 1771
f 1767 1536 1769
f 1538 1536 1767
f 1730 1575 1732
f 1732 1575 1573
f 1728 1577 1730
f 1730 1577 1575
f 1536 1534 1771
f 1771 1534 1059
f 1726 1579 1728
f 1728 1579 1577
f 1059 1532 1124
f 1534 1532 1059
f 2415 2417 1948
f 1948 2417 1946
f 1724 1581 1726
f 1726 1581 1579
f 1532 1530 1124
f 1722 1584 1724
f 1720 1584 1722
f 1724 1584 1581
f 1530 1528 1124
f 1528 1526 1124
f 1720 1585 1584
f 4401 2649 2651
f 4399 2649 4401
f 1526 1524 1124
f 1717 1587 1720
f 1720 1587 1585
f 2417 2418 1946
f 4397 2648 4399
f 4399 2648 2649
f 2418 2423 1946
f 1946 2423 1944
f 4397 2647 2648
f 4395 2647 4397
f 2423 2424 1944
f 1944 2424 1942
f 4395 2637 2647
f 6380 2637 4395
f 2424 2430 1942
f 1942 2430 1940
f 6380 2638 2637
f 2430 2432 1940
f 6380 2639 2638
f 6380 2629 2639
f 6380 2628 2629
f 6380 2627 2628
f 6380 2620 2627
f 1717 1254 1587
f 1715 1254 1717
f 1524 1651 1124
f 1124 1651 1188
f 1715 1256 1254
f 1713 1256 1715
f 1712 1256 1713
f 1651 1649 1188
f 1188 1649 1185
f 1709 1258 1712
f 1712 1258 1256
f 1649 1648 1185
f 1185 1648 1184
f 1709 1260 1258
f 1648 1645 1184
f 1184 1645 1182
f 1709 1262 1260
f 1707 1262 1709
f 1645 1643 1182
f 1182 1643 1180
f 1707 1264 1262
f 1705 1264 1707
f 1643 1641 1180
f 1180 1641 1178
f 1705 1266 1264
f 1703 1266 1705
f 1701 1266 1703
f 1641 1639 1178
f 1178 1639 1176
f 1701 1268 1266
f 1639 1637 1176
f 1176 1637 1173
f 1701 1270 1268
f 1700 1270 1701
f 1173 1636 1171
f 1637 1636 1173
f 1700 1272 1270
f 1698 1272 1700
f 1636 1634 1171
f 1171 1634 1169
f 1698 1274 1272
f 1696 1274 1698
f 1634 1632 1169
f 1169 1632 1167
f 1696 1276 1274
f 1694 1276 1696
f 1632 1630 1167
f 1167 1630 1166
f 1694 1278 1276
f 1691 1278 1694
f 1630 1627 1166
f 1166 1627 1163
f 1691 1280 1278
f 1690 1280 1691
f 1627 1626 1163
f 1163 1626 1161
f 1161 1624 1159
f 1626 1624 1161
f 1690 1282 1280
f 1688 1282 1690
f 1688 1284 1282
f 1686 1284 1688
f 1624 1622 1159
f 1159 1622 1157
f 1157 1620 1155
f 1622 1620 1157
f 1686 1286 1284
f 1684 1286 1686
f 1620 1618 1155
f 1155 1618 1153
f 1684 1288 1286
f 1682 1288 1684
f 1153 1616 1151
f 1618 1616 1153
f 1682 1290 1288
f 1680 1290 1682
f 1616 1614 1151
f 1151 1614 1149
f 1680 1292 1290
f 1678 1292 1680
f 1614 1612 1149
f 1149 1612 1147
f 1676 1293 1678
f 1674 1293 1676
f 1678 1293 1292
f 1147 1610 1145
f 1612 1610 1147
f 1674 1296 1293
f 1145 1608 1143
f 1610 1608 1145
f 1672 1298 1674
f 1670 1298 1672
f 1674 1298 1296
f 1608 1606 1143
f 1143 1606 1141
f 1670 1300 1298
f 1141 1604 1139
f 1606 1604 1141
f 1668 1302 1670
f 1670 1302 1300
f 1604 1602 1139
f 1139 1602 1137
f 1666 1303 1668
f 1664 1303 1666
f 1668 1303 1302
f 1602 1600 1137
f 1137 1600 1135
f 1664 1305 1303
f 1133 1598 5926
f 1135 1598 1133
f 1600 1598 1135
f 1662 1307 1664
f 1664 1307 1305
f 1598 1596 5926
f 1596 1594 5926
f 1594 1592 5926
f 1592 1590 5926
f 1590 1385 5926
f 1385 1383 5926
f 1938 4873 1495
f 1938 4871 4873
f 2433 4871 2432
f 2432 4871 1940
f 1940 4871 1938
f 4873 4875 1495
f 1495 4875 1498
f 2433 4869 4871
f 4875 4877 1498
f 1498 4877 1500
f 4877 4879 1500
f 1500 4879 1502
f 2433 4867 4869
f 2438 4867 2433
f 2438 4865 4867
f 2439 4865 2438
f 1502 4882 1504
f 4879 4882 1502
f 2439 4863 4865
f 2445 4863 2439
f 1504 4883 1505
f 4882 4883 1504
f 4883 4885 1505
f 1505 4885 1507
f 2445 4861 4863
f 2446 4861 2445
f 4885 4887 1507
f 1507 4887 1509
f 2448 4859 2446
f 2446 4859 4861
f 2448 4857 4859
f 1509 4889 1511
f 4887 4889 1509
f 2449 4855 2448
f 2448 4855 4857
f 1511 4892 1513
f 4889 4892 1511
f 2454 4853 2449
f 2449 4853 4855
f 1513 4894 1516
f 4892 4894 1513
f 2454 4851 4853
f 2455 4851 2454
f 4894 4896 1516
f 1516 4896 1517
f 2455 4849 4851
f 2461 4849 2455
f 4896 4898 1517
f 1517 4898 1519
f 2461 4847 4849
f 4898 4900 1519
f 2462 4845 2461
f 2461 4845 4847
f 4900 4901 1519
f 2464 4843 2462
f 2462 4843 4845
f 4901 4904 1519
f 2464 4841 4843
f 2465 4841 2464
f 2472 4841 2465
f 2473 4841 2472
f 2474 4841 2473
f 2476 4841 2474
f 2477 4841 2476
f 2482 4841 2477
f 1660 4840 1662
f 1658 4840 1660
f 1656 4840 1658
f 1654 4840 1656
f 1521 4840 1654
f 1662 4840 1307
f 4904 4840 1519
f 1519 4840 1521
f 1307 4840 1309
f 2483 4906 2482
f 2484 4906 2483
f 2489 4906 2484
f 2490 4906 2489
f 2494 4906 2490
f 2495 4906 2494
f 2496 4906 2495
f 2482 4906 4841
f 2496 4968 4906
f 2501 4968 2496
f 2501 4965 4968
f 2502 4965 2501
f 2502 4964 4965
f 2508 4962 2502
f 2502 4962 4964
f 2509 4960 2508
f 2508 4960 4962
f 2510 4958 2509
f 2509 4958 4960
f 2515 4956 2510
f 2510 4956 4958
f 2515 4953 4956
f 2516 4953 2515
f 2522 4951 2516
f 2516 4951 4953
f 2522 4949 4951
f 2523 4949 2522
f 2524 4947 2523
f 2529 4947 2524
f 2523 4947 4949
f 2529 4946 4947
f 2530 4946 2529
f 2530 4943 4946
f 2536 4943 2530
f 2536 4941 4943
f 2537 4941 2536
f 2537 4939 4941
f 2538 4939 2537
f 2543 4937 2538
f 2538 4937 4939
f 2544 4935 2543
f 2550 4935 2544
f 2543 4935 4937
f 2550 4933 4935
f 2551 4933 2550
f 2551 4931 4933
f 2552 4931 2551
f 2552 4929 4931
f 2557 4929 2552
f 2557 4927 4929
f 2558 4927 2557
f 2558 4925 4927
f 2564 4925 2558
f 2564 4923 4925
f 2569 4923 2564
f 2569 4921 4923
f 2570 4921 2569
f 2570 4919 4921
f 2576 4919 2570
f 2577 4917 2576
f 2586 4917 2577
f 2576 4917 4919
f 2586 4915 4917
f 2587 4915 2586
f 1317 4775 1320
f 4840 4775 1309
f 1315 4775 1317
f 1314 4775 1315
f 1311 4775 1314
f 1309 4775 1311
f 4775 4777 1320
f 4777 4779 1320
f 1320 4781 1322
f 4779 4781 1320
f 1322 4783 1324
f 4781 4783 1322
f 1324 4785 1326
f 4783 4785 1324
f 1326 4787 1328
f 4785 4787 1326
f 1328 4789 1330
f 4787 4789 1328
f 4789 4791 1330
f 1330 4791 1332
f 1332 4793 1334
f 4791 4793 1332
f 4793 4795 1334
f 1334 4795 1336
f 1336 4797 1338
f 4795 4797 1336
f 1338 4799 1340
f 4797 4799 1338
f 1340 4801 1342
f 4799 4801 1340
f 1342 4803 1344
f 4801 4803 1342
f 1344 4805 1346
f 4803 4805 1344
f 1346 4807 1348
f 4805 4807 1346
f 1348 4809 1350
f 4807 4809 1348
f 1350 4811 1352
f 4809 4811 1350
f 1352 4813 1354
f 4811 4813 1352
f 1354 4816 1356
f 4813 4816 1354
f 1356 4817 1358
f 4816 4817 1356
f 1358 4819 1359
f 4817 4819 1358
f 1359 4821 1362
f 4819 4821 1359
f 1362 4823 1364
f 4821 4823 1362
f 1364 4826 1366
f 4823 4826 1364
f 1366 4828 1368
f 4826 4828 1366
f 1368 4830 1369
f 4828 4830 1368
f 1369 4832 1371
f 4830 4832 1369
f 4708 5447 4707
f 4753 5447 4751
f 4755 5447 4753
f 4757 5447 4755
f 2587 5447 4915
f 4760 5447 4757
f 4762 5447 4760
f 4764 5447 4762
f 4766 5447 4764
f 4768 5447 4766
f 4769 5447 4768
f 4772 5447 4769
f 4707 5447 4772
f 4907 5447 4708
f 4909 5447 4907
f 2588 5447 2587
f 4911 5447 4909
f 2589 5447 2588
f 4913 5447 4911
f 2597 5447 2589
f 4915 5447 4913
f 4711 5415 4709
f 4713 5415 4711
f 4715 5415 4713
f 1381 5415 1383
f 4717 5415 4715
f 1380 5415 1381
f 5447 5415 4751
f 4719 5415 4717
f 1377 5415 1380
f 4721 5415 4719
f 1375 5415 1377
f 4723 5415 4721
f 1373 5415 1375
f 1371 5415 1373
f 4725 5415 4723
f 4727 5415 4725
f 4729 5415 4727
f 4731 5415 4729
f 4733 5415 4731
f 4735 5415 4733
f 4737 5415 4735
f 4739 5415 4737
f 4741 5415 4739
f 4743 5415 4741
f 4745 5415 4743
f 4747 5415 4745
f 4750 5415 4747
f 4751 5415 4750
f 4709 5415 4774
f 1383 5415 5926
f 4834 5415 4832
f 4835 5415 4834
f 4838 5415 4835
f 4774 5415 4838
f 4832 5415 1371
f 5447 5416 5415
f 5445 5444 5446
f 5446 5444 5447
f 5416 5418 5417
f 5416 5419 5418
f 5444 5443 5447
f 5419 5421 5420
f 5447 5421 5416
f 5416 5421 5419
f 5443 5421 5447
f 5442 5441 5443
f 5421 5440 5422
f 5443 5440 5421
f 5441 5440 5443
f 5422 5424 5423
f 5440 5438 5422
f 5439 5438 5440
f 5422 5438 5424
f 5424 5436 5425
f 5425 5436 5426
f 5438 5436 5424
f 5437 5436 5438
f 5426 5428 5427
f 5435 5428 5436
f 5436 5428 5426
f 5434 5433 5435
f 5428 5430 5429
f 5433 5432 5435
f 5435 5431 5428
f 5428 5431 5430
f 5432 5431 5435
f 6380 5447 2609
f 6380 2609 2617
f 6380 2617 2618
f 6380 2618 2619
f 6380 2619 2620
f 2609 5447 2608
f 2608 5447 2607
f 2607 5447 2599
f 2599 5447 2598
f 2598 5447 2597