mtllib peg_board.mtl
o obj3

v -29.750839 4.896805 25.000000
v -29.718018 3.580734 25.000000
v -29.750839 4.896805 -25.000000
v -29.718018 3.580734 -25.000000
v -29.619637 2.267944 25.000000
v -29.619637 2.267944 -25.000000
v -29.455948 0.961685 25.000000
v -29.455948 0.961685 -25.000000
v -29.227341 -0.334778 25.000000
v -29.227341 -0.334778 -25.000000
v -28.934402 -1.618240 25.000000
v -28.934402 -1.618240 -25.000000
v -28.577843 -2.885513 25.000000
v -28.577843 -2.885513 -25.000000
v -28.158569 -4.133438 25.000000
v -28.158569 -4.133438 -25.000000
v -27.677605 -5.358902 25.000000
v -27.677605 -5.358902 -25.000000
v -27.136154 -6.558884 25.000000
v -27.136154 -6.558884 -25.000000
v -26.535568 -7.730362 25.000000
v -26.535568 -7.730362 -25.000000
v -25.877335 -8.870468 25.000000
v -25.877335 -8.870468 -25.000000
v -25.163086 -9.976334 25.000000
v -25.163086 -9.976334 -25.000000
v -24.394600 -11.045227 25.000000
v -24.394600 -11.045227 -25.000000
v -23.573799 -12.074493 25.000000
v -23.573799 -12.074493 -25.000000
v -22.702705 -13.061554 25.000000
v -22.702705 -13.061554 -25.000000
v -21.783493 -14.003967 25.000000
v -21.783493 -14.003967 -25.000000
v -20.818451 -14.899399 25.000000
v -20.818451 -14.899399 -25.000000
v -19.809975 -15.745621 25.000000
v -19.809975 -15.745621 -25.000000
v -18.760574 -16.540512 25.000000
v -18.760574 -16.540512 -25.000000
v -17.672852 -17.282104 25.000000
v -17.672852 -17.282104 -25.000000
v -16.549522 -17.968552 25.000000
v -16.549522 -17.968552 -25.000000
v -15.393364 -18.598160 25.000000
v -15.393364 -18.598160 -25.000000
v -14.207268 -19.169357 25.000000
v -14.207268 -19.169357 -25.000000
v -12.994171 -19.680725 25.000000
v -12.994171 -19.680725 -25.000000
v -11.757088 -20.130981 25.000000
v -11.757088 -20.130981 -25.000000
v -10.499100 -20.519028 25.000000
v -10.499100 -20.519028 -25.000000
v -9.223343 -20.843872 25.000000
v -9.223343 -20.843872 -25.000000
v -7.932968 -21.104721 25.000000
v -7.932968 -21.104721 -25.000000
v -6.631203 -21.300934 25.000000
v -6.631203 -21.300934 -25.000000
v -5.321274 -21.432007 25.000000
v -5.321274 -21.432007 -25.000000
v -4.006439 -21.497635 25.000000
v -4.006439 -21.497635 -25.000000
v -2.689964 -21.497635 25.000000
v -2.689964 -21.497635 -25.000000
v -1.375130 -21.432007 25.000000
v -1.375130 -21.432007 -25.000000
v -0.065201 -21.300934 25.000000
v -0.065201 -21.300934 -25.000000
v 1.236572 -21.104721 25.000000
v 1.236572 -21.104721 -25.000000
v 2.526939 -20.843872 25.000000
v 2.526939 -20.843872 -25.000000
v 3.802704 -20.519028 25.000000
v 3.802704 -20.519028 -25.000000
v 5.060692 -20.130981 25.000000
v 5.060692 -20.130981 -25.000000
v 6.297768 -19.680725 25.000000
v 6.297768 -19.680725 -25.000000
v 7.510864 -19.169357 25.000000
v 7.510864 -19.169357 -25.000000
v 8.696968 -18.598160 25.000000
v 8.696968 -18.598160 -25.000000
v 9.853119 -17.968552 25.000000
v 9.853119 -17.968552 -25.000000
v 10.976456 -17.282104 25.000000
v 10.976456 -17.282104 -25.000000
v 12.064171 -16.540512 25.000000
v 12.064171 -16.540512 -25.000000
v 13.113571 -15.745621 25.000000
v 13.113571 -15.745621 -25.000000
v 14.122055 -14.899399 25.000000
v 14.122055 -14.899399 -25.000000
v 15.087097 -14.003967 25.000000
v 15.087097 -14.003967 -25.000000
v 16.006302 -13.061554 25.000000
v 16.006302 -13.061554 -25.000000
v 16.877396 -12.074493 25.000000
v 16.877396 -12.074493 -25.000000
v 17.698196 -11.045227 25.000000
v 17.698196 -11.045227 -25.000000
v 18.466690 -9.976334 25.000000
v 18.466690 -9.976334 -25.000000
v 19.180939 -8.870468 25.000000
v 19.180939 -8.870468 -25.000000
v 19.839172 -7.730362 25.000000
v 19.839172 -7.730362 -25.000000
v 20.439758 -6.558884 25.000000
v 20.439758 -6.558884 -25.000000
v 20.981201 -5.358902 25.000000
v 20.981201 -5.358902 -25.000000
v 21.462173 -4.133438 25.000000
v 21.462173 -4.133438 -25.000000
v 21.881439 -2.885513 25.000000
v 21.881439 -2.885513 -25.000000
v 22.237991 -1.618240 25.000000
v 22.237991 -1.618240 -25.000000
v 22.530945 -0.334778 25.000000
v 22.530945 -0.334778 -25.000000
v 22.759537 0.961685 25.000000
v 22.759537 0.961685 -25.000000
v 22.923233 2.267944 25.000000
v 22.923233 2.267944 -25.000000
v 23.021622 3.580734 25.000000
v 23.021622 3.580734 -25.000000
v 23.054443 4.896805 25.000000
v 23.054443 4.896805 -25.000000
v 23.021622 6.212860 25.000000
v 23.021622 6.212860 -25.000000
v 22.923233 7.525650 25.000000
v 22.923233 7.525650 -25.000000
v 22.759537 8.831909 25.000000
v 22.759537 8.831909 -25.000000
v 22.530945 10.128387 25.000000
v 22.530945 10.128387 -25.000000
v 22.237991 11.411850 25.000000
v 22.237991 11.411850 -25.000000
v 21.881439 12.679108 25.000000
v 21.881439 12.679108 -25.000000
v 21.462173 13.927032 25.000000
v 21.462173 13.927032 -25.000000
v 20.981201 15.152512 25.000000
v 20.981201 15.152512 -25.000000
v 20.439758 16.352478 25.000000
v 20.439758 16.352478 -25.000000
v 19.839172 17.523972 25.000000
v 19.839172 17.523972 -25.000000
v 19.180939 18.664062 25.000000
v 19.180939 18.664062 -25.000000
v 18.466690 19.769943 25.000000
v 18.466690 19.769943 -25.000000
v 17.698196 20.838837 25.000000
v 17.698196 20.838837 -25.000000
v 16.877396 21.868088 25.000000
v 16.877396 21.868088 -25.000000
v 16.006302 22.855148 25.000000
v 16.006302 22.855148 -25.000000
v 15.087097 23.797577 25.000000
v 15.087097 23.797577 -25.000000
v 14.122055 24.693008 25.000000
v 14.122055 24.693008 -25.000000
v 13.113571 25.539215 25.000000
v 13.113571 25.539215 -25.000000
v 12.064171 26.334106 25.000000
v 12.064171 26.334106 -25.000000
v 10.976456 27.075699 25.000000
v 10.976456 27.075699 -25.000000
v 9.853119 27.762161 25.000000
v 9.853119 27.762161 -25.000000
v 8.696968 28.391769 25.000000
v 8.696968 28.391769 -25.000000
v 7.510864 28.962967 25.000000
v 7.510864 28.962967 -25.000000
v 6.297768 29.474319 25.000000
v 6.297768 29.474319 -25.000000
v 5.060692 29.924591 25.000000
v 5.060692 29.924591 -25.000000
v 3.802704 30.312622 25.000000
v 3.802704 30.312622 -25.000000
v 2.526939 30.637466 25.000000
v 2.526939 30.637466 -25.000000
v 1.236572 30.898331 25.000000
v 1.236572 30.898331 -25.000000
v -0.065201 31.094528 25.000000
v -0.065201 31.094528 -25.000000
v -1.375130 31.225616 25.000000
v -1.375130 31.225616 -25.000000
v -2.689964 31.291229 25.000000
v -2.689964 31.291229 -25.000000
v -4.006439 31.291229 25.000000
v -4.006439 31.291229 -25.000000
v -5.321274 31.225616 25.000000
v -5.321274 31.225616 -25.000000
v -6.631203 31.094528 25.000000
v -6.631203 31.094528 -25.000000
v -7.932968 30.898331 25.000000
v -7.932968 30.898331 -25.000000
v -9.223343 30.637466 25.000000
v -9.223343 30.637466 -25.000000
v -10.499100 30.312622 25.000000
v -10.499100 30.312622 -25.000000
v -11.757088 29.924591 25.000000
v -11.757088 29.924591 -25.000000
v -12.994171 29.474319 25.000000
v -12.994171 29.474319 -25.000000
v -14.207268 28.962967 25.000000
v -14.207268 28.962967 -25.000000
v -15.393364 28.391769 25.000000
v -15.393364 28.391769 -25.000000
v -16.549522 27.762161 25.000000
v -16.549522 27.762161 -25.000000
v -17.672852 27.075699 25.000000
v -17.672852 27.075699 -25.000000
v -18.760574 26.334106 25.000000
v -18.760574 26.334106 -25.000000
v -19.809975 25.539215 25.000000
v -19.809975 25.539215 -25.000000
v -20.818451 24.693008 -25.000000
v -20.818451 24.693008 25.000000
v -21.783493 23.797577 25.000000
v -21.783493 23.797577 -25.000000
v -22.702705 22.855148 25.000000
v -22.702705 22.855148 -25.000000
v -23.573799 21.868088 25.000000
v -23.573799 21.868088 -25.000000
v -24.394600 20.838837 25.000000
v -24.394600 20.838837 -25.000000
v -25.163086 19.769943 25.000000
v -25.163086 19.769943 -25.000000
v -25.877335 18.664062 25.000000
v -25.877335 18.664062 -25.000000
v -26.535568 17.523972 25.000000
v -26.535568 17.523972 -25.000000
v -27.136154 16.352478 25.000000
v -27.136154 16.352478 -25.000000
v -27.677605 15.152512 25.000000
v -27.677605 15.152512 -25.000000
v -28.158569 13.927032 25.000000
v -28.158569 13.927032 -25.000000
v -28.577843 12.679108 25.000000
v -28.577843 12.679108 -25.000000
v -28.934402 11.411850 25.000000
v -28.934402 11.411850 -25.000000
v -29.227341 10.128387 -25.000000
v -29.227341 10.128387 25.000000
v -29.455948 8.831909 25.000000
v -29.455948 8.831909 -25.000000
v -29.619637 7.525650 25.000000
v -29.619637 7.525650 -25.000000
v -29.718018 6.212860 25.000000
v -29.718018 6.212860 -25.000000
v -27.074577 76.771240 -8.333333
v -27.107819 77.266647 -25.000000
v -27.122940 77.893738 -25.000000
v -27.062714 76.640854 -25.000000
v -26.988007 76.017014 -25.000000
v -26.930977 75.654602 -8.333333
v -26.884102 75.395828 -25.000000
v -26.694389 74.547760 -8.333333
v -26.751389 74.777985 -25.000000
v -26.590248 74.164154 -25.000000
v -26.367058 73.454636 -8.333333
v -26.401077 73.555038 -25.000000
v -26.184258 72.951309 -25.000000
v -25.951225 72.379166 -8.333333
v -25.940193 72.353638 -25.000000
v -25.669266 71.762741 -25.000000
v -25.449142 71.325287 -8.333333
v -25.371872 71.179276 -25.000000
v -25.048393 70.603928 -25.000000
v -24.863045 70.296921 -8.333333
v -24.699226 70.037399 -25.000000
v -24.195183 69.298019 -8.333333
v -24.324760 69.480362 -25.000000
v -23.925400 68.933472 -25.000000
v -23.448006 68.332153 -8.333333
v -23.501656 68.397217 -25.000000
v -23.054138 67.871902 -25.000000
v -22.624748 67.401550 -8.333333
v -22.583443 67.357864 -25.000000
v -22.090164 66.855438 -25.000000
v -21.728874 66.508102 -8.333333
v -21.574913 66.364929 -25.000000
v -21.038277 65.886688 -25.000000
v -20.763817 65.653687 -8.333333
v -20.480865 65.421036 -25.000000
v -19.903267 64.968292 -25.000000
v -27.074577 76.771240 8.333334
v -27.122940 77.893738 25.000000
v -27.085556 76.907120 25.000000
v -27.025063 76.295807 25.000000
v -27.113564 77.400070 25.000000
v -18.639977 64.069458 -8.333333
v -19.306099 64.528793 -25.000000
v -18.689941 64.102859 -25.000000
v -18.055412 63.690811 -25.000000
v -17.403099 63.292999 -25.000000
v -26.930977 75.654602 8.333334
v -26.936440 75.686737 25.000000
v -26.820053 75.080551 25.000000
v -26.694389 74.547760 8.333334
v -26.676277 74.477890 25.000000
v -26.505470 73.879395 25.000000
v -16.280815 62.663940 -8.333333
v -16.506721 62.785263 -25.000000
v -15.463600 62.245911 -25.000000
v -26.367058 73.454636 8.333334
v -26.307999 73.285721 25.000000
v -26.084229 72.697495 25.000000
v -25.951225 72.379166 8.333334
v -25.834534 72.115341 25.000000
v -13.714874 61.451218 -8.333333
v -14.385979 61.741043 -25.000000
v -13.276306 61.271378 -25.000000
v -12.137039 60.837570 -25.000000
v -25.449142 71.325287 8.333334
v -25.527123 71.476456 25.000000
v -25.149147 70.777374 25.000000
v -24.863045 70.296921 8.333334
v -24.733513 70.090851 25.000000
v -10.974594 60.441605 -8.333333
v -10.970619 60.440323 -25.000000
v -9.779511 60.080307 -25.000000
v -24.195183 69.298019 8.333334
v -24.280907 69.418091 25.000000
v -23.792053 68.760223 25.000000
v -23.448006 68.332153 8.333334
v -23.267914 68.118011 25.000000
v -8.093384 59.644440 -8.333333
v -8.566154 59.758240 -25.000000
v -7.333008 59.474777 -25.000000
v -6.082520 59.230606 -25.000000
v -22.624748 67.401550 8.333334
v -22.709534 67.492035 25.000000
v -22.050255 66.816238 25.000000
v -21.728874 66.508102 8.333334
v -21.271439 66.090652 25.000000
v -5.104637 59.069107 -8.333333
v -3.539406 58.862732 -25.000000
v -4.817146 59.026443 -25.000000
v -20.763817 65.653687 8.333334
v -20.445839 65.392746 25.000000
v -19.575439 64.723602 25.000000
v -2.042328 58.723312 -8.333333
v -2.251984 58.739502 -25.000000
v -0.957581 58.656723 -25.000000
v -18.639977 64.069458 8.333334
v -18.662231 64.084320 25.000000
v -17.708206 63.475952 25.000000
v 1.057304 58.608292 -8.333333
v 0.341103 58.614365 -25.000000
v 1.641357 58.612412 -25.000000
v 2.940491 58.650803 -25.000000
v -16.280815 62.663940 8.333334
v -15.685669 62.356369 25.000000
v -14.621384 61.847076 25.000000
v -16.715347 62.899612 25.000000
v 4.157433 58.723633 -8.333333
v 4.235794 58.729553 -25.000000
v 5.524567 58.848587 -25.000000
v -13.714874 61.451218 8.333334
v -13.524887 61.372406 25.000000
v -12.398605 60.933044 25.000000
v 7.221252 59.068924 -8.333333
v 6.804108 59.007904 -25.000000
v 8.071724 59.207443 -25.000000
v -10.974594 60.441605 8.333334
v -11.244942 60.529663 25.000000
v -10.066299 60.162933 25.000000
v 9.225517 59.426315 -8.333333
v 9.324783 59.446854 -25.000000
v 10.560699 59.725586 -25.000000
v -8.093384 59.644440 8.333334
v -7.643730 59.542145 25.000000
v -6.404617 59.289429 25.000000
v -8.865097 59.833527 25.000000
v 11.186829 59.883560 -8.333333
v 11.776871 60.043121 -25.000000
v 13.094727 60.438477 -8.333333
v 12.970718 60.398895 -25.000000
v 14.139648 60.792404 -25.000000
v -5.104637 59.069107 8.333334
v -5.150162 59.076065 25.000000
v -3.882820 58.902618 25.000000
v 14.938736 61.088867 -8.333333
v 15.281067 61.223068 -25.000000
v -2.042328 58.723312 8.333334
v -1.319923 58.675781 25.000000
v -0.029686 58.622330 25.000000
v -2.605186 58.769211 25.000000
v 16.708786 61.832230 -8.333333
v 16.392593 61.690201 -25.000000
v 17.472092 62.192749 -25.000000
v 18.396149 62.664673 -8.333333
v 18.517517 62.729706 -25.000000
v 19.526810 63.300018 -25.000000
v 1.057304 58.608292 8.333334
v 1.262871 58.608810 25.000000
v 2.555092 58.635193 25.000000
v 19.992493 63.582001 -8.333333
v 20.497879 63.902634 -25.000000
v 4.157433 58.723633 8.333334
v 3.844322 58.701462 25.000000
v 5.127907 58.807571 25.000000
v 21.489441 64.579987 -8.333333
v 21.428680 64.536514 -25.000000
v 22.317123 65.200607 -25.000000
v 22.878662 65.654434 -8.333333
v 23.161148 65.893875 -25.000000
v 7.221252 59.068924 8.333334
v 6.403191 58.953506 25.000000
v 7.667526 59.139221 25.000000
v 24.151794 66.801102 -8.333333
v 23.958694 66.615280 -25.000000
v 24.635025 67.287735 -25.000000
v 9.225517 59.426315 8.333334
v 8.918289 59.364502 25.000000
v 10.152939 59.628830 25.000000
v 25.300507 68.015793 -8.333333
v 25.208847 67.911072 -25.000000
v 25.748489 68.551010 -25.000000
v 11.186829 59.883560 8.333334
v 11.368927 59.931686 25.000000
v 12.563705 60.272537 25.000000
v 26.316406 69.294281 -8.333333
v 26.252869 69.206985 -25.000000
v 26.720901 69.878403 -25.000000
v 13.094727 60.438477 8.333334
v 13.734741 60.650833 25.000000
v 27.191528 70.631561 -8.333333
v 27.151688 70.564194 -25.000000
v 27.544403 71.263199 -25.000000
v 14.938736 61.088867 8.333334
v 14.879471 61.066071 25.000000
v 15.995438 61.517639 25.000000
v 27.919220 72.019440 -8.333333
v 27.864624 71.902603 -25.000000
v 28.125381 72.485687 -25.000000
v 16.708786 61.832230 8.333334
v 17.080505 62.004608 25.000000
v 28.493195 73.448898 -8.333333
v 28.359695 73.075333 -25.000000
v 28.567123 73.670898 -25.000000
v 28.747223 74.271759 -25.000000
v 18.396149 62.664673 8.333334
v 18.132629 62.525955 25.000000
v 19.149796 63.080658 25.000000
v 28.907166 74.910934 -8.333333
v 28.899551 74.877289 -25.000000
v 29.023743 75.486832 -25.000000
v 19.992493 63.582001 8.333334
v 20.022934 63.600876 25.000000
v 20.657761 64.007385 25.000000
v 29.155914 76.396103 -8.333333
v 29.119705 76.099609 -25.000000
v 29.187454 76.714783 -25.000000
v 29.226990 77.331512 -25.000000
v 21.489441 64.579987 8.333334
v 21.873245 64.861053 25.000000
v 22.452698 65.307602 25.000000
v 21.274719 64.427536 25.000000
v 29.238449 77.893036 -8.333333
v 29.238312 77.948990 -25.000000
v 29.221436 78.566391 -25.000000
v 22.878662 65.654434 8.333334
v 23.012512 65.766907 25.000000
v 23.552063 66.238647 25.000000
v 29.154861 79.389938 -8.333333
v 29.176361 79.182892 -25.000000
v 29.103104 79.797638 -25.000000
v 29.001678 80.409836 -25.000000
v 24.151794 66.801102 8.333334
v 24.070740 66.722534 25.000000
v 24.567978 67.218246 25.000000
v 28.905258 80.874969 -8.333333
v 28.872055 81.018646 -25.000000
v 28.714401 81.623306 -25.000000
v 25.300507 68.015793 8.333334
v 25.495621 68.243973 25.000000
v 25.924850 68.773361 25.000000
v 25.043137 67.725494 25.000000
v 28.490753 82.336823 -8.333333
v 28.529129 82.223160 -25.000000
v 28.316666 82.817627 -25.000000
v 26.316406 69.294281 8.333334
v 26.330200 69.313370 25.000000
v 26.711105 69.863617 25.000000
v 27.916550 83.766098 -8.333333
v 28.077438 83.406036 -25.000000
v 27.811890 83.987808 -25.000000
v 27.520477 84.562286 -25.000000
v 27.191528 70.631561 8.333334
v 27.397690 70.992447 25.000000
v 27.702469 71.569717 25.000000
v 27.067078 70.423538 25.000000
v 27.188934 85.153870 -8.333333
v 27.203613 85.128860 -25.000000
v 26.861755 85.686905 -25.000000
v 27.919220 72.019440 8.333334
v 27.980957 72.154694 25.000000
v 28.232712 72.746719 25.000000
v 26.314148 86.491272 -8.333333
v 26.495331 86.235809 -25.000000
v 26.104782 86.774948 -25.000000
v 25.690613 87.303864 -25.000000
v 28.493195 73.448898 8.333334
v 28.457275 73.345154 25.000000
v 28.654190 73.949341 25.000000
v 25.298798 87.770142 -8.333333
v 25.253403 87.822250 -25.000000
v 24.793747 88.329803 -25.000000
v 28.907166 74.910934 8.333334
v 28.963303 75.172409 25.000000
v 29.074783 75.789886 25.000000
v 28.823029 74.558655 25.000000
v 24.150803 88.985397 -8.333333
v 24.312195 88.826233 -25.000000
v 23.809341 89.311218 -25.000000
v 23.285767 89.784485 -25.000000
v 29.155914 76.396103 8.333334
v 29.157471 76.410233 25.000000
v 29.211365 77.032608 25.000000
v 22.878403 90.132721 -8.333333
v 22.742020 90.245697 -25.000000
v 22.178711 90.694580 -25.000000
v 29.238449 77.893036 8.333334
v 29.232773 78.279999 25.000000
v 29.200317 78.903320 25.000000
v 29.236450 77.656143 25.000000
v 21.489853 91.207809 -8.333333
v 21.596405 91.130829 -25.000000
v 20.995682 91.554123 -25.000000
v 29.154861 79.389938 8.333334
v 29.139084 79.525253 25.000000
v 29.049088 80.144943 25.000000
v 19.993423 92.206329 -8.333333
v 20.377106 91.964172 -25.000000
v 19.525589 92.489777 -25.000000
v 28.905258 80.874969 8.333334
v 28.930328 80.761536 25.000000
v 28.782867 81.374222 25.000000
v 18.397354 93.123978 -8.333333
v 18.532654 93.051407 -25.000000
v 17.504547 93.580627 -25.000000
v 28.490753 82.336823 8.333334
v 28.403244 82.585037 25.000000
v 28.171997 83.181915 25.000000
v 28.607025 81.982269 25.000000
v 16.709915 93.956421 -8.333333
v 16.443222 94.076416 -25.000000
v 15.350632 94.537766 -25.000000
v 27.916550 83.766098 8.333334
v 27.913712 83.772232 25.000000
v 27.628845 84.355362 25.000000
v 14.939331 94.699341 -8.333333
v 14.228760 94.963684 -25.000000
v 27.188934 85.153870 8.333334
v 27.281723 84.994064 25.000000
v 26.858948 85.691299 25.000000
v 13.094406 95.348892 -8.333333
v 13.079987 95.353516 -25.000000
v 11.907021 95.706894 -25.000000
v 26.314148 86.491272 8.333334
v 26.397964 86.374313 25.000000
v 25.899643 87.041931 25.000000
v 11.186066 95.903000 -8.333333
v 10.712563 96.023422 -25.000000
v 25.298798 87.770142 8.333334
v 25.365051 87.693405 25.000000
v 24.795288 88.328156 25.000000
v 9.225365 96.360016 -8.333333
v 9.499084 96.302704 -25.000000
v 8.268791 96.544312 -25.000000
v 24.150803 88.985397 8.333334
v 24.122360 89.013092 25.000000
v 23.327209 89.748108 25.000000
v 7.221924 96.718124 -8.333333
v 7.023865 96.747787 -25.000000
v 5.766609 96.912766 -25.000000
v 22.878403 90.132721 8.333334
v 22.484192 90.454620 25.000000
v 5.185318 96.975601 -8.333333
v 4.499657 97.038956 -25.000000
v 21.489853 91.207809 8.333334
v 21.595398 91.131561 25.000000
v 20.662933 91.777802 25.000000
v 3.126564 97.131226 -8.333333
v 3.225700 97.126099 -25.000000
v 1.947418 97.173950 -25.000000
v 19.993423 92.206329 8.333334
v 19.688919 92.392258 25.000000
v 1.057045 97.183914 -8.333333
v 0.667496 97.182236 -25.000000
v -0.611382 97.150711 -25.000000
v 18.397354 93.123978 8.333334
v 18.675446 92.973816 25.000000
v 17.624619 93.521393 25.000000
v -1.011879 97.132568 -8.333333
v -1.886536 97.079147 -25.000000
v 16.709915 93.956421 8.333334
v 16.538559 94.033859 25.000000
v 15.419373 94.510132 25.000000
v -3.069038 96.976669 -8.333333
v -3.155479 96.967804 -25.000000
v -4.415825 96.817184 -25.000000
v 14.939331 94.699341 8.333334
v 14.269196 94.949127 25.000000
v -5.104095 96.717850 -8.333333
v -5.665169 96.627823 -25.000000
v 13.094406 95.348892 8.333334
v 13.090591 95.350128 25.000000
v 11.886452 95.712708 25.000000
v -7.106918 96.358353 -8.333333
v -6.901115 96.400223 -25.000000
v -8.121292 96.134918 -25.000000
v 11.186066 95.903000 8.333334
v 10.659714 96.036453 25.000000
v -9.067383 95.900360 -8.333333
v -9.323288 95.832428 -25.000000
v -10.504730 95.493286 -25.000000
v 9.225365 96.360016 8.333334
v 9.413048 96.320938 25.000000
v 8.148819 96.565689 25.000000
v -10.975349 95.346085 -8.333333
v -11.663208 95.117996 -25.000000
v 7.221924 96.718124 8.333334
v 6.869400 96.770233 25.000000
v 5.577316 96.934158 25.000000
v -12.820686 94.697769 -8.333333
v -12.796341 94.707092 -25.000000
v -13.901741 94.261093 -25.000000
v 5.185318 96.975601 8.333334
v 4.275444 97.057159 25.000000
v -14.593277 93.957596 -8.333333
v -14.977005 93.780518 -25.000000
v 3.126564 97.131226 8.333334
v 2.966682 97.138992 25.000000
v 1.653946 97.179352 25.000000
v -16.282974 93.127777 -8.333333
v -16.019745 93.265900 -25.000000
v -17.027611 92.717789 -25.000000
v 1.057045 97.183914 8.333334
v 0.340126 97.177963 25.000000
v -1.011879 97.132568 8.333334
v -0.971870 97.134567 25.000000
v -2.279175 97.048981 25.000000
v -18.641251 91.721375 -8.333333
v -17.998581 92.137146 -25.000000
v -18.930794 91.525162 -25.000000
v -19.822411 90.882996 -25.000000
v -3.069038 96.976669 8.333334
v -3.579163 96.921646 25.000000
v -20.763809 90.135010 -8.333333
v -20.671577 90.211807 -25.000000
v -21.476456 89.512787 -25.000000
v -5.104095 96.717850 8.333334
v -4.869232 96.753113 25.000000
v -6.146805 96.543961 25.000000
v -21.728439 89.279587 -8.333333
v -22.235176 88.787109 -25.000000
v -7.106918 96.358353 8.333334
v -7.409286 96.294724 25.000000
v -8.654099 96.005997 25.000000
v -22.624229 88.385452 -8.333333
v -22.877045 88.112167 -25.000000
v -23.447868 87.454697 -8.333333
v -23.420380 87.487778 -25.000000
v -23.930145 86.847961 -25.000000
v -9.067383 95.900360 8.333334
v -9.878654 95.678314 25.000000
v -24.196060 86.489441 -8.333333
v -24.405365 86.193375 -25.000000
v -10.975349 95.346085 8.333334
v -11.080353 95.312271 25.000000
v -12.256630 94.908432 25.000000
v -24.865578 85.491943 -8.333333
v -24.845123 85.524780 -25.000000
v -25.248558 84.843170 -25.000000
v -12.820686 94.697769 8.333334
v -13.404877 94.467331 25.000000
v -25.453476 84.465332 -8.333333
v -25.614822 84.149506 -25.000000
v -25.956894 83.412857 -8.333333
v -25.911972 83.515701 -25.000000
v -26.152557 82.938217 -25.000000
v -14.593277 93.957596 8.333334
v -14.522522 93.989548 25.000000
v -15.606972 93.475662 25.000000
v -26.372971 82.337830 -8.333333
v -26.367233 82.354553 -25.000000
v -26.555595 81.765274 -25.000000
v -16.282974 93.127777 8.333334
v -16.540970 92.989014 25.000000
v -17.221901 92.605911 25.000000
v -26.699089 81.243774 -8.333333
v -26.717392 81.171097 -25.000000
v -26.852394 80.572769 -25.000000
v -26.933678 80.135223 -8.333333
v -26.960411 79.971069 -25.000000
v -27.041222 79.366714 -25.000000
v -18.641251 91.721375 8.333334
v -19.157593 91.367386 25.000000
v -19.765160 90.926056 25.000000
v -18.530800 91.794724 25.000000
v -17.885368 92.207703 25.000000
v -27.075401 79.016953 -8.333333
v -27.094620 78.760483 -25.000000
v -27.115845 78.327255 -25.000000
v -20.763809 90.135010 8.333334
v -20.920227 90.002884 25.000000
v -21.466545 89.521820 25.000000
v -20.352898 90.471100 25.000000
v -21.728439 89.279587 8.333334
v -21.991264 89.028244 25.000000
v -22.624229 88.385452 8.333334
v -22.493790 88.522552 25.000000
v -22.973534 88.005127 25.000000
v -23.447868 87.454697 8.333334
v -23.429901 87.476334 25.000000
v -23.862297 86.936539 25.000000
v -24.196060 86.489441 8.333334
v -24.270134 86.386139 25.000000
v -24.652840 85.825546 25.000000
v -24.865578 85.491943 8.333334
v -25.009888 85.255341 25.000000
v -25.453476 84.465332 8.333334
v -25.340767 84.676117 25.000000
v -25.644974 84.088470 25.000000
v -25.956894 83.412857 8.333334
v -25.921974 83.492981 25.000000
v -26.171272 82.890228 25.000000
v -26.372971 82.337830 8.333334
v -26.392349 82.280808 25.000000
v -26.584755 81.665390 25.000000
v -26.699089 81.243774 8.333334
v -26.748207 81.044769 25.000000
v -26.882477 80.419800 25.000000
v -26.933678 80.135223 8.333334
v -26.987320 79.791367 25.000000
v -27.075401 79.016953 8.333334
v -27.107796 78.527466 25.000000
v -27.062508 79.160309 25.000000
v -23.181870 68.017944 -5.555555
v -22.624748 67.401550 -5.555555
v -22.035355 66.801666 -5.555555
v -22.624748 67.401550 -4.166666
v -21.414703 66.218872 -5.555555
v -22.185677 66.950058 -4.166666
v -21.728874 66.508102 -4.166666
v -21.254776 66.075897 -4.166666
v -20.763817 65.653687 -4.166666
v -16.689178 62.885147 -5.555555
v -18.262383 63.822388 -5.555555
v -18.071175 63.700745 -4.166666
v -16.891159 62.997742 -4.166666
v -15.021721 62.032776 -5.555555
v -15.657501 62.342224 -4.166666
v -23.181870 68.017944 5.555555
v -22.624748 67.401550 5.555555
v -22.185677 66.950058 4.166666
v -22.624748 67.401550 4.166666
v -22.035355 66.801666 5.555555
v -21.728874 66.508102 4.166666
v -21.414703 66.218872 5.555555
v -20.763817 65.653687 4.166666
v -21.254776 66.075897 4.166666
v -16.891159 62.997742 4.166666
v -18.071175 63.700745 4.166666
v -18.262383 63.822388 5.555555
v -16.689178 62.885147 5.555555
v -15.657501 62.342224 4.166666
v -15.021721 62.032776 5.555555
v -16.960175 92.756134 -5.555555
v -15.868874 93.343521 -5.555555
v -16.487862 93.017868 -4.166666
v -18.263863 91.968719 -5.555555
v -17.292541 92.564728 -4.166666
v -18.072746 92.090500 -4.166666
v -21.414383 89.569122 -5.555555
v -22.034851 88.985733 -5.555555
v -21.254524 89.712265 -4.166666
v -20.763809 90.135010 -4.166666
v -22.624229 88.385452 -5.555555
v -21.728439 89.279587 -4.166666
v -22.185143 88.837219 -4.166666
v -23.181541 87.768890 -5.555555
v -22.624229 88.385452 -4.166666
v -16.960175 92.756134 5.555555
v -15.868874 93.343521 5.555555
v -16.487862 93.017868 4.166666
v -17.292541 92.564728 4.166666
v -18.263863 91.968719 5.555555
v -18.072746 92.090500 4.166666
v -21.414383 89.569122 5.555555
v -21.254524 89.712265 4.166666
v -20.763809 90.135010 4.166666
v -21.728439 89.279587 4.166666
v -22.034851 88.985733 5.555555
v -22.185143 88.837219 4.166666
v -22.624229 88.385452 5.555555
v -22.624229 88.385452 4.166666
v -23.181541 87.768890 5.555555
v -25.793335 72.025284 -5.555555
v -25.449142 71.325287 -5.555555
v -24.576179 69.849091 -7.407408
v -25.067604 70.636627 -5.555555
v -24.426750 69.627472 -6.944445
v -24.116028 69.189011 -7.407408
v -25.449142 71.325287 -4.166666
v -24.076080 69.134659 -6.944445
v -25.166450 70.807663 -4.166666
v -24.863045 70.296921 -4.166666
v -24.539192 69.793533 -4.166666
v -24.116028 69.189011 -4.629629
v -20.199059 65.196564 -6.481482
v -19.254723 64.492249 -7.407408
v -19.555092 64.708694 -6.944445
v -22.624748 67.401550 -2.083334
v -19.909256 64.972839 -5.555555
v -20.199059 65.196564 -5.092592
v -25.793335 72.025284 5.555555
v -19.555092 64.708694 -4.861111
v -21.728874 66.508102 -1.388889
v -19.465477 64.643417 -4.166666
v -25.449142 71.325287 5.555555
v -25.166450 70.807663 4.166666
v -25.449142 71.325287 4.166666
v -19.072235 64.363983 -4.629629
v -20.763817 65.653687 -2.083334
v -25.067604 70.636627 5.555555
v -24.863045 70.296921 4.166666
v -24.539192 69.793533 4.166666
v -21.728874 66.508102 0.000000
v -19.733040 64.840179 0.000000
v -19.555092 64.708694 -2.777779
v -22.624748 67.401550 2.083334
v -24.116028 69.189011 4.629629
v -21.728874 66.508102 1.388889
v -18.357384 63.883698 -2.083334
v -13.269363 61.268585 -7.407408
v -24.426750 69.627472 6.944445
v -24.576179 69.849091 7.407408
v -13.044846 61.179398 -6.944445
v -24.076080 69.134659 6.944445
v -20.763817 65.653687 2.083334
v -24.116028 69.189011 7.407408
v -17.024986 63.073547 -1.388889
v -13.418396 61.328842 -4.629629
v -15.552391 62.289795 -2.083334
v -19.555092 64.708694 2.777779
v -11.130844 60.492203 -5.555555
v -12.592361 61.005325 -4.166666
v -18.357384 63.883698 2.083334
v -20.199059 65.196564 5.092592
v -19.465477 64.643417 4.166666
v -17.024986 63.073547 1.388889
v -11.208801 60.517746 -4.166666
v -19.555092 64.708694 4.861111
v -19.909256 64.972839 5.555555
v -19.072235 64.363983 4.629629
v -9.228470 59.928604 -5.555555
v -20.199059 65.196564 6.481482
v -9.789307 60.083099 -4.166666
v -15.552391 62.289795 2.083334
v -19.555092 64.708694 6.944445
v -19.254723 64.492249 7.407408
v -13.418396 61.328842 4.629629
v -13.044846 61.179398 6.944445
v -13.269363 61.268585 7.407408
v -11.130844 60.492203 5.555555
v -9.789307 60.083099 4.166666
v -11.208801 60.517746 4.166666
v -12.592361 61.005325 4.166666
v -9.228470 59.928604 5.555555
v -13.271050 94.521240 -7.407408
v -11.855179 95.051529 -5.555555
v -10.608940 95.461304 -5.555555
v -13.494476 94.430847 -6.944445
v -11.365295 95.218704 -4.166666
v -14.376030 94.055069 -6.944445
v -12.289528 94.896454 -4.166666
v -13.196312 94.551071 -4.166666
v -14.108772 94.172287 -4.629629
v -19.255623 91.298050 -7.407408
v -19.555817 91.081299 -6.944445
v -20.199379 90.592758 -6.481482
v -19.073257 91.426483 -4.629629
v -19.909752 90.816788 -5.555555
v -19.555817 91.081299 -4.861111
v -19.466255 91.146667 -4.166666
v -20.199379 90.592758 -5.092592
v -18.547516 91.783676 -2.083334
v -17.511765 92.435074 -1.388889
v -19.555817 91.081299 -2.777779
v -19.733650 90.949631 0.000000
v -11.855179 95.051529 5.555555
v -12.289528 94.896454 4.166666
v -11.365295 95.218704 4.166666
v -10.608940 95.461304 5.555555
v -13.196312 94.551071 4.166666
v -17.620659 92.369659 0.000000
v -14.108772 94.172287 4.629629
v -24.116760 86.598328 -7.407408
v -20.763809 90.135010 -2.083334
v -24.076744 86.652618 -6.944445
v -24.577919 85.939072 -7.407408
v -13.494476 94.430847 6.944445
v -24.428123 86.160385 -6.944445
v -13.271050 94.521240 7.407408
v -18.547516 91.783676 2.083334
v -17.511765 92.435074 1.388889
v -14.376030 94.055069 6.944445
v -21.728439 89.279587 -1.388889
v -24.116760 86.598328 -4.629629
v -22.624229 88.385452 -2.083334
v -19.555817 91.081299 2.777779
v -21.728439 89.279587 0.000000
v -25.070755 85.152817 -5.555555
v -24.540840 85.994537 -4.166666
v -20.763809 90.135010 2.083334
v -19.073257 91.426483 4.629629
v -25.453476 84.465332 -5.555555
v -19.466255 91.146667 4.166666
v -24.865578 85.491943 -4.166666
v -21.728439 89.279587 1.388889
v -25.169907 84.982071 -4.166666
v -19.555817 91.081299 4.861111
v -25.798653 83.766357 -5.555555
v -25.453476 84.465332 -4.166666
v -20.199379 90.592758 5.092592
v -19.909752 90.816788 5.555555
v -22.624229 88.385452 2.083334
v -19.555817 91.081299 6.944445
v -19.255623 91.298050 7.407408
v -20.199379 90.592758 6.481482
v -24.076744 86.652618 6.944445
v -24.116760 86.598328 4.629629
v -24.116760 86.598328 7.407408
v -25.070755 85.152817 5.555555
v -24.540840 85.994537 4.166666
v -24.865578 85.491943 4.166666
v -25.169907 84.982071 4.166666
v -24.428123 86.160385 6.944445
v -24.577919 85.939072 7.407408
v -25.453476 84.465332 5.555555
v -25.453476 84.465332 4.166666
v -25.798653 83.766357 5.555555
v -26.559975 74.059998 -7.407408
v -26.783447 74.915375 -5.555555
v -26.486114 73.817245 -6.944445
v -26.325180 73.334198 -7.407408
v -26.303841 73.274063 -6.944445
v -26.541924 73.999237 -4.166666
v -26.694389 74.547760 -4.166666
v -26.325180 73.334198 -4.629629
v -26.862335 75.284378 0.000000
v -25.449142 71.325287 -2.083334
v -23.803589 68.775040 -3.626543
v -24.863045 70.296921 -1.388889
v -23.642067 68.570374 -3.125000
v -24.195183 69.298019 -2.083334
v -26.783447 74.915375 5.555555
v -26.541924 73.999237 4.166666
v -26.694389 74.547760 4.166666
v -23.577911 68.490723 -2.083334
v -23.448006 68.332153 0.000000
v -25.449142 71.325287 2.083334
v -26.325180 73.334198 4.629629
v -24.863045 70.296921 1.388889
v -26.486114 73.817245 6.944445
v -26.559975 74.059998 7.407408
v -26.303841 73.274063 6.944445
v -24.195183 69.298019 2.083334
v -26.325180 73.334198 7.407408
v -22.624748 67.401550 0.000000
v -23.577911 68.490723 2.083334
v -23.642067 68.570374 3.125000
v -23.803589 68.775040 3.626543
v -18.451988 63.945297 0.000000
v -17.091644 63.111664 0.000000
v -14.100723 61.615646 -3.125000
v -15.657501 62.342224 0.000000
v -14.155540 61.639481 0.000000
v -7.492203 59.508942 -7.407408
v -12.705910 61.048309 -2.083334
v -7.190025 59.444672 -6.944445
v -11.260704 60.534866 -1.388889
v -8.256584 59.682999 0.000000
v -7.547028 59.520889 -4.629629
v -11.286644 60.543457 0.000000
v -5.160759 59.077683 -5.555555
v -14.100723 61.615646 3.125000
v -12.705910 61.048309 2.083334
v -5.188812 59.082001 -4.166666
v -11.260704 60.534866 1.388889
v -3.125954 58.818649 -5.555555
v -3.665535 58.877029 -4.166666
v -7.547028 59.520889 4.629629
v -7.190025 59.444672 6.944445
v -7.492203 59.508942 7.407408
v -5.160759 59.077683 5.555555
v -3.665535 58.877029 4.166666
v -5.188812 59.082001 4.166666
v -3.125954 58.818649 5.555555
v -7.637924 96.244949 -7.407408
v -6.091621 96.553879 -5.555555
v -4.748123 96.770752 -5.555555
v -7.902214 96.185593 -6.944445
v -5.580269 96.641968 -4.166666
v -8.878922 95.949142 -6.944445
v -6.582100 96.462875 -4.166666
v -7.574005 96.259003 -4.166666
v -8.599831 96.019501 -4.629629
v -13.827370 94.292572 -2.083334
v -12.576942 94.790192 -1.388889
v -6.091621 96.553879 5.555555
v -5.580269 96.641968 4.166666
v -4.748123 96.770752 5.555555
v -6.582100 96.462875 4.166666
v -7.574005 96.259003 4.166666
v -12.719986 94.736221 0.000000
v -15.307968 93.622604 0.000000
v -8.599831 96.019501 4.629629
v -7.902214 96.185593 6.944445
v -7.637924 96.244949 7.407408
v -13.827370 94.292572 2.083334
v -12.576942 94.790192 1.388889
v -8.878922 95.949142 6.944445
v -23.803833 87.011978 -3.626543
v -23.642120 87.216537 -3.125000
v -23.577896 87.296158 -2.083334
v -23.447868 87.454697 0.000000
v -22.624229 88.385452 0.000000
v -26.331139 82.458298 -7.407408
v -24.196060 86.489441 -2.083334
v -26.309814 82.518433 -6.944445
v -26.565369 81.732101 -7.407408
v -26.491768 81.975052 -6.944445
v -24.865578 85.491943 -1.388889
v -26.331139 82.458298 -4.629629
v -25.453476 84.465332 -2.083334
v -23.577896 87.296158 2.083334
v -26.787521 80.875641 -5.555555
v -26.547386 81.792923 -4.166666
v -24.196060 86.489441 2.083334
v -23.642120 87.216537 3.125000
v -26.699089 81.243774 -4.166666
v -24.865578 85.491943 1.388889
v -23.803833 87.011978 3.626543
v -25.453476 84.465332 2.083334
v -26.865738 80.506058 0.000000
v -26.309814 82.518433 6.944445
v -26.331139 82.458298 4.629629
v -26.331139 82.458298 7.407408
v -26.787521 80.875641 5.555555
v -26.699089 81.243774 4.166666
v -26.547386 81.792923 4.166666
v -26.491768 81.975052 6.944445
v -26.565369 81.732101 7.407408
v -25.925575 72.320007 -4.398148
v -26.154602 72.874619 -3.626543
v -25.925575 72.320007 -3.356482
v -26.063354 72.646164 -3.125000
v -26.504990 73.877853 -1.388889
v -26.026581 72.557022 -2.083334
v -25.951225 72.379166 0.000000
v -26.486114 73.817245 0.000000
v -26.504990 73.877853 1.388889
v -25.449142 71.325287 0.000000
v -24.863045 70.296921 0.000000
v -26.026581 72.557022 2.083334
v -26.063354 72.646164 3.125000
v -26.154602 72.874619 3.626543
v -25.925575 72.320007 3.356482
v -24.195183 69.298019 0.000000
v -25.925575 72.320007 4.398148
v -14.155540 61.639481 -2.083334
v -14.155540 61.639481 2.083334
v -1.374550 58.678940 -7.407408
v -1.040123 58.660782 -6.944445
v -5.207512 59.084900 -1.388889
v -2.099487 58.727615 0.000000
v -1.393646 58.680054 -4.629629
v 1.038132 58.608292 -5.555555
v -5.216858 59.086349 0.000000
v 1.028542 58.608292 -4.166666
v -5.207512 59.084900 1.388889
v 3.107147 58.658661 -5.555555
v 2.580887 58.636124 -4.166666
v -1.393646 58.680054 4.629629
v -1.040123 58.660782 6.944445
v -1.374550 58.678940 7.407408
v 1.038132 58.608292 5.555555
v 1.028542 58.608292 4.166666
v 2.580887 58.636124 4.166666
v 3.107147 58.658661 5.555555
v -1.578583 97.100128 -7.407408
v 0.028183 97.171478 -5.555555
v 1.408623 97.182266 -5.555555
v -1.861534 97.080948 -6.944445
v 0.548897 97.180984 -4.166666
v -2.888824 96.994537 -6.944445
v -0.485756 97.155579 -4.166666
v -1.518143 97.103958 -4.166666
v -2.600777 97.021423 -4.629629
v -8.297081 96.093277 -2.083334
v -6.907761 96.398895 -1.388889
v 0.028183 97.171478 5.555555
v 1.408623 97.182266 5.555555
v 0.548897 97.180984 4.166666
v -0.485756 97.155579 4.166666
v -1.518143 97.103958 4.166666
v -7.070183 96.365906 0.000000
v -9.975525 95.650482 0.000000
v -2.600777 97.021423 4.629629
v -1.861534 97.080948 6.944445
v -1.578583 97.100128 7.407408
v -8.297081 96.093277 2.083334
v -6.907761 96.398895 1.388889
v -2.888824 96.994537 6.944445
v -15.980629 93.286118 -2.546297
v -15.723763 93.417145 -1.736111
v -15.585762 93.486221 -1.157408
v -15.585762 93.486221 1.157408
v -15.723763 93.417145 1.736111
v -15.980629 93.286118 2.546297
v -25.931190 83.471954 -4.398148
v -24.196060 86.489441 0.000000
v -24.865578 85.491943 0.000000
v -25.931190 83.471954 -3.356482
v -26.160553 82.917770 -3.626543
v -26.069214 83.146088 -3.125000
v -26.032387 83.235168 -2.083334
v -25.956894 83.412857 0.000000
v -25.453476 84.465332 0.000000
v -26.510590 81.914398 -1.388889
v -26.491768 81.975052 0.000000
v -26.032387 83.235168 2.083334
v -26.510590 81.914398 1.388889
v -25.931190 83.471954 3.356482
v -26.069214 83.146088 3.125000
v -26.160553 82.917770 3.626543
v -25.931190 83.471954 4.398148
v 4.836380 58.779922 -7.407408
v 5.175072 58.812241 -6.944445
v 6.539154 58.971497 -7.407408
v 6.196854 58.927109 -6.944445
v 1.022156 58.608307 -1.388889
v 4.138374 58.722214 0.000000
v 5.513176 58.847351 -4.629629
v 1.018959 58.608307 0.000000
v 8.221916 59.233902 -5.555555
v 6.705299 58.994110 -4.166666
v 1.022156 58.608307 1.388889
v 7.716454 59.147247 -4.166666
v 9.549568 59.494339 -5.555555
v 8.718834 59.325760 -4.166666
v 5.513176 58.847351 4.629629
v 5.175072 58.812241 6.944445
v 4.836380 58.779922 7.407408
v 6.196854 58.927109 6.944445
v 8.221916 59.233902 5.555555
v 6.705299 58.994110 4.166666
v 7.716454 59.147247 4.166666
v 8.718834 59.325760 4.166666
v 6.539154 58.971497 7.407408
v 9.549568 59.494339 5.555555
v 4.617294 97.028915 -7.407408
v 6.209198 96.859253 -5.555555
v 7.560486 96.665054 -5.555555
v 4.332718 97.052628 -6.944445
v 6.718605 96.791550 -4.166666
v 3.301888 97.121994 -6.944445
v 5.700142 96.920380 -4.166666
v 4.675430 97.023819 -4.166666
v 3.589645 97.105240 -4.629629
v -2.285377 97.048477 -2.083334
v -0.828079 97.141388 -1.388889
v 6.209198 96.859253 5.555555
v 7.560486 96.665054 5.555555
v 5.700142 96.920380 4.166666
v 6.718605 96.791550 4.166666
v 4.675430 97.023819 4.166666
v -0.999138 97.133209 0.000000
v -4.071114 96.862381 0.000000
v 3.589645 97.105240 4.629629
v 4.332718 97.052628 6.944445
v 4.617294 97.028915 7.407408
v -2.285377 97.048477 2.083334
v -0.828079 97.141388 1.388889
v 3.301888 97.121994 6.944445
v -10.773529 95.410080 -2.546297
v -10.475327 95.502243 -1.736111
v -10.309181 95.552383 -1.157408
v -10.309181 95.552383 1.157408
v -10.475327 95.502243 1.736111
v -10.773529 95.410080 2.546297
v 11.345024 59.925308 -6.944445
v 12.568764 60.274063 -7.407408
v 12.303986 60.194656 -6.944445
v 7.041161 59.042023 -1.388889
v 8.470673 59.279053 -2.083334
v 11.611832 59.997421 -4.629629
v 7.208771 59.067032 0.000000
v 10.206139 59.641190 0.000000
v 14.023468 60.751205 -5.555555
v 12.620407 60.289810 -4.166666
v 7.041161 59.042023 1.388889
v 13.559250 60.591232 -4.166666
v 15.237289 61.205658 -5.555555
v 14.481476 60.916397 -4.166666
v 8.470673 59.279053 2.083334
v 11.345024 59.925308 6.944445
v 11.611832 59.997421 4.629629
v 12.303986 60.194656 6.944445
v 14.023468 60.751205 5.555555
v 12.620407 60.289810 4.166666
v 14.481476 60.916397 4.166666
v 13.559250 60.591232 4.166666
v 12.568764 60.274063 7.407408
v 15.237289 61.205658 5.555555
v 10.646912 96.039597 -7.407408
v 12.148102 95.637787 -5.555555
v 13.407257 95.247009 -5.555555
v 10.375900 96.105087 -6.944445
v 12.623795 95.496140 -4.166666
v 9.391541 96.325470 -6.944445
v 11.669456 95.773239 -4.166666
v 10.701408 96.026184 -4.166666
v 9.666450 96.266647 -4.629629
v 3.905243 97.084534 -2.083334
v 5.359901 96.957611 -1.388889
v 12.148102 95.637787 5.555555
v 13.407257 95.247009 5.555555
v 10.701408 96.026184 4.166666
v 11.669456 95.773239 4.166666
v 12.623795 95.496140 4.166666
v 5.189537 96.975174 0.000000
v 2.098831 97.170334 0.000000
v 9.666450 96.266647 4.629629
v 10.375900 96.105087 6.944445
v 10.646912 96.039597 7.407408
v 3.905243 97.084534 2.083334
v 5.359901 96.957611 1.388889
v 9.391541 96.325470 6.944445
v -4.938202 96.742905 -2.546297
v -4.615959 96.789551 -1.736111
v -4.434570 96.814636 -1.157408
v -4.434570 96.814636 1.157408
v -4.615959 96.789551 1.736111
v -4.938202 96.742905 2.546297
v 10.921547 59.815231 -3.626543
v 10.573891 59.728790 -3.125000
v 10.451500 59.699203 -2.083334
v 16.851791 61.897842 -6.944445
v 17.935638 62.424454 -7.407408
v 17.702805 62.306839 -6.944445
v 12.934471 60.387436 -1.388889
v 14.253021 60.833069 -2.083334
v 17.090027 62.009109 -4.629629
v 10.451500 59.699203 2.083334
v 13.090851 60.437225 0.000000
v 15.831757 61.448380 0.000000
v 19.205673 63.112671 -5.555555
v 17.981659 62.447998 -4.166666
v 10.573891 59.728790 3.125000
v 12.934471 60.387436 1.388889
v 10.921547 59.815231 3.626543
v 18.803268 62.885757 -4.166666
v 20.248581 63.742508 -5.555555
v 19.601593 63.344467 -4.166666
v 14.253021 60.833069 2.083334
v 16.851791 61.897842 6.944445
v 17.090027 62.009109 4.629629
v 17.702805 62.306839 6.944445
v 19.205673 63.112671 5.555555
v 17.981659 62.447998 4.166666
v 18.803268 62.885757 4.166666
v 19.601593 63.344467 4.166666
v 17.935638 62.424454 7.407408
v 20.248581 63.742508 5.555555
v 16.226273 94.171860 -7.407408
v 17.564728 93.551010 -5.555555
v 18.670120 92.976730 -5.555555
v 15.982101 94.276962 -6.944445
v 17.984024 93.340088 -4.166666
v 15.090164 94.640839 -6.944445
v 17.140183 93.756393 -4.166666
v 16.275040 94.150574 -4.166666
v 15.339966 94.542038 -4.629629
v 9.967651 96.199783 -2.083334
v 11.348450 95.860184 -1.388889
v 17.564728 93.551010 5.555555
v 16.275040 94.150574 4.166666
v 17.140183 93.756393 4.166666
v 17.984024 93.340088 4.166666
v 18.670120 92.976730 5.555555
v 11.187393 95.902664 0.000000
v 8.230476 96.551178 0.000000
v 15.339966 94.542038 4.629629
v 15.982101 94.276962 6.944445
v 16.226273 94.171860 7.407408
v 9.967651 96.199783 2.083334
v 11.348450 95.860184 1.388889
v 15.090164 94.640839 6.944445
v 1.209572 97.183563 -2.546297
v 1.539925 97.180893 -1.736111
v 1.726257 97.178207 -1.157408
v 1.726257 97.178207 1.157408
v 1.539925 97.180893 1.736111
v 1.209572 97.183563 2.546297
v 16.474319 61.726501 -3.626543
v 16.162552 61.589478 -3.125000
v 16.052597 61.542084 -2.083334
v 21.609192 64.666489 -6.944445
v 22.503906 65.348419 -7.407408
v 22.313217 65.197540 -6.944445
v 18.257858 62.591461 -1.388889
v 19.404373 63.227936 -2.083334
v 21.807434 64.812058 -4.629629
v 16.052597 61.542084 2.083334
v 18.395020 62.664078 0.000000
v 20.753403 64.070831 0.000000
v 23.530121 66.218872 -5.555555
v 22.541687 65.378693 -4.166666
v 16.162552 61.589478 3.125000
v 18.257858 62.591461 1.388889
v 16.474319 61.726501 3.626543
v 23.207932 65.934296 -4.166666
v 24.351974 66.998810 -5.555555
v 23.844635 66.507690 -4.166666
v 19.404373 63.227936 2.083334
v 21.609192 64.666489 6.944445
v 21.807434 64.812058 4.629629
v 22.313217 65.197540 6.944445
v 23.530121 66.218872 5.555555
v 22.541687 65.378693 4.166666
v 23.844635 66.507690 4.166666
v 23.207932 65.934296 4.166666
v 22.503906 65.348419 7.407408
v 24.351974 66.998810 5.555555
v 21.084702 91.492996 -7.407408
v 22.198181 90.679520 -5.555555
v 23.098801 89.946365 -5.555555
v 20.879074 91.633347 -6.944445
v 22.541916 90.408371 -4.166666
v 20.122131 92.126099 -6.944445
v 21.847504 90.945984 -4.166666
v 21.125626 91.464722 -4.166666
v 20.334976 91.991196 -4.629629
v 15.612976 94.431320 -2.083334
v 16.854172 93.890244 -1.388889
v 22.198181 90.679520 5.555555
v 23.098801 89.946365 5.555555
v 21.847504 90.945984 4.166666
v 22.541916 90.408371 4.166666
v 21.125626 91.464722 4.166666
v 16.710297 93.956238 0.000000
v 14.026154 95.035721 0.000000
v 20.334976 91.991196 4.629629
v 20.879074 91.633347 6.944445
v 21.084702 91.492996 7.407408
v 15.612976 94.431320 2.083334
v 16.854172 93.890244 1.388889
v 20.122131 92.126099 6.944445
v 7.365067 96.696045 -2.546297
v 7.687019 96.644455 -1.736111
v 7.868469 96.614182 -1.157408
v 7.868469 96.614182 1.157408
v 7.687019 96.644455 1.736111
v 7.365067 96.696045 2.546297
v 20.638733 63.994827 -3.356482
v 21.294144 64.441177 -3.626543
v 21.032379 64.259415 -3.125000
v 20.939789 64.196243 -2.083334
v 25.360458 68.085129 -7.407408
v 25.390289 68.119873 -6.944445
v 26.047974 68.932938 -7.407408
v 25.909729 68.754013 -6.944445
v 22.766937 65.561844 -1.388889
v 23.688324 66.362732 -2.083334
v 25.537949 68.294434 -4.629629
v 20.939789 64.196243 2.083334
v 22.878357 65.654175 0.000000
v 20.638733 63.994827 3.356482
v 26.771973 69.955978 -5.555555
v 26.075287 68.968826 -4.166666
v 21.032379 64.259415 3.125000
v 22.766937 65.561844 1.388889
v 21.294144 64.441177 3.626543
v 26.548615 69.623291 -4.166666
v 27.323196 70.859558 -5.555555
v 26.986282 70.292068 -4.166666
v 23.688324 66.362732 2.083334
v 25.390289 68.119873 6.944445
v 25.537949 68.294434 4.629629
v 25.360458 68.085129 7.407408
v 25.909729 68.754013 6.944445
v 26.771973 69.955978 5.555555
v 26.075287 68.968826 4.166666
v 26.986282 70.292068 4.166666
v 26.548615 69.623291 4.166666
v 26.047974 68.932938 7.407408
v 27.323196 70.859558 5.555555
v 24.992874 88.114258 -7.407408
v 25.823593 87.138367 -5.555555
v 26.469910 86.272232 -5.555555
v 24.836136 88.284454 -6.944445
v 24.217926 88.919617 -7.407408
v 26.073227 86.816696 -4.166666
v 24.251358 88.886642 -6.944445
v 25.565414 87.456192 -4.166666
v 25.023941 88.080063 -4.166666
v 24.416977 88.721024 -4.629629
v 21.609909 91.121017 -1.388889
v 20.566834 91.841049 -2.083334
v 25.823593 87.138367 5.555555
v 26.469910 86.272232 5.555555
v 26.073227 86.816696 4.166666
v 25.565414 87.456192 4.166666
v 25.023941 88.080063 4.166666
v 21.489975 91.207733 0.000000
v 23.529678 89.567780 0.000000
v 19.207520 92.675430 0.000000
v 24.416977 88.721024 4.629629
v 21.609909 91.121017 1.388889
v 24.836136 88.284454 6.944445
v 24.992874 88.114258 7.407408
v 20.566834 91.841049 2.083334
v 24.251358 88.886642 6.944445
v 24.217926 88.919617 7.407408
v 14.141434 94.994919 -3.125000
v 13.225586 95.306564 -2.546297
v 13.524048 95.208130 -1.736111
v 13.691956 95.151443 -1.157408
v 13.691956 95.151443 1.157408
v 13.524048 95.208130 1.736111
v 14.141434 94.994919 3.125000
v 13.225586 95.306564 2.546297
v 24.726105 67.383194 -4.398148
v 24.653946 67.307465 -3.356482
v 25.153702 67.848785 -3.626543
v 24.955292 67.629028 -3.125000
v 24.884735 67.552444 -2.083334
v 24.742096 67.400070 0.000000
v 23.844635 66.507690 0.000000
v 27.955200 72.097824 -7.407408
v 27.973007 72.137070 -6.944445
v 28.349533 73.048141 -7.407408
v 28.273117 72.848785 -6.944445
v 26.771957 69.955963 -2.777779
v 26.236969 69.185318 -1.388889
v 26.880264 70.123611 -2.083334
v 28.060257 72.333771 -4.629629
v 24.884735 67.552444 2.083334
v 26.316345 69.294174 0.000000
v 27.574173 71.319687 0.000000
v 24.653946 67.307465 3.356482
v 28.720566 74.176392 -5.555555
v 28.364456 73.088089 -4.166666
v 24.955292 67.629028 3.125000
v 26.236969 69.185318 1.388889
v 25.153702 67.848785 3.626543
v 28.611923 73.811676 -4.166666
v 24.726105 67.383194 4.398148
v 28.960175 75.157135 -5.555555
v 28.819016 74.542831 -4.166666
v 26.880264 70.123611 2.083334
v 26.771957 69.955963 2.777779
v 29.052322 75.651291 0.000000
v 28.060257 72.333771 4.629629
v 28.364456 73.088089 4.166666
v 28.611923 73.811676 4.166666
v 28.571091 82.095200 -5.555555
v 27.973007 72.137070 6.944445
v 28.819016 74.542831 4.166666
v 27.729553 84.156128 -7.407408
v 27.955200 72.097824 7.407408
v 28.223221 83.056076 -5.555555
v 28.273117 72.848785 6.944445
v 27.631668 84.349884 -6.944445
v 28.720566 74.176392 5.555555
v 27.233276 85.078018 -7.407408
v 28.349533 73.048141 7.407408
v 28.361923 82.697540 -4.166666
v 27.255280 85.040024 -6.944445
v 28.960175 75.157135 5.555555
v 28.074738 83.412308 -4.166666
v 27.748795 84.117264 -4.166666
v 26.769562 85.829407 0.000000
v 27.363571 84.849503 -4.629629
v 28.718353 81.609406 0.000000
v 24.740891 88.385956 -2.777779
v 28.571091 82.095200 5.555555
v 28.361923 82.697540 4.166666
v 28.074738 83.412308 4.166666
v 25.388626 87.665909 -1.388889
v 24.596359 88.537369 -2.083334
v 27.748795 84.117264 4.166666
v 28.223221 83.056076 5.555555
v 25.298828 87.770111 0.000000
v 27.363571 84.849503 4.629629
v 25.388626 87.665909 1.388889
v 27.631668 84.349884 6.944445
v 27.729553 84.156128 7.407408
v 24.596359 88.537369 2.083334
v 27.255280 85.040024 6.944445
v 24.740891 88.385956 2.777779
v 27.233276 85.078018 7.407408
v 19.307129 92.617889 -3.125000
v 18.511505 93.062805 -2.546297
v 18.771729 92.920914 -1.736111
v 18.917755 92.839767 -1.157408
v 18.917755 92.839767 1.157408
v 18.771729 92.920914 1.736111
v 19.307129 92.617889 3.125000
v 18.511505 93.062805 2.546297
v 45.709091 89.678787 25.000000
v 45.709091 64.776154 25.000000
v 45.709091 89.678787 -25.000000
v 45.709091 64.776154 -25.000000
v 50.766617 94.736313 -25.000000
v 50.766617 94.736313 25.000000
v 50.518448 94.730225 -25.000000
v 50.518448 94.730225 25.000000
v 50.270889 94.711960 -25.000000
v 50.270889 94.711960 25.000000
v 50.024521 94.681580 -25.000000
v 50.024521 94.681580 25.000000
v 49.779938 94.639130 -25.000000
v 49.779938 94.639130 25.000000
v 49.537735 94.584747 -25.000000
v 49.537735 94.584747 25.000000
v 49.298492 94.518539 -25.000000
v 49.298492 94.518539 25.000000
v 49.062790 94.440674 -25.000000
v 49.062790 94.440674 25.000000
v 48.831177 94.351334 -25.000000
v 48.831177 94.351334 25.000000
v 48.604248 94.250732 -25.000000
v 48.604248 94.250732 25.000000
v 48.382507 94.139130 -25.000000
v 48.382507 94.139130 25.000000
v 48.166519 94.016769 -25.000000
v 48.166519 94.016769 25.000000
v 47.956802 93.883972 -25.000000
v 47.956802 93.883972 25.000000
v 47.753845 93.741028 -25.000000
v 47.753845 93.741028 25.000000
v 47.558151 93.588318 -25.000000
v 47.558151 93.588318 25.000000
v 47.370193 93.426163 -25.000000
v 47.370193 93.426163 25.000000
v 47.190399 93.255005 -25.000000
v 47.190399 93.255005 25.000000
v 47.019241 93.075211 -25.000000
v 47.019241 93.075211 25.000000
v 46.857101 92.887253 -25.000000
v 46.857101 92.887253 25.000000
v 46.704376 92.691559 -25.000000
v 46.704376 92.691559 25.000000
v 46.561432 92.488602 25.000000
v 46.561432 92.488602 -25.000000
v 46.428635 92.278885 -25.000000
v 46.428635 92.278885 25.000000
v 46.306274 92.062897 -25.000000
v 46.306274 92.062897 25.000000
v 46.194672 91.841156 -25.000000
v 46.194672 91.841156 25.000000
v 46.094070 91.614227 -25.000000
v 46.094070 91.614227 25.000000
v 46.004730 91.382629 25.000000
v 46.004730 91.382629 -25.000000
v 45.926865 91.146912 25.000000
v 45.926865 91.146912 -25.000000
v 45.860657 90.907669 25.000000
v 45.860657 90.907669 -25.000000
v 45.806274 90.665466 25.000000
v 45.806274 90.665466 -25.000000
v 45.763824 90.420883 25.000000
v 45.763824 90.420883 -25.000000
v 45.733444 90.174515 -25.000000
v 45.733444 90.174515 25.000000
v 45.715179 89.926956 25.000000
v 45.715179 89.926956 -25.000000
v 93.456848 94.736313 25.000000
v 93.456848 94.736313 -25.000000
v 98.514374 89.678787 -25.000000
v 98.514374 89.678787 25.000000
v 98.508286 89.926956 -25.000000
v 98.508286 89.926956 25.000000
v 98.490021 90.174515 -25.000000
v 98.490021 90.174515 25.000000
v 98.459625 90.420883 -25.000000
v 98.459625 90.420883 25.000000
v 98.417191 90.665466 -25.000000
v 98.417191 90.665466 25.000000
v 98.362808 90.907669 -25.000000
v 98.362808 90.907669 25.000000
v 98.296600 91.146912 -25.000000
v 98.296600 91.146912 25.000000
v 98.218735 91.382629 -25.000000
v 98.218735 91.382629 25.000000
v 98.129395 91.614227 -25.000000
v 98.129395 91.614227 25.000000
v 98.028793 91.841156 -25.000000
v 98.028793 91.841156 25.000000
v 97.917191 92.062897 -25.000000
v 97.917191 92.062897 25.000000
v 97.794830 92.278885 -25.000000
v 97.794830 92.278885 25.000000
v 97.662018 92.488602 -25.000000
v 97.662018 92.488602 25.000000
v 97.519089 92.691559 -25.000000
v 97.519089 92.691559 25.000000
v 97.366364 92.887253 -25.000000
v 97.366364 92.887253 25.000000
v 97.204224 93.075211 -25.000000
v 97.204224 93.075211 25.000000
v 97.033051 93.255005 -25.000000
v 97.033051 93.255005 25.000000
v 96.853271 93.426163 -25.000000
v 96.853271 93.426163 25.000000
v 96.665314 93.588318 -25.000000
v 96.665314 93.588318 25.000000
v 96.469604 93.741028 -25.000000
v 96.469604 93.741028 25.000000
v 96.266663 93.883972 25.000000
v 96.266663 93.883972 -25.000000
v 96.056931 94.016769 -25.000000
v 96.056931 94.016769 25.000000
v 95.840942 94.139130 -25.000000
v 95.840942 94.139130 25.000000
v 95.619217 94.250732 -25.000000
v 95.619217 94.250732 25.000000
v 95.392273 94.351334 -25.000000
v 95.392273 94.351334 25.000000
v 95.160675 94.440674 25.000000
v 95.160675 94.440674 -25.000000
v 94.924973 94.518539 25.000000
v 94.924973 94.518539 -25.000000
v 94.685730 94.584747 25.000000
v 94.685730 94.584747 -25.000000
v 94.443527 94.639130 25.000000
v 94.443527 94.639130 -25.000000
v 94.198944 94.681580 25.000000
v 94.198944 94.681580 -25.000000
v 93.952576 94.711960 -25.000000
v 93.952576 94.711960 25.000000
v 93.705017 94.730225 25.000000
v 93.705017 94.730225 -25.000000
v 98.514374 64.776154 25.000000
v 98.514374 64.776154 -25.000000
v 93.456848 59.718628 -25.000000
v 93.456848 59.718628 25.000000
v 93.705017 59.724731 -25.000000
v 93.705017 59.724731 25.000000
v 93.952576 59.742981 -25.000000
v 93.952576 59.742981 25.000000
v 94.198944 59.773376 -25.000000
v 94.198944 59.773376 25.000000
v 94.443527 59.815811 -25.000000
v 94.443527 59.815811 25.000000
v 94.685730 59.870209 -25.000000
v 94.685730 59.870209 25.000000
v 94.924973 59.936417 -25.000000
v 94.924973 59.936417 25.000000
v 95.160675 60.014282 -25.000000
v 95.160675 60.014282 25.000000
v 95.392273 60.103622 -25.000000
v 95.392273 60.103622 25.000000
v 95.619217 60.204208 -25.000000
v 95.619217 60.204208 25.000000
v 95.840942 60.315826 -25.000000
v 95.840942 60.315826 25.000000
v 96.056931 60.438171 -25.000000
v 96.056931 60.438171 25.000000
v 96.266663 60.570984 -25.000000
v 96.266663 60.570984 25.000000
v 96.469604 60.713913 -25.000000
v 96.469604 60.713913 25.000000
v 96.665314 60.866638 -25.000000
v 96.665314 60.866638 25.000000
v 96.853271 61.028778 -25.000000
v 96.853271 61.028778 25.000000
v 97.033051 61.199951 -25.000000
v 97.033051 61.199951 25.000000
v 97.204224 61.379730 -25.000000
v 97.204224 61.379730 25.000000
v 97.366364 61.567703 -25.000000
v 97.366364 61.567703 25.000000
v 97.519089 61.763397 -25.000000
v 97.519089 61.763397 25.000000
v 97.662018 61.966354 25.000000
v 97.662018 61.966354 -25.000000
v 97.794830 62.176071 -25.000000
v 97.794830 62.176071 25.000000
v 97.917191 62.392059 -25.000000
v 97.917191 62.392059 25.000000
v 98.028793 62.613785 -25.000000
v 98.028793 62.613785 25.000000
v 98.129395 62.840729 -25.000000
v 98.129395 62.840729 25.000000
v 98.218735 63.072327 25.000000
v 98.218735 63.072327 -25.000000
v 98.296600 63.308029 25.000000
v 98.296600 63.308029 -25.000000
v 98.362808 63.547272 25.000000
v 98.362808 63.547272 -25.000000
v 98.417191 63.789474 25.000000
v 98.417191 63.789474 -25.000000
v 98.459625 64.034058 25.000000
v 98.459625 64.034058 -25.000000
v 98.490021 64.280426 -25.000000
v 98.490021 64.280426 25.000000
v 98.508286 64.528000 25.000000
v 98.508286 64.528000 -25.000000
v 50.766617 59.718628 25.000000
v 50.766617 59.718628 -25.000000
v 45.715179 64.528000 -25.000000
v 45.715179 64.528000 25.000000
v 45.733444 64.280426 -25.000000
v 45.733444 64.280426 25.000000
v 45.763824 64.034058 -25.000000
v 45.763824 64.034058 25.000000
v 45.806274 63.789474 -25.000000
v 45.806274 63.789474 25.000000
v 45.860657 63.547272 -25.000000
v 45.860657 63.547272 25.000000
v 45.926865 63.308029 -25.000000
v 45.926865 63.308029 25.000000
v 46.004730 63.072327 -25.000000
v 46.004730 63.072327 25.000000
v 46.094070 62.840729 -25.000000
v 46.094070 62.840729 25.000000
v 46.194672 62.613785 -25.000000
v 46.194672 62.613785 25.000000
v 46.306274 62.392059 -25.000000
v 46.306274 62.392059 25.000000
v 46.428635 62.176071 -25.000000
v 46.428635 62.176071 25.000000
v 46.561432 61.966354 -25.000000
v 46.561432 61.966354 25.000000
v 46.704376 61.763397 -25.000000
v 46.704376 61.763397 25.000000
v 46.857101 61.567703 -25.000000
v 46.857101 61.567703 25.000000
v 47.019241 61.379730 -25.000000
v 47.019241 61.379730 25.000000
v 47.190399 61.199951 -25.000000
v 47.190399 61.199951 25.000000
v 47.370193 61.028778 -25.000000
v 47.370193 61.028778 25.000000
v 47.558151 60.866638 -25.000000
v 47.558151 60.866638 25.000000
v 47.753845 60.713913 -25.000000
v 47.753845 60.713913 25.000000
v 47.956802 60.570984 25.000000
v 47.956802 60.570984 -25.000000
v 48.166519 60.438171 -25.000000
v 48.166519 60.438171 25.000000
v 48.382507 60.315826 -25.000000
v 48.382507 60.315826 25.000000
v 48.604248 60.204208 -25.000000
v 48.604248 60.204208 25.000000
v 48.831177 60.103622 -25.000000
v 48.831177 60.103622 25.000000
v 49.062790 60.014282 25.000000
v 49.062790 60.014282 -25.000000
v 49.298492 59.936417 25.000000
v 49.298492 59.936417 -25.000000
v 49.537735 59.870209 25.000000
v 49.537735 59.870209 -25.000000
v 49.779938 59.815811 25.000000
v 49.779938 59.815811 -25.000000
v 50.024521 59.773376 25.000000
v 50.024521 59.773376 -25.000000
v 50.270889 59.742981 -25.000000
v 50.270889 59.742981 25.000000
v 50.518448 59.724731 25.000000
v 50.518448 59.724731 -25.000000
v 67.454514 -5.009964 25.000000
v 67.454514 -5.009964 -25.000000
v 67.449173 -5.227600 25.000000
v 67.449173 -5.227600 -25.000000
v 67.433166 -5.444717 25.000000
v 67.433166 -5.444717 -25.000000
v 67.406509 -5.660782 25.000000
v 67.406509 -5.660782 -25.000000
v 67.369293 -5.875290 25.000000
v 67.369293 -5.875290 -25.000000
v 67.321594 -6.087692 25.000000
v 67.321594 -6.087692 -25.000000
v 67.263535 -6.297516 25.000000
v 67.263535 -6.297516 -25.000000
v 67.195236 -6.504242 25.000000
v 67.195236 -6.504242 -25.000000
v 67.116882 -6.707352 25.000000
v 67.116882 -6.707352 -25.000000
v 67.028671 -6.906372 25.000000
v 67.028671 -6.906372 -25.000000
v 66.930786 -7.100845 25.000000
v 66.930786 -7.100845 -25.000000
v 66.823471 -7.290253 25.000000
v 66.823471 -7.290253 -25.000000
v 66.707001 -7.474182 25.000000
v 66.707001 -7.474182 -25.000000
v 66.581650 -7.652176 25.000000
v 66.581650 -7.652176 -25.000000
v 66.447708 -7.823807 25.000000
v 66.447708 -7.823807 -25.000000
v 66.305511 -7.988663 25.000000
v 66.305511 -7.988663 -25.000000
v 66.155396 -8.146332 25.000000
v 66.155396 -8.146332 -25.000000
v 65.997726 -8.296448 25.000000
v 65.997726 -8.296448 -25.000000
v 65.832870 -8.438644 25.000000
v 65.832870 -8.438644 -25.000000
v 65.661255 -8.572586 25.000000
v 65.661255 -8.572586 -25.000000
v 65.483261 -8.697937 -25.000000
v 65.483261 -8.697937 25.000000
v 65.299332 -8.814407 25.000000
v 65.299332 -8.814407 -25.000000
v 65.109909 -8.921722 25.000000
v 65.109909 -8.921722 -25.000000
v 64.915451 -9.019592 25.000000
v 64.915451 -9.019592 -25.000000
v 64.716415 -9.107819 25.000000
v 64.716415 -9.107819 -25.000000
v 64.513306 -9.186172 -25.000000
v 64.513306 -9.186172 25.000000
v 64.306580 -9.254456 -25.000000
v 64.306580 -9.254456 25.000000
v 64.096771 -9.312531 -25.000000
v 64.096771 -9.312531 25.000000
v 63.884354 -9.360229 -25.000000
v 63.884354 -9.360229 25.000000
v 63.669846 -9.397446 -25.000000
v 63.669846 -9.397446 25.000000
v 63.453781 -9.424088 25.000000
v 63.453781 -9.424088 -25.000000
v 63.236664 -9.440109 -25.000000
v 63.236664 -9.440109 25.000000
v 63.019028 -9.445450 -25.000000
v 63.019028 -9.445450 25.000000
v 44.427597 -9.445450 25.000000
v 44.427597 -9.445450 -25.000000
v 44.209961 -9.440109 25.000000
v 44.209961 -9.440109 -25.000000
v 43.992844 -9.424088 25.000000
v 43.992844 -9.424088 -25.000000
v 43.776779 -9.397446 25.000000
v 43.776779 -9.397446 -25.000000
v 43.562286 -9.360229 25.000000
v 43.562286 -9.360229 -25.000000
v 43.349869 -9.312531 25.000000
v 43.349869 -9.312531 -25.000000
v 43.140045 -9.254456 25.000000
v 43.140045 -9.254456 -25.000000
v 42.933334 -9.186172 25.000000
v 42.933334 -9.186172 -25.000000
v 42.730209 -9.107819 25.000000
v 42.730209 -9.107819 -25.000000
v 42.531189 -9.019592 25.000000
v 42.531189 -9.019592 -25.000000
v 42.336731 -8.921722 25.000000
v 42.336731 -8.921722 -25.000000
v 42.147308 -8.814407 25.000000
v 42.147308 -8.814407 -25.000000
v 41.963379 -8.697937 25.000000
v 41.963379 -8.697937 -25.000000
v 41.785385 -8.572586 25.000000
v 41.785385 -8.572586 -25.000000
v 41.613754 -8.438644 25.000000
v 41.613754 -8.438644 -25.000000
v 41.448914 -8.296448 25.000000
v 41.448914 -8.296448 -25.000000
v 41.291245 -8.146332 25.000000
v 41.291245 -8.146332 -25.000000
v 41.141129 -7.988663 25.000000
v 41.141129 -7.988663 -25.000000
v 40.998917 -7.823807 25.000000
v 40.998917 -7.823807 -25.000000
v 40.864990 -7.652176 25.000000
v 40.864990 -7.652176 -25.000000
v 40.739624 -7.474182 -25.000000
v 40.739624 -7.474182 25.000000
v 40.623154 -7.290253 25.000000
v 40.623154 -7.290253 -25.000000
v 40.515854 -7.100845 25.000000
v 40.515854 -7.100845 -25.000000
v 40.417969 -6.906372 25.000000
v 40.417969 -6.906372 -25.000000
v 40.329742 -6.707352 25.000000
v 40.329742 -6.707352 -25.000000
v 40.251389 -6.504242 -25.000000
v 40.251389 -6.504242 25.000000
v 40.183105 -6.297516 -25.000000
v 40.183105 -6.297516 25.000000
v 40.125046 -6.087692 -25.000000
v 40.125046 -6.087692 25.000000
v 40.077347 -5.875290 -25.000000
v 40.077347 -5.875290 25.000000
v 40.040115 -5.660782 -25.000000
v 40.040115 -5.660782 25.000000
v 40.013474 -5.444717 25.000000
v 40.013474 -5.444717 -25.000000
v 39.997452 -5.227600 -25.000000
v 39.997452 -5.227600 25.000000
v 39.992111 -5.009964 -25.000000
v 39.992111 -5.009964 25.000000
v 39.992111 13.581467 -25.000000
v 39.992111 13.581467 25.000000
v 102.158875 18.016953 25.000000
v 102.158875 18.016953 -25.000000
v 102.376511 18.011612 25.000000
v 102.376511 18.011612 -25.000000
v 102.593628 17.995590 25.000000
v 102.593628 17.995590 -25.000000
v 102.809708 17.968948 25.000000
v 102.809708 17.968948 -25.000000
v 103.024200 17.931732 25.000000
v 103.024200 17.931732 -25.000000
v 103.236618 17.884033 25.000000
v 103.236618 17.884033 -25.000000
v 103.446426 17.825958 25.000000
v 103.446426 17.825958 -25.000000
v 103.653152 17.757675 25.000000
v 103.653152 17.757675 -25.000000
v 103.856262 17.679321 25.000000
v 103.856262 17.679321 -25.000000
v 104.055298 17.591095 25.000000
v 104.055298 17.591095 -25.000000
v 104.249756 17.493210 25.000000
v 104.249756 17.493210 -25.000000
v 104.439178 17.385910 25.000000
v 104.439178 17.385910 -25.000000
v 104.623108 17.269440 25.000000
v 104.623108 17.269440 -25.000000
v 104.801102 17.144089 25.000000
v 104.801102 17.144089 -25.000000
v 104.972717 17.010147 25.000000
v 104.972717 17.010147 -25.000000
v 105.137573 16.867950 25.000000
v 105.137573 16.867950 -25.000000
v 105.295242 16.717834 25.000000
v 105.295242 16.717834 -25.000000
v 105.445358 16.560150 25.000000
v 105.445358 16.560150 -25.000000
v 105.587555 16.395309 25.000000
v 105.587555 16.395309 -25.000000
v 105.721497 16.223679 25.000000
v 105.721497 16.223679 -25.000000
v 105.846848 16.045685 -25.000000
v 105.846848 16.045685 25.000000
v 105.963318 15.861755 25.000000
v 105.963318 15.861755 -25.000000
v 106.070633 15.672333 25.000000
v 106.070633 15.672333 -25.000000
v 106.168518 15.477875 25.000000
v 106.168518 15.477875 -25.000000
v 106.256729 15.278854 25.000000
v 106.256729 15.278854 -25.000000
v 106.335083 15.075729 -25.000000
v 106.335083 15.075729 25.000000
v 106.403381 14.869019 -25.000000
v 106.403381 14.869019 25.000000
v 106.461441 14.659195 -25.000000
v 106.461441 14.659195 25.000000
v 106.509140 14.446793 -25.000000
v 106.509140 14.446793 25.000000
v 106.546356 14.232285 -25.000000
v 106.546356 14.232285 25.000000
v 106.573013 14.016220 25.000000
v 106.573013 14.016220 -25.000000
v 106.589020 13.799103 -25.000000
v 106.589020 13.799103 25.000000
v 106.594360 13.581467 -25.000000
v 106.594360 13.581467 25.000000
v 106.594360 -5.009964 -25.000000
v 106.594360 -5.009964 25.000000
v 83.567444 18.016953 -25.000000
v 83.567444 18.016953 25.000000
v 106.589020 -5.227600 25.000000
v 106.589020 -5.227600 -25.000000
v 106.573013 -5.444717 25.000000
v 106.573013 -5.444717 -25.000000
v 106.546356 -5.660782 25.000000
v 106.546356 -5.660782 -25.000000
v 106.509140 -5.875290 25.000000
v 106.509140 -5.875290 -25.000000
v 106.461441 -6.087692 25.000000
v 106.461441 -6.087692 -25.000000
v 106.403381 -6.297516 25.000000
v 106.403381 -6.297516 -25.000000
v 106.335083 -6.504242 25.000000
v 106.335083 -6.504242 -25.000000
v 106.256729 -6.707352 25.000000
v 106.256729 -6.707352 -25.000000
v 106.168518 -6.906372 25.000000
v 106.168518 -6.906372 -25.000000
v 106.070633 -7.100845 25.000000
v 106.070633 -7.100845 -25.000000
v 105.963318 -7.290253 25.000000
v 105.963318 -7.290253 -25.000000
v 105.846848 -7.474182 25.000000
v 105.846848 -7.474182 -25.000000
v 105.721497 -7.652176 25.000000
v 105.721497 -7.652176 -25.000000
v 105.587555 -7.823807 25.000000
v 105.587555 -7.823807 -25.000000
v 105.445358 -7.988663 25.000000
v 105.445358 -7.988663 -25.000000
v 105.295242 -8.146332 25.000000
v 105.295242 -8.146332 -25.000000
v 105.137573 -8.296448 25.000000
v 105.137573 -8.296448 -25.000000
v 104.972717 -8.438644 25.000000
v 104.972717 -8.438644 -25.000000
v 104.801102 -8.572586 25.000000
v 104.801102 -8.572586 -25.000000
v 104.623108 -8.697937 -25.000000
v 104.623108 -8.697937 25.000000
v 104.439178 -8.814407 25.000000
v 104.439178 -8.814407 -25.000000
v 104.249756 -8.921722 25.000000
v 104.249756 -8.921722 -25.000000
v 104.055298 -9.019592 25.000000
v 104.055298 -9.019592 -25.000000
v 103.856262 -9.107819 25.000000
v 103.856262 -9.107819 -25.000000
v 103.653152 -9.186172 -25.000000
v 103.653152 -9.186172 25.000000
v 103.446426 -9.254456 -25.000000
v 103.446426 -9.254456 25.000000
v 103.236618 -9.312531 -25.000000
v 103.236618 -9.312531 25.000000
v 103.024200 -9.360229 -25.000000
v 103.024200 -9.360229 25.000000
v 102.809708 -9.397446 -25.000000
v 102.809708 -9.397446 25.000000
v 102.593628 -9.424088 25.000000
v 102.593628 -9.424088 -25.000000
v 102.376511 -9.440109 -25.000000
v 102.376511 -9.440109 25.000000
v 102.158875 -9.445450 -25.000000
v 102.158875 -9.445450 25.000000
v 83.567444 -9.445450 -25.000000
v 83.567444 -9.445450 25.000000
v 63.019028 18.016953 25.000000
v 63.019028 18.016953 -25.000000
v 63.236664 18.011612 25.000000
v 63.236664 18.011612 -25.000000
v 63.453781 17.995590 25.000000
v 63.453781 17.995590 -25.000000
v 63.669846 17.968948 25.000000
v 63.669846 17.968948 -25.000000
v 63.884354 17.931732 25.000000
v 63.884354 17.931732 -25.000000
v 64.096771 17.884033 25.000000
v 64.096771 17.884033 -25.000000
v 64.306580 17.825958 25.000000
v 64.306580 17.825958 -25.000000
v 64.513306 17.757675 25.000000
v 64.513306 17.757675 -25.000000
v 64.716415 17.679321 25.000000
v 64.716415 17.679321 -25.000000
v 64.915451 17.591095 25.000000
v 64.915451 17.591095 -25.000000
v 65.109909 17.493210 25.000000
v 65.109909 17.493210 -25.000000
v 65.299332 17.385910 25.000000
v 65.299332 17.385910 -25.000000
v 65.483261 17.269440 25.000000
v 65.483261 17.269440 -25.000000
v 65.661255 17.144089 25.000000
v 65.661255 17.144089 -25.000000
v 65.832870 17.010147 25.000000
v 65.832870 17.010147 -25.000000
v 65.997726 16.867950 25.000000
v 65.997726 16.867950 -25.000000
v 66.155396 16.717834 25.000000
v 66.155396 16.717834 -25.000000
v 66.305511 16.560150 25.000000
v 66.305511 16.560150 -25.000000
v 66.447708 16.395309 25.000000
v 66.447708 16.395309 -25.000000
v 66.581650 16.223679 25.000000
v 66.581650 16.223679 -25.000000
v 66.707001 16.045685 -25.000000
v 66.707001 16.045685 25.000000
v 66.823471 15.861755 25.000000
v 66.823471 15.861755 -25.000000
v 66.930786 15.672333 25.000000
v 66.930786 15.672333 -25.000000
v 67.028671 15.477875 25.000000
v 67.028671 15.477875 -25.000000
v 67.116882 15.278854 25.000000
v 67.116882 15.278854 -25.000000
v 67.195236 15.075729 -25.000000
v 67.195236 15.075729 25.000000
v 67.263535 14.869019 -25.000000
v 67.263535 14.869019 25.000000
v 67.321594 14.659195 -25.000000
v 67.321594 14.659195 25.000000
v 67.369293 14.446793 -25.000000
v 67.369293 14.446793 25.000000
v 67.406509 14.232285 -25.000000
v 67.406509 14.232285 25.000000
v 67.433166 14.016220 25.000000
v 67.433166 14.016220 -25.000000
v 67.449173 13.799103 -25.000000
v 67.449173 13.799103 25.000000
v 67.454514 13.581467 -25.000000
v 67.454514 13.581467 25.000000
v 39.997452 13.799103 25.000000
v 39.997452 13.799103 -25.000000
v 40.013474 14.016220 25.000000
v 40.013474 14.016220 -25.000000
v 40.040115 14.232285 25.000000
v 40.040115 14.232285 -25.000000
v 40.077347 14.446793 25.000000
v 40.077347 14.446793 -25.000000
v 40.125046 14.659195 25.000000
v 40.125046 14.659195 -25.000000
v 40.183105 14.869019 25.000000
v 40.183105 14.869019 -25.000000
v 40.251389 15.075729 25.000000
v 40.251389 15.075729 -25.000000
v 40.329742 15.278854 25.000000
v 40.329742 15.278854 -25.000000
v 40.417969 15.477875 25.000000
v 40.417969 15.477875 -25.000000
v 40.515854 15.672333 25.000000
v 40.515854 15.672333 -25.000000
v 40.623154 15.861755 25.000000
v 40.623154 15.861755 -25.000000
v 40.739624 16.045685 25.000000
v 40.739624 16.045685 -25.000000
v 40.864990 16.223679 25.000000
v 40.864990 16.223679 -25.000000
v 40.998917 16.395309 25.000000
v 40.998917 16.395309 -25.000000
v 41.141129 16.560150 25.000000
v 41.141129 16.560150 -25.000000
v 41.291245 16.717834 25.000000
v 41.291245 16.717834 -25.000000
v 41.448914 16.867950 25.000000
v 41.448914 16.867950 -25.000000
v 41.613754 17.010147 25.000000
v 41.613754 17.010147 -25.000000
v 41.785385 17.144089 25.000000
v 41.785385 17.144089 -25.000000
v 41.963379 17.269440 -25.000000
v 41.963379 17.269440 25.000000
v 42.147308 17.385910 25.000000
v 42.147308 17.385910 -25.000000
v 42.336731 17.493210 25.000000
v 42.336731 17.493210 -25.000000
v 42.531189 17.591095 25.000000
v 42.531189 17.591095 -25.000000
v 42.730209 17.679321 25.000000
v 42.730209 17.679321 -25.000000
v 42.933334 17.757675 -25.000000
v 42.933334 17.757675 25.000000
v 43.140045 17.825958 -25.000000
v 43.140045 17.825958 25.000000
v 43.349869 17.884033 -25.000000
v 43.349869 17.884033 25.000000
v 43.562286 17.931732 -25.000000
v 43.562286 17.931732 25.000000
v 43.776779 17.968948 -25.000000
v 43.776779 17.968948 25.000000
v 43.992844 17.995590 25.000000
v 43.992844 17.995590 -25.000000
v 44.209961 18.011612 -25.000000
v 44.209961 18.011612 25.000000
v 44.427597 18.016953 -25.000000
v 44.427597 18.016953 25.000000
v 83.349808 -9.440109 25.000000
v 83.349808 -9.440109 -25.000000
v 83.132690 -9.424088 25.000000
v 83.132690 -9.424088 -25.000000
v 82.916626 -9.397446 25.000000
v 82.916626 -9.397446 -25.000000
v 82.702133 -9.360229 25.000000
v 82.702133 -9.360229 -25.000000
v 82.489716 -9.312531 25.000000
v 82.489716 -9.312531 -25.000000
v 82.279892 -9.254456 25.000000
v 82.279892 -9.254456 -25.000000
v 82.073181 -9.186172 25.000000
v 82.073181 -9.186172 -25.000000
v 81.870056 -9.107819 25.000000
v 81.870056 -9.107819 -25.000000
v 81.671036 -9.019592 25.000000
v 81.671036 -9.019592 -25.000000
v 81.476578 -8.921722 25.000000
v 81.476578 -8.921722 -25.000000
v 81.287155 -8.814407 25.000000
v 81.287155 -8.814407 -25.000000
v 81.103226 -8.697937 25.000000
v 81.103226 -8.697937 -25.000000
v 80.925232 -8.572586 25.000000
v 80.925232 -8.572586 -25.000000
v 80.753601 -8.438644 25.000000
v 80.753601 -8.438644 -25.000000
v 80.588760 -8.296448 25.000000
v 80.588760 -8.296448 -25.000000
v 80.431091 -8.146332 25.000000
v 80.431091 -8.146332 -25.000000
v 80.280975 -7.988663 25.000000
v 80.280975 -7.988663 -25.000000
v 80.138779 -7.823807 25.000000
v 80.138779 -7.823807 -25.000000
v 80.004837 -7.652176 25.000000
v 80.004837 -7.652176 -25.000000
v 79.879471 -7.474182 -25.000000
v 79.879471 -7.474182 25.000000
v 79.763000 -7.290253 25.000000
v 79.763000 -7.290253 -25.000000
v 79.655701 -7.100845 25.000000
v 79.655701 -7.100845 -25.000000
v 79.557816 -6.906372 25.000000
v 79.557816 -6.906372 -25.000000
v 79.469589 -6.707352 25.000000
v 79.469589 -6.707352 -25.000000
v 79.391235 -6.504242 -25.000000
v 79.391235 -6.504242 25.000000
v 79.322952 -6.297516 -25.000000
v 79.322952 -6.297516 25.000000
v 79.264893 -6.087692 -25.000000
v 79.264893 -6.087692 25.000000
v 79.217194 -5.875290 -25.000000
v 79.217194 -5.875290 25.000000
v 79.179962 -5.660782 -25.000000
v 79.179962 -5.660782 25.000000
v 79.153320 -5.444717 25.000000
v 79.153320 -5.444717 -25.000000
v 79.137299 -5.227600 -25.000000
v 79.137299 -5.227600 25.000000
v 79.131958 -5.009964 -25.000000
v 79.131958 -5.009964 25.000000
v 79.131958 13.581467 -25.000000
v 79.131958 13.581467 25.000000
v 79.137299 13.799103 25.000000
v 79.137299 13.799103 -25.000000
v 79.153320 14.016220 25.000000
v 79.153320 14.016220 -25.000000
v 79.179962 14.232285 25.000000
v 79.179962 14.232285 -25.000000
v 79.217194 14.446793 25.000000
v 79.217194 14.446793 -25.000000
v 79.264893 14.659195 25.000000
v 79.264893 14.659195 -25.000000
v 79.322952 14.869019 25.000000
v 79.322952 14.869019 -25.000000
v 79.391235 15.075729 25.000000
v 79.391235 15.075729 -25.000000
v 79.469589 15.278854 25.000000
v 79.469589 15.278854 -25.000000
v 79.557816 15.477875 25.000000
v 79.557816 15.477875 -25.000000
v 79.655701 15.672333 25.000000
v 79.655701 15.672333 -25.000000
v 79.763000 15.861755 25.000000
v 79.763000 15.861755 -25.000000
v 79.879471 16.045685 25.000000
v 79.879471 16.045685 -25.000000
v 80.004837 16.223679 25.000000
v 80.004837 16.223679 -25.000000
v 80.138779 16.395309 25.000000
v 80.138779 16.395309 -25.000000
v 80.280975 16.560150 25.000000
v 80.280975 16.560150 -25.000000
v 80.431091 16.717834 25.000000
v 80.431091 16.717834 -25.000000
v 80.588760 16.867950 25.000000
v 80.588760 16.867950 -25.000000
v 80.753601 17.010147 25.000000
v 80.753601 17.010147 -25.000000
v 80.925232 17.144089 25.000000
v 80.925232 17.144089 -25.000000
v 81.103226 17.269440 -25.000000
v 81.103226 17.269440 25.000000
v 81.287155 17.385910 25.000000
v 81.287155 17.385910 -25.000000
v 81.476578 17.493210 25.000000
v 81.476578 17.493210 -25.000000
v 81.671036 17.591095 25.000000
v 81.671036 17.591095 -25.000000
v 81.870056 17.679321 25.000000
v 81.870056 17.679321 -25.000000
v 82.073181 17.757675 -25.000000
v 82.073181 17.757675 25.000000
v 82.279892 17.825958 -25.000000
v 82.279892 17.825958 25.000000
v 82.489716 17.884033 -25.000000
v 82.489716 17.884033 25.000000
v 82.702133 17.931732 -25.000000
v 82.702133 17.931732 25.000000
v 82.916626 17.968948 -25.000000
v 82.916626 17.968948 25.000000
v 83.132690 17.995590 25.000000
v 83.132690 17.995590 -25.000000
v 83.349808 18.011612 -25.000000
v 83.349808 18.011612 25.000000
v 97.740280 -58.824402 25.000000
v 45.563324 -58.824402 25.000000
v 97.740280 -58.824402 -25.000000
v 45.563324 -58.824402 -25.000000
v 102.797806 -63.881920 -25.000000
v 102.797806 -63.881920 25.000000
v 102.791702 -63.633759 -25.000000
v 102.791702 -63.633759 25.000000
v 102.773453 -63.386200 -25.000000
v 102.773453 -63.386200 25.000000
v 102.743057 -63.139824 -25.000000
v 102.743057 -63.139824 25.000000
v 102.700623 -62.895248 -25.000000
v 102.700623 -62.895248 25.000000
v 102.646225 -62.653046 -25.000000
v 102.646225 -62.653046 25.000000
v 102.580032 -62.413803 -25.000000
v 102.580032 -62.413803 25.000000
v 102.502151 -62.178093 -25.000000
v 102.502151 -62.178093 25.000000
v 102.412827 -61.946487 -25.000000
v 102.412827 -61.946487 25.000000
v 102.312225 -61.719551 -25.000000
v 102.312225 -61.719551 25.000000
v 102.200607 -61.497818 -25.000000
v 102.200607 -61.497818 25.000000
v 102.078262 -61.281837 -25.000000
v 102.078262 -61.281837 25.000000
v 101.945450 -61.072113 -25.000000
v 101.945450 -61.072113 25.000000
v 101.802521 -60.869156 -25.000000
v 101.802521 -60.869156 25.000000
v 101.649796 -60.673462 -25.000000
v 101.649796 -60.673462 25.000000
v 101.487656 -60.485497 -25.000000
v 101.487656 -60.485497 25.000000
v 101.316483 -60.305710 -25.000000
v 101.316483 -60.305710 25.000000
v 101.136703 -60.134544 -25.000000
v 101.136703 -60.134544 25.000000
v 100.948730 -59.972404 -25.000000
v 100.948730 -59.972404 25.000000
v 100.753037 -59.819679 -25.000000
v 100.753037 -59.819679 25.000000
v 100.550095 -59.676743 25.000000
v 100.550095 -59.676743 -25.000000
v 100.340363 -59.543938 -25.000000
v 100.340363 -59.543938 25.000000
v 100.124374 -59.421585 -25.000000
v 100.124374 -59.421585 25.000000
v 99.902649 -59.309975 -25.000000
v 99.902649 -59.309975 25.000000
v 99.675705 -59.209381 -25.000000
v 99.675705 -59.209381 25.000000
v 99.444107 -59.120041 25.000000
v 99.444107 -59.120041 -25.000000
v 99.208405 -59.042175 25.000000
v 99.208405 -59.042175 -25.000000
v 98.969162 -58.975967 25.000000
v 98.969162 -58.975967 -25.000000
v 98.726959 -58.921577 25.000000
v 98.726959 -58.921577 -25.000000
v 98.482376 -58.879143 25.000000
v 98.482376 -58.879143 -25.000000
v 98.236008 -58.848755 -25.000000
v 98.236008 -58.848755 25.000000
v 97.988434 -58.830490 25.000000
v 97.988434 -58.830490 -25.000000
v 102.797806 -92.342079 25.000000
v 102.797806 -92.342079 -25.000000
v 97.740280 -97.399601 -25.000000
v 97.740280 -97.399601 25.000000
v 97.988434 -97.393509 -25.000000
v 97.988434 -97.393509 25.000000
v 98.236008 -97.375248 -25.000000
v 98.236008 -97.375248 25.000000
v 98.482376 -97.344860 -25.000000
v 98.482376 -97.344860 25.000000
v 98.726959 -97.302422 -25.000000
v 98.726959 -97.302422 25.000000
v 98.969162 -97.248032 -25.000000
v 98.969162 -97.248032 25.000000
v 99.208405 -97.181824 -25.000000
v 99.208405 -97.181824 25.000000
v 99.444107 -97.103958 -25.000000
v 99.444107 -97.103958 25.000000
v 99.675705 -97.014618 -25.000000
v 99.675705 -97.014618 25.000000
v 99.902649 -96.914024 -25.000000
v 99.902649 -96.914024 25.000000
v 100.124374 -96.802414 -25.000000
v 100.124374 -96.802414 25.000000
v 100.340363 -96.680061 -25.000000
v 100.340363 -96.680061 25.000000
v 100.550095 -96.547253 -25.000000
v 100.550095 -96.547253 25.000000
v 100.753037 -96.404320 -25.000000
v 100.753037 -96.404320 25.000000
v 100.948730 -96.251595 -25.000000
v 100.948730 -96.251595 25.000000
v 101.136703 -96.089455 -25.000000
v 101.136703 -96.089455 25.000000
v 101.316483 -95.918285 -25.000000
v 101.316483 -95.918285 25.000000
v 101.487656 -95.738503 -25.000000
v 101.487656 -95.738503 25.000000
v 101.649796 -95.550537 -25.000000
v 101.649796 -95.550537 25.000000
v 101.802521 -95.354839 -25.000000
v 101.802521 -95.354839 25.000000
v 101.945450 -95.151886 25.000000
v 101.945450 -95.151886 -25.000000
v 102.078262 -94.942165 -25.000000
v 102.078262 -94.942165 25.000000
v 102.200607 -94.726177 -25.000000
v 102.200607 -94.726177 25.000000
v 102.312225 -94.504448 -25.000000
v 102.312225 -94.504448 25.000000
v 102.412827 -94.277508 -25.000000
v 102.412827 -94.277508 25.000000
v 102.502151 -94.045906 25.000000
v 102.502151 -94.045906 -25.000000
v 102.580032 -93.810200 25.000000
v 102.580032 -93.810200 -25.000000
v 102.646225 -93.570957 25.000000
v 102.646225 -93.570957 -25.000000
v 102.700623 -93.328754 25.000000
v 102.700623 -93.328754 -25.000000
v 102.743057 -93.084171 25.000000
v 102.743057 -93.084171 -25.000000
v 102.773453 -92.837803 -25.000000
v 102.773453 -92.837803 25.000000
v 102.791702 -92.590240 25.000000
v 102.791702 -92.590240 -25.000000
v 93.900131 -97.399601 25.000000
v 93.900131 -97.399601 -25.000000
v 88.906052 -93.140636 25.000000
v 88.950851 -93.382793 25.000000
v 88.906052 -93.140636 -25.000000
v 88.950851 -93.382793 -25.000000
v 89.007370 -93.622486 25.000000
v 89.007370 -93.622486 -25.000000
v 89.075500 -93.859138 25.000000
v 89.075500 -93.859138 -25.000000
v 89.155075 -94.092197 25.000000
v 89.155075 -94.092197 -25.000000
v 89.245895 -94.321106 25.000000
v 89.245895 -94.321106 -25.000000
v 89.347748 -94.545322 25.000000
v 89.347748 -94.545322 -25.000000
v 89.460388 -94.764313 25.000000
v 89.460388 -94.764313 -25.000000
v 89.583557 -94.977562 25.000000
v 89.583557 -94.977562 -25.000000
v 89.716980 -95.184563 25.000000
v 89.716980 -95.184563 -25.000000
v 89.860306 -95.384823 25.000000
v 89.860306 -95.384823 -25.000000
v 90.013199 -95.577869 25.000000
v 90.013199 -95.577869 -25.000000
v 90.175323 -95.763245 25.000000
v 90.175323 -95.763245 -25.000000
v 90.346283 -95.940506 25.000000
v 90.346283 -95.940506 -25.000000
v 90.525665 -96.109234 25.000000
v 90.525665 -96.109234 -25.000000
v 90.713043 -96.269035 25.000000
v 90.713043 -96.269035 -25.000000
v 90.907974 -96.419521 25.000000
v 90.907974 -96.419521 -25.000000
v 91.110016 -96.560341 25.000000
v 91.110016 -96.560341 -25.000000
v 91.318649 -96.691162 25.000000
v 91.318649 -96.691162 -25.000000
v 91.533417 -96.811668 -25.000000
v 91.533417 -96.811668 25.000000
v 91.753799 -96.921577 25.000000
v 91.753799 -96.921577 -25.000000
v 91.979279 -97.020626 25.000000
v 91.979279 -97.020626 -25.000000
v 92.209290 -97.108585 -25.000000
v 92.209290 -97.108585 25.000000
v 92.443329 -97.185242 25.000000
v 92.443329 -97.185242 -25.000000
v 92.680817 -97.250416 25.000000
v 92.680817 -97.250416 -25.000000
v 92.921188 -97.303951 -25.000000
v 92.921188 -97.303951 25.000000
v 93.163879 -97.345722 -25.000000
v 93.163879 -97.345722 25.000000
v 93.408325 -97.375629 -25.000000
v 93.408325 -97.375629 25.000000
v 93.653931 -97.393604 -25.000000
v 93.653931 -97.393604 25.000000
v 88.748215 -92.289387 -25.000000
v 88.748215 -92.289387 25.000000
v 88.548416 -91.446999 -25.000000
v 88.548416 -91.446999 25.000000
v 88.307129 -90.615543 -25.000000
v 88.307129 -90.615543 25.000000
v 88.024948 -89.797058 -25.000000
v 88.024948 -89.797058 25.000000
v 87.702576 -88.993553 -25.000000
v 87.702576 -88.993553 25.000000
v 87.340805 -88.207005 -25.000000
v 87.340805 -88.207005 25.000000
v 86.940521 -87.439339 -25.000000
v 86.940521 -87.439339 25.000000
v 86.502701 -86.692444 -25.000000
v 86.502701 -86.692444 25.000000
v 86.028427 -85.968155 -25.000000
v 86.028427 -85.968155 25.000000
v 85.518860 -85.268242 -25.000000
v 85.518860 -85.268242 25.000000
v 84.975250 -84.594429 -25.000000
v 84.975250 -84.594429 25.000000
v 84.398926 -83.948372 -25.000000
v 84.398926 -83.948372 25.000000
v 83.791306 -83.331650 -25.000000
v 83.791306 -83.331650 25.000000
v 83.153900 -82.745781 -25.000000
v 83.153900 -82.745781 25.000000
v 82.488235 -82.192207 -25.000000
v 82.488235 -82.192207 25.000000
v 81.795990 -81.672279 -25.000000
v 81.795990 -81.672279 25.000000
v 81.078827 -81.187286 -25.000000
v 81.078827 -81.187286 25.000000
v 80.338531 -80.738403 -25.000000
v 80.338531 -80.738403 25.000000
v 79.576904 -80.326744 -25.000000
v 79.576904 -80.326744 25.000000
v 78.795822 -79.953316 25.000000
v 78.795822 -79.953316 -25.000000
v 77.997208 -79.619026 -25.000000
v 77.997208 -79.619026 25.000000
v 77.182999 -79.324715 -25.000000
v 77.182999 -79.324715 25.000000
v 76.355225 -79.071083 25.000000
v 76.355225 -79.071083 -25.000000
v 75.515900 -78.858772 25.000000
v 75.515900 -78.858772 -25.000000
v 74.667099 -78.688293 -25.000000
v 74.667099 -78.688293 25.000000
v 73.810883 -78.560066 -25.000000
v 73.810883 -78.560066 25.000000
v 72.949371 -78.474403 -25.000000
v 72.949371 -78.474403 25.000000
v 72.084686 -78.431526 -25.000000
v 72.084686 -78.431526 25.000000
v 71.218918 -78.431526 25.000000
v 71.218918 -78.431526 -25.000000
v 70.354218 -78.474403 -25.000000
v 70.354218 -78.474403 25.000000
v 69.492706 -78.560066 -25.000000
v 69.492706 -78.560066 25.000000
v 68.636505 -78.688293 25.000000
v 68.636505 -78.688293 -25.000000
v 67.787689 -78.858772 25.000000
v 67.787689 -78.858772 -25.000000
v 66.948380 -79.071083 -25.000000
v 66.948380 -79.071083 25.000000
v 66.120590 -79.324715 25.000000
v 66.120590 -79.324715 -25.000000
v 65.306396 -79.619026 -25.000000
v 65.306396 -79.619026 25.000000
v 64.507782 -79.953316 25.000000
v 64.507782 -79.953316 -25.000000
v 63.726700 -80.326744 25.000000
v 63.726700 -80.326744 -25.000000
v 62.965073 -80.738403 -25.000000
v 62.965073 -80.738403 25.000000
v 62.224777 -81.187286 25.000000
v 62.224777 -81.187286 -25.000000
v 61.507614 -81.672279 25.000000
v 61.507614 -81.672279 -25.000000
v 60.815353 -82.192207 25.000000
v 60.815353 -82.192207 -25.000000
v 60.149704 -82.745781 25.000000
v 60.149704 -82.745781 -25.000000
v 59.512283 -83.331650 -25.000000
v 59.512283 -83.331650 25.000000
v 58.904678 -83.948372 25.000000
v 58.904678 -83.948372 -25.000000
v 58.328354 -84.594429 -25.000000
v 58.328354 -84.594429 25.000000
v 57.784744 -85.268242 25.000000
v 57.784744 -85.268242 -25.000000
v 57.275177 -85.968155 -25.000000
v 57.275177 -85.968155 25.000000
v 56.800888 -86.692444 25.000000
v 56.800888 -86.692444 -25.000000
v 56.363068 -87.439339 25.000000
v 56.363068 -87.439339 -25.000000
v 55.962784 -88.207005 -25.000000
v 55.962784 -88.207005 25.000000
v 55.601013 -88.993553 25.000000
v 55.601013 -88.993553 -25.000000
v 55.278656 -89.797058 25.000000
v 55.278656 -89.797058 -25.000000
v 54.996475 -90.615543 25.000000
v 54.996475 -90.615543 -25.000000
v 54.755188 -91.446999 25.000000
v 54.755188 -91.446999 -25.000000
v 54.555389 -92.289387 -25.000000
v 54.555389 -92.289387 25.000000
v 54.397552 -93.140636 25.000000
v 54.397552 -93.140636 -25.000000
v 49.403473 -97.399601 -25.000000
v 49.403473 -97.399601 25.000000
v 49.649658 -97.393604 -25.000000
v 49.649658 -97.393604 25.000000
v 49.895279 -97.375629 -25.000000
v 49.895279 -97.375629 25.000000
v 50.139709 -97.345722 -25.000000
v 50.139709 -97.345722 25.000000
v 50.382416 -97.303951 -25.000000
v 50.382416 -97.303951 25.000000
v 50.622787 -97.250416 -25.000000
v 50.622787 -97.250416 25.000000
v 50.860275 -97.185242 -25.000000
v 50.860275 -97.185242 25.000000
v 51.094299 -97.108585 -25.000000
v 51.094299 -97.108585 25.000000
v 51.324326 -97.020626 -25.000000
v 51.324326 -97.020626 25.000000
v 51.549789 -96.921577 -25.000000
v 51.549789 -96.921577 25.000000
v 51.770172 -96.811668 -25.000000
v 51.770172 -96.811668 25.000000
v 51.984940 -96.691162 -25.000000
v 51.984940 -96.691162 25.000000
v 52.193588 -96.560341 -25.000000
v 52.193588 -96.560341 25.000000
v 52.395615 -96.419521 -25.000000
v 52.395615 -96.419521 25.000000
v 52.590561 -96.269035 -25.000000
v 52.590561 -96.269035 25.000000
v 52.777939 -96.109234 25.000000
v 52.777939 -96.109234 -25.000000
v 52.957321 -95.940506 -25.000000
v 52.957321 -95.940506 25.000000
v 53.128265 -95.763245 -25.000000
v 53.128265 -95.763245 25.000000
v 53.290390 -95.577869 25.000000
v 53.290390 -95.577869 -25.000000
v 53.443298 -95.384823 25.000000
v 53.443298 -95.384823 -25.000000
v 53.586624 -95.184563 -25.000000
v 53.586624 -95.184563 25.000000
v 53.720032 -94.977562 25.000000
v 53.720032 -94.977562 -25.000000
v 53.843216 -94.764313 25.000000
v 53.843216 -94.764313 -25.000000
v 53.955856 -94.545322 -25.000000
v 53.955856 -94.545322 25.000000
v 54.057709 -94.321106 25.000000
v 54.057709 -94.321106 -25.000000
v 54.148529 -94.092197 25.000000
v 54.148529 -94.092197 -25.000000
v 54.228104 -93.859138 -25.000000
v 54.228104 -93.859138 25.000000
v 54.296234 -93.622486 -25.000000
v 54.296234 -93.622486 25.000000
v 54.352753 -93.382793 25.000000
v 54.352753 -93.382793 -25.000000
v 45.563324 -97.399601 25.000000
v 45.563324 -97.399601 -25.000000
v 40.505798 -92.342079 -25.000000
v 40.505798 -92.342079 25.000000
v 40.511887 -92.590240 -25.000000
v 40.511887 -92.590240 25.000000
v 40.530151 -92.837803 -25.000000
v 40.530151 -92.837803 25.000000
v 40.560547 -93.084171 -25.000000
v 40.560547 -93.084171 25.000000
v 40.602982 -93.328754 -25.000000
v 40.602982 -93.328754 25.000000
v 40.657364 -93.570957 -25.000000
v 40.657364 -93.570957 25.000000
v 40.723572 -93.810200 -25.000000
v 40.723572 -93.810200 25.000000
v 40.801437 -94.045906 -25.000000
v 40.801437 -94.045906 25.000000
v 40.890778 -94.277508 -25.000000
v 40.890778 -94.277508 25.000000
v 40.991379 -94.504448 -25.000000
v 40.991379 -94.504448 25.000000
v 41.102982 -94.726177 -25.000000
v 41.102982 -94.726177 25.000000
v 41.225342 -94.942165 -25.000000
v 41.225342 -94.942165 25.000000
v 41.358139 -95.151886 -25.000000
v 41.358139 -95.151886 25.000000
v 41.501083 -95.354839 -25.000000
v 41.501083 -95.354839 25.000000
v 41.653809 -95.550537 -25.000000
v 41.653809 -95.550537 25.000000
v 41.815948 -95.738503 -25.000000
v 41.815948 -95.738503 25.000000
v 41.987106 -95.918285 -25.000000
v 41.987106 -95.918285 25.000000
v 42.166901 -96.089455 -25.000000
v 42.166901 -96.089455 25.000000
v 42.354858 -96.251595 -25.000000
v 42.354858 -96.251595 25.000000
v 42.550552 -96.404320 -25.000000
v 42.550552 -96.404320 25.000000
v 42.753510 -96.547253 25.000000
v 42.753510 -96.547253 -25.000000
v 42.963242 -96.680061 -25.000000
v 42.963242 -96.680061 25.000000
v 43.179214 -96.802414 -25.000000
v 43.179214 -96.802414 25.000000
v 43.400955 -96.914024 -25.000000
v 43.400955 -96.914024 25.000000
v 43.627884 -97.014618 -25.000000
v 43.627884 -97.014618 25.000000
v 43.859497 -97.103958 25.000000
v 43.859497 -97.103958 -25.000000
v 44.095200 -97.181824 25.000000
v 44.095200 -97.181824 -25.000000
v 44.334442 -97.248032 25.000000
v 44.334442 -97.248032 -25.000000
v 44.576645 -97.302422 25.000000
v 44.576645 -97.302422 -25.000000
v 44.821228 -97.344860 25.000000
v 44.821228 -97.344860 -25.000000
v 45.067596 -97.375248 -25.000000
v 45.067596 -97.375248 25.000000
v 45.315155 -97.393509 25.000000
v 45.315155 -97.393509 -25.000000
v 40.505798 -63.881920 25.000000
v 40.505798 -63.881920 -25.000000
v 45.315155 -58.830490 -25.000000
v 45.315155 -58.830490 25.000000
v 45.067596 -58.848755 -25.000000
v 45.067596 -58.848755 25.000000
v 44.821228 -58.879143 -25.000000
v 44.821228 -58.879143 25.000000
v 44.576645 -58.921577 -25.000000
v 44.576645 -58.921577 25.000000
v 44.334442 -58.975967 -25.000000
v 44.334442 -58.975967 25.000000
v 44.095200 -59.042175 -25.000000
v 44.095200 -59.042175 25.000000
v 43.859497 -59.120041 -25.000000
v 43.859497 -59.120041 25.000000
v 43.627884 -59.209381 -25.000000
v 43.627884 -59.209381 25.000000
v 43.400955 -59.309975 -25.000000
v 43.400955 -59.309975 25.000000
v 43.179214 -59.421585 -25.000000
v 43.179214 -59.421585 25.000000
v 42.963242 -59.543938 -25.000000
v 42.963242 -59.543938 25.000000
v 42.753510 -59.676743 -25.000000
v 42.753510 -59.676743 25.000000
v 42.550552 -59.819679 -25.000000
v 42.550552 -59.819679 25.000000
v 42.354858 -59.972404 -25.000000
v 42.354858 -59.972404 25.000000
v 42.166901 -60.134544 -25.000000
v 42.166901 -60.134544 25.000000
v 41.987106 -60.305710 -25.000000
v 41.987106 -60.305710 25.000000
v 41.815948 -60.485497 -25.000000
v 41.815948 -60.485497 25.000000
v 41.653809 -60.673462 -25.000000
v 41.653809 -60.673462 25.000000
v 41.501083 -60.869156 -25.000000
v 41.501083 -60.869156 25.000000
v 41.358139 -61.072113 25.000000
v 41.358139 -61.072113 -25.000000
v 41.225342 -61.281837 -25.000000
v 41.225342 -61.281837 25.000000
v 41.102982 -61.497818 -25.000000
v 41.102982 -61.497818 25.000000
v 40.991379 -61.719551 -25.000000
v 40.991379 -61.719551 25.000000
v 40.890778 -61.946487 -25.000000
v 40.890778 -61.946487 25.000000
v 40.801437 -62.178093 25.000000
v 40.801437 -62.178093 -25.000000
v 40.723572 -62.413803 25.000000
v 40.723572 -62.413803 -25.000000
v 40.657364 -62.653046 25.000000
v 40.657364 -62.653046 -25.000000
v 40.602982 -62.895248 25.000000
v 40.602982 -62.895248 -25.000000
v 40.560547 -63.139824 25.000000
v 40.560547 -63.139824 -25.000000
v 40.530151 -63.386200 -25.000000
v 40.530151 -63.386200 25.000000
v 40.511887 -63.633759 25.000000
v 40.511887 -63.633759 -25.000000
v -32.333435 -85.949890 -25.000000
v -32.319756 -85.401382 -25.000000
v -32.333435 -85.949890 25.000000
v -32.319756 -85.401382 25.000000
v -32.278748 -84.854248 -25.000000
v -32.278748 -84.854248 25.000000
v -32.210526 -84.309830 -25.000000
v -32.210526 -84.309830 25.000000
v -32.115250 -83.769493 -25.000000
v -32.115250 -83.769493 25.000000
v -31.993156 -83.234573 -25.000000
v -31.993156 -83.234573 25.000000
v -31.844559 -82.706406 -25.000000
v -31.844559 -82.706406 25.000000
v -31.669807 -82.186302 -25.000000
v -31.669807 -82.186302 25.000000
v -31.469353 -81.675552 -25.000000
v -31.469353 -81.675552 25.000000
v -31.243690 -81.175430 -25.000000
v -31.243690 -81.175430 25.000000
v -30.993385 -80.687180 -25.000000
v -30.993385 -80.687180 25.000000
v -30.719048 -80.212013 -25.000000
v -30.719048 -80.212013 25.000000
v -30.421364 -79.751114 -25.000000
v -30.421364 -79.751114 25.000000
v -30.101082 -79.305626 -25.000000
v -30.101082 -79.305626 25.000000
v -29.758987 -78.876656 -25.000000
v -29.758987 -78.876656 25.000000
v -29.395935 -78.465271 -25.000000
v -29.395935 -78.465271 25.000000
v -29.012833 -78.072495 -25.000000
v -29.012833 -78.072495 25.000000
v -28.610626 -77.699295 -25.000000
v -28.610626 -77.699295 25.000000
v -28.190315 -77.346619 -25.000000
v -28.190315 -77.346619 25.000000
v -27.752945 -77.015327 -25.000000
v -27.752945 -77.015327 25.000000
v -27.299614 -76.706245 -25.000000
v -27.299614 -76.706245 25.000000
v -26.831429 -76.420143 -25.000000
v -26.831429 -76.420143 25.000000
v -26.349571 -76.157738 -25.000000
v -26.349571 -76.157738 25.000000
v -25.855232 -75.919678 -25.000000
v -25.855232 -75.919678 25.000000
v -25.349648 -75.706558 -25.000000
v -25.349648 -75.706558 25.000000
v -24.834061 -75.518898 -25.000000
v -24.834061 -75.518898 25.000000
v -24.309761 -75.357170 -25.000000
v -24.309761 -75.357170 25.000000
v -23.778053 -75.221786 -25.000000
v -23.778053 -75.221786 25.000000
v -23.240257 -75.113068 -25.000000
v -23.240257 -75.113068 25.000000
v -22.697708 -75.031288 -25.000000
v -22.697708 -75.031288 25.000000
v -22.151764 -74.976662 -25.000000
v -22.151764 -74.976662 25.000000
v -21.603767 -74.949310 -25.000000
v -21.603767 -74.949310 25.000000
v -21.055092 -74.949310 -25.000000
v -21.055092 -74.949310 25.000000
v -20.507103 -74.976662 -25.000000
v -20.507103 -74.976662 25.000000
v -19.961151 -75.031288 -25.000000
v -19.961151 -75.031288 25.000000
v -19.418610 -75.113068 -25.000000
v -19.418610 -75.113068 25.000000
v -18.880814 -75.221786 -25.000000
v -18.880814 -75.221786 25.000000
v -18.349106 -75.357170 -25.000000
v -18.349106 -75.357170 25.000000
v -17.824806 -75.518898 -25.000000
v -17.824806 -75.518898 25.000000
v -17.309219 -75.706558 -25.000000
v -17.309219 -75.706558 25.000000
v -16.803627 -75.919678 -25.000000
v -16.803627 -75.919678 25.000000
v -16.309288 -76.157738 -25.000000
v -16.309288 -76.157738 25.000000
v -15.827431 -76.420143 -25.000000
v -15.827431 -76.420143 25.000000
v -15.359253 -76.706245 -25.000000
v -15.359253 -76.706245 25.000000
v -14.905914 -77.015327 -25.000000
v -14.905914 -77.015327 25.000000
v -14.468552 -77.346619 -25.000000
v -14.468552 -77.346619 25.000000
v -14.048241 -77.699295 -25.000000
v -14.048241 -77.699295 25.000000
v -13.646034 -78.072495 -25.000000
v -13.646034 -78.072495 25.000000
v -13.262932 -78.465271 -25.000000
v -13.262932 -78.465271 25.000000
v -12.899879 -78.876656 -25.000000
v -12.899879 -78.876656 25.000000
v -12.557785 -79.305626 -25.000000
v -12.557785 -79.305626 25.000000
v -12.237503 -79.751114 -25.000000
v -12.237503 -79.751114 25.000000
v -11.939819 -80.212013 -25.000000
v -11.939819 -80.212013 25.000000
v -11.665482 -80.687180 -25.000000
v -11.665482 -80.687180 25.000000
v -11.415169 -81.175430 -25.000000
v -11.415169 -81.175430 25.000000
v -11.189507 -81.675552 -25.000000
v -11.189507 -81.675552 25.000000
v -10.989052 -82.186302 -25.000000
v -10.989052 -82.186302 25.000000
v -10.814308 -82.706406 -25.000000
v -10.814308 -82.706406 25.000000
v -10.665703 -83.234573 -25.000000
v -10.665703 -83.234573 25.000000
v -10.543617 -83.769493 -25.000000
v -10.543617 -83.769493 25.000000
v -10.448341 -84.309830 -25.000000
v -10.448341 -84.309830 25.000000
v -10.380112 -84.854248 -25.000000
v -10.380112 -84.854248 25.000000
v -10.339111 -85.401382 -25.000000
v -10.339111 -85.401382 25.000000
v -10.325432 -85.949890 -25.000000
v -10.325432 -85.949890 25.000000
v -10.339111 -86.498394 -25.000000
v -10.339111 -86.498394 25.000000
v -10.380112 -87.045536 -25.000000
v -10.380112 -87.045536 25.000000
v -10.448341 -87.589951 -25.000000
v -10.448341 -87.589951 25.000000
v -10.543617 -88.130291 -25.000000
v -10.543617 -88.130291 25.000000
v -10.665703 -88.665207 -25.000000
v -10.665703 -88.665207 25.000000
v -10.814308 -89.193375 -25.000000
v -10.814308 -89.193375 25.000000
v -10.989052 -89.713478 -25.000000
v -10.989052 -89.713478 25.000000
v -11.189507 -90.224228 -25.000000
v -11.189507 -90.224228 25.000000
v -11.415169 -90.724346 -25.000000
v -11.415169 -90.724346 25.000000
v -11.665482 -91.212597 -25.000000
v -11.665482 -91.212597 25.000000
v -11.939819 -91.687763 -25.000000
v -11.939819 -91.687763 25.000000
v -12.237503 -92.148663 -25.000000
v -12.237503 -92.148663 25.000000
v -12.557785 -92.594154 -25.000000
v -12.557785 -92.594154 25.000000
v -12.899879 -93.023125 -25.000000
v -12.899879 -93.023125 25.000000
v -13.262932 -93.434509 -25.000000
v -13.262932 -93.434509 25.000000
v -13.646034 -93.827290 -25.000000
v -13.646034 -93.827290 25.000000
v -14.048241 -94.200481 -25.000000
v -14.048241 -94.200481 25.000000
v -14.468552 -94.553162 -25.000000
v -14.468552 -94.553162 25.000000
v -14.905914 -94.884457 -25.000000
v -14.905914 -94.884457 25.000000
v -15.359253 -95.193535 -25.000000
v -15.359253 -95.193535 25.000000
v -15.827431 -95.479633 -25.000000
v -15.827431 -95.479633 25.000000
v -16.309288 -95.742039 -25.000000
v -16.309288 -95.742039 25.000000
v -16.803627 -95.980099 -25.000000
v -16.803627 -95.980099 25.000000
v -17.309219 -96.193226 -25.000000
v -17.309219 -96.193226 25.000000
v -17.824806 -96.380882 -25.000000
v -17.824806 -96.380882 25.000000
v -18.349106 -96.542606 -25.000000
v -18.349106 -96.542606 25.000000
v -18.880814 -96.677998 -25.000000
v -18.880814 -96.677998 25.000000
v -19.418610 -96.786713 -25.000000
v -19.418610 -96.786713 25.000000
v -19.961151 -96.868488 -25.000000
v -19.961151 -96.868488 25.000000
v -20.507103 -96.923119 -25.000000
v -20.507103 -96.923119 25.000000
v -21.055092 -96.950470 -25.000000
v -21.055092 -96.950470 25.000000
v -21.603767 -96.950470 -25.000000
v -21.603767 -96.950470 25.000000
v -22.151764 -96.923119 -25.000000
v -22.151764 -96.923119 25.000000
v -22.697708 -96.868488 -25.000000
v -22.697708 -96.868488 25.000000
v -23.240257 -96.786713 -25.000000
v -23.240257 -96.786713 25.000000
v -23.778053 -96.677998 -25.000000
v -23.778053 -96.677998 25.000000
v -24.309761 -96.542606 -25.000000
v -24.309761 -96.542606 25.000000
v -24.834061 -96.380882 -25.000000
v -24.834061 -96.380882 25.000000
v -25.349648 -96.193226 -25.000000
v -25.349648 -96.193226 25.000000
v -25.855232 -95.980099 -25.000000
v -25.855232 -95.980099 25.000000
v -26.349571 -95.742039 -25.000000
v -26.349571 -95.742039 25.000000
v -26.831429 -95.479633 -25.000000
v -26.831429 -95.479633 25.000000
v -27.299614 -95.193535 -25.000000
v -27.299614 -95.193535 25.000000
v -27.752945 -94.884457 -25.000000
v -27.752945 -94.884457 25.000000
v -28.190315 -94.553162 -25.000000
v -28.190315 -94.553162 25.000000
v -28.610626 -94.200481 25.000000
v -28.610626 -94.200481 -25.000000
v -29.012833 -93.827290 -25.000000
v -29.012833 -93.827290 25.000000
v -29.395935 -93.434509 -25.000000
v -29.395935 -93.434509 25.000000
v -29.758987 -93.023125 -25.000000
v -29.758987 -93.023125 25.000000
v -30.101082 -92.594154 -25.000000
v -30.101082 -92.594154 25.000000
v -30.421364 -92.148663 -25.000000
v -30.421364 -92.148663 25.000000
v -30.719048 -91.687763 -25.000000
v -30.719048 -91.687763 25.000000
v -30.993385 -91.212597 -25.000000
v -30.993385 -91.212597 25.000000
v -31.243690 -90.724346 -25.000000
v -31.243690 -90.724346 25.000000
v -31.469353 -90.224228 -25.000000
v -31.469353 -90.224228 25.000000
v -31.669807 -89.713478 -25.000000
v -31.669807 -89.713478 25.000000
v -31.844559 -89.193375 -25.000000
v -31.844559 -89.193375 25.000000
v -31.993156 -88.665207 -25.000000
v -31.993156 -88.665207 25.000000
v -32.115250 -88.130291 25.000000
v -32.115250 -88.130291 -25.000000
v -32.210526 -87.589951 -25.000000
v -32.210526 -87.589951 25.000000
v -32.278748 -87.045536 -25.000000
v -32.278748 -87.045536 25.000000
v -32.319756 -86.498394 -25.000000
v -32.319756 -86.498394 25.000000
v -16.493431 -58.514206 -25.000000
v -16.479752 -57.965698 -25.000000
v -16.493431 -58.514206 25.000000
v -16.479752 -57.965698 25.000000
v -16.438751 -57.418564 -25.000000
v -16.438751 -57.418564 25.000000
v -16.370529 -56.874146 -25.000000
v -16.370529 -56.874146 25.000000
v -16.275253 -56.333801 -25.000000
v -16.275253 -56.333801 25.000000
v -16.153160 -55.798889 -25.000000
v -16.153160 -55.798889 25.000000
v -16.004555 -55.270721 -25.000000
v -16.004555 -55.270721 25.000000
v -15.829811 -54.750618 -25.000000
v -15.829811 -54.750618 25.000000
v -15.629356 -54.239868 -25.000000
v -15.629356 -54.239868 25.000000
v -15.403694 -53.739746 -25.000000
v -15.403694 -53.739746 25.000000
v -15.153381 -53.251495 -25.000000
v -15.153381 -53.251495 25.000000
v -14.879044 -52.776329 -25.000000
v -14.879044 -52.776329 25.000000
v -14.581367 -52.315430 -25.000000
v -14.581367 -52.315430 25.000000
v -14.261078 -51.869942 -25.000000
v -14.261078 -51.869942 25.000000
v -13.918983 -51.440971 -25.000000
v -13.918983 -51.440971 25.000000
v -13.555939 -51.029587 -25.000000
v -13.555939 -51.029587 25.000000
v -13.172829 -50.636803 -25.000000
v -13.172829 -50.636803 25.000000
v -12.770622 -50.263611 -25.000000
v -12.770622 -50.263611 25.000000
v -12.350311 -49.910934 -25.000000
v -12.350311 -49.910934 25.000000
v -11.912949 -49.579636 -25.000000
v -11.912949 -49.579636 25.000000
v -11.459610 -49.270561 -25.000000
v -11.459610 -49.270561 25.000000
v -10.991432 -48.984459 -25.000000
v -10.991432 -48.984459 25.000000
v -10.509575 -48.722054 -25.000000
v -10.509575 -48.722054 25.000000
v -10.015236 -48.483994 -25.000000
v -10.015236 -48.483994 25.000000
v -9.509644 -48.270874 -25.000000
v -9.509644 -48.270874 25.000000
v -8.994057 -48.083214 -25.000000
v -8.994057 -48.083214 25.000000
v -8.469757 -47.921486 -25.000000
v -8.469757 -47.921486 25.000000
v -7.938049 -47.786095 -25.000000
v -7.938049 -47.786095 25.000000
v -7.400253 -47.677383 -25.000000
v -7.400253 -47.677383 25.000000
v -6.857712 -47.595604 -25.000000
v -6.857712 -47.595604 25.000000
v -6.311760 -47.540977 -25.000000
v -6.311760 -47.540977 25.000000
v -5.763771 -47.513626 -25.000000
v -5.763771 -47.513626 25.000000
v -5.215096 -47.513626 -25.000000
v -5.215096 -47.513626 25.000000
v -4.667099 -47.540977 -25.000000
v -4.667099 -47.540977 25.000000
v -4.121155 -47.595604 -25.000000
v -4.121155 -47.595604 25.000000
v -3.578606 -47.677383 -25.000000
v -3.578606 -47.677383 25.000000
v -3.040810 -47.786095 -25.000000
v -3.040810 -47.786095 25.000000
v -2.509102 -47.921486 -25.000000
v -2.509102 -47.921486 25.000000
v -1.984802 -48.083214 -25.000000
v -1.984802 -48.083214 25.000000
v -1.469223 -48.270874 -25.000000
v -1.469223 -48.270874 25.000000
v -0.963631 -48.483994 -25.000000
v -0.963631 -48.483994 25.000000
v -0.469292 -48.722054 -25.000000
v -0.469292 -48.722054 25.000000
v 0.012566 -48.984459 -25.000000
v 0.012566 -48.984459 25.000000
v 0.480743 -49.270561 -25.000000
v 0.480743 -49.270561 25.000000
v 0.934082 -49.579636 -25.000000
v 0.934082 -49.579636 25.000000
v 1.371452 -49.910934 -25.000000
v 1.371452 -49.910934 25.000000
v 1.791756 -50.263611 -25.000000
v 1.791756 -50.263611 25.000000
v 2.193962 -50.636803 -25.000000
v 2.193962 -50.636803 25.000000
v 2.577072 -51.029587 -25.000000
v 2.577072 -51.029587 25.000000
v 2.940125 -51.440971 -25.000000
v 2.940125 -51.440971 25.000000
v 3.282211 -51.869942 -25.000000
v 3.282211 -51.869942 25.000000
v 3.602501 -52.315430 -25.000000
v 3.602501 -52.315430 25.000000
v 3.900177 -52.776329 -25.000000
v 3.900177 -52.776329 25.000000
v 4.174515 -53.251495 -25.000000
v 4.174515 -53.251495 25.000000
v 4.424828 -53.739746 -25.000000
v 4.424828 -53.739746 25.000000
v 4.650490 -54.239868 -25.000000
v 4.650490 -54.239868 25.000000
v 4.850945 -54.750618 -25.000000
v 4.850945 -54.750618 25.000000
v 5.025688 -55.270721 -25.000000
v 5.025688 -55.270721 25.000000
v 5.174294 -55.798889 -25.000000
v 5.174294 -55.798889 25.000000
v 5.296387 -56.333801 -25.000000
v 5.296387 -56.333801 25.000000
v 5.391663 -56.874146 -25.000000
v 5.391663 -56.874146 25.000000
v 5.459885 -57.418564 -25.000000
v 5.459885 -57.418564 25.000000
v 5.500893 -57.965698 -25.000000
v 5.500893 -57.965698 25.000000
v 5.514565 -58.514206 -25.000000
v 5.514565 -58.514206 25.000000
v 5.500893 -59.062706 -25.000000
v 5.500893 -59.062706 25.000000
v 5.459885 -59.609848 -25.000000
v 5.459885 -59.609848 25.000000
v 5.391663 -60.154266 -25.000000
v 5.391663 -60.154266 25.000000
v 5.296387 -60.694603 -25.000000
v 5.296387 -60.694603 25.000000
v 5.174294 -61.229523 -25.000000
v 5.174294 -61.229523 25.000000
v 5.025688 -61.757690 -25.000000
v 5.025688 -61.757690 25.000000
v 4.850945 -62.277794 -25.000000
v 4.850945 -62.277794 25.000000
v 4.650490 -62.788544 -25.000000
v 4.650490 -62.788544 25.000000
v 4.424828 -63.288658 -25.000000
v 4.424828 -63.288658 25.000000
v 4.174515 -63.776909 -25.000000
v 4.174515 -63.776909 25.000000
v 3.900177 -64.252075 -25.000000
v 3.900177 -64.252075 25.000000
v 3.602501 -64.712982 -25.000000
v 3.602501 -64.712982 25.000000
v 3.282211 -65.158470 -25.000000
v 3.282211 -65.158470 25.000000
v 2.940125 -65.587440 -25.000000
v 2.940125 -65.587440 25.000000
v 2.577072 -65.998825 -25.000000
v 2.577072 -65.998825 25.000000
v 2.193962 -66.391602 -25.000000
v 2.193962 -66.391602 25.000000
v 1.791756 -66.764801 -25.000000
v 1.791756 -66.764801 25.000000
v 1.371452 -67.117477 -25.000000
v 1.371452 -67.117477 25.000000
v 0.934082 -67.448769 -25.000000
v 0.934082 -67.448769 25.000000
v 0.480743 -67.757851 -25.000000
v 0.480743 -67.757851 25.000000
v 0.012566 -68.043945 -25.000000
v 0.012566 -68.043945 25.000000
v -0.469292 -68.306351 -25.000000
v -0.469292 -68.306351 25.000000
v -0.963631 -68.544418 -25.000000
v -0.963631 -68.544418 25.000000
v -1.469223 -68.757538 -25.000000
v -1.469223 -68.757538 25.000000
v -1.984802 -68.945198 -25.000000
v -1.984802 -68.945198 25.000000
v -2.509102 -69.106926 -25.000000
v -2.509102 -69.106926 25.000000
v -3.040810 -69.242310 -25.000000
v -3.040810 -69.242310 25.000000
v -3.578606 -69.351028 -25.000000
v -3.578606 -69.351028 25.000000
v -4.121155 -69.432808 -25.000000
v -4.121155 -69.432808 25.000000
v -4.667099 -69.487434 -25.000000
v -4.667099 -69.487434 25.000000
v -5.215096 -69.514786 -25.000000
v -5.215096 -69.514786 25.000000
v -5.763771 -69.514786 -25.000000
v -5.763771 -69.514786 25.000000
v -6.311760 -69.487434 -25.000000
v -6.311760 -69.487434 25.000000
v -6.857712 -69.432808 -25.000000
v -6.857712 -69.432808 25.000000
v -7.400253 -69.351028 -25.000000
v -7.400253 -69.351028 25.000000
v -7.938049 -69.242310 -25.000000
v -7.938049 -69.242310 25.000000
v -8.469757 -69.106926 -25.000000
v -8.469757 -69.106926 25.000000
v -8.994057 -68.945198 -25.000000
v -8.994057 -68.945198 25.000000
v -9.509644 -68.757538 -25.000000
v -9.509644 -68.757538 25.000000
v -10.015236 -68.544418 -25.000000
v -10.015236 -68.544418 25.000000
v -10.509575 -68.306351 -25.000000
v -10.509575 -68.306351 25.000000
v -10.991432 -68.043945 -25.000000
v -10.991432 -68.043945 25.000000
v -11.459610 -67.757851 -25.000000
v -11.459610 -67.757851 25.000000
v -11.912949 -67.448769 -25.000000
v -11.912949 -67.448769 25.000000
v -12.350311 -67.117477 -25.000000
v -12.350311 -67.117477 25.000000
v -12.770622 -66.764801 25.000000
v -12.770622 -66.764801 -25.000000
v -13.172829 -66.391602 -25.000000
v -13.172829 -66.391602 25.000000
v -13.555939 -65.998825 -25.000000
v -13.555939 -65.998825 25.000000
v -13.918983 -65.587440 -25.000000
v -13.918983 -65.587440 25.000000
v -14.261078 -65.158470 -25.000000
v -14.261078 -65.158470 25.000000
v -14.581367 -64.712982 -25.000000
v -14.581367 -64.712982 25.000000
v -14.879044 -64.252075 -25.000000
v -14.879044 -64.252075 25.000000
v -15.153381 -63.776909 -25.000000
v -15.153381 -63.776909 25.000000
v -15.403694 -63.288658 -25.000000
v -15.403694 -63.288658 25.000000
v -15.629356 -62.788544 -25.000000
v -15.629356 -62.788544 25.000000
v -15.829811 -62.277794 -25.000000
v -15.829811 -62.277794 25.000000
v -16.004555 -61.757690 -25.000000
v -16.004555 -61.757690 25.000000
v -16.153160 -61.229523 -25.000000
v -16.153160 -61.229523 25.000000
v -16.275253 -60.694603 25.000000
v -16.275253 -60.694603 -25.000000
v -16.370529 -60.154266 -25.000000
v -16.370529 -60.154266 25.000000
v -16.438751 -59.609848 -25.000000
v -16.438751 -59.609848 25.000000
v -16.479752 -59.062706 -25.000000
v -16.479752 -59.062706 25.000000
v -0.653435 -85.949890 -25.000000
v -0.639755 -85.401382 -25.000000
v -0.653435 -85.949890 25.000000
v -0.639755 -85.401382 25.000000
v -0.598747 -84.854248 -25.000000
v -0.598747 -84.854248 25.000000
v -0.530525 -84.309830 -25.000000
v -0.530525 -84.309830 25.000000
v -0.435249 -83.769493 -25.000000
v -0.435249 -83.769493 25.000000
v -0.313156 -83.234573 -25.000000
v -0.313156 -83.234573 25.000000
v -0.164558 -82.706406 -25.000000
v -0.164558 -82.706406 25.000000
v 0.010193 -82.186302 -25.000000
v 0.010193 -82.186302 25.000000
v 0.210640 -81.675552 -25.000000
v 0.210640 -81.675552 25.000000
v 0.436310 -81.175430 -25.000000
v 0.436310 -81.175430 25.000000
v 0.686615 -80.687180 -25.000000
v 0.686615 -80.687180 25.000000
v 0.960953 -80.212013 -25.000000
v 0.960953 -80.212013 25.000000
v 1.258636 -79.751114 -25.000000
v 1.258636 -79.751114 25.000000
v 1.578918 -79.305626 -25.000000
v 1.578918 -79.305626 25.000000
v 1.921013 -78.876656 -25.000000
v 1.921013 -78.876656 25.000000
v 2.284065 -78.465271 -25.000000
v 2.284065 -78.465271 25.000000
v 2.667168 -78.072495 -25.000000
v 2.667168 -78.072495 25.000000
v 3.069374 -77.699295 -25.000000
v 3.069374 -77.699295 25.000000
v 3.489685 -77.346619 -25.000000
v 3.489685 -77.346619 25.000000
v 3.927055 -77.015327 -25.000000
v 3.927055 -77.015327 25.000000
v 4.380386 -76.706245 -25.000000
v 4.380386 -76.706245 25.000000
v 4.848564 -76.420143 -25.000000
v 4.848564 -76.420143 25.000000
v 5.330429 -76.157738 -25.000000
v 5.330429 -76.157738 25.000000
v 5.824768 -75.919678 -25.000000
v 5.824768 -75.919678 25.000000
v 6.330353 -75.706558 -25.000000
v 6.330353 -75.706558 25.000000
v 6.845940 -75.518898 -25.000000
v 6.845940 -75.518898 25.000000
v 7.370239 -75.357170 -25.000000
v 7.370239 -75.357170 25.000000
v 7.901947 -75.221786 -25.000000
v 7.901947 -75.221786 25.000000
v 8.439743 -75.113068 -25.000000
v 8.439743 -75.113068 25.000000
v 8.982292 -75.031288 -25.000000
v 8.982292 -75.031288 25.000000
v 9.528236 -74.976662 -25.000000
v 9.528236 -74.976662 25.000000
v 10.076233 -74.949310 -25.000000
v 10.076233 -74.949310 25.000000
v 10.624908 -74.949310 -25.000000
v 10.624908 -74.949310 25.000000
v 11.172897 -74.976662 -25.000000
v 11.172897 -74.976662 25.000000
v 11.718849 -75.031288 -25.000000
v 11.718849 -75.031288 25.000000
v 12.261391 -75.113068 -25.000000
v 12.261391 -75.113068 25.000000
v 12.799187 -75.221786 -25.000000
v 12.799187 -75.221786 25.000000
v 13.330902 -75.357170 -25.000000
v 13.330902 -75.357170 25.000000
v 13.855194 -75.518898 -25.000000
v 13.855194 -75.518898 25.000000
v 14.370773 -75.706558 -25.000000
v 14.370773 -75.706558 25.000000
v 14.876373 -75.919678 -25.000000
v 14.876373 -75.919678 25.000000
v 15.370712 -76.157738 -25.000000
v 15.370712 -76.157738 25.000000
v 15.852570 -76.420143 -25.000000
v 15.852570 -76.420143 25.000000
v 16.320740 -76.706245 -25.000000
v 16.320740 -76.706245 25.000000
v 16.774078 -77.015327 -25.000000
v 16.774078 -77.015327 25.000000
v 17.211456 -77.346619 -25.000000
v 17.211456 -77.346619 25.000000
v 17.631760 -77.699295 -25.000000
v 17.631760 -77.699295 25.000000
v 18.033966 -78.072495 -25.000000
v 18.033966 -78.072495 25.000000
v 18.417068 -78.465271 -25.000000
v 18.417068 -78.465271 25.000000
v 18.780121 -78.876656 -25.000000
v 18.780121 -78.876656 25.000000
v 19.122208 -79.305626 -25.000000
v 19.122208 -79.305626 25.000000
v 19.442505 -79.751114 -25.000000
v 19.442505 -79.751114 25.000000
v 19.740173 -80.212013 -25.000000
v 19.740173 -80.212013 25.000000
v 20.014511 -80.687180 -25.000000
v 20.014511 -80.687180 25.000000
v 20.264832 -81.175430 -25.000000
v 20.264832 -81.175430 25.000000
v 20.490494 -81.675552 -25.000000
v 20.490494 -81.675552 25.000000
v 20.690948 -82.186302 -25.000000
v 20.690948 -82.186302 25.000000
v 20.865692 -82.706406 -25.000000
v 20.865692 -82.706406 25.000000
v 21.014297 -83.234573 -25.000000
v 21.014297 -83.234573 25.000000
v 21.136383 -83.769493 -25.000000
v 21.136383 -83.769493 25.000000
v 21.231659 -84.309830 -25.000000
v 21.231659 -84.309830 25.000000
v 21.299881 -84.854248 -25.000000
v 21.299881 -84.854248 25.000000
v 21.340881 -85.401382 -25.000000
v 21.340881 -85.401382 25.000000
v 21.354568 -85.949890 -25.000000
v 21.354568 -85.949890 25.000000
v 21.340881 -86.498394 -25.000000
v 21.340881 -86.498394 25.000000
v 21.299881 -87.045536 -25.000000
v 21.299881 -87.045536 25.000000
v 21.231659 -87.589951 -25.000000
v 21.231659 -87.589951 25.000000
v 21.136383 -88.130291 -25.000000
v 21.136383 -88.130291 25.000000
v 21.014297 -88.665207 -25.000000
v 21.014297 -88.665207 25.000000
v 20.865692 -89.193375 -25.000000
v 20.865692 -89.193375 25.000000
v 20.690948 -89.713478 -25.000000
v 20.690948 -89.713478 25.000000
v 20.490494 -90.224228 -25.000000
v 20.490494 -90.224228 25.000000
v 20.264832 -90.724346 -25.000000
v 20.264832 -90.724346 25.000000
v 20.014511 -91.212597 -25.000000
v 20.014511 -91.212597 25.000000
v 19.740173 -91.687763 -25.000000
v 19.740173 -91.687763 25.000000
v 19.442505 -92.148663 -25.000000
v 19.442505 -92.148663 25.000000
v 19.122208 -92.594154 -25.000000
v 19.122208 -92.594154 25.000000
v 18.780121 -93.023125 -25.000000
v 18.780121 -93.023125 25.000000
v 18.417068 -93.434509 -25.000000
v 18.417068 -93.434509 25.000000
v 18.033966 -93.827290 -25.000000
v 18.033966 -93.827290 25.000000
v 17.631760 -94.200481 -25.000000
v 17.631760 -94.200481 25.000000
v 17.211456 -94.553162 -25.000000
v 17.211456 -94.553162 25.000000
v 16.774078 -94.884457 -25.000000
v 16.774078 -94.884457 25.000000
v 16.320740 -95.193535 -25.000000
v 16.320740 -95.193535 25.000000
v 15.852570 -95.479633 -25.000000
v 15.852570 -95.479633 25.000000
v 15.370712 -95.742039 -25.000000
v 15.370712 -95.742039 25.000000
v 14.876373 -95.980099 -25.000000
v 14.876373 -95.980099 25.000000
v 14.370773 -96.193226 -25.000000
v 14.370773 -96.193226 25.000000
v 13.855194 -96.380882 -25.000000
v 13.855194 -96.380882 25.000000
v 13.330902 -96.542606 -25.000000
v 13.330902 -96.542606 25.000000
v 12.799187 -96.677998 -25.000000
v 12.799187 -96.677998 25.000000
v 12.261391 -96.786713 -25.000000
v 12.261391 -96.786713 25.000000
v 11.718849 -96.868488 -25.000000
v 11.718849 -96.868488 25.000000
v 11.172897 -96.923119 -25.000000
v 11.172897 -96.923119 25.000000
v 10.624908 -96.950470 -25.000000
v 10.624908 -96.950470 25.000000
v 10.076233 -96.950470 -25.000000
v 10.076233 -96.950470 25.000000
v 9.528236 -96.923119 -25.000000
v 9.528236 -96.923119 25.000000
v 8.982292 -96.868488 -25.000000
v 8.982292 -96.868488 25.000000
v 8.439743 -96.786713 -25.000000
v 8.439743 -96.786713 25.000000
v 7.901947 -96.677998 -25.000000
v 7.901947 -96.677998 25.000000
v 7.370239 -96.542606 -25.000000
v 7.370239 -96.542606 25.000000
v 6.845940 -96.380882 -25.000000
v 6.845940 -96.380882 25.000000
v 6.330353 -96.193226 -25.000000
v 6.330353 -96.193226 25.000000
v 5.824768 -95.980099 -25.000000
v 5.824768 -95.980099 25.000000
v 5.330429 -95.742039 -25.000000
v 5.330429 -95.742039 25.000000
v 4.848564 -95.479633 -25.000000
v 4.848564 -95.479633 25.000000
v 4.380386 -95.193535 -25.000000
v 4.380386 -95.193535 25.000000
v 3.927055 -94.884457 -25.000000
v 3.927055 -94.884457 25.000000
v 3.489685 -94.553162 -25.000000
v 3.489685 -94.553162 25.000000
v 3.069374 -94.200481 25.000000
v 3.069374 -94.200481 -25.000000
v 2.667168 -93.827290 -25.000000
v 2.667168 -93.827290 25.000000
v 2.284065 -93.434509 -25.000000
v 2.284065 -93.434509 25.000000
v 1.921013 -93.023125 -25.000000
v 1.921013 -93.023125 25.000000
v 1.578918 -92.594154 -25.000000
v 1.578918 -92.594154 25.000000
v 1.258636 -92.148663 -25.000000
v 1.258636 -92.148663 25.000000
v 0.960953 -91.687763 -25.000000
v 0.960953 -91.687763 25.000000
v 0.686615 -91.212597 -25.000000
v 0.686615 -91.212597 25.000000
v 0.436310 -90.724346 -25.000000
v 0.436310 -90.724346 25.000000
v 0.210640 -90.224228 -25.000000
v 0.210640 -90.224228 25.000000
v 0.010193 -89.713478 -25.000000
v 0.010193 -89.713478 25.000000
v -0.164558 -89.193375 -25.000000
v -0.164558 -89.193375 25.000000
v -0.313156 -88.665207 -25.000000
v -0.313156 -88.665207 25.000000
v -0.435249 -88.130291 25.000000
v -0.435249 -88.130291 -25.000000
v -0.530525 -87.589951 -25.000000
v -0.530525 -87.589951 25.000000
v -0.598747 -87.045536 -25.000000
v -0.598747 -87.045536 25.000000
v -0.639755 -86.498394 -25.000000
v -0.639755 -86.498394 25.000000
v -73.885761 -97.481350 -25.000000
v -73.885761 -97.481350 25.000000
v -73.664295 -97.601955 -25.000000
v -73.664295 -97.601955 25.000000
v -73.437092 -97.711369 -25.000000
v -73.437092 -97.711369 25.000000
v -73.204720 -97.809322 -25.000000
v -73.204720 -97.809322 25.000000
v -72.967754 -97.895573 -25.000000
v -72.967754 -97.895573 25.000000
v -72.726780 -97.969902 -25.000000
v -72.726780 -97.969902 25.000000
v -72.482403 -98.032127 -25.000000
v -72.482403 -98.032127 25.000000
v -72.235229 -98.082096 -25.000000
v -72.235229 -98.082096 25.000000
v -71.985870 -98.119678 -25.000000
v -71.985870 -98.119678 25.000000
v -71.734947 -98.144787 -25.000000
v -71.734947 -98.144787 25.000000
v -71.483086 -98.157356 -25.000000
v -71.483086 -98.157356 25.000000
v -71.230911 -98.157356 -25.000000
v -71.230911 -98.157356 25.000000
v -70.979050 -98.144787 -25.000000
v -70.979050 -98.144787 25.000000
v -70.728130 -98.119678 -25.000000
v -70.728130 -98.119678 25.000000
v -70.478771 -98.082096 -25.000000
v -70.478771 -98.082096 25.000000
v -70.231594 -98.032127 -25.000000
v -70.231594 -98.032127 25.000000
v -69.987221 -97.969902 -25.000000
v -69.987221 -97.969902 25.000000
v -69.746246 -97.895573 -25.000000
v -69.746246 -97.895573 25.000000
v -69.509281 -97.809322 -25.000000
v -69.509281 -97.809322 25.000000
v -69.276909 -97.711369 -25.000000
v -69.276909 -97.711369 25.000000
v -69.049706 -97.601955 -25.000000
v -69.049706 -97.601955 25.000000
v -68.828239 -97.481350 -25.000000
v -68.828239 -97.481350 25.000000
v -92.921526 -86.491047 25.000000
v -92.921526 -86.491047 -25.000000
v -95.450287 -82.111107 25.000000
v -95.444000 -82.363205 25.000000
v -95.450287 -82.111107 -25.000000
v -95.444000 -82.363205 -25.000000
v -95.425154 -82.614670 25.000000
v -95.425154 -82.614670 -25.000000
v -95.393799 -82.864891 25.000000
v -95.393799 -82.864891 -25.000000
v -95.350008 -83.113235 25.000000
v -95.350008 -83.113235 -25.000000
v -95.293894 -83.359085 25.000000
v -95.293894 -83.359085 -25.000000
v -95.225595 -83.601837 25.000000
v -95.225595 -83.601837 -25.000000
v -95.145281 -83.840881 25.000000
v -95.145281 -83.840881 -25.000000
v -95.053150 -84.075623 25.000000
v -95.053150 -84.075623 -25.000000
v -94.949434 -84.305481 25.000000
v -94.949434 -84.305481 -25.000000
v -94.834389 -84.529884 -25.000000
v -94.834389 -84.529884 25.000000
v -94.708302 -84.748276 25.000000
v -94.708302 -84.748276 -25.000000
v -94.571486 -84.960106 -25.000000
v -94.571486 -84.960106 25.000000
v -94.424280 -85.164856 25.000000
v -94.424280 -85.164856 -25.000000
v -94.267052 -85.362015 25.000000
v -94.267052 -85.362015 -25.000000
v -94.100191 -85.551094 25.000000
v -94.100191 -85.551094 -25.000000
v -93.924112 -85.731613 25.000000
v -93.924112 -85.731613 -25.000000
v -93.739256 -85.903137 -25.000000
v -93.739256 -85.903137 25.000000
v -93.546078 -86.065231 25.000000
v -93.546078 -86.065231 -25.000000
v -93.345062 -86.217499 25.000000
v -93.345062 -86.217499 -25.000000
v -93.136705 -86.359554 25.000000
v -93.136705 -86.359554 -25.000000
v -95.450287 -60.130493 25.000000
v -95.450287 -60.130493 -25.000000
v -92.921526 -55.750557 25.000000
v -93.136705 -55.882050 25.000000
v -92.921526 -55.750557 -25.000000
v -93.136705 -55.882050 -25.000000
v -93.345062 -56.024101 25.000000
v -93.345062 -56.024101 -25.000000
v -93.546078 -56.176369 25.000000
v -93.546078 -56.176369 -25.000000
v -93.739256 -56.338463 25.000000
v -93.739256 -56.338463 -25.000000
v -93.924112 -56.509987 25.000000
v -93.924112 -56.509987 -25.000000
v -94.100191 -56.690506 25.000000
v -94.100191 -56.690506 -25.000000
v -94.267052 -56.879585 25.000000
v -94.267052 -56.879585 -25.000000
v -94.424280 -57.076744 25.000000
v -94.424280 -57.076744 -25.000000
v -94.571486 -57.281494 25.000000
v -94.571486 -57.281494 -25.000000
v -94.708302 -57.493324 -25.000000
v -94.708302 -57.493324 25.000000
v -94.834389 -57.711716 25.000000
v -94.834389 -57.711716 -25.000000
v -94.949434 -57.936119 25.000000
v -94.949434 -57.936119 -25.000000
v -95.053150 -58.165977 25.000000
v -95.053150 -58.165977 -25.000000
v -95.145281 -58.400719 25.000000
v -95.145281 -58.400719 -25.000000
v -95.225595 -58.639763 -25.000000
v -95.225595 -58.639763 25.000000
v -95.293894 -58.882515 25.000000
v -95.293894 -58.882515 -25.000000
v -95.350008 -59.128365 25.000000
v -95.350008 -59.128365 -25.000000
v -95.393799 -59.376709 -25.000000
v -95.393799 -59.376709 25.000000
v -95.425154 -59.626930 25.000000
v -95.425154 -59.626930 -25.000000
v -95.444000 -59.878395 -25.000000
v -95.444000 -59.878395 25.000000
v -73.885761 -44.760246 25.000000
v -73.885761 -44.760246 -25.000000
v -68.828239 -44.760246 -25.000000
v -68.828239 -44.760246 25.000000
v -69.049706 -44.639648 -25.000000
v -69.049706 -44.639648 25.000000
v -69.276909 -44.530228 -25.000000
v -69.276909 -44.530228 25.000000
v -69.509281 -44.432274 -25.000000
v -69.509281 -44.432274 25.000000
v -69.746246 -44.346031 -25.000000
v -69.746246 -44.346031 25.000000
v -69.987221 -44.271698 -25.000000
v -69.987221 -44.271698 25.000000
v -70.231594 -44.209473 -25.000000
v -70.231594 -44.209473 25.000000
v -70.478771 -44.159508 -25.000000
v -70.478771 -44.159508 25.000000
v -70.728130 -44.121918 -25.000000
v -70.728130 -44.121918 25.000000
v -70.979050 -44.096809 -25.000000
v -70.979050 -44.096809 25.000000
v -71.230911 -44.084244 -25.000000
v -71.230911 -44.084244 25.000000
v -71.483086 -44.084244 -25.000000
v -71.483086 -44.084244 25.000000
v -71.734947 -44.096809 -25.000000
v -71.734947 -44.096809 25.000000
v -71.985870 -44.121918 -25.000000
v -71.985870 -44.121918 25.000000
v -72.235229 -44.159508 -25.000000
v -72.235229 -44.159508 25.000000
v -72.482403 -44.209473 -25.000000
v -72.482403 -44.209473 25.000000
v -72.726780 -44.271698 -25.000000
v -72.726780 -44.271698 25.000000
v -72.967754 -44.346031 25.000000
v -72.967754 -44.346031 -25.000000
v -73.204720 -44.432274 -25.000000
v -73.204720 -44.432274 25.000000
v -73.437092 -44.530228 25.000000
v -73.437092 -44.530228 -25.000000
v -73.664295 -44.639648 25.000000
v -73.664295 -44.639648 -25.000000
v -49.792473 -55.750557 25.000000
v -49.792473 -55.750557 -25.000000
v -47.263710 -60.130493 -25.000000
v -47.263710 -60.130493 25.000000
v -47.270004 -59.878395 -25.000000
v -47.270004 -59.878395 25.000000
v -47.288849 -59.626930 -25.000000
v -47.288849 -59.626930 25.000000
v -47.320206 -59.376709 25.000000
v -47.320206 -59.376709 -25.000000
v -47.363991 -59.128365 -25.000000
v -47.363991 -59.128365 25.000000
v -47.420105 -58.882515 -25.000000
v -47.420105 -58.882515 25.000000
v -47.488403 -58.639763 25.000000
v -47.488403 -58.639763 -25.000000
v -47.568718 -58.400719 -25.000000
v -47.568718 -58.400719 25.000000
v -47.660851 -58.165977 -25.000000
v -47.660851 -58.165977 25.000000
v -47.764565 -57.936119 -25.000000
v -47.764565 -57.936119 25.000000
v -47.879608 -57.711716 -25.000000
v -47.879608 -57.711716 25.000000
v -48.005699 -57.493324 -25.000000
v -48.005699 -57.493324 25.000000
v -48.142517 -57.281494 25.000000
v -48.142517 -57.281494 -25.000000
v -48.289719 -57.076744 25.000000
v -48.289719 -57.076744 -25.000000
v -48.446945 -56.879585 25.000000
v -48.446945 -56.879585 -25.000000
v -48.613808 -56.690506 -25.000000
v -48.613808 -56.690506 25.000000
v -48.789886 -56.509987 25.000000
v -48.789886 -56.509987 -25.000000
v -48.974747 -56.338463 25.000000
v -48.974747 -56.338463 -25.000000
v -49.167923 -56.176369 25.000000
v -49.167923 -56.176369 -25.000000
v -49.368935 -56.024101 25.000000
v -49.368935 -56.024101 -25.000000
v -49.577293 -55.882050 25.000000
v -49.577293 -55.882050 -25.000000
v -47.263710 -82.111107 25.000000
v -47.263710 -82.111107 -25.000000
v -49.792473 -86.491047 25.000000
v -49.577293 -86.359554 25.000000
v -49.792473 -86.491047 -25.000000
v -49.577293 -86.359554 -25.000000
v -49.368935 -86.217499 25.000000
v -49.368935 -86.217499 -25.000000
v -49.167923 -86.065231 25.000000
v -49.167923 -86.065231 -25.000000
v -48.974747 -85.903137 25.000000
v -48.974747 -85.903137 -25.000000
v -48.789886 -85.731613 25.000000
v -48.789886 -85.731613 -25.000000
v -48.613808 -85.551094 25.000000
v -48.613808 -85.551094 -25.000000
v -48.446945 -85.362015 25.000000
v -48.446945 -85.362015 -25.000000
v -48.289719 -85.164856 25.000000
v -48.289719 -85.164856 -25.000000
v -48.142517 -84.960106 25.000000
v -48.142517 -84.960106 -25.000000
v -48.005699 -84.748276 25.000000
v -48.005699 -84.748276 -25.000000
v -47.879608 -84.529884 25.000000
v -47.879608 -84.529884 -25.000000
v -47.764565 -84.305481 25.000000
v -47.764565 -84.305481 -25.000000
v -47.660851 -84.075623 25.000000
v -47.660851 -84.075623 -25.000000
v -47.568718 -83.840881 25.000000
v -47.568718 -83.840881 -25.000000
v -47.488403 -83.601837 25.000000
v -47.488403 -83.601837 -25.000000
v -47.420105 -83.359085 25.000000
v -47.420105 -83.359085 -25.000000
v -47.363991 -83.113235 25.000000
v -47.363991 -83.113235 -25.000000
v -47.320206 -82.864891 25.000000
v -47.320206 -82.864891 -25.000000
v -47.288849 -82.614670 25.000000
v -47.288849 -82.614670 -25.000000
v -47.270004 -82.363205 25.000000
v -47.270004 -82.363205 -25.000000
v -77.858578 89.710327 -25.000000
v -77.858578 75.454315 -25.000000
v -77.858578 89.710327 25.000000
v -77.858578 75.454315 25.000000
v -77.866108 75.147552 25.000000
v -77.866108 75.147552 -25.000000
v -77.888683 74.841522 25.000000
v -77.888683 74.841522 -25.000000
v -77.926247 74.536957 25.000000
v -77.926247 74.536957 -25.000000
v -77.978706 74.234619 25.000000
v -77.978706 74.234619 -25.000000
v -78.045940 73.935211 25.000000
v -78.045940 73.935211 -25.000000
v -78.127785 73.639465 25.000000
v -78.127785 73.639465 -25.000000
v -78.224045 73.348084 25.000000
v -78.224045 73.348084 -25.000000
v -78.334484 73.061783 25.000000
v -78.334484 73.061783 -25.000000
v -78.458836 72.781250 25.000000
v -78.458836 72.781250 -25.000000
v -78.596806 72.507141 25.000000
v -78.596806 72.507141 -25.000000
v -78.748058 72.240143 25.000000
v -78.748058 72.240143 -25.000000
v -78.912228 71.980896 25.000000
v -78.912228 71.980896 -25.000000
v -79.088924 71.730011 25.000000
v -79.088924 71.730011 -25.000000
v -79.277718 71.488098 25.000000
v -79.277718 71.488098 -25.000000
v -79.478149 71.255737 25.000000
v -79.478149 71.255737 -25.000000
v -79.689747 71.033493 25.000000
v -79.689747 71.033493 -25.000000
v -79.911991 70.821899 25.000000
v -79.911991 70.821899 -25.000000
v -80.144352 70.621460 25.000000
v -80.144352 70.621460 -25.000000
v -80.386265 70.432663 25.000000
v -80.386265 70.432663 -25.000000
v -80.637154 70.255966 -25.000000
v -80.637154 70.255966 25.000000
v -80.896408 70.091797 25.000000
v -80.896408 70.091797 -25.000000
v -81.163406 69.940552 25.000000
v -81.163406 69.940552 -25.000000
v -81.437504 69.802582 25.000000
v -81.437504 69.802582 -25.000000
v -81.718040 69.678223 25.000000
v -81.718040 69.678223 -25.000000
v -82.004341 69.567795 -25.000000
v -82.004341 69.567795 25.000000
v -82.295719 69.471527 -25.000000
v -82.295719 69.471527 25.000000
v -82.591465 69.389679 -25.000000
v -82.591465 69.389679 25.000000
v -82.890873 69.322449 -25.000000
v -82.890873 69.322449 25.000000
v -83.193218 69.269989 -25.000000
v -83.193218 69.269989 25.000000
v -83.497774 69.232422 25.000000
v -83.497774 69.232422 -25.000000
v -83.803806 69.209854 -25.000000
v -83.803806 69.209854 25.000000
v -84.110577 69.202316 -25.000000
v -84.110577 69.202316 25.000000
v -98.366577 69.202316 -25.000000
v -98.366577 69.202316 25.000000
v -98.673347 69.209854 25.000000
v -98.673347 69.209854 -25.000000
v -98.979380 69.232422 25.000000
v -98.979380 69.232422 -25.000000
v -99.283936 69.269989 25.000000
v -99.283936 69.269989 -25.000000
v -99.586282 69.322449 25.000000
v -99.586282 69.322449 -25.000000
v -99.885689 69.389679 25.000000
v -99.885689 69.389679 -25.000000
v -100.181437 69.471527 25.000000
v -100.181437 69.471527 -25.000000
v -100.472813 69.567795 25.000000
v -100.472813 69.567795 -25.000000
v -100.759114 69.678223 25.000000
v -100.759114 69.678223 -25.000000
v -101.039652 69.802582 25.000000
v -101.039652 69.802582 -25.000000
v -101.313749 69.940552 25.000000
v -101.313749 69.940552 -25.000000
v -101.580748 70.091797 25.000000
v -101.580748 70.091797 -25.000000
v -101.840002 70.255966 25.000000
v -101.840002 70.255966 -25.000000
v -102.090889 70.432663 25.000000
v -102.090889 70.432663 -25.000000
v -102.332804 70.621460 25.000000
v -102.332804 70.621460 -25.000000
v -102.565164 70.821899 25.000000
v -102.565164 70.821899 -25.000000
v -102.787409 71.033493 25.000000
v -102.787409 71.033493 -25.000000
v -102.999003 71.255737 25.000000
v -102.999003 71.255737 -25.000000
v -103.199438 71.488098 25.000000
v -103.199438 71.488098 -25.000000
v -103.388230 71.730011 25.000000
v -103.388230 71.730011 -25.000000
v -103.564925 71.980896 -25.000000
v -103.564925 71.980896 25.000000
v -103.729096 72.240143 25.000000
v -103.729096 72.240143 -25.000000
v -103.880349 72.507141 25.000000
v -103.880349 72.507141 -25.000000
v -104.018318 72.781250 25.000000
v -104.018318 72.781250 -25.000000
v -104.142672 73.061783 25.000000
v -104.142672 73.061783 -25.000000
v -104.253111 73.348084 -25.000000
v -104.253111 73.348084 25.000000
v -104.349368 73.639465 -25.000000
v -104.349368 73.639465 25.000000
v -104.431212 73.935211 -25.000000
v -104.431212 73.935211 25.000000
v -104.498446 74.234619 -25.000000
v -104.498446 74.234619 25.000000
v -104.550909 74.536957 -25.000000
v -104.550909 74.536957 25.000000
v -104.588472 74.841522 25.000000
v -104.588472 74.841522 -25.000000
v -104.611046 75.147552 -25.000000
v -104.611046 75.147552 25.000000
v -104.618577 75.454315 -25.000000
v -104.618577 75.454315 25.000000
v -65.018578 82.582321 -25.000000
v -65.001946 83.249252 -25.000000
v -65.018578 82.582321 25.000000
v -65.001946 83.249252 25.000000
v -64.952087 83.914536 -25.000000
v -64.952087 83.914536 25.000000
v -64.869133 84.576508 -25.000000
v -64.869133 84.576508 25.000000
v -64.753284 85.233521 -25.000000
v -64.753284 85.233521 25.000000
v -64.604832 85.883942 -25.000000
v -64.604832 85.883942 25.000000
v -64.424141 86.526138 -25.000000
v -64.424141 86.526138 25.000000
v -64.211666 87.158554 -25.000000
v -64.211666 87.158554 25.000000
v -63.967930 87.779572 -25.000000
v -63.967930 87.779572 25.000000
v -63.693539 88.387680 -25.000000
v -63.693539 88.387680 25.000000
v -63.389183 88.981354 -25.000000
v -63.389183 88.981354 25.000000
v -63.055611 89.559128 -25.000000
v -63.055611 89.559128 25.000000
v -62.693653 90.119537 -25.000000
v -62.693653 90.119537 25.000000
v -62.304211 90.661224 -25.000000
v -62.304211 90.661224 25.000000
v -61.888252 91.182816 -25.000000
v -61.888252 91.182816 25.000000
v -61.446812 91.683029 -25.000000
v -61.446812 91.683029 25.000000
v -60.980988 92.160614 -25.000000
v -60.980988 92.160614 25.000000
v -60.491932 92.614395 -25.000000
v -60.491932 92.614395 25.000000
v -59.980869 93.043228 -25.000000
v -59.980869 93.043228 25.000000
v -59.449066 93.446045 -25.000000
v -59.449066 93.446045 25.000000
v -58.897846 93.821869 -25.000000
v -58.897846 93.821869 25.000000
v -58.328579 94.169739 -25.000000
v -58.328579 94.169739 25.000000
v -57.742676 94.488800 -25.000000
v -57.742676 94.488800 25.000000
v -57.141598 94.778275 -25.000000
v -57.141598 94.778275 25.000000
v -56.526840 95.037415 -25.000000
v -56.526840 95.037415 25.000000
v -55.899929 95.265594 -25.000000
v -55.899929 95.265594 25.000000
v -55.262421 95.462234 -25.000000
v -55.262421 95.462234 25.000000
v -54.615906 95.626862 -25.000000
v -54.615906 95.626862 25.000000
v -53.961990 95.759048 -25.000000
v -53.961990 95.759048 25.000000
v -53.302296 95.858475 -25.000000
v -53.302296 95.858475 25.000000
v -52.638466 95.924912 -25.000000
v -52.638466 95.924912 25.000000
v -51.972149 95.958160 -25.000000
v -51.972149 95.958160 25.000000
v -51.305004 95.958160 -25.000000
v -51.305004 95.958160 25.000000
v -50.638687 95.924912 -25.000000
v -50.638687 95.924912 25.000000
v -49.974861 95.858475 -25.000000
v -49.974861 95.858475 25.000000
v -49.315163 95.759048 -25.000000
v -49.315163 95.759048 25.000000
v -48.661247 95.626862 -25.000000
v -48.661247 95.626862 25.000000
v -48.014732 95.462234 -25.000000
v -48.014732 95.462234 25.000000
v -47.377228 95.265594 -25.000000
v -47.377228 95.265594 25.000000
v -46.750313 95.037415 -25.000000
v -46.750313 95.037415 25.000000
v -46.135559 94.778275 -25.000000
v -46.135559 94.778275 25.000000
v -45.534477 94.488800 -25.000000
v -45.534477 94.488800 25.000000
v -44.948578 94.169739 -25.000000
v -44.948578 94.169739 25.000000
v -44.379311 93.821869 -25.000000
v -44.379311 93.821869 25.000000
v -43.828087 93.446045 -25.000000
v -43.828087 93.446045 25.000000
v -43.296280 93.043228 -25.000000
v -43.296280 93.043228 25.000000
v -42.785217 92.614395 -25.000000
v -42.785217 92.614395 25.000000
v -42.296165 92.160614 -25.000000
v -42.296165 92.160614 25.000000
v -41.830345 91.683029 -25.000000
v -41.830345 91.683029 25.000000
v -41.388901 91.182816 -25.000000
v -41.388901 91.182816 25.000000
v -40.972946 90.661224 -25.000000
v -40.972946 90.661224 25.000000
v -40.583504 90.119537 -25.000000
v -40.583504 90.119537 25.000000
v -40.221542 89.559128 -25.000000
v -40.221542 89.559128 25.000000
v -39.887970 88.981354 -25.000000
v -39.887970 88.981354 25.000000
v -39.583611 88.387680 -25.000000
v -39.583611 88.387680 25.000000
v -39.309227 87.779572 -25.000000
v -39.309227 87.779572 25.000000
v -39.065491 87.158554 -25.000000
v -39.065491 87.158554 25.000000
v -38.853012 86.526138 -25.000000
v -38.853012 86.526138 25.000000
v -38.672325 85.883942 -25.000000
v -38.672325 85.883942 25.000000
v -38.523872 85.233521 -25.000000
v -38.523872 85.233521 25.000000
v -38.408020 84.576508 -25.000000
v -38.408020 84.576508 25.000000
v -38.325066 83.914536 -25.000000
v -38.325066 83.914536 25.000000
v -38.275208 83.249252 -25.000000
v -38.275208 83.249252 25.000000
v -38.258575 82.582321 -25.000000
v -38.258575 82.582321 25.000000
v -38.275208 81.915390 -25.000000
v -38.275208 81.915390 25.000000
v -38.325066 81.250107 -25.000000
v -38.325066 81.250107 25.000000
v -38.408020 80.588135 -25.000000
v -38.408020 80.588135 25.000000
v -38.523872 79.931122 -25.000000
v -38.523872 79.931122 25.000000
v -38.672325 79.280701 -25.000000
v -38.672325 79.280701 25.000000
v -38.853012 78.638504 -25.000000
v -38.853012 78.638504 25.000000
v -39.065491 78.006088 -25.000000
v -39.065491 78.006088 25.000000
v -39.309227 77.385056 -25.000000
v -39.309227 77.385056 25.000000
v -39.583611 76.776962 -25.000000
v -39.583611 76.776962 25.000000
v -39.887970 76.183289 -25.000000
v -39.887970 76.183289 25.000000
v -40.221542 75.605515 -25.000000
v -40.221542 75.605515 25.000000
v -40.583504 75.045105 -25.000000
v -40.583504 75.045105 25.000000
v -40.972946 74.503418 -25.000000
v -40.972946 74.503418 25.000000
v -41.388901 73.981827 -25.000000
v -41.388901 73.981827 25.000000
v -41.830345 73.481613 -25.000000
v -41.830345 73.481613 25.000000
v -42.296165 73.004028 -25.000000
v -42.296165 73.004028 25.000000
v -42.785217 72.550247 -25.000000
v -42.785217 72.550247 25.000000
v -43.296280 72.121414 -25.000000
v -43.296280 72.121414 25.000000
v -43.828087 71.718597 -25.000000
v -43.828087 71.718597 25.000000
v -44.379311 71.342773 -25.000000
v -44.379311 71.342773 25.000000
v -44.948578 70.994904 -25.000000
v -44.948578 70.994904 25.000000
v -45.534477 70.675842 -25.000000
v -45.534477 70.675842 25.000000
v -46.135559 70.386368 -25.000000
v -46.135559 70.386368 25.000000
v -46.750313 70.127228 -25.000000
v -46.750313 70.127228 25.000000
v -47.377228 69.899048 -25.000000
v -47.377228 69.899048 25.000000
v -48.014732 69.702408 -25.000000
v -48.014732 69.702408 25.000000
v -48.661247 69.537781 -25.000000
v -48.661247 69.537781 25.000000
v -49.315163 69.405594 -25.000000
v -49.315163 69.405594 25.000000
v -49.974861 69.306168 -25.000000
v -49.974861 69.306168 25.000000
v -50.638687 69.239731 -25.000000
v -50.638687 69.239731 25.000000
v -51.305004 69.206482 -25.000000
v -51.305004 69.206482 25.000000
v -51.972149 69.206482 -25.000000
v -51.972149 69.206482 25.000000
v -52.638466 69.239731 -25.000000
v -52.638466 69.239731 25.000000
v -53.302296 69.306168 -25.000000
v -53.302296 69.306168 25.000000
v -53.961990 69.405594 -25.000000
v -53.961990 69.405594 25.000000
v -54.615906 69.537781 -25.000000
v -54.615906 69.537781 25.000000
v -55.262421 69.702408 -25.000000
v -55.262421 69.702408 25.000000
v -55.899929 69.899048 -25.000000
v -55.899929 69.899048 25.000000
v -56.526840 70.127228 -25.000000
v -56.526840 70.127228 25.000000
v -57.141598 70.386368 -25.000000
v -57.141598 70.386368 25.000000
v -57.742676 70.675842 -25.000000
v -57.742676 70.675842 25.000000
v -58.328579 70.994904 -25.000000
v -58.328579 70.994904 25.000000
v -58.897846 71.342773 -25.000000
v -58.897846 71.342773 25.000000
v -59.449066 71.718597 -25.000000
v -59.449066 71.718597 25.000000
v -59.980869 72.121414 -25.000000
v -59.980869 72.121414 25.000000
v -60.491932 72.550247 25.000000
v -60.491932 72.550247 -25.000000
v -60.980988 73.004028 -25.000000
v -60.980988 73.004028 25.000000
v -61.446812 73.481613 -25.000000
v -61.446812 73.481613 25.000000
v -61.888252 73.981827 -25.000000
v -61.888252 73.981827 25.000000
v -62.304211 74.503418 -25.000000
v -62.304211 74.503418 25.000000
v -62.693653 75.045105 -25.000000
v -62.693653 75.045105 25.000000
v -63.055611 75.605515 -25.000000
v -63.055611 75.605515 25.000000
v -63.389183 76.183289 -25.000000
v -63.389183 76.183289 25.000000
v -63.693539 76.776962 -25.000000
v -63.693539 76.776962 25.000000
v -63.967930 77.385056 -25.000000
v -63.967930 77.385056 25.000000
v -64.211666 78.006088 -25.000000
v -64.211666 78.006088 25.000000
v -64.424141 78.638504 -25.000000
v -64.424141 78.638504 25.000000
v -64.604832 79.280701 -25.000000
v -64.604832 79.280701 25.000000
v -64.753284 79.931122 25.000000
v -64.753284 79.931122 -25.000000
v -64.869133 80.588135 -25.000000
v -64.869133 80.588135 25.000000
v -64.952087 81.250107 -25.000000
v -64.952087 81.250107 25.000000
v -65.001946 81.915390 -25.000000
v -65.001946 81.915390 25.000000
v -84.110577 95.962326 25.000000
v -84.110577 95.962326 -25.000000
v -83.803806 95.954788 25.000000
v -83.803806 95.954788 -25.000000
v -83.497774 95.932220 25.000000
v -83.497774 95.932220 -25.000000
v -83.193218 95.894653 25.000000
v -83.193218 95.894653 -25.000000
v -82.890873 95.842194 25.000000
v -82.890873 95.842194 -25.000000
v -82.591465 95.774963 25.000000
v -82.591465 95.774963 -25.000000
v -82.295719 95.693115 25.000000
v -82.295719 95.693115 -25.000000
v -82.004341 95.596848 25.000000
v -82.004341 95.596848 -25.000000
v -81.718040 95.486420 25.000000
v -81.718040 95.486420 -25.000000
v -81.437504 95.362061 25.000000
v -81.437504 95.362061 -25.000000
v -81.163406 95.224091 25.000000
v -81.163406 95.224091 -25.000000
v -80.896408 95.072845 25.000000
v -80.896408 95.072845 -25.000000
v -80.637154 94.908676 25.000000
v -80.637154 94.908676 -25.000000
v -80.386265 94.731979 25.000000
v -80.386265 94.731979 -25.000000
v -80.144352 94.543182 25.000000
v -80.144352 94.543182 -25.000000
v -79.911991 94.342743 25.000000
v -79.911991 94.342743 -25.000000
v -79.689747 94.131149 25.000000
v -79.689747 94.131149 -25.000000
v -79.478149 93.908905 25.000000
v -79.478149 93.908905 -25.000000
v -79.277718 93.676544 25.000000
v -79.277718 93.676544 -25.000000
v -79.088924 93.434631 25.000000
v -79.088924 93.434631 -25.000000
v -78.912228 93.183746 -25.000000
v -78.912228 93.183746 25.000000
v -78.748058 92.924484 25.000000
v -78.748058 92.924484 -25.000000
v -78.596806 92.657486 25.000000
v -78.596806 92.657486 -25.000000
v -78.458836 92.383392 25.000000
v -78.458836 92.383392 -25.000000
v -78.334484 92.102859 25.000000
v -78.334484 92.102859 -25.000000
v -78.224045 91.816559 -25.000000
v -78.224045 91.816559 25.000000
v -78.127785 91.525177 -25.000000
v -78.127785 91.525177 25.000000
v -78.045940 91.229431 -25.000000
v -78.045940 91.229431 25.000000
v -77.978706 90.930023 -25.000000
v -77.978706 90.930023 25.000000
v -77.926247 90.627686 -25.000000
v -77.926247 90.627686 25.000000
v -77.888683 90.323120 25.000000
v -77.888683 90.323120 -25.000000
v -77.866108 90.017090 -25.000000
v -77.866108 90.017090 25.000000
v -104.618577 89.710327 -25.000000
v -104.618577 89.710327 25.000000
v -98.366577 95.962326 -25.000000
v -98.366577 95.962326 25.000000
v -104.611046 90.017090 25.000000
v -104.611046 90.017090 -25.000000
v -104.588472 90.323120 25.000000
v -104.588472 90.323120 -25.000000
v -104.550909 90.627686 25.000000
v -104.550909 90.627686 -25.000000
v -104.498446 90.930023 25.000000
v -104.498446 90.930023 -25.000000
v -104.431212 91.229431 25.000000
v -104.431212 91.229431 -25.000000
v -104.349368 91.525177 25.000000
v -104.349368 91.525177 -25.000000
v -104.253111 91.816559 25.000000
v -104.253111 91.816559 -25.000000
v -104.142672 92.102859 25.000000
v -104.142672 92.102859 -25.000000
v -104.018318 92.383392 25.000000
v -104.018318 92.383392 -25.000000
v -103.880349 92.657486 25.000000
v -103.880349 92.657486 -25.000000
v -103.729096 92.924484 25.000000
v -103.729096 92.924484 -25.000000
v -103.564925 93.183746 25.000000
v -103.564925 93.183746 -25.000000
v -103.388230 93.434631 25.000000
v -103.388230 93.434631 -25.000000
v -103.199438 93.676544 25.000000
v -103.199438 93.676544 -25.000000
v -102.999003 93.908905 25.000000
v -102.999003 93.908905 -25.000000
v -102.787409 94.131149 25.000000
v -102.787409 94.131149 -25.000000
v -102.565164 94.342743 25.000000
v -102.565164 94.342743 -25.000000
v -102.332804 94.543182 25.000000
v -102.332804 94.543182 -25.000000
v -102.090889 94.731979 25.000000
v -102.090889 94.731979 -25.000000
v -101.840002 94.908676 -25.000000
v -101.840002 94.908676 25.000000
v -101.580748 95.072845 25.000000
v -101.580748 95.072845 -25.000000
v -101.313749 95.224091 25.000000
v -101.313749 95.224091 -25.000000
v -101.039652 95.362061 25.000000
v -101.039652 95.362061 -25.000000
v -100.759114 95.486420 25.000000
v -100.759114 95.486420 -25.000000
v -100.472813 95.596848 -25.000000
v -100.472813 95.596848 25.000000
v -100.181437 95.693115 -25.000000
v -100.181437 95.693115 25.000000
v -99.885689 95.774963 -25.000000
v -99.885689 95.774963 25.000000
v -99.586282 95.842194 -25.000000
v -99.586282 95.842194 25.000000
v -99.283936 95.894653 -25.000000
v -99.283936 95.894653 25.000000
v -98.979380 95.932220 25.000000
v -98.979380 95.932220 -25.000000
v -98.673347 95.954788 -25.000000
v -98.673347 95.954788 25.000000
v -48.366791 17.023605 25.000000
v -62.712074 17.023605 25.000000
v -48.366791 17.023605 -25.000000
v -62.712074 17.023605 -25.000000
v -45.394051 7.874466 25.000000
v -45.196106 8.025864 25.000000
v -45.394051 7.874466 -25.000000
v -45.196106 8.025864 -25.000000
v -45.005867 8.186829 25.000000
v -45.005867 8.186829 -25.000000
v -44.823776 8.356979 25.000000
v -44.823776 8.356979 -25.000000
v -44.650299 8.535889 25.000000
v -44.650299 8.535889 -25.000000
v -44.485840 8.723129 25.000000
v -44.485840 8.723129 -25.000000
v -44.330803 8.918243 25.000000
v -44.330803 8.918243 -25.000000
v -44.185562 9.120758 25.000000
v -44.185562 9.120758 -25.000000
v -44.050476 9.330170 25.000000
v -44.050476 9.330170 -25.000000
v -43.925873 9.546005 25.000000
v -43.925873 9.546005 -25.000000
v -43.812050 9.767700 25.000000
v -43.812050 9.767700 -25.000000
v -43.709290 9.994736 25.000000
v -43.709290 9.994736 -25.000000
v -43.617836 10.226547 25.000000
v -43.617836 10.226547 -25.000000
v -43.537910 10.462601 25.000000
v -43.537910 10.462601 -25.000000
v -43.469711 10.702286 25.000000
v -43.469711 10.702286 -25.000000
v -43.413406 10.945053 25.000000
v -43.413406 10.945053 -25.000000
v -43.369125 11.190292 25.000000
v -43.369125 11.190292 -25.000000
v -43.336975 11.437424 25.000000
v -43.336975 11.437424 -25.000000
v -43.317039 11.685837 25.000000
v -43.317039 11.685837 -25.000000
v -43.309364 11.934921 25.000000
v -43.309364 11.934921 -25.000000
v -43.313972 12.184097 25.000000
v -43.313972 12.184097 -25.000000
v -43.330841 12.432724 25.000000
v -43.330841 12.432724 -25.000000
v -43.359947 12.680237 25.000000
v -43.359947 12.680237 -25.000000
v -43.401199 12.926010 25.000000
v -43.401199 12.926010 -25.000000
v -43.454514 13.169449 25.000000
v -43.454514 13.169449 -25.000000
v -43.519760 13.409958 25.000000
v -43.519760 13.409958 -25.000000
v -43.596764 13.646973 25.000000
v -43.596764 13.646973 -25.000000
v -43.685356 13.879898 25.000000
v -43.685356 13.879898 -25.000000
v -43.785316 14.108185 25.000000
v -43.785316 14.108185 -25.000000
v -43.896400 14.331268 25.000000
v -43.896400 14.331268 -25.000000
v -44.018333 14.548615 25.000000
v -44.018333 14.548615 -25.000000
v -44.150825 14.759674 25.000000
v -44.150825 14.759674 -25.000000
v -44.293556 14.963959 25.000000
v -44.293556 14.963959 -25.000000
v -44.446182 15.160965 25.000000
v -44.446182 15.160965 -25.000000
v -44.608322 15.350220 25.000000
v -44.608322 15.350220 -25.000000
v -44.779587 15.531250 25.000000
v -44.779587 15.531250 -25.000000
v -44.959557 15.703629 -25.000000
v -44.959557 15.703629 25.000000
v -45.147804 15.866928 25.000000
v -45.147804 15.866928 -25.000000
v -45.343872 16.020767 25.000000
v -45.343872 16.020767 -25.000000
v -45.547272 16.164749 -25.000000
v -45.547272 16.164749 25.000000
v -45.757523 16.298538 25.000000
v -45.757523 16.298538 -25.000000
v -45.974106 16.421814 25.000000
v -45.974106 16.421814 -25.000000
v -46.196503 16.534271 25.000000
v -46.196503 16.534271 -25.000000
v -46.424164 16.635635 -25.000000
v -46.424164 16.635635 25.000000
v -46.656548 16.725662 25.000000
v -46.656548 16.725662 -25.000000
v -46.893082 16.804123 25.000000
v -46.893082 16.804123 -25.000000
v -47.133194 16.870850 25.000000
v -47.133194 16.870850 -25.000000
v -47.376297 16.925659 25.000000
v -47.376297 16.925659 -25.000000
v -47.621811 16.968430 25.000000
v -47.621811 16.968430 -25.000000
v -47.869125 16.999054 25.000000
v -47.869125 16.999054 -25.000000
v -48.117653 17.017456 -25.000000
v -48.117653 17.017456 25.000000
v -56.999634 -0.557480 25.000000
v -56.999634 -0.557480 -25.000000
v -52.566696 -14.200668 25.000000
v -52.566696 -14.200668 -25.000000
v -60.349419 -19.855148 25.000000
v -60.144257 -19.996613 25.000000
v -60.349419 -19.855148 -25.000000
v -60.144257 -19.996613 -25.000000
v -59.932377 -20.127808 25.000000
v -59.932377 -20.127808 -25.000000
v -59.714287 -20.248398 25.000000
v -59.714287 -20.248398 -25.000000
v -59.490524 -20.358109 25.000000
v -59.490524 -20.358109 -25.000000
v -59.261631 -20.456650 25.000000
v -59.261631 -20.456650 -25.000000
v -59.028160 -20.543808 25.000000
v -59.028160 -20.543808 -25.000000
v -58.790676 -20.619354 25.000000
v -58.790676 -20.619354 -25.000000
v -58.549763 -20.683121 25.000000
v -58.549763 -20.683121 -25.000000
v -58.306000 -20.734924 25.000000
v -58.306000 -20.734924 -25.000000
v -58.059982 -20.774673 25.000000
v -58.059982 -20.774673 -25.000000
v -57.812302 -20.802246 25.000000
v -57.812302 -20.802246 -25.000000
v -57.563564 -20.817581 25.000000
v -57.563564 -20.817581 -25.000000
v -57.314377 -20.820663 25.000000
v -57.314377 -20.820663 -25.000000
v -57.065338 -20.811447 25.000000
v -57.065338 -20.811447 -25.000000
v -56.817055 -20.789978 25.000000
v -56.817055 -20.789978 -25.000000
v -56.570129 -20.756317 25.000000
v -56.570129 -20.756317 -25.000000
v -56.325165 -20.710526 25.000000
v -56.325165 -20.710526 -25.000000
v -56.082752 -20.652725 25.000000
v -56.082752 -20.652725 -25.000000
v -55.843483 -20.583038 25.000000
v -55.843483 -20.583038 -25.000000
v -55.607933 -20.501663 25.000000
v -55.607933 -20.501663 -25.000000
v -55.376682 -20.408783 25.000000
v -55.376682 -20.408783 -25.000000
v -55.150284 -20.304626 25.000000
v -55.150284 -20.304626 -25.000000
v -54.929291 -20.189438 25.000000
v -54.929291 -20.189438 -25.000000
v -54.714241 -20.063507 25.000000
v -54.714241 -20.063507 -25.000000
v -54.505657 -19.927139 25.000000
v -54.505657 -19.927139 -25.000000
v -54.304043 -19.780655 25.000000
v -54.304043 -19.780655 -25.000000
v -54.109890 -19.624420 25.000000
v -54.109890 -19.624420 -25.000000
v -53.923668 -19.458817 25.000000
v -53.923668 -19.458817 -25.000000
v -53.745831 -19.284241 25.000000
v -53.745831 -19.284241 -25.000000
v -53.576805 -19.101105 25.000000
v -53.576805 -19.101105 -25.000000
v -53.417011 -18.909866 25.000000
v -53.417011 -18.909866 -25.000000
v -53.266830 -18.710999 25.000000
v -53.266830 -18.710999 -25.000000
v -53.126625 -18.504974 25.000000
v -53.126625 -18.504974 -25.000000
v -52.996742 -18.292282 25.000000
v -52.996742 -18.292282 -25.000000
v -52.877491 -18.073456 -25.000000
v -52.877491 -18.073456 25.000000
v -52.769169 -17.849030 25.000000
v -52.769169 -17.849030 -25.000000
v -52.672031 -17.619522 25.000000
v -52.672031 -17.619522 -25.000000
v -52.586315 -17.385513 25.000000
v -52.586315 -17.385513 -25.000000
v -52.512230 -17.147583 25.000000
v -52.512230 -17.147583 -25.000000
v -52.449959 -16.906281 25.000000
v -52.449959 -16.906281 -25.000000
v -52.399647 -16.662201 25.000000
v -52.399647 -16.662201 -25.000000
v -52.361420 -16.415939 -25.000000
v -52.361420 -16.415939 25.000000
v -52.335369 -16.168091 25.000000
v -52.335369 -16.168091 -25.000000
v -52.321560 -15.919266 25.000000
v -52.321560 -15.919266 -25.000000
v -52.320026 -15.670059 25.000000
v -52.320026 -15.670059 -25.000000
v -52.330769 -15.421082 25.000000
v -52.330769 -15.421082 -25.000000
v -52.353764 -15.172943 25.000000
v -52.353764 -15.172943 -25.000000
v -52.388954 -14.926224 25.000000
v -52.388954 -14.926224 -25.000000
v -52.436253 -14.681549 25.000000
v -52.436253 -14.681549 -25.000000
v -52.495548 -14.439499 25.000000
v -52.495548 -14.439499 -25.000000
v -71.954998 -11.423203 25.000000
v -71.954998 -11.423203 -25.000000
v -83.560577 -19.855148 25.000000
v -83.560577 -19.855148 -25.000000
v -91.343300 -14.200668 -25.000000
v -91.343300 -14.200668 25.000000
v -91.414448 -14.439499 -25.000000
v -91.414448 -14.439499 25.000000
v -91.473743 -14.681549 -25.000000
v -91.473743 -14.681549 25.000000
v -91.521042 -14.926224 -25.000000
v -91.521042 -14.926224 25.000000
v -91.556232 -15.172943 -25.000000
v -91.556232 -15.172943 25.000000
v -91.579227 -15.421082 -25.000000
v -91.579227 -15.421082 25.000000
v -91.589970 -15.670059 -25.000000
v -91.589970 -15.670059 25.000000
v -91.588434 -15.919266 -25.000000
v -91.588434 -15.919266 25.000000
v -91.574625 -16.168091 -25.000000
v -91.574625 -16.168091 25.000000
v -91.548576 -16.415939 -25.000000
v -91.548576 -16.415939 25.000000
v -91.510349 -16.662201 -25.000000
v -91.510349 -16.662201 25.000000
v -91.460037 -16.906281 -25.000000
v -91.460037 -16.906281 25.000000
v -91.397764 -17.147583 -25.000000
v -91.397764 -17.147583 25.000000
v -91.323681 -17.385513 -25.000000
v -91.323681 -17.385513 25.000000
v -91.237967 -17.619522 -25.000000
v -91.237967 -17.619522 25.000000
v -91.140827 -17.849030 -25.000000
v -91.140827 -17.849030 25.000000
v -91.032503 -18.073456 -25.000000
v -91.032503 -18.073456 25.000000
v -90.913254 -18.292282 -25.000000
v -90.913254 -18.292282 25.000000
v -90.783369 -18.504974 -25.000000
v -90.783369 -18.504974 25.000000
v -90.643166 -18.710999 -25.000000
v -90.643166 -18.710999 25.000000
v -90.492985 -18.909866 -25.000000
v -90.492985 -18.909866 25.000000
v -90.333189 -19.101105 -25.000000
v -90.333189 -19.101105 25.000000
v -90.164167 -19.284241 -25.000000
v -90.164167 -19.284241 25.000000
v -89.986328 -19.458817 -25.000000
v -89.986328 -19.458817 25.000000
v -89.800106 -19.624420 -25.000000
v -89.800106 -19.624420 25.000000
v -89.605953 -19.780655 -25.000000
v -89.605953 -19.780655 25.000000
v -89.404339 -19.927139 -25.000000
v -89.404339 -19.927139 25.000000
v -89.195753 -20.063507 25.000000
v -89.195753 -20.063507 -25.000000
v -88.980703 -20.189438 -25.000000
v -88.980703 -20.189438 25.000000
v -88.759712 -20.304626 -25.000000
v -88.759712 -20.304626 25.000000
v -88.533316 -20.408783 25.000000
v -88.533316 -20.408783 -25.000000
v -88.302061 -20.501663 -25.000000
v -88.302061 -20.501663 25.000000
v -88.066513 -20.583038 25.000000
v -88.066513 -20.583038 -25.000000
v -87.827242 -20.652725 -25.000000
v -87.827242 -20.652725 25.000000
v -87.584829 -20.710526 25.000000
v -87.584829 -20.710526 -25.000000
v -87.339865 -20.756317 -25.000000
v -87.339865 -20.756317 25.000000
v -87.092941 -20.789978 25.000000
v -87.092941 -20.789978 -25.000000
v -86.844658 -20.811447 25.000000
v -86.844658 -20.811447 -25.000000
v -86.595619 -20.820663 25.000000
v -86.595619 -20.820663 -25.000000
v -86.346430 -20.817581 25.000000
v -86.346430 -20.817581 -25.000000
v -86.097694 -20.802246 25.000000
v -86.097694 -20.802246 -25.000000
v -85.850016 -20.774673 25.000000
v -85.850016 -20.774673 -25.000000
v -85.603996 -20.734924 -25.000000
v -85.603996 -20.734924 25.000000
v -85.360233 -20.683121 25.000000
v -85.360233 -20.683121 -25.000000
v -85.119318 -20.619354 25.000000
v -85.119318 -20.619354 -25.000000
v -84.881836 -20.543808 25.000000
v -84.881836 -20.543808 -25.000000
v -84.648365 -20.456650 25.000000
v -84.648365 -20.456650 -25.000000
v -84.419470 -20.358109 -25.000000
v -84.419470 -20.358109 25.000000
v -84.195707 -20.248398 25.000000
v -84.195707 -20.248398 -25.000000
v -83.977621 -20.127808 25.000000
v -83.977621 -20.127808 -25.000000
v -83.765739 -19.996613 25.000000
v -83.765739 -19.996613 -25.000000
v -86.910362 -0.557480 25.000000
v -86.910362 -0.557480 -25.000000
v -98.515942 7.874466 -25.000000
v -98.515942 7.874466 25.000000
v -95.543207 17.023605 25.000000
v -95.792339 17.017456 25.000000
v -95.543207 17.023605 -25.000000
v -95.792339 17.017456 -25.000000
v -96.040869 16.999054 25.000000
v -96.040869 16.999054 -25.000000
v -96.288187 16.968430 25.000000
v -96.288187 16.968430 -25.000000
v -96.533699 16.925659 25.000000
v -96.533699 16.925659 -25.000000
v -96.776806 16.870850 25.000000
v -96.776806 16.870850 -25.000000
v -97.016916 16.804123 25.000000
v -97.016916 16.804123 -25.000000
v -97.253448 16.725662 25.000000
v -97.253448 16.725662 -25.000000
v -97.485828 16.635635 25.000000
v -97.485828 16.635635 -25.000000
v -97.713493 16.534271 25.000000
v -97.713493 16.534271 -25.000000
v -97.935886 16.421814 25.000000
v -97.935886 16.421814 -25.000000
v -98.152472 16.298538 25.000000
v -98.152472 16.298538 -25.000000
v -98.362720 16.164749 25.000000
v -98.362720 16.164749 -25.000000
v -98.566124 16.020767 25.000000
v -98.566124 16.020767 -25.000000
v -98.762188 15.866928 25.000000
v -98.762188 15.866928 -25.000000
v -98.950436 15.703629 25.000000
v -98.950436 15.703629 -25.000000
v -99.130411 15.531250 25.000000
v -99.130411 15.531250 -25.000000
v -99.301677 15.350220 25.000000
v -99.301677 15.350220 -25.000000
v -99.463817 15.160965 25.000000
v -99.463817 15.160965 -25.000000
v -99.616437 14.963959 25.000000
v -99.616437 14.963959 -25.000000
v -99.759168 14.759674 25.000000
v -99.759168 14.759674 -25.000000
v -99.891662 14.548615 25.000000
v -99.891662 14.548615 -25.000000
v -100.013597 14.331268 25.000000
v -100.013597 14.331268 -25.000000
v -100.124680 14.108185 25.000000
v -100.124680 14.108185 -25.000000
v -100.224638 13.879898 25.000000
v -100.224638 13.879898 -25.000000
v -100.313229 13.646973 25.000000
v -100.313229 13.646973 -25.000000
v -100.390239 13.409958 25.000000
v -100.390239 13.409958 -25.000000
v -100.455480 13.169449 25.000000
v -100.455480 13.169449 -25.000000
v -100.508794 12.926010 25.000000
v -100.508794 12.926010 -25.000000
v -100.550052 12.680237 25.000000
v -100.550052 12.680237 -25.000000
v -100.579152 12.432724 25.000000
v -100.579152 12.432724 -25.000000
v -100.596025 12.184097 25.000000
v -100.596025 12.184097 -25.000000
v -100.600631 11.934921 25.000000
v -100.600631 11.934921 -25.000000
v -100.592957 11.685837 25.000000
v -100.592957 11.685837 -25.000000
v -100.573021 11.437424 25.000000
v -100.573021 11.437424 -25.000000
v -100.540874 11.190292 25.000000
v -100.540874 11.190292 -25.000000
v -100.496592 10.945053 25.000000
v -100.496592 10.945053 -25.000000
v -100.440282 10.702286 25.000000
v -100.440282 10.702286 -25.000000
v -100.372083 10.462601 25.000000
v -100.372083 10.462601 -25.000000
v -100.292159 10.226547 25.000000
v -100.292159 10.226547 -25.000000
v -100.200705 9.994736 25.000000
v -100.200705 9.994736 -25.000000
v -100.097942 9.767700 25.000000
v -100.097942 9.767700 -25.000000
v -99.984120 9.546005 25.000000
v -99.984120 9.546005 -25.000000
v -99.859516 9.330170 25.000000
v -99.859516 9.330170 -25.000000
v -99.724431 9.120758 25.000000
v -99.724431 9.120758 -25.000000
v -99.579195 8.918243 25.000000
v -99.579195 8.918243 -25.000000
v -99.424159 8.723129 -25.000000
v -99.424159 8.723129 25.000000
v -99.259700 8.535889 -25.000000
v -99.259700 8.535889 25.000000
v -99.086217 8.356979 25.000000
v -99.086217 8.356979 -25.000000
v -98.904133 8.186829 25.000000
v -98.904133 8.186829 -25.000000
v -98.713886 8.025864 25.000000
v -98.713886 8.025864 -25.000000
v -81.197922 17.023605 25.000000
v -81.197922 17.023605 -25.000000
v -76.764984 30.666779 25.000000
v -76.764984 30.666779 -25.000000
v -67.145012 30.666779 25.000000
v -67.227837 30.901825 25.000000
v -67.145012 30.666779 -25.000000
v -67.227837 30.901825 -25.000000
v -67.322140 31.132492 25.000000
v -67.322140 31.132492 -25.000000
v -67.427692 31.358246 25.000000
v -67.427692 31.358246 -25.000000
v -67.544235 31.578522 25.000000
v -67.544235 31.578522 -25.000000
v -67.671490 31.792801 25.000000
v -67.671490 31.792801 -25.000000
v -67.809143 32.000534 25.000000
v -67.809143 32.000534 -25.000000
v -67.956863 32.201248 25.000000
v -67.956863 32.201248 -25.000000
v -68.114292 32.394440 25.000000
v -68.114292 32.394440 -25.000000
v -68.281044 32.579636 25.000000
v -68.281044 32.579636 -25.000000
v -68.456718 32.756393 25.000000
v -68.456718 32.756393 -25.000000
v -68.640888 32.924286 25.000000
v -68.640888 32.924286 -25.000000
v -68.833099 33.082901 25.000000
v -68.833099 33.082901 -25.000000
v -69.032894 33.231842 25.000000
v -69.032894 33.231842 -25.000000
v -69.239784 33.370773 25.000000
v -69.239784 33.370773 -25.000000
v -69.453266 33.499359 25.000000
v -69.453266 33.499359 -25.000000
v -69.672821 33.617249 25.000000
v -69.672821 33.617249 -25.000000
v -69.897919 33.724197 25.000000
v -69.897919 33.724197 -25.000000
v -70.128010 33.819916 25.000000
v -70.128010 33.819916 -25.000000
v -70.362537 33.904190 25.000000
v -70.362537 33.904190 -25.000000
v -70.600933 33.976807 25.000000
v -70.600933 33.976807 -25.000000
v -70.842613 34.037582 25.000000
v -70.842613 34.037582 -25.000000
v -71.086998 34.086395 25.000000
v -71.086998 34.086395 -25.000000
v -71.333488 34.123108 25.000000
v -71.333488 34.123108 -25.000000
v -71.581486 34.147629 25.000000
v -71.581486 34.147629 -25.000000
v -71.830395 34.159897 25.000000
v -71.830395 34.159897 -25.000000
v -72.079601 34.159897 25.000000
v -72.079601 34.159897 -25.000000
v -72.328510 34.147629 25.000000
v -72.328510 34.147629 -25.000000
v -72.576508 34.123108 25.000000
v -72.576508 34.123108 -25.000000
v -72.822998 34.086395 25.000000
v -72.822998 34.086395 -25.000000
v -73.067379 34.037582 25.000000
v -73.067379 34.037582 -25.000000
v -73.309063 33.976807 25.000000
v -73.309063 33.976807 -25.000000
v -73.547459 33.904190 25.000000
v -73.547459 33.904190 -25.000000
v -73.781986 33.819916 25.000000
v -73.781986 33.819916 -25.000000
v -74.012077 33.724197 25.000000
v -74.012077 33.724197 -25.000000
v -74.237175 33.617249 25.000000
v -74.237175 33.617249 -25.000000
v -74.456730 33.499359 25.000000
v -74.456730 33.499359 -25.000000
v -74.670212 33.370773 25.000000
v -74.670212 33.370773 -25.000000
v -74.877102 33.231842 25.000000
v -74.877102 33.231842 -25.000000
v -75.076893 33.082901 -25.000000
v -75.076893 33.082901 25.000000
v -75.269108 32.924286 25.000000
v -75.269108 32.924286 -25.000000
v -75.453278 32.756393 25.000000
v -75.453278 32.756393 -25.000000
v -75.628948 32.579636 25.000000
v -75.628948 32.579636 -25.000000
v -75.795704 32.394440 -25.000000
v -75.795704 32.394440 25.000000
v -75.953133 32.201248 25.000000
v -75.953133 32.201248 -25.000000
v -76.100853 32.000534 -25.000000
v -76.100853 32.000534 25.000000
v -76.238506 31.792801 25.000000
v -76.238506 31.792801 -25.000000
v -76.365761 31.578522 25.000000
v -76.365761 31.578522 -25.000000
v -76.482304 31.358246 25.000000
v -76.482304 31.358246 -25.000000
v -76.587856 31.132492 25.000000
v -76.587856 31.132492 -25.000000
v -76.682159 30.901825 -25.000000
v -76.682159 30.901825 25.000000
v -113.045337 113.047180 24.998928
v -113.000000 113.000000 25.000000
v -113.000000 113.098145 24.997589
v -113.098135 113.000000 24.997589
v -113.097986 113.160248 24.991161
v -113.000000 113.196045 24.990368
v -113.043358 113.381287 24.962837
v -113.000000 113.293457 24.978352
v -113.000000 113.390167 24.961571
v -113.000000 113.485962 24.940063
v -113.195597 113.045654 24.989887
v -113.293461 113.000000 24.978352
v -113.196034 113.000000 24.990368
v -113.147152 113.274078 24.975658
v -113.085484 113.491638 24.936745
v -113.000000 113.580566 24.913879
v -113.247928 113.162292 24.977928
v -113.192608 113.388153 24.952492
v -113.123719 113.601440 24.903404
v -113.000000 113.673767 24.883087
v -113.041279 113.797974 24.833447
v -113.000000 113.765381 24.847759
v -113.000000 113.855103 24.807980
v -113.345398 113.046997 24.969387
v -113.390181 113.000000 24.961571
v -113.296563 113.279419 24.958054
v -113.234143 113.501953 24.921776
v -113.157885 113.710205 24.862972
v -113.068002 113.900208 24.784657
v -113.000000 113.942780 24.763844
v -113.397021 113.166534 24.953110
v -113.341275 113.396545 24.930359
v -113.271563 113.614929 24.883644
v -113.187823 113.817413 24.815636
v -113.493702 113.050629 24.937447
v -113.580569 113.000000 24.913879
v -113.485960 113.000000 24.940063
v -113.090463 114.000244 24.729546
v -113.000000 114.028198 24.715458
v -113.444748 113.286316 24.928791
v -113.381857 113.513092 24.894970
v -113.304695 113.726562 24.838284
v -113.213395 113.922577 24.761616
v -113.544243 113.172363 24.916794
v -113.108558 114.097595 24.668381
v -113.000000 114.111145 24.662941
v -113.000000 114.191406 24.606415
v -113.488358 113.405762 24.896538
v -113.418120 113.628540 24.852058
v -113.333386 113.836334 24.785896
v -113.639493 113.055878 24.894184
v -113.673780 113.000000 24.883087
v -113.234481 114.025208 24.701160
v -113.590708 113.294067 24.888012
v -113.122203 114.191833 24.601437
v -113.000000 114.268799 24.546021
v -113.527648 113.524384 24.856503
v -113.449896 113.742340 24.801815
v -113.357501 113.943726 24.726730
v -113.688603 113.179108 24.869156
v -113.250983 114.124817 24.634556
v -113.632881 113.415192 24.851238
v -113.131336 114.282501 24.529030
v -113.000000 114.343109 24.481903
v -113.562435 113.641602 24.808872
v -113.477037 113.853943 24.744480
v -113.781786 113.062073 24.839825
v -113.855110 113.000000 24.807980
v -113.765367 113.000000 24.847759
v -113.376928 114.048248 24.661057
v -113.733476 113.302032 24.835972
v -113.262826 114.220978 24.562103
v -113.670566 113.535156 24.806641
v -113.135912 114.369202 24.451496
v -113.000000 114.414215 24.414215
v -113.592559 113.756836 24.753868
v -113.499417 113.962891 24.680313
v -113.829138 113.186096 24.810493
v -113.391579 114.149414 24.589184
v -113.773903 113.424103 24.794777
v -113.269954 114.313171 24.484146
v -113.703588 113.653412 24.754429
v -113.135912 114.451508 24.369194
v -113.000000 114.481903 24.343117
v -113.617879 113.869598 24.691746
v -113.919630 113.068573 24.774704
v -113.942793 113.000000 24.763844
v -113.516933 114.068604 24.609615
v -113.872117 113.309540 24.773018
v -113.401383 114.246765 24.511444
v -113.809698 113.544678 24.745766
v -113.272333 114.401031 24.401043
v -113.731793 113.769409 24.694843
v -113.131336 114.529022 24.282505
v -113.000000 114.546021 24.268787
v -113.638277 113.979370 24.622791
v -113.964930 113.192688 24.741203
v -113.529503 114.170654 24.532719
v -113.910521 113.431793 24.727570
v -113.406297 114.339844 24.428200
v -113.840694 113.663269 24.689171
v -113.269954 114.484131 24.313179
v -113.755051 113.882599 24.628162
v -114.052123 113.074677 24.699253
v -114.111140 113.000000 24.662941
v -114.028206 113.000000 24.715458
v -113.122203 114.601440 24.191834
v -113.000000 114.606415 24.191399
v -113.653660 114.085602 24.547329
v -114.005742 113.315887 24.699615
v -113.537068 114.268524 24.449974
v -113.944173 113.552307 24.674362
v -113.406297 114.428192 24.339836
v -113.866747 113.779297 24.625248
v -113.262826 114.562103 24.220966
v -113.773253 113.992462 24.554695
v -114.095106 113.198120 24.661774
v -113.108558 114.668365 24.097599
v -113.000000 114.662933 24.111141
v -113.000000 114.715454 24.028206
v -113.663954 114.187805 24.465706
v -114.041878 113.437622 24.650143
v -113.539594 114.361786 24.361771
v -113.972917 113.670532 24.613640
v -113.401383 114.511444 24.246765
v -113.887737 113.892242 24.554298
v -114.178410 113.079712 24.613998
v -114.268787 113.000000 24.546021
v -114.191399 113.000000 24.606415
v -113.250983 114.634552 24.124828
v -113.786316 114.098511 24.474781
v -114.133515 113.320404 24.616318
v -113.090463 114.729553 24.000240
v -113.000000 114.763855 23.942795
v -113.669114 114.285522 24.378304
v -114.073169 113.557343 24.593006
v -113.537068 114.449982 24.268517
v -113.996619 113.785889 24.545685
v -113.391579 114.589172 24.149418
v -113.903564 114.001526 24.476650
v -114.218847 113.201813 24.572796
v -113.234481 114.701172 24.025215
v -113.794178 114.200226 24.388794
v -114.167171 113.440918 24.563103
v -113.068002 114.784668 23.900211
v -113.000000 114.807983 23.855110
v -113.669114 114.378296 24.285522
v -114.099470 113.674469 24.528477
v -113.529503 114.532715 24.170643
v -114.015169 113.897858 24.470814
v -114.297695 113.083038 24.519569
v -114.343118 113.000000 24.481903
v -113.376928 114.661072 24.048244
v -113.914157 114.106720 24.392662
v -114.254650 113.322418 24.523777
v -113.213395 114.761627 23.922588
v -113.796802 114.297119 24.297134
v -114.195918 113.559143 24.502377
v -113.041279 114.833435 23.797974
v -113.000000 114.847748 23.765366
v -113.663954 114.465698 24.187801
v -114.120659 113.788483 24.456852
v -113.516933 114.609619 24.068604
v -114.028481 114.005920 24.389374
v -114.335393 113.203033 24.474960
v -113.357501 114.726715 23.943714
v -113.919466 114.207275 24.302727
v -114.285653 113.441040 24.467167
v -113.187823 114.815643 23.817425
v -113.794178 114.388794 24.200222
v -114.219622 113.674530 24.434414
v -113.010420 114.875702 23.694004
v -113.000000 114.883087 23.673779
v -113.653660 114.547333 24.085587
v -114.136637 113.898834 24.378464
v -114.409246 113.083954 24.416679
v -114.481902 113.000000 24.343117
v -114.414214 113.000000 24.414215
v -113.499417 114.680298 23.962875
v -114.036493 114.109558 24.301746
v -114.368426 113.321320 24.422729
v -113.333386 114.785889 23.836319
v -113.919466 114.302734 24.207264
v -114.311712 113.557098 24.403233
v -113.157885 114.862976 23.710213
v -113.786316 114.474792 24.098511
v -114.238175 113.786499 24.359531
v -113.638277 114.622803 23.979359
v -114.147331 114.005005 24.293678
v -114.444049 113.201202 24.369026
v -113.477037 114.744476 23.853951
v -114.039168 114.208344 24.208332
v -114.396641 113.437378 24.363125
v -113.304695 114.838287 23.726551
v -113.914157 114.392670 24.106709
v -114.332705 113.670044 24.332264
v -113.123719 114.903412 23.601448
v -113.000000 114.913879 23.580570
v -113.773253 114.554688 23.992470
v -114.251488 113.894592 24.278084
v -114.512395 113.081879 24.306122
v -114.546021 113.000000 24.268787
v -113.617879 114.691742 23.869610
v -114.152690 114.106506 24.202885
v -114.474187 113.316528 24.313999
v -113.449896 114.801819 23.742329
v -114.036493 114.301758 24.109570
v -114.419906 113.550598 24.296421
v -113.271563 114.883636 23.614925
v -113.903564 114.476654 24.001537
v -114.348537 113.779388 24.254597
v -113.085484 114.936737 23.491638
v -113.000000 114.940063 23.485962
v -113.755051 114.628174 23.882599
v -114.259501 113.998261 24.190445
v -114.544190 113.195740 24.255852
v -113.592559 114.753876 23.756847
v -114.152690 114.202881 24.106514
v -114.499518 113.429321 24.251846
v -113.418120 114.852051 23.628536
v -114.028481 114.389374 24.005917
v -114.438115 113.660522 24.222927
v -113.234143 114.921783 23.501953
v -113.887737 114.554291 23.892235
v -114.359132 113.884583 24.170593
v -114.606549 113.076263 24.188774
v -114.662939 113.000000 24.111141
v -114.606415 113.000000 24.191399
v -113.043358 114.962830 23.381294
v -113.000000 114.961578 23.390183
v -113.000000 114.978363 23.293461
v -113.731793 114.694855 23.769402
v -114.262176 114.097015 24.097023
v -114.571347 113.307434 24.198479
v -113.562435 114.808868 23.641594
v -114.147331 114.293671 24.005005
v -114.519926 113.539124 24.182861
v -113.381857 114.894958 23.513096
v -114.015169 114.470825 23.897854
v -114.451182 113.766571 24.142986
v -113.192608 114.952484 23.388168
v -113.866747 114.625244 23.779305
v -114.364442 113.985138 24.080639
v -114.635260 113.186096 24.136353
v -113.703588 114.754425 23.653408
v -114.259501 114.190460 23.998249
v -114.593740 113.416412 24.134277
v -113.527648 114.856506 23.524391
v -114.136637 114.378448 23.898830
v -114.535316 113.645416 24.107365
v -113.341275 114.930359 23.396545
v -113.996619 114.545685 23.785881
v -114.459046 113.868317 24.056969
v -114.691188 113.066528 24.065578
v -114.715457 113.000000 24.028206
v -113.147152 114.975647 23.274090
v -113.000000 114.990356 23.196033
v -113.840694 114.689178 23.663277
v -114.364442 114.080627 23.985149
v -114.659392 113.293579 24.077141
v -113.670566 114.806641 23.535152
v -114.251488 114.278076 23.894581
v -114.611266 113.522217 24.063541
v -113.488358 114.896545 23.405777
v -114.120659 114.456848 23.788486
v -114.545615 113.747681 24.025703
v -113.296563 114.958038 23.279427
v -113.972917 114.613647 23.670521
v -114.461672 113.965271 23.965275
v -114.716782 113.171783 24.011513
v -113.097986 114.991150 23.160255
v -113.000000 114.997589 23.098137
v -113.809698 114.745758 23.544689
v -114.359132 114.170593 23.884575
v -114.678834 113.398163 24.011421
v -113.632881 114.851227 23.415184
v -114.238175 114.359528 23.786507
v -114.623843 113.624298 23.986595
v -113.444748 114.928802 23.286304
v -114.099470 114.528473 23.674484
v -114.550777 113.845428 23.938259
v -114.765871 113.052216 23.937534
v -114.807979 113.000000 23.855110
v -114.763843 113.000000 23.942795
v -113.247928 114.977936 23.162285
v -113.944173 114.674347 23.552311
v -114.459046 114.056976 23.868332
v -114.737886 113.274475 23.951004
v -113.045337 114.998932 23.047188
v -113.000000 115.000000 23.000000
v -113.098135 114.997589 23.000000
v -113.773903 114.794769 23.424088
v -114.348537 114.254608 23.779377
v -114.693494 113.499420 23.939499
v -113.590708 114.888000 23.294067
v -114.219622 114.434418 23.674522
v -114.631413 113.722229 23.903805
v -113.397021 114.953125 23.166527
v -114.073169 114.593018 23.557350
v -114.550777 113.938263 23.845436
v -114.788354 113.152344 23.882374
v -113.195597 114.989899 23.045658
v -113.196034 114.990356 23.000000
v -113.293461 114.978363 23.000000
v -113.910521 114.727570 23.431797
v -114.451182 114.142975 23.766586
v -114.754402 113.374176 23.884342
v -113.733476 114.835968 23.302040
v -114.332705 114.332275 23.670052
v -114.703306 113.596832 23.861706
v -113.544243 114.916779 23.172356
v -114.195918 114.502380 23.559151
v -114.633940 113.815552 23.815548
v -114.830236 113.032898 23.805698
v -114.847759 113.000000 23.765366
v -113.345398 114.969391 23.047005
v -113.390181 114.961578 23.000000
v -114.041878 114.650146 23.437634
v -114.545615 114.025696 23.747669
v -114.806468 113.249786 23.821144
v -113.872117 114.773010 23.309540
v -114.438115 114.222931 23.660511
v -114.766255 113.470398 23.811829
v -113.688603 114.869171 23.179108
v -114.311712 114.403229 23.557095
v -114.708224 113.689972 23.778400
v -113.493702 114.937439 23.050617
v -113.580569 114.913879 23.000000
v -113.485960 114.940063 23.000000
v -114.167171 114.563110 23.440929
v -114.631413 113.903809 23.722240
v -114.849658 113.127441 23.750019
v -114.005742 114.699615 23.315887
v -114.535316 114.107361 23.645409
v -114.820127 113.344116 23.754135
v -113.829138 114.810486 23.186108
v -114.419906 114.296417 23.550602
v -114.773389 113.562683 23.733803
v -113.639493 114.894196 23.055862
v -113.673780 114.883087 23.000000
v -114.285653 114.467163 23.441040
v -114.708224 113.778412 23.689976
v -114.884003 113.008270 23.671165
v -114.913881 113.000000 23.580570
v -114.883088 113.000000 23.673779
v -114.133515 114.616333 23.320400
v -114.623843 113.986603 23.624310
v -114.864857 113.219177 23.688667
v -113.964930 114.741211 23.192677
v -114.519926 114.182861 23.539131
v -114.829268 113.434875 23.681656
v -113.781786 114.839813 23.062073
v -113.765367 114.847748 23.000000
v -113.855110 114.807983 23.000000
v -114.396641 114.363129 23.437366
v -114.775770 113.650635 23.650631
v -114.254650 114.523773 23.322426
v -114.703306 113.861694 23.596836
v -114.900451 113.096771 23.615570
v -114.095106 114.661774 23.198132
v -114.611266 114.063538 23.522209
v -114.875765 113.307739 23.621937
v -113.919630 114.774719 23.068573
v -113.942793 114.763855 23.000000
v -114.499518 114.251831 23.429333
v -114.833849 113.521667 23.604042
v -114.368426 114.422729 23.321331
v -114.773389 113.733795 23.562695
v -114.218847 114.572784 23.201801
v -114.693494 113.939514 23.499416
v -114.912853 113.182404 23.554722
v -114.052123 114.699249 23.074684
v -114.028206 114.715454 23.000000
v -114.111140 114.662933 23.000000
v -114.593740 114.134277 23.416420
v -114.882330 113.392670 23.550133
v -114.474187 114.313995 23.316517
v -114.833849 113.604034 23.521660
v -114.335393 114.474945 23.203033
v -114.766255 113.811829 23.470402
v -114.940574 113.060089 23.480167
v -114.961571 113.000000 23.390183
v -114.940063 113.000000 23.485962
v -114.178410 114.614014 23.079723
v -114.191399 114.606415 23.000000
v -114.268787 114.546021 23.000000
v -114.678834 114.011414 23.398170
v -114.921154 113.264832 23.488907
v -114.571347 114.198486 23.307430
v -114.884522 113.473602 23.473591
v -114.444049 114.369019 23.201214
v -114.829268 113.681641 23.434883
v -114.297695 114.519562 23.083027
v -114.343118 114.481903 23.000000
v -114.754402 113.884338 23.374184
v -114.950333 113.139343 23.420460
v -114.659392 114.077148 23.293571
v -114.925314 113.343628 23.418434
v -114.544190 114.255859 23.195747
v -114.882330 113.550140 23.392666
v -114.409246 114.416687 23.083954
v -114.414214 114.414215 23.000000
v -114.481902 114.343109 23.000000
v -114.820127 113.754120 23.344124
v -114.737886 113.951019 23.274487
v -114.956207 113.215332 23.356216
v -114.635260 114.136353 23.186096
v -114.925314 113.418427 23.343624
v -114.512395 114.306122 23.081886
v -114.546021 114.268799 23.000000
v -114.875765 113.621948 23.307732
v -114.806468 113.821136 23.249794
v -114.977253 113.089844 23.287052
v -114.990369 113.000000 23.196033
v -114.978353 113.000000 23.293461
v -114.716782 114.011505 23.171772
v -114.958168 113.287720 23.287731
v -114.606549 114.188782 23.076252
v -114.606415 114.191406 23.000000
v -114.662939 114.111145 23.000000
v -114.921154 113.488922 23.264832
v -114.864857 113.688660 23.219185
v -114.788354 113.882385 23.152340
v -114.980914 113.159180 23.225029
v -114.691188 114.065582 23.066517
v -114.715457 114.028198 23.000000
v -114.956207 113.356201 23.215324
v -114.912853 113.554718 23.182415
v -114.849658 113.750031 23.127438
v -114.993644 113.033966 23.155663
v -114.997591 113.000000 23.098137
v -114.765871 113.937531 23.052212
v -114.763843 113.942780 23.000000
v -114.807979 113.855103 23.000000
v -114.980914 113.225037 23.159191
v -114.950333 113.420471 23.139328
v -114.900451 113.615570 23.096764
v -114.830236 113.805695 23.032909
v -114.847759 113.765381 23.000000
v -114.995338 113.096497 23.096508
v -114.997591 113.098145 23.000000
v -115.000000 113.000000 23.000000
v -114.977253 113.287048 23.089844
v -114.978353 113.293457 23.000000
v -114.990369 113.196045 23.000000
v -114.940574 113.480164 23.060104
v -114.913881 113.580566 23.000000
v -114.961571 113.390167 23.000000
v -114.940063 113.485962 23.000000
v -114.884003 113.671173 23.008270
v -114.883088 113.673767 23.000000
v -114.993644 113.155670 23.033970
v -114.969947 113.344971 23.017311
v -113.000000 115.000000 -25.000000
v -113.098135 114.997589 -25.000000
v -113.196034 114.990356 -25.000000
v -113.293461 114.978363 -25.000000
v -113.390181 114.961578 -25.000000
v -113.485960 114.940063 -25.000000
v -113.580569 114.913879 -25.000000
v -113.673780 114.883087 -25.000000
v -113.765367 114.847748 -25.000000
v -113.855110 114.807983 -25.000000
v -113.942793 114.763855 -25.000000
v -114.028206 114.715454 -25.000000
v -114.111140 114.662933 -25.000000
v -114.191399 114.606415 -25.000000
v -114.268787 114.546021 -25.000000
v -114.343118 114.481903 -25.000000
v -114.414214 114.414215 -25.000000
v -114.481902 114.343109 -25.000000
v -114.546021 114.268799 -25.000000
v -114.606415 114.191406 -25.000000
v -114.662939 114.111145 -25.000000
v -114.715457 114.028198 -25.000000
v -114.763843 113.942780 -25.000000
v -114.807979 113.855103 -25.000000
v -114.847759 113.765381 -25.000000
v -114.883088 113.673767 -25.000000
v -114.913881 113.580566 -25.000000
v -114.940063 113.485962 -25.000000
v -114.961571 113.390167 -25.000000
v -114.978353 113.293457 -25.000000
v -114.990369 113.196045 -25.000000
v -114.997591 113.098145 -25.000000
v -115.000000 113.000000 -25.000000
v 113.053955 113.316559 24.974052
v 113.000000 113.390167 24.961571
v 113.000000 113.293457 24.978352
v 113.000000 113.196045 24.990368
v 113.065643 113.126526 24.994915
v 113.000000 113.098145 24.997589
v 113.000000 113.000000 25.000000
v 113.052841 113.644043 24.892727
v 113.000000 113.673767 24.883087
v 113.000000 113.580566 24.913879
v 113.100098 113.450897 24.945938
v 113.000000 113.485962 24.940063
v 113.124939 113.256531 24.979542
v 113.126526 113.065643 24.994915
v 113.098129 113.000000 24.997589
v 113.196030 113.000000 24.990368
v 113.080490 113.778595 24.840469
v 113.000000 113.855103 24.807980
v 113.000000 113.765381 24.847759
v 113.139969 113.585785 24.907162
v 113.177750 113.388886 24.953758
v 113.013092 114.090118 24.676746
v 113.000000 114.111145 24.662941
v 113.000000 114.028198 24.715458
v 113.192566 113.192566 24.981373
v 113.102585 113.910736 24.777653
v 113.000000 113.942780 24.763844
v 113.173691 113.720032 24.857792
v 113.224060 113.522430 24.917519
v 113.020599 114.212372 24.590519
v 113.000000 114.268799 24.546021
v 113.000000 114.191406 24.606415
v 113.251999 113.322479 24.957676
v 113.119431 114.039368 24.704540
v 113.256531 113.124939 24.979542
v 113.201431 113.852509 24.797962
v 113.263885 113.655945 24.870850
v 113.024307 114.328522 24.494804
v 113.000000 114.414215 24.414215
v 113.000000 114.343109 24.481903
v 113.304703 113.454224 24.923752
v 113.131439 114.163422 24.621468
v 113.322479 113.251984 24.957676
v 113.223480 113.982056 24.727901
v 113.316544 113.053955 24.974052
v 113.293457 113.000000 24.978352
v 113.390183 113.000000 24.961571
v 113.297379 113.788330 24.813858
v 113.024765 114.437653 24.390144
v 113.000000 114.481903 24.343117
v 113.350677 113.586639 24.879593
v 113.139053 114.281891 24.528862
v 113.381546 113.381561 24.925835
v 113.240158 114.107574 24.647907
v 113.388885 113.177765 24.953758
v 113.324738 113.918427 24.746723
v 113.022552 114.538940 24.277149
v 113.000000 114.606415 24.191399
v 113.000000 114.546021 24.268787
v 113.389969 113.718567 24.825264
v 113.142792 114.393799 24.427219
v 113.433655 113.512421 24.883972
v 113.251892 114.228027 24.558357
v 113.454239 113.304718 24.923752
v 113.346268 114.045074 24.669704
v 113.018326 114.631622 24.156513
v 113.000000 114.662933 24.111141
v 113.450897 113.100098 24.945938
v 113.485962 113.000000 24.940063
v 113.422760 113.848785 24.760914
v 113.143204 114.498230 24.317116
v 113.478790 113.643463 24.832130
v 113.259140 114.342407 24.459709
v 113.512436 113.433655 24.883972
v 113.362289 114.167206 24.583145
v 113.012695 114.714935 24.028976
v 113.000000 114.763855 23.942795
v 113.000000 114.715454 24.028206
v 113.522415 113.224060 24.917519
v 113.449249 113.976227 24.686768
v 113.140915 114.594391 24.199196
v 113.517059 113.773499 24.770416
v 113.262436 114.449768 24.352501
v 113.563431 113.563416 24.834423
v 113.373276 114.283783 24.487461
v 113.586655 113.350677 24.879593
v 113.469742 114.099701 24.603119
v 113.136520 114.681519 24.074173
v 113.585785 113.139984 24.907162
v 113.580566 113.000000 24.913879
v 113.548630 113.901306 24.699009
v 113.262329 114.549255 24.237339
v 113.607239 113.692841 24.775173
v 113.379669 114.393829 24.383144
v 113.643463 113.478790 24.832130
v 113.484634 114.218201 24.510345
v 113.130707 114.758972 23.942829
v 113.000000 114.807983 23.855110
v 113.655960 113.263886 24.870850
v 113.573746 114.025818 24.618176
v 113.259445 114.640045 24.114895
v 113.644043 113.052856 24.892727
v 113.673782 113.000000 24.883087
v 113.643967 113.820709 24.706379
v 113.382019 114.496399 24.270760
v 113.692841 113.607239 24.775173
v 113.494370 114.330627 24.408901
v 113.124130 114.826202 23.805996
v 113.000000 114.847748 23.765366
v 113.718552 113.389984 24.825264
v 113.592743 114.145905 24.528252
v 113.254425 114.721405 23.985909
v 113.720032 113.173676 24.857792
v 113.673828 113.945923 24.628258
v 113.380920 114.590668 24.150948
v 113.734802 113.734802 24.708839
v 113.499420 114.436096 24.299309
v 113.117493 114.882690 23.664562
v 113.000000 114.913879 23.580570
v 113.000000 114.883087 23.673779
v 113.773483 113.517059 24.770416
v 113.606003 114.260498 24.429649
v 113.247940 114.792755 23.851189
v 113.788345 113.297363 24.813858
v 113.697067 114.067291 24.541103
v 113.376984 114.675842 24.024406
v 113.778580 113.080505 24.840469
v 113.765366 113.000000 24.847759
v 113.855118 113.000000 24.807980
v 113.769501 113.860321 24.633308
v 113.500366 114.533661 24.182167
v 113.111450 114.928131 23.519466
v 113.000000 114.961578 23.390183
v 113.000000 114.940063 23.485962
v 113.820724 113.643982 24.706379
v 113.613998 114.368622 24.322849
v 113.240646 114.853577 23.711582
v 113.848801 113.422760 24.760914
v 113.714066 114.183746 24.445297
v 113.370850 114.751282 23.891903
v 113.852493 113.201416 24.797962
v 113.797150 113.982666 24.548840
v 113.497787 114.622528 24.058140
v 113.106705 114.962250 23.371681
v 113.000000 114.978363 23.293461
v 113.860336 113.769501 24.633308
v 113.617233 114.469269 24.208408
v 113.233246 114.903412 23.568001
v 113.901321 113.548645 24.699009
v 113.725204 114.294250 24.341270
v 113.363205 114.816376 23.754257
v 113.918427 113.324738 24.746723
v 113.818024 114.100708 24.455769
v 113.492310 114.701935 23.927952
v 113.103867 114.984894 23.222210
v 113.000000 114.997589 23.098137
v 113.000000 114.990356 23.196033
v 113.910736 113.102570 24.777653
v 113.942795 113.000000 24.763844
v 114.028198 113.000000 24.715458
v 113.892487 113.892487 24.551422
v 113.616272 114.561646 24.086952
v 113.226425 114.941956 23.421387
v 113.945908 113.673828 24.628258
v 113.730972 114.397827 24.229549
v 113.354736 114.870605 23.612343
v 113.976212 113.449249 24.686768
v 113.832520 114.213379 24.354492
v 113.484604 114.771240 23.792393
v 113.103592 114.996002 23.072083
v 113.196030 114.990356 23.000000
v 113.098129 114.997589 23.000000
v 113.000000 115.000000 23.000000
v 113.982040 113.223480 24.727901
v 113.917435 114.011810 24.461014
v 113.611740 114.644928 23.959167
v 113.220825 114.968964 23.272720
v 113.982681 113.797150 24.548840
v 113.731903 114.493530 24.110710
v 113.346115 114.913635 23.467079
v 114.025818 113.573761 24.618176
v 113.841064 114.319611 24.245491
v 113.475342 114.829895 23.652298
v 114.045074 113.346252 24.669704
v 113.935471 114.126343 24.362450
v 113.604263 114.718414 23.825806
v 113.217117 114.984375 23.123020
v 113.293457 114.978363 23.000000
v 114.039368 113.119446 24.704540
v 114.111145 113.000000 24.662941
v 114.011810 113.917419 24.461014
v 113.728592 114.580536 23.985405
v 113.338028 114.945190 23.319424
v 114.067276 113.697083 24.541103
v 113.844147 114.418488 24.129303
v 113.465225 114.877472 23.508556
v 114.099701 113.469757 24.603119
v 113.946991 114.235016 24.256161
v 113.594528 114.781464 23.687672
v 114.107574 113.240173 24.647907
v 114.033554 114.033569 24.365105
v 113.721649 114.658112 23.854347
v 113.331131 114.965027 23.170357
v 114.100708 113.818024 24.455769
v 113.842316 114.509094 24.006546
v 113.454926 114.913605 23.362095
v 114.145905 113.592743 24.528252
v 113.952469 114.336853 24.142647
v 113.583206 114.833618 23.545616
v 114.167221 113.362305 24.583145
v 114.048279 114.144440 24.261505
v 113.711716 114.725555 23.718300
v 113.326080 114.973114 23.020897
v 113.390183 114.961578 23.000000
v 114.163422 113.131439 24.621468
v 114.191391 113.000000 24.606415
v 114.268784 113.000000 24.546021
v 114.126328 113.935455 24.362450
v 113.836197 114.590637 23.877880
v 113.445129 114.938080 23.213879
v 114.183746 113.714050 24.445297
v 113.952408 114.430878 24.022484
v 113.570984 114.874451 23.400539
v 114.218185 113.484650 24.510345
v 114.056366 114.248993 24.150681
v 113.699493 114.782288 23.578091
v 114.228043 113.251892 24.558357
v 114.144424 114.048279 24.261505
v 113.826385 114.662384 23.744049
v 113.436508 114.950714 23.064896
v 113.485962 114.940063 23.000000
v 114.213364 113.832520 24.354492
v 113.947372 114.516296 23.896301
v 113.558578 114.903625 23.253380
v 114.260498 113.606018 24.429649
v 114.058319 114.346313 24.033154
v 113.685669 114.827850 23.434578
v 114.283798 113.373261 24.487461
v 114.155365 114.155365 24.153362
v 113.813568 114.723694 23.605827
v 114.281891 113.139069 24.528862
v 114.235016 113.946991 24.256161
v 113.937988 114.592255 23.764790
v 113.546646 114.920959 23.105099
v 113.580566 114.913879 23.000000
v 114.294250 113.725189 24.341270
v 114.054672 114.435425 23.909519
v 113.670944 114.861847 23.288677
v 114.330643 113.494354 24.408901
v 114.159592 114.255737 24.038498
v 113.798447 114.774017 23.464054
v 114.342422 113.259155 24.459709
v 114.249008 114.056366 24.150681
v 113.924896 114.658112 23.628700
v 114.328522 113.024292 24.494804
v 114.343124 113.000000 24.481903
v 114.414215 113.000000 24.414215
v 114.319611 113.841064 24.245491
v 114.046005 114.515533 23.780430
v 113.655991 114.884064 23.141319
v 113.673782 114.883087 23.000000
v 114.368607 113.613983 24.322849
v 114.157593 114.348419 23.917473
v 113.781708 114.812958 23.319603
v 114.393829 113.379669 24.383144
v 114.255737 114.159576 24.038498
v 113.908783 114.713226 23.488831
v 114.393784 113.142792 24.427219
v 114.336853 113.952484 24.142647
v 114.032944 114.585846 23.646599
v 114.397812 113.730957 24.229549
v 114.149933 114.432526 23.790901
v 113.764038 114.840149 23.173393
v 114.436096 113.499420 24.299309
v 114.255661 114.255646 23.920132
v 113.890350 114.757141 23.346024
v 114.449783 113.262421 24.352501
v 114.346313 114.058319 24.033154
v 114.016174 114.645752 23.508789
v 114.437668 113.024750 24.390144
v 114.481903 113.000000 24.343117
v 114.418488 113.844147 24.129303
v 114.137222 114.507263 23.659447
v 113.746170 114.855408 23.026360
v 113.765366 114.847748 23.000000
v 114.469284 113.617218 24.208408
v 114.249298 114.343658 23.796146
v 113.870300 114.789459 23.201164
v 114.496399 113.382019 24.270760
v 114.348419 114.157593 23.917473
v 113.996368 114.694702 23.367805
v 114.498230 113.143219 24.317116
v 114.430893 113.952393 24.022484
v 114.120117 114.571930 23.523842
v 114.493530 113.731903 24.110710
v 114.237259 114.422699 23.667179
v 113.849335 114.809845 23.055164
v 113.942795 114.763855 23.000000
v 113.855118 114.807983 23.000000
v 114.533661 113.500366 24.182167
v 114.343643 114.249298 23.796146
v 113.974243 114.732178 23.224506
v 114.549255 113.262329 24.237339
v 114.435425 114.054657 23.909519
v 114.099274 114.625885 23.384857
v 114.538956 113.022552 24.277149
v 114.546021 113.000000 24.268787
v 114.606415 113.000000 24.191399
v 114.509094 113.842316 24.006546
v 114.220123 114.492065 23.533913
v 114.561646 113.616272 24.086952
v 114.332565 114.332550 23.669758
v 113.950531 114.757874 23.079773
v 114.028198 114.715454 23.000000
v 114.590668 113.380920 24.150948
v 114.432526 114.149933 23.790901
v 114.075424 114.668610 23.243309
v 114.594391 113.140900 24.199196
v 114.662933 113.000000 24.111141
v 114.516296 113.947357 23.896301
v 114.198593 114.551025 23.397091
v 114.580551 113.728607 23.985405
v 114.315750 114.406525 23.538963
v 114.622513 113.497772 24.058140
v 114.422699 114.237244 23.667179
v 114.049286 114.699707 23.100063
v 114.111145 114.662933 23.000000
v 114.640030 113.259460 24.114895
v 114.515518 114.045990 23.780430
v 114.173355 114.599030 23.257492
v 114.590637 113.836182 23.877880
v 114.293869 114.470489 23.404453
v 114.644928 113.611725 23.959167
v 114.406525 114.315735 23.538963
v 114.675858 113.376984 24.024406
v 114.507263 114.137238 23.659447
v 114.145142 114.635620 23.115940
v 114.191391 114.606415 23.000000
v 114.681519 113.136505 24.074173
v 114.592255 113.937988 23.764790
v 114.267593 114.523804 23.266983
v 114.658112 113.721649 23.854347
v 114.384628 114.384644 23.406914
v 114.701920 113.492310 23.927952
v 114.492050 114.220123 23.533913
v 114.721405 113.254425 23.985909
v 114.585846 114.032959 23.646599
v 114.237640 114.565887 23.127338
v 114.268784 114.546021 23.000000
v 114.714951 113.012695 24.028976
v 114.715454 113.000000 24.028206
v 114.763840 113.000000 23.942795
v 114.662369 113.826386 23.744049
v 114.357681 114.443207 23.271740
v 114.718399 113.604279 23.825806
v 114.470490 114.293854 23.404453
v 114.751282 113.370850 23.891903
v 114.571915 114.120117 23.523842
v 114.758972 113.130707 23.942829
v 114.807983 113.000000 23.855110
v 114.658096 113.924896 23.628700
v 114.326370 114.490875 23.134193
v 114.343124 114.481903 23.000000
v 114.725540 113.711731 23.718300
v 114.443207 114.357666 23.271740
v 114.771240 113.484619 23.792393
v 114.551025 114.198608 23.397091
v 114.792770 113.247925 23.851189
v 114.645767 114.016174 23.508789
v 114.723679 113.813568 23.605827
v 114.410919 114.410919 23.136486
v 114.481903 114.343109 23.000000
v 114.414215 114.414215 23.000000
v 114.781479 113.594513 23.687672
v 114.523788 114.267578 23.266983
v 114.816360 113.363220 23.754257
v 114.625870 114.099274 23.384857
v 114.826187 113.124115 23.805996
v 114.847763 113.000000 23.765366
v 114.713226 113.908783 23.488831
v 114.782272 113.699493 23.578091
v 114.490875 114.326386 23.134193
v 114.546021 114.268799 23.000000
v 114.829910 113.475342 23.652298
v 114.599045 114.173370 23.257492
v 114.853577 113.240662 23.711582
v 114.694687 113.996368 23.367805
v 114.774017 113.798431 23.464054
v 114.833618 113.583191 23.545616
v 114.565903 114.237640 23.127338
v 114.606415 114.191406 23.000000
v 114.870621 113.354736 23.612343
v 114.668610 114.075439 23.243309
v 114.882690 113.117493 23.664562
v 114.883087 113.000000 23.673779
v 114.913879 113.000000 23.580570
v 114.757141 113.890350 23.346024
v 114.827835 113.685669 23.434578
v 114.877487 113.465240 23.508556
v 114.635605 114.145142 23.115940
v 114.662933 114.111145 23.000000
v 114.903412 113.233246 23.568001
v 114.732178 113.974243 23.224506
v 114.812958 113.781708 23.319603
v 114.874451 113.570984 23.400539
v 114.913651 113.346100 23.467079
v 114.699707 114.049286 23.100063
v 114.715454 114.028198 23.000000
v 114.928146 113.111450 23.519466
v 114.940063 113.000000 23.485962
v 114.961563 113.000000 23.390183
v 114.789444 113.870300 23.201164
v 114.861862 113.670929 23.288677
v 114.913620 113.454926 23.362095
v 114.941956 113.226410 23.421387
v 114.757874 113.950531 23.079773
v 114.763840 113.942780 23.000000
v 114.840149 113.764038 23.173393
v 114.903625 113.558563 23.253380
v 114.945175 113.338013 23.319424
v 114.962265 113.106689 23.371681
v 114.978348 113.000000 23.293461
v 114.809860 113.849335 23.055164
v 114.847763 113.765381 23.000000
v 114.807983 113.855103 23.000000
v 114.884064 113.656006 23.141319
v 114.913879 113.580566 23.000000
v 114.883087 113.673767 23.000000
v 114.938065 113.445129 23.213879
v 114.968979 113.220825 23.272720
v 114.855408 113.746185 23.026360
v 114.920975 113.546631 23.105099
v 114.940063 113.485962 23.000000
v 114.965027 113.331146 23.170357
v 114.984894 113.103882 23.222210
v 114.990372 113.000000 23.196033
v 114.997589 113.000000 23.098137
v 114.950699 113.436493 23.064896
v 114.961563 113.390167 23.000000
v 114.984375 113.217102 23.123020
v 114.990372 113.196045 23.000000
v 114.978348 113.293457 23.000000
v 114.973129 113.326080 23.020897
v 114.996017 113.103607 23.072083
v 115.000000 113.000000 23.000000
v 114.997589 113.098145 23.000000
v 115.000000 113.000000 -25.000000
v 114.997589 113.098145 -25.000000
v 114.990372 113.196045 -25.000000
v 114.978348 113.293457 -25.000000
v 114.961563 113.390167 -25.000000
v 114.940063 113.485962 -25.000000
v 114.913879 113.580566 -25.000000
v 114.883087 113.673767 -25.000000
v 114.847763 113.765381 -25.000000
v 114.807983 113.855103 -25.000000
v 114.763840 113.942780 -25.000000
v 114.715454 114.028198 -25.000000
v 114.662933 114.111145 -25.000000
v 114.606415 114.191406 -25.000000
v 114.546021 114.268799 -25.000000
v 114.481903 114.343109 -25.000000
v 114.414215 114.414215 -25.000000
v 114.343124 114.481903 -25.000000
v 114.268784 114.546021 -25.000000
v 114.191391 114.606415 -25.000000
v 114.111145 114.662933 -25.000000
v 114.028198 114.715454 -25.000000
v 113.942795 114.763855 -25.000000
v 113.855118 114.807983 -25.000000
v 113.765366 114.847748 -25.000000
v 113.673782 114.883087 -25.000000
v 113.580566 114.913879 -25.000000
v 113.485962 114.940063 -25.000000
v 113.390183 114.961578 -25.000000
v 113.293457 114.978363 -25.000000
v 113.196030 114.990356 -25.000000
v 113.098129 114.997589 -25.000000
v 113.000000 115.000000 -25.000000
v -113.045337 -114.998928 23.047188
v -113.098135 -114.997589 23.000000
v -113.000000 -115.000000 23.000000
v -113.000000 -114.997589 23.098137
v -113.097986 -114.991161 23.160255
v -113.000000 -114.990368 23.196033
v -113.043358 -114.962837 23.381294
v -113.000000 -114.978352 23.293461
v -113.000000 -114.961571 23.390183
v -113.000000 -114.940063 23.485962
v -113.195597 -114.989887 23.045658
v -113.293461 -114.978352 23.000000
v -113.196034 -114.990368 23.000000
v -113.147152 -114.975658 23.274090
v -113.085484 -114.936745 23.491638
v -113.000000 -114.913879 23.580570
v -113.247928 -114.977928 23.162285
v -113.192608 -114.952492 23.388168
v -113.123719 -114.903404 23.601448
v -113.000000 -114.883087 23.673779
v -113.041279 -114.833447 23.797974
v -113.000000 -114.847759 23.765366
v -113.000000 -114.807980 23.855110
v -113.345398 -114.969387 23.047005
v -113.390181 -114.961571 23.000000
v -113.296563 -114.958054 23.279427
v -113.234143 -114.921776 23.501953
v -113.157885 -114.862972 23.710213
v -113.068002 -114.784657 23.900211
v -113.000000 -114.763844 23.942795
v -113.397021 -114.953110 23.166527
v -113.341275 -114.930359 23.396545
v -113.271563 -114.883644 23.614925
v -113.187823 -114.815636 23.817425
v -113.493702 -114.937447 23.050617
v -113.580569 -114.913879 23.000000
v -113.485960 -114.940063 23.000000
v -113.090463 -114.729546 24.000240
v -113.000000 -114.715458 24.028206
v -113.444748 -114.928791 23.286304
v -113.381857 -114.894970 23.513096
v -113.304695 -114.838284 23.726551
v -113.213395 -114.761616 23.922588
v -113.544243 -114.916794 23.172356
v -113.108558 -114.668381 24.097599
v -113.000000 -114.662941 24.111141
v -113.000000 -114.606415 24.191399
v -113.488358 -114.896538 23.405777
v -113.418120 -114.852058 23.628536
v -113.333386 -114.785896 23.836319
v -113.639493 -114.894184 23.055862
v -113.673780 -114.883087 23.000000
v -113.234481 -114.701160 24.025215
v -113.590708 -114.888012 23.294067
v -113.122203 -114.601437 24.191834
v -113.000000 -114.546021 24.268787
v -113.527648 -114.856503 23.524391
v -113.449896 -114.801815 23.742329
v -113.357501 -114.726730 23.943714
v -113.688603 -114.869156 23.179108
v -113.250983 -114.634556 24.124828
v -113.632881 -114.851238 23.415184
v -113.131336 -114.529030 24.282505
v -113.000000 -114.481903 24.343117
v -113.562435 -114.808872 23.641594
v -113.477037 -114.744480 23.853951
v -113.781786 -114.839825 23.062073
v -113.855110 -114.807980 23.000000
v -113.765367 -114.847759 23.000000
v -113.376928 -114.661057 24.048244
v -113.733476 -114.835972 23.302040
v -113.262826 -114.562103 24.220966
v -113.670566 -114.806641 23.535152
v -113.135912 -114.451496 24.369194
v -113.000000 -114.414215 24.414215
v -113.592559 -114.753868 23.756847
v -113.499417 -114.680313 23.962875
v -113.829138 -114.810493 23.186108
v -113.391579 -114.589184 24.149418
v -113.773903 -114.794777 23.424088
v -113.269954 -114.484146 24.313179
v -113.703588 -114.754429 23.653408
v -113.135912 -114.369194 24.451496
v -113.000000 -114.343117 24.481903
v -113.617879 -114.691746 23.869610
v -113.919630 -114.774704 23.068573
v -113.942793 -114.763844 23.000000
v -113.516933 -114.609615 24.068604
v -113.872117 -114.773018 23.309540
v -113.401383 -114.511444 24.246765
v -113.809698 -114.745766 23.544689
v -113.272333 -114.401043 24.401043
v -113.731793 -114.694843 23.769402
v -113.131336 -114.282505 24.529030
v -113.000000 -114.268787 24.546021
v -113.638277 -114.622791 23.979359
v -113.964930 -114.741203 23.192677
v -113.529503 -114.532719 24.170643
v -113.910521 -114.727570 23.431797
v -113.406297 -114.428200 24.339836
v -113.840694 -114.689171 23.663277
v -113.269954 -114.313179 24.484146
v -113.755051 -114.628162 23.882599
v -114.052123 -114.699253 23.074684
v -114.111140 -114.662941 23.000000
v -114.028206 -114.715458 23.000000
v -113.122203 -114.191834 24.601437
v -113.000000 -114.191399 24.606415
v -113.653660 -114.547329 24.085587
v -114.005742 -114.699615 23.315887
v -113.537068 -114.449974 24.268517
v -113.944173 -114.674362 23.552311
v -113.406297 -114.339836 24.428200
v -113.866747 -114.625248 23.779305
v -113.262826 -114.220966 24.562103
v -113.773253 -114.554695 23.992470
v -114.095106 -114.661774 23.198132
v -113.108558 -114.097599 24.668381
v -113.000000 -114.111141 24.662941
v -113.000000 -114.028206 24.715458
v -113.663954 -114.465706 24.187801
v -114.041878 -114.650143 23.437634
v -113.539594 -114.361771 24.361771
v -113.972917 -114.613640 23.670521
v -113.401383 -114.246765 24.511444
v -113.887737 -114.554298 23.892235
v -114.178410 -114.613998 23.079723
v -114.268787 -114.546021 23.000000
v -114.191399 -114.606415 23.000000
v -113.250983 -114.124828 24.634556
v -113.786316 -114.474781 24.098511
v -114.133515 -114.616318 23.320400
v -113.090463 -114.000240 24.729546
v -113.000000 -113.942795 24.763844
v -113.669114 -114.378304 24.285522
v -114.073169 -114.593006 23.557350
v -113.537068 -114.268517 24.449974
v -113.996619 -114.545685 23.785881
v -113.391579 -114.149418 24.589184
v -113.903564 -114.476650 24.001537
v -114.218847 -114.572796 23.201801
v -113.234481 -114.025215 24.701160
v -113.794178 -114.388794 24.200222
v -114.167171 -114.563103 23.440929
v -113.068002 -113.900211 24.784657
v -113.000000 -113.855110 24.807980
v -113.669114 -114.285522 24.378304
v -114.099470 -114.528477 23.674484
v -113.529503 -114.170643 24.532719
v -114.015169 -114.470814 23.897854
v -114.297695 -114.519569 23.083027
v -114.343118 -114.481903 23.000000
v -113.376928 -114.048244 24.661057
v -113.914157 -114.392662 24.106709
v -114.254650 -114.523777 23.322426
v -113.213395 -113.922588 24.761616
v -113.796802 -114.297134 24.297134
v -114.195918 -114.502377 23.559151
v -113.041279 -113.797974 24.833447
v -113.000000 -113.765366 24.847759
v -113.663954 -114.187801 24.465706
v -114.120659 -114.456852 23.788486
v -113.516933 -114.068604 24.609615
v -114.028481 -114.389374 24.005917
v -114.335393 -114.474960 23.203033
v -113.357501 -113.943714 24.726730
v -113.919466 -114.302727 24.207264
v -114.285653 -114.467167 23.441040
v -113.187823 -113.817425 24.815636
v -113.794178 -114.200222 24.388794
v -114.219622 -114.434414 23.674522
v -113.010420 -113.694004 24.875698
v -113.000000 -113.673779 24.883087
v -113.653660 -114.085587 24.547329
v -114.136637 -114.378464 23.898830
v -114.409246 -114.416679 23.083954
v -114.481902 -114.343117 23.000000
v -114.414214 -114.414215 23.000000
v -113.499417 -113.962875 24.680313
v -114.036493 -114.301746 24.109570
v -114.368426 -114.422729 23.321331
v -113.333386 -113.836319 24.785896
v -113.919466 -114.207264 24.302727
v -114.311712 -114.403233 23.557095
v -113.157885 -113.710213 24.862972
v -113.786316 -114.098511 24.474781
v -114.238175 -114.359531 23.786507
v -113.638277 -113.979359 24.622791
v -114.147331 -114.293678 24.005005
v -114.444049 -114.369026 23.201214
v -113.477037 -113.853950 24.744480
v -114.039168 -114.208332 24.208332
v -114.396641 -114.363125 23.437366
v -113.304695 -113.726551 24.838284
v -113.914157 -114.106709 24.392662
v -114.332705 -114.332264 23.670052
v -113.123719 -113.601448 24.903404
v -113.000000 -113.580570 24.913879
v -113.773253 -113.992470 24.554695
v -114.251488 -114.278084 23.894581
v -114.512395 -114.306122 23.081886
v -114.546021 -114.268787 23.000000
v -113.617879 -113.869610 24.691746
v -114.152690 -114.202885 24.106514
v -114.474187 -114.313999 23.316517
v -113.449896 -113.742329 24.801815
v -114.036493 -114.109570 24.301746
v -114.419906 -114.296421 23.550602
v -113.271563 -113.614925 24.883644
v -113.903564 -114.001537 24.476650
v -114.348537 -114.254597 23.779377
v -113.085484 -113.491638 24.936745
v -113.000000 -113.485962 24.940063
v -113.755051 -113.882599 24.628162
v -114.259501 -114.190445 23.998249
v -114.544190 -114.255852 23.195747
v -113.592559 -113.756847 24.753868
v -114.152690 -114.106514 24.202885
v -114.499518 -114.251846 23.429333
v -113.418120 -113.628536 24.852058
v -114.028481 -114.005917 24.389374
v -114.438115 -114.222927 23.660511
v -113.234143 -113.501953 24.921776
v -113.887737 -113.892235 24.554298
v -114.359132 -114.170593 23.884575
v -114.606549 -114.188774 23.076252
v -114.662939 -114.111141 23.000000
v -114.606415 -114.191399 23.000000
v -113.043358 -113.381294 24.962837
v -113.000000 -113.390183 24.961571
v -113.000000 -113.293461 24.978352
v -113.731793 -113.769402 24.694843
v -114.262176 -114.097023 24.097023
v -114.571347 -114.198479 23.307430
v -113.562435 -113.641594 24.808872
v -114.147331 -114.005005 24.293678
v -114.519926 -114.182861 23.539131
v -113.381857 -113.513096 24.894970
v -114.015169 -113.897854 24.470814
v -114.451182 -114.142986 23.766586
v -113.192608 -113.388168 24.952492
v -113.866747 -113.779304 24.625248
v -114.364442 -114.080639 23.985149
v -114.635260 -114.136353 23.186096
v -113.703588 -113.653408 24.754429
v -114.259501 -113.998249 24.190445
v -114.593740 -114.134277 23.416420
v -113.527648 -113.524391 24.856503
v -114.136637 -113.898830 24.378464
v -114.535316 -114.107365 23.645409
v -113.341275 -113.396545 24.930359
v -113.996619 -113.785881 24.545685
v -114.459046 -114.056969 23.868332
v -114.691188 -114.065578 23.066517
v -114.715457 -114.028206 23.000000
v -113.147152 -113.274090 24.975658
v -113.000000 -113.196033 24.990368
v -113.840694 -113.663277 24.689171
v -114.364442 -113.985149 24.080639
v -114.659392 -114.077141 23.293571
v -113.670566 -113.535152 24.806641
v -114.251488 -113.894581 24.278084
v -114.611266 -114.063541 23.522209
v -113.488358 -113.405777 24.896538
v -114.120659 -113.788486 24.456852
v -114.545615 -114.025703 23.747669
v -113.296563 -113.279427 24.958054
v -113.972917 -113.670521 24.613640
v -114.461672 -113.965275 23.965275
v -114.716782 -114.011513 23.171772
v -113.097986 -113.160255 24.991161
v -113.000000 -113.098137 24.997589
v -113.809698 -113.544689 24.745766
v -114.359132 -113.884575 24.170593
v -114.678834 -114.011421 23.398170
v -113.632881 -113.415184 24.851238
v -114.238175 -113.786507 24.359531
v -114.623843 -113.986595 23.624310
v -113.444748 -113.286304 24.928791
v -114.099470 -113.674484 24.528477
v -114.550777 -113.938259 23.845436
v -114.765871 -113.937534 23.052212
v -114.807979 -113.855110 23.000000
v -114.763843 -113.942795 23.000000
v -113.247928 -113.162285 24.977928
v -113.944173 -113.552311 24.674362
v -114.459046 -113.868332 24.056969
v -114.737886 -113.951004 23.274487
v -113.045337 -113.047188 24.998928
v -113.000000 -113.000000 25.000000
v -113.098135 -113.000000 24.997589
v -113.773903 -113.424088 24.794777
v -114.348537 -113.779377 24.254597
v -114.693494 -113.939499 23.499416
v -113.590708 -113.294067 24.888012
v -114.219622 -113.674522 24.434414
v -114.631413 -113.903805 23.722240
v -113.397021 -113.166527 24.953110
v -114.073169 -113.557350 24.593006
v -114.550777 -113.845436 23.938259
v -114.788354 -113.882374 23.152340
v -113.195597 -113.045658 24.989887
v -113.293461 -113.000000 24.978352
v -113.196034 -113.000000 24.990368
v -113.910521 -113.431797 24.727570
v -114.451182 -113.766586 24.142986
v -114.754402 -113.884342 23.374184
v -113.733476 -113.302040 24.835972
v -114.332705 -113.670052 24.332264
v -114.703306 -113.861706 23.596836
v -113.544243 -113.172356 24.916794
v -114.195918 -113.559151 24.502377
v -114.633940 -113.815548 23.815548
v -114.830236 -113.805698 23.032909
v -114.847759 -113.765366 23.000000
v -113.345398 -113.047005 24.969387
v -113.390181 -113.000000 24.961571
v -114.041878 -113.437634 24.650143
v -114.545615 -113.747669 24.025703
v -114.806468 -113.821144 23.249794
v -113.872117 -113.309540 24.773018
v -114.438115 -113.660511 24.222927
v -114.766255 -113.811829 23.470402
v -113.688603 -113.179108 24.869156
v -114.311712 -113.557095 24.403233
v -114.708224 -113.778400 23.689976
v -113.493702 -113.050617 24.937447
v -113.485960 -113.000000 24.940063
v -113.580569 -113.000000 24.913879
v -114.167171 -113.440929 24.563103
v -114.631413 -113.722240 23.903805
v -114.849658 -113.750019 23.127438
v -114.005742 -113.315887 24.699615
v -114.535316 -113.645409 24.107365
v -114.820127 -113.754135 23.344124
v -113.829138 -113.186108 24.810493
v -114.419906 -113.550602 24.296421
v -114.773389 -113.733803 23.562695
v -113.639493 -113.055862 24.894184
v -113.673780 -113.000000 24.883087
v -114.285653 -113.441040 24.467167
v -114.708224 -113.689976 23.778400
v -114.884003 -113.671165 23.008270
v -114.913881 -113.580570 23.000000
v -114.883088 -113.673779 23.000000
v -114.133515 -113.320400 24.616318
v -114.623843 -113.624310 23.986595
v -114.864857 -113.688667 23.219185
v -113.964930 -113.192677 24.741203
v -114.519926 -113.539131 24.182861
v -114.829268 -113.681656 23.434883
v -113.781786 -113.062073 24.839825
v -113.765367 -113.000000 24.847759
v -113.855110 -113.000000 24.807980
v -114.396641 -113.437366 24.363125
v -114.775770 -113.650631 23.650631
v -114.254650 -113.322426 24.523777
v -114.703306 -113.596836 23.861706
v -114.900451 -113.615570 23.096764
v -114.095106 -113.198132 24.661774
v -114.611266 -113.522209 24.063541
v -114.875765 -113.621937 23.307732
v -113.919630 -113.068573 24.774704
v -113.942793 -113.000000 24.763844
v -114.499518 -113.429333 24.251846
v -114.833849 -113.604042 23.521660
v -114.368426 -113.321331 24.422729
v -114.773389 -113.562695 23.733803
v -114.218847 -113.201801 24.572796
v -114.693494 -113.499416 23.939499
v -114.912853 -113.554722 23.182415
v -114.052123 -113.074684 24.699253
v -114.028206 -113.000000 24.715458
v -114.111140 -113.000000 24.662941
v -114.593740 -113.416420 24.134277
v -114.882330 -113.550133 23.392666
v -114.474187 -113.316517 24.313999
v -114.833849 -113.521660 23.604042
v -114.335393 -113.203033 24.474960
v -114.766255 -113.470402 23.811829
v -114.940574 -113.480167 23.060104
v -114.961571 -113.390183 23.000000
v -114.940063 -113.485962 23.000000
v -114.178410 -113.079723 24.613998
v -114.191399 -113.000000 24.606415
v -114.268787 -113.000000 24.546021
v -114.678834 -113.398170 24.011421
v -114.921154 -113.488907 23.264832
v -114.571347 -113.307430 24.198479
v -114.884522 -113.473591 23.473591
v -114.444049 -113.201214 24.369026
v -114.829268 -113.434883 23.681656
v -114.297695 -113.083027 24.519569
v -114.343118 -113.000000 24.481903
v -114.754402 -113.374184 23.884342
v -114.950333 -113.420460 23.139328
v -114.659392 -113.293571 24.077141
v -114.925314 -113.418434 23.343624
v -114.544190 -113.195747 24.255852
v -114.882330 -113.392666 23.550133
v -114.409246 -113.083954 24.416679
v -114.414214 -113.000000 24.414215
v -114.481902 -113.000000 24.343117
v -114.820127 -113.344124 23.754135
v -114.737886 -113.274487 23.951004
v -114.956207 -113.356216 23.215324
v -114.635260 -113.186096 24.136353
v -114.925314 -113.343624 23.418434
v -114.512395 -113.081886 24.306122
v -114.546021 -113.000000 24.268787
v -114.875765 -113.307732 23.621937
v -114.806468 -113.249794 23.821144
v -114.977253 -113.287052 23.089844
v -114.990369 -113.196033 23.000000
v -114.978353 -113.293461 23.000000
v -114.716782 -113.171772 24.011513
v -114.958168 -113.287731 23.287731
v -114.606549 -113.076252 24.188774
v -114.606415 -113.000000 24.191399
v -114.662939 -113.000000 24.111141
v -114.921154 -113.264832 23.488907
v -114.864857 -113.219185 23.688667
v -114.788354 -113.152340 23.882374
v -114.980914 -113.225029 23.159191
v -114.691188 -113.066517 24.065578
v -114.715457 -113.000000 24.028206
v -114.956207 -113.215324 23.356216
v -114.912853 -113.182415 23.554722
v -114.849658 -113.127438 23.750019
v -114.993644 -113.155663 23.033970
v -114.997591 -113.098137 23.000000
v -114.765871 -113.052212 23.937534
v -114.763843 -113.000000 23.942795
v -114.807979 -113.000000 23.855110
v -114.980914 -113.159191 23.225029
v -114.950333 -113.139328 23.420460
v -114.900451 -113.096764 23.615570
v -114.830236 -113.032909 23.805698
v -114.847759 -113.000000 23.765366
v -114.995338 -113.096508 23.096508
v -114.997591 -113.000000 23.098137
v -115.000000 -113.000000 23.000000
v -114.977253 -113.089844 23.287052
v -114.978353 -113.000000 23.293461
v -114.990369 -113.000000 23.196033
v -114.940574 -113.060104 23.480167
v -114.961571 -113.000000 23.390183
v -114.913881 -113.000000 23.580570
v -114.940063 -113.000000 23.485962
v -114.884003 -113.008270 23.671165
v -114.883088 -113.000000 23.673779
v -114.993644 -113.033970 23.155663
v -114.969947 -113.017311 23.344975
v -115.000000 -113.000000 -25.000000
v -114.997591 -113.098137 -25.000000
v -114.990369 -113.196033 -25.000000
v -114.978353 -113.293461 -25.000000
v -114.961571 -113.390183 -25.000000
v -114.940063 -113.485962 -25.000000
v -114.913881 -113.580570 -25.000000
v -114.883088 -113.673779 -25.000000
v -114.847759 -113.765366 -25.000000
v -114.807979 -113.855110 -25.000000
v -114.763843 -113.942795 -25.000000
v -114.715457 -114.028206 -25.000000
v -114.662939 -114.111141 -25.000000
v -114.606415 -114.191399 -25.000000
v -114.546021 -114.268787 -25.000000
v -114.481902 -114.343117 -25.000000
v -114.414214 -114.414215 -25.000000
v -114.343118 -114.481903 -25.000000
v -114.268787 -114.546021 -25.000000
v -114.191399 -114.606415 -25.000000
v -114.111140 -114.662941 -25.000000
v -114.028206 -114.715458 -25.000000
v -113.942793 -114.763844 -25.000000
v -113.855110 -114.807980 -25.000000
v -113.765367 -114.847759 -25.000000
v -113.673780 -114.883087 -25.000000
v -113.580569 -114.913879 -25.000000
v -113.485960 -114.940063 -25.000000
v -113.390181 -114.961571 -25.000000
v -113.293461 -114.978352 -25.000000
v -113.196034 -114.990368 -25.000000
v -113.098135 -114.997589 -25.000000
v -113.000000 -115.000000 -25.000000
v 114.974060 -113.316544 23.053955
v 114.961563 -113.390183 23.000000
v 114.978348 -113.293461 23.000000
v 114.990372 -113.196033 23.000000
v 114.994919 -113.126526 23.065643
v 114.997589 -113.098137 23.000000
v 115.000000 -113.000000 23.000000
v 114.892731 -113.644039 23.052849
v 114.883087 -113.673779 23.000000
v 114.913879 -113.580570 23.000000
v 114.945938 -113.450901 23.100098
v 114.940063 -113.485962 23.000000
v 114.979538 -113.256538 23.124939
v 114.994919 -113.065643 23.126526
v 114.997589 -113.000000 23.098137
v 114.990372 -113.000000 23.196033
v 114.840469 -113.778584 23.080494
v 114.807983 -113.855110 23.000000
v 114.847763 -113.765366 23.000000
v 114.907166 -113.585785 23.139969
v 114.953751 -113.388889 23.177753
v 114.676743 -114.090118 23.013092
v 114.662933 -114.111141 23.000000
v 114.715454 -114.028206 23.000000
v 114.981369 -113.192570 23.192570
v 114.777649 -113.910728 23.102581
v 114.763840 -113.942795 23.000000
v 114.857788 -113.720036 23.173683
v 114.917526 -113.522419 23.224052
v 114.590515 -114.212364 23.020599
v 114.546021 -114.268787 23.000000
v 114.606415 -114.191399 23.000000
v 114.957672 -113.322483 23.251995
v 114.704544 -114.039368 23.119431
v 114.979538 -113.124939 23.256538
v 114.797958 -113.852501 23.201431
v 114.870850 -113.655956 23.263886
v 114.494812 -114.328522 23.024307
v 114.414215 -114.414215 23.000000
v 114.481903 -114.343117 23.000000
v 114.923752 -113.454235 23.304703
v 114.621475 -114.163425 23.131439
v 114.957672 -113.251995 23.322483
v 114.727905 -113.982048 23.223476
v 114.974060 -113.053955 23.316544
v 114.978348 -113.000000 23.293461
v 114.961563 -113.000000 23.390183
v 114.813858 -113.788342 23.297379
v 114.390137 -114.437668 23.024761
v 114.343124 -114.481903 23.000000
v 114.879593 -113.586651 23.350674
v 114.528870 -114.281891 23.139057
v 114.925827 -113.381550 23.381550
v 114.647903 -114.107578 23.240162
v 114.953751 -113.177753 23.388889
v 114.746719 -113.918423 23.324741
v 114.277145 -114.538952 23.022556
v 114.191391 -114.606415 23.000000
v 114.268784 -114.546021 23.000000
v 114.825272 -113.718559 23.389977
v 114.427216 -114.393791 23.142796
v 114.883972 -113.512432 23.433655
v 114.558350 -114.228039 23.251896
v 114.923752 -113.304703 23.454235
v 114.669708 -114.045078 23.346260
v 114.156509 -114.631607 23.018318
v 114.111145 -114.662941 23.000000
v 114.945938 -113.100098 23.450901
v 114.940063 -113.000000 23.485962
v 114.760910 -113.848797 23.422756
v 114.317123 -114.498230 23.143211
v 114.832138 -113.643471 23.478794
v 114.459717 -114.342419 23.259144
v 114.883972 -113.433655 23.512432
v 114.583145 -114.167213 23.362297
v 114.028976 -114.714947 23.012699
v 113.942795 -114.763844 23.000000
v 114.028198 -114.715458 23.000000
v 114.917526 -113.224052 23.522419
v 114.686768 -113.976215 23.449245
v 114.199203 -114.594387 23.140907
v 114.770416 -113.773483 23.517067
v 114.352509 -114.449783 23.262432
v 114.834427 -113.563423 23.563423
v 114.487457 -114.283794 23.373268
v 114.879593 -113.350674 23.586651
v 114.603119 -114.099705 23.469746
v 114.074173 -114.681522 23.136517
v 114.907166 -113.139969 23.585785
v 114.913879 -113.000000 23.580570
v 114.699005 -113.901314 23.548634
v 114.237335 -114.549252 23.262329
v 114.775177 -113.692837 23.607231
v 114.383148 -114.393833 23.379665
v 114.832138 -113.478794 23.643471
v 114.510345 -114.218189 23.484642
v 113.942825 -114.758976 23.130699
v 113.855118 -114.807980 23.000000
v 114.870850 -113.263886 23.655956
v 114.618179 -114.025822 23.573750
v 114.114899 -114.640030 23.259449
v 114.892731 -113.052849 23.644039
v 114.883087 -113.000000 23.673779
v 114.706375 -113.820717 23.643967
v 114.270767 -114.496407 23.382019
v 114.775177 -113.607231 23.692837
v 114.408905 -114.330639 23.494366
v 113.806000 -114.826187 23.124130
v 113.765366 -114.847759 23.000000
v 114.825272 -113.389977 23.718559
v 114.528259 -114.145905 23.592743
v 113.985916 -114.721409 23.254429
v 114.857788 -113.173683 23.720036
v 114.628250 -113.945908 23.673824
v 114.150940 -114.590668 23.380917
v 114.708832 -113.734802 23.734802
v 114.299301 -114.436096 23.499424
v 113.664566 -114.882698 23.117489
v 113.580566 -114.913879 23.000000
v 113.673782 -114.883087 23.000000
v 114.770416 -113.517067 23.773483
v 114.429642 -114.260502 23.606003
v 113.851181 -114.792767 23.247936
v 114.813858 -113.297379 23.788342
v 114.541107 -114.067280 23.697071
v 114.024399 -114.675854 23.376980
v 114.840469 -113.080494 23.778584
v 114.847763 -113.000000 23.765366
v 114.807983 -113.000000 23.855110
v 114.633301 -113.860336 23.769501
v 114.182159 -114.533661 23.500362
v 113.519470 -114.928143 23.111454
v 113.390183 -114.961571 23.000000
v 113.485962 -114.940063 23.000000
v 114.706375 -113.643967 23.820717
v 114.322845 -114.368607 23.613995
v 113.711578 -114.853573 23.240650
v 114.760910 -113.422756 23.848797
v 114.445297 -114.183739 23.714058
v 113.891907 -114.751278 23.370853
v 114.797958 -113.201431 23.852501
v 114.548843 -113.982677 23.797142
v 114.058136 -114.622517 23.497780
v 113.371689 -114.962261 23.106701
v 113.293457 -114.978352 23.000000
v 114.633301 -113.769501 23.860336
v 114.208405 -114.469280 23.617229
v 113.567993 -114.903412 23.233250
v 114.699005 -113.548634 23.901314
v 114.341278 -114.294247 23.725201
v 113.754257 -114.816364 23.363209
v 114.746719 -113.324741 23.918423
v 114.455765 -114.100712 23.818027
v 113.927948 -114.701923 23.492310
v 113.222214 -114.984901 23.103870
v 113.098129 -114.997589 23.000000
v 113.196030 -114.990368 23.000000
v 114.777649 -113.102581 23.910728
v 114.763840 -113.000000 23.942795
v 114.715454 -113.000000 24.028206
v 114.551422 -113.892494 23.892494
v 114.086945 -114.561649 23.616276
v 113.421387 -114.941948 23.226418
v 114.628250 -113.673824 23.945908
v 114.229553 -114.397816 23.730972
v 113.612350 -114.870613 23.354736
v 114.686768 -113.449245 23.976215
v 114.354492 -114.213364 23.832523
v 113.792389 -114.771236 23.484604
v 113.072083 -114.996014 23.103592
v 113.000000 -114.990368 23.196033
v 113.000000 -114.997589 23.098137
v 113.000000 -115.000000 23.000000
v 114.727905 -113.223476 23.982048
v 114.461014 -114.011806 23.917431
v 113.959167 -114.644924 23.611740
v 113.272720 -114.968975 23.220825
v 114.548843 -113.797142 23.982677
v 114.110718 -114.493530 23.731907
v 113.467087 -114.913647 23.346111
v 114.618179 -113.573750 24.025822
v 114.245483 -114.319607 23.841064
v 113.652298 -114.829906 23.475349
v 114.669708 -113.346260 24.045078
v 114.362457 -114.126331 23.935471
v 113.825806 -114.718403 23.604267
v 113.123016 -114.984371 23.217110
v 113.000000 -114.978352 23.293461
v 114.704544 -113.119431 24.039368
v 114.662933 -113.000000 24.111141
v 114.461014 -113.917431 24.011806
v 113.985413 -114.580547 23.728592
v 113.319427 -114.945175 23.338024
v 114.541107 -113.697071 24.067280
v 114.129303 -114.418480 23.844147
v 113.508560 -114.877483 23.465225
v 114.603119 -113.469746 24.099705
v 114.256165 -114.235012 23.946999
v 113.687668 -114.781475 23.594528
v 114.647903 -113.240162 24.107578
v 114.365112 -114.033558 24.033558
v 113.854340 -114.658108 23.721645
v 113.170364 -114.965027 23.331131
v 114.455765 -113.818027 24.100712
v 114.006546 -114.509094 23.842323
v 113.362091 -114.913616 23.454926
v 114.528259 -113.592743 24.145905
v 114.142654 -114.336845 23.952469
v 113.545609 -114.833626 23.583202
v 114.583145 -113.362297 24.167213
v 114.261505 -114.144428 24.048275
v 113.718308 -114.725544 23.711720
v 113.020889 -114.973129 23.326080
v 113.000000 -114.961571 23.390183
v 114.621475 -113.131439 24.163425
v 114.606415 -113.000000 24.191399
v 114.546021 -113.000000 24.268787
v 114.362457 -113.935471 24.126331
v 113.877884 -114.590633 23.836189
v 113.213882 -114.938068 23.445129
v 114.445297 -113.714058 24.183739
v 114.022491 -114.430893 23.952404
v 113.400543 -114.874443 23.570988
v 114.510345 -113.484642 24.218189
v 114.150681 -114.249008 24.056370
v 113.578094 -114.782276 23.699501
v 114.558350 -113.251896 24.228039
v 114.261505 -114.048275 24.144428
v 113.744049 -114.662373 23.826386
v 113.064896 -114.950706 23.436501
v 113.000000 -114.940063 23.485962
v 114.354492 -113.832523 24.213364
v 113.896301 -114.516289 23.947369
v 113.253372 -114.903625 23.558575
v 114.429642 -113.606003 24.260502
v 114.033157 -114.346310 24.058323
v 113.434586 -114.827839 23.685673
v 114.487457 -113.373268 24.283794
v 114.153366 -114.155369 24.155369
v 113.605835 -114.723679 23.813572
v 114.528870 -113.139057 24.281891
v 114.256165 -113.946999 24.235012
v 113.764786 -114.592258 23.937984
v 113.105103 -114.920971 23.546642
v 113.000000 -114.913879 23.580570
v 114.341278 -113.725201 24.294247
v 113.909515 -114.435425 24.054672
v 113.288681 -114.861855 23.670940
v 114.408905 -113.494366 24.330639
v 114.038498 -114.255733 24.159592
v 113.464050 -114.774017 23.798443
v 114.459717 -113.259144 24.342419
v 114.150681 -114.056370 24.249008
v 113.628693 -114.658104 23.924892
v 114.494812 -113.024307 24.328522
v 114.481903 -113.000000 24.343117
v 114.414215 -113.000000 24.414215
v 114.245483 -113.841064 24.319607
v 113.780426 -114.515522 24.046001
v 113.141327 -114.884064 23.655994
v 113.000000 -114.883087 23.673779
v 114.322845 -113.613995 24.368607
v 113.917480 -114.348412 24.157593
v 113.319611 -114.812954 23.781700
v 114.383148 -113.379665 24.393833
v 114.038498 -114.159592 24.255733
v 113.488831 -114.713230 23.908783
v 114.427216 -113.142796 24.393791
v 114.142654 -113.952469 24.336845
v 113.646606 -114.585854 24.032944
v 114.229553 -113.730972 24.397816
v 113.790894 -114.432526 24.149937
v 113.173386 -114.840157 23.764046
v 114.299301 -113.499424 24.436096
v 113.920135 -114.255661 24.255661
v 113.346024 -114.757145 23.890347
v 114.352509 -113.262432 24.449783
v 114.033157 -114.058323 24.346310
v 113.508789 -114.645763 24.016171
v 114.390137 -113.024761 24.437668
v 114.343124 -113.000000 24.481903
v 114.129303 -113.844147 24.418480
v 113.659439 -114.507263 24.137226
v 113.026352 -114.855404 23.746174
v 113.000000 -114.847759 23.765366
v 114.208405 -113.617229 24.469280
v 113.796143 -114.343647 24.249306
v 113.201157 -114.789448 23.870293
v 114.270767 -113.382019 24.496407
v 113.917480 -114.157593 24.348412
v 113.367813 -114.694687 23.996368
v 114.317123 -113.143211 24.498230
v 114.022491 -113.952404 24.430893
v 113.523834 -114.571922 24.120113
v 114.110718 -113.731907 24.493530
v 113.667175 -114.422703 24.237251
v 113.055161 -114.809856 23.849339
v 113.000000 -114.763844 23.942795
v 113.000000 -114.807980 23.855110
v 114.182159 -113.500362 24.533661
v 113.796143 -114.249306 24.343647
v 113.224503 -114.732178 23.974251
v 114.237335 -113.262329 24.549252
v 113.909515 -114.054672 24.435425
v 113.384857 -114.625877 24.099277
v 114.277145 -113.022556 24.538952
v 114.268784 -113.000000 24.546021
v 114.191391 -113.000000 24.606415
v 114.006546 -113.842323 24.509094
v 113.533920 -114.492054 24.220127
v 114.086945 -113.616276 24.561649
v 113.669754 -114.332558 24.332558
v 113.079773 -114.757874 23.950531
v 113.000000 -114.715458 24.028206
v 114.150940 -113.380917 24.590668
v 113.790894 -114.149937 24.432526
v 113.243317 -114.668610 24.075428
v 114.199203 -113.140907 24.594387
v 114.111145 -113.000000 24.662941
v 113.896301 -113.947369 24.516289
v 113.397095 -114.551025 24.198597
v 113.985413 -113.728592 24.580547
v 113.538956 -114.406532 24.315746
v 114.058136 -113.497780 24.622517
v 113.667175 -114.237251 24.422703
v 113.100067 -114.699703 24.049282
v 113.000000 -114.662941 24.111141
v 114.114899 -113.259449 24.640030
v 113.780426 -114.046001 24.515522
v 113.257492 -114.599037 24.173359
v 113.877884 -113.836189 24.590633
v 113.404449 -114.470489 24.293865
v 113.959167 -113.611740 24.644924
v 113.538956 -114.315746 24.406532
v 114.024399 -113.376980 24.675854
v 113.659439 -114.137226 24.507263
v 113.115936 -114.635612 24.145134
v 113.000000 -114.606415 24.191399
v 114.074173 -113.136517 24.681522
v 113.764786 -113.937984 24.592258
v 113.266983 -114.523788 24.267590
v 113.854340 -113.721645 24.658108
v 113.406906 -114.384632 24.384632
v 113.927948 -113.492310 24.701923
v 113.533920 -114.220127 24.492054
v 113.985916 -113.254429 24.721409
v 113.646606 -114.032944 24.585854
v 113.127335 -114.565895 24.237640
v 113.000000 -114.546021 24.268787
v 114.028976 -113.012699 24.714947
v 114.028198 -113.000000 24.715458
v 113.942795 -113.000000 24.763844
v 113.744049 -113.826386 24.662373
v 113.271744 -114.443214 24.357681
v 113.825806 -113.604267 24.718403
v 113.404449 -114.293865 24.470489
v 113.891907 -113.370853 24.751278
v 113.523834 -114.120113 24.571922
v 113.942825 -113.130699 24.758976
v 113.855118 -113.000000 24.807980
v 113.628693 -113.924892 24.658104
v 113.134201 -114.490883 24.326374
v 113.000000 -114.481903 24.343117
v 113.718308 -113.711720 24.725544
v 113.271744 -114.357681 24.443214
v 113.792389 -113.484604 24.771236
v 113.397095 -114.198597 24.551025
v 113.851181 -113.247936 24.792767
v 113.508789 -114.016171 24.645763
v 113.605835 -113.813572 24.723679
v 113.136490 -114.410915 24.410915
v 113.000000 -114.343117 24.481903
v 113.000000 -114.414215 24.414215
v 113.687668 -113.594528 24.781475
v 113.266983 -114.267590 24.523788
v 113.754257 -113.363209 24.816364
v 113.384857 -114.099277 24.625877
v 113.806000 -113.124130 24.826187
v 113.765366 -113.000000 24.847759
v 113.488831 -113.908783 24.713230
v 113.578094 -113.699501 24.782276
v 113.134201 -114.326374 24.490883
v 113.000000 -114.268787 24.546021
v 113.652298 -113.475349 24.829906
v 113.257492 -114.173359 24.599037
v 113.711578 -113.240650 24.853573
v 113.367813 -113.996368 24.694687
v 113.464050 -113.798443 24.774017
v 113.545609 -113.583202 24.833626
v 113.127335 -114.237640 24.565895
v 113.000000 -114.191399 24.606415
v 113.612350 -113.354736 24.870613
v 113.243317 -114.075428 24.668610
v 113.664566 -113.117489 24.882698
v 113.673782 -113.000000 24.883087
v 113.580566 -113.000000 24.913879
v 113.346024 -113.890347 24.757145
v 113.434586 -113.685673 24.827839
v 113.508560 -113.465225 24.877483
v 113.115936 -114.145134 24.635612
v 113.000000 -114.111141 24.662941
v 113.567993 -113.233250 24.903412
v 113.224503 -113.974251 24.732178
v 113.319611 -113.781700 24.812954
v 113.400543 -113.570988 24.874443
v 113.467087 -113.346111 24.913647
v 113.100067 -114.049282 24.699703
v 113.000000 -114.028206 24.715458
v 113.519470 -113.111454 24.928143
v 113.485962 -113.000000 24.940063
v 113.390183 -113.000000 24.961571
v 113.201157 -113.870293 24.789448
v 113.288681 -113.670940 24.861855
v 113.362091 -113.454926 24.913616
v 113.421387 -113.226418 24.941948
v 113.079773 -113.950531 24.757874
v 113.000000 -113.942795 24.763844
v 113.173386 -113.764046 24.840157
v 113.253372 -113.558575 24.903625
v 113.319427 -113.338024 24.945175
v 113.371689 -113.106701 24.962261
v 113.293457 -113.000000 24.978352
v 113.055161 -113.849339 24.809856
v 113.000000 -113.765366 24.847759
v 113.000000 -113.855110 24.807980
v 113.141327 -113.655994 24.884064
v 113.000000 -113.580570 24.913879
v 113.000000 -113.673779 24.883087
v 113.213882 -113.445129 24.938068
v 113.272720 -113.220825 24.968975
v 113.026352 -113.746174 24.855404
v 113.105103 -113.546642 24.920971
v 113.000000 -113.485962 24.940063
v 113.170364 -113.331131 24.965027
v 113.222214 -113.103870 24.984901
v 113.196030 -113.000000 24.990368
v 113.098129 -113.000000 24.997589
v 113.064896 -113.436501 24.950706
v 113.000000 -113.390183 24.961571
v 113.123016 -113.217110 24.984371
v 113.000000 -113.196033 24.990368
v 113.000000 -113.293461 24.978352
v 113.020889 -113.326080 24.973129
v 113.072083 -113.103592 24.996014
v 113.000000 -113.000000 25.000000
v 113.000000 -113.098137 24.997589
v 113.000000 -115.000000 -25.000000
v 113.098129 -114.997589 -25.000000
v 113.196030 -114.990368 -25.000000
v 113.293457 -114.978352 -25.000000
v 113.390183 -114.961571 -25.000000
v 113.485962 -114.940063 -25.000000
v 113.580566 -114.913879 -25.000000
v 113.673782 -114.883087 -25.000000
v 113.765366 -114.847759 -25.000000
v 113.855118 -114.807980 -25.000000
v 113.942795 -114.763844 -25.000000
v 114.028198 -114.715458 -25.000000
v 114.111145 -114.662941 -25.000000
v 114.191391 -114.606415 -25.000000
v 114.268784 -114.546021 -25.000000
v 114.343124 -114.481903 -25.000000
v 114.414215 -114.414215 -25.000000
v 114.481903 -114.343117 -25.000000
v 114.546021 -114.268787 -25.000000
v 114.606415 -114.191399 -25.000000
v 114.662933 -114.111141 -25.000000
v 114.715454 -114.028206 -25.000000
v 114.763840 -113.942795 -25.000000
v 114.807983 -113.855110 -25.000000
v 114.847763 -113.765366 -25.000000
v 114.883087 -113.673779 -25.000000
v 114.913879 -113.580570 -25.000000
v 114.940063 -113.485962 -25.000000
v 114.961563 -113.390183 -25.000000
v 114.978348 -113.293461 -25.000000
v 114.990372 -113.196033 -25.000000
v 114.997589 -113.098137 -25.000000
v 115.000000 -113.000000 -25.000000

usemtl mat1
f 1 2 3
f 3 2 4
f 4 5 6
f 2 5 4
f 6 7 8
f 5 7 6
f 8 9 10
f 7 9 8
f 10 11 12
f 9 11 10
f 12 13 14
f 11 13 12
f 14 15 16
f 13 15 14
f 16 17 18
f 15 17 16
f 18 19 20
f 17 19 18
f 20 21 22
f 19 21 20
f 21 23 22
f 22 23 24
f 23 25 24
f 24 25 26
f 25 27 26
f 26 27 28
f 27 29 28
f 28 29 30
f 29 31 30
f 30 31 32
f 31 33 32
f 32 33 34
f 33 35 34
f 34 35 36
f 35 37 36
f 36 37 38
f 37 39 38
f 38 39 40
f 39 41 40
f 40 41 42
f 41 43 42
f 42 43 44
f 43 45 44
f 44 45 46
f 46 47 48
f 45 47 46
f 48 49 50
f 47 49 48
f 50 51 52
f 49 51 50
f 52 53 54
f 51 53 52
f 54 55 56
f 53 55 54
f 56 57 58
f 55 57 56
f 58 59 60
f 57 59 58
f 60 61 62
f 59 61 60
f 62 63 64
f 61 63 62
f 64 65 66
f 63 65 64
f 66 67 68
f 65 67 66
f 68 69 70
f 67 69 68
f 70 71 72
f 69 71 70
f 72 73 74
f 71 73 72
f 73 75 74
f 74 75 76
f 75 77 76
f 76 77 78
f 77 79 78
f 78 79 80
f 79 81 80
f 80 81 82
f 81 83 82
f 82 83 84
f 83 85 84
f 84 85 86
f 85 87 86
f 86 87 88
f 87 89 88
f 88 89 90
f 89 91 90
f 90 91 92
f 91 93 92
f 92 93 94
f 93 95 94
f 94 95 96
f 95 97 96
f 96 97 98
f 97 99 98
f 98 99 100
f 99 101 100
f 100 101 102
f 101 103 102
f 102 103 104
f 103 105 104
f 104 105 106
f 105 107 106
f 106 107 108
f 107 109 108
f 108 109 110
f 109 111 110
f 110 111 112
f 111 113 112
f 112 113 114
f 113 115 114
f 114 115 116
f 116 117 118
f 115 117 116
f 118 119 120
f 117 119 118
f 120 121 122
f 119 121 120
f 122 123 124
f 121 123 122
f 123 125 124
f 124 125 126
f 125 127 126
f 126 127 128
f 127 129 128
f 128 129 130
f 129 131 130
f 130 131 132
f 131 133 132
f 132 133 134
f 133 135 134
f 134 135 136
f 135 137 136
f 136 137 138
f 137 139 138
f 138 139 140
f 139 141 140
f 140 141 142
f 141 143 142
f 142 143 144
f 143 145 144
f 144 145 146
f 145 147 146
f 146 147 148
f 148 149 150
f 147 149 148
f 150 151 152
f 149 151 150
f 152 153 154
f 151 153 152
f 154 155 156
f 153 155 154
f 156 157 158
f 155 157 156
f 158 159 160
f 157 159 158
f 160 161 162
f 159 161 160
f 162 163 164
f 161 163 162
f 164 165 166
f 163 165 164
f 166 167 168
f 165 167 166
f 168 169 170
f 167 169 168
f 170 171 172
f 169 171 170
f 172 173 174
f 171 173 172
f 174 175 176
f 173 175 174
f 175 177 176
f 176 177 178
f 177 179 178
f 178 179 180
f 179 181 180
f 180 181 182
f 181 183 182
f 182 183 184
f 184 185 186
f 183 185 184
f 186 187 188
f 185 187 186
f 188 189 190
f 187 189 188
f 190 191 192
f 189 191 190
f 192 193 194
f 191 193 192
f 194 195 196
f 193 195 194
f 196 197 198
f 195 197 196
f 198 199 200
f 197 199 198
f 200 201 202
f 199 201 200
f 202 203 204
f 201 203 202
f 204 205 206
f 203 205 204
f 206 207 208
f 205 207 206
f 208 209 210
f 207 209 208
f 210 211 212
f 209 211 210
f 212 213 214
f 211 213 212
f 214 215 216
f 213 215 214
f 216 217 218
f 218 217 219
f 215 217 216
f 217 220 219
f 219 221 222
f 220 221 219
f 222 223 224
f 221 223 222
f 223 225 224
f 224 225 226
f 225 227 226
f 226 227 228
f 227 229 228
f 228 229 230
f 229 231 230
f 230 231 232
f 231 233 232
f 232 233 234
f 233 235 234
f 234 235 236
f 235 237 236
f 236 237 238
f 237 239 238
f 238 239 240
f 239 241 240
f 240 241 242
f 241 243 242
f 242 243 244
f 244 243 245
f 243 246 245
f 246 247 245
f 245 247 248
f 247 249 248
f 248 249 250
f 249 251 250
f 250 251 252
f 252 1 3
f 251 1 252
f 253 254 255
f 253 256 254
f 253 257 256
f 258 259 257
f 258 257 253
f 260 259 258
f 260 261 259
f 260 262 261
f 263 262 260
f 263 264 262
f 263 265 264
f 266 265 263
f 266 267 265
f 266 268 267
f 269 268 266
f 269 270 268
f 269 271 270
f 272 271 269
f 272 273 271
f 274 273 272
f 274 275 273
f 274 276 275
f 277 276 274
f 277 278 276
f 277 279 278
f 280 279 277
f 280 281 279
f 280 282 281
f 283 282 280
f 283 284 282
f 283 285 284
f 286 285 283
f 286 287 285
f 286 288 287
f 289 255 290
f 289 291 292
f 289 293 291
f 289 290 293
f 289 253 255
f 294 288 286
f 294 295 288
f 294 296 295
f 294 297 296
f 294 298 297
f 299 300 301
f 299 292 300
f 299 289 292
f 302 303 304
f 302 301 303
f 302 299 301
f 305 298 294
f 305 306 298
f 305 307 306
f 308 302 304
f 308 309 310
f 308 304 309
f 311 310 312
f 311 308 310
f 313 307 305
f 313 314 307
f 313 315 314
f 313 316 315
f 317 311 312
f 317 318 319
f 317 312 318
f 320 319 321
f 320 317 319
f 322 316 313
f 322 323 316
f 322 324 323
f 325 326 327
f 325 321 326
f 325 320 321
f 328 327 329
f 328 325 327
f 330 324 322
f 330 331 324
f 330 332 331
f 330 333 332
f 334 328 329
f 334 335 336
f 334 329 335
f 337 334 336
f 337 336 338
f 339 340 341
f 339 333 330
f 339 341 333
f 342 343 344
f 342 338 343
f 342 337 338
f 345 346 340
f 345 347 346
f 345 340 339
f 348 349 350
f 348 344 349
f 348 342 344
f 351 352 347
f 351 353 352
f 351 354 353
f 351 347 345
f 355 356 357
f 355 358 356
f 355 350 358
f 355 348 350
f 359 360 354
f 359 361 360
f 359 354 351
f 362 363 364
f 362 357 363
f 362 355 357
f 365 366 361
f 365 367 366
f 365 361 359
f 368 369 370
f 368 364 369
f 368 362 364
f 371 372 367
f 371 373 372
f 371 367 365
f 374 375 376
f 374 377 375
f 374 370 377
f 374 368 370
f 378 379 373
f 378 373 371
f 380 381 379
f 380 382 381
f 380 379 378
f 383 384 385
f 383 376 384
f 383 374 376
f 386 387 382
f 386 382 380
f 388 389 390
f 388 391 389
f 388 385 391
f 388 383 385
f 392 393 387
f 392 394 393
f 392 387 386
f 395 396 394
f 395 397 396
f 395 394 392
f 398 399 400
f 398 390 399
f 398 388 390
f 401 402 397
f 401 397 395
f 403 404 405
f 403 400 404
f 403 398 400
f 406 407 402
f 406 408 407
f 406 402 401
f 409 410 408
f 409 408 406
f 411 412 413
f 411 405 412
f 411 403 405
f 414 415 410
f 414 416 415
f 414 410 409
f 417 418 419
f 417 413 418
f 417 411 413
f 420 421 416
f 420 422 421
f 420 416 414
f 423 424 425
f 423 419 424
f 423 417 419
f 426 427 422
f 426 428 427
f 426 422 420
f 429 425 430
f 429 423 425
f 431 428 426
f 431 432 428
f 431 433 432
f 434 435 436
f 434 430 435
f 434 429 430
f 437 433 431
f 437 438 433
f 437 439 438
f 440 436 441
f 440 434 436
f 442 443 439
f 442 444 443
f 442 445 444
f 442 439 437
f 446 447 448
f 446 441 447
f 446 440 441
f 449 450 445
f 449 451 450
f 449 445 442
f 452 453 454
f 452 448 453
f 452 446 448
f 455 451 449
f 455 456 451
f 455 457 456
f 455 458 457
f 459 460 461
f 459 462 460
f 459 454 462
f 459 452 454
f 463 464 458
f 463 458 455
f 463 465 464
f 466 467 468
f 466 461 467
f 466 459 461
f 469 470 465
f 469 471 470
f 469 472 471
f 469 465 463
f 473 468 474
f 473 466 468
f 473 474 475
f 476 472 469
f 476 477 472
f 476 478 477
f 479 473 475
f 479 480 481
f 479 482 480
f 479 475 482
f 483 484 478
f 483 485 484
f 483 478 476
f 486 479 481
f 486 487 488
f 486 481 487
f 489 485 483
f 489 490 485
f 489 491 490
f 489 492 491
f 493 486 488
f 493 494 495
f 493 496 494
f 493 488 496
f 497 498 492
f 497 499 498
f 497 492 489
f 500 493 495
f 500 501 502
f 500 495 501
f 503 499 497
f 503 504 499
f 503 505 504
f 503 506 505
f 507 508 509
f 507 502 508
f 507 500 502
f 510 506 503
f 510 511 506
f 510 512 511
f 513 507 509
f 513 514 515
f 513 516 514
f 513 509 516
f 517 518 512
f 517 519 518
f 517 520 519
f 517 512 510
f 521 513 515
f 521 522 523
f 521 515 522
f 524 525 520
f 524 526 525
f 524 520 517
f 527 521 523
f 527 528 529
f 527 530 528
f 527 523 530
f 531 532 526
f 531 533 532
f 531 526 524
f 534 527 529
f 534 535 536
f 534 529 535
f 537 533 531
f 537 538 533
f 537 539 538
f 540 534 536
f 540 541 542
f 540 536 541
f 543 539 537
f 543 544 539
f 543 545 544
f 546 540 542
f 546 547 548
f 546 549 547
f 546 542 549
f 550 545 543
f 550 551 545
f 550 552 551
f 553 546 548
f 553 554 555
f 553 548 554
f 556 552 550
f 556 557 552
f 558 553 555
f 558 559 560
f 558 555 559
f 561 557 556
f 561 562 557
f 561 563 562
f 564 558 560
f 564 565 566
f 564 560 565
f 567 563 561
f 567 568 563
f 569 570 571
f 569 566 570
f 569 564 566
f 572 568 567
f 572 573 568
f 572 574 573
f 575 576 577
f 575 571 576
f 575 569 571
f 578 574 572
f 578 579 574
f 578 580 579
f 581 577 582
f 581 575 577
f 583 580 578
f 583 584 580
f 585 581 582
f 585 586 587
f 585 582 586
f 588 584 583
f 588 589 584
f 588 590 589
f 591 587 592
f 591 585 587
f 593 590 588
f 593 594 590
f 593 595 594
f 596 591 592
f 596 597 598
f 596 592 597
f 599 595 593
f 599 600 595
f 601 602 603
f 601 598 602
f 601 596 598
f 604 600 599
f 604 605 600
f 604 606 605
f 607 603 608
f 607 601 603
f 609 606 604
f 609 610 606
f 611 607 608
f 611 612 613
f 611 608 612
f 614 610 609
f 614 615 610
f 614 616 615
f 617 613 618
f 617 611 613
f 619 616 614
f 619 620 616
f 619 621 620
f 622 623 624
f 622 618 623
f 622 617 618
f 625 621 619
f 625 626 621
f 627 628 629
f 627 624 628
f 627 622 624
f 630 626 625
f 630 631 626
f 630 632 631
f 633 629 634
f 633 627 629
f 635 632 630
f 635 636 632
f 637 633 634
f 637 638 639
f 637 634 638
f 640 636 635
f 640 641 636
f 640 642 641
f 643 637 639
f 643 639 644
f 645 643 644
f 645 646 647
f 645 644 646
f 648 649 642
f 648 650 649
f 648 651 650
f 648 642 640
f 652 645 647
f 652 647 653
f 654 655 651
f 654 656 655
f 654 651 648
f 657 652 653
f 657 658 659
f 657 653 658
f 660 661 656
f 660 656 654
f 662 663 664
f 662 659 663
f 662 657 659
f 665 666 661
f 665 661 660
f 667 668 666
f 667 669 668
f 667 666 665
f 670 664 671
f 670 662 664
f 672 673 669
f 672 669 667
f 674 670 671
f 674 675 676
f 674 671 675
f 677 678 673
f 677 679 678
f 677 673 672
f 680 674 676
f 680 676 681
f 682 683 679
f 682 679 677
f 684 685 683
f 684 686 685
f 684 683 682
f 687 688 689
f 687 681 688
f 687 680 681
f 690 691 686
f 690 692 691
f 690 686 684
f 693 694 695
f 693 689 694
f 693 687 689
f 696 697 692
f 696 698 697
f 696 692 690
f 699 700 698
f 699 701 700
f 699 698 696
f 702 703 704
f 702 705 703
f 702 706 705
f 702 695 706
f 702 693 695
f 707 708 701
f 707 709 708
f 707 255 709
f 707 701 699
f 710 711 712
f 710 713 711
f 710 704 713
f 710 702 704
f 714 712 715
f 714 710 712
f 716 717 718
f 716 715 717
f 716 714 715
f 719 720 721
f 719 718 720
f 719 716 718
f 722 723 724
f 722 721 723
f 722 719 721
f 725 724 726
f 725 722 724
f 727 725 726
f 727 728 729
f 727 726 728
f 730 731 732
f 730 729 731
f 730 727 729
f 733 734 735
f 733 732 734
f 733 730 732
f 736 737 738
f 736 735 737
f 736 733 735
f 739 738 740
f 739 736 738
f 741 742 290
f 741 255 707
f 741 743 742
f 741 740 743
f 741 739 740
f 741 290 255
f 744 280 277
f 745 280 744
f 746 280 745
f 746 283 280
f 747 745 744
f 748 283 746
f 748 286 283
f 749 745 747
f 749 746 745
f 750 748 746
f 750 746 749
f 751 748 750
f 752 748 751
f 753 305 294
f 753 294 754
f 753 754 755
f 756 753 755
f 757 313 305
f 757 305 753
f 758 753 756
f 758 757 753
f 759 328 334
f 760 761 762
f 760 759 334
f 760 762 759
f 763 764 761
f 763 334 337
f 763 760 334
f 763 761 760
f 765 764 763
f 765 766 767
f 765 763 337
f 765 337 342
f 765 767 764
f 768 769 770
f 771 768 770
f 771 770 348
f 771 772 768
f 771 348 355
f 773 772 771
f 773 771 355
f 773 355 362
f 774 640 775
f 774 648 640
f 776 774 775
f 777 648 774
f 778 774 776
f 778 777 774
f 779 777 778
f 780 660 654
f 781 665 660
f 781 660 780
f 782 780 783
f 784 665 781
f 785 781 780
f 785 780 782
f 786 784 781
f 786 781 785
f 787 667 665
f 787 665 784
f 788 784 786
f 788 787 784
f 789 790 693
f 789 693 702
f 789 791 790
f 789 792 791
f 793 792 789
f 793 789 702
f 793 794 792
f 795 796 797
f 795 798 796
f 795 710 714
f 799 795 714
f 799 798 795
f 799 714 716
f 799 800 798
f 801 802 800
f 801 800 799
f 801 799 716
f 803 802 801
f 803 801 716
f 803 716 719
f 804 269 266
f 805 269 804
f 806 272 269
f 806 274 272
f 807 269 805
f 807 806 269
f 807 808 806
f 809 277 274
f 809 274 806
f 809 806 808
f 810 805 804
f 811 744 277
f 811 277 809
f 811 809 808
f 812 805 810
f 812 807 805
f 813 807 812
f 814 807 813
f 815 744 811
f 815 808 807
f 815 811 808
f 815 807 814
f 816 286 748
f 817 754 294
f 817 294 286
f 818 286 816
f 818 754 817
f 818 817 286
f 819 749 747
f 819 750 749
f 820 818 816
f 820 754 818
f 821 748 752
f 821 816 748
f 821 820 816
f 822 311 317
f 823 754 820
f 823 820 821
f 824 750 819
f 825 821 752
f 825 823 821
f 826 827 828
f 826 822 317
f 826 828 822
f 829 825 755
f 829 823 825
f 829 755 754
f 829 754 823
f 830 750 824
f 830 751 750
f 830 752 751
f 831 832 827
f 831 833 832
f 831 826 317
f 831 827 826
f 834 830 824
f 834 835 830
f 836 755 825
f 836 752 830
f 836 830 835
f 836 825 752
f 837 762 761
f 837 761 764
f 838 833 831
f 839 837 764
f 840 836 835
f 840 755 836
f 840 756 755
f 841 313 757
f 841 322 313
f 842 838 831
f 843 320 325
f 843 317 320
f 843 842 831
f 843 831 317
f 844 322 841
f 844 841 757
f 845 759 838
f 845 328 759
f 845 838 842
f 846 835 834
f 846 839 764
f 846 767 766
f 846 764 767
f 846 834 839
f 847 843 325
f 847 328 845
f 847 325 328
f 847 842 843
f 847 845 842
f 848 756 840
f 849 844 757
f 849 757 758
f 850 756 848
f 850 758 756
f 851 846 766
f 851 835 846
f 852 322 844
f 852 844 849
f 852 849 853
f 854 769 768
f 854 851 769
f 854 835 851
f 855 766 765
f 856 766 855
f 856 769 851
f 856 851 766
f 857 854 768
f 858 852 853
f 859 856 855
f 860 859 855
f 860 770 859
f 861 856 859
f 861 770 769
f 861 859 770
f 861 769 856
f 862 322 852
f 862 330 322
f 863 765 342
f 863 855 765
f 863 860 855
f 864 862 852
f 864 852 858
f 865 768 772
f 865 857 768
f 866 860 863
f 866 770 860
f 866 863 342
f 867 770 866
f 867 866 342
f 867 348 770
f 867 342 348
f 868 772 773
f 869 868 773
f 870 368 869
f 870 869 773
f 870 362 368
f 870 773 362
f 871 869 368
f 871 868 869
f 871 872 873
f 871 874 868
f 871 873 874
f 875 871 368
f 875 872 871
f 875 368 374
f 876 635 630
f 876 630 625
f 877 625 878
f 877 876 625
f 879 876 877
f 880 877 878
f 881 635 876
f 881 775 640
f 881 876 879
f 881 640 635
f 882 877 880
f 883 877 882
f 884 776 775
f 884 879 877
f 884 775 881
f 884 881 879
f 884 877 883
f 885 654 648
f 885 648 777
f 886 654 885
f 886 885 777
f 887 654 886
f 887 780 654
f 888 777 779
f 889 886 777
f 889 887 886
f 890 777 888
f 890 889 777
f 891 888 779
f 891 890 888
f 892 889 890
f 892 783 780
f 892 890 891
f 892 780 887
f 892 891 783
f 892 887 889
f 893 778 894
f 893 779 778
f 895 891 779
f 895 893 896
f 895 779 893
f 895 783 891
f 897 898 899
f 897 899 900
f 897 901 898
f 897 900 674
f 902 893 894
f 902 896 893
f 903 901 897
f 903 790 791
f 904 672 667
f 905 895 896
f 905 783 895
f 905 782 783
f 905 785 782
f 906 904 667
f 906 667 787
f 907 677 672
f 907 682 677
f 907 672 904
f 908 903 897
f 909 907 904
f 909 904 906
f 910 897 674
f 910 680 687
f 910 674 680
f 910 908 897
f 911 902 912
f 911 912 792
f 911 896 902
f 911 792 794
f 913 790 903
f 913 687 693
f 913 693 790
f 913 903 908
f 913 910 687
f 913 908 910
f 914 785 905
f 915 906 787
f 915 909 906
f 916 785 914
f 916 786 785
f 916 788 786
f 917 911 794
f 917 896 911
f 918 914 905
f 918 905 896
f 919 909 915
f 919 907 909
f 919 682 907
f 920 919 915
f 921 797 796
f 921 796 798
f 921 917 797
f 921 896 917
f 921 918 896
f 922 794 793
f 923 682 919
f 924 794 922
f 924 797 917
f 924 917 794
f 925 919 920
f 926 921 798
f 926 918 921
f 927 919 925
f 927 923 919
f 928 922 793
f 928 924 922
f 929 682 923
f 929 684 682
f 930 923 927
f 930 929 923
f 931 924 928
f 931 795 797
f 931 797 924
f 932 931 928
f 932 928 793
f 933 926 798
f 933 800 802
f 933 798 800
f 934 932 793
f 935 793 702
f 935 934 793
f 935 710 934
f 935 702 710
f 936 795 931
f 936 710 795
f 936 931 932
f 936 934 710
f 936 932 934
f 937 803 719
f 937 938 803
f 939 719 722
f 939 937 719
f 940 941 938
f 940 942 941
f 940 943 942
f 944 940 938
f 944 938 937
f 944 937 939
f 945 725 727
f 945 722 725
f 945 727 940
f 945 939 722
f 945 940 944
f 945 944 939
f 946 940 727
f 946 947 943
f 946 943 940
f 948 727 730
f 948 946 727
f 948 947 946
f 949 263 260
f 949 260 258
f 950 949 258
f 950 951 949
f 950 258 253
f 952 266 263
f 952 263 949
f 952 949 951
f 953 804 266
f 953 266 952
f 953 952 951
f 954 950 955
f 956 951 950
f 956 804 953
f 956 953 951
f 956 950 954
f 957 253 289
f 957 955 950
f 957 950 253
f 958 813 812
f 958 812 810
f 959 747 744
f 959 744 815
f 959 815 814
f 960 813 958
f 961 819 747
f 961 747 959
f 962 959 814
f 962 813 960
f 962 961 959
f 962 814 813
f 963 964 965
f 963 289 299
f 963 957 289
f 963 965 957
f 966 819 961
f 966 961 962
f 966 967 819
f 968 828 827
f 968 827 832
f 969 964 963
f 970 968 832
f 971 969 963
f 972 963 299
f 972 299 302
f 972 971 963
f 972 302 308
f 973 822 969
f 973 969 971
f 973 311 822
f 974 832 833
f 974 970 832
f 975 973 971
f 975 971 972
f 975 972 308
f 975 311 973
f 975 308 311
f 976 834 824
f 976 824 819
f 976 837 839
f 976 819 967
f 976 967 837
f 976 839 834
f 977 837 967
f 978 977 974
f 978 837 977
f 978 762 837
f 979 974 833
f 979 833 838
f 979 838 759
f 979 978 974
f 979 762 978
f 979 759 762
f 980 857 981
f 980 981 848
f 980 840 835
f 980 848 840
f 980 835 854
f 980 854 857
f 982 849 758
f 982 758 850
f 982 853 849
f 983 981 857
f 983 850 848
f 983 865 984
f 983 848 981
f 983 984 850
f 983 857 865
f 985 339 330
f 985 330 862
f 986 858 853
f 986 853 982
f 987 985 862
f 987 339 985
f 988 989 864
f 988 864 858
f 988 858 986
f 990 862 864
f 990 864 989
f 990 987 862
f 991 989 988
f 991 986 984
f 991 988 986
f 992 339 987
f 992 987 990
f 993 865 772
f 993 772 868
f 993 868 874
f 994 991 984
f 994 993 874
f 994 874 873
f 995 992 990
f 996 994 873
f 996 872 989
f 996 873 872
f 996 989 991
f 996 991 994
f 997 339 992
f 997 345 339
f 998 992 995
f 998 997 992
f 999 989 872
f 999 872 875
f 1000 999 875
f 1001 1000 875
f 1001 383 1000
f 1001 875 374
f 1001 374 383
f 1002 999 1000
f 1002 1000 383
f 1002 1003 1004
f 1002 1004 999
f 1005 1002 383
f 1005 1003 1002
f 1005 383 388
f 1006 619 614
f 1006 614 609
f 1007 609 1008
f 1007 1006 609
f 1009 1006 1007
f 1010 1007 1008
f 1011 619 1006
f 1011 625 619
f 1011 1006 1009
f 1011 878 625
f 1012 1007 1010
f 1013 1007 1012
f 1014 1007 1013
f 1014 1009 1007
f 1014 1011 1009
f 1014 878 1011
f 1014 880 878
f 1015 883 882
f 1015 882 1016
f 1015 884 883
f 1017 1018 1019
f 1017 1019 657
f 1017 1020 1018
f 1017 1021 1020
f 1022 1023 1015
f 1022 1015 1016
f 1024 900 899
f 1024 1021 1017
f 1025 1024 1017
f 1026 662 670
f 1026 657 662
f 1026 1017 657
f 1026 1025 1017
f 1027 901 903
f 1027 898 901
f 1027 1028 898
f 1027 1022 1028
f 1027 1023 1022
f 1029 1025 1026
f 1029 670 674
f 1029 900 1024
f 1029 1026 670
f 1029 674 900
f 1029 1024 1025
f 1030 915 787
f 1030 920 915
f 1030 787 788
f 1031 1030 788
f 1031 788 916
f 1032 1031 916
f 1032 916 1033
f 1034 918 926
f 1034 914 918
f 1034 933 1033
f 1034 926 933
f 1034 916 914
f 1034 1033 916
f 1035 690 684
f 1036 925 920
f 1036 920 1030
f 1036 1031 1032
f 1036 1030 1031
f 1037 1035 684
f 1037 684 929
f 1038 690 1035
f 1038 699 696
f 1038 696 690
f 1039 1035 1037
f 1039 1038 1035
f 1040 925 1036
f 1041 1039 1037
f 1041 1037 929
f 1042 925 1040
f 1042 930 927
f 1042 927 925
f 1043 1033 933
f 1044 1039 1041
f 1044 699 1038
f 1044 1038 1039
f 1044 707 699
f 1045 1044 1041
f 1046 941 942
f 1047 1043 933
f 1047 1046 1043
f 1047 933 802
f 1048 1044 1045
f 1049 1046 942
f 1050 802 803
f 1050 938 941
f 1050 803 938
f 1050 1047 802
f 1050 941 1046
f 1050 1046 1047
f 1051 942 943
f 1051 943 947
f 1051 1049 942
f 1052 741 707
f 1052 707 1044
f 1052 1044 1048
f 1053 1054 948
f 1053 948 730
f 1055 730 733
f 1055 1053 730
f 1056 739 741
f 1056 741 1052
f 1056 1057 1058
f 1056 1052 1057
f 1056 1058 1054
f 1059 1054 1053
f 1059 1053 1055
f 1059 1056 1054
f 1060 733 736
f 1060 736 739
f 1060 739 1056
f 1060 1055 733
f 1060 1056 1059
f 1060 1059 1055
f 1061 810 804
f 1061 804 956
f 1062 1061 956
f 1062 956 954
f 1063 958 810
f 1063 1061 1062
f 1063 810 1061
f 1063 1062 1064
f 1065 1062 954
f 1065 955 957
f 1065 954 955
f 1065 1064 1062
f 1066 958 1063
f 1066 1063 1064
f 1066 1064 1065
f 1066 1065 1067
f 1066 1067 958
f 1068 1065 957
f 1068 1067 1065
f 1069 965 964
f 1069 1068 957
f 1069 1067 1068
f 1069 957 965
f 1070 960 958
f 1070 1067 968
f 1070 970 1071
f 1070 968 970
f 1070 958 1067
f 1070 1071 960
f 1072 1067 1069
f 1072 968 1067
f 1073 1072 1069
f 1074 964 969
f 1074 1073 1069
f 1074 1069 964
f 1075 1072 1073
f 1075 968 1072
f 1075 1073 1074
f 1075 828 968
f 1076 962 960
f 1076 966 962
f 1076 967 966
f 1076 1071 970
f 1076 970 974
f 1076 974 977
f 1076 977 967
f 1076 960 1071
f 1077 1074 969
f 1077 969 822
f 1077 1075 1074
f 1077 828 1075
f 1077 822 828
f 1078 850 984
f 1078 982 850
f 1078 984 986
f 1078 986 982
f 1079 993 994
f 1079 984 865
f 1079 865 993
f 1079 994 984
f 1080 345 997
f 1080 351 345
f 1081 1080 997
f 1081 351 1080
f 1082 995 990
f 1082 1083 998
f 1082 998 995
f 1082 990 989
f 1084 998 1083
f 1084 1081 997
f 1084 997 998
f 1085 351 1081
f 1085 1081 1084
f 1086 1083 1082
f 1086 1082 989
f 1087 1085 1084
f 1088 1003 1083
f 1088 1004 1003
f 1088 999 1004
f 1088 989 999
f 1088 1083 1086
f 1088 1086 989
f 1089 359 351
f 1089 351 1085
f 1090 1089 1085
f 1090 1085 1087
f 1091 1003 1005
f 1091 1083 1003
f 1092 1091 1005
f 1093 1092 1005
f 1093 1005 388
f 1093 388 398
f 1093 398 1092
f 1094 1091 1092
f 1094 1095 1091
f 1094 1092 398
f 1094 1096 1095
f 1097 1096 1094
f 1097 398 403
f 1097 1094 398
f 1098 599 593
f 1098 604 599
f 1099 593 1100
f 1099 1098 593
f 1101 1098 1099
f 1102 1099 1100
f 1103 604 1098
f 1103 1098 1101
f 1103 1008 609
f 1103 609 604
f 1104 1099 1102
f 1105 1099 1104
f 1106 1101 1099
f 1106 1103 1101
f 1106 1008 1103
f 1106 1099 1105
f 1106 1010 1008
f 1107 1013 1012
f 1107 1014 1013
f 1107 1012 1108
f 1109 1110 643
f 1109 1111 1110
f 1109 1112 1111
f 1109 1113 1112
f 1114 1115 1107
f 1114 1107 1108
f 1116 1113 1109
f 1116 1019 1018
f 1117 1116 1109
f 1118 645 652
f 1118 1109 643
f 1118 1117 1109
f 1118 643 645
f 1119 1115 1114
f 1119 1120 1020
f 1119 1020 1021
f 1119 1114 1120
f 1119 1021 1024
f 1121 652 657
f 1121 1019 1116
f 1121 1116 1117
f 1121 657 1019
f 1121 1117 1118
f 1121 1118 652
f 1122 778 776
f 1122 894 778
f 1122 776 884
f 1122 884 1015
f 1123 894 1122
f 1123 1122 1015
f 1124 1023 902
f 1124 902 894
f 1124 1015 1023
f 1124 894 1123
f 1124 1123 1015
f 1125 902 1023
f 1125 912 902
f 1125 1023 1027
f 1126 912 1125
f 1126 1125 1027
f 1127 903 791
f 1127 792 912
f 1127 912 1126
f 1127 1126 1027
f 1127 791 792
f 1127 1027 903
f 1128 929 930
f 1128 1041 929
f 1129 1036 1032
f 1129 1032 1033
f 1129 1040 1036
f 1129 1033 1043
f 1129 1130 1040
f 1129 1046 1049
f 1129 1043 1046
f 1129 1049 1130
f 1131 1128 930
f 1131 930 1042
f 1132 1128 1131
f 1132 1045 1041
f 1132 1041 1128
f 1133 1132 1131
f 1134 1133 1131
f 1134 1042 1135
f 1134 1131 1042
f 1136 1042 1040
f 1136 1135 1042
f 1136 1040 1130
f 1136 1130 1049
f 1136 1051 1135
f 1136 1049 1051
f 1137 1045 1132
f 1137 1132 1133
f 1137 1133 1134
f 1137 1048 1045
f 1137 1134 1135
f 1137 1052 1048
f 1138 1137 1135
f 1138 1052 1137
f 1139 1135 1051
f 1140 1138 1135
f 1140 1058 1057
f 1140 1057 1052
f 1140 1052 1138
f 1140 1135 1139
f 1141 1051 947
f 1141 1139 1051
f 1142 1140 1139
f 1142 1139 1141
f 1143 1140 1142
f 1143 1058 1140
f 1143 1142 1141
f 1143 1054 1058
f 1144 1141 947
f 1144 1143 1141
f 1144 1054 1143
f 1144 948 1054
f 1144 947 948
f 1145 359 1089
f 1146 1145 1089
f 1147 359 1145
f 1147 365 359
f 1147 371 365
f 1148 1145 1146
f 1148 1147 1145
f 1149 1084 1083
f 1149 1150 1090
f 1149 1087 1084
f 1149 1090 1087
f 1151 1148 1146
f 1151 1090 1150
f 1151 1089 1090
f 1151 1146 1089
f 1152 1150 1149
f 1152 1149 1083
f 1153 371 1147
f 1153 1148 1151
f 1153 1147 1148
f 1154 1153 1151
f 1155 1083 1091
f 1155 1150 1152
f 1155 1152 1083
f 1155 1091 1095
f 1155 1096 1150
f 1155 1095 1096
f 1156 1153 1154
f 1157 371 1153
f 1158 1157 1153
f 1158 1153 1156
f 1159 1096 1097
f 1159 1150 1096
f 1160 1159 1097
f 1161 1097 403
f 1161 1160 1097
f 1162 1159 1160
f 1162 1160 1161
f 1163 1164 1159
f 1163 1165 1164
f 1163 1159 1162
f 1163 1166 1165
f 1167 1162 1161
f 1167 411 417
f 1167 1163 1162
f 1167 403 411
f 1167 417 1163
f 1167 1161 403
f 1168 1163 417
f 1168 1166 1163
f 1169 588 583
f 1169 583 578
f 1170 578 1171
f 1170 1169 578
f 1172 1169 1170
f 1173 1170 1171
f 1174 593 588
f 1174 588 1169
f 1174 1169 1172
f 1174 1100 593
f 1175 1170 1173
f 1176 1170 1175
f 1177 1172 1170
f 1177 1174 1172
f 1177 1100 1174
f 1177 1170 1176
f 1177 1102 1100
f 1178 1104 1179
f 1178 1105 1104
f 1178 1106 1105
f 1180 1181 627
f 1180 1182 1183
f 1180 1183 1181
f 1180 1184 1182
f 1185 1178 1179
f 1185 1186 1178
f 1187 1110 1111
f 1187 1184 1180
f 1188 1187 1180
f 1189 633 637
f 1189 1180 627
f 1189 1188 1180
f 1189 627 633
f 1190 1191 1112
f 1190 1112 1113
f 1190 1186 1185
f 1190 1185 1191
f 1190 1113 1116
f 1192 637 643
f 1192 1189 637
f 1192 643 1110
f 1192 1110 1187
f 1192 1187 1188
f 1192 1188 1189
f 1193 1014 1107
f 1193 880 1014
f 1193 882 880
f 1193 1016 882
f 1194 1016 1193
f 1194 1193 1107
f 1195 1115 1022
f 1195 1022 1016
f 1195 1107 1115
f 1195 1016 1194
f 1195 1194 1107
f 1196 1022 1115
f 1196 1115 1119
f 1196 1028 1022
f 1197 1196 1119
f 1197 1028 1196
f 1198 899 898
f 1198 1119 1024
f 1198 898 1028
f 1198 1024 899
f 1198 1197 1119
f 1198 1028 1197
f 1199 371 1157
f 1199 378 371
f 1200 380 378
f 1200 386 380
f 1200 378 1199
f 1201 1200 1199
f 1202 1151 1150
f 1202 1154 1151
f 1203 1154 1202
f 1203 1156 1154
f 1203 1158 1156
f 1204 1199 1157
f 1204 1201 1199
f 1205 1206 1203
f 1205 1203 1202
f 1205 1202 1150
f 1207 386 1200
f 1207 1200 1201
f 1207 1201 1204
f 1208 1207 1204
f 1209 1150 1159
f 1209 1159 1164
f 1209 1205 1150
f 1210 1207 1208
f 1211 386 1207
f 1212 1207 1210
f 1212 1211 1207
f 1213 1206 1205
f 1213 1205 1209
f 1213 1209 1164
f 1213 1164 1165
f 1213 1165 1166
f 1214 1215 1168
f 1214 417 423
f 1214 1168 417
f 1216 1215 1214
f 1217 1218 1215
f 1217 1219 1220
f 1217 1215 1216
f 1217 1220 1218
f 1221 429 434
f 1221 1216 1214
f 1221 1217 1216
f 1221 1214 423
f 1221 434 1217
f 1221 423 429
f 1222 1217 434
f 1222 1219 1217
f 1223 567 561
f 1223 572 567
f 1224 561 1225
f 1224 1223 561
f 1226 1223 1224
f 1227 1224 1225
f 1228 1171 578
f 1228 572 1223
f 1228 1223 1226
f 1228 578 572
f 1229 1224 1227
f 1230 1224 1229
f 1231 1173 1171
f 1231 1171 1228
f 1231 1226 1224
f 1231 1228 1226
f 1231 1224 1230
f 1232 1175 1233
f 1232 1176 1175
f 1232 1177 1176
f 1234 1235 611
f 1234 1236 1237
f 1234 1238 1235
f 1234 1237 1238
f 1239 1240 1232
f 1239 1232 1233
f 1241 1236 1234
f 1241 1181 1183
f 1242 1241 1234
f 1243 611 617
f 1243 1242 1234
f 1243 1234 611
f 1243 617 622
f 1244 1240 1239
f 1244 1239 1245
f 1244 1245 1182
f 1244 1182 1184
f 1244 1184 1187
f 1246 622 627
f 1246 1181 1241
f 1246 1241 1242
f 1246 1242 1243
f 1246 1243 622
f 1246 627 1181
f 1247 1010 1106
f 1247 1012 1010
f 1247 1106 1178
f 1247 1108 1012
f 1248 1108 1247
f 1248 1247 1178
f 1249 1108 1248
f 1249 1186 1114
f 1249 1248 1178
f 1249 1178 1186
f 1249 1114 1108
f 1250 1114 1186
f 1250 1186 1190
f 1250 1120 1114
f 1251 1120 1250
f 1251 1250 1190
f 1252 1190 1116
f 1252 1116 1018
f 1252 1251 1190
f 1252 1120 1251
f 1252 1020 1120
f 1252 1018 1020
f 1253 1204 1157
f 1253 1208 1204
f 1253 1157 1158
f 1254 1158 1203
f 1254 1253 1158
f 1255 1203 1206
f 1255 1254 1203
f 1256 386 1211
f 1256 392 386
f 1257 395 392
f 1257 392 1256
f 1257 401 395
f 1258 1257 1256
f 1259 1208 1253
f 1259 1253 1254
f 1259 1254 1255
f 1259 1255 1206
f 1260 1212 1210
f 1260 1208 1259
f 1260 1210 1208
f 1261 1256 1211
f 1261 1258 1256
f 1262 1206 1213
f 1263 1260 1259
f 1263 1264 1260
f 1263 1259 1206
f 1265 401 1257
f 1265 1257 1258
f 1265 1258 1261
f 1266 1265 1261
f 1267 1213 1166
f 1267 1262 1213
f 1268 1206 1262
f 1268 1263 1206
f 1268 1262 1267
f 1269 1166 1168
f 1269 1168 1215
f 1269 1215 1218
f 1269 1267 1166
f 1269 1268 1267
f 1269 1218 1268
f 1270 1265 1266
f 1271 401 1265
f 1272 1265 1270
f 1272 1271 1265
f 1273 1263 1268
f 1273 1220 1219
f 1273 1264 1263
f 1273 1268 1218
f 1273 1218 1220
f 1274 1275 1222
f 1274 1222 434
f 1274 434 440
f 1276 1275 1274
f 1277 1278 1275
f 1277 1279 1278
f 1277 1275 1276
f 1277 1280 1279
f 1281 1274 440
f 1281 1276 1274
f 1281 452 1277
f 1281 1277 1276
f 1281 446 452
f 1281 440 446
f 1282 1277 452
f 1282 1280 1277
f 1283 556 550
f 1283 550 543
f 1284 1283 543
f 1284 543 1285
f 1286 1283 1284
f 1287 1284 1285
f 1288 1225 561
f 1288 561 556
f 1288 1283 1286
f 1288 556 1283
f 1289 1284 1287
f 1290 1284 1289
f 1291 1225 1288
f 1291 1286 1284
f 1291 1288 1286
f 1291 1284 1290
f 1292 1229 1293
f 1292 1230 1229
f 1292 1231 1230
f 1294 1295 1296
f 1294 1297 1298
f 1294 1298 596
f 1294 1296 1297
f 1299 1292 1293
f 1299 1300 1292
f 1301 1295 1294
f 1302 1301 1294
f 1303 1302 1294
f 1303 601 607
f 1303 596 601
f 1303 1294 596
f 1304 1300 1299
f 1304 1305 1237
f 1304 1237 1236
f 1304 1299 1305
f 1304 1236 1241
f 1306 611 1235
f 1306 1235 1301
f 1306 1303 607
f 1306 607 611
f 1306 1302 1303
f 1306 1301 1302
f 1307 1104 1102
f 1307 1179 1104
f 1307 1177 1232
f 1307 1102 1177
f 1308 1179 1307
f 1308 1307 1232
f 1309 1179 1308
f 1309 1308 1232
f 1309 1232 1240
f 1309 1185 1179
f 1309 1240 1185
f 1310 1240 1244
f 1310 1185 1240
f 1310 1191 1185
f 1311 1191 1310
f 1311 1310 1244
f 1312 1191 1311
f 1312 1311 1244
f 1312 1244 1187
f 1312 1111 1112
f 1312 1112 1191
f 1312 1187 1111
f 1313 1211 1212
f 1313 1261 1211
f 1313 1266 1261
f 1314 1313 1212
f 1314 1212 1260
f 1315 1314 1260
f 1315 1260 1264
f 1316 401 1271
f 1316 406 401
f 1317 414 409
f 1317 406 1316
f 1317 409 406
f 1318 1317 1316
f 1319 1266 1313
f 1319 1315 1264
f 1319 1314 1315
f 1319 1313 1314
f 1320 1270 1266
f 1320 1266 1319
f 1320 1272 1270
f 1321 1316 1271
f 1321 1318 1316
f 1322 1264 1273
f 1323 1319 1264
f 1323 1320 1319
f 1323 1324 1320
f 1325 1317 1318
f 1325 1318 1321
f 1325 414 1317
f 1326 1325 1321
f 1327 1322 1273
f 1327 1273 1219
f 1328 1264 1322
f 1328 1322 1327
f 1328 1323 1264
f 1329 1222 1275
f 1329 1275 1278
f 1329 1327 1219
f 1329 1219 1222
f 1329 1278 1328
f 1329 1328 1327
f 1330 1325 1326
f 1331 414 1325
f 1332 1331 1325
f 1332 1325 1330
f 1333 1323 1328
f 1333 1324 1323
f 1333 1278 1279
f 1333 1279 1280
f 1333 1328 1278
f 1334 452 459
f 1334 1282 452
f 1334 1335 1282
f 1336 1335 1334
f 1337 1338 1335
f 1337 1339 1340
f 1337 1335 1336
f 1337 1340 1338
f 1341 1334 459
f 1341 473 1337
f 1341 1336 1334
f 1341 1337 1336
f 1341 466 473
f 1341 459 466
f 1342 1337 473
f 1342 1339 1337
f 1343 537 531
f 1343 531 524
f 1344 524 1345
f 1344 1343 524
f 1346 1343 1344
f 1347 1344 1345
f 1348 537 1343
f 1348 1343 1346
f 1348 543 537
f 1348 1285 543
f 1349 1344 1347
f 1350 1344 1349
f 1351 1346 1344
f 1351 1348 1346
f 1351 1285 1348
f 1351 1344 1350
f 1352 1290 1289
f 1352 1289 1353
f 1354 1355 581
f 1354 1356 1357
f 1354 1357 1355
f 1354 1358 1356
f 1359 1352 1353
f 1359 1360 1352
f 1361 1358 1354
f 1362 1361 1354
f 1363 581 585
f 1363 585 591
f 1363 1354 581
f 1363 1362 1354
f 1364 1365 1296
f 1364 1296 1295
f 1364 1359 1365
f 1364 1360 1359
f 1366 591 596
f 1366 1298 1361
f 1366 596 1298
f 1366 1361 1362
f 1366 1363 591
f 1366 1362 1363
f 1367 1233 1175
f 1367 1175 1173
f 1367 1173 1231
f 1367 1231 1292
f 1368 1367 1292
f 1368 1233 1367
f 1369 1368 1292
f 1369 1233 1368
f 1369 1300 1239
f 1369 1239 1233
f 1369 1292 1300
f 1370 1300 1304
f 1370 1239 1300
f 1370 1245 1239
f 1371 1245 1370
f 1371 1370 1304
f 1372 1245 1371
f 1372 1371 1304
f 1372 1304 1241
f 1372 1241 1183
f 1372 1182 1245
f 1372 1183 1182
f 1373 1271 1272
f 1373 1272 1320
f 1374 1321 1271
f 1374 1271 1373
f 1374 1326 1321
f 1375 1374 1373
f 1376 1373 1320
f 1376 1375 1373
f 1376 1320 1324
f 1377 420 414
f 1378 1377 414
f 1378 414 1331
f 1379 426 420
f 1379 431 426
f 1379 420 1377
f 1380 1379 1377
f 1380 1377 1378
f 1381 1326 1374
f 1381 1374 1375
f 1381 1375 1376
f 1381 1376 1324
f 1382 1332 1330
f 1382 1330 1326
f 1382 1326 1381
f 1383 1378 1331
f 1383 1380 1378
f 1384 1324 1333
f 1385 1381 1324
f 1386 1280 1282
f 1386 1384 1333
f 1386 1333 1280
f 1387 1379 1380
f 1387 431 1379
f 1387 1380 1383
f 1388 1387 1383
f 1389 1384 1386
f 1390 1324 1384
f 1390 1385 1324
f 1390 1384 1389
f 1391 1335 1338
f 1391 1386 1282
f 1391 1338 1390
f 1391 1389 1386
f 1391 1390 1389
f 1391 1282 1335
f 1392 1387 1388
f 1393 431 1387
f 1394 1387 1392
f 1394 1393 1387
f 1395 1340 1339
f 1395 1338 1340
f 1395 1390 1338
f 1396 1342 473
f 1396 1397 1342
f 1398 473 479
f 1398 1396 473
f 1399 1396 1398
f 1399 1397 1396
f 1400 1401 1397
f 1400 1397 1399
f 1400 1402 1403
f 1400 1403 1401
f 1404 1398 479
f 1404 493 1400
f 1404 486 493
f 1404 479 486
f 1404 1400 1399
f 1404 1399 1398
f 1405 1402 1400
f 1405 1400 493
f 1406 517 510
f 1406 510 503
f 1407 503 1408
f 1407 1406 503
f 1409 1406 1407
f 1410 517 1406
f 1410 1406 1409
f 1410 524 517
f 1411 1407 1408
f 1412 1345 524
f 1412 1410 1409
f 1412 524 1410
f 1413 1407 1411
f 1414 1407 1413
f 1415 1345 1412
f 1415 1409 1407
f 1415 1412 1409
f 1415 1407 1414
f 1415 1347 1345
f 1416 1349 1347
f 1417 1349 1416
f 1417 1350 1349
f 1418 1419 564
f 1418 1420 1419
f 1418 1421 1420
f 1418 1422 1421
f 1423 1417 1416
f 1423 1416 1424
f 1423 1425 1417
f 1426 1355 1357
f 1426 1422 1418
f 1427 1357 1356
f 1427 1423 1424
f 1428 1426 1418
f 1429 569 575
f 1429 1418 564
f 1429 564 569
f 1429 1428 1418
f 1430 1423 1427
f 1430 1427 1356
f 1430 1425 1423
f 1430 1356 1358
f 1431 581 1355
f 1431 1355 1426
f 1431 1426 1428
f 1432 575 581
f 1432 1429 575
f 1432 581 1431
f 1432 1428 1429
f 1432 1431 1428
f 1433 1291 1290
f 1433 1290 1352
f 1433 1227 1225
f 1433 1225 1291
f 1434 1229 1227
f 1434 1293 1229
f 1434 1227 1433
f 1435 1433 1352
f 1435 1434 1433
f 1435 1293 1434
f 1436 1299 1293
f 1436 1293 1435
f 1436 1360 1299
f 1436 1352 1360
f 1436 1435 1352
f 1437 1360 1364
f 1437 1305 1299
f 1437 1299 1360
f 1438 1305 1437
f 1438 1437 1364
f 1439 1295 1301
f 1439 1301 1235
f 1439 1438 1364
f 1439 1364 1295
f 1439 1235 1238
f 1440 1237 1305
f 1440 1439 1238
f 1440 1438 1439
f 1440 1305 1438
f 1440 1238 1237
f 1441 1331 1332
f 1441 1383 1331
f 1442 1441 1332
f 1442 1332 1382
f 1443 1383 1441
f 1443 1441 1442
f 1443 1388 1383
f 1444 1443 1442
f 1445 1442 1382
f 1445 1444 1442
f 1445 1382 1446
f 1447 1385 1390
f 1447 1390 1395
f 1447 1382 1381
f 1447 1446 1382
f 1447 1381 1385
f 1447 1395 1446
f 1448 437 431
f 1449 1448 431
f 1449 431 1393
f 1450 437 1448
f 1450 442 437
f 1450 449 442
f 1451 1450 1448
f 1451 1448 1449
f 1452 1392 1388
f 1452 1394 1392
f 1453 1388 1443
f 1453 1443 1444
f 1453 1452 1388
f 1453 1444 1445
f 1453 1445 1446
f 1454 1452 1453
f 1454 1394 1452
f 1455 1449 1393
f 1455 1451 1449
f 1455 1394 1454
f 1455 1393 1394
f 1456 1446 1395
f 1457 1454 1453
f 1457 1458 1454
f 1457 1453 1446
f 1459 1456 1395
f 1459 1395 1339
f 1460 449 1450
f 1460 1450 1451
f 1460 1451 1455
f 1461 1454 1458
f 1461 1455 1454
f 1461 1460 1455
f 1462 1456 1459
f 1463 1446 1456
f 1463 1457 1446
f 1463 1456 1462
f 1464 1397 1401
f 1464 1462 1459
f 1464 1463 1462
f 1464 1401 1463
f 1465 1460 1461
f 1466 1339 1342
f 1466 1459 1339
f 1466 1464 1459
f 1466 1397 1464
f 1466 1342 1397
f 1467 455 449
f 1467 449 1460
f 1467 463 455
f 1468 1460 1465
f 1468 1467 1460
f 1469 1458 1457
f 1469 1457 1463
f 1470 1402 1469
f 1470 1463 1401
f 1470 1403 1402
f 1470 1401 1403
f 1470 1469 1463
f 1471 1465 1461
f 1471 1467 1468
f 1471 1461 1458
f 1471 1468 1465
f 1472 1402 1405
f 1472 1469 1402
f 1473 1469 1472
f 1473 1471 1458
f 1473 1458 1469
f 1474 1471 1473
f 1475 1467 1471
f 1475 476 469
f 1475 469 463
f 1475 483 476
f 1475 463 1467
f 1476 1472 1405
f 1476 1405 493
f 1477 1471 1474
f 1478 497 489
f 1478 489 483
f 1479 1476 493
f 1479 493 500
f 1480 483 1475
f 1480 1478 483
f 1481 1472 1476
f 1481 1476 1479
f 1482 1478 1480
f 1483 1472 1481
f 1483 1474 1473
f 1483 1477 1474
f 1483 1473 1472
f 1484 497 1478
f 1484 1478 1482
f 1484 503 497
f 1485 1483 1481
f 1485 1479 500
f 1485 1481 1479
f 1485 507 513
f 1485 500 507
f 1485 513 1483
f 1486 1480 1475
f 1487 1408 503
f 1487 503 1484
f 1487 1484 1482
f 1488 1471 1477
f 1488 1483 513
f 1488 1477 1483
f 1488 513 521
f 1488 521 527
f 1489 1480 1486
f 1490 1480 1489
f 1490 1489 1491
f 1492 1408 1487
f 1492 1482 1480
f 1492 1491 1411
f 1492 1487 1482
f 1492 1480 1490
f 1492 1490 1491
f 1492 1411 1408
f 1493 1489 1486
f 1493 1491 1489
f 1493 1475 1471
f 1493 1486 1475
f 1494 1414 1413
f 1494 1347 1415
f 1494 1415 1414
f 1495 534 540
f 1495 1471 1488
f 1495 527 534
f 1495 1496 1493
f 1495 1488 527
f 1495 540 546
f 1495 1493 1471
f 1497 1493 1496
f 1497 1491 1493
f 1498 1413 1411
f 1498 1494 1413
f 1498 1411 1491
f 1499 1416 1347
f 1499 1494 1498
f 1499 1424 1416
f 1499 1347 1494
f 1500 1491 1497
f 1501 1496 1495
f 1501 1497 1496
f 1501 1495 546
f 1501 1500 1497
f 1502 1498 1491
f 1502 1499 1498
f 1502 1424 1499
f 1503 1420 1491
f 1503 1419 1420
f 1503 1491 1500
f 1503 1500 1501
f 1504 1491 1420
f 1504 1420 1421
f 1504 1502 1491
f 1505 1503 1501
f 1506 1505 1501
f 1506 553 558
f 1506 546 553
f 1506 1501 546
f 1507 1357 1427
f 1507 1427 1424
f 1507 1424 1502
f 1507 1502 1504
f 1508 1503 1505
f 1508 564 1419
f 1508 1419 1503
f 1509 1507 1504
f 1509 1357 1507
f 1509 1421 1422
f 1509 1426 1357
f 1509 1422 1426
f 1509 1504 1421
f 1510 1506 558
f 1510 558 564
f 1510 564 1508
f 1510 1508 1505
f 1510 1505 1506
f 1511 1351 1350
f 1511 1350 1417
f 1511 1285 1351
f 1511 1287 1285
f 1512 1287 1511
f 1512 1289 1287
f 1512 1353 1289
f 1513 1512 1511
f 1513 1353 1512
f 1513 1511 1417
f 1514 1353 1513
f 1514 1513 1417
f 1514 1417 1425
f 1514 1359 1353
f 1514 1425 1359
f 1515 1425 1430
f 1515 1359 1425
f 1515 1365 1359
f 1516 1365 1515
f 1516 1515 1430
f 1517 1516 1430
f 1517 1358 1361
f 1517 1298 1297
f 1517 1430 1358
f 1517 1361 1298
f 1518 1365 1516
f 1518 1517 1297
f 1518 1296 1365
f 1518 1297 1296
f 1518 1516 1517
f 1519 1520 1521
f 1521 1520 1522
f 1523 1524 1525
f 1525 1526 1527
f 1524 1526 1525
f 1527 1528 1529
f 1526 1528 1527
f 1529 1530 1531
f 1528 1530 1529
f 1531 1532 1533
f 1530 1532 1531
f 1533 1534 1535
f 1532 1534 1533
f 1535 1536 1537
f 1534 1536 1535
f 1537 1538 1539
f 1536 1538 1537
f 1538 1540 1539
f 1539 1540 1541
f 1540 1542 1541
f 1541 1542 1543
f 1543 1544 1545
f 1542 1544 1543
f 1545 1546 1547
f 1544 1546 1545
f 1547 1548 1549
f 1546 1548 1547
f 1549 1550 1551
f 1548 1550 1549
f 1551 1552 1553
f 1550 1552 1551
f 1553 1554 1555
f 1552 1554 1553
f 1555 1556 1557
f 1554 1556 1555
f 1557 1558 1559
f 1556 1558 1557
f 1559 1560 1561
f 1558 1560 1559
f 1560 1562 1561
f 1561 1563 1564
f 1564 1563 1565
f 1562 1563 1561
f 1565 1566 1567
f 1563 1566 1565
f 1567 1568 1569
f 1566 1568 1567
f 1569 1570 1571
f 1568 1570 1569
f 1570 1572 1571
f 1571 1573 1574
f 1572 1573 1571
f 1574 1575 1576
f 1573 1575 1574
f 1576 1577 1578
f 1575 1577 1576
f 1578 1579 1580
f 1577 1579 1578
f 1580 1581 1582
f 1582 1581 1583
f 1579 1581 1580
f 1581 1584 1583
f 1583 1585 1586
f 1584 1585 1583
f 1586 1519 1521
f 1585 1519 1586
f 1587 1524 1588
f 1588 1524 1523
f 1589 1590 1591
f 1591 1592 1593
f 1590 1592 1591
f 1593 1594 1595
f 1592 1594 1593
f 1595 1596 1597
f 1594 1596 1595
f 1597 1598 1599
f 1596 1598 1597
f 1599 1600 1601
f 1598 1600 1599
f 1601 1602 1603
f 1600 1602 1601
f 1603 1604 1605
f 1602 1604 1603
f 1604 1606 1605
f 1605 1606 1607
f 1606 1608 1607
f 1607 1608 1609
f 1609 1610 1611
f 1608 1610 1609
f 1611 1612 1613
f 1610 1612 1611
f 1613 1614 1615
f 1612 1614 1613
f 1615 1616 1617
f 1614 1616 1615
f 1617 1618 1619
f 1616 1618 1617
f 1619 1620 1621
f 1618 1620 1619
f 1621 1622 1623
f 1620 1622 1621
f 1623 1624 1625
f 1622 1624 1623
f 1625 1626 1627
f 1624 1626 1625
f 1626 1628 1627
f 1627 1629 1630
f 1630 1629 1631
f 1628 1629 1627
f 1631 1632 1633
f 1629 1632 1631
f 1633 1634 1635
f 1632 1634 1633
f 1635 1636 1637
f 1634 1636 1635
f 1636 1638 1637
f 1637 1639 1640
f 1638 1639 1637
f 1640 1641 1642
f 1639 1641 1640
f 1642 1643 1644
f 1641 1643 1642
f 1644 1645 1646
f 1643 1645 1644
f 1646 1647 1648
f 1648 1647 1649
f 1645 1647 1646
f 1647 1650 1649
f 1649 1651 1652
f 1650 1651 1649
f 1652 1587 1588
f 1651 1587 1652
f 1653 1590 1654
f 1654 1590 1589
f 1655 1656 1657
f 1657 1658 1659
f 1656 1658 1657
f 1659 1660 1661
f 1658 1660 1659
f 1661 1662 1663
f 1660 1662 1661
f 1663 1664 1665
f 1662 1664 1663
f 1665 1666 1667
f 1664 1666 1665
f 1667 1668 1669
f 1666 1668 1667
f 1669 1670 1671
f 1668 1670 1669
f 1670 1672 1671
f 1671 1672 1673
f 1672 1674 1673
f 1673 1674 1675
f 1675 1676 1677
f 1674 1676 1675
f 1677 1678 1679
f 1676 1678 1677
f 1679 1680 1681
f 1678 1680 1679
f 1681 1682 1683
f 1680 1682 1681
f 1683 1684 1685
f 1682 1684 1683
f 1685 1686 1687
f 1684 1686 1685
f 1687 1688 1689
f 1686 1688 1687
f 1689 1690 1691
f 1688 1690 1689
f 1691 1692 1693
f 1690 1692 1691
f 1692 1694 1693
f 1693 1695 1696
f 1696 1695 1697
f 1694 1695 1693
f 1697 1698 1699
f 1695 1698 1697
f 1699 1700 1701
f 1698 1700 1699
f 1701 1702 1703
f 1700 1702 1701
f 1702 1704 1703
f 1703 1705 1706
f 1704 1705 1703
f 1706 1707 1708
f 1705 1707 1706
f 1708 1709 1710
f 1707 1709 1708
f 1710 1711 1712
f 1709 1711 1710
f 1712 1713 1714
f 1714 1713 1715
f 1711 1713 1712
f 1713 1716 1715
f 1715 1717 1718
f 1716 1717 1715
f 1718 1653 1654
f 1717 1653 1718
f 1719 1656 1720
f 1720 1656 1655
f 1522 1520 1721
f 1721 1722 1723
f 1520 1722 1721
f 1723 1724 1725
f 1722 1724 1723
f 1725 1726 1727
f 1724 1726 1725
f 1727 1728 1729
f 1726 1728 1727
f 1729 1730 1731
f 1728 1730 1729
f 1731 1732 1733
f 1730 1732 1731
f 1733 1734 1735
f 1732 1734 1733
f 1734 1736 1735
f 1735 1736 1737
f 1736 1738 1737
f 1737 1738 1739
f 1739 1740 1741
f 1738 1740 1739
f 1741 1742 1743
f 1740 1742 1741
f 1743 1744 1745
f 1742 1744 1743
f 1745 1746 1747
f 1744 1746 1745
f 1747 1748 1749
f 1746 1748 1747
f 1749 1750 1751
f 1748 1750 1749
f 1751 1752 1753
f 1750 1752 1751
f 1753 1754 1755
f 1752 1754 1753
f 1755 1756 1757
f 1754 1756 1755
f 1756 1758 1757
f 1757 1759 1760
f 1760 1759 1761
f 1758 1759 1757
f 1761 1762 1763
f 1759 1762 1761
f 1763 1764 1765
f 1762 1764 1763
f 1765 1766 1767
f 1764 1766 1765
f 1766 1768 1767
f 1767 1769 1770
f 1768 1769 1767
f 1770 1771 1772
f 1769 1771 1770
f 1772 1773 1774
f 1771 1773 1772
f 1774 1775 1776
f 1773 1775 1774
f 1776 1777 1778
f 1778 1777 1779
f 1775 1777 1776
f 1777 1780 1779
f 1779 1781 1782
f 1780 1781 1779
f 1782 1719 1720
f 1781 1719 1782
f 1783 1784 1785
f 1785 1786 1787
f 1784 1786 1785
f 1787 1788 1789
f 1786 1788 1787
f 1789 1790 1791
f 1788 1790 1789
f 1791 1792 1793
f 1790 1792 1791
f 1793 1794 1795
f 1792 1794 1793
f 1795 1796 1797
f 1794 1796 1795
f 1797 1798 1799
f 1796 1798 1797
f 1798 1800 1799
f 1799 1800 1801
f 1800 1802 1801
f 1801 1802 1803
f 1802 1804 1803
f 1803 1804 1805
f 1804 1806 1805
f 1805 1806 1807
f 1806 1808 1807
f 1807 1808 1809
f 1808 1810 1809
f 1809 1810 1811
f 1810 1812 1811
f 1811 1812 1813
f 1812 1814 1813
f 1813 1814 1815
f 1814 1816 1815
f 1815 1816 1817
f 1816 1818 1817
f 1817 1818 1819
f 1818 1820 1819
f 1819 1820 1821
f 1820 1822 1821
f 1822 1823 1821
f 1821 1823 1824
f 1824 1823 1825
f 1825 1826 1827
f 1823 1826 1825
f 1827 1828 1829
f 1826 1828 1827
f 1829 1830 1831
f 1828 1830 1829
f 1830 1832 1831
f 1831 1833 1834
f 1832 1833 1831
f 1834 1835 1836
f 1833 1835 1834
f 1836 1837 1838
f 1835 1837 1836
f 1838 1839 1840
f 1837 1839 1838
f 1840 1841 1842
f 1842 1841 1843
f 1839 1841 1840
f 1841 1844 1843
f 1843 1845 1846
f 1844 1845 1843
f 1846 1847 1848
f 1845 1847 1846
f 1849 1850 1851
f 1851 1852 1853
f 1850 1852 1851
f 1853 1854 1855
f 1852 1854 1853
f 1855 1856 1857
f 1854 1856 1855
f 1857 1858 1859
f 1856 1858 1857
f 1859 1860 1861
f 1858 1860 1859
f 1861 1862 1863
f 1860 1862 1861
f 1863 1864 1865
f 1862 1864 1863
f 1864 1866 1865
f 1865 1866 1867
f 1866 1868 1867
f 1867 1868 1869
f 1868 1870 1869
f 1869 1870 1871
f 1870 1872 1871
f 1871 1872 1873
f 1872 1874 1873
f 1873 1874 1875
f 1874 1876 1875
f 1875 1876 1877
f 1876 1878 1877
f 1877 1878 1879
f 1878 1880 1879
f 1879 1880 1881
f 1880 1882 1881
f 1881 1882 1883
f 1882 1884 1883
f 1883 1884 1885
f 1884 1886 1885
f 1885 1886 1887
f 1886 1888 1887
f 1888 1889 1887
f 1887 1889 1890
f 1890 1889 1891
f 1891 1892 1893
f 1889 1892 1891
f 1893 1894 1895
f 1892 1894 1893
f 1895 1896 1897
f 1894 1896 1895
f 1896 1898 1897
f 1897 1899 1900
f 1898 1899 1897
f 1900 1901 1902
f 1899 1901 1900
f 1902 1903 1904
f 1901 1903 1902
f 1904 1905 1906
f 1903 1905 1904
f 1906 1907 1908
f 1908 1907 1909
f 1905 1907 1906
f 1907 1910 1909
f 1909 1911 1912
f 1910 1911 1909
f 1912 1913 1914
f 1911 1913 1912
f 1913 1915 1914
f 1914 1915 1916
f 1917 1918 1919
f 1919 1920 1921
f 1918 1920 1919
f 1921 1922 1923
f 1920 1922 1921
f 1923 1924 1925
f 1922 1924 1923
f 1925 1926 1927
f 1924 1926 1925
f 1927 1928 1929
f 1926 1928 1927
f 1929 1930 1931
f 1928 1930 1929
f 1931 1932 1933
f 1930 1932 1931
f 1932 1934 1933
f 1933 1934 1935
f 1934 1936 1935
f 1935 1936 1937
f 1936 1938 1937
f 1937 1938 1939
f 1938 1940 1939
f 1939 1940 1941
f 1940 1942 1941
f 1941 1942 1943
f 1942 1944 1943
f 1943 1944 1945
f 1944 1946 1945
f 1945 1946 1947
f 1946 1948 1947
f 1947 1948 1949
f 1948 1950 1949
f 1949 1950 1951
f 1950 1952 1951
f 1951 1952 1953
f 1952 1954 1953
f 1953 1954 1955
f 1954 1956 1955
f 1956 1957 1955
f 1955 1957 1958
f 1958 1957 1959
f 1959 1960 1961
f 1957 1960 1959
f 1961 1962 1963
f 1960 1962 1961
f 1963 1964 1965
f 1962 1964 1963
f 1964 1966 1965
f 1965 1967 1968
f 1966 1967 1965
f 1968 1969 1970
f 1967 1969 1968
f 1970 1971 1972
f 1969 1971 1970
f 1972 1973 1974
f 1971 1973 1972
f 1974 1975 1976
f 1976 1975 1977
f 1973 1975 1974
f 1975 1978 1977
f 1977 1979 1980
f 1978 1979 1977
f 1980 1981 1982
f 1979 1981 1980
f 1981 1983 1982
f 1982 1983 1984
f 1985 1918 1986
f 1986 1918 1917
f 1984 1983 1987
f 1987 1988 1989
f 1983 1988 1987
f 1989 1990 1991
f 1988 1990 1989
f 1991 1992 1993
f 1990 1992 1991
f 1993 1994 1995
f 1992 1994 1993
f 1995 1996 1997
f 1994 1996 1995
f 1997 1998 1999
f 1996 1998 1997
f 1999 2000 2001
f 1998 2000 1999
f 2000 2002 2001
f 2001 2002 2003
f 2002 2004 2003
f 2003 2004 2005
f 2004 2006 2005
f 2005 2006 2007
f 2006 2008 2007
f 2007 2008 2009
f 2008 2010 2009
f 2009 2010 2011
f 2010 2012 2011
f 2011 2012 2013
f 2012 2014 2013
f 2013 2014 2015
f 2014 2016 2015
f 2015 2016 2017
f 2016 2018 2017
f 2017 2018 2019
f 2018 2020 2019
f 2019 2020 2021
f 2020 2022 2021
f 2021 2022 2023
f 2022 2024 2023
f 2024 2025 2023
f 2023 2025 2026
f 2026 2025 2027
f 2027 2028 2029
f 2025 2028 2027
f 2029 2030 2031
f 2028 2030 2029
f 2031 2032 2033
f 2030 2032 2031
f 2032 2034 2033
f 2033 2035 2036
f 2034 2035 2033
f 2036 2037 2038
f 2035 2037 2036
f 2038 2039 2040
f 2037 2039 2038
f 2040 2041 2042
f 2039 2041 2040
f 2042 2043 2044
f 2044 2043 2045
f 2041 2043 2042
f 2043 2046 2045
f 2045 2047 2048
f 2046 2047 2045
f 2048 2049 2050
f 2047 2049 2048
f 2049 2051 2050
f 2050 2051 2052
f 1847 1850 1848
f 1848 1850 1849
f 2053 2054 2055
f 2055 2056 2057
f 2054 2056 2055
f 2057 2058 2059
f 2056 2058 2057
f 2059 2060 2061
f 2058 2060 2059
f 2061 2062 2063
f 2060 2062 2061
f 2063 2064 2065
f 2062 2064 2063
f 2065 2066 2067
f 2064 2066 2065
f 2067 2068 2069
f 2066 2068 2067
f 2068 2070 2069
f 2069 2070 2071
f 2070 2072 2071
f 2071 2072 2073
f 2072 2074 2073
f 2073 2074 2075
f 2074 2076 2075
f 2075 2076 2077
f 2076 2078 2077
f 2077 2078 2079
f 2078 2080 2079
f 2079 2080 2081
f 2080 2082 2081
f 2081 2082 2083
f 2082 2084 2083
f 2083 2084 2085
f 2084 2086 2085
f 2085 2086 2087
f 2086 2088 2087
f 2087 2088 2089
f 2088 2090 2089
f 2089 2090 2091
f 2090 2092 2091
f 2092 2093 2091
f 2091 2093 2094
f 2094 2093 2095
f 2095 2096 2097
f 2093 2096 2095
f 2097 2098 2099
f 2096 2098 2097
f 2099 2100 2101
f 2098 2100 2099
f 2100 2102 2101
f 2101 2103 2104
f 2102 2103 2101
f 2104 2105 2106
f 2103 2105 2104
f 2106 2107 2108
f 2105 2107 2106
f 2108 2109 2110
f 2107 2109 2108
f 2110 2111 2112
f 2112 2111 2113
f 2109 2111 2110
f 2111 2114 2113
f 2113 2115 2116
f 2114 2115 2113
f 2116 2117 2118
f 2115 2117 2116
f 2117 1784 2118
f 2118 1784 1783
f 1916 1915 2119
f 2119 2120 2121
f 1915 2120 2119
f 2121 2122 2123
f 2120 2122 2121
f 2123 2124 2125
f 2122 2124 2123
f 2125 2126 2127
f 2124 2126 2125
f 2127 2128 2129
f 2126 2128 2127
f 2129 2130 2131
f 2128 2130 2129
f 2131 2132 2133
f 2130 2132 2131
f 2132 2134 2133
f 2133 2134 2135
f 2134 2136 2135
f 2135 2136 2137
f 2136 2138 2137
f 2137 2138 2139
f 2138 2140 2139
f 2139 2140 2141
f 2140 2142 2141
f 2141 2142 2143
f 2142 2144 2143
f 2143 2144 2145
f 2144 2146 2145
f 2145 2146 2147
f 2146 2148 2147
f 2147 2148 2149
f 2148 2150 2149
f 2149 2150 2151
f 2150 2152 2151
f 2151 2152 2153
f 2152 2154 2153
f 2153 2154 2155
f 2154 2156 2155
f 2156 2157 2155
f 2155 2157 2158
f 2158 2157 2159
f 2159 2160 2161
f 2157 2160 2159
f 2161 2162 2163
f 2160 2162 2161
f 2163 2164 2165
f 2162 2164 2163
f 2164 2166 2165
f 2165 2167 2168
f 2166 2167 2165
f 2168 2169 2170
f 2167 2169 2168
f 2170 2171 2172
f 2169 2171 2170
f 2172 2173 2174
f 2171 2173 2172
f 2174 2175 2176
f 2176 2175 2177
f 2173 2175 2174
f 2175 2178 2177
f 2177 2179 2180
f 2178 2179 2177
f 2180 2181 2182
f 2179 2181 2180
f 2052 2051 2183
f 2183 2184 2185
f 2051 2184 2183
f 2185 2186 2187
f 2184 2186 2185
f 2187 2188 2189
f 2186 2188 2187
f 2189 2190 2191
f 2188 2190 2189
f 2191 2192 2193
f 2190 2192 2191
f 2193 2194 2195
f 2192 2194 2193
f 2195 2196 2197
f 2194 2196 2195
f 2196 2198 2197
f 2197 2198 2199
f 2198 2200 2199
f 2199 2200 2201
f 2200 2202 2201
f 2201 2202 2203
f 2202 2204 2203
f 2203 2204 2205
f 2204 2206 2205
f 2205 2206 2207
f 2206 2208 2207
f 2207 2208 2209
f 2208 2210 2209
f 2209 2210 2211
f 2210 2212 2211
f 2211 2212 2213
f 2212 2214 2213
f 2213 2214 2215
f 2214 2216 2215
f 2215 2216 2217
f 2216 2218 2217
f 2217 2218 2219
f 2218 2220 2219
f 2220 2221 2219
f 2219 2221 2222
f 2222 2221 2223
f 2223 2224 2225
f 2221 2224 2223
f 2225 2226 2227
f 2224 2226 2225
f 2227 2228 2229
f 2226 2228 2227
f 2228 2230 2229
f 2229 2231 2232
f 2230 2231 2229
f 2232 2233 2234
f 2231 2233 2232
f 2234 2235 2236
f 2233 2235 2234
f 2236 2237 2238
f 2235 2237 2236
f 2238 2239 2240
f 2240 2239 2241
f 2237 2239 2238
f 2239 2242 2241
f 2241 2243 2244
f 2242 2243 2241
f 2244 2245 2246
f 2243 2245 2244
f 2245 2247 2246
f 2246 2247 2248
f 2248 2247 2249
f 2249 2250 2251
f 2247 2250 2249
f 2251 2252 2253
f 2250 2252 2251
f 2253 2254 2255
f 2252 2254 2253
f 2255 2256 2257
f 2254 2256 2255
f 2257 2258 2259
f 2256 2258 2257
f 2259 2260 2261
f 2258 2260 2259
f 2261 2262 2263
f 2260 2262 2261
f 2262 2264 2263
f 2263 2264 2265
f 2264 2266 2265
f 2265 2266 2267
f 2266 2268 2267
f 2267 2268 2269
f 2268 2270 2269
f 2269 2270 2271
f 2270 2272 2271
f 2271 2272 2273
f 2272 2274 2273
f 2273 2274 2275
f 2274 2276 2275
f 2275 2276 2277
f 2276 2278 2277
f 2277 2278 2279
f 2278 2280 2279
f 2279 2280 2281
f 2280 2282 2281
f 2281 2282 2283
f 2282 2284 2283
f 2283 2284 2285
f 2284 2286 2285
f 2286 2287 2285
f 2285 2287 2288
f 2288 2287 2289
f 2289 2290 2291
f 2287 2290 2289
f 2291 2292 2293
f 2290 2292 2291
f 2293 2294 2295
f 2292 2294 2293
f 2294 2296 2295
f 2295 2297 2298
f 2296 2297 2295
f 2298 2299 2300
f 2297 2299 2298
f 2300 2301 2302
f 2299 2301 2300
f 2302 2303 2304
f 2301 2303 2302
f 2304 2305 2306
f 2306 2305 2307
f 2303 2305 2304
f 2305 2308 2307
f 2307 2309 2310
f 2308 2309 2307
f 2310 1985 1986
f 2309 1985 2310
f 2181 2054 2182
f 2182 2054 2053
f 2311 2312 2313
f 2313 2312 2314
f 2315 2316 2317
f 2317 2318 2319
f 2316 2318 2317
f 2319 2320 2321
f 2318 2320 2319
f 2321 2322 2323
f 2320 2322 2321
f 2323 2324 2325
f 2322 2324 2323
f 2325 2326 2327
f 2324 2326 2325
f 2327 2328 2329
f 2326 2328 2327
f 2329 2330 2331
f 2328 2330 2329
f 2330 2332 2331
f 2331 2332 2333
f 2332 2334 2333
f 2333 2334 2335
f 2335 2336 2337
f 2334 2336 2335
f 2337 2338 2339
f 2336 2338 2337
f 2339 2340 2341
f 2338 2340 2339
f 2341 2342 2343
f 2340 2342 2341
f 2343 2344 2345
f 2342 2344 2343
f 2345 2346 2347
f 2344 2346 2345
f 2347 2348 2349
f 2346 2348 2347
f 2349 2350 2351
f 2348 2350 2349
f 2351 2352 2353
f 2350 2352 2351
f 2352 2354 2353
f 2353 2355 2356
f 2356 2355 2357
f 2354 2355 2353
f 2357 2358 2359
f 2355 2358 2357
f 2359 2360 2361
f 2358 2360 2359
f 2361 2362 2363
f 2360 2362 2361
f 2362 2364 2363
f 2363 2365 2366
f 2364 2365 2363
f 2366 2367 2368
f 2365 2367 2366
f 2368 2369 2370
f 2367 2369 2368
f 2370 2371 2372
f 2369 2371 2370
f 2372 2373 2374
f 2374 2373 2375
f 2371 2373 2372
f 2373 2376 2375
f 2375 2377 2378
f 2376 2377 2375
f 2378 2311 2313
f 2377 2311 2378
f 2379 2316 2380
f 2380 2316 2315
f 2381 2382 2383
f 2383 2384 2385
f 2382 2384 2383
f 2385 2386 2387
f 2384 2386 2385
f 2387 2388 2389
f 2386 2388 2387
f 2389 2390 2391
f 2388 2390 2389
f 2391 2392 2393
f 2390 2392 2391
f 2393 2394 2395
f 2392 2394 2393
f 2395 2396 2397
f 2394 2396 2395
f 2396 2398 2397
f 2397 2398 2399
f 2398 2400 2399
f 2399 2400 2401
f 2401 2402 2403
f 2400 2402 2401
f 2403 2404 2405
f 2402 2404 2403
f 2405 2406 2407
f 2404 2406 2405
f 2407 2408 2409
f 2406 2408 2407
f 2409 2410 2411
f 2408 2410 2409
f 2411 2412 2413
f 2410 2412 2411
f 2413 2414 2415
f 2412 2414 2413
f 2415 2416 2417
f 2414 2416 2415
f 2417 2418 2419
f 2416 2418 2417
f 2418 2420 2419
f 2419 2421 2422
f 2422 2421 2423
f 2420 2421 2419
f 2423 2424 2425
f 2421 2424 2423
f 2425 2426 2427
f 2424 2426 2425
f 2427 2428 2429
f 2426 2428 2427
f 2428 2430 2429
f 2429 2431 2432
f 2430 2431 2429
f 2432 2433 2434
f 2431 2433 2432
f 2434 2435 2436
f 2433 2435 2434
f 2436 2437 2438
f 2435 2437 2436
f 2438 2439 2440
f 2440 2439 2441
f 2437 2439 2438
f 2439 2442 2441
f 2441 2443 2444
f 2442 2443 2441
f 2444 2379 2380
f 2443 2379 2444
f 2445 2382 2446
f 2446 2382 2381
f 2447 2448 2449
f 2449 2448 2450
f 2450 2451 2452
f 2448 2451 2450
f 2452 2453 2454
f 2451 2453 2452
f 2454 2455 2456
f 2453 2455 2454
f 2456 2457 2458
f 2455 2457 2456
f 2458 2459 2460
f 2457 2459 2458
f 2460 2461 2462
f 2459 2461 2460
f 2462 2463 2464
f 2461 2463 2462
f 2463 2465 2464
f 2464 2465 2466
f 2465 2467 2466
f 2466 2467 2468
f 2467 2469 2468
f 2468 2469 2470
f 2470 2471 2472
f 2469 2471 2470
f 2472 2473 2474
f 2471 2473 2472
f 2474 2475 2476
f 2473 2475 2474
f 2476 2477 2478
f 2475 2477 2476
f 2478 2479 2480
f 2477 2479 2478
f 2480 2481 2482
f 2479 2481 2480
f 2482 2483 2484
f 2484 2483 2485
f 2481 2483 2482
f 2483 2486 2485
f 2485 2487 2488
f 2486 2487 2485
f 2488 2489 2490
f 2490 2489 2491
f 2487 2489 2488
f 2489 2492 2491
f 2491 2493 2494
f 2492 2493 2491
f 2494 2495 2496
f 2496 2495 2497
f 2493 2495 2494
f 2497 2498 2499
f 2495 2498 2497
f 2499 2500 2501
f 2498 2500 2499
f 2501 2502 2503
f 2500 2502 2501
f 2502 2504 2503
f 2503 2445 2446
f 2504 2445 2503
f 2447 2449 2505
f 2506 2505 2507
f 2506 2447 2505
f 2508 2507 2509
f 2508 2506 2507
f 2510 2509 2511
f 2510 2508 2509
f 2512 2511 2513
f 2512 2510 2511
f 2514 2513 2515
f 2514 2512 2513
f 2516 2515 2517
f 2516 2514 2515
f 2518 2517 2519
f 2518 2516 2517
f 2520 2519 2521
f 2520 2518 2519
f 2522 2521 2523
f 2522 2520 2521
f 2524 2523 2525
f 2524 2522 2523
f 2526 2525 2527
f 2526 2524 2525
f 2528 2527 2529
f 2528 2526 2527
f 2530 2529 2531
f 2530 2528 2529
f 2532 2531 2533
f 2532 2530 2531
f 2534 2532 2533
f 2534 2533 2535
f 2536 2534 2535
f 2536 2535 2537
f 2538 2536 2537
f 2538 2537 2539
f 2540 2538 2539
f 2540 2539 2541
f 2542 2540 2541
f 2543 2542 2541
f 2543 2544 2545
f 2543 2541 2544
f 2546 2543 2545
f 2546 2545 2547
f 2548 2546 2547
f 2549 2548 2547
f 2549 2547 2550
f 2551 2549 2550
f 2551 2552 2553
f 2551 2550 2552
f 2554 2551 2553
f 2554 2553 2555
f 2556 2554 2555
f 2556 2555 2557
f 2558 2556 2557
f 2558 2557 2559
f 2560 2558 2559
f 2561 2560 2559
f 2561 2562 2563
f 2561 2559 2562
f 2564 2561 2563
f 2564 2563 2565
f 2566 2564 2565
f 2567 2566 2565
f 2567 2565 2568
f 2569 2567 2568
f 2569 2570 2571
f 2569 2568 2570
f 2572 2569 2571
f 2573 2572 2571
f 2573 2574 2575
f 2573 2571 2574
f 2576 2573 2575
f 2577 2576 2575
f 2577 2575 2578
f 2579 2577 2578
f 2579 2580 2581
f 2579 2578 2580
f 2582 2579 2581
f 2583 2581 2584
f 2583 2582 2581
f 2585 2584 2586
f 2585 2583 2584
f 2587 2586 2588
f 2587 2585 2586
f 2589 2590 2591
f 2589 2588 2590
f 2589 2587 2588
f 2592 2589 2591
f 2593 2592 2591
f 2593 2594 2595
f 2593 2591 2594
f 2596 2593 2595
f 2597 2598 2599
f 2597 2595 2598
f 2597 2596 2595
f 2600 2597 2599
f 2601 2600 2599
f 2601 2599 2602
f 2603 2601 2602
f 2603 2604 2605
f 2603 2602 2604
f 2606 2603 2605
f 2607 2606 2605
f 2607 2605 2608
f 2609 2607 2608
f 2609 2608 2610
f 2611 2609 2610
f 2611 2610 2612
f 2613 2611 2612
f 2613 2614 2615
f 2613 2612 2614
f 2616 2613 2615
f 2617 2616 2615
f 2617 2615 2618
f 2619 2620 2621
f 2621 2622 2623
f 2620 2622 2621
f 2623 2624 2625
f 2622 2624 2623
f 2625 2626 2627
f 2624 2626 2625
f 2627 2628 2629
f 2626 2628 2627
f 2629 2630 2631
f 2628 2630 2629
f 2631 2632 2633
f 2630 2632 2631
f 2633 2634 2635
f 2632 2634 2633
f 2635 2636 2637
f 2634 2636 2635
f 2636 2638 2637
f 2637 2638 2639
f 2638 2640 2639
f 2639 2640 2641
f 2640 2642 2641
f 2641 2642 2643
f 2643 2644 2645
f 2642 2644 2643
f 2645 2646 2647
f 2644 2646 2645
f 2646 2648 2647
f 2648 2649 2647
f 2647 2649 2650
f 2650 2649 2651
f 2649 2652 2651
f 2651 2652 2653
f 2652 2654 2653
f 2653 2655 2656
f 2654 2655 2653
f 2656 2657 2658
f 2658 2657 2659
f 2655 2657 2656
f 2657 2660 2659
f 2659 2661 2662
f 2660 2661 2659
f 2662 2663 2664
f 2664 2663 2665
f 2661 2663 2662
f 2663 2666 2665
f 2665 2667 2668
f 2666 2667 2665
f 2668 2669 2670
f 2670 2669 2671
f 2667 2669 2668
f 2671 2672 2673
f 2669 2672 2671
f 2672 2674 2673
f 2673 2675 2676
f 2676 2675 2618
f 2674 2675 2673
f 2675 2617 2618
f 2677 2620 2678
f 2678 2620 2619
f 2679 2680 2681
f 2681 2682 2683
f 2680 2682 2681
f 2683 2684 2685
f 2682 2684 2683
f 2685 2686 2687
f 2684 2686 2685
f 2687 2688 2689
f 2686 2688 2687
f 2689 2690 2691
f 2688 2690 2689
f 2691 2692 2693
f 2690 2692 2691
f 2693 2694 2695
f 2692 2694 2693
f 2694 2696 2695
f 2695 2696 2697
f 2696 2698 2697
f 2697 2698 2699
f 2699 2700 2701
f 2698 2700 2699
f 2701 2702 2703
f 2700 2702 2701
f 2703 2704 2705
f 2702 2704 2703
f 2705 2706 2707
f 2704 2706 2705
f 2707 2708 2709
f 2706 2708 2707
f 2709 2710 2711
f 2708 2710 2709
f 2711 2712 2713
f 2710 2712 2711
f 2713 2714 2715
f 2712 2714 2713
f 2715 2716 2717
f 2714 2716 2715
f 2716 2718 2717
f 2717 2719 2720
f 2720 2719 2721
f 2718 2719 2717
f 2721 2722 2723
f 2719 2722 2721
f 2723 2724 2725
f 2722 2724 2723
f 2725 2726 2727
f 2724 2726 2725
f 2726 2728 2727
f 2727 2729 2730
f 2728 2729 2727
f 2730 2731 2732
f 2729 2731 2730
f 2732 2733 2734
f 2731 2733 2732
f 2734 2735 2736
f 2733 2735 2734
f 2736 2737 2738
f 2738 2737 2739
f 2735 2737 2736
f 2737 2740 2739
f 2739 2741 2742
f 2740 2741 2739
f 2742 2677 2678
f 2741 2677 2742
f 2743 2680 2744
f 2744 2680 2679
f 2314 2312 2745
f 2745 2746 2747
f 2312 2746 2745
f 2747 2748 2749
f 2746 2748 2747
f 2749 2750 2751
f 2748 2750 2749
f 2751 2752 2753
f 2750 2752 2751
f 2753 2754 2755
f 2752 2754 2753
f 2755 2756 2757
f 2754 2756 2755
f 2757 2758 2759
f 2756 2758 2757
f 2758 2760 2759
f 2759 2760 2761
f 2760 2762 2761
f 2761 2762 2763
f 2763 2764 2765
f 2762 2764 2763
f 2765 2766 2767
f 2764 2766 2765
f 2767 2768 2769
f 2766 2768 2767
f 2769 2770 2771
f 2768 2770 2769
f 2771 2772 2773
f 2770 2772 2771
f 2773 2774 2775
f 2772 2774 2773
f 2775 2776 2777
f 2774 2776 2775
f 2777 2778 2779
f 2776 2778 2777
f 2779 2780 2781
f 2778 2780 2779
f 2780 2782 2781
f 2781 2783 2784
f 2784 2783 2785
f 2782 2783 2781
f 2785 2786 2787
f 2783 2786 2785
f 2787 2788 2789
f 2786 2788 2787
f 2789 2790 2791
f 2788 2790 2789
f 2790 2792 2791
f 2791 2793 2794
f 2792 2793 2791
f 2794 2795 2796
f 2793 2795 2794
f 2796 2797 2798
f 2795 2797 2796
f 2798 2799 2800
f 2797 2799 2798
f 2800 2801 2802
f 2802 2801 2803
f 2799 2801 2800
f 2801 2804 2803
f 2803 2805 2806
f 2804 2805 2803
f 2806 2743 2744
f 2805 2743 2806
f 2807 2808 2809
f 2809 2808 2810
f 2810 2811 2812
f 2808 2811 2810
f 2812 2813 2814
f 2811 2813 2812
f 2814 2815 2816
f 2813 2815 2814
f 2816 2817 2818
f 2815 2817 2816
f 2818 2819 2820
f 2817 2819 2818
f 2820 2821 2822
f 2819 2821 2820
f 2822 2823 2824
f 2821 2823 2822
f 2824 2825 2826
f 2823 2825 2824
f 2826 2827 2828
f 2825 2827 2826
f 2827 2829 2828
f 2828 2829 2830
f 2829 2831 2830
f 2830 2831 2832
f 2831 2833 2832
f 2832 2833 2834
f 2833 2835 2834
f 2834 2835 2836
f 2835 2837 2836
f 2836 2837 2838
f 2837 2839 2838
f 2838 2839 2840
f 2839 2841 2840
f 2840 2841 2842
f 2841 2843 2842
f 2842 2843 2844
f 2843 2845 2844
f 2844 2845 2846
f 2845 2847 2846
f 2846 2847 2848
f 2847 2849 2848
f 2848 2849 2850
f 2849 2851 2850
f 2850 2851 2852
f 2852 2853 2854
f 2851 2853 2852
f 2854 2855 2856
f 2853 2855 2854
f 2856 2857 2858
f 2855 2857 2856
f 2858 2859 2860
f 2857 2859 2858
f 2860 2861 2862
f 2859 2861 2860
f 2862 2863 2864
f 2861 2863 2862
f 2864 2865 2866
f 2863 2865 2864
f 2866 2867 2868
f 2865 2867 2866
f 2868 2869 2870
f 2867 2869 2868
f 2870 2871 2872
f 2869 2871 2870
f 2872 2873 2874
f 2871 2873 2872
f 2874 2875 2876
f 2873 2875 2874
f 2876 2877 2878
f 2875 2877 2876
f 2878 2879 2880
f 2877 2879 2878
f 2879 2881 2880
f 2880 2881 2882
f 2881 2883 2882
f 2882 2883 2884
f 2883 2885 2884
f 2884 2885 2886
f 2885 2887 2886
f 2886 2887 2888
f 2887 2889 2888
f 2888 2889 2890
f 2889 2891 2890
f 2890 2891 2892
f 2891 2893 2892
f 2892 2893 2894
f 2893 2895 2894
f 2894 2895 2896
f 2895 2897 2896
f 2896 2897 2898
f 2897 2899 2898
f 2898 2899 2900
f 2899 2901 2900
f 2900 2901 2902
f 2901 2903 2902
f 2902 2903 2904
f 2903 2905 2904
f 2904 2905 2906
f 2905 2907 2906
f 2906 2907 2908
f 2907 2909 2908
f 2908 2909 2910
f 2909 2911 2910
f 2910 2911 2912
f 2911 2913 2912
f 2912 2913 2914
f 2913 2915 2914
f 2914 2915 2916
f 2915 2917 2916
f 2916 2917 2918
f 2917 2919 2918
f 2918 2919 2920
f 2919 2921 2920
f 2920 2921 2922
f 2922 2923 2924
f 2921 2923 2922
f 2924 2925 2926
f 2923 2925 2924
f 2926 2927 2928
f 2925 2927 2926
f 2928 2929 2930
f 2927 2929 2928
f 2929 2931 2930
f 2930 2931 2932
f 2931 2933 2932
f 2932 2933 2934
f 2933 2935 2934
f 2934 2935 2936
f 2935 2937 2936
f 2936 2937 2938
f 2937 2939 2938
f 2938 2939 2940
f 2939 2941 2940
f 2940 2941 2942
f 2941 2943 2942
f 2942 2943 2944
f 2943 2945 2944
f 2944 2945 2946
f 2945 2947 2946
f 2946 2947 2948
f 2947 2949 2948
f 2948 2949 2950
f 2949 2951 2950
f 2950 2951 2952
f 2951 2953 2952
f 2952 2953 2954
f 2954 2955 2956
f 2953 2955 2954
f 2956 2957 2958
f 2955 2957 2956
f 2958 2959 2960
f 2957 2959 2958
f 2960 2961 2962
f 2959 2961 2960
f 2962 2963 2964
f 2961 2963 2962
f 2964 2965 2966
f 2963 2965 2964
f 2966 2967 2968
f 2965 2967 2966
f 2968 2969 2970
f 2967 2969 2968
f 2970 2971 2972
f 2969 2971 2970
f 2972 2973 2974
f 2971 2973 2972
f 2974 2975 2976
f 2973 2975 2974
f 2976 2977 2978
f 2975 2977 2976
f 2978 2979 2980
f 2977 2979 2978
f 2980 2981 2982
f 2979 2981 2980
f 2981 2983 2982
f 2982 2983 2984
f 2983 2985 2984
f 2984 2985 2986
f 2985 2987 2986
f 2986 2987 2988
f 2987 2989 2988
f 2988 2989 2990
f 2990 2991 2992
f 2989 2991 2990
f 2992 2993 2994
f 2991 2993 2992
f 2994 2995 2996
f 2993 2995 2994
f 2996 2997 2998
f 2995 2997 2996
f 2998 2999 3000
f 2997 2999 2998
f 3000 3001 3002
f 2999 3001 3000
f 3002 3003 3004
f 3001 3003 3002
f 3004 3005 3006
f 3003 3005 3004
f 3006 3007 3008
f 3005 3007 3006
f 3008 3009 3010
f 3007 3009 3008
f 3010 3011 3012
f 3009 3011 3010
f 3012 3013 3014
f 3011 3013 3012
f 3014 3015 3016
f 3013 3015 3014
f 3016 3017 3018
f 3015 3017 3016
f 3018 3019 3020
f 3017 3019 3018
f 3020 3021 3022
f 3019 3021 3020
f 3022 3023 3024
f 3024 3023 3025
f 3021 3023 3022
f 3023 3026 3025
f 3025 3027 3028
f 3026 3027 3025
f 3028 3029 3030
f 3027 3029 3028
f 3029 3031 3030
f 3030 3031 3032
f 3031 3033 3032
f 3032 3033 3034
f 3033 3035 3034
f 3034 3035 3036
f 3035 3037 3036
f 3036 3037 3038
f 3037 3039 3038
f 3038 3039 3040
f 3039 3041 3040
f 3040 3041 3042
f 3041 3043 3042
f 3042 3043 3044
f 3043 3045 3044
f 3044 3045 3046
f 3045 3047 3046
f 3046 3047 3048
f 3047 3049 3048
f 3048 3049 3050
f 3050 3049 3051
f 3049 3052 3051
f 3052 3053 3051
f 3051 3053 3054
f 3053 3055 3054
f 3054 3055 3056
f 3055 3057 3056
f 3056 3057 3058
f 3058 2807 2809
f 3057 2807 3058
f 3059 3060 3061
f 3061 3060 3062
f 3062 3063 3064
f 3060 3063 3062
f 3064 3065 3066
f 3063 3065 3064
f 3066 3067 3068
f 3065 3067 3066
f 3068 3069 3070
f 3067 3069 3068
f 3070 3071 3072
f 3069 3071 3070
f 3072 3073 3074
f 3071 3073 3072
f 3074 3075 3076
f 3073 3075 3074
f 3076 3077 3078
f 3075 3077 3076
f 3078 3079 3080
f 3077 3079 3078
f 3079 3081 3080
f 3080 3081 3082
f 3081 3083 3082
f 3082 3083 3084
f 3083 3085 3084
f 3084 3085 3086
f 3085 3087 3086
f 3086 3087 3088
f 3087 3089 3088
f 3088 3089 3090
f 3089 3091 3090
f 3090 3091 3092
f 3091 3093 3092
f 3092 3093 3094
f 3093 3095 3094
f 3094 3095 3096
f 3095 3097 3096
f 3096 3097 3098
f 3097 3099 3098
f 3098 3099 3100
f 3099 3101 3100
f 3100 3101 3102
f 3101 3103 3102
f 3102 3103 3104
f 3104 3105 3106
f 3103 3105 3104
f 3106 3107 3108
f 3105 3107 3106
f 3108 3109 3110
f 3107 3109 3108
f 3110 3111 3112
f 3109 3111 3110
f 3112 3113 3114
f 3111 3113 3112
f 3114 3115 3116
f 3113 3115 3114
f 3116 3117 3118
f 3115 3117 3116
f 3118 3119 3120
f 3117 3119 3118
f 3120 3121 3122
f 3119 3121 3120
f 3122 3123 3124
f 3121 3123 3122
f 3124 3125 3126
f 3123 3125 3124
f 3126 3127 3128
f 3125 3127 3126
f 3128 3129 3130
f 3127 3129 3128
f 3130 3131 3132
f 3129 3131 3130
f 3131 3133 3132
f 3132 3133 3134
f 3133 3135 3134
f 3134 3135 3136
f 3135 3137 3136
f 3136 3137 3138
f 3137 3139 3138
f 3138 3139 3140
f 3139 3141 3140
f 3140 3141 3142
f 3141 3143 3142
f 3142 3143 3144
f 3143 3145 3144
f 3144 3145 3146
f 3145 3147 3146
f 3146 3147 3148
f 3147 3149 3148
f 3148 3149 3150
f 3149 3151 3150
f 3150 3151 3152
f 3151 3153 3152
f 3152 3153 3154
f 3153 3155 3154
f 3154 3155 3156
f 3155 3157 3156
f 3156 3157 3158
f 3157 3159 3158
f 3158 3159 3160
f 3159 3161 3160
f 3160 3161 3162
f 3161 3163 3162
f 3162 3163 3164
f 3163 3165 3164
f 3164 3165 3166
f 3165 3167 3166
f 3166 3167 3168
f 3167 3169 3168
f 3168 3169 3170
f 3169 3171 3170
f 3170 3171 3172
f 3171 3173 3172
f 3172 3173 3174
f 3174 3175 3176
f 3173 3175 3174
f 3176 3177 3178
f 3175 3177 3176
f 3178 3179 3180
f 3177 3179 3178
f 3180 3181 3182
f 3179 3181 3180
f 3181 3183 3182
f 3182 3183 3184
f 3183 3185 3184
f 3184 3185 3186
f 3185 3187 3186
f 3186 3187 3188
f 3187 3189 3188
f 3188 3189 3190
f 3189 3191 3190
f 3190 3191 3192
f 3191 3193 3192
f 3192 3193 3194
f 3193 3195 3194
f 3194 3195 3196
f 3195 3197 3196
f 3196 3197 3198
f 3197 3199 3198
f 3198 3199 3200
f 3199 3201 3200
f 3200 3201 3202
f 3201 3203 3202
f 3202 3203 3204
f 3203 3205 3204
f 3204 3205 3206
f 3206 3207 3208
f 3205 3207 3206
f 3208 3209 3210
f 3207 3209 3208
f 3210 3211 3212
f 3209 3211 3210
f 3212 3213 3214
f 3211 3213 3212
f 3214 3215 3216
f 3213 3215 3214
f 3216 3217 3218
f 3215 3217 3216
f 3218 3219 3220
f 3217 3219 3218
f 3220 3221 3222
f 3219 3221 3220
f 3222 3223 3224
f 3221 3223 3222
f 3224 3225 3226
f 3223 3225 3224
f 3226 3227 3228
f 3225 3227 3226
f 3228 3229 3230
f 3227 3229 3228
f 3230 3231 3232
f 3229 3231 3230
f 3232 3233 3234
f 3231 3233 3232
f 3233 3235 3234
f 3234 3235 3236
f 3235 3237 3236
f 3236 3237 3238
f 3237 3239 3238
f 3238 3239 3240
f 3239 3241 3240
f 3240 3241 3242
f 3242 3243 3244
f 3241 3243 3242
f 3244 3245 3246
f 3243 3245 3244
f 3246 3247 3248
f 3245 3247 3246
f 3248 3249 3250
f 3247 3249 3248
f 3250 3251 3252
f 3249 3251 3250
f 3252 3253 3254
f 3251 3253 3252
f 3254 3255 3256
f 3253 3255 3254
f 3256 3257 3258
f 3255 3257 3256
f 3258 3259 3260
f 3257 3259 3258
f 3260 3261 3262
f 3259 3261 3260
f 3262 3263 3264
f 3261 3263 3262
f 3264 3265 3266
f 3263 3265 3264
f 3266 3267 3268
f 3265 3267 3266
f 3268 3269 3270
f 3267 3269 3268
f 3270 3271 3272
f 3269 3271 3270
f 3272 3273 3274
f 3271 3273 3272
f 3274 3275 3276
f 3276 3275 3277
f 3273 3275 3274
f 3275 3278 3277
f 3277 3279 3280
f 3278 3279 3277
f 3280 3281 3282
f 3279 3281 3280
f 3281 3283 3282
f 3282 3283 3284
f 3283 3285 3284
f 3284 3285 3286
f 3285 3287 3286
f 3286 3287 3288
f 3287 3289 3288
f 3288 3289 3290
f 3289 3291 3290
f 3290 3291 3292
f 3291 3293 3292
f 3292 3293 3294
f 3293 3295 3294
f 3294 3295 3296
f 3295 3297 3296
f 3296 3297 3298
f 3297 3299 3298
f 3298 3299 3300
f 3299 3301 3300
f 3300 3301 3302
f 3302 3301 3303
f 3301 3304 3303
f 3304 3305 3303
f 3303 3305 3306
f 3305 3307 3306
f 3306 3307 3308
f 3307 3309 3308
f 3308 3309 3310
f 3310 3059 3061
f 3309 3059 3310
f 3311 3312 3313
f 3313 3312 3314
f 3314 3315 3316
f 3312 3315 3314
f 3316 3317 3318
f 3315 3317 3316
f 3318 3319 3320
f 3317 3319 3318
f 3320 3321 3322
f 3319 3321 3320
f 3322 3323 3324
f 3321 3323 3322
f 3324 3325 3326
f 3323 3325 3324
f 3326 3327 3328
f 3325 3327 3326
f 3328 3329 3330
f 3327 3329 3328
f 3330 3331 3332
f 3329 3331 3330
f 3331 3333 3332
f 3332 3333 3334
f 3333 3335 3334
f 3334 3335 3336
f 3335 3337 3336
f 3336 3337 3338
f 3337 3339 3338
f 3338 3339 3340
f 3339 3341 3340
f 3340 3341 3342
f 3341 3343 3342
f 3342 3343 3344
f 3343 3345 3344
f 3344 3345 3346
f 3345 3347 3346
f 3346 3347 3348
f 3347 3349 3348
f 3348 3349 3350
f 3349 3351 3350
f 3350 3351 3352
f 3351 3353 3352
f 3352 3353 3354
f 3353 3355 3354
f 3354 3355 3356
f 3356 3357 3358
f 3355 3357 3356
f 3358 3359 3360
f 3357 3359 3358
f 3360 3361 3362
f 3359 3361 3360
f 3362 3363 3364
f 3361 3363 3362
f 3364 3365 3366
f 3363 3365 3364
f 3366 3367 3368
f 3365 3367 3366
f 3368 3369 3370
f 3367 3369 3368
f 3370 3371 3372
f 3369 3371 3370
f 3372 3373 3374
f 3371 3373 3372
f 3374 3375 3376
f 3373 3375 3374
f 3376 3377 3378
f 3375 3377 3376
f 3378 3379 3380
f 3377 3379 3378
f 3380 3381 3382
f 3379 3381 3380
f 3382 3383 3384
f 3381 3383 3382
f 3383 3385 3384
f 3384 3385 3386
f 3385 3387 3386
f 3386 3387 3388
f 3387 3389 3388
f 3388 3389 3390
f 3389 3391 3390
f 3390 3391 3392
f 3391 3393 3392
f 3392 3393 3394
f 3393 3395 3394
f 3394 3395 3396
f 3395 3397 3396
f 3396 3397 3398
f 3397 3399 3398
f 3398 3399 3400
f 3399 3401 3400
f 3400 3401 3402
f 3401 3403 3402
f 3402 3403 3404
f 3403 3405 3404
f 3404 3405 3406
f 3405 3407 3406
f 3406 3407 3408
f 3407 3409 3408
f 3408 3409 3410
f 3409 3411 3410
f 3410 3411 3412
f 3411 3413 3412
f 3412 3413 3414
f 3413 3415 3414
f 3414 3415 3416
f 3415 3417 3416
f 3416 3417 3418
f 3417 3419 3418
f 3418 3419 3420
f 3419 3421 3420
f 3420 3421 3422
f 3421 3423 3422
f 3422 3423 3424
f 3423 3425 3424
f 3424 3425 3426
f 3426 3427 3428
f 3425 3427 3426
f 3428 3429 3430
f 3427 3429 3428
f 3430 3431 3432
f 3429 3431 3430
f 3432 3433 3434
f 3431 3433 3432
f 3433 3435 3434
f 3434 3435 3436
f 3435 3437 3436
f 3436 3437 3438
f 3437 3439 3438
f 3438 3439 3440
f 3439 3441 3440
f 3440 3441 3442
f 3441 3443 3442
f 3442 3443 3444
f 3443 3445 3444
f 3444 3445 3446
f 3445 3447 3446
f 3446 3447 3448
f 3447 3449 3448
f 3448 3449 3450
f 3449 3451 3450
f 3450 3451 3452
f 3451 3453 3452
f 3452 3453 3454
f 3453 3455 3454
f 3454 3455 3456
f 3455 3457 3456
f 3456 3457 3458
f 3458 3459 3460
f 3457 3459 3458
f 3460 3461 3462
f 3459 3461 3460
f 3462 3463 3464
f 3461 3463 3462
f 3464 3465 3466
f 3463 3465 3464
f 3466 3467 3468
f 3465 3467 3466
f 3468 3469 3470
f 3467 3469 3468
f 3470 3471 3472
f 3469 3471 3470
f 3472 3473 3474
f 3471 3473 3472
f 3474 3475 3476
f 3473 3475 3474
f 3476 3477 3478
f 3475 3477 3476
f 3478 3479 3480
f 3477 3479 3478
f 3480 3481 3482
f 3479 3481 3480
f 3482 3483 3484
f 3481 3483 3482
f 3484 3485 3486
f 3483 3485 3484
f 3485 3487 3486
f 3486 3487 3488
f 3487 3489 3488
f 3488 3489 3490
f 3489 3491 3490
f 3490 3491 3492
f 3491 3493 3492
f 3492 3493 3494
f 3494 3495 3496
f 3493 3495 3494
f 3496 3497 3498
f 3495 3497 3496
f 3498 3499 3500
f 3497 3499 3498
f 3500 3501 3502
f 3499 3501 3500
f 3502 3503 3504
f 3501 3503 3502
f 3504 3505 3506
f 3503 3505 3504
f 3506 3507 3508
f 3505 3507 3506
f 3508 3509 3510
f 3507 3509 3508
f 3510 3511 3512
f 3509 3511 3510
f 3512 3513 3514
f 3511 3513 3512
f 3514 3515 3516
f 3513 3515 3514
f 3516 3517 3518
f 3515 3517 3516
f 3518 3519 3520
f 3517 3519 3518
f 3520 3521 3522
f 3519 3521 3520
f 3522 3523 3524
f 3521 3523 3522
f 3524 3525 3526
f 3523 3525 3524
f 3526 3527 3528
f 3528 3527 3529
f 3525 3527 3526
f 3527 3530 3529
f 3529 3531 3532
f 3530 3531 3529
f 3532 3533 3534
f 3531 3533 3532
f 3533 3535 3534
f 3534 3535 3536
f 3535 3537 3536
f 3536 3537 3538
f 3537 3539 3538
f 3538 3539 3540
f 3539 3541 3540
f 3540 3541 3542
f 3541 3543 3542
f 3542 3543 3544
f 3543 3545 3544
f 3544 3545 3546
f 3545 3547 3546
f 3546 3547 3548
f 3547 3549 3548
f 3548 3549 3550
f 3549 3551 3550
f 3550 3551 3552
f 3551 3553 3552
f 3552 3553 3554
f 3554 3553 3555
f 3553 3556 3555
f 3556 3557 3555
f 3555 3557 3558
f 3557 3559 3558
f 3558 3559 3560
f 3559 3561 3560
f 3560 3561 3562
f 3562 3311 3313
f 3561 3311 3562
f 3563 3564 3565
f 3565 3566 3567
f 3564 3566 3565
f 3567 3568 3569
f 3566 3568 3567
f 3569 3570 3571
f 3568 3570 3569
f 3571 3572 3573
f 3570 3572 3571
f 3573 3574 3575
f 3572 3574 3573
f 3575 3576 3577
f 3574 3576 3575
f 3577 3578 3579
f 3576 3578 3577
f 3579 3580 3581
f 3578 3580 3579
f 3581 3582 3583
f 3580 3582 3581
f 3583 3584 3585
f 3582 3584 3583
f 3585 3586 3587
f 3584 3586 3585
f 3587 3588 3589
f 3586 3588 3587
f 3588 3590 3589
f 3589 3590 3591
f 3590 3592 3591
f 3591 3592 3593
f 3592 3594 3593
f 3593 3594 3595
f 3594 3596 3595
f 3595 3596 3597
f 3597 3598 3599
f 3596 3598 3597
f 3598 3600 3599
f 3599 3600 3601
f 3601 3602 3603
f 3600 3602 3601
f 3603 3604 3605
f 3602 3604 3603
f 3604 3606 3605
f 3607 3564 3608
f 3608 3564 3563
f 3609 3610 3611
f 3611 3610 3612
f 3612 3613 3614
f 3610 3613 3612
f 3614 3615 3616
f 3613 3615 3614
f 3616 3617 3618
f 3615 3617 3616
f 3618 3619 3620
f 3617 3619 3618
f 3620 3621 3622
f 3619 3621 3620
f 3622 3623 3624
f 3621 3623 3622
f 3624 3625 3626
f 3623 3625 3624
f 3626 3627 3628
f 3628 3627 3629
f 3625 3627 3626
f 3627 3630 3629
f 3629 3631 3632
f 3632 3631 3633
f 3630 3631 3629
f 3631 3634 3633
f 3634 3635 3633
f 3633 3635 3636
f 3635 3637 3636
f 3636 3637 3638
f 3637 3639 3638
f 3638 3639 3640
f 3639 3641 3640
f 3640 3641 3642
f 3642 3641 3643
f 3641 3644 3643
f 3644 3645 3643
f 3643 3645 3646
f 3646 3647 3648
f 3645 3647 3646
f 3648 3649 3650
f 3650 3649 3608
f 3647 3649 3648
f 3649 3607 3608
f 3651 3609 3652
f 3652 3609 3611
f 3653 3654 3655
f 3655 3654 3656
f 3656 3657 3658
f 3654 3657 3656
f 3658 3659 3660
f 3657 3659 3658
f 3660 3661 3662
f 3659 3661 3660
f 3662 3663 3664
f 3661 3663 3662
f 3664 3665 3666
f 3663 3665 3664
f 3666 3667 3668
f 3665 3667 3666
f 3668 3669 3670
f 3667 3669 3668
f 3670 3671 3672
f 3672 3671 3673
f 3669 3671 3670
f 3671 3674 3673
f 3673 3675 3676
f 3674 3675 3673
f 3676 3677 3678
f 3675 3677 3676
f 3677 3679 3678
f 3678 3679 3680
f 3679 3681 3680
f 3680 3681 3682
f 3682 3681 3683
f 3681 3684 3683
f 3684 3685 3683
f 3683 3685 3686
f 3685 3687 3686
f 3686 3687 3688
f 3688 3687 3689
f 3687 3690 3689
f 3689 3691 3692
f 3692 3691 3693
f 3690 3691 3689
f 3691 3694 3693
f 3693 3651 3652
f 3694 3651 3693
f 3695 3653 3696
f 3696 3653 3655
f 3697 3698 3699
f 3699 3700 3701
f 3698 3700 3699
f 3701 3702 3703
f 3700 3702 3701
f 3703 3704 3705
f 3702 3704 3703
f 3705 3706 3707
f 3704 3706 3705
f 3707 3708 3709
f 3706 3708 3707
f 3709 3710 3711
f 3708 3710 3709
f 3711 3712 3713
f 3710 3712 3711
f 3713 3714 3715
f 3712 3714 3713
f 3715 3716 3717
f 3714 3716 3715
f 3717 3718 3719
f 3716 3718 3717
f 3719 3720 3721
f 3718 3720 3719
f 3721 3722 3723
f 3720 3722 3721
f 3722 3724 3723
f 3723 3724 3725
f 3724 3726 3725
f 3725 3726 3727
f 3726 3728 3727
f 3727 3728 3729
f 3728 3730 3729
f 3730 3731 3729
f 3729 3731 3732
f 3732 3731 3733
f 3731 3734 3733
f 3733 3735 3736
f 3734 3735 3733
f 3736 3737 3738
f 3738 3737 3696
f 3735 3737 3736
f 3737 3695 3696
f 3739 3698 3740
f 3740 3698 3697
f 3741 3742 3743
f 3743 3744 3745
f 3742 3744 3743
f 3744 3746 3745
f 3745 3747 3748
f 3748 3747 3749
f 3746 3747 3745
f 3749 3750 3751
f 3747 3750 3749
f 3750 3752 3751
f 3751 3753 3754
f 3754 3753 3755
f 3752 3753 3751
f 3755 3756 3757
f 3753 3756 3755
f 3757 3758 3759
f 3756 3758 3757
f 3759 3760 3761
f 3758 3760 3759
f 3761 3762 3763
f 3760 3762 3761
f 3762 3764 3763
f 3763 3765 3766
f 3764 3765 3763
f 3765 3767 3766
f 3766 3767 3768
f 3767 3769 3768
f 3768 3769 3770
f 3770 3769 3771
f 3769 3772 3771
f 3772 3773 3771
f 3771 3773 3774
f 3773 3775 3774
f 3774 3775 3776
f 3775 3777 3776
f 3776 3777 3778
f 3778 3779 3780
f 3777 3779 3778
f 3780 3781 3782
f 3779 3781 3780
f 3781 3739 3782
f 3782 3739 3740
f 3783 3742 3784
f 3784 3742 3741
f 3785 3786 3787
f 3787 3786 3788
f 3788 3789 3790
f 3786 3789 3788
f 3790 3791 3792
f 3789 3791 3790
f 3792 3793 3794
f 3791 3793 3792
f 3794 3795 3796
f 3793 3795 3794
f 3796 3797 3798
f 3795 3797 3796
f 3798 3799 3800
f 3797 3799 3798
f 3800 3801 3802
f 3799 3801 3800
f 3802 3803 3804
f 3801 3803 3802
f 3804 3805 3806
f 3803 3805 3804
f 3806 3807 3808
f 3805 3807 3806
f 3808 3809 3810
f 3807 3809 3808
f 3809 3811 3810
f 3810 3811 3812
f 3811 3813 3812
f 3812 3813 3814
f 3813 3815 3814
f 3814 3815 3816
f 3815 3817 3816
f 3816 3817 3818
f 3817 3819 3818
f 3818 3819 3820
f 3819 3821 3820
f 3820 3821 3822
f 3822 3823 3824
f 3821 3823 3822
f 3824 3825 3826
f 3823 3825 3824
f 3825 3783 3826
f 3826 3783 3784
f 3606 3785 3605
f 3605 3785 3787
f 3827 3828 3829
f 3829 3828 3830
f 3830 3828 3831
f 3831 3832 3833
f 3828 3832 3831
f 3833 3834 3835
f 3832 3834 3833
f 3835 3836 3837
f 3834 3836 3835
f 3837 3838 3839
f 3836 3838 3837
f 3839 3840 3841
f 3838 3840 3839
f 3841 3842 3843
f 3840 3842 3841
f 3843 3844 3845
f 3842 3844 3843
f 3844 3846 3845
f 3845 3846 3847
f 3846 3848 3847
f 3847 3848 3849
f 3848 3850 3849
f 3849 3850 3851
f 3850 3852 3851
f 3851 3852 3853
f 3852 3854 3853
f 3853 3854 3855
f 3854 3856 3855
f 3855 3856 3857
f 3856 3858 3857
f 3857 3858 3859
f 3858 3860 3859
f 3859 3860 3861
f 3860 3862 3861
f 3861 3862 3863
f 3862 3864 3863
f 3863 3864 3865
f 3864 3866 3865
f 3865 3866 3867
f 3866 3868 3867
f 3868 3869 3867
f 3867 3869 3870
f 3870 3869 3871
f 3871 3872 3873
f 3869 3872 3871
f 3873 3874 3875
f 3872 3874 3873
f 3875 3876 3877
f 3874 3876 3875
f 3876 3878 3877
f 3877 3879 3880
f 3878 3879 3877
f 3880 3881 3882
f 3879 3881 3880
f 3882 3883 3884
f 3881 3883 3882
f 3884 3885 3886
f 3883 3885 3884
f 3886 3887 3888
f 3888 3887 3889
f 3885 3887 3886
f 3887 3890 3889
f 3889 3891 3892
f 3890 3891 3889
f 3892 3893 3894
f 3891 3893 3892
f 3893 3895 3894
f 3894 3895 3896
f 3896 3895 3897
f 3897 3898 3899
f 3895 3898 3897
f 3899 3900 3901
f 3898 3900 3899
f 3901 3902 3903
f 3900 3902 3901
f 3903 3904 3905
f 3902 3904 3903
f 3905 3906 3907
f 3904 3906 3905
f 3907 3908 3909
f 3906 3908 3907
f 3909 3910 3911
f 3908 3910 3909
f 3910 3912 3911
f 3911 3912 3913
f 3912 3914 3913
f 3913 3914 3915
f 3914 3916 3915
f 3915 3916 3917
f 3916 3918 3917
f 3917 3918 3919
f 3918 3920 3919
f 3919 3920 3921
f 3920 3922 3921
f 3921 3922 3923
f 3922 3924 3923
f 3923 3924 3925
f 3924 3926 3925
f 3925 3926 3927
f 3926 3928 3927
f 3927 3928 3929
f 3928 3930 3929
f 3929 3930 3931
f 3930 3932 3931
f 3931 3932 3933
f 3932 3934 3933
f 3934 3935 3933
f 3933 3935 3936
f 3936 3935 3937
f 3937 3938 3939
f 3935 3938 3937
f 3939 3940 3941
f 3938 3940 3939
f 3941 3942 3943
f 3940 3942 3941
f 3942 3944 3943
f 3943 3945 3946
f 3944 3945 3943
f 3946 3947 3948
f 3945 3947 3946
f 3948 3949 3950
f 3947 3949 3948
f 3950 3951 3952
f 3949 3951 3950
f 3952 3953 3954
f 3954 3953 3955
f 3951 3953 3952
f 3953 3956 3955
f 3955 3957 3958
f 3956 3957 3955
f 3958 3959 3960
f 3957 3959 3958
f 3961 3962 3963
f 3963 3962 3964
f 3964 3965 3966
f 3962 3965 3964
f 3966 3967 3968
f 3965 3967 3966
f 3968 3969 3970
f 3967 3969 3968
f 3970 3971 3972
f 3969 3971 3970
f 3972 3973 3974
f 3971 3973 3972
f 3974 3975 3976
f 3973 3975 3974
f 3976 3977 3978
f 3975 3977 3976
f 3978 3979 3980
f 3977 3979 3978
f 3980 3981 3982
f 3979 3981 3980
f 3981 3983 3982
f 3982 3983 3984
f 3983 3985 3984
f 3984 3985 3986
f 3985 3987 3986
f 3986 3987 3988
f 3987 3989 3988
f 3988 3989 3990
f 3989 3991 3990
f 3990 3991 3992
f 3991 3993 3992
f 3992 3993 3994
f 3993 3995 3994
f 3994 3995 3996
f 3995 3997 3996
f 3996 3997 3998
f 3997 3999 3998
f 3998 3999 4000
f 3999 4001 4000
f 4000 4001 4002
f 4001 4003 4002
f 4002 4003 4004
f 4003 4005 4004
f 4004 4005 4006
f 4006 4007 4008
f 4005 4007 4006
f 4008 4009 4010
f 4007 4009 4008
f 4010 4011 4012
f 4009 4011 4010
f 4012 4013 4014
f 4011 4013 4012
f 4014 4015 4016
f 4013 4015 4014
f 4016 4017 4018
f 4015 4017 4016
f 4018 4019 4020
f 4017 4019 4018
f 4020 4021 4022
f 4019 4021 4020
f 4022 4023 4024
f 4021 4023 4022
f 4024 4025 4026
f 4023 4025 4024
f 4026 4027 4028
f 4025 4027 4026
f 4028 4029 4030
f 4027 4029 4028
f 4030 4031 4032
f 4029 4031 4030
f 4032 4033 4034
f 4031 4033 4032
f 4033 4035 4034
f 4034 4035 4036
f 4035 4037 4036
f 4036 4037 4038
f 4037 4039 4038
f 4038 4039 4040
f 4039 4041 4040
f 4040 4041 4042
f 4041 4043 4042
f 4042 4043 4044
f 4043 4045 4044
f 4044 4045 4046
f 4045 4047 4046
f 4046 4047 4048
f 4047 4049 4048
f 4048 4049 4050
f 4049 4051 4050
f 4050 4051 4052
f 4051 4053 4052
f 4052 4053 4054
f 4053 4055 4054
f 4054 4055 4056
f 4055 4057 4056
f 4056 4057 4058
f 4057 4059 4058
f 4058 4059 4060
f 4059 4061 4060
f 4060 4061 4062
f 4061 4063 4062
f 4062 4063 4064
f 4063 4065 4064
f 4064 4065 4066
f 4065 4067 4066
f 4066 4067 4068
f 4067 4069 4068
f 4068 4069 4070
f 4069 4071 4070
f 4070 4071 4072
f 4071 4073 4072
f 4072 4073 4074
f 4073 4075 4074
f 4074 4075 4076
f 4076 4077 4078
f 4075 4077 4076
f 4078 4079 4080
f 4077 4079 4078
f 4080 4081 4082
f 4079 4081 4080
f 4082 4083 4084
f 4081 4083 4082
f 4083 4085 4084
f 4084 4085 4086
f 4085 4087 4086
f 4086 4087 4088
f 4087 4089 4088
f 4088 4089 4090
f 4089 4091 4090
f 4090 4091 4092
f 4091 4093 4092
f 4092 4093 4094
f 4093 4095 4094
f 4094 4095 4096
f 4095 4097 4096
f 4096 4097 4098
f 4097 4099 4098
f 4098 4099 4100
f 4099 4101 4100
f 4100 4101 4102
f 4101 4103 4102
f 4102 4103 4104
f 4103 4105 4104
f 4104 4105 4106
f 4105 4107 4106
f 4106 4107 4108
f 4108 4109 4110
f 4107 4109 4108
f 4110 4111 4112
f 4109 4111 4110
f 4112 4113 4114
f 4111 4113 4112
f 4114 4115 4116
f 4113 4115 4114
f 4116 4117 4118
f 4115 4117 4116
f 4118 4119 4120
f 4117 4119 4118
f 4120 4121 4122
f 4119 4121 4120
f 4122 4123 4124
f 4121 4123 4122
f 4124 4125 4126
f 4123 4125 4124
f 4126 4127 4128
f 4125 4127 4126
f 4128 4129 4130
f 4127 4129 4128
f 4130 4131 4132
f 4129 4131 4130
f 4132 4133 4134
f 4131 4133 4132
f 4134 4135 4136
f 4133 4135 4134
f 4135 4137 4136
f 4136 4137 4138
f 4137 4139 4138
f 4138 4139 4140
f 4139 4141 4140
f 4140 4141 4142
f 4141 4143 4142
f 4142 4143 4144
f 4144 4145 4146
f 4143 4145 4144
f 4146 4147 4148
f 4145 4147 4146
f 4148 4149 4150
f 4147 4149 4148
f 4150 4151 4152
f 4149 4151 4150
f 4152 4153 4154
f 4151 4153 4152
f 4154 4155 4156
f 4153 4155 4154
f 4156 4157 4158
f 4155 4157 4156
f 4158 4159 4160
f 4157 4159 4158
f 4160 4161 4162
f 4159 4161 4160
f 4162 4163 4164
f 4161 4163 4162
f 4164 4165 4166
f 4163 4165 4164
f 4166 4167 4168
f 4165 4167 4166
f 4168 4169 4170
f 4167 4169 4168
f 4170 4171 4172
f 4169 4171 4170
f 4172 4173 4174
f 4171 4173 4172
f 4174 4175 4176
f 4173 4175 4174
f 4176 4177 4178
f 4178 4177 4179
f 4175 4177 4176
f 4177 4180 4179
f 4179 4181 4182
f 4180 4181 4179
f 4182 4183 4184
f 4181 4183 4182
f 4183 4185 4184
f 4184 4185 4186
f 4185 4187 4186
f 4186 4187 4188
f 4187 4189 4188
f 4188 4189 4190
f 4189 4191 4190
f 4190 4191 4192
f 4191 4193 4192
f 4192 4193 4194
f 4193 4195 4194
f 4194 4195 4196
f 4195 4197 4196
f 4196 4197 4198
f 4197 4199 4198
f 4198 4199 4200
f 4199 4201 4200
f 4200 4201 4202
f 4201 4203 4202
f 4202 4203 4204
f 4204 4203 4205
f 4203 4206 4205
f 4206 4207 4205
f 4205 4207 4208
f 4207 4209 4208
f 4208 4209 4210
f 4209 4211 4210
f 4210 4211 4212
f 4212 3961 3963
f 4211 3961 4212
f 4213 4214 4215
f 4215 4216 4217
f 4214 4216 4215
f 4217 4218 4219
f 4216 4218 4217
f 4219 4220 4221
f 4218 4220 4219
f 4221 4222 4223
f 4220 4222 4221
f 4223 4224 4225
f 4222 4224 4223
f 4225 4226 4227
f 4224 4226 4225
f 4227 4228 4229
f 4226 4228 4227
f 4228 4230 4229
f 4229 4230 4231
f 4230 4232 4231
f 4231 4232 4233
f 4232 4234 4233
f 4233 4234 4235
f 4234 4236 4235
f 4235 4236 4237
f 4236 4238 4237
f 4237 4238 4239
f 4238 4240 4239
f 4239 4240 4241
f 4240 4242 4241
f 4241 4242 4243
f 4242 4244 4243
f 4243 4244 4245
f 4244 4246 4245
f 4245 4246 4247
f 4246 4248 4247
f 4247 4248 4249
f 4248 4250 4249
f 4249 4250 4251
f 4250 4252 4251
f 4252 4253 4251
f 4251 4253 4254
f 4254 4253 4255
f 4255 4256 4257
f 4253 4256 4255
f 4257 4258 4259
f 4256 4258 4257
f 4259 4260 4261
f 4258 4260 4259
f 4260 4262 4261
f 4261 4263 4264
f 4262 4263 4261
f 4264 4265 4266
f 4263 4265 4264
f 4266 4267 4268
f 4265 4267 4266
f 4268 4269 4270
f 4267 4269 4268
f 4270 4271 4272
f 4272 4271 4273
f 4269 4271 4270
f 4271 4274 4273
f 4273 4275 4276
f 4274 4275 4273
f 4276 3827 3829
f 4275 3827 4276
f 3959 4277 3960
f 3960 4277 4278
f 4279 4214 4280
f 4280 4214 4213
f 4278 4277 4281
f 4281 4282 4283
f 4277 4282 4281
f 4283 4284 4285
f 4282 4284 4283
f 4285 4286 4287
f 4284 4286 4285
f 4287 4288 4289
f 4286 4288 4287
f 4289 4290 4291
f 4288 4290 4289
f 4291 4292 4293
f 4290 4292 4291
f 4293 4294 4295
f 4292 4294 4293
f 4294 4296 4295
f 4295 4296 4297
f 4296 4298 4297
f 4297 4298 4299
f 4298 4300 4299
f 4299 4300 4301
f 4300 4302 4301
f 4301 4302 4303
f 4302 4304 4303
f 4303 4304 4305
f 4304 4306 4305
f 4305 4306 4307
f 4306 4308 4307
f 4307 4308 4309
f 4308 4310 4309
f 4309 4310 4311
f 4310 4312 4311
f 4311 4312 4313
f 4312 4314 4313
f 4313 4314 4315
f 4314 4316 4315
f 4315 4316 4317
f 4316 4318 4317
f 4318 4319 4317
f 4317 4319 4320
f 4320 4319 4321
f 4321 4322 4323
f 4319 4322 4321
f 4323 4324 4325
f 4322 4324 4323
f 4325 4326 4327
f 4324 4326 4325
f 4326 4328 4327
f 4327 4329 4330
f 4328 4329 4327
f 4330 4331 4332
f 4329 4331 4330
f 4332 4333 4334
f 4331 4333 4332
f 4334 4335 4336
f 4333 4335 4334
f 4336 4337 4338
f 4338 4337 4339
f 4335 4337 4336
f 4337 4340 4339
f 4339 4341 4342
f 4340 4341 4339
f 4342 4279 4280
f 4341 4279 4342
f 4343 4344 4345
f 4345 4344 4346
f 4347 4348 4349
f 4349 4348 4350
f 4350 4351 4352
f 4348 4351 4350
f 4352 4353 4354
f 4351 4353 4352
f 4354 4355 4356
f 4353 4355 4354
f 4356 4357 4358
f 4355 4357 4356
f 4358 4359 4360
f 4357 4359 4358
f 4360 4361 4362
f 4359 4361 4360
f 4362 4363 4364
f 4361 4363 4362
f 4364 4365 4366
f 4363 4365 4364
f 4366 4367 4368
f 4365 4367 4366
f 4368 4369 4370
f 4367 4369 4368
f 4370 4371 4372
f 4369 4371 4370
f 4372 4373 4374
f 4371 4373 4372
f 4374 4375 4376
f 4373 4375 4374
f 4376 4377 4378
f 4375 4377 4376
f 4378 4379 4380
f 4377 4379 4378
f 4380 4381 4382
f 4379 4381 4380
f 4382 4383 4384
f 4381 4383 4382
f 4384 4385 4386
f 4383 4385 4384
f 4386 4387 4388
f 4385 4387 4386
f 4388 4389 4390
f 4387 4389 4388
f 4390 4391 4392
f 4389 4391 4390
f 4392 4393 4394
f 4391 4393 4392
f 4393 4395 4394
f 4394 4395 4396
f 4395 4397 4396
f 4396 4397 4398
f 4397 4399 4398
f 4398 4399 4400
f 4399 4401 4400
f 4400 4401 4402
f 4401 4403 4402
f 4402 4403 4404
f 4403 4405 4404
f 4404 4405 4406
f 4405 4407 4406
f 4406 4407 4408
f 4407 4409 4408
f 4408 4409 4410
f 4410 4411 4412
f 4409 4411 4410
f 4412 4413 4414
f 4411 4413 4412
f 4414 4415 4416
f 4413 4415 4414
f 4416 4417 4418
f 4418 4417 4419
f 4415 4417 4416
f 4417 4420 4419
f 4419 4421 4422
f 4420 4421 4419
f 4422 4423 4424
f 4424 4423 4425
f 4421 4423 4422
f 4423 4426 4425
f 4425 4427 4428
f 4426 4427 4425
f 4428 4429 4430
f 4427 4429 4428
f 4430 4431 4432
f 4432 4431 4433
f 4429 4431 4430
f 4431 4434 4433
f 4433 4435 4436
f 4434 4435 4433
f 4436 4437 4438
f 4435 4437 4436
f 4438 4439 4440
f 4437 4439 4438
f 4440 4441 4442
f 4439 4441 4440
f 4442 4443 4444
f 4441 4443 4442
f 4443 4445 4444
f 4444 4445 4446
f 4446 4445 4447
f 4445 4448 4447
f 4448 4343 4447
f 4447 4343 4345
f 4449 4347 4450
f 4450 4347 4349
f 4451 4449 4452
f 4452 4449 4450
f 4453 4454 4455
f 4455 4454 4456
f 4456 4457 4458
f 4454 4457 4456
f 4458 4459 4460
f 4457 4459 4458
f 4460 4461 4462
f 4459 4461 4460
f 4462 4463 4464
f 4461 4463 4462
f 4464 4465 4466
f 4463 4465 4464
f 4466 4467 4468
f 4465 4467 4466
f 4468 4469 4470
f 4467 4469 4468
f 4470 4471 4472
f 4469 4471 4470
f 4472 4473 4474
f 4471 4473 4472
f 4474 4475 4476
f 4473 4475 4474
f 4476 4477 4478
f 4475 4477 4476
f 4478 4479 4480
f 4477 4479 4478
f 4480 4481 4482
f 4479 4481 4480
f 4482 4483 4484
f 4481 4483 4482
f 4484 4485 4486
f 4483 4485 4484
f 4486 4487 4488
f 4485 4487 4486
f 4488 4489 4490
f 4487 4489 4488
f 4490 4491 4492
f 4489 4491 4490
f 4492 4493 4494
f 4491 4493 4492
f 4494 4495 4496
f 4493 4495 4494
f 4496 4497 4498
f 4495 4497 4496
f 4498 4499 4500
f 4497 4499 4498
f 4499 4501 4500
f 4500 4501 4502
f 4501 4503 4502
f 4502 4503 4504
f 4503 4505 4504
f 4504 4505 4506
f 4505 4507 4506
f 4506 4507 4508
f 4507 4509 4508
f 4508 4509 4510
f 4509 4511 4510
f 4510 4511 4512
f 4511 4513 4512
f 4512 4513 4514
f 4513 4515 4514
f 4514 4515 4516
f 4516 4517 4518
f 4515 4517 4516
f 4518 4519 4520
f 4517 4519 4518
f 4520 4521 4522
f 4522 4521 4523
f 4519 4521 4520
f 4521 4524 4523
f 4523 4525 4526
f 4524 4525 4523
f 4526 4527 4528
f 4525 4527 4526
f 4528 4529 4530
f 4527 4529 4528
f 4530 4531 4532
f 4529 4531 4530
f 4532 4533 4534
f 4531 4533 4532
f 4534 4535 4536
f 4536 4535 4537
f 4533 4535 4534
f 4535 4538 4537
f 4537 4539 4540
f 4538 4539 4537
f 4540 4541 4542
f 4539 4541 4540
f 4542 4543 4544
f 4541 4543 4542
f 4544 4545 4546
f 4543 4545 4544
f 4546 4547 4548
f 4545 4547 4546
f 4548 4549 4550
f 4547 4549 4548
f 4549 4551 4550
f 4550 4551 4552
f 4551 4553 4552
f 4552 4553 4554
f 4553 4451 4554
f 4554 4451 4452
f 4555 4453 4556
f 4556 4453 4455
f 4557 4555 4558
f 4558 4555 4556
f 4559 4560 4561
f 4561 4562 4563
f 4560 4562 4561
f 4563 4564 4565
f 4562 4564 4563
f 4565 4566 4567
f 4564 4566 4565
f 4567 4568 4569
f 4566 4568 4567
f 4569 4570 4571
f 4568 4570 4569
f 4571 4572 4573
f 4570 4572 4571
f 4573 4574 4575
f 4572 4574 4573
f 4575 4576 4577
f 4574 4576 4575
f 4577 4578 4579
f 4576 4578 4577
f 4579 4580 4581
f 4578 4580 4579
f 4581 4582 4583
f 4580 4582 4581
f 4583 4584 4585
f 4582 4584 4583
f 4585 4586 4587
f 4584 4586 4585
f 4587 4588 4589
f 4586 4588 4587
f 4589 4590 4591
f 4588 4590 4589
f 4591 4592 4593
f 4590 4592 4591
f 4593 4594 4595
f 4592 4594 4593
f 4595 4596 4597
f 4594 4596 4595
f 4597 4598 4599
f 4596 4598 4597
f 4599 4600 4601
f 4598 4600 4599
f 4601 4602 4603
f 4600 4602 4601
f 4603 4604 4605
f 4602 4604 4603
f 4605 4606 4607
f 4604 4606 4605
f 4606 4608 4607
f 4607 4608 4609
f 4608 4610 4609
f 4609 4610 4611
f 4610 4612 4611
f 4612 4613 4611
f 4611 4613 4614
f 4614 4613 4615
f 4613 4616 4615
f 4615 4616 4617
f 4616 4618 4617
f 4618 4619 4617
f 4617 4619 4620
f 4620 4619 4621
f 4619 4622 4621
f 4621 4623 4624
f 4622 4623 4621
f 4624 4623 4625
f 4623 4626 4625
f 4625 4627 4628
f 4628 4627 4629
f 4626 4627 4625
f 4627 4630 4629
f 4629 4631 4632
f 4630 4631 4629
f 4632 4633 4634
f 4631 4633 4632
f 4634 4635 4636
f 4633 4635 4634
f 4636 4637 4638
f 4635 4637 4636
f 4638 4639 4640
f 4637 4639 4638
f 4640 4641 4642
f 4642 4641 4643
f 4639 4641 4640
f 4641 4644 4643
f 4643 4645 4646
f 4644 4645 4643
f 4646 4647 4648
f 4645 4647 4646
f 4648 4649 4650
f 4647 4649 4648
f 4650 4651 4652
f 4652 4651 4653
f 4649 4651 4650
f 4651 4654 4653
f 4653 4655 4656
f 4654 4655 4653
f 4655 4657 4656
f 4656 4657 4658
f 4657 4659 4658
f 4658 4659 4660
f 4659 4557 4660
f 4660 4557 4558
f 4661 4560 4662
f 4662 4560 4559
f 4663 4664 4662
f 4664 4661 4662
f 4665 4666 4667
f 4667 4666 4668
f 4668 4669 4670
f 4666 4669 4668
f 4670 4671 4672
f 4669 4671 4670
f 4672 4673 4674
f 4671 4673 4672
f 4674 4675 4676
f 4673 4675 4674
f 4676 4677 4678
f 4675 4677 4676
f 4678 4679 4680
f 4677 4679 4678
f 4680 4681 4682
f 4679 4681 4680
f 4682 4683 4684
f 4681 4683 4682
f 4684 4685 4686
f 4683 4685 4684
f 4686 4687 4688
f 4685 4687 4686
f 4688 4689 4690
f 4687 4689 4688
f 4690 4691 4692
f 4689 4691 4690
f 4692 4693 4694
f 4691 4693 4692
f 4694 4695 4696
f 4693 4695 4694
f 4696 4697 4698
f 4695 4697 4696
f 4698 4699 4700
f 4697 4699 4698
f 4700 4701 4702
f 4699 4701 4700
f 4702 4703 4704
f 4701 4703 4702
f 4704 4705 4706
f 4703 4705 4704
f 4706 4707 4708
f 4705 4707 4706
f 4708 4709 4710
f 4707 4709 4708
f 4710 4711 4712
f 4709 4711 4710
f 4711 4713 4712
f 4712 4713 4714
f 4713 4715 4714
f 4714 4715 4716
f 4715 4717 4716
f 4716 4717 4718
f 4717 4719 4718
f 4718 4719 4720
f 4719 4721 4720
f 4720 4721 4722
f 4721 4723 4722
f 4722 4723 4724
f 4723 4725 4724
f 4724 4725 4726
f 4725 4727 4726
f 4726 4727 4728
f 4728 4729 4730
f 4727 4729 4728
f 4730 4731 4732
f 4729 4731 4730
f 4732 4733 4734
f 4731 4733 4732
f 4734 4735 4736
f 4733 4735 4734
f 4736 4737 4738
f 4735 4737 4736
f 4737 4739 4738
f 4738 4739 4740
f 4740 4741 4742
f 4739 4741 4740
f 4742 4743 4744
f 4741 4743 4742
f 4744 4745 4746
f 4743 4745 4744
f 4746 4747 4748
f 4745 4747 4746
f 4748 4749 4750
f 4747 4749 4748
f 4750 4751 4752
f 4749 4751 4750
f 4752 4753 4754
f 4751 4753 4752
f 4754 4755 4756
f 4756 4755 4757
f 4753 4755 4754
f 4757 4758 4759
f 4755 4758 4757
f 4758 4760 4759
f 4759 4761 4762
f 4760 4761 4759
f 4761 4763 4762
f 4762 4763 4764
f 4763 4765 4764
f 4764 4765 4766
f 4766 4765 4663
f 4765 4664 4663
f 4767 4665 4768
f 4768 4665 4667
f 4769 4767 4770
f 4770 4767 4768
f 4771 4772 4773
f 4773 4772 4774
f 4774 4775 4776
f 4772 4775 4774
f 4776 4777 4778
f 4775 4777 4776
f 4778 4779 4780
f 4777 4779 4778
f 4780 4781 4782
f 4779 4781 4780
f 4782 4783 4784
f 4781 4783 4782
f 4784 4785 4786
f 4783 4785 4784
f 4786 4787 4788
f 4785 4787 4786
f 4788 4789 4790
f 4787 4789 4788
f 4790 4791 4792
f 4789 4791 4790
f 4792 4793 4794
f 4791 4793 4792
f 4794 4795 4796
f 4793 4795 4794
f 4796 4797 4798
f 4795 4797 4796
f 4798 4799 4800
f 4797 4799 4798
f 4800 4801 4802
f 4799 4801 4800
f 4802 4803 4804
f 4801 4803 4802
f 4804 4805 4806
f 4803 4805 4804
f 4806 4807 4808
f 4805 4807 4806
f 4808 4809 4810
f 4807 4809 4808
f 4810 4811 4812
f 4809 4811 4810
f 4812 4813 4814
f 4811 4813 4812
f 4814 4815 4816
f 4813 4815 4814
f 4816 4817 4818
f 4815 4817 4816
f 4817 4819 4818
f 4818 4819 4820
f 4819 4821 4820
f 4820 4821 4822
f 4821 4823 4822
f 4822 4823 4824
f 4823 4825 4824
f 4824 4825 4826
f 4825 4827 4826
f 4826 4827 4828
f 4827 4829 4828
f 4828 4829 4830
f 4829 4831 4830
f 4830 4831 4832
f 4831 4833 4832
f 4832 4833 4834
f 4834 4835 4836
f 4833 4835 4834
f 4836 4837 4838
f 4835 4837 4836
f 4838 4839 4840
f 4837 4839 4838
f 4840 4841 4842
f 4839 4841 4840
f 4842 4843 4844
f 4841 4843 4842
f 4843 4845 4844
f 4844 4845 4846
f 4846 4847 4848
f 4848 4847 4849
f 4845 4847 4846
f 4847 4850 4849
f 4849 4851 4852
f 4850 4851 4849
f 4852 4853 4854
f 4851 4853 4852
f 4854 4855 4856
f 4856 4855 4857
f 4853 4855 4854
f 4855 4858 4857
f 4857 4859 4860
f 4860 4859 4861
f 4858 4859 4857
f 4859 4862 4861
f 4861 4863 4864
f 4862 4863 4861
f 4864 4865 4866
f 4863 4865 4864
f 4866 4867 4868
f 4865 4867 4866
f 4867 4869 4868
f 4868 4869 4870
f 4870 4869 4871
f 4869 4872 4871
f 4872 4769 4871
f 4871 4769 4770
f 4344 4771 4346
f 4346 4771 4773
f 4873 4874 4875
f 4873 4876 4874
f 4877 4875 4878
f 4877 4873 4875
f 4877 4876 4873
f 4879 4880 4881
f 4879 4881 4882
f 4883 4876 4877
f 4883 4884 4885
f 4883 4885 4876
f 4886 4878 4880
f 4886 4877 4878
f 4886 4880 4879
f 4887 4882 4888
f 4887 4879 4882
f 4889 4877 4886
f 4889 4883 4877
f 4889 4884 4883
f 4890 4886 4879
f 4890 4879 4887
f 4891 4888 4892
f 4891 4887 4888
f 4893 4892 4894
f 4893 4894 4895
f 4896 4884 4889
f 4896 4897 4884
f 4898 4889 4886
f 4898 4886 4890
f 4899 4890 4887
f 4899 4887 4891
f 4900 4892 4893
f 4900 4891 4892
f 4901 4895 4902
f 4901 4893 4895
f 4903 4896 4889
f 4903 4889 4898
f 4903 4897 4896
f 4904 4890 4899
f 4904 4898 4890
f 4905 4899 4891
f 4905 4891 4900
f 4906 4893 4901
f 4906 4900 4893
f 4907 4897 4903
f 4907 4908 4909
f 4907 4909 4897
f 4910 4902 4911
f 4910 4901 4902
f 4912 4898 4904
f 4912 4903 4898
f 4913 4904 4899
f 4913 4899 4905
f 4914 4905 4900
f 4914 4900 4906
f 4915 4906 4901
f 4915 4901 4910
f 4916 4907 4903
f 4916 4908 4907
f 4916 4903 4912
f 4917 4911 4918
f 4917 4918 4919
f 4917 4910 4911
f 4920 4912 4904
f 4920 4904 4913
f 4921 4913 4905
f 4921 4905 4914
f 4922 4906 4915
f 4922 4914 4906
f 4923 4908 4916
f 4923 4924 4908
f 4925 4910 4917
f 4925 4915 4910
f 4926 4912 4920
f 4926 4916 4912
f 4927 4919 4928
f 4927 4917 4919
f 4929 4913 4921
f 4929 4920 4913
f 4930 4914 4922
f 4930 4921 4914
f 4931 4922 4915
f 4931 4915 4925
f 4932 4916 4926
f 4932 4923 4916
f 4933 4925 4917
f 4933 4917 4927
f 4934 4920 4929
f 4934 4926 4920
f 4935 4928 4936
f 4935 4927 4928
f 4937 4921 4930
f 4937 4929 4921
f 4938 4930 4922
f 4938 4922 4931
f 4939 4924 4923
f 4939 4923 4932
f 4939 4940 4941
f 4939 4941 4924
f 4942 4925 4933
f 4942 4931 4925
f 4943 4932 4926
f 4943 4926 4934
f 4944 4933 4927
f 4944 4927 4935
f 4945 4929 4937
f 4945 4934 4929
f 4946 4936 4947
f 4946 4935 4936
f 4948 4930 4938
f 4948 4937 4930
f 4949 4931 4942
f 4949 4938 4931
f 4950 4932 4943
f 4950 4939 4932
f 4951 4933 4944
f 4951 4942 4933
f 4952 4934 4945
f 4952 4943 4934
f 4953 4944 4935
f 4953 4935 4946
f 4954 4937 4948
f 4954 4945 4937
f 4955 4947 4956
f 4955 4946 4947
f 4957 4938 4949
f 4957 4948 4938
f 4958 4940 4939
f 4958 4939 4950
f 4958 4959 4940
f 4960 4949 4942
f 4960 4942 4951
f 4961 4950 4943
f 4961 4943 4952
f 4962 4951 4944
f 4962 4944 4953
f 4963 4945 4954
f 4963 4952 4945
f 4964 4953 4946
f 4964 4946 4955
f 4965 4948 4957
f 4965 4954 4948
f 4966 4956 4967
f 4966 4955 4956
f 4968 4957 4949
f 4968 4949 4960
f 4969 4958 4950
f 4969 4950 4961
f 4970 4960 4951
f 4970 4951 4962
f 4971 4952 4963
f 4971 4961 4952
f 4972 4953 4964
f 4972 4962 4953
f 4973 4963 4954
f 4973 4954 4965
f 4974 4964 4955
f 4974 4955 4966
f 4975 4957 4968
f 4975 4965 4957
f 4976 4959 4958
f 4976 4958 4969
f 4976 4977 4978
f 4976 4978 4959
f 4979 4967 4980
f 4979 4966 4967
f 4981 4960 4970
f 4981 4968 4960
f 4982 4969 4961
f 4982 4961 4971
f 4983 4970 4962
f 4983 4962 4972
f 4984 4971 4963
f 4984 4963 4973
f 4985 4964 4974
f 4985 4972 4964
f 4986 4965 4975
f 4986 4973 4965
f 4987 4974 4966
f 4987 4966 4979
f 4988 4968 4981
f 4988 4975 4968
f 4989 4969 4982
f 4989 4976 4969
f 4990 4980 4991
f 4990 4991 4992
f 4990 4979 4980
f 4993 4981 4970
f 4993 4970 4983
f 4994 4971 4984
f 4994 4982 4971
f 4995 4983 4972
f 4995 4972 4985
f 4996 4973 4986
f 4996 4984 4973
f 4997 4974 4987
f 4997 4985 4974
f 4998 4975 4988
f 4998 4986 4975
f 4999 4977 4976
f 4999 4976 4989
f 4999 5000 5001
f 4999 5001 4977
f 5002 4987 4979
f 5002 4979 4990
f 5003 4988 4981
f 5003 4981 4993
f 5004 4989 4982
f 5004 4982 4994
f 5005 4990 4992
f 5005 4992 5006
f 5007 4983 4995
f 5007 4993 4983
f 5008 4984 4996
f 5008 4994 4984
f 5009 4995 4985
f 5009 4985 4997
f 5010 4996 4986
f 5010 4986 4998
f 5011 4987 5002
f 5011 4997 4987
f 5012 4998 4988
f 5012 4988 5003
f 5013 4999 4989
f 5013 4989 5004
f 5014 4990 5005
f 5014 5002 4990
f 5015 5003 4993
f 5015 4993 5007
f 5016 5004 4994
f 5016 4994 5008
f 5017 5006 5018
f 5017 5005 5006
f 5019 4995 5009
f 5019 5007 4995
f 5020 4996 5010
f 5020 5008 4996
f 5021 5009 4997
f 5021 4997 5011
f 5022 5010 4998
f 5022 4998 5012
f 5023 5000 4999
f 5023 4999 5013
f 5023 5024 5000
f 5025 5011 5002
f 5025 5002 5014
f 5026 5003 5015
f 5026 5012 5003
f 5027 5013 5004
f 5027 5004 5016
f 5028 5005 5017
f 5028 5014 5005
f 5029 5015 5007
f 5029 5007 5019
f 5030 5016 5008
f 5030 5008 5020
f 5031 5018 5032
f 5031 5017 5018
f 5033 5019 5009
f 5033 5009 5021
f 5034 5020 5010
f 5034 5010 5022
f 5035 5021 5011
f 5035 5011 5025
f 5036 5022 5012
f 5036 5012 5026
f 5037 5013 5027
f 5037 5023 5013
f 5038 5014 5028
f 5038 5025 5014
f 5039 5026 5015
f 5039 5015 5029
f 5040 5027 5016
f 5040 5016 5030
f 5041 5017 5031
f 5041 5028 5017
f 5042 5019 5033
f 5042 5029 5019
f 5043 5020 5034
f 5043 5030 5020
f 5044 5032 5045
f 5044 5031 5032
f 5046 5033 5021
f 5046 5021 5035
f 5047 5022 5036
f 5047 5034 5022
f 5048 5024 5023
f 5048 5049 5050
f 5048 5050 5024
f 5048 5023 5037
f 5051 5035 5025
f 5051 5025 5038
f 5052 5026 5039
f 5052 5036 5026
f 5053 5027 5040
f 5053 5037 5027
f 5054 5028 5041
f 5054 5038 5028
f 5055 5029 5042
f 5055 5039 5029
f 5056 5040 5030
f 5056 5030 5043
f 5057 5031 5044
f 5057 5041 5031
f 5058 5042 5033
f 5058 5033 5046
f 5059 5043 5034
f 5059 5034 5047
f 5060 5035 5051
f 5060 5046 5035
f 5061 5047 5036
f 5061 5036 5052
f 5062 5048 5037
f 5062 5037 5053
f 5063 5051 5038
f 5063 5038 5054
f 5064 5039 5055
f 5064 5052 5039
f 5065 5053 5040
f 5065 5040 5056
f 5066 5041 5057
f 5066 5054 5041
f 5067 5042 5058
f 5067 5055 5042
f 5068 5056 5043
f 5068 5043 5059
f 5069 5045 5070
f 5069 5044 5045
f 5069 5057 5044
f 5071 5058 5046
f 5071 5046 5060
f 5072 5059 5047
f 5072 5047 5061
f 5073 5048 5062
f 5073 5074 5049
f 5073 5049 5048
f 5075 5060 5051
f 5075 5051 5063
f 5076 5061 5052
f 5076 5052 5064
f 5077 5062 5053
f 5077 5053 5065
f 5078 5063 5054
f 5078 5054 5066
f 5079 5055 5067
f 5079 5064 5055
f 5080 5056 5068
f 5080 5065 5056
f 5081 5057 5069
f 5081 5066 5057
f 5082 5067 5058
f 5082 5058 5071
f 5083 5059 5072
f 5083 5068 5059
f 5084 5070 5085
f 5084 5069 5070
f 5086 5060 5075
f 5086 5071 5060
f 5087 5072 5061
f 5087 5061 5076
f 5088 5073 5062
f 5088 5062 5077
f 5089 5075 5063
f 5089 5063 5078
f 5090 5076 5064
f 5090 5064 5079
f 5091 5077 5065
f 5091 5065 5080
f 5092 5066 5081
f 5092 5078 5066
f 5093 5067 5082
f 5093 5079 5067
f 5094 5080 5068
f 5094 5068 5083
f 5095 5081 5069
f 5095 5069 5084
f 5096 5082 5071
f 5096 5071 5086
f 5097 5083 5072
f 5097 5072 5087
f 5098 5074 5073
f 5098 5073 5088
f 5098 5099 5100
f 5098 5100 5074
f 5101 5085 5102
f 5101 5102 5103
f 5101 5084 5085
f 5104 5086 5075
f 5104 5075 5089
f 5105 5087 5076
f 5105 5076 5090
f 5106 5077 5091
f 5106 5088 5077
f 5107 5078 5092
f 5107 5089 5078
f 5108 5079 5093
f 5108 5090 5079
f 5109 5080 5094
f 5109 5091 5080
f 5110 5081 5095
f 5110 5092 5081
f 5111 5082 5096
f 5111 5093 5082
f 5112 5094 5083
f 5112 5083 5097
f 5113 5095 5084
f 5113 5084 5101
f 5114 5096 5086
f 5114 5086 5104
f 5115 5087 5105
f 5115 5097 5087
f 5116 5088 5106
f 5116 5098 5088
f 5117 5104 5089
f 5117 5089 5107
f 5118 5090 5108
f 5118 5105 5090
f 5119 5091 5109
f 5119 5106 5091
f 5120 5092 5110
f 5120 5107 5092
f 5121 5093 5111
f 5121 5108 5093
f 5122 5109 5094
f 5122 5094 5112
f 5123 5095 5113
f 5123 5110 5095
f 5124 5096 5114
f 5124 5111 5096
f 5125 5097 5115
f 5125 5112 5097
f 5126 5098 5116
f 5126 5099 5098
f 5126 5127 5099
f 5128 5101 5103
f 5128 5103 5129
f 5128 5113 5101
f 5130 5104 5117
f 5130 5114 5104
f 5131 5115 5105
f 5131 5105 5118
f 5132 5116 5106
f 5132 5106 5119
f 5133 5117 5107
f 5133 5107 5120
f 5134 5118 5108
f 5134 5108 5121
f 5135 5119 5109
f 5135 5109 5122
f 5136 5120 5110
f 5136 5110 5123
f 5137 5121 5111
f 5137 5111 5124
f 5138 5122 5112
f 5138 5112 5125
f 5139 5123 5113
f 5139 5113 5128
f 5140 5124 5114
f 5140 5114 5130
f 5141 5125 5115
f 5141 5115 5131
f 5142 5116 5132
f 5142 5126 5116
f 5143 5128 5129
f 5143 5129 5144
f 5145 5130 5117
f 5145 5117 5133
f 5146 5118 5134
f 5146 5131 5118
f 5147 5132 5119
f 5147 5119 5135
f 5148 5133 5120
f 5148 5120 5136
f 5149 5134 5121
f 5149 5121 5137
f 5150 5135 5122
f 5150 5122 5138
f 5151 5136 5123
f 5151 5123 5139
f 5152 5137 5124
f 5152 5124 5140
f 5153 5125 5141
f 5153 5138 5125
f 5154 5126 5142
f 5154 5155 5156
f 5154 5156 5127
f 5154 5127 5126
f 5157 5139 5128
f 5157 5128 5143
f 5158 5140 5130
f 5158 5130 5145
f 5159 5131 5146
f 5159 5141 5131
f 5160 5142 5132
f 5160 5132 5147
f 5161 5144 5162
f 5161 5162 5163
f 5161 5143 5144
f 5161 5163 5143
f 5164 5145 5133
f 5164 5133 5148
f 5165 5134 5149
f 5165 5146 5134
f 5166 5147 5135
f 5166 5135 5150
f 5167 5148 5136
f 5167 5136 5151
f 5168 5137 5152
f 5168 5149 5137
f 5169 5150 5138
f 5169 5138 5153
f 5170 5139 5157
f 5170 5151 5139
f 5171 5140 5158
f 5171 5152 5140
f 5172 5153 5141
f 5172 5141 5159
f 5173 5154 5142
f 5173 5155 5154
f 5173 5142 5160
f 5174 5163 5175
f 5174 5175 5176
f 5174 5143 5163
f 5174 5176 5157
f 5174 5157 5143
f 5177 5145 5164
f 5177 5158 5145
f 5178 5159 5146
f 5178 5146 5165
f 5179 5147 5166
f 5179 5160 5147
f 5180 5164 5148
f 5180 5148 5167
f 5181 5165 5149
f 5181 5149 5168
f 5182 5166 5150
f 5182 5150 5169
f 5183 5151 5170
f 5183 5167 5151
f 5184 5168 5152
f 5184 5152 5171
f 5185 5169 5153
f 5185 5153 5172
f 5186 5155 5173
f 5186 5187 5155
f 5188 5176 5189
f 5188 5170 5157
f 5188 5189 5170
f 5188 5157 5176
f 5190 5158 5177
f 5190 5171 5158
f 5191 5172 5159
f 5191 5159 5178
f 5192 5160 5179
f 5192 5173 5160
f 5193 5177 5164
f 5193 5164 5180
f 5194 5178 5165
f 5194 5165 5181
f 5195 5166 5182
f 5195 5179 5166
f 5196 5180 5167
f 5196 5167 5183
f 5197 5168 5184
f 5197 5181 5168
f 5198 5182 5169
f 5198 5169 5185
f 5199 5183 5170
f 5199 5200 5183
f 5199 5189 5201
f 5199 5201 5200
f 5199 5170 5189
f 5202 5171 5190
f 5202 5184 5171
f 5203 5172 5191
f 5203 5185 5172
f 5204 5186 5173
f 5204 5187 5186
f 5204 5173 5192
f 5205 5177 5193
f 5205 5190 5177
f 5206 5178 5194
f 5206 5191 5178
f 5207 5192 5179
f 5207 5179 5195
f 5208 5180 5196
f 5208 5193 5180
f 5209 5181 5197
f 5209 5194 5181
f 5210 5195 5182
f 5210 5182 5198
f 5211 5183 5200
f 5211 5200 5212
f 5211 5196 5183
f 5213 5197 5184
f 5213 5184 5202
f 5214 5198 5185
f 5214 5185 5203
f 5215 5187 5204
f 5215 5216 5217
f 5215 5217 5187
f 5218 5202 5190
f 5218 5190 5205
f 5219 5191 5206
f 5219 5203 5191
f 5220 5192 5207
f 5220 5204 5192
f 5221 5205 5193
f 5221 5193 5208
f 5222 5194 5209
f 5222 5206 5194
f 5223 5195 5210
f 5223 5207 5195
f 5224 5211 5212
f 5224 5196 5211
f 5224 5212 5225
f 5224 5225 5226
f 5224 5208 5196
f 5227 5209 5197
f 5227 5197 5213
f 5228 5210 5198
f 5228 5198 5214
f 5229 5213 5202
f 5229 5202 5218
f 5230 5203 5219
f 5230 5214 5203
f 5231 5215 5204
f 5231 5216 5215
f 5231 5204 5220
f 5232 5218 5205
f 5232 5205 5221
f 5233 5219 5206
f 5233 5206 5222
f 5234 5207 5223
f 5234 5220 5207
f 5235 5221 5208
f 5235 5224 5226
f 5235 5208 5224
f 5235 5226 5236
f 5237 5209 5227
f 5237 5222 5209
f 5238 5223 5210
f 5238 5210 5228
f 5239 5213 5229
f 5239 5227 5213
f 5240 5214 5230
f 5240 5228 5214
f 5241 5229 5218
f 5241 5218 5232
f 5242 5230 5219
f 5242 5219 5233
f 5243 5220 5234
f 5243 5231 5220
f 5244 5236 5245
f 5244 5245 5246
f 5244 5235 5236
f 5244 5232 5221
f 5244 5221 5235
f 5247 5233 5222
f 5247 5222 5237
f 5248 5223 5238
f 5248 5234 5223
f 5249 5237 5227
f 5249 5227 5239
f 5250 5238 5228
f 5250 5228 5240
f 5251 5239 5229
f 5251 5229 5241
f 5252 5230 5242
f 5252 5240 5230
f 5253 5231 5243
f 5253 5254 5255
f 5253 5255 5216
f 5253 5216 5231
f 5256 5244 5246
f 5256 5246 5257
f 5256 5257 5258
f 5256 5241 5232
f 5256 5232 5244
f 5259 5233 5247
f 5259 5242 5233
f 5260 5243 5234
f 5260 5234 5248
f 5261 5237 5249
f 5261 5247 5237
f 5262 5248 5238
f 5262 5238 5250
f 5263 5249 5239
f 5263 5239 5251
f 5264 5240 5252
f 5264 5250 5240
f 5265 5241 5256
f 5265 5256 5258
f 5265 5258 5266
f 5265 5251 5241
f 5267 5252 5242
f 5267 5242 5259
f 5268 5254 5253
f 5268 5253 5243
f 5268 5243 5260
f 5269 5259 5247
f 5269 5247 5261
f 5270 5260 5248
f 5270 5248 5262
f 5271 5261 5249
f 5271 5249 5263
f 5272 5262 5250
f 5272 5250 5264
f 5273 5263 5251
f 5273 5251 5265
f 5273 5266 5274
f 5273 5274 5275
f 5273 5265 5266
f 5276 5264 5252
f 5276 5252 5267
f 5277 5259 5269
f 5277 5267 5259
f 5278 5260 5270
f 5278 5268 5260
f 5279 5261 5271
f 5279 5269 5261
f 5280 5262 5272
f 5280 5270 5262
f 5281 5273 5275
f 5281 5275 5282
f 5281 5263 5273
f 5281 5271 5263
f 5283 5264 5276
f 5283 5272 5264
f 5284 5267 5277
f 5284 5276 5267
f 5285 5268 5278
f 5285 5286 5287
f 5285 5287 5254
f 5285 5254 5268
f 5288 5277 5269
f 5288 5269 5279
f 5289 5278 5270
f 5289 5270 5280
f 5290 5282 5291
f 5290 5291 5292
f 5290 5281 5282
f 5290 5271 5281
f 5290 5279 5271
f 5293 5280 5272
f 5293 5272 5283
f 5294 5276 5284
f 5294 5283 5276
f 5295 5277 5288
f 5295 5284 5277
f 5296 5285 5278
f 5296 5278 5289
f 5297 5290 5292
f 5297 5292 5298
f 5297 5288 5279
f 5297 5279 5290
f 5299 5280 5293
f 5299 5289 5280
f 5300 5293 5283
f 5300 5283 5294
f 5301 5294 5284
f 5301 5284 5295
f 5302 5303 5286
f 5302 5286 5285
f 5302 5285 5296
f 5304 5297 5298
f 5304 5288 5297
f 5304 5298 5305
f 5304 5305 5306
f 5304 5295 5288
f 5304 5306 5295
f 5307 5296 5289
f 5307 5289 5299
f 5308 5299 5293
f 5308 5293 5300
f 5309 5300 5294
f 5309 5294 5301
f 5310 5301 5295
f 5310 5306 5311
f 5310 5311 5301
f 5310 5295 5306
f 5312 5296 5307
f 5312 5303 5302
f 5312 5313 5314
f 5312 5314 5303
f 5312 5302 5296
f 5315 5299 5308
f 5315 5316 5317
f 5315 5307 5299
f 5318 5308 5300
f 5318 5309 5319
f 5318 5320 5308
f 5318 5319 5321
f 5318 5321 5320
f 5318 5300 5309
f 5322 5319 5309
f 5322 5311 5323
f 5322 5323 5319
f 5322 5301 5311
f 5322 5309 5301
f 5324 5312 5307
f 5324 5313 5312
f 5324 5307 5315
f 5324 5315 5317
f 5324 5317 5313
f 5325 5315 5308
f 5325 5316 5315
f 5325 5308 5320
f 5325 5320 5316
f 5163 5326 5327
f 5163 5162 5326
f 5175 5327 5328
f 5175 5163 5327
f 5176 5328 5329
f 5176 5175 5328
f 5189 5329 5330
f 5189 5176 5329
f 5201 5330 5331
f 5201 5189 5330
f 5200 5331 5332
f 5200 5201 5331
f 5212 5332 5333
f 5212 5200 5332
f 5225 5333 5334
f 5225 5212 5333
f 5226 5225 5334
f 5226 5334 5335
f 5236 5335 5336
f 5236 5226 5335
f 5245 5336 5337
f 5245 5236 5336
f 5246 5337 5338
f 5246 5245 5337
f 5257 5338 5339
f 5257 5246 5338
f 5258 5339 5340
f 5258 5257 5339
f 5266 5340 5341
f 5266 5258 5340
f 5274 5341 5342
f 5274 5266 5341
f 5275 5342 5343
f 5275 5274 5342
f 5282 5343 5344
f 5282 5344 5345
f 5282 5275 5343
f 5291 5282 5345
f 5292 5345 5346
f 5292 5291 5345
f 5298 5346 5347
f 5298 5292 5346
f 5305 5347 5348
f 5305 5298 5347
f 5306 5348 5349
f 5306 5305 5348
f 5311 5349 5350
f 5311 5306 5349
f 5323 5350 5351
f 5323 5311 5350
f 5319 5351 5352
f 5319 5323 5351
f 5321 5352 5353
f 5321 5319 5352
f 5320 5353 5354
f 5320 5354 5355
f 5320 5321 5353
f 5316 5320 5355
f 5317 5355 5356
f 5317 5316 5355
f 5313 5356 5357
f 5313 5317 5356
f 5314 5357 5358
f 5314 5313 5357
f 5359 5360 5361
f 5359 5361 5362
f 5363 5362 5364
f 5363 5364 5365
f 5366 5367 5368
f 5369 5360 5359
f 5369 5370 5360
f 5371 5359 5362
f 5371 5362 5363
f 5372 5365 5373
f 5372 5373 5374
f 5372 5363 5365
f 5375 5367 5366
f 5375 5376 5377
f 5375 5377 5367
f 5378 5370 5369
f 5378 5366 5368
f 5378 5368 5370
f 5379 5359 5371
f 5379 5369 5359
f 5380 5381 5382
f 5383 5363 5372
f 5383 5371 5363
f 5384 5376 5375
f 5384 5382 5385
f 5384 5385 5376
f 5386 5366 5378
f 5386 5375 5366
f 5387 5369 5379
f 5387 5378 5369
f 5388 5389 5390
f 5391 5379 5371
f 5391 5371 5383
f 5392 5380 5382
f 5392 5382 5384
f 5393 5372 5374
f 5393 5383 5372
f 5394 5375 5386
f 5394 5384 5375
f 5395 5378 5387
f 5395 5386 5378
f 5396 5397 5398
f 5396 5398 5389
f 5399 5379 5391
f 5399 5387 5379
f 5400 5381 5380
f 5400 5380 5392
f 5400 5390 5381
f 5400 5388 5390
f 5401 5383 5393
f 5401 5391 5383
f 5402 5384 5394
f 5402 5392 5384
f 5403 5374 5404
f 5403 5404 5405
f 5403 5393 5374
f 5406 5386 5395
f 5406 5394 5386
f 5407 5408 5397
f 5409 5387 5399
f 5409 5395 5387
f 5410 5388 5400
f 5410 5396 5389
f 5410 5389 5388
f 5411 5391 5401
f 5411 5399 5391
f 5412 5392 5402
f 5412 5400 5392
f 5413 5401 5393
f 5413 5393 5403
f 5414 5402 5394
f 5414 5394 5406
f 5415 5416 5417
f 5415 5417 5408
f 5418 5406 5395
f 5418 5395 5409
f 5419 5407 5397
f 5419 5396 5410
f 5419 5397 5396
f 5420 5409 5399
f 5420 5399 5411
f 5421 5400 5412
f 5421 5410 5400
f 5422 5401 5413
f 5422 5411 5401
f 5423 5412 5402
f 5423 5402 5414
f 5424 5425 5416
f 5426 5405 5427
f 5426 5413 5403
f 5426 5403 5405
f 5428 5414 5406
f 5428 5406 5418
f 5429 5407 5419
f 5429 5415 5408
f 5429 5408 5407
f 5430 5418 5409
f 5430 5409 5420
f 5431 5410 5421
f 5431 5419 5410
f 5432 5411 5422
f 5432 5420 5411
f 5433 5421 5412
f 5433 5412 5423
f 5434 5435 5436
f 5434 5436 5425
f 5437 5422 5413
f 5437 5413 5426
f 5438 5423 5414
f 5438 5414 5428
f 5439 5424 5416
f 5439 5415 5429
f 5439 5416 5415
f 5440 5428 5418
f 5440 5418 5430
f 5441 5419 5431
f 5441 5429 5419
f 5442 5430 5420
f 5442 5420 5432
f 5443 5421 5433
f 5443 5431 5421
f 5444 5432 5422
f 5444 5422 5437
f 5445 5423 5438
f 5445 5433 5423
f 5446 5425 5424
f 5446 5424 5439
f 5446 5434 5425
f 5447 5427 5448
f 5447 5426 5427
f 5447 5437 5426
f 5449 5438 5428
f 5449 5428 5440
f 5450 5439 5429
f 5450 5429 5441
f 5451 5440 5430
f 5451 5430 5442
f 5452 5441 5431
f 5452 5431 5443
f 5453 5432 5444
f 5453 5442 5432
f 5454 5443 5433
f 5454 5433 5445
f 5455 5434 5446
f 5455 5435 5434
f 5455 5456 5435
f 5457 5444 5437
f 5457 5437 5447
f 5458 5445 5438
f 5458 5438 5449
f 5459 5439 5450
f 5459 5446 5439
f 5460 5447 5448
f 5460 5448 5461
f 5462 5449 5440
f 5462 5440 5451
f 5463 5441 5452
f 5463 5450 5441
f 5464 5451 5442
f 5464 5442 5453
f 5465 5452 5443
f 5465 5443 5454
f 5466 5467 5456
f 5466 5456 5455
f 5468 5453 5444
f 5468 5444 5457
f 5469 5454 5445
f 5469 5445 5458
f 5470 5455 5446
f 5470 5446 5459
f 5471 5447 5460
f 5471 5457 5447
f 5472 5449 5462
f 5472 5458 5449
f 5473 5450 5463
f 5473 5459 5450
f 5474 5462 5451
f 5474 5451 5464
f 5475 5463 5452
f 5475 5452 5465
f 5476 5467 5466
f 5476 5477 5478
f 5476 5478 5467
f 5479 5464 5453
f 5479 5453 5468
f 5480 5454 5469
f 5480 5465 5454
f 5481 5466 5455
f 5481 5455 5470
f 5482 5468 5457
f 5482 5457 5471
f 5483 5469 5458
f 5483 5458 5472
f 5484 5459 5473
f 5484 5470 5459
f 5485 5461 5486
f 5485 5486 5487
f 5485 5471 5460
f 5485 5460 5461
f 5488 5462 5474
f 5488 5472 5462
f 5489 5473 5463
f 5489 5463 5475
f 5490 5477 5476
f 5490 5491 5492
f 5490 5492 5477
f 5493 5474 5464
f 5493 5464 5479
f 5494 5475 5465
f 5494 5465 5480
f 5495 5466 5481
f 5495 5476 5466
f 5496 5468 5482
f 5496 5479 5468
f 5497 5480 5469
f 5497 5469 5483
f 5498 5481 5470
f 5498 5470 5484
f 5499 5482 5471
f 5499 5471 5485
f 5500 5483 5472
f 5500 5472 5488
f 5501 5484 5473
f 5501 5473 5489
f 5502 5503 5491
f 5502 5491 5490
f 5504 5488 5474
f 5504 5474 5493
f 5505 5475 5494
f 5505 5489 5475
f 5506 5476 5495
f 5506 5490 5476
f 5507 5493 5479
f 5507 5479 5496
f 5508 5480 5497
f 5508 5494 5480
f 5509 5495 5481
f 5509 5481 5498
f 5510 5482 5499
f 5510 5496 5482
f 5511 5497 5483
f 5511 5483 5500
f 5512 5498 5484
f 5512 5484 5501
f 5513 5503 5502
f 5513 5514 5515
f 5513 5515 5503
f 5516 5487 5517
f 5516 5517 5518
f 5516 5499 5485
f 5516 5485 5487
f 5519 5488 5504
f 5519 5500 5488
f 5520 5489 5505
f 5520 5501 5489
f 5521 5502 5490
f 5521 5490 5506
f 5522 5504 5493
f 5522 5493 5507
f 5523 5494 5508
f 5523 5505 5494
f 5524 5495 5509
f 5524 5506 5495
f 5525 5507 5496
f 5525 5496 5510
f 5526 5497 5511
f 5526 5508 5497
f 5527 5498 5512
f 5527 5509 5498
f 5528 5529 5530
f 5528 5530 5531
f 5528 5531 5514
f 5528 5514 5513
f 5532 5499 5516
f 5532 5510 5499
f 5533 5511 5500
f 5533 5500 5519
f 5534 5512 5501
f 5534 5501 5520
f 5535 5502 5521
f 5535 5513 5502
f 5536 5504 5522
f 5536 5519 5504
f 5537 5505 5523
f 5537 5520 5505
f 5538 5506 5524
f 5538 5521 5506
f 5539 5507 5525
f 5539 5522 5507
f 5540 5523 5508
f 5540 5508 5526
f 5541 5509 5527
f 5541 5524 5509
f 5542 5525 5510
f 5542 5510 5532
f 5543 5526 5511
f 5543 5511 5533
f 5544 5527 5512
f 5544 5512 5534
f 5545 5528 5513
f 5545 5529 5528
f 5545 5546 5529
f 5545 5513 5535
f 5547 5518 5548
f 5547 5516 5518
f 5547 5532 5516
f 5549 5533 5519
f 5549 5519 5536
f 5550 5520 5537
f 5550 5534 5520
f 5551 5535 5521
f 5551 5521 5538
f 5552 5536 5522
f 5552 5522 5539
f 5553 5537 5523
f 5553 5523 5540
f 5554 5538 5524
f 5554 5524 5541
f 5555 5539 5525
f 5555 5525 5542
f 5556 5540 5526
f 5556 5526 5543
f 5557 5527 5544
f 5557 5541 5527
f 5558 5532 5547
f 5558 5542 5532
f 5559 5533 5549
f 5559 5543 5533
f 5560 5544 5534
f 5560 5534 5550
f 5561 5545 5535
f 5561 5535 5551
f 5562 5536 5552
f 5562 5549 5536
f 5563 5537 5553
f 5563 5550 5537
f 5564 5538 5554
f 5564 5551 5538
f 5565 5552 5539
f 5565 5539 5555
f 5566 5553 5540
f 5566 5540 5556
f 5567 5541 5557
f 5567 5554 5541
f 5568 5555 5542
f 5568 5542 5558
f 5569 5543 5559
f 5569 5556 5543
f 5570 5557 5544
f 5570 5544 5560
f 5571 5546 5545
f 5571 5545 5561
f 5571 5572 5546
f 5573 5548 5574
f 5573 5574 5575
f 5573 5547 5548
f 5573 5558 5547
f 5576 5549 5562
f 5576 5559 5549
f 5577 5550 5563
f 5577 5560 5550
f 5578 5561 5551
f 5578 5551 5564
f 5579 5552 5565
f 5579 5562 5552
f 5580 5553 5566
f 5580 5563 5553
f 5581 5564 5554
f 5581 5554 5567
f 5582 5565 5555
f 5582 5555 5568
f 5583 5566 5556
f 5583 5556 5569
f 5584 5557 5570
f 5584 5567 5557
f 5585 5568 5558
f 5585 5558 5573
f 5586 5569 5559
f 5586 5559 5576
f 5587 5560 5577
f 5587 5570 5560
f 5588 5561 5578
f 5588 5589 5572
f 5588 5571 5561
f 5588 5572 5571
f 5590 5562 5579
f 5590 5576 5562
f 5591 5577 5563
f 5591 5563 5580
f 5592 5578 5564
f 5592 5564 5581
f 5593 5565 5582
f 5593 5579 5565
f 5594 5580 5566
f 5594 5566 5583
f 5595 5567 5584
f 5595 5581 5567
f 5596 5568 5585
f 5596 5582 5568
f 5597 5583 5569
f 5597 5569 5586
f 5598 5570 5587
f 5598 5584 5570
f 5599 5573 5575
f 5599 5585 5573
f 5600 5586 5576
f 5600 5576 5590
f 5601 5587 5577
f 5601 5577 5591
f 5602 5589 5588
f 5602 5578 5592
f 5602 5603 5589
f 5602 5588 5578
f 5604 5590 5579
f 5604 5579 5593
f 5605 5580 5594
f 5605 5591 5580
f 5606 5581 5595
f 5606 5592 5581
f 5607 5582 5596
f 5607 5593 5582
f 5608 5583 5597
f 5608 5594 5583
f 5609 5584 5598
f 5609 5595 5584
f 5610 5585 5599
f 5610 5596 5585
f 5611 5597 5586
f 5611 5586 5600
f 5612 5587 5601
f 5612 5598 5587
f 5613 5575 5614
f 5613 5614 5615
f 5613 5599 5575
f 5616 5600 5590
f 5616 5590 5604
f 5617 5601 5591
f 5617 5591 5605
f 5618 5602 5592
f 5618 5603 5602
f 5618 5619 5603
f 5618 5592 5606
f 5620 5604 5593
f 5620 5593 5607
f 5621 5605 5594
f 5621 5594 5608
f 5622 5606 5595
f 5622 5595 5609
f 5623 5607 5596
f 5623 5596 5610
f 5624 5597 5611
f 5624 5608 5597
f 5625 5609 5598
f 5625 5598 5612
f 5626 5613 5615
f 5626 5610 5599
f 5626 5599 5613
f 5627 5611 5600
f 5627 5600 5616
f 5628 5601 5617
f 5628 5612 5601
f 5629 5616 5604
f 5629 5604 5620
f 5630 5605 5621
f 5630 5617 5605
f 5631 5606 5622
f 5631 5618 5606
f 5632 5607 5623
f 5632 5620 5607
f 5633 5621 5608
f 5633 5608 5624
f 5634 5609 5625
f 5634 5622 5609
f 5635 5623 5610
f 5635 5610 5626
f 5636 5624 5611
f 5636 5611 5627
f 5637 5625 5612
f 5637 5612 5628
f 5638 5626 5615
f 5638 5615 5639
f 5640 5627 5616
f 5640 5616 5629
f 5641 5628 5617
f 5641 5617 5630
f 5642 5618 5631
f 5642 5643 5619
f 5642 5619 5618
f 5644 5629 5620
f 5644 5620 5632
f 5645 5621 5633
f 5645 5630 5621
f 5646 5622 5634
f 5646 5631 5622
f 5647 5623 5635
f 5647 5632 5623
f 5648 5624 5636
f 5648 5633 5624
f 5649 5625 5637
f 5649 5634 5625
f 5650 5635 5626
f 5650 5626 5638
f 5650 5638 5639
f 5651 5636 5627
f 5651 5627 5640
f 5652 5628 5641
f 5652 5637 5628
f 5653 5629 5644
f 5653 5640 5629
f 5654 5641 5630
f 5654 5630 5645
f 5655 5642 5631
f 5655 5631 5646
f 5655 5656 5657
f 5655 5657 5643
f 5655 5643 5642
f 5658 5644 5632
f 5658 5632 5647
f 5659 5645 5633
f 5659 5633 5648
f 5660 5646 5634
f 5660 5634 5649
f 5661 5647 5635
f 5661 5635 5650
f 5662 5648 5636
f 5662 5636 5651
f 5663 5649 5637
f 5663 5637 5652
f 5664 5639 5665
f 5664 5665 5666
f 5664 5650 5639
f 5667 5651 5640
f 5667 5640 5653
f 5668 5641 5654
f 5668 5652 5641
f 5669 5653 5644
f 5669 5644 5658
f 5670 5645 5659
f 5670 5654 5645
f 5671 5646 5660
f 5671 5672 5656
f 5671 5655 5646
f 5671 5656 5655
f 5673 5647 5661
f 5673 5658 5647
f 5674 5659 5648
f 5674 5648 5662
f 5675 5649 5663
f 5675 5660 5649
f 5676 5664 5666
f 5676 5650 5664
f 5676 5666 5677
f 5676 5661 5650
f 5678 5651 5667
f 5678 5662 5651
f 5679 5663 5652
f 5679 5652 5668
f 5680 5667 5653
f 5680 5653 5669
f 5681 5654 5670
f 5681 5668 5654
f 5682 5669 5658
f 5682 5658 5673
f 5683 5659 5674
f 5683 5670 5659
f 5684 5672 5671
f 5684 5660 5675
f 5684 5685 5672
f 5684 5671 5660
f 5686 5673 5661
f 5686 5661 5676
f 5687 5662 5678
f 5687 5674 5662
f 5688 5675 5663
f 5688 5663 5679
f 5689 5667 5680
f 5689 5678 5667
f 5690 5668 5681
f 5690 5679 5668
f 5691 5680 5669
f 5691 5669 5682
f 5692 5670 5683
f 5692 5681 5670
f 5693 5673 5686
f 5693 5682 5673
f 5694 5674 5687
f 5694 5683 5674
f 5695 5675 5688
f 5695 5696 5685
f 5695 5685 5684
f 5695 5684 5675
f 5697 5676 5677
f 5697 5686 5676
f 5698 5687 5678
f 5698 5678 5689
f 5699 5688 5679
f 5699 5679 5690
f 5700 5680 5691
f 5700 5689 5680
f 5701 5681 5692
f 5701 5690 5681
f 5702 5691 5682
f 5702 5682 5693
f 5703 5692 5683
f 5703 5683 5694
f 5704 5693 5686
f 5704 5686 5697
f 5705 5694 5687
f 5705 5687 5698
f 5706 5707 5696
f 5706 5696 5695
f 5706 5688 5699
f 5706 5695 5688
f 5708 5697 5677
f 5708 5677 5709
f 5708 5709 5710
f 5711 5698 5689
f 5711 5689 5700
f 5712 5699 5690
f 5712 5690 5701
f 5713 5691 5702
f 5713 5700 5691
f 5714 5692 5703
f 5714 5701 5692
f 5715 5702 5693
f 5715 5693 5704
f 5716 5703 5694
f 5716 5694 5705
f 5717 5704 5697
f 5717 5710 5718
f 5717 5697 5708
f 5717 5708 5710
f 5719 5698 5711
f 5719 5705 5698
f 5720 5707 5706
f 5720 5699 5712
f 5720 5706 5699
f 5720 5721 5707
f 5722 5711 5700
f 5722 5700 5713
f 5723 5701 5714
f 5723 5712 5701
f 5724 5702 5715
f 5724 5713 5702
f 5725 5703 5716
f 5725 5714 5703
f 5726 5715 5704
f 5726 5704 5717
f 5727 5705 5719
f 5727 5716 5705
f 5728 5711 5722
f 5728 5719 5711
f 5729 5720 5712
f 5729 5730 5731
f 5729 5731 5721
f 5729 5721 5720
f 5729 5712 5723
f 5732 5722 5713
f 5732 5713 5724
f 5733 5723 5714
f 5733 5714 5725
f 5734 5724 5715
f 5734 5715 5726
f 5735 5725 5716
f 5735 5716 5727
f 5736 5718 5737
f 5736 5717 5718
f 5736 5726 5717
f 5738 5727 5719
f 5738 5719 5728
f 5739 5728 5722
f 5739 5722 5732
f 5740 5723 5733
f 5740 5741 5730
f 5740 5730 5729
f 5740 5729 5723
f 5742 5732 5724
f 5742 5724 5734
f 5743 5733 5725
f 5743 5725 5735
f 5744 5734 5726
f 5744 5726 5736
f 5745 5735 5727
f 5745 5727 5738
f 5746 5738 5728
f 5746 5728 5739
f 5747 5732 5742
f 5747 5739 5732
f 5748 5740 5733
f 5748 5733 5743
f 5748 5749 5741
f 5748 5741 5740
f 5750 5742 5734
f 5750 5734 5744
f 5751 5735 5745
f 5751 5743 5735
f 5752 5744 5736
f 5752 5737 5753
f 5752 5753 5754
f 5752 5736 5737
f 5755 5745 5738
f 5755 5738 5746
f 5756 5746 5739
f 5756 5739 5747
f 5757 5747 5742
f 5757 5742 5750
f 5758 5749 5748
f 5758 5743 5751
f 5758 5759 5749
f 5758 5748 5743
f 5760 5750 5744
f 5760 5744 5752
f 5761 5751 5745
f 5761 5745 5755
f 5762 5746 5756
f 5762 5755 5746
f 5763 5747 5757
f 5763 5756 5747
f 5764 5750 5760
f 5764 5757 5750
f 5765 5758 5751
f 5765 5751 5761
f 5765 5759 5758
f 5765 5766 5759
f 5767 5754 5768
f 5767 5768 5769
f 5767 5752 5754
f 5767 5760 5752
f 5770 5761 5755
f 5770 5755 5762
f 5771 5762 5756
f 5771 5756 5763
f 5772 5763 5757
f 5772 5757 5764
f 5773 5764 5760
f 5773 5760 5767
f 5774 5765 5761
f 5774 5775 5766
f 5774 5766 5765
f 5774 5761 5770
f 5776 5762 5771
f 5776 5770 5762
f 5777 5763 5772
f 5777 5771 5763
f 5778 5764 5773
f 5778 5772 5764
f 5779 5769 5780
f 5779 5767 5769
f 5779 5773 5767
f 5781 5782 5783
f 5781 5783 5775
f 5781 5775 5774
f 5781 5774 5770
f 5781 5770 5776
f 5784 5785 5786
f 5784 5776 5771
f 5784 5771 5777
f 5787 5777 5772
f 5787 5772 5778
f 5788 5778 5773
f 5788 5773 5779
f 5789 5786 5782
f 5789 5784 5786
f 5789 5782 5781
f 5789 5781 5776
f 5789 5776 5784
f 5790 5791 5785
f 5790 5785 5784
f 5790 5777 5787
f 5790 5784 5777
f 5792 5778 5788
f 5792 5787 5778
f 5793 5780 5794
f 5793 5794 5795
f 5793 5779 5780
f 5793 5788 5779
f 5796 5790 5787
f 5796 5787 5792
f 5796 5797 5791
f 5796 5791 5790
f 5798 5788 5793
f 5798 5799 5800
f 5798 5792 5788
f 5801 5796 5792
f 5801 5798 5800
f 5801 5797 5796
f 5801 5800 5797
f 5801 5792 5798
f 5802 5799 5798
f 5802 5795 5803
f 5802 5803 5804
f 5802 5804 5799
f 5802 5793 5795
f 5802 5798 5793
f 5804 5805 5806
f 5804 5803 5805
f 5799 5806 5807
f 5799 5804 5806
f 5800 5807 5808
f 5800 5799 5807
f 5797 5808 5809
f 5797 5800 5808
f 5791 5809 5810
f 5791 5797 5809
f 5785 5810 5811
f 5785 5791 5810
f 5786 5811 5812
f 5786 5785 5811
f 5782 5812 5813
f 5782 5786 5812
f 5783 5782 5813
f 5783 5813 5814
f 5775 5814 5815
f 5775 5783 5814
f 5766 5815 5816
f 5766 5775 5815
f 5759 5816 5817
f 5759 5766 5816
f 5749 5817 5818
f 5749 5759 5817
f 5741 5818 5819
f 5741 5749 5818
f 5730 5819 5820
f 5730 5741 5819
f 5731 5820 5821
f 5731 5730 5820
f 5721 5821 5822
f 5721 5731 5821
f 5707 5822 5823
f 5707 5823 5824
f 5707 5721 5822
f 5696 5707 5824
f 5685 5824 5825
f 5685 5696 5824
f 5672 5825 5826
f 5672 5826 5827
f 5672 5685 5825
f 5656 5672 5827
f 5657 5827 5828
f 5657 5656 5827
f 5643 5828 5829
f 5643 5657 5828
f 5619 5829 5830
f 5619 5643 5829
f 5603 5830 5831
f 5603 5619 5830
f 5589 5831 5832
f 5589 5603 5831
f 5572 5832 5833
f 5572 5833 5834
f 5572 5589 5832
f 5546 5834 5835
f 5546 5572 5834
f 5529 5546 5835
f 5530 5835 5836
f 5530 5529 5835
f 5531 5836 5837
f 5531 5530 5836
f 4875 4874 5365
f 4875 5365 5364
f 4878 5364 5362
f 4878 4875 5364
f 4880 5362 5361
f 4880 4878 5362
f 4881 5361 5360
f 4881 4880 5361
f 4882 5360 5370
f 4882 4881 5360
f 4888 5370 5368
f 4888 4882 5370
f 4892 5368 5367
f 4892 4888 5368
f 4894 4892 5367
f 4894 5367 5377
f 4895 4894 5377
f 4895 5377 5376
f 4902 4895 5376
f 4902 5376 5385
f 4911 4902 5385
f 4911 5385 5382
f 4918 4911 5382
f 4918 5382 5381
f 4919 4918 5381
f 4919 5381 5390
f 4928 4919 5390
f 4928 5390 5389
f 4936 4928 5389
f 4936 5389 5398
f 4947 4936 5398
f 4947 5398 5397
f 4956 4947 5397
f 4956 5397 5408
f 4967 4956 5408
f 4967 5408 5417
f 4980 5417 5416
f 4980 4967 5417
f 4991 5416 5425
f 4991 4980 5416
f 4992 4991 5425
f 4992 5425 5436
f 5006 5436 5435
f 5006 4992 5436
f 5018 5006 5435
f 5018 5435 5456
f 5032 5456 5467
f 5032 5018 5456
f 5045 5467 5478
f 5045 5032 5467
f 5070 5478 5477
f 5070 5045 5478
f 5085 5477 5492
f 5085 5070 5477
f 5102 5492 5491
f 5102 5085 5492
f 5103 5491 5503
f 5103 5102 5491
f 5129 5503 5515
f 5129 5103 5503
f 5144 5515 5514
f 5144 5129 5515
f 5162 5514 5531
f 5162 5144 5514
f 5838 5839 5840
f 5838 5840 5841
f 5842 5838 5841
f 5842 5839 5838
f 5842 5841 5843
f 5844 5845 5846
f 5844 5846 5847
f 5848 5839 5842
f 5848 5849 5850
f 5848 5850 5839
f 5851 5845 5844
f 5851 5843 5845
f 5851 5842 5843
f 5852 5847 5853
f 5852 5844 5847
f 5854 5842 5851
f 5854 5848 5842
f 5854 5849 5848
f 5855 5851 5844
f 5855 5844 5852
f 5856 5852 5853
f 5856 5853 5857
f 5858 5857 5859
f 5858 5859 5860
f 5861 5849 5854
f 5861 5862 5849
f 5863 5851 5855
f 5863 5854 5851
f 5864 5855 5852
f 5864 5852 5856
f 5865 5856 5857
f 5865 5857 5858
f 5866 5860 5867
f 5866 5858 5860
f 5868 5862 5861
f 5868 5861 5854
f 5868 5854 5863
f 5869 5855 5864
f 5869 5863 5855
f 5870 5864 5856
f 5870 5856 5865
f 5871 5865 5858
f 5871 5858 5866
f 5872 5873 5874
f 5872 5874 5862
f 5872 5862 5868
f 5875 5866 5867
f 5875 5867 5876
f 5877 5868 5863
f 5877 5863 5869
f 5878 5864 5870
f 5878 5869 5864
f 5879 5865 5871
f 5879 5870 5865
f 5880 5866 5875
f 5880 5871 5866
f 5881 5868 5877
f 5881 5872 5868
f 5881 5873 5872
f 5882 5875 5876
f 5882 5876 5883
f 5882 5883 5884
f 5885 5877 5869
f 5885 5869 5878
f 5886 5870 5879
f 5886 5878 5870
f 5887 5871 5880
f 5887 5879 5871
f 5888 5889 5873
f 5888 5873 5881
f 5890 5875 5882
f 5890 5880 5875
f 5891 5881 5877
f 5891 5877 5885
f 5892 5882 5884
f 5892 5884 5893
f 5894 5885 5878
f 5894 5878 5886
f 5895 5879 5887
f 5895 5886 5879
f 5896 5880 5890
f 5896 5887 5880
f 5897 5888 5881
f 5897 5881 5891
f 5898 5882 5892
f 5898 5890 5882
f 5899 5891 5885
f 5899 5885 5894
f 5900 5892 5893
f 5900 5893 5901
f 5902 5894 5886
f 5902 5886 5895
f 5903 5895 5887
f 5903 5887 5896
f 5904 5888 5897
f 5904 5905 5906
f 5904 5906 5889
f 5904 5889 5888
f 5907 5890 5898
f 5907 5896 5890
f 5908 5891 5899
f 5908 5897 5891
f 5909 5892 5900
f 5909 5898 5892
f 5910 5899 5894
f 5910 5894 5902
f 5911 5900 5901
f 5911 5901 5912
f 5913 5895 5903
f 5913 5902 5895
f 5914 5896 5907
f 5914 5903 5896
f 5915 5904 5897
f 5915 5897 5908
f 5916 5898 5909
f 5916 5907 5898
f 5917 5899 5910
f 5917 5908 5899
f 5918 5909 5900
f 5918 5900 5911
f 5919 5902 5913
f 5919 5910 5902
f 5920 5911 5912
f 5920 5912 5921
f 5922 5903 5914
f 5922 5913 5903
f 5923 5904 5915
f 5923 5905 5904
f 5923 5924 5905
f 5925 5907 5916
f 5925 5914 5907
f 5926 5915 5908
f 5926 5908 5917
f 5927 5916 5909
f 5927 5909 5918
f 5928 5910 5919
f 5928 5917 5910
f 5929 5918 5911
f 5929 5911 5920
f 5930 5913 5922
f 5930 5919 5913
f 5931 5920 5921
f 5931 5921 5932
f 5933 5922 5914
f 5933 5914 5925
f 5934 5923 5915
f 5934 5915 5926
f 5935 5916 5927
f 5935 5925 5916
f 5936 5926 5917
f 5936 5917 5928
f 5937 5927 5918
f 5937 5918 5929
f 5938 5928 5919
f 5938 5919 5930
f 5939 5929 5920
f 5939 5920 5931
f 5940 5930 5922
f 5940 5922 5933
f 5941 5942 5943
f 5941 5943 5924
f 5941 5924 5923
f 5941 5923 5934
f 5944 5931 5932
f 5944 5932 5945
f 5946 5933 5925
f 5946 5925 5935
f 5947 5934 5926
f 5947 5926 5936
f 5948 5935 5927
f 5948 5927 5937
f 5949 5936 5928
f 5949 5928 5938
f 5950 5937 5929
f 5950 5929 5939
f 5951 5938 5930
f 5951 5930 5940
f 5952 5939 5931
f 5952 5931 5944
f 5953 5940 5933
f 5953 5933 5946
f 5954 5941 5934
f 5954 5934 5947
f 5955 5944 5945
f 5955 5945 5956
f 5955 5956 5957
f 5958 5946 5935
f 5958 5935 5948
f 5959 5936 5949
f 5959 5947 5936
f 5960 5948 5937
f 5960 5937 5950
f 5961 5949 5938
f 5961 5938 5951
f 5962 5939 5952
f 5962 5950 5939
f 5963 5940 5953
f 5963 5951 5940
f 5964 5941 5954
f 5964 5942 5941
f 5964 5965 5966
f 5964 5966 5942
f 5967 5944 5955
f 5967 5952 5944
f 5968 5953 5946
f 5968 5946 5958
f 5969 5947 5959
f 5969 5954 5947
f 5970 5955 5957
f 5970 5957 5971
f 5972 5958 5948
f 5972 5948 5960
f 5973 5959 5949
f 5973 5949 5961
f 5974 5960 5950
f 5974 5950 5962
f 5975 5961 5951
f 5975 5951 5963
f 5976 5962 5952
f 5976 5952 5967
f 5977 5963 5953
f 5977 5953 5968
f 5978 5964 5954
f 5978 5954 5969
f 5979 5955 5970
f 5979 5967 5955
f 5980 5958 5972
f 5980 5968 5958
f 5981 5959 5973
f 5981 5969 5959
f 5982 5970 5971
f 5982 5971 5983
f 5984 5972 5960
f 5984 5960 5974
f 5985 5973 5961
f 5985 5961 5975
f 5986 5962 5976
f 5986 5974 5962
f 5987 5975 5963
f 5987 5963 5977
f 5988 5989 5965
f 5988 5965 5964
f 5988 5964 5978
f 5990 5967 5979
f 5990 5976 5967
f 5991 5968 5980
f 5991 5977 5968
f 5992 5969 5981
f 5992 5978 5969
f 5993 5979 5970
f 5993 5970 5982
f 5994 5972 5984
f 5994 5980 5972
f 5995 5981 5973
f 5995 5973 5985
f 5996 5982 5983
f 5996 5983 5997
f 5998 5984 5974
f 5998 5974 5986
f 5999 5975 5987
f 5999 5985 5975
f 6000 5986 5976
f 6000 5976 5990
f 6001 5977 5991
f 6001 5987 5977
f 6002 5978 5992
f 6002 5988 5978
f 6003 5990 5979
f 6003 5979 5993
f 6004 5980 5994
f 6004 5991 5980
f 6005 5992 5981
f 6005 5981 5995
f 6006 5993 5982
f 6006 5982 5996
f 6007 5994 5984
f 6007 5984 5998
f 6008 5985 5999
f 6008 5995 5985
f 6009 5996 5997
f 6009 5997 6010
f 6011 5998 5986
f 6011 5986 6000
f 6012 5999 5987
f 6012 5987 6001
f 6013 5989 5988
f 6013 5988 6002
f 6013 6014 6015
f 6013 6015 5989
f 6016 6000 5990
f 6016 5990 6003
f 6017 6001 5991
f 6017 5991 6004
f 6018 6002 5992
f 6018 5992 6005
f 6019 5993 6006
f 6019 6003 5993
f 6020 6004 5994
f 6020 5994 6007
f 6021 5995 6008
f 6021 6005 5995
f 6022 6006 5996
f 6022 5996 6009
f 6023 6007 5998
f 6023 5998 6011
f 6024 6008 5999
f 6024 5999 6012
f 6025 6011 6000
f 6025 6000 6016
f 6026 6012 6001
f 6026 6001 6017
f 6027 6013 6002
f 6027 6002 6018
f 6028 6016 6003
f 6028 6003 6019
f 6029 6004 6020
f 6029 6017 6004
f 6030 6018 6005
f 6030 6005 6021
f 6031 6019 6006
f 6031 6006 6022
f 6032 6020 6007
f 6032 6007 6023
f 6033 6008 6024
f 6033 6021 6008
f 6034 6022 6009
f 6034 6009 6010
f 6034 6010 6035
f 6036 6023 6011
f 6036 6011 6025
f 6037 6024 6012
f 6037 6012 6026
f 6038 6013 6027
f 6038 6039 6014
f 6038 6014 6013
f 6040 6016 6028
f 6040 6025 6016
f 6041 6026 6017
f 6041 6017 6029
f 6042 6018 6030
f 6042 6027 6018
f 6043 6028 6019
f 6043 6019 6031
f 6044 6029 6020
f 6044 6020 6032
f 6045 6021 6033
f 6045 6030 6021
f 6046 6031 6022
f 6046 6022 6034
f 6047 6023 6036
f 6047 6032 6023
f 6048 6024 6037
f 6048 6033 6024
f 6049 6034 6035
f 6049 6035 6050
f 6051 6036 6025
f 6051 6025 6040
f 6052 6026 6041
f 6052 6037 6026
f 6053 6027 6042
f 6053 6038 6027
f 6054 6028 6043
f 6054 6040 6028
f 6055 6041 6029
f 6055 6029 6044
f 6056 6030 6045
f 6056 6042 6030
f 6057 6043 6031
f 6057 6031 6046
f 6058 6044 6032
f 6058 6032 6047
f 6059 6033 6048
f 6059 6045 6033
f 6060 6034 6049
f 6060 6046 6034
f 6061 6036 6051
f 6061 6047 6036
f 6062 6048 6037
f 6062 6037 6052
f 6063 6064 6065
f 6063 6065 6039
f 6063 6039 6038
f 6063 6038 6053
f 6066 6049 6050
f 6066 6050 6067
f 6066 6067 6068
f 6069 6051 6040
f 6069 6040 6054
f 6070 6041 6055
f 6070 6052 6041
f 6071 6042 6056
f 6071 6053 6042
f 6072 6043 6057
f 6072 6054 6043
f 6073 6044 6058
f 6073 6055 6044
f 6074 6045 6059
f 6074 6056 6045
f 6075 6046 6060
f 6075 6057 6046
f 6076 6058 6047
f 6076 6047 6061
f 6077 6059 6048
f 6077 6048 6062
f 6078 6060 6049
f 6078 6049 6066
f 6079 6061 6051
f 6079 6051 6069
f 6080 6062 6052
f 6080 6052 6070
f 6081 6063 6053
f 6081 6053 6071
f 6082 6069 6054
f 6082 6054 6072
f 6083 6055 6073
f 6083 6070 6055
f 6084 6071 6056
f 6084 6056 6074
f 6085 6072 6057
f 6085 6057 6075
f 6086 6058 6076
f 6086 6073 6058
f 6087 6059 6077
f 6087 6074 6059
f 6088 6075 6060
f 6088 6060 6078
f 6089 6061 6079
f 6089 6076 6061
f 6090 6062 6080
f 6090 6077 6062
f 6091 6063 6081
f 6091 6092 6064
f 6091 6064 6063
f 6093 6066 6068
f 6093 6078 6066
f 6093 6068 6094
f 6095 6069 6082
f 6095 6079 6069
f 6096 6080 6070
f 6096 6070 6083
f 6097 6081 6071
f 6097 6071 6084
f 6098 6082 6072
f 6098 6072 6085
f 6099 6083 6073
f 6099 6073 6086
f 6100 6084 6074
f 6100 6074 6087
f 6101 6085 6075
f 6101 6075 6088
f 6102 6086 6076
f 6102 6076 6089
f 6103 6087 6077
f 6103 6077 6090
f 6104 6078 6093
f 6104 6088 6078
f 6105 6089 6079
f 6105 6079 6095
f 6106 6090 6080
f 6106 6080 6096
f 6107 6081 6097
f 6107 6091 6081
f 6108 6094 6109
f 6108 6093 6094
f 6110 6082 6098
f 6110 6095 6082
f 6111 6096 6083
f 6111 6083 6099
f 6112 6084 6100
f 6112 6097 6084
f 6113 6098 6085
f 6113 6085 6101
f 6114 6099 6086
f 6114 6086 6102
f 6115 6100 6087
f 6115 6087 6103
f 6116 6101 6088
f 6116 6088 6104
f 6117 6102 6089
f 6117 6089 6105
f 6118 6103 6090
f 6118 6090 6106
f 6119 6091 6107
f 6119 6120 6121
f 6119 6121 6092
f 6119 6092 6091
f 6122 6104 6093
f 6122 6093 6108
f 6123 6105 6095
f 6123 6095 6110
f 6124 6106 6096
f 6124 6096 6111
f 6125 6107 6097
f 6125 6097 6112
f 6126 6127 6128
f 6126 6108 6109
f 6126 6128 6108
f 6126 6109 6127
f 6129 6110 6098
f 6129 6098 6113
f 6130 6099 6114
f 6130 6111 6099
f 6131 6112 6100
f 6131 6100 6115
f 6132 6113 6101
f 6132 6101 6116
f 6133 6114 6102
f 6133 6102 6117
f 6134 6103 6118
f 6134 6115 6103
f 6135 6104 6122
f 6135 6116 6104
f 6136 6117 6105
f 6136 6105 6123
f 6137 6106 6124
f 6137 6118 6106
f 6138 6119 6107
f 6138 6120 6119
f 6138 6107 6125
f 6139 6140 6122
f 6139 6128 6141
f 6139 6141 6140
f 6139 6122 6108
f 6139 6108 6128
f 6142 6123 6110
f 6142 6110 6129
f 6143 6124 6111
f 6143 6111 6130
f 6144 6112 6131
f 6144 6125 6112
f 6145 6129 6113
f 6145 6113 6132
f 6146 6130 6114
f 6146 6114 6133
f 6147 6131 6115
f 6147 6115 6134
f 6148 6116 6135
f 6148 6132 6116
f 6149 6117 6136
f 6149 6133 6117
f 6150 6118 6137
f 6150 6134 6118
f 6151 6120 6138
f 6151 6152 6120
f 6153 6122 6140
f 6153 6140 6154
f 6153 6154 6135
f 6153 6135 6122
f 6155 6123 6142
f 6155 6136 6123
f 6156 6124 6143
f 6156 6137 6124
f 6157 6138 6125
f 6157 6125 6144
f 6158 6142 6129
f 6158 6129 6145
f 6159 6143 6130
f 6159 6130 6146
f 6160 6131 6147
f 6160 6144 6131
f 6161 6145 6132
f 6161 6132 6148
f 6162 6146 6133
f 6162 6133 6149
f 6163 6134 6150
f 6163 6147 6134
f 6164 6154 6165
f 6164 6165 6166
f 6164 6135 6154
f 6164 6148 6135
f 6164 6166 6148
f 6167 6136 6155
f 6167 6149 6136
f 6168 6137 6156
f 6168 6150 6137
f 6169 6138 6157
f 6169 6151 6138
f 6169 6152 6151
f 6170 6142 6158
f 6170 6155 6142
f 6171 6143 6159
f 6171 6156 6143
f 6172 6157 6144
f 6172 6144 6160
f 6173 6145 6161
f 6173 6158 6145
f 6174 6159 6146
f 6174 6146 6162
f 6175 6160 6147
f 6175 6147 6163
f 6176 6166 6177
f 6176 6161 6148
f 6176 6148 6166
f 6178 6162 6149
f 6178 6149 6167
f 6179 6163 6150
f 6179 6150 6168
f 6180 6181 6182
f 6180 6182 6152
f 6180 6152 6169
f 6183 6167 6155
f 6183 6155 6170
f 6184 6168 6156
f 6184 6156 6171
f 6185 6169 6157
f 6185 6157 6172
f 6186 6170 6158
f 6186 6158 6173
f 6187 6159 6174
f 6187 6171 6159
f 6188 6160 6175
f 6188 6172 6160
f 6189 6176 6177
f 6189 6161 6176
f 6189 6177 6190
f 6189 6190 6191
f 6189 6173 6161
f 6192 6162 6178
f 6192 6174 6162
f 6193 6163 6179
f 6193 6175 6163
f 6194 6167 6183
f 6194 6178 6167
f 6195 6168 6184
f 6195 6179 6168
f 6196 6180 6169
f 6196 6181 6180
f 6196 6169 6185
f 6197 6183 6170
f 6197 6170 6186
f 6198 6184 6171
f 6198 6171 6187
f 6199 6172 6188
f 6199 6185 6172
f 6200 6191 6201
f 6200 6186 6173
f 6200 6189 6191
f 6200 6173 6189
f 6202 6187 6174
f 6202 6174 6192
f 6203 6188 6175
f 6203 6175 6193
f 6204 6192 6178
f 6204 6178 6194
f 6205 6179 6195
f 6205 6193 6179
f 6206 6194 6183
f 6206 6183 6197
f 6207 6184 6198
f 6207 6195 6184
f 6208 6196 6185
f 6208 6185 6199
f 6209 6201 6210
f 6209 6210 6211
f 6209 6197 6186
f 6209 6200 6201
f 6209 6186 6200
f 6212 6198 6187
f 6212 6187 6202
f 6213 6199 6188
f 6213 6188 6203
f 6214 6192 6204
f 6214 6202 6192
f 6215 6203 6193
f 6215 6193 6205
f 6216 6204 6194
f 6216 6194 6206
f 6217 6205 6195
f 6217 6195 6207
f 6218 6219 6220
f 6218 6220 6181
f 6218 6181 6196
f 6218 6196 6208
f 6221 6211 6222
f 6221 6222 6223
f 6221 6209 6211
f 6221 6206 6197
f 6221 6197 6209
f 6224 6207 6198
f 6224 6198 6212
f 6225 6208 6199
f 6225 6199 6213
f 6226 6212 6202
f 6226 6202 6214
f 6227 6213 6203
f 6227 6203 6215
f 6228 6204 6216
f 6228 6214 6204
f 6229 6205 6217
f 6229 6215 6205
f 6230 6206 6221
f 6230 6223 6231
f 6230 6216 6206
f 6230 6221 6223
f 6232 6217 6207
f 6232 6207 6224
f 6233 6219 6218
f 6233 6218 6208
f 6233 6208 6225
f 6234 6224 6212
f 6234 6212 6226
f 6235 6213 6227
f 6235 6225 6213
f 6236 6226 6214
f 6236 6214 6228
f 6237 6227 6215
f 6237 6215 6229
f 6238 6231 6239
f 6238 6239 6240
f 6238 6230 6231
f 6238 6216 6230
f 6238 6228 6216
f 6241 6217 6232
f 6241 6229 6217
f 6242 6224 6234
f 6242 6232 6224
f 6243 6225 6235
f 6243 6233 6225
f 6244 6234 6226
f 6244 6226 6236
f 6245 6235 6227
f 6245 6227 6237
f 6246 6240 6247
f 6246 6236 6228
f 6246 6228 6238
f 6246 6238 6240
f 6248 6237 6229
f 6248 6229 6241
f 6249 6241 6232
f 6249 6232 6242
f 6250 6251 6252
f 6250 6252 6219
f 6250 6233 6243
f 6250 6219 6233
f 6253 6242 6234
f 6253 6234 6244
f 6254 6235 6245
f 6254 6243 6235
f 6255 6247 6256
f 6255 6256 6257
f 6255 6244 6236
f 6255 6246 6247
f 6255 6236 6246
f 6258 6245 6237
f 6258 6237 6248
f 6259 6248 6241
f 6259 6241 6249
f 6260 6242 6253
f 6260 6249 6242
f 6261 6250 6243
f 6261 6243 6254
f 6262 6257 6263
f 6262 6255 6257
f 6262 6253 6244
f 6262 6244 6255
f 6264 6254 6245
f 6264 6245 6258
f 6265 6258 6248
f 6265 6248 6259
f 6266 6259 6249
f 6266 6249 6260
f 6267 6268 6251
f 6267 6251 6250
f 6267 6250 6261
f 6269 6253 6262
f 6269 6263 6270
f 6269 6270 6271
f 6269 6271 6260
f 6269 6262 6263
f 6269 6260 6253
f 6272 6254 6264
f 6272 6261 6254
f 6273 6258 6265
f 6273 6264 6258
f 6274 6259 6266
f 6274 6265 6259
f 6275 6266 6260
f 6275 6271 6276
f 6275 6276 6266
f 6275 6260 6271
f 6277 6267 6261
f 6277 6278 6279
f 6277 6279 6268
f 6277 6268 6267
f 6277 6261 6272
f 6280 6264 6273
f 6280 6281 6282
f 6280 6272 6264
f 6283 6273 6265
f 6283 6284 6273
f 6283 6274 6285
f 6283 6285 6286
f 6283 6265 6274
f 6283 6286 6284
f 6287 6276 6288
f 6287 6285 6274
f 6287 6288 6285
f 6287 6266 6276
f 6287 6274 6266
f 6289 6277 6272
f 6289 6278 6277
f 6289 6282 6278
f 6289 6280 6282
f 6289 6272 6280
f 6290 6280 6273
f 6290 6273 6284
f 6290 6284 6281
f 6290 6281 6280
f 6268 6291 6292
f 6268 6279 6291
f 6251 6292 6293
f 6251 6268 6292
f 6252 6293 6294
f 6252 6251 6293
f 6219 6294 6295
f 6219 6252 6294
f 6220 6295 6296
f 6220 6219 6295
f 6181 6296 6297
f 6181 6220 6296
f 6182 6297 6298
f 6182 6181 6297
f 6152 6298 6299
f 6152 6182 6298
f 6120 6152 6299
f 6120 6299 6300
f 6121 6300 6301
f 6121 6120 6300
f 6092 6301 6302
f 6092 6121 6301
f 6064 6302 6303
f 6064 6092 6302
f 6065 6303 6304
f 6065 6064 6303
f 6039 6304 6305
f 6039 6065 6304
f 6014 6305 6306
f 6014 6039 6305
f 6015 6306 6307
f 6015 6014 6306
f 5989 6307 6308
f 5989 6015 6307
f 5965 6308 6309
f 5965 6309 6310
f 5965 5989 6308
f 5966 5965 6310
f 5942 6310 6311
f 5942 5966 6310
f 5943 6311 6312
f 5943 5942 6311
f 5924 6312 6313
f 5924 5943 6312
f 5905 6313 6314
f 5905 5924 6313
f 5906 6314 6315
f 5906 5905 6314
f 5889 6315 6316
f 5889 5906 6315
f 5873 6316 6317
f 5873 5889 6316
f 5874 6317 6318
f 5874 5873 6317
f 5862 6318 6319
f 5862 6319 6320
f 5862 5874 6318
f 5849 5862 6320
f 5850 6320 6321
f 5850 5849 6320
f 5839 6321 6322
f 5839 5850 6321
f 5840 6322 6323
f 5840 5839 6322
f 6324 6325 6326
f 6324 6326 6327
f 6328 6327 6329
f 6328 6329 6330
f 6331 6332 6333
f 6334 6335 6325
f 6334 6325 6324
f 6336 6327 6328
f 6336 6324 6327
f 6337 6328 6330
f 6337 6330 6338
f 6337 6338 6339
f 6340 6332 6331
f 6340 6341 6342
f 6340 6342 6332
f 6343 6331 6333
f 6343 6333 6335
f 6343 6335 6334
f 6344 6324 6336
f 6344 6334 6324
f 6345 6346 6347
f 6348 6328 6337
f 6348 6336 6328
f 6349 6347 6350
f 6349 6350 6341
f 6349 6341 6340
f 6351 6340 6331
f 6351 6331 6343
f 6352 6334 6344
f 6352 6343 6334
f 6353 6354 6355
f 6356 6344 6336
f 6356 6336 6348
f 6357 6347 6349
f 6357 6345 6347
f 6358 6337 6339
f 6358 6348 6337
f 6359 6340 6351
f 6359 6349 6340
f 6360 6343 6352
f 6360 6351 6343
f 6361 6362 6363
f 6361 6363 6354
f 6364 6344 6356
f 6364 6352 6344
f 6365 6346 6345
f 6365 6353 6355
f 6365 6355 6346
f 6365 6345 6357
f 6366 6356 6348
f 6366 6348 6358
f 6367 6349 6359
f 6367 6357 6349
f 6368 6358 6339
f 6368 6339 6369
f 6368 6369 6370
f 6371 6359 6351
f 6371 6351 6360
f 6372 6373 6362
f 6374 6352 6364
f 6374 6360 6352
f 6375 6354 6353
f 6375 6361 6354
f 6375 6353 6365
f 6376 6356 6366
f 6376 6364 6356
f 6377 6365 6357
f 6377 6357 6367
f 6378 6366 6358
f 6378 6358 6368
f 6379 6367 6359
f 6379 6359 6371
f 6380 6381 6382
f 6380 6382 6373
f 6383 6371 6360
f 6383 6360 6374
f 6384 6372 6362
f 6384 6362 6361
f 6384 6361 6375
f 6385 6374 6364
f 6385 6364 6376
f 6386 6365 6377
f 6386 6375 6365
f 6387 6366 6378
f 6387 6376 6366
f 6388 6367 6379
f 6388 6377 6367
f 6389 6390 6381
f 6391 6378 6368
f 6391 6368 6370
f 6391 6370 6392
f 6393 6371 6383
f 6393 6379 6371
f 6394 6372 6384
f 6394 6380 6373
f 6394 6373 6372
f 6395 6383 6374
f 6395 6374 6385
f 6396 6375 6386
f 6396 6384 6375
f 6397 6385 6376
f 6397 6376 6387
f 6398 6377 6388
f 6398 6386 6377
f 6399 6400 6401
f 6399 6401 6390
f 6402 6387 6378
f 6402 6378 6391
f 6403 6388 6379
f 6403 6379 6393
f 6404 6389 6381
f 6404 6380 6394
f 6404 6381 6380
f 6405 6383 6395
f 6405 6393 6383
f 6406 6394 6384
f 6406 6384 6396
f 6407 6385 6397
f 6407 6395 6385
f 6408 6386 6398
f 6408 6396 6386
f 6409 6397 6387
f 6409 6387 6402
f 6410 6398 6388
f 6410 6388 6403
f 6411 6390 6389
f 6411 6399 6390
f 6411 6389 6404
f 6412 6391 6392
f 6412 6402 6391
f 6412 6392 6413
f 6414 6403 6393
f 6414 6393 6405
f 6415 6404 6394
f 6415 6394 6406
f 6416 6405 6395
f 6416 6395 6407
f 6417 6396 6408
f 6417 6406 6396
f 6418 6407 6397
f 6418 6397 6409
f 6419 6398 6410
f 6419 6408 6398
f 6420 6399 6411
f 6420 6400 6399
f 6420 6421 6400
f 6422 6409 6402
f 6422 6402 6412
f 6423 6403 6414
f 6423 6410 6403
f 6424 6404 6415
f 6424 6411 6404
f 6425 6412 6413
f 6425 6413 6426
f 6427 6414 6405
f 6427 6405 6416
f 6428 6406 6417
f 6428 6415 6406
f 6429 6407 6418
f 6429 6416 6407
f 6430 6417 6408
f 6430 6408 6419
f 6431 6432 6421
f 6431 6421 6420
f 6433 6409 6422
f 6433 6418 6409
f 6434 6419 6410
f 6434 6410 6423
f 6435 6420 6411
f 6435 6411 6424
f 6436 6412 6425
f 6436 6422 6412
f 6437 6423 6414
f 6437 6414 6427
f 6438 6415 6428
f 6438 6424 6415
f 6439 6427 6416
f 6439 6416 6429
f 6440 6428 6417
f 6440 6417 6430
f 6441 6432 6431
f 6441 6442 6443
f 6441 6443 6432
f 6444 6418 6433
f 6444 6429 6418
f 6445 6419 6434
f 6445 6430 6419
f 6446 6431 6420
f 6446 6420 6435
f 6447 6422 6436
f 6447 6433 6422
f 6448 6434 6423
f 6448 6423 6437
f 6449 6435 6424
f 6449 6424 6438
f 6450 6426 6451
f 6450 6451 6452
f 6450 6436 6425
f 6450 6425 6426
f 6453 6427 6439
f 6453 6437 6427
f 6454 6438 6428
f 6454 6428 6440
f 6455 6456 6457
f 6455 6457 6442
f 6455 6442 6441
f 6458 6429 6444
f 6458 6439 6429
f 6459 6430 6445
f 6459 6440 6430
f 6460 6441 6431
f 6460 6431 6446
f 6461 6444 6433
f 6461 6433 6447
f 6462 6434 6448
f 6462 6445 6434
f 6463 6446 6435
f 6463 6435 6449
f 6464 6436 6450
f 6464 6447 6436
f 6465 6448 6437
f 6465 6437 6453
f 6466 6438 6454
f 6466 6449 6438
f 6467 6456 6455
f 6467 6468 6456
f 6469 6439 6458
f 6469 6453 6439
f 6470 6440 6459
f 6470 6454 6440
f 6471 6455 6441
f 6471 6441 6460
f 6472 6458 6444
f 6472 6444 6461
f 6473 6459 6445
f 6473 6445 6462
f 6474 6460 6446
f 6474 6446 6463
f 6475 6461 6447
f 6475 6447 6464
f 6476 6462 6448
f 6476 6448 6465
f 6477 6463 6449
f 6477 6449 6466
f 6478 6468 6467
f 6478 6479 6480
f 6478 6480 6468
f 6481 6464 6450
f 6481 6450 6452
f 6481 6452 6482
f 6481 6482 6483
f 6484 6453 6469
f 6484 6465 6453
f 6485 6454 6470
f 6485 6466 6454
f 6486 6467 6455
f 6486 6455 6471
f 6487 6458 6472
f 6487 6469 6458
f 6488 6470 6459
f 6488 6459 6473
f 6489 6460 6474
f 6489 6471 6460
f 6490 6461 6475
f 6490 6472 6461
f 6491 6462 6476
f 6491 6473 6462
f 6492 6474 6463
f 6492 6463 6477
f 6493 6479 6478
f 6493 6494 6495
f 6493 6495 6496
f 6493 6496 6479
f 6497 6475 6464
f 6497 6464 6481
f 6498 6465 6484
f 6498 6476 6465
f 6499 6477 6466
f 6499 6466 6485
f 6500 6478 6467
f 6500 6467 6486
f 6501 6484 6469
f 6501 6469 6487
f 6502 6470 6488
f 6502 6485 6470
f 6503 6486 6471
f 6503 6471 6489
f 6504 6487 6472
f 6504 6472 6490
f 6505 6488 6473
f 6505 6473 6491
f 6506 6474 6492
f 6506 6489 6474
f 6507 6490 6475
f 6507 6475 6497
f 6508 6491 6476
f 6508 6476 6498
f 6509 6477 6499
f 6509 6492 6477
f 6510 6494 6493
f 6510 6511 6494
f 6510 6478 6500
f 6510 6493 6478
f 6512 6497 6481
f 6512 6481 6483
f 6512 6483 6513
f 6514 6498 6484
f 6514 6484 6501
f 6515 6499 6485
f 6515 6485 6502
f 6516 6500 6486
f 6516 6486 6503
f 6517 6501 6487
f 6517 6487 6504
f 6518 6502 6488
f 6518 6488 6505
f 6519 6503 6489
f 6519 6489 6506
f 6520 6490 6507
f 6520 6504 6490
f 6521 6505 6491
f 6521 6491 6508
f 6522 6492 6509
f 6522 6506 6492
f 6523 6507 6497
f 6523 6497 6512
f 6524 6508 6498
f 6524 6498 6514
f 6525 6499 6515
f 6525 6509 6499
f 6526 6510 6500
f 6526 6500 6516
f 6527 6501 6517
f 6527 6514 6501
f 6528 6515 6502
f 6528 6502 6518
f 6529 6516 6503
f 6529 6503 6519
f 6530 6517 6504
f 6530 6504 6520
f 6531 6518 6505
f 6531 6505 6521
f 6532 6506 6522
f 6532 6519 6506
f 6533 6520 6507
f 6533 6507 6523
f 6534 6508 6524
f 6534 6521 6508
f 6535 6509 6525
f 6535 6522 6509
f 6536 6511 6510
f 6536 6537 6511
f 6536 6510 6526
f 6538 6512 6513
f 6538 6513 6539
f 6538 6539 6540
f 6538 6523 6512
f 6541 6514 6527
f 6541 6524 6514
f 6542 6525 6515
f 6542 6515 6528
f 6543 6516 6529
f 6543 6526 6516
f 6544 6527 6517
f 6544 6517 6530
f 6545 6518 6531
f 6545 6528 6518
f 6546 6519 6532
f 6546 6529 6519
f 6547 6520 6533
f 6547 6530 6520
f 6548 6521 6534
f 6548 6531 6521
f 6549 6522 6535
f 6549 6532 6522
f 6550 6523 6538
f 6550 6533 6523
f 6551 6524 6541
f 6551 6534 6524
f 6552 6535 6525
f 6552 6525 6542
f 6553 6554 6537
f 6553 6537 6536
f 6553 6536 6526
f 6553 6526 6543
f 6555 6541 6527
f 6555 6527 6544
f 6556 6542 6528
f 6556 6528 6545
f 6557 6543 6529
f 6557 6529 6546
f 6558 6544 6530
f 6558 6530 6547
f 6559 6531 6548
f 6559 6545 6531
f 6560 6532 6549
f 6560 6546 6532
f 6561 6547 6533
f 6561 6533 6550
f 6562 6548 6534
f 6562 6534 6551
f 6563 6549 6535
f 6563 6535 6552
f 6564 6550 6538
f 6564 6538 6540
f 6565 6551 6541
f 6565 6541 6555
f 6566 6542 6556
f 6566 6552 6542
f 6567 6553 6543
f 6567 6568 6554
f 6567 6543 6557
f 6567 6554 6553
f 6569 6544 6558
f 6569 6555 6544
f 6570 6556 6545
f 6570 6545 6559
f 6571 6557 6546
f 6571 6546 6560
f 6572 6558 6547
f 6572 6547 6561
f 6573 6559 6548
f 6573 6548 6562
f 6574 6549 6563
f 6574 6560 6549
f 6575 6550 6564
f 6575 6561 6550
f 6576 6551 6565
f 6576 6562 6551
f 6577 6563 6552
f 6577 6552 6566
f 6578 6564 6540
f 6578 6540 6579
f 6578 6579 6580
f 6581 6565 6555
f 6581 6555 6569
f 6582 6556 6570
f 6582 6566 6556
f 6583 6584 6568
f 6583 6568 6567
f 6583 6567 6557
f 6583 6557 6571
f 6585 6558 6572
f 6585 6569 6558
f 6586 6559 6573
f 6586 6570 6559
f 6587 6571 6560
f 6587 6560 6574
f 6588 6561 6575
f 6588 6572 6561
f 6589 6573 6562
f 6589 6562 6576
f 6590 6574 6563
f 6590 6563 6577
f 6591 6575 6564
f 6591 6578 6580
f 6591 6564 6578
f 6592 6576 6565
f 6592 6565 6581
f 6593 6577 6566
f 6593 6566 6582
f 6594 6569 6585
f 6594 6581 6569
f 6595 6570 6586
f 6595 6582 6570
f 6596 6571 6587
f 6596 6583 6571
f 6597 6585 6572
f 6597 6572 6588
f 6598 6586 6573
f 6598 6573 6589
f 6599 6574 6590
f 6599 6587 6574
f 6600 6575 6591
f 6600 6588 6575
f 6601 6576 6592
f 6601 6589 6576
f 6602 6577 6593
f 6602 6590 6577
f 6603 6591 6580
f 6603 6580 6604
f 6605 6592 6581
f 6605 6581 6594
f 6606 6582 6595
f 6606 6593 6582
f 6607 6608 6584
f 6607 6583 6596
f 6607 6584 6583
f 6609 6585 6597
f 6609 6594 6585
f 6610 6586 6598
f 6610 6595 6586
f 6611 6596 6587
f 6611 6587 6599
f 6612 6588 6600
f 6612 6597 6588
f 6613 6598 6589
f 6613 6589 6601
f 6614 6590 6602
f 6614 6599 6590
f 6615 6591 6603
f 6615 6603 6604
f 6615 6600 6591
f 6616 6601 6592
f 6616 6592 6605
f 6617 6602 6593
f 6617 6593 6606
f 6618 6594 6609
f 6618 6605 6594
f 6619 6595 6610
f 6619 6606 6595
f 6620 6621 6622
f 6620 6622 6608
f 6620 6608 6607
f 6620 6607 6596
f 6620 6596 6611
f 6623 6597 6612
f 6623 6609 6597
f 6624 6598 6613
f 6624 6610 6598
f 6625 6611 6599
f 6625 6599 6614
f 6626 6612 6600
f 6626 6600 6615
f 6627 6613 6601
f 6627 6601 6616
f 6628 6602 6617
f 6628 6614 6602
f 6629 6615 6604
f 6629 6604 6630
f 6629 6630 6631
f 6632 6605 6618
f 6632 6616 6605
f 6633 6617 6606
f 6633 6606 6619
f 6634 6618 6609
f 6634 6609 6623
f 6635 6610 6624
f 6635 6619 6610
f 6636 6611 6625
f 6636 6637 6621
f 6636 6621 6620
f 6636 6620 6611
f 6638 6623 6612
f 6638 6612 6626
f 6639 6613 6627
f 6639 6624 6613
f 6640 6625 6614
f 6640 6614 6628
f 6641 6626 6615
f 6641 6629 6631
f 6641 6615 6629
f 6641 6631 6642
f 6643 6627 6616
f 6643 6616 6632
f 6644 6628 6617
f 6644 6617 6633
f 6645 6632 6618
f 6645 6618 6634
f 6646 6633 6619
f 6646 6619 6635
f 6647 6634 6623
f 6647 6623 6638
f 6648 6624 6639
f 6648 6635 6624
f 6649 6625 6640
f 6649 6650 6637
f 6649 6637 6636
f 6649 6636 6625
f 6651 6626 6641
f 6651 6638 6626
f 6652 6639 6627
f 6652 6627 6643
f 6653 6640 6628
f 6653 6628 6644
f 6654 6643 6632
f 6654 6632 6645
f 6655 6644 6633
f 6655 6633 6646
f 6656 6634 6647
f 6656 6645 6634
f 6657 6646 6635
f 6657 6635 6648
f 6658 6638 6651
f 6658 6647 6638
f 6659 6639 6652
f 6659 6648 6639
f 6660 6661 6650
f 6660 6640 6653
f 6660 6649 6640
f 6660 6650 6649
f 6662 6651 6641
f 6662 6641 6642
f 6663 6643 6654
f 6663 6652 6643
f 6664 6653 6644
f 6664 6644 6655
f 6665 6645 6656
f 6665 6654 6645
f 6666 6655 6646
f 6666 6646 6657
f 6667 6656 6647
f 6667 6647 6658
f 6668 6657 6648
f 6668 6648 6659
f 6669 6658 6651
f 6669 6651 6662
f 6670 6652 6663
f 6670 6659 6652
f 6671 6653 6664
f 6671 6672 6661
f 6671 6661 6660
f 6671 6660 6653
f 6673 6662 6642
f 6673 6642 6674
f 6673 6674 6675
f 6676 6663 6654
f 6676 6654 6665
f 6677 6655 6666
f 6677 6664 6655
f 6678 6656 6667
f 6678 6665 6656
f 6679 6666 6657
f 6679 6657 6668
f 6680 6658 6669
f 6680 6667 6658
f 6681 6668 6659
f 6681 6659 6670
f 6682 6669 6662
f 6682 6673 6675
f 6682 6675 6683
f 6682 6662 6673
f 6684 6663 6676
f 6684 6670 6663
f 6685 6686 6672
f 6685 6672 6671
f 6685 6664 6677
f 6685 6671 6664
f 6687 6665 6678
f 6687 6676 6665
f 6688 6677 6666
f 6688 6666 6679
f 6689 6678 6667
f 6689 6667 6680
f 6690 6668 6681
f 6690 6679 6668
f 6691 6680 6669
f 6691 6669 6682
f 6692 6681 6670
f 6692 6670 6684
f 6693 6676 6687
f 6693 6684 6676
f 6694 6695 6696
f 6694 6696 6686
f 6694 6685 6677
f 6694 6677 6688
f 6694 6686 6685
f 6697 6678 6689
f 6697 6687 6678
f 6698 6688 6679
f 6698 6679 6690
f 6699 6680 6691
f 6699 6689 6680
f 6700 6690 6681
f 6700 6681 6692
f 6701 6691 6682
f 6701 6682 6683
f 6701 6683 6702
f 6703 6692 6684
f 6703 6684 6693
f 6704 6693 6687
f 6704 6687 6697
f 6705 6706 6695
f 6705 6695 6694
f 6705 6694 6688
f 6705 6688 6698
f 6707 6697 6689
f 6707 6689 6699
f 6708 6690 6700
f 6708 6698 6690
f 6709 6691 6701
f 6709 6699 6691
f 6710 6700 6692
f 6710 6692 6703
f 6711 6703 6693
f 6711 6693 6704
f 6712 6704 6697
f 6712 6697 6707
f 6713 6705 6698
f 6713 6714 6706
f 6713 6698 6708
f 6713 6706 6705
f 6715 6699 6709
f 6715 6707 6699
f 6716 6708 6700
f 6716 6700 6710
f 6717 6709 6701
f 6717 6702 6718
f 6717 6718 6719
f 6717 6701 6702
f 6720 6710 6703
f 6720 6703 6711
f 6721 6711 6704
f 6721 6704 6712
f 6722 6707 6715
f 6722 6712 6707
f 6723 6708 6716
f 6723 6724 6714
f 6723 6714 6713
f 6723 6713 6708
f 6725 6709 6717
f 6725 6715 6709
f 6726 6716 6710
f 6726 6710 6720
f 6727 6720 6711
f 6727 6711 6721
f 6728 6721 6712
f 6728 6712 6722
f 6729 6715 6725
f 6729 6722 6715
f 6730 6731 6724
f 6730 6724 6723
f 6730 6723 6716
f 6730 6716 6726
f 6732 6725 6717
f 6732 6717 6719
f 6732 6719 6733
f 6732 6733 6734
f 6735 6726 6720
f 6735 6720 6727
f 6736 6727 6721
f 6736 6721 6728
f 6737 6728 6722
f 6737 6722 6729
f 6738 6729 6725
f 6738 6725 6732
f 6739 6740 6731
f 6739 6730 6726
f 6739 6726 6735
f 6739 6731 6730
f 6741 6727 6736
f 6741 6735 6727
f 6742 6728 6737
f 6742 6736 6728
f 6743 6729 6738
f 6743 6737 6729
f 6744 6738 6732
f 6744 6732 6734
f 6744 6734 6745
f 6746 6747 6748
f 6746 6748 6740
f 6746 6740 6739
f 6746 6739 6735
f 6746 6735 6741
f 6749 6750 6751
f 6749 6741 6736
f 6749 6736 6742
f 6752 6742 6737
f 6752 6737 6743
f 6753 6743 6738
f 6753 6738 6744
f 6754 6751 6747
f 6754 6747 6746
f 6754 6749 6751
f 6754 6746 6741
f 6754 6741 6749
f 6755 6756 6750
f 6755 6750 6749
f 6755 6749 6742
f 6755 6742 6752
f 6757 6752 6743
f 6757 6743 6753
f 6758 6753 6744
f 6758 6744 6745
f 6758 6745 6759
f 6758 6759 6760
f 6761 6762 6756
f 6761 6755 6752
f 6761 6752 6757
f 6761 6756 6755
f 6763 6764 6765
f 6763 6753 6758
f 6763 6757 6753
f 6766 6765 6762
f 6766 6761 6757
f 6766 6757 6763
f 6766 6762 6761
f 6766 6763 6765
f 6767 6768 6769
f 6767 6769 6764
f 6767 6758 6760
f 6767 6763 6758
f 6767 6764 6763
f 6767 6760 6768
f 6479 6770 6771
f 6479 6496 6770
f 6480 6771 6772
f 6480 6479 6771
f 6468 6772 6773
f 6468 6480 6772
f 6456 6773 6774
f 6456 6468 6773
f 6457 6774 6775
f 6457 6456 6774
f 6442 6775 6776
f 6442 6457 6775
f 6443 6776 6777
f 6443 6442 6776
f 6432 6777 6778
f 6432 6443 6777
f 6421 6432 6778
f 6421 6778 6779
f 6400 6779 6780
f 6400 6421 6779
f 6401 6780 6781
f 6401 6400 6780
f 6390 6781 6782
f 6390 6401 6781
f 6381 6782 6783
f 6381 6390 6782
f 6382 6783 6784
f 6382 6381 6783
f 6373 6784 6785
f 6373 6382 6784
f 6362 6785 6786
f 6362 6373 6785
f 6363 6786 6787
f 6363 6362 6786
f 6354 6787 6788
f 6354 6788 6789
f 6354 6363 6787
f 6355 6354 6789
f 6346 6789 6790
f 6346 6355 6789
f 6347 6790 6791
f 6347 6346 6790
f 6350 6791 6792
f 6350 6347 6791
f 6341 6792 6793
f 6341 6350 6792
f 6342 6793 6794
f 6342 6341 6793
f 6332 6794 6795
f 6332 6342 6794
f 6333 6795 6796
f 6333 6332 6795
f 6335 6796 6797
f 6335 6333 6796
f 6325 6797 6798
f 6325 6798 6799
f 6325 6335 6797
f 6326 6325 6799
f 6327 6799 6800
f 6327 6326 6799
f 6329 6800 6801
f 6329 6327 6800
f 6330 6801 6802
f 6330 6329 6801
f 5373 5365 6768
f 5373 6768 6760
f 5374 6760 6759
f 5374 5373 6760
f 5404 6759 6745
f 5404 5374 6759
f 5405 6745 6734
f 5405 5404 6745
f 5427 6734 6733
f 5427 5405 6734
f 5448 6733 6719
f 5448 5427 6733
f 5461 6719 6718
f 5461 5448 6719
f 5486 5461 6718
f 5486 6718 6702
f 5487 5486 6702
f 5487 6702 6683
f 5517 5487 6683
f 5517 6683 6675
f 5518 5517 6675
f 5518 6675 6674
f 5548 5518 6674
f 5548 6674 6642
f 5574 5548 6642
f 5574 6642 6631
f 5575 5574 6631
f 5575 6631 6630
f 5614 5575 6630
f 5614 6630 6604
f 5615 5614 6604
f 5615 6604 6580
f 5639 5615 6580
f 5639 6580 6579
f 5665 5639 6579
f 5665 6579 6540
f 5666 6540 6539
f 5666 5665 6540
f 5677 6539 6513
f 5677 5666 6539
f 5709 5677 6513
f 5709 6513 6483
f 5710 6483 6482
f 5710 5709 6483
f 5718 5710 6482
f 5718 6482 6452
f 5737 6452 6451
f 5737 5718 6452
f 5753 6451 6426
f 5753 5737 6451
f 5754 6426 6413
f 5754 5753 6426
f 5768 6413 6392
f 5768 5754 6413
f 5769 6392 6370
f 5769 5768 6392
f 5780 6370 6369
f 5780 5769 6370
f 5794 6369 6339
f 5794 5780 6369
f 5795 6339 6338
f 5795 5794 6339
f 5803 6338 6330
f 5803 5795 6338
f 6769 6768 6127
f 6769 6127 6109
f 6764 6109 6094
f 6764 6769 6109
f 6765 6094 6068
f 6765 6764 6094
f 6762 6068 6067
f 6762 6765 6068
f 6756 6067 6050
f 6756 6762 6067
f 6750 6050 6035
f 6750 6756 6050
f 6751 6035 6010
f 6751 6750 6035
f 6747 6751 6010
f 6747 6010 5997
f 6748 6747 5997
f 6748 5997 5983
f 6740 6748 5983
f 6740 5983 5971
f 6731 6740 5971
f 6731 5971 5957
f 6724 6731 5957
f 6724 5957 5956
f 6714 6724 5956
f 6714 5956 5945
f 6706 6714 5945
f 6706 5945 5932
f 6695 6706 5932
f 6695 5932 5921
f 6696 6695 5921
f 6696 5921 5912
f 6686 6696 5912
f 6686 5912 5901
f 6672 6686 5901
f 6672 5901 5893
f 6661 5893 5884
f 6661 6672 5893
f 6650 5884 5883
f 6650 6661 5884
f 6637 6650 5883
f 6637 5883 5876
f 6621 5876 5867
f 6621 6637 5876
f 6622 6621 5867
f 6622 5867 5860
f 6608 5860 5859
f 6608 6622 5860
f 6584 5859 5857
f 6584 6608 5859
f 6568 5857 5853
f 6568 6584 5857
f 6554 5853 5847
f 6554 6568 5853
f 6537 5847 5846
f 6537 6554 5847
f 6511 5846 5845
f 6511 6537 5846
f 6494 5845 5843
f 6494 6511 5845
f 6495 5843 5841
f 6495 6494 5843
f 6496 5841 5840
f 6496 6495 5841
f 6128 6127 4874
f 6128 4874 4876
f 6141 4876 4885
f 6141 6128 4876
f 6140 4885 4884
f 6140 6141 4885
f 6154 4884 4897
f 6154 6140 4884
f 6165 4897 4909
f 6165 6154 4897
f 6166 4909 4908
f 6166 6165 4909
f 6177 4908 4924
f 6177 6166 4908
f 6190 6177 4924
f 6190 4924 4941
f 6191 6190 4941
f 6191 4941 4940
f 6201 6191 4940
f 6201 4940 4959
f 6210 6201 4959
f 6210 4959 4978
f 6211 6210 4978
f 6211 4978 4977
f 6222 6211 4977
f 6222 4977 5001
f 6223 6222 5001
f 6223 5001 5000
f 6231 6223 5000
f 6231 5000 5024
f 6239 6231 5024
f 6239 5024 5050
f 6240 6239 5050
f 6240 5050 5049
f 6247 6240 5049
f 6247 5049 5074
f 6256 5074 5100
f 6256 6247 5074
f 6257 5100 5099
f 6257 6256 5100
f 6263 6257 5099
f 6263 5099 5127
f 6270 5127 5156
f 6270 6263 5127
f 6271 6270 5156
f 6271 5156 5155
f 6276 5155 5187
f 6276 6271 5155
f 6288 5187 5217
f 6288 6276 5187
f 6285 5217 5216
f 6285 6288 5217
f 6286 5216 5255
f 6286 6285 5216
f 6284 5255 5254
f 6284 6286 5255
f 6281 5254 5287
f 6281 6284 5254
f 6282 5287 5286
f 6282 6281 5287
f 6278 5303 5314
f 6278 5286 5303
f 6278 6282 5286
f 6279 6278 5314
f 5162 5531 5837
f 5162 5837 5326
f 5803 6330 6802
f 5803 6802 5805
f 3639 6127 3641
f 3644 3641 6127
f 3637 6127 3639
f 3645 3644 6127
f 3635 6127 3637
f 3647 3645 6127
f 3634 6127 3635
f 3649 3647 6127
f 3631 6127 3634
f 3607 3649 6127
f 3630 6127 3631
f 3627 6127 3630
f 3625 6127 3627
f 3623 6127 3625
f 3621 6127 3623
f 3619 6127 3621
f 3617 6127 3619
f 3615 6127 3617
f 3613 6127 3615
f 3610 6127 3613
f 3609 6127 3610
f 3564 3607 6127
f 3566 3564 6127
f 3568 3566 6127
f 3570 3568 6127
f 3572 3570 6127
f 3574 3572 6127
f 3576 3574 6127
f 3578 3576 6127
f 3580 3578 6127
f 3582 3580 6127
f 3584 3582 6127
f 3586 3584 6127
f 3588 3586 6127
f 3590 3588 6127
f 3592 3590 6127
f 3651 6127 3609
f 3694 6127 3651
f 3691 6127 3694
f 3690 6127 3691
f 3028 3785 3606
f 3030 3785 3028
f 3025 3028 3606
f 3032 3785 3030
f 3024 3025 3606
f 3034 3785 3032
f 3022 3024 3606
f 3036 3785 3034
f 3020 3022 3606
f 3038 3785 3036
f 3018 3020 3606
f 3040 3785 3038
f 3040 3786 3785
f 3016 3018 3606
f 3042 3786 3040
f 3042 3791 3789
f 3042 3789 3786
f 3014 3016 3606
f 3014 3606 3604
f 3044 3791 3042
f 3044 3793 3791
f 3012 3014 3604
f 3012 3604 3602
f 3046 3797 3795
f 3046 3795 3793
f 3046 3793 3044
f 3010 3012 3602
f 3010 3602 3600
f 3048 3799 3797
f 3048 3797 3046
f 3008 3010 3600
f 3008 3600 3598
f 3050 3801 3799
f 3050 3799 3048
f 3006 3008 3598
f 3006 3598 3596
f 3051 3805 3803
f 3051 3803 3801
f 3051 3801 3050
f 3004 3596 3594
f 3004 3006 3596
f 3054 3805 3051
f 3054 3807 3805
f 3002 3592 6127
f 3002 3594 3592
f 3002 3004 3594
f 3056 3811 3809
f 3056 3809 3807
f 3056 3807 3054
f 3000 3002 6127
f 3058 3813 3811
f 3058 3811 3056
f 2998 3000 6127
f 2809 3817 3815
f 2809 3815 3813
f 2809 3813 3058
f 2996 2998 6127
f 2810 3817 2809
f 2810 3819 3817
f 2812 3819 2810
f 2812 3823 3821
f 2812 3821 3819
f 2814 3823 2812
f 2814 3825 3823
f 2816 3783 3825
f 2816 3825 2814
f 2818 3783 2816
f 2820 3783 2818
f 2822 3783 2820
f 2824 3783 2822
f 2826 3783 2824
f 2828 3783 2826
f 2830 3783 2828
f 2832 3783 2830
f 4604 3659 3657
f 4606 3657 3654
f 4606 4604 3657
f 4602 3661 3659
f 4602 3659 4604
f 4608 3654 3653
f 4608 4606 3654
f 2834 3783 2832
f 4600 3663 3661
f 4600 3661 4602
f 4610 4608 3653
f 4598 3665 3663
f 4598 3663 4600
f 4612 4610 3653
f 4596 3667 3665
f 4596 3665 4598
f 4613 4612 3653
f 4594 3667 4596
f 4594 3669 3667
f 4616 4613 3653
f 4592 3669 4594
f 4592 3671 3669
f 4618 4616 3653
f 4590 3671 4592
f 4619 4618 3653
f 4588 3671 4590
f 4588 3674 3671
f 4622 4619 3653
f 4586 3675 3674
f 4586 3674 4588
f 4623 4622 3653
f 4584 3675 4586
f 4584 3677 3675
f 4626 4623 3653
f 4582 3679 3677
f 4582 3677 4584
f 4627 4626 3653
f 4580 3681 3679
f 4580 3679 4582
f 4630 3653 3695
f 4630 4627 3653
f 4631 4630 3695
f 4633 4631 3695
f 4635 4633 3695
f 3742 2834 2836
f 3742 2836 2838
f 3742 3783 2834
f 4637 4635 3695
f 2840 3742 2838
f 4639 4637 3695
f 4641 4639 3695
f 4644 4641 3695
f 2842 3742 2840
f 4645 4644 3695
f 4647 4645 3695
f 2844 3742 2842
f 4649 3695 3737
f 4649 4647 3695
f 4651 3737 3735
f 4651 4649 3737
f 4654 3735 3734
f 4654 4651 3735
f 2846 3742 2844
f 4655 3734 3731
f 4655 4654 3734
f 4657 3731 3730
f 4657 4655 3731
f 2848 3742 2846
f 4659 4657 3730
f 4557 3730 3728
f 4557 3728 3726
f 4557 3726 3724
f 4557 3724 3722
f 4557 3722 3720
f 4557 4659 3730
f 2850 3742 2848
f 2852 3742 2850
f 2854 3742 2852
f 3532 2964 2966
f 3534 2962 2964
f 3534 2964 3532
f 3529 2966 2968
f 3529 3532 2966
f 3536 2960 2962
f 3536 2962 3534
f 3528 2968 2970
f 3528 3529 2968
f 3538 2960 3536
f 3526 2970 2972
f 3526 3528 2970
f 3540 2956 2958
f 3540 2958 2960
f 3540 2960 3538
f 3524 2972 2974
f 3524 3526 2972
f 3542 2954 2956
f 3542 2956 3540
f 4760 4570 4568
f 4760 4568 4566
f 4760 4566 4761
f 4763 4566 4564
f 4763 4761 4566
f 4758 4572 4570
f 4758 4570 4760
f 4765 4564 4562
f 4765 4562 4560
f 4765 4763 4564
f 4755 4574 4572
f 4755 4572 4758
f 4664 4765 4560
f 3522 2974 2976
f 3522 3524 2974
f 4753 4576 4574
f 4753 4574 4755
f 4751 4578 4576
f 4751 4576 4753
f 3544 2954 3542
f 4749 4578 4751
f 3520 2976 2978
f 3520 3522 2976
f 4747 4578 4749
f 4747 3684 3681
f 4747 4580 4578
f 4747 3681 4580
f 3546 2954 3544
f 3546 2952 2954
f 4745 3685 3684
f 4745 3684 4747
f 3518 3520 2978
f 3518 2978 2980
f 4743 3685 4745
f 4743 3687 3685
f 3548 2952 3546
f 3548 2950 2952
f 4741 3687 4743
f 4741 3690 3687
f 4741 6127 3690
f 3516 2980 2982
f 3516 3518 2980
f 4739 6127 4741
f 3550 2950 3548
f 3550 2948 2950
f 4737 6127 4739
f 3514 2982 2984
f 3514 3516 2982
f 3552 2948 3550
f 3552 2944 2946
f 3552 2946 2948
f 4735 6127 4737
f 3512 2984 2986
f 3512 3514 2984
f 4733 6127 4735
f 3554 2944 3552
f 3510 2986 2988
f 3510 3512 2986
f 3555 2944 3554
f 3555 2940 2942
f 3555 2942 2944
f 3508 2988 2990
f 3508 3510 2988
f 3558 2940 3555
f 3558 2938 2940
f 3506 2990 2992
f 3506 3508 2990
f 3560 2938 3558
f 3560 2936 2938
f 4661 4664 4560
f 3504 2992 2994
f 3504 3506 2992
f 3562 2936 3560
f 3502 2996 6127
f 3502 2994 2996
f 3502 3504 2994
f 3313 2936 3562
f 3313 2934 2936
f 3314 2932 2934
f 3314 2934 3313
f 3316 2928 2930
f 3316 2930 2932
f 3316 2932 3314
f 3318 2928 3316
f 3320 2928 3318
f 3320 2926 2928
f 3322 2926 3320
f 3322 2922 2924
f 3322 2924 2926
f 3324 2922 3322
f 3326 2922 3324
f 3326 2920 2922
f 3328 2920 3326
f 3328 2916 2918
f 3328 2918 2920
f 3330 2916 3328
f 3330 2914 2916
f 4453 3720 3718
f 4453 3718 3716
f 4453 3716 3714
f 4453 3714 3712
f 4453 4555 4557
f 4453 4557 3720
f 4454 4453 3712
f 4454 3712 3710
f 4457 3710 3708
f 4457 4454 3710
f 3332 2914 3330
f 4459 3708 3706
f 4459 4457 3708
f 4461 3706 3704
f 4461 4459 3706
f 4463 3704 3702
f 4463 4461 3704
f 4465 3702 3700
f 4465 4463 3702
f 3280 2882 2884
f 3282 2882 3280
f 3282 2880 2882
f 3277 3280 2884
f 3277 2884 2886
f 3284 2878 2880
f 3284 2880 3282
f 3276 2886 2888
f 3276 3277 2886
f 3286 2876 2878
f 3286 2878 3284
f 4467 3700 3698
f 4467 4465 3700
f 3274 2888 2890
f 3274 3276 2888
f 3288 2874 2876
f 3288 2876 3286
f 4469 4467 3698
f 3272 2890 2892
f 3272 3274 2890
f 3290 2874 3288
f 3290 2872 2874
f 4471 4469 3698
f 3270 3272 2892
f 3270 2892 2894
f 3292 2872 3290
f 3292 2870 2872
f 4473 4471 3698
f 3268 3270 2894
f 3268 2894 2896
f 3294 2870 3292
f 3294 2868 2870
f 4475 4473 3698
f 3266 2896 2898
f 3266 3268 2896
f 3296 2868 3294
f 3296 2866 2868
f 4477 4475 3698
f 3264 3266 2898
f 3264 2898 2900
f 4479 4477 3698
f 3298 2864 2866
f 3298 2866 3296
f 3262 2900 2902
f 3262 3264 2900
f 4481 4479 3698
f 3300 2862 2864
f 3300 2864 3298
f 4483 4481 3698
f 3260 2902 2904
f 3260 3262 2902
f 3302 2860 2862
f 3302 2862 3300
f 4485 4483 3698
f 3258 3260 2904
f 3258 2904 2906
f 4487 4485 3698
f 4487 3698 3739
f 3303 2858 2860
f 3303 2860 3302
f 3256 3258 2906
f 3256 2906 2908
f 4489 4487 3739
f 3306 2856 2858
f 3306 2858 3303
f 4491 4489 3739
f 3254 3256 2908
f 3254 2908 2910
f 4493 4491 3739
f 3308 2856 3306
f 3308 2854 2856
f 3308 3742 2854
f 3252 2910 2912
f 3252 3254 2910
f 4495 4493 3739
f 3310 3744 3742
f 3310 3742 3308
f 4497 4495 3739
f 3250 2912 2914
f 3250 3252 2912
f 4499 4497 3739
f 3061 3746 3744
f 3061 3744 3310
f 4501 4499 3739
f 3248 3250 2914
f 3248 2914 3332
f 3248 3332 3334
f 3062 3750 3747
f 3062 3747 3746
f 3062 3746 3061
f 4503 4501 3739
f 3246 3248 3334
f 3246 3334 3336
f 4505 4503 3739
f 3064 3750 3062
f 3064 3752 3750
f 4507 4505 3739
f 3244 3336 3338
f 3244 3246 3336
f 4509 4507 3739
f 4509 3739 3781
f 3066 3752 3064
f 3066 3753 3752
f 4511 3781 3779
f 4511 4509 3781
f 3242 3244 3338
f 3242 3338 3340
f 4513 4511 3779
f 3068 3756 3753
f 3068 3753 3066
f 3240 3242 3340
f 3240 3340 3342
f 3070 3760 3758
f 3070 3758 3756
f 3070 3756 3068
f 3238 3240 3342
f 3238 3342 3344
f 3072 3760 3070
f 3072 3762 3760
f 3236 3344 3346
f 3236 3238 3344
f 3074 3762 3072
f 3074 3764 3762
f 3234 3236 3346
f 3234 3346 3348
f 3076 3765 3764
f 3076 3764 3074
f 3232 3234 3348
f 3232 3348 3350
f 3078 3765 3076
f 3078 3769 3767
f 3078 3767 3765
f 3230 3232 3350
f 3230 3350 3352
f 3080 3772 3769
f 3080 3769 3078
f 3228 3230 3352
f 3228 3352 3354
f 3082 3773 3772
f 3082 3772 3080
f 3226 3228 3354
f 3226 3354 3356
f 3084 3775 3773
f 3084 3773 3082
f 3224 3226 3356
f 3224 3356 3358
f 3086 3777 3775
f 3086 3775 3084
f 3222 3358 3360
f 3222 3224 3358
f 3220 3360 3362
f 3220 3222 3360
f 3218 3362 3364
f 3218 3220 3362
f 3216 3364 3366
f 3216 3218 3364
f 3214 3366 3368
f 3214 3216 3366
f 3212 3368 3370
f 3212 3214 3368
f 3210 3370 3372
f 3210 3212 3370
f 3208 3372 3374
f 3208 3210 3372
f 3206 3374 3376
f 3206 3208 3374
f 3204 3376 3378
f 3204 3206 3376
f 3202 3378 3380
f 3202 3204 3378
f 3200 3380 3382
f 3200 3202 3380
f 3198 3382 3384
f 3198 3200 3382
f 3196 3384 3386
f 3196 3198 3384
f 3194 3386 3388
f 3194 3196 3386
f 3192 3194 3388
f 3192 3388 3390
f 3190 3390 3392
f 3190 3192 3390
f 2710 3474 2712
f 2710 3472 3474
f 2714 2712 3474
f 2714 3474 3476
f 2708 3472 2710
f 2708 3470 3472
f 2716 2714 3476
f 2716 3476 3478
f 2706 3470 2708
f 2706 3468 3470
f 2718 2716 3478
f 2718 3478 3480
f 2704 3468 2706
f 2719 2718 3480
f 2719 3480 3482
f 2702 3468 2704
f 2702 3466 3468
f 2722 2719 3482
f 2724 2722 3482
f 2724 3482 3484
f 2700 3466 2702
f 2700 3464 3466
f 3188 3392 3394
f 3188 3190 3392
f 2698 3464 2700
f 2698 3462 3464
f 2726 3484 3486
f 2726 2724 3484
f 2696 3462 2698
f 2728 2726 3486
f 2728 3486 3488
f 2694 3460 3462
f 2694 3462 2696
f 2729 3488 3490
f 2729 2728 3488
f 2692 3460 2694
f 2692 3458 3460
f 2731 2729 3490
f 2731 3490 3492
f 2690 3456 3458
f 2690 3458 2692
f 2733 2731 3492
f 2733 3492 3494
f 2688 3456 2690
f 2735 2733 3494
f 2735 3494 3496
f 2686 3454 3456
f 2686 3456 2688
f 2737 3496 3498
f 2737 2735 3496
f 2684 3454 2686
f 2684 3452 3454
f 2740 2737 3498
f 2682 3452 2684
f 2680 3426 3428
f 2680 3428 3430
f 2680 3430 3432
f 2680 3432 3434
f 2680 3434 3436
f 2680 3436 3438
f 2680 3438 3440
f 2680 3440 3442
f 2680 3442 3444
f 2680 3444 3446
f 2680 3446 3448
f 2680 3448 3450
f 2680 3450 3452
f 2680 3452 2682
f 4769 4665 4767
f 4872 4665 4769
f 4872 4666 4665
f 4869 4666 4872
f 4869 4669 4666
f 4867 4669 4869
f 4867 4671 4669
f 4347 4449 4451
f 2613 2616 2617
f 33 4524 4521
f 33 4521 4519
f 31 4527 4525
f 31 4525 4524
f 31 4524 33
f 35 4519 4517
f 35 4517 4515
f 35 33 4519
f 29 4531 4529
f 29 4529 4527
f 29 4527 31
f 2611 2613 2617
f 37 4515 4513
f 37 35 4515
f 37 4513 3779
f 27 4535 4533
f 27 4533 4531
f 27 4531 29
f 39 3779 3777
f 39 37 3779
f 39 3777 3086
f 39 3086 3088
f 25 4539 4538
f 25 4538 4535
f 25 4535 27
f 41 39 3088
f 41 3088 3090
f 41 3090 3092
f 23 4543 4541
f 23 4541 4539
f 23 4539 25
f 2609 2611 2617
f 43 41 3092
f 43 3092 3094
f 21 4547 4545
f 21 4545 4543
f 21 4543 23
f 45 43 3094
f 45 3094 3096
f 45 3096 3098
f 19 4551 4549
f 19 4549 4547
f 19 4547 21
f 2607 2609 2617
f 47 3098 3100
f 47 45 3098
f 17 4551 19
f 17 4451 4553
f 17 4553 4551
f 49 47 3100
f 49 3100 3102
f 49 3102 3104
f 15 4451 17
f 51 49 3104
f 51 3104 3106
f 51 3106 3108
f 3927 4703 4701
f 3925 4701 4699
f 3925 3927 4701
f 3929 4705 4703
f 3929 4703 3927
f 3923 3925 4699
f 3923 4699 4697
f 3931 4705 3929
f 3931 4707 4705
f 3921 4697 4695
f 3921 3923 4697
f 3933 4707 3931
f 3933 4709 4707
f 3936 4709 3933
f 3936 4711 4709
f 3919 3921 4695
f 3919 4695 4693
f 3937 4711 3936
f 3937 4713 4711
f 3917 4693 4691
f 3917 3919 4693
f 13 4451 15
f 3915 3917 4691
f 3915 4691 4689
f 3939 4713 3937
f 3939 4715 4713
f 4343 4772 4771
f 4343 4771 4344
f 3941 4715 3939
f 3941 4717 4715
f 3913 3915 4689
f 3913 4689 4687
f 4448 4772 4343
f 3943 4717 3941
f 3943 4719 4717
f 3911 4687 4685
f 3911 3913 4687
f 2603 2606 2607
f 2603 2607 2617
f 53 51 3108
f 53 3108 3110
f 3946 4719 3943
f 3946 4721 4719
f 3909 3911 4685
f 3909 4685 4683
f 4445 4775 4772
f 4445 4772 4448
f 3907 3909 4683
f 3907 4683 4681
f 3948 4721 3946
f 3948 4723 4721
f 4443 4775 4445
f 4443 4777 4775
f 11 4451 13
f 11 4347 4451
f 3905 4681 4679
f 3905 4679 4677
f 3905 3907 4681
f 3950 4723 3948
f 3950 4725 4723
f 3952 4727 4725
f 3952 4725 3950
f 3903 3905 4677
f 3903 4677 4675
f 55 3110 3112
f 55 3112 3114
f 55 53 3110
f 3954 4727 3952
f 3901 3903 4675
f 3901 4675 4673
f 3899 3901 4673
f 3899 4673 4671
f 9 4347 11
f 3897 4671 4867
f 3897 3899 4671
f 3897 4867 4865
f 3896 4859 4858
f 3896 4858 4855
f 3896 3897 4865
f 3896 4865 4863
f 3896 4863 4862
f 3896 4862 4859
f 57 3114 3116
f 57 55 3114
f 2600 2601 2603
f 2600 2603 2617
f 7 4347 9
f 7 4348 4347
f 59 3116 3118
f 59 3118 3120
f 59 57 3116
f 2597 2600 2617
f 5 4348 7
f 5 4353 4351
f 5 4351 4348
f 61 59 3120
f 61 3120 3122
f 61 3122 3124
f 2596 2597 2617
f 2 4353 5
f 2 4359 4357
f 2 4357 4355
f 2 4355 4353
f 63 3124 3126
f 63 61 3124
f 2593 2596 2617
f 1 4359 2
f 1 4365 4363
f 1 4363 4361
f 1 4361 4359
f 65 3126 3128
f 65 3128 3130
f 65 63 3126
f 2592 2593 2617
f 251 4365 1
f 251 4369 4367
f 251 4367 4365
f 2743 3426 2680
f 2743 3398 3400
f 2743 3400 3402
f 2743 3402 3404
f 2743 3404 3406
f 2743 3406 3408
f 2743 3408 3410
f 2743 3410 3412
f 2743 3412 3414
f 2743 3414 3416
f 2743 3416 3418
f 2743 3418 3420
f 2743 3420 3422
f 2743 3422 3424
f 2743 3424 3426
f 2805 3396 3398
f 2805 3398 2743
f 2804 3394 3396
f 2804 3396 2805
f 67 65 3130
f 67 3130 3132
f 67 3132 3134
f 2589 2592 2617
f 2801 3188 3394
f 2801 3394 2804
f 2799 3186 3188
f 2799 3188 2801
f 249 4369 251
f 249 4375 4373
f 249 4373 4371
f 249 4371 4369
f 2797 3184 3186
f 2797 3186 2799
f 2795 3184 2797
f 2793 3184 2795
f 2793 3182 3184
f 69 67 3134
f 69 3134 3136
f 2792 3180 3182
f 2792 3182 2793
f 2790 3178 3180
f 2790 3180 2792
f 247 4375 249
f 247 4381 4379
f 247 4379 4377
f 247 4377 4375
f 2788 3178 2790
f 2786 3178 2788
f 2786 3176 3178
f 71 69 3136
f 71 3136 3138
f 71 3138 3140
f 2783 3174 3176
f 2783 3176 2786
f 2782 3174 2783
f 2782 3172 3174
f 246 4381 247
f 246 4387 4385
f 246 4385 4383
f 246 4383 4381
f 2780 3170 3172
f 2780 3172 2782
f 2583 2585 2587
f 2583 2587 2589
f 2583 2589 2617
f 2778 3170 2780
f 2776 3168 3170
f 2776 3170 2778
f 73 71 3140
f 73 3140 3142
f 2774 3166 3168
f 2774 3168 2776
f 2772 3164 3166
f 2772 3166 2774
f 243 4387 246
f 243 4393 4391
f 243 4391 4389
f 243 4389 4387
f 2770 3164 2772
f 75 73 3142
f 75 3142 3144
f 75 3144 3146
f 2579 2582 2583
f 2579 2583 2617
f 241 4393 243
f 241 4397 4395
f 241 4395 4393
f 2577 2579 2617
f 77 75 3146
f 77 3146 3148
f 77 3148 3150
f 3894 4855 4853
f 3894 4853 4851
f 3894 4851 4850
f 3894 4850 4847
f 3894 4847 4845
f 3894 4845 4843
f 3894 3896 4855
f 3892 4843 4841
f 3892 3894 4843
f 3889 4841 4839
f 3889 3892 4841
f 239 4397 241
f 239 4403 4401
f 239 4401 4399
f 239 4399 4397
f 3888 4839 4837
f 3888 3889 4839
f 3886 4837 4835
f 3886 4835 4833
f 3886 3888 4837
f 79 77 3150
f 79 3150 3152
f 2573 2576 2577
f 3884 4833 4831
f 3884 3886 4833
f 3882 4831 4829
f 3882 3884 4831
f 237 4403 239
f 237 4407 4405
f 237 4405 4403
f 3880 4829 4827
f 3880 3882 4829
f 3877 4827 4825
f 3877 3880 4827
f 81 79 3152
f 81 3152 3154
f 81 3154 3156
f 3875 4825 4823
f 3875 3877 4825
f 3873 4823 4821
f 3873 3875 4823
f 2569 2572 2573
f 3871 4821 4819
f 3871 3873 4821
f 235 4407 237
f 235 4413 4411
f 235 4411 4409
f 235 4409 4407
f 3870 4819 4817
f 3870 3871 4819
f 2567 2573 2577
f 2567 2569 2573
f 3867 3870 4817
f 83 3156 3158
f 83 81 3156
f 2566 2567 2577
f 233 4417 4415
f 233 4415 4413
f 233 4413 235
f 2564 2566 2577
f 85 3158 3160
f 85 83 3158
f 231 4421 4420
f 231 4420 4417
f 231 4417 233
f 2561 2577 2617
f 2561 2564 2577
f 2560 2561 2617
f 87 3160 3162
f 87 3162 3164
f 87 3164 2770
f 87 85 3160
f 2473 2654 2652
f 2471 2655 2654
f 2471 2654 2473
f 2475 2473 2652
f 2475 2652 2649
f 2469 2655 2471
f 2469 2657 2655
f 2477 2475 2649
f 2477 2649 2648
f 2467 2657 2469
f 2467 2660 2657
f 2479 2648 2646
f 2479 2477 2648
f 2465 2660 2467
f 2465 2661 2660
f 2481 2646 2644
f 2481 2479 2646
f 2463 2661 2465
f 2463 2663 2661
f 229 4427 4426
f 229 4426 4423
f 229 4423 4421
f 229 4421 231
f 2483 2644 2642
f 2483 2481 2644
f 2461 2663 2463
f 2461 2666 2663
f 2486 2483 2642
f 2486 2642 2640
f 2459 2666 2461
f 2459 2667 2666
f 2487 2640 2638
f 2487 2486 2640
f 2457 2669 2667
f 2457 2667 2459
f 2489 2487 2638
f 2489 2638 2636
f 2455 2672 2669
f 2455 2669 2457
f 2453 2674 2672
f 2453 2672 2455
f 2556 2558 2560
f 2556 2560 2617
f 2451 2675 2674
f 2451 2674 2453
f 89 2770 2768
f 89 87 2770
f 2448 2617 2675
f 2448 2675 2451
f 2447 2556 2617
f 2447 2617 2448
f 227 4427 229
f 227 4431 4429
f 227 4429 4427
f 2508 2447 2506
f 2549 2551 2554
f 2549 2554 2556
f 91 2768 2766
f 91 89 2768
f 91 2766 2764
f 2510 2447 2508
f 2548 2556 2447
f 2548 2549 2556
f 2512 2447 2510
f 225 4434 4431
f 225 4431 227
f 2514 2447 2512
f 2543 2546 2548
f 2543 2548 2447
f 93 91 2764
f 93 2764 2762
f 93 2762 2760
f 2540 2542 2543
f 2540 2543 2447
f 2520 2447 2514
f 2520 2514 2516
f 2520 2516 2518
f 6768 2504 2502
f 6768 2502 2500
f 6768 2500 2498
f 6768 2498 2495
f 6768 2495 2493
f 6768 2493 2492
f 6768 2492 2489
f 6768 2489 2636
f 6768 3502 6127
f 6768 2636 2634
f 6768 2634 2632
f 6768 2632 2630
f 6768 2630 2628
f 6768 2628 2626
f 6768 2626 2624
f 6768 2624 2622
f 6768 2622 2620
f 6768 2620 2677
f 6768 2677 2741
f 6768 3498 3500
f 6768 2741 2740
f 6768 3500 3502
f 6768 2740 3498
f 6768 2445 2504
f 4874 4727 3954
f 4874 3960 4278
f 4874 4278 4281
f 4874 4729 4727
f 4874 4281 4283
f 4874 4283 4285
f 4874 4285 4287
f 4874 4287 4289
f 4874 4289 4291
f 4874 4291 4293
f 4874 4293 4295
f 4874 4295 4297
f 4874 4297 4299
f 4874 4299 4301
f 4874 4301 4303
f 4874 4303 4305
f 4874 4305 4307
f 4874 4307 4309
f 4874 4309 4311
f 4874 4311 4313
f 4874 4313 4315
f 4874 4315 4317
f 4874 4317 4320
f 4874 4320 4321
f 4874 4321 4323
f 4874 4323 4325
f 4874 4325 4327
f 4874 4327 4330
f 4874 4330 4332
f 4874 4332 4334
f 4874 3954 3955
f 4874 4334 4336
f 4874 3955 3958
f 4874 4336 4338
f 4874 3958 3960
f 4874 4338 4339
f 4874 4339 4342
f 4874 4342 4280
f 2522 2447 2520
f 2536 2538 2540
f 223 4434 225
f 223 4437 4435
f 223 4435 4434
f 2524 2447 2522
f 2534 2540 2447
f 2534 2536 2540
f 2382 2445 6768
f 2528 2524 2526
f 2530 2534 2447
f 2530 2447 2524
f 2530 2524 2528
f 2530 2532 2534
f 2384 2382 6768
f 2386 2384 6768
f 2388 2386 6768
f 2390 2388 6768
f 2392 2390 6768
f 221 4439 4437
f 221 4437 223
f 2394 2392 6768
f 2396 2394 6768
f 2398 2396 6768
f 2400 2398 6768
f 2402 2400 6768
f 2404 2402 6768
f 2406 2404 6768
f 2408 2406 6768
f 2410 2408 6768
f 2412 2410 6768
f 2414 2412 6768
f 2416 2414 6768
f 2418 2416 6768
f 2420 2418 6768
f 2421 2420 6768
f 2424 2421 6768
f 2426 2424 6768
f 2428 2426 6768
f 2430 2428 6768
f 2431 2430 6768
f 2433 2431 6768
f 2435 2433 6768
f 2437 2435 6768
f 2439 2437 6768
f 2442 2439 6768
f 2443 2442 6768
f 2379 2443 6768
f 4213 4874 4280
f 4182 3855 3857
f 4184 3851 3853
f 4184 3853 3855
f 4184 3855 4182
f 4179 3857 3859
f 4179 4182 3857
f 4186 3849 3851
f 4186 3851 4184
f 4178 3859 3861
f 4178 3861 3863
f 4178 4179 3859
f 4215 4874 4213
f 4188 3845 3847
f 4188 3847 3849
f 4188 3849 4186
f 4176 4178 3863
f 4176 3863 3865
f 4190 3843 3845
f 4190 3845 4188
f 4217 4874 4215
f 4174 4176 3865
f 4174 3865 3867
f 4192 3843 4190
f 4192 3839 3841
f 4192 3841 3843
f 4172 4817 4815
f 4172 3867 4817
f 4172 4174 3867
f 4219 4874 4217
f 4194 3837 3839
f 4194 3839 4192
f 4170 4815 4813
f 4170 4813 4811
f 4170 4172 4815
f 4221 4874 4219
f 4196 3833 3835
f 4196 3835 3837
f 4196 3837 4194
f 4223 4874 4221
f 4168 4811 4809
f 4168 4170 4811
f 4198 3831 3833
f 4198 3833 4196
f 4166 4168 4809
f 4166 4809 4807
f 4200 3831 4198
f 4200 3830 3831
f 4164 4807 4805
f 4164 4805 4803
f 4164 4166 4807
f 4202 3830 4200
f 4162 4803 4801
f 4162 4164 4803
f 4204 3830 4202
f 4160 4801 4799
f 4160 4162 4801
f 4205 3830 4204
f 4158 4160 4799
f 4158 4799 4797
f 4158 4797 4795
f 4208 3830 4205
f 4156 4795 4793
f 4156 4158 4795
f 4210 3830 4208
f 4154 4156 4793
f 4154 4793 4791
f 4212 3830 4210
f 4152 4791 4789
f 4152 4789 4787
f 4152 4154 4791
f 3963 3829 3830
f 3963 3830 4212
f 4150 4787 4785
f 4150 4152 4787
f 3964 3829 3963
f 4148 4785 4783
f 4148 4150 4785
f 3966 3829 3964
f 4146 4148 4783
f 4146 4783 4781
f 4146 4781 4779
f 3968 3829 3966
f 4144 4779 4777
f 4144 4146 4779
f 3970 3829 3968
f 4142 4777 4443
f 4142 4443 4441
f 4142 4144 4777
f 3972 3829 3970
f 4140 4439 221
f 4140 4142 4441
f 4140 4441 4439
f 3974 3829 3972
f 4138 221 220
f 4138 4140 221
f 3976 4276 3829
f 3976 3829 3974
f 4136 4138 220
f 3978 4273 4276
f 3978 4276 3976
f 3980 4270 4272
f 3980 4272 4273
f 3980 4273 3978
f 3982 4268 4270
f 3982 4270 3980
f 3984 4264 4266
f 3984 4266 4268
f 3984 4268 3982
f 3986 4261 4264
f 3986 4264 3984
f 3988 4257 4259
f 3988 4259 4261
f 3988 4261 3986
f 3990 4257 3988
f 3990 4255 4257
f 3992 4251 4254
f 3992 4254 4255
f 3992 4255 3990
f 3994 4249 4251
f 3994 4251 3992
f 3996 4247 4249
f 3996 4249 3994
f 3998 4243 4245
f 3998 4245 4247
f 3998 4247 3996
f 1879 1881 103
f 1879 103 101
f 1883 103 1881
f 1877 1879 101
f 1885 103 1883
f 1885 105 103
f 1887 105 1885
f 1875 101 99
f 1875 1877 101
f 1873 1875 99
f 1890 105 1887
f 1890 107 105
f 1871 1873 99
f 1871 99 97
f 1891 107 1890
f 1869 1871 97
f 1893 107 1891
f 1893 109 107
f 1867 1869 97
f 1867 97 95
f 1895 109 1893
f 1865 1867 95
f 1865 95 93
f 1865 93 2760
f 1897 109 1895
f 1863 2760 2758
f 1863 1865 2760
f 1900 109 1897
f 1900 111 109
f 1861 2758 2756
f 1861 1863 2758
f 1902 111 1900
f 4000 4241 4243
f 4000 4243 3998
f 1859 2756 2754
f 1859 1861 2756
f 1904 111 1902
f 1904 113 111
f 1857 2754 2752
f 1857 1859 2754
f 1906 113 1904
f 1855 2752 2750
f 1855 1857 2752
f 1908 113 1906
f 1853 1855 2750
f 1853 2750 2748
f 1909 115 113
f 1909 113 1908
f 1851 2748 2746
f 1851 1853 2748
f 1912 115 1909
f 4002 4241 4000
f 4002 4239 4241
f 1849 2746 2312
f 1849 1851 2746
f 1914 115 1912
f 1914 127 125
f 1914 125 123
f 1914 123 121
f 1914 121 119
f 1914 119 117
f 1914 117 115
f 4004 4235 4237
f 4004 4237 4239
f 4004 4239 4002
f 4006 4233 4235
f 4006 4235 4004
f 4008 4231 4233
f 4008 4233 4006
f 4010 4231 4008
f 4010 4229 4231
f 2316 2379 6768
f 2318 2316 6768
f 4012 4229 4010
f 4012 4227 4229
f 2320 2318 6768
f 4014 4227 4012
f 4014 4223 4225
f 4014 4225 4227
f 4016 4223 4014
f 4016 4874 4223
f 4018 4874 4016
f 4020 4874 4018
f 4022 4874 4020
f 4024 4874 4022
f 4026 4874 4024
f 336 4132 4134
f 335 4130 4132
f 335 4132 336
f 338 4134 4136
f 338 336 4134
f 329 4130 335
f 329 4128 4130
f 343 220 217
f 343 4136 220
f 343 338 4136
f 327 4126 4128
f 327 4128 329
f 326 4122 4124
f 326 4124 4126
f 326 4126 327
f 344 217 215
f 344 343 217
f 321 4120 4122
f 321 4122 326
f 349 215 213
f 349 344 215
f 319 4118 4120
f 319 4120 321
f 350 213 211
f 350 349 213
f 318 4116 4118
f 318 4118 319
f 358 350 211
f 312 4114 4116
f 312 4116 318
f 310 4112 4114
f 310 4114 312
f 356 358 211
f 356 211 209
f 309 4110 4112
f 309 4112 310
f 357 209 207
f 357 356 209
f 304 4110 309
f 303 4108 4110
f 303 4110 304
f 363 357 207
f 363 207 205
f 301 4106 4108
f 301 4108 303
f 364 205 203
f 364 363 205
f 300 4104 4106
f 300 4106 301
f 292 4102 4104
f 292 4104 300
f 369 364 203
f 369 203 201
f 291 4100 4102
f 291 4102 292
f 370 369 201
f 370 201 199
f 293 4098 4100
f 293 4100 291
f 290 4098 293
f 290 4096 4098
f 377 370 199
f 742 4096 290
f 375 199 197
f 375 377 199
f 743 4096 742
f 743 4094 4096
f 740 4094 743
f 740 4092 4094
f 376 197 195
f 376 375 197
f 738 4092 740
f 738 4090 4092
f 1848 1849 2312
f 1916 137 135
f 1916 135 133
f 1916 133 131
f 1916 131 129
f 1916 129 127
f 1916 127 1914
f 1846 1848 2312
f 2119 139 137
f 2119 137 1916
f 384 376 195
f 384 195 193
f 1843 1846 2312
f 2121 139 2119
f 1842 1843 2312
f 2123 139 2121
f 737 4090 738
f 737 4088 4090
f 1840 1842 2312
f 2125 139 2123
f 2125 141 139
f 2127 141 2125
f 1838 1840 2312
f 1838 2312 2311
f 385 193 191
f 385 384 193
f 1836 1838 2311
f 2129 141 2127
f 735 4088 737
f 735 4086 4088
f 2131 141 2129
f 2131 143 141
f 2133 143 2131
f 734 4086 735
f 734 4084 4086
f 2135 143 2133
f 2135 145 143
f 391 191 189
f 391 385 191
f 2137 145 2135
f 2139 145 2137
f 732 4084 734
f 732 4082 4084
f 2141 145 2139
f 2141 147 145
f 2143 147 2141
f 389 391 189
f 389 189 187
f 2145 147 2143
f 2145 149 147
f 731 4082 732
f 731 4080 4082
f 2147 149 2145
f 2149 151 149
f 2149 149 2147
f 2151 151 2149
f 729 4080 731
f 729 4078 4080
f 390 389 187
f 2153 153 151
f 2153 151 2151
f 2155 153 2153
f 2158 155 153
f 2158 153 2155
f 728 4078 729
f 728 4076 4078
f 2159 155 2158
f 2161 157 155
f 2161 155 2159
f 399 187 185
f 399 390 187
f 2163 157 2161
f 726 4074 4076
f 726 4076 728
f 2165 157 2163
f 724 4074 726
f 724 4072 4074
f 400 185 183
f 400 399 185
f 723 4072 724
f 723 4070 4072
f 404 400 183
f 404 183 181
f 721 4070 723
f 721 4068 4070
f 405 404 181
f 405 181 179
f 720 4068 721
f 720 4066 4068
f 718 4066 720
f 412 179 177
f 412 405 179
f 717 4066 718
f 717 4064 4066
f 413 177 175
f 413 412 177
f 715 4064 717
f 715 4062 4064
f 712 4062 715
f 712 4060 4062
f 418 413 175
f 711 4060 712
f 711 4058 4060
f 419 175 173
f 419 418 175
f 713 4058 711
f 713 4056 4058
f 704 4054 4056
f 704 4056 713
f 424 173 171
f 424 419 173
f 703 4054 704
f 2213 1815 1817
f 2211 1817 1819
f 2211 2213 1817
f 2215 1813 1815
f 2215 1815 2213
f 2209 2211 1819
f 2217 1811 1813
f 2217 1813 2215
f 2207 1819 1821
f 2207 2209 1819
f 2219 1811 2217
f 2219 1809 1811
f 2205 1821 1824
f 2205 2207 1821
f 2222 1809 2219
f 2222 1805 1807
f 2222 1807 1809
f 2223 1805 2222
f 2203 1824 1825
f 2203 2205 1824
f 2201 1825 1827
f 2201 2203 1825
f 2225 1805 2223
f 2225 1803 1805
f 2199 1827 1829
f 2199 2201 1827
f 2227 1803 2225
f 2227 1801 1803
f 2197 1829 1831
f 2197 2199 1829
f 2229 1801 2227
f 2229 1799 1801
f 425 171 169
f 425 424 171
f 2195 1831 1834
f 2195 2197 1831
f 2232 1799 2229
f 2232 1797 1799
f 2193 1834 1836
f 2193 2195 1834
f 2193 1836 2311
f 2234 1797 2232
f 2234 1793 1795
f 2234 1795 1797
f 2191 2193 2311
f 2236 1793 2234
f 705 4052 4054
f 705 4054 703
f 2189 2191 2311
f 2238 1793 2236
f 2238 1789 1791
f 2238 1791 1793
f 2187 2189 2311
f 2240 1789 2238
f 2185 2187 2311
f 2241 1789 2240
f 2241 1785 1787
f 2241 1787 1789
f 2183 2185 2311
f 2244 1785 2241
f 2052 2183 2311
f 2246 1785 2244
f 2246 1783 1785
f 706 4052 705
f 706 4050 4052
f 430 169 167
f 430 425 169
f 695 4050 706
f 695 4048 4050
f 435 167 165
f 435 430 167
f 694 4048 695
f 694 4046 4048
f 436 435 165
f 689 4046 694
f 689 4044 4046
f 441 436 165
f 441 165 163
f 688 4044 689
f 688 4042 4044
f 447 163 161
f 447 441 163
f 681 4040 4042
f 681 4042 688
f 448 161 159
f 448 447 161
f 676 4038 4040
f 676 4040 681
f 675 4038 676
f 675 4036 4038
f 671 4036 675
f 671 4034 4036
f 664 4034 671
f 663 4034 664
f 663 4032 4034
f 659 4032 663
f 2248 1783 2246
f 2248 2118 1783
f 2050 2311 2377
f 2050 2377 2376
f 2050 2376 2373
f 2050 2373 2371
f 2050 2052 2311
f 2249 2118 2248
f 2249 2116 2118
f 2048 2050 2371
f 2251 2113 2116
f 2251 2116 2249
f 2045 2371 2369
f 2045 2048 2371
f 2253 2112 2113
f 2253 2113 2251
f 2044 2045 2369
f 2044 2369 2367
f 2255 2112 2253
f 2255 2110 2112
f 2042 2367 2365
f 2042 2044 2367
f 2257 2108 2110
f 2257 2110 2255
f 2040 2042 2365
f 2040 2365 2364
f 2259 2106 2108
f 2259 2108 2257
f 2038 2364 2362
f 2038 2040 2364
f 2261 2106 2259
f 2261 2101 2104
f 2261 2104 2106
f 2036 2362 2360
f 2036 2038 2362
f 2263 2101 2261
f 2033 2360 2358
f 2033 2036 2360
f 2265 2101 2263
f 2265 2099 2101
f 2031 2033 2358
f 2031 2358 2355
f 2267 2099 2265
f 2267 2097 2099
f 2029 2031 2355
f 2029 2355 2354
f 2269 2097 2267
f 2269 2095 2097
f 2027 2029 2354
f 2027 2354 2352
f 2271 2095 2269
f 2271 2094 2095
f 2026 2027 2352
f 2026 2352 2350
f 2273 2094 2271
f 2273 2089 2091
f 2273 2091 2094
f 2023 2026 2350
f 2023 2350 2348
f 2275 2089 2273
f 2021 2023 2348
f 2021 2348 2346
f 2277 2089 2275
f 2277 2085 2087
f 2277 2087 2089
f 2019 2021 2346
f 2019 2346 2344
f 2279 2085 2277
f 2017 2019 2344
f 2017 2344 2342
f 2015 2342 2340
f 2015 2017 2342
f 2281 2085 2279
f 2281 2083 2085
f 2013 2015 2340
f 2013 2340 2338
f 2283 2083 2281
f 2283 2079 2081
f 2283 2081 2083
f 2011 2338 2336
f 2011 2013 2338
f 2285 2079 2283
f 2009 2011 2336
f 2009 2336 2334
f 2288 2077 2079
f 2288 2079 2285
f 2007 2009 2334
f 2007 2334 2332
f 2289 2073 2075
f 2289 2075 2077
f 2289 2077 2288
f 2005 2007 2332
f 2005 2332 2330
f 2291 2073 2289
f 2003 2005 2330
f 2003 2330 2328
f 2293 2073 2291
f 2293 2071 2073
f 2001 2328 2326
f 2001 2003 2328
f 2295 2069 2071
f 2295 2071 2293
f 1999 2001 2326
f 1999 2326 2324
f 2298 2067 2069
f 2298 2069 2295
f 1997 1999 2324
f 1997 2324 2322
f 1995 1997 2322
f 1995 2322 2320
f 1993 2320 6768
f 1993 1995 2320
f 1991 1993 6768
f 1989 1991 6768
f 1752 454 453
f 1754 1752 453
f 1750 454 1752
f 1750 462 454
f 1756 453 448
f 1756 448 159
f 1756 1754 453
f 1748 460 462
f 1748 462 1750
f 1758 157 2165
f 1758 159 157
f 1758 1756 159
f 1746 461 460
f 1746 460 1748
f 1759 1758 2165
f 1759 2165 2168
f 1744 467 461
f 1744 461 1746
f 1742 468 467
f 1742 467 1744
f 1762 2168 2170
f 1762 1759 2168
f 1764 2170 2172
f 1764 1762 2170
f 1740 468 1742
f 1740 474 468
f 1738 474 1740
f 1766 2172 2174
f 1766 1764 2172
f 1768 2174 2176
f 1768 1766 2174
f 1736 474 1738
f 1736 475 474
f 1769 2176 2177
f 1769 1768 2176
f 1734 475 1736
f 1734 482 475
f 1732 480 482
f 1732 482 1734
f 1771 1769 2177
f 1771 2177 2180
f 1730 480 1732
f 1773 2180 2182
f 1773 1771 2180
f 1728 481 480
f 1728 480 1730
f 1775 1773 2182
f 1726 487 481
f 1726 481 1728
f 1777 1775 2182
f 1780 1777 2182
f 1724 488 487
f 1724 487 1726
f 1781 1780 2182
f 1722 488 1724
f 1719 1781 2182
f 1719 2182 2053
f 1719 2053 2055
f 1719 2055 2057
f 1719 2057 2059
f 1719 2059 2061
f 1719 2061 2063
f 1719 2063 2065
f 1520 530 523
f 1520 523 522
f 1520 488 1722
f 1520 522 515
f 1520 515 514
f 1520 514 516
f 1520 516 509
f 1520 509 508
f 1520 508 502
f 1520 502 501
f 1520 501 495
f 1520 495 494
f 1520 494 496
f 1520 496 488
f 1519 554 548
f 1519 548 547
f 1519 547 549
f 1519 549 542
f 1519 542 541
f 1519 541 536
f 1519 536 535
f 1519 535 529
f 1519 529 528
f 1519 528 530
f 1519 530 1520
f 1519 559 555
f 1519 555 554
f 1585 559 1519
f 1585 560 559
f 1584 560 1585
f 1581 560 1584
f 1581 565 560
f 1579 565 1581
f 1577 565 1579
f 1577 566 565
f 1575 566 1577
f 1575 570 566
f 1573 570 1575
f 1572 570 1573
f 1572 571 570
f 1570 571 1572
f 1568 571 1570
f 1568 576 571
f 1566 576 1568
f 1566 577 576
f 1563 577 1566
f 1562 577 1563
f 1562 582 577
f 1560 582 1562
f 1558 582 1560
f 1558 586 582
f 1556 586 1558
f 1554 587 586
f 1554 586 1556
f 1552 592 587
f 1552 587 1554
f 1550 592 1552
f 1548 597 592
f 1548 592 1550
f 1546 598 597
f 1546 597 1548
f 1544 598 1546
f 1544 602 598
f 1542 602 1544
f 1540 602 1542
f 1540 603 602
f 1538 603 1540
f 1538 608 603
f 1536 608 1538
f 1536 612 608
f 1534 612 1536
f 1534 613 612
f 1532 613 1534
f 1532 618 613
f 1530 618 1532
f 1530 623 618
f 1656 2298 2300
f 1656 2300 2302
f 1656 2302 2304
f 1656 2304 2306
f 1656 2306 2307
f 1656 2307 2310
f 1656 2310 1986
f 1656 1986 1917
f 1656 1719 2065
f 1656 2065 2067
f 1656 2067 2298
f 1658 1656 1917
f 1660 1658 1917
f 1662 1660 1917
f 1664 1662 1917
f 1666 1664 1917
f 1668 1666 1917
f 1670 1917 1919
f 1670 1668 1917
f 1672 1670 1919
f 1672 1919 1921
f 1674 1921 1923
f 1674 1672 1921
f 1676 1923 1925
f 1676 1674 1923
f 1678 1925 1927
f 1678 1676 1925
f 1680 1678 1927
f 1680 1927 1929
f 1682 1929 1931
f 1682 1680 1929
f 1684 1931 1933
f 1684 1682 1931
f 1686 1933 1935
f 1686 1684 1933
f 1688 1935 1937
f 1688 1686 1935
f 1690 1937 1939
f 1690 1688 1937
f 1692 1939 1941
f 1692 1690 1939
f 1694 1941 1943
f 1694 1692 1941
f 1695 1943 1945
f 1695 1694 1943
f 1698 1945 1947
f 1698 1695 1945
f 1700 1947 1949
f 1700 1698 1947
f 1702 1949 1951
f 1702 1700 1949
f 1704 1951 1953
f 1704 1702 1951
f 1705 1953 1955
f 1705 1704 1953
f 1707 1955 1958
f 1707 1705 1955
f 1709 1958 1959
f 1709 1707 1958
f 1711 1959 1961
f 1711 1709 1959
f 1713 1961 1963
f 1713 1711 1961
f 1716 1963 1965
f 1716 1713 1963
f 1717 1716 1965
f 5365 1632 1629
f 5365 1629 1628
f 5365 1628 1626
f 5365 1626 1624
f 5365 1624 1622
f 5365 1622 1620
f 5365 1620 1618
f 5365 1618 1616
f 5365 1616 1614
f 5365 1614 1612
f 5365 1612 1610
f 5365 1610 1608
f 5365 1608 1606
f 5365 1606 1604
f 5365 1604 1602
f 5365 1602 1600
f 5365 1600 1598
f 5365 1598 1596
f 5365 1596 1594
f 5365 1594 1592
f 5365 1592 1590
f 5365 1965 1968
f 5365 1968 1970
f 5365 1970 1972
f 5365 1972 1974
f 5365 1974 1976
f 5365 1976 1977
f 5365 1977 1980
f 5365 1717 1965
f 5365 1526 1524
f 5365 1524 1587
f 5365 1587 1651
f 5365 1590 1653
f 5365 1651 1650
f 5365 1653 1717
f 5365 1650 1647
f 5365 1647 1645
f 5365 1645 1643
f 5365 1643 1641
f 5365 1641 1639
f 5365 1639 1638
f 5365 1638 1636
f 5365 1636 1634
f 5365 1634 1632
f 5365 4874 639
f 639 4874 644
f 644 4874 646
f 646 4874 647
f 647 4874 653
f 653 4874 658
f 658 4874 659
f 659 4874 4032
f 4032 4874 4030
f 4030 4874 4028
f 4028 4874 4026
f 5365 639 638
f 5365 638 634
f 5365 634 629
f 5365 629 628
f 5365 628 624
f 5365 624 623
f 5365 623 1530
f 5365 1530 1528
f 5365 1528 1526
f 4874 6127 4729
f 4729 6127 4731
f 4731 6127 4733
f 6768 5365 1982
f 1982 5365 1980
f 6768 1982 1984
f 6768 1984 1987
f 6768 1987 1989
f 6279 5314 5358
f 6279 5358 6291
f 6496 5840 6323
f 6496 6323 6770
f 1946 1697 1948
f 1696 1697 1946
f 1948 1699 1950
f 1697 1699 1948
f 6306 6305 6307
f 6308 6310 6309
f 1950 1701 1952
f 1699 1701 1950
f 1952 1703 1954
f 1701 1703 1952
f 6305 6304 6307
f 6307 6311 6308
f 6308 6311 6310
f 6304 6311 6307
f 6303 6302 6304
f 6311 6313 6312
f 1954 1706 1956
f 1703 1706 1954
f 1956 1708 1957
f 1706 1708 1956
f 6311 6314 6313
f 6301 6300 6302
f 1957 1710 1960
f 1708 1710 1957
f 1960 1712 1962
f 1710 1712 1960
f 1962 1714 1964
f 6314 6316 6315
f 6300 6297 6302
f 6298 6297 6299
f 6299 6297 6300
f 6302 6297 6304
f 1712 1714 1962
f 1964 1715 1966
f 1714 1715 1964
f 6314 6319 6316
f 6316 6319 6317
f 6317 6319 6318
f 6311 6319 6314
f 6295 6294 6296
f 6319 6321 6320
f 6296 6293 6297
f 6319 6293 6321
f 6297 6293 6304
f 6311 6293 6319
f 6294 6293 6296
f 6304 6293 6311
f 6321 6323 6322
f 6292 6291 6293
f 6293 6291 6321
f 6321 6291 6323
f 6291 3640 3642
f 3642 3643 6291
f 6291 3638 3640
f 3643 3646 6291
f 6291 3636 3638
f 3646 3648 6291
f 6291 3633 3636
f 3648 3650 6291
f 6291 3632 3633
f 6291 3608 6323
f 3650 3608 6291
f 6291 3629 3632
f 6291 3628 3629
f 6291 3626 3628
f 6291 3624 3626
f 6291 3622 3624
f 6291 3620 3622
f 6291 3618 3620
f 6291 3616 3618
f 6291 3614 3616
f 6291 3612 3614
f 1523 5837 1588
f 6291 3611 3612
f 3608 3563 6323
f 3563 3565 6323
f 3565 3567 6323
f 3567 3569 6323
f 1630 5837 1627
f 1631 5837 1630
f 1633 5837 1631
f 1635 5837 1633
f 1637 5837 1635
f 1640 5837 1637
f 1642 5837 1640
f 1644 5837 1642
f 1646 5837 1644
f 1648 5837 1646
f 1649 5837 1648
f 1652 5837 1649
f 1588 5837 1652
f 1525 5837 1523
f 5837 5805 1627
f 1978 5805 1979
f 1975 5805 1978
f 1591 5805 1589
f 1973 5805 1975
f 1593 5805 1591
f 1971 5805 1973
f 1595 5805 1593
f 1969 5805 1971
f 1597 5805 1595
f 1967 5805 1969
f 3569 3571 6323
f 3571 3573 6323
f 3573 3575 6323
f 3575 3577 6323
f 3577 3579 6323
f 1599 5805 1597
f 1966 5805 1967
f 1601 5805 1599
f 1603 5805 1601
f 1605 5805 1603
f 1607 5805 1605
f 1609 5805 1607
f 1611 5805 1609
f 1613 5805 1611
f 1615 5805 1613
f 1617 5805 1615
f 1619 5805 1617
f 1621 5805 1619
f 1623 5805 1621
f 1625 5805 1623
f 1627 5805 1625
f 1718 5805 1715
f 1589 5805 1654
f 1654 5805 1718
f 1715 5805 1966
f 5805 5807 5806
f 3579 3581 6323
f 3581 3583 6323
f 3583 3585 6323
f 5837 5835 5805
f 5805 5835 5807
f 5836 5835 5837
f 5807 5834 5808
f 5835 5834 5807
f 5834 5833 5808
f 5808 5810 5809
f 5833 5810 5808
f 3585 3587 6323
f 3587 3589 6323
f 3589 3591 6323
f 3591 3593 6323
f 5832 5831 5833
f 5831 5812 5833
f 5810 5812 5811
f 5833 5812 5810
f 5812 5814 5813
f 5829 5828 5830
f 5812 5815 5814
f 5828 5815 5830
f 5830 5815 5831
f 5831 5815 5812
f 5827 5826 5828
f 6291 3652 3611
f 6291 3693 3652
f 5828 5818 5815
f 5826 5818 5828
f 5815 5818 5816
f 5816 5818 5817
f 5825 5818 5826
f 5824 5823 5825
f 5825 5819 5818
f 6291 3692 3693
f 6291 3689 3692
f 5823 5821 5825
f 5825 5821 5819
f 5819 5821 5820
f 5822 5821 5823
f 6291 5358 4730
f 6291 4730 4732
f 5805 6802 1981
f 5805 1981 1979
f 1981 6802 1983
f 1983 6802 1988
f 1988 6802 1990
f 5326 5837 594
f 5326 594 595
f 5326 595 600
f 5326 600 605
f 5326 605 606
f 5326 606 610
f 5326 610 615
f 5326 615 4031
f 5326 4031 4029
f 5326 4029 4027
f 5326 4027 4025
f 594 5837 590
f 590 5837 589
f 589 5837 584
f 584 5837 580
f 580 5837 579
f 579 5837 574
f 574 5837 573
f 573 5837 1527
f 1527 5837 1525
f 3787 3027 3605
f 3787 3029 3027
f 3027 3026 3605
f 3787 3031 3029
f 3026 3023 3605
f 3787 3033 3031
f 3023 3021 3605
f 3787 3035 3033
f 3021 3019 3605
f 3787 3037 3035
f 3019 3017 3605
f 3787 3039 3037
f 3788 3039 3787
f 3017 3015 3605
f 3788 3041 3039
f 3790 3041 3788
f 3792 3041 3790
f 3015 3013 3605
f 3605 3013 3603
f 3792 3043 3041
f 3794 3043 3792
f 3013 3011 3603
f 3603 3011 3601
f 3794 3045 3043
f 3796 3045 3794
f 3798 3045 3796
f 3011 3009 3601
f 3601 3009 3599
f 3798 3047 3045
f 3800 3047 3798
f 3009 3007 3599
f 3599 3007 3597
f 3800 3049 3047
f 3802 3049 3800
f 3007 3005 3597
f 3597 3005 3595
f 3804 3052 3802
f 3806 3052 3804
f 3802 3052 3049
f 3593 3003 6323
f 3005 3003 3595
f 3595 3003 3593
f 3806 3053 3052
f 3808 3053 3806
f 3003 3001 6323
f 3808 3055 3053
f 3810 3055 3808
f 3812 3055 3810
f 3001 2999 6323
f 3812 3057 3055
f 3814 3057 3812
f 2999 2997 6323
f 3814 2807 3057
f 3816 2807 3814
f 3818 2807 3816
f 2997 2995 6323
f 3820 2808 3818
f 3818 2808 2807
f 3822 2811 3820
f 3824 2811 3822
f 3820 2811 2808
f 3826 2813 3824
f 3824 2813 2811
f 3826 2815 2813
f 3784 2815 3826
f 3784 2817 2815
f 3784 2819 2817
f 3784 2821 2819
f 3784 2823 2821
f 3784 2825 2823
f 3784 2827 2825
f 3784 2829 2827
f 3784 2831 2829
f 3660 4603 3658
f 3658 4605 3656
f 4603 4605 3658
f 3662 4601 3660
f 3660 4601 4603
f 4605 4607 3656
f 3656 4607 3655
f 3784 2833 2831
f 3664 4599 3662
f 3662 4599 4601
f 4607 4609 3655
f 3666 4597 3664
f 3664 4597 4599
f 4609 4611 3655
f 3668 4595 3666
f 3666 4595 4597
f 4611 4614 3655
f 3670 4593 3668
f 3668 4593 4595
f 4614 4615 3655
f 3670 4591 4593
f 3672 4591 3670
f 4615 4617 3655
f 3672 4589 4591
f 4617 4620 3655
f 3672 4587 4589
f 3673 4587 3672
f 4620 4621 3655
f 3673 4585 4587
f 3676 4585 3673
f 4621 4624 3655
f 3678 4583 3676
f 3676 4583 4585
f 4624 4625 3655
f 3678 4581 4583
f 3680 4581 3678
f 4625 4628 3655
f 3682 4579 3680
f 3680 4579 4581
f 3655 4629 3696
f 4628 4629 3655
f 4629 4632 3696
f 4632 4634 3696
f 4634 4636 3696
f 2835 3741 2837
f 2833 3741 2835
f 3784 3741 2833
f 4636 4638 3696
f 3741 2839 2837
f 4638 4640 3696
f 4640 4642 3696
f 4642 4643 3696
f 3741 2841 2839
f 4643 4646 3696
f 4646 4648 3696
f 3741 2843 2841
f 4648 4650 3696
f 3696 4650 3738
f 4650 4652 3738
f 3738 4652 3736
f 4652 4653 3736
f 3736 4653 3733
f 3741 2845 2843
f 4653 4656 3733
f 3733 4656 3732
f 4656 4658 3732
f 3732 4658 3729
f 3741 2847 2845
f 4658 4660 3729
f 3721 4558 3719
f 3723 4558 3721
f 3725 4558 3723
f 3727 4558 3725
f 3729 4558 3727
f 4660 4558 3729
f 3741 2849 2847
f 3741 2851 2849
f 3741 2853 2851
f 2965 3533 3531
f 2963 3533 2965
f 3531 3530 2965
f 2967 3530 2969
f 2965 3530 2967
f 2961 3535 2963
f 2963 3535 3533
f 3530 3527 2969
f 2959 3537 2961
f 2961 3537 3535
f 2969 3525 2971
f 3527 3525 2969
f 2959 3539 3537
f 2957 3539 2959
f 3525 3523 2971
f 2973 3523 2975
f 2971 3523 2973
f 4567 4762 4565
f 2955 3541 2957
f 2953 3541 2955
f 2957 3541 3539
f 4569 4759 4567
f 4567 4759 4762
f 4762 4764 4565
f 4565 4764 4563
f 4571 4757 4569
f 4569 4757 4759
f 4764 4766 4563
f 4563 4766 4561
f 4573 4756 4571
f 4571 4756 4757
f 4561 4663 4559
f 4766 4663 4561
f 2975 3521 2977
f 3523 3521 2975
f 4573 4754 4756
f 4575 4754 4573
f 4577 4752 4575
f 4575 4752 4754
f 2953 3543 3541
f 4579 4750 4577
f 4577 4750 4752
f 2977 3519 2979
f 3521 3519 2977
f 4579 4748 4750
f 3682 4748 4579
f 3683 4748 3682
f 2951 3545 2953
f 2949 3545 2951
f 2953 3545 3543
f 3686 4746 3683
f 3683 4746 4748
f 3519 3517 2979
f 3686 4744 4746
f 3688 4744 3686
f 2949 3547 3545
f 3689 4742 3688
f 6291 4742 3689
f 3688 4742 4744
f 2981 3515 2983
f 2979 3515 2981
f 3517 3515 2979
f 6291 4740 4742
f 2947 3549 2949
f 2949 3549 3547
f 6291 4738 4740
f 3515 3513 2983
f 2947 3551 3549
f 2945 3551 2947
f 6291 4736 4738
f 2983 3511 2985
f 3513 3511 2983
f 6291 4734 4736
f 2945 3553 3551
f 2943 3553 2945
f 6291 4732 4734
f 3511 3509 2985
f 2987 3509 2989
f 2985 3509 2987
f 2943 3556 3553
f 2941 3556 2943
f 2939 3556 2941
f 3509 3507 2989
f 2939 3557 3556
f 3507 3505 2989
f 2989 3505 2991
f 2939 3559 3557
f 2937 3559 2939
f 4663 4662 4559
f 2991 3503 2993
f 3505 3503 2991
f 2937 3561 3559
f 2935 3561 2937
f 3503 3501 2993
f 2993 3501 2995
f 2995 3501 6323
f 2935 3311 3561
f 2933 3311 2935
f 2933 3312 3311
f 2931 3312 2933
f 2929 3312 2931
f 2929 3315 3312
f 2927 3317 2929
f 2929 3317 3315
f 2925 3319 2927
f 2927 3319 3317
f 2923 3321 2925
f 2921 3321 2923
f 2925 3321 3319
f 2921 3323 3321
f 2921 3325 3323
f 2919 3325 2921
f 2917 3325 2919
f 2917 3327 3325
f 2917 3329 3327
f 2915 3329 2917
f 4556 4455 4558
f 4558 4455 3719
f 3713 4455 3711
f 3715 4455 3713
f 3717 4455 3715
f 3719 4455 3717
f 4455 4456 3711
f 3711 4456 3709
f 4456 4458 3709
f 3709 4458 3707
f 2915 3331 3329
f 2913 3331 2915
f 4458 4460 3707
f 3707 4460 3705
f 4460 4462 3705
f 3705 4462 3703
f 3703 4464 3701
f 4462 4464 3703
f 3701 4466 3699
f 4464 4466 3701
f 2881 3279 2883
f 2881 3281 3279
f 2879 3281 2881
f 3279 3278 2883
f 2879 3283 3281
f 2877 3283 2879
f 3278 3275 2883
f 2885 3275 2887
f 2883 3275 2885
f 2877 3285 3283
f 2875 3285 2877
f 3699 4468 3697
f 4466 4468 3699
f 2887 3273 2889
f 3275 3273 2887
f 2875 3287 3285
f 2873 3287 2875
f 4468 4470 3697
f 2889 3271 2891
f 3273 3271 2889
f 2873 3289 3287
f 2871 3289 2873
f 4470 4472 3697
f 3271 3269 2891
f 2891 3269 2893
f 2871 3291 3289
f 2869 3291 2871
f 4472 4474 3697
f 3269 3267 2893
f 2893 3267 2895
f 2869 3293 3291
f 2867 3293 2869
f 4474 4476 3697
f 3267 3265 2895
f 2895 3265 2897
f 2867 3295 3293
f 2865 3295 2867
f 4476 4478 3697
f 3265 3263 2897
f 2897 3263 2899
f 4478 4480 3697
f 2863 3297 2865
f 2865 3297 3295
f 3263 3261 2899
f 2899 3261 2901
f 4480 4482 3697
f 2861 3299 2863
f 2863 3299 3297
f 4482 4484 3697
f 3261 3259 2901
f 2901 3259 2903
f 2859 3301 2861
f 2861 3301 3299
f 4484 4486 3697
f 3259 3257 2903
f 2903 3257 2905
f 4486 4488 3697
f 3697 4488 3740
f 2857 3304 2859
f 2859 3304 3301
f 3257 3255 2905
f 2905 3255 2907
f 4488 4490 3740
f 2855 3305 2857
f 2857 3305 3304
f 4490 4492 3740
f 3255 3253 2907
f 2907 3253 2909
f 4492 4494 3740
f 2853 3307 2855
f 2855 3307 3305
f 3741 3307 2853
f 3253 3251 2909
f 2909 3251 2911
f 4494 4496 3740
f 3741 3309 3307
f 3743 3309 3741
f 4496 4498 3740
f 3251 3249 2911
f 2911 3249 2913
f 4498 4500 3740
f 3745 3059 3743
f 3743 3059 3309
f 4500 4502 3740
f 2913 3247 3331
f 3249 3247 2913
f 3331 3247 3333
f 3748 3060 3745
f 3749 3060 3748
f 3745 3060 3059
f 4502 4504 3740
f 3247 3245 3333
f 3333 3245 3335
f 4504 4506 3740
f 3749 3063 3060
f 3751 3063 3749
f 4506 4508 3740
f 3245 3243 3335
f 3335 3243 3337
f 4508 4510 3740
f 3740 4510 3782
f 3751 3065 3063
f 3754 3065 3751
f 4510 4512 3782
f 3782 4512 3780
f 3243 3241 3337
f 3337 3241 3339
f 4512 4514 3780
f 3754 3067 3065
f 3755 3067 3754
f 3241 3239 3339
f 3339 3239 3341
f 3757 3069 3755
f 3759 3069 3757
f 3755 3069 3067
f 3239 3237 3341
f 3341 3237 3343
f 3759 3071 3069
f 3761 3071 3759
f 3343 3235 3345
f 3237 3235 3343
f 3763 3073 3761
f 3761 3073 3071
f 3235 3233 3345
f 3345 3233 3347
f 3766 3075 3763
f 3763 3075 3073
f 3233 3231 3347
f 3347 3231 3349
f 3766 3077 3075
f 3768 3077 3766
f 3770 3077 3768
f 3231 3229 3349
f 3349 3229 3351
f 3771 3079 3770
f 3770 3079 3077
f 3229 3227 3351
f 3351 3227 3353
f 3771 3081 3079
f 3774 3081 3771
f 3227 3225 3353
f 3353 3225 3355
f 3774 3083 3081
f 3776 3083 3774
f 3225 3223 3355
f 3355 3223 3357
f 3778 3085 3776
f 3776 3085 3083
f 3357 3221 3359
f 3223 3221 3357
f 3359 3219 3361
f 3221 3219 3359
f 3219 3217 3361
f 3361 3217 3363
f 3217 3215 3363
f 3363 3215 3365
f 3365 3213 3367
f 3215 3213 3365
f 3213 3211 3367
f 3367 3211 3369
f 3211 3209 3369
f 3369 3209 3371
f 3209 3207 3371
f 3371 3207 3373
f 3373 3205 3375
f 3207 3205 3373
f 3205 3203 3375
f 3375 3203 3377
f 3377 3201 3379
f 3203 3201 3377
f 3379 3199 3381
f 3201 3199 3379
f 3199 3197 3381
f 3381 3197 3383
f 3383 3195 3385
f 3197 3195 3383
f 3195 3193 3385
f 3385 3193 3387
f 3387 3191 3389
f 3193 3191 3387
f 3191 3189 3389
f 3389 3189 3391
f 3471 2709 3473
f 3473 2709 2711
f 2711 2713 3473
f 3473 2713 3475
f 3469 2707 3471
f 3471 2707 2709
f 2713 2715 3475
f 3475 2715 3477
f 2715 2717 3477
f 3477 2717 3479
f 3467 2705 3469
f 3469 2705 2707
f 3467 2703 2705
f 2717 2720 3479
f 3479 2720 3481
f 2720 2721 3481
f 3465 2701 3467
f 3467 2701 2703
f 2721 2723 3481
f 3481 2723 3483
f 3463 2699 3465
f 3465 2699 2701
f 3189 3187 3391
f 3391 3187 3393
f 2723 2725 3483
f 3483 2725 3485
f 3461 2697 3463
f 3463 2697 2699
f 2725 2727 3485
f 3485 2727 3487
f 3461 2695 2697
f 2727 2730 3487
f 3487 2730 3489
f 3459 2693 3461
f 3461 2693 2695
f 2730 2732 3489
f 3489 2732 3491
f 3457 2691 3459
f 3459 2691 2693
f 2732 2734 3491
f 3491 2734 3493
f 3455 2689 3457
f 3457 2689 2691
f 2734 2736 3493
f 3493 2736 3495
f 3455 2687 2689
f 2736 2738 3495
f 3495 2738 3497
f 3453 2685 3455
f 3455 2685 2687
f 2738 2739 3497
f 3453 2683 2685
f 3451 2683 3453
f 3451 2681 2683
f 3449 2679 3451
f 3447 2679 3449
f 3451 2679 2681
f 3445 2679 3447
f 3443 2679 3445
f 3441 2679 3443
f 3439 2679 3441
f 3437 2679 3439
f 3435 2679 3437
f 3433 2679 3435
f 3431 2679 3433
f 3429 2679 3431
f 3427 2679 3429
f 3425 2679 3427
f 4667 4770 4768
f 4667 4871 4770
f 4668 4871 4667
f 4670 4870 4668
f 4668 4870 4871
f 4672 4868 4670
f 4670 4868 4870
f 4450 4349 4452
f 4522 34 4520
f 4523 34 4522
f 4526 32 4523
f 4528 32 4526
f 4523 32 34
f 4518 36 4516
f 4520 36 4518
f 34 36 4520
f 4528 30 32
f 4530 30 4528
f 4532 30 4530
f 4516 38 4514
f 4514 38 3780
f 36 38 4516
f 4534 28 4532
f 4536 28 4534
f 4532 28 30
f 3780 40 3778
f 3778 40 3085
f 38 40 3780
f 3085 40 3087
f 4537 26 4536
f 4540 26 4537
f 4536 26 28
f 40 42 3087
f 3089 42 3091
f 3087 42 3089
f 4542 24 4540
f 4544 24 4542
f 4540 24 26
f 2614 2610 2615
f 2612 2610 2614
f 42 44 3091
f 3091 44 3093
f 4546 22 4544
f 4548 22 4546
f 4544 22 24
f 44 46 3093
f 3095 46 3097
f 3093 46 3095
f 4550 20 4548
f 4552 20 4550
f 4548 20 22
f 2610 2608 2615
f 2615 2608 2618
f 46 48 3097
f 3097 48 3099
f 4554 18 4552
f 4452 18 4554
f 4552 18 20
f 48 50 3099
f 3101 50 3103
f 3099 50 3101
f 4452 16 18
f 2608 2605 2618
f 50 52 3103
f 3105 52 3107
f 3103 52 3105
f 4704 3928 4702
f 4704 3930 3928
f 4706 3930 4704
f 4702 3926 4700
f 3928 3926 4702
f 3926 3924 4700
f 4700 3924 4698
f 4708 3932 4706
f 4706 3932 3930
f 4698 3922 4696
f 3924 3922 4698
f 4710 3934 4708
f 4708 3934 3932
f 4696 3920 4694
f 3922 3920 4696
f 4710 3935 3934
f 4712 3935 4710
f 3920 3918 4694
f 4694 3918 4692
f 4712 3938 3935
f 4714 3938 4712
f 4452 14 16
f 4692 3916 4690
f 3918 3916 4692
f 4714 3940 3938
f 4716 3940 4714
f 4773 4345 4346
f 4774 4345 4773
f 4690 3914 4688
f 3916 3914 4690
f 4716 3942 3940
f 4718 3942 4716
f 4774 4447 4345
f 4688 3912 4686
f 3914 3912 4688
f 4718 3944 3942
f 4720 3944 4718
f 3107 54 3109
f 52 54 3107
f 4722 3945 4720
f 4720 3945 3944
f 4686 3910 4684
f 3912 3910 4686
f 4776 4446 4774
f 4774 4446 4447
f 3910 3908 4684
f 4684 3908 4682
f 4724 3947 4722
f 4722 3947 3945
f 4776 4444 4446
f 4778 4444 4776
f 4349 12 4452
f 4452 12 14
f 4680 3906 4678
f 4682 3906 4680
f 3908 3906 4682
f 4724 3949 3947
f 4726 3949 4724
f 3906 3904 4678
f 4678 3904 4676
f 4728 3951 4726
f 4726 3951 3949
f 54 56 3109
f 3111 56 3113
f 3109 56 3111
f 3904 3902 4676
f 4676 3902 4674
f 2604 2602 2605
f 2605 2602 2618
f 4674 3900 4672
f 3902 3900 4674
f 4349 10 12
f 4868 3898 4866
f 4672 3898 4868
f 3900 3898 4672
f 4857 3895 4856
f 4860 3895 4857
f 4861 3895 4860
f 4864 3895 4861
f 4866 3895 4864
f 3898 3895 4866
f 3113 58 3115
f 56 58 3113
f 4350 8 4349
f 4349 8 10
f 58 60 3115
f 3117 60 3119
f 3115 60 3117
f 2599 2598 2602
f 2602 2598 2618
f 4350 6 8
f 4352 6 4350
f 4354 6 4352
f 60 62 3119
f 3121 62 3123
f 3119 62 3121
f 4354 4 6
f 4356 4 4354
f 4358 4 4356
f 4360 4 4358
f 62 64 3123
f 3123 64 3125
f 4362 3 4360
f 4364 3 4362
f 4366 3 4364
f 4360 3 4
f 64 66 3125
f 3127 66 3129
f 3125 66 3127
f 4368 252 4366
f 4370 252 4368
f 4366 252 3
f 3425 2744 2679
f 3423 2744 3425
f 3421 2744 3423
f 3419 2744 3421
f 3417 2744 3419
f 3415 2744 3417
f 3413 2744 3415
f 3411 2744 3413
f 3409 2744 3411
f 3407 2744 3409
f 3405 2744 3407
f 3403 2744 3405
f 3401 2744 3403
f 3399 2744 3401
f 3397 2744 3399
f 3395 2806 3397
f 3397 2806 2744
f 3395 2803 2806
f 3393 2803 3395
f 66 68 3129
f 3131 68 3133
f 3129 68 3131
f 2595 2590 2598
f 2594 2590 2595
f 2591 2590 2594
f 3187 2802 3393
f 3393 2802 2803
f 3185 2800 3187
f 3187 2800 2802
f 4372 250 4370
f 4374 250 4372
f 4376 250 4374
f 4370 250 252
f 3183 2798 3185
f 3185 2798 2800
f 3183 2796 2798
f 2590 2588 2598
f 3181 2794 3183
f 3183 2794 2796
f 3133 70 3135
f 68 70 3133
f 3179 2791 3181
f 3181 2791 2794
f 3179 2789 2791
f 3177 2789 3179
f 4378 248 4376
f 4380 248 4378
f 4382 248 4380
f 4376 248 250
f 3177 2787 2789
f 2588 2586 2598
f 3175 2785 3177
f 3177 2785 2787
f 70 72 3135
f 3137 72 3139
f 3135 72 3137
f 3173 2784 3175
f 3175 2784 2785
f 3171 2781 3173
f 3173 2781 2784
f 4384 245 4382
f 4386 245 4384
f 4388 245 4386
f 4382 245 248
f 3169 2779 3171
f 3171 2779 2781
f 2586 2584 2598
f 2598 2584 2618
f 3169 2777 2779
f 3167 2775 3169
f 3169 2775 2777
f 72 74 3139
f 3139 74 3141
f 3167 2773 2775
f 3165 2773 3167
f 2584 2581 2618
f 3165 2771 2773
f 3163 2771 3165
f 4388 244 245
f 4390 244 4388
f 4392 244 4390
f 4394 244 4392
f 3163 2769 2771
f 74 76 3141
f 3143 76 3145
f 3141 76 3143
f 4396 242 4394
f 4398 242 4396
f 4394 242 244
f 3147 78 3149
f 3145 78 3147
f 76 78 3145
f 4846 3893 4844
f 4848 3893 4846
f 4849 3893 4848
f 4852 3893 4849
f 4854 3893 4852
f 4856 3893 4854
f 3895 3893 4856
f 4844 3891 4842
f 3893 3891 4844
f 2578 2575 2580
f 4842 3890 4840
f 3891 3890 4842
f 4398 240 242
f 4400 240 4398
f 4402 240 4400
f 4404 240 4402
f 4840 3887 4838
f 3890 3887 4840
f 4836 3885 4834
f 4838 3885 4836
f 3887 3885 4838
f 78 80 3149
f 3149 80 3151
f 4834 3883 4832
f 3885 3883 4834
f 4832 3881 4830
f 3883 3881 4832
f 4406 238 4404
f 4408 238 4406
f 4404 238 240
f 3881 3879 4830
f 4830 3879 4828
f 2580 2571 2581
f 2581 2571 2618
f 2574 2571 2575
f 2575 2571 2580
f 3879 3878 4828
f 4828 3878 4826
f 80 82 3151
f 3153 82 3155
f 3151 82 3153
f 3878 3876 4826
f 4826 3876 4824
f 3876 3874 4824
f 4824 3874 4822
f 3874 3872 4822
f 4822 3872 4820
f 4408 236 238
f 4410 236 4408
f 4412 236 4410
f 4414 236 4412
f 3872 3869 4820
f 4820 3869 4818
f 3869 3868 4818
f 3155 84 3157
f 82 84 3155
f 2570 2565 2571
f 2568 2565 2570
f 2571 2565 2618
f 4414 234 236
f 4416 234 4414
f 4418 234 4416
f 2565 2563 2618
f 3157 86 3159
f 84 86 3157
f 4418 232 234
f 4419 232 4418
f 4422 232 4419
f 2563 2562 2618
f 3163 88 2769
f 3161 88 3163
f 3159 88 3161
f 86 88 3159
f 2653 2474 2651
f 2656 2472 2653
f 2653 2472 2474
f 2651 2476 2650
f 2474 2476 2651
f 2656 2470 2472
f 2658 2470 2656
f 2650 2478 2647
f 2476 2478 2650
f 2559 2557 2562
f 2658 2468 2470
f 2659 2468 2658
f 2478 2480 2647
f 2647 2480 2645
f 2659 2466 2468
f 2662 2466 2659
f 2645 2482 2643
f 2480 2482 2645
f 2662 2464 2466
f 2664 2464 2662
f 4422 230 232
f 4424 230 4422
f 4425 230 4424
f 4428 230 4425
f 2482 2484 2643
f 2643 2484 2641
f 2665 2462 2664
f 2664 2462 2464
f 2641 2485 2639
f 2484 2485 2641
f 2665 2460 2462
f 2668 2460 2665
f 2639 2488 2637
f 2485 2488 2639
f 2670 2458 2668
f 2668 2458 2460
f 2671 2456 2670
f 2670 2456 2458
f 2673 2454 2671
f 2671 2454 2456
f 2676 2452 2673
f 2673 2452 2454
f 88 90 2769
f 2769 90 2767
f 2676 2450 2452
f 2618 2449 2676
f 2676 2449 2450
f 4430 228 4428
f 4432 228 4430
f 4428 228 230
f 2618 2505 2449
f 90 92 2767
f 2765 92 2763
f 2767 92 2765
f 2552 2547 2553
f 2550 2547 2552
f 2621 6770 2619
f 2623 6770 2621
f 2625 6770 2623
f 2627 6770 2625
f 2629 6770 2627
f 2631 6770 2629
f 2633 6770 2631
f 2635 6770 2633
f 2637 6770 2635
f 2488 6770 2637
f 2619 6770 2678
f 3501 6770 6323
f 2742 6770 2739
f 2678 6770 2742
f 2739 6770 3497
f 3499 6770 3501
f 3497 6770 3499
f 2490 6770 2488
f 2491 6770 2490
f 2494 6770 2491
f 2496 6770 2494
f 2497 6770 2496
f 2499 6770 2497
f 2501 6770 2499
f 2503 6770 2501
f 2446 6770 2503
f 4312 5358 4314
f 4310 5358 4312
f 4308 5358 4310
f 4306 5358 4308
f 4304 5358 4306
f 4302 5358 4304
f 4300 5358 4302
f 4298 5358 4300
f 4296 5358 4298
f 4294 5358 4296
f 4292 5358 4294
f 4290 5358 4292
f 4288 5358 4290
f 4286 5358 4288
f 4284 5358 4286
f 3959 5358 4277
f 4282 5358 4284
f 4277 5358 4282
f 4730 5358 4728
f 4728 5358 3951
f 3957 5358 3959
f 3956 5358 3957
f 3953 5358 3956
f 3951 5358 3953
f 4324 5358 4326
f 4322 5358 4324
f 4319 5358 4322
f 4318 5358 4319
f 4316 5358 4318
f 4314 5358 4316
f 6770 6772 6771
f 2507 2511 2509
f 2505 2511 2507
f 4432 226 228
f 4433 226 4432
f 6770 6773 6772
f 5356 5355 5357
f 2555 2545 2557
f 2553 2545 2555
f 2547 2545 2553
f 6773 6775 6774
f 5354 5353 5355
f 5357 5353 5358
f 5355 5353 5357
f 2505 2513 2511
f 2618 2513 2505
f 6775 6777 6776
f 5352 5351 5353
f 2545 2544 2557
f 2557 2544 2562
f 6775 6778 6777
f 5353 5350 5358
f 5351 5350 5353
f 6773 6779 6775
f 6770 6779 6773
f 6775 6779 6778
f 5350 5349 5358
f 92 94 2763
f 2761 94 2759
f 2763 94 2761
f 6779 6781 6780
f 5348 5347 5349
f 5349 5347 5358
f 6770 6782 6779
f 6779 6782 6781
f 2618 2517 2513
f 2513 2517 2515
f 5346 5345 5347
f 2544 2539 2562
f 2541 2539 2544
f 6782 6784 6783
f 6770 6784 6782
f 5345 5344 5347
f 5344 5343 5347
f 2539 2537 2562
f 5343 5342 5347
f 5347 5342 5358
f 2517 2521 2519
f 2618 2521 2517
f 4436 224 4433
f 4438 224 4436
f 4433 224 226
f 2618 2523 2521
f 6785 6788 6786
f 6786 6788 6787
f 2446 2381 6770
f 2535 2531 2537
f 2533 2531 2535
f 6785 6789 6788
f 6784 6789 6785
f 5340 5339 5341
f 5341 5339 5342
f 5342 5339 5358
f 2523 2527 2525
f 2537 2529 2562
f 2562 2529 2618
f 2618 2529 2523
f 2531 2529 2537
f 2523 2529 2527
f 6784 6790 6789
f 6770 6790 6784
f 5339 5338 5358
f 2381 2383 6770
f 5338 5337 5358
f 6790 6792 6791
f 5337 5336 5358
f 2383 2385 6770
f 6790 6793 6792
f 5336 5335 5358
f 6790 6794 6793
f 6770 6794 6790
f 2385 2387 6770
f 5335 5333 5358
f 5334 5333 5335
f 6794 6796 6795
f 6770 6796 6794
f 2387 2389 6770
f 5331 5330 5332
f 6796 6799 6797
f 6797 6799 6798
f 6770 6799 6796
f 5332 5329 5333
f 5333 5329 5358
f 5330 5329 5332
f 2389 2391 6770
f 6799 6801 6800
f 5328 5327 5329
f 5329 5327 5358
f 6770 6802 6799
f 6799 6802 6801
f 5358 5326 4326
f 4341 5326 4279
f 4340 5326 4341
f 4337 5326 4340
f 4335 5326 4337
f 4333 5326 4335
f 4331 5326 4333
f 5327 5326 5358
f 4329 5326 4331
f 4328 5326 4329
f 4326 5326 4328
f 4438 222 224
f 4440 222 4438
f 2391 2393 6770
f 2393 2395 6770
f 2395 2397 6770
f 2397 2399 6770
f 2399 2401 6770
f 6770 2403 6802
f 2401 2403 6770
f 2403 2405 6802
f 2405 2407 6802
f 2407 2409 6802
f 2409 2411 6802
f 2411 2413 6802
f 2413 2415 6802
f 2415 2417 6802
f 2417 2419 6802
f 2419 2422 6802
f 2422 2423 6802
f 2423 2425 6802
f 2425 2427 6802
f 2427 2429 6802
f 2429 2432 6802
f 2432 2434 6802
f 2434 2436 6802
f 2436 2438 6802
f 2438 2440 6802
f 2440 2441 6802
f 2441 2444 6802
f 2444 2380 6802
f 5326 4214 4279
f 3856 4181 3858
f 3856 4183 4181
f 3854 4183 3856
f 3852 4183 3854
f 4181 4180 3858
f 3858 4180 3860
f 3850 4185 3852
f 3852 4185 4183
f 4180 4177 3860
f 3862 4177 3864
f 3860 4177 3862
f 5326 4216 4214
f 3850 4187 4185
f 3848 4187 3850
f 3846 4187 3848
f 3864 4175 3866
f 4177 4175 3864
f 3844 4189 3846
f 3846 4189 4187
f 5326 4218 4216
f 3866 4173 3868
f 4175 4173 3866
f 3844 4191 4189
f 3842 4191 3844
f 3840 4191 3842
f 4173 4171 3868
f 3868 4171 4818
f 4818 4171 4816
f 5326 4220 4218
f 3838 4193 3840
f 3840 4193 4191
f 4171 4169 4816
f 4814 4169 4812
f 4816 4169 4814
f 5326 4222 4220
f 3838 4195 4193
f 3836 4195 3838
f 3834 4195 3836
f 5326 4224 4222
f 4169 4167 4812
f 4812 4167 4810
f 3834 4197 4195
f 3832 4197 3834
f 4167 4165 4810
f 4810 4165 4808
f 3832 4199 4197
f 3828 4199 3832
f 4165 4163 4808
f 4806 4163 4804
f 4808 4163 4806
f 3828 4201 4199
f 4163 4161 4804
f 4804 4161 4802
f 3828 4203 4201
f 4802 4159 4800
f 4161 4159 4802
f 3828 4206 4203
f 4159 4157 4800
f 4798 4157 4796
f 4800 4157 4798
f 3828 4207 4206
f 4157 4155 4796
f 4796 4155 4794
f 3828 4209 4207
f 4155 4153 4794
f 4794 4153 4792
f 3828 4211 4209
f 4153 4151 4792
f 4790 4151 4788
f 4792 4151 4790
f 3828 3961 4211
f 3827 3961 3828
f 4151 4149 4788
f 4788 4149 4786
f 3827 3962 3961
f 4149 4147 4786
f 4786 4147 4784
f 3827 3965 3962
f 4147 4145 4784
f 4782 4145 4780
f 4784 4145 4782
f 3827 3967 3965
f 4145 4143 4780
f 4780 4143 4778
f 3827 3969 3967
f 4143 4141 4778
f 4444 4141 4442
f 4778 4141 4444
f 3827 3971 3969
f 4141 4139 4442
f 4442 4139 4440
f 4440 4139 222
f 3827 3973 3971
f 222 4137 219
f 4139 4137 222
f 4275 3975 3827
f 3827 3975 3973
f 4137 4135 219
f 4274 3977 4275
f 4275 3977 3975
f 4271 3979 4274
f 4269 3979 4271
f 4274 3979 3977
f 4267 3981 4269
f 4269 3981 3979
f 4265 3983 4267
f 4263 3983 4265
f 4267 3983 3981
f 4262 3985 4263
f 4263 3985 3983
f 4260 3987 4262
f 4258 3987 4260
f 4262 3987 3985
f 4258 3989 3987
f 4256 3989 4258
f 4256 3991 3989
f 4253 3991 4256
f 4252 3991 4253
f 4252 3993 3991
f 4250 3993 4252
f 4250 3995 3993
f 4248 3995 4250
f 4248 3997 3995
f 4246 3997 4248
f 4244 3997 4246
f 104 1884 1882
f 1882 1880 104
f 104 1880 102
f 1880 1878 102
f 104 1886 1884
f 106 1886 104
f 106 1888 1886
f 1878 1876 102
f 102 1876 100
f 106 1889 1888
f 108 1889 106
f 1876 1874 100
f 108 1892 1889
f 1874 1872 100
f 100 1872 98
f 108 1894 1892
f 110 1894 108
f 1872 1870 98
f 110 1896 1894
f 1870 1868 98
f 98 1868 96
f 110 1898 1896
f 1868 1866 96
f 96 1866 94
f 94 1866 2759
f 2759 1864 2757
f 1866 1864 2759
f 110 1899 1898
f 112 1899 110
f 112 1901 1899
f 1864 1862 2757
f 2757 1862 2755
f 4244 3999 3997
f 4242 3999 4244
f 112 1903 1901
f 114 1903 112
f 2755 1860 2753
f 1862 1860 2755
f 114 1905 1903
f 1860 1858 2753
f 2753 1858 2751
f 1858 1856 2751
f 2751 1856 2749
f 114 1907 1905
f 114 1910 1907
f 116 1910 114
f 1856 1854 2749
f 2749 1854 2747
f 1854 1852 2747
f 2747 1852 2745
f 116 1911 1910
f 4242 4001 3999
f 4240 4001 4242
f 1852 1850 2745
f 2745 1850 2314
f 116 1913 1911
f 118 1913 116
f 120 1913 118
f 122 1913 120
f 124 1913 122
f 126 1913 124
f 128 1913 126
f 4238 4003 4240
f 4236 4003 4238
f 4240 4003 4001
f 4236 4005 4003
f 4234 4005 4236
f 4234 4007 4005
f 4232 4007 4234
f 4232 4009 4007
f 4230 4009 4232
f 2380 2315 6802
f 2315 2317 6802
f 4230 4011 4009
f 4228 4011 4230
f 2317 2319 6802
f 4226 4013 4228
f 4224 4013 4226
f 4228 4013 4011
f 5326 4015 4224
f 4224 4015 4013
f 5326 4017 4015
f 5326 4019 4017
f 5326 4021 4019
f 5326 4023 4021
f 5326 4025 4023
f 4131 282 4133
f 4129 281 4131
f 4131 281 282
f 282 284 4133
f 4127 279 4129
f 4129 279 281
f 284 285 4133
f 4133 285 4135
f 4125 278 4127
f 4127 278 279
f 219 287 218
f 285 287 4135
f 4135 287 219
f 4123 276 4125
f 4125 276 278
f 287 288 218
f 4121 275 4123
f 4123 275 276
f 218 295 216
f 288 295 218
f 4121 273 275
f 216 296 214
f 295 296 216
f 4119 271 4121
f 4121 271 273
f 296 297 214
f 4119 270 271
f 4117 270 4119
f 214 298 212
f 297 298 214
f 4115 268 4117
f 4117 268 270
f 298 306 212
f 212 306 210
f 4113 267 4115
f 4115 267 268
f 4113 265 267
f 4111 265 4113
f 306 307 210
f 210 307 208
f 4109 264 4111
f 4111 264 265
f 307 314 208
f 4107 262 4109
f 4109 262 264
f 208 315 206
f 314 315 208
f 4105 261 4107
f 4107 261 262
f 4103 259 4105
f 4105 259 261
f 206 316 204
f 315 316 206
f 4101 257 4103
f 4103 257 259
f 204 323 202
f 316 323 204
f 4099 256 4101
f 4101 256 257
f 4097 254 4099
f 4099 254 256
f 323 324 202
f 202 324 200
f 4097 255 254
f 200 331 198
f 324 331 200
f 4095 709 4097
f 4097 709 255
f 4095 708 709
f 4093 708 4095
f 331 332 198
f 4091 701 4093
f 4093 701 708
f 4089 700 4091
f 4091 700 701
f 198 333 196
f 332 333 198
f 128 1915 1913
f 130 1915 128
f 132 1915 130
f 134 1915 132
f 136 1915 134
f 138 1915 136
f 1850 1847 2314
f 4089 698 700
f 4087 698 4089
f 1847 1845 2314
f 138 2120 1915
f 140 2120 138
f 1845 1844 2314
f 140 2122 2120
f 333 341 196
f 196 341 194
f 1844 1841 2314
f 140 2124 2122
f 4087 697 698
f 1841 1839 2314
f 142 2126 140
f 140 2126 2124
f 142 2128 2126
f 2314 1837 2313
f 1839 1837 2314
f 1837 1835 2313
f 142 2130 2128
f 4087 692 697
f 4085 692 4087
f 194 340 192
f 341 340 194
f 144 2132 142
f 142 2132 2130
f 144 2134 2132
f 146 2136 144
f 144 2136 2134
f 4083 691 4085
f 4085 691 692
f 146 2138 2136
f 146 2140 2138
f 192 346 190
f 340 346 192
f 148 2142 146
f 146 2142 2140
f 4081 686 4083
f 4083 686 691
f 148 2144 2142
f 150 2146 148
f 148 2146 2144
f 4079 685 4081
f 4081 685 686
f 346 347 190
f 190 347 188
f 150 2148 2146
f 152 2150 150
f 150 2150 2148
f 152 2152 2150
f 4077 683 4079
f 4079 683 685
f 154 2154 152
f 152 2154 2152
f 154 2156 2154
f 347 352 188
f 188 352 186
f 156 2157 154
f 154 2157 2156
f 156 2160 2157
f 4075 679 4077
f 4077 679 683
f 158 2162 156
f 156 2162 2160
f 158 2164 2162
f 352 353 186
f 186 353 184
f 158 2166 2164
f 4073 678 4075
f 4075 678 679
f 353 354 184
f 4071 673 4073
f 4069 673 4071
f 4073 673 678
f 4067 669 4069
f 4069 669 673
f 184 360 182
f 354 360 184
f 4065 668 4067
f 4067 668 669
f 182 361 180
f 360 361 182
f 4063 666 4065
f 4065 666 668
f 180 366 178
f 361 366 180
f 4063 661 666
f 4061 661 4063
f 178 367 176
f 366 367 178
f 4061 656 661
f 4059 656 4061
f 367 372 176
f 176 372 174
f 4057 655 4059
f 4055 655 4057
f 4059 655 656
f 174 373 172
f 372 373 174
f 4053 651 4055
f 4055 651 655
f 373 379 172
f 1816 2216 2214
f 1814 2216 1816
f 2214 2212 1816
f 1816 2212 1818
f 1814 2218 2216
f 1812 2218 1814
f 2212 2210 1818
f 1818 2210 1820
f 1810 2220 1812
f 1812 2220 2218
f 2210 2208 1820
f 1820 2208 1822
f 2208 2206 1822
f 1822 2206 1823
f 1808 2221 1810
f 1810 2221 2220
f 1806 2224 1808
f 1808 2224 2221
f 2206 2204 1823
f 1823 2204 1826
f 2204 2202 1826
f 1826 2202 1828
f 1804 2226 1806
f 1802 2226 1804
f 1806 2226 2224
f 4051 650 4053
f 4053 650 651
f 1802 2228 2226
f 2202 2200 1828
f 1828 2200 1830
f 2200 2198 1830
f 1830 2198 1832
f 1800 2230 1802
f 1802 2230 2228
f 1798 2231 1800
f 1796 2231 1798
f 1800 2231 2230
f 2198 2196 1832
f 1832 2196 1833
f 2196 2194 1833
f 1835 2194 2313
f 1833 2194 1835
f 1796 2233 2231
f 2194 2192 2313
f 1794 2235 1796
f 1796 2235 2233
f 2192 2190 2313
f 1792 2237 1794
f 1794 2237 2235
f 172 381 170
f 379 381 172
f 1790 2239 1792
f 1792 2239 2237
f 2190 2188 2313
f 2188 2186 2313
f 1788 2242 1790
f 1790 2242 2239
f 1786 2243 1788
f 1788 2243 2242
f 2186 2184 2313
f 1784 2245 1786
f 1786 2245 2243
f 2184 2051 2313
f 4051 649 650
f 4049 649 4051
f 170 382 168
f 381 382 170
f 4047 642 4049
f 4049 642 649
f 168 387 166
f 382 387 168
f 4047 641 642
f 4045 641 4047
f 166 393 164
f 387 393 166
f 4045 636 641
f 4043 636 4045
f 164 394 162
f 393 394 164
f 4041 632 4043
f 4043 632 636
f 394 396 162
f 4039 631 4041
f 4041 631 632
f 162 397 160
f 396 397 162
f 4037 626 4039
f 4039 626 631
f 4035 621 4037
f 4037 621 626
f 4035 620 621
f 4033 620 4035
f 4031 616 4033
f 4033 616 620
f 4031 615 616
f 1784 2247 2245
f 2117 2247 1784
f 2374 2049 2372
f 2375 2049 2374
f 2378 2049 2375
f 2313 2049 2378
f 2051 2049 2313
f 2115 2250 2117
f 2117 2250 2247
f 2049 2047 2372
f 2114 2252 2115
f 2115 2252 2250
f 2372 2046 2370
f 2047 2046 2372
f 2111 2254 2114
f 2109 2254 2111
f 2114 2254 2252
f 2370 2043 2368
f 2046 2043 2370
f 2109 2256 2254
f 2368 2041 2366
f 2043 2041 2368
f 2109 2258 2256
f 2107 2258 2109
f 2366 2039 2363
f 2041 2039 2366
f 2107 2260 2258
f 2105 2260 2107
f 2363 2037 2361
f 2039 2037 2363
f 2105 2262 2260
f 2103 2262 2105
f 2361 2035 2359
f 2037 2035 2361
f 2103 2264 2262
f 2102 2264 2103
f 2100 2264 2102
f 2359 2034 2357
f 2035 2034 2359
f 2100 2266 2264
f 2357 2032 2356
f 2034 2032 2357
f 2098 2268 2100
f 2096 2268 2098
f 2100 2268 2266
f 2032 2030 2356
f 2356 2030 2353
f 2096 2270 2268
f 2030 2028 2353
f 2353 2028 2351
f 2096 2272 2270
f 2093 2272 2096
f 2028 2025 2351
f 2351 2025 2349
f 2093 2274 2272
f 2092 2274 2093
f 2349 2024 2347
f 2025 2024 2349
f 2092 2276 2274
f 2090 2276 2092
f 2347 2022 2345
f 2024 2022 2347
f 2090 2278 2276
f 2088 2278 2090
f 2086 2278 2088
f 2345 2020 2343
f 2022 2020 2345
f 2343 2018 2341
f 2020 2018 2343
f 2084 2280 2086
f 2086 2280 2278
f 2084 2282 2280
f 2341 2016 2339
f 2018 2016 2341
f 2082 2284 2084
f 2084 2284 2282
f 2016 2014 2339
f 2339 2014 2337
f 2337 2012 2335
f 2014 2012 2337
f 2082 2286 2284
f 2080 2286 2082
f 2335 2010 2333
f 2012 2010 2335
f 2080 2287 2286
f 2078 2287 2080
f 2333 2008 2331
f 2010 2008 2333
f 2076 2290 2078
f 2074 2290 2076
f 2078 2290 2287
f 2331 2006 2329
f 2008 2006 2331
f 2074 2292 2290
f 2329 2004 2327
f 2006 2004 2329
f 2074 2294 2292
f 2072 2294 2074
f 2327 2002 2325
f 2004 2002 2327
f 2072 2296 2294
f 2070 2296 2072
f 2325 2000 2323
f 2002 2000 2325
f 2070 2297 2296
f 2068 2297 2070
f 2000 1998 2323
f 2323 1998 2321
f 2321 1996 2319
f 1998 1996 2321
f 2319 1996 6802
f 1996 1994 6802
f 1994 1992 6802
f 1992 1990 6802
f 407 1749 402
f 402 1749 1751
f 402 1753 397
f 1751 1753 402
f 407 1747 1749
f 408 1747 407
f 397 1755 160
f 1753 1755 397
f 408 1745 1747
f 160 1757 158
f 1755 1757 160
f 158 1757 2166
f 410 1743 408
f 408 1743 1745
f 1757 1760 2166
f 2166 1760 2167
f 410 1741 1743
f 1760 1761 2167
f 2167 1761 2169
f 410 1739 1741
f 415 1739 410
f 1761 1763 2169
f 2169 1763 2171
f 415 1737 1739
f 2171 1765 2173
f 1763 1765 2171
f 415 1735 1737
f 416 1735 415
f 1765 1767 2173
f 2173 1767 2175
f 421 1733 416
f 416 1733 1735
f 1767 1770 2175
f 2175 1770 2178
f 1770 1772 2178
f 2178 1772 2179
f 421 1731 1733
f 422 1729 421
f 421 1729 1731
f 2179 1774 2181
f 1772 1774 2179
f 422 1727 1729
f 1774 1776 2181
f 427 1725 422
f 422 1725 1727
f 1776 1778 2181
f 428 1723 427
f 427 1723 1725
f 1778 1779 2181
f 428 1721 1723
f 1779 1782 2181
f 2181 1720 2054
f 2064 1720 2066
f 2062 1720 2064
f 2060 1720 2062
f 2058 1720 2060
f 2056 1720 2058
f 2054 1720 2056
f 1782 1720 2181
f 432 1522 428
f 433 1522 432
f 438 1522 433
f 439 1522 438
f 443 1522 439
f 444 1522 443
f 445 1522 444
f 450 1522 445
f 451 1522 450
f 456 1522 451
f 457 1522 456
f 458 1522 457
f 428 1522 1721
f 458 1521 1522
f 464 1521 458
f 465 1521 464
f 470 1521 465
f 471 1521 470
f 472 1521 471
f 477 1521 472
f 478 1521 477
f 484 1521 478
f 485 1521 484
f 490 1521 485
f 491 1521 490
f 492 1521 491
f 498 1521 492
f 499 1586 498
f 498 1586 1521
f 499 1583 1586
f 504 1582 499
f 499 1582 1583
f 505 1580 504
f 504 1580 1582
f 505 1578 1580
f 506 1576 505
f 505 1576 1578
f 511 1574 506
f 506 1574 1576
f 511 1571 1574
f 512 1571 511
f 512 1569 1571
f 518 1569 512
f 518 1567 1569
f 518 1565 1567
f 519 1565 518
f 520 1564 519
f 519 1564 1565
f 525 1561 520
f 520 1561 1564
f 526 1559 525
f 525 1559 1561
f 526 1557 1559
f 532 1557 526
f 533 1555 532
f 532 1555 1557
f 538 1553 533
f 533 1553 1555
f 538 1551 1553
f 539 1549 538
f 538 1549 1551
f 539 1547 1549
f 544 1547 539
f 544 1545 1547
f 545 1545 544
f 545 1543 1545
f 545 1541 1543
f 551 1541 545
f 551 1539 1541
f 552 1539 551
f 552 1537 1539
f 557 1537 552
f 562 1535 557
f 557 1535 1537
f 562 1533 1535
f 563 1533 562
f 563 1531 1533
f 568 1531 563
f 568 1529 1531
f 573 1529 568
f 573 1527 1529
f 2068 1655 2297
f 1985 1655 1918
f 1720 1655 2066
f 2066 1655 2068
f 2309 1655 1985
f 2308 1655 2309
f 2305 1655 2308
f 2303 1655 2305
f 2301 1655 2303
f 2299 1655 2301
f 2297 1655 2299
f 1655 1657 1918
f 1657 1659 1918
f 1659 1661 1918
f 1661 1663 1918
f 1663 1665 1918
f 1665 1667 1918
f 1918 1669 1920
f 1667 1669 1918
f 1920 1671 1922
f 1669 1671 1920
f 1922 1673 1924
f 1671 1673 1922
f 1924 1675 1926
f 1673 1675 1924
f 1675 1677 1926
f 1926 1677 1928
f 1928 1679 1930
f 1677 1679 1928
f 1679 1681 1930
f 1930 1681 1932
f 1932 1683 1934
f 1681 1683 1932
f 1683 1685 1934
f 1934 1685 1936
f 1936 1687 1938
f 1685 1687 1936
f 1938 1689 1940
f 1687 1689 1938
f 1689 1691 1940
f 1940 1691 1942
f 1942 1693 1944
f 1691 1693 1942
f 1944 1696 1946
f 1693 1696 1944