mtllib peg.mtl
o obj1

v 128.6822052 188.81968689 50
v 112.28520203 188.81968689 50
v 112.18084717 188.72033691 50
v 128.78656006 188.72033691 50
v 112.07174683 188.6262207 50
v 128.58285522 188.92404175 50
v 112.38454437 188.92404175 50
v 128.48875427 189.03314209 50
v 112.47866058 189.03314209 50
v 112.56729889 189.14672852 50
v 128.8956604 188.6262207 50
v 111.9581604 188.5375824 50
v 128.40010071 189.14672852 50
v 129.00924683 188.5375824 50
v 111.84036255 188.45462036 50
v 129.12704468 188.45462036 50
v 111.71863556 188.37753296 50
v 128.31713867 189.26452637 50
v 112.65026093 189.26452637 50
v 129.2487793 188.37753296 50
v 128.24006653 189.38624573 50
v 112.72734833 189.38624573 50
v 128.16905212 189.51161194 50
v 112.79836273 189.51161194 50
v 129.37413025 188.30651855 50
v 111.59327698 188.30651855 50
v 111.46457672 188.241745 50
v 128.10426331 189.64030457 50
v 112.86314392 189.64030457 50
v 129.50283813 188.241745 50
v 111.33285522 188.18334961 50
v 128.04588318 189.77203369 50
v 112.92153168 189.77203369 50
v 129.634552 188.18334961 50
v 111.19843292 188.13150024 50
v 129.76898193 188.13150024 50
v 111.06162262 188.08630371 50
v 127.99402618 189.90644836 50
v 112.97338867 189.90644836 50
v 127.94882965 190.04325867 50
v 113.01858521 190.04325867 50
v 113.05700684 190.18212891 50
v 129.90579224 188.08630371 50
v 127.91040039 190.18212891 50
v 130.04464722 188.04788208 50
v 110.92276001 188.04788208 50
v 110.78218079 188.01631165 50
v 127.87882996 190.32270813 50
v 113.08857727 190.32270813 50
v 130.18522644 188.01631165 50
v 130.32719421 187.9916687 50
v 110.64022064 187.9916687 50
v 110.4972229 187.9740448 50
v 127.85419464 190.46466064 50
v 113.11321259 190.46466064 50
v 127.83656311 190.60766602 50
v 113.13085175 190.60766602 50
v 130.47018433 187.9740448 50
v 127.82596588 190.75135803 50
v 113.14144897 190.75135803 50
v 113.14498138 190.89538574 50
v 127.82242584 190.89538574 50
v 127.82242584 209.48681641 50
v 113.14498138 209.48681641 50
v 127.82596588 209.63085938 50
v 113.14144897 209.63085938 50
v 127.83656311 209.77455139 50
v 113.13085175 209.77455139 50
v 127.85419464 209.9175415 50
v 113.11321259 209.9175415 50
v 127.87882996 210.05950928 50
v 113.08857727 210.05950928 50
v 127.91040039 210.2000885 50
v 113.05700684 210.2000885 50
v 127.94882965 210.33894348 50
v 113.01858521 210.33894348 50
v 127.99402618 210.47575378 50
v 112.97338867 210.47575378 50
v 112.92153168 210.61018372 50
v 128.04588318 210.61018372 50
v 128.10426331 210.74189758 50
v 112.86314392 210.74189758 50
v 128.16905212 210.87060547 50
v 112.79836273 210.87060547 50
v 112.72734833 210.99595642 50
v 128.24006653 210.99595642 50
v 128.31713867 211.11769104 50
v 112.65026093 211.11769104 50
v 112.56729889 211.23548889 50
v 128.40010071 211.23548889 50
v 128.48875427 211.34907532 50
v 112.47866058 211.34907532 50
v 128.58285522 211.45817566 50
v 112.38454437 211.45817566 50
v 112.28520203 211.56251526 50
v 128.6822052 211.56251526 50
v 128.78656006 211.66186523 50
v 112.18084717 211.66186523 50
v 128.8956604 211.75598145 50
v 112.07174683 211.75598145 50
v 111.9581604 211.84461975 50
v 129.00924683 211.84461975 50
v 110.20949554 187.9598999 50
v 130.75791931 187.9598999 50
v 130.61387634 187.96343994 50
v 110.35353088 187.96343994 50
v 130.75791931 212.42230225 50
v 110.20949554 212.42230225 50
v 130.61387634 212.41877747 50
v 110.35353088 212.41877747 50
v 130.47018433 212.40817261 50
v 110.4972229 212.40817261 50
v 130.32719421 212.39053345 50
v 110.64022064 212.39053345 50
v 130.18522644 212.36590576 50
v 110.78218079 212.36590576 50
v 130.04464722 212.33433533 50
v 110.92276001 212.33433533 50
v 111.06162262 212.29589844 50
v 129.90579224 212.29589844 50
v 129.76898193 212.25071716 50
v 111.19843292 212.25071716 50
v 129.634552 212.19885254 50
v 111.33285522 212.19885254 50
v 129.50283813 212.14047241 50
v 111.46457672 212.14047241 50
v 111.59327698 212.07568359 50
v 129.37413025 212.07568359 50
v 111.71863556 212.00466919 50
v 129.2487793 212.00466919 50
v 129.12704468 211.92758179 50
v 111.84036255 211.92758179 50
v 110.35353088 187.96343994 100
v 110.20949554 187.9598999 100
v 110.4972229 187.9740448 100
v 110.64022064 187.9916687 100
v 110.78218079 188.01631165 100
v 110.92276001 188.04788208 100
v 111.06162262 188.08630371 100
v 111.19843292 188.13150024 100
v 111.33285522 188.18334961 100
v 111.46457672 188.241745 100
v 111.59327698 188.30651855 100
v 111.71863556 188.37753296 100
v 111.84036255 188.45462036 100
v 111.9581604 188.5375824 100
v 112.07174683 188.6262207 100
v 112.18084717 188.72033691 100
v 112.28520203 188.81968689 100
v 112.38454437 188.92404175 100
v 112.47866058 189.03314209 100
v 112.56729889 189.14672852 100
v 112.65026093 189.26452637 100
v 112.72734833 189.38624573 100
v 112.79836273 189.51161194 100
v 112.86314392 189.64030457 100
v 112.92153168 189.77203369 100
v 112.97338867 189.90644836 100
v 113.01858521 190.04325867 100
v 113.05700684 190.18212891 100
v 113.08857727 190.32270813 100
v 113.11321259 190.46466064 100
v 113.13085175 190.60766602 100
v 113.14144897 190.75135803 100
v 113.14498138 190.89538574 100
v 88.68257904 190.89538574 100
v 88.68257904 209.48681641 0
v 88.68257904 190.89538574 0
v 88.68257904 209.48681641 100
v 91.47402954 212.41877747 100
v 91.61806488 212.42230225 0
v 91.47402954 212.41877747 0
v 91.61806488 212.42230225 100
v 91.33033752 212.40817261 100
v 91.33033752 212.40817261 0
v 91.18733978 212.39053345 0
v 91.18733978 212.39053345 100
v 91.04537964 212.36590576 100
v 91.04537964 212.36590576 0
v 90.90480042 212.33433533 100
v 90.90480042 212.33433533 0
v 90.76593781 212.29589844 100
v 90.76593781 212.29589844 0
v 90.6291275 212.25071716 100
v 90.6291275 212.25071716 0
v 90.4947052 212.19885254 100
v 90.4947052 212.19885254 0
v 90.3629837 212.14047241 0
v 90.3629837 212.14047241 100
v 90.23428345 212.07568359 100
v 90.23428345 212.07568359 0
v 90.10892487 212.00466919 0
v 90.10892487 212.00466919 100
v 89.98719788 211.92758179 0
v 89.98719788 211.92758179 100
v 89.86940002 211.84461975 100
v 89.86940002 211.84461975 0
v 89.7558136 211.75598145 0
v 89.7558136 211.75598145 100
v 89.64671326 211.66186523 0
v 89.64671326 211.66186523 100
v 89.54236603 211.56251526 100
v 89.54236603 211.56251526 0
v 89.44301605 211.45817566 100
v 89.44301605 211.45817566 0
v 89.34889984 211.34907532 100
v 89.34889984 211.34907532 0
v 89.26026154 211.23548889 0
v 89.26026154 211.23548889 100
v 89.1772995 211.11769104 100
v 89.1772995 211.11769104 0
v 89.1002121 210.99595642 100
v 89.1002121 210.99595642 0
v 89.02919769 210.87060547 100
v 89.02919769 210.87060547 0
v 88.9644165 210.74189758 0
v 88.9644165 210.74189758 100
v 88.90602875 210.61018372 100
v 88.90602875 210.61018372 0
v 88.85417175 210.47575378 100
v 88.85417175 210.47575378 0
v 88.80898285 210.33894348 100
v 88.80898285 210.33894348 0
v 88.77055359 210.2000885 100
v 88.77055359 210.2000885 0
v 88.73898315 210.05950928 100
v 88.73898315 210.05950928 0
v 88.71434784 209.9175415 0
v 88.71434784 209.9175415 100
v 88.69671631 209.77455139 100
v 88.69671631 209.77455139 0
v 88.68611145 209.63085938 100
v 88.68611145 209.63085938 0
v 113.14144897 209.63085938 100
v 113.14498138 209.48681641 100
v 113.13085175 209.77455139 100
v 113.11321259 209.9175415 100
v 113.08857727 210.05950928 100
v 113.05700684 210.2000885 100
v 113.01858521 210.33894348 100
v 112.97338867 210.47575378 100
v 112.92153168 210.61018372 100
v 112.86314392 210.74189758 100
v 112.79836273 210.87060547 100
v 112.72734833 210.99595642 100
v 112.65026093 211.11769104 100
v 112.56729889 211.23548889 100
v 112.47866058 211.34907532 100
v 112.38454437 211.45817566 100
v 112.28520203 211.56251526 100
v 112.18084717 211.66186523 100
v 112.07174683 211.75598145 100
v 111.9581604 211.84461975 100
v 111.84036255 211.92758179 100
v 111.71863556 212.00466919 100
v 111.59327698 212.07568359 100
v 111.46457672 212.14047241 100
v 111.33285522 212.19885254 100
v 111.19843292 212.25071716 100
v 111.06162262 212.29589844 100
v 110.92276001 212.33433533 100
v 110.78218079 212.36590576 100
v 110.64022064 212.39053345 100
v 110.4972229 212.40817261 100
v 110.35353088 212.41877747 100
v 110.20949554 212.42230225 100
v 88.68611145 190.75135803 100
v 88.68611145 190.75135803 0
v 88.69671631 190.60766602 100
v 88.69671631 190.60766602 0
v 88.71434784 190.46466064 0
v 88.71434784 190.46466064 100
v 88.73898315 190.32270813 100
v 88.73898315 190.32270813 0
v 88.77055359 190.18212891 100
v 88.77055359 190.18212891 0
v 88.80898285 190.04325867 100
v 88.80898285 190.04325867 0
v 88.85417175 189.90644836 100
v 88.85417175 189.90644836 0
v 88.90602875 189.77203369 100
v 88.90602875 189.77203369 0
v 88.9644165 189.64030457 0
v 88.9644165 189.64030457 100
v 89.02919769 189.51161194 100
v 89.02919769 189.51161194 0
v 89.1002121 189.38624573 0
v 89.1002121 189.38624573 100
v 89.1772995 189.26452637 0
v 89.1772995 189.26452637 100
v 89.26026154 189.14672852 100
v 89.26026154 189.14672852 0
v 89.34889984 189.03314209 0
v 89.34889984 189.03314209 100
v 89.44301605 188.92404175 0
v 89.44301605 188.92404175 100
v 89.54236603 188.81968689 100
v 89.54236603 188.81968689 0
v 89.64671326 188.72033691 100
v 89.64671326 188.72033691 0
v 89.7558136 188.6262207 100
v 89.7558136 188.6262207 0
v 89.86940002 188.5375824 0
v 89.86940002 188.5375824 100
v 89.98719788 188.45462036 100
v 89.98719788 188.45462036 0
v 90.10892487 188.37753296 100
v 90.10892487 188.37753296 0
v 90.23428345 188.30651855 100
v 90.23428345 188.30651855 0
v 90.3629837 188.241745 0
v 90.3629837 188.241745 100
v 90.4947052 188.18334961 100
v 90.4947052 188.18334961 0
v 90.6291275 188.13150024 100
v 90.6291275 188.13150024 0
v 90.76593781 188.08630371 100
v 90.76593781 188.08630371 0
v 90.90480042 188.04788208 100
v 90.90480042 188.04788208 0
v 91.04537964 188.01631165 100
v 91.04537964 188.01631165 0
v 91.18733978 187.9916687 0
v 91.18733978 187.9916687 100
v 91.33033752 187.9740448 100
v 91.33033752 187.9740448 0
v 91.47402954 187.96343994 100
v 91.47402954 187.96343994 0
v 91.61806488 187.9598999 100
v 91.61806488 187.9598999 0
v 130.61387634 212.41877747 100
v 130.75791931 212.42230225 100
v 130.47018433 212.40817261 100
v 130.32719421 212.39053345 100
v 130.18522644 212.36590576 100
v 130.04464722 212.33433533 100
v 129.90579224 212.29589844 100
v 129.76898193 212.25071716 100
v 129.634552 212.19885254 100
v 129.50283813 212.14047241 100
v 129.37413025 212.07568359 100
v 129.2487793 212.00466919 100
v 129.12704468 211.92758179 100
v 129.00924683 211.84461975 100
v 128.8956604 211.75598145 100
v 128.78656006 211.66186523 100
v 128.6822052 211.56251526 100
v 128.58285522 211.45817566 100
v 128.48875427 211.34907532 100
v 128.40010071 211.23548889 100
v 128.31713867 211.11769104 100
v 128.24006653 210.99595642 100
v 128.16905212 210.87060547 100
v 128.10426331 210.74189758 100
v 128.04588318 210.61018372 100
v 127.99402618 210.47575378 100
v 127.94882965 210.33894348 100
v 127.91040039 210.2000885 100
v 127.87882996 210.05950928 100
v 127.85419464 209.9175415 100
v 127.83656311 209.77455139 100
v 127.82596588 209.63085938 100
v 127.82242584 209.48681641 100
v 127.82242584 190.89538574 100
v 127.82596588 190.75135803 100
v 127.83656311 190.60766602 100
v 127.85419464 190.46466064 100
v 127.87882996 190.32270813 100
v 127.91040039 190.18212891 100
v 127.94882965 190.04325867 100
v 127.99402618 189.90644836 100
v 128.04588318 189.77203369 100
v 128.10426331 189.64030457 100
v 128.16905212 189.51161194 100
v 128.24006653 189.38624573 100
v 128.31713867 189.26452637 100
v 128.40010071 189.14672852 100
v 128.48875427 189.03314209 100
v 128.58285522 188.92404175 100
v 128.6822052 188.81968689 100
v 128.78656006 188.72033691 100
v 128.8956604 188.6262207 100
v 129.00924683 188.5375824 100
v 129.12704468 188.45462036 100
v 129.2487793 188.37753296 100
v 129.37413025 188.30651855 100
v 129.50283813 188.241745 100
v 129.634552 188.18334961 100
v 129.76898193 188.13150024 100
v 129.90579224 188.08630371 100
v 130.04464722 188.04788208 100
v 130.18522644 188.01631165 100
v 130.32719421 187.9916687 100
v 130.47018433 187.9740448 100
v 130.61387634 187.96343994 100
v 130.75791931 187.9598999 100
v 149.34934998 212.42230225 0
v 149.34934998 212.42230225 100
v 152.28129578 209.63085938 100
v 152.28483582 209.48681641 0
v 152.28129578 209.63085938 0
v 152.28483582 209.48681641 100
v 152.27069092 209.77455139 100
v 152.27069092 209.77455139 0
v 152.25305176 209.9175415 0
v 152.25305176 209.9175415 100
v 152.22842407 210.05950928 100
v 152.22842407 210.05950928 0
v 152.19685364 210.2000885 100
v 152.19685364 210.2000885 0
v 152.15843201 210.33894348 100
v 152.15843201 210.33894348 0
v 152.11323547 210.47575378 100
v 152.11323547 210.47575378 0
v 152.06138611 210.61018372 100
v 152.06138611 210.61018372 0
v 152.00299072 210.74189758 0
v 152.00299072 210.74189758 100
v 151.93821716 210.87060547 100
v 151.93821716 210.87060547 0
v 151.86720276 210.99595642 0
v 151.86720276 210.99595642 100
v 151.79011536 211.11769104 0
v 151.79011536 211.11769104 100
v 151.70715332 211.23548889 100
v 151.70715332 211.23548889 0
v 151.61849976 211.34907532 0
v 151.61849976 211.34907532 100
v 151.5243988 211.45817566 0
v 151.5243988 211.45817566 100
v 151.42504883 211.56251526 100
v 151.42504883 211.56251526 0
v 151.32069397 211.66186523 100
v 151.32069397 211.66186523 0
v 151.21159363 211.75598145 100
v 151.21159363 211.75598145 0
v 151.0980072 211.84461975 0
v 151.0980072 211.84461975 100
v 150.98020935 211.92758179 100
v 150.98020935 211.92758179 0
v 150.85848999 212.00466919 100
v 150.85848999 212.00466919 0
v 150.73312378 212.07568359 100
v 150.73312378 212.07568359 0
v 150.60443115 212.14047241 0
v 150.60443115 212.14047241 100
v 150.47270203 212.19885254 100
v 150.47270203 212.19885254 0
v 150.33827209 212.25071716 100
v 150.33827209 212.25071716 0
v 150.20147705 212.29589844 100
v 150.20147705 212.29589844 0
v 150.06260681 212.33433533 100
v 150.06260681 212.33433533 0
v 149.92202759 212.36590576 100
v 149.92202759 212.36590576 0
v 149.78007507 212.39053345 0
v 149.78007507 212.39053345 100
v 149.6370697 212.40817261 100
v 149.6370697 212.40817261 0
v 149.49337769 212.41877747 100
v 149.49337769 212.41877747 0
v 152.28483582 190.89538574 0
v 152.28483582 190.89538574 100
v 149.49337769 187.96343994 100
v 149.34934998 187.9598999 0
v 149.49337769 187.96343994 0
v 149.34934998 187.9598999 100
v 149.6370697 187.9740448 100
v 149.6370697 187.9740448 0
v 149.78007507 187.9916687 0
v 149.78007507 187.9916687 100
v 149.92202759 188.01631165 100
v 149.92202759 188.01631165 0
v 150.06260681 188.04788208 100
v 150.06260681 188.04788208 0
v 150.20147705 188.08630371 100
v 150.20147705 188.08630371 0
v 150.33827209 188.13150024 100
v 150.33827209 188.13150024 0
v 150.47270203 188.18334961 100
v 150.47270203 188.18334961 0
v 150.60443115 188.241745 0
v 150.60443115 188.241745 100
v 150.73312378 188.30651855 100
v 150.73312378 188.30651855 0
v 150.85848999 188.37753296 0
v 150.85848999 188.37753296 100
v 150.98020935 188.45462036 0
v 150.98020935 188.45462036 100
v 151.0980072 188.5375824 100
v 151.0980072 188.5375824 0
v 151.21159363 188.6262207 0
v 151.21159363 188.6262207 100
v 151.32069397 188.72033691 0
v 151.32069397 188.72033691 100
v 151.42504883 188.81968689 100
v 151.42504883 188.81968689 0
v 151.5243988 188.92404175 100
v 151.5243988 188.92404175 0
v 151.61849976 189.03314209 100
v 151.61849976 189.03314209 0
v 151.70715332 189.14672852 0
v 151.70715332 189.14672852 100
v 151.79011536 189.26452637 100
v 151.79011536 189.26452637 0
v 151.86720276 189.38624573 100
v 151.86720276 189.38624573 0
v 151.93821716 189.51161194 100
v 151.93821716 189.51161194 0
v 152.00299072 189.64030457 0
v 152.00299072 189.64030457 100
v 152.06138611 189.77203369 100
v 152.06138611 189.77203369 0
v 152.11323547 189.90644836 100
v 152.11323547 189.90644836 0
v 152.15843201 190.04325867 100
v 152.15843201 190.04325867 0
v 152.19685364 190.18212891 100
v 152.19685364 190.18212891 0
v 152.22842407 190.32270813 100
v 152.22842407 190.32270813 0
v 152.25305176 190.46466064 0
v 152.25305176 190.46466064 100
v 152.27069092 190.60766602 100
v 152.27069092 190.60766602 0
v 152.28129578 190.75135803 100
v 152.28129578 190.75135803 0
v 331.84835815 82.54499054 50
v 314.96942139 81.24637604 50
v 314.84985352 81.09314728 50
v 315.08135986 81.4052887 50
v 332.20028687 82.20993042 50
v 314.72290039 80.94597626 50
v 331.51330566 82.89691162 50
v 315.18533325 81.56950378 50
v 332.5682373 81.89254761 50
v 314.58886719 80.8052063 50
v 331.19592285 83.26485443 50
v 315.28112793 81.73861694 50
v 315.36853027 81.91223145 50
v 332.95129395 81.59358978 50
v 314.4480896 80.67118073 50
v 314.30093384 80.5442276 50
v 330.89697266 83.64792633 50
v 315.44729614 82.08992004 50
v 333.34857178 81.313797 50
v 314.14770508 80.42464447 50
v 330.6171875 84.04520416 50
v 315.51724243 82.27126312 50
v 315.57821655 82.45581818 50
v 333.75912476 81.05383301 50
v 313.98880005 80.31272888 50
v 330.35720825 84.45572662 50
v 315.63006592 82.6431427 50
v 334.18191528 80.81432343 50
v 313.82458496 80.20874023 50
v 330.1177063 84.87851715 50
v 315.67263794 82.83278656 50
v 315.70587158 83.02429199 50
v 334.61593628 80.59585571 50
v 313.65545654 80.11293793 50
v 313.48184204 80.02555084 50
v 329.89923096 85.31255341 50
v 315.72967529 83.21720123 50
v 335.06015015 80.39894104 50
v 313.3041687 79.94678497 50
v 329.70233154 85.75678253 50
v 315.74395752 83.41104126 50
v 315.74871826 83.60534668 50
v 335.51351929 80.22406006 50
v 313.12280273 79.87683105 50
v 329.5274353 86.21013641 50
v 335.97491455 80.07164001 50
v 312.93826294 79.81586456 50
v 329.37503052 86.67153168 50
v 336.4432373 79.94203949 50
v 312.75094604 79.76402283 50
v 329.24542236 87.1398468 50
v 336.91732788 79.83557129 50
v 312.5612793 79.72143555 50
v 329.13894653 87.61395264 50
v 337.39608765 79.75250244 50
v 312.36978149 79.68820953 50
v 329.05587769 88.0927124 50
v 328.99639893 88.57497406 50
v 328.96066284 89.05957794 50
v 328.94873047 89.54534912 50
v 315.74871826 95.48534393 50
v 328.96066284 90.0311203 50
v 328.99639893 90.51571655 50
v 329.05587769 90.99797821 50
v 329.13894653 91.47673798 50
v 329.24542236 91.95085144 50
v 329.37503052 92.41916656 50
v 329.5274353 92.8805542 50
v 329.70233154 93.33391571 50
v 315.74395752 95.67965698 50
v 315.72967529 95.87349701 50
v 329.89923096 93.77814484 50
v 315.70587158 96.06639862 50
v 330.1177063 94.21217346 50
v 315.67263794 96.25790405 50
v 315.63006592 96.44754791 50
v 330.35720825 94.63496399 50
v 315.57821655 96.63487244 50
v 330.6171875 95.04549408 50
v 315.51724243 96.81942749 50
v 315.44729614 97.00077057 50
v 330.89697266 95.44277191 50
v 315.36853027 97.1784668 50
v 331.19592285 95.82584381 50
v 315.28112793 97.3520813 50
v 315.18533325 97.52119446 50
v 331.51330566 96.19377899 50
v 315.08135986 97.68540192 50
v 331.84835815 96.5457077 50
v 314.96942139 97.84431458 50
v 314.84985352 97.99754333 50
v 332.20028687 96.88076019 50
v 314.72290039 98.14472198 50
v 332.5682373 97.19815063 50
v 314.58886719 98.28549194 50
v 332.95129395 97.49710083 50
v 314.4480896 98.41951752 50
v 314.30093384 98.54647064 50
v 333.34857178 97.77689362 50
v 338.84872437 99.44535065 50
v 311.78872681 99.44535065 50
v 311.98303223 99.44057465 50
v 338.36294556 99.4334259 50
v 312.17687988 99.42627716 50
v 312.36978149 99.40248871 50
v 312.5612793 99.36925507 50
v 337.87835693 99.39767456 50
v 312.75094604 99.32666779 50
v 312.93826294 99.27483368 50
v 337.39608765 99.3381958 50
v 313.12280273 99.21385956 50
v 313.3041687 99.14391327 50
v 336.91732788 99.25511932 50
v 313.48184204 99.0651474 50
v 313.65545654 98.97775269 50
v 313.82458496 98.88195038 50
v 336.4432373 99.14865875 50
v 313.98880005 98.77796936 50
v 314.14770508 98.66604614 50
v 335.97491455 99.01905823 50
v 335.51351929 98.86663055 50
v 335.06015015 98.6917572 50
v 334.61593628 98.49484253 50
v 334.18191528 98.27636719 50
v 333.75912476 98.0368576 50
v 311.78872681 79.6453476 50
v 338.84872437 79.6453476 50
v 311.98303223 79.65011597 50
v 338.36294556 79.65727234 50
v 312.17687988 79.66441345 50
v 337.87835693 79.69301605 50
v 328.94873047 89.54534912 100
v 328.96102905 89.05187225 100
v 328.9979248 88.55962372 100
v 329.05929565 88.06983185 100
v 329.14501953 87.58370209 100
v 329.25485229 87.10244751 100
v 329.3885498 86.62727356 100
v 329.54577637 86.15934753 100
v 329.72610474 85.69984436 100
v 329.92913818 85.24990082 100
v 330.15432739 84.8106308 100
v 330.40115356 84.38314056 100
v 330.66897583 83.96847534 100
v 330.9571228 83.56768036 100
v 331.26489258 83.18174744 100
v 331.59152222 82.81163788 100
v 331.93618774 82.45826721 100
v 332.29803467 82.12251282 100
v 332.67617798 81.80521393 100
v 333.06967163 81.507164 100
v 333.47750854 81.22908783 100
v 333.89874268 80.97169495 100
v 334.33224487 80.73561859 100
v 334.77697754 80.5214386 100
v 335.23184204 80.32969666 100
v 335.69570923 80.16086578 100
v 336.16741943 80.0153656 100
v 336.64578247 79.89356232 100
v 337.12960815 79.79575348 100
v 337.61773682 79.7221756 100
v 338.10888672 79.67302704 100
v 338.84872437 79.6453476 0
v 339.3421936 79.65765381 0
v 338.60192871 79.64842224 100
v 339.09555054 79.64842224 100
v 339.58856201 79.67302704 100
v 339.83444214 79.69454193 0
v 340.07974243 79.7221756 100
v 340.32424927 79.75592041 0
v 340.56784058 79.79575348 100
v 340.81036377 79.84163666 0
v 341.05169678 79.89356232 100
v 341.29162598 79.95148468 0
v 341.53005981 80.0153656 100
v 341.76681519 80.08517456 0
v 342.0017395 80.16086578 100
v 342.23474121 80.24239349 0
v 342.46560669 80.32969666 100
v 342.69424438 80.42272949 0
v 342.92047119 80.5214386 100
v 343.14416504 80.62575531 0
v 343.36520386 80.73561859 100
v 343.58343506 80.85095215 0
v 343.79873657 80.97169495 100
v 344.01092529 81.09777069 0
v 344.21994019 81.22908783 100
v 344.42559814 81.36558533 0
v 344.6277771 81.507164 100
v 344.8263855 81.6537323 0
v 345.02127075 81.80521393 100
v 345.21234131 81.9615097 0
v 345.39941406 82.12251282 100
v 345.58242798 82.28813171 0
v 345.76126099 82.45826721 100
v 345.93582153 82.63280487 0
v 346.10595703 82.81163788 100
v 346.27157593 82.99465942 0
v 346.43255615 83.18174744 100
v 346.58886719 83.3727951 0
v 346.74035645 83.56768036 100
v 346.88690186 83.76628876 0
v 347.02850342 83.96847534 100
v 347.16497803 84.17414093 0
v 347.29629517 84.38314056 100
v 347.4223938 84.59534454 0
v 347.54312134 84.8106308 100
v 347.65844727 85.028862 0
v 347.76831055 85.24990082 100
v 347.87265015 85.47360229 0
v 347.97134399 85.69984436 100
v 348.06439209 85.92847443 0
v 348.15167236 86.15934753 100
v 348.23321533 86.39232635 0
v 348.30889893 86.62727356 100
v 348.37872314 86.86402893 0
v 348.44259644 87.10244751 100
v 348.5005188 87.34239197 0
v 348.5524292 87.58370209 100
v 348.59832764 87.82623291 0
v 348.63815308 88.06983185 100
v 348.67190552 88.31434631 0
v 348.69952393 88.55962372 100
v 348.72103882 88.8055191 0
v 348.73641968 89.05187225 100
v 348.7456665 89.29853058 0
v 348.74871826 89.54534912 100
v 348.7456665 89.79216003 0
v 348.73641968 90.03881836 100
v 348.72103882 90.28517914 0
v 348.69952393 90.53106689 100
v 348.67190552 90.77635193 0
v 348.63815308 91.02086639 100
v 348.59832764 91.26446533 0
v 348.5524292 91.50699615 100
v 348.5005188 91.74830627 0
v 348.44259644 91.9882431 100
v 348.37872314 92.22666931 0
v 348.30889893 92.46342468 100
v 348.23321533 92.69836426 0
v 348.15167236 92.93134308 100
v 348.06439209 93.16222382 0
v 347.97134399 93.39085388 100
v 347.87265015 93.61708832 0
v 347.76831055 93.84079742 100
v 347.65844727 94.06183624 0
v 347.54312134 94.28005981 100
v 347.4223938 94.49534607 0
v 347.29629517 94.70755768 100
v 347.16497803 94.91655731 0
v 347.02850342 95.12221527 100
v 346.88690186 95.32440948 0
v 346.74035645 95.52301025 100
v 346.58886719 95.71789551 0
v 346.43255615 95.90894318 100
v 346.27157593 96.09603882 0
v 346.10595703 96.27906036 100
v 345.93582153 96.45789337 0
v 345.76126099 96.63243103 100
v 345.58242798 96.8025589 0
v 345.39941406 96.9681778 100
v 345.21234131 97.12918854 0
v 345.02127075 97.28547668 100
v 344.8263855 97.43695831 0
v 344.6277771 97.58353424 100
v 344.42559814 97.72511292 0
v 344.21994019 97.86160278 100
v 344.01092529 97.99292755 0
v 343.79873657 98.11899567 100
v 343.58343506 98.23973846 0
v 343.36520386 98.35507965 100
v 343.14416504 98.46494293 0
v 342.92047119 98.56925201 100
v 342.69424438 98.66796112 0
v 342.46560669 98.76099396 100
v 342.23474121 98.84830475 0
v 342.0017395 98.92982483 100
v 341.76681519 99.00551605 0
v 341.53005981 99.07532501 100
v 341.29162598 99.13921356 0
v 341.05169678 99.19713593 100
v 340.81036377 99.24905396 0
v 340.56784058 99.29494476 100
v 340.32424927 99.3347702 0
v 340.07974243 99.36851501 100
v 339.83444214 99.39614868 0
v 339.58856201 99.41766357 100
v 339.3421936 99.43304443 0
v 338.84872437 99.44535065 0
v 339.09555054 99.44226837 100
v 338.60192871 99.44226837 100
v 338.10888672 99.41766357 100
v 337.61773682 99.36851501 100
v 337.12960815 99.29494476 100
v 336.64578247 99.19713593 100
v 336.16741943 99.07532501 100
v 335.69570923 98.92982483 100
v 335.23184204 98.76099396 100
v 334.77697754 98.56925201 100
v 334.33224487 98.35507965 100
v 333.89874268 98.11899567 100
v 333.47750854 97.86160278 100
v 333.06967163 97.58353424 100
v 332.67617798 97.28547668 100
v 332.29803467 96.9681778 100
v 331.93618774 96.63243103 100
v 331.59152222 96.27906036 100
v 331.26489258 95.90894318 100
v 330.9571228 95.52301025 100
v 330.66897583 95.12221527 100
v 330.40115356 94.70755768 100
v 330.15432739 94.28005981 100
v 329.92913818 93.84079742 100
v 329.72610474 93.39085388 100
v 329.54577637 92.93134308 100
v 329.3885498 92.46342468 100
v 329.25485229 91.9882431 100
v 329.14501953 91.50699615 100
v 329.05929565 91.02086639 100
v 328.9979248 90.53106689 100
v 328.96102905 90.03881836 100
v 311.98303223 79.65011597 100
v 311.78872681 79.6453476 100
v 312.17687988 79.66441345 100
v 312.36978149 79.68820953 100
v 312.5612793 79.72143555 100
v 312.75094604 79.76402283 100
v 312.93826294 79.81586456 100
v 313.12280273 79.87683105 100
v 313.3041687 79.94678497 100
v 313.48184204 80.02555084 100
v 313.65545654 80.11293793 100
v 313.82458496 80.20874023 100
v 313.98880005 80.31272888 100
v 314.14770508 80.42464447 100
v 314.30093384 80.5442276 100
v 314.4480896 80.67118073 100
v 314.58886719 80.8052063 100
v 314.72290039 80.94597626 100
v 314.84985352 81.09314728 100
v 314.96942139 81.24637604 100
v 315.08135986 81.4052887 100
v 315.18533325 81.56950378 100
v 315.28112793 81.73861694 100
v 315.36853027 81.91223145 100
v 315.44729614 82.08992004 100
v 315.51724243 82.27126312 100
v 315.57821655 82.45581818 100
v 315.63006592 82.6431427 100
v 315.67263794 82.83278656 100
v 315.70587158 83.02429199 100
v 315.72967529 83.21720123 100
v 315.74395752 83.41104126 100
v 315.74871826 83.60534668 100
v 315.74871826 95.48534393 100
v 315.74395752 95.67965698 100
v 315.72967529 95.87349701 100
v 315.70587158 96.06639862 100
v 315.67263794 96.25790405 100
v 315.63006592 96.44754791 100
v 315.57821655 96.63487244 100
v 315.51724243 96.81942749 100
v 315.44729614 97.00077057 100
v 315.36853027 97.1784668 100
v 315.28112793 97.3520813 100
v 315.18533325 97.52119446 100
v 315.08135986 97.68540192 100
v 314.96942139 97.84431458 100
v 314.84985352 97.99754333 100
v 314.72290039 98.14472198 100
v 314.58886719 98.28549194 100
v 314.4480896 98.41951752 100
v 314.30093384 98.54647064 100
v 314.14770508 98.66604614 100
v 313.98880005 98.77796936 100
v 313.82458496 98.88195038 100
v 313.65545654 98.97775269 100
v 313.48184204 99.0651474 100
v 313.3041687 99.14391327 100
v 313.12280273 99.21385956 100
v 312.93826294 99.27483368 100
v 312.75094604 99.32666779 100
v 312.5612793 99.36925507 100
v 312.36978149 99.40248871 100
v 312.17687988 99.42627716 100
v 311.98303223 99.44057465 100
v 311.78872681 99.44535065 100
v 295.94873047 83.60534668 100
v 295.94873047 95.48534393 0
v 295.94873047 83.60534668 0
v 295.94873047 95.48534393 100
v 299.7144165 99.44057465 100
v 299.90872192 99.44535065 0
v 299.7144165 99.44057465 0
v 299.90872192 99.44535065 100
v 299.52056885 99.42627716 100
v 299.52056885 99.42627716 0
v 299.32766724 99.40248871 0
v 299.32766724 99.40248871 100
v 299.13616943 99.36925507 100
v 299.13616943 99.36925507 0
v 298.9465332 99.32666779 100
v 298.9465332 99.32666779 0
v 298.75921631 99.27483368 100
v 298.75921631 99.27483368 0
v 298.574646 99.21385956 100
v 298.574646 99.21385956 0
v 298.39331055 99.14391327 100
v 298.39331055 99.14391327 0
v 298.21560669 99.0651474 0
v 298.21560669 99.0651474 100
v 298.04199219 98.97775269 100
v 298.04199219 98.97775269 0
v 297.87289429 98.88195038 0
v 297.87289429 98.88195038 100
v 297.7086792 98.77796936 0
v 297.7086792 98.77796936 100
v 297.54977417 98.66604614 100
v 297.54977417 98.66604614 0
v 297.39654541 98.54647064 0
v 297.39654541 98.54647064 100
v 297.24935913 98.41951752 0
v 297.24935913 98.41951752 100
v 297.10858154 98.28549194 100
v 297.10858154 98.28549194 0
v 296.97454834 98.14472198 100
v 296.97454834 98.14472198 0
v 296.84759521 97.99754333 100
v 296.84759521 97.99754333 0
v 296.72802734 97.84431458 0
v 296.72802734 97.84431458 100
v 296.61611938 97.68540192 100
v 296.61611938 97.68540192 0
v 296.51211548 97.52119446 100
v 296.51211548 97.52119446 0
v 296.4163208 97.3520813 100
v 296.4163208 97.3520813 0
v 296.32891846 97.1784668 0
v 296.32891846 97.1784668 100
v 296.25015259 97.00077057 100
v 296.25015259 97.00077057 0
v 296.1802063 96.81942749 100
v 296.1802063 96.81942749 0
v 296.11923218 96.63487244 100
v 296.11923218 96.63487244 0
v 296.06741333 96.44754791 100
v 296.06741333 96.44754791 0
v 296.02481079 96.25790405 100
v 296.02481079 96.25790405 0
v 295.99157715 96.06639862 0
v 295.99157715 96.06639862 100
v 295.96780396 95.87349701 100
v 295.96780396 95.87349701 0
v 295.95349121 95.67965698 100
v 295.95349121 95.67965698 0
v 299.90872192 79.6453476 0
v 299.90872192 79.6453476 100
v 295.95349121 83.41104126 100
v 295.95349121 83.41104126 0
v 295.96780396 83.21720123 100
v 295.96780396 83.21720123 0
v 295.99157715 83.02429199 0
v 295.99157715 83.02429199 100
v 296.02481079 82.83278656 100
v 296.02481079 82.83278656 0
v 296.06741333 82.6431427 100
v 296.06741333 82.6431427 0
v 296.11923218 82.45581818 100
v 296.11923218 82.45581818 0
v 296.1802063 82.27126312 100
v 296.1802063 82.27126312 0
v 296.25015259 82.08992004 100
v 296.25015259 82.08992004 0
v 296.32891846 81.91223145 0
v 296.32891846 81.91223145 100
v 296.4163208 81.73861694 100
v 296.4163208 81.73861694 0
v 296.51211548 81.56950378 0
v 296.51211548 81.56950378 100
v 296.61611938 81.4052887 0
v 296.61611938 81.4052887 100
v 296.72802734 81.24637604 100
v 296.72802734 81.24637604 0
v 296.84759521 81.09314728 0
v 296.84759521 81.09314728 100
v 296.97454834 80.94597626 0
v 296.97454834 80.94597626 100
v 297.10858154 80.8052063 100
v 297.10858154 80.8052063 0
v 297.24935913 80.67118073 100
v 297.24935913 80.67118073 0
v 297.39654541 80.5442276 100
v 297.39654541 80.5442276 0
v 297.54977417 80.42464447 0
v 297.54977417 80.42464447 100
v 297.7086792 80.31272888 100
v 297.7086792 80.31272888 0
v 297.87289429 80.20874023 100
v 297.87289429 80.20874023 0
v 298.04199219 80.11293793 100
v 298.04199219 80.11293793 0
v 298.21560669 80.02555084 0
v 298.21560669 80.02555084 100
v 298.39331055 79.94678497 100
v 298.39331055 79.94678497 0
v 298.574646 79.87683105 100
v 298.574646 79.87683105 0
v 298.75921631 79.81586456 100
v 298.75921631 79.81586456 0
v 298.9465332 79.76402283 100
v 298.9465332 79.76402283 0
v 299.13616943 79.72143555 100
v 299.13616943 79.72143555 0
v 299.32766724 79.68820953 0
v 299.32766724 79.68820953 100
v 299.52056885 79.66441345 100
v 299.52056885 79.66441345 0
v 299.7144165 79.65011597 100
v 299.7144165 79.65011597 0
v 691.2701416 4.03314829 100
v 691.2701416 4.03314829 0
v 691.23754883 3.92374873 0
v 691.23754883 3.92374873 100
v 691.21038818 3.8128767 100
v 691.21038818 3.8128767 0
v 691.1887207 3.70080161 100
v 691.1887207 3.70080161 0
v 691.17260742 3.58779502 100
v 691.17260742 3.58779502 0
v 691.16204834 3.47413182 100
v 691.16204834 3.47413182 0
v 691.15710449 3.36008763 100
v 691.15710449 3.36008763 0
v 691.15783691 3.24593949 100
v 691.15783691 3.24593949 0
v 691.16418457 3.13196468 100
v 691.16418457 3.13196468 0
v 691.17608643 3.01843977 0
v 691.17608643 3.01843977 100
v 691.19360352 2.9056406 100
v 691.19360352 2.9056406 0
v 691.2166748 2.79384065 100
v 691.2166748 2.79384065 0
v 691.24517822 2.6833117 100
v 691.24517822 2.6833117 0
v 691.27911377 2.57432199 100
v 691.27911377 2.57432199 0
v 691.31835938 2.46713638 0
v 691.31835938 2.46713638 100
v 691.362854 2.36201477 100
v 691.362854 2.36201477 0
v 691.41247559 2.25921249 0
v 691.41247559 2.25921249 100
v 691.46710205 2.15897942 100
v 691.46710205 2.15897942 0
v 691.52661133 2.06155849 0
v 691.52661133 2.06155849 100
v 691.59082031 1.96718669 100
v 691.59082031 1.96718669 0
v 691.65960693 1.87609279 100
v 691.65960693 1.87609279 0
v 691.73278809 1.78849816 0
v 691.73278809 1.78849816 100
v 691.8102417 1.70461547 100
v 691.8102417 1.70461547 0
v 691.8916626 1.62464833 100
v 691.8916626 1.62464833 0
v 691.97698975 1.54879093 100
v 691.97698975 1.54879093 0
v 692.06591797 1.47722745 100
v 692.06591797 1.47722745 0
v 692.15826416 1.41013157 100
v 692.15826416 1.41013157 0
v 692.25378418 1.34766638 100
v 692.25378418 1.34766638 0
v 692.35229492 1.28998339 100
v 692.35229492 1.28998339 0
v 692.45355225 1.23722267 100
v 692.45355225 1.23722267 0
v 692.55725098 1.18951249 100
v 692.55725098 1.18951249 0
v 692.66314697 1.14696848 100
v 692.66314697 1.14696848 0
v 692.77105713 1.109694 100
v 692.77105713 1.109694 0
v 692.88067627 1.07777953 100
v 692.88067627 1.07777953 0
v 692.99169922 1.05130267 0
v 692.99169922 1.05130267 100
v 693.10388184 1.03032756 100
v 693.10388184 1.03032756 0
v 693.21697998 1.01490533 100
v 693.21697998 1.01490533 0
v 693.33074951 1.00507319 100
v 693.33074951 1.00507319 0
v 693.44482422 1.00085521 100
v 693.44482422 1.00085521 0
v 693.55895996 1.00226152 100
v 693.55895996 1.00226152 0
v 693.67285156 1.00928867 100
v 693.67285156 1.00928867 0
v 693.78631592 1.02191973 0
v 693.78631592 1.02191973 100
v 693.89898682 1.04012394 100
v 693.89898682 1.04012394 0
v 694.01068115 1.06385708 0
v 694.01068115 1.06385708 100
v 694.12103271 1.09306157 100
v 694.12103271 1.09306157 0
v 694.22979736 1.12766659 100
v 694.22979736 1.12766659 0
v 694.33673096 1.16758788 100
v 694.33673096 1.16758788 0
v 694.44158936 1.21272874 100
v 694.44158936 1.21272874 0
v 694.54406738 1.26297951 100
v 694.54406738 1.26297951 0
v 694.64398193 1.31821811 0
v 694.64398193 1.31821811 100
v 694.74102783 1.37831044 100
v 694.74102783 1.37831044 0
v 694.83502197 1.44311059 100
v 694.83502197 1.44311059 0
v 694.37609863 13.59230137 0
v 694.37609863 13.59230137 100
v 686.24456787 19.50018311 0
v 686.24456787 19.50018311 100
v 687.49212646 23.68813896 100
v 687.60626221 23.6909523 0
v 687.49212646 23.68813896 0
v 687.60626221 23.6909523 100
v 687.3782959 23.67971039 100
v 687.3782959 23.67971039 0
v 687.26501465 23.66568184 100
v 687.26501465 23.66568184 0
v 687.15252686 23.64609146 0
v 687.15252686 23.64609146 100
v 687.04119873 23.62098312 100
v 687.04119873 23.62098312 0
v 686.93121338 23.59042168 100
v 686.93121338 23.59042168 0
v 686.82287598 23.5544796 0
v 686.82287598 23.5544796 100
v 686.71643066 23.51324463 100
v 686.71643066 23.51324463 0
v 686.61212158 23.46681404 100
v 686.61212158 23.46681404 0
v 686.51025391 23.41530418 0
v 686.51025391 23.41530418 100
v 686.41107178 23.35883904 100
v 686.41107178 23.35883904 0
v 686.3147583 23.29755592 100
v 686.3147583 23.29755592 0
v 686.22155762 23.23160362 0
v 686.22155762 23.23160362 100
v 686.1317749 23.16114044 0
v 686.1317749 23.16114044 100
v 686.04553223 23.08633995 100
v 686.04553223 23.08633995 0
v 685.96313477 23.00738335 0
v 685.96313477 23.00738335 100
v 685.88464355 22.92445946 100
v 685.88464355 22.92445946 0
v 685.8104248 22.83777428 100
v 685.8104248 22.83777428 0
v 685.74047852 22.7475338 100
v 685.74047852 22.7475338 0
v 685.67510986 22.65396118 100
v 685.67510986 22.65396118 0
v 685.61444092 22.55727959 0
v 685.61444092 22.55727959 100
v 685.55859375 22.45772743 100
v 685.55859375 22.45772743 0
v 685.50769043 22.35554504 100
v 685.50769043 22.35554504 0
v 685.46191406 22.25097847 100
v 685.46191406 22.25097847 0
v 685.42132568 22.1442852 100
v 685.42132568 22.1442852 0
v 685.38604736 22.03572273 0
v 685.38604736 22.03572273 100
v 685.35614014 21.92555237 0
v 685.35614014 21.92555237 100
v 685.33172607 21.81404495 100
v 685.33172607 21.81404495 0
v 685.31286621 21.70146942 0
v 685.31286621 21.70146942 100
v 685.29949951 21.58810043 100
v 685.29949951 21.58810043 0
v 685.29180908 21.47421265 100
v 685.29180908 21.47421265 0
v 685.28967285 21.36008263 100
v 685.28967285 21.36008263 0
v 685.29321289 21.24598503 0
v 685.29321289 21.24598503 100
v 685.30230713 21.13220215 100
v 685.30230713 21.13220215 0
v 685.31707764 21.01900482 100
v 685.31707764 21.01900482 0
v 685.33734131 20.90667152 100
v 685.33734131 20.90667152 0
v 685.36309814 20.7954731 0
v 685.36309814 20.7954731 100
v 685.39434814 20.68568039 100
v 685.39434814 20.68568039 0
v 685.43096924 20.57756042 100
v 685.43096924 20.57756042 0
v 685.47283936 20.47137451 100
v 685.47283936 20.47137451 0
v 685.5199585 20.36738014 100
v 685.5199585 20.36738014 0
v 685.57208252 20.2658329 100
v 685.57208252 20.2658329 0
v 685.62915039 20.16697502 100
v 685.62915039 20.16697502 0
v 685.69104004 20.07105064 100
v 685.69104004 20.07105064 0
v 685.75756836 19.97828865 100
v 685.75756836 19.97828865 0
v 685.82855225 19.88891792 100
v 685.82855225 19.88891792 0
v 685.90386963 19.80315208 100
v 685.90386963 19.80315208 0
v 685.9833374 19.72120285 100
v 685.9833374 19.72120285 0
v 686.06677246 19.64326668 100
v 686.06677246 19.64326668 0
v 686.15393066 19.5695343 100
v 686.15393066 19.5695343 0
v 697.65734863 23.6909523 100
v 697.65734863 23.6909523 0
v 700.76330566 33.25010681 0
v 700.76330566 33.25010681 100
v 705.1317749 33.3577652 100
v 705.16973877 33.25010681 0
v 705.1317749 33.3577652 0
v 705.16973877 33.25010681 100
v 705.08856201 33.4634285 100
v 705.08856201 33.4634285 0
v 705.04022217 33.5668335 100
v 705.04022217 33.5668335 0
v 704.98687744 33.66773224 100
v 704.98687744 33.66773224 0
v 704.92858887 33.76588058 0
v 704.92858887 33.76588058 100
v 704.86553955 33.86103439 100
v 704.86553955 33.86103439 0
v 704.79785156 33.9529686 100
v 704.79785156 33.9529686 0
v 704.72570801 34.04145813 100
v 704.72570801 34.04145813 0
v 704.64935303 34.12628937 0
v 704.64935303 34.12628937 100
v 704.56890869 34.2072525 100
v 704.56890869 34.2072525 0
v 704.48455811 34.2841568 100
v 704.48455811 34.2841568 0
v 704.39648438 34.35681152 100
v 704.39648438 34.35681152 0
v 704.30499268 34.42503738 100
v 704.30499268 34.42503738 0
v 704.21020508 34.48867798 100
v 704.21020508 34.48867798 0
v 704.11242676 34.54756927 0
v 704.11242676 34.54756927 100
v 704.01184082 34.60157394 100
v 704.01184082 34.60157394 0
v 703.90875244 34.65055466 100
v 703.90875244 34.65055466 0
v 703.80334473 34.69440079 100
v 703.80334473 34.69440079 0
v 703.69592285 34.73300171 100
v 703.69592285 34.73300171 0
v 703.58673096 34.76626587 0
v 703.58673096 34.76626587 100
v 703.47601318 34.79410934 100
v 703.47601318 34.79410934 0
v 703.36407471 34.81646347 100
v 703.36407471 34.81646347 0
v 703.25115967 34.83327866 0
v 703.25115967 34.83327866 100
v 703.13757324 34.84450912 100
v 703.13757324 34.84450912 0
v 703.02355957 34.85013199 100
v 703.02355957 34.85013199 0
v 702.90942383 34.85013199 100
v 702.90942383 34.85013199 0
v 702.79541016 34.84450912 0
v 702.79541016 34.84450912 100
v 702.68182373 34.83327866 100
v 702.68182373 34.83327866 0
v 702.56890869 34.81646347 0
v 702.56890869 34.81646347 100
v 702.45697021 34.79410934 0
v 702.45697021 34.79410934 100
v 702.34625244 34.76626587 100
v 702.34625244 34.76626587 0
v 702.23706055 34.73300171 100
v 702.23706055 34.73300171 0
v 702.12963867 34.69440079 100
v 702.12963867 34.69440079 0
v 702.02423096 34.65055466 0
v 702.02423096 34.65055466 100
v 701.92114258 34.60157394 100
v 701.92114258 34.60157394 0
v 701.82055664 34.54756927 0
v 701.82055664 34.54756927 100
v 701.72277832 34.48867798 100
v 701.72277832 34.48867798 0
v 701.62805176 34.42503738 0
v 701.62805176 34.42503738 100
v 701.53649902 34.35681152 100
v 701.53649902 34.35681152 0
v 701.44848633 34.2841568 100
v 701.44848633 34.2841568 0
v 701.36413574 34.2072525 0
v 701.36413574 34.2072525 100
v 701.28363037 34.12628937 100
v 701.28363037 34.12628937 0
v 701.20727539 34.04145813 100
v 701.20727539 34.04145813 0
v 701.13513184 33.9529686 100
v 701.13513184 33.9529686 0
v 701.06750488 33.86103439 100
v 701.06750488 33.86103439 0
v 701.00445557 33.76588058 100
v 701.00445557 33.76588058 0
v 700.94616699 33.66773224 100
v 700.94616699 33.66773224 0
v 700.89276123 33.5668335 0
v 700.89276123 33.5668335 100
v 700.84442139 33.4634285 0
v 700.84442139 33.4634285 100
v 700.8012085 33.3577652 100
v 700.8012085 33.3577652 0
v 708.2756958 23.6909523 0
v 708.2756958 23.6909523 100
v 718.32678223 23.6909523 0
v 718.32678223 23.6909523 100
v 719.77911377 19.5695343 100
v 719.68841553 19.50018311 0
v 719.77911377 19.5695343 0
v 719.68841553 19.50018311 100
v 719.86621094 19.64326668 100
v 719.86621094 19.64326668 0
v 719.949646 19.72120285 100
v 719.949646 19.72120285 0
v 720.02911377 19.80315208 100
v 720.02911377 19.80315208 0
v 720.10443115 19.88891792 0
v 720.10443115 19.88891792 100
v 720.17547607 19.97828865 100
v 720.17547607 19.97828865 0
v 720.24200439 20.07105064 100
v 720.24200439 20.07105064 0
v 720.30383301 20.16697502 100
v 720.30383301 20.16697502 0
v 720.36090088 20.2658329 100
v 720.36090088 20.2658329 0
v 720.41308594 20.36738014 100
v 720.41308594 20.36738014 0
v 720.46014404 20.47137451 100
v 720.46014404 20.47137451 0
v 720.50201416 20.57756042 100
v 720.50201416 20.57756042 0
v 720.53863525 20.68568039 100
v 720.53863525 20.68568039 0
v 720.56988525 20.7954731 100
v 720.56988525 20.7954731 0
v 720.59564209 20.90667152 100
v 720.59564209 20.90667152 0
v 720.6159668 21.01900482 100
v 720.6159668 21.01900482 0
v 720.63067627 21.13220215 100
v 720.63067627 21.13220215 0
v 720.63983154 21.24598503 100
v 720.63983154 21.24598503 0
v 720.64331055 21.36008263 100
v 720.64331055 21.36008263 0
v 720.64123535 21.47421265 100
v 720.64123535 21.47421265 0
v 720.63348389 21.58810043 0
v 720.63348389 21.58810043 100
v 720.62017822 21.70146942 100
v 720.62017822 21.70146942 0
v 720.60125732 21.81404495 100
v 720.60125732 21.81404495 0
v 720.57684326 21.92555237 0
v 720.57684326 21.92555237 100
v 720.54693604 22.03572273 100
v 720.54693604 22.03572273 0
v 720.51165771 22.1442852 100
v 720.51165771 22.1442852 0
v 720.47106934 22.25097847 0
v 720.47106934 22.25097847 100
v 720.42529297 22.35554504 100
v 720.42529297 22.35554504 0
v 720.37445068 22.45772743 0
v 720.37445068 22.45772743 100
v 720.31860352 22.55727959 0
v 720.31860352 22.55727959 100
v 720.25787354 22.65396118 100
v 720.25787354 22.65396118 0
v 720.19250488 22.7475338 100
v 720.19250488 22.7475338 0
v 720.12261963 22.83777428 0
v 720.12261963 22.83777428 100
v 720.04833984 22.92445946 100
v 720.04833984 22.92445946 0
v 719.96990967 23.00738335 0
v 719.96990967 23.00738335 100
v 719.88745117 23.08633995 0
v 719.88745117 23.08633995 100
v 719.8012085 23.16114044 100
v 719.8012085 23.16114044 0
v 719.71142578 23.23160362 100
v 719.71142578 23.23160362 0
v 719.6182251 23.29755592 0
v 719.6182251 23.29755592 100
v 719.52191162 23.35883904 100
v 719.52191162 23.35883904 0
v 719.42272949 23.41530418 100
v 719.42272949 23.41530418 0
v 719.32086182 23.46681404 0
v 719.32086182 23.46681404 100
v 719.21655273 23.51324463 100
v 719.21655273 23.51324463 0
v 719.11016846 23.5544796 100
v 719.11016846 23.5544796 0
v 719.00177002 23.59042168 100
v 719.00177002 23.59042168 0
v 718.89178467 23.62098312 100
v 718.89178467 23.62098312 0
v 718.78045654 23.64609146 100
v 718.78045654 23.64609146 0
v 718.66802979 23.66568184 100
v 718.66802979 23.66568184 0
v 718.5546875 23.67971039 100
v 718.5546875 23.67971039 0
v 718.44085693 23.68813896 0
v 718.44085693 23.68813896 100
v 711.5569458 13.59230137 0
v 711.5569458 13.59230137 100
v 714.66290283 4.03314829 0
v 714.66290283 4.03314829 100
v 711.19195557 1.37831044 100
v 711.09802246 1.44311059 0
v 711.19195557 1.37831044 0
v 711.09802246 1.44311059 100
v 711.28900146 1.31821811 100
v 711.28900146 1.31821811 0
v 711.38891602 1.26297951 0
v 711.38891602 1.26297951 100
v 711.49139404 1.21272874 100
v 711.49139404 1.21272874 0
v 711.59625244 1.16758788 100
v 711.59625244 1.16758788 0
v 711.70318604 1.12766659 100
v 711.70318604 1.12766659 0
v 711.81201172 1.09306157 0
v 711.81201172 1.09306157 100
v 711.92236328 1.06385708 100
v 711.92236328 1.06385708 0
v 712.03399658 1.04012394 0
v 712.03399658 1.04012394 100
v 712.14666748 1.02191973 100
v 712.14666748 1.02191973 0
v 712.26013184 1.00928867 100
v 712.26013184 1.00928867 0
v 712.37408447 1.00226152 0
v 712.37408447 1.00226152 100
v 712.48822021 1.00085521 0
v 712.48822021 1.00085521 100
v 712.60229492 1.00507319 100
v 712.60229492 1.00507319 0
v 712.71600342 1.01490533 100
v 712.71600342 1.01490533 0
v 712.82910156 1.03032756 100
v 712.82910156 1.03032756 0
v 712.94128418 1.05130267 100
v 712.94128418 1.05130267 0
v 713.05236816 1.07777953 100
v 713.05236816 1.07777953 0
v 713.16192627 1.109694 100
v 713.16192627 1.109694 0
v 713.26983643 1.14696848 100
v 713.26983643 1.14696848 0
v 713.37579346 1.18951249 100
v 713.37579346 1.18951249 0
v 713.47949219 1.23722267 100
v 713.47949219 1.23722267 0
v 713.58068848 1.28998339 0
v 713.58068848 1.28998339 100
v 713.67919922 1.34766638 100
v 713.67919922 1.34766638 0
v 713.77471924 1.41013157 100
v 713.77471924 1.41013157 0
v 713.86706543 1.47722745 100
v 713.86706543 1.47722745 0
v 713.95599365 1.54879093 0
v 713.95599365 1.54879093 100
v 714.0413208 1.62464833 100
v 714.0413208 1.62464833 0
v 714.12280273 1.70461547 0
v 714.12280273 1.70461547 100
v 714.20019531 1.78849816 100
v 714.20019531 1.78849816 0
v 714.27337646 1.87609279 100
v 714.27337646 1.87609279 0
v 714.34216309 1.96718669 0
v 714.34216309 1.96718669 100
v 714.40643311 2.06155849 100
v 714.40643311 2.06155849 0
v 714.46588135 2.15897942 0
v 714.46588135 2.15897942 100
v 714.52050781 2.25921249 100
v 714.52050781 2.25921249 0
v 714.57012939 2.36201477 100
v 714.57012939 2.36201477 0
v 714.61462402 2.46713638 100
v 714.61462402 2.46713638 0
v 714.65386963 2.57432199 0
v 714.65386963 2.57432199 100
v 714.68780518 2.6833117 100
v 714.68780518 2.6833117 0
v 714.71636963 2.79384065 100
v 714.71636963 2.79384065 0
v 714.73937988 2.9056406 100
v 714.73937988 2.9056406 0
v 714.75689697 3.01843977 100
v 714.75689697 3.01843977 0
v 714.76885986 3.13196468 100
v 714.76885986 3.13196468 0
v 714.77514648 3.24593949 100
v 714.77514648 3.24593949 0
v 714.77587891 3.36008763 0
v 714.77587891 3.36008763 100
v 714.77093506 3.47413182 100
v 714.77093506 3.47413182 0
v 714.76043701 3.58779502 100
v 714.76043701 3.58779502 0
v 714.74432373 3.70080161 100
v 714.74432373 3.70080161 0
v 714.72265625 3.8128767 0
v 714.72265625 3.8128767 100
v 714.69549561 3.92374873 100
v 714.69549561 3.92374873 0
v 702.9664917 7.3509922 0
v 702.9664917 7.3509922 100
v 115.42176056 55.69571304 100
v 134.45751953 44.70540619 0
v 115.42176056 55.69571304 0
v 134.45751953 44.70540619 100
v 136.2318573 41.80183411 100
v 136.23628235 41.62450409 0
v 136.2318573 41.80183411 0
v 136.23628235 41.62450409 100
v 136.21861267 41.9787178 100
v 136.21861267 41.9787178 0
v 136.19654846 42.15472412 0
v 136.19654846 42.15472412 100
v 136.16575623 42.32941437 100
v 136.16575623 42.32941437 0
v 136.12628174 42.50234985 0
v 136.12628174 42.50234985 100
v 136.07823181 42.67310333 100
v 136.07823181 42.67310333 0
v 136.02174377 42.84124756 100
v 136.02174377 42.84124756 0
v 135.9569397 43.00637054 100
v 135.9569397 43.00637054 0
v 135.88398743 43.16805649 100
v 135.88398743 43.16805649 0
v 135.80305481 43.32590485 100
v 135.80305481 43.32590485 0
v 135.71437073 43.47952271 0
v 135.71437073 43.47952271 100
v 135.61813354 43.62852859 100
v 135.61813354 43.62852859 0
v 135.5145874 43.77255249 100
v 135.5145874 43.77255249 0
v 135.4039917 43.91123581 100
v 135.4039917 43.91123581 0
v 135.28660583 44.04423141 100
v 135.28660583 44.04423141 0
v 135.16275024 44.17121506 0
v 135.16275024 44.17121506 100
v 135.0327301 44.2918663 100
v 135.0327301 44.2918663 0
v 134.89685059 44.4058876 100
v 134.89685059 44.4058876 0
v 134.75544739 44.51298904 100
v 134.75544739 44.51298904 0
v 134.60888672 44.61291504 100
v 134.60888672 44.61291504 0
v 136.23628235 19.6438942 0
v 136.23628235 19.6438942 100
v 134.60888672 16.65548706 100
v 134.45751953 16.5629921 0
v 134.60888672 16.65548706 0
v 134.45751953 16.5629921 100
v 134.75544739 16.75540924 100
v 134.75544739 16.75540924 0
v 134.89685059 16.8625145 100
v 134.89685059 16.8625145 0
v 135.0327301 16.97653389 100
v 135.0327301 16.97653389 0
v 135.16275024 17.09718513 0
v 135.16275024 17.09718513 100
v 135.28660583 17.22416687 100
v 135.28660583 17.22416687 0
v 135.4039917 17.35716629 100
v 135.4039917 17.35716629 0
v 135.5145874 17.49584961 100
v 135.5145874 17.49584961 0
v 135.61813354 17.6398735 100
v 135.61813354 17.6398735 0
v 135.71437073 17.78887939 0
v 135.71437073 17.78887939 100
v 135.80305481 17.94249725 100
v 135.80305481 17.94249725 0
v 135.88398743 18.10034561 100
v 135.88398743 18.10034561 0
v 135.9569397 18.26202965 100
v 135.9569397 18.26202965 0
v 136.02174377 18.42715073 100
v 136.02174377 18.42715073 0
v 136.07823181 18.59529686 0
v 136.07823181 18.59529686 100
v 136.12628174 18.76605034 100
v 136.12628174 18.76605034 0
v 136.16575623 18.93898582 100
v 136.16575623 18.93898582 0
v 136.19654846 19.11367416 100
v 136.19654846 19.11367416 0
v 136.21861267 19.28968048 100
v 136.21861267 19.28968048 0
v 136.2318573 19.46656799 100
v 136.2318573 19.46656799 0
v 115.42176056 5.57268763 0
v 115.42176056 5.57268763 100
v 111.86424255 5.57268763 100
v 111.86424255 5.57268763 0
v 112.02001953 5.48785353 0
v 112.02001953 5.48785353 100
v 112.17984009 5.4108901 0
v 112.17984009 5.4108901 100
v 112.34329224 5.34198809 100
v 112.34329224 5.34198809 0
v 112.50997925 5.28131962 0
v 112.50997925 5.28131962 100
v 112.67948151 5.22903538 100
v 112.67948151 5.22903538 0
v 112.85137939 5.18526459 0
v 112.85137939 5.18526459 100
v 113.02524567 5.15011692 100
v 113.02524567 5.15011692 0
v 113.20064545 5.12367964 100
v 113.20064545 5.12367964 0
v 113.37714386 5.10601759 0
v 113.37714386 5.10601759 100
v 113.55430603 5.09717607 100
v 113.55430603 5.09717607 0
v 113.73168945 5.09717607 100
v 113.73168945 5.09717607 0
v 113.90885162 5.10601759 100
v 113.90885162 5.10601759 0
v 114.08535767 5.12367964 100
v 114.08535767 5.12367964 0
v 114.26075745 5.15011692 0
v 114.26075745 5.15011692 100
v 114.43462372 5.18526459 0
v 114.43462372 5.18526459 100
v 114.60652161 5.22903538 100
v 114.60652161 5.22903538 0
v 114.77602386 5.28131962 100
v 114.77602386 5.28131962 0
v 114.94271088 5.34198809 100
v 114.94271088 5.34198809 0
v 115.10616302 5.4108901 0
v 115.10616302 5.4108901 100
v 115.26597595 5.48785353 100
v 115.26597595 5.48785353 0
v 92.82847595 16.5629921 0
v 92.82847595 16.5629921 100
v 91.05413818 19.46656799 100
v 91.04971313 19.6438942 0
v 91.05413818 19.46656799 0
v 91.04971313 19.6438942 100
v 91.06739044 19.28968048 100
v 91.06739044 19.28968048 0
v 91.08944702 19.11367416 100
v 91.08944702 19.11367416 0
v 91.12024689 18.93898582 100
v 91.12024689 18.93898582 0
v 91.15972137 18.76605034 100
v 91.15972137 18.76605034 0
v 91.20776367 18.59529686 100
v 91.20776367 18.59529686 0
v 91.26425934 18.42715073 0
v 91.26425934 18.42715073 100
v 91.32906342 18.26202965 100
v 91.32906342 18.26202965 0
v 91.40201569 18.10034561 100
v 91.40201569 18.10034561 0
v 91.48294067 17.94249725 0
v 91.48294067 17.94249725 100
v 91.57163239 17.78887939 100
v 91.57163239 17.78887939 0
v 91.66786957 17.6398735 100
v 91.66786957 17.6398735 0
v 91.77141571 17.49584961 0
v 91.77141571 17.49584961 100
v 91.88201141 17.35716629 0
v 91.88201141 17.35716629 100
v 91.99938965 17.22416687 100
v 91.99938965 17.22416687 0
v 92.12324524 17.09718513 100
v 92.12324524 17.09718513 0
v 92.25327301 16.97653389 0
v 92.25327301 16.97653389 100
v 92.38915253 16.8625145 100
v 92.38915253 16.8625145 0
v 92.53055573 16.75540924 100
v 92.53055573 16.75540924 0
v 92.67711639 16.65548706 100
v 92.67711639 16.65548706 0
v 91.04971313 41.62450409 0
v 91.04971313 41.62450409 100
v 92.67711639 44.61291504 100
v 92.82847595 44.70540619 0
v 92.67711639 44.61291504 0
v 92.82847595 44.70540619 100
v 92.53055573 44.51298904 100
v 92.53055573 44.51298904 0
v 92.38915253 44.4058876 100
v 92.38915253 44.4058876 0
v 92.25327301 44.2918663 100
v 92.25327301 44.2918663 0
v 92.12324524 44.17121506 0
v 92.12324524 44.17121506 100
v 91.99938965 44.04423141 100
v 91.99938965 44.04423141 0
v 91.88201141 43.91123581 100
v 91.88201141 43.91123581 0
v 91.77141571 43.77255249 100
v 91.77141571 43.77255249 0
v 91.66786957 43.62852859 100
v 91.66786957 43.62852859 0
v 91.57163239 43.47952271 0
v 91.57163239 43.47952271 100
v 91.48294067 43.32590485 100
v 91.48294067 43.32590485 0
v 91.40201569 43.16805649 100
v 91.40201569 43.16805649 0
v 91.32906342 43.00637054 100
v 91.32906342 43.00637054 0
v 91.26425934 42.84124756 100
v 91.26425934 42.84124756 0
v 91.20776367 42.67310333 0
v 91.20776367 42.67310333 100
v 91.15972137 42.50234985 100
v 91.15972137 42.50234985 0
v 91.12024689 42.32941437 100
v 91.12024689 42.32941437 0
v 91.08944702 42.15472412 100
v 91.08944702 42.15472412 0
v 91.06739044 41.9787178 100
v 91.06739044 41.9787178 0
v 91.05413818 41.80183411 100
v 91.05413818 41.80183411 0
v 111.86424255 55.69571304 0
v 111.86424255 55.69571304 100
v 115.26597595 55.7805481 100
v 115.26597595 55.7805481 0
v 115.10616302 55.85750961 100
v 115.10616302 55.85750961 0
v 114.94271088 55.92641068 0
v 114.94271088 55.92641068 100
v 114.77602386 55.98707962 100
v 114.77602386 55.98707962 0
v 114.60652161 56.03936386 0
v 114.60652161 56.03936386 100
v 114.43462372 56.0831337 100
v 114.43462372 56.0831337 0
v 114.26075745 56.11828232 0
v 114.26075745 56.11828232 100
v 114.08535767 56.14472198 100
v 114.08535767 56.14472198 0
v 113.90885162 56.16238403 0
v 113.90885162 56.16238403 100
v 113.73168945 56.17122269 100
v 113.73168945 56.17122269 0
v 113.55430603 56.17122269 100
v 113.55430603 56.17122269 0
v 113.37714386 56.16238403 100
v 113.37714386 56.16238403 0
v 113.20064545 56.14472198 0
v 113.20064545 56.14472198 100
v 113.02524567 56.11828232 0
v 113.02524567 56.11828232 100
v 112.85137939 56.0831337 0
v 112.85137939 56.0831337 100
v 112.67948151 56.03936386 100
v 112.67948151 56.03936386 0
v 112.50997925 55.98707962 100
v 112.50997925 55.98707962 0
v 112.34329224 55.92641068 0
v 112.34329224 55.92641068 100
v 112.17984009 55.85750961 100
v 112.17984009 55.85750961 0
v 112.02001953 55.7805481 100
v 112.02001953 55.7805481 0
v 171.78012085 -76.34449768 150
v 171.74916077 -75.10320282 150
v 171.74916077 -75.10320282 0
v 171.78012085 -76.34449768 0
v 171.87290955 -77.58270264 150
v 171.87290955 -77.58270264 0
v 172.02729797 -78.81474304 150
v 172.02729797 -78.81474304 0
v 172.24291992 -80.03755951 0
v 172.24291992 -80.03755951 150
v 172.51921082 -81.24810791 150
v 172.51921082 -81.24810791 0
v 172.85551453 -82.44338226 150
v 172.85551453 -82.44338226 0
v 173.25097656 -83.6204071 0
v 173.25097656 -83.6204071 150
v 173.7046051 -84.77625275 150
v 173.7046051 -84.77625275 0
v 174.21530151 -85.90805054 150
v 174.21530151 -85.90805054 0
v 174.7817688 -87.01298523 150
v 174.7817688 -87.01298523 0
v 175.40260315 -88.08831024 150
v 175.40260315 -88.08831024 0
v 176.07627869 -89.13135529 150
v 176.07627869 -89.13135529 0
v 176.80110168 -90.13952637 0
v 176.80110168 -90.13952637 150
v 177.57527161 -91.11030579 0
v 177.57527161 -91.11030579 150
v 178.39686584 -92.04129791 0
v 178.39686584 -92.04129791 150
v 179.26385498 -92.93017578 150
v 179.26385498 -92.93017578 0
v 180.17407227 -93.7747345 150
v 180.17407227 -93.7747345 0
v 181.1252594 -94.57286835 0
v 181.1252594 -94.57286835 150
v 182.11503601 -95.32260132 0
v 182.11503601 -95.32260132 150
v 183.14096069 -96.02206421 150
v 183.14096069 -96.02206421 0
v 184.20048523 -96.66951752 150
v 184.20048523 -96.66951752 0
v 185.29095459 -97.26335907 0
v 185.29095459 -97.26335907 150
v 186.40966797 -97.80210114 150
v 186.40966797 -97.80210114 0
v 187.55384827 -98.2844162 150
v 187.55384827 -98.2844162 0
v 188.72064209 -98.70909119 0
v 188.72064209 -98.70909119 150
v 189.90715027 -99.0750885 150
v 189.90715027 -99.0750885 0
v 191.11044312 -99.38147736 150
v 191.11044312 -99.38147736 0
v 192.32749939 -99.62751007 150
v 192.32749939 -99.62751007 0
v 193.55531311 -99.81257629 150
v 193.55531311 -99.81257629 0
v 194.79081726 -99.93621063 150
v 194.79081726 -99.93621063 0
v 196.03096008 -99.99810028 150
v 196.03096008 -99.99810028 0
v 197.27264404 -99.99810028 0
v 197.27264404 -99.99810028 150
v 198.51277161 -99.93621063 0
v 198.51277161 -99.93621063 150
v 199.74829102 -99.81257629 150
v 199.74829102 -99.81257629 0
v 200.97610474 -99.62751007 0
v 200.97610474 -99.62751007 150
v 202.19316101 -99.38147736 150
v 202.19316101 -99.38147736 0
v 203.3964386 -99.0750885 0
v 203.3964386 -99.0750885 150
v 204.58296204 -98.70909119 150
v 204.58296204 -98.70909119 0
v 205.74975586 -98.2844162 150
v 205.74975586 -98.2844162 0
v 206.89393616 -97.80210114 150
v 206.89393616 -97.80210114 0
v 208.01264954 -97.26335907 150
v 208.01264954 -97.26335907 0
v 209.1031189 -96.66951752 150
v 209.1031189 -96.66951752 0
v 210.16262817 -96.02206421 0
v 210.16262817 -96.02206421 150
v 211.18855286 -95.32260132 0
v 211.18855286 -95.32260132 150
v 212.17834473 -94.57286835 150
v 212.17834473 -94.57286835 0
v 213.1295166 -93.7747345 150
v 213.1295166 -93.7747345 0
v 214.03973389 -92.93017578 150
v 214.03973389 -92.93017578 0
v 214.90672302 -92.04129791 150
v 214.90672302 -92.04129791 0
v 215.72833252 -91.11030579 0
v 215.72833252 -91.11030579 150
v 216.50250244 -90.13952637 0
v 216.50250244 -90.13952637 150
v 217.22732544 -89.13135529 150
v 217.22732544 -89.13135529 0
v 217.90100098 -88.08831024 150
v 217.90100098 -88.08831024 0
v 218.52183533 -87.01298523 0
v 218.52183533 -87.01298523 150
v 219.08830261 -85.90805054 150
v 219.08830261 -85.90805054 0
v 219.59898376 -84.77625275 150
v 219.59898376 -84.77625275 0
v 220.05262756 -83.6204071 0
v 220.05262756 -83.6204071 150
v 220.4480896 -82.44338226 150
v 220.4480896 -82.44338226 0
v 220.78437805 -81.24810791 150
v 220.78437805 -81.24810791 0
v 221.0606842 -80.03755951 0
v 221.0606842 -80.03755951 150
v 221.27629089 -78.81474304 0
v 221.27629089 -78.81474304 150
v 221.43069458 -77.58270264 150
v 221.43069458 -77.58270264 0
v 221.52348328 -76.34449768 150
v 221.52348328 -76.34449768 0
v 221.55444336 -75.10320282 0
v 221.55444336 -75.10320282 150
v 221.52348328 -73.86190796 150
v 221.52348328 -73.86190796 0
v 221.43069458 -72.62369537 0
v 221.43069458 -72.62369537 150
v 221.27629089 -71.39165497 150
v 221.27629089 -71.39165497 0
v 221.0606842 -70.1688385 150
v 221.0606842 -70.1688385 0
v 220.78437805 -68.9582901 150
v 220.78437805 -68.9582901 0
v 220.4480896 -67.76301575 0
v 220.4480896 -67.76301575 150
v 220.05262756 -66.58599854 150
v 220.05262756 -66.58599854 0
v 219.59898376 -65.43014526 150
v 219.59898376 -65.43014526 0
v 219.08830261 -64.29834747 150
v 219.08830261 -64.29834747 0
v 218.52183533 -63.19341278 0
v 218.52183533 -63.19341278 150
v 217.90100098 -62.11808777 150
v 217.90100098 -62.11808777 0
v 217.22732544 -61.07504272 150
v 217.22732544 -61.07504272 0
v 216.50250244 -60.06687546 0
v 216.50250244 -60.06687546 150
v 215.72833252 -59.09609222 0
v 215.72833252 -59.09609222 150
v 214.90672302 -58.16510391 150
v 214.90672302 -58.16510391 0
v 214.03973389 -57.27622604 150
v 214.03973389 -57.27622604 0
v 213.1295166 -56.43166733 150
v 213.1295166 -56.43166733 0
v 212.17834473 -55.63353348 150
v 212.17834473 -55.63353348 0
v 211.18855286 -54.88380051 0
v 211.18855286 -54.88380051 150
v 210.16262817 -54.18433762 150
v 210.16262817 -54.18433762 0
v 209.1031189 -53.53688049 0
v 209.1031189 -53.53688049 150
v 208.01264954 -52.94304276 0
v 208.01264954 -52.94304276 150
v 206.89393616 -52.40429688 150
v 206.89393616 -52.40429688 0
v 205.74975586 -51.92198563 0
v 205.74975586 -51.92198563 150
v 204.58296204 -51.49730682 150
v 204.58296204 -51.49730682 0
v 203.3964386 -51.13131332 150
v 203.3964386 -51.13131332 0
v 202.19316101 -50.82492065 0
v 202.19316101 -50.82492065 150
v 200.97610474 -50.57888794 150
v 200.97610474 -50.57888794 0
v 199.74829102 -50.39382553 0
v 199.74829102 -50.39382553 150
v 198.51277161 -50.27019119 150
v 198.51277161 -50.27019119 0
v 197.27264404 -50.20830154 0
v 197.27264404 -50.20830154 150
v 196.03096008 -50.20830154 150
v 196.03096008 -50.20830154 0
v 194.79081726 -50.27019119 150
v 194.79081726 -50.27019119 0
v 193.55531311 -50.39382553 0
v 193.55531311 -50.39382553 150
v 192.32749939 -50.57888794 150
v 192.32749939 -50.57888794 0
v 191.11044312 -50.82492065 150
v 191.11044312 -50.82492065 0
v 189.90715027 -51.13131332 0
v 189.90715027 -51.13131332 150
v 188.72064209 -51.49730682 150
v 188.72064209 -51.49730682 0
v 187.55384827 -51.92198563 150
v 187.55384827 -51.92198563 0
v 186.40966797 -52.40429688 150
v 186.40966797 -52.40429688 0
v 185.29095459 -52.94304276 150
v 185.29095459 -52.94304276 0
v 184.20048523 -53.53688049 150
v 184.20048523 -53.53688049 0
v 183.14096069 -54.18433762 150
v 183.14096069 -54.18433762 0
v 182.11503601 -54.88380051 150
v 182.11503601 -54.88380051 0
v 181.1252594 -55.63353348 150
v 181.1252594 -55.63353348 0
v 180.17407227 -56.43166733 150
v 180.17407227 -56.43166733 0
v 179.26385498 -57.27622604 150
v 179.26385498 -57.27622604 0
v 178.39686584 -58.16510391 150
v 178.39686584 -58.16510391 0
v 177.57527161 -59.09609222 150
v 177.57527161 -59.09609222 0
v 176.80110168 -60.06687546 150
v 176.80110168 -60.06687546 0
v 176.07627869 -61.07504272 150
v 176.07627869 -61.07504272 0
v 175.40260315 -62.11808777 150
v 175.40260315 -62.11808777 0
v 174.7817688 -63.19341278 150
v 174.7817688 -63.19341278 0
v 174.21530151 -64.29834747 150
v 174.21530151 -64.29834747 0
v 173.7046051 -65.43014526 150
v 173.7046051 -65.43014526 0
v 173.25097656 -66.58599854 150
v 173.25097656 -66.58599854 0
v 172.85551453 -67.76301575 150
v 172.85551453 -67.76301575 0
v 172.51921082 -68.9582901 150
v 172.51921082 -68.9582901 0
v 172.24291992 -70.1688385 150
v 172.24291992 -70.1688385 0
v 172.02729797 -71.39165497 150
v 172.02729797 -71.39165497 0
v 171.87290955 -72.62369537 150
v 171.87290955 -72.62369537 0
v 171.78012085 -73.86190796 0
v 171.78012085 -73.86190796 150
v 683.66149902 -115.79139709 150
v 683.66149902 -97.25859833 0
v 683.66149902 -115.79139709 0
v 683.66149902 -97.25859833 150
v 685.86444092 -94.9447937 150
v 685.97808838 -94.94200134 0
v 685.86444092 -94.9447937 0
v 685.97808838 -94.94200134 150
v 685.7510376 -94.95315552 150
v 685.7510376 -94.95315552 0
v 685.63818359 -94.96707153 150
v 685.63818359 -94.96707153 0
v 685.52618408 -94.98651123 150
v 685.52618408 -94.98651123 0
v 685.41522217 -95.01142883 150
v 685.41522217 -95.01142883 0
v 685.30560303 -95.04175568 0
v 685.30560303 -95.04175568 150
v 685.19763184 -95.07741547 0
v 685.19763184 -95.07741547 150
v 685.09155273 -95.11833954 150
v 685.09155273 -95.11833954 0
v 684.98760986 -95.16442108 0
v 684.98760986 -95.16442108 150
v 684.88604736 -95.21553802 150
v 684.88604736 -95.21553802 0
v 684.78710938 -95.27158356 150
v 684.78710938 -95.27158356 0
v 684.69104004 -95.33242035 150
v 684.69104004 -95.33242035 0
v 684.5980835 -95.39788818 150
v 684.5980835 -95.39788818 0
v 684.50848389 -95.4678421 150
v 684.50848389 -95.4678421 0
v 684.42236328 -95.54211426 150
v 684.42236328 -95.54211426 0
v 684.34002686 -95.62051392 150
v 684.34002686 -95.62051392 0
v 684.26159668 -95.7028656 0
v 684.26159668 -95.7028656 150
v 684.18731689 -95.78896332 150
v 684.18731689 -95.78896332 0
v 684.11737061 -95.87860107 150
v 684.11737061 -95.87860107 0
v 684.05194092 -95.97156525 0
v 684.05194092 -95.97156525 150
v 683.99108887 -96.06762695 150
v 683.99108887 -96.06762695 0
v 683.93505859 -96.16656494 0
v 683.93505859 -96.16656494 150
v 683.88391113 -96.26812744 150
v 683.88391113 -96.26812744 0
v 683.83782959 -96.37207794 150
v 683.83782959 -96.37207794 0
v 683.79693604 -96.47816467 150
v 683.79693604 -96.47816467 0
v 683.76123047 -96.58612823 150
v 683.76123047 -96.58612823 0
v 683.730896 -96.69570923 150
v 683.730896 -96.69570923 0
v 683.70599365 -96.80665588 0
v 683.70599365 -96.80665588 150
v 683.68658447 -96.91868591 0
v 683.68658447 -96.91868591 150
v 683.67266846 -97.03153229 150
v 683.67266846 -97.03153229 0
v 683.66430664 -97.14492798 0
v 683.66430664 -97.14492798 150
v 719.95489502 -94.94200134 0
v 719.95489502 -94.94200134 150
v 722.26873779 -97.14492798 150
v 722.27148438 -97.25859833 0
v 722.26873779 -97.14492798 0
v 722.27148438 -97.25859833 150
v 722.26031494 -97.03153229 150
v 722.26031494 -97.03153229 0
v 722.24639893 -96.91868591 150
v 722.24639893 -96.91868591 0
v 722.22698975 -96.80665588 150
v 722.22698975 -96.80665588 0
v 722.2020874 -96.69570923 150
v 722.2020874 -96.69570923 0
v 722.17175293 -96.58612823 0
v 722.17175293 -96.58612823 150
v 722.1361084 -96.47816467 0
v 722.1361084 -96.47816467 150
v 722.09515381 -96.37207794 150
v 722.09515381 -96.37207794 0
v 722.04907227 -96.26812744 0
v 722.04907227 -96.26812744 150
v 721.99798584 -96.16656494 150
v 721.99798584 -96.16656494 0
v 721.94189453 -96.06762695 150
v 721.94189453 -96.06762695 0
v 721.88110352 -95.97156525 150
v 721.88110352 -95.97156525 0
v 721.81561279 -95.87860107 150
v 721.81561279 -95.87860107 0
v 721.7456665 -95.78896332 150
v 721.7456665 -95.78896332 0
v 721.67138672 -95.7028656 150
v 721.67138672 -95.7028656 0
v 721.59295654 -95.62051392 150
v 721.59295654 -95.62051392 0
v 721.51062012 -95.54211426 0
v 721.51062012 -95.54211426 150
v 721.42456055 -95.4678421 150
v 721.42456055 -95.4678421 0
v 721.3348999 -95.39788818 150
v 721.3348999 -95.39788818 0
v 721.24194336 -95.33242035 0
v 721.24194336 -95.33242035 150
v 721.14587402 -95.27158356 150
v 721.14587402 -95.27158356 0
v 721.04693604 -95.21553802 0
v 721.04693604 -95.21553802 150
v 720.94537354 -95.16442108 150
v 720.94537354 -95.16442108 0
v 720.84143066 -95.11833954 150
v 720.84143066 -95.11833954 0
v 720.73535156 -95.07741547 150
v 720.73535156 -95.07741547 0
v 720.62738037 -95.04175568 150
v 720.62738037 -95.04175568 0
v 720.51776123 -95.01142883 150
v 720.51776123 -95.01142883 0
v 720.40686035 -94.98651123 0
v 720.40686035 -94.98651123 150
v 720.2947998 -94.96707153 0
v 720.2947998 -94.96707153 150
v 720.1819458 -94.95315552 150
v 720.1819458 -94.95315552 0
v 720.06854248 -94.9447937 0
v 720.06854248 -94.9447937 150
v 722.27148438 -115.79139709 0
v 722.27148438 -115.79139709 150
v 720.06854248 -118.10520935 150
v 719.95489502 -118.10800171 0
v 720.06854248 -118.10520935 0
v 719.95489502 -118.10800171 150
v 720.1819458 -118.09684753 150
v 720.1819458 -118.09684753 0
v 720.2947998 -118.08292389 150
v 720.2947998 -118.08292389 0
v 720.40686035 -118.06348419 150
v 720.40686035 -118.06348419 0
v 720.51776123 -118.03857422 150
v 720.51776123 -118.03857422 0
v 720.62738037 -118.00824738 0
v 720.62738037 -118.00824738 150
v 720.73535156 -117.97257996 0
v 720.73535156 -117.97257996 150
v 720.84143066 -117.93165588 150
v 720.84143066 -117.93165588 0
v 720.94537354 -117.88558197 0
v 720.94537354 -117.88558197 150
v 721.04693604 -117.8344574 150
v 721.04693604 -117.8344574 0
v 721.14587402 -117.77841187 150
v 721.14587402 -117.77841187 0
v 721.24194336 -117.7175827 150
v 721.24194336 -117.7175827 0
v 721.3348999 -117.65210724 150
v 721.3348999 -117.65210724 0
v 721.42456055 -117.58215332 150
v 721.42456055 -117.58215332 0
v 721.51062012 -117.50788879 150
v 721.51062012 -117.50788879 0
v 721.59295654 -117.42948151 150
v 721.59295654 -117.42948151 0
v 721.67138672 -117.34712982 0
v 721.67138672 -117.34712982 150
v 721.7456665 -117.2610321 150
v 721.7456665 -117.2610321 0
v 721.81561279 -117.17139435 150
v 721.81561279 -117.17139435 0
v 721.88110352 -117.07843781 0
v 721.88110352 -117.07843781 150
v 721.94189453 -116.98236847 150
v 721.94189453 -116.98236847 0
v 721.99798584 -116.88343811 0
v 721.99798584 -116.88343811 150
v 722.04907227 -116.78187561 150
v 722.04907227 -116.78187561 0
v 722.09515381 -116.67792511 150
v 722.09515381 -116.67792511 0
v 722.1361084 -116.57183838 150
v 722.1361084 -116.57183838 0
v 722.17175293 -116.46387482 150
v 722.17175293 -116.46387482 0
v 722.2020874 -116.35428619 150
v 722.2020874 -116.35428619 0
v 722.22698975 -116.24334717 0
v 722.22698975 -116.24334717 150
v 722.24639893 -116.13131714 0
v 722.24639893 -116.13131714 150
v 722.26031494 -116.01846313 150
v 722.26031494 -116.01846313 0
v 722.26873779 -115.90506744 0
v 722.26873779 -115.90506744 150
v 717.45428467 -118.10800171 0
v 717.45428467 -118.10800171 150
v 715.16668701 -116.15718079 150
v 715.16668701 -116.15718079 0
v 715.18725586 -116.26809692 0
v 715.18725586 -116.26809692 150
v 715.21313477 -116.37789154 0
v 715.21313477 -116.37789154 150
v 715.24432373 -116.48628998 150
v 715.24432373 -116.48628998 0
v 715.28076172 -116.59304047 150
v 715.28076172 -116.59304047 0
v 715.3223877 -116.69789124 150
v 715.3223877 -116.69789124 0
v 715.36901855 -116.80059814 150
v 715.36901855 -116.80059814 0
v 715.4206543 -116.90090179 0
v 715.4206543 -116.90090179 150
v 715.47705078 -116.99858093 0
v 715.47705078 -116.99858093 150
v 715.53814697 -117.09339905 150
v 715.53814697 -117.09339905 0
v 715.6038208 -117.18512726 150
v 715.6038208 -117.18512726 0
v 715.67382812 -117.27355194 150
v 715.67382812 -117.27355194 0
v 715.74810791 -117.3584671 150
v 715.74810791 -117.3584671 0
v 715.82641602 -117.43965912 150
v 715.82641602 -117.43965912 0
v 715.90856934 -117.51694489 150
v 715.90856934 -117.51694489 0
v 715.99438477 -117.5901413 0
v 715.99438477 -117.5901413 150
v 716.0836792 -117.65907288 0
v 716.0836792 -117.65907288 150
v 716.17626953 -117.72357941 150
v 716.17626953 -117.72357941 0
v 716.27178955 -117.78350067 0
v 716.27178955 -117.78350067 150
v 716.37017822 -117.83869934 150
v 716.37017822 -117.83869934 0
v 716.47113037 -117.88903809 0
v 716.47113037 -117.88903809 150
v 716.57440186 -117.9344101 150
v 716.57440186 -117.9344101 0
v 716.67974854 -117.97470093 0
v 716.67974854 -117.97470093 150
v 716.7869873 -118.0098114 150
v 716.7869873 -118.0098114 0
v 716.89575195 -118.03966522 0
v 716.89575195 -118.03966522 150
v 717.00585938 -118.0641861 0
v 717.00585938 -118.0641861 150
v 717.11700439 -118.08332062 150
v 717.11700439 -118.08332062 0
v 717.22900391 -118.09702301 150
v 717.22900391 -118.09702301 0
v 717.3414917 -118.10525513 0
v 717.3414917 -118.10525513 150
v 715.05511475 -115.55527496 150
v 715.05511475 -115.55527496 0
v 714.91381836 -114.95963287 150
v 714.91381836 -114.95963287 0
v 714.7432251 -114.37172699 150
v 714.7432251 -114.37172699 0
v 714.54370117 -113.79298401 150
v 714.54370117 -113.79298401 0
v 714.31573486 -113.22483826 150
v 714.31573486 -113.22483826 0
v 714.05993652 -112.66868591 150
v 714.05993652 -112.66868591 0
v 713.7769165 -112.12587738 150
v 713.7769165 -112.12587738 0
v 713.46734619 -111.59776306 150
v 713.46734619 -111.59776306 0
v 713.13201904 -111.08562469 150
v 713.13201904 -111.08562469 0
v 712.77166748 -110.59072876 150
v 712.77166748 -110.59072876 0
v 712.3873291 -110.11428833 150
v 712.3873291 -110.11428833 0
v 711.97979736 -109.6574707 150
v 711.97979736 -109.6574707 0
v 711.5501709 -109.2213974 150
v 711.5501709 -109.2213974 0
v 711.09942627 -108.80713654 150
v 711.09942627 -108.80713654 0
v 710.62878418 -108.41571045 150
v 710.62878418 -108.41571045 0
v 710.13928223 -108.04808044 150
v 710.13928223 -108.04808044 0
v 709.63220215 -107.70514679 150
v 709.63220215 -107.70514679 0
v 709.10876465 -107.38774872 150
v 709.10876465 -107.38774872 0
v 708.57019043 -107.09667206 150
v 708.57019043 -107.09667206 0
v 708.01794434 -106.83262634 150
v 708.01794434 -106.83262634 0
v 707.45324707 -106.59626007 150
v 707.45324707 -106.59626007 0
v 706.87750244 -106.38815308 150
v 706.87750244 -106.38815308 0
v 706.29223633 -106.20881653 150
v 706.29223633 -106.20881653 0
v 705.69873047 -106.05869293 150
v 705.69873047 -106.05869293 0
v 705.09857178 -105.9381485 150
v 705.09857178 -105.9381485 0
v 704.49316406 -105.84748077 150
v 704.49316406 -105.84748077 0
v 703.88397217 -105.78691101 150
v 703.88397217 -105.78691101 0
v 703.27258301 -105.7565918 150
v 703.27258301 -105.7565918 0
v 702.66040039 -105.7565918 150
v 702.66040039 -105.7565918 0
v 702.04901123 -105.78691101 150
v 702.04901123 -105.78691101 0
v 701.43981934 -105.84748077 150
v 701.43981934 -105.84748077 0
v 700.83441162 -105.9381485 150
v 700.83441162 -105.9381485 0
v 700.23425293 -106.05869293 150
v 700.23425293 -106.05869293 0
v 699.64080811 -106.20881653 150
v 699.64080811 -106.20881653 0
v 699.05548096 -106.38815308 150
v 699.05548096 -106.38815308 0
v 698.47973633 -106.59626007 150
v 698.47973633 -106.59626007 0
v 697.9151001 -106.83262634 150
v 697.9151001 -106.83262634 0
v 697.36279297 -107.09667206 150
v 697.36279297 -107.09667206 0
v 696.82421875 -107.38774872 150
v 696.82421875 -107.38774872 0
v 696.30078125 -107.70514679 150
v 696.30078125 -107.70514679 0
v 695.79370117 -108.04808044 150
v 695.79370117 -108.04808044 0
v 695.30419922 -108.41571045 150
v 695.30419922 -108.41571045 0
v 694.83355713 -108.80713654 150
v 694.83355713 -108.80713654 0
v 694.3828125 -109.2213974 150
v 694.3828125 -109.2213974 0
v 693.95318604 -109.6574707 150
v 693.95318604 -109.6574707 0
v 693.54571533 -110.11428833 150
v 693.54571533 -110.11428833 0
v 693.16131592 -110.59072876 150
v 693.16131592 -110.59072876 0
v 692.80102539 -111.08562469 150
v 692.80102539 -111.08562469 0
v 692.46563721 -111.59776306 150
v 692.46563721 -111.59776306 0
v 692.15606689 -112.12587738 150
v 692.15606689 -112.12587738 0
v 691.87304688 -112.66868591 150
v 691.87304688 -112.66868591 0
v 691.61724854 -113.22483826 0
v 691.61724854 -113.22483826 150
v 691.38928223 -113.79298401 150
v 691.38928223 -113.79298401 0
v 691.1897583 -114.37172699 150
v 691.1897583 -114.37172699 0
v 691.01916504 -114.95963287 150
v 691.01916504 -114.95963287 0
v 690.87786865 -115.55527496 150
v 690.87786865 -115.55527496 0
v 690.76629639 -116.15718079 150
v 690.76629639 -116.15718079 0
v 688.5914917 -118.10525513 150
v 688.47875977 -118.10800171 0
v 688.5914917 -118.10525513 0
v 688.47875977 -118.10800171 150
v 688.70404053 -118.09702301 150
v 688.70404053 -118.09702301 0
v 688.815979 -118.08332062 0
v 688.815979 -118.08332062 150
v 688.92712402 -118.0641861 150
v 688.92712402 -118.0641861 0
v 689.03723145 -118.03966522 0
v 689.03723145 -118.03966522 150
v 689.14605713 -118.0098114 0
v 689.14605713 -118.0098114 150
v 689.25323486 -117.97470093 150
v 689.25323486 -117.97470093 0
v 689.35858154 -117.9344101 150
v 689.35858154 -117.9344101 0
v 689.46185303 -117.88903809 0
v 689.46185303 -117.88903809 150
v 689.56280518 -117.83869934 150
v 689.56280518 -117.83869934 0
v 689.66119385 -117.78350067 150
v 689.66119385 -117.78350067 0
v 689.7567749 -117.72357941 0
v 689.7567749 -117.72357941 150
v 689.8493042 -117.65907288 150
v 689.8493042 -117.65907288 0
v 689.93859863 -117.5901413 0
v 689.93859863 -117.5901413 150
v 690.02441406 -117.51694489 150
v 690.02441406 -117.51694489 0
v 690.10656738 -117.43965912 150
v 690.10656738 -117.43965912 0
v 690.18487549 -117.3584671 150
v 690.18487549 -117.3584671 0
v 690.25915527 -117.27355194 150
v 690.25915527 -117.27355194 0
v 690.3291626 -117.18512726 150
v 690.3291626 -117.18512726 0
v 690.39483643 -117.09339905 150
v 690.39483643 -117.09339905 0
v 690.45593262 -116.99858093 150
v 690.45593262 -116.99858093 0
v 690.51239014 -116.90090179 150
v 690.51239014 -116.90090179 0
v 690.56396484 -116.80059814 150
v 690.56396484 -116.80059814 0
v 690.6105957 -116.69789124 150
v 690.6105957 -116.69789124 0
v 690.65222168 -116.59304047 150
v 690.65222168 -116.59304047 0
v 690.68865967 -116.48628998 150
v 690.68865967 -116.48628998 0
v 690.71984863 -116.37789154 150
v 690.71984863 -116.37789154 0
v 690.74578857 -116.26809692 150
v 690.74578857 -116.26809692 0
v 685.97808838 -118.10800171 0
v 685.97808838 -118.10800171 150
v 683.66430664 -115.90506744 150
v 683.66430664 -115.90506744 0
v 683.67266846 -116.01846313 150
v 683.67266846 -116.01846313 0
v 683.68658447 -116.13131714 150
v 683.68658447 -116.13131714 0
v 683.70599365 -116.24334717 150
v 683.70599365 -116.24334717 0
v 683.730896 -116.35428619 150
v 683.730896 -116.35428619 0
v 683.76123047 -116.46387482 0
v 683.76123047 -116.46387482 150
v 683.79693604 -116.57183838 0
v 683.79693604 -116.57183838 150
v 683.83782959 -116.67792511 150
v 683.83782959 -116.67792511 0
v 683.88391113 -116.78187561 0
v 683.88391113 -116.78187561 150
v 683.93505859 -116.88343811 150
v 683.93505859 -116.88343811 0
v 683.99108887 -116.98236847 150
v 683.99108887 -116.98236847 0
v 684.05194092 -117.07843781 150
v 684.05194092 -117.07843781 0
v 684.11737061 -117.17139435 150
v 684.11737061 -117.17139435 0
v 684.18731689 -117.2610321 150
v 684.18731689 -117.2610321 0
v 684.26159668 -117.34712982 150
v 684.26159668 -117.34712982 0
v 684.34002686 -117.42948151 150
v 684.34002686 -117.42948151 0
v 684.42236328 -117.50788879 0
v 684.42236328 -117.50788879 150
v 684.50848389 -117.58215332 150
v 684.50848389 -117.58215332 0
v 684.5980835 -117.65210724 150
v 684.5980835 -117.65210724 0
v 684.69104004 -117.7175827 0
v 684.69104004 -117.7175827 150
v 684.78710938 -117.77841187 150
v 684.78710938 -117.77841187 0
v 684.88604736 -117.8344574 0
v 684.88604736 -117.8344574 150
v 684.98760986 -117.88558197 150
v 684.98760986 -117.88558197 0
v 685.09155273 -117.93165588 150
v 685.09155273 -117.93165588 0
v 685.19763184 -117.97257996 150
v 685.19763184 -117.97257996 0
v 685.30560303 -118.00824738 150
v 685.30560303 -118.00824738 0
v 685.41522217 -118.03857422 150
v 685.41522217 -118.03857422 0
v 685.52618408 -118.06348419 0
v 685.52618408 -118.06348419 150
v 685.63818359 -118.08292389 0
v 685.63818359 -118.08292389 150
v 685.7510376 -118.09684753 150
v 685.7510376 -118.09684753 0
v 685.86444092 -118.10520935 0
v 685.86444092 -118.10520935 150
v 371.71313477 -204.24078369 150
v 371.70953369 -204.097229 0
v 371.71313477 -204.24078369 0
v 371.70953369 -204.097229 150
v 371.72384644 -204.38398743 150
v 371.72384644 -204.38398743 0
v 371.74169922 -204.526474 0
v 371.74169922 -204.526474 150
v 371.76663208 -204.66789246 150
v 371.76663208 -204.66789246 0
v 371.7986145 -204.80789185 0
v 371.7986145 -204.80789185 150
v 371.8374939 -204.94612122 150
v 371.8374939 -204.94612122 0
v 371.88323975 -205.08224487 0
v 371.88323975 -205.08224487 150
v 371.93569946 -205.21592712 150
v 371.93569946 -205.21592712 0
v 371.99475098 -205.34681702 0
v 371.99475098 -205.34681702 150
v 372.06027222 -205.47460938 150
v 372.06027222 -205.47460938 0
v 372.13208008 -205.59896851 150
v 372.13208008 -205.59896851 0
v 372.20996094 -205.71958923 150
v 372.20996094 -205.71958923 0
v 372.29379272 -205.83618164 150
v 372.29379272 -205.83618164 0
v 372.3833313 -205.94845581 150
v 372.3833313 -205.94845581 0
v 372.47836304 -206.05612183 0
v 372.47836304 -206.05612183 150
v 372.57861328 -206.15892029 150
v 372.57861328 -206.15892029 0
v 372.68389893 -206.25660706 0
v 372.68389893 -206.25660706 150
v 372.79388428 -206.34890747 150
v 372.79388428 -206.34890747 0
v 372.90835571 -206.43560791 0
v 372.90835571 -206.43560791 150
v 373.02700806 -206.51651001 0
v 373.02700806 -206.51651001 150
v 373.14953613 -206.59138489 150
v 373.14953613 -206.59138489 0
v 371.70953369 -186.30276489 0
v 371.70953369 -186.30276489 150
v 373.02700806 -183.88349915 150
v 373.14953613 -183.80860901 0
v 373.02700806 -183.88349915 0
v 373.14953613 -183.80860901 150
v 372.90835571 -183.96438599 150
v 372.90835571 -183.96438599 0
v 372.79388428 -184.05110168 150
v 372.79388428 -184.05110168 0
v 372.68389893 -184.1434021 150
v 372.68389893 -184.1434021 0
v 372.57861328 -184.24107361 150
v 372.57861328 -184.24107361 0
v 372.47836304 -184.34387207 150
v 372.47836304 -184.34387207 0
v 372.3833313 -184.45153809 150
v 372.3833313 -184.45153809 0
v 372.29379272 -184.56381226 150
v 372.29379272 -184.56381226 0
v 372.20996094 -184.68040466 0
v 372.20996094 -184.68040466 150
v 372.13208008 -184.80104065 150
v 372.13208008 -184.80104065 0
v 372.06027222 -184.92539978 150
v 372.06027222 -184.92539978 0
v 371.99475098 -185.05317688 150
v 371.99475098 -185.05317688 0
v 371.93569946 -185.18408203 150
v 371.93569946 -185.18408203 0
v 371.88323975 -185.31774902 150
v 371.88323975 -185.31774902 0
v 371.8374939 -185.45387268 150
v 371.8374939 -185.45387268 0
v 371.7986145 -185.59210205 150
v 371.7986145 -185.59210205 0
v 371.76663208 -185.73210144 150
v 371.76663208 -185.73210144 0
v 371.74169922 -185.8735199 0
v 371.74169922 -185.8735199 150
v 371.72384644 -186.01600647 150
v 371.72384644 -186.01600647 0
v 371.71313477 -186.15921021 0
v 371.71313477 -186.15921021 150
v 388.55999756 -174.91137695 0
v 388.55999756 -174.91137695 150
v 391.31387329 -174.8427124 150
v 391.44000244 -174.91137695 0
v 391.31387329 -174.8427124 0
v 391.44000244 -174.91137695 150
v 391.18450928 -174.78039551 150
v 391.18450928 -174.78039551 0
v 391.05218506 -174.72462463 150
v 391.05218506 -174.72462463 0
v 390.91723633 -174.67550659 150
v 390.91723633 -174.67550659 0
v 390.7800293 -174.63317871 150
v 390.7800293 -174.63317871 0
v 390.64086914 -174.5977478 0
v 390.64086914 -174.5977478 150
v 390.50009155 -174.56929016 150
v 390.50009155 -174.56929016 0
v 390.35812378 -174.54788208 0
v 390.35812378 -174.54788208 150
v 390.21520996 -174.53358459 150
v 390.21520996 -174.53358459 0
v 390.07180786 -174.52642822 150
v 390.07180786 -174.52642822 0
v 389.92819214 -174.52642822 150
v 389.92819214 -174.52642822 0
v 389.78479004 -174.53358459 150
v 389.78479004 -174.53358459 0
v 389.64187622 -174.54788208 150
v 389.64187622 -174.54788208 0
v 389.49990845 -174.56929016 150
v 389.49990845 -174.56929016 0
v 389.35913086 -174.5977478 150
v 389.35913086 -174.5977478 0
v 389.2199707 -174.63317871 150
v 389.2199707 -174.63317871 0
v 389.08276367 -174.67550659 0
v 389.08276367 -174.67550659 150
v 388.94781494 -174.72462463 150
v 388.94781494 -174.72462463 0
v 388.81549072 -174.78039551 150
v 388.81549072 -174.78039551 0
v 388.68612671 -174.8427124 150
v 388.68612671 -174.8427124 0
v 406.85046387 -183.80860901 0
v 406.85046387 -183.80860901 150
v 408.28686523 -186.15921021 150
v 408.29046631 -186.30276489 0
v 408.28686523 -186.15921021 0
v 408.29046631 -186.30276489 150
v 408.27615356 -186.01600647 150
v 408.27615356 -186.01600647 0
v 408.25830078 -185.8735199 150
v 408.25830078 -185.8735199 0
v 408.23336792 -185.73210144 150
v 408.23336792 -185.73210144 0
v 408.2013855 -185.59210205 150
v 408.2013855 -185.59210205 0
v 408.1625061 -185.45387268 150
v 408.1625061 -185.45387268 0
v 408.11676025 -185.31774902 0
v 408.11676025 -185.31774902 150
v 408.06430054 -185.18408203 150
v 408.06430054 -185.18408203 0
v 408.00524902 -185.05317688 150
v 408.00524902 -185.05317688 0
v 407.93972778 -184.92539978 150
v 407.93972778 -184.92539978 0
v 407.86791992 -184.80104065 150
v 407.86791992 -184.80104065 0
v 407.79003906 -184.68040466 150
v 407.79003906 -184.68040466 0
v 407.70620728 -184.56381226 150
v 407.70620728 -184.56381226 0
v 407.6166687 -184.45153809 150
v 407.6166687 -184.45153809 0
v 407.52163696 -184.34387207 150
v 407.52163696 -184.34387207 0
v 407.42138672 -184.24107361 150
v 407.42138672 -184.24107361 0
v 407.31610107 -184.1434021 150
v 407.31610107 -184.1434021 0
v 407.20611572 -184.05110168 0
v 407.20611572 -184.05110168 150
v 407.09164429 -183.96438599 150
v 407.09164429 -183.96438599 0
v 406.97299194 -183.88349915 150
v 406.97299194 -183.88349915 0
v 408.29046631 -204.097229 0
v 408.29046631 -204.097229 150
v 406.97299194 -206.51651001 150
v 406.85046387 -206.59138489 0
v 406.97299194 -206.51651001 0
v 406.85046387 -206.59138489 150
v 407.09164429 -206.43560791 150
v 407.09164429 -206.43560791 0
v 407.20611572 -206.34890747 150
v 407.20611572 -206.34890747 0
v 407.31610107 -206.25660706 150
v 407.31610107 -206.25660706 0
v 407.42138672 -206.15892029 150
v 407.42138672 -206.15892029 0
v 407.52163696 -206.05612183 150
v 407.52163696 -206.05612183 0
v 407.6166687 -205.94845581 150
v 407.6166687 -205.94845581 0
v 407.70620728 -205.83618164 150
v 407.70620728 -205.83618164 0
v 407.79003906 -205.71958923 0
v 407.79003906 -205.71958923 150
v 407.86791992 -205.59896851 150
v 407.86791992 -205.59896851 0
v 407.93972778 -205.47460938 150
v 407.93972778 -205.47460938 0
v 408.00524902 -205.34681702 150
v 408.00524902 -205.34681702 0
v 408.06430054 -205.21592712 150
v 408.06430054 -205.21592712 0
v 408.11676025 -205.08224487 150
v 408.11676025 -205.08224487 0
v 408.1625061 -204.94612122 150
v 408.1625061 -204.94612122 0
v 408.2013855 -204.80789185 150
v 408.2013855 -204.80789185 0
v 408.23336792 -204.66789246 150
v 408.23336792 -204.66789246 0
v 408.25830078 -204.526474 0
v 408.25830078 -204.526474 150
v 408.27615356 -204.38398743 150
v 408.27615356 -204.38398743 0
v 408.28686523 -204.24078369 0
v 408.28686523 -204.24078369 150
v 391.44000244 -215.48861694 0
v 391.44000244 -215.48861694 150
v 388.68612671 -215.55729675 150
v 388.55999756 -215.48861694 0
v 388.68612671 -215.55729675 0
v 388.55999756 -215.48861694 150
v 388.81549072 -215.61959839 150
v 388.81549072 -215.61959839 0
v 388.94781494 -215.67538452 150
v 388.94781494 -215.67538452 0
v 389.08276367 -215.7244873 0
v 389.08276367 -215.7244873 150
v 389.2199707 -215.76681519 150
v 389.2199707 -215.76681519 0
v 389.35913086 -215.80226135 150
v 389.35913086 -215.80226135 0
v 389.49990845 -215.83070374 150
v 389.49990845 -215.83070374 0
v 389.64187622 -215.85211182 150
v 389.64187622 -215.85211182 0
v 389.78479004 -215.8664093 150
v 389.78479004 -215.8664093 0
v 389.92819214 -215.87356567 0
v 389.92819214 -215.87356567 150
v 390.07180786 -215.87356567 0
v 390.07180786 -215.87356567 150
v 390.21520996 -215.8664093 150
v 390.21520996 -215.8664093 0
v 390.35812378 -215.85211182 150
v 390.35812378 -215.85211182 0
v 390.50009155 -215.83070374 150
v 390.50009155 -215.83070374 0
v 390.64086914 -215.80226135 150
v 390.64086914 -215.80226135 0
v 390.7800293 -215.76681519 150
v 390.7800293 -215.76681519 0
v 390.91723633 -215.7244873 150
v 390.91723633 -215.7244873 0
v 391.05218506 -215.67538452 150
v 391.05218506 -215.67538452 0
v 391.18450928 -215.61959839 150
v 391.18450928 -215.61959839 0
v 391.31387329 -215.55729675 150
v 391.31387329 -215.55729675 0

usemtl mat1
f 1 2 3
f 4 3 5
f 4 1 3
f 6 7 2
f 6 2 1
f 8 9 7
f 8 10 9
f 8 7 6
f 11 5 12
f 11 4 5
f 13 10 8
f 14 12 15
f 14 11 12
f 16 15 17
f 16 14 15
f 18 10 13
f 18 19 10
f 20 16 17
f 21 22 19
f 21 19 18
f 23 22 21
f 23 24 22
f 25 20 17
f 25 26 27
f 25 17 26
f 28 29 24
f 28 24 23
f 30 27 31
f 30 25 27
f 32 33 29
f 32 29 28
f 34 31 35
f 34 30 31
f 36 35 37
f 36 34 35
f 38 39 33
f 38 33 32
f 40 41 39
f 40 42 41
f 40 39 38
f 43 36 37
f 44 42 40
f 45 46 47
f 45 37 46
f 45 43 37
f 48 49 42
f 48 42 44
f 50 45 47
f 51 52 53
f 51 47 52
f 51 50 47
f 54 55 49
f 54 49 48
f 56 57 55
f 56 55 54
f 58 51 53
f 59 60 57
f 59 61 60
f 59 57 56
f 62 61 59
f 63 64 61
f 63 61 62
f 65 66 64
f 65 64 63
f 67 68 66
f 67 66 65
f 69 70 68
f 69 68 67
f 71 72 70
f 71 70 69
f 73 74 72
f 73 72 71
f 75 76 74
f 75 74 73
f 77 78 76
f 77 79 78
f 77 76 75
f 80 79 77
f 81 79 80
f 81 82 79
f 83 84 82
f 83 85 84
f 83 82 81
f 86 85 83
f 87 88 85
f 87 89 88
f 87 85 86
f 90 89 87
f 91 92 89
f 91 89 90
f 93 94 92
f 93 95 94
f 93 92 91
f 96 95 93
f 97 98 95
f 97 95 96
f 99 100 98
f 99 101 100
f 99 98 97
f 102 101 99
f 103 104 105
f 103 105 106
f 106 105 58
f 106 58 53
f 107 108 109
f 109 108 110
f 109 110 111
f 111 110 112
f 111 112 113
f 113 112 114
f 113 114 115
f 115 114 116
f 115 116 117
f 117 116 118
f 117 118 119
f 117 119 120
f 120 119 121
f 121 119 122
f 121 122 123
f 123 122 124
f 123 124 125
f 125 124 126
f 125 126 127
f 125 127 128
f 128 127 129
f 128 129 130
f 130 129 131
f 131 129 132
f 131 132 101
f 131 101 102
f 133 103 106
f 133 134 103
f 135 106 53
f 135 53 52
f 135 133 106
f 136 135 52
f 137 52 47
f 137 136 52
f 138 47 46
f 138 137 47
f 139 46 37
f 139 138 46
f 140 37 35
f 140 139 37
f 141 35 31
f 141 31 27
f 141 140 35
f 142 141 27
f 143 27 26
f 143 26 17
f 143 142 27
f 144 17 15
f 144 143 17
f 145 144 15
f 146 15 12
f 146 12 5
f 146 145 15
f 147 5 3
f 147 146 5
f 148 147 3
f 149 3 2
f 149 148 3
f 150 2 7
f 150 149 2
f 151 7 9
f 151 9 10
f 151 150 7
f 152 151 10
f 153 10 19
f 153 152 10
f 154 19 22
f 154 153 19
f 155 22 24
f 155 24 29
f 155 154 22
f 156 155 29
f 157 156 29
f 157 29 33
f 158 33 39
f 158 157 33
f 159 39 41
f 159 158 39
f 160 41 42
f 160 159 41
f 161 42 49
f 161 49 55
f 161 160 42
f 162 161 55
f 163 55 57
f 163 162 55
f 164 57 60
f 164 163 57
f 165 60 61
f 165 164 60
f 166 167 168
f 166 169 167
f 170 171 172
f 170 173 171
f 174 172 175
f 174 175 176
f 174 170 172
f 177 174 176
f 178 176 179
f 178 177 176
f 180 179 181
f 180 178 179
f 182 181 183
f 182 180 181
f 184 183 185
f 184 182 183
f 186 185 187
f 186 187 188
f 186 184 185
f 189 186 188
f 190 188 191
f 190 191 192
f 190 189 188
f 193 192 194
f 193 190 192
f 195 193 194
f 196 194 197
f 196 197 198
f 196 195 194
f 199 198 200
f 199 196 198
f 201 199 200
f 202 200 203
f 202 201 200
f 204 203 205
f 204 202 203
f 206 205 207
f 206 207 208
f 206 204 205
f 209 206 208
f 210 208 211
f 210 209 208
f 212 211 213
f 212 210 211
f 214 213 215
f 214 215 216
f 214 212 213
f 217 214 216
f 218 217 216
f 218 216 219
f 220 219 221
f 220 218 219
f 222 221 223
f 222 220 221
f 224 223 225
f 224 222 223
f 226 225 227
f 226 227 228
f 226 224 225
f 229 226 228
f 230 228 231
f 230 229 228
f 232 231 233
f 232 230 231
f 169 233 167
f 169 232 233
f 234 64 66
f 234 235 64
f 236 66 68
f 236 68 70
f 236 234 66
f 237 236 70
f 238 70 72
f 238 237 70
f 239 72 74
f 239 238 72
f 240 74 76
f 240 239 74
f 241 76 78
f 241 240 76
f 242 78 79
f 242 79 82
f 242 241 78
f 243 242 82
f 244 82 84
f 244 84 85
f 244 243 82
f 245 85 88
f 245 244 85
f 246 245 88
f 247 88 89
f 247 89 92
f 247 246 88
f 248 92 94
f 248 247 92
f 249 248 94
f 250 94 95
f 250 249 94
f 251 95 98
f 251 250 95
f 252 98 100
f 252 100 101
f 252 251 98
f 253 252 101
f 254 101 132
f 254 253 101
f 255 132 129
f 255 254 132
f 256 129 127
f 256 127 126
f 256 255 129
f 257 256 126
f 258 257 126
f 258 126 124
f 259 124 122
f 259 258 124
f 260 122 119
f 260 259 122
f 261 119 118
f 261 260 119
f 262 118 116
f 262 116 114
f 262 261 118
f 263 262 114
f 264 114 112
f 264 263 114
f 265 112 110
f 265 264 112
f 266 110 108
f 266 265 110
f 235 61 64
f 235 165 61
f 267 168 268
f 267 166 168
f 269 268 270
f 269 270 271
f 269 267 268
f 272 269 271
f 273 271 274
f 273 272 271
f 275 274 276
f 275 273 274
f 277 276 278
f 277 275 276
f 279 278 280
f 279 277 278
f 281 280 282
f 281 282 283
f 281 279 280
f 284 281 283
f 285 283 286
f 285 286 287
f 285 284 283
f 288 287 289
f 288 285 287
f 290 288 289
f 291 289 292
f 291 292 293
f 291 290 289
f 294 293 295
f 294 291 293
f 296 294 295
f 297 295 298
f 297 296 295
f 299 298 300
f 299 297 298
f 301 300 302
f 301 302 303
f 301 299 300
f 304 301 303
f 305 303 306
f 305 304 303
f 307 306 308
f 307 305 306
f 309 308 310
f 309 310 311
f 309 307 308
f 312 309 311
f 313 312 311
f 313 311 314
f 315 314 316
f 315 313 314
f 317 316 318
f 317 315 316
f 319 318 320
f 319 317 318
f 321 320 322
f 321 322 323
f 321 319 320
f 324 321 323
f 325 323 326
f 325 324 323
f 327 326 328
f 327 325 326
f 329 328 330
f 329 327 328
f 294 296 297
f 290 291 294
f 290 297 299
f 290 294 297
f 305 299 301
f 305 301 304
f 309 305 307
f 284 285 288
f 284 288 290
f 312 305 309
f 279 281 284
f 315 312 313
f 277 279 284
f 275 299 305
f 275 290 299
f 275 284 290
f 275 277 284
f 324 315 317
f 324 317 319
f 324 319 321
f 269 272 273
f 267 273 275
f 267 269 273
f 327 324 325
f 327 312 315
f 327 315 324
f 166 327 329
f 166 305 312
f 166 275 305
f 166 312 327
f 166 267 275
f 134 166 329
f 230 232 169
f 229 230 169
f 224 226 229
f 138 135 136
f 138 136 137
f 222 229 169
f 222 224 229
f 139 135 138
f 139 134 133
f 139 133 135
f 140 134 139
f 218 220 222
f 141 134 140
f 217 218 222
f 214 222 169
f 214 217 222
f 143 141 142
f 144 134 141
f 144 141 143
f 210 212 214
f 146 144 145
f 146 134 144
f 206 209 210
f 206 214 169
f 206 210 214
f 147 134 146
f 204 206 169
f 201 202 204
f 151 147 148
f 151 148 149
f 151 149 150
f 151 134 147
f 196 199 201
f 195 201 204
f 195 196 201
f 193 204 169
f 193 195 204
f 154 151 152
f 154 152 153
f 155 151 154
f 189 190 193
f 189 193 169
f 156 151 155
f 157 151 156
f 158 151 157
f 182 184 186
f 182 186 189
f 160 158 159
f 180 182 189
f 180 189 169
f 161 158 160
f 163 161 162
f 164 151 158
f 164 158 161
f 164 161 163
f 164 134 151
f 165 134 164
f 173 170 174
f 173 174 177
f 173 177 178
f 173 178 180
f 173 180 169
f 235 134 165
f 266 166 134
f 266 173 169
f 266 169 166
f 266 134 235
f 264 265 266
f 236 266 235
f 236 235 234
f 238 266 236
f 238 264 266
f 238 236 237
f 238 263 264
f 260 263 238
f 260 238 239
f 260 261 262
f 260 262 263
f 241 239 240
f 258 259 260
f 257 258 260
f 243 260 239
f 243 239 241
f 243 257 260
f 243 241 242
f 256 257 243
f 256 243 244
f 255 256 244
f 255 244 245
f 247 245 246
f 247 255 245
f 251 252 253
f 251 253 254
f 251 254 255
f 250 247 248
f 250 248 249
f 250 255 247
f 250 251 255
f 331 107 109
f 331 332 107
f 333 109 111
f 333 111 113
f 333 331 109
f 334 333 113
f 335 113 115
f 335 334 113
f 336 115 117
f 336 335 115
f 337 117 120
f 337 336 117
f 338 120 121
f 338 337 120
f 339 121 123
f 339 123 125
f 339 338 121
f 340 339 125
f 341 125 128
f 341 128 130
f 341 340 125
f 342 130 131
f 342 341 130
f 343 342 131
f 344 131 102
f 344 102 99
f 344 343 131
f 345 99 97
f 345 344 99
f 346 345 97
f 347 97 96
f 347 346 97
f 348 96 93
f 348 347 96
f 349 93 91
f 349 91 90
f 349 348 93
f 350 349 90
f 351 90 87
f 351 350 90
f 352 87 86
f 352 351 87
f 353 86 83
f 353 83 81
f 353 352 86
f 354 353 81
f 355 354 81
f 355 81 80
f 356 80 77
f 356 355 80
f 357 77 75
f 357 356 77
f 358 75 73
f 358 357 75
f 359 73 71
f 359 71 69
f 359 358 73
f 360 359 69
f 361 69 67
f 361 360 69
f 362 67 65
f 362 361 67
f 363 65 63
f 363 362 65
f 364 63 62
f 364 363 63
f 365 62 59
f 365 364 62
f 366 59 56
f 366 56 54
f 366 365 59
f 367 366 54
f 368 54 48
f 368 367 54
f 369 48 44
f 369 368 48
f 370 44 40
f 370 369 44
f 371 40 38
f 371 370 40
f 372 38 32
f 372 32 28
f 372 371 38
f 373 372 28
f 374 28 23
f 374 23 21
f 374 373 28
f 375 21 18
f 375 374 21
f 376 375 18
f 377 18 13
f 377 13 8
f 377 376 18
f 378 8 6
f 378 377 8
f 379 378 6
f 380 6 1
f 380 379 6
f 381 1 4
f 381 380 1
f 382 4 11
f 382 11 14
f 382 381 4
f 383 382 14
f 384 14 16
f 384 383 14
f 385 16 20
f 385 384 16
f 386 20 25
f 386 25 30
f 386 385 20
f 387 386 30
f 388 387 30
f 388 30 34
f 389 34 36
f 389 388 34
f 390 36 43
f 390 389 36
f 391 43 45
f 391 390 43
f 392 45 50
f 392 50 51
f 392 391 45
f 393 392 51
f 394 51 58
f 394 393 51
f 395 58 105
f 395 394 58
f 396 105 104
f 396 395 105
f 108 397 171
f 108 107 397
f 398 397 107
f 332 398 107
f 173 266 108
f 173 108 171
f 399 400 401
f 399 402 400
f 403 401 404
f 403 404 405
f 403 399 401
f 406 403 405
f 407 405 408
f 407 406 405
f 409 408 410
f 409 407 408
f 411 410 412
f 411 409 410
f 413 412 414
f 413 411 412
f 415 414 416
f 415 416 417
f 415 413 414
f 418 415 417
f 419 417 420
f 419 420 421
f 419 418 417
f 422 421 423
f 422 419 421
f 424 422 423
f 425 423 426
f 425 426 427
f 425 424 423
f 428 427 429
f 428 425 427
f 430 428 429
f 431 429 432
f 431 430 429
f 433 432 434
f 433 431 432
f 435 434 436
f 435 436 437
f 435 433 434
f 438 435 437
f 439 437 440
f 439 438 437
f 441 440 442
f 441 439 440
f 443 442 444
f 443 444 445
f 443 441 442
f 446 443 445
f 447 446 445
f 447 445 448
f 449 448 450
f 449 447 448
f 451 450 452
f 451 449 450
f 453 452 454
f 453 451 452
f 455 454 456
f 455 456 457
f 455 453 454
f 458 455 457
f 459 457 460
f 459 458 457
f 461 460 462
f 461 459 460
f 398 462 397
f 398 461 462
f 402 463 400
f 402 464 463
f 465 466 467
f 465 468 466
f 469 467 470
f 469 470 471
f 469 465 467
f 472 469 471
f 473 471 474
f 473 472 471
f 475 474 476
f 475 473 474
f 477 476 478
f 477 475 476
f 479 478 480
f 479 477 478
f 481 480 482
f 481 482 483
f 481 479 480
f 484 481 483
f 485 483 486
f 485 486 487
f 485 484 483
f 488 487 489
f 488 485 487
f 490 488 489
f 491 489 492
f 491 492 493
f 491 490 489
f 494 493 495
f 494 491 493
f 496 494 495
f 497 495 498
f 497 496 495
f 499 498 500
f 499 497 498
f 501 500 502
f 501 502 503
f 501 499 500
f 504 501 503
f 505 503 506
f 505 504 503
f 507 506 508
f 507 505 506
f 509 508 510
f 509 510 511
f 509 507 508
f 512 509 511
f 513 512 511
f 513 511 514
f 515 514 516
f 515 513 514
f 517 516 518
f 517 515 516
f 519 518 520
f 519 517 518
f 521 520 522
f 521 522 523
f 521 519 520
f 524 521 523
f 525 523 526
f 525 524 523
f 527 526 528
f 527 525 526
f 464 528 463
f 464 527 528
f 103 330 466
f 104 103 466
f 329 330 103
f 134 329 103
f 468 396 104
f 468 104 466
f 370 371 372
f 366 367 368
f 396 364 365
f 396 365 366
f 396 368 369
f 396 369 370
f 396 372 373
f 396 373 374
f 396 374 375
f 396 375 376
f 396 376 377
f 396 377 378
f 396 378 379
f 396 379 380
f 396 380 381
f 396 381 382
f 396 382 383
f 396 383 384
f 396 384 385
f 396 385 386
f 396 386 387
f 396 387 388
f 396 388 389
f 396 389 390
f 396 390 391
f 396 370 372
f 396 391 392
f 396 392 393
f 396 393 394
f 396 394 395
f 396 366 368
f 363 364 396
f 361 362 363
f 469 468 465
f 360 361 363
f 473 469 472
f 358 359 360
f 475 469 473
f 357 360 363
f 357 358 360
f 477 469 475
f 479 468 469
f 479 469 477
f 355 356 357
f 353 357 363
f 353 354 355
f 353 355 357
f 352 353 363
f 490 479 481
f 490 481 484
f 490 484 485
f 490 485 488
f 350 351 352
f 350 352 363
f 491 468 479
f 491 479 490
f 494 468 491
f 348 349 350
f 496 468 494
f 347 350 363
f 347 348 350
f 346 347 363
f 499 496 497
f 501 496 499
f 505 501 504
f 343 344 345
f 342 343 345
f 509 505 507
f 512 505 509
f 513 501 505
f 513 505 512
f 339 340 341
f 338 341 342
f 338 345 346
f 338 342 345
f 338 339 341
f 517 496 501
f 517 501 513
f 517 513 515
f 336 338 346
f 336 337 338
f 521 517 519
f 521 496 517
f 525 496 521
f 525 468 496
f 525 521 524
f 333 334 335
f 333 335 336
f 332 331 333
f 332 336 346
f 332 333 336
f 332 346 363
f 464 468 525
f 464 525 527
f 402 363 396
f 402 332 363
f 402 468 464
f 402 396 468
f 398 332 402
f 461 398 402
f 455 458 459
f 455 459 461
f 415 411 413
f 418 403 406
f 418 406 407
f 418 407 409
f 418 409 411
f 418 411 415
f 446 447 449
f 443 449 451
f 443 451 453
f 443 453 455
f 443 455 461
f 443 446 449
f 422 399 403
f 422 418 419
f 422 403 418
f 441 443 461
f 425 422 424
f 438 439 441
f 431 425 428
f 431 428 430
f 431 433 435
f 431 435 438
f 431 461 402
f 431 399 422
f 431 422 425
f 431 441 461
f 431 438 441
f 431 402 399
f 295 293 298
f 298 293 300
f 300 293 302
f 302 306 303
f 292 289 293
f 289 287 293
f 302 310 306
f 306 310 308
f 286 283 287
f 293 311 302
f 302 311 310
f 283 282 287
f 280 278 282
f 311 318 314
f 314 318 316
f 320 323 322
f 271 270 274
f 274 270 276
f 276 270 278
f 282 270 287
f 278 270 282
f 293 328 311
f 287 328 293
f 318 328 320
f 323 328 326
f 311 328 318
f 270 328 287
f 320 328 323
f 268 168 270
f 328 168 330
f 270 168 328
f 233 231 167
f 231 227 167
f 228 227 231
f 227 225 167
f 225 223 167
f 221 219 223
f 223 215 167
f 219 215 223
f 216 215 219
f 213 211 215
f 208 207 211
f 215 207 167
f 211 207 215
f 203 200 205
f 205 200 207
f 207 200 167
f 198 197 200
f 194 192 197
f 197 192 200
f 200 191 167
f 192 191 200
f 185 183 187
f 187 183 188
f 188 183 191
f 179 176 181
f 181 176 183
f 176 175 183
f 168 171 330
f 172 171 175
f 167 171 168
f 191 171 167
f 183 171 191
f 175 171 183
f 171 466 330
f 466 470 467
f 470 474 471
f 474 478 476
f 470 478 474
f 466 480 470
f 470 480 478
f 466 482 480
f 482 487 483
f 483 487 486
f 487 492 489
f 466 492 482
f 482 492 487
f 492 495 493
f 495 500 498
f 466 500 492
f 492 500 495
f 500 503 502
f 466 503 500
f 466 506 503
f 508 511 510
f 466 514 506
f 508 514 511
f 506 514 508
f 466 516 514
f 516 522 518
f 518 522 520
f 516 526 522
f 522 526 523
f 466 528 516
f 516 528 526
f 466 463 528
f 466 400 463
f 466 397 400
f 171 397 466
f 462 404 397
f 397 404 400
f 400 404 401
f 460 457 462
f 404 408 405
f 454 452 456
f 456 452 457
f 408 414 410
f 410 414 412
f 457 414 462
f 462 414 404
f 404 414 408
f 452 450 457
f 448 445 450
f 414 420 416
f 416 420 417
f 445 444 450
f 444 442 450
f 420 426 421
f 421 426 423
f 414 426 420
f 440 437 442
f 442 437 450
f 437 436 450
f 426 434 427
f 457 434 414
f 450 434 457
f 414 434 426
f 436 434 450
f 427 432 429
f 434 432 427
f 529 530 531
f 529 532 530
f 533 531 534
f 533 529 531
f 535 536 532
f 535 532 529
f 537 534 538
f 537 533 534
f 539 540 536
f 539 541 540
f 539 536 535
f 542 543 544
f 542 538 543
f 542 537 538
f 545 546 541
f 545 541 539
f 547 542 544
f 547 544 548
f 549 546 545
f 549 550 546
f 549 551 550
f 552 548 553
f 552 547 548
f 554 551 549
f 554 555 551
f 556 553 557
f 556 552 553
f 558 555 554
f 558 559 555
f 558 560 559
f 561 562 563
f 561 557 562
f 561 556 557
f 564 560 558
f 564 565 560
f 566 563 567
f 566 561 563
f 568 569 565
f 568 570 569
f 568 565 564
f 571 567 572
f 571 566 567
f 573 570 568
f 574 572 575
f 574 571 572
f 576 570 573
f 577 574 575
f 577 575 578
f 579 570 576
f 580 577 578
f 580 578 581
f 582 570 579
f 583 580 581
f 583 581 584
f 585 570 582
f 586 570 585
f 587 570 586
f 588 570 587
f 588 589 570
f 590 589 588
f 591 589 590
f 592 589 591
f 593 589 592
f 594 589 593
f 595 589 594
f 596 589 595
f 597 598 589
f 597 599 598
f 597 589 596
f 600 601 599
f 600 599 597
f 602 603 601
f 602 604 603
f 602 601 600
f 605 606 604
f 605 604 602
f 607 608 606
f 607 609 608
f 607 606 605
f 610 611 609
f 610 609 607
f 612 613 611
f 612 614 613
f 612 611 610
f 615 616 614
f 615 614 612
f 617 618 616
f 617 619 618
f 617 616 615
f 620 621 619
f 620 619 617
f 622 623 621
f 622 621 620
f 624 625 623
f 624 626 625
f 624 623 622
f 627 626 624
f 628 629 630
f 628 630 631
f 631 630 632
f 631 632 633
f 631 633 634
f 631 634 635
f 635 634 636
f 635 636 637
f 635 637 638
f 638 637 639
f 638 639 640
f 638 640 641
f 641 640 642
f 641 642 643
f 641 643 644
f 641 644 645
f 645 644 646
f 645 646 647
f 645 647 648
f 648 647 626
f 648 626 649
f 649 626 650
f 650 626 651
f 651 626 652
f 652 626 653
f 653 626 627
f 654 655 656
f 656 655 657
f 656 657 658
f 658 657 584
f 584 657 659
f 584 659 583
f 660 588 587
f 661 587 586
f 661 660 587
f 662 586 585
f 662 661 586
f 663 585 582
f 663 662 585
f 664 582 579
f 664 663 582
f 665 579 576
f 665 664 579
f 666 576 573
f 666 665 576
f 667 573 568
f 667 666 573
f 668 568 564
f 668 667 568
f 669 564 558
f 669 668 564
f 670 558 554
f 670 669 558
f 671 670 554
f 671 554 549
f 672 671 549
f 672 549 545
f 673 672 545
f 673 545 539
f 674 673 539
f 674 539 535
f 675 674 535
f 675 535 529
f 676 675 529
f 676 529 533
f 677 676 533
f 677 533 537
f 678 677 537
f 678 537 542
f 679 678 542
f 679 542 547
f 680 679 547
f 680 547 552
f 681 680 552
f 681 552 556
f 682 681 556
f 682 556 561
f 683 682 561
f 683 561 566
f 684 566 571
f 684 683 566
f 685 571 574
f 685 684 571
f 686 574 577
f 686 685 574
f 687 577 580
f 687 686 577
f 688 580 583
f 688 687 580
f 689 583 659
f 689 688 583
f 690 659 657
f 690 689 659
f 655 691 692
f 693 657 655
f 693 690 657
f 694 693 655
f 695 692 696
f 695 655 692
f 695 694 655
f 697 696 698
f 697 695 696
f 699 697 698
f 699 698 700
f 701 699 700
f 701 700 702
f 703 701 702
f 703 702 704
f 705 703 704
f 705 704 706
f 707 705 706
f 707 706 708
f 709 707 708
f 709 708 710
f 711 709 710
f 711 710 712
f 713 711 712
f 713 712 714
f 715 713 714
f 715 714 716
f 717 715 716
f 717 716 718
f 719 717 718
f 719 718 720
f 721 719 720
f 721 720 722
f 723 721 722
f 723 722 724
f 725 723 724
f 725 724 726
f 727 725 726
f 727 726 728
f 729 727 728
f 729 728 730
f 731 729 730
f 731 730 732
f 733 731 732
f 733 732 734
f 735 733 734
f 735 734 736
f 737 735 736
f 737 736 738
f 739 738 740
f 739 737 738
f 741 740 742
f 741 739 740
f 743 742 744
f 743 741 742
f 745 744 746
f 745 743 744
f 747 746 748
f 747 745 746
f 749 748 750
f 749 747 748
f 751 749 750
f 751 750 752
f 753 751 752
f 753 752 754
f 755 753 754
f 755 754 756
f 757 755 756
f 757 756 758
f 759 757 758
f 759 758 760
f 761 759 760
f 761 760 762
f 763 761 762
f 763 762 764
f 765 763 764
f 765 764 766
f 767 765 766
f 767 766 768
f 769 767 768
f 769 768 770
f 771 769 770
f 771 770 772
f 773 771 772
f 773 772 774
f 775 774 776
f 775 773 774
f 777 776 778
f 777 775 776
f 779 778 780
f 779 777 778
f 781 780 782
f 781 779 780
f 783 782 784
f 783 781 782
f 785 784 786
f 785 783 784
f 787 786 788
f 787 785 786
f 789 788 790
f 789 787 788
f 791 790 792
f 791 789 790
f 793 792 794
f 793 791 792
f 795 794 796
f 795 793 794
f 797 796 798
f 797 795 796
f 799 798 800
f 799 797 798
f 801 799 800
f 801 800 802
f 803 801 802
f 803 802 804
f 805 803 804
f 805 804 806
f 807 806 808
f 807 805 806
f 809 807 808
f 809 808 810
f 811 810 812
f 811 809 810
f 813 812 814
f 813 811 812
f 815 814 816
f 815 813 814
f 628 816 817
f 628 815 816
f 818 815 628
f 819 628 631
f 819 818 628
f 820 631 635
f 820 819 631
f 821 635 638
f 821 820 635
f 822 638 641
f 822 821 638
f 823 641 645
f 823 822 641
f 824 645 648
f 824 823 645
f 825 648 649
f 825 824 648
f 826 649 650
f 826 825 649
f 827 650 651
f 827 826 650
f 828 651 652
f 828 827 651
f 829 652 653
f 829 828 652
f 830 653 627
f 830 829 653
f 831 627 624
f 831 830 627
f 832 624 622
f 832 831 624
f 833 622 620
f 833 832 622
f 834 620 617
f 834 833 620
f 835 834 617
f 835 617 615
f 836 835 615
f 836 615 612
f 837 836 612
f 837 612 610
f 838 837 610
f 838 610 607
f 839 838 607
f 839 607 605
f 840 839 605
f 840 605 602
f 841 840 602
f 841 602 600
f 842 841 600
f 842 600 597
f 843 842 597
f 843 597 596
f 844 843 596
f 844 596 595
f 845 844 595
f 845 595 594
f 846 845 594
f 846 594 593
f 847 593 592
f 847 846 593
f 848 592 591
f 848 847 592
f 849 591 590
f 849 848 591
f 660 590 588
f 660 849 590
f 674 675 676
f 678 676 677
f 672 673 674
f 680 678 679
f 680 676 678
f 670 671 672
f 683 680 681
f 683 681 682
f 683 676 680
f 668 669 670
f 668 670 672
f 684 674 676
f 684 676 683
f 667 668 672
f 666 672 674
f 666 667 672
f 665 684 685
f 665 674 684
f 665 666 674
f 687 685 686
f 663 664 665
f 689 687 688
f 693 689 690
f 660 661 662
f 660 662 663
f 660 663 665
f 660 685 687
f 660 665 685
f 694 689 693
f 848 849 660
f 697 694 695
f 697 689 694
f 847 687 689
f 847 660 687
f 847 848 660
f 845 846 847
f 845 847 689
f 707 689 697
f 707 697 699
f 707 699 701
f 707 701 703
f 707 703 705
f 842 843 844
f 842 844 845
f 841 842 845
f 713 709 711
f 839 840 841
f 839 841 845
f 715 709 713
f 715 707 709
f 837 838 839
f 837 839 845
f 723 707 715
f 723 715 717
f 723 717 719
f 723 719 721
f 833 834 835
f 833 835 836
f 833 836 837
f 833 837 845
f 833 845 689
f 727 723 725
f 832 689 707
f 832 707 723
f 832 833 689
f 832 723 727
f 829 830 831
f 735 731 733
f 828 829 831
f 737 831 832
f 737 727 729
f 737 729 731
f 737 832 727
f 737 731 735
f 826 827 828
f 826 828 831
f 745 737 739
f 745 739 741
f 745 741 743
f 747 737 745
f 822 823 824
f 821 824 825
f 821 825 826
f 821 822 824
f 821 826 831
f 753 749 751
f 755 749 753
f 755 747 749
f 818 821 831
f 818 819 820
f 818 820 821
f 761 747 755
f 761 755 757
f 761 757 759
f 809 811 813
f 809 813 815
f 765 761 763
f 769 761 765
f 769 765 767
f 773 761 769
f 773 769 771
f 799 809 815
f 799 801 803
f 799 803 805
f 799 805 807
f 799 807 809
f 777 773 775
f 795 797 799
f 781 737 747
f 781 818 831
f 781 747 761
f 781 799 815
f 781 795 799
f 781 761 773
f 781 773 777
f 781 831 737
f 781 777 779
f 781 815 818
f 789 791 793
f 789 793 795
f 785 781 783
f 787 795 781
f 787 789 795
f 787 781 785
f 850 654 656
f 850 851 654
f 852 656 658
f 852 658 584
f 852 850 656
f 853 852 584
f 854 584 581
f 854 853 584
f 855 581 578
f 855 854 581
f 856 578 575
f 856 855 578
f 857 575 572
f 857 856 575
f 858 572 567
f 858 567 563
f 858 857 572
f 859 858 563
f 860 563 562
f 860 562 557
f 860 859 563
f 861 557 553
f 861 860 557
f 862 861 553
f 863 553 548
f 863 548 544
f 863 862 553
f 864 544 543
f 864 863 544
f 865 864 543
f 866 543 538
f 866 865 543
f 867 538 534
f 867 866 538
f 868 534 531
f 868 531 530
f 868 867 534
f 869 868 530
f 870 530 532
f 870 869 530
f 871 532 536
f 871 870 532
f 872 536 540
f 872 540 541
f 872 871 536
f 873 872 541
f 874 873 541
f 874 541 546
f 875 546 550
f 875 874 546
f 876 550 551
f 876 875 550
f 877 551 555
f 877 876 551
f 878 555 559
f 878 559 560
f 878 877 555
f 879 878 560
f 880 560 565
f 880 879 560
f 881 565 569
f 881 880 565
f 882 569 570
f 882 881 569
f 882 570 589
f 883 882 589
f 884 589 598
f 884 883 589
f 885 598 599
f 885 599 601
f 885 884 598
f 886 885 601
f 887 601 603
f 887 886 601
f 888 603 604
f 888 887 603
f 889 604 606
f 889 888 604
f 890 606 608
f 890 889 606
f 891 608 609
f 891 609 611
f 891 890 608
f 892 891 611
f 893 611 613
f 893 613 614
f 893 892 611
f 894 614 616
f 894 893 614
f 895 894 616
f 896 616 618
f 896 618 619
f 896 895 616
f 897 619 621
f 897 896 619
f 898 897 621
f 899 621 623
f 899 898 621
f 900 623 625
f 900 899 623
f 901 625 626
f 901 626 647
f 901 900 625
f 902 901 647
f 903 647 646
f 903 902 647
f 904 646 644
f 904 903 646
f 905 644 643
f 905 643 642
f 905 904 644
f 906 905 642
f 907 906 642
f 907 642 640
f 908 640 639
f 908 907 640
f 909 639 637
f 909 908 639
f 910 637 636
f 910 909 637
f 911 636 634
f 911 634 633
f 911 910 636
f 912 911 633
f 913 633 632
f 913 912 633
f 914 632 630
f 914 913 632
f 915 630 629
f 915 914 630
f 916 917 918
f 916 919 917
f 920 921 922
f 920 923 921
f 924 922 925
f 924 925 926
f 924 920 922
f 927 924 926
f 928 926 929
f 928 927 926
f 930 929 931
f 930 928 929
f 932 931 933
f 932 930 931
f 934 933 935
f 934 932 933
f 936 935 937
f 936 937 938
f 936 934 935
f 939 936 938
f 940 938 941
f 940 941 942
f 940 939 938
f 943 942 944
f 943 940 942
f 945 943 944
f 946 944 947
f 946 947 948
f 946 945 944
f 949 948 950
f 949 946 948
f 951 949 950
f 952 950 953
f 952 951 950
f 954 953 955
f 954 952 953
f 956 955 957
f 956 957 958
f 956 954 955
f 959 956 958
f 960 958 961
f 960 959 958
f 962 961 963
f 962 960 961
f 964 963 965
f 964 965 966
f 964 962 963
f 967 964 966
f 968 967 966
f 968 966 969
f 970 969 971
f 970 968 969
f 972 971 973
f 972 970 971
f 974 973 975
f 974 972 973
f 976 975 977
f 976 977 978
f 976 974 975
f 979 976 978
f 980 978 981
f 980 979 978
f 982 981 983
f 982 980 981
f 919 983 917
f 919 982 983
f 629 817 921
f 629 628 817
f 923 915 629
f 921 923 629
f 654 984 691
f 655 654 691
f 851 985 654
f 985 984 654
f 986 918 987
f 986 916 918
f 988 987 989
f 988 989 990
f 988 986 987
f 991 988 990
f 992 990 993
f 992 991 990
f 994 993 995
f 994 992 993
f 996 995 997
f 996 994 995
f 998 997 999
f 998 996 997
f 1000 999 1001
f 1000 1001 1002
f 1000 998 999
f 1003 1000 1002
f 1004 1002 1005
f 1004 1005 1006
f 1004 1003 1002
f 1007 1006 1008
f 1007 1004 1006
f 1009 1007 1008
f 1010 1008 1011
f 1010 1011 1012
f 1010 1009 1008
f 1013 1012 1014
f 1013 1010 1012
f 1015 1013 1014
f 1016 1014 1017
f 1016 1015 1014
f 1018 1017 1019
f 1018 1016 1017
f 1020 1019 1021
f 1020 1021 1022
f 1020 1018 1019
f 1023 1020 1022
f 1024 1022 1025
f 1024 1023 1022
f 1026 1025 1027
f 1026 1024 1025
f 1028 1027 1029
f 1028 1029 1030
f 1028 1026 1027
f 1031 1028 1030
f 1032 1031 1030
f 1032 1030 1033
f 1034 1033 1035
f 1034 1032 1033
f 1036 1035 1037
f 1036 1034 1035
f 1038 1037 1039
f 1038 1036 1037
f 1040 1039 1041
f 1040 1041 1042
f 1040 1038 1039
f 1043 1040 1042
f 1044 1042 1045
f 1044 1043 1042
f 1046 1045 1047
f 1046 1044 1045
f 985 1047 984
f 985 1046 1047
f 1020 1015 1016
f 1020 1016 1018
f 1024 1020 1023
f 1003 1004 1007
f 1034 1028 1031
f 1034 1031 1032
f 985 1024 1026
f 985 1026 1028
f 985 1034 1036
f 985 1036 1038
f 985 1038 1040
f 985 1040 1043
f 985 1043 1044
f 985 1044 1046
f 985 1028 1034
f 916 986 988
f 916 988 991
f 916 991 992
f 916 992 994
f 916 994 996
f 916 996 998
f 916 998 1000
f 916 1000 1003
f 916 1007 1009
f 916 1009 1010
f 916 1010 1013
f 916 1013 1015
f 916 1015 1020
f 916 1003 1007
f 916 1020 1024
f 916 1024 985
f 853 851 850
f 853 850 852
f 979 980 982
f 855 853 854
f 974 979 982
f 974 976 979
f 857 851 853
f 857 853 855
f 857 855 856
f 970 972 974
f 858 851 857
f 968 970 974
f 861 858 859
f 861 859 860
f 962 964 967
f 862 851 858
f 862 858 861
f 960 974 982
f 960 967 968
f 960 968 974
f 960 962 967
f 959 960 982
f 864 851 862
f 864 862 863
f 954 956 959
f 866 864 865
f 952 959 982
f 952 954 959
f 867 864 866
f 946 949 951
f 946 951 952
f 869 867 868
f 869 864 867
f 945 952 982
f 945 946 952
f 870 851 864
f 870 864 869
f 943 945 982
f 871 851 870
f 940 943 982
f 873 871 872
f 936 939 940
f 936 940 982
f 875 873 874
f 875 871 873
f 932 934 936
f 928 930 932
f 928 936 982
f 928 932 936
f 878 875 876
f 878 876 877
f 880 878 879
f 881 871 875
f 881 875 878
f 881 878 880
f 923 920 924
f 923 924 927
f 923 927 928
f 923 928 982
f 923 982 919
f 923 919 916
f 882 871 881
f 882 851 871
f 883 851 882
f 883 923 916
f 883 985 851
f 883 916 985
f 915 923 883
f 886 884 885
f 887 884 886
f 911 912 913
f 910 915 883
f 910 911 913
f 910 913 914
f 910 914 915
f 889 884 887
f 889 887 888
f 908 910 883
f 908 883 884
f 908 909 910
f 892 890 891
f 906 907 908
f 893 884 889
f 893 890 892
f 893 889 890
f 905 906 908
f 895 884 893
f 895 893 894
f 903 904 905
f 901 903 905
f 901 902 903
f 897 884 895
f 897 895 896
f 900 901 905
f 899 908 884
f 899 905 908
f 899 897 898
f 899 884 897
f 899 900 905
f 1017 1021 1019
f 1014 1012 1017
f 1017 1012 1021
f 1021 1025 1022
f 1008 1006 1011
f 1011 1006 1012
f 1021 1027 1025
f 1012 1027 1021
f 1029 1033 1030
f 1002 1001 1005
f 1005 1001 1006
f 1027 1035 1029
f 1029 1035 1033
f 999 997 1001
f 1001 997 1006
f 1006 995 1012
f 997 995 1006
f 1035 1041 1037
f 1037 1041 1039
f 990 989 993
f 993 989 995
f 1041 1045 1042
f 1027 1045 1035
f 1035 1045 1041
f 1045 984 1047
f 1012 984 1027
f 1027 984 1045
f 995 984 1012
f 989 918 995
f 995 918 984
f 987 918 989
f 918 917 984
f 981 978 983
f 971 969 973
f 973 969 975
f 975 969 977
f 977 969 978
f 978 966 983
f 969 966 978
f 965 963 966
f 966 961 983
f 963 961 966
f 957 955 958
f 958 955 961
f 955 948 961
f 950 948 953
f 953 948 955
f 947 944 948
f 948 942 961
f 944 942 948
f 938 937 941
f 941 937 942
f 942 935 961
f 937 935 942
f 933 931 935
f 961 929 983
f 935 929 961
f 931 929 935
f 917 921 984
f 922 921 925
f 925 921 926
f 926 921 929
f 929 921 983
f 983 921 917
f 691 696 692
f 696 700 698
f 691 702 696
f 696 702 700
f 691 704 702
f 704 708 706
f 691 710 704
f 704 710 708
f 710 714 712
f 691 714 710
f 714 720 716
f 716 720 718
f 691 720 714
f 691 722 720
f 722 726 724
f 726 730 728
f 730 736 732
f 732 736 734
f 726 736 730
f 726 738 736
f 738 742 740
f 738 746 742
f 742 746 744
f 738 748 746
f 726 752 738
f 738 752 748
f 748 752 750
f 726 754 752
f 984 817 691
f 921 817 984
f 691 817 722
f 816 814 817
f 754 760 756
f 756 760 758
f 814 808 817
f 810 808 812
f 812 808 814
f 762 766 764
f 817 806 722
f 808 806 817
f 760 768 762
f 754 768 760
f 762 768 766
f 726 770 754
f 754 770 768
f 722 770 726
f 804 802 806
f 802 800 806
f 770 776 772
f 772 776 774
f 798 796 800
f 800 796 806
f 796 794 806
f 776 780 778
f 770 780 776
f 806 782 722
f 792 782 794
f 722 782 770
f 794 782 806
f 770 782 780
f 790 788 792
f 782 786 784
f 792 786 782
f 788 786 792
f 1048 1049 1050
f 1051 1048 1050
f 1052 1050 1053
f 1052 1051 1050
f 1054 1053 1055
f 1054 1052 1053
f 1056 1055 1057
f 1056 1054 1055
f 1058 1057 1059
f 1058 1056 1057
f 1060 1059 1061
f 1060 1058 1059
f 1062 1061 1063
f 1062 1060 1061
f 1064 1063 1065
f 1064 1065 1066
f 1064 1062 1063
f 1067 1064 1066
f 1068 1066 1069
f 1068 1067 1066
f 1070 1069 1071
f 1070 1068 1069
f 1072 1071 1073
f 1072 1070 1071
f 1074 1073 1075
f 1074 1075 1076
f 1074 1072 1073
f 1077 1074 1076
f 1078 1076 1079
f 1078 1079 1080
f 1078 1077 1076
f 1081 1078 1080
f 1082 1080 1083
f 1082 1083 1084
f 1082 1081 1080
f 1085 1082 1084
f 1086 1084 1087
f 1086 1085 1084
f 1088 1087 1089
f 1088 1089 1090
f 1088 1086 1087
f 1091 1088 1090
f 1092 1090 1093
f 1092 1091 1090
f 1094 1093 1095
f 1094 1092 1093
f 1096 1094 1095
f 1096 1095 1097
f 1098 1096 1097
f 1098 1097 1099
f 1100 1098 1099
f 1100 1099 1101
f 1102 1100 1101
f 1102 1101 1103
f 1104 1102 1103
f 1104 1103 1105
f 1106 1104 1105
f 1106 1105 1107
f 1108 1106 1107
f 1108 1107 1109
f 1110 1108 1109
f 1110 1109 1111
f 1112 1111 1113
f 1112 1110 1111
f 1114 1113 1115
f 1114 1115 1116
f 1114 1112 1113
f 1117 1114 1116
f 1118 1116 1119
f 1118 1117 1116
f 1120 1119 1121
f 1120 1118 1119
f 1122 1121 1123
f 1122 1120 1121
f 1124 1123 1125
f 1124 1122 1123
f 1126 1125 1127
f 1126 1124 1125
f 1128 1127 1129
f 1128 1129 1130
f 1128 1126 1127
f 1131 1128 1130
f 1132 1130 1133
f 1132 1133 1134
f 1132 1131 1130
f 1135 1132 1134
f 1136 1134 1137
f 1136 1135 1134
f 1138 1137 1139
f 1138 1136 1137
f 1140 1139 1141
f 1140 1138 1139
f 1142 1141 1143
f 1142 1140 1141
f 1144 1143 1145
f 1144 1145 1146
f 1144 1142 1143
f 1147 1144 1146
f 1148 1147 1146
f 1148 1146 1149
f 1150 1148 1149
f 1150 1149 1151
f 1048 1152 1049
f 1048 1153 1152
f 1153 1154 1152
f 1153 1155 1154
f 1156 1157 1158
f 1156 1159 1157
f 1160 1158 1161
f 1160 1156 1158
f 1162 1161 1163
f 1162 1163 1164
f 1162 1160 1161
f 1165 1162 1164
f 1166 1164 1167
f 1166 1165 1164
f 1168 1167 1169
f 1168 1169 1170
f 1168 1166 1167
f 1171 1168 1170
f 1172 1170 1173
f 1172 1171 1170
f 1174 1173 1175
f 1174 1175 1176
f 1174 1172 1173
f 1177 1174 1176
f 1178 1176 1179
f 1178 1177 1176
f 1180 1179 1181
f 1180 1181 1182
f 1180 1178 1179
f 1183 1182 1184
f 1183 1180 1182
f 1185 1183 1184
f 1186 1184 1187
f 1186 1187 1188
f 1186 1185 1184
f 1189 1186 1188
f 1190 1188 1191
f 1190 1189 1188
f 1192 1191 1193
f 1192 1190 1191
f 1194 1193 1195
f 1194 1192 1193
f 1196 1195 1197
f 1196 1197 1198
f 1196 1194 1195
f 1199 1196 1198
f 1200 1198 1201
f 1200 1199 1198
f 1202 1201 1203
f 1202 1200 1201
f 1204 1202 1203
f 1204 1203 1205
f 1206 1204 1205
f 1206 1205 1207
f 1206 1207 1208
f 1209 1206 1208
f 1209 1208 1210
f 1211 1209 1210
f 1212 1211 1210
f 1212 1210 1213
f 1212 1213 1214
f 1215 1212 1214
f 1216 1215 1214
f 1216 1214 1217
f 1218 1216 1217
f 1218 1217 1219
f 1220 1219 1221
f 1220 1218 1219
f 1220 1221 1222
f 1223 1220 1222
f 1224 1222 1225
f 1224 1223 1222
f 1226 1225 1227
f 1226 1224 1225
f 1228 1227 1229
f 1228 1229 1230
f 1228 1226 1227
f 1231 1228 1230
f 1232 1230 1233
f 1232 1231 1230
f 1234 1233 1235
f 1234 1232 1233
f 1236 1235 1237
f 1236 1234 1235
f 1238 1237 1239
f 1238 1236 1237
f 1240 1239 1241
f 1240 1238 1239
f 1242 1241 1243
f 1242 1240 1241
f 1244 1243 1245
f 1244 1242 1243
f 1246 1245 1247
f 1246 1244 1245
f 1248 1247 1249
f 1248 1246 1247
f 1250 1249 1251
f 1250 1248 1249
f 1252 1251 1253
f 1252 1250 1251
f 1254 1252 1253
f 1254 1253 1255
f 1256 1254 1255
f 1256 1255 1257
f 1155 1256 1257
f 1155 1257 1154
f 1258 1259 1157
f 1159 1258 1157
f 1258 1260 1259
f 1258 1261 1260
f 1262 1263 1264
f 1262 1265 1263
f 1266 1264 1267
f 1266 1262 1264
f 1268 1267 1269
f 1268 1266 1267
f 1270 1269 1271
f 1270 1271 1272
f 1270 1268 1269
f 1273 1270 1272
f 1274 1272 1275
f 1274 1273 1272
f 1276 1275 1277
f 1276 1274 1275
f 1278 1277 1279
f 1278 1279 1280
f 1278 1276 1277
f 1281 1278 1280
f 1282 1280 1283
f 1282 1281 1280
f 1284 1283 1285
f 1284 1282 1283
f 1286 1285 1287
f 1286 1284 1285
f 1288 1287 1289
f 1288 1286 1287
f 1290 1289 1291
f 1290 1291 1292
f 1290 1288 1289
f 1293 1290 1292
f 1294 1292 1295
f 1294 1293 1292
f 1296 1295 1297
f 1296 1294 1295
f 1298 1297 1299
f 1298 1296 1297
f 1300 1299 1301
f 1300 1301 1302
f 1300 1298 1299
f 1303 1300 1302
f 1304 1302 1305
f 1304 1303 1302
f 1306 1305 1307
f 1306 1307 1308
f 1306 1304 1305
f 1309 1306 1308
f 1310 1309 1308
f 1310 1308 1311
f 1312 1310 1311
f 1312 1311 1313
f 1314 1312 1313
f 1314 1313 1315
f 1314 1315 1316
f 1317 1314 1316
f 1318 1317 1316
f 1318 1316 1319
f 1318 1319 1320
f 1321 1318 1320
f 1321 1320 1322
f 1323 1321 1322
f 1324 1323 1322
f 1324 1322 1325
f 1326 1325 1327
f 1326 1324 1325
f 1328 1327 1329
f 1328 1329 1330
f 1328 1326 1327
f 1331 1328 1330
f 1332 1330 1333
f 1332 1333 1334
f 1332 1331 1330
f 1335 1332 1334
f 1336 1334 1337
f 1336 1337 1338
f 1336 1335 1334
f 1339 1336 1338
f 1340 1338 1341
f 1340 1339 1338
f 1342 1341 1343
f 1342 1343 1344
f 1342 1340 1341
f 1345 1342 1344
f 1346 1344 1347
f 1346 1345 1344
f 1348 1347 1349
f 1348 1346 1347
f 1350 1349 1351
f 1350 1348 1349
f 1352 1351 1353
f 1352 1350 1351
f 1354 1353 1355
f 1354 1352 1353
f 1356 1355 1357
f 1356 1357 1358
f 1356 1354 1355
f 1359 1356 1358
f 1359 1358 1360
f 1361 1359 1360
f 1362 1361 1360
f 1362 1360 1363
f 1362 1363 1260
f 1261 1362 1260
f 1265 1364 1263
f 1265 1365 1364
f 1365 1366 1364
f 1365 1367 1366
f 1368 1369 1370
f 1368 1371 1369
f 1372 1370 1373
f 1372 1368 1370
f 1374 1373 1375
f 1374 1372 1373
f 1376 1375 1377
f 1376 1377 1378
f 1376 1374 1375
f 1379 1376 1378
f 1380 1378 1381
f 1380 1379 1378
f 1382 1381 1383
f 1382 1380 1381
f 1384 1383 1385
f 1384 1382 1383
f 1386 1385 1387
f 1386 1384 1385
f 1388 1387 1389
f 1388 1386 1387
f 1390 1389 1391
f 1390 1388 1389
f 1392 1391 1393
f 1392 1390 1391
f 1394 1393 1395
f 1394 1392 1393
f 1396 1395 1397
f 1396 1394 1395
f 1398 1397 1399
f 1398 1396 1397
f 1400 1399 1401
f 1400 1398 1399
f 1402 1401 1403
f 1402 1400 1401
f 1404 1403 1405
f 1404 1402 1403
f 1406 1405 1407
f 1406 1404 1405
f 1408 1407 1409
f 1408 1409 1410
f 1408 1406 1407
f 1411 1408 1410
f 1412 1410 1413
f 1412 1411 1410
f 1414 1413 1415
f 1414 1415 1416
f 1414 1412 1413
f 1417 1414 1416
f 1418 1417 1416
f 1418 1416 1419
f 1420 1418 1419
f 1420 1419 1421
f 1420 1421 1422
f 1423 1420 1422
f 1424 1423 1422
f 1424 1422 1425
f 1424 1425 1426
f 1427 1424 1426
f 1427 1426 1428
f 1429 1427 1428
f 1430 1429 1428
f 1430 1428 1431
f 1432 1431 1433
f 1432 1433 1434
f 1432 1430 1431
f 1435 1432 1434
f 1436 1434 1437
f 1436 1437 1438
f 1436 1435 1434
f 1439 1438 1440
f 1439 1436 1438
f 1441 1439 1440
f 1442 1440 1443
f 1442 1441 1440
f 1444 1443 1445
f 1444 1445 1446
f 1444 1442 1443
f 1447 1444 1446
f 1448 1446 1449
f 1448 1447 1446
f 1450 1449 1451
f 1450 1451 1452
f 1450 1448 1449
f 1453 1450 1452
f 1454 1452 1455
f 1454 1453 1452
f 1456 1455 1457
f 1456 1454 1455
f 1458 1457 1459
f 1458 1456 1457
f 1460 1459 1461
f 1460 1458 1459
f 1462 1461 1463
f 1462 1460 1461
f 1464 1463 1465
f 1464 1462 1463
f 1466 1464 1465
f 1466 1465 1467
f 1466 1467 1468
f 1469 1466 1468
f 1367 1469 1468
f 1367 1468 1366
f 1371 1470 1369
f 1371 1471 1470
f 1471 1472 1470
f 1471 1473 1472
f 1474 1475 1476
f 1474 1477 1475
f 1478 1476 1479
f 1478 1479 1480
f 1478 1474 1476
f 1481 1478 1480
f 1482 1480 1483
f 1482 1481 1480
f 1484 1483 1485
f 1484 1482 1483
f 1486 1485 1487
f 1486 1487 1488
f 1486 1484 1485
f 1489 1486 1488
f 1490 1488 1491
f 1490 1491 1492
f 1490 1489 1488
f 1493 1490 1492
f 1494 1492 1495
f 1494 1493 1492
f 1496 1495 1497
f 1496 1497 1498
f 1496 1494 1495
f 1499 1498 1500
f 1499 1496 1498
f 1501 1499 1500
f 1502 1500 1503
f 1502 1501 1500
f 1504 1503 1505
f 1504 1502 1503
f 1506 1505 1507
f 1506 1504 1505
f 1508 1507 1509
f 1508 1506 1507
f 1510 1509 1511
f 1510 1508 1509
f 1512 1511 1513
f 1512 1510 1511
f 1514 1513 1515
f 1514 1512 1513
f 1516 1515 1517
f 1516 1514 1515
f 1518 1517 1519
f 1518 1519 1520
f 1518 1516 1517
f 1521 1518 1520
f 1522 1521 1520
f 1522 1520 1523
f 1524 1522 1523
f 1524 1523 1525
f 1526 1524 1525
f 1526 1525 1527
f 1526 1527 1528
f 1529 1526 1528
f 1530 1529 1528
f 1530 1528 1531
f 1530 1531 1532
f 1533 1530 1532
f 1534 1533 1532
f 1534 1532 1535
f 1536 1534 1535
f 1536 1535 1537
f 1536 1537 1538
f 1539 1536 1538
f 1540 1538 1541
f 1540 1541 1542
f 1540 1539 1538
f 1543 1540 1542
f 1544 1542 1545
f 1544 1543 1542
f 1546 1545 1547
f 1546 1544 1545
f 1548 1547 1549
f 1548 1549 1550
f 1548 1546 1547
f 1551 1548 1550
f 1552 1550 1553
f 1552 1551 1550
f 1554 1553 1555
f 1554 1552 1553
f 1556 1555 1557
f 1556 1554 1555
f 1558 1557 1559
f 1558 1556 1557
f 1560 1559 1561
f 1560 1558 1559
f 1562 1561 1563
f 1562 1563 1564
f 1562 1560 1561
f 1565 1562 1564
f 1566 1564 1567
f 1566 1565 1564
f 1568 1567 1569
f 1568 1566 1567
f 1570 1569 1571
f 1570 1571 1572
f 1570 1568 1569
f 1573 1570 1572
f 1574 1573 1572
f 1574 1572 1575
f 1574 1575 1472
f 1473 1574 1472
f 1477 1576 1475
f 1477 1577 1576
f 1577 1151 1576
f 1577 1150 1151
f 1091 1092 1094
f 1100 1094 1096
f 1100 1096 1098
f 1100 1091 1094
f 1106 1100 1102
f 1106 1102 1104
f 1078 1081 1082
f 1078 1082 1085
f 1074 1077 1078
f 1072 1078 1085
f 1072 1074 1078
f 1067 1072 1085
f 1067 1068 1070
f 1067 1070 1072
f 1067 1085 1086
f 1067 1086 1088
f 1067 1088 1091
f 1064 1067 1091
f 1122 1118 1120
f 1124 1118 1122
f 1124 1108 1110
f 1124 1110 1112
f 1124 1112 1114
f 1124 1114 1117
f 1124 1117 1118
f 1060 1062 1064
f 1056 1058 1060
f 1056 1060 1064
f 1131 1108 1124
f 1131 1106 1108
f 1131 1124 1126
f 1131 1126 1128
f 1052 1064 1091
f 1052 1054 1056
f 1052 1056 1064
f 1136 1132 1135
f 1048 1052 1091
f 1048 1051 1052
f 1048 1106 1131
f 1048 1091 1100
f 1048 1100 1106
f 1140 1132 1136
f 1140 1136 1138
f 1142 1048 1131
f 1142 1131 1132
f 1142 1132 1140
f 1147 1142 1144
f 1148 1048 1142
f 1148 1142 1147
f 1150 1048 1148
f 1256 1248 1250
f 1256 1250 1252
f 1256 1252 1254
f 1242 1244 1246
f 1238 1240 1242
f 1238 1246 1248
f 1238 1242 1246
f 1234 1236 1238
f 1234 1248 1256
f 1234 1238 1248
f 1232 1234 1256
f 1231 1232 1256
f 1228 1231 1256
f 1224 1228 1256
f 1224 1226 1228
f 1220 1223 1224
f 1216 1224 1256
f 1216 1220 1224
f 1216 1218 1220
f 1212 1215 1216
f 1209 1211 1212
f 1206 1209 1212
f 1204 1216 1256
f 1204 1212 1216
f 1204 1206 1212
f 1200 1204 1256
f 1200 1202 1204
f 1194 1196 1199
f 1194 1199 1200
f 1186 1189 1190
f 1185 1186 1190
f 1185 1190 1192
f 1183 1185 1192
f 1180 1194 1200
f 1180 1183 1192
f 1180 1192 1194
f 1177 1180 1200
f 1177 1178 1180
f 1174 1177 1200
f 1172 1174 1200
f 1577 1153 1048
f 1577 1048 1150
f 1166 1172 1200
f 1166 1168 1171
f 1166 1171 1172
f 1162 1165 1166
f 1162 1166 1200
f 1160 1162 1200
f 1160 1200 1256
f 1159 1256 1155
f 1159 1155 1153
f 1159 1156 1160
f 1159 1160 1256
f 1481 1474 1478
f 1484 1481 1482
f 1486 1481 1484
f 1490 1486 1489
f 1493 1486 1490
f 1493 1474 1481
f 1493 1481 1486
f 1494 1474 1493
f 1501 1494 1496
f 1501 1496 1499
f 1501 1474 1494
f 1506 1501 1502
f 1506 1502 1504
f 1510 1501 1506
f 1510 1506 1508
f 1514 1510 1512
f 1516 1510 1514
f 1518 1510 1516
f 1518 1501 1510
f 1521 1501 1518
f 1521 1477 1474
f 1521 1474 1501
f 1522 1477 1521
f 1524 1477 1522
f 1529 1524 1526
f 1534 1530 1533
f 1536 1530 1534
f 1539 1524 1529
f 1539 1530 1536
f 1539 1529 1530
f 1544 1477 1524
f 1544 1539 1540
f 1544 1524 1539
f 1544 1540 1543
f 1546 1477 1544
f 1548 1477 1546
f 1551 1477 1548
f 1556 1551 1552
f 1556 1552 1554
f 1556 1477 1551
f 1560 1556 1558
f 1560 1477 1556
f 1565 1560 1562
f 1570 1566 1568
f 1573 1565 1566
f 1573 1566 1570
f 1574 1477 1560
f 1574 1560 1565
f 1574 1565 1573
f 1473 1477 1574
f 1258 1159 1153
f 1258 1153 1577
f 1471 1577 1477
f 1471 1477 1473
f 1365 1258 1577
f 1365 1577 1471
f 1261 1258 1365
f 1361 1362 1261
f 1359 1361 1261
f 1356 1359 1261
f 1354 1356 1261
f 1352 1354 1261
f 1350 1352 1261
f 1348 1350 1261
f 1346 1348 1261
f 1345 1346 1261
f 1342 1345 1261
f 1340 1342 1261
f 1339 1340 1261
f 1335 1339 1261
f 1335 1336 1339
f 1332 1335 1261
f 1331 1332 1261
f 1326 1331 1261
f 1326 1328 1331
f 1324 1326 1261
f 1323 1324 1261
f 1321 1323 1261
f 1317 1321 1261
f 1317 1318 1321
f 1314 1317 1261
f 1310 1312 1314
f 1309 1314 1261
f 1309 1310 1314
f 1304 1306 1309
f 1304 1309 1261
f 1303 1304 1261
f 1265 1261 1365
f 1300 1303 1261
f 1298 1300 1261
f 1266 1265 1262
f 1266 1261 1265
f 1296 1298 1261
f 1268 1261 1266
f 1294 1296 1261
f 1270 1261 1268
f 1293 1294 1261
f 1273 1261 1270
f 1290 1293 1261
f 1288 1290 1261
f 1276 1273 1274
f 1276 1261 1273
f 1278 1261 1276
f 1284 1286 1288
f 1284 1288 1261
f 1281 1261 1278
f 1282 1284 1261
f 1282 1261 1281
f 1374 1368 1372
f 1376 1368 1374
f 1380 1371 1368
f 1380 1376 1379
f 1380 1368 1376
f 1382 1371 1380
f 1384 1371 1382
f 1388 1371 1384
f 1388 1384 1386
f 1392 1371 1388
f 1392 1388 1390
f 1394 1371 1392
f 1404 1400 1402
f 1367 1471 1371
f 1367 1365 1471
f 1408 1400 1404
f 1408 1398 1400
f 1408 1404 1406
f 1466 1469 1367
f 1412 1408 1411
f 1414 1464 1466
f 1414 1367 1371
f 1414 1371 1394
f 1414 1408 1412
f 1414 1398 1408
f 1414 1466 1367
f 1414 1394 1396
f 1414 1396 1398
f 1418 1414 1417
f 1458 1460 1462
f 1456 1462 1464
f 1456 1458 1462
f 1423 1414 1418
f 1423 1418 1420
f 1453 1456 1464
f 1453 1454 1456
f 1429 1423 1424
f 1429 1424 1427
f 1448 1464 1414
f 1448 1414 1423
f 1448 1423 1429
f 1448 1453 1464
f 1448 1450 1453
f 1432 1429 1430
f 1436 1429 1432
f 1436 1432 1435
f 1439 1448 1429
f 1439 1429 1436
f 1439 1441 1442
f 1439 1442 1444
f 1439 1444 1447
f 1439 1447 1448
f 1093 1090 1095
f 1095 1101 1097
f 1097 1101 1099
f 1090 1101 1095
f 1101 1107 1103
f 1103 1107 1105
f 1080 1079 1083
f 1083 1079 1084
f 1076 1075 1079
f 1079 1073 1084
f 1075 1073 1079
f 1073 1066 1084
f 1069 1066 1071
f 1071 1066 1073
f 1084 1066 1087
f 1087 1066 1089
f 1089 1066 1090
f 1066 1065 1090
f 1119 1123 1121
f 1119 1125 1123
f 1109 1125 1111
f 1111 1125 1113
f 1113 1125 1115
f 1115 1125 1116
f 1116 1125 1119
f 1063 1061 1065
f 1059 1057 1061
f 1061 1057 1065
f 1109 1130 1125
f 1107 1130 1109
f 1125 1130 1127
f 1127 1130 1129
f 1065 1053 1090
f 1055 1053 1057
f 1057 1053 1065
f 1133 1137 1134
f 1053 1049 1090
f 1050 1049 1053
f 1107 1049 1130
f 1090 1049 1101
f 1101 1049 1107
f 1133 1141 1137
f 1137 1141 1139
f 1049 1143 1130
f 1130 1143 1133
f 1133 1143 1141
f 1143 1146 1145
f 1049 1149 1143
f 1143 1149 1146
f 1049 1151 1149
f 1249 1257 1251
f 1251 1257 1253
f 1253 1257 1255
f 1245 1243 1247
f 1241 1239 1243
f 1247 1239 1249
f 1243 1239 1247
f 1249 1235 1257
f 1239 1235 1249
f 1237 1235 1239
f 1235 1233 1257
f 1233 1230 1257
f 1230 1229 1257
f 1229 1225 1257
f 1227 1225 1229
f 1222 1221 1225
f 1225 1217 1257
f 1221 1217 1225
f 1219 1217 1221
f 1214 1213 1217
f 1210 1208 1213
f 1208 1207 1213
f 1217 1205 1257
f 1213 1205 1217
f 1207 1205 1213
f 1205 1201 1257
f 1203 1201 1205
f 1197 1195 1198
f 1198 1195 1201
f 1188 1187 1191
f 1187 1184 1191
f 1191 1184 1193
f 1184 1182 1193
f 1195 1181 1201
f 1182 1181 1193
f 1193 1181 1195
f 1181 1176 1201
f 1179 1176 1181
f 1176 1175 1201
f 1175 1173 1201
f 1152 1576 1049
f 1049 1576 1151
f 1173 1167 1201
f 1169 1167 1170
f 1170 1167 1173
f 1164 1163 1167
f 1167 1163 1201
f 1163 1161 1201
f 1201 1161 1257
f 1257 1157 1154
f 1154 1157 1152
f 1158 1157 1161
f 1161 1157 1257
f 1476 1480 1479
f 1480 1485 1483
f 1480 1487 1485
f 1487 1491 1488
f 1487 1492 1491
f 1476 1492 1480
f 1480 1492 1487
f 1476 1495 1492
f 1495 1500 1497
f 1497 1500 1498
f 1476 1500 1495
f 1500 1507 1503
f 1503 1507 1505
f 1500 1511 1507
f 1507 1511 1509
f 1511 1515 1513
f 1511 1517 1515
f 1500 1519 1511
f 1511 1519 1517
f 1475 1520 1476
f 1500 1520 1519
f 1476 1520 1500
f 1475 1523 1520
f 1475 1525 1523
f 1525 1528 1527
f 1531 1535 1532
f 1531 1537 1535
f 1525 1538 1528
f 1528 1538 1531
f 1531 1538 1537
f 1475 1545 1525
f 1538 1545 1541
f 1541 1545 1542
f 1525 1545 1538
f 1475 1547 1545
f 1475 1549 1547
f 1475 1550 1549
f 1550 1557 1553
f 1553 1557 1555
f 1475 1557 1550
f 1557 1561 1559
f 1475 1561 1557
f 1561 1564 1563
f 1567 1571 1569
f 1564 1572 1567
f 1567 1572 1571
f 1475 1575 1561
f 1561 1575 1564
f 1564 1575 1572
f 1475 1472 1575
f 1157 1259 1152
f 1152 1259 1576
f 1576 1470 1475
f 1475 1470 1472
f 1259 1364 1576
f 1576 1364 1470
f 1259 1260 1364
f 1363 1360 1260
f 1360 1358 1260
f 1358 1357 1260
f 1357 1355 1260
f 1355 1353 1260
f 1353 1351 1260
f 1351 1349 1260
f 1349 1347 1260
f 1347 1344 1260
f 1344 1343 1260
f 1343 1341 1260
f 1341 1338 1260
f 1338 1334 1260
f 1337 1334 1338
f 1334 1333 1260
f 1333 1330 1260
f 1330 1327 1260
f 1329 1327 1330
f 1327 1325 1260
f 1325 1322 1260
f 1322 1320 1260
f 1320 1316 1260
f 1319 1316 1320
f 1316 1315 1260
f 1313 1311 1315
f 1315 1308 1260
f 1311 1308 1315
f 1307 1305 1308
f 1308 1305 1260
f 1305 1302 1260
f 1260 1263 1364
f 1302 1301 1260
f 1301 1299 1260
f 1263 1267 1264
f 1260 1267 1263
f 1299 1297 1260
f 1260 1269 1267
f 1297 1295 1260
f 1260 1271 1269
f 1295 1292 1260
f 1260 1272 1271
f 1292 1291 1260
f 1291 1289 1260
f 1272 1277 1275
f 1260 1277 1272
f 1260 1279 1277
f 1287 1285 1289
f 1289 1285 1260
f 1260 1280 1279
f 1285 1283 1260
f 1260 1283 1280
f 1370 1375 1373
f 1370 1377 1375
f 1369 1381 1370
f 1377 1381 1378
f 1370 1381 1377
f 1369 1383 1381
f 1369 1385 1383
f 1369 1389 1385
f 1385 1389 1387
f 1369 1393 1389
f 1389 1393 1391
f 1369 1395 1393
f 1401 1405 1403
f 1470 1366 1369
f 1364 1366 1470
f 1401 1409 1405
f 1399 1409 1401
f 1405 1409 1407
f 1468 1467 1366
f 1409 1413 1410
f 1465 1415 1467
f 1369 1415 1395
f 1366 1415 1369
f 1399 1415 1409
f 1467 1415 1366
f 1409 1415 1413
f 1395 1415 1397
f 1397 1415 1399
f 1415 1419 1416
f 1461 1459 1463
f 1463 1457 1465
f 1459 1457 1463
f 1415 1422 1419
f 1419 1422 1421
f 1457 1452 1465
f 1455 1452 1457
f 1422 1428 1425
f 1425 1428 1426
f 1465 1449 1415
f 1415 1449 1422
f 1422 1449 1428
f 1452 1449 1465
f 1451 1449 1452
f 1428 1433 1431
f 1428 1437 1433
f 1433 1437 1434
f 1449 1438 1428
f 1428 1438 1437
f 1440 1438 1443
f 1443 1438 1445
f 1445 1438 1446
f 1446 1438 1449
f 1578 1579 1580
f 1578 1581 1579
f 1582 1583 1584
f 1582 1585 1583
f 1586 1584 1587
f 1586 1587 1588
f 1586 1582 1584
f 1589 1586 1588
f 1590 1588 1591
f 1590 1591 1592
f 1590 1589 1588
f 1593 1590 1592
f 1594 1592 1595
f 1594 1593 1592
f 1596 1595 1597
f 1596 1594 1595
f 1598 1597 1599
f 1598 1596 1597
f 1600 1599 1601
f 1600 1598 1599
f 1602 1601 1603
f 1602 1603 1604
f 1602 1600 1601
f 1605 1602 1604
f 1606 1604 1607
f 1606 1605 1604
f 1608 1606 1607
f 1608 1607 1609
f 1610 1608 1609
f 1610 1609 1611
f 1612 1610 1611
f 1612 1611 1613
f 1612 1613 1614
f 1615 1612 1614
f 1616 1615 1614
f 1616 1614 1617
f 1618 1617 1619
f 1618 1616 1617
f 1620 1619 1621
f 1620 1618 1619
f 1622 1621 1623
f 1622 1620 1621
f 1581 1623 1579
f 1581 1622 1623
f 1585 1624 1583
f 1585 1625 1624
f 1626 1627 1628
f 1626 1629 1627
f 1630 1628 1631
f 1630 1626 1628
f 1632 1631 1633
f 1632 1630 1631
f 1634 1633 1635
f 1634 1635 1636
f 1634 1632 1633
f 1637 1634 1636
f 1638 1636 1639
f 1638 1637 1636
f 1640 1639 1641
f 1640 1638 1639
f 1642 1641 1643
f 1642 1640 1641
f 1644 1643 1645
f 1644 1645 1646
f 1644 1642 1643
f 1647 1644 1646
f 1648 1646 1649
f 1648 1647 1646
f 1650 1649 1651
f 1650 1648 1649
f 1652 1650 1651
f 1652 1651 1653
f 1654 1652 1653
f 1654 1653 1655
f 1654 1655 1656
f 1657 1654 1656
f 1658 1657 1656
f 1658 1656 1659
f 1660 1658 1659
f 1660 1659 1661
f 1662 1661 1663
f 1662 1660 1661
f 1664 1663 1665
f 1664 1662 1663
f 1666 1665 1667
f 1666 1664 1665
f 1625 1667 1624
f 1625 1666 1667
f 1629 1668 1627
f 1629 1669 1668
f 1670 1671 1672
f 1673 1672 1674
f 1673 1670 1672
f 1675 1673 1674
f 1676 1674 1677
f 1676 1677 1678
f 1676 1675 1674
f 1679 1676 1678
f 1680 1678 1681
f 1680 1681 1682
f 1680 1679 1678
f 1683 1680 1682
f 1684 1682 1685
f 1684 1683 1682
f 1686 1685 1687
f 1686 1687 1688
f 1686 1684 1685
f 1689 1686 1688
f 1690 1688 1691
f 1690 1689 1688
f 1692 1691 1693
f 1692 1690 1691
f 1694 1693 1695
f 1694 1692 1693
f 1696 1694 1695
f 1696 1695 1697
f 1696 1697 1698
f 1699 1696 1698
f 1699 1698 1700
f 1701 1699 1700
f 1702 1701 1700
f 1702 1700 1703
f 1704 1702 1703
f 1704 1703 1705
f 1706 1705 1707
f 1706 1704 1705
f 1706 1707 1708
f 1709 1706 1708
f 1710 1708 1711
f 1710 1709 1708
f 1669 1710 1711
f 1669 1711 1668
f 1670 1712 1671
f 1670 1713 1712
f 1714 1715 1716
f 1714 1717 1715
f 1718 1716 1719
f 1718 1714 1716
f 1720 1719 1721
f 1720 1718 1719
f 1722 1721 1723
f 1722 1720 1721
f 1724 1723 1725
f 1724 1722 1723
f 1726 1725 1727
f 1726 1727 1728
f 1726 1724 1725
f 1729 1726 1728
f 1730 1728 1731
f 1730 1729 1728
f 1732 1731 1733
f 1732 1733 1734
f 1732 1730 1731
f 1735 1732 1734
f 1736 1734 1737
f 1736 1735 1734
f 1738 1737 1739
f 1738 1739 1740
f 1738 1736 1737
f 1741 1738 1740
f 1741 1740 1742
f 1743 1741 1742
f 1744 1743 1742
f 1744 1742 1745
f 1746 1744 1745
f 1746 1745 1747
f 1746 1747 1748
f 1749 1746 1748
f 1750 1748 1751
f 1750 1749 1748
f 1752 1751 1753
f 1752 1750 1751
f 1754 1753 1755
f 1754 1755 1712
f 1754 1752 1753
f 1713 1754 1712
f 1717 1756 1715
f 1717 1757 1756
f 1758 1759 1760
f 1758 1761 1759
f 1762 1760 1763
f 1762 1758 1760
f 1764 1763 1765
f 1764 1762 1763
f 1766 1765 1767
f 1766 1767 1768
f 1766 1764 1765
f 1769 1766 1768
f 1770 1768 1771
f 1770 1769 1768
f 1772 1771 1773
f 1772 1770 1771
f 1774 1773 1775
f 1774 1772 1773
f 1776 1775 1777
f 1776 1777 1778
f 1776 1774 1775
f 1779 1776 1778
f 1780 1778 1781
f 1780 1779 1778
f 1782 1781 1783
f 1782 1780 1781
f 1784 1782 1783
f 1784 1783 1785
f 1786 1784 1785
f 1786 1785 1787
f 1786 1787 1788
f 1789 1786 1788
f 1790 1789 1788
f 1790 1788 1791
f 1792 1790 1791
f 1792 1791 1793
f 1794 1793 1795
f 1794 1792 1793
f 1796 1795 1797
f 1796 1794 1795
f 1798 1797 1799
f 1798 1796 1797
f 1757 1799 1756
f 1757 1798 1799
f 1761 1800 1759
f 1761 1801 1800
f 1802 1580 1803
f 1802 1578 1580
f 1804 1803 1805
f 1804 1805 1806
f 1804 1802 1803
f 1807 1804 1806
f 1808 1806 1809
f 1808 1809 1810
f 1808 1807 1806
f 1811 1808 1810
f 1812 1810 1813
f 1812 1813 1814
f 1812 1811 1810
f 1815 1812 1814
f 1816 1814 1817
f 1816 1817 1818
f 1816 1815 1814
f 1819 1816 1818
f 1820 1818 1821
f 1820 1819 1818
f 1822 1821 1823
f 1822 1820 1821
f 1824 1823 1825
f 1824 1825 1826
f 1824 1822 1823
f 1827 1824 1826
f 1827 1826 1828
f 1829 1827 1828
f 1829 1828 1830
f 1831 1829 1830
f 1832 1831 1830
f 1832 1830 1833
f 1834 1832 1833
f 1834 1833 1835
f 1834 1835 1836
f 1837 1834 1836
f 1838 1836 1839
f 1838 1837 1836
f 1840 1839 1841
f 1840 1841 1800
f 1840 1838 1839
f 1801 1840 1800
f 1713 1736 1738
f 1713 1738 1741
f 1713 1741 1743
f 1713 1743 1744
f 1713 1744 1746
f 1713 1746 1749
f 1713 1749 1750
f 1713 1750 1752
f 1713 1752 1754
f 1735 1736 1713
f 1732 1735 1713
f 1730 1732 1713
f 1729 1730 1713
f 1726 1729 1713
f 1724 1726 1713
f 1722 1724 1713
f 1720 1722 1713
f 1718 1720 1713
f 1714 1718 1713
f 1717 1714 1713
f 1675 1670 1673
f 1676 1670 1675
f 1679 1670 1676
f 1684 1679 1680
f 1684 1680 1683
f 1684 1670 1679
f 1689 1684 1686
f 1690 1684 1689
f 1692 1684 1690
f 1699 1692 1694
f 1699 1694 1696
f 1699 1684 1692
f 1702 1699 1701
f 1706 1699 1702
f 1706 1702 1704
f 1709 1684 1699
f 1709 1699 1706
f 1709 1670 1684
f 1710 1670 1709
f 1669 1670 1710
f 1757 1717 1713
f 1794 1796 1798
f 1794 1798 1757
f 1790 1792 1794
f 1789 1790 1794
f 1784 1794 1757
f 1784 1789 1794
f 1784 1786 1789
f 1782 1784 1757
f 1776 1779 1780
f 1776 1780 1782
f 1774 1776 1782
f 1772 1774 1782
f 1770 1772 1782
f 1764 1766 1769
f 1764 1769 1770
f 1764 1770 1782
f 1762 1764 1782
f 1758 1762 1782
f 1761 1782 1757
f 1761 1758 1782
f 1629 1670 1669
f 1632 1626 1630
f 1637 1626 1632
f 1637 1629 1626
f 1637 1632 1634
f 1638 1629 1637
f 1642 1629 1638
f 1642 1638 1640
f 1644 1629 1642
f 1652 1644 1647
f 1652 1647 1648
f 1652 1648 1650
f 1654 1644 1652
f 1658 1654 1657
f 1658 1644 1654
f 1660 1629 1644
f 1660 1644 1658
f 1662 1629 1660
f 1625 1662 1664
f 1625 1664 1666
f 1625 1629 1662
f 1578 1802 1804
f 1578 1804 1807
f 1578 1807 1808
f 1578 1808 1811
f 1578 1811 1812
f 1578 1812 1815
f 1578 1815 1816
f 1578 1629 1625
f 1578 1816 1819
f 1578 1819 1820
f 1578 1820 1822
f 1578 1822 1824
f 1578 1824 1827
f 1578 1827 1829
f 1578 1829 1831
f 1578 1831 1832
f 1578 1832 1834
f 1578 1834 1837
f 1578 1837 1838
f 1578 1838 1840
f 1578 1761 1757
f 1578 1840 1801
f 1578 1801 1761
f 1578 1757 1713
f 1578 1670 1629
f 1578 1713 1670
f 1581 1625 1585
f 1581 1585 1582
f 1581 1582 1586
f 1581 1586 1589
f 1581 1589 1590
f 1581 1590 1593
f 1581 1593 1594
f 1581 1594 1596
f 1581 1596 1598
f 1581 1598 1600
f 1581 1600 1602
f 1581 1578 1625
f 1605 1581 1602
f 1606 1581 1605
f 1620 1622 1581
f 1608 1581 1606
f 1618 1620 1581
f 1610 1581 1608
f 1616 1618 1581
f 1612 1581 1610
f 1615 1616 1581
f 1615 1581 1612
f 1737 1712 1739
f 1739 1712 1740
f 1740 1712 1742
f 1742 1712 1745
f 1745 1712 1747
f 1747 1712 1748
f 1748 1712 1751
f 1751 1712 1753
f 1753 1712 1755
f 1737 1734 1712
f 1734 1733 1712
f 1733 1731 1712
f 1731 1728 1712
f 1728 1727 1712
f 1727 1725 1712
f 1725 1723 1712
f 1723 1721 1712
f 1721 1719 1712
f 1719 1716 1712
f 1716 1715 1712
f 1671 1674 1672
f 1671 1677 1674
f 1671 1678 1677
f 1678 1685 1681
f 1681 1685 1682
f 1671 1685 1678
f 1685 1688 1687
f 1685 1691 1688
f 1685 1693 1691
f 1693 1698 1695
f 1695 1698 1697
f 1685 1698 1693
f 1698 1703 1700
f 1698 1707 1703
f 1703 1707 1705
f 1685 1708 1698
f 1698 1708 1707
f 1671 1708 1685
f 1671 1711 1708
f 1671 1668 1711
f 1715 1756 1712
f 1797 1795 1799
f 1799 1795 1756
f 1793 1791 1795
f 1791 1788 1795
f 1787 1785 1788
f 1795 1785 1756
f 1788 1785 1795
f 1785 1783 1756
f 1778 1777 1781
f 1781 1777 1783
f 1777 1775 1783
f 1775 1773 1783
f 1773 1771 1783
f 1767 1765 1768
f 1768 1765 1771
f 1771 1765 1783
f 1765 1763 1783
f 1763 1760 1783
f 1756 1759 1712
f 1783 1759 1756
f 1760 1759 1783
f 1671 1627 1668
f 1712 1627 1671
f 1628 1633 1631
f 1627 1636 1628
f 1633 1636 1635
f 1628 1636 1633
f 1627 1639 1636
f 1639 1643 1641
f 1627 1643 1639
f 1627 1645 1643
f 1645 1653 1646
f 1646 1653 1649
f 1649 1653 1651
f 1645 1655 1653
f 1655 1659 1656
f 1645 1659 1655
f 1627 1661 1645
f 1645 1661 1659
f 1627 1663 1661
f 1663 1624 1665
f 1665 1624 1667
f 1627 1624 1663
f 1841 1839 1800
f 1839 1833 1800
f 1835 1833 1836
f 1836 1833 1839
f 1833 1830 1800
f 1828 1826 1830
f 1826 1825 1830
f 1821 1818 1823
f 1823 1817 1825
f 1825 1817 1830
f 1818 1817 1823
f 1830 1814 1800
f 1817 1814 1830
f 1813 1810 1814
f 1809 1806 1810
f 1814 1806 1800
f 1810 1806 1814
f 1803 1580 1805
f 1805 1580 1806
f 1806 1580 1800
f 1800 1579 1759
f 1627 1579 1624
f 1759 1579 1712
f 1580 1579 1800
f 1712 1579 1627
f 1624 1579 1583
f 1583 1579 1584
f 1584 1579 1587
f 1587 1579 1588
f 1588 1579 1591
f 1591 1579 1592
f 1592 1579 1595
f 1595 1579 1597
f 1597 1579 1599
f 1599 1579 1601
f 1601 1579 1603
f 1579 1604 1603
f 1579 1607 1604
f 1623 1621 1579
f 1579 1609 1607
f 1621 1619 1579
f 1579 1611 1609
f 1619 1617 1579
f 1579 1613 1611
f 1617 1614 1579
f 1579 1614 1613
f 1842 1843 1844
f 1842 1844 1845
f 1846 1845 1847
f 1846 1842 1845
f 1848 1847 1849
f 1848 1849 1850
f 1848 1846 1847
f 1851 1848 1850
f 1852 1850 1853
f 1852 1851 1850
f 1854 1853 1855
f 1854 1855 1856
f 1854 1852 1853
f 1857 1854 1856
f 1858 1856 1859
f 1858 1857 1856
f 1860 1859 1861
f 1860 1858 1859
f 1862 1861 1863
f 1862 1860 1861
f 1864 1862 1863
f 1864 1863 1865
f 1866 1864 1865
f 1866 1865 1867
f 1866 1867 1868
f 1869 1866 1868
f 1869 1868 1870
f 1871 1869 1870
f 1871 1870 1872
f 1873 1871 1872
f 1874 1873 1872
f 1874 1872 1875
f 1876 1874 1875
f 1876 1875 1877
f 1876 1877 1878
f 1879 1876 1878
f 1879 1878 1880
f 1881 1879 1880
f 1882 1881 1880
f 1882 1880 1883
f 1884 1882 1883
f 1884 1883 1885
f 1884 1885 1886
f 1887 1884 1886
f 1888 1886 1889
f 1888 1887 1886
f 1890 1889 1891
f 1890 1888 1889
f 1890 1891 1892
f 1893 1890 1892
f 1894 1892 1895
f 1894 1893 1892
f 1896 1895 1897
f 1896 1894 1895
f 1898 1897 1899
f 1898 1896 1897
f 1900 1899 1901
f 1900 1898 1899
f 1902 1901 1903
f 1902 1900 1901
f 1904 1903 1905
f 1904 1905 1906
f 1904 1902 1903
f 1907 1906 1908
f 1907 1904 1906
f 1909 1907 1908
f 1910 1908 1911
f 1910 1911 1912
f 1910 1909 1908
f 1913 1910 1912
f 1914 1913 1912
f 1914 1912 1915
f 1914 1915 1916
f 1917 1914 1916
f 1918 1916 1919
f 1918 1917 1916
f 1920 1918 1919
f 1920 1919 1921
f 1922 1920 1921
f 1922 1921 1923
f 1924 1922 1923
f 1924 1923 1925
f 1926 1924 1925
f 1926 1925 1927
f 1926 1927 1928
f 1929 1926 1928
f 1929 1928 1930
f 1931 1929 1930
f 1932 1931 1930
f 1932 1930 1933
f 1934 1932 1933
f 1934 1933 1935
f 1936 1934 1935
f 1936 1935 1937
f 1938 1936 1937
f 1938 1937 1939
f 1938 1939 1940
f 1941 1938 1940
f 1941 1940 1942
f 1943 1941 1942
f 1944 1943 1942
f 1944 1942 1945
f 1946 1944 1945
f 1946 1945 1947
f 1946 1947 1948
f 1949 1946 1948
f 1950 1949 1948
f 1950 1948 1951
f 1952 1950 1951
f 1952 1951 1953
f 1952 1953 1954
f 1955 1952 1954
f 1956 1955 1954
f 1956 1954 1957
f 1958 1957 1959
f 1958 1959 1960
f 1958 1956 1957
f 1961 1958 1960
f 1961 1960 1962
f 1963 1961 1962
f 1964 1962 1965
f 1964 1963 1962
f 1966 1964 1965
f 1966 1965 1967
f 1966 1967 1968
f 1969 1966 1968
f 1970 1969 1968
f 1970 1968 1971
f 1970 1971 1972
f 1973 1970 1972
f 1974 1973 1972
f 1974 1972 1975
f 1976 1974 1975
f 1976 1975 1977
f 1978 1976 1977
f 1978 1977 1979
f 1978 1979 1980
f 1981 1978 1980
f 1982 1981 1980
f 1982 1980 1983
f 1984 1982 1983
f 1984 1983 1985
f 1986 1984 1985
f 1986 1985 1987
f 1986 1987 1988
f 1989 1986 1988
f 1990 1989 1988
f 1990 1988 1991
f 1992 1991 1993
f 1992 1993 1994
f 1992 1990 1991
f 1995 1994 1996
f 1995 1992 1994
f 1997 1995 1996
f 1998 1996 1999
f 1998 1997 1996
f 2000 1999 2001
f 2000 1998 1999
f 2002 2001 2003
f 2002 2000 2001
f 2004 2003 2005
f 2004 2005 2006
f 2004 2002 2003
f 2007 2004 2006
f 2008 2006 2009
f 2008 2009 2010
f 2008 2007 2006
f 2011 2010 2012
f 2011 2008 2010
f 2013 2011 2012
f 2014 2012 2015
f 2014 2015 2016
f 2014 2013 2012
f 2017 2014 2016
f 2018 2017 2016
f 2018 2016 2019
f 2020 2018 2019
f 2020 2019 2021
f 2020 2021 2022
f 2023 2020 2022
f 2024 2023 2022
f 2024 2022 2025
f 2024 2025 2026
f 2027 2024 2026
f 2028 2026 2029
f 2028 2029 2030
f 2028 2027 2026
f 2031 2028 2030
f 2032 2030 2033
f 2032 2031 2030
f 2034 2033 2035
f 2034 2035 2036
f 2034 2032 2033
f 2037 2034 2036
f 2038 2036 2039
f 2038 2037 2036
f 2040 2039 2041
f 2040 2041 2042
f 2040 2038 2039
f 2043 2040 2042
f 2044 2042 2045
f 2044 2043 2042
f 2046 2045 2047
f 2046 2044 2045
f 2048 2047 2049
f 2048 2046 2047
f 2050 2049 2051
f 2050 2048 2049
f 2052 2051 2053
f 2052 2050 2051
f 2054 2053 2055
f 2054 2052 2053
f 2056 2055 2057
f 2056 2054 2055
f 2058 2057 2059
f 2058 2056 2057
f 2060 2059 2061
f 2060 2058 2059
f 2062 2061 2063
f 2062 2060 2061
f 2064 2063 2065
f 2064 2062 2063
f 2066 2065 2067
f 2066 2064 2065
f 2068 2066 2067
f 2068 2067 2069
f 2070 2068 2069
f 2070 2069 2071
f 2072 2070 2071
f 2072 2071 2073
f 2074 2072 2073
f 2074 2073 2075
f 2076 2074 2075
f 2076 2075 2077
f 2078 2076 2077
f 2078 2077 2079
f 2080 2078 2079
f 2080 2079 2081
f 2082 2080 2081
f 2082 2081 2083
f 2084 2082 2083
f 2084 2083 2085
f 2086 2084 2085
f 2086 2085 2087
f 2088 2086 2087
f 2088 2087 2089
f 2090 2088 2089
f 2090 2089 2091
f 2090 2091 2092
f 2093 2090 2092
f 1843 2092 1844
f 1843 2093 2092
f 1871 1873 1874
f 1866 1869 1871
f 1866 1871 1874
f 1864 1874 1876
f 1864 1876 1879
f 1864 1879 1881
f 1864 1866 1874
f 1860 1862 1864
f 1888 1881 1882
f 1888 1882 1884
f 1888 1884 1887
f 1857 1858 1860
f 1857 1860 1864
f 1896 1888 1890
f 1896 1890 1893
f 1896 1893 1894
f 1896 1864 1881
f 1896 1881 1888
f 1851 1852 1854
f 1900 1896 1898
f 1842 1846 1848
f 1842 1848 1851
f 1842 1854 1857
f 1842 1857 1864
f 1842 1864 1896
f 1842 1851 1854
f 1907 1902 1904
f 2093 1843 1842
f 2088 2090 2093
f 2088 2093 1842
f 1913 1907 1909
f 1913 1909 1910
f 1913 1902 1907
f 2086 2088 1842
f 2086 1900 1902
f 2086 1896 1900
f 2086 1842 1896
f 2084 2086 1902
f 1920 1913 1914
f 1920 1914 1917
f 1920 1917 1918
f 1920 1902 1913
f 2076 2078 2080
f 2076 2080 2082
f 1924 1920 1922
f 1926 1902 1920
f 1926 1920 1924
f 2072 2074 2076
f 2072 2076 2082
f 1931 1926 1929
f 1932 1902 1926
f 1932 1926 1931
f 2066 2068 2070
f 2064 2070 2072
f 2064 2072 2082
f 2064 2066 2070
f 1941 1932 1934
f 1941 1934 1936
f 1941 1936 1938
f 2054 2056 2058
f 2054 2058 2060
f 2050 2052 2054
f 2050 2054 2060
f 1950 1946 1949
f 2048 2050 2060
f 2046 2084 1902
f 2046 2060 2062
f 2046 2062 2064
f 2046 2082 2084
f 2046 2064 2082
f 2046 2048 2060
f 1955 1943 1944
f 1955 1944 1946
f 1955 1950 1952
f 1955 1946 1950
f 2040 2043 2044
f 2040 2044 2046
f 1961 1955 1956
f 1961 1956 1958
f 2038 2040 2046
f 1963 1943 1955
f 1963 1941 1943
f 1963 1955 1961
f 2034 2038 2046
f 2034 2037 2038
f 2032 2034 2046
f 2032 2046 1902
f 1969 1963 1964
f 1969 1964 1966
f 2027 2028 2031
f 2027 2031 2032
f 2024 2027 2032
f 2023 2024 2032
f 1978 1974 1976
f 1981 1974 1978
f 2018 2032 1902
f 2018 2023 2032
f 2018 1902 1932
f 2018 2020 2023
f 1982 1974 1981
f 1982 1970 1973
f 1982 1973 1974
f 2017 2018 1932
f 2017 1932 1941
f 1984 1963 1969
f 1984 1970 1982
f 1984 1969 1970
f 2011 2013 2014
f 2011 2014 2017
f 1990 1986 1989
f 1992 1986 1990
f 1992 1984 1986
f 2007 2011 2017
f 2007 2008 2011
f 1995 1984 1992
f 2002 2004 2007
f 2000 1941 1963
f 2000 1963 1984
f 2000 2017 1941
f 2000 2007 2017
f 2000 1984 1995
f 2000 2002 2007
f 2000 1995 1997
f 2000 1997 1998
f 1872 1870 1875
f 1868 1867 1870
f 1870 1867 1875
f 1875 1865 1877
f 1877 1865 1878
f 1878 1865 1880
f 1867 1865 1875
f 1863 1861 1865
f 1880 1889 1883
f 1883 1889 1885
f 1885 1889 1886
f 1859 1856 1861
f 1861 1856 1865
f 1889 1897 1891
f 1891 1897 1892
f 1892 1897 1895
f 1865 1897 1880
f 1880 1897 1889
f 1853 1850 1855
f 1897 1901 1899
f 1847 1845 1849
f 1849 1845 1850
f 1855 1845 1856
f 1856 1845 1865
f 1865 1845 1897
f 1850 1845 1855
f 1903 1906 1905
f 1844 2092 1845
f 2091 2089 2092
f 2092 2089 1845
f 1906 1912 1908
f 1908 1912 1911
f 1903 1912 1906
f 2089 2087 1845
f 1901 2087 1903
f 1897 2087 1901
f 1845 2087 1897
f 2087 2085 1903
f 1912 1921 1915
f 1915 1921 1916
f 1916 1921 1919
f 1903 1921 1912
f 2079 2077 2081
f 2081 2077 2083
f 1921 1925 1923
f 1903 1927 1921
f 1921 1927 1925
f 2075 2073 2077
f 2077 2073 2083
f 1927 1930 1928
f 1903 1933 1927
f 1927 1933 1930
f 2069 2067 2071
f 2071 2065 2073
f 2073 2065 2083
f 2067 2065 2071
f 1933 1940 1935
f 1935 1940 1937
f 1937 1940 1939
f 2057 2055 2059
f 2059 2055 2061
f 2053 2051 2055
f 2055 2051 2061
f 1947 1951 1948
f 2051 2049 2061
f 2085 2047 1903
f 2061 2047 2063
f 2063 2047 2065
f 2083 2047 2085
f 2065 2047 2083
f 2049 2047 2061
f 1942 1954 1945
f 1945 1954 1947
f 1951 1954 1953
f 1947 1954 1951
f 2042 2041 2045
f 2045 2041 2047
f 1954 1960 1957
f 1957 1960 1959
f 2041 2039 2047
f 1942 1962 1954
f 1940 1962 1942
f 1954 1962 1960
f 2039 2035 2047
f 2036 2035 2039
f 2035 2033 2047
f 2047 2033 1903
f 1962 1968 1965
f 1965 1968 1967
f 2029 2026 2030
f 2030 2026 2033
f 2026 2025 2033
f 2025 2022 2033
f 1975 1979 1977
f 1975 1980 1979
f 2033 2019 1903
f 2022 2019 2033
f 1903 2019 1933
f 2021 2019 2022
f 1975 1983 1980
f 1971 1983 1972
f 1972 1983 1975
f 2019 2016 1933
f 1933 2016 1940
f 1962 1985 1968
f 1971 1985 1983
f 1968 1985 1971
f 2012 2010 2015
f 2015 2010 2016
f 1987 1991 1988
f 1987 1993 1991
f 1985 1993 1987
f 2010 2006 2016
f 2009 2006 2010
f 1985 1994 1993
f 2005 2003 2006
f 1940 2001 1962
f 1962 2001 1985
f 2016 2001 1940
f 2006 2001 2016
f 1985 2001 1994
f 2003 2001 2006
f 1994 2001 1996
f 1996 2001 1999
f 2094 2095 2096
f 2094 2097 2095
f 2098 2099 2100
f 2098 2101 2099
f 2102 2100 2103
f 2102 2098 2100
f 2104 2103 2105
f 2104 2102 2103
f 2106 2105 2107
f 2106 2104 2105
f 2108 2107 2109
f 2108 2109 2110
f 2108 2106 2107
f 2111 2110 2112
f 2111 2108 2110
f 2113 2111 2112
f 2114 2113 2112
f 2114 2112 2115
f 2114 2115 2116
f 2117 2114 2116
f 2118 2116 2119
f 2118 2117 2116
f 2120 2119 2121
f 2120 2118 2119
f 2122 2121 2123
f 2122 2120 2121
f 2124 2123 2125
f 2124 2122 2123
f 2126 2125 2127
f 2126 2124 2125
f 2128 2127 2129
f 2128 2126 2127
f 2130 2129 2131
f 2130 2131 2132
f 2130 2128 2129
f 2133 2130 2132
f 2134 2132 2135
f 2134 2133 2132
f 2136 2135 2137
f 2136 2137 2138
f 2136 2134 2135
f 2139 2136 2138
f 2140 2138 2141
f 2140 2141 2142
f 2140 2139 2138
f 2143 2140 2142
f 2144 2142 2145
f 2144 2143 2142
f 2146 2145 2147
f 2146 2144 2145
f 2148 2147 2149
f 2148 2146 2147
f 2150 2149 2151
f 2150 2148 2149
f 2152 2151 2153
f 2152 2153 2154
f 2152 2150 2151
f 2155 2154 2156
f 2155 2152 2154
f 2157 2155 2156
f 2158 2156 2159
f 2158 2159 2160
f 2158 2157 2156
f 2161 2158 2160
f 2097 2160 2095
f 2097 2161 2160
f 2101 2162 2099
f 2101 2163 2162
f 2164 2165 2166
f 2164 2167 2165
f 2168 2166 2169
f 2168 2164 2166
f 2170 2169 2171
f 2170 2168 2169
f 2172 2171 2173
f 2172 2170 2171
f 2174 2173 2175
f 2174 2175 2176
f 2174 2172 2173
f 2177 2176 2178
f 2177 2174 2176
f 2179 2177 2178
f 2180 2179 2178
f 2180 2178 2181
f 2180 2181 2182
f 2183 2180 2182
f 2184 2182 2185
f 2184 2183 2182
f 2186 2185 2187
f 2186 2184 2185
f 2188 2187 2189
f 2188 2186 2187
f 2190 2189 2191
f 2190 2188 2189
f 2192 2191 2193
f 2192 2190 2191
f 2194 2193 2195
f 2194 2192 2193
f 2196 2195 2197
f 2196 2197 2198
f 2196 2194 2195
f 2199 2196 2198
f 2200 2198 2201
f 2200 2199 2198
f 2202 2201 2203
f 2202 2203 2204
f 2202 2200 2201
f 2205 2202 2204
f 2206 2204 2207
f 2206 2207 2208
f 2206 2205 2204
f 2209 2206 2208
f 2210 2208 2211
f 2210 2209 2208
f 2212 2211 2213
f 2212 2210 2211
f 2214 2213 2215
f 2214 2212 2213
f 2216 2215 2217
f 2216 2214 2215
f 2218 2217 2219
f 2218 2219 2220
f 2218 2216 2217
f 2221 2220 2222
f 2221 2218 2220
f 2223 2221 2222
f 2224 2222 2225
f 2224 2225 2226
f 2224 2223 2222
f 2227 2224 2226
f 2163 2226 2162
f 2163 2227 2226
f 2167 2228 2165
f 2167 2229 2228
f 2230 2231 2232
f 2230 2233 2231
f 2234 2232 2235
f 2234 2230 2232
f 2236 2235 2237
f 2236 2234 2235
f 2238 2237 2239
f 2238 2236 2237
f 2240 2239 2241
f 2240 2241 2242
f 2240 2238 2239
f 2243 2242 2244
f 2243 2240 2242
f 2245 2243 2244
f 2246 2245 2244
f 2246 2244 2247
f 2246 2247 2248
f 2249 2246 2248
f 2250 2248 2251
f 2250 2249 2248
f 2252 2251 2253
f 2252 2250 2251
f 2254 2253 2255
f 2254 2252 2253
f 2256 2255 2257
f 2256 2254 2255
f 2258 2257 2259
f 2258 2256 2257
f 2260 2259 2261
f 2260 2258 2259
f 2262 2261 2263
f 2262 2263 2264
f 2262 2260 2261
f 2265 2262 2264
f 2266 2264 2267
f 2266 2265 2264
f 2268 2267 2269
f 2268 2269 2270
f 2268 2266 2267
f 2271 2268 2270
f 2272 2270 2273
f 2272 2273 2274
f 2272 2271 2270
f 2275 2272 2274
f 2276 2274 2277
f 2276 2275 2274
f 2278 2277 2279
f 2278 2276 2277
f 2280 2279 2281
f 2280 2278 2279
f 2282 2281 2283
f 2282 2280 2281
f 2284 2283 2285
f 2284 2285 2286
f 2284 2282 2283
f 2287 2286 2288
f 2287 2284 2286
f 2289 2287 2288
f 2290 2288 2291
f 2290 2291 2292
f 2290 2289 2288
f 2293 2290 2292
f 2229 2292 2228
f 2229 2293 2292
f 2233 2294 2231
f 2233 2295 2294
f 2296 2297 2298
f 2299 2298 2300
f 2299 2296 2298
f 2301 2299 2300
f 2302 2300 2303
f 2302 2301 2300
f 2304 2303 2305
f 2304 2302 2303
f 2306 2305 2307
f 2306 2304 2305
f 2308 2307 2309
f 2308 2309 2310
f 2308 2306 2307
f 2311 2310 2312
f 2311 2308 2310
f 2313 2311 2312
f 2314 2313 2312
f 2314 2312 2315
f 2316 2314 2315
f 2316 2315 2317
f 2318 2316 2317
f 2318 2317 2319
f 2320 2319 2321
f 2320 2318 2319
f 2322 2321 2323
f 2322 2320 2321
f 2324 2323 2325
f 2324 2325 2326
f 2324 2322 2323
f 2327 2326 2328
f 2327 2324 2326
f 2329 2327 2328
f 2330 2328 2331
f 2330 2331 2332
f 2330 2329 2328
f 2333 2330 2332
f 2334 2332 2335
f 2334 2335 2336
f 2334 2333 2332
f 2337 2334 2336
f 2338 2336 2339
f 2338 2339 2340
f 2338 2337 2336
f 2341 2338 2340
f 2342 2340 2343
f 2342 2343 2344
f 2342 2341 2340
f 2345 2344 2346
f 2345 2342 2344
f 2347 2345 2346
f 2348 2346 2349
f 2348 2347 2346
f 2350 2349 2351
f 2350 2351 2352
f 2350 2348 2349
f 2353 2352 2294
f 2353 2350 2352
f 2295 2353 2294
f 2296 2354 2297
f 2297 2354 2355
f 2354 2356 2355
f 2355 2356 2357
f 2356 2358 2357
f 2357 2358 2359
f 2358 2360 2359
f 2359 2360 2361
f 2360 2362 2361
f 2361 2362 2363
f 2362 2364 2363
f 2363 2364 2365
f 2364 2366 2365
f 2365 2366 2367
f 2366 2368 2367
f 2367 2368 2369
f 2368 2370 2369
f 2369 2370 2371
f 2370 2372 2371
f 2371 2372 2373
f 2372 2374 2373
f 2373 2374 2375
f 2374 2376 2375
f 2375 2376 2377
f 2376 2378 2377
f 2377 2378 2379
f 2379 2380 2381
f 2378 2380 2379
f 2381 2382 2383
f 2380 2382 2381
f 2383 2384 2385
f 2382 2384 2383
f 2385 2386 2387
f 2384 2386 2385
f 2387 2388 2389
f 2386 2388 2387
f 2389 2390 2391
f 2388 2390 2389
f 2391 2392 2393
f 2390 2392 2391
f 2392 2394 2393
f 2393 2394 2395
f 2394 2396 2395
f 2395 2396 2397
f 2396 2398 2397
f 2397 2398 2399
f 2398 2400 2399
f 2399 2400 2401
f 2400 2402 2401
f 2401 2402 2403
f 2402 2404 2403
f 2403 2404 2405
f 2404 2406 2405
f 2405 2406 2407
f 2406 2408 2407
f 2407 2408 2409
f 2408 2410 2409
f 2409 2410 2411
f 2410 2412 2411
f 2411 2412 2413
f 2412 2414 2413
f 2413 2414 2415
f 2414 2416 2415
f 2415 2416 2417
f 2416 2418 2417
f 2417 2418 2419
f 2418 2420 2419
f 2419 2420 2421
f 2420 2422 2421
f 2421 2422 2423
f 2422 2424 2423
f 2423 2424 2425
f 2424 2426 2425
f 2425 2426 2427
f 2426 2428 2427
f 2427 2428 2429
f 2428 2430 2429
f 2429 2430 2431
f 2430 2432 2431
f 2431 2432 2433
f 2432 2434 2433
f 2433 2434 2435
f 2435 2436 2437
f 2434 2436 2435
f 2437 2438 2439
f 2436 2438 2437
f 2439 2440 2441
f 2438 2440 2439
f 2441 2442 2443
f 2440 2442 2441
f 2443 2444 2445
f 2442 2444 2443
f 2445 2446 2447
f 2444 2446 2445
f 2447 2448 2449
f 2446 2448 2447
f 2449 2450 2451
f 2448 2450 2449
f 2451 2452 2453
f 2450 2452 2451
f 2453 2454 2455
f 2455 2454 2456
f 2452 2454 2453
f 2454 2457 2456
f 2456 2458 2459
f 2457 2458 2456
f 2459 2460 2461
f 2458 2460 2459
f 2461 2462 2463
f 2460 2462 2461
f 2463 2464 2465
f 2462 2464 2463
f 2465 2466 2467
f 2464 2466 2465
f 2468 2469 2470
f 2468 2471 2469
f 2472 2470 2473
f 2472 2473 2474
f 2472 2468 2470
f 2475 2472 2474
f 2476 2474 2477
f 2476 2477 2478
f 2476 2475 2474
f 2479 2478 2480
f 2479 2476 2478
f 2481 2479 2480
f 2482 2480 2483
f 2482 2481 2480
f 2484 2483 2485
f 2484 2485 2486
f 2484 2482 2483
f 2487 2484 2486
f 2488 2487 2486
f 2488 2486 2489
f 2490 2488 2489
f 2490 2489 2491
f 2490 2491 2492
f 2493 2490 2492
f 2494 2493 2492
f 2494 2492 2495
f 2494 2495 2496
f 2497 2494 2496
f 2498 2496 2499
f 2498 2497 2496
f 2500 2499 2501
f 2500 2498 2499
f 2502 2501 2503
f 2502 2500 2501
f 2504 2503 2505
f 2504 2502 2503
f 2506 2505 2507
f 2506 2504 2505
f 2508 2507 2509
f 2508 2506 2507
f 2510 2509 2511
f 2510 2508 2509
f 2512 2511 2513
f 2512 2510 2511
f 2514 2513 2515
f 2514 2512 2513
f 2516 2515 2517
f 2516 2514 2515
f 2518 2517 2519
f 2518 2516 2517
f 2520 2519 2521
f 2520 2518 2519
f 2522 2521 2523
f 2522 2520 2521
f 2524 2523 2525
f 2524 2522 2523
f 2466 2525 2467
f 2466 2524 2525
f 2471 2526 2469
f 2471 2527 2526
f 2528 2096 2529
f 2528 2094 2096
f 2530 2529 2531
f 2530 2528 2529
f 2532 2531 2533
f 2532 2530 2531
f 2534 2533 2535
f 2534 2532 2533
f 2536 2535 2537
f 2536 2537 2538
f 2536 2534 2535
f 2539 2538 2540
f 2539 2536 2538
f 2541 2539 2540
f 2542 2541 2540
f 2542 2540 2543
f 2542 2543 2544
f 2545 2542 2544
f 2546 2544 2547
f 2546 2545 2544
f 2548 2547 2549
f 2548 2546 2547
f 2550 2549 2551
f 2550 2548 2549
f 2552 2551 2553
f 2552 2550 2551
f 2554 2553 2555
f 2554 2552 2553
f 2556 2555 2557
f 2556 2554 2555
f 2558 2557 2559
f 2558 2559 2560
f 2558 2556 2557
f 2561 2558 2560
f 2562 2560 2563
f 2562 2561 2560
f 2564 2563 2565
f 2564 2565 2566
f 2564 2562 2563
f 2567 2564 2566
f 2568 2566 2569
f 2568 2569 2570
f 2568 2567 2566
f 2571 2568 2570
f 2572 2570 2573
f 2572 2571 2570
f 2574 2573 2575
f 2574 2572 2573
f 2576 2575 2577
f 2576 2574 2575
f 2578 2577 2579
f 2578 2576 2577
f 2580 2579 2581
f 2580 2581 2582
f 2580 2578 2579
f 2583 2582 2584
f 2583 2580 2582
f 2585 2583 2584
f 2586 2584 2587
f 2586 2587 2588
f 2586 2585 2584
f 2589 2586 2588
f 2527 2588 2526
f 2527 2589 2588
f 2556 2558 2561
f 2562 2556 2561
f 2550 2552 2554
f 2567 2562 2564
f 2546 2548 2550
f 2546 2550 2554
f 2572 2568 2571
f 2574 2567 2568
f 2574 2568 2572
f 2542 2545 2546
f 2542 2554 2556
f 2542 2546 2554
f 2539 2541 2542
f 2578 2574 2576
f 2534 2536 2539
f 2534 2539 2542
f 2583 2578 2580
f 2585 2562 2567
f 2585 2567 2574
f 2585 2574 2578
f 2585 2578 2583
f 2530 2532 2534
f 2530 2534 2542
f 2589 2528 2530
f 2589 2530 2542
f 2589 2585 2586
f 2589 2542 2556
f 2589 2556 2562
f 2589 2562 2585
f 2094 2528 2589
f 2094 2589 2527
f 2471 2094 2527
f 2466 2471 2468
f 2466 2468 2472
f 2466 2472 2475
f 2466 2475 2476
f 2466 2476 2479
f 2466 2479 2481
f 2466 2481 2482
f 2466 2482 2484
f 2466 2484 2487
f 2466 2487 2488
f 2466 2488 2490
f 2466 2490 2493
f 2466 2493 2494
f 2466 2494 2497
f 2466 2497 2498
f 2466 2498 2500
f 2466 2500 2502
f 2466 2502 2504
f 2466 2504 2506
f 2466 2506 2508
f 2466 2508 2510
f 2466 2510 2512
f 2466 2512 2514
f 2466 2514 2516
f 2466 2516 2518
f 2466 2518 2520
f 2466 2520 2522
f 2466 2522 2524
f 2464 2094 2471
f 2464 2471 2466
f 2462 2094 2464
f 2460 2094 2462
f 2458 2094 2460
f 2457 2094 2458
f 2454 2094 2457
f 2452 2094 2454
f 2450 2094 2452
f 2097 2450 2448
f 2097 2448 2446
f 2097 2446 2444
f 2097 2444 2442
f 2097 2442 2440
f 2097 2440 2438
f 2097 2094 2450
f 2436 2097 2438
f 2155 2157 2158
f 2152 2155 2158
f 2152 2158 2161
f 2152 2161 2097
f 2148 2150 2152
f 2148 2152 2097
f 2143 2148 2097
f 2143 2144 2146
f 2143 2146 2148
f 2139 2143 2097
f 2139 2140 2143
f 2134 2136 2139
f 2130 2139 2097
f 2130 2133 2134
f 2130 2134 2139
f 2126 2128 2130
f 2126 2130 2097
f 2122 2124 2126
f 2120 2122 2126
f 2117 2118 2120
f 2117 2126 2097
f 2117 2120 2126
f 2114 2117 2097
f 2111 2113 2114
f 2108 2111 2114
f 2108 2114 2097
f 2104 2106 2108
f 2104 2108 2097
f 2102 2104 2097
f 2101 2098 2102
f 2101 2097 2436
f 2101 2102 2097
f 2101 2436 2434
f 2101 2434 2432
f 2101 2432 2430
f 2101 2430 2428
f 2426 2101 2428
f 2424 2101 2426
f 2422 2101 2424
f 2420 2101 2422
f 2418 2101 2420
f 2416 2101 2418
f 2414 2101 2416
f 2412 2101 2414
f 2410 2101 2412
f 2327 2322 2324
f 2329 2322 2327
f 2330 2322 2329
f 2311 2313 2314
f 2334 2322 2330
f 2334 2316 2318
f 2334 2318 2320
f 2334 2320 2322
f 2334 2330 2333
f 2337 2316 2334
f 2338 2316 2337
f 2338 2311 2314
f 2338 2308 2311
f 2338 2314 2316
f 2302 2304 2306
f 2302 2306 2308
f 2302 2308 2338
f 2302 2338 2341
f 2345 2341 2342
f 2299 2301 2302
f 2299 2302 2341
f 2299 2341 2345
f 2348 2299 2345
f 2348 2345 2347
f 2295 2299 2348
f 2295 2296 2299
f 2295 2348 2350
f 2295 2350 2353
f 2354 2296 2295
f 2234 2233 2230
f 2236 2233 2234
f 2240 2236 2238
f 2240 2233 2236
f 2243 2233 2240
f 2246 2233 2243
f 2246 2243 2245
f 2249 2233 2246
f 2250 2233 2249
f 2254 2233 2250
f 2254 2250 2252
f 2260 2254 2256
f 2260 2256 2258
f 2266 2260 2262
f 2266 2262 2265
f 2268 2233 2254
f 2268 2254 2260
f 2268 2260 2266
f 2271 2233 2268
f 2276 2271 2272
f 2276 2272 2275
f 2278 2233 2271
f 2278 2271 2276
f 2282 2278 2280
f 2287 2278 2282
f 2287 2282 2284
f 2290 2278 2287
f 2290 2287 2289
f 2229 2368 2366
f 2229 2366 2364
f 2229 2364 2362
f 2229 2362 2360
f 2229 2360 2358
f 2229 2358 2356
f 2229 2356 2354
f 2229 2295 2233
f 2229 2354 2295
f 2229 2233 2278
f 2229 2278 2290
f 2229 2290 2293
f 2163 2390 2388
f 2163 2388 2386
f 2163 2386 2384
f 2163 2384 2382
f 2163 2410 2408
f 2163 2408 2406
f 2163 2406 2404
f 2163 2404 2402
f 2163 2402 2400
f 2163 2101 2410
f 2163 2400 2398
f 2163 2398 2396
f 2163 2396 2394
f 2163 2394 2392
f 2163 2392 2390
f 2167 2382 2380
f 2167 2380 2378
f 2167 2378 2376
f 2167 2376 2374
f 2167 2374 2372
f 2167 2372 2370
f 2167 2370 2368
f 2167 2368 2229
f 2167 2163 2382
f 2168 2167 2164
f 2223 2224 2227
f 2223 2227 2163
f 2218 2221 2223
f 2218 2223 2163
f 2214 2216 2218
f 2214 2218 2163
f 2180 2172 2174
f 2180 2174 2177
f 2180 2177 2179
f 2183 2170 2172
f 2183 2172 2180
f 2210 2212 2214
f 2210 2214 2163
f 2186 2183 2184
f 2206 2209 2210
f 2206 2210 2163
f 2188 2170 2183
f 2188 2183 2186
f 2188 2163 2167
f 2188 2168 2170
f 2188 2167 2168
f 2202 2205 2206
f 2202 2206 2163
f 2192 2188 2190
f 2194 2188 2192
f 2196 2188 2194
f 2196 2163 2188
f 2196 2202 2163
f 2196 2199 2200
f 2196 2200 2202
f 2559 2557 2560
f 2557 2563 2560
f 2553 2551 2555
f 2563 2566 2565
f 2549 2547 2551
f 2551 2547 2555
f 2569 2573 2570
f 2566 2575 2569
f 2569 2575 2573
f 2544 2543 2547
f 2555 2543 2557
f 2547 2543 2555
f 2540 2538 2543
f 2575 2579 2577
f 2537 2535 2538
f 2538 2535 2543
f 2579 2582 2581
f 2563 2584 2566
f 2566 2584 2575
f 2575 2584 2579
f 2579 2584 2582
f 2533 2531 2535
f 2535 2531 2543
f 2584 2588 2587
f 2531 2526 2543
f 2584 2526 2588
f 2543 2526 2557
f 2557 2526 2563
f 2563 2526 2584
f 2529 2096 2531
f 2531 2096 2526
f 2096 2469 2526
f 2469 2467 2470
f 2470 2467 2473
f 2473 2467 2474
f 2474 2467 2477
f 2477 2467 2478
f 2478 2467 2480
f 2480 2467 2483
f 2483 2467 2485
f 2485 2467 2486
f 2486 2467 2489
f 2489 2467 2491
f 2491 2467 2492
f 2492 2467 2495
f 2495 2467 2496
f 2496 2467 2499
f 2499 2467 2501
f 2501 2467 2503
f 2503 2467 2505
f 2505 2467 2507
f 2507 2467 2509
f 2509 2467 2511
f 2511 2467 2513
f 2513 2467 2515
f 2515 2467 2517
f 2517 2467 2519
f 2519 2467 2521
f 2521 2467 2523
f 2523 2467 2525
f 2096 2465 2469
f 2469 2465 2467
f 2096 2463 2465
f 2096 2461 2463
f 2096 2459 2461
f 2096 2456 2459
f 2096 2455 2456
f 2096 2453 2455
f 2096 2451 2453
f 2441 2095 2439
f 2443 2095 2441
f 2445 2095 2443
f 2447 2095 2445
f 2449 2095 2447
f 2451 2095 2449
f 2096 2095 2451
f 2095 2437 2439
f 2156 2154 2159
f 2159 2153 2160
f 2154 2153 2159
f 2160 2153 2095
f 2151 2149 2153
f 2153 2149 2095
f 2145 2142 2147
f 2147 2142 2149
f 2149 2142 2095
f 2141 2138 2142
f 2142 2138 2095
f 2137 2135 2138
f 2135 2131 2138
f 2138 2131 2095
f 2132 2131 2135
f 2131 2127 2095
f 2129 2127 2131
f 2125 2123 2127
f 2123 2121 2127
f 2127 2116 2095
f 2121 2116 2127
f 2119 2116 2121
f 2116 2115 2095
f 2112 2110 2115
f 2115 2109 2095
f 2110 2109 2115
f 2107 2105 2109
f 2109 2105 2095
f 2105 2103 2095
f 2095 2099 2437
f 2431 2099 2429
f 2103 2099 2095
f 2433 2099 2431
f 2435 2099 2433
f 2437 2099 2435
f 2100 2099 2103
f 2099 2427 2429
f 2099 2425 2427
f 2099 2423 2425
f 2099 2421 2423
f 2099 2419 2421
f 2099 2417 2419
f 2099 2415 2417
f 2099 2413 2415
f 2099 2411 2413
f 2323 2326 2325
f 2323 2328 2326
f 2323 2331 2328
f 2312 2310 2315
f 2331 2335 2332
f 2323 2335 2331
f 2317 2335 2319
f 2319 2335 2321
f 2321 2335 2323
f 2317 2336 2335
f 2317 2339 2336
f 2310 2339 2315
f 2309 2339 2310
f 2315 2339 2317
f 2339 2303 2340
f 2309 2303 2339
f 2305 2303 2307
f 2307 2303 2309
f 2340 2344 2343
f 2340 2298 2344
f 2303 2298 2340
f 2300 2298 2303
f 2344 2349 2346
f 2298 2349 2344
f 2349 2294 2351
f 2351 2294 2352
f 2298 2294 2349
f 2297 2294 2298
f 2297 2355 2294
f 2231 2235 2232
f 2231 2237 2235
f 2231 2241 2237
f 2237 2241 2239
f 2231 2242 2241
f 2231 2247 2242
f 2242 2247 2244
f 2231 2248 2247
f 2231 2251 2248
f 2251 2255 2253
f 2231 2255 2251
f 2255 2261 2257
f 2257 2261 2259
f 2261 2267 2263
f 2263 2267 2264
f 2231 2269 2255
f 2255 2269 2261
f 2261 2269 2267
f 2231 2270 2269
f 2270 2277 2273
f 2273 2277 2274
f 2231 2279 2270
f 2270 2279 2277
f 2279 2283 2281
f 2283 2286 2285
f 2279 2286 2283
f 2286 2291 2288
f 2279 2291 2286
f 2294 2228 2231
f 2357 2228 2355
f 2359 2228 2357
f 2361 2228 2359
f 2363 2228 2361
f 2365 2228 2363
f 2367 2228 2365
f 2369 2228 2367
f 2355 2228 2294
f 2291 2228 2292
f 2231 2228 2279
f 2279 2228 2291
f 2385 2162 2383
f 2387 2162 2385
f 2389 2162 2387
f 2391 2162 2389
f 2393 2162 2391
f 2395 2162 2393
f 2397 2162 2395
f 2399 2162 2397
f 2401 2162 2399
f 2403 2162 2401
f 2405 2162 2403
f 2407 2162 2405
f 2409 2162 2407
f 2411 2162 2409
f 2099 2162 2411
f 2162 2165 2383
f 2371 2165 2369
f 2373 2165 2371
f 2375 2165 2373
f 2377 2165 2375
f 2379 2165 2377
f 2381 2165 2379
f 2383 2165 2381
f 2369 2165 2228
f 2165 2169 2166
f 2225 2222 2226
f 2226 2222 2162
f 2220 2219 2222
f 2222 2219 2162
f 2217 2215 2219
f 2219 2215 2162
f 2173 2181 2175
f 2175 2181 2176
f 2176 2181 2178
f 2171 2182 2173
f 2173 2182 2181
f 2215 2211 2162
f 2213 2211 2215
f 2182 2187 2185
f 2208 2207 2211
f 2211 2207 2162
f 2171 2189 2182
f 2182 2189 2187
f 2162 2189 2165
f 2169 2189 2171
f 2165 2189 2169
f 2207 2203 2162
f 2204 2203 2207
f 2189 2193 2191
f 2189 2195 2193
f 2203 2197 2162
f 2162 2197 2189
f 2189 2197 2195
f 2198 2197 2201
f 2201 2197 2203
f 2590 2591 2592
f 2590 2593 2591
f 2594 2592 2595
f 2594 2595 2596
f 2594 2590 2592
f 2597 2594 2596
f 2598 2596 2599
f 2598 2599 2600
f 2598 2597 2596
f 2601 2598 2600
f 2602 2600 2603
f 2602 2603 2604
f 2602 2601 2600
f 2605 2602 2604
f 2606 2604 2607
f 2606 2607 2608
f 2606 2605 2604
f 2609 2606 2608
f 2610 2608 2611
f 2610 2609 2608
f 2612 2611 2613
f 2612 2610 2611
f 2614 2613 2615
f 2614 2612 2613
f 2616 2614 2615
f 2616 2615 2617
f 2618 2616 2617
f 2618 2617 2619
f 2618 2619 2620
f 2621 2618 2620
f 2622 2621 2620
f 2622 2620 2623
f 2622 2623 2624
f 2625 2622 2624
f 2626 2624 2627
f 2626 2625 2624
f 2626 2627 2628
f 2629 2628 2630
f 2629 2626 2628
f 2631 2629 2630
f 2632 2630 2633
f 2632 2631 2630
f 2593 2634 2591
f 2593 2635 2634
f 2636 2637 2638
f 2636 2639 2637
f 2640 2638 2641
f 2640 2636 2638
f 2642 2641 2643
f 2642 2640 2641
f 2644 2643 2645
f 2644 2642 2643
f 2646 2645 2647
f 2646 2644 2645
f 2648 2647 2649
f 2648 2646 2647
f 2650 2649 2651
f 2650 2648 2649
f 2652 2651 2653
f 2652 2653 2654
f 2652 2650 2651
f 2655 2652 2654
f 2656 2654 2657
f 2656 2655 2654
f 2658 2657 2659
f 2658 2656 2657
f 2660 2659 2661
f 2660 2658 2659
f 2662 2660 2661
f 2662 2661 2663
f 2664 2662 2663
f 2664 2663 2665
f 2666 2664 2665
f 2666 2665 2667
f 2668 2666 2667
f 2668 2667 2669
f 2670 2668 2669
f 2670 2669 2671
f 2670 2671 2672
f 2673 2670 2672
f 2674 2672 2675
f 2674 2675 2676
f 2674 2673 2672
f 2677 2676 2634
f 2677 2674 2676
f 2635 2677 2634
f 2639 2678 2637
f 2639 2679 2678
f 2680 2681 2682
f 2680 2683 2681
f 2684 2682 2685
f 2684 2680 2682
f 2686 2685 2687
f 2686 2684 2685
f 2688 2687 2689
f 2688 2686 2687
f 2690 2689 2691
f 2690 2691 2692
f 2690 2688 2689
f 2693 2690 2692
f 2694 2692 2695
f 2694 2695 2696
f 2694 2693 2692
f 2697 2694 2696
f 2698 2696 2699
f 2698 2697 2696
f 2700 2699 2701
f 2700 2698 2699
f 2702 2701 2703
f 2702 2700 2701
f 2704 2703 2705
f 2704 2702 2703
f 2706 2704 2705
f 2706 2705 2707
f 2708 2706 2707
f 2708 2707 2709
f 2710 2708 2709
f 2710 2709 2711
f 2712 2710 2711
f 2712 2711 2713
f 2712 2713 2714
f 2715 2712 2714
f 2716 2714 2717
f 2716 2715 2714
f 2718 2717 2719
f 2718 2716 2717
f 2720 2719 2721
f 2720 2721 2678
f 2720 2718 2719
f 2679 2720 2678
f 2683 2722 2681
f 2683 2723 2722
f 2724 2725 2726
f 2724 2727 2725
f 2728 2726 2729
f 2728 2724 2726
f 2730 2729 2731
f 2730 2728 2729
f 2732 2731 2733
f 2732 2730 2731
f 2734 2733 2735
f 2734 2732 2733
f 2736 2735 2737
f 2736 2737 2738
f 2736 2734 2735
f 2739 2736 2738
f 2740 2738 2741
f 2740 2739 2738
f 2742 2741 2743
f 2742 2740 2741
f 2744 2743 2745
f 2744 2742 2743
f 2746 2745 2747
f 2746 2744 2745
f 2748 2747 2749
f 2748 2746 2747
f 2750 2748 2749
f 2750 2749 2751
f 2752 2750 2751
f 2752 2751 2753
f 2754 2752 2753
f 2754 2753 2755
f 2756 2754 2755
f 2756 2755 2757
f 2758 2756 2757
f 2758 2757 2759
f 2758 2759 2760
f 2761 2758 2760
f 2762 2760 2763
f 2762 2761 2760
f 2764 2763 2765
f 2764 2765 2722
f 2764 2762 2763
f 2723 2764 2722
f 2727 2766 2725
f 2727 2767 2766
f 2768 2769 2770
f 2768 2771 2769
f 2772 2770 2773
f 2772 2768 2770
f 2774 2773 2775
f 2774 2772 2773
f 2776 2775 2777
f 2776 2774 2775
f 2778 2777 2779
f 2778 2776 2777
f 2780 2779 2781
f 2780 2778 2779
f 2782 2781 2783
f 2782 2780 2781
f 2784 2783 2785
f 2784 2785 2786
f 2784 2782 2783
f 2787 2784 2786
f 2788 2786 2789
f 2788 2787 2786
f 2790 2789 2791
f 2790 2788 2789
f 2792 2791 2793
f 2792 2790 2791
f 2794 2792 2793
f 2794 2793 2795
f 2796 2794 2795
f 2796 2795 2797
f 2798 2796 2797
f 2798 2797 2799
f 2800 2798 2799
f 2800 2799 2801
f 2802 2800 2801
f 2802 2801 2803
f 2802 2803 2804
f 2805 2802 2804
f 2806 2804 2807
f 2806 2807 2808
f 2806 2805 2804
f 2809 2808 2766
f 2809 2806 2808
f 2767 2809 2766
f 2771 2810 2769
f 2771 2811 2810
f 2812 2813 2814
f 2812 2815 2813
f 2816 2814 2817
f 2816 2812 2814
f 2818 2817 2819
f 2818 2819 2820
f 2818 2816 2817
f 2821 2818 2820
f 2822 2820 2823
f 2822 2821 2820
f 2824 2823 2825
f 2824 2822 2823
f 2826 2825 2827
f 2826 2824 2825
f 2828 2827 2829
f 2828 2826 2827
f 2830 2829 2831
f 2830 2831 2832
f 2830 2828 2829
f 2833 2832 2834
f 2833 2830 2832
f 2835 2833 2834
f 2836 2834 2837
f 2836 2835 2834
f 2838 2836 2837
f 2838 2837 2839
f 2840 2838 2839
f 2840 2839 2841
f 2842 2840 2841
f 2842 2841 2843
f 2844 2842 2843
f 2844 2843 2845
f 2846 2844 2845
f 2846 2845 2847
f 2848 2847 2849
f 2848 2846 2847
f 2850 2849 2851
f 2850 2848 2849
f 2852 2851 2853
f 2852 2853 2810
f 2852 2850 2851
f 2811 2852 2810
f 2815 2633 2813
f 2815 2632 2633
f 2616 2618 2621
f 2616 2621 2622
f 2616 2622 2625
f 2612 2614 2616
f 2612 2625 2626
f 2612 2626 2629
f 2612 2629 2631
f 2612 2616 2625
f 2632 2612 2631
f 2609 2610 2612
f 2605 2606 2609
f 2602 2609 2612
f 2602 2612 2632
f 2602 2605 2609
f 2598 2601 2602
f 2590 2594 2597
f 2593 2597 2598
f 2593 2598 2602
f 2593 2602 2632
f 2593 2590 2597
f 2818 2812 2816
f 2824 2818 2821
f 2824 2821 2822
f 2826 2815 2812
f 2826 2812 2818
f 2826 2818 2824
f 2830 2826 2828
f 2833 2826 2830
f 2833 2815 2826
f 2838 2833 2835
f 2838 2835 2836
f 2846 2838 2840
f 2846 2840 2842
f 2846 2842 2844
f 2848 2833 2838
f 2848 2838 2846
f 2852 2815 2833
f 2852 2833 2848
f 2852 2848 2850
f 2811 2632 2815
f 2811 2815 2852
f 2674 2677 2635
f 2673 2674 2635
f 2666 2668 2670
f 2664 2670 2673
f 2664 2673 2635
f 2664 2666 2670
f 2660 2662 2664
f 2660 2664 2635
f 2656 2658 2660
f 2656 2660 2635
f 2655 2656 2635
f 2650 2652 2655
f 2648 2650 2655
f 2646 2648 2655
f 2644 2646 2655
f 2642 2644 2655
f 2640 2642 2655
f 2636 2655 2635
f 2636 2640 2655
f 2639 2635 2593
f 2639 2636 2635
f 2639 2593 2632
f 2771 2632 2811
f 2771 2639 2632
f 2776 2768 2772
f 2776 2772 2774
f 2778 2768 2776
f 2780 2771 2768
f 2780 2768 2778
f 2782 2771 2780
f 2784 2771 2782
f 2790 2784 2787
f 2790 2787 2788
f 2790 2771 2784
f 2794 2790 2792
f 2800 2796 2798
f 2802 2796 2800
f 2806 2802 2805
f 2767 2796 2802
f 2767 2802 2806
f 2767 2794 2796
f 2767 2806 2809
f 2767 2771 2790
f 2767 2790 2794
f 2716 2718 2720
f 2712 2716 2720
f 2712 2715 2716
f 2708 2710 2712
f 2706 2708 2712
f 2698 2700 2702
f 2698 2702 2704
f 2698 2704 2706
f 2694 2712 2720
f 2694 2706 2712
f 2694 2698 2706
f 2694 2697 2698
f 2688 2690 2693
f 2688 2693 2694
f 2686 2688 2694
f 2680 2684 2686
f 2683 2694 2720
f 2683 2686 2694
f 2683 2680 2686
f 2683 2720 2679
f 2727 2771 2767
f 2730 2727 2724
f 2730 2724 2728
f 2736 2730 2732
f 2736 2732 2734
f 2740 2736 2739
f 2740 2727 2730
f 2740 2730 2736
f 2744 2740 2742
f 2744 2727 2740
f 2723 2771 2727
f 2723 2683 2679
f 2723 2639 2771
f 2723 2679 2639
f 2764 2723 2727
f 2750 2746 2748
f 2761 2762 2764
f 2752 2744 2746
f 2752 2746 2750
f 2756 2752 2754
f 2756 2758 2761
f 2756 2727 2744
f 2756 2764 2727
f 2756 2761 2764
f 2756 2744 2752
f 2619 2617 2620
f 2620 2617 2623
f 2623 2617 2624
f 2615 2613 2617
f 2624 2613 2627
f 2627 2613 2628
f 2617 2613 2624
f 2611 2608 2613
f 2628 2608 2630
f 2613 2608 2628
f 2608 2607 2630
f 2604 2603 2607
f 2600 2599 2603
f 2603 2599 2607
f 2599 2596 2607
f 2595 2592 2596
f 2607 2592 2630
f 2596 2592 2607
f 2630 2591 2633
f 2592 2591 2630
f 2591 2813 2633
f 2813 2817 2814
f 2813 2819 2817
f 2813 2820 2819
f 2813 2823 2820
f 2813 2825 2823
f 2813 2827 2825
f 2813 2829 2827
f 2813 2831 2829
f 2813 2832 2831
f 2813 2834 2832
f 2813 2837 2834
f 2813 2839 2837
f 2813 2841 2839
f 2813 2843 2841
f 2813 2845 2843
f 2813 2847 2845
f 2813 2849 2847
f 2813 2851 2849
f 2813 2853 2851
f 2813 2810 2853
f 2676 2675 2634
f 2675 2672 2634
f 2669 2667 2671
f 2671 2665 2672
f 2672 2665 2634
f 2667 2665 2671
f 2663 2661 2665
f 2665 2661 2634
f 2661 2657 2634
f 2659 2657 2661
f 2657 2654 2634
f 2653 2651 2654
f 2651 2649 2654
f 2649 2647 2654
f 2647 2645 2654
f 2645 2643 2654
f 2643 2641 2654
f 2654 2638 2634
f 2641 2638 2654
f 2634 2637 2591
f 2638 2637 2634
f 2591 2637 2813
f 2813 2769 2810
f 2770 2777 2773
f 2773 2777 2775
f 2770 2779 2777
f 2769 2781 2770
f 2770 2781 2779
f 2769 2783 2781
f 2769 2785 2783
f 2785 2791 2786
f 2786 2791 2789
f 2769 2791 2785
f 2791 2795 2793
f 2797 2801 2799
f 2797 2803 2801
f 2803 2807 2804
f 2797 2766 2803
f 2803 2766 2807
f 2795 2766 2797
f 2807 2766 2808
f 2791 2766 2795
f 2769 2766 2791
f 2719 2717 2721
f 2717 2713 2721
f 2714 2713 2717
f 2711 2709 2713
f 2709 2707 2713
f 2701 2699 2703
f 2703 2699 2705
f 2705 2699 2707
f 2713 2695 2721
f 2707 2695 2713
f 2699 2695 2707
f 2696 2695 2699
f 2691 2689 2692
f 2692 2689 2695
f 2689 2687 2695
f 2685 2682 2687
f 2695 2681 2721
f 2687 2681 2695
f 2682 2681 2687
f 2721 2681 2678
f 2813 2725 2769
f 2769 2725 2766
f 2725 2731 2726
f 2726 2731 2729
f 2731 2737 2733
f 2733 2737 2735
f 2737 2741 2738
f 2725 2741 2731
f 2731 2741 2737
f 2741 2745 2743
f 2725 2745 2741
f 2681 2722 2678
f 2637 2722 2813
f 2678 2722 2637
f 2813 2722 2725
f 2722 2765 2725
f 2747 2751 2749
f 2763 2760 2765
f 2747 2753 2751
f 2745 2753 2747
f 2753 2757 2755
f 2759 2757 2760
f 2725 2757 2745
f 2765 2757 2725
f 2745 2757 2753
f 2760 2757 2765
