mtllib peg.mtl
o obj5

v 388.68612671 4.44270658 100
v 388.55999756 4.51138449 0
v 388.68612671 4.44270658 0
v 388.55999756 4.51138449 100
v 388.81549072 4.38040066 100
v 388.81549072 4.38040066 0
v 388.94781494 4.3246212 100
v 388.94781494 4.3246212 0
v 389.08276367 4.27550697 100
v 389.08276367 4.27550697 0
v 389.2199707 4.23317957 0
v 389.2199707 4.23317957 100
v 389.35913086 4.19774532 100
v 389.35913086 4.19774532 0
v 389.49990845 4.16929102 0
v 389.49990845 4.16929102 100
v 389.64187622 4.14788866 100
v 389.64187622 4.14788866 0
v 389.78479004 4.1335907 100
v 389.78479004 4.1335907 0
v 389.92819214 4.1264329 100
v 389.92819214 4.1264329 0
v 390.07180786 4.1264329 100
v 390.07180786 4.1264329 0
v 390.21520996 4.1335907 100
v 390.21520996 4.1335907 0
v 390.35812378 4.14788866 100
v 390.35812378 4.14788866 0
v 390.50009155 4.16929102 100
v 390.50009155 4.16929102 0
v 390.64086914 4.19774532 100
v 390.64086914 4.19774532 0
v 390.7800293 4.23317957 0
v 390.7800293 4.23317957 100
v 390.91723633 4.27550697 0
v 390.91723633 4.27550697 100
v 391.05218506 4.3246212 100
v 391.05218506 4.3246212 0
v 391.18450928 4.38040066 0
v 391.18450928 4.38040066 100
v 391.31387329 4.44270658 100
v 391.31387329 4.44270658 0
v 391.44000244 4.51138449 0
v 391.44000244 4.51138449 100
v 373.14953613 13.40861607 0
v 373.14953613 13.40861607 100
v 371.71313477 15.75921249 100
v 371.70953369 15.90276909 0
v 371.71313477 15.75921249 0
v 371.70953369 15.90276909 100
v 371.72384644 15.61601353 100
v 371.72384644 15.61601353 0
v 371.74169922 15.47352695 0
v 371.74169922 15.47352695 100
v 371.76663208 15.33210754 100
v 371.76663208 15.33210754 0
v 371.7986145 15.1921072 100
v 371.7986145 15.1921072 0
v 371.8374939 15.05387402 100
v 371.8374939 15.05387402 0
v 371.88323975 14.91775036 0
v 371.88323975 14.91775036 100
v 371.93569946 14.78407669 100
v 371.93569946 14.78407669 0
v 371.99475098 14.65318394 100
v 371.99475098 14.65318394 0
v 372.06027222 14.5253973 100
v 372.06027222 14.5253973 0
v 372.13208008 14.40103531 100
v 372.13208008 14.40103531 0
v 372.20996094 14.28040695 100
v 372.20996094 14.28040695 0
v 372.29379272 14.16381168 100
v 372.29379272 14.16381168 0
v 372.3833313 14.05154037 0
v 372.3833313 14.05154037 100
v 372.47836304 13.9438715 100
v 372.47836304 13.9438715 0
v 372.57861328 13.84107208 100
v 372.57861328 13.84107208 0
v 372.68389893 13.74339867 100
v 372.68389893 13.74339867 0
v 372.79388428 13.65109444 100
v 372.79388428 13.65109444 0
v 372.90835571 13.56438732 100
v 372.90835571 13.56438732 0
v 373.02700806 13.4834938 100
v 373.02700806 13.4834938 0
v 371.70953369 33.69723129 0
v 371.70953369 33.69723129 100
v 373.02700806 36.11650467 100
v 373.14953613 36.19138336 0
v 373.02700806 36.11650467 0
v 373.14953613 36.19138336 100
v 372.90835571 36.03561401 100
v 372.90835571 36.03561401 0
v 372.79388428 35.94890594 100
v 372.79388428 35.94890594 0
v 372.68389893 35.85660172 100
v 372.68389893 35.85660172 0
v 372.57861328 35.75892639 0
v 372.57861328 35.75892639 100
v 372.47836304 35.65612793 100
v 372.47836304 35.65612793 0
v 372.3833313 35.5484581 100
v 372.3833313 35.5484581 0
v 372.29379272 35.43618774 100
v 372.29379272 35.43618774 0
v 372.20996094 35.31959152 100
v 372.20996094 35.31959152 0
v 372.13208008 35.19896317 0
v 372.13208008 35.19896317 100
v 372.06027222 35.07460403 100
v 372.06027222 35.07460403 0
v 371.99475098 34.94681549 100
v 371.99475098 34.94681549 0
v 371.93569946 34.81592178 100
v 371.93569946 34.81592178 0
v 371.88323975 34.68225098 100
v 371.88323975 34.68225098 0
v 371.8374939 34.54612732 0
v 371.8374939 34.54612732 100
v 371.7986145 34.40789413 100
v 371.7986145 34.40789413 0
v 371.76663208 34.26789093 100
v 371.76663208 34.26789093 0
v 371.74169922 34.12647247 100
v 371.74169922 34.12647247 0
v 371.72384644 33.9839859 100
v 371.72384644 33.9839859 0
v 371.71313477 33.84078598 100
v 371.71313477 33.84078598 0
v 388.55999756 45.08861542 0
v 388.55999756 45.08861542 100
v 391.31387329 45.15729141 100
v 391.44000244 45.08861542 0
v 391.31387329 45.15729141 0
v 391.44000244 45.08861542 100
v 391.18450928 45.21960068 100
v 391.18450928 45.21960068 0
v 391.05218506 45.27537918 0
v 391.05218506 45.27537918 100
v 390.91723633 45.32449341 100
v 390.91723633 45.32449341 0
v 390.7800293 45.36682129 100
v 390.7800293 45.36682129 0
v 390.64086914 45.40225601 100
v 390.64086914 45.40225601 0
v 390.50009155 45.43070984 0
v 390.50009155 45.43070984 100
v 390.35812378 45.45211029 100
v 390.35812378 45.45211029 0
v 390.21520996 45.46640778 0
v 390.21520996 45.46640778 100
v 390.07180786 45.47356796 100
v 390.07180786 45.47356796 0
v 389.92819214 45.47356796 0
v 389.92819214 45.47356796 100
v 389.78479004 45.46640778 100
v 389.78479004 45.46640778 0
v 389.64187622 45.45211029 100
v 389.64187622 45.45211029 0
v 389.49990845 45.43070984 0
v 389.49990845 45.43070984 100
v 389.35913086 45.40225601 100
v 389.35913086 45.40225601 0
v 389.2199707 45.36682129 100
v 389.2199707 45.36682129 0
v 389.08276367 45.32449341 100
v 389.08276367 45.32449341 0
v 388.94781494 45.27537918 0
v 388.94781494 45.27537918 100
v 388.81549072 45.21960068 100
v 388.81549072 45.21960068 0
v 388.68612671 45.15729141 100
v 388.68612671 45.15729141 0
v 406.85046387 36.19138336 0
v 406.85046387 36.19138336 100
v 408.28686523 33.84078598 100
v 408.29046631 33.69723129 0
v 408.28686523 33.84078598 0
v 408.29046631 33.69723129 100
v 408.27615356 33.9839859 100
v 408.27615356 33.9839859 0
v 408.25830078 34.12647247 0
v 408.25830078 34.12647247 100
v 408.23336792 34.26789093 0
v 408.23336792 34.26789093 100
v 408.2013855 34.40789413 100
v 408.2013855 34.40789413 0
v 408.1625061 34.54612732 100
v 408.1625061 34.54612732 0
v 408.11676025 34.68225098 0
v 408.11676025 34.68225098 100
v 408.06430054 34.81592178 100
v 408.06430054 34.81592178 0
v 408.00524902 34.94681549 0
v 408.00524902 34.94681549 100
v 407.93972778 35.07460403 100
v 407.93972778 35.07460403 0
v 407.86791992 35.19896317 100
v 407.86791992 35.19896317 0
v 407.79003906 35.31959152 0
v 407.79003906 35.31959152 100
v 407.70620728 35.43618774 100
v 407.70620728 35.43618774 0
v 407.6166687 35.5484581 100
v 407.6166687 35.5484581 0
v 407.52163696 35.65612793 0
v 407.52163696 35.65612793 100
v 407.42138672 35.75892639 100
v 407.42138672 35.75892639 0
v 407.31610107 35.85660172 0
v 407.31610107 35.85660172 100
v 407.20611572 35.94890594 100
v 407.20611572 35.94890594 0
v 407.09164429 36.03561401 100
v 407.09164429 36.03561401 0
v 406.97299194 36.11650467 100
v 406.97299194 36.11650467 0
v 408.29046631 15.90276909 0
v 408.29046631 15.90276909 100
v 406.97299194 13.4834938 100
v 406.85046387 13.40861607 0
v 406.97299194 13.4834938 0
v 406.85046387 13.40861607 100
v 407.09164429 13.56438732 100
v 407.09164429 13.56438732 0
v 407.20611572 13.65109444 100
v 407.20611572 13.65109444 0
v 407.31610107 13.74339867 100
v 407.31610107 13.74339867 0
v 407.42138672 13.84107208 0
v 407.42138672 13.84107208 100
v 407.52163696 13.9438715 100
v 407.52163696 13.9438715 0
v 407.6166687 14.05154037 100
v 407.6166687 14.05154037 0
v 407.70620728 14.16381168 100
v 407.70620728 14.16381168 0
v 407.79003906 14.28040695 100
v 407.79003906 14.28040695 0
v 407.86791992 14.40103531 0
v 407.86791992 14.40103531 100
v 407.93972778 14.5253973 100
v 407.93972778 14.5253973 0
v 408.00524902 14.65318394 100
v 408.00524902 14.65318394 0
v 408.06430054 14.78407669 100
v 408.06430054 14.78407669 0
v 408.11676025 14.91775036 100
v 408.11676025 14.91775036 0
v 408.1625061 15.05387402 0
v 408.1625061 15.05387402 100
v 408.2013855 15.1921072 100
v 408.2013855 15.1921072 0
v 408.23336792 15.33210754 100
v 408.23336792 15.33210754 0
v 408.25830078 15.47352695 100
v 408.25830078 15.47352695 0
v 408.27615356 15.61601353 100
v 408.27615356 15.61601353 0
v 408.28686523 15.75921249 100
v 408.28686523 15.75921249 0
v 167.00579834 99.41291809 100
v 167.00579834 127.87307739 0
v 167.00579834 99.41291809 0
v 167.00579834 127.87307739 100
v 170.38876343 131.42631531 100
v 170.56332397 131.43060303 0
v 170.38876343 131.42631531 0
v 170.56332397 131.43060303 100
v 170.21461487 131.41346741 100
v 170.21461487 131.41346741 0
v 170.0413208 131.39208984 0
v 170.0413208 131.39208984 100
v 169.86927795 131.36224365 100
v 169.86927795 131.36224365 0
v 169.69891357 131.32398987 100
v 169.69891357 131.32398987 0
v 169.53062439 131.27742004 100
v 169.53062439 131.27742004 0
v 169.36482239 131.22264099 100
v 169.36482239 131.22264099 0
v 169.20191956 131.1598053 100
v 169.20191956 131.1598053 0
v 169.0422821 131.08903503 0
v 169.0422821 131.08903503 100
v 168.88632202 131.01052856 100
v 168.88632202 131.01052856 0
v 168.73439026 130.92446899 0
v 168.73439026 130.92446899 100
v 168.58686829 130.83105469 0
v 168.58686829 130.83105469 100
v 168.44410706 130.73049927 100
v 168.44410706 130.73049927 0
v 168.30645752 130.62307739 0
v 168.30645752 130.62307739 100
v 168.17424011 130.5090332 0
v 168.17424011 130.5090332 100
v 168.04777527 130.3886261 100
v 168.04777527 130.3886261 0
v 167.92736816 130.26216125 100
v 167.92736816 130.26216125 0
v 167.81332397 130.12994385 100
v 167.81332397 130.12994385 0
v 167.70588684 129.99229431 0
v 167.70588684 129.99229431 100
v 167.60534668 129.84953308 100
v 167.60534668 129.84953308 0
v 167.51193237 129.70201111 100
v 167.51193237 129.70201111 0
v 167.4258728 129.55007935 100
v 167.4258728 129.55007935 0
v 167.34736633 129.39411926 0
v 167.34736633 129.39411926 100
v 167.27659607 129.23448181 100
v 167.27659607 129.23448181 0
v 167.21376038 129.07157898 100
v 167.21376038 129.07157898 0
v 167.15898132 128.90577698 100
v 167.15898132 128.90577698 0
v 167.1124115 128.73748779 100
v 167.1124115 128.73748779 0
v 167.07415771 128.56712341 100
v 167.07415771 128.56712341 0
v 167.04431152 128.39508057 0
v 167.04431152 128.39508057 100
v 167.02293396 128.22177124 100
v 167.02293396 128.22177124 0
v 167.01008606 128.04763794 100
v 167.01008606 128.04763794 0
v 222.74028015 131.43060303 0
v 222.74028015 131.43060303 100
v 226.29351807 128.04763794 100
v 226.29780579 127.87307739 0
v 226.29351807 128.04763794 0
v 226.29780579 127.87307739 100
v 226.28067017 128.22177124 100
v 226.28067017 128.22177124 0
v 226.2592926 128.39508057 0
v 226.2592926 128.39508057 100
v 226.22944641 128.56712341 100
v 226.22944641 128.56712341 0
v 226.19119263 128.73748779 100
v 226.19119263 128.73748779 0
v 226.14460754 128.90577698 100
v 226.14460754 128.90577698 0
v 226.08984375 129.07157898 100
v 226.08984375 129.07157898 0
v 226.0269928 129.23448181 100
v 226.0269928 129.23448181 0
v 225.95623779 129.39411926 0
v 225.95623779 129.39411926 100
v 225.87773132 129.55007935 100
v 225.87773132 129.55007935 0
v 225.79167175 129.70201111 0
v 225.79167175 129.70201111 100
v 225.69824219 129.84953308 0
v 225.69824219 129.84953308 100
v 225.59770203 129.99229431 100
v 225.59770203 129.99229431 0
v 225.49028015 130.12994385 0
v 225.49028015 130.12994385 100
v 225.37623596 130.26216125 0
v 225.37623596 130.26216125 100
v 225.25582886 130.3886261 100
v 225.25582886 130.3886261 0
v 225.12936401 130.5090332 100
v 225.12936401 130.5090332 0
v 224.99714661 130.62307739 100
v 224.99714661 130.62307739 0
v 224.85949707 130.73049927 0
v 224.85949707 130.73049927 100
v 224.71673584 130.83105469 100
v 224.71673584 130.83105469 0
v 224.56921387 130.92446899 100
v 224.56921387 130.92446899 0
v 224.4172821 131.01052856 100
v 224.4172821 131.01052856 0
v 224.26132202 131.08903503 0
v 224.26132202 131.08903503 100
v 224.10168457 131.1598053 100
v 224.10168457 131.1598053 0
v 223.93876648 131.22264099 100
v 223.93876648 131.22264099 0
v 223.77297974 131.27742004 100
v 223.77297974 131.27742004 0
v 223.60469055 131.32398987 100
v 223.60469055 131.32398987 0
v 223.43431091 131.36224365 100
v 223.43431091 131.36224365 0
v 223.26228333 131.39208984 0
v 223.26228333 131.39208984 100
v 223.088974 131.41346741 100
v 223.088974 131.41346741 0
v 222.9148407 131.42631531 100
v 222.9148407 131.42631531 0
v 226.29780579 99.41291809 0
v 226.29780579 99.41291809 100
v 222.9148407 95.85968781 100
v 222.74028015 95.85540009 0
v 222.9148407 95.85968781 0
v 222.74028015 95.85540009 100
v 223.088974 95.87252808 100
v 223.088974 95.87252808 0
v 223.26228333 95.89390564 0
v 223.26228333 95.89390564 100
v 223.43431091 95.92375946 100
v 223.43431091 95.92375946 0
v 223.60469055 95.96201324 100
v 223.60469055 95.96201324 0
v 223.77297974 96.00858307 100
v 223.77297974 96.00858307 0
v 223.93876648 96.06335449 100
v 223.93876648 96.06335449 0
v 224.10168457 96.12619781 100
v 224.10168457 96.12619781 0
v 224.26132202 96.19696045 0
v 224.26132202 96.19696045 100
v 224.4172821 96.27546692 100
v 224.4172821 96.27546692 0
v 224.56921387 96.36153412 0
v 224.56921387 96.36153412 100
v 224.71673584 96.45494843 0
v 224.71673584 96.45494843 100
v 224.85949707 96.55549622 100
v 224.85949707 96.55549622 0
v 224.99714661 96.66291809 0
v 224.99714661 96.66291809 100
v 225.12936401 96.77696991 0
v 225.12936401 96.77696991 100
v 225.25582886 96.89737701 100
v 225.25582886 96.89737701 0
v 225.37623596 97.02383423 100
v 225.37623596 97.02383423 0
v 225.49028015 97.15605164 100
v 225.49028015 97.15605164 0
v 225.59770203 97.2937088 0
v 225.59770203 97.2937088 100
v 225.69824219 97.43647003 100
v 225.69824219 97.43647003 0
v 225.79167175 97.583992 100
v 225.79167175 97.583992 0
v 225.87773132 97.73591614 100
v 225.87773132 97.73591614 0
v 225.95623779 97.89188385 0
v 225.95623779 97.89188385 100
v 226.0269928 98.05151367 100
v 226.0269928 98.05151367 0
v 226.08984375 98.21442413 100
v 226.08984375 98.21442413 0
v 226.14460754 98.38022614 100
v 226.14460754 98.38022614 0
v 226.19119263 98.54851532 100
v 226.19119263 98.54851532 0
v 226.22944641 98.7188797 100
v 226.22944641 98.7188797 0
v 226.2592926 98.89092255 0
v 226.2592926 98.89092255 100
v 226.28067017 99.06422424 100
v 226.28067017 99.06422424 0
v 226.29351807 99.23835754 100
v 226.29351807 99.23835754 0
v 218.90013123 95.85540009 0
v 218.90013123 95.85540009 100
v 215.41874695 98.68087006 100
v 215.38723755 98.85120392 0
v 215.41874695 98.68087006 0
v 215.38723755 98.85120392 100
v 215.45851135 98.51226807 100
v 215.45851135 98.51226807 0
v 215.50642395 98.34580231 0
v 215.50642395 98.34580231 100
v 215.56239319 98.18186951 100
v 215.56239319 98.18186951 0
v 215.62628174 98.02085114 100
v 215.62628174 98.02085114 0
v 215.69792175 97.86313629 0
v 215.69792175 97.86313629 100
v 215.77716064 97.70909119 100
v 215.77716064 97.70909119 0
v 215.86380005 97.55908966 100
v 215.86380005 97.55908966 0
v 215.9576416 97.41348267 0
v 215.9576416 97.41348267 100
v 216.05847168 97.27262115 100
v 216.05847168 97.27262115 0
v 216.16601562 97.13682556 100
v 216.16601562 97.13682556 0
v 216.28005981 97.00643158 100
v 216.28005981 97.00643158 0
v 216.40031433 96.88174438 100
v 216.40031433 96.88174438 0
v 216.52648926 96.76305389 100
v 216.52648926 96.76305389 0
v 216.65829468 96.65065002 0
v 216.65829468 96.65065002 100
v 216.79541016 96.5447998 100
v 216.79541016 96.5447998 0
v 216.93753052 96.44574738 100
v 216.93753052 96.44574738 0
v 217.08428955 96.35372162 100
v 217.08428955 96.35372162 0
v 217.23536682 96.26895905 0
v 217.23536682 96.26895905 100
v 217.39038086 96.19165039 100
v 217.39038086 96.19165039 0
v 217.54898071 96.12197113 100
v 217.54898071 96.12197113 0
v 217.71076965 96.06010437 100
v 217.71076965 96.06010437 0
v 217.87539673 96.00617981 100
v 217.87539673 96.00617981 0
v 218.04244995 95.96033478 0
v 218.04244995 95.96033478 100
v 218.21153259 95.92267609 100
v 218.21153259 95.92267609 0
v 218.38224792 95.89329529 100
v 218.38224792 95.89329529 0
v 218.55418396 95.87226105 0
v 218.55418396 95.87226105 100
v 218.72695923 95.85961914 100
v 218.72695923 95.85961914 0
v 215.21585083 99.77552795 0
v 215.21585083 99.77552795 100
v 214.99888611 100.69023132 0
v 214.99888611 100.69023132 100
v 214.7368927 101.59306335 0
v 214.7368927 101.59306335 100
v 214.43049622 102.48181152 0
v 214.43049622 102.48181152 100
v 214.08045959 103.35429382 0
v 214.08045959 103.35429382 100
v 213.68762207 104.20836639 0
v 213.68762207 104.20836639 100
v 213.25297546 105.04192352 0
v 213.25297546 105.04192352 100
v 212.77757263 105.85294342 0
v 212.77757263 105.85294342 100
v 212.2625885 106.63941193 0
v 212.2625885 106.63941193 100
v 211.70927429 107.39940643 0
v 211.70927429 107.39940643 100
v 211.11898804 108.13105774 0
v 211.11898804 108.13105774 100
v 210.49319458 108.83258057 0
v 210.49319458 108.83258057 100
v 209.8334198 109.50224304 0
v 209.8334198 109.50224304 100
v 209.14128113 110.13840485 0
v 209.14128113 110.13840485 100
v 208.41848755 110.73950195 0
v 208.41848755 110.73950195 100
v 207.66680908 111.30405426 0
v 207.66680908 111.30405426 100
v 206.88809204 111.83068848 0
v 206.88809204 111.83068848 100
v 206.08422852 112.31809998 0
v 206.08422852 112.31809998 100
v 205.25723267 112.76509857 0
v 205.25723267 112.76509857 100
v 204.40908813 113.17059326 0
v 204.40908813 113.17059326 100
v 203.54191589 113.53356934 0
v 203.54191589 113.53356934 100
v 202.65782166 113.85314941 0
v 202.65782166 113.85314941 100
v 201.75898743 114.12854767 0
v 201.75898743 114.12854767 100
v 200.84761047 114.35909271 0
v 200.84761047 114.35909271 100
v 199.9259491 114.54420471 0
v 199.9259491 114.54420471 100
v 198.99623108 114.68344116 0
v 198.99623108 114.68344116 100
v 198.0607605 114.77645111 0
v 198.0607605 114.77645111 100
v 197.12184143 114.82301331 0
v 197.12184143 114.82301331 100
v 196.1817627 114.82301331 0
v 196.1817627 114.82301331 100
v 195.24282837 114.77645111 0
v 195.24282837 114.77645111 100
v 194.30737305 114.68344116 0
v 194.30737305 114.68344116 100
v 193.37765503 114.54420471 0
v 193.37765503 114.54420471 100
v 192.45597839 114.35909271 0
v 192.45597839 114.35909271 100
v 191.54460144 114.12854767 100
v 191.54460144 114.12854767 0
v 190.64576721 113.85314941 0
v 190.64576721 113.85314941 100
v 189.76168823 113.53356934 0
v 189.76168823 113.53356934 100
v 188.89450073 113.17059326 0
v 188.89450073 113.17059326 100
v 188.04637146 112.76509857 0
v 188.04637146 112.76509857 100
v 187.21936035 112.31809998 0
v 187.21936035 112.31809998 100
v 186.41551208 111.83068848 100
v 186.41551208 111.83068848 0
v 185.63679504 111.30405426 0
v 185.63679504 111.30405426 100
v 184.88511658 110.73950195 100
v 184.88511658 110.73950195 0
v 184.16230774 110.13840485 0
v 184.16230774 110.13840485 100
v 183.47018433 109.50224304 0
v 183.47018433 109.50224304 100
v 182.81040955 108.83258057 100
v 182.81040955 108.83258057 0
v 182.18461609 108.13105774 100
v 182.18461609 108.13105774 0
v 181.59432983 107.39940643 100
v 181.59432983 107.39940643 0
v 181.04101562 106.63941193 100
v 181.04101562 106.63941193 0
v 180.52603149 105.85294342 0
v 180.52603149 105.85294342 100
v 180.05062866 105.04192352 0
v 180.05062866 105.04192352 100
v 179.6159668 104.20836639 100
v 179.6159668 104.20836639 0
v 179.22314453 103.35429382 0
v 179.22314453 103.35429382 100
v 178.87310791 102.48181152 100
v 178.87310791 102.48181152 0
v 178.56671143 101.59306335 100
v 178.56671143 101.59306335 0
v 178.30470276 100.69023132 0
v 178.30470276 100.69023132 100
v 178.0877533 99.77552795 100
v 178.0877533 99.77552795 0
v 177.91636658 98.85120392 100
v 177.91636658 98.85120392 0
v 174.5766449 95.85961914 100
v 174.4034729 95.85540009 0
v 174.5766449 95.85961914 0
v 174.4034729 95.85540009 100
v 174.74940491 95.87226105 100
v 174.74940491 95.87226105 0
v 174.9213562 95.89329529 100
v 174.9213562 95.89329529 0
v 175.09207153 95.92267609 100
v 175.09207153 95.92267609 0
v 175.26115417 95.96033478 100
v 175.26115417 95.96033478 0
v 175.4282074 96.00617981 0
v 175.4282074 96.00617981 100
v 175.59281921 96.06010437 100
v 175.59281921 96.06010437 0
v 175.75462341 96.12197113 100
v 175.75462341 96.12197113 0
v 175.91322327 96.19165039 0
v 175.91322327 96.19165039 100
v 176.0682373 96.26895905 100
v 176.0682373 96.26895905 0
v 176.21931458 96.35372162 0
v 176.21931458 96.35372162 100
v 176.36607361 96.44574738 100
v 176.36607361 96.44574738 0
v 176.50817871 96.5447998 100
v 176.50817871 96.5447998 0
v 176.64530945 96.65065002 100
v 176.64530945 96.65065002 0
v 176.77711487 96.76305389 100
v 176.77711487 96.76305389 0
v 176.90328979 96.88174438 100
v 176.90328979 96.88174438 0
v 177.02354431 97.00643158 100
v 177.02354431 97.00643158 0
v 177.13757324 97.13682556 100
v 177.13757324 97.13682556 0
v 177.24513245 97.27262115 100
v 177.24513245 97.27262115 0
v 177.34594727 97.41348267 100
v 177.34594727 97.41348267 0
v 177.43978882 97.55908966 100
v 177.43978882 97.55908966 0
v 177.52644348 97.70909119 0
v 177.52644348 97.70909119 100
v 177.60566711 97.86313629 100
v 177.60566711 97.86313629 0
v 177.67732239 98.02085114 100
v 177.67732239 98.02085114 0
v 177.74119568 98.18186951 100
v 177.74119568 98.18186951 0
v 177.79716492 98.34580231 100
v 177.79716492 98.34580231 0
v 177.84509277 98.51226807 100
v 177.84509277 98.51226807 0
v 177.88485718 98.68087006 100
v 177.88485718 98.68087006 0
v 170.56332397 95.85540009 0
v 170.56332397 95.85540009 100
v 167.01008606 99.23835754 100
v 167.01008606 99.23835754 0
v 167.02293396 99.06422424 100
v 167.02293396 99.06422424 0
v 167.04431152 98.89092255 0
v 167.04431152 98.89092255 100
v 167.07415771 98.7188797 100
v 167.07415771 98.7188797 0
v 167.1124115 98.54851532 100
v 167.1124115 98.54851532 0
v 167.15898132 98.38022614 100
v 167.15898132 98.38022614 0
v 167.21376038 98.21442413 100
v 167.21376038 98.21442413 0
v 167.27659607 98.05151367 100
v 167.27659607 98.05151367 0
v 167.34736633 97.89188385 0
v 167.34736633 97.89188385 100
v 167.4258728 97.73591614 100
v 167.4258728 97.73591614 0
v 167.51193237 97.583992 0
v 167.51193237 97.583992 100
v 167.60534668 97.43647003 0
v 167.60534668 97.43647003 100
v 167.70588684 97.2937088 100
v 167.70588684 97.2937088 0
v 167.81332397 97.15605164 0
v 167.81332397 97.15605164 100
v 167.92736816 97.02383423 0
v 167.92736816 97.02383423 100
v 168.04777527 96.89737701 100
v 168.04777527 96.89737701 0
v 168.17424011 96.77696991 100
v 168.17424011 96.77696991 0
v 168.30645752 96.66291809 100
v 168.30645752 96.66291809 0
v 168.44410706 96.55549622 0
v 168.44410706 96.55549622 100
v 168.58686829 96.45494843 100
v 168.58686829 96.45494843 0
v 168.73439026 96.36153412 100
v 168.73439026 96.36153412 0
v 168.88632202 96.27546692 100
v 168.88632202 96.27546692 0
v 169.0422821 96.19696045 0
v 169.0422821 96.19696045 100
v 169.20191956 96.12619781 100
v 169.20191956 96.12619781 0
v 169.36482239 96.06335449 100
v 169.36482239 96.06335449 0
v 169.53062439 96.00858307 100
v 169.53062439 96.00858307 0
v 169.69891357 95.96201324 100
v 169.69891357 95.96201324 0
v 169.86927795 95.92375946 100
v 169.86927795 95.92375946 0
v 170.0413208 95.89390564 0
v 170.0413208 95.89390564 100
v 170.21461487 95.87252808 100
v 170.21461487 95.87252808 0
v 170.38876343 95.85968781 100
v 170.38876343 95.85968781 0
v 686.77044678 123.68318939 100
v 686.75030518 124.49150085 100
v 686.75030518 124.49150085 0
v 686.77044678 123.68318939 0
v 686.83087158 122.87688446 0
v 686.83087158 122.87688446 100
v 686.93139648 122.07460022 0
v 686.93139648 122.07460022 100
v 687.07183838 121.27832031 100
v 687.07183838 121.27832031 0
v 687.25177002 120.49003601 100
v 687.25177002 120.49003601 0
v 687.47076416 119.71169281 0
v 687.47076416 119.71169281 100
v 687.72827148 118.94523621 100
v 687.72827148 118.94523621 0
v 688.02368164 118.19256592 100
v 688.02368164 118.19256592 0
v 688.35620117 117.45555115 100
v 688.35620117 117.45555115 0
v 688.72509766 116.73603821 100
v 688.72509766 116.73603821 0
v 689.12939453 116.03580475 100
v 689.12939453 116.03580475 0
v 689.5680542 115.35659027 0
v 689.5680542 115.35659027 100
v 690.04003906 114.7000885 100
v 690.04003906 114.7000885 0
v 690.54418945 114.0679245 0
v 690.54418945 114.0679245 100
v 691.0791626 113.46168518 0
v 691.0791626 113.46168518 100
v 691.64373779 112.88285828 100
v 691.64373779 112.88285828 0
v 692.2364502 112.332901 0
v 692.2364502 112.332901 100
v 692.85583496 111.81316376 0
v 692.85583496 111.81316376 100
v 693.50036621 111.32495117 100
v 693.50036621 111.32495117 0
v 694.16845703 110.86946869 0
v 694.16845703 110.86946869 100
v 694.85839844 110.44786072 100
v 694.85839844 110.44786072 0
v 695.56848145 110.06115723 100
v 695.56848145 110.06115723 0
v 696.29699707 109.71034241 100
v 696.29699707 109.71034241 0
v 697.04205322 109.39626312 0
v 697.04205322 109.39626312 100
v 697.80187988 109.11972046 100
v 697.80187988 109.11972046 0
v 698.57452393 108.88139343 100
v 698.57452393 108.88139343 0
v 699.35803223 108.68187714 100
v 699.35803223 108.68187714 0
v 700.15057373 108.52165985 0
v 700.15057373 108.52165985 100
v 700.95013428 108.40115356 0
v 700.95013428 108.40115356 100
v 701.75463867 108.32064056 100
v 701.75463867 108.32064056 0
v 702.56219482 108.2803421 100
v 702.56219482 108.2803421 0
v 703.37078857 108.2803421 100
v 703.37078857 108.2803421 0
v 704.17834473 108.32064056 100
v 704.17834473 108.32064056 0
v 704.98291016 108.40115356 100
v 704.98291016 108.40115356 0
v 705.78240967 108.52165985 0
v 705.78240967 108.52165985 100
v 706.57495117 108.68187714 100
v 706.57495117 108.68187714 0
v 707.35852051 108.88139343 100
v 707.35852051 108.88139343 0
v 708.13116455 109.11972046 100
v 708.13116455 109.11972046 0
v 708.89093018 109.39626312 100
v 708.89093018 109.39626312 0
v 709.63598633 109.71034241 100
v 709.63598633 109.71034241 0
v 710.36450195 110.06115723 100
v 710.36450195 110.06115723 0
v 711.07458496 110.44786072 100
v 711.07458496 110.44786072 0
v 711.76452637 110.86946869 0
v 711.76452637 110.86946869 100
v 712.43261719 111.32495117 100
v 712.43261719 111.32495117 0
v 713.07714844 111.81316376 100
v 713.07714844 111.81316376 0
v 713.6965332 112.332901 100
v 713.6965332 112.332901 0
v 714.28924561 112.88285828 100
v 714.28924561 112.88285828 0
v 714.8538208 113.46168518 100
v 714.8538208 113.46168518 0
v 715.38885498 114.0679245 100
v 715.38885498 114.0679245 0
v 715.89294434 114.7000885 100
v 715.89294434 114.7000885 0
v 716.3649292 115.35659027 100
v 716.3649292 115.35659027 0
v 716.8036499 116.03580475 100
v 716.8036499 116.03580475 0
v 717.20794678 116.73603821 100
v 717.20794678 116.73603821 0
v 717.57678223 117.45555115 100
v 717.57678223 117.45555115 0
v 717.90936279 118.19256592 100
v 717.90936279 118.19256592 0
v 718.20477295 118.94523621 100
v 718.20477295 118.94523621 0
v 718.46228027 119.71169281 100
v 718.46228027 119.71169281 0
v 718.68127441 120.49003601 100
v 718.68127441 120.49003601 0
v 718.86114502 121.27832031 0
v 718.86114502 121.27832031 100
v 719.00158691 122.07460022 100
v 719.00158691 122.07460022 0
v 719.10211182 122.87688446 100
v 719.10211182 122.87688446 0
v 719.16253662 123.68318939 0
v 719.16253662 123.68318939 100
v 719.18267822 124.49150085 100
v 719.18267822 124.49150085 0
v 719.16253662 125.29981232 100
v 719.16253662 125.29981232 0
v 719.10211182 126.10610962 100
v 719.10211182 126.10610962 0
v 719.00158691 126.90840149 100
v 719.00158691 126.90840149 0
v 718.86114502 127.70467377 100
v 718.86114502 127.70467377 0
v 718.68127441 128.4929657 100
v 718.68127441 128.4929657 0
v 718.46228027 129.27130127 100
v 718.46228027 129.27130127 0
v 718.20477295 130.0377655 100
v 718.20477295 130.0377655 0
v 717.90936279 130.79043579 100
v 717.90936279 130.79043579 0
v 717.57678223 131.52745056 100
v 717.57678223 131.52745056 0
v 717.20794678 132.2469635 100
v 717.20794678 132.2469635 0
v 716.8036499 132.94720459 100
v 716.8036499 132.94720459 0
v 716.3649292 133.62640381 100
v 716.3649292 133.62640381 0
v 715.89294434 134.28291321 0
v 715.89294434 134.28291321 100
v 715.38885498 134.91506958 100
v 715.38885498 134.91506958 0
v 714.8538208 135.52131653 100
v 714.8538208 135.52131653 0
v 714.28924561 136.10014343 100
v 714.28924561 136.10014343 0
v 713.6965332 136.65010071 100
v 713.6965332 136.65010071 0
v 713.07714844 137.16983032 100
v 713.07714844 137.16983032 0
v 712.43261719 137.65805054 100
v 712.43261719 137.65805054 0
v 711.76452637 138.11352539 100
v 711.76452637 138.11352539 0
v 711.07458496 138.53514099 100
v 711.07458496 138.53514099 0
v 710.36450195 138.92184448 100
v 710.36450195 138.92184448 0
v 709.63598633 139.2726593 100
v 709.63598633 139.2726593 0
v 708.89093018 139.58673096 0
v 708.89093018 139.58673096 100
v 708.13116455 139.86328125 100
v 708.13116455 139.86328125 0
v 707.35852051 140.10160828 100
v 707.35852051 140.10160828 0
v 706.57495117 140.3011322 100
v 706.57495117 140.3011322 0
v 705.78240967 140.46133423 100
v 705.78240967 140.46133423 0
v 704.98291016 140.58184814 100
v 704.98291016 140.58184814 0
v 704.17834473 140.66235352 100
v 704.17834473 140.66235352 0
v 703.37078857 140.70266724 100
v 703.37078857 140.70266724 0
v 702.56219482 140.70266724 100
v 702.56219482 140.70266724 0
v 701.75463867 140.66235352 100
v 701.75463867 140.66235352 0
v 700.95013428 140.58184814 100
v 700.95013428 140.58184814 0
v 700.15057373 140.46133423 100
v 700.15057373 140.46133423 0
v 699.35803223 140.3011322 100
v 699.35803223 140.3011322 0
v 698.57452393 140.10160828 100
v 698.57452393 140.10160828 0
v 697.80187988 139.86328125 100
v 697.80187988 139.86328125 0
v 697.04205322 139.58673096 100
v 697.04205322 139.58673096 0
v 696.29699707 139.2726593 100
v 696.29699707 139.2726593 0
v 695.56848145 138.92184448 100
v 695.56848145 138.92184448 0
v 694.85839844 138.53514099 100
v 694.85839844 138.53514099 0
v 694.16845703 138.11352539 100
v 694.16845703 138.11352539 0
v 693.50036621 137.65805054 0
v 693.50036621 137.65805054 100
v 692.85583496 137.16983032 100
v 692.85583496 137.16983032 0
v 692.2364502 136.65010071 100
v 692.2364502 136.65010071 0
v 691.64373779 136.10014343 100
v 691.64373779 136.10014343 0
v 691.0791626 135.52131653 0
v 691.0791626 135.52131653 100
v 690.54418945 134.91506958 100
v 690.54418945 134.91506958 0
v 690.04003906 134.28291321 0
v 690.04003906 134.28291321 100
v 689.5680542 133.62640381 100
v 689.5680542 133.62640381 0
v 689.12939453 132.94720459 0
v 689.12939453 132.94720459 100
v 688.72509766 132.2469635 100
v 688.72509766 132.2469635 0
v 688.35620117 131.52745056 100
v 688.35620117 131.52745056 0
v 688.02368164 130.79043579 100
v 688.02368164 130.79043579 0
v 687.72827148 130.0377655 100
v 687.72827148 130.0377655 0
v 687.47076416 129.27130127 100
v 687.47076416 129.27130127 0
v 687.25177002 128.4929657 100
v 687.25177002 128.4929657 0
v 687.07183838 127.70467377 100
v 687.07183838 127.70467377 0
v 686.93139648 126.90840149 100
v 686.93139648 126.90840149 0
v 686.83087158 126.10610962 100
v 686.83087158 126.10610962 0
v 686.77044678 125.29981232 100
v 686.77044678 125.29981232 0
v 595.00750732 -67.61680603 100
v 605.00750732 -50.29629898 95
v 605.00750732 -50.29629898 100
v 595.00750732 -67.61680603 95
v 599.81134033 -41.29629898 95
v 579.81134033 -41.29629898 100
v 599.81134033 -41.29629898 100
v 579.81134033 -41.29629898 95
v 574.61517334 -50.29629898 100
v 584.61517334 -67.61680603 95
v 584.61517334 -67.61680603 100
v 574.61517334 -50.29629898 95
v 575.51611328 -51.48572159 100
v 584.05438232 -66.3072052 100
v 583.98046875 -66.03136444 100
v 575.73028564 -51.6946106 100
v 583.91973877 -65.75231934 100
v 575.95458984 -51.89256668 100
v 583.87243652 -65.4706955 100
v 576.1885376 -52.07909393 100
v 583.83850098 -65.18714142 100
v 576.43139648 -52.25373459 100
v 583.81811523 -64.90229797 100
v 576.68273926 -52.41604614 100
v 583.81134033 -64.61680603 100
v 576.9418335 -52.56562805 100
v 583.81872559 -64.31975555 100
v 577.20800781 -52.70211411 100
v 583.84075928 -64.02342224 100
v 577.48071289 -52.82515717 100
v 583.87744141 -63.72855377 100
v 577.75921631 -52.93445587 100
v 583.92871094 -63.43585968 100
v 578.04278564 -53.02973557 100
v 583.99438477 -63.14606094 100
v 578.33081055 -53.11076355 100
v 584.07434082 -62.85987091 100
v 578.62243652 -53.17733383 100
v 584.16833496 -62.57799149 100
v 578.91711426 -53.22928619 100
v 584.27624512 -62.30110931 100
v 579.21392822 -53.26648331 100
v 584.39764404 -62.02991104 100
v 579.51226807 -53.28884125 100
v 584.53234863 -61.76505661 100
v 579.81134033 -53.29629898 100
v 584.68005371 -61.50719452 100
v 580.1104126 -53.28884125 100
v 584.840271 -61.25695801 100
v 580.40875244 -53.26648331 100
v 585.01269531 -61.01496506 100
v 580.70556641 -53.22928619 100
v 585.19696045 -60.78180695 100
v 581.00024414 -53.17733383 100
v 585.39245605 -60.55805206 100
v 581.29187012 -53.11076355 100
v 585.59881592 -60.34425354 100
v 581.57989502 -53.02973557 100
v 585.81549072 -60.14093399 100
v 581.86346436 -52.93445587 100
v 586.04199219 -59.94859314 100
v 582.14196777 -52.82515717 100
v 586.277771 -59.7677002 100
v 582.41461182 -52.70211411 100
v 586.52215576 -59.59870148 100
v 582.68084717 -52.56562805 100
v 586.7746582 -59.44201279 100
v 582.93994141 -52.41604614 100
v 587.0345459 -59.29801559 100
v 583.19128418 -52.25373459 100
v 587.30133057 -59.16706085 100
v 583.43414307 -52.07909393 100
v 587.57421875 -59.04947281 100
v 583.66809082 -51.89256668 100
v 587.8526001 -58.94554138 100
v 583.89239502 -51.6946106 100
v 588.13574219 -58.85551834 100
v 584.10656738 -51.48572159 100
v 588.42303467 -58.77962875 100
v 584.30999756 -51.26641464 100
v 588.71374512 -58.71805573 100
v 584.50231934 -51.03723907 100
v 589.00714111 -58.67094803 100
v 584.6829834 -50.79876328 100
v 589.30249023 -58.63842392 100
v 584.85150146 -50.55157852 100
v 589.59912109 -58.62056351 100
v 585.00750732 -50.29629898 100
v 589.89624023 -58.61740875 100
v 595.58972168 -51.55984497 100
v 591.36425781 -58.82125473 100
v 591.64929199 -58.90524292 100
v 595.38433838 -51.34619904 100
v 591.07543945 -58.75147629 100
v 595.80535889 -51.76309204 100
v 591.92980957 -59.00324249 100
v 595.1897583 -51.12266922 100
v 590.78344727 -58.69608688 100
v 596.03082275 -51.95544434 100
v 592.20513916 -59.11501312 100
v 595.00646973 -50.88980865 100
v 590.48913574 -58.65521622 100
v 596.26550293 -52.13642883 100
v 592.47460938 -59.24027252 100
v 594.8348999 -50.64818192 100
v 590.19317627 -58.6289711 100
v 596.50878906 -52.30560303 100
v 592.73748779 -59.37872314 100
v 594.67547607 -50.39837646 100
v 596.76013184 -52.46256256 100
v 592.9932251 -59.53002167 100
v 594.52856445 -50.14100266 100
v 585.15057373 -50.03356552 100
v 597.01898193 -52.60691452 100
v 593.24121094 -59.69379425 100
v 594.39453125 -49.87668991 100
v 585.28039551 -49.76402283 100
v 597.28460693 -52.73831558 100
v 593.48071289 -59.86964035 100
v 594.27374268 -49.60608292 100
v 585.39660645 -49.4883461 100
v 597.55639648 -52.85643768 100
v 593.71124268 -60.05712891 100
v 594.16644287 -49.32984161 100
v 585.49890137 -49.20721817 100
v 597.8336792 -52.96099854 100
v 593.93218994 -60.25580597 100
v 594.07293701 -49.0486412 100
v 585.58709717 -48.92134476 100
v 598.11578369 -53.05173874 100
v 594.14306641 -60.46517563 100
v 593.9934082 -48.76316452 100
v 585.66088867 -48.63142395 100
v 598.40203857 -53.12843704 100
v 594.34332275 -60.68472672 100
v 593.92810059 -48.47410965 100
v 585.72021484 -48.33818817 100
v 598.69171143 -53.19091034 100
v 594.53240967 -60.91392517 100
v 593.8770752 -48.1821785 100
v 585.76477051 -48.04236221 100
v 598.98413086 -53.23900223 100
v 594.70996094 -61.15220261 100
v 593.84057617 -47.88808823 100
v 585.79455566 -47.74468231 100
v 599.27856445 -53.27259827 100
v 594.87548828 -61.39897919 100
v 593.81866455 -47.592556 100
v 585.80944824 -47.4458847 100
v 599.57427979 -53.29161453 100
v 595.02856445 -61.65364838 100
v 593.81134033 -47.29629898 100
v 585.80944824 -47.14671707 100
v 599.87060547 -53.29600906 100
v 595.16888428 -61.91558456 100
v 593.81854248 -47.0018959 100
v 585.79455566 -46.84791946 100
v 600.16680908 -53.28576279 100
v 595.29608154 -62.18414688 100
v 593.84020996 -46.70819855 100
v 585.76477051 -46.55023956 100
v 600.46209717 -53.26090622 100
v 595.40979004 -62.45867538 100
v 593.87628174 -46.41591644 100
v 585.72021484 -46.25440979 100
v 600.75579834 -53.2215004 100
v 595.50976562 -62.73849869 100
v 593.92663574 -46.12575912 100
v 585.66088867 -45.96117401 100
v 601.04724121 -53.16764069 100
v 595.59576416 -63.02292633 100
v 593.9911499 -45.83842087 100
v 585.58709717 -45.67125702 100
v 601.33563232 -53.09945679 100
v 595.66760254 -63.31126404 100
v 594.06970215 -45.55459213 100
v 585.49890137 -45.38537979 100
v 601.62030029 -53.01711273 100
v 595.72503662 -63.60280228 100
v 594.16204834 -45.27495956 100
v 585.39660645 -45.10425568 100
v 601.90057373 -52.92081833 100
v 595.76800537 -63.89683151 100
v 594.26806641 -45.00019836 100
v 585.28039551 -44.82857895 100
v 602.17572021 -52.81080246 100
v 595.79632568 -64.19261932 100
v 594.38739014 -44.73096848 100
v 585.15057373 -44.55903625 100
v 602.44512939 -52.68733215 100
v 595.80999756 -64.48945618 100
v 594.51983643 -44.4679184 100
v 585.00750732 -44.29629898 100
v 602.70806885 -52.55070877 100
v 595.80895996 -64.78659821 100
v 594.66497803 -44.21168518 100
v 584.85150146 -44.04102325 100
v 602.96398926 -52.40127182 100
v 595.79315186 -65.08332825 100
v 594.82250977 -43.96287918 100
v 584.6829834 -43.7938385 100
v 603.21221924 -52.23937988 100
v 595.76275635 -65.37891388 100
v 594.99206543 -43.72210312 100
v 584.50231934 -43.5553627 100
v 603.45214844 -52.06542587 100
v 595.7177124 -65.67263031 100
v 595.17327881 -43.48994064 100
v 584.30999756 -43.32618332 100
v 603.6831665 -51.87984085 100
v 595.65820312 -65.96376038 100
v 595.36566162 -43.26694489 100
v 584.10656738 -43.10688019 100
v 603.90478516 -51.68307495 100
v 595.58435059 -66.25157928 100
v 595.56872559 -43.05366135 100
v 583.89239502 -42.89798737 100
v 604.11639404 -51.47560501 100
v 595.78198242 -42.85059357 100
v 583.66809082 -42.7000351 100
v 596.00500488 -42.65823746 100
v 583.43414307 -42.51350403 100
v 596.23712158 -42.4770546 100
v 583.19128418 -42.33886719 100
v 596.47790527 -42.30748367 100
v 582.93994141 -42.17655563 100
v 596.72674561 -42.14992905 100
v 582.68084717 -42.02696991 100
v 596.98297119 -42.00477219 100
v 582.41461182 -41.89048767 100
v 597.24603271 -41.87236404 100
v 584.47833252 -67.36616516 100
v 574.7711792 -50.55157852 100
v 584.35357666 -67.10929871 100
v 574.93969727 -50.79876328 100
v 584.2411499 -66.8467865 100
v 575.12036133 -51.03723907 100
v 584.14135742 -66.579216 100
v 575.31262207 -51.26641464 100
v 604.85302734 -50.54920578 100
v 595.1496582 -67.35587311 100
v 604.6862793 -50.79417801 100
v 595.27868652 -67.08821869 100
v 604.50762939 -51.03061295 100
v 595.39434814 -66.8144989 100
v 604.31750488 -51.2579422 100
v 595.49633789 -66.53539276 100
v 599.51690674 -41.30352783 100
v 580.1104126 -41.30376053 100
v 599.2232666 -41.3251915 100
v 580.40875244 -41.32611465 100
v 598.93096924 -41.36124039 100
v 580.70556641 -41.36331558 100
v 598.64080811 -41.41158676 100
v 581.00024414 -41.41526413 100
v 598.35345459 -41.47611237 100
v 581.29187012 -41.48183823 100
v 598.06964111 -41.55465698 100
v 581.57989502 -41.5628624 100
v 597.78997803 -41.64703751 100
v 581.86346436 -41.6581459 100
v 597.51525879 -41.75302124 100
v 582.14196777 -41.76744461 100
v 584.05438232 -66.3072052 95
v 575.51611328 -51.48572159 95
v 583.98046875 -66.03136444 95
v 575.73028564 -51.6946106 95
v 583.91973877 -65.75231934 95
v 575.95458984 -51.89256668 95
v 583.87243652 -65.4706955 95
v 576.1885376 -52.07909393 95
v 583.83850098 -65.18714142 95
v 576.43139648 -52.25373459 95
v 583.81811523 -64.90229797 95
v 576.68273926 -52.41604614 95
v 583.81134033 -64.61680603 95
v 576.9418335 -52.56562805 95
v 583.81872559 -64.31975555 95
v 577.20800781 -52.70211411 95
v 583.84075928 -64.02342224 95
v 577.48071289 -52.82515717 95
v 583.87744141 -63.72855377 95
v 577.75921631 -52.93445587 95
v 583.92871094 -63.43585968 95
v 578.04278564 -53.02973557 95
v 583.99438477 -63.14606094 95
v 578.33081055 -53.11076355 95
v 584.07434082 -62.85987091 95
v 578.62243652 -53.17733383 95
v 584.16833496 -62.57799149 95
v 578.91711426 -53.22928619 95
v 584.27624512 -62.30110931 95
v 579.21392822 -53.26648331 95
v 584.39764404 -62.02991104 95
v 579.51226807 -53.28884125 95
v 584.53234863 -61.76505661 95
v 579.81134033 -53.29629898 95
v 584.68005371 -61.50719452 95
v 580.1104126 -53.28884125 95
v 584.840271 -61.25695801 95
v 580.40875244 -53.26648331 95
v 585.01269531 -61.01496506 95
v 580.70556641 -53.22928619 95
v 585.19696045 -60.78180695 95
v 581.00024414 -53.17733383 95
v 585.39245605 -60.55805206 95
v 581.29187012 -53.11076355 95
v 585.59881592 -60.34425354 95
v 581.57989502 -53.02973557 95
v 585.81549072 -60.14093399 95
v 581.86346436 -52.93445587 95
v 586.04199219 -59.94859314 95
v 582.14196777 -52.82515717 95
v 586.277771 -59.7677002 95
v 582.41461182 -52.70211411 95
v 586.52215576 -59.59870148 95
v 582.68084717 -52.56562805 95
v 586.7746582 -59.44201279 95
v 582.93994141 -52.41604614 95
v 587.0345459 -59.29801559 95
v 583.19128418 -52.25373459 95
v 587.30133057 -59.16706085 95
v 583.43414307 -52.07909393 95
v 587.57421875 -59.04947281 95
v 583.66809082 -51.89256668 95
v 587.8526001 -58.94554138 95
v 583.89239502 -51.6946106 95
v 588.13574219 -58.85551834 95
v 584.10656738 -51.48572159 95
v 588.42303467 -58.77962875 95
v 584.30999756 -51.26641464 95
v 588.71374512 -58.71805573 95
v 584.50231934 -51.03723907 95
v 589.00714111 -58.67094803 95
v 584.6829834 -50.79876328 95
v 589.30249023 -58.63842392 95
v 584.85150146 -50.55157852 95
v 589.59912109 -58.62056351 95
v 585.00750732 -50.29629898 95
v 589.89624023 -58.61740875 95
v 591.36425781 -58.82125473 95
v 595.58972168 -51.55984497 95
v 591.64929199 -58.90524292 95
v 595.38433838 -51.34619904 95
v 591.07543945 -58.75147629 95
v 595.80535889 -51.76309204 95
v 591.92980957 -59.00324249 95
v 590.78344727 -58.69608688 95
v 595.1897583 -51.12266922 95
v 596.03082275 -51.95544434 95
v 592.20513916 -59.11501312 95
v 590.48913574 -58.65521622 95
v 595.00646973 -50.88980865 95
v 596.26550293 -52.13642883 95
v 592.47460938 -59.24027252 95
v 590.19317627 -58.6289711 95
v 594.8348999 -50.64818192 95
v 596.50878906 -52.30560303 95
v 592.73748779 -59.37872314 95
v 594.67547607 -50.39837646 95
v 596.76013184 -52.46256256 95
v 592.9932251 -59.53002167 95
v 594.52856445 -50.14100266 95
v 585.15057373 -50.03356552 95
v 597.01898193 -52.60691452 95
v 593.24121094 -59.69379425 95
v 594.39453125 -49.87668991 95
v 585.28039551 -49.76402283 95
v 597.28460693 -52.73831558 95
v 593.48071289 -59.86964035 95
v 585.39660645 -49.4883461 95
v 594.27374268 -49.60608292 95
v 597.55639648 -52.85643768 95
v 593.71124268 -60.05712891 95
v 585.49890137 -49.20721817 95
v 594.16644287 -49.32984161 95
v 597.8336792 -52.96099854 95
v 593.93218994 -60.25580597 95
v 585.58709717 -48.92134476 95
v 594.07293701 -49.0486412 95
v 598.11578369 -53.05173874 95
v 594.14306641 -60.46517563 95
v 585.66088867 -48.63142395 95
v 593.9934082 -48.76316452 95
v 598.40203857 -53.12843704 95
v 594.34332275 -60.68472672 95
v 585.72021484 -48.33818817 95
v 593.92810059 -48.47410965 95
v 598.69171143 -53.19091034 95
v 594.53240967 -60.91392517 95
v 585.76477051 -48.04236221 95
v 593.8770752 -48.1821785 95
v 598.98413086 -53.23900223 95
v 594.70996094 -61.15220261 95
v 585.79455566 -47.74468231 95
v 593.84057617 -47.88808823 95
v 599.27856445 -53.27259827 95
v 594.87548828 -61.39897919 95
v 585.80944824 -47.4458847 95
v 593.81866455 -47.592556 95
v 599.57427979 -53.29161453 95
v 595.02856445 -61.65364838 95
v 585.80944824 -47.14671707 95
v 593.81134033 -47.29629898 95
v 599.87060547 -53.29600906 95
v 595.16888428 -61.91558456 95
v 585.79455566 -46.84791946 95
v 593.81854248 -47.0018959 95
v 600.16680908 -53.28576279 95
v 595.29608154 -62.18414688 95
v 585.76477051 -46.55023956 95
v 593.84020996 -46.70819855 95
v 600.46209717 -53.26090622 95
v 595.40979004 -62.45867538 95
v 593.87628174 -46.41591644 95
v 585.72021484 -46.25440979 95
v 600.75579834 -53.2215004 95
v 595.50976562 -62.73849869 95
v 593.92663574 -46.12575912 95
v 585.66088867 -45.96117401 95
v 601.04724121 -53.16764069 95
v 595.59576416 -63.02292633 95
v 593.9911499 -45.83842087 95
v 585.58709717 -45.67125702 95
v 601.33563232 -53.09945679 95
v 595.66760254 -63.31126404 95
v 594.06970215 -45.55459213 95
v 585.49890137 -45.38537979 95
v 601.62030029 -53.01711273 95
v 595.72503662 -63.60280228 95
v 594.16204834 -45.27495956 95
v 585.39660645 -45.10425568 95
v 601.90057373 -52.92081833 95
v 595.76800537 -63.89683151 95
v 594.26806641 -45.00019836 95
v 585.28039551 -44.82857895 95
v 602.17572021 -52.81080246 95
v 595.79632568 -64.19261932 95
v 585.15057373 -44.55903625 95
v 594.38739014 -44.73096848 95
v 602.44512939 -52.68733215 95
v 595.80999756 -64.48945618 95
v 585.00750732 -44.29629898 95
v 594.51983643 -44.4679184 95
v 602.70806885 -52.55070877 95
v 595.80895996 -64.78659821 95
v 594.66497803 -44.21168518 95
v 584.85150146 -44.04102325 95
v 602.96398926 -52.40127182 95
v 595.79315186 -65.08332825 95
v 594.82250977 -43.96287918 95
v 584.6829834 -43.7938385 95
v 603.21221924 -52.23937988 95
v 595.76275635 -65.37891388 95
v 594.99206543 -43.72210312 95
v 584.50231934 -43.5553627 95
v 603.45214844 -52.06542587 95
v 595.7177124 -65.67263031 95
v 595.17327881 -43.48994064 95
v 584.30999756 -43.32618332 95
v 603.6831665 -51.87984085 95
v 595.65820312 -65.96376038 95
v 595.36566162 -43.26694489 95
v 584.10656738 -43.10688019 95
v 603.90478516 -51.68307495 95
v 595.58435059 -66.25157928 95
v 595.56872559 -43.05366135 95
v 583.89239502 -42.89798737 95
v 604.11639404 -51.47560501 95
v 595.78198242 -42.85059357 95
v 583.66809082 -42.7000351 95
v 596.00500488 -42.65823746 95
v 583.43414307 -42.51350403 95
v 596.23712158 -42.4770546 95
v 583.19128418 -42.33886719 95
v 596.47790527 -42.30748367 95
v 582.93994141 -42.17655563 95
v 596.72674561 -42.14992905 95
v 582.68084717 -42.02696991 95
v 596.98297119 -42.00477219 95
v 582.41461182 -41.89048767 95
v 597.24603271 -41.87236404 95
v 604.85302734 -50.54920578 95
v 595.1496582 -67.35587311 95
v 604.6862793 -50.79417801 95
v 595.27868652 -67.08821869 95
v 604.50762939 -51.03061295 95
v 595.39434814 -66.8144989 95
v 604.31750488 -51.2579422 95
v 595.49633789 -66.53539276 95
v 599.51690674 -41.30352783 95
v 580.1104126 -41.30376053 95
v 599.2232666 -41.3251915 95
v 580.40875244 -41.32611465 95
v 598.93096924 -41.36124039 95
v 580.70556641 -41.36331558 95
v 598.64080811 -41.41158676 95
v 581.00024414 -41.41526413 95
v 598.35345459 -41.47611237 95
v 581.29187012 -41.48183823 95
v 598.06964111 -41.55465698 95
v 581.57989502 -41.5628624 95
v 597.78997803 -41.64703751 95
v 581.86346436 -41.6581459 95
v 597.51525879 -41.75302124 95
v 582.14196777 -41.76744461 95
v 584.47833252 -67.36616516 95
v 574.7711792 -50.55157852 95
v 584.35357666 -67.10929871 95
v 574.93969727 -50.79876328 95
v 584.2411499 -66.8467865 95
v 575.12036133 -51.03723907 95
v 584.14135742 -66.579216 95
v 575.31262207 -51.26641464 95
v 583.81134033 -64.61680603 40
v 583.81878662 -64.91588593 40
v 583.81134033 -64.61680603 150
v 583.84112549 -65.21421814 40
v 583.81878662 -64.91588593 150
v 583.87835693 -65.51106262 40
v 583.84112549 -65.21421814 150
v 583.93029785 -65.80568695 40
v 583.87835693 -65.51106262 150
v 583.99688721 -66.09735107 40
v 583.93029785 -65.80568695 150
v 584.07788086 -66.38533783 40
v 583.99688721 -66.09735107 150
v 584.17315674 -66.66893005 40
v 584.07788086 -66.38533783 150
v 584.2824707 -66.94741821 40
v 584.17315674 -66.66893005 150
v 584.40551758 -67.22010803 40
v 584.2824707 -66.94741821 150
v 584.54199219 -67.48633575 40
v 584.40551758 -67.22010803 150
v 584.69158936 -67.74542236 40
v 584.85388184 -67.99672699 40
v 584.54199219 -67.48633575 150
v 584.69158936 -67.74542236 150
v 584.85388184 -67.99672699 150
v 585.02856445 -68.23963165 150
v 585.02856445 -68.23963165 40
v 585.21508789 -68.47353363 150
v 585.21508789 -68.47353363 40
v 585.4130249 -68.69784546 40
v 585.4130249 -68.69784546 150
v 585.62194824 -68.91201019 150
v 585.62194824 -68.91201019 40
v 585.84124756 -69.11549377 150
v 585.84124756 -69.11549377 40
v 586.07037354 -69.30780029 150
v 586.07037354 -69.30780029 40
v 586.30889893 -69.48843384 150
v 586.30889893 -69.48843384 40
v 586.55609131 -69.65696716 40
v 586.55609131 -69.65696716 150
v 586.81134033 -69.81295776 150
v 586.81134033 -69.81295776 40
v 587.07409668 -69.95603943 150
v 587.07409668 -69.95603943 40
v 587.34362793 -70.08584595 150
v 587.34362793 -70.08584595 40
v 587.6192627 -70.20204926 40
v 587.6192627 -70.20204926 150
v 587.90039062 -70.30437469 150
v 587.90039062 -70.30437469 40
v 588.1862793 -70.39255524 150
v 588.1862793 -70.39255524 40
v 588.47619629 -70.46637726 150
v 588.47619629 -70.46637726 40
v 588.76947021 -70.52565765 150
v 588.76947021 -70.52565765 40
v 589.06524658 -70.57024384 150
v 589.06524658 -70.57024384 40
v 589.36297607 -70.60002899 150
v 589.36297607 -70.60002899 40
v 589.66174316 -70.61494446 150
v 589.66174316 -70.61494446 40
v 589.9609375 -70.61494446 40
v 589.9609375 -70.61494446 150
v 590.25970459 -70.60002899 150
v 590.25970459 -70.60002899 40
v 590.55737305 -70.57024384 150
v 590.55737305 -70.57024384 40
v 590.85321045 -70.52565765 40
v 590.85321045 -70.52565765 150
v 591.14648438 -70.46637726 150
v 591.14648438 -70.46637726 40
v 591.43640137 -70.39255524 150
v 591.43640137 -70.39255524 40
v 591.722229 -70.30437469 150
v 591.722229 -70.30437469 40
v 592.00335693 -70.20204926 40
v 592.00335693 -70.20204926 150
v 592.27905273 -70.08584595 150
v 592.27905273 -70.08584595 40
v 592.54858398 -69.95603943 150
v 592.54858398 -69.95603943 40
v 592.81134033 -69.81295776 150
v 592.81134033 -69.81295776 40
v 593.06658936 -69.65696716 150
v 593.06658936 -69.65696716 40
v 593.31378174 -69.48843384 150
v 593.31378174 -69.48843384 40
v 593.55230713 -69.30780029 150
v 593.55230713 -69.30780029 40
v 593.78143311 -69.11549377 40
v 593.78143311 -69.11549377 150
v 594.00073242 -68.91201019 150
v 594.00073242 -68.91201019 40
v 594.20965576 -68.69784546 40
v 594.20965576 -68.69784546 150
v 594.40759277 -68.47353363 150
v 594.40759277 -68.47353363 40
v 594.59411621 -68.23963165 40
v 594.59411621 -68.23963165 150
v 594.76879883 -67.99672699 150
v 594.76879883 -67.99672699 40
v 594.93109131 -67.74542236 40
v 595.08068848 -67.48633575 40
v 594.93109131 -67.74542236 150
v 595.21716309 -67.22010803 40
v 595.08068848 -67.48633575 150
v 595.34020996 -66.94741821 40
v 595.21716309 -67.22010803 150
v 595.44952393 -66.66893005 40
v 595.34020996 -66.94741821 150
v 595.5447998 -66.38533783 40
v 595.44952393 -66.66893005 150
v 595.62579346 -66.09735107 40
v 595.5447998 -66.38533783 150
v 595.69238281 -65.80568695 40
v 595.62579346 -66.09735107 150
v 595.74432373 -65.51106262 40
v 595.69238281 -65.80568695 150
v 595.78149414 -65.21421814 40
v 595.74432373 -65.51106262 150
v 595.80389404 -64.91588593 40
v 595.78149414 -65.21421814 150
v 595.81134033 -64.61680603 40
v 595.80389404 -64.91588593 150
v 595.80389404 -64.31773376 40
v 595.81134033 -64.61680603 150
v 595.78149414 -64.01940155 40
v 595.80389404 -64.31773376 150
v 595.74432373 -63.72255325 40
v 595.78149414 -64.01940155 150
v 595.69238281 -63.42793274 40
v 595.74432373 -63.72255325 150
v 595.62579346 -63.1362648 40
v 595.69238281 -63.42793274 150
v 595.5447998 -62.84827805 40
v 595.62579346 -63.1362648 150
v 595.44952393 -62.56468582 40
v 595.5447998 -62.84827805 150
v 595.34020996 -62.28619766 40
v 595.44952393 -62.56468582 150
v 595.21716309 -62.01350403 40
v 595.34020996 -62.28619766 150
v 595.08068848 -61.74728394 40
v 595.21716309 -62.01350403 150
v 594.93109131 -61.48819733 40
v 595.08068848 -61.74728394 150
v 594.76879883 -61.23688889 40
v 594.93109131 -61.48819733 150
v 594.59411621 -60.99398041 40
v 594.76879883 -61.23688889 150
v 594.40759277 -60.76008224 40
v 594.59411621 -60.99398041 150
v 594.20965576 -60.53577042 40
v 594.40759277 -60.76008224 150
v 594.00073242 -60.32160568 40
v 594.20965576 -60.53577042 150
v 593.78143311 -60.1181221 40
v 594.00073242 -60.32160568 150
v 593.55230713 -59.9258194 40
v 593.78143311 -60.1181221 150
v 593.31378174 -59.74518204 40
v 593.55230713 -59.9258194 150
v 593.06658936 -59.57665253 40
v 593.31378174 -59.74518204 150
v 592.81134033 -59.4206543 40
v 593.06658936 -59.57665253 150
v 592.54858398 -59.27757645 40
v 592.81134033 -59.4206543 150
v 592.27905273 -59.14777374 40
v 592.54858398 -59.27757645 150
v 592.00335693 -59.03156662 40
v 592.27905273 -59.14777374 150
v 591.722229 -58.929245 40
v 592.00335693 -59.03156662 150
v 591.43640137 -58.84106445 40
v 591.722229 -58.929245 150
v 591.14648438 -58.76724243 40
v 591.43640137 -58.84106445 150
v 590.85321045 -58.70796204 40
v 591.14648438 -58.76724243 150
v 590.55737305 -58.66337204 40
v 590.85321045 -58.70796204 150
v 590.25970459 -58.63358688 40
v 590.55737305 -58.66337204 150
v 589.9609375 -58.61867142 40
v 590.25970459 -58.63358688 150
v 589.66174316 -58.61867142 40
v 589.9609375 -58.61867142 150
v 589.36297607 -58.63358688 40
v 589.66174316 -58.61867142 150
v 589.06524658 -58.66337204 40
v 589.36297607 -58.63358688 150
v 588.76947021 -58.70796204 40
v 589.06524658 -58.66337204 150
v 588.47619629 -58.76724243 40
v 588.76947021 -58.70796204 150
v 588.1862793 -58.84106445 40
v 588.47619629 -58.76724243 150
v 587.90039062 -58.929245 40
v 588.1862793 -58.84106445 150
v 587.6192627 -59.03156662 40
v 587.90039062 -58.929245 150
v 587.34362793 -59.14777374 40
v 587.6192627 -59.03156662 150
v 587.07409668 -59.27757645 40
v 587.34362793 -59.14777374 150
v 586.81134033 -59.4206543 40
v 587.07409668 -59.27757645 150
v 586.55609131 -59.57665253 40
v 586.81134033 -59.4206543 150
v 586.30889893 -59.74518204 40
v 586.55609131 -59.57665253 150
v 586.07037354 -59.9258194 40
v 586.30889893 -59.74518204 150
v 585.84124756 -60.1181221 40
v 586.07037354 -59.9258194 150
v 585.62194824 -60.32160568 40
v 585.84124756 -60.1181221 150
v 585.4130249 -60.53577042 40
v 585.62194824 -60.32160568 150
v 585.21508789 -60.76008224 40
v 585.4130249 -60.53577042 150
v 585.02856445 -60.99398041 40
v 585.21508789 -60.76008224 150
v 584.85388184 -61.23688889 40
v 585.02856445 -60.99398041 150
v 584.69158936 -61.48819733 40
v 584.85388184 -61.23688889 150
v 584.54199219 -61.74728394 40
v 584.69158936 -61.48819733 150
v 584.40551758 -62.01350403 40
v 584.54199219 -61.74728394 150
v 584.2824707 -62.28619766 40
v 584.40551758 -62.01350403 150
v 584.17315674 -62.56468582 40
v 584.2824707 -62.28619766 150
v 584.07788086 -62.84827805 40
v 584.17315674 -62.56468582 150
v 583.99688721 -63.1362648 40
v 584.07788086 -62.84827805 150
v 583.93029785 -63.42793274 40
v 583.99688721 -63.1362648 150
v 583.87835693 -63.72255325 40
v 583.93029785 -63.42793274 150
v 583.84112549 -64.01940155 40
v 583.87835693 -63.72255325 150
v 583.81878662 -64.31773376 40
v 583.84112549 -64.01940155 150
v 583.81878662 -64.31773376 150
v 572.81134033 -37.29629898 40
v 606.81134033 -37.29629898 0
v 572.81134033 -37.29629898 0
v 606.81134033 -37.29629898 40
v 609.81134033 -40.29629898 40
v 609.81134033 -40.29629898 0
v 609.80773926 -40.14909744 0
v 609.80773926 -40.14909744 40
v 609.796875 -40.00224686 0
v 609.796875 -40.00224686 40
v 609.77886963 -39.85610962 40
v 609.77886963 -39.85610962 0
v 609.75372314 -39.71102905 40
v 609.75372314 -39.71102905 0
v 609.72143555 -39.56735992 40
v 609.72143555 -39.56735992 0
v 609.68218994 -39.42544556 40
v 609.68218994 -39.42544556 0
v 609.63598633 -39.28562927 0
v 609.63598633 -39.28562927 40
v 609.58300781 -39.14825058 40
v 609.58300781 -39.14825058 0
v 609.52331543 -39.01363373 40
v 609.52331543 -39.01363373 0
v 609.45709229 -38.8821106 0
v 609.45709229 -38.8821106 40
v 609.38452148 -38.75399017 40
v 609.38452148 -38.75399017 0
v 609.3057251 -38.62958908 40
v 609.3057251 -38.62958908 0
v 609.22094727 -38.50920105 40
v 609.22094727 -38.50920105 0
v 609.13037109 -38.39311981 0
v 609.13037109 -38.39311981 40
v 609.03417969 -38.28162384 40
v 609.03417969 -38.28162384 0
v 608.93267822 -38.17498016 0
v 608.93267822 -38.17498016 40
v 608.82598877 -38.07344818 40
v 608.82598877 -38.07344818 0
v 608.71453857 -37.97726822 0
v 608.71453857 -37.97726822 40
v 608.59844971 -37.88667679 40
v 608.59844971 -37.88667679 0
v 608.47802734 -37.80189133 40
v 608.47802734 -37.80189133 0
v 608.3536377 -37.72311401 40
v 608.3536377 -37.72311401 0
v 608.2255249 -37.65053558 40
v 608.2255249 -37.65053558 0
v 608.09399414 -37.58433151 40
v 608.09399414 -37.58433151 0
v 607.95941162 -37.52466202 40
v 607.95941162 -37.52466202 0
v 607.82202148 -37.47166824 0
v 607.82202148 -37.47166824 40
v 607.68218994 -37.42547989 40
v 607.68218994 -37.42547989 0
v 607.5402832 -37.38620758 40
v 607.5402832 -37.38620758 0
v 607.39660645 -37.35394287 40
v 607.39660645 -37.35394287 0
v 607.25152588 -37.32876968 40
v 607.25152588 -37.32876968 0
v 607.10540771 -37.31074524 40
v 607.10540771 -37.31074524 0
v 606.95855713 -37.29991531 0
v 606.95855713 -37.29991531 40
v 609.81134033 -56.3741684 0
v 609.81134033 -56.3741684 40
v 608.93267822 -58.49548721 40
v 608.93267822 -58.49548721 0
v 609.03417969 -58.38884354 0
v 609.03417969 -58.38884354 40
v 609.13037109 -58.27734756 0
v 609.13037109 -58.27734756 40
v 609.22094727 -58.16126633 40
v 609.22094727 -58.16126633 0
v 609.3057251 -58.0408783 40
v 609.3057251 -58.0408783 0
v 609.38452148 -57.9164772 40
v 609.38452148 -57.9164772 0
v 609.45709229 -57.78835678 40
v 609.45709229 -57.78835678 0
v 609.52331543 -57.65683365 0
v 609.52331543 -57.65683365 40
v 609.58300781 -57.5222168 40
v 609.58300781 -57.5222168 0
v 609.63598633 -57.3848381 40
v 609.63598633 -57.3848381 0
v 609.68218994 -57.24502182 0
v 609.68218994 -57.24502182 40
v 609.72143555 -57.10310745 40
v 609.72143555 -57.10310745 0
v 609.75372314 -56.95943832 40
v 609.75372314 -56.95943832 0
v 609.77886963 -56.81435776 40
v 609.77886963 -56.81435776 0
v 609.796875 -56.66822052 0
v 609.796875 -56.66822052 40
v 609.80773926 -56.52136993 40
v 609.80773926 -56.52136993 0
v 593.69000244 -73.73812866 0
v 593.69000244 -73.73812866 40
v 591.71588135 -74.61319733 40
v 591.56872559 -74.61680603 0
v 591.71588135 -74.61319733 0
v 591.56872559 -74.61680603 40
v 591.86273193 -74.60236359 40
v 591.86273193 -74.60236359 0
v 592.00891113 -74.58433533 0
v 592.00891113 -74.58433533 40
v 592.1539917 -74.55916595 40
v 592.1539917 -74.55916595 0
v 592.29766846 -74.52690125 40
v 592.29766846 -74.52690125 0
v 592.4395752 -74.48763275 0
v 592.4395752 -74.48763275 40
v 592.5793457 -74.44143677 40
v 592.5793457 -74.44143677 0
v 592.71673584 -74.38845062 40
v 592.71673584 -74.38845062 0
v 592.85137939 -74.3287735 40
v 592.85137939 -74.3287735 0
v 592.98291016 -74.26257324 40
v 592.98291016 -74.26257324 0
v 593.11102295 -74.18999481 40
v 593.11102295 -74.18999481 0
v 593.2354126 -74.11121368 40
v 593.2354126 -74.11121368 0
v 593.35577393 -74.02642822 40
v 593.35577393 -74.02642822 0
v 593.47186279 -73.93583679 0
v 593.47186279 -73.93583679 40
v 593.58337402 -73.83966064 40
v 593.58337402 -73.83966064 0
v 588.05395508 -74.61680603 0
v 588.05395508 -74.61680603 40
v 585.93267822 -73.73812866 40
v 585.93267822 -73.73812866 0
v 586.03930664 -73.83966064 0
v 586.03930664 -73.83966064 40
v 586.15081787 -73.93583679 0
v 586.15081787 -73.93583679 40
v 586.26690674 -74.02642822 40
v 586.26690674 -74.02642822 0
v 586.38726807 -74.11121368 40
v 586.38726807 -74.11121368 0
v 586.51165771 -74.18999481 40
v 586.51165771 -74.18999481 0
v 586.63977051 -74.26257324 40
v 586.63977051 -74.26257324 0
v 586.77130127 -74.3287735 0
v 586.77130127 -74.3287735 40
v 586.90594482 -74.38845062 40
v 586.90594482 -74.38845062 0
v 587.04333496 -74.44143677 40
v 587.04333496 -74.44143677 0
v 587.18310547 -74.48763275 0
v 587.18310547 -74.48763275 40
v 587.32501221 -74.52690125 40
v 587.32501221 -74.52690125 0
v 587.46868896 -74.55916595 40
v 587.46868896 -74.55916595 0
v 587.61376953 -74.58433533 40
v 587.61376953 -74.58433533 0
v 587.75994873 -74.60236359 0
v 587.75994873 -74.60236359 40
v 587.90679932 -74.61319733 40
v 587.90679932 -74.61319733 0
v 570.69000244 -58.49548721 0
v 570.69000244 -58.49548721 40
v 569.81134033 -56.3741684 40
v 569.81134033 -56.3741684 0
v 569.81494141 -56.52136993 0
v 569.81494141 -56.52136993 40
v 569.82580566 -56.66822052 0
v 569.82580566 -56.66822052 40
v 569.84381104 -56.81435776 0
v 569.84381104 -56.81435776 40
v 569.86895752 -56.95943832 40
v 569.86895752 -56.95943832 0
v 569.90124512 -57.10310745 40
v 569.90124512 -57.10310745 0
v 569.94049072 -57.24502182 40
v 569.94049072 -57.24502182 0
v 569.98669434 -57.3848381 0
v 569.98669434 -57.3848381 40
v 570.03967285 -57.5222168 40
v 570.03967285 -57.5222168 0
v 570.09936523 -57.65683365 0
v 570.09936523 -57.65683365 40
v 570.16558838 -57.78835678 40
v 570.16558838 -57.78835678 0
v 570.23815918 -57.9164772 40
v 570.23815918 -57.9164772 0
v 570.31695557 -58.0408783 40
v 570.31695557 -58.0408783 0
v 570.4017334 -58.16126633 40
v 570.4017334 -58.16126633 0
v 570.49230957 -58.27734756 40
v 570.49230957 -58.27734756 0
v 570.58850098 -58.38884354 40
v 570.58850098 -58.38884354 0
v 569.81134033 -40.29629898 0
v 569.81134033 -40.29629898 40
v 572.66412354 -37.29991531 0
v 572.66412354 -37.29991531 40
v 572.51727295 -37.31074524 0
v 572.51727295 -37.31074524 40
v 572.37115479 -37.32876968 40
v 572.37115479 -37.32876968 0
v 572.22607422 -37.35394287 40
v 572.22607422 -37.35394287 0
v 572.08239746 -37.38620758 40
v 572.08239746 -37.38620758 0
v 571.94049072 -37.42547989 40
v 571.94049072 -37.42547989 0
v 571.80065918 -37.47166824 0
v 571.80065918 -37.47166824 40
v 571.66326904 -37.52466202 40
v 571.66326904 -37.52466202 0
v 571.52868652 -37.58433151 40
v 571.52868652 -37.58433151 0
v 571.39715576 -37.65053558 0
v 571.39715576 -37.65053558 40
v 571.26904297 -37.72311401 40
v 571.26904297 -37.72311401 0
v 571.14465332 -37.80189133 40
v 571.14465332 -37.80189133 0
v 571.02423096 -37.88667679 40
v 571.02423096 -37.88667679 0
v 570.90814209 -37.97726822 0
v 570.90814209 -37.97726822 40
v 570.79669189 -38.07344818 40
v 570.79669189 -38.07344818 0
v 570.69000244 -38.17498016 0
v 570.69000244 -38.17498016 40
v 570.58850098 -38.28162384 40
v 570.58850098 -38.28162384 0
v 570.49230957 -38.39311981 0
v 570.49230957 -38.39311981 40
v 570.4017334 -38.50920105 40
v 570.4017334 -38.50920105 0
v 570.31695557 -38.62958908 40
v 570.31695557 -38.62958908 0
v 570.23815918 -38.75399017 40
v 570.23815918 -38.75399017 0
v 570.16558838 -38.8821106 40
v 570.16558838 -38.8821106 0
v 570.09936523 -39.01363373 40
v 570.09936523 -39.01363373 0
v 570.03967285 -39.14825058 40
v 570.03967285 -39.14825058 0
v 569.98669434 -39.28562927 0
v 569.98669434 -39.28562927 40
v 569.94049072 -39.42544556 40
v 569.94049072 -39.42544556 0
v 569.90124512 -39.56735992 40
v 569.90124512 -39.56735992 0
v 569.86895752 -39.71102905 40
v 569.86895752 -39.71102905 0
v 569.84381104 -39.85610962 40
v 569.84381104 -39.85610962 0
v 569.82580566 -40.00224686 40
v 569.82580566 -40.00224686 0
v 569.81494141 -40.14909744 0
v 569.81494141 -40.14909744 40
v 575.4130249 -51.37733841 40
v 575.62194824 -51.59150314 40
v 575.84124756 -51.79498672 40
v 575.21508789 -51.15302658 40
v 576.07037354 -51.98728943 40
v 575.02856445 -50.91912842 40
v 576.30889893 -52.16792679 40
v 574.85388184 -50.67621994 40
v 576.55609131 -52.3364563 40
v 574.69158936 -50.4249115 40
v 576.81134033 -52.49245071 40
v 574.54199219 -50.16582489 40
v 577.07409668 -52.63553238 40
v 574.40551758 -49.89960098 40
v 577.34362793 -52.76533508 40
v 574.2824707 -49.62690735 40
v 577.6192627 -52.88154221 40
v 574.17315674 -49.34841919 40
v 577.90039062 -52.98386383 40
v 574.07788086 -49.06483078 40
v 578.1862793 -53.07204437 40
v 573.99688721 -48.77684402 40
v 578.47619629 -53.14586639 40
v 573.93029785 -48.48517609 40
v 578.76947021 -53.20514679 40
v 573.87835693 -48.19055557 40
v 579.06524658 -53.24973679 40
v 573.84112549 -47.89370728 40
v 579.36297607 -53.27952194 40
v 573.81878662 -47.59537506 40
v 579.66174316 -53.29443359 40
v 579.9609375 -53.29443359 40
v 580.25970459 -53.27952194 40
v 580.55737305 -53.24973679 40
v 580.85321045 -53.20514679 40
v 581.14648438 -53.14586639 40
v 581.43640137 -53.07204437 40
v 581.722229 -52.98386383 40
v 582.00335693 -52.88154221 40
v 582.27905273 -52.76533508 40
v 573.81134033 -47.29629898 40
v 574.17315674 -45.24417877 40
v 574.2824707 -44.96569061 40
v 574.07788086 -45.527771 40
v 573.99688721 -45.81575394 40
v 573.93029785 -46.10742188 40
v 573.87835693 -46.4020462 40
v 573.84112549 -46.6988945 40
v 573.81878662 -46.99722672 40
v 574.40551758 -44.69299698 40
v 582.54858398 -52.63553238 40
v 574.54199219 -44.42677689 40
v 582.81134033 -52.49245071 40
v 574.69158936 -44.16769028 40
v 583.06658936 -52.3364563 40
v 574.85388184 -43.91637802 40
v 583.31378174 -52.16792679 40
v 575.02856445 -43.67347336 40
v 583.55230713 -51.98728943 40
v 575.21508789 -43.4395752 40
v 583.78143311 -51.79498672 40
v 575.4130249 -43.21526337 40
v 584.00073242 -51.59150314 40
v 575.62194824 -43.00109863 40
v 584.20965576 -51.37733841 40
v 584.40759277 -51.15302658 40
v 584.59411621 -50.91912842 40
v 584.76879883 -50.67621994 40
v 584.93109131 -50.4249115 40
v 576.81134033 -42.10014725 40
v 577.07409668 -41.9570694 40
v 576.55609131 -42.25614548 40
v 576.30889893 -42.42467117 40
v 576.07037354 -42.60531235 40
v 575.84124756 -42.79761124 40
v 577.34362793 -41.82726669 40
v 577.6192627 -41.71105576 40
v 577.90039062 -41.60873795 40
v 578.1862793 -41.52055359 40
v 578.47619629 -41.44673157 40
v 578.76947021 -41.38745499 40
v 579.06524658 -41.34286499 40
v 579.36297607 -41.31307602 40
v 579.66174316 -41.29816437 40
v 579.9609375 -41.29816437 40
v 580.25970459 -41.31307602 40
v 580.55737305 -41.34286499 40
v 580.85321045 -41.38745499 40
v 581.14648438 -41.44673157 40
v 595.62194824 -51.59150314 40
v 595.4130249 -51.37733841 40
v 595.84124756 -51.79498672 40
v 595.21508789 -51.15302658 40
v 596.07037354 -51.98728943 40
v 595.02856445 -50.91912842 40
v 596.30889893 -52.16792679 40
v 594.85388184 -50.67621994 40
v 596.55609131 -52.3364563 40
v 594.69158936 -50.4249115 40
v 585.08068848 -50.16582489 40
v 596.81134033 -52.49245071 40
v 594.54199219 -50.16582489 40
v 597.07409668 -52.63553238 40
v 594.40551758 -49.89960098 40
v 585.21716309 -49.89960098 40
v 597.34362793 -52.76533508 40
v 594.2824707 -49.62690735 40
v 585.34020996 -49.62690735 40
v 597.6192627 -52.88154221 40
v 594.17315674 -49.34841919 40
v 585.44952393 -49.34841919 40
v 597.90039062 -52.98386383 40
v 594.07788086 -49.06483078 40
v 585.5447998 -49.06483078 40
v 598.1862793 -53.07204437 40
v 593.99688721 -48.77684402 40
v 585.62579346 -48.77684402 40
v 585.69238281 -48.48517609 40
v 598.47619629 -53.14586639 40
v 593.93029785 -48.48517609 40
v 598.76947021 -53.20514679 40
v 593.87835693 -48.19055557 40
v 585.74432373 -48.19055557 40
v 585.78149414 -47.89370728 40
v 599.06524658 -53.24973679 40
v 593.84112549 -47.89370728 40
v 599.36297607 -53.27952194 40
v 593.81878662 -47.59537506 40
v 585.80389404 -47.59537506 40
v 599.66174316 -53.29443359 40
v 593.81134033 -47.29629898 40
v 585.81134033 -47.29629898 40
v 599.9609375 -53.29443359 40
v 593.81878662 -46.99722672 40
v 585.80389404 -46.99722672 40
v 600.25970459 -53.27952194 40
v 593.84112549 -46.6988945 40
v 585.78149414 -46.6988945 40
v 600.55737305 -53.24973679 40
v 593.87835693 -46.4020462 40
v 585.74432373 -46.4020462 40
v 600.85321045 -53.20514679 40
v 593.93029785 -46.10742188 40
v 585.69238281 -46.10742188 40
v 593.99688721 -45.81575394 40
v 585.62579346 -45.81575394 40
v 594.07788086 -45.527771 40
v 585.5447998 -45.527771 40
v 594.17315674 -45.24417877 40
v 585.44952393 -45.24417877 40
v 594.2824707 -44.96569061 40
v 585.34020996 -44.96569061 40
v 594.40551758 -44.69299698 40
v 585.21716309 -44.69299698 40
v 594.54199219 -44.42677689 40
v 585.08068848 -44.42677689 40
v 601.14648438 -53.14586639 40
v 601.43640137 -53.07204437 40
v 601.722229 -52.98386383 40
v 602.00335693 -52.88154221 40
v 602.27905273 -52.76533508 40
v 602.54858398 -52.63553238 40
v 602.81134033 -52.49245071 40
v 594.69158936 -44.16769028 40
v 584.93109131 -44.16769028 40
v 603.06658936 -52.3364563 40
v 594.85388184 -43.91637802 40
v 584.76879883 -43.91637802 40
v 595.02856445 -43.67347336 40
v 584.59411621 -43.67347336 40
v 595.21508789 -43.4395752 40
v 584.40759277 -43.4395752 40
v 595.4130249 -43.21526337 40
v 584.20965576 -43.21526337 40
v 595.62194824 -43.00109863 40
v 584.00073242 -43.00109863 40
v 595.84124756 -42.79761124 40
v 583.78143311 -42.79761124 40
v 603.31378174 -52.16792679 40
v 603.55230713 -51.98728943 40
v 603.78143311 -51.79498672 40
v 604.00073242 -51.59150314 40
v 604.20965576 -51.37733841 40
v 604.40759277 -51.15302658 40
v 596.07037354 -42.60531235 40
v 583.55230713 -42.60531235 40
v 604.59411621 -50.91912842 40
v 596.30889893 -42.42467117 40
v 583.31378174 -42.42467117 40
v 604.76879883 -50.67621994 40
v 596.55609131 -42.25614548 40
v 583.06658936 -42.25614548 40
v 604.93109131 -50.4249115 40
v 596.81134033 -42.10014725 40
v 582.81134033 -42.10014725 40
v 605.08068848 -50.16582489 40
v 597.07409668 -41.9570694 40
v 582.54858398 -41.9570694 40
v 605.21716309 -49.89960098 40
v 597.34362793 -41.82726669 40
v 582.27905273 -41.82726669 40
v 605.34020996 -49.62690735 40
v 597.6192627 -41.71105576 40
v 582.00335693 -41.71105576 40
v 605.44952393 -49.34841919 40
v 605.5447998 -49.06483078 40
v 605.62579346 -48.77684402 40
v 605.69238281 -48.48517609 40
v 605.74432373 -48.19055557 40
v 605.78149414 -47.89370728 40
v 605.80389404 -47.59537506 40
v 605.81134033 -47.29629898 40
v 605.80389404 -46.99722672 40
v 605.78149414 -46.6988945 40
v 605.74432373 -46.4020462 40
v 605.69238281 -46.10742188 40
v 605.62579346 -45.81575394 40
v 605.5447998 -45.527771 40
v 605.44952393 -45.24417877 40
v 605.34020996 -44.96569061 40
v 605.21716309 -44.69299698 40
v 605.08068848 -44.42677689 40
v 604.93109131 -44.16769028 40
v 604.76879883 -43.91637802 40
v 604.59411621 -43.67347336 40
v 604.40759277 -43.4395752 40
v 604.20965576 -43.21526337 40
v 604.00073242 -43.00109863 40
v 603.78143311 -42.79761124 40
v 603.55230713 -42.60531235 40
v 603.31378174 -42.42467117 40
v 603.06658936 -42.25614548 40
v 602.81134033 -42.10014725 40
v 602.54858398 -41.9570694 40
v 602.27905273 -41.82726669 40
v 602.00335693 -41.71105576 40
v 601.722229 -41.60873795 40
v 601.43640137 -41.52055359 40
v 601.14648438 -41.44673157 40
v 600.85321045 -41.38745499 40
v 600.55737305 -41.34286499 40
v 600.25970459 -41.31307602 40
v 599.9609375 -41.29816437 40
v 599.66174316 -41.29816437 40
v 599.36297607 -41.31307602 40
v 599.06524658 -41.34286499 40
v 598.76947021 -41.38745499 40
v 598.47619629 -41.44673157 40
v 581.43640137 -41.52055359 40
v 581.722229 -41.60873795 40
v 598.1862793 -41.52055359 40
v 597.90039062 -41.60873795 40
v 573.81878662 -47.59537506 150
v 573.81134033 -47.29629898 150
v 573.84112549 -47.89370728 150
v 573.87835693 -48.19055557 150
v 573.93029785 -48.48517609 150
v 573.99688721 -48.77684402 150
v 574.07788086 -49.06483078 150
v 574.17315674 -49.34841919 150
v 574.2824707 -49.62690735 150
v 574.40551758 -49.89960098 150
v 574.54199219 -50.16582489 150
v 574.69158936 -50.4249115 150
v 574.85388184 -50.67621994 150
v 575.02856445 -50.91912842 150
v 575.21508789 -51.15302658 150
v 575.4130249 -51.37733841 150
v 575.62194824 -51.59150314 150
v 575.84124756 -51.79498672 150
v 576.07037354 -51.98728943 150
v 576.30889893 -52.16792679 150
v 576.55609131 -52.3364563 150
v 576.81134033 -52.49245071 150
v 577.07409668 -52.63553238 150
v 577.34362793 -52.76533508 150
v 577.6192627 -52.88154221 150
v 577.90039062 -52.98386383 150
v 578.1862793 -53.07204437 150
v 578.47619629 -53.14586639 150
v 578.76947021 -53.20514679 150
v 579.06524658 -53.24973679 150
v 579.36297607 -53.27952194 150
v 579.66174316 -53.29443359 150
v 579.9609375 -53.29443359 150
v 580.25970459 -53.27952194 150
v 580.55737305 -53.24973679 150
v 580.85321045 -53.20514679 150
v 581.14648438 -53.14586639 150
v 581.43640137 -53.07204437 150
v 581.722229 -52.98386383 150
v 582.00335693 -52.88154221 150
v 582.27905273 -52.76533508 150
v 582.54858398 -52.63553238 150
v 582.81134033 -52.49245071 150
v 583.06658936 -52.3364563 150
v 583.31378174 -52.16792679 150
v 583.55230713 -51.98728943 150
v 583.78143311 -51.79498672 150
v 584.00073242 -51.59150314 150
v 584.20965576 -51.37733841 150
v 584.40759277 -51.15302658 150
v 584.59411621 -50.91912842 150
v 584.76879883 -50.67621994 150
v 584.93109131 -50.4249115 150
v 585.08068848 -50.16582489 150
v 585.21716309 -49.89960098 150
v 585.34020996 -49.62690735 150
v 585.44952393 -49.34841919 150
v 585.5447998 -49.06483078 150
v 585.62579346 -48.77684402 150
v 585.69238281 -48.48517609 150
v 585.74432373 -48.19055557 150
v 585.78149414 -47.89370728 150
v 585.80389404 -47.59537506 150
v 585.81134033 -47.29629898 150
v 585.80389404 -46.99722672 150
v 585.78149414 -46.6988945 150
v 585.74432373 -46.4020462 150
v 585.69238281 -46.10742188 150
v 585.62579346 -45.81575394 150
v 585.5447998 -45.527771 150
v 585.44952393 -45.24417877 150
v 585.34020996 -44.96569061 150
v 585.21716309 -44.69299698 150
v 585.08068848 -44.42677689 150
v 584.93109131 -44.16769028 150
v 584.76879883 -43.91637802 150
v 584.59411621 -43.67347336 150
v 584.40759277 -43.4395752 150
v 584.20965576 -43.21526337 150
v 584.00073242 -43.00109863 150
v 583.78143311 -42.79761124 150
v 583.55230713 -42.60531235 150
v 583.31378174 -42.42467117 150
v 583.06658936 -42.25614548 150
v 582.81134033 -42.10014725 150
v 582.54858398 -41.9570694 150
v 582.27905273 -41.82726669 150
v 582.00335693 -41.71105576 150
v 581.722229 -41.60873795 150
v 581.43640137 -41.52055359 150
v 581.14648438 -41.44673157 150
v 580.85321045 -41.38745499 150
v 580.55737305 -41.34286499 150
v 580.25970459 -41.31307602 150
v 579.9609375 -41.29816437 150
v 579.66174316 -41.29816437 150
v 579.36297607 -41.31307602 150
v 579.06524658 -41.34286499 150
v 578.76947021 -41.38745499 150
v 578.47619629 -41.44673157 150
v 578.1862793 -41.52055359 150
v 577.90039062 -41.60873795 150
v 577.6192627 -41.71105576 150
v 577.34362793 -41.82726669 150
v 577.07409668 -41.9570694 150
v 576.81134033 -42.10014725 150
v 576.55609131 -42.25614548 150
v 576.30889893 -42.42467117 150
v 576.07037354 -42.60531235 150
v 575.84124756 -42.79761124 150
v 575.62194824 -43.00109863 150
v 575.4130249 -43.21526337 150
v 575.21508789 -43.4395752 150
v 575.02856445 -43.67347336 150
v 574.85388184 -43.91637802 150
v 574.69158936 -44.16769028 150
v 574.54199219 -44.42677689 150
v 574.40551758 -44.69299698 150
v 574.2824707 -44.96569061 150
v 574.17315674 -45.24417877 150
v 574.07788086 -45.527771 150
v 573.99688721 -45.81575394 150
v 573.93029785 -46.10742188 150
v 573.87835693 -46.4020462 150
v 573.84112549 -46.6988945 150
v 573.81878662 -46.99722672 150
v 593.81134033 -47.29629898 150
v 593.81878662 -47.59537506 150
v 593.84112549 -47.89370728 150
v 593.87835693 -48.19055557 150
v 593.93029785 -48.48517609 150
v 593.99688721 -48.77684402 150
v 594.07788086 -49.06483078 150
v 594.17315674 -49.34841919 150
v 594.2824707 -49.62690735 150
v 594.40551758 -49.89960098 150
v 594.54199219 -50.16582489 150
v 594.69158936 -50.4249115 150
v 594.85388184 -50.67621994 150
v 595.02856445 -50.91912842 150
v 595.21508789 -51.15302658 150
v 595.4130249 -51.37733841 150
v 595.62194824 -51.59150314 150
v 595.84124756 -51.79498672 150
v 596.07037354 -51.98728943 150
v 596.30889893 -52.16792679 150
v 596.55609131 -52.3364563 150
v 596.81134033 -52.49245071 150
v 597.07409668 -52.63553238 150
v 597.34362793 -52.76533508 150
v 597.6192627 -52.88154221 150
v 597.90039062 -52.98386383 150
v 598.1862793 -53.07204437 150
v 598.47619629 -53.14586639 150
v 598.76947021 -53.20514679 150
v 599.06524658 -53.24973679 150
v 599.36297607 -53.27952194 150
v 599.66174316 -53.29443359 150
v 599.9609375 -53.29443359 150
v 600.25970459 -53.27952194 150
v 600.55737305 -53.24973679 150
v 600.85321045 -53.20514679 150
v 601.14648438 -53.14586639 150
v 601.43640137 -53.07204437 150
v 601.722229 -52.98386383 150
v 602.00335693 -52.88154221 150
v 602.27905273 -52.76533508 150
v 602.54858398 -52.63553238 150
v 602.81134033 -52.49245071 150
v 603.06658936 -52.3364563 150
v 603.31378174 -52.16792679 150
v 603.55230713 -51.98728943 150
v 603.78143311 -51.79498672 150
v 604.00073242 -51.59150314 150
v 604.20965576 -51.37733841 150
v 604.40759277 -51.15302658 150
v 604.59411621 -50.91912842 150
v 604.76879883 -50.67621994 150
v 604.93109131 -50.4249115 150
v 605.08068848 -50.16582489 150
v 605.21716309 -49.89960098 150
v 605.34020996 -49.62690735 150
v 605.44952393 -49.34841919 150
v 605.5447998 -49.06483078 150
v 605.62579346 -48.77684402 150
v 605.69238281 -48.48517609 150
v 605.74432373 -48.19055557 150
v 605.78149414 -47.89370728 150
v 605.80389404 -47.59537506 150
v 605.81134033 -47.29629898 150
v 605.80389404 -46.99722672 150
v 605.78149414 -46.6988945 150
v 605.74432373 -46.4020462 150
v 605.69238281 -46.10742188 150
v 605.62579346 -45.81575394 150
v 605.5447998 -45.527771 150
v 605.44952393 -45.24417877 150
v 605.34020996 -44.96569061 150
v 605.21716309 -44.69299698 150
v 605.08068848 -44.42677689 150
v 604.93109131 -44.16769028 150
v 604.76879883 -43.91637802 150
v 604.59411621 -43.67347336 150
v 604.40759277 -43.4395752 150
v 604.20965576 -43.21526337 150
v 604.00073242 -43.00109863 150
v 603.78143311 -42.79761124 150
v 603.55230713 -42.60531235 150
v 603.31378174 -42.42467117 150
v 603.06658936 -42.25614548 150
v 602.81134033 -42.10014725 150
v 602.54858398 -41.9570694 150
v 602.27905273 -41.82726669 150
v 602.00335693 -41.71105576 150
v 601.722229 -41.60873795 150
v 601.43640137 -41.52055359 150
v 601.14648438 -41.44673157 150
v 600.85321045 -41.38745499 150
v 600.55737305 -41.34286499 150
v 600.25970459 -41.31307602 150
v 599.9609375 -41.29816437 150
v 599.66174316 -41.29816437 150
v 599.36297607 -41.31307602 150
v 599.06524658 -41.34286499 150
v 598.76947021 -41.38745499 150
v 598.47619629 -41.44673157 150
v 598.1862793 -41.52055359 150
v 597.90039062 -41.60873795 150
v 597.6192627 -41.71105576 150
v 597.34362793 -41.82726669 150
v 597.07409668 -41.9570694 150
v 596.81134033 -42.10014725 150
v 596.55609131 -42.25614548 150
v 596.30889893 -42.42467117 150
v 596.07037354 -42.60531235 150
v 595.84124756 -42.79761124 150
v 595.62194824 -43.00109863 150
v 595.4130249 -43.21526337 150
v 595.21508789 -43.4395752 150
v 595.02856445 -43.67347336 150
v 594.85388184 -43.91637802 150
v 594.69158936 -44.16769028 150
v 594.54199219 -44.42677689 150
v 594.40551758 -44.69299698 150
v 594.2824707 -44.96569061 150
v 594.17315674 -45.24417877 150
v 594.07788086 -45.527771 150
v 593.99688721 -45.81575394 150
v 593.93029785 -46.10742188 150
v 593.87835693 -46.4020462 150
v 593.84112549 -46.6988945 150
v 593.81878662 -46.99722672 150
v 719.68841553 -157.46231079 150
v 719.68841553 -157.46231079 0
v 719.77911377 -157.39295959 0
v 719.77911377 -157.39295959 150
v 719.86621094 -157.31922913 0
v 719.86621094 -157.31922913 150
v 719.949646 -157.24130249 150
v 719.949646 -157.24130249 0
v 720.02911377 -157.15934753 0
v 720.02911377 -157.15934753 150
v 720.10443115 -157.07357788 150
v 720.10443115 -157.07357788 0
v 720.17547607 -156.98420715 150
v 720.17547607 -156.98420715 0
v 720.24200439 -156.89144897 0
v 720.24200439 -156.89144897 150
v 720.30383301 -156.79553223 150
v 720.30383301 -156.79553223 0
v 720.36090088 -156.69667053 150
v 720.36090088 -156.69667053 0
v 720.41308594 -156.59512329 150
v 720.41308594 -156.59512329 0
v 720.46014404 -156.49111938 150
v 720.46014404 -156.49111938 0
v 720.50201416 -156.38493347 150
v 720.50201416 -156.38493347 0
v 720.53863525 -156.27682495 0
v 720.53863525 -156.27682495 150
v 720.56988525 -156.16702271 0
v 720.56988525 -156.16702271 150
v 720.59564209 -156.05583191 150
v 720.59564209 -156.05583191 0
v 720.6159668 -155.9434967 150
v 720.6159668 -155.9434967 0
v 720.63067627 -155.83029175 150
v 720.63067627 -155.83029175 0
v 720.63983154 -155.71650696 150
v 720.63983154 -155.71650696 0
v 720.64331055 -155.60241699 0
v 720.64331055 -155.60241699 150
v 720.64123535 -155.48828125 150
v 720.64123535 -155.48828125 0
v 720.63348389 -155.37440491 150
v 720.63348389 -155.37440491 0
v 720.62017822 -155.2610321 0
v 720.62017822 -155.2610321 150
v 720.60125732 -155.14845276 150
v 720.60125732 -155.14845276 0
v 720.57684326 -155.03694153 0
v 720.57684326 -155.03694153 150
v 720.54693604 -154.92677307 150
v 720.54693604 -154.92677307 0
v 720.51165771 -154.81822205 0
v 720.51165771 -154.81822205 150
v 720.47106934 -154.71151733 150
v 720.47106934 -154.71151733 0
v 720.42529297 -154.60694885 0
v 720.42529297 -154.60694885 150
v 720.37445068 -154.504776 150
v 720.37445068 -154.504776 0
v 720.31860352 -154.4052124 0
v 720.31860352 -154.4052124 150
v 720.25787354 -154.30853271 150
v 720.25787354 -154.30853271 0
v 720.19250488 -154.21496582 150
v 720.19250488 -154.21496582 0
v 720.12261963 -154.12472534 150
v 720.12261963 -154.12472534 0
v 720.04833984 -154.03804016 150
v 720.04833984 -154.03804016 0
v 719.96990967 -153.9551239 0
v 719.96990967 -153.9551239 150
v 719.88745117 -153.87615967 150
v 719.88745117 -153.87615967 0
v 719.8012085 -153.80136108 150
v 719.8012085 -153.80136108 0
v 719.71142578 -153.730896 150
v 719.71142578 -153.730896 0
v 719.6182251 -153.66494751 150
v 719.6182251 -153.66494751 0
v 719.52191162 -153.60365295 0
v 719.52191162 -153.60365295 150
v 719.42272949 -153.54719543 0
v 719.42272949 -153.54719543 150
v 719.32086182 -153.49568176 150
v 719.32086182 -153.49568176 0
v 719.21655273 -153.44924927 150
v 719.21655273 -153.44924927 0
v 719.11016846 -153.40802002 150
v 719.11016846 -153.40802002 0
v 719.00177002 -153.37208557 150
v 719.00177002 -153.37208557 0
v 718.89178467 -153.34152222 150
v 718.89178467 -153.34152222 0
v 718.78045654 -153.31640625 0
v 718.78045654 -153.31640625 150
v 718.66802979 -153.29681396 150
v 718.66802979 -153.29681396 0
v 718.5546875 -153.28279114 150
v 718.5546875 -153.28279114 0
v 718.44085693 -153.27435303 0
v 718.44085693 -153.27435303 150
v 718.32678223 -153.27154541 150
v 718.32678223 -153.27154541 0
v 711.5569458 -163.37019348 0
v 711.5569458 -163.37019348 150
v 714.66290283 -172.92935181 0
v 714.66290283 -172.92935181 150
v 711.09802246 -175.51939392 150
v 711.09802246 -175.51939392 0
v 711.19195557 -175.58418274 0
v 711.19195557 -175.58418274 150
v 711.28900146 -175.64428711 0
v 711.28900146 -175.64428711 150
v 711.38891602 -175.69952393 150
v 711.38891602 -175.69952393 0
v 711.49139404 -175.74977112 150
v 711.49139404 -175.74977112 0
v 711.59625244 -175.79490662 0
v 711.59625244 -175.79490662 150
v 711.70318604 -175.83483887 150
v 711.70318604 -175.83483887 0
v 711.81201172 -175.8694458 150
v 711.81201172 -175.8694458 0
v 711.92236328 -175.89863586 0
v 711.92236328 -175.89863586 150
v 712.03399658 -175.92237854 150
v 712.03399658 -175.92237854 0
v 712.14666748 -175.94058228 0
v 712.14666748 -175.94058228 150
v 712.26013184 -175.95321655 0
v 712.26013184 -175.95321655 150
v 712.37408447 -175.9602356 150
v 712.37408447 -175.9602356 0
v 712.48822021 -175.9616394 150
v 712.48822021 -175.9616394 0
v 712.60229492 -175.95742798 150
v 712.60229492 -175.95742798 0
v 712.71600342 -175.94760132 150
v 712.71600342 -175.94760132 0
v 712.82910156 -175.93217468 0
v 712.82910156 -175.93217468 150
v 712.94128418 -175.91119385 150
v 712.94128418 -175.91119385 0
v 713.05236816 -175.88471985 150
v 713.05236816 -175.88471985 0
v 713.16192627 -175.85279846 0
v 713.16192627 -175.85279846 150
v 713.26983643 -175.8155365 0
v 713.26983643 -175.8155365 150
v 713.37579346 -175.772995 150
v 713.37579346 -175.772995 0
v 713.47949219 -175.72528076 0
v 713.47949219 -175.72528076 150
v 713.58068848 -175.67251587 150
v 713.58068848 -175.67251587 0
v 713.67919922 -175.61483765 150
v 713.67919922 -175.61483765 0
v 713.77471924 -175.55236816 150
v 713.77471924 -175.55236816 0
v 713.86706543 -175.48527527 0
v 713.86706543 -175.48527527 150
v 713.95599365 -175.41371155 150
v 713.95599365 -175.41371155 0
v 714.0413208 -175.33784485 150
v 714.0413208 -175.33784485 0
v 714.12280273 -175.25788879 150
v 714.12280273 -175.25788879 0
v 714.20019531 -175.17399597 0
v 714.20019531 -175.17399597 150
v 714.27337646 -175.08641052 150
v 714.27337646 -175.08641052 0
v 714.34216309 -174.99531555 150
v 714.34216309 -174.99531555 0
v 714.40643311 -174.90093994 150
v 714.40643311 -174.90093994 0
v 714.46588135 -174.80352783 0
v 714.46588135 -174.80352783 150
v 714.52050781 -174.70329285 150
v 714.52050781 -174.70329285 0
v 714.57012939 -174.60047913 150
v 714.57012939 -174.60047913 0
v 714.61462402 -174.49536133 0
v 714.61462402 -174.49536133 150
v 714.65386963 -174.38818359 150
v 714.65386963 -174.38818359 0
v 714.68780518 -174.27919006 150
v 714.68780518 -174.27919006 0
v 714.71636963 -174.1686554 150
v 714.71636963 -174.1686554 0
v 714.73937988 -174.05685425 150
v 714.73937988 -174.05685425 0
v 714.75689697 -173.94406128 150
v 714.75689697 -173.94406128 0
v 714.76885986 -173.83053589 150
v 714.76885986 -173.83053589 0
v 714.77514648 -173.71656799 150
v 714.77514648 -173.71656799 0
v 714.77587891 -173.60241699 150
v 714.77587891 -173.60241699 0
v 714.77093506 -173.4883728 150
v 714.77093506 -173.4883728 0
v 714.76043701 -173.37471008 150
v 714.76043701 -173.37471008 0
v 714.74432373 -173.26170349 150
v 714.74432373 -173.26170349 0
v 714.72265625 -173.14962769 0
v 714.72265625 -173.14962769 150
v 714.69549561 -173.03875732 150
v 714.69549561 -173.03875732 0
v 702.9664917 -169.61151123 0
v 702.9664917 -169.61151123 150
v 694.83502197 -175.51939392 0
v 694.83502197 -175.51939392 150
v 691.23754883 -173.03875732 150
v 691.2701416 -172.92935181 0
v 691.23754883 -173.03875732 0
v 691.2701416 -172.92935181 150
v 691.21038818 -173.14962769 150
v 691.21038818 -173.14962769 0
v 691.1887207 -173.26170349 150
v 691.1887207 -173.26170349 0
v 691.17260742 -173.37471008 150
v 691.17260742 -173.37471008 0
v 691.16204834 -173.4883728 150
v 691.16204834 -173.4883728 0
v 691.15710449 -173.60241699 0
v 691.15710449 -173.60241699 150
v 691.15783691 -173.71656799 150
v 691.15783691 -173.71656799 0
v 691.16418457 -173.83053589 0
v 691.16418457 -173.83053589 150
v 691.17608643 -173.94406128 0
v 691.17608643 -173.94406128 150
v 691.19360352 -174.05685425 150
v 691.19360352 -174.05685425 0
v 691.2166748 -174.1686554 150
v 691.2166748 -174.1686554 0
v 691.24517822 -174.27919006 0
v 691.24517822 -174.27919006 150
v 691.27911377 -174.38818359 150
v 691.27911377 -174.38818359 0
v 691.31835938 -174.49536133 150
v 691.31835938 -174.49536133 0
v 691.362854 -174.60047913 150
v 691.362854 -174.60047913 0
v 691.41247559 -174.70329285 0
v 691.41247559 -174.70329285 150
v 691.46710205 -174.80352783 150
v 691.46710205 -174.80352783 0
v 691.52661133 -174.90093994 0
v 691.52661133 -174.90093994 150
v 691.59082031 -174.99531555 150
v 691.59082031 -174.99531555 0
v 691.65960693 -175.08641052 0
v 691.65960693 -175.08641052 150
v 691.73278809 -175.17399597 0
v 691.73278809 -175.17399597 150
v 691.8102417 -175.25788879 150
v 691.8102417 -175.25788879 0
v 691.8916626 -175.33784485 0
v 691.8916626 -175.33784485 150
v 691.97698975 -175.41371155 150
v 691.97698975 -175.41371155 0
v 692.06591797 -175.48527527 150
v 692.06591797 -175.48527527 0
v 692.15826416 -175.55236816 150
v 692.15826416 -175.55236816 0
v 692.25378418 -175.61483765 150
v 692.25378418 -175.61483765 0
v 692.35229492 -175.67251587 150
v 692.35229492 -175.67251587 0
v 692.45355225 -175.72528076 150
v 692.45355225 -175.72528076 0
v 692.55725098 -175.772995 150
v 692.55725098 -175.772995 0
v 692.66314697 -175.8155365 150
v 692.66314697 -175.8155365 0
v 692.77105713 -175.85279846 150
v 692.77105713 -175.85279846 0
v 692.88067627 -175.88471985 150
v 692.88067627 -175.88471985 0
v 692.99169922 -175.91119385 150
v 692.99169922 -175.91119385 0
v 693.10388184 -175.93217468 150
v 693.10388184 -175.93217468 0
v 693.21697998 -175.94760132 150
v 693.21697998 -175.94760132 0
v 693.33074951 -175.95742798 150
v 693.33074951 -175.95742798 0
v 693.44482422 -175.9616394 150
v 693.44482422 -175.9616394 0
v 693.55895996 -175.9602356 150
v 693.55895996 -175.9602356 0
v 693.67285156 -175.95321655 150
v 693.67285156 -175.95321655 0
v 693.78631592 -175.94058228 150
v 693.78631592 -175.94058228 0
v 693.89898682 -175.92237854 150
v 693.89898682 -175.92237854 0
v 694.01068115 -175.89863586 150
v 694.01068115 -175.89863586 0
v 694.12103271 -175.8694458 150
v 694.12103271 -175.8694458 0
v 694.22979736 -175.83483887 150
v 694.22979736 -175.83483887 0
v 694.33673096 -175.79490662 150
v 694.33673096 -175.79490662 0
v 694.44158936 -175.74977112 150
v 694.44158936 -175.74977112 0
v 694.54406738 -175.69952393 150
v 694.54406738 -175.69952393 0
v 694.64398193 -175.64428711 150
v 694.64398193 -175.64428711 0
v 694.74102783 -175.58418274 0
v 694.74102783 -175.58418274 150
v 694.37609863 -163.37019348 0
v 694.37609863 -163.37019348 150
v 686.24456787 -157.46231079 0
v 686.24456787 -157.46231079 150
v 687.49212646 -153.27435303 150
v 687.60626221 -153.27154541 0
v 687.49212646 -153.27435303 0
v 687.60626221 -153.27154541 150
v 687.3782959 -153.28279114 150
v 687.3782959 -153.28279114 0
v 687.26501465 -153.29681396 0
v 687.26501465 -153.29681396 150
v 687.15252686 -153.31640625 150
v 687.15252686 -153.31640625 0
v 687.04119873 -153.34152222 150
v 687.04119873 -153.34152222 0
v 686.93121338 -153.37208557 150
v 686.93121338 -153.37208557 0
v 686.82287598 -153.40802002 150
v 686.82287598 -153.40802002 0
v 686.71643066 -153.44924927 150
v 686.71643066 -153.44924927 0
v 686.61212158 -153.49568176 0
v 686.61212158 -153.49568176 150
v 686.51025391 -153.54719543 150
v 686.51025391 -153.54719543 0
v 686.41107178 -153.60365295 150
v 686.41107178 -153.60365295 0
v 686.3147583 -153.66494751 150
v 686.3147583 -153.66494751 0
v 686.22155762 -153.730896 0
v 686.22155762 -153.730896 150
v 686.1317749 -153.80136108 150
v 686.1317749 -153.80136108 0
v 686.04553223 -153.87615967 150
v 686.04553223 -153.87615967 0
v 685.96313477 -153.9551239 150
v 685.96313477 -153.9551239 0
v 685.88464355 -154.03804016 0
v 685.88464355 -154.03804016 150
v 685.8104248 -154.12472534 0
v 685.8104248 -154.12472534 150
v 685.74047852 -154.21496582 150
v 685.74047852 -154.21496582 0
v 685.67510986 -154.30853271 150
v 685.67510986 -154.30853271 0
v 685.61444092 -154.4052124 150
v 685.61444092 -154.4052124 0
v 685.55859375 -154.504776 150
v 685.55859375 -154.504776 0
v 685.50769043 -154.60694885 150
v 685.50769043 -154.60694885 0
v 685.46191406 -154.71151733 0
v 685.46191406 -154.71151733 150
v 685.42132568 -154.81822205 0
v 685.42132568 -154.81822205 150
v 685.38604736 -154.92677307 150
v 685.38604736 -154.92677307 0
v 685.35614014 -155.03694153 150
v 685.35614014 -155.03694153 0
v 685.33172607 -155.14845276 150
v 685.33172607 -155.14845276 0
v 685.31286621 -155.2610321 0
v 685.31286621 -155.2610321 150
v 685.29949951 -155.37440491 150
v 685.29949951 -155.37440491 0
v 685.29180908 -155.48828125 150
v 685.29180908 -155.48828125 0
v 685.28967285 -155.60241699 0
v 685.28967285 -155.60241699 150
v 685.29321289 -155.71650696 150
v 685.29321289 -155.71650696 0
v 685.30230713 -155.83029175 0
v 685.30230713 -155.83029175 150
v 685.31707764 -155.9434967 150
v 685.31707764 -155.9434967 0
v 685.33734131 -156.05583191 150
v 685.33734131 -156.05583191 0
v 685.36309814 -156.16702271 150
v 685.36309814 -156.16702271 0
v 685.39434814 -156.27682495 150
v 685.39434814 -156.27682495 0
v 685.43096924 -156.38493347 150
v 685.43096924 -156.38493347 0
v 685.47283936 -156.49111938 150
v 685.47283936 -156.49111938 0
v 685.5199585 -156.59512329 150
v 685.5199585 -156.59512329 0
v 685.57208252 -156.69667053 150
v 685.57208252 -156.69667053 0
v 685.62915039 -156.79553223 150
v 685.62915039 -156.79553223 0
v 685.69104004 -156.89144897 150
v 685.69104004 -156.89144897 0
v 685.75756836 -156.98420715 0
v 685.75756836 -156.98420715 150
v 685.82855225 -157.07357788 150
v 685.82855225 -157.07357788 0
v 685.90386963 -157.15934753 150
v 685.90386963 -157.15934753 0
v 685.9833374 -157.24130249 150
v 685.9833374 -157.24130249 0
v 686.06677246 -157.31922913 150
v 686.06677246 -157.31922913 0
v 686.15393066 -157.39295959 150
v 686.15393066 -157.39295959 0
v 697.65734863 -153.27154541 0
v 697.65734863 -153.27154541 150
v 700.76330566 -143.71238708 0
v 700.76330566 -143.71238708 150
v 705.1317749 -143.60473633 150
v 705.16973877 -143.71238708 0
v 705.1317749 -143.60473633 0
v 705.16973877 -143.71238708 150
v 705.08856201 -143.49906921 150
v 705.08856201 -143.49906921 0
v 705.04022217 -143.3956604 0
v 705.04022217 -143.3956604 150
v 704.98687744 -143.29476929 150
v 704.98687744 -143.29476929 0
v 704.92858887 -143.19662476 150
v 704.92858887 -143.19662476 0
v 704.86553955 -143.10147095 150
v 704.86553955 -143.10147095 0
v 704.79785156 -143.00953674 150
v 704.79785156 -143.00953674 0
v 704.72570801 -142.92103577 0
v 704.72570801 -142.92103577 150
v 704.64935303 -142.83621216 150
v 704.64935303 -142.83621216 0
v 704.56890869 -142.75524902 150
v 704.56890869 -142.75524902 0
v 704.48455811 -142.67834473 150
v 704.48455811 -142.67834473 0
v 704.39648438 -142.60568237 150
v 704.39648438 -142.60568237 0
v 704.30499268 -142.53746033 150
v 704.30499268 -142.53746033 0
v 704.21020508 -142.47383118 0
v 704.21020508 -142.47383118 150
v 704.11242676 -142.41493225 150
v 704.11242676 -142.41493225 0
v 704.01184082 -142.3609314 150
v 704.01184082 -142.3609314 0
v 703.90875244 -142.31195068 0
v 703.90875244 -142.31195068 150
v 703.80334473 -142.26809692 0
v 703.80334473 -142.26809692 150
v 703.69592285 -142.22949219 150
v 703.69592285 -142.22949219 0
v 703.58673096 -142.19622803 150
v 703.58673096 -142.19622803 0
v 703.47601318 -142.168396 0
v 703.47601318 -142.168396 150
v 703.36407471 -142.14604187 150
v 703.36407471 -142.14604187 0
v 703.25115967 -142.12922668 150
v 703.25115967 -142.12922668 0
v 703.13757324 -142.11799622 150
v 703.13757324 -142.11799622 0
v 703.02355957 -142.11236572 150
v 703.02355957 -142.11236572 0
v 702.90942383 -142.11236572 150
v 702.90942383 -142.11236572 0
v 702.79541016 -142.11799622 150
v 702.79541016 -142.11799622 0
v 702.68182373 -142.12922668 150
v 702.68182373 -142.12922668 0
v 702.56890869 -142.14604187 150
v 702.56890869 -142.14604187 0
v 702.45697021 -142.168396 150
v 702.45697021 -142.168396 0
v 702.34625244 -142.19622803 0
v 702.34625244 -142.19622803 150
v 702.23706055 -142.22949219 150
v 702.23706055 -142.22949219 0
v 702.12963867 -142.26809692 150
v 702.12963867 -142.26809692 0
v 702.02423096 -142.31195068 0
v 702.02423096 -142.31195068 150
v 701.92114258 -142.3609314 150
v 701.92114258 -142.3609314 0
v 701.82055664 -142.41493225 150
v 701.82055664 -142.41493225 0
v 701.72277832 -142.47383118 0
v 701.72277832 -142.47383118 150
v 701.62805176 -142.53746033 0
v 701.62805176 -142.53746033 150
v 701.53649902 -142.60568237 150
v 701.53649902 -142.60568237 0
v 701.44848633 -142.67834473 150
v 701.44848633 -142.67834473 0
v 701.36413574 -142.75524902 150
v 701.36413574 -142.75524902 0
v 701.28363037 -142.83621216 0
v 701.28363037 -142.83621216 150
v 701.20727539 -142.92103577 0
v 701.20727539 -142.92103577 150
v 701.13513184 -143.00953674 0
v 701.13513184 -143.00953674 150
v 701.06750488 -143.10147095 150
v 701.06750488 -143.10147095 0
v 701.00445557 -143.19662476 0
v 701.00445557 -143.19662476 150
v 700.94616699 -143.29476929 150
v 700.94616699 -143.29476929 0
v 700.89276123 -143.3956604 150
v 700.89276123 -143.3956604 0
v 700.84442139 -143.49906921 0
v 700.84442139 -143.49906921 150
v 700.8012085 -143.60473633 150
v 700.8012085 -143.60473633 0
v 708.2756958 -153.27154541 0
v 708.2756958 -153.27154541 150
v 301.20996094 -195.6373291 0
v 301.20996094 -195.6373291 150
v 301.20001221 -195.19999695 0
v 301.23983765 -196.07426453 0
v 301.20001221 -195.19999695 150
v 301.23983765 -196.07426453 150
v 301.28961182 -196.51039124 0
v 301.28961182 -196.51039124 150
v 301.35922241 -196.94529724 0
v 301.35922241 -196.94529724 150
v 301.44863892 -197.37860107 0
v 301.44863892 -197.37860107 150
v 301.55773926 -197.80989075 0
v 301.55773926 -197.80989075 150
v 301.68643188 -198.23878479 0
v 301.68643188 -198.23878479 150
v 301.83459473 -198.66487122 0
v 301.83459473 -198.66487122 150
v 302.00210571 -199.0877533 0
v 302.00210571 -199.0877533 150
v 302.18881226 -199.50704956 0
v 302.18881226 -199.50704956 150
v 302.39453125 -199.92237854 0
v 302.39453125 -199.92237854 150
v 302.61907959 -200.33334351 0
v 302.61907959 -200.33334351 150
v 302.86224365 -200.73957825 0
v 302.86224365 -200.73957825 150
v 303.1237793 -201.14070129 0
v 303.1237793 -201.14070129 150
v 303.40350342 -201.53634644 0
v 303.40350342 -201.53634644 150
v 303.70111084 -201.9261322 0
v 303.70111084 -201.9261322 150
v 304.0163269 -202.3097229 0
v 304.0163269 -202.3097229 150
v 304.34887695 -202.68675232 0
v 304.34887695 -202.68675232 150
v 304.69845581 -203.05688477 0
v 304.69845581 -203.05688477 150
v 305.06472778 -203.41975403 0
v 305.06472778 -203.41975403 150
v 305.44735718 -203.77505493 0
v 305.44735718 -203.77505493 150
v 305.8460083 -204.12243652 0
v 305.8460083 -204.12243652 150
v 306.26028442 -204.46157837 0
v 306.26028442 -204.46157837 150
v 306.68984985 -204.79219055 0
v 306.68984985 -204.79219055 150
v 307.13424683 -205.11393738 0
v 307.13424683 -205.11393738 150
v 307.59310913 -205.42655945 0
v 307.59310913 -205.42655945 150
v 308.06600952 -205.72972107 0
v 308.06600952 -205.72972107 150
v 308.71759033 -206.11880493 0
v 308.71759033 -206.11880493 150
v 309.47817993 -206.53507996 0
v 309.47817993 -206.53507996 150
v 310.26641846 -206.92782593 0
v 310.26641846 -206.92782593 150
v 311.08065796 -207.29623413 0
v 311.08065796 -207.29623413 150
v 311.91925049 -207.63952637 0
v 311.91925049 -207.63952637 150
v 312.78039551 -207.95700073 0
v 312.78039551 -207.95700073 150
v 313.66235352 -208.2480011 0
v 313.66235352 -208.2480011 150
v 314.56329346 -208.51193237 0
v 314.56329346 -208.51193237 150
v 315.48129272 -208.74821472 0
v 315.48129272 -208.74821472 150
v 316.41452026 -208.95637512 0
v 316.41452026 -208.95637512 150
v 317.36099243 -209.13600159 0
v 317.36099243 -209.13600159 150
v 318.31872559 -209.28668213 0
v 318.31872559 -209.28668213 150
v 319.28579712 -209.40814209 0
v 319.28579712 -209.40814209 150
v 320.26013184 -209.50010681 0
v 320.26013184 -209.50010681 150
v 321.23974609 -209.56237793 0
v 321.23974609 -209.56237793 150
v 322.22262573 -209.59484863 0
v 322.22262573 -209.59484863 150
v 323.20666504 -209.59744263 0
v 323.20666504 -209.59744263 150
v 324.18988037 -209.57015991 0
v 324.18988037 -209.57015991 150
v 325.17022705 -209.51304626 0
v 325.17022705 -209.51304626 150
v 326.14562988 -209.42622375 0
v 326.14562988 -209.42622375 150
v 327.11407471 -209.30986023 0
v 327.11407471 -209.30986023 150
v 328.0736084 -209.16423035 0
v 328.0736084 -209.16423035 150
v 329.02215576 -208.98960876 0
v 329.02215576 -208.98960876 150
v 329.95782471 -208.78636169 0
v 329.95782471 -208.78636169 150
v 330.87860107 -208.55491638 0
v 330.87860107 -208.55491638 150
v 331.78262329 -208.29576111 0
v 331.78262329 -208.29576111 150
v 332.66802979 -208.00941467 0
v 332.66802979 -208.00941467 150
v 333.53292847 -207.69648743 0
v 333.53292847 -207.69648743 150
v 334.37554932 -207.35760498 0
v 334.37554932 -207.35760498 150
v 335.19412231 -206.99351501 0
v 335.98699951 -206.60493469 0
v 335.19412231 -206.99351501 150
v 335.98699951 -206.60493469 150
v 336.75250244 -206.19267273 0
v 336.75250244 -206.19267273 150
v 337.48904419 -205.75761414 0
v 337.48904419 -205.75761414 150
v 338.19509888 -205.30062866 0
v 338.19509888 -205.30062866 150
v 338.86920166 -204.82267761 0
v 338.86920166 -204.82267761 150
v 339.50994873 -204.32475281 0
v 339.50994873 -204.32475281 150
v 340.11599731 -203.8079071 0
v 340.11599731 -203.8079071 150
v 340.68612671 -203.2731781 0
v 340.68612671 -203.2731781 150
v 341.1675415 -202.77755737 0
v 341.1675415 -202.77755737 150
v 341.57440186 -202.32060242 0
v 341.57440186 -202.32060242 150
v 341.95571899 -201.85392761 0
v 341.95571899 -201.85392761 150
v 342.3109436 -201.37820435 0
v 342.3109436 -201.37820435 150
v 342.6395874 -200.89405823 150
v 342.6395874 -200.89405823 0
v 342.94122314 -200.4021759 150
v 342.94122314 -200.4021759 0
v 343.21542358 -199.90319824 150
v 343.21542358 -199.90319824 0
v 343.46182251 -199.39781189 150
v 343.46182251 -199.39781189 0
v 343.6595459 -198.93804932 0
v 343.6595459 -198.93804932 150
v 343.81781006 -198.52073669 150
v 343.81781006 -198.52073669 0
v 343.95730591 -198.10044861 0
v 343.95730591 -198.10044861 150
v 344.07788086 -197.67756653 150
v 344.07788086 -197.67756653 0
v 344.17947388 -197.25247192 0
v 344.17947388 -197.25247192 150
v 344.26193237 -196.82554626 150
v 344.26193237 -196.82554626 0
v 344.32522583 -196.39717102 0
v 344.32522583 -196.39717102 150
v 344.36929321 -195.96772766 150
v 344.36929321 -195.96772766 0
v 344.39407349 -195.53759766 150
v 344.39407349 -195.53759766 0
v 344.39953613 -195.10716248 0
v 344.39953613 -195.10716248 150
v 344.38574219 -194.67680359 150
v 344.38574219 -194.67680359 0
v 344.35263062 -194.24691772 150
v 344.35263062 -194.24691772 0
v 344.30029297 -193.81788635 150
v 344.30029297 -193.81788635 0
v 344.22869873 -193.39009094 150
v 344.22869873 -193.39009094 0
v 344.13800049 -192.96389771 150
v 344.13800049 -192.96389771 0
v 344.02819824 -192.53971863 150
v 344.02819824 -192.53971863 0
v 343.89944458 -192.11791992 150
v 343.89944458 -192.11791992 0
v 343.75183105 -191.6988678 150
v 343.75183105 -191.6988678 0
v 343.58551025 -191.28294373 0
v 343.58551025 -191.28294373 150
v 343.40060425 -190.87051392 0
v 343.40060425 -190.87051392 150
v 343.19729614 -190.46195984 150
v 343.19729614 -190.46195984 0
v 342.97576904 -190.05764771 0
v 342.97576904 -190.05764771 150
v 342.73620605 -189.65791321 150
v 342.73620605 -189.65791321 0
v 342.4788208 -189.26313782 150
v 342.4788208 -189.26313782 0
v 342.20385742 -188.87367249 0
v 342.20385742 -188.87367249 150
v 341.60217285 -188.11203003 0
v 341.91156006 -188.48985291 150
v 341.91156006 -188.48985291 0
v 341.60217285 -188.11203003 150
v 341.27600098 -187.74055481 0
v 341.27600098 -187.74055481 150
v 340.93331909 -187.37573242 0
v 340.93331909 -187.37573242 150
v 340.57440186 -187.01789856 0
v 340.57440186 -187.01789856 150
v 340.199646 -186.66737366 0
v 339.80932617 -186.32447815 0
v 340.199646 -186.66737366 150
v 339.80932617 -186.32447815 150
v 339.40377808 -185.98951721 0
v 339.40377808 -185.98951721 150
v 338.98342896 -185.66278076 0
v 338.98342896 -185.66278076 150
v 338.5486145 -185.34457397 0
v 338.5486145 -185.34457397 150
v 338.09973145 -185.03517151 0
v 338.09973145 -185.03517151 150
v 337.48001099 -184.6368103 0
v 336.75500488 -184.20874023 0
v 337.48001099 -184.6368103 150
v 336.75500488 -184.20874023 150
v 336.00195312 -183.80276489 0
v 336.00195312 -183.80276489 150
v 335.22235107 -183.41969299 0
v 335.22235107 -183.41969299 150
v 334.41778564 -183.06030273 0
v 334.41778564 -183.06030273 150
v 333.58984375 -182.72532654 0
v 333.58984375 -182.72532654 150
v 332.74023438 -182.41543579 0
v 332.74023438 -182.41543579 150
v 331.87063599 -182.13122559 0
v 331.87063599 -182.13122559 150
v 330.9828186 -181.87330627 0
v 330.9828186 -181.87330627 150
v 330.07852173 -181.64216614 0
v 330.07852173 -181.64216614 150
v 329.15960693 -181.43829346 0
v 329.15960693 -181.43829346 150
v 328.22790527 -181.2620697 0
v 328.22790527 -181.2620697 150
v 327.28527832 -181.11387634 0
v 327.28527832 -181.11387634 150
v 326.33364868 -180.9940033 0
v 326.33364868 -180.9940033 150
v 325.37490845 -180.90267944 0
v 325.37490845 -180.90267944 150
v 324.41101074 -180.84010315 150
v 324.41101074 -180.84010315 0
v 323.44387817 -180.80639648 150
v 323.44387817 -180.80639648 0
v 322.47543335 -180.80162048 150
v 322.47543335 -180.80162048 0
v 321.50762939 -180.82580566 150
v 321.50762939 -180.82580566 0
v 320.54244995 -180.87886047 150
v 320.54244995 -180.87886047 0
v 319.58178711 -180.96072388 150
v 319.58178711 -180.96072388 0
v 318.62759399 -181.07121277 150
v 318.62759399 -181.07121277 0
v 317.68179321 -181.21009827 0
v 317.68179321 -181.21009827 150
v 316.74627686 -181.37710571 0
v 316.74627686 -181.37710571 150
v 315.82296753 -181.57191467 150
v 315.82296753 -181.57191467 0
v 314.91363525 -181.79411316 150
v 314.91363525 -181.79411316 0
v 314.02017212 -182.04325867 0
v 314.02017212 -182.04325867 150
v 313.14437866 -182.31884766 150
v 313.14437866 -182.31884766 0
v 312.28796387 -182.62034607 150
v 312.28796387 -182.62034607 0
v 311.45272827 -182.9471283 0
v 311.45272827 -182.9471283 150
v 310.64025879 -183.29853821 0
v 310.64025879 -183.29853821 150
v 309.8522644 -183.6738739 0
v 309.8522644 -183.6738739 150
v 309.090271 -184.0723877 0
v 309.090271 -184.0723877 150
v 308.35586548 -184.49327087 0
v 308.35586548 -184.49327087 150
v 307.65048218 -184.93566895 0
v 307.65048218 -184.93566895 150
v 306.97555542 -185.39871216 0
v 306.97555542 -185.39871216 150
v 306.33242798 -185.88145447 0
v 306.33242798 -185.88145447 150
v 305.72244263 -186.38293457 0
v 305.72244263 -186.38293457 150
v 305.14675903 -186.90213013 0
v 305.14675903 -186.90213013 150
v 304.60656738 -187.43800354 0
v 304.60656738 -187.43800354 150
v 304.15164185 -187.93367004 0
v 304.15164185 -187.93367004 150
v 303.76815796 -188.3899231 0
v 303.76815796 -188.3899231 150
v 303.40975952 -188.85514832 0
v 303.40975952 -188.85514832 150
v 303.07696533 -189.32873535 0
v 303.07696533 -189.32873535 150
v 302.77017212 -189.81007385 0
v 302.77017212 -189.81007385 150
v 302.48977661 -190.29852295 0
v 302.48977661 -190.29852295 150
v 302.23620605 -190.79342651 0
v 302.23620605 -190.79342651 150
v 302.00973511 -191.29415894 0
v 302.00973511 -191.29415894 150
v 301.82937622 -191.7492218 0
v 301.82937622 -191.7492218 150
v 301.68618774 -192.16195679 0
v 301.68618774 -192.16195679 150
v 301.5612793 -192.57733154 0
v 301.5612793 -192.57733154 150
v 301.45474243 -192.9949646 0
v 301.45474243 -192.9949646 150
v 301.36669922 -193.414505 0
v 301.36669922 -193.414505 150
v 301.29718018 -193.83558655 0
v 301.29718018 -193.83558655 150
v 301.24627686 -194.25785828 0
v 301.24627686 -194.25785828 150
v 301.21405029 -194.68093872 0
v 301.21405029 -194.68093872 150
v 301.20352173 -194.94042969 0
v 301.20352173 -194.94042969 150

usemtl mat5
f 1 2 3
f 1 4 2
f 5 3 6
f 5 1 3
f 7 6 8
f 7 5 6
f 9 8 10
f 9 10 11
f 9 7 8
f 12 9 11
f 13 11 14
f 13 14 15
f 13 12 11
f 16 13 15
f 17 15 18
f 17 16 15
f 19 18 20
f 19 17 18
f 21 20 22
f 21 19 20
f 23 22 24
f 23 21 22
f 25 24 26
f 25 23 24
f 27 25 26
f 27 26 28
f 29 27 28
f 29 28 30
f 31 29 30
f 31 30 32
f 31 32 33
f 34 31 33
f 34 33 35
f 36 34 35
f 37 35 38
f 37 36 35
f 37 38 39
f 40 37 39
f 41 39 42
f 41 42 43
f 41 40 39
f 44 41 43
f 4 45 2
f 4 46 45
f 47 48 49
f 47 50 48
f 51 49 52
f 51 52 53
f 51 47 49
f 54 51 53
f 55 53 56
f 55 54 53
f 57 56 58
f 57 55 56
f 59 58 60
f 59 60 61
f 59 57 58
f 62 59 61
f 63 61 64
f 63 62 61
f 65 64 66
f 65 63 64
f 67 66 68
f 67 65 66
f 69 68 70
f 69 67 68
f 71 70 72
f 71 69 70
f 73 71 72
f 73 72 74
f 73 74 75
f 76 73 75
f 77 76 75
f 77 75 78
f 79 77 78
f 79 78 80
f 81 79 80
f 81 80 82
f 83 82 84
f 83 81 82
f 85 84 86
f 85 83 84
f 87 86 88
f 87 85 86
f 46 88 45
f 46 87 88
f 50 89 48
f 50 90 89
f 91 92 93
f 91 94 92
f 95 93 96
f 95 91 93
f 97 96 98
f 97 95 96
f 99 98 100
f 99 100 101
f 99 97 98
f 102 99 101
f 103 101 104
f 103 102 101
f 105 104 106
f 105 103 104
f 107 106 108
f 107 105 106
f 109 108 110
f 109 110 111
f 109 107 108
f 112 109 111
f 113 111 114
f 113 112 111
f 115 114 116
f 115 113 114
f 117 115 116
f 117 116 118
f 119 117 118
f 119 118 120
f 119 120 121
f 122 119 121
f 123 122 121
f 123 121 124
f 125 123 124
f 125 124 126
f 127 126 128
f 127 125 126
f 129 128 130
f 129 127 128
f 131 130 132
f 131 132 89
f 131 129 130
f 90 131 89
f 94 133 92
f 94 134 133
f 135 136 137
f 135 138 136
f 139 137 140
f 139 140 141
f 139 135 137
f 142 139 141
f 143 141 144
f 143 142 141
f 145 144 146
f 145 143 144
f 147 146 148
f 147 148 149
f 147 145 146
f 150 147 149
f 151 149 152
f 151 152 153
f 151 150 149
f 154 151 153
f 155 153 156
f 155 156 157
f 155 154 153
f 158 155 157
f 159 157 160
f 159 158 157
f 161 159 160
f 161 160 162
f 161 162 163
f 164 161 163
f 165 164 163
f 165 163 166
f 167 165 166
f 167 166 168
f 169 167 168
f 169 168 170
f 169 170 171
f 172 169 171
f 173 171 174
f 173 172 171
f 175 174 176
f 175 173 174
f 134 176 133
f 134 175 176
f 138 177 136
f 138 178 177
f 179 180 181
f 179 182 180
f 183 181 184
f 183 184 185
f 183 179 181
f 186 185 187
f 186 183 185
f 188 186 187
f 189 187 190
f 189 188 187
f 191 190 192
f 191 192 193
f 191 189 190
f 194 191 193
f 195 193 196
f 195 196 197
f 195 194 193
f 198 195 197
f 199 197 200
f 199 198 197
f 201 200 202
f 201 202 203
f 201 199 200
f 204 201 203
f 205 204 203
f 205 203 206
f 207 205 206
f 207 206 208
f 207 208 209
f 210 207 209
f 211 210 209
f 211 209 212
f 211 212 213
f 214 211 213
f 215 213 216
f 215 214 213
f 217 216 218
f 217 215 216
f 219 218 220
f 219 220 177
f 219 217 218
f 178 219 177
f 182 221 180
f 182 222 221
f 223 224 225
f 223 226 224
f 227 225 228
f 227 223 225
f 229 228 230
f 229 227 228
f 231 230 232
f 231 232 233
f 231 229 230
f 234 231 233
f 235 233 236
f 235 234 233
f 237 236 238
f 237 235 236
f 239 238 240
f 239 237 238
f 241 240 242
f 241 242 243
f 241 239 240
f 244 241 243
f 245 243 246
f 245 244 243
f 247 246 248
f 247 245 246
f 249 247 248
f 249 248 250
f 251 249 250
f 251 250 252
f 251 252 253
f 254 251 253
f 255 254 253
f 255 253 256
f 257 255 256
f 257 256 258
f 259 258 260
f 259 257 258
f 261 260 262
f 261 259 260
f 263 262 264
f 263 264 221
f 263 261 262
f 222 263 221
f 226 43 224
f 226 44 43
f 83 76 77
f 83 77 79
f 83 79 81
f 73 76 83
f 85 73 83
f 67 69 71
f 67 71 73
f 67 73 85
f 65 67 85
f 63 65 85
f 57 59 62
f 54 57 62
f 54 55 57
f 47 54 62
f 47 51 54
f 47 62 63
f 50 85 87
f 50 87 46
f 50 63 85
f 50 47 63
f 7 4 1
f 7 1 5
f 16 7 9
f 16 9 12
f 16 12 13
f 16 4 7
f 17 4 16
f 25 17 19
f 25 19 21
f 25 21 23
f 25 4 17
f 29 25 27
f 31 4 25
f 31 25 29
f 37 31 34
f 37 34 36
f 41 31 37
f 41 37 40
f 44 4 31
f 44 46 4
f 44 31 41
f 129 131 90
f 125 129 90
f 125 127 129
f 123 125 90
f 119 123 90
f 119 122 123
f 117 119 90
f 115 117 90
f 113 115 90
f 112 113 90
f 109 112 90
f 107 109 90
f 103 107 90
f 103 105 107
f 99 103 90
f 99 102 103
f 95 99 90
f 95 97 99
f 91 95 90
f 94 91 90
f 94 50 46
f 94 90 50
f 226 46 44
f 226 94 46
f 229 226 223
f 229 223 227
f 234 229 231
f 234 226 229
f 237 234 235
f 237 226 234
f 239 226 237
f 241 226 239
f 245 241 244
f 247 226 241
f 247 241 245
f 249 226 247
f 254 249 251
f 254 226 249
f 255 226 254
f 261 255 257
f 261 257 259
f 263 255 261
f 222 255 263
f 222 226 255
f 169 172 173
f 169 173 175
f 165 169 175
f 165 167 169
f 161 164 165
f 158 161 165
f 158 159 161
f 154 158 165
f 154 155 158
f 147 150 151
f 147 151 154
f 143 165 175
f 143 154 165
f 143 147 154
f 143 145 147
f 138 143 175
f 138 135 139
f 138 139 142
f 138 142 143
f 138 175 134
f 182 226 222
f 183 182 179
f 188 183 186
f 189 182 183
f 189 183 188
f 194 189 191
f 194 182 189
f 198 194 195
f 198 182 194
f 199 182 198
f 178 226 182
f 178 94 226
f 178 138 134
f 178 134 94
f 204 199 201
f 204 182 199
f 217 219 178
f 217 178 182
f 205 182 204
f 207 182 205
f 214 215 217
f 211 207 210
f 211 217 182
f 211 214 217
f 211 182 207
f 75 84 78
f 78 84 80
f 80 84 82
f 75 74 84
f 74 86 84
f 72 68 74
f 74 68 86
f 70 68 72
f 68 66 86
f 66 64 86
f 60 58 61
f 58 53 61
f 56 53 58
f 53 49 61
f 52 49 53
f 61 49 64
f 86 48 88
f 88 48 45
f 64 48 86
f 49 48 64
f 2 8 3
f 3 8 6
f 8 15 10
f 10 15 11
f 11 15 14
f 2 15 8
f 2 18 15
f 18 26 20
f 20 26 22
f 22 26 24
f 2 26 18
f 26 30 28
f 2 32 26
f 26 32 30
f 32 38 33
f 33 38 35
f 2 42 32
f 32 42 38
f 38 42 39
f 45 43 2
f 2 43 42
f 132 130 89
f 130 126 89
f 128 126 130
f 126 124 89
f 124 120 89
f 121 120 124
f 120 118 89
f 118 116 89
f 116 114 89
f 114 111 89
f 111 110 89
f 110 108 89
f 108 104 89
f 106 104 108
f 104 100 89
f 101 100 104
f 100 96 89
f 98 96 100
f 96 93 89
f 93 92 89
f 48 92 45
f 89 92 48
f 225 232 228
f 228 232 230
f 232 236 233
f 225 236 232
f 236 240 238
f 225 240 236
f 225 242 240
f 242 246 243
f 225 246 242
f 225 248 246
f 248 252 250
f 225 252 248
f 252 256 253
f 256 262 258
f 258 262 260
f 224 221 225
f 45 221 43
f 262 221 264
f 92 221 45
f 43 221 224
f 225 221 252
f 252 221 256
f 256 221 262
f 171 170 174
f 174 170 176
f 170 166 176
f 168 166 170
f 163 162 166
f 162 157 166
f 160 157 162
f 157 153 166
f 156 153 157
f 149 148 152
f 152 148 153
f 166 144 176
f 153 144 166
f 148 144 153
f 146 144 148
f 144 136 176
f 137 136 140
f 140 136 141
f 141 136 144
f 176 136 133
f 180 184 181
f 184 187 185
f 180 190 184
f 184 190 187
f 190 193 192
f 180 193 190
f 193 197 196
f 180 197 193
f 180 200 197
f 136 177 133
f 92 177 221
f 221 177 180
f 133 177 92
f 200 203 202
f 180 203 200
f 220 218 177
f 177 218 180
f 180 206 203
f 180 208 206
f 216 213 218
f 208 212 209
f 218 212 180
f 213 212 218
f 180 212 208
f 265 266 267
f 265 268 266
f 269 270 271
f 269 272 270
f 273 271 274
f 273 274 275
f 273 269 271
f 276 273 275
f 277 275 278
f 277 276 275
f 279 278 280
f 279 277 278
f 281 280 282
f 281 279 280
f 283 282 284
f 283 281 282
f 285 284 286
f 285 286 287
f 285 283 284
f 288 285 287
f 289 287 290
f 289 290 291
f 289 288 287
f 292 291 293
f 292 289 291
f 294 292 293
f 295 293 296
f 295 296 297
f 295 294 293
f 298 297 299
f 298 295 297
f 300 298 299
f 301 299 302
f 301 300 299
f 303 302 304
f 303 301 302
f 305 304 306
f 305 306 307
f 305 303 304
f 308 305 307
f 309 307 310
f 309 308 307
f 311 310 312
f 311 309 310
f 313 312 314
f 313 314 315
f 313 311 312
f 316 313 315
f 317 316 315
f 317 315 318
f 319 318 320
f 319 317 318
f 321 320 322
f 321 319 320
f 323 322 324
f 323 321 322
f 325 324 326
f 325 326 327
f 325 323 324
f 328 325 327
f 329 327 330
f 329 328 327
f 331 330 332
f 331 329 330
f 268 332 266
f 268 331 332
f 272 333 270
f 272 334 333
f 335 336 337
f 335 338 336
f 339 337 340
f 339 340 341
f 339 335 337
f 342 339 341
f 343 341 344
f 343 342 341
f 345 344 346
f 345 343 344
f 347 346 348
f 347 345 346
f 349 348 350
f 349 347 348
f 351 350 352
f 351 352 353
f 351 349 350
f 354 351 353
f 355 353 356
f 355 356 357
f 355 354 353
f 358 357 359
f 358 355 357
f 360 358 359
f 361 359 362
f 361 362 363
f 361 360 359
f 364 363 365
f 364 361 363
f 366 364 365
f 367 365 368
f 367 366 365
f 369 368 370
f 369 367 368
f 371 370 372
f 371 372 373
f 371 369 370
f 374 371 373
f 375 373 376
f 375 374 373
f 377 376 378
f 377 375 376
f 379 378 380
f 379 380 381
f 379 377 378
f 382 379 381
f 383 382 381
f 383 381 384
f 385 384 386
f 385 383 384
f 387 386 388
f 387 385 386
f 389 388 390
f 389 387 388
f 391 390 392
f 391 392 393
f 391 389 390
f 394 391 393
f 395 393 396
f 395 394 393
f 397 396 398
f 397 395 396
f 334 398 333
f 334 397 398
f 338 399 336
f 338 400 399
f 401 402 403
f 401 404 402
f 405 403 406
f 405 406 407
f 405 401 403
f 408 405 407
f 409 407 410
f 409 408 407
f 411 410 412
f 411 409 410
f 413 412 414
f 413 411 412
f 415 414 416
f 415 413 414
f 417 416 418
f 417 418 419
f 417 415 416
f 420 417 419
f 421 419 422
f 421 422 423
f 421 420 419
f 424 423 425
f 424 421 423
f 426 424 425
f 427 425 428
f 427 428 429
f 427 426 425
f 430 429 431
f 430 427 429
f 432 430 431
f 433 431 434
f 433 432 431
f 435 434 436
f 435 433 434
f 437 436 438
f 437 438 439
f 437 435 436
f 440 437 439
f 441 439 442
f 441 440 439
f 443 442 444
f 443 441 442
f 445 444 446
f 445 446 447
f 445 443 444
f 448 445 447
f 449 448 447
f 449 447 450
f 451 450 452
f 451 449 450
f 453 452 454
f 453 451 452
f 455 454 456
f 455 453 454
f 457 456 458
f 457 458 459
f 457 455 456
f 460 457 459
f 461 459 462
f 461 460 459
f 463 462 464
f 463 461 462
f 400 464 399
f 400 463 464
f 404 465 402
f 404 466 465
f 467 468 469
f 467 470 468
f 471 469 472
f 471 472 473
f 471 467 469
f 474 471 473
f 475 473 476
f 475 474 473
f 477 476 478
f 477 478 479
f 477 475 476
f 480 477 479
f 481 479 482
f 481 480 479
f 483 482 484
f 483 484 485
f 483 481 482
f 486 483 485
f 487 486 485
f 487 485 488
f 489 487 488
f 489 488 490
f 491 490 492
f 491 489 490
f 493 492 494
f 493 491 492
f 495 494 496
f 495 496 497
f 495 493 494
f 498 495 497
f 499 497 500
f 499 498 497
f 501 500 502
f 501 499 500
f 503 502 504
f 503 504 505
f 503 501 502
f 506 503 505
f 507 505 508
f 507 506 505
f 509 508 510
f 509 507 508
f 511 510 512
f 511 509 510
f 513 512 514
f 513 514 515
f 513 511 512
f 516 513 515
f 517 515 518
f 517 516 515
f 519 518 520
f 519 520 521
f 519 517 518
f 522 519 521
f 523 521 524
f 523 522 521
f 466 524 465
f 466 523 524
f 468 470 525
f 470 526 525
f 525 526 527
f 526 528 527
f 527 528 529
f 528 530 529
f 529 530 531
f 530 532 531
f 531 532 533
f 532 534 533
f 533 534 535
f 534 536 535
f 535 536 537
f 536 538 537
f 537 538 539
f 538 540 539
f 539 540 541
f 540 542 541
f 541 542 543
f 542 544 543
f 543 544 545
f 544 546 545
f 545 546 547
f 546 548 547
f 547 548 549
f 549 550 551
f 548 550 549
f 551 552 553
f 550 552 551
f 553 554 555
f 552 554 553
f 555 556 557
f 554 556 555
f 557 558 559
f 556 558 557
f 559 560 561
f 558 560 559
f 561 562 563
f 560 562 561
f 563 564 565
f 562 564 563
f 564 566 565
f 565 566 567
f 566 568 567
f 567 568 569
f 568 570 569
f 569 570 571
f 570 572 571
f 571 572 573
f 572 574 573
f 573 574 575
f 574 576 575
f 575 576 577
f 576 578 577
f 577 578 579
f 578 580 579
f 579 580 581
f 580 582 581
f 581 582 583
f 582 584 583
f 583 584 585
f 584 586 585
f 585 586 587
f 586 588 587
f 587 588 589
f 588 590 589
f 590 591 589
f 589 591 592
f 592 591 593
f 591 594 593
f 593 594 595
f 594 596 595
f 595 596 597
f 596 598 597
f 597 598 599
f 598 600 599
f 599 600 601
f 600 602 601
f 602 603 601
f 601 603 604
f 604 603 605
f 603 606 605
f 605 607 608
f 608 607 609
f 606 607 605
f 609 610 611
f 607 610 609
f 610 612 611
f 611 613 614
f 612 613 611
f 614 615 616
f 613 615 614
f 616 617 618
f 615 617 616
f 618 619 620
f 620 619 621
f 617 619 618
f 621 622 623
f 619 622 621
f 622 624 623
f 623 625 626
f 626 625 627
f 624 625 623
f 625 628 627
f 627 629 630
f 628 629 627
f 630 631 632
f 632 631 633
f 629 631 630
f 631 634 633
f 633 635 636
f 634 635 633
f 636 637 638
f 635 637 636
f 639 640 641
f 639 642 640
f 643 641 644
f 643 639 641
f 645 644 646
f 645 643 644
f 647 646 648
f 647 645 646
f 649 648 650
f 649 650 651
f 649 647 648
f 652 649 651
f 653 651 654
f 653 652 651
f 655 654 656
f 655 656 657
f 655 653 654
f 658 655 657
f 659 658 657
f 659 657 660
f 659 660 661
f 662 659 661
f 663 661 664
f 663 662 661
f 665 664 666
f 665 663 664
f 667 666 668
f 667 665 666
f 669 668 670
f 669 667 668
f 671 670 672
f 671 669 670
f 673 672 674
f 673 671 672
f 675 674 676
f 675 673 674
f 677 676 678
f 677 675 676
f 679 678 680
f 679 677 678
f 681 680 682
f 681 682 683
f 681 679 680
f 684 681 683
f 685 683 686
f 685 684 683
f 687 686 688
f 687 685 686
f 689 688 690
f 689 687 688
f 691 690 692
f 691 689 690
f 693 692 694
f 693 691 692
f 695 694 696
f 695 693 694
f 637 696 638
f 637 695 696
f 642 697 640
f 642 698 697
f 699 267 700
f 699 265 267
f 701 700 702
f 701 702 703
f 701 699 700
f 704 701 703
f 705 703 706
f 705 704 703
f 707 706 708
f 707 705 706
f 709 708 710
f 709 707 708
f 711 710 712
f 711 709 710
f 713 712 714
f 713 714 715
f 713 711 712
f 716 713 715
f 717 715 718
f 717 718 719
f 717 716 715
f 720 719 721
f 720 717 719
f 722 720 721
f 723 721 724
f 723 724 725
f 723 722 721
f 726 725 727
f 726 723 725
f 728 726 727
f 729 727 730
f 729 728 727
f 731 730 732
f 731 729 730
f 733 732 734
f 733 734 735
f 733 731 732
f 736 733 735
f 737 735 738
f 737 736 735
f 739 738 740
f 739 737 738
f 741 740 742
f 741 742 743
f 741 739 740
f 744 741 743
f 745 744 743
f 745 743 746
f 747 746 748
f 747 745 746
f 749 748 750
f 749 747 748
f 751 750 752
f 751 749 750
f 753 752 754
f 753 754 755
f 753 751 752
f 756 753 755
f 757 755 758
f 757 756 755
f 759 758 760
f 759 757 758
f 698 760 697
f 698 759 760
f 736 729 731
f 736 731 733
f 723 726 728
f 723 728 729
f 737 729 736
f 720 722 723
f 720 723 729
f 744 737 739
f 744 739 741
f 713 716 717
f 265 699 701
f 265 701 704
f 265 704 705
f 265 705 707
f 265 707 709
f 265 709 711
f 265 711 713
f 265 717 720
f 265 713 717
f 265 720 729
f 698 744 745
f 698 745 747
f 698 747 749
f 698 749 751
f 698 751 753
f 698 753 756
f 698 756 757
f 698 757 759
f 698 729 737
f 698 737 744
f 698 265 729
f 642 265 698
f 637 642 639
f 637 639 643
f 637 643 645
f 637 645 647
f 637 647 649
f 637 649 652
f 637 652 653
f 637 653 655
f 637 655 658
f 637 658 659
f 637 659 662
f 637 662 663
f 637 663 665
f 637 665 667
f 637 667 669
f 637 669 671
f 637 671 673
f 637 673 675
f 637 675 677
f 637 677 679
f 637 679 681
f 637 681 684
f 637 684 685
f 637 685 687
f 637 687 689
f 637 689 691
f 637 691 693
f 637 693 695
f 635 642 637
f 635 265 642
f 634 265 635
f 631 265 634
f 629 265 631
f 628 265 629
f 625 265 628
f 624 265 625
f 622 265 624
f 268 622 619
f 268 619 617
f 268 617 615
f 268 615 613
f 268 613 612
f 268 612 610
f 268 265 622
f 329 331 268
f 607 268 610
f 325 328 329
f 323 329 268
f 323 325 329
f 321 323 268
f 319 321 268
f 316 317 319
f 313 316 319
f 308 319 268
f 308 309 311
f 308 311 313
f 308 313 319
f 303 305 308
f 298 300 301
f 295 298 301
f 294 308 268
f 294 301 303
f 294 303 308
f 294 295 301
f 288 289 292
f 288 292 294
f 283 285 288
f 283 294 268
f 283 288 294
f 279 281 283
f 277 279 283
f 276 277 283
f 269 273 276
f 272 276 283
f 272 283 268
f 272 269 276
f 272 607 606
f 272 606 603
f 272 603 602
f 272 602 600
f 272 268 607
f 598 272 600
f 596 272 598
f 594 272 596
f 591 272 594
f 590 272 591
f 588 272 590
f 586 272 588
f 584 272 586
f 582 272 584
f 489 491 493
f 489 493 495
f 498 489 495
f 483 489 498
f 483 486 487
f 483 487 489
f 503 498 499
f 503 499 501
f 481 483 498
f 481 498 503
f 477 480 481
f 509 477 481
f 509 481 503
f 509 503 506
f 509 506 507
f 517 511 513
f 517 513 516
f 470 467 471
f 470 471 474
f 470 474 475
f 470 475 477
f 470 477 509
f 522 517 519
f 523 470 509
f 523 511 517
f 523 509 511
f 523 517 522
f 466 470 523
f 526 470 466
f 408 404 401
f 408 401 405
f 409 404 408
f 411 404 409
f 417 404 411
f 417 411 413
f 417 413 415
f 420 404 417
f 421 404 420
f 426 404 421
f 426 421 424
f 427 404 426
f 430 404 427
f 433 404 430
f 433 430 432
f 435 404 433
f 437 404 435
f 440 404 437
f 441 404 440
f 445 441 443
f 449 404 441
f 449 441 445
f 449 445 448
f 455 404 449
f 455 449 451
f 455 451 453
f 461 455 457
f 461 457 460
f 463 455 461
f 400 540 538
f 400 538 536
f 400 536 534
f 400 534 532
f 400 532 530
f 400 530 528
f 400 528 526
f 400 466 404
f 400 404 455
f 400 526 466
f 400 455 463
f 334 562 560
f 334 560 558
f 334 558 556
f 334 556 554
f 334 582 580
f 334 580 578
f 334 578 576
f 334 576 574
f 334 272 582
f 334 574 572
f 334 572 570
f 334 570 568
f 334 568 566
f 334 566 564
f 334 564 562
f 338 554 552
f 338 552 550
f 338 550 548
f 338 548 546
f 338 546 544
f 338 544 542
f 338 542 540
f 338 334 554
f 338 540 400
f 395 397 334
f 342 338 335
f 342 335 339
f 343 338 342
f 345 334 338
f 345 338 343
f 389 391 394
f 389 394 395
f 389 395 334
f 354 345 347
f 354 347 349
f 354 349 351
f 382 383 385
f 382 385 387
f 355 345 354
f 377 379 382
f 377 382 387
f 360 345 355
f 360 355 358
f 361 345 360
f 361 334 345
f 374 375 377
f 374 377 387
f 371 387 389
f 371 374 387
f 371 389 334
f 367 334 361
f 367 371 334
f 367 361 364
f 367 364 366
f 367 369 371
f 730 734 732
f 727 725 730
f 725 724 730
f 730 735 734
f 730 738 735
f 721 719 724
f 724 719 730
f 738 743 740
f 740 743 742
f 730 746 738
f 719 746 730
f 738 746 743
f 714 712 715
f 715 712 718
f 746 752 748
f 748 752 750
f 708 706 710
f 710 706 712
f 718 706 719
f 712 706 718
f 703 702 706
f 752 758 754
f 754 758 755
f 758 697 760
f 719 697 746
f 752 697 758
f 746 697 752
f 706 697 719
f 706 267 697
f 700 267 702
f 702 267 706
f 267 640 697
f 640 638 641
f 641 638 644
f 644 638 646
f 646 638 648
f 648 638 650
f 650 638 651
f 651 638 654
f 654 638 656
f 656 638 657
f 657 638 660
f 660 638 661
f 661 638 664
f 664 638 666
f 666 638 668
f 668 638 670
f 670 638 672
f 672 638 674
f 674 638 676
f 676 638 678
f 678 638 680
f 680 638 682
f 682 638 683
f 683 638 686
f 686 638 688
f 688 638 690
f 690 638 692
f 692 638 694
f 694 638 696
f 267 636 640
f 640 636 638
f 267 633 636
f 267 632 633
f 267 630 632
f 267 627 630
f 267 626 627
f 267 623 626
f 267 621 623
f 611 266 609
f 614 266 611
f 616 266 614
f 618 266 616
f 620 266 618
f 621 266 620
f 267 266 621
f 332 330 266
f 266 608 609
f 327 326 330
f 326 324 330
f 330 322 266
f 324 322 330
f 322 320 266
f 318 315 320
f 320 314 266
f 315 314 320
f 314 312 266
f 310 307 312
f 312 307 266
f 307 306 266
f 304 302 306
f 299 297 302
f 302 296 306
f 297 296 302
f 306 291 266
f 296 291 306
f 293 291 296
f 291 282 266
f 284 282 286
f 286 282 287
f 287 282 290
f 290 282 291
f 278 275 280
f 280 275 282
f 274 271 275
f 266 270 608
f 601 270 599
f 604 270 601
f 605 270 604
f 275 270 282
f 608 270 605
f 271 270 275
f 282 270 266
f 270 597 599
f 270 595 597
f 270 593 595
f 270 592 593
f 270 589 592
f 270 587 589
f 270 585 587
f 270 583 585
f 270 581 583
f 492 496 494
f 492 490 496
f 496 500 497
f 490 500 496
f 488 485 490
f 500 504 502
f 485 482 490
f 484 482 485
f 500 479 504
f 490 479 500
f 482 479 490
f 504 508 505
f 478 476 479
f 508 514 510
f 510 514 512
f 479 514 504
f 504 514 508
f 476 514 479
f 473 514 476
f 514 520 515
f 515 520 518
f 473 520 514
f 468 520 469
f 469 520 472
f 472 520 473
f 520 524 521
f 468 524 520
f 468 465 524
f 468 525 465
f 402 406 403
f 406 410 407
f 406 416 410
f 410 416 412
f 412 416 414
f 402 416 406
f 416 422 418
f 418 422 419
f 402 423 416
f 416 423 422
f 431 436 434
f 436 439 438
f 431 439 436
f 429 442 431
f 431 442 439
f 423 444 425
f 425 444 428
f 428 444 429
f 429 444 442
f 447 452 450
f 447 454 452
f 444 454 446
f 446 454 447
f 423 454 444
f 402 458 423
f 454 458 456
f 423 458 454
f 458 462 459
f 402 462 458
f 465 399 402
f 527 399 525
f 529 399 527
f 531 399 529
f 533 399 531
f 535 399 533
f 537 399 535
f 539 399 537
f 525 399 465
f 462 399 464
f 402 399 462
f 555 333 553
f 557 333 555
f 559 333 557
f 561 333 559
f 563 333 561
f 565 333 563
f 567 333 565
f 569 333 567
f 571 333 569
f 573 333 571
f 575 333 573
f 577 333 575
f 579 333 577
f 581 333 579
f 270 333 581
f 333 336 553
f 541 336 539
f 543 336 541
f 545 336 543
f 547 336 545
f 549 336 547
f 551 336 549
f 553 336 551
f 539 336 399
f 398 396 333
f 336 340 337
f 333 340 336
f 333 341 340
f 341 348 344
f 344 348 346
f 390 388 392
f 392 388 393
f 341 350 348
f 393 386 396
f 396 386 333
f 388 386 393
f 386 384 333
f 384 381 333
f 352 356 353
f 341 357 350
f 352 357 356
f 350 357 352
f 380 378 381
f 378 376 381
f 341 362 357
f 357 362 359
f 333 362 341
f 376 373 381
f 372 370 373
f 381 368 333
f 373 368 381
f 333 368 362
f 370 368 373
f 362 368 363
f 363 368 365
f 761 762 763
f 761 763 764
f 761 764 765
f 766 765 767
f 766 761 765
f 768 766 767
f 769 767 770
f 769 768 767
f 771 770 772
f 771 772 773
f 771 769 770
f 774 771 773
f 775 773 776
f 775 774 773
f 777 776 778
f 777 775 776
f 779 778 780
f 779 777 778
f 781 780 782
f 781 779 780
f 783 781 782
f 783 782 784
f 783 784 785
f 786 783 785
f 787 786 785
f 787 785 788
f 787 788 789
f 790 787 789
f 790 789 791
f 792 790 791
f 793 792 791
f 793 791 794
f 793 794 795
f 796 793 795
f 796 795 797
f 798 796 797
f 799 798 797
f 799 797 800
f 799 800 801
f 802 799 801
f 803 802 801
f 803 801 804
f 805 803 804
f 805 804 806
f 807 806 808
f 807 805 806
f 807 808 809
f 810 807 809
f 811 809 812
f 811 810 809
f 813 812 814
f 813 811 812
f 815 814 816
f 815 816 817
f 815 813 814
f 818 817 819
f 818 815 817
f 820 818 819
f 821 819 822
f 821 820 819
f 823 822 824
f 823 821 822
f 825 824 826
f 825 823 824
f 827 826 828
f 827 825 826
f 829 828 830
f 829 830 831
f 829 827 828
f 832 829 831
f 833 832 831
f 833 831 834
f 835 833 834
f 835 834 836
f 837 835 836
f 837 836 838
f 839 837 838
f 839 838 840
f 841 839 840
f 841 840 842
f 843 841 842
f 843 842 844
f 845 843 844
f 845 844 846
f 845 846 847
f 848 845 847
f 849 848 847
f 849 847 850
f 851 849 850
f 851 850 852
f 853 851 852
f 853 852 854
f 855 853 854
f 855 854 856
f 857 855 856
f 857 856 858
f 859 857 858
f 859 858 860
f 861 859 860
f 861 860 862
f 863 861 862
f 863 862 864
f 865 863 864
f 865 864 866
f 867 865 866
f 867 866 868
f 869 867 868
f 869 868 870
f 871 869 870
f 871 870 872
f 873 871 872
f 873 872 874
f 875 873 874
f 875 874 876
f 877 876 878
f 877 878 879
f 877 875 876
f 880 877 879
f 881 879 882
f 881 880 879
f 883 882 884
f 883 884 885
f 883 881 882
f 886 883 885
f 887 886 885
f 887 885 888
f 889 887 888
f 889 888 890
f 891 889 890
f 891 890 892
f 893 891 892
f 893 892 894
f 895 893 894
f 895 894 896
f 897 895 896
f 897 896 898
f 899 897 898
f 899 898 900
f 901 899 900
f 901 900 902
f 903 901 902
f 903 902 904
f 905 903 904
f 905 904 906
f 907 905 906
f 907 906 908
f 909 907 908
f 909 908 910
f 911 910 912
f 911 912 913
f 911 909 910
f 914 911 913
f 915 913 916
f 915 914 913
f 917 916 918
f 917 915 916
f 919 918 920
f 919 917 918
f 921 920 922
f 921 919 920
f 923 922 924
f 923 921 922
f 925 924 926
f 925 923 924
f 927 926 928
f 927 925 926
f 929 928 930
f 929 927 928
f 931 930 932
f 931 929 930
f 933 932 934
f 933 934 935
f 933 931 932
f 936 933 935
f 937 936 935
f 937 935 938
f 939 937 938
f 939 938 940
f 941 939 940
f 941 940 942
f 943 941 942
f 943 942 944
f 945 944 946
f 945 943 944
f 947 946 948
f 947 945 946
f 949 948 950
f 949 947 948
f 951 950 952
f 951 949 950
f 953 952 954
f 953 951 952
f 955 954 956
f 955 953 954
f 957 956 958
f 957 955 956
f 959 958 960
f 959 957 958
f 961 960 962
f 961 959 960
f 963 962 964
f 963 961 962
f 965 964 966
f 965 963 964
f 967 966 968
f 967 965 966
f 969 968 970
f 969 967 968
f 971 970 972
f 971 969 970
f 973 972 974
f 973 974 975
f 973 971 972
f 976 973 975
f 977 975 978
f 977 976 975
f 979 978 980
f 979 977 978
f 981 980 982
f 981 982 983
f 981 979 980
f 984 981 983
f 985 984 983
f 985 983 986
f 985 986 987
f 988 985 987
f 989 988 987
f 989 987 990
f 989 990 991
f 992 989 991
f 993 992 991
f 993 991 994
f 995 993 994
f 995 994 996
f 997 995 996
f 997 996 998
f 999 997 998
f 999 998 1000
f 1001 999 1000
f 1001 1000 1002
f 1003 1001 1002
f 1003 1002 1004
f 1005 1003 1004
f 1005 1004 1006
f 1007 1005 1006
f 1007 1006 1008
f 1009 1008 1010
f 1009 1007 1008
f 1011 1009 1010
f 1011 1010 1012
f 762 1012 763
f 762 1011 1012
f 799 792 793
f 799 793 796
f 799 796 798
f 786 787 790
f 786 790 792
f 781 783 786
f 805 799 802
f 805 802 803
f 805 792 799
f 807 786 792
f 807 792 805
f 811 807 810
f 771 774 775
f 771 775 777
f 771 777 779
f 815 811 813
f 820 815 818
f 820 811 815
f 761 766 768
f 761 768 769
f 825 821 823
f 1011 762 761
f 829 820 821
f 829 825 827
f 829 807 811
f 829 811 820
f 829 821 825
f 1007 769 771
f 1007 1009 1011
f 1007 1011 761
f 1007 761 769
f 1005 779 781
f 1005 781 786
f 1005 771 779
f 1005 1007 771
f 833 807 829
f 833 829 832
f 1001 1003 1005
f 837 833 835
f 839 833 837
f 995 997 999
f 995 999 1001
f 843 833 839
f 843 839 841
f 993 995 1001
f 845 833 843
f 989 993 1001
f 989 992 993
f 849 807 833
f 849 833 845
f 849 845 848
f 988 989 1001
f 984 985 988
f 984 1001 1005
f 984 988 1001
f 855 849 851
f 855 851 853
f 857 849 855
f 859 849 857
f 977 979 981
f 977 981 984
f 863 859 861
f 865 807 849
f 865 849 859
f 865 859 863
f 971 973 976
f 971 976 977
f 965 967 969
f 965 969 971
f 875 867 869
f 875 869 871
f 875 871 873
f 877 865 867
f 877 867 875
f 959 961 963
f 957 963 965
f 957 977 984
f 957 971 977
f 957 965 971
f 957 959 963
f 881 877 880
f 881 807 865
f 881 865 877
f 955 984 1005
f 955 957 984
f 886 881 883
f 947 949 951
f 891 887 889
f 945 947 951
f 945 951 953
f 893 887 891
f 937 945 953
f 937 939 941
f 937 941 943
f 937 943 945
f 937 953 955
f 933 937 955
f 933 936 937
f 905 901 903
f 931 933 955
f 909 881 886
f 909 887 893
f 909 901 905
f 909 786 807
f 909 886 887
f 909 893 895
f 909 895 897
f 909 897 899
f 909 899 901
f 909 905 907
f 909 807 881
f 925 927 929
f 923 931 955
f 923 925 929
f 923 929 931
f 915 911 914
f 919 955 1005
f 919 786 909
f 919 923 955
f 919 911 915
f 919 909 911
f 919 915 917
f 919 921 923
f 919 1005 786
f 791 800 794
f 794 800 795
f 795 800 797
f 788 785 789
f 789 785 791
f 784 782 785
f 800 806 801
f 801 806 804
f 791 806 800
f 785 808 791
f 791 808 806
f 808 812 809
f 773 772 776
f 776 772 778
f 778 772 780
f 812 816 814
f 816 819 817
f 812 819 816
f 765 764 767
f 767 764 770
f 822 826 824
f 763 1012 764
f 819 830 822
f 826 830 828
f 808 830 812
f 812 830 819
f 822 830 826
f 770 1008 772
f 1010 1008 1012
f 1012 1008 764
f 764 1008 770
f 780 1006 782
f 782 1006 785
f 772 1006 780
f 1008 1006 772
f 808 834 830
f 830 834 831
f 1004 1002 1006
f 834 838 836
f 834 840 838
f 998 996 1000
f 1000 996 1002
f 834 844 840
f 840 844 842
f 996 994 1002
f 834 846 844
f 994 990 1002
f 991 990 994
f 808 850 834
f 834 850 846
f 846 850 847
f 990 987 1002
f 986 983 987
f 1002 983 1006
f 987 983 1002
f 850 856 852
f 852 856 854
f 850 858 856
f 850 860 858
f 980 978 982
f 982 978 983
f 860 864 862
f 808 866 850
f 850 866 860
f 860 866 864
f 974 972 975
f 975 972 978
f 968 966 970
f 970 966 972
f 868 876 870
f 870 876 872
f 872 876 874
f 866 878 868
f 868 878 876
f 962 960 964
f 964 958 966
f 978 958 983
f 972 958 978
f 966 958 972
f 960 958 964
f 878 882 879
f 808 882 866
f 866 882 878
f 983 956 1006
f 958 956 983
f 882 885 884
f 950 948 952
f 888 892 890
f 948 946 952
f 952 946 954
f 888 894 892
f 946 938 954
f 940 938 942
f 942 938 944
f 944 938 946
f 954 938 956
f 938 934 956
f 935 934 938
f 902 906 904
f 934 932 956
f 882 910 885
f 888 910 894
f 902 910 906
f 785 910 808
f 885 910 888
f 894 910 896
f 896 910 898
f 898 910 900
f 900 910 902
f 906 910 908
f 808 910 882
f 928 926 930
f 932 924 956
f 926 924 930
f 930 924 932
f 912 916 913
f 956 920 1006
f 785 920 910
f 924 920 956
f 912 920 916
f 910 920 912
f 916 920 918
f 922 920 924
f 1006 920 785
f 1013 1014 1015
f 1016 1014 1013
f 1017 1018 1019
f 1017 1020 1018
f 1021 1022 1023
f 1024 1022 1021
f 1025 1026 1027
f 1028 1027 1029
f 1028 1025 1027
f 1030 1029 1031
f 1030 1028 1029
f 1032 1031 1033
f 1032 1030 1031
f 1034 1033 1035
f 1034 1032 1033
f 1036 1035 1037
f 1036 1034 1035
f 1038 1036 1037
f 1038 1037 1039
f 1040 1038 1039
f 1040 1039 1041
f 1042 1040 1041
f 1042 1041 1043
f 1044 1042 1043
f 1044 1043 1045
f 1046 1044 1045
f 1046 1045 1047
f 1048 1046 1047
f 1048 1047 1049
f 1050 1048 1049
f 1050 1049 1051
f 1052 1050 1051
f 1052 1051 1053
f 1054 1052 1053
f 1054 1053 1055
f 1056 1054 1055
f 1056 1055 1057
f 1058 1056 1057
f 1058 1057 1059
f 1060 1058 1059
f 1060 1059 1061
f 1062 1060 1061
f 1062 1061 1063
f 1064 1062 1063
f 1064 1063 1065
f 1066 1065 1067
f 1066 1064 1065
f 1068 1066 1067
f 1068 1067 1069
f 1070 1069 1071
f 1070 1068 1069
f 1072 1071 1073
f 1072 1070 1071
f 1074 1073 1075
f 1074 1072 1073
f 1076 1075 1077
f 1076 1074 1075
f 1078 1076 1077
f 1078 1077 1079
f 1080 1078 1079
f 1080 1079 1081
f 1082 1080 1081
f 1082 1081 1083
f 1084 1082 1083
f 1084 1083 1085
f 1086 1084 1085
f 1086 1085 1087
f 1088 1086 1087
f 1088 1087 1089
f 1090 1088 1089
f 1090 1089 1091
f 1092 1091 1093
f 1092 1090 1091
f 1094 1093 1095
f 1094 1092 1093
f 1096 1095 1097
f 1096 1094 1095
f 1098 1096 1097
f 1098 1097 1099
f 1100 1098 1099
f 1100 1099 1101
f 1102 1103 1104
f 1105 1106 1103
f 1105 1103 1102
f 1107 1104 1108
f 1107 1102 1104
f 1109 1110 1106
f 1109 1106 1105
f 1111 1107 1108
f 1111 1108 1112
f 1113 1110 1109
f 1113 1114 1110
f 1115 1111 1112
f 1115 1112 1116
f 1117 1114 1113
f 1117 1118 1114
f 1119 1115 1116
f 1119 1116 1120
f 1121 1100 1101
f 1121 1118 1117
f 1121 1101 1118
f 1122 1119 1120
f 1122 1120 1123
f 1124 1100 1121
f 1124 1125 1100
f 1126 1122 1123
f 1126 1123 1127
f 1128 1129 1125
f 1128 1125 1124
f 1130 1126 1127
f 1130 1127 1131
f 1132 1133 1129
f 1132 1129 1128
f 1134 1130 1131
f 1134 1131 1135
f 1136 1137 1133
f 1136 1133 1132
f 1138 1134 1135
f 1138 1135 1139
f 1140 1141 1137
f 1140 1137 1136
f 1142 1138 1139
f 1142 1139 1143
f 1144 1145 1141
f 1144 1141 1140
f 1146 1143 1147
f 1146 1142 1143
f 1148 1149 1145
f 1148 1145 1144
f 1150 1146 1147
f 1150 1147 1151
f 1152 1153 1149
f 1152 1149 1148
f 1154 1151 1155
f 1154 1150 1151
f 1156 1157 1153
f 1156 1153 1152
f 1158 1155 1159
f 1158 1154 1155
f 1160 1161 1157
f 1160 1157 1156
f 1162 1158 1159
f 1162 1159 1163
f 1164 1165 1161
f 1164 1161 1160
f 1166 1162 1163
f 1166 1163 1167
f 1168 1169 1165
f 1168 1165 1164
f 1170 1167 1171
f 1170 1166 1167
f 1172 1173 1169
f 1172 1169 1168
f 1174 1170 1171
f 1174 1171 1175
f 1176 1177 1173
f 1176 1173 1172
f 1178 1174 1175
f 1178 1175 1179
f 1180 1181 1177
f 1180 1177 1176
f 1182 1178 1179
f 1182 1179 1183
f 1184 1185 1181
f 1184 1181 1180
f 1186 1183 1187
f 1186 1182 1183
f 1188 1185 1184
f 1188 1189 1185
f 1190 1187 1191
f 1190 1186 1187
f 1192 1193 1189
f 1192 1189 1188
f 1194 1191 1195
f 1194 1190 1191
f 1196 1197 1193
f 1196 1193 1192
f 1198 1194 1195
f 1198 1195 1199
f 1200 1201 1197
f 1200 1197 1196
f 1202 1199 1203
f 1202 1198 1199
f 1204 1205 1201
f 1204 1201 1200
f 1206 1203 1207
f 1206 1202 1203
f 1208 1209 1205
f 1208 1205 1204
f 1210 1207 1211
f 1210 1206 1207
f 1212 1209 1208
f 1212 1213 1209
f 1214 1211 1215
f 1214 1210 1211
f 1216 1217 1213
f 1216 1213 1212
f 1218 1215 1219
f 1218 1214 1215
f 1220 1217 1216
f 1220 1221 1217
f 1222 1219 1223
f 1222 1218 1219
f 1224 1225 1221
f 1224 1221 1220
f 1226 1222 1223
f 1226 1223 1227
f 1228 1225 1224
f 1228 1229 1225
f 1230 1226 1227
f 1231 1229 1228
f 1231 1232 1229
f 1233 1234 1232
f 1233 1232 1231
f 1235 1234 1233
f 1235 1236 1234
f 1237 1236 1235
f 1237 1238 1236
f 1239 1238 1237
f 1239 1240 1238
f 1241 1240 1239
f 1241 1242 1240
f 1243 1242 1241
f 1021 1023 1244
f 1021 1244 1245
f 1245 1244 1246
f 1245 1246 1247
f 1247 1246 1248
f 1247 1248 1249
f 1249 1248 1250
f 1249 1250 1251
f 1251 1250 1026
f 1251 1026 1025
f 1013 1015 1252
f 1013 1252 1253
f 1253 1252 1254
f 1253 1254 1255
f 1255 1254 1256
f 1255 1256 1257
f 1257 1256 1258
f 1257 1258 1259
f 1259 1258 1230
f 1259 1230 1227
f 1019 1018 1260
f 1260 1018 1261
f 1260 1261 1262
f 1262 1261 1263
f 1262 1263 1264
f 1264 1263 1265
f 1264 1265 1266
f 1266 1265 1267
f 1266 1267 1268
f 1268 1267 1269
f 1268 1269 1270
f 1270 1269 1271
f 1270 1271 1272
f 1272 1271 1273
f 1272 1273 1274
f 1274 1273 1275
f 1274 1275 1243
f 1243 1275 1242
f 1276 1277 1278
f 1277 1279 1278
f 1278 1279 1280
f 1280 1281 1282
f 1279 1281 1280
f 1282 1283 1284
f 1281 1283 1282
f 1284 1285 1286
f 1283 1285 1284
f 1286 1287 1288
f 1285 1287 1286
f 1287 1289 1288
f 1288 1289 1290
f 1290 1291 1292
f 1289 1291 1290
f 1292 1293 1294
f 1291 1293 1292
f 1294 1295 1296
f 1293 1295 1294
f 1295 1297 1296
f 1296 1297 1298
f 1298 1299 1300
f 1297 1299 1298
f 1300 1301 1302
f 1299 1301 1300
f 1302 1303 1304
f 1301 1303 1302
f 1304 1305 1306
f 1303 1305 1304
f 1306 1307 1308
f 1305 1307 1306
f 1308 1309 1310
f 1307 1309 1308
f 1310 1311 1312
f 1309 1311 1310
f 1312 1313 1314
f 1311 1313 1312
f 1314 1315 1316
f 1313 1315 1314
f 1316 1317 1318
f 1315 1317 1316
f 1318 1319 1320
f 1317 1319 1318
f 1320 1321 1322
f 1319 1321 1320
f 1322 1323 1324
f 1321 1323 1322
f 1324 1325 1326
f 1323 1325 1324
f 1326 1327 1328
f 1325 1327 1326
f 1328 1329 1330
f 1327 1329 1328
f 1330 1331 1332
f 1329 1331 1330
f 1331 1333 1332
f 1332 1333 1334
f 1333 1335 1334
f 1334 1335 1336
f 1335 1337 1336
f 1336 1337 1338
f 1337 1339 1338
f 1338 1339 1340
f 1340 1341 1342
f 1339 1341 1340
f 1342 1343 1344
f 1341 1343 1342
f 1344 1345 1346
f 1343 1345 1344
f 1346 1347 1348
f 1345 1347 1346
f 1348 1349 1350
f 1347 1349 1348
f 1350 1351 1352
f 1349 1351 1350
f 1353 1354 1355
f 1353 1356 1354
f 1357 1356 1353
f 1355 1358 1359
f 1354 1358 1355
f 1360 1361 1357
f 1357 1361 1356
f 1358 1362 1359
f 1359 1362 1363
f 1364 1365 1360
f 1360 1365 1361
f 1362 1366 1363
f 1363 1366 1367
f 1368 1369 1364
f 1364 1369 1365
f 1367 1370 1371
f 1366 1370 1367
f 1351 1372 1352
f 1352 1372 1368
f 1368 1372 1369
f 1371 1373 1374
f 1370 1373 1371
f 1351 1375 1372
f 1376 1375 1351
f 1373 1377 1374
f 1374 1377 1378
f 1376 1379 1375
f 1380 1379 1376
f 1377 1381 1378
f 1378 1381 1382
f 1383 1384 1380
f 1380 1384 1379
f 1381 1385 1382
f 1382 1385 1386
f 1387 1388 1383
f 1383 1388 1384
f 1385 1389 1386
f 1386 1389 1390
f 1391 1392 1387
f 1387 1392 1388
f 1389 1393 1390
f 1390 1393 1394
f 1395 1396 1391
f 1391 1396 1392
f 1393 1397 1394
f 1394 1397 1398
f 1399 1400 1395
f 1395 1400 1396
f 1397 1401 1398
f 1398 1401 1402
f 1403 1404 1399
f 1399 1404 1400
f 1401 1405 1402
f 1402 1405 1406
f 1407 1408 1403
f 1403 1408 1404
f 1405 1409 1406
f 1406 1409 1410
f 1411 1412 1407
f 1407 1412 1408
f 1409 1413 1410
f 1410 1413 1414
f 1415 1416 1411
f 1411 1416 1412
f 1413 1417 1414
f 1414 1417 1418
f 1419 1420 1415
f 1415 1420 1416
f 1417 1421 1418
f 1418 1421 1422
f 1423 1424 1419
f 1419 1424 1420
f 1421 1425 1422
f 1422 1425 1426
f 1423 1427 1424
f 1428 1427 1423
f 1425 1429 1426
f 1426 1429 1430
f 1428 1431 1427
f 1432 1431 1428
f 1429 1433 1430
f 1430 1433 1434
f 1432 1435 1431
f 1436 1435 1432
f 1434 1437 1438
f 1433 1437 1434
f 1436 1439 1435
f 1440 1439 1436
f 1437 1441 1438
f 1438 1441 1442
f 1440 1443 1439
f 1444 1443 1440
f 1441 1445 1442
f 1442 1445 1446
f 1444 1447 1443
f 1448 1447 1444
f 1446 1449 1450
f 1445 1449 1446
f 1451 1452 1448
f 1448 1452 1447
f 1449 1453 1450
f 1450 1453 1454
f 1455 1456 1451
f 1451 1456 1452
f 1453 1457 1454
f 1454 1457 1458
f 1455 1459 1456
f 1460 1459 1455
f 1457 1461 1458
f 1458 1461 1462
f 1460 1463 1459
f 1464 1463 1460
f 1462 1465 1466
f 1461 1465 1462
f 1464 1467 1463
f 1468 1467 1464
f 1466 1469 1470
f 1465 1469 1466
f 1468 1471 1467
f 1472 1471 1468
f 1469 1473 1470
f 1470 1473 1474
f 1472 1475 1471
f 1476 1475 1472
f 1473 1477 1474
f 1474 1477 1478
f 1476 1479 1475
f 1480 1479 1476
f 1477 1481 1478
f 1480 1482 1479
f 1483 1482 1480
f 1483 1484 1482
f 1485 1484 1483
f 1485 1486 1484
f 1487 1486 1485
f 1487 1488 1486
f 1489 1488 1487
f 1489 1490 1488
f 1491 1490 1489
f 1491 1492 1490
f 1493 1492 1491
f 1493 1494 1492
f 1014 1016 1495
f 1495 1016 1496
f 1495 1496 1497
f 1497 1496 1498
f 1497 1498 1499
f 1499 1498 1500
f 1499 1500 1501
f 1501 1500 1502
f 1501 1502 1481
f 1481 1502 1478
f 1020 1017 1503
f 1020 1503 1504
f 1504 1503 1505
f 1504 1505 1506
f 1506 1505 1507
f 1506 1507 1508
f 1508 1507 1509
f 1508 1509 1510
f 1510 1509 1511
f 1510 1511 1512
f 1512 1511 1513
f 1512 1513 1514
f 1514 1513 1515
f 1514 1515 1516
f 1516 1515 1517
f 1516 1517 1518
f 1518 1517 1494
f 1518 1494 1493
f 1022 1024 1519
f 1519 1024 1520
f 1519 1520 1521
f 1521 1520 1522
f 1521 1522 1523
f 1523 1522 1524
f 1523 1524 1525
f 1525 1524 1526
f 1525 1526 1276
f 1276 1526 1277
f 1286 1288 1527
f 1286 1527 1528
f 1035 1529 1037
f 1284 1286 1528
f 1284 1528 1530
f 1531 1035 1033
f 1531 1529 1035
f 1282 1284 1530
f 1282 1530 1532
f 1533 1033 1031
f 1533 1531 1033
f 1280 1282 1532
f 1280 1532 1534
f 1535 1031 1029
f 1535 1533 1031
f 1278 1534 1536
f 1278 1280 1534
f 1537 1029 1027
f 1537 1535 1029
f 1276 1536 1538
f 1276 1278 1536
f 1539 1027 1026
f 1539 1537 1027
f 1525 1538 1540
f 1525 1276 1538
f 1541 1026 1250
f 1541 1539 1026
f 1523 1540 1542
f 1523 1525 1540
f 1543 1250 1248
f 1543 1541 1250
f 1521 1542 1544
f 1521 1523 1542
f 1545 1248 1246
f 1545 1543 1248
f 1519 1521 1544
f 1519 1544 1546
f 1547 1246 1244
f 1547 1545 1246
f 1022 1546 1548
f 1022 1519 1546
f 1549 1022 1548
f 1550 1547 1244
f 1550 1244 1023
f 1551 1550 1023
f 1552 1022 1549
f 1552 1551 1023
f 1552 1023 1022
f 1553 1552 1549
f 1553 1549 1554
f 1555 1553 1554
f 1555 1554 1556
f 1555 1556 1557
f 1558 1555 1557
f 1559 1558 1557
f 1559 1557 1560
f 1561 1559 1560
f 1561 1560 1562
f 1563 1561 1562
f 1563 1562 1564
f 1565 1563 1564
f 1565 1564 1566
f 1565 1566 1567
f 1568 1565 1567
f 1569 1568 1567
f 1569 1567 1570
f 1571 1569 1570
f 1571 1570 1572
f 1573 1571 1572
f 1573 1572 1574
f 1573 1574 1575
f 1576 1573 1575
f 1577 1576 1575
f 1577 1575 1578
f 1579 1578 1580
f 1579 1577 1578
f 1581 1580 1582
f 1581 1579 1580
f 1583 1582 1584
f 1583 1581 1582
f 1585 1584 1586
f 1585 1583 1584
f 1587 1586 1588
f 1587 1585 1586
f 1589 1588 1590
f 1589 1590 1591
f 1589 1587 1588
f 1592 1589 1591
f 1593 1592 1591
f 1593 1591 1594
f 1595 1593 1594
f 1595 1594 1596
f 1595 1596 1597
f 1598 1595 1597
f 1599 1598 1597
f 1599 1597 1600
f 1601 1599 1600
f 1601 1600 1602
f 1603 1601 1602
f 1603 1602 1604
f 1603 1604 1605
f 1606 1603 1605
f 1607 1606 1605
f 1607 1605 1608
f 1609 1607 1608
f 1609 1608 1610
f 1611 1609 1610
f 1611 1610 1612
f 1613 1611 1612
f 1613 1612 1614
f 1615 1613 1614
f 1615 1614 1616
f 1617 1615 1616
f 1617 1616 1618
f 1617 1618 1619
f 1620 1617 1619
f 1621 1620 1619
f 1621 1619 1622
f 1621 1622 1623
f 1624 1621 1623
f 1625 1624 1623
f 1625 1623 1626
f 1625 1626 1627
f 1628 1625 1627
f 1629 1627 1630
f 1629 1628 1627
f 1016 1630 1631
f 1016 1631 1632
f 1016 1629 1630
f 1013 1629 1016
f 1633 1629 1013
f 1496 1632 1634
f 1496 1016 1632
f 1635 1013 1253
f 1635 1633 1013
f 1498 1634 1636
f 1498 1496 1634
f 1637 1253 1255
f 1637 1635 1253
f 1500 1636 1638
f 1500 1498 1636
f 1639 1637 1255
f 1639 1255 1257
f 1502 1638 1640
f 1502 1500 1638
f 1641 1639 1257
f 1641 1257 1259
f 1478 1640 1642
f 1478 1502 1640
f 1643 1641 1259
f 1643 1259 1227
f 1474 1642 1644
f 1474 1478 1642
f 1645 1643 1227
f 1645 1227 1223
f 1470 1644 1646
f 1470 1474 1644
f 1647 1645 1223
f 1647 1223 1219
f 1466 1646 1648
f 1466 1470 1646
f 1649 1647 1219
f 1649 1219 1215
f 1462 1648 1650
f 1462 1466 1648
f 1651 1649 1215
f 1651 1215 1211
f 1458 1650 1652
f 1458 1462 1650
f 1653 1211 1207
f 1653 1651 1211
f 1454 1652 1654
f 1454 1458 1652
f 1655 1207 1203
f 1655 1653 1207
f 1450 1654 1656
f 1450 1454 1654
f 1657 1203 1199
f 1657 1655 1203
f 1446 1656 1658
f 1446 1450 1656
f 1659 1199 1195
f 1659 1657 1199
f 1442 1658 1660
f 1442 1446 1658
f 1661 1195 1191
f 1661 1659 1195
f 1438 1660 1662
f 1438 1442 1660
f 1663 1191 1187
f 1663 1661 1191
f 1434 1438 1662
f 1434 1662 1664
f 1665 1663 1187
f 1665 1187 1183
f 1430 1434 1664
f 1430 1664 1666
f 1667 1665 1183
f 1667 1183 1179
f 1426 1666 1668
f 1426 1430 1666
f 1669 1667 1179
f 1669 1179 1175
f 1422 1668 1670
f 1422 1426 1668
f 1671 1669 1175
f 1671 1175 1171
f 1418 1670 1672
f 1418 1422 1670
f 1673 1671 1171
f 1673 1171 1167
f 1414 1672 1674
f 1414 1418 1672
f 1675 1673 1167
f 1675 1167 1163
f 1410 1674 1676
f 1410 1414 1674
f 1677 1675 1163
f 1677 1163 1159
f 1406 1676 1678
f 1406 1410 1676
f 1679 1677 1159
f 1679 1159 1155
f 1402 1678 1680
f 1402 1406 1678
f 1681 1155 1151
f 1681 1679 1155
f 1398 1680 1682
f 1398 1402 1680
f 1683 1151 1147
f 1683 1681 1151
f 1394 1682 1684
f 1394 1398 1682
f 1685 1147 1143
f 1685 1683 1147
f 1390 1684 1686
f 1390 1394 1684
f 1687 1143 1139
f 1687 1685 1143
f 1386 1686 1688
f 1386 1390 1686
f 1689 1687 1139
f 1689 1139 1135
f 1382 1386 1688
f 1382 1688 1690
f 1691 1689 1135
f 1691 1135 1131
f 1378 1382 1690
f 1378 1690 1692
f 1693 1691 1131
f 1693 1131 1127
f 1374 1378 1692
f 1374 1692 1694
f 1695 1693 1127
f 1695 1127 1123
f 1371 1374 1694
f 1371 1694 1696
f 1697 1695 1123
f 1697 1123 1120
f 1367 1696 1698
f 1367 1371 1696
f 1699 1697 1120
f 1699 1120 1116
f 1363 1698 1700
f 1363 1367 1698
f 1701 1699 1116
f 1701 1116 1112
f 1359 1700 1702
f 1359 1363 1700
f 1703 1701 1112
f 1703 1112 1108
f 1355 1702 1704
f 1355 1359 1702
f 1705 1703 1108
f 1705 1108 1104
f 1353 1704 1706
f 1353 1355 1704
f 1707 1705 1104
f 1707 1104 1103
f 1357 1706 1708
f 1357 1353 1706
f 1709 1103 1106
f 1709 1707 1103
f 1360 1708 1710
f 1360 1357 1708
f 1711 1106 1110
f 1711 1709 1106
f 1364 1710 1712
f 1364 1360 1710
f 1713 1711 1110
f 1713 1110 1114
f 1368 1364 1712
f 1368 1712 1714
f 1715 1713 1114
f 1715 1114 1118
f 1352 1714 1716
f 1352 1368 1714
f 1717 1715 1118
f 1717 1118 1101
f 1350 1352 1716
f 1350 1716 1718
f 1719 1717 1101
f 1719 1101 1099
f 1348 1350 1718
f 1348 1718 1720
f 1721 1719 1099
f 1721 1099 1097
f 1346 1348 1720
f 1346 1720 1722
f 1723 1721 1097
f 1723 1097 1095
f 1344 1346 1722
f 1344 1722 1724
f 1725 1723 1095
f 1725 1095 1093
f 1342 1724 1726
f 1342 1344 1724
f 1727 1725 1093
f 1727 1093 1091
f 1340 1726 1728
f 1340 1342 1726
f 1729 1727 1091
f 1729 1091 1089
f 1338 1728 1730
f 1338 1340 1728
f 1731 1729 1089
f 1731 1089 1087
f 1336 1730 1732
f 1336 1338 1730
f 1733 1731 1087
f 1733 1087 1085
f 1334 1732 1734
f 1334 1336 1732
f 1735 1085 1083
f 1735 1733 1085
f 1332 1734 1736
f 1332 1334 1734
f 1737 1083 1081
f 1737 1735 1083
f 1330 1736 1738
f 1330 1332 1736
f 1739 1081 1079
f 1739 1737 1081
f 1328 1330 1738
f 1328 1738 1740
f 1741 1079 1077
f 1741 1739 1079
f 1326 1328 1740
f 1326 1740 1742
f 1743 1077 1075
f 1743 1741 1077
f 1324 1326 1742
f 1324 1742 1744
f 1745 1075 1073
f 1745 1743 1075
f 1322 1324 1744
f 1322 1744 1746
f 1747 1073 1071
f 1747 1745 1073
f 1320 1322 1746
f 1320 1746 1748
f 1749 1071 1069
f 1749 1747 1071
f 1318 1320 1748
f 1318 1748 1750
f 1751 1069 1067
f 1751 1749 1069
f 1316 1318 1750
f 1316 1750 1752
f 1753 1067 1065
f 1753 1751 1067
f 1314 1316 1752
f 1314 1752 1754
f 1755 1065 1063
f 1755 1753 1065
f 1312 1754 1756
f 1312 1314 1754
f 1757 1063 1061
f 1757 1755 1063
f 1310 1756 1758
f 1310 1312 1756
f 1759 1061 1059
f 1759 1757 1061
f 1308 1758 1760
f 1308 1310 1758
f 1761 1059 1057
f 1761 1759 1059
f 1306 1760 1762
f 1306 1308 1760
f 1763 1057 1055
f 1763 1761 1057
f 1304 1762 1764
f 1304 1306 1762
f 1765 1055 1053
f 1765 1763 1055
f 1302 1304 1764
f 1302 1764 1766
f 1767 1053 1051
f 1767 1765 1053
f 1300 1302 1766
f 1300 1766 1768
f 1769 1051 1049
f 1769 1767 1051
f 1298 1300 1768
f 1298 1768 1770
f 1771 1049 1047
f 1771 1769 1049
f 1296 1298 1770
f 1296 1770 1772
f 1773 1047 1045
f 1773 1771 1047
f 1294 1296 1772
f 1294 1772 1774
f 1775 1045 1043
f 1775 1773 1045
f 1292 1294 1774
f 1292 1774 1776
f 1777 1043 1041
f 1777 1775 1043
f 1290 1292 1776
f 1290 1776 1527
f 1288 1290 1527
f 1778 1041 1039
f 1778 1777 1041
f 1529 1039 1037
f 1529 1778 1039
f 1779 1780 1781
f 1779 1782 1780
f 1783 1784 1785
f 1786 1785 1787
f 1786 1783 1785
f 1788 1786 1787
f 1789 1787 1790
f 1789 1788 1787
f 1791 1790 1792
f 1791 1789 1790
f 1793 1792 1794
f 1793 1791 1792
f 1795 1794 1796
f 1795 1796 1797
f 1795 1793 1794
f 1798 1795 1797
f 1799 1798 1797
f 1799 1797 1800
f 1801 1799 1800
f 1801 1800 1802
f 1801 1802 1803
f 1804 1801 1803
f 1805 1804 1803
f 1805 1803 1806
f 1807 1806 1808
f 1807 1805 1806
f 1809 1808 1810
f 1809 1810 1811
f 1809 1807 1808
f 1812 1809 1811
f 1813 1811 1814
f 1813 1814 1815
f 1813 1812 1811
f 1816 1813 1815
f 1817 1815 1818
f 1817 1818 1819
f 1817 1816 1815
f 1820 1817 1819
f 1821 1819 1822
f 1821 1820 1819
f 1823 1822 1824
f 1823 1821 1822
f 1825 1824 1826
f 1825 1823 1824
f 1827 1826 1828
f 1827 1825 1826
f 1829 1828 1830
f 1829 1827 1828
f 1831 1830 1832
f 1831 1832 1833
f 1831 1829 1830
f 1834 1831 1833
f 1835 1833 1836
f 1835 1834 1833
f 1837 1836 1838
f 1837 1835 1836
f 1839 1838 1840
f 1839 1837 1838
f 1841 1840 1842
f 1841 1839 1840
f 1843 1842 1844
f 1843 1844 1845
f 1843 1841 1842
f 1846 1845 1780
f 1846 1843 1845
f 1782 1846 1780
f 1783 1847 1784
f 1783 1848 1847
f 1849 1850 1851
f 1852 1851 1853
f 1852 1849 1851
f 1854 1852 1853
f 1855 1853 1856
f 1855 1854 1853
f 1857 1856 1858
f 1857 1855 1856
f 1859 1858 1860
f 1859 1857 1858
f 1861 1860 1862
f 1861 1862 1863
f 1861 1859 1860
f 1864 1861 1863
f 1865 1863 1866
f 1865 1864 1863
f 1867 1866 1868
f 1867 1868 1869
f 1867 1865 1866
f 1870 1867 1869
f 1871 1869 1872
f 1871 1870 1869
f 1873 1872 1874
f 1873 1871 1872
f 1875 1874 1876
f 1875 1876 1877
f 1875 1873 1874
f 1878 1875 1877
f 1879 1877 1880
f 1879 1878 1877
f 1848 1880 1847
f 1848 1879 1880
f 1849 1881 1850
f 1849 1882 1881
f 1883 1884 1885
f 1883 1886 1884
f 1887 1885 1888
f 1887 1888 1889
f 1887 1883 1885
f 1890 1887 1889
f 1891 1889 1892
f 1891 1890 1889
f 1893 1892 1894
f 1893 1894 1895
f 1893 1891 1892
f 1896 1893 1895
f 1897 1895 1898
f 1897 1896 1895
f 1899 1898 1900
f 1899 1897 1898
f 1901 1900 1902
f 1901 1899 1900
f 1903 1902 1904
f 1903 1901 1902
f 1905 1904 1906
f 1905 1903 1904
f 1907 1906 1908
f 1907 1905 1906
f 1909 1908 1910
f 1909 1910 1911
f 1909 1907 1908
f 1912 1909 1911
f 1913 1911 1914
f 1913 1912 1911
f 1882 1914 1881
f 1882 1913 1914
f 1886 1915 1884
f 1886 1916 1915
f 1917 1918 1919
f 1920 1919 1921
f 1920 1917 1919
f 1922 1920 1921
f 1923 1921 1924
f 1923 1922 1921
f 1925 1924 1926
f 1925 1923 1924
f 1927 1926 1928
f 1927 1925 1926
f 1929 1928 1930
f 1929 1930 1931
f 1929 1927 1928
f 1932 1929 1931
f 1933 1931 1934
f 1933 1932 1931
f 1935 1934 1936
f 1935 1936 1937
f 1935 1933 1934
f 1938 1935 1937
f 1939 1937 1940
f 1939 1938 1937
f 1941 1940 1942
f 1941 1939 1940
f 1943 1942 1944
f 1943 1944 1945
f 1943 1941 1942
f 1946 1943 1945
f 1947 1945 1948
f 1947 1946 1945
f 1916 1948 1915
f 1916 1947 1948
f 1917 1949 1918
f 1917 1950 1949
f 1951 1952 1953
f 1954 1953 1955
f 1954 1951 1953
f 1956 1955 1957
f 1956 1954 1955
f 1958 1956 1957
f 1959 1957 1960
f 1959 1958 1957
f 1961 1960 1962
f 1961 1959 1960
f 1963 1962 1964
f 1963 1964 1965
f 1963 1961 1962
f 1966 1963 1965
f 1967 1965 1968
f 1967 1968 1969
f 1967 1966 1965
f 1970 1967 1969
f 1971 1969 1972
f 1971 1970 1969
f 1973 1972 1974
f 1973 1971 1972
f 1975 1974 1976
f 1975 1973 1974
f 1977 1976 1978
f 1977 1975 1976
f 1979 1978 1980
f 1979 1977 1978
f 1981 1980 1982
f 1981 1979 1980
f 1950 1982 1949
f 1950 1981 1982
f 1951 1983 1952
f 1951 1984 1983
f 1779 1781 1985
f 1986 1985 1987
f 1986 1779 1985
f 1988 1986 1987
f 1989 1987 1990
f 1989 1988 1987
f 1991 1990 1992
f 1991 1989 1990
f 1993 1992 1994
f 1993 1991 1992
f 1995 1994 1996
f 1995 1996 1997
f 1995 1993 1994
f 1998 1995 1997
f 1999 1998 1997
f 1999 1997 2000
f 2001 1999 2000
f 2001 2000 2002
f 2001 2002 2003
f 2004 2001 2003
f 2005 2004 2003
f 2005 2003 2006
f 2007 2006 2008
f 2007 2005 2006
f 2009 2008 2010
f 2009 2010 2011
f 2009 2007 2008
f 2012 2009 2011
f 2013 2011 2014
f 2013 2014 2015
f 2013 2012 2011
f 2016 2013 2015
f 2017 2015 2018
f 2017 2018 2019
f 2017 2016 2015
f 2020 2017 2019
f 2021 2019 2022
f 2021 2020 2019
f 2023 2022 2024
f 2023 2021 2022
f 2025 2024 2026
f 2025 2023 2024
f 2027 2026 2028
f 2027 2025 2026
f 2029 2028 2030
f 2029 2027 2028
f 2031 2030 2032
f 2031 2032 2033
f 2031 2029 2030
f 2034 2031 2033
f 2035 2033 2036
f 2035 2034 2033
f 2037 2036 2038
f 2037 2035 2036
f 2039 2038 2040
f 2039 2037 2038
f 2041 2040 2042
f 2041 2039 2040
f 2043 2042 2044
f 2043 2044 2045
f 2043 2041 2042
f 2046 2045 1983
f 2046 2043 2045
f 1984 2046 1983
f 1979 1981 1950
f 1977 1979 1950
f 1975 1977 1950
f 1973 1975 1950
f 1971 1973 1950
f 1970 1971 1950
f 1967 1970 1950
f 1966 1967 1950
f 1963 1966 1950
f 1961 1963 1950
f 1959 1961 1950
f 1958 1959 1950
f 1956 1958 1950
f 1954 1956 1950
f 1951 1954 1950
f 1557 1917 1560
f 1562 1560 1917
f 1556 1917 1557
f 1564 1562 1917
f 1554 1917 1556
f 1566 1564 1917
f 1549 1917 1554
f 1567 1566 1917
f 1548 1917 1549
f 1570 1567 1917
f 1546 1917 1548
f 1572 1570 1917
f 1544 1917 1546
f 1544 1950 1917
f 1574 1572 1917
f 1542 1950 1544
f 1575 1574 1917
f 1540 1950 1542
f 1578 1575 1917
f 1578 1917 1920
f 1538 1950 1540
f 1580 1920 1922
f 1580 1922 1923
f 1580 1923 1925
f 1580 1925 1927
f 1580 1927 1929
f 1580 1929 1932
f 1580 1932 1933
f 1580 1933 1935
f 1580 1935 1938
f 1580 1578 1920
f 1536 1950 1538
f 1582 1580 1938
f 1582 1938 1939
f 1582 1939 1941
f 1582 1941 1943
f 1582 1943 1946
f 1582 1946 1947
f 1582 1947 1916
f 1534 1950 1536
f 1584 1582 1916
f 1532 1950 1534
f 1586 1584 1916
f 1530 1950 1532
f 1588 1586 1916
f 1528 1950 1530
f 1590 1588 1916
f 1590 1916 1886
f 1527 1950 1528
f 1591 1590 1886
f 1776 1950 1527
f 1594 1591 1886
f 1774 1950 1776
f 1596 1594 1886
f 1772 1950 1774
f 1597 1596 1886
f 1770 1950 1772
f 1600 1597 1886
f 1600 1886 1883
f 1600 1883 1887
f 1600 1887 1890
f 1600 1890 1891
f 1600 1891 1893
f 1600 1893 1896
f 1768 1950 1770
f 1602 1600 1896
f 1602 1896 1897
f 1602 1897 1899
f 1602 1899 1901
f 1602 1901 1903
f 1602 1903 1905
f 1602 1905 1907
f 1602 1907 1909
f 1602 1909 1912
f 1602 1912 1913
f 1766 1950 1768
f 1604 1602 1913
f 1604 1913 1882
f 1764 1950 1766
f 1605 1604 1882
f 1608 1605 1882
f 1610 1608 1882
f 1612 1610 1882
f 1614 1612 1882
f 1616 1614 1882
f 2047 1951 2048
f 2049 2048 1951
f 2050 1951 2047
f 2051 2049 1951
f 2052 1951 2050
f 2053 2051 1951
f 2054 1951 2052
f 2055 2053 1951
f 2055 1951 1950
f 1618 1616 1882
f 2056 1951 2054
f 2057 2055 1950
f 2058 1951 2056
f 2059 2057 1950
f 2060 1951 2058
f 2061 2059 1950
f 2062 1951 2060
f 1619 1618 1882
f 2063 2061 1950
f 2064 1951 2062
f 2065 2063 1950
f 2066 1951 2064
f 1622 1619 1882
f 2067 2065 1950
f 2068 1951 2066
f 2069 2067 1950
f 2070 1951 2068
f 1623 1622 1882
f 2071 1764 1762
f 2071 1950 1764
f 2071 2069 1950
f 2072 1951 2070
f 2073 2071 1762
f 2073 1762 1760
f 1626 1623 1882
f 2074 1951 2072
f 2075 1760 1758
f 2075 2073 1760
f 2076 1951 2074
f 1627 1626 1882
f 2077 2075 1758
f 2077 1758 1756
f 2078 2077 1756
f 2078 1756 1754
f 1630 1627 1882
f 2079 2078 1754
f 2079 1754 1752
f 1631 1630 1882
f 2080 2079 1752
f 2080 1752 1750
f 1632 1631 1882
f 2081 2080 1750
f 2081 1750 1748
f 1634 1632 1882
f 2082 2081 1748
f 2082 1748 1746
f 2083 2082 1746
f 2083 1746 1744
f 2084 2083 1744
f 2084 1744 1742
f 2085 2084 1742
f 2085 1742 1740
f 2086 2085 1740
f 2086 1740 1738
f 1984 1951 2076
f 1984 2076 2087
f 1984 2088 2089
f 1984 2090 2088
f 1984 2091 2090
f 1984 2092 2091
f 1984 2093 2092
f 1984 2094 2093
f 1984 2095 2094
f 1984 2087 2095
f 2096 1984 2089
f 2097 2086 1738
f 2097 1738 1736
f 2098 1984 2096
f 2099 1736 1734
f 2099 2097 1736
f 2037 2039 2041
f 2037 2041 2043
f 2037 2043 2046
f 2100 1984 2098
f 2034 2035 2037
f 2034 2037 2046
f 2101 2099 1734
f 2101 1734 1732
f 2102 1984 2100
f 2029 2034 2046
f 2029 2031 2034
f 2103 2101 1732
f 2103 1732 1730
f 2027 2029 2046
f 2104 1984 2102
f 2105 2103 1730
f 2105 1730 1728
f 2106 1984 2104
f 2021 2023 2025
f 2021 2025 2027
f 2107 2105 1728
f 2107 1728 1726
f 2020 2027 2046
f 2020 2021 2027
f 2108 1984 2106
f 2109 2107 1726
f 2109 1726 1724
f 2016 2017 2020
f 2110 1984 2108
f 2111 2109 1724
f 2111 1724 1722
f 2012 2013 2016
f 2012 2016 2020
f 2112 1722 1720
f 2112 2111 1722
f 2005 2007 2009
f 2005 2009 2012
f 2005 2012 2020
f 2113 2112 1720
f 2113 1720 1718
f 2001 2004 2005
f 2114 2113 1718
f 2114 1718 1716
f 1999 2001 2005
f 1999 2005 2020
f 2115 2114 1716
f 2115 1716 1714
f 1995 1998 1999
f 1995 1999 2020
f 1991 1993 1995
f 1986 1988 1989
f 1986 1989 1991
f 1986 1991 1995
f 1986 1995 2020
f 1986 2020 2046
f 1779 2046 1984
f 1779 1984 2110
f 1779 2116 2117
f 1779 2118 2116
f 1779 2119 2118
f 1779 2120 2119
f 1779 2121 2120
f 1779 2110 2121
f 1779 1986 2046
f 2122 1779 2117
f 2123 1779 2122
f 2124 1779 2123
f 2125 1779 2124
f 2126 1779 2125
f 2127 1779 2126
f 2128 1779 2127
f 2129 1779 2128
f 2130 1779 2129
f 2131 1779 2130
f 2132 1779 2131
f 2133 1779 2132
f 2134 1779 2133
f 2135 1779 2134
f 2136 1706 1704
f 2137 1706 2136
f 2137 1708 1706
f 2138 1704 1702
f 2138 2136 1704
f 2139 1708 2137
f 2139 1710 1708
f 2140 1702 1700
f 2140 2138 1702
f 2141 1712 1710
f 2141 1710 2139
f 2142 1700 1698
f 2142 2140 1700
f 2143 1712 2141
f 2143 1714 1712
f 2144 2142 1698
f 2144 1698 1696
f 2145 2115 1714
f 2145 1714 2143
f 2145 2146 2115
f 2147 1696 1694
f 2147 2144 1696
f 2148 2146 2145
f 2149 1694 1692
f 2149 2147 1694
f 2150 2151 2146
f 2150 2146 2148
f 2152 1692 1690
f 2152 2149 1692
f 2153 2151 2150
f 2153 2154 2151
f 2155 2152 1690
f 2155 1690 1688
f 2156 2154 2153
f 2156 2157 2154
f 2158 2155 1688
f 2158 1688 1686
f 2159 2157 2156
f 2159 2160 2157
f 2161 2158 1686
f 2161 1686 1684
f 2162 2160 2159
f 2162 2163 2160
f 2162 2164 2163
f 2165 2161 1684
f 2165 1684 1682
f 2166 2164 2162
f 2167 2165 1682
f 2167 1682 1680
f 2168 2164 2166
f 2168 2169 2164
f 2168 2170 2169
f 2171 2167 1680
f 2171 1680 1678
f 2172 2170 2168
f 2173 2171 1678
f 2173 1678 1676
f 2174 2170 2172
f 2174 2175 2170
f 2176 2173 1676
f 2176 1676 1674
f 2177 2175 2174
f 2177 2178 2175
f 2179 2176 1674
f 2179 1674 1672
f 2180 2178 2177
f 2180 2181 2178
f 2182 2179 1672
f 2182 1672 1670
f 2183 2181 2180
f 2183 2184 2181
f 2185 2182 1670
f 2185 1670 1668
f 2186 2184 2183
f 2186 2187 2184
f 2188 2185 1668
f 2188 1668 1666
f 2189 2187 2186
f 2189 2190 2187
f 2191 2192 2190
f 2191 2190 2189
f 2193 2194 2192
f 2193 2192 2191
f 2195 2196 2194
f 2195 2194 2193
f 2197 2198 2196
f 2197 2196 2195
f 2199 2200 2198
f 2199 2198 2197
f 2201 2200 2199
f 2201 2202 2200
f 1849 1636 1634
f 1849 1638 1636
f 1849 1640 1638
f 1849 1642 1640
f 1849 1644 1642
f 1849 1646 1644
f 1849 1648 1646
f 1849 1650 1648
f 1849 1652 1650
f 1849 1634 1882
f 1849 1654 1652
f 1849 1656 1654
f 1849 1658 1656
f 1849 1660 1658
f 1849 1662 1660
f 1849 1664 1662
f 1849 1666 1664
f 1849 2188 1666
f 1849 2203 2188
f 1849 2204 2203
f 1849 2205 2204
f 1849 2206 2205
f 1849 2207 2206
f 1849 2208 2207
f 1849 2209 2208
f 2210 2211 2202
f 2210 2202 2201
f 2212 2209 1849
f 2213 2214 2211
f 2213 2211 2210
f 1855 1849 1852
f 1855 1852 1854
f 1857 1849 1855
f 2215 2216 2214
f 2215 2214 2213
f 2217 2218 2216
f 2217 2216 2215
f 1864 1857 1859
f 1864 1859 1861
f 1864 1849 1857
f 2219 2220 2218
f 2219 2218 2217
f 1870 1849 1864
f 1870 1864 1865
f 1870 1865 1867
f 1871 1849 1870
f 2221 2222 2220
f 2221 2220 2219
f 1875 1849 1871
f 1875 1871 1873
f 2223 2222 2221
f 2223 2224 2222
f 1879 1849 1875
f 1879 1875 1878
f 1848 2225 2212
f 1848 2226 2225
f 1848 2227 2226
f 1848 2228 2227
f 1848 2229 2228
f 1848 2230 2229
f 1848 1849 1879
f 1848 2212 1849
f 2231 2232 2224
f 2231 2224 2223
f 2233 2230 1848
f 2234 2235 2232
f 2234 2232 2231
f 2236 2233 1848
f 2237 2238 2235
f 2237 2235 2234
f 2239 2236 1848
f 2240 2241 2238
f 2240 2238 2237
f 2242 2239 1848
f 2243 2244 2241
f 2243 2241 2240
f 2245 2242 1848
f 2246 2247 2244
f 2246 2244 2243
f 2248 2245 1848
f 2249 2250 2247
f 2249 2247 2246
f 2251 2248 1848
f 2252 2251 1848
f 2253 2252 1848
f 2254 2253 1848
f 2255 2254 1848
f 2256 2255 1848
f 2257 2256 1848
f 1783 2258 2257
f 1783 2259 2258
f 1783 2260 2259
f 1783 2261 2260
f 1783 2262 2261
f 1783 2263 2262
f 1783 2264 2263
f 1783 2265 2264
f 1783 2266 2265
f 1783 2267 2266
f 1783 2268 2267
f 1783 2269 2268
f 1783 2270 2269
f 1783 2271 2270
f 1783 2272 2271
f 1783 2273 2272
f 1783 2274 2273
f 1783 2257 1848
f 1782 2274 1783
f 1782 2275 2274
f 1782 2276 2275
f 1782 2277 2276
f 1782 2278 2277
f 1782 2279 2278
f 1782 2280 2279
f 1782 2281 2280
f 1782 2282 2281
f 1782 2283 2282
f 1782 2284 2283
f 1782 2285 2284
f 1782 2286 2285
f 1782 2287 2286
f 1782 2288 2287
f 1782 2289 2288
f 1782 2290 2289
f 1782 2291 2290
f 1782 2292 2291
f 1782 2293 2292
f 1782 2294 2293
f 1846 1782 1783
f 1789 1783 1786
f 1789 1786 1788
f 1839 1841 1843
f 1839 1843 1846
f 1839 1846 1783
f 1795 1789 1791
f 1795 1791 1793
f 1798 1783 1789
f 1798 1789 1795
f 1801 1798 1799
f 1801 1839 1783
f 1801 1783 1798
f 1805 1801 1804
f 1825 1827 1829
f 1825 1829 1831
f 1825 1831 1834
f 1825 1834 1835
f 1825 1835 1837
f 1823 1825 1837
f 1823 1837 1839
f 1809 1805 1807
f 1812 1823 1839
f 1812 1805 1809
f 1812 1821 1823
f 1812 1801 1805
f 1812 1839 1801
f 1816 1821 1812
f 1816 1812 1813
f 1816 1817 1820
f 1816 1820 1821
f 1782 1779 2135
f 1782 2135 2295
f 1782 2295 2296
f 1782 2296 2250
f 1782 2250 2294
f 2294 2250 2297
f 2297 2250 2298
f 2298 2250 2249
f 1563 1555 1558
f 1563 1558 1559
f 1563 1559 1561
f 1552 1553 1555
f 1569 1563 1565
f 1569 1565 1568
f 1550 1551 1552
f 1547 1550 1552
f 1545 1555 1563
f 1545 1552 1555
f 1545 1547 1552
f 1576 1569 1571
f 1576 1571 1573
f 1581 1577 1579
f 1537 1539 1541
f 1535 1541 1543
f 1535 1543 1545
f 1535 1537 1541
f 1585 1581 1583
f 1531 1533 1535
f 1592 1585 1587
f 1592 1587 1589
f 1595 1592 1593
f 1773 1775 1777
f 1773 1777 1778
f 1773 1778 1529
f 1599 1595 1598
f 1599 1581 1585
f 1599 1585 1592
f 1599 1592 1595
f 1771 1529 1531
f 1771 1773 1529
f 1601 1576 1577
f 1601 1577 1581
f 1601 1569 1576
f 1601 1581 1599
f 1606 1601 1603
f 1765 1767 1769
f 1763 1765 1769
f 1609 1606 1607
f 1759 1761 1763
f 1759 1763 1769
f 1757 1759 1769
f 1615 1609 1611
f 1615 1611 1613
f 1617 1569 1601
f 1617 1601 1606
f 1617 1606 1609
f 1617 1563 1569
f 1617 1609 1615
f 1753 1755 1757
f 1751 1753 1757
f 1624 1617 1620
f 1624 1620 1621
f 1745 1747 1749
f 1745 1749 1751
f 1743 1745 1751
f 1743 1751 1757
f 1629 1625 1628
f 1739 1741 1743
f 1739 1743 1757
f 1639 1635 1637
f 1641 1617 1624
f 1641 1563 1617
f 1641 1624 1625
f 1641 1629 1633
f 1641 1633 1635
f 1641 1545 1563
f 1641 1625 1629
f 1641 1635 1639
f 1731 1733 1735
f 1731 1735 1737
f 1729 1737 1739
f 1729 1771 1531
f 1729 1769 1771
f 1729 1757 1769
f 1729 1739 1757
f 1729 1731 1737
f 1645 1641 1643
f 1647 1641 1645
f 1725 1727 1729
f 1651 1647 1649
f 1721 1725 1729
f 1721 1723 1725
f 1653 1641 1647
f 1653 1647 1651
f 1655 1641 1653
f 1657 1641 1655
f 1715 1721 1729
f 1715 1717 1719
f 1715 1719 1721
f 1663 1641 1657
f 1663 1545 1641
f 1663 1657 1659
f 1663 1659 1661
f 1663 1535 1545
f 1663 1531 1535
f 1709 1711 1713
f 1707 1709 1713
f 1707 1713 1715
f 1705 1715 1729
f 1705 1707 1715
f 1669 1663 1665
f 1669 1665 1667
f 1671 1663 1669
f 1701 1705 1729
f 1701 1703 1705
f 1675 1671 1673
f 1697 1699 1701
f 1679 1671 1675
f 1679 1675 1677
f 1693 1697 1701
f 1693 1695 1697
f 1681 1671 1679
f 1689 1693 1701
f 1689 1691 1693
f 1685 1671 1681
f 1685 1681 1683
f 1687 1531 1663
f 1687 1663 1671
f 1687 1701 1729
f 1687 1689 1701
f 1687 1671 1685
f 1687 1729 1531
f 2299 2300 2087
f 2299 2087 2076
f 2301 2076 2074
f 2301 2074 2072
f 2301 2299 2076
f 2302 2301 2072
f 2303 2072 2070
f 2303 2302 2072
f 2304 2070 2068
f 2304 2068 2066
f 2304 2303 2070
f 2305 2304 2066
f 2306 2066 2064
f 2306 2305 2066
f 2307 2064 2062
f 2307 2306 2064
f 2308 2062 2060
f 2308 2307 2062
f 1024 2060 2058
f 1024 2058 2056
f 1024 2308 2060
f 1021 2308 1024
f 2309 2308 1021
f 1520 2056 2054
f 1520 1024 2056
f 2310 1021 1245
f 2310 2309 1021
f 1522 2054 2052
f 1522 1520 2054
f 2311 1245 1247
f 2311 2310 1245
f 1524 2052 2050
f 1524 1522 2052
f 2312 1247 1249
f 2312 2311 1247
f 1526 2050 2047
f 1526 1524 2050
f 2313 1249 1251
f 2313 2312 1249
f 1277 1526 2047
f 1277 2047 2048
f 2314 2313 1251
f 2314 1251 1025
f 1279 1277 2048
f 1279 2048 2049
f 2315 2314 1025
f 2315 1025 1028
f 1281 1279 2049
f 1281 2049 2051
f 2316 2315 1028
f 2316 1028 1030
f 1283 1281 2051
f 1283 2051 2053
f 2317 2316 1030
f 2317 1030 1032
f 1285 1283 2053
f 1285 2053 2055
f 2318 2317 1032
f 2318 1032 1034
f 1287 1285 2055
f 1287 2055 2057
f 2319 2318 1034
f 2319 1034 1036
f 1289 1287 2057
f 1289 2057 2059
f 2320 2319 1036
f 2320 1036 1038
f 1291 2059 2061
f 1291 1289 2059
f 2321 2320 1038
f 2321 1038 1040
f 1293 2061 2063
f 1293 1291 2061
f 2322 1040 1042
f 2322 2321 1040
f 1295 2063 2065
f 1295 1293 2063
f 2323 1042 1044
f 2323 2322 1042
f 1297 2065 2067
f 1297 1295 2065
f 2324 1044 1046
f 2324 2323 1044
f 1299 2067 2069
f 1299 1297 2067
f 2325 1046 1048
f 2325 2324 1046
f 1301 2069 2071
f 1301 1299 2069
f 2326 1048 1050
f 2326 2325 1048
f 1303 1301 2071
f 1303 2071 2073
f 2327 2326 1050
f 2327 1050 1052
f 1305 1303 2073
f 1305 2073 2075
f 2328 2327 1052
f 2328 1052 1054
f 1307 1305 2075
f 1307 2075 2077
f 2329 2328 1054
f 2329 1054 1056
f 1309 1307 2077
f 1309 2077 2078
f 2330 2329 1056
f 2330 1056 1058
f 1311 1309 2078
f 1311 2078 2079
f 2331 2330 1058
f 2331 1058 1060
f 1313 1311 2079
f 1313 2079 2080
f 2332 2331 1060
f 2332 1060 1062
f 1315 1313 2080
f 1315 2080 2081
f 2333 2332 1062
f 2333 1062 1064
f 1317 1315 2081
f 1317 2081 2082
f 2334 2333 1064
f 2334 1064 1066
f 1319 2082 2083
f 1319 1317 2082
f 2335 2334 1066
f 2335 1066 1068
f 1321 2083 2084
f 1321 1319 2083
f 2336 1068 1070
f 2336 2335 1068
f 1323 2084 2085
f 1323 1321 2084
f 2337 1070 1072
f 2337 2336 1070
f 1325 2085 2086
f 1325 1323 2085
f 2338 1072 1074
f 2338 2337 1072
f 1327 2086 2097
f 1327 1325 2086
f 2339 1074 1076
f 2339 2338 1074
f 1329 1327 2097
f 1329 2097 2099
f 2340 1076 1078
f 2340 2339 1076
f 1331 1329 2099
f 1331 2099 2101
f 2341 2340 1078
f 2341 1078 1080
f 1333 1331 2101
f 1333 2101 2103
f 2342 2341 1080
f 2342 1080 1082
f 1335 1333 2103
f 1335 2103 2105
f 2343 2342 1082
f 2343 1082 1084
f 1337 1335 2105
f 1337 2105 2107
f 2344 2343 1084
f 2344 1084 1086
f 1339 1337 2107
f 1339 2107 2109
f 2345 2344 1086
f 2345 1086 1088
f 1341 1339 2109
f 1341 2109 2111
f 2346 2345 1088
f 2346 1088 1090
f 1343 1341 2111
f 1343 2111 2112
f 2347 2346 1090
f 2347 1090 1092
f 1345 1343 2112
f 1345 2112 2113
f 2348 2347 1092
f 2348 1092 1094
f 1347 1345 2113
f 1347 2113 2114
f 2349 2348 1094
f 2349 1094 1096
f 1349 2114 2115
f 1349 1347 2114
f 2350 1096 1098
f 2350 2349 1096
f 1351 2115 2146
f 1351 1349 2115
f 2351 2350 1098
f 2351 1098 1100
f 1376 1351 2146
f 1376 2146 2151
f 2352 2351 1100
f 2352 1100 1125
f 1380 2151 2154
f 1380 1376 2151
f 2353 2352 1125
f 2353 1125 1129
f 1383 1380 2154
f 1383 2154 2157
f 2354 2353 1129
f 2354 1129 1133
f 1387 1383 2157
f 1387 2157 2160
f 2355 2354 1133
f 2355 1133 1137
f 1391 1387 2160
f 1391 2160 2163
f 2356 2355 1137
f 2356 1137 1141
f 1395 1391 2163
f 1395 2163 2164
f 2357 1141 1145
f 2357 2356 1141
f 1399 1395 2164
f 1399 2164 2169
f 2358 1145 1149
f 2358 2357 1145
f 1403 1399 2169
f 1403 2169 2170
f 2359 1149 1153
f 2359 2358 1149
f 1407 1403 2170
f 1407 2170 2175
f 2360 1153 1157
f 2360 2359 1153
f 1411 1407 2175
f 1411 2175 2178
f 2361 1157 1161
f 2361 2360 1157
f 1415 1411 2178
f 1415 2178 2181
f 2362 1161 1165
f 2362 2361 1161
f 1419 2181 2184
f 1419 1415 2181
f 2363 1165 1169
f 2363 2362 1165
f 1423 2184 2187
f 1423 1419 2184
f 2364 1169 1173
f 2364 2363 1169
f 1428 2187 2190
f 1428 1423 2187
f 2365 1173 1177
f 2365 2364 1173
f 1432 1428 2190
f 1432 2190 2192
f 2366 1177 1181
f 2366 2365 1177
f 1436 1432 2192
f 1436 2192 2194
f 2367 1181 1185
f 2367 2366 1181
f 1440 1436 2194
f 1440 2194 2196
f 2368 1185 1189
f 2368 2367 1185
f 1444 1440 2196
f 1444 2196 2198
f 2369 1189 1193
f 2369 2368 1189
f 1448 1444 2198
f 1448 2198 2200
f 2370 1193 1197
f 2370 2369 1193
f 1451 1448 2200
f 1451 2200 2202
f 2371 1197 1201
f 2371 2370 1197
f 1455 1451 2202
f 1455 2202 2211
f 2372 1201 1205
f 2372 2371 1201
f 1460 2211 2214
f 1460 1455 2211
f 2373 1205 1209
f 2373 2372 1205
f 1464 2214 2216
f 1464 1460 2214
f 2374 1209 1213
f 2374 2373 1209
f 1468 2216 2218
f 1468 1464 2216
f 2375 1213 1217
f 2375 2374 1213
f 1472 2218 2220
f 1472 1468 2218
f 2376 1217 1221
f 2376 2375 1217
f 1476 2220 2222
f 1476 1472 2220
f 2377 1221 1225
f 2377 2376 1221
f 1480 1476 2222
f 1480 2222 2224
f 2378 2377 1225
f 2378 1225 1229
f 1483 2224 2232
f 1483 1480 2224
f 2379 1229 1232
f 2379 2378 1229
f 1485 2232 2235
f 1485 1483 2232
f 2380 1232 1234
f 2380 2379 1232
f 1487 2235 2238
f 1487 1485 2235
f 2381 1234 1236
f 2381 2380 1234
f 1489 2238 2241
f 1489 1487 2238
f 2382 1236 1238
f 2382 2381 1236
f 1491 2241 2244
f 1491 1489 2241
f 2383 1238 1240
f 2383 2382 1238
f 1493 2244 2247
f 1493 1491 2244
f 2384 1240 1242
f 2384 2383 1240
f 1518 2247 2250
f 1518 1493 2247
f 2385 1242 1275
f 2385 2384 1242
f 1516 2250 2296
f 1516 1518 2250
f 2386 1275 1273
f 2386 2385 1275
f 1514 2296 2295
f 1514 1516 2296
f 2387 1273 1271
f 2387 2386 1273
f 1512 2295 2135
f 1512 1514 2295
f 2388 1271 1269
f 2388 2387 1271
f 1510 2135 2134
f 1510 1512 2135
f 2389 1269 1267
f 2389 2388 1269
f 1508 2134 2133
f 1508 1510 2134
f 2390 2389 1267
f 2390 1267 1265
f 1506 1508 2133
f 1506 2133 2132
f 2391 2390 1265
f 2391 1265 1263
f 1504 1506 2132
f 1504 2132 2131
f 2392 2391 1263
f 2392 1263 1261
f 1020 2131 2130
f 1020 1504 2131
f 2129 1020 2130
f 2393 2392 1261
f 2393 1261 1018
f 2394 2393 1018
f 2395 1018 1020
f 2395 1020 2129
f 2395 2394 1018
f 2396 2129 2128
f 2396 2395 2129
f 2397 2128 2127
f 2397 2127 2126
f 2397 2396 2128
f 2398 2126 2125
f 2398 2397 2126
f 2399 2125 2124
f 2399 2398 2125
f 2400 2399 2124
f 2401 2124 2123
f 2401 2400 2124
f 2402 2123 2122
f 2402 2122 2117
f 2402 2401 2123
f 2403 2402 2117
f 2404 2117 2116
f 2404 2116 2118
f 2404 2403 2117
f 2405 2404 2118
f 2406 2118 2119
f 2406 2405 2118
f 2407 2119 2120
f 2407 2120 2121
f 2407 2406 2119
f 2408 2407 2121
f 2409 2121 2110
f 2409 2110 2108
f 2409 2408 2121
f 2410 2409 2108
f 2411 2410 2108
f 2411 2108 2106
f 2411 2106 2104
f 2412 2411 2104
f 2413 2412 2104
f 2413 2104 2102
f 2414 2413 2102
f 2414 2102 2100
f 2414 2100 2098
f 2415 2414 2098
f 2416 2415 2098
f 2416 2098 2096
f 2416 2096 2089
f 2417 2416 2089
f 2418 2417 2089
f 2418 2089 2088
f 2419 2418 2088
f 2419 2088 2090
f 2420 2419 2090
f 2420 2090 2091
f 2421 2091 2092
f 2421 2420 2091
f 2422 2092 2093
f 2422 2421 2092
f 2423 2093 2094
f 2423 2422 2093
f 2424 2094 2095
f 2424 2423 2094
f 2300 2095 2087
f 2300 2424 2095
f 2313 2314 2315
f 2317 2315 2316
f 2311 2312 2313
f 2319 2317 2318
f 2307 2308 2309
f 2307 2309 2310
f 2307 2310 2311
f 2307 2319 2320
f 2307 2313 2315
f 2307 2315 2317
f 2307 2311 2313
f 2307 2317 2319
f 2324 2321 2322
f 2324 2322 2323
f 2326 2320 2321
f 2326 2324 2325
f 2326 2321 2324
f 2302 2303 2304
f 2302 2304 2305
f 2302 2305 2306
f 2302 2306 2307
f 2328 2326 2327
f 2331 2328 2329
f 2331 2329 2330
f 2331 2326 2328
f 2424 2300 2299
f 2424 2299 2301
f 2424 2301 2302
f 2422 2423 2424
f 2334 2332 2333
f 2421 2422 2424
f 2335 2332 2334
f 2335 2331 2332
f 2418 2419 2420
f 2338 2336 2337
f 2416 2417 2418
f 2416 2418 2420
f 2340 2336 2338
f 2340 2335 2336
f 2340 2338 2339
f 2415 2421 2424
f 2415 2420 2421
f 2415 2416 2420
f 2341 2335 2340
f 2342 2335 2341
f 2412 2413 2414
f 2411 2414 2415
f 2411 2412 2414
f 2411 2302 2307
f 2411 2415 2424
f 2411 2424 2302
f 2346 2335 2342
f 2346 2342 2343
f 2346 2343 2344
f 2346 2344 2345
f 2409 2410 2411
f 2408 2409 2411
f 2348 2331 2335
f 2348 2346 2347
f 2348 2335 2346
f 2348 2326 2331
f 2407 2408 2411
f 2406 2407 2411
f 2350 2348 2349
f 2403 2404 2405
f 2403 2405 2406
f 2403 2406 2411
f 2353 2350 2351
f 2353 2351 2352
f 2353 2348 2350
f 2402 2403 2411
f 2355 2353 2354
f 2355 2348 2353
f 2399 2400 2401
f 2399 2401 2402
f 2399 2402 2411
f 2359 2357 2358
f 2396 2397 2398
f 2360 2357 2359
f 2360 2355 2356
f 2360 2356 2357
f 2394 2395 2396
f 2393 2396 2398
f 2393 2394 2396
f 2363 2361 2362
f 2392 2393 2398
f 2392 2411 2307
f 2392 2320 2326
f 2392 2307 2320
f 2392 2326 2348
f 2392 2348 2355
f 2392 2399 2411
f 2392 2398 2399
f 2364 2361 2363
f 2364 2360 2361
f 2364 2355 2360
f 2390 2391 2392
f 2367 2365 2366
f 2368 2365 2367
f 2368 2364 2365
f 2387 2390 2392
f 2387 2388 2389
f 2387 2389 2390
f 2369 2364 2368
f 2370 2364 2369
f 2385 2387 2392
f 2385 2386 2387
f 2372 2370 2371
f 2383 2384 2385
f 2373 2364 2370
f 2373 2370 2372
f 2382 2383 2385
f 2375 2364 2373
f 2375 2373 2374
f 2378 2392 2355
f 2378 2355 2364
f 2378 2382 2385
f 2378 2385 2392
f 2378 2364 2375
f 2378 2375 2376
f 2378 2376 2377
f 2378 2379 2380
f 2378 2380 2381
f 2378 2381 2382
f 1412 1416 2177
f 1412 2177 2174
f 1160 2425 1164
f 1408 2174 2172
f 1408 1412 2174
f 2426 2425 1160
f 1156 2426 1160
f 1404 2172 2168
f 1404 1408 2172
f 2427 2426 1156
f 1152 2427 1156
f 1400 2168 2166
f 1400 1404 2168
f 2428 2427 1152
f 1148 2428 1152
f 1396 2166 2162
f 1396 1400 2166
f 2429 2428 1148
f 1144 2429 1148
f 1392 2162 2159
f 1392 1396 2162
f 2430 2429 1144
f 1140 2430 1144
f 1388 2159 2156
f 1388 1392 2159
f 2431 2430 1140
f 1136 2431 1140
f 1384 2156 2153
f 1384 1388 2156
f 2432 2431 1136
f 1132 2432 1136
f 1379 2153 2150
f 1379 1384 2153
f 2433 2432 1132
f 1128 2433 1132
f 1375 2150 2148
f 1375 1379 2150
f 2434 2433 1128
f 2434 1128 1124
f 1372 1375 2148
f 1372 2148 2145
f 2435 2434 1124
f 2435 1124 1121
f 1369 1372 2145
f 1369 2145 2143
f 2436 2435 1121
f 2436 1121 1117
f 1365 1369 2143
f 1365 2143 2141
f 2437 2436 1117
f 2437 1117 1113
f 1361 1365 2141
f 1361 2141 2139
f 2438 2437 1113
f 2438 1113 1109
f 1356 1361 2139
f 1356 2139 2137
f 2439 1109 1105
f 2439 2438 1109
f 1354 1356 2137
f 1354 2137 2136
f 2440 1105 1102
f 2440 2439 1105
f 1358 1354 2136
f 1358 2136 2138
f 2441 1102 1107
f 2441 2440 1102
f 1362 1358 2138
f 1362 2138 2140
f 2442 1107 1111
f 2442 2441 1107
f 1366 2140 2142
f 1366 1362 2140
f 2443 1111 1115
f 2443 2442 1111
f 1370 2142 2144
f 1370 1366 2142
f 2444 1115 1119
f 2444 2443 1115
f 1373 2144 2147
f 1373 1370 2144
f 2445 1119 1122
f 2445 2444 1119
f 1377 2147 2149
f 1377 1373 2147
f 2446 1122 1126
f 2446 2445 1122
f 1381 1377 2149
f 1381 2149 2152
f 2447 2446 1126
f 2447 1126 1130
f 1385 2152 2155
f 1385 1381 2152
f 2448 2447 1130
f 2448 1130 1134
f 1389 1385 2155
f 1389 2155 2158
f 2449 2448 1134
f 2449 1134 1138
f 1393 1389 2158
f 1393 2158 2161
f 2450 2449 1138
f 2450 1138 1142
f 1397 1393 2161
f 1397 2161 2165
f 2451 2450 1142
f 2451 1142 1146
f 1401 1397 2165
f 1401 2165 2167
f 2452 2451 1146
f 2452 1146 1150
f 1405 1401 2167
f 1405 2167 2171
f 2453 1150 1154
f 2453 2452 1150
f 1409 1405 2171
f 1409 2171 2173
f 2454 1154 1158
f 2454 2453 1154
f 1413 1409 2173
f 1413 2173 2176
f 2455 1158 1162
f 2455 2454 1158
f 1417 2176 2179
f 1417 1413 2176
f 2456 1162 1166
f 2456 2455 1162
f 1421 2179 2182
f 1421 1417 2179
f 2457 1166 1170
f 2457 2456 1166
f 1425 2182 2185
f 1425 1421 2182
f 2458 1170 1174
f 2458 2457 1170
f 1429 2185 2188
f 1429 1425 2185
f 2459 1174 1178
f 2459 2458 1174
f 1433 1429 2188
f 1433 2188 2203
f 2460 2459 1178
f 2460 1178 1182
f 1437 2203 2204
f 1437 1433 2203
f 2461 2460 1182
f 2461 1182 1186
f 1441 1437 2204
f 1441 2204 2205
f 2462 2461 1186
f 2462 1186 1190
f 1445 1441 2205
f 1445 2205 2206
f 2463 2462 1190
f 2463 1190 1194
f 1449 1445 2206
f 1449 2206 2207
f 2464 2463 1194
f 2464 1194 1198
f 1453 1449 2207
f 1453 2207 2208
f 2465 2464 1198
f 2465 1198 1202
f 1457 1453 2208
f 1457 2208 2209
f 2466 2465 1202
f 2466 1202 1206
f 1461 1457 2209
f 1461 2209 2212
f 2467 1206 1210
f 2467 2466 1206
f 1465 1461 2212
f 1465 2212 2225
f 2468 1210 1214
f 2468 2467 1210
f 1469 2225 2226
f 1469 1465 2225
f 2469 1214 1218
f 2469 2468 1214
f 1473 1469 2226
f 1473 2226 2227
f 2470 1218 1222
f 2470 2469 1218
f 1477 2227 2228
f 1477 1473 2227
f 2471 1222 1226
f 2471 2470 1222
f 1481 1477 2228
f 1481 2228 2229
f 2472 2471 1226
f 2472 1226 1230
f 1501 1481 2229
f 1501 2229 2230
f 2473 2472 1230
f 2473 1230 1258
f 1499 2230 2233
f 1499 1501 2230
f 2474 2473 1258
f 2474 1258 1256
f 1497 1499 2233
f 1497 2233 2236
f 2475 2474 1256
f 2475 1256 1254
f 1495 1497 2236
f 1495 2236 2239
f 2476 2475 1254
f 2476 1254 1252
f 1014 1495 2239
f 1014 2239 2242
f 2245 1014 2242
f 2477 2476 1252
f 2477 1252 1015
f 2478 2477 1015
f 2479 1014 2245
f 2479 2478 1015
f 2479 1015 1014
f 2480 2479 2245
f 2480 2245 2248
f 2480 2248 2251
f 2481 2480 2251
f 2482 2481 2251
f 2482 2251 2252
f 2483 2482 2252
f 2483 2252 2253
f 2484 2483 2253
f 2484 2253 2254
f 2484 2254 2255
f 2485 2484 2255
f 2486 2485 2255
f 2486 2255 2256
f 2487 2486 2256
f 2487 2256 2257
f 2487 2257 2258
f 2488 2487 2258
f 2489 2488 2258
f 2489 2258 2259
f 2489 2259 2260
f 2490 2489 2260
f 2491 2490 2260
f 2491 2260 2261
f 2492 2491 2261
f 2492 2261 2262
f 2493 2262 2263
f 2493 2492 2262
f 2494 2263 2264
f 2494 2493 2263
f 2495 2264 2265
f 2495 2494 2264
f 2496 2265 2266
f 2496 2495 2265
f 2497 2266 2267
f 2497 2496 2266
f 2498 2267 2268
f 2498 2497 2267
f 2499 2268 2269
f 2499 2498 2268
f 2500 2269 2270
f 2500 2499 2269
f 2501 2270 2271
f 2501 2271 2272
f 2501 2500 2270
f 2502 2501 2272
f 2503 2272 2273
f 2503 2502 2272
f 2504 2273 2274
f 2504 2274 2275
f 2504 2503 2273
f 2505 2504 2275
f 2506 2275 2276
f 2506 2505 2275
f 2507 2276 2277
f 2507 2277 2278
f 2507 2506 2276
f 2508 2507 2278
f 2509 2278 2279
f 2509 2508 2278
f 2510 2279 2280
f 2510 2509 2279
f 2511 2280 2281
f 2511 2510 2280
f 2512 2281 2282
f 2512 2511 2281
f 2513 2282 2283
f 2513 2283 2284
f 2513 2512 2282
f 2514 2513 2284
f 2515 2514 2284
f 2515 2284 2285
f 2515 2285 2286
f 2516 2515 2286
f 2517 2286 2287
f 2517 2516 2286
f 2518 2517 2287
f 2518 2287 2288
f 1017 2518 2288
f 1017 2288 2289
f 1017 2289 2290
f 1019 2518 1017
f 2519 2518 1019
f 1503 1017 2290
f 1503 2290 2291
f 2520 2519 1019
f 2520 1019 1260
f 1505 1503 2291
f 1505 2291 2292
f 2521 2520 1260
f 2521 1260 1262
f 1507 1505 2292
f 1507 2292 2293
f 2522 2521 1262
f 2522 1262 1264
f 1509 2293 2294
f 1509 1507 2293
f 2523 2522 1264
f 2523 1264 1266
f 1511 2294 2297
f 1511 1509 2294
f 2524 2523 1266
f 2524 1266 1268
f 1513 2297 2298
f 1513 1511 2297
f 2525 2524 1268
f 2525 1268 1270
f 1515 2298 2249
f 1515 1513 2298
f 2526 2525 1270
f 2526 1270 1272
f 1517 2249 2246
f 1517 1515 2249
f 2527 2526 1272
f 2527 1272 1274
f 1494 2246 2243
f 1494 1517 2246
f 2528 1274 1243
f 2528 2527 1274
f 1492 2243 2240
f 1492 1494 2243
f 2529 1243 1241
f 2529 2528 1243
f 1490 2240 2237
f 1490 1492 2240
f 2530 1241 1239
f 2530 2529 1241
f 1488 1490 2237
f 1488 2237 2234
f 2531 1239 1237
f 2531 2530 1239
f 1486 1488 2234
f 1486 2234 2231
f 2532 1237 1235
f 2532 2531 1237
f 1484 1486 2231
f 1484 2231 2223
f 2533 1235 1233
f 2533 2532 1235
f 1482 1484 2223
f 1482 2223 2221
f 2534 1233 1231
f 2534 2533 1233
f 1479 1482 2221
f 1479 2221 2219
f 2535 1231 1228
f 2535 2534 1231
f 1475 2219 2217
f 1475 1479 2219
f 2536 1228 1224
f 2536 2535 1228
f 1471 2217 2215
f 1471 1475 2217
f 2537 1224 1220
f 2537 2536 1224
f 1467 2215 2213
f 1467 1471 2215
f 2538 1220 1216
f 2538 2537 1220
f 1463 2213 2210
f 1463 1467 2213
f 2539 1216 1212
f 2539 2538 1216
f 1459 2210 2201
f 1459 1463 2210
f 2540 1212 1208
f 2540 2539 1212
f 1456 2201 2199
f 1456 1459 2201
f 2541 1208 1204
f 2541 2540 1208
f 1452 2199 2197
f 1452 1456 2199
f 2542 1204 1200
f 2542 2541 1204
f 1447 2197 2195
f 1447 1452 2197
f 2543 1200 1196
f 2543 2542 1200
f 1443 1447 2195
f 1443 2195 2193
f 2544 2543 1196
f 2544 1196 1192
f 1439 1443 2193
f 1439 2193 2191
f 2545 1192 1188
f 2545 2544 1192
f 1435 1439 2191
f 1435 2191 2189
f 2546 1188 1184
f 2546 2545 1188
f 1431 1435 2189
f 1431 2189 2186
f 2547 1184 1180
f 2547 2546 1184
f 1427 1431 2186
f 1427 2186 2183
f 2548 1180 1176
f 2548 2547 1180
f 1424 1427 2183
f 1424 2183 2180
f 2549 1176 1172
f 2549 2548 1176
f 1420 1424 2180
f 1420 2180 2177
f 1416 1420 2177
f 2550 1172 1168
f 2550 2549 1172
f 2425 1168 1164
f 2425 2550 1168
f 2439 2440 2441
f 2443 2441 2442
f 2437 2438 2439
f 2445 2443 2444
f 2433 2434 2435
f 2433 2435 2436
f 2433 2436 2437
f 2433 2445 2446
f 2433 2439 2441
f 2433 2441 2443
f 2433 2437 2439
f 2433 2443 2445
f 2450 2447 2448
f 2450 2448 2449
f 2452 2446 2447
f 2452 2450 2451
f 2452 2447 2450
f 2428 2429 2430
f 2428 2430 2431
f 2428 2431 2432
f 2428 2432 2433
f 2454 2452 2453
f 2457 2454 2455
f 2457 2455 2456
f 2457 2452 2454
f 2550 2425 2426
f 2550 2426 2427
f 2550 2427 2428
f 2548 2549 2550
f 2460 2458 2459
f 2547 2548 2550
f 2461 2458 2460
f 2461 2457 2458
f 2544 2545 2546
f 2464 2462 2463
f 2542 2543 2544
f 2542 2544 2546
f 2466 2462 2464
f 2466 2461 2462
f 2466 2464 2465
f 2541 2547 2550
f 2541 2546 2547
f 2541 2542 2546
f 2467 2461 2466
f 2468 2461 2467
f 2538 2539 2540
f 2537 2540 2541
f 2537 2538 2540
f 2537 2428 2433
f 2537 2541 2550
f 2537 2550 2428
f 2472 2461 2468
f 2472 2468 2469
f 2472 2469 2470
f 2472 2470 2471
f 2535 2536 2537
f 2534 2535 2537
f 2474 2457 2461
f 2474 2472 2473
f 2474 2461 2472
f 2474 2452 2457
f 2533 2534 2537
f 2532 2533 2537
f 2476 2474 2475
f 2529 2530 2531
f 2529 2531 2532
f 2529 2532 2537
f 2479 2476 2477
f 2479 2477 2478
f 2479 2474 2476
f 2528 2529 2537
f 2481 2479 2480
f 2481 2474 2479
f 2525 2526 2527
f 2525 2527 2528
f 2525 2528 2537
f 2485 2483 2484
f 2522 2523 2524
f 2486 2483 2485
f 2486 2481 2482
f 2486 2482 2483
f 2520 2521 2522
f 2519 2522 2524
f 2519 2520 2522
f 2489 2487 2488
f 2518 2519 2524
f 2518 2537 2433
f 2518 2446 2452
f 2518 2433 2446
f 2518 2452 2474
f 2518 2474 2481
f 2518 2525 2537
f 2518 2524 2525
f 2490 2487 2489
f 2490 2486 2487
f 2490 2481 2486
f 2516 2517 2518
f 2493 2491 2492
f 2494 2491 2493
f 2494 2490 2491
f 2513 2516 2518
f 2513 2514 2515
f 2513 2515 2516
f 2495 2490 2494
f 2496 2490 2495
f 2511 2513 2518
f 2511 2512 2513
f 2498 2496 2497
f 2509 2510 2511
f 2499 2490 2496
f 2499 2496 2498
f 2508 2509 2511
f 2501 2490 2499
f 2501 2499 2500
f 2504 2518 2481
f 2504 2481 2490
f 2504 2508 2511
f 2504 2511 2518
f 2504 2490 2501
f 2504 2501 2502
f 2504 2502 2503
f 2504 2505 2506
f 2504 2506 2507
f 2504 2507 2508
f 1982 1980 1949
f 1980 1978 1949
f 1978 1976 1949
f 1976 1974 1949
f 1974 1972 1949
f 1972 1969 1949
f 1969 1968 1949
f 1968 1965 1949
f 1965 1964 1949
f 1964 1962 1949
f 1962 1960 1949
f 1960 1957 1949
f 1957 1955 1949
f 1955 1953 1949
f 1918 1915 1919
f 1919 1915 1921
f 1921 1915 1924
f 1924 1915 1926
f 1926 1915 1928
f 1928 1915 1930
f 1930 1915 1931
f 1931 1915 1934
f 1934 1915 1936
f 1936 1915 1937
f 1937 1915 1940
f 1940 1915 1942
f 1942 1915 1944
f 1944 1915 1945
f 1945 1915 1948
f 1953 1952 1949
f 1918 1884 1915
f 1885 1889 1888
f 1885 1894 1889
f 1889 1894 1892
f 1894 1898 1895
f 1885 1900 1894
f 1894 1900 1898
f 1884 1900 1885
f 1900 1904 1902
f 1900 1906 1904
f 1884 1906 1900
f 1906 1911 1908
f 1908 1911 1910
f 1884 1914 1906
f 1906 1914 1911
f 1918 1881 1884
f 1884 1881 1914
f 1949 1881 1918
f 2045 2044 1983
f 2042 2040 2044
f 2044 2038 1983
f 2040 2038 2044
f 2038 2036 1983
f 2033 2032 2036
f 2032 2030 2036
f 2028 2026 2030
f 2030 2026 2036
f 2036 2024 1983
f 2026 2024 2036
f 2022 2019 2024
f 2024 2018 1983
f 2019 2018 2024
f 2014 2011 2015
f 2011 2010 2015
f 2008 2006 2010
f 2015 2006 2018
f 2018 2006 1983
f 2010 2006 2015
f 2006 2003 1983
f 2003 2002 1983
f 2002 2000 1983
f 1997 1996 2000
f 1996 1994 2000
f 1994 1992 2000
f 1990 1987 1992
f 1992 1987 2000
f 1983 1781 1952
f 1985 1781 1987
f 1952 1781 1949
f 2000 1781 1983
f 1987 1781 2000
f 1781 1850 1949
f 1949 1850 1881
f 1850 1856 1851
f 1851 1856 1853
f 1850 1858 1856
f 1850 1860 1858
f 1850 1863 1860
f 1860 1863 1862
f 1850 1866 1863
f 1850 1872 1866
f 1866 1872 1868
f 1868 1872 1869
f 1850 1874 1872
f 1850 1877 1874
f 1874 1877 1876
f 1850 1880 1877
f 1850 1847 1880
f 1850 1780 1847
f 1847 1780 1784
f 1781 1780 1850
f 1780 1845 1784
f 1784 1790 1785
f 1785 1790 1787
f 1844 1842 1845
f 1842 1840 1845
f 1790 1794 1792
f 1845 1796 1784
f 1784 1796 1790
f 1840 1796 1845
f 1790 1796 1794
f 1838 1836 1840
f 1796 1800 1797
f 1836 1832 1840
f 1833 1832 1836
f 1796 1802 1800
f 1796 1803 1802
f 1832 1828 1840
f 1830 1828 1832
f 1796 1806 1803
f 1806 1810 1808
f 1824 1822 1826
f 1826 1822 1828
f 1828 1819 1840
f 1822 1819 1828
f 1819 1818 1840
f 1840 1815 1796
f 1796 1815 1806
f 1810 1815 1811
f 1806 1815 1810
f 1811 1815 1814
f 1818 1815 1840
f 2551 2552 2553
f 2554 2553 2555
f 2554 2551 2553
f 2556 2554 2555
f 2557 2555 2558
f 2557 2558 2559
f 2557 2556 2555
f 2560 2557 2559
f 2561 2559 2562
f 2561 2560 2559
f 2563 2562 2564
f 2563 2564 2565
f 2563 2561 2562
f 2566 2563 2565
f 2567 2565 2568
f 2567 2566 2565
f 2569 2568 2570
f 2569 2567 2568
f 2571 2570 2572
f 2571 2569 2570
f 2573 2572 2574
f 2573 2571 2572
f 2575 2574 2576
f 2575 2576 2577
f 2575 2573 2574
f 2578 2577 2579
f 2578 2575 2577
f 2580 2578 2579
f 2581 2579 2582
f 2581 2580 2579
f 2583 2582 2584
f 2583 2581 2582
f 2585 2584 2586
f 2585 2583 2584
f 2587 2586 2588
f 2587 2588 2589
f 2587 2585 2586
f 2590 2587 2589
f 2591 2589 2592
f 2591 2590 2589
f 2593 2592 2594
f 2593 2594 2595
f 2593 2591 2592
f 2596 2593 2595
f 2597 2596 2595
f 2597 2595 2598
f 2597 2598 2599
f 2600 2597 2599
f 2601 2599 2602
f 2601 2602 2603
f 2601 2600 2599
f 2604 2601 2603
f 2605 2604 2603
f 2605 2603 2606
f 2605 2606 2607
f 2608 2605 2607
f 2609 2608 2607
f 2609 2607 2610
f 2609 2610 2611
f 2612 2609 2611
f 2613 2612 2611
f 2613 2611 2614
f 2615 2614 2616
f 2615 2613 2614
f 2617 2616 2618
f 2617 2615 2616
f 2619 2618 2620
f 2619 2620 2621
f 2619 2617 2618
f 2622 2619 2621
f 2623 2621 2624
f 2623 2622 2621
f 2625 2624 2626
f 2625 2623 2624
f 2627 2626 2628
f 2627 2625 2626
f 2629 2628 2630
f 2629 2630 2631
f 2629 2627 2628
f 2632 2631 2633
f 2632 2629 2631
f 2634 2632 2633
f 2635 2633 2636
f 2635 2634 2633
f 2637 2636 2638
f 2637 2635 2636
f 2639 2638 2640
f 2639 2637 2638
f 2641 2640 2642
f 2641 2639 2640
f 2643 2642 2644
f 2643 2644 2645
f 2643 2641 2642
f 2646 2643 2645
f 2647 2645 2648
f 2647 2646 2645
f 2649 2647 2648
f 2649 2648 2650
f 2649 2650 2651
f 2652 2649 2651
f 2653 2652 2651
f 2653 2651 2654
f 2551 2655 2552
f 2551 2656 2655
f 2656 2657 2655
f 2656 2658 2657
f 2659 2660 2661
f 2662 2661 2663
f 2662 2659 2661
f 2664 2662 2663
f 2665 2663 2666
f 2665 2664 2663
f 2667 2666 2668
f 2667 2668 2669
f 2667 2665 2666
f 2670 2667 2669
f 2671 2669 2672
f 2671 2670 2669
f 2673 2672 2674
f 2673 2674 2675
f 2673 2671 2672
f 2676 2673 2675
f 2677 2675 2678
f 2677 2678 2679
f 2677 2676 2675
f 2680 2679 2681
f 2680 2677 2679
f 2682 2680 2681
f 2683 2681 2684
f 2683 2682 2681
f 2685 2684 2686
f 2685 2683 2684
f 2687 2686 2688
f 2687 2685 2686
f 2689 2688 2690
f 2689 2690 2691
f 2689 2687 2688
f 2692 2689 2691
f 2693 2691 2694
f 2693 2692 2691
f 2695 2694 2696
f 2695 2696 2697
f 2695 2693 2694
f 2698 2697 2699
f 2698 2695 2697
f 2700 2698 2699
f 2701 2699 2702
f 2701 2702 2703
f 2701 2700 2699
f 2704 2701 2703
f 2705 2704 2703
f 2705 2703 2706
f 2707 2705 2706
f 2707 2706 2708
f 2709 2707 2708
f 2709 2708 2710
f 2709 2710 2711
f 2712 2709 2711
f 2713 2712 2711
f 2713 2711 2714
f 2715 2713 2714
f 2715 2714 2716
f 2717 2715 2716
f 2717 2716 2718
f 2717 2718 2719
f 2720 2717 2719
f 2721 2720 2719
f 2721 2719 2722
f 2723 2722 2724
f 2723 2721 2722
f 2725 2724 2726
f 2725 2726 2727
f 2725 2723 2724
f 2728 2725 2727
f 2729 2727 2730
f 2729 2728 2727
f 2731 2730 2732
f 2731 2732 2733
f 2731 2729 2730
f 2734 2731 2733
f 2735 2733 2736
f 2735 2734 2733
f 2737 2736 2738
f 2737 2735 2736
f 2739 2738 2740
f 2739 2737 2738
f 2741 2740 2742
f 2741 2739 2740
f 2743 2742 2744
f 2743 2741 2742
f 2745 2744 2746
f 2745 2743 2744
f 2747 2746 2748
f 2747 2745 2746
f 2749 2748 2750
f 2749 2747 2748
f 2751 2750 2752
f 2751 2749 2750
f 2753 2752 2754
f 2753 2751 2752
f 2755 2754 2756
f 2755 2756 2757
f 2755 2753 2754
f 2758 2755 2757
f 2759 2758 2757
f 2759 2757 2760
f 2759 2760 2657
f 2658 2759 2657
f 2659 2761 2660
f 2659 2762 2761
f 2762 2763 2761
f 2762 2764 2763
f 2765 2766 2767
f 2765 2768 2766
f 2769 2767 2770
f 2769 2765 2767
f 2771 2770 2772
f 2771 2769 2770
f 2773 2772 2774
f 2773 2771 2772
f 2775 2774 2776
f 2775 2776 2777
f 2775 2773 2774
f 2778 2775 2777
f 2779 2777 2780
f 2779 2780 2781
f 2779 2778 2777
f 2782 2781 2783
f 2782 2779 2781
f 2784 2782 2783
f 2785 2783 2786
f 2785 2784 2783
f 2787 2786 2788
f 2787 2788 2789
f 2787 2785 2786
f 2790 2787 2789
f 2791 2789 2792
f 2791 2790 2789
f 2793 2792 2794
f 2793 2791 2792
f 2795 2794 2796
f 2795 2796 2797
f 2795 2793 2794
f 2798 2795 2797
f 2799 2797 2800
f 2799 2800 2801
f 2799 2798 2797
f 2802 2799 2801
f 2803 2801 2804
f 2803 2804 2805
f 2803 2802 2801
f 2806 2805 2807
f 2806 2803 2805
f 2808 2806 2807
f 2809 2807 2810
f 2809 2810 2811
f 2809 2808 2807
f 2812 2809 2811
f 2813 2812 2811
f 2813 2811 2814
f 2815 2813 2814
f 2815 2814 2816
f 2817 2815 2816
f 2817 2816 2818
f 2819 2817 2818
f 2819 2818 2820
f 2821 2819 2820
f 2821 2820 2822
f 2823 2821 2822
f 2823 2822 2824
f 2825 2823 2824
f 2825 2824 2826
f 2827 2825 2826
f 2827 2826 2828
f 2829 2828 2830
f 2829 2827 2828
f 2831 2830 2832
f 2831 2829 2830
f 2833 2832 2834
f 2833 2831 2832
f 2835 2834 2836
f 2835 2833 2834
f 2837 2836 2838
f 2837 2835 2836
f 2839 2837 2838
f 2839 2838 2840
f 2841 2840 2842
f 2841 2839 2840
f 2843 2842 2844
f 2843 2841 2842
f 2845 2844 2846
f 2845 2843 2844
f 2847 2846 2848
f 2847 2845 2846
f 2849 2848 2850
f 2849 2847 2848
f 2851 2850 2852
f 2851 2849 2850
f 2853 2852 2854
f 2853 2851 2852
f 2855 2854 2856
f 2855 2853 2854
f 2857 2856 2858
f 2857 2855 2856
f 2859 2858 2860
f 2859 2857 2858
f 2861 2860 2862
f 2861 2859 2860
f 2863 2861 2862
f 2863 2862 2864
f 2863 2864 2865
f 2866 2863 2865
f 2866 2865 2763
f 2764 2866 2763
f 2768 2867 2766
f 2768 2868 2867
f 2868 2869 2867
f 2868 2870 2869
f 2871 2872 2873
f 2871 2874 2872
f 2875 2873 2876
f 2875 2876 2877
f 2875 2871 2873
f 2878 2875 2877
f 2879 2877 2880
f 2879 2878 2877
f 2881 2880 2882
f 2881 2879 2880
f 2883 2882 2884
f 2883 2881 2882
f 2885 2884 2886
f 2885 2883 2884
f 2887 2886 2888
f 2887 2888 2889
f 2887 2885 2886
f 2890 2887 2889
f 2891 2889 2892
f 2891 2890 2889
f 2893 2892 2894
f 2893 2891 2892
f 2895 2894 2896
f 2895 2896 2897
f 2895 2893 2894
f 2898 2895 2897
f 2899 2897 2900
f 2899 2898 2897
f 2901 2900 2902
f 2901 2899 2900
f 2903 2902 2904
f 2903 2904 2905
f 2903 2901 2902
f 2906 2905 2907
f 2906 2903 2905
f 2908 2906 2907
f 2909 2907 2910
f 2909 2908 2907
f 2911 2910 2912
f 2911 2909 2910
f 2913 2912 2914
f 2913 2911 2912
f 2915 2914 2916
f 2915 2913 2914
f 2917 2916 2918
f 2917 2918 2919
f 2917 2915 2916
f 2920 2917 2919
f 2920 2919 2921
f 2922 2920 2921
f 2923 2922 2921
f 2923 2921 2924
f 2925 2923 2924
f 2925 2924 2926
f 2927 2925 2926
f 2927 2926 2928
f 2927 2928 2929
f 2930 2927 2929
f 2931 2930 2929
f 2931 2929 2932
f 2933 2931 2932
f 2933 2932 2934
f 2933 2934 2935
f 2936 2933 2935
f 2937 2935 2938
f 2937 2938 2939
f 2937 2936 2935
f 2940 2937 2939
f 2941 2939 2942
f 2941 2940 2939
f 2943 2942 2944
f 2943 2941 2942
f 2945 2944 2946
f 2945 2943 2944
f 2947 2946 2948
f 2947 2945 2946
f 2949 2948 2950
f 2949 2947 2948
f 2951 2950 2952
f 2951 2949 2950
f 2953 2952 2954
f 2953 2951 2952
f 2955 2954 2956
f 2955 2953 2954
f 2957 2956 2958
f 2957 2955 2956
f 2959 2958 2960
f 2959 2960 2961
f 2959 2957 2958
f 2962 2959 2961
f 2963 2961 2964
f 2963 2962 2961
f 2965 2964 2966
f 2965 2963 2964
f 2967 2966 2968
f 2967 2965 2966
f 2969 2967 2968
f 2969 2968 2970
f 2971 2969 2970
f 2971 2970 2972
f 2870 2971 2972
f 2870 2972 2869
f 2874 2973 2872
f 2874 2974 2973
f 2974 2975 2973
f 2974 2976 2975
f 2977 2978 2979
f 2977 2980 2978
f 2981 2979 2982
f 2981 2982 2983
f 2981 2977 2979
f 2984 2981 2983
f 2985 2983 2986
f 2985 2984 2983
f 2987 2986 2988
f 2987 2985 2986
f 2989 2988 2990
f 2989 2987 2988
f 2991 2990 2992
f 2991 2992 2993
f 2991 2989 2990
f 2994 2991 2993
f 2995 2993 2996
f 2995 2994 2993
f 2997 2996 2998
f 2997 2995 2996
f 2999 2998 3000
f 2999 2997 2998
f 3001 3000 3002
f 3001 2999 3000
f 3003 3002 3004
f 3003 3004 3005
f 3003 3001 3002
f 3006 3003 3005
f 3007 3005 3008
f 3007 3006 3005
f 3009 3008 3010
f 3009 3010 3011
f 3009 3007 3008
f 3012 3011 3013
f 3012 3009 3011
f 3014 3012 3013
f 3015 3013 3016
f 3015 3014 3013
f 3017 3016 3018
f 3017 3018 3019
f 3017 3015 3016
f 3020 3017 3019
f 3021 3019 3022
f 3021 3020 3019
f 3023 3022 3024
f 3023 3021 3022
f 3025 3023 3024
f 3025 3024 3026
f 3027 3025 3026
f 3027 3026 3028
f 3029 3027 3028
f 3029 3028 3030
f 3031 3029 3030
f 3031 3030 3032
f 3033 3031 3032
f 3033 3032 3034
f 3035 3033 3034
f 3035 3034 3036
f 3037 3035 3036
f 3037 3036 3038
f 3037 3038 3039
f 3040 3037 3039
f 3041 3039 3042
f 3041 3040 3039
f 3043 3042 3044
f 3043 3044 3045
f 3043 3041 3042
f 3046 3043 3045
f 3047 3045 3048
f 3047 3046 3045
f 3049 3048 3050
f 3049 3050 3051
f 3049 3047 3048
f 3052 3051 3053
f 3052 3049 3051
f 3054 3052 3053
f 3055 3053 3056
f 3055 3054 3053
f 3057 3056 3058
f 3057 3055 3056
f 3059 3058 3060
f 3059 3060 3061
f 3059 3057 3058
f 3062 3061 3063
f 3062 3059 3061
f 3064 3063 3065
f 3064 3062 3063
f 3066 3064 3065
f 3067 3065 3068
f 3067 3068 3069
f 3067 3066 3065
f 3070 3067 3069
f 3071 3069 3072
f 3071 3070 3069
f 3073 3072 3074
f 3073 3074 3075
f 3073 3071 3072
f 3076 3073 3075
f 3077 3076 3075
f 3077 3075 3078
f 2976 3077 3078
f 2976 3078 2975
f 2980 3079 2978
f 2980 3080 3079
f 2653 2654 3079
f 3080 2653 3079
f 2813 2809 2812
f 2815 2809 2813
f 2798 2799 2802
f 2827 2819 2821
f 2827 2821 2823
f 2827 2823 2825
f 2790 2791 2793
f 2790 2793 2795
f 2790 2795 2798
f 2790 2802 2803
f 2790 2803 2806
f 2790 2806 2808
f 2790 2808 2809
f 2790 2798 2802
f 2833 2817 2819
f 2833 2827 2829
f 2833 2829 2831
f 2833 2819 2827
f 2784 2785 2787
f 2782 2787 2790
f 2782 2784 2787
f 2839 2817 2833
f 2839 2833 2835
f 2839 2835 2837
f 2841 2817 2839
f 2778 2779 2782
f 2845 2841 2843
f 2773 2775 2778
f 2769 2771 2773
f 2769 2778 2782
f 2769 2782 2790
f 2769 2773 2778
f 2769 2815 2817
f 2769 2809 2815
f 2769 2790 2809
f 2765 2817 2841
f 2765 2769 2817
f 2855 2841 2845
f 2855 2845 2847
f 2855 2847 2849
f 2855 2849 2851
f 2855 2851 2853
f 2857 2765 2841
f 2857 2841 2855
f 2859 2768 2765
f 2859 2765 2857
f 2866 2859 2861
f 2866 2861 2863
f 2866 2768 2859
f 2764 2768 2866
f 2971 2963 2965
f 2971 2965 2967
f 2971 2967 2969
f 2962 2963 2971
f 2959 2962 2971
f 2955 2959 2971
f 2955 2957 2959
f 2951 2955 2971
f 2951 2953 2955
f 2945 2947 2949
f 2945 2949 2951
f 2941 2943 2945
f 2941 2951 2971
f 2941 2945 2951
f 2940 2941 2971
f 2936 2937 2940
f 2930 2931 2933
f 2927 2930 2933
f 2927 2933 2936
f 2922 2923 2925
f 2922 2925 2927
f 2920 2936 2940
f 2920 2927 2936
f 2920 2922 2927
f 2913 2915 2917
f 2913 2917 2920
f 2911 2913 2920
f 2909 2911 2920
f 2908 2909 2920
f 2903 2906 2908
f 2898 2899 2901
f 2895 2920 2940
f 2895 2908 2920
f 2895 2903 2908
f 2895 2898 2901
f 2895 2901 2903
f 2887 2890 2891
f 2887 2891 2893
f 2887 2893 2895
f 2762 2868 2768
f 2762 2768 2764
f 2885 2887 2895
f 2881 2940 2971
f 2881 2895 2940
f 2881 2885 2895
f 2881 2883 2885
f 2878 2879 2881
f 2874 2971 2870
f 2874 2870 2868
f 2874 2881 2971
f 2874 2871 2875
f 2874 2875 2878
f 2874 2878 2881
f 2670 2659 2662
f 2670 2662 2664
f 2670 2664 2665
f 2670 2665 2667
f 2671 2659 2670
f 2673 2659 2671
f 2677 2673 2676
f 2677 2659 2673
f 2680 2659 2677
f 2682 2659 2680
f 2685 2659 2682
f 2685 2682 2683
f 2692 2687 2689
f 2693 2687 2692
f 2695 2687 2693
f 2698 2687 2695
f 2701 2687 2698
f 2701 2698 2700
f 2705 2687 2701
f 2705 2685 2687
f 2705 2701 2704
f 2707 2659 2685
f 2707 2685 2705
f 2709 2659 2707
f 2712 2659 2709
f 2713 2659 2712
f 2717 2713 2715
f 2720 2659 2713
f 2720 2713 2717
f 2723 2720 2721
f 2728 2723 2725
f 2731 2659 2720
f 2731 2720 2723
f 2731 2723 2728
f 2731 2728 2729
f 2734 2659 2731
f 2745 2739 2741
f 2745 2741 2743
f 2745 2737 2739
f 2749 2745 2747
f 2749 2737 2745
f 2749 2734 2735
f 2749 2735 2737
f 2751 2734 2749
f 2755 2751 2753
f 2755 2659 2734
f 2755 2734 2751
f 2759 2755 2758
f 2759 2659 2755
f 2658 2659 2759
f 2974 2874 2868
f 2974 2868 2762
f 2656 2762 2659
f 2656 2659 2658
f 3080 2974 2762
f 3080 2762 2656
f 2976 2974 3080
f 3076 3077 2976
f 3073 3076 2976
f 3071 3073 2976
f 3070 3071 2976
f 3067 3070 2976
f 3066 3067 2976
f 3064 3066 2976
f 3062 3064 2976
f 3059 3062 2976
f 3057 3059 2976
f 3055 3057 2976
f 3054 3055 2976
f 3052 3054 2976
f 3049 3052 2976
f 3046 3049 2976
f 3046 3047 3049
f 3041 3046 2976
f 3041 3043 3046
f 3040 3041 2976
f 3037 3040 2976
f 3035 3037 2976
f 3031 3035 2976
f 3031 3033 3035
f 3029 3031 2976
f 3025 3027 3029
f 3025 3029 2976
f 3023 3025 2976
f 3020 3021 3023
f 3020 3023 2976
f 3017 3020 2976
f 2980 2976 3080
f 3015 3017 2976
f 2977 2976 2980
f 3014 3015 2976
f 2981 2976 2977
f 2984 2976 2981
f 3009 3012 3014
f 3009 3014 2976
f 2985 2976 2984
f 3007 3009 2976
f 2987 2976 2985
f 3006 3007 2976
f 3003 3006 2976
f 2991 2987 2989
f 2991 2976 2987
f 2999 3001 3003
f 2999 3003 2976
f 2995 2991 2994
f 2995 2976 2991
f 2997 2999 2976
f 2997 2976 2995
f 2556 2551 2554
f 2557 2551 2556
f 2560 2551 2557
f 2566 2561 2563
f 2567 2561 2566
f 2567 2560 2561
f 2571 2560 2567
f 2571 2567 2569
f 2587 2583 2585
f 2653 2560 2571
f 2653 2656 2551
f 2653 2571 2573
f 2653 2551 2560
f 2653 3080 2656
f 2593 2573 2575
f 2593 2583 2587
f 2593 2575 2578
f 2593 2578 2580
f 2593 2580 2581
f 2593 2581 2583
f 2593 2587 2590
f 2593 2590 2591
f 2601 2573 2593
f 2601 2593 2596
f 2601 2596 2597
f 2601 2597 2600
f 2639 2641 2643
f 2639 2643 2646
f 2639 2646 2647
f 2639 2647 2649
f 2605 2653 2573
f 2605 2573 2601
f 2605 2601 2604
f 2605 2652 2653
f 2635 2637 2639
f 2635 2639 2649
f 2609 2605 2608
f 2632 2634 2635
f 2632 2649 2652
f 2632 2635 2649
f 2613 2609 2612
f 2615 2609 2613
f 2617 2609 2615
f 2619 2605 2609
f 2619 2652 2605
f 2619 2632 2652
f 2619 2609 2617
f 2623 2625 2627
f 2623 2627 2629
f 2623 2629 2632
f 2622 2623 2632
f 2622 2632 2619
f 2810 2814 2811
f 2810 2816 2814
f 2800 2797 2801
f 2820 2828 2822
f 2822 2828 2824
f 2824 2828 2826
f 2792 2789 2794
f 2794 2789 2796
f 2796 2789 2797
f 2801 2789 2804
f 2804 2789 2805
f 2805 2789 2807
f 2807 2789 2810
f 2797 2789 2801
f 2818 2834 2820
f 2828 2834 2830
f 2830 2834 2832
f 2820 2834 2828
f 2786 2783 2788
f 2783 2781 2788
f 2788 2781 2789
f 2818 2840 2834
f 2834 2840 2836
f 2836 2840 2838
f 2818 2842 2840
f 2780 2777 2781
f 2842 2846 2844
f 2776 2774 2777
f 2772 2770 2774
f 2781 2770 2789
f 2777 2770 2781
f 2774 2770 2777
f 2816 2770 2818
f 2810 2770 2816
f 2789 2770 2810
f 2818 2767 2842
f 2770 2767 2818
f 2842 2856 2846
f 2846 2856 2848
f 2848 2856 2850
f 2850 2856 2852
f 2852 2856 2854
f 2842 2858 2856
f 2767 2858 2842
f 2766 2860 2767
f 2767 2860 2858
f 2860 2865 2862
f 2862 2865 2864
f 2766 2865 2860
f 2766 2763 2865
f 2964 2972 2966
f 2966 2972 2968
f 2968 2972 2970
f 2964 2961 2972
f 2961 2960 2972
f 2960 2956 2972
f 2958 2956 2960
f 2956 2952 2972
f 2954 2952 2956
f 2948 2946 2950
f 2950 2946 2952
f 2944 2942 2946
f 2952 2942 2972
f 2946 2942 2952
f 2942 2939 2972
f 2938 2935 2939
f 2932 2929 2934
f 2929 2928 2934
f 2934 2928 2935
f 2924 2921 2926
f 2926 2921 2928
f 2935 2919 2939
f 2928 2919 2935
f 2921 2919 2928
f 2916 2914 2918
f 2918 2914 2919
f 2914 2912 2919
f 2912 2910 2919
f 2910 2907 2919
f 2905 2904 2907
f 2900 2897 2902
f 2919 2896 2939
f 2907 2896 2919
f 2904 2896 2907
f 2897 2896 2902
f 2902 2896 2904
f 2889 2888 2892
f 2892 2888 2894
f 2894 2888 2896
f 2867 2761 2766
f 2766 2761 2763
f 2888 2886 2896
f 2939 2882 2972
f 2896 2882 2939
f 2884 2882 2886
f 2886 2882 2896
f 2880 2877 2882
f 2972 2872 2869
f 2869 2872 2867
f 2882 2872 2972
f 2873 2872 2876
f 2876 2872 2877
f 2877 2872 2882
f 2660 2669 2661
f 2661 2669 2663
f 2663 2669 2666
f 2666 2669 2668
f 2660 2672 2669
f 2660 2674 2672
f 2674 2678 2675
f 2660 2678 2674
f 2660 2679 2678
f 2660 2681 2679
f 2660 2686 2681
f 2681 2686 2684
f 2688 2691 2690
f 2688 2694 2691
f 2688 2696 2694
f 2688 2697 2696
f 2688 2702 2697
f 2697 2702 2699
f 2688 2706 2702
f 2686 2706 2688
f 2702 2706 2703
f 2660 2708 2686
f 2686 2708 2706
f 2660 2710 2708
f 2660 2711 2710
f 2660 2714 2711
f 2714 2718 2716
f 2660 2719 2714
f 2714 2719 2718
f 2719 2724 2722
f 2724 2727 2726
f 2660 2732 2719
f 2719 2732 2724
f 2724 2732 2727
f 2727 2732 2730
f 2660 2733 2732
f 2742 2746 2744
f 2738 2746 2740
f 2740 2746 2742
f 2746 2750 2748
f 2738 2750 2746
f 2733 2750 2736
f 2736 2750 2738
f 2733 2752 2750
f 2752 2756 2754
f 2660 2756 2733
f 2733 2756 2752
f 2756 2760 2757
f 2660 2760 2756
f 2660 2657 2760
f 2872 2973 2867
f 2867 2973 2761
f 2761 2655 2660
f 2660 2655 2657
f 2973 3079 2761
f 2761 3079 2655
f 2973 2975 3079
f 3078 3075 2975
f 3075 3074 2975
f 3074 3072 2975
f 3072 3069 2975
f 3069 3068 2975
f 3068 3065 2975
f 3065 3063 2975
f 3063 3061 2975
f 3061 3060 2975
f 3060 3058 2975
f 3058 3056 2975
f 3056 3053 2975
f 3053 3051 2975
f 3051 3050 2975
f 3050 3045 2975
f 3048 3045 3050
f 3045 3042 2975
f 3044 3042 3045
f 3042 3039 2975
f 3039 3038 2975
f 3038 3036 2975
f 3036 3032 2975
f 3034 3032 3036
f 3032 3030 2975
f 3028 3026 3030
f 3030 3026 2975
f 3026 3024 2975
f 3022 3019 3024
f 3024 3019 2975
f 3019 3018 2975
f 2975 2978 3079
f 3018 3016 2975
f 2975 2979 2978
f 3016 3013 2975
f 2975 2982 2979
f 2975 2983 2982
f 3011 3010 3013
f 3013 3010 2975
f 2975 2986 2983
f 3010 3008 2975
f 2975 2988 2986
f 3008 3005 2975
f 3005 3004 2975
f 2988 2992 2990
f 2975 2992 2988
f 3002 3000 3004
f 3004 3000 2975
f 2992 2996 2993
f 2975 2996 2992
f 3000 2998 2975
f 2975 2998 2996
f 3079 2552 2655
f 2552 2555 2553
f 2552 2558 2555
f 2552 2559 2558
f 2562 2565 2564
f 2562 2568 2565
f 2559 2568 2562
f 2559 2572 2568
f 2568 2572 2570
f 2584 2588 2586
f 2559 2654 2572
f 2572 2654 2574
f 3079 2654 2552
f 2552 2654 2559
f 2584 2592 2588
f 2577 2592 2579
f 2579 2592 2582
f 2582 2592 2584
f 2588 2592 2589
f 2577 2594 2592
f 2650 2648 2651
f 2651 2648 2654
f 2595 2602 2598
f 2598 2602 2599
f 2642 2640 2644
f 2640 2638 2644
f 2644 2638 2645
f 2645 2638 2648
f 2576 2607 2577
f 2577 2607 2594
f 2594 2607 2595
f 2602 2607 2603
f 2603 2607 2606
f 2595 2607 2602
f 2574 2610 2576
f 2576 2610 2607
f 2654 2631 2574
f 2633 2631 2636
f 2636 2631 2638
f 2638 2631 2648
f 2648 2631 2654
f 2610 2614 2611
f 2610 2616 2614
f 2610 2618 2616
f 2628 2626 2630
f 2630 2626 2631
f 2574 2626 2610
f 2631 2626 2574
f 2618 2621 2620
f 2624 2621 2626
f 2626 2621 2610
f 2610 2621 2618
f 3081 3082 3083
f 3084 3082 3081
f 3083 3082 3085
f 3084 3086 3082
f 3087 3088 3084
f 3089 3088 3087
f 3084 3088 3086
f 3089 3090 3088
f 3091 3092 3089
f 3089 3092 3090
f 3093 3094 3091
f 3095 3094 3093
f 3091 3094 3092
f 3095 3096 3094
f 3097 3098 3095
f 3095 3098 3096
f 3099 3100 3097
f 3101 3100 3099
f 3097 3100 3098
f 3101 3102 3100
f 3103 3104 3101
f 3101 3104 3102
f 3105 3106 3103
f 3107 3106 3105
f 3103 3106 3104
f 3107 3108 3106
f 3109 3110 3107
f 3107 3110 3108
f 3111 3112 3109
f 3109 3112 3110
f 3113 3114 3111
f 3111 3114 3112
f 3115 3116 3113
f 3113 3116 3114
f 3117 3118 3115
f 3119 3118 3117
f 3115 3118 3116
f 3119 3120 3118
f 3121 3122 3119
f 3123 3122 3121
f 3119 3122 3120
f 3123 3124 3122
f 3125 3126 3123
f 3123 3126 3124
f 3127 3128 3125
f 3125 3128 3126
f 3129 3130 3127
f 3127 3130 3128
f 3131 3132 3129
f 3129 3132 3130
f 3133 3134 3131
f 3131 3134 3132
f 3135 3136 3133
f 3133 3136 3134
f 3137 3138 3135
f 3135 3138 3136
f 3139 3140 3137
f 3137 3140 3138
f 3141 3142 3139
f 3139 3142 3140
f 3143 3144 3141
f 3141 3144 3142
f 3145 3146 3143
f 3143 3146 3144
f 3147 3148 3145
f 3145 3148 3146
f 3149 3150 3147
f 3151 3150 3149
f 3147 3150 3148
f 3151 3152 3150
f 3153 3154 3151
f 3155 3154 3153
f 3151 3154 3152
f 3155 3156 3154
f 3157 3158 3155
f 3155 3158 3156
f 3159 3160 3157
f 3161 3160 3159
f 3157 3160 3158
f 3161 3162 3160
f 3163 3164 3161
f 3161 3164 3162
f 3165 3166 3163
f 3163 3166 3164
f 3167 3168 3165
f 3165 3168 3166
f 3169 3170 3167
f 3167 3170 3168
f 3171 3172 3169
f 3169 3172 3170
f 3173 3174 3171
f 3175 3174 3173
f 3171 3174 3172
f 3175 3176 3174
f 3177 3178 3175
f 3175 3178 3176
f 3179 3180 3177
f 3177 3180 3178
f 3181 3182 3179
f 3179 3182 3180
f 3183 3184 3181
f 3181 3184 3182
f 3185 3186 3183
f 3183 3186 3184
f 3187 3188 3185
f 3185 3188 3186
f 3189 3190 3187
f 3187 3190 3188
f 3191 3192 3189
f 3189 3192 3190
f 3193 3194 3191
f 3195 3194 3193
f 3191 3194 3192
f 3196 3197 3195
f 3195 3197 3194
f 3196 3198 3197
f 3199 3200 3196
f 3201 3200 3199
f 3196 3200 3198
f 3201 3202 3200
f 3203 3204 3201
f 3201 3204 3202
f 3205 3206 3203
f 3203 3206 3204
f 3207 3208 3205
f 3205 3208 3206
f 3209 3210 3207
f 3207 3210 3208
f 3211 3212 3209
f 3213 3212 3211
f 3209 3212 3210
f 3213 3214 3212
f 3215 3216 3213
f 3213 3216 3214
f 3217 3218 3215
f 3215 3218 3216
f 3219 3220 3217
f 3217 3220 3218
f 3219 3221 3220
f 3222 3221 3219
f 3222 3223 3221
f 3224 3223 3222
f 3224 3225 3223
f 3226 3225 3224
f 3226 3227 3225
f 3228 3227 3226
f 3229 3227 3228
f 3229 3230 3227
f 3229 3231 3230
f 3232 3231 3229
f 3233 3231 3232
f 3233 3234 3231
f 3233 3235 3234
f 3236 3235 3233
f 3237 3235 3236
f 3237 3238 3235
f 3237 3239 3238
f 3240 3239 3237
f 3241 3239 3240
f 3241 3242 3239
f 3241 3243 3242
f 3244 3243 3241
f 3244 3245 3243
f 3246 3245 3244
f 3247 3245 3246
f 3247 3248 3245
f 3247 3249 3248
f 3250 3249 3247
f 3250 3251 3249
f 3252 3251 3250
f 3252 3253 3251
f 3254 3253 3252
f 3254 3255 3253
f 3256 3255 3254
f 3256 3257 3255
f 3258 3257 3256
f 3258 3259 3257
f 3260 3259 3258
f 3260 3261 3259
f 3262 3261 3260
f 3262 3263 3261
f 3264 3263 3262
f 3265 3263 3264
f 3265 3266 3263
f 3267 3266 3265
f 3267 3268 3266
f 3267 3269 3268
f 3270 3269 3267
f 3271 3269 3270
f 3271 3272 3269
f 3271 3273 3272
f 3274 3273 3271
f 3274 3275 3273
f 3276 3275 3274
f 3277 3275 3276
f 3277 3278 3275
f 3279 3280 3281
f 3277 3280 3278
f 3281 3280 3277
f 3279 3282 3280
f 3283 3284 3279
f 3279 3284 3282
f 3285 3286 3283
f 3283 3286 3284
f 3287 3288 3285
f 3289 3288 3287
f 3285 3288 3286
f 3290 3291 3289
f 3289 3291 3288
f 3290 3292 3291
f 3293 3294 3290
f 3290 3294 3292
f 3295 3296 3293
f 3293 3296 3294
f 3297 3298 3295
f 3295 3298 3296
f 3299 3300 3297
f 3301 3300 3299
f 3297 3300 3298
f 3302 3303 3301
f 3301 3303 3300
f 3302 3304 3303
f 3305 3306 3302
f 3302 3306 3304
f 3307 3308 3305
f 3305 3308 3306
f 3309 3310 3307
f 3307 3310 3308
f 3311 3312 3309
f 3309 3312 3310
f 3313 3314 3311
f 3311 3314 3312
f 3315 3316 3313
f 3313 3316 3314
f 3317 3318 3315
f 3315 3318 3316
f 3319 3320 3317
f 3317 3320 3318
f 3321 3322 3319
f 3319 3322 3320
f 3323 3324 3321
f 3325 3324 3323
f 3321 3324 3322
f 3325 3326 3324
f 3327 3328 3325
f 3329 3328 3327
f 3325 3328 3326
f 3329 3330 3328
f 3329 3331 3330
f 3332 3331 3329
f 3332 3333 3331
f 3334 3333 3332
f 3334 3335 3333
f 3336 3335 3334
f 3336 3337 3335
f 3338 3337 3336
f 3338 3339 3337
f 3340 3339 3338
f 3340 3341 3339
f 3342 3341 3340
f 3342 3343 3341
f 3344 3343 3342
f 3345 3343 3344
f 3345 3346 3343
f 3347 3346 3345
f 3347 3348 3346
f 3347 3349 3348
f 3350 3349 3347
f 3350 3351 3349
f 3352 3351 3350
f 3353 3354 3352
f 3352 3354 3351
f 3353 3355 3354
f 3356 3355 3353
f 3356 3357 3355
f 3358 3357 3356
f 3359 3357 3358
f 3359 3360 3357
f 3361 3362 3359
f 3359 3362 3360
f 3363 3364 3361
f 3361 3364 3362
f 3365 3366 3363
f 3363 3366 3364
f 3367 3368 3365
f 3365 3368 3366
f 3369 3370 3367
f 3367 3370 3368
f 3371 3372 3369
f 3369 3372 3370
f 3373 3374 3371
f 3371 3374 3372
f 3375 3376 3373
f 3373 3376 3374
f 3377 3378 3375
f 3375 3378 3376
f 3379 3380 3377
f 3381 3380 3379
f 3377 3380 3378
f 3381 3382 3380
f 3383 3384 3381
f 3385 3384 3383
f 3381 3384 3382
f 3385 3386 3384
f 3387 3388 3385
f 3385 3388 3386
f 3389 3390 3387
f 3391 3390 3389
f 3387 3390 3388
f 3391 3392 3390
f 3393 3394 3391
f 3391 3394 3392
f 3395 3396 3393
f 3397 3396 3395
f 3393 3396 3394
f 3397 3398 3396
f 3399 3400 3397
f 3401 3400 3399
f 3397 3400 3398
f 3401 3402 3400
f 3403 3404 3401
f 3401 3404 3402
f 3405 3406 3403
f 3403 3406 3404
f 3407 3408 3405
f 3405 3408 3406
f 3409 3410 3407
f 3407 3410 3408
f 3411 3412 3409
f 3409 3412 3410
f 3413 3414 3411
f 3411 3414 3412
f 3083 3085 3413
f 3413 3085 3414
f 3414 3085 3082
f 3412 3082 3086
f 3412 3414 3082
f 3410 3086 3088
f 3410 3412 3086
f 3408 3088 3090
f 3408 3410 3088
f 3406 3090 3092
f 3406 3408 3090
f 3404 3092 3094
f 3404 3406 3092
f 3402 3094 3096
f 3402 3404 3094
f 3400 3402 3096
f 3398 3096 3098
f 3398 3098 3100
f 3398 3400 3096
f 3396 3100 3102
f 3396 3398 3100
f 3394 3102 3104
f 3394 3396 3102
f 3392 3104 3106
f 3392 3394 3104
f 3390 3106 3108
f 3390 3392 3106
f 3388 3108 3110
f 3388 3390 3108
f 3386 3110 3112
f 3386 3112 3114
f 3386 3388 3110
f 3384 3114 3116
f 3384 3386 3114
f 3382 3116 3118
f 3382 3384 3116
f 3380 3118 3120
f 3380 3382 3118
f 3378 3120 3122
f 3378 3122 3124
f 3378 3380 3120
f 3376 3378 3124
f 3376 3124 3126
f 3374 3376 3126
f 3374 3126 3128
f 3374 3128 3130
f 3372 3130 3132
f 3372 3374 3130
f 3370 3372 3132
f 3370 3132 3134
f 3370 3134 3136
f 3368 3370 3136
f 3368 3136 3138
f 3366 3368 3138
f 3366 3138 3140
f 3364 3366 3140
f 3364 3140 3142
f 3362 3364 3142
f 3362 3142 3144
f 3360 3362 3144
f 3360 3144 3146
f 3357 3146 3148
f 3357 3360 3146
f 3355 3148 3150
f 3355 3357 3148
f 3354 3150 3152
f 3354 3355 3150
f 3351 3152 3154
f 3351 3354 3152
f 3349 3154 3156
f 3349 3351 3154
f 3348 3349 3156
f 3348 3156 3158
f 3346 3348 3158
f 3346 3158 3160
f 3343 3160 3162
f 3343 3346 3160
f 3341 3162 3164
f 3341 3343 3162
f 3339 3164 3166
f 3339 3341 3164
f 3337 3166 3168
f 3337 3339 3166
f 3335 3168 3170
f 3335 3337 3168
f 3333 3170 3172
f 3333 3335 3170
f 3331 3172 3174
f 3331 3333 3172
f 3330 3174 3176
f 3330 3331 3174
f 3328 3330 3176
f 3328 3176 3178
f 3326 3328 3178
f 3326 3178 3180
f 3324 3326 3180
f 3324 3180 3182
f 3322 3324 3182
f 3322 3182 3184
f 3320 3322 3184
f 3320 3184 3186
f 3318 3320 3186
f 3318 3186 3188
f 3249 3243 3245
f 3249 3245 3248
f 3316 3318 3188
f 3316 3188 3190
f 3251 3243 3249
f 3251 3242 3243
f 3314 3316 3190
f 3314 3190 3192
f 3253 3242 3251
f 3253 3239 3242
f 3255 3239 3253
f 3255 3238 3239
f 3312 3192 3194
f 3312 3314 3192
f 3257 3238 3255
f 3257 3235 3238
f 3310 3312 3194
f 3310 3194 3197
f 3259 3235 3257
f 3259 3234 3235
f 3261 3234 3259
f 3261 3231 3234
f 3308 3197 3198
f 3308 3310 3197
f 3263 3231 3261
f 3263 3230 3231
f 3306 3198 3200
f 3306 3308 3198
f 3266 3230 3263
f 3266 3227 3230
f 3268 3227 3266
f 3268 3225 3227
f 3304 3306 3200
f 3269 3225 3268
f 3303 3200 3202
f 3303 3304 3200
f 3272 3225 3269
f 3272 3223 3225
f 3300 3202 3204
f 3300 3303 3202
f 3273 3221 3223
f 3273 3223 3272
f 3298 3204 3206
f 3298 3300 3204
f 3275 3220 3221
f 3275 3221 3273
f 3296 3206 3208
f 3296 3298 3206
f 3278 3218 3220
f 3278 3220 3275
f 3294 3296 3208
f 3280 3216 3218
f 3280 3218 3278
f 3292 3208 3210
f 3292 3294 3208
f 3282 3216 3280
f 3291 3292 3210
f 3284 3216 3282
f 3284 3214 3216
f 3288 3210 3212
f 3288 3291 3210
f 3286 3212 3214
f 3286 3214 3284
f 3286 3288 3212
f 3083 3413 3081
f 3081 3411 3084
f 3413 3411 3081
f 3084 3409 3087
f 3411 3409 3084
f 3087 3407 3089
f 3409 3407 3087
f 3089 3405 3091
f 3407 3405 3089
f 3091 3403 3093
f 3405 3403 3091
f 3093 3401 3095
f 3403 3401 3093
f 3401 3399 3095
f 3095 3397 3097
f 3097 3397 3099
f 3399 3397 3095
f 3099 3395 3101
f 3397 3395 3099
f 3101 3393 3103
f 3395 3393 3101
f 3103 3391 3105
f 3393 3391 3103
f 3105 3389 3107
f 3391 3389 3105
f 3107 3387 3109
f 3389 3387 3107
f 3109 3385 3111
f 3111 3385 3113
f 3387 3385 3109
f 3113 3383 3115
f 3385 3383 3113
f 3115 3381 3117
f 3383 3381 3115
f 3117 3379 3119
f 3381 3379 3117
f 3119 3377 3121
f 3121 3377 3123
f 3379 3377 3119
f 3377 3375 3123
f 3123 3375 3125
f 3375 3373 3125
f 3125 3373 3127
f 3127 3373 3129
f 3129 3371 3131
f 3373 3371 3129
f 3371 3369 3131
f 3131 3369 3133
f 3133 3369 3135
f 3369 3367 3135
f 3135 3367 3137
f 3367 3365 3137
f 3137 3365 3139
f 3365 3363 3139
f 3139 3363 3141
f 3363 3361 3141
f 3141 3361 3143
f 3361 3359 3143
f 3143 3359 3145
f 3145 3358 3147
f 3359 3358 3145
f 3147 3356 3149
f 3358 3356 3147
f 3149 3353 3151
f 3356 3353 3149
f 3151 3352 3153
f 3353 3352 3151
f 3153 3350 3155
f 3352 3350 3153
f 3350 3347 3155
f 3155 3347 3157
f 3347 3345 3157
f 3157 3345 3159
f 3159 3344 3161
f 3345 3344 3159
f 3161 3342 3163
f 3344 3342 3161
f 3163 3340 3165
f 3342 3340 3163
f 3165 3338 3167
f 3340 3338 3165
f 3167 3336 3169
f 3338 3336 3167
f 3169 3334 3171
f 3336 3334 3169
f 3171 3332 3173
f 3334 3332 3171
f 3173 3329 3175
f 3332 3329 3173
f 3329 3327 3175
f 3175 3327 3177
f 3327 3325 3177
f 3177 3325 3179
f 3325 3323 3179
f 3179 3323 3181
f 3323 3321 3181
f 3181 3321 3183
f 3321 3319 3183
f 3183 3319 3185
f 3319 3317 3185
f 3185 3317 3187
f 3244 3250 3246
f 3246 3250 3247
f 3317 3315 3187
f 3187 3315 3189
f 3244 3252 3250
f 3241 3252 3244
f 3315 3313 3189
f 3189 3313 3191
f 3241 3254 3252
f 3240 3254 3241
f 3240 3256 3254
f 3237 3256 3240
f 3191 3311 3193
f 3313 3311 3191
f 3237 3258 3256
f 3236 3258 3237
f 3311 3309 3193
f 3193 3309 3195
f 3236 3260 3258
f 3233 3260 3236
f 3233 3262 3260
f 3232 3262 3233
f 3195 3307 3196
f 3309 3307 3195
f 3232 3264 3262
f 3229 3264 3232
f 3196 3305 3199
f 3307 3305 3196
f 3229 3265 3264
f 3228 3265 3229
f 3228 3267 3265
f 3226 3267 3228
f 3305 3302 3199
f 3226 3270 3267
f 3199 3301 3201
f 3302 3301 3199
f 3226 3271 3270
f 3224 3271 3226
f 3201 3299 3203
f 3301 3299 3201
f 3222 3274 3224
f 3224 3274 3271
f 3203 3297 3205
f 3299 3297 3203
f 3219 3276 3222
f 3222 3276 3274
f 3205 3295 3207
f 3297 3295 3205
f 3217 3277 3219
f 3219 3277 3276
f 3295 3293 3207
f 3215 3281 3217
f 3217 3281 3277
f 3207 3290 3209
f 3293 3290 3207
f 3215 3279 3281
f 3290 3289 3209
f 3215 3283 3279
f 3213 3283 3215
f 3209 3287 3211
f 3289 3287 3209
f 3211 3285 3213
f 3213 3285 3283
f 3287 3285 3211
