mtllib peg.mtl
o obj6

v 653.11688232 117.5561142 50
v 642.69934082 117.61883545 50
v 642.63348389 117.5561142 50
v 653.05102539 117.61883545 50
v 652.98828125 117.68471527 50
v 642.76208496 117.68471527 50
v 652.92889404 117.75359344 50
v 642.82147217 117.75359344 50
v 642.87744141 117.82530212 50
v 653.18579102 117.4967041 50
v 642.56463623 117.4967041 50
v 642.49291992 117.44074249 50
v 652.8729248 117.82530212 50
v 653.25744629 117.44074249 50
v 653.33184814 117.3883667 50
v 642.41851807 117.3883667 50
v 652.82055664 117.89966583 50
v 642.92980957 117.89966583 50
v 653.40869141 117.33969879 50
v 642.3416748 117.33969879 50
v 642.26251221 117.29486847 50
v 652.77185059 117.97651672 50
v 642.97851562 117.97651672 50
v 652.72705078 118.05565643 50
v 643.02331543 118.05565643 50
v 653.487854 117.29486847 50
v 652.68615723 118.13690186 50
v 643.06420898 118.13690186 50
v 653.5690918 117.25397491 50
v 642.18127441 117.25397491 50
v 642.09814453 117.21710968 50
v 652.64929199 118.22006226 50
v 643.10107422 118.22006226 50
v 653.65222168 117.21710968 50
v 652.61657715 118.30492401 50
v 643.1338501 118.30492401 50
v 653.73712158 117.18437195 50
v 642.01324463 117.18437195 50
v 653.82348633 117.15584564 50
v 641.92687988 117.15584564 50
v 641.8392334 117.13158417 50
v 652.5880127 118.39129639 50
v 643.16235352 118.39129639 50
v 653.91113281 117.13158417 50
v 652.56378174 118.47895813 50
v 643.18664551 118.47895813 50
v 652.54382324 118.56771088 50
v 643.20654297 118.56771088 50
v 653.99987793 117.11164856 50
v 641.75048828 117.11164856 50
v 652.52825928 118.65733337 50
v 643.22210693 118.65733337 50
v 654.08953857 117.09609985 50
v 641.66088867 117.09609985 50
v 641.57061768 117.08496857 50
v 652.51715088 118.747612 50
v 643.23321533 118.747612 50
v 654.17980957 117.08496857 50
v 652.51043701 118.8383255 50
v 643.2399292 118.8383255 50
v 652.50823975 118.92925262 50
v 643.24212646 118.92925262 50
v 643.24212646 130.66627502 50
v 652.50823975 130.66627502 50
v 643.2399292 130.75720215 50
v 652.51043701 130.75720215 50
v 652.51715088 130.84791565 50
v 643.23321533 130.84791565 50
v 643.22210693 130.93818665 50
v 652.52825928 130.93818665 50
v 652.54382324 131.02781677 50
v 643.20654297 131.02781677 50
v 652.56378174 131.11656189 50
v 643.18664551 131.11656189 50
v 652.5880127 131.20422363 50
v 643.16235352 131.20422363 50
v 652.61657715 131.29060364 50
v 643.1338501 131.29060364 50
v 652.64929199 131.37545776 50
v 643.10107422 131.37545776 50
v 652.68615723 131.45861816 50
v 643.06420898 131.45861816 50
v 643.02331543 131.53987122 50
v 652.72705078 131.53987122 50
v 652.77185059 131.6190033 50
v 642.97851562 131.6190033 50
v 652.82055664 131.69586182 50
v 642.92980957 131.69586182 50
v 652.8729248 131.77023315 50
v 642.87744141 131.77023315 50
v 652.92889404 131.8419342 50
v 642.82147217 131.8419342 50
v 652.98828125 131.91081238 50
v 642.76208496 131.91081238 50
v 653.05102539 131.97668457 50
v 642.69934082 131.97668457 50
v 653.11688232 132.03941345 50
v 642.63348389 132.03941345 50
v 653.18579102 132.09881592 50
v 642.56463623 132.09881592 50
v 653.25744629 132.15478516 50
v 642.49291992 132.15478516 50
v 641.38891602 117.07604218 50
v 654.3614502 117.07604218 50
v 641.4798584 117.07827759 50
v 654.27050781 117.07827759 50
v 654.3614502 132.51948547 50
v 641.38891602 132.51948547 50
v 654.27050781 132.51724243 50
v 641.4798584 132.51724243 50
v 654.17980957 132.51055908 50
v 641.57061768 132.51055908 50
v 641.66088867 132.49942017 50
v 654.08953857 132.49942017 50
v 641.75048828 132.48387146 50
v 653.99987793 132.48387146 50
v 641.8392334 132.46394348 50
v 653.91113281 132.46394348 50
v 641.92687988 132.43968201 50
v 653.82348633 132.43968201 50
v 653.73712158 132.41114807 50
v 642.01324463 132.41114807 50
v 642.09814453 132.37841797 50
v 653.65222168 132.37841797 50
v 642.18127441 132.34155273 50
v 653.5690918 132.34155273 50
v 653.487854 132.30065918 50
v 642.26251221 132.30065918 50
v 642.3416748 132.25582886 50
v 653.40869141 132.25582886 50
v 653.33184814 132.20715332 50
v 642.41851807 132.20715332 50
v 641.4798584 117.07827759 100
v 641.38891602 117.07604218 100
v 641.57061768 117.08496857 100
v 641.66088867 117.09609985 100
v 641.75048828 117.11164856 100
v 641.8392334 117.13158417 100
v 641.92687988 117.15584564 100
v 642.01324463 117.18437195 100
v 642.09814453 117.21710968 100
v 642.18127441 117.25397491 100
v 642.26251221 117.29486847 100
v 642.3416748 117.33969879 100
v 642.41851807 117.3883667 100
v 642.49291992 117.44074249 100
v 642.56463623 117.4967041 100
v 642.63348389 117.5561142 100
v 642.69934082 117.61883545 100
v 642.76208496 117.68471527 100
v 642.82147217 117.75359344 100
v 642.87744141 117.82530212 100
v 642.92980957 117.89966583 100
v 642.97851562 117.97651672 100
v 643.02331543 118.05565643 100
v 643.06420898 118.13690186 100
v 643.10107422 118.22006226 100
v 643.1338501 118.30492401 100
v 643.16235352 118.39129639 100
v 643.18664551 118.47895813 100
v 643.20654297 118.56771088 100
v 643.22210693 118.65733337 100
v 643.23321533 118.747612 100
v 643.2399292 118.8383255 100
v 643.24212646 118.92925262 100
v 627.80096436 118.8383255 100
v 627.79870605 118.92925262 0
v 627.80096436 118.8383255 0
v 627.79870605 118.92925262 100
v 627.80761719 118.747612 100
v 627.80761719 118.747612 0
v 627.81878662 118.65733337 0
v 627.81878662 118.65733337 100
v 627.83435059 118.56771088 100
v 627.83435059 118.56771088 0
v 627.85424805 118.47895813 100
v 627.85424805 118.47895813 0
v 627.87854004 118.39129639 100
v 627.87854004 118.39129639 0
v 627.90704346 118.30492401 100
v 627.90704346 118.30492401 0
v 627.9397583 118.22006226 100
v 627.9397583 118.22006226 0
v 627.97662354 118.13690186 0
v 627.97662354 118.13690186 100
v 628.01751709 118.05565643 100
v 628.01751709 118.05565643 0
v 628.06237793 117.97651672 0
v 628.06237793 117.97651672 100
v 628.11102295 117.89966583 0
v 628.11102295 117.89966583 100
v 628.16339111 117.82530212 100
v 628.16339111 117.82530212 0
v 628.21936035 117.75359344 0
v 628.21936035 117.75359344 100
v 628.27880859 117.68471527 0
v 628.27880859 117.68471527 100
v 628.3414917 117.61883545 100
v 628.3414917 117.61883545 0
v 628.40740967 117.5561142 100
v 628.40740967 117.5561142 0
v 628.47625732 117.4967041 100
v 628.47625732 117.4967041 0
v 628.54797363 117.44074249 0
v 628.54797363 117.44074249 100
v 628.62231445 117.3883667 100
v 628.62231445 117.3883667 0
v 628.69921875 117.33969879 100
v 628.69921875 117.33969879 0
v 628.77832031 117.29486847 100
v 628.77832031 117.29486847 0
v 628.85955811 117.25397491 0
v 628.85955811 117.25397491 100
v 628.94274902 117.21710968 100
v 628.94274902 117.21710968 0
v 629.02758789 117.18437195 100
v 629.02758789 117.18437195 0
v 629.11395264 117.15584564 100
v 629.11395264 117.15584564 0
v 629.20166016 117.13158417 100
v 629.20166016 117.13158417 0
v 629.29040527 117.11164856 100
v 629.29040527 117.11164856 0
v 629.38000488 117.09609985 0
v 629.38000488 117.09609985 100
v 629.47027588 117.08496857 100
v 629.47027588 117.08496857 0
v 629.56097412 117.07827759 100
v 629.56097412 117.07827759 0
v 629.6519165 117.07604218 100
v 629.6519165 117.07604218 0
v 627.79870605 130.66627502 0
v 627.79870605 130.66627502 100
v 629.56097412 132.51724243 100
v 629.6519165 132.51948547 0
v 629.56097412 132.51724243 0
v 629.6519165 132.51948547 100
v 629.47027588 132.51055908 100
v 629.47027588 132.51055908 0
v 629.38000488 132.49942017 0
v 629.38000488 132.49942017 100
v 629.29040527 132.48387146 100
v 629.29040527 132.48387146 0
v 629.20166016 132.46394348 100
v 629.20166016 132.46394348 0
v 629.11395264 132.43968201 100
v 629.11395264 132.43968201 0
v 629.02758789 132.41114807 100
v 629.02758789 132.41114807 0
v 628.94274902 132.37841797 100
v 628.94274902 132.37841797 0
v 628.85955811 132.34155273 0
v 628.85955811 132.34155273 100
v 628.77832031 132.30065918 100
v 628.77832031 132.30065918 0
v 628.69921875 132.25582886 0
v 628.69921875 132.25582886 100
v 628.62231445 132.20715332 0
v 628.62231445 132.20715332 100
v 628.54797363 132.15478516 100
v 628.54797363 132.15478516 0
v 628.47625732 132.09881592 0
v 628.47625732 132.09881592 100
v 628.40740967 132.03941345 0
v 628.40740967 132.03941345 100
v 628.3414917 131.97668457 100
v 628.3414917 131.97668457 0
v 628.27880859 131.91081238 100
v 628.27880859 131.91081238 0
v 628.21936035 131.8419342 100
v 628.21936035 131.8419342 0
v 628.16339111 131.77023315 0
v 628.16339111 131.77023315 100
v 628.11102295 131.69586182 100
v 628.11102295 131.69586182 0
v 628.06237793 131.6190033 100
v 628.06237793 131.6190033 0
v 628.01751709 131.53987122 100
v 628.01751709 131.53987122 0
v 627.97662354 131.45861816 0
v 627.97662354 131.45861816 100
v 627.9397583 131.37545776 100
v 627.9397583 131.37545776 0
v 627.90704346 131.29060364 100
v 627.90704346 131.29060364 0
v 627.87854004 131.20422363 100
v 627.87854004 131.20422363 0
v 627.85424805 131.11656189 100
v 627.85424805 131.11656189 0
v 627.83435059 131.02781677 100
v 627.83435059 131.02781677 0
v 627.81878662 130.93818665 0
v 627.81878662 130.93818665 100
v 627.80761719 130.84791565 100
v 627.80761719 130.84791565 0
v 627.80096436 130.75720215 100
v 627.80096436 130.75720215 0
v 643.2399292 130.75720215 100
v 643.24212646 130.66627502 100
v 643.23321533 130.84791565 100
v 643.22210693 130.93818665 100
v 643.20654297 131.02781677 100
v 643.18664551 131.11656189 100
v 643.16235352 131.20422363 100
v 643.1338501 131.29060364 100
v 643.10107422 131.37545776 100
v 643.06420898 131.45861816 100
v 643.02331543 131.53987122 100
v 642.97851562 131.6190033 100
v 642.92980957 131.69586182 100
v 642.87744141 131.77023315 100
v 642.82147217 131.8419342 100
v 642.76208496 131.91081238 100
v 642.69934082 131.97668457 100
v 642.63348389 132.03941345 100
v 642.56463623 132.09881592 100
v 642.49291992 132.15478516 100
v 642.41851807 132.20715332 100
v 642.3416748 132.25582886 100
v 642.26251221 132.30065918 100
v 642.18127441 132.34155273 100
v 642.09814453 132.37841797 100
v 642.01324463 132.41114807 100
v 641.92687988 132.43968201 100
v 641.8392334 132.46394348 100
v 641.75048828 132.48387146 100
v 641.66088867 132.49942017 100
v 641.57061768 132.51055908 100
v 641.4798584 132.51724243 100
v 641.38891602 132.51948547 100
v 654.27050781 132.51724243 100
v 654.3614502 132.51948547 100
v 654.17980957 132.51055908 100
v 654.08953857 132.49942017 100
v 653.99987793 132.48387146 100
v 653.91113281 132.46394348 100
v 653.82348633 132.43968201 100
v 653.73712158 132.41114807 100
v 653.65222168 132.37841797 100
v 653.5690918 132.34155273 100
v 653.487854 132.30065918 100
v 653.40869141 132.25582886 100
v 653.33184814 132.20715332 100
v 653.25744629 132.15478516 100
v 653.18579102 132.09881592 100
v 653.11688232 132.03941345 100
v 653.05102539 131.97668457 100
v 652.98828125 131.91081238 100
v 652.92889404 131.8419342 100
v 652.8729248 131.77023315 100
v 652.82055664 131.69586182 100
v 652.77185059 131.6190033 100
v 652.72705078 131.53987122 100
v 652.68615723 131.45861816 100
v 652.64929199 131.37545776 100
v 652.61657715 131.29060364 100
v 652.5880127 131.20422363 100
v 652.56378174 131.11656189 100
v 652.54382324 131.02781677 100
v 652.52825928 130.93818665 100
v 652.51715088 130.84791565 100
v 652.51043701 130.75720215 100
v 652.50823975 130.66627502 100
v 652.50823975 118.92925262 100
v 652.51043701 118.8383255 100
v 652.51715088 118.747612 100
v 652.52825928 118.65733337 100
v 652.54382324 118.56771088 100
v 652.56378174 118.47895813 100
v 652.5880127 118.39129639 100
v 652.61657715 118.30492401 100
v 652.64929199 118.22006226 100
v 652.68615723 118.13690186 100
v 652.72705078 118.05565643 100
v 652.77185059 117.97651672 100
v 652.82055664 117.89966583 100
v 652.8729248 117.82530212 100
v 652.92889404 117.75359344 100
v 652.98828125 117.68471527 100
v 653.05102539 117.61883545 100
v 653.11688232 117.5561142 100
v 653.18579102 117.4967041 100
v 653.25744629 117.44074249 100
v 653.33184814 117.3883667 100
v 653.40869141 117.33969879 100
v 653.487854 117.29486847 100
v 653.5690918 117.25397491 100
v 653.65222168 117.21710968 100
v 653.73712158 117.18437195 100
v 653.82348633 117.15584564 100
v 653.91113281 117.13158417 100
v 653.99987793 117.11164856 100
v 654.08953857 117.09609985 100
v 654.17980957 117.08496857 100
v 654.27050781 117.07827759 100
v 654.3614502 117.07604218 100
v 666.09844971 117.07604218 0
v 666.09844971 117.07604218 100
v 666.09844971 132.51948547 0
v 666.09844971 132.51948547 100
v 667.94940186 130.75720215 100
v 667.95166016 130.66627502 0
v 667.94940186 130.75720215 0
v 667.95166016 130.66627502 100
v 667.94274902 130.84791565 100
v 667.94274902 130.84791565 0
v 667.93157959 130.93818665 0
v 667.93157959 130.93818665 100
v 667.91607666 131.02781677 100
v 667.91607666 131.02781677 0
v 667.89611816 131.11656189 100
v 667.89611816 131.11656189 0
v 667.87188721 131.20422363 100
v 667.87188721 131.20422363 0
v 667.84332275 131.29060364 100
v 667.84332275 131.29060364 0
v 667.81060791 131.37545776 100
v 667.81060791 131.37545776 0
v 667.77374268 131.45861816 0
v 667.77374268 131.45861816 100
v 667.73284912 131.53987122 100
v 667.73284912 131.53987122 0
v 667.68798828 131.6190033 0
v 667.68798828 131.6190033 100
v 667.63934326 131.69586182 0
v 667.63934326 131.69586182 100
v 667.5869751 131.77023315 100
v 667.5869751 131.77023315 0
v 667.53100586 131.8419342 0
v 667.53100586 131.8419342 100
v 667.47155762 131.91081238 0
v 667.47155762 131.91081238 100
v 667.40887451 131.97668457 100
v 667.40887451 131.97668457 0
v 667.34295654 132.03941345 100
v 667.34295654 132.03941345 0
v 667.27410889 132.09881592 100
v 667.27410889 132.09881592 0
v 667.20239258 132.15478516 0
v 667.20239258 132.15478516 100
v 667.12805176 132.20715332 100
v 667.12805176 132.20715332 0
v 667.0512085 132.25582886 100
v 667.0512085 132.25582886 0
v 666.9720459 132.30065918 100
v 666.9720459 132.30065918 0
v 666.89080811 132.34155273 0
v 666.89080811 132.34155273 100
v 666.80761719 132.37841797 100
v 666.80761719 132.37841797 0
v 666.72277832 132.41114807 100
v 666.72277832 132.41114807 0
v 666.63641357 132.43968201 100
v 666.63641357 132.43968201 0
v 666.54876709 132.46394348 100
v 666.54876709 132.46394348 0
v 666.45996094 132.48387146 100
v 666.45996094 132.48387146 0
v 666.37036133 132.49942017 0
v 666.37036133 132.49942017 100
v 666.28009033 132.51055908 100
v 666.28009033 132.51055908 0
v 666.18939209 132.51724243 100
v 666.18939209 132.51724243 0
v 667.95166016 118.92925262 0
v 667.95166016 118.92925262 100
v 666.18939209 117.07827759 100
v 666.18939209 117.07827759 0
v 666.28009033 117.08496857 100
v 666.28009033 117.08496857 0
v 666.37036133 117.09609985 0
v 666.37036133 117.09609985 100
v 666.45996094 117.11164856 100
v 666.45996094 117.11164856 0
v 666.54876709 117.13158417 100
v 666.54876709 117.13158417 0
v 666.63641357 117.15584564 100
v 666.63641357 117.15584564 0
v 666.72277832 117.18437195 100
v 666.72277832 117.18437195 0
v 666.80761719 117.21710968 100
v 666.80761719 117.21710968 0
v 666.89080811 117.25397491 0
v 666.89080811 117.25397491 100
v 666.9720459 117.29486847 100
v 666.9720459 117.29486847 0
v 667.0512085 117.33969879 0
v 667.0512085 117.33969879 100
v 667.12805176 117.3883667 0
v 667.12805176 117.3883667 100
v 667.20239258 117.44074249 100
v 667.20239258 117.44074249 0
v 667.27410889 117.4967041 0
v 667.27410889 117.4967041 100
v 667.34295654 117.5561142 0
v 667.34295654 117.5561142 100
v 667.40887451 117.61883545 100
v 667.40887451 117.61883545 0
v 667.47155762 117.68471527 100
v 667.47155762 117.68471527 0
v 667.53100586 117.75359344 100
v 667.53100586 117.75359344 0
v 667.5869751 117.82530212 0
v 667.5869751 117.82530212 100
v 667.63934326 117.89966583 100
v 667.63934326 117.89966583 0
v 667.68798828 117.97651672 100
v 667.68798828 117.97651672 0
v 667.73284912 118.05565643 100
v 667.73284912 118.05565643 0
v 667.77374268 118.13690186 0
v 667.77374268 118.13690186 100
v 667.81060791 118.22006226 100
v 667.81060791 118.22006226 0
v 667.84332275 118.30492401 100
v 667.84332275 118.30492401 0
v 667.87188721 118.39129639 100
v 667.87188721 118.39129639 0
v 667.89611816 118.47895813 100
v 667.89611816 118.47895813 0
v 667.91607666 118.56771088 100
v 667.91607666 118.56771088 0
v 667.93157959 118.65733337 0
v 667.93157959 118.65733337 100
v 667.94274902 118.747612 100
v 667.94274902 118.747612 0
v 667.94940186 118.8383255 100
v 667.94940186 118.8383255 0
v 292.89953613 140.20593262 40
v 292.89953613 140.20593262 0
v 313.01983643 120.08563995 0
v 313.01983643 120.08563995 40
v 291.73968506 143.006073 40
v 291.73968506 143.006073 0
v 291.7444458 142.81176758 0
v 291.7444458 142.81176758 40
v 291.75875854 142.61791992 0
v 291.75875854 142.61791992 40
v 291.78253174 142.42501831 40
v 291.78253174 142.42501831 0
v 291.81576538 142.23352051 40
v 291.81576538 142.23352051 0
v 291.85836792 142.04386902 40
v 291.85836792 142.04386902 0
v 291.91018677 141.85653687 40
v 291.91018677 141.85653687 0
v 291.97116089 141.67198181 0
v 291.97116089 141.67198181 40
v 292.04110718 141.49064636 40
v 292.04110718 141.49064636 0
v 292.11987305 141.31295776 40
v 292.11987305 141.31295776 0
v 292.20727539 141.13934326 0
v 292.20727539 141.13934326 40
v 292.30307007 140.9702301 40
v 292.30307007 140.9702301 0
v 292.40707397 140.80601501 40
v 292.40707397 140.80601501 0
v 292.51898193 140.64709473 40
v 292.51898193 140.64709473 0
v 292.6385498 140.49388123 0
v 292.6385498 140.49388123 40
v 292.76550293 140.34669495 40
v 292.76550293 140.34669495 0
v 291.73968506 164.22885132 0
v 291.73968506 164.22885132 40
v 295.69967651 168.18885803 40
v 295.69967651 168.18885803 0
v 295.50537109 168.18408203 0
v 295.50537109 168.18408203 40
v 295.31152344 168.16978455 0
v 295.31152344 168.16978455 40
v 295.11862183 168.14599609 40
v 295.11862183 168.14599609 0
v 294.92712402 168.11276245 40
v 294.92712402 168.11276245 0
v 294.73748779 168.07017517 40
v 294.73748779 168.07017517 0
v 294.5501709 168.01834106 40
v 294.5501709 168.01834106 0
v 294.36560059 167.95736694 0
v 294.36560059 167.95736694 40
v 294.18426514 167.88742065 40
v 294.18426514 167.88742065 0
v 294.00656128 167.80865479 40
v 294.00656128 167.80865479 0
v 293.83294678 167.7212677 0
v 293.83294678 167.7212677 40
v 293.66384888 167.62545776 40
v 293.66384888 167.62545776 0
v 293.49963379 167.52146912 40
v 293.49963379 167.52146912 0
v 293.34072876 167.40956116 40
v 293.34072876 167.40956116 0
v 293.1875 167.28997803 0
v 293.1875 167.28997803 40
v 293.04031372 167.1630249 40
v 293.04031372 167.1630249 0
v 292.89953613 167.0289917 0
v 292.89953613 167.0289917 40
v 292.76550293 166.88822937 40
v 292.76550293 166.88822937 0
v 292.6385498 166.74105835 0
v 292.6385498 166.74105835 40
v 292.51898193 166.58782959 40
v 292.51898193 166.58782959 0
v 292.40707397 166.4289093 40
v 292.40707397 166.4289093 0
v 292.30307007 166.26470947 40
v 292.30307007 166.26470947 0
v 292.20727539 166.09558105 40
v 292.20727539 166.09558105 0
v 292.11987305 165.92198181 40
v 292.11987305 165.92198181 0
v 292.04110718 165.74427795 40
v 292.04110718 165.74427795 0
v 291.97116089 165.5629425 0
v 291.97116089 165.5629425 40
v 291.91018677 165.37838745 40
v 291.91018677 165.37838745 0
v 291.85836792 165.1910553 40
v 291.85836792 165.1910553 0
v 291.81576538 165.00141907 40
v 291.81576538 165.00141907 0
v 291.78253174 164.80990601 40
v 291.78253174 164.80990601 0
v 291.75875854 164.61700439 40
v 291.75875854 164.61700439 0
v 291.7444458 164.42315674 0
v 291.7444458 164.42315674 40
v 340.5796814 168.18885803 0
v 340.5796814 168.18885803 40
v 344.53967285 164.22885132 40
v 344.53967285 164.22885132 0
v 344.53491211 164.42315674 0
v 344.53491211 164.42315674 40
v 344.52062988 164.61700439 0
v 344.52062988 164.61700439 40
v 344.49682617 164.80990601 40
v 344.49682617 164.80990601 0
v 344.46359253 165.00141907 40
v 344.46359253 165.00141907 0
v 344.42102051 165.1910553 40
v 344.42102051 165.1910553 0
v 344.36917114 165.37838745 40
v 344.36917114 165.37838745 0
v 344.30819702 165.5629425 0
v 344.30819702 165.5629425 40
v 344.23825073 165.74427795 40
v 344.23825073 165.74427795 0
v 344.15948486 165.92198181 40
v 344.15948486 165.92198181 0
v 344.07208252 166.09558105 0
v 344.07208252 166.09558105 40
v 343.97628784 166.26470947 40
v 343.97628784 166.26470947 0
v 343.87231445 166.4289093 40
v 343.87231445 166.4289093 0
v 343.76037598 166.58782959 40
v 343.76037598 166.58782959 0
v 343.64080811 166.74105835 0
v 343.64080811 166.74105835 40
v 343.51385498 166.88822937 40
v 343.51385498 166.88822937 0
v 343.37982178 167.0289917 0
v 343.37982178 167.0289917 40
v 343.23904419 167.1630249 40
v 343.23904419 167.1630249 0
v 343.09188843 167.28997803 0
v 343.09188843 167.28997803 40
v 342.93865967 167.40956116 40
v 342.93865967 167.40956116 0
v 342.77975464 167.52146912 40
v 342.77975464 167.52146912 0
v 342.61553955 167.62545776 40
v 342.61553955 167.62545776 0
v 342.44641113 167.7212677 40
v 342.44641113 167.7212677 0
v 342.27279663 167.80865479 40
v 342.27279663 167.80865479 0
v 342.09512329 167.88742065 40
v 342.09512329 167.88742065 0
v 341.91375732 167.95736694 0
v 341.91375732 167.95736694 40
v 341.72921753 168.01834106 40
v 341.72921753 168.01834106 0
v 341.54187012 168.07017517 40
v 341.54187012 168.07017517 0
v 341.35223389 168.11276245 40
v 341.35223389 168.11276245 0
v 341.16073608 168.14599609 40
v 341.16073608 168.14599609 0
v 340.96783447 168.16978455 40
v 340.96783447 168.16978455 0
v 340.77398682 168.18408203 0
v 340.77398682 168.18408203 40
v 344.53967285 143.006073 0
v 344.53967285 143.006073 40
v 343.37982178 140.20593262 40
v 343.37982178 140.20593262 0
v 343.51385498 140.34669495 0
v 343.51385498 140.34669495 40
v 343.64080811 140.49388123 0
v 343.64080811 140.49388123 40
v 343.76037598 140.64709473 40
v 343.76037598 140.64709473 0
v 343.87231445 140.80601501 40
v 343.87231445 140.80601501 0
v 343.97628784 140.9702301 40
v 343.97628784 140.9702301 0
v 344.07208252 141.13934326 40
v 344.07208252 141.13934326 0
v 344.15948486 141.31295776 0
v 344.15948486 141.31295776 40
v 344.23825073 141.49064636 40
v 344.23825073 141.49064636 0
v 344.30819702 141.67198181 40
v 344.30819702 141.67198181 0
v 344.36917114 141.85653687 0
v 344.36917114 141.85653687 40
v 344.42102051 142.04386902 40
v 344.42102051 142.04386902 0
v 344.46359253 142.23352051 40
v 344.46359253 142.23352051 0
v 344.49682617 142.42501831 40
v 344.49682617 142.42501831 0
v 344.52062988 142.61791992 0
v 344.52062988 142.61791992 40
v 344.53491211 142.81176758 40
v 344.53491211 142.81176758 0
v 323.259552 120.08563995 0
v 323.259552 120.08563995 40
v 320.45941162 118.92578888 40
v 320.45941162 118.92578888 0
v 320.65371704 118.93055725 0
v 320.65371704 118.93055725 40
v 320.84753418 118.94485474 0
v 320.84753418 118.94485474 40
v 321.04043579 118.96864319 40
v 321.04043579 118.96864319 0
v 321.23196411 119.00187683 40
v 321.23196411 119.00187683 0
v 321.42160034 119.04446411 40
v 321.42160034 119.04446411 0
v 321.60891724 119.09629822 40
v 321.60891724 119.09629822 0
v 321.79348755 119.15727234 0
v 321.79348755 119.15727234 40
v 321.974823 119.22722626 40
v 321.974823 119.22722626 0
v 322.15252686 119.3059845 40
v 322.15252686 119.3059845 0
v 322.32614136 119.39337921 0
v 322.32614136 119.39337921 40
v 322.49523926 119.48918152 40
v 322.49523926 119.48918152 0
v 322.65945435 119.59316254 40
v 322.65945435 119.59316254 0
v 322.81835938 119.70508575 40
v 322.81835938 119.70508575 0
v 322.97158813 119.82466125 0
v 322.97158813 119.82466125 40
v 323.11877441 119.95162201 40
v 323.11877441 119.95162201 0
v 315.81997681 118.92578888 0
v 315.81997681 118.92578888 40
v 313.1605835 119.95162201 0
v 313.1605835 119.95162201 40
v 313.30776978 119.82466125 0
v 313.30776978 119.82466125 40
v 313.46099854 119.70508575 40
v 313.46099854 119.70508575 0
v 313.61990356 119.59316254 40
v 313.61990356 119.59316254 0
v 313.78411865 119.48918152 40
v 313.78411865 119.48918152 0
v 313.95324707 119.39337921 40
v 313.95324707 119.39337921 0
v 314.12686157 119.3059845 0
v 314.12686157 119.3059845 40
v 314.30453491 119.22722626 40
v 314.30453491 119.22722626 0
v 314.48587036 119.15727234 40
v 314.48587036 119.15727234 0
v 314.67044067 119.09629822 0
v 314.67044067 119.09629822 40
v 314.85775757 119.04446411 40
v 314.85775757 119.04446411 0
v 315.04742432 119.00187683 40
v 315.04742432 119.00187683 0
v 315.23892212 118.96864319 40
v 315.23892212 118.96864319 0
v 315.43182373 118.94485474 0
v 315.43182373 118.94485474 40
v 315.62567139 118.93055725 40
v 315.62567139 118.93055725 0
v 312.33392334 126.73881531 40
v 312.60964966 126.45612335 40
v 312.8991394 126.18751526 40
v 312.07260132 127.03490448 40
v 313.20162964 125.93367767 40
v 311.8263855 127.34365082 40
v 313.51641846 125.69523621 40
v 311.59588623 127.66429138 40
v 313.8427124 125.47277832 40
v 311.38162231 127.99601746 40
v 314.1796875 125.26686096 40
v 311.18417358 128.3380127 40
v 314.52648926 125.07800293 40
v 311.0039978 128.68942261 40
v 314.8822937 124.90666199 40
v 310.84158325 129.04937744 40
v 315.2461853 124.75326538 40
v 310.69732666 129.41699219 40
v 315.61727905 124.61820221 40
v 310.5715332 129.7913208 40
v 315.99462891 124.50180054 40
v 310.46459961 130.17146301 40
v 316.37731934 124.40435791 40
v 310.37670898 130.55647278 40
v 316.7644043 124.32611084 40
v 310.30813599 130.94537354 40
v 317.15487671 124.26725006 40
v 310.2590332 131.33720398 40
v 317.54782104 124.22792816 40
v 310.22952271 131.73100281 40
v 317.94223022 124.20824432 40
v 310.21969604 132.1257782 40
v 318.33712769 124.20824432 40
v 310.22952271 132.52056885 40
v 318.73153687 124.22792816 40
v 310.2590332 132.91436768 40
v 319.1244812 124.26725006 40
v 310.30813599 133.30619812 40
v 319.51498413 124.32611084 40
v 310.37670898 133.69509888 40
v 319.90203857 124.40435791 40
v 310.46459961 134.08010864 40
v 320.284729 124.50180054 40
v 310.5715332 134.46025085 40
v 320.66210938 124.61820221 40
v 310.69732666 134.83457947 40
v 321.03317261 124.75326538 40
v 321.39706421 124.90666199 40
v 321.75286865 125.07800293 40
v 322.09967041 125.26686096 40
v 322.43664551 125.47277832 40
v 322.76293945 125.69523621 40
v 299.13391113 149.60188293 40
v 299.40963745 149.31918335 40
v 299.6991272 149.05058289 40
v 298.87261963 149.89797974 40
v 300.00164795 148.79675293 40
v 298.62640381 150.20672607 40
v 300.31643677 148.55830383 40
v 298.39587402 150.52735901 40
v 300.64273071 148.33584595 40
v 323.07772827 125.93367767 40
v 298.18161011 150.85908508 40
v 300.97967529 148.12992859 40
v 297.98416138 151.20108032 40
v 301.32650757 147.94107056 40
v 297.80401611 151.55249023 40
v 301.68228149 147.76972961 40
v 297.64160156 151.91244507 40
v 323.38024902 126.18751526 40
v 302.0461731 147.61633301 40
v 297.49731445 152.28005981 40
v 302.41726685 147.48127747 40
v 297.37155151 152.65438843 40
v 323.66970825 126.45612335 40
v 302.7946167 147.36486816 40
v 297.2645874 153.03453064 40
v 303.17730713 147.26742554 40
v 297.17672729 153.41954041 40
v 323.94546509 126.73881531 40
v 303.56439209 147.18917847 40
v 297.1081543 153.80844116 40
v 303.95489502 147.13032532 40
v 310.84158325 135.20219421 40
v 324.20675659 127.03490448 40
v 297.05905151 154.20027161 40
v 304.34780884 147.09100342 40
v 311.0039978 135.56214905 40
v 297.02954102 154.59407043 40
v 324.45297241 127.34365082 40
v 304.74221802 147.07131958 40
v 311.18417358 135.91355896 40
v 305.137146 147.07131958 40
v 311.38162231 136.2555542 40
v 324.6835022 127.66429138 40
v 305.53155518 147.09100342 40
v 311.59588623 136.58728027 40
v 324.8977356 127.99601746 40
v 305.92449951 147.13032532 40
v 311.8263855 136.90791321 40
v 325.09518433 128.3380127 40
v 306.31497192 147.18917847 40
v 312.07260132 137.21665955 40
v 325.27536011 128.68942261 40
v 306.70205688 147.26742554 40
v 312.33392334 137.51275635 40
v 307.08474731 147.36486816 40
v 312.60964966 137.79545593 40
v 307.46209717 147.48127747 40
v 312.8991394 138.0640564 40
v 307.83319092 147.61633301 40
v 313.20162964 138.31788635 40
v 308.19708252 147.76972961 40
v 313.51641846 138.55633545 40
v 297.01968384 154.98886108 40
v 297.49731445 157.69766235 40
v 297.64160156 158.06526184 40
v 297.37155151 157.32331848 40
v 297.2645874 156.94317627 40
v 297.17672729 156.5581665 40
v 297.1081543 156.16926575 40
v 297.05905151 155.7774353 40
v 297.02954102 155.38363647 40
v 297.80401611 158.42521667 40
v 308.55288696 147.94107056 40
v 313.8427124 138.77879333 40
v 297.98416138 158.77662659 40
v 308.89968872 148.12992859 40
v 314.1796875 138.98471069 40
v 298.18161011 159.11862183 40
v 309.23666382 148.33584595 40
v 314.52648926 139.17356873 40
v 298.39587402 159.4503479 40
v 309.56292725 148.55830383 40
v 314.8822937 139.34490967 40
v 298.62640381 159.77098083 40
v 309.87771606 148.79675293 40
v 315.2461853 139.49830627 40
v 298.87261963 160.07972717 40
v 310.18023682 149.05058289 40
v 315.61727905 139.63337708 40
v 299.13391113 160.37582397 40
v 310.46972656 149.31918335 40
v 315.99462891 139.74977112 40
v 299.40963745 160.65852356 40
v 310.74545288 149.60188293 40
v 316.37731934 139.84721375 40
v 311.00674438 149.89797974 40
v 316.7644043 139.92546082 40
v 311.25296021 150.20672607 40
v 317.15487671 139.98431396 40
v 311.48348999 150.52735901 40
v 317.54782104 140.02363586 40
v 311.69775391 150.85908508 40
v 317.94223022 140.0433197 40
v 311.89520264 151.20108032 40
v 300.97967529 161.84777832 40
v 301.32650757 162.03663635 40
v 300.64273071 161.64186096 40
v 300.31643677 161.41940308 40
v 300.00164795 161.18095398 40
v 299.6991272 160.92712402 40
v 301.68228149 162.20797729 40
v 302.0461731 162.3613739 40
v 302.41726685 162.4964447 40
v 302.7946167 162.61283875 40
v 303.17730713 162.71028137 40
v 303.56439209 162.78852844 40
v 303.95489502 162.84739685 40
v 304.34780884 162.88670349 40
v 304.74221802 162.90638733 40
v 305.137146 162.90638733 40
v 305.53155518 162.88670349 40
v 305.92449951 162.84739685 40
v 306.31497192 162.78852844 40
v 306.70205688 162.71028137 40
v 325.80966187 149.31918335 40
v 320.284729 139.74977112 40
v 320.66210938 139.63337708 40
v 325.53390503 149.60188293 40
v 319.90203857 139.84721375 40
v 326.09912109 149.05058289 40
v 321.03317261 139.49830627 40
v 325.27261353 149.89797974 40
v 319.51498413 139.92546082 40
v 326.40164185 148.79675293 40
v 321.39706421 139.34490967 40
v 325.02639771 150.20672607 40
v 319.1244812 139.98431396 40
v 326.71643066 148.55830383 40
v 321.75286865 139.17356873 40
v 324.79586792 150.52735901 40
v 318.73153687 140.02363586 40
v 327.04272461 148.33584595 40
v 322.09967041 138.98471069 40
v 324.58163452 150.85908508 40
v 318.33712769 140.0433197 40
v 327.37966919 148.12992859 40
v 322.43664551 138.77879333 40
v 324.38415527 151.20108032 40
v 327.72650146 147.94107056 40
v 322.76293945 138.55633545 40
v 324.20401001 151.55249023 40
v 312.0753479 151.55249023 40
v 328.08227539 147.76972961 40
v 323.07772827 138.31788635 40
v 324.04159546 151.91244507 40
v 312.23776245 151.91244507 40
v 328.44619751 147.61633301 40
v 323.38024902 138.0640564 40
v 323.89730835 152.28005981 40
v 312.38204956 152.28005981 40
v 312.5078125 152.65438843 40
v 328.81726074 147.48127747 40
v 323.66970825 137.79545593 40
v 323.77154541 152.65438843 40
v 329.19464111 147.36486816 40
v 323.94546509 137.51275635 40
v 323.6645813 153.03453064 40
v 312.61477661 153.03453064 40
v 329.57733154 147.26742554 40
v 324.20675659 137.21665955 40
v 323.57672119 153.41954041 40
v 312.70263672 153.41954041 40
v 329.96438599 147.18917847 40
v 324.45297241 136.90791321 40
v 323.50814819 153.80844116 40
v 312.77120972 153.80844116 40
v 330.35488892 147.13032532 40
v 324.6835022 136.58728027 40
v 323.45904541 154.20027161 40
v 312.8203125 154.20027161 40
v 312.84985352 154.59407043 40
v 330.74783325 147.09100342 40
v 324.8977356 136.2555542 40
v 323.42953491 154.59407043 40
v 331.14224243 147.07131958 40
v 325.09518433 135.91355896 40
v 323.41967773 154.98886108 40
v 312.85968018 154.98886108 40
v 331.53713989 147.07131958 40
v 325.27536011 135.56214905 40
v 323.42953491 155.38363647 40
v 312.84985352 155.38363647 40
v 331.93154907 147.09100342 40
v 323.45904541 155.7774353 40
v 312.8203125 155.7774353 40
v 332.32449341 147.13032532 40
v 325.43777466 135.20219421 40
v 325.58206177 134.83457947 40
v 323.50814819 156.16926575 40
v 312.77120972 156.16926575 40
v 332.71496582 147.18917847 40
v 323.57672119 156.5581665 40
v 312.70263672 156.5581665 40
v 323.6645813 156.94317627 40
v 312.61477661 156.94317627 40
v 323.77154541 157.32331848 40
v 312.5078125 157.32331848 40
v 323.89730835 157.69766235 40
v 312.38204956 157.69766235 40
v 324.04159546 158.06526184 40
v 312.23776245 158.06526184 40
v 324.20401001 158.42521667 40
v 312.0753479 158.42521667 40
v 324.38415527 158.77662659 40
v 311.89520264 158.77662659 40
v 325.43777466 129.04937744 40
v 325.58206177 129.41699219 40
v 325.70782471 129.7913208 40
v 325.81478882 130.17146301 40
v 325.90264893 130.55647278 40
v 325.97122192 130.94537354 40
v 333.10205078 147.26742554 40
v 326.02032471 131.33720398 40
v 333.48474121 147.36486816 40
v 326.04983521 131.73100281 40
v 333.86209106 147.48127747 40
v 326.05969238 132.1257782 40
v 334.23318481 147.61633301 40
v 326.04983521 132.52056885 40
v 334.59707642 147.76972961 40
v 326.02032471 132.91436768 40
v 325.97122192 133.30619812 40
v 334.95288086 147.94107056 40
v 325.90264893 133.69509888 40
v 335.29968262 148.12992859 40
v 325.81478882 134.08010864 40
v 325.70782471 134.46025085 40
v 324.58163452 159.11862183 40
v 311.69775391 159.11862183 40
v 335.63665771 148.33584595 40
v 324.79586792 159.4503479 40
v 311.48348999 159.4503479 40
v 325.02639771 159.77098083 40
v 311.25296021 159.77098083 40
v 325.27261353 160.07972717 40
v 311.00674438 160.07972717 40
v 325.53390503 160.37582397 40
v 310.74545288 160.37582397 40
v 325.80966187 160.65852356 40
v 310.46972656 160.65852356 40
v 326.09912109 160.92712402 40
v 310.18023682 160.92712402 40
v 335.96292114 148.55830383 40
v 336.27770996 148.79675293 40
v 336.58023071 149.05058289 40
v 336.86972046 149.31918335 40
v 337.14544678 149.60188293 40
v 337.4067688 149.89797974 40
v 326.40164185 161.18095398 40
v 309.87771606 161.18095398 40
v 309.56292725 161.41940308 40
v 337.65298462 150.20672607 40
v 326.71643066 161.41940308 40
v 337.88348389 150.52735901 40
v 327.04272461 161.64186096 40
v 309.23666382 161.64186096 40
v 338.0977478 150.85908508 40
v 327.37966919 161.84777832 40
v 308.89968872 161.84777832 40
v 338.29519653 151.20108032 40
v 327.72650146 162.03663635 40
v 308.55288696 162.03663635 40
v 338.4753418 151.55249023 40
v 328.08227539 162.20797729 40
v 308.19708252 162.20797729 40
v 338.63778687 151.91244507 40
v 328.44619751 162.3613739 40
v 307.83319092 162.3613739 40
v 338.78204346 152.28005981 40
v 338.9078064 152.65438843 40
v 339.01477051 153.03453064 40
v 339.10266113 153.41954041 40
v 339.17123413 153.80844116 40
v 339.22033691 154.20027161 40
v 339.24984741 154.59407043 40
v 339.25967407 154.98886108 40
v 339.24984741 155.38363647 40
v 339.22033691 155.7774353 40
v 339.17123413 156.16926575 40
v 339.10266113 156.5581665 40
v 339.01477051 156.94317627 40
v 338.9078064 157.32331848 40
v 338.78204346 157.69766235 40
v 338.63778687 158.06526184 40
v 338.4753418 158.42521667 40
v 338.29519653 158.77662659 40
v 338.0977478 159.11862183 40
v 337.88348389 159.4503479 40
v 337.65298462 159.77098083 40
v 337.4067688 160.07972717 40
v 337.14544678 160.37582397 40
v 336.86972046 160.65852356 40
v 336.58023071 160.92712402 40
v 336.27770996 161.18095398 40
v 335.96292114 161.41940308 40
v 335.63665771 161.64186096 40
v 335.29968262 161.84777832 40
v 334.95288086 162.03663635 40
v 334.59707642 162.20797729 40
v 334.23318481 162.3613739 40
v 333.86209106 162.4964447 40
v 333.48474121 162.61283875 40
v 333.10205078 162.71028137 40
v 332.71496582 162.78852844 40
v 332.32449341 162.84739685 40
v 331.93154907 162.88670349 40
v 331.53713989 162.90638733 40
v 331.14224243 162.90638733 40
v 330.74783325 162.88670349 40
v 330.35488892 162.84739685 40
v 329.96438599 162.78852844 40
v 329.57733154 162.71028137 40
v 307.08474731 162.61283875 40
v 307.46209717 162.4964447 40
v 329.19464111 162.61283875 40
v 328.81726074 162.4964447 40
v 310.21969604 132.1257782 100
v 310.22952271 131.73100281 100
v 310.2590332 131.33720398 100
v 310.30813599 130.94537354 100
v 310.37670898 130.55647278 100
v 310.46459961 130.17146301 100
v 310.5715332 129.7913208 100
v 310.69732666 129.41699219 100
v 310.84158325 129.04937744 100
v 311.0039978 128.68942261 100
v 311.18417358 128.3380127 100
v 311.38162231 127.99601746 100
v 311.59588623 127.66429138 100
v 311.8263855 127.34365082 100
v 312.07260132 127.03490448 100
v 312.33392334 126.73881531 100
v 312.60964966 126.45612335 100
v 312.8991394 126.18751526 100
v 313.20162964 125.93367767 100
v 313.51641846 125.69523621 100
v 313.8427124 125.47277832 100
v 314.1796875 125.26686096 100
v 314.52648926 125.07800293 100
v 314.8822937 124.90666199 100
v 315.2461853 124.75326538 100
v 315.61727905 124.61820221 100
v 315.99462891 124.50180054 100
v 316.37731934 124.40435791 100
v 316.7644043 124.32611084 100
v 317.15487671 124.26725006 100
v 317.54782104 124.22792816 100
v 317.94223022 124.20824432 100
v 318.33712769 124.20824432 100
v 318.73153687 124.22792816 100
v 319.1244812 124.26725006 100
v 319.51498413 124.32611084 100
v 319.90203857 124.40435791 100
v 320.284729 124.50180054 100
v 320.66210938 124.61820221 100
v 321.03317261 124.75326538 100
v 321.39706421 124.90666199 100
v 321.75286865 125.07800293 100
v 322.09967041 125.26686096 100
v 322.43664551 125.47277832 100
v 322.76293945 125.69523621 100
v 323.07772827 125.93367767 100
v 323.38024902 126.18751526 100
v 323.66970825 126.45612335 100
v 323.94546509 126.73881531 100
v 324.20675659 127.03490448 100
v 324.45297241 127.34365082 100
v 324.6835022 127.66429138 100
v 324.8977356 127.99601746 100
v 325.09518433 128.3380127 100
v 325.27536011 128.68942261 100
v 325.43777466 129.04937744 100
v 325.58206177 129.41699219 100
v 325.70782471 129.7913208 100
v 325.81478882 130.17146301 100
v 325.90264893 130.55647278 100
v 325.97122192 130.94537354 100
v 326.02032471 131.33720398 100
v 326.04983521 131.73100281 100
v 326.05969238 132.1257782 100
v 326.04983521 132.52056885 100
v 326.02032471 132.91436768 100
v 325.97122192 133.30619812 100
v 325.90264893 133.69509888 100
v 325.81478882 134.08010864 100
v 325.70782471 134.46025085 100
v 325.58206177 134.83457947 100
v 325.43777466 135.20219421 100
v 325.27536011 135.56214905 100
v 325.09518433 135.91355896 100
v 324.8977356 136.2555542 100
v 324.6835022 136.58728027 100
v 324.45297241 136.90791321 100
v 324.20675659 137.21665955 100
v 323.94546509 137.51275635 100
v 323.66970825 137.79545593 100
v 323.38024902 138.0640564 100
v 323.07772827 138.31788635 100
v 322.76293945 138.55633545 100
v 322.43664551 138.77879333 100
v 322.09967041 138.98471069 100
v 321.75286865 139.17356873 100
v 321.39706421 139.34490967 100
v 321.03317261 139.49830627 100
v 320.66210938 139.63337708 100
v 320.284729 139.74977112 100
v 319.90203857 139.84721375 100
v 319.51498413 139.92546082 100
v 319.1244812 139.98431396 100
v 318.73153687 140.02363586 100
v 318.33712769 140.0433197 100
v 317.94223022 140.0433197 100
v 317.54782104 140.02363586 100
v 317.15487671 139.98431396 100
v 316.7644043 139.92546082 100
v 316.37731934 139.84721375 100
v 315.99462891 139.74977112 100
v 315.61727905 139.63337708 100
v 315.2461853 139.49830627 100
v 314.8822937 139.34490967 100
v 314.52648926 139.17356873 100
v 314.1796875 138.98471069 100
v 313.8427124 138.77879333 100
v 313.51641846 138.55633545 100
v 313.20162964 138.31788635 100
v 312.8991394 138.0640564 100
v 312.60964966 137.79545593 100
v 312.33392334 137.51275635 100
v 312.07260132 137.21665955 100
v 311.8263855 136.90791321 100
v 311.59588623 136.58728027 100
v 311.38162231 136.2555542 100
v 311.18417358 135.91355896 100
v 311.0039978 135.56214905 100
v 310.84158325 135.20219421 100
v 310.69732666 134.83457947 100
v 310.5715332 134.46025085 100
v 310.46459961 134.08010864 100
v 310.37670898 133.69509888 100
v 310.30813599 133.30619812 100
v 310.2590332 132.91436768 100
v 310.22952271 132.52056885 100
v 323.41967773 154.98886108 100
v 323.42953491 154.59407043 100
v 323.45904541 154.20027161 100
v 323.50814819 153.80844116 100
v 323.57672119 153.41954041 100
v 323.6645813 153.03453064 100
v 323.77154541 152.65438843 100
v 323.89730835 152.28005981 100
v 324.04159546 151.91244507 100
v 324.20401001 151.55249023 100
v 324.38415527 151.20108032 100
v 324.58163452 150.85908508 100
v 324.79586792 150.52735901 100
v 325.02639771 150.20672607 100
v 325.27261353 149.89797974 100
v 325.53390503 149.60188293 100
v 325.80966187 149.31918335 100
v 326.09912109 149.05058289 100
v 326.40164185 148.79675293 100
v 326.71643066 148.55830383 100
v 327.04272461 148.33584595 100
v 327.37966919 148.12992859 100
v 327.72650146 147.94107056 100
v 328.08227539 147.76972961 100
v 328.44619751 147.61633301 100
v 328.81726074 147.48127747 100
v 329.19464111 147.36486816 100
v 329.57733154 147.26742554 100
v 329.96438599 147.18917847 100
v 330.35488892 147.13032532 100
v 330.74783325 147.09100342 100
v 331.14224243 147.07131958 100
v 331.53713989 147.07131958 100
v 331.93154907 147.09100342 100
v 332.32449341 147.13032532 100
v 332.71496582 147.18917847 100
v 333.10205078 147.26742554 100
v 333.48474121 147.36486816 100
v 333.86209106 147.48127747 100
v 334.23318481 147.61633301 100
v 334.59707642 147.76972961 100
v 334.95288086 147.94107056 100
v 335.29968262 148.12992859 100
v 335.63665771 148.33584595 100
v 335.96292114 148.55830383 100
v 336.27770996 148.79675293 100
v 336.58023071 149.05058289 100
v 336.86972046 149.31918335 100
v 337.14544678 149.60188293 100
v 337.4067688 149.89797974 100
v 337.65298462 150.20672607 100
v 337.88348389 150.52735901 100
v 338.0977478 150.85908508 100
v 338.29519653 151.20108032 100
v 338.4753418 151.55249023 100
v 338.63778687 151.91244507 100
v 338.78204346 152.28005981 100
v 338.9078064 152.65438843 100
v 339.01477051 153.03453064 100
v 339.10266113 153.41954041 100
v 339.17123413 153.80844116 100
v 339.22033691 154.20027161 100
v 339.24984741 154.59407043 100
v 339.25967407 154.98886108 100
v 339.24984741 155.38363647 100
v 339.22033691 155.7774353 100
v 339.17123413 156.16926575 100
v 339.10266113 156.5581665 100
v 339.01477051 156.94317627 100
v 338.9078064 157.32331848 100
v 338.78204346 157.69766235 100
v 338.63778687 158.06526184 100
v 338.4753418 158.42521667 100
v 338.29519653 158.77662659 100
v 338.0977478 159.11862183 100
v 337.88348389 159.4503479 100
v 337.65298462 159.77098083 100
v 337.4067688 160.07972717 100
v 337.14544678 160.37582397 100
v 336.86972046 160.65852356 100
v 336.58023071 160.92712402 100
v 336.27770996 161.18095398 100
v 335.96292114 161.41940308 100
v 335.63665771 161.64186096 100
v 335.29968262 161.84777832 100
v 334.95288086 162.03663635 100
v 334.59707642 162.20797729 100
v 334.23318481 162.3613739 100
v 333.86209106 162.4964447 100
v 333.48474121 162.61283875 100
v 333.10205078 162.71028137 100
v 332.71496582 162.78852844 100
v 332.32449341 162.84739685 100
v 331.93154907 162.88670349 100
v 331.53713989 162.90638733 100
v 331.14224243 162.90638733 100
v 330.74783325 162.88670349 100
v 330.35488892 162.84739685 100
v 329.96438599 162.78852844 100
v 329.57733154 162.71028137 100
v 329.19464111 162.61283875 100
v 328.81726074 162.4964447 100
v 328.44619751 162.3613739 100
v 328.08227539 162.20797729 100
v 327.72650146 162.03663635 100
v 327.37966919 161.84777832 100
v 327.04272461 161.64186096 100
v 326.71643066 161.41940308 100
v 326.40164185 161.18095398 100
v 326.09912109 160.92712402 100
v 325.80966187 160.65852356 100
v 325.53390503 160.37582397 100
v 325.27261353 160.07972717 100
v 325.02639771 159.77098083 100
v 324.79586792 159.4503479 100
v 324.58163452 159.11862183 100
v 324.38415527 158.77662659 100
v 324.20401001 158.42521667 100
v 324.04159546 158.06526184 100
v 323.89730835 157.69766235 100
v 323.77154541 157.32331848 100
v 323.6645813 156.94317627 100
v 323.57672119 156.5581665 100
v 323.50814819 156.16926575 100
v 323.45904541 155.7774353 100
v 323.42953491 155.38363647 100
v 297.01968384 154.98886108 100
v 297.02954102 154.59407043 100
v 297.05905151 154.20027161 100
v 297.1081543 153.80844116 100
v 297.17672729 153.41954041 100
v 297.2645874 153.03453064 100
v 297.37155151 152.65438843 100
v 297.49731445 152.28005981 100
v 297.64160156 151.91244507 100
v 297.80401611 151.55249023 100
v 297.98416138 151.20108032 100
v 298.18161011 150.85908508 100
v 298.39587402 150.52735901 100
v 298.62640381 150.20672607 100
v 298.87261963 149.89797974 100
v 299.13391113 149.60188293 100
v 299.40963745 149.31918335 100
v 299.6991272 149.05058289 100
v 300.00164795 148.79675293 100
v 300.31643677 148.55830383 100
v 300.64273071 148.33584595 100
v 300.97967529 148.12992859 100
v 301.32650757 147.94107056 100
v 301.68228149 147.76972961 100
v 302.0461731 147.61633301 100
v 302.41726685 147.48127747 100
v 302.7946167 147.36486816 100
v 303.17730713 147.26742554 100
v 303.56439209 147.18917847 100
v 303.95489502 147.13032532 100
v 304.34780884 147.09100342 100
v 304.74221802 147.07131958 100
v 305.137146 147.07131958 100
v 305.53155518 147.09100342 100
v 305.92449951 147.13032532 100
v 306.31497192 147.18917847 100
v 306.70205688 147.26742554 100
v 307.08474731 147.36486816 100
v 307.46209717 147.48127747 100
v 307.83319092 147.61633301 100
v 308.19708252 147.76972961 100
v 308.55288696 147.94107056 100
v 308.89968872 148.12992859 100
v 309.23666382 148.33584595 100
v 309.56292725 148.55830383 100
v 309.87771606 148.79675293 100
v 310.18023682 149.05058289 100
v 310.46972656 149.31918335 100
v 310.74545288 149.60188293 100
v 311.00674438 149.89797974 100
v 311.25296021 150.20672607 100
v 311.48348999 150.52735901 100
v 311.69775391 150.85908508 100
v 311.89520264 151.20108032 100
v 312.0753479 151.55249023 100
v 312.23776245 151.91244507 100
v 312.38204956 152.28005981 100
v 312.5078125 152.65438843 100
v 312.61477661 153.03453064 100
v 312.70263672 153.41954041 100
v 312.77120972 153.80844116 100
v 312.8203125 154.20027161 100
v 312.84985352 154.59407043 100
v 312.85968018 154.98886108 100
v 312.84985352 155.38363647 100
v 312.8203125 155.7774353 100
v 312.77120972 156.16926575 100
v 312.70263672 156.5581665 100
v 312.61477661 156.94317627 100
v 312.5078125 157.32331848 100
v 312.38204956 157.69766235 100
v 312.23776245 158.06526184 100
v 312.0753479 158.42521667 100
v 311.89520264 158.77662659 100
v 311.69775391 159.11862183 100
v 311.48348999 159.4503479 100
v 311.25296021 159.77098083 100
v 311.00674438 160.07972717 100
v 310.74545288 160.37582397 100
v 310.46972656 160.65852356 100
v 310.18023682 160.92712402 100
v 309.87771606 161.18095398 100
v 309.56292725 161.41940308 100
v 309.23666382 161.64186096 100
v 308.89968872 161.84777832 100
v 308.55288696 162.03663635 100
v 308.19708252 162.20797729 100
v 307.83319092 162.3613739 100
v 307.46209717 162.4964447 100
v 307.08474731 162.61283875 100
v 306.70205688 162.71028137 100
v 306.31497192 162.78852844 100
v 305.92449951 162.84739685 100
v 305.53155518 162.88670349 100
v 305.137146 162.90638733 100
v 304.74221802 162.90638733 100
v 304.34780884 162.88670349 100
v 303.95489502 162.84739685 100
v 303.56439209 162.78852844 100
v 303.17730713 162.71028137 100
v 302.7946167 162.61283875 100
v 302.41726685 162.4964447 100
v 302.0461731 162.3613739 100
v 301.68228149 162.20797729 100
v 301.32650757 162.03663635 100
v 300.97967529 161.84777832 100
v 300.64273071 161.64186096 100
v 300.31643677 161.41940308 100
v 300.00164795 161.18095398 100
v 299.6991272 160.92712402 100
v 299.40963745 160.65852356 100
v 299.13391113 160.37582397 100
v 298.87261963 160.07972717 100
v 298.62640381 159.77098083 100
v 298.39587402 159.4503479 100
v 298.18161011 159.11862183 100
v 297.98416138 158.77662659 100
v 297.80401611 158.42521667 100
v 297.64160156 158.06526184 100
v 297.49731445 157.69766235 100
v 297.37155151 157.32331848 100
v 297.2645874 156.94317627 100
v 297.17672729 156.5581665 100
v 297.1081543 156.16926575 100
v 297.05905151 155.7774353 100
v 297.02954102 155.38363647 100
v 44.96099472 109.94146729 50
v 24.7062645 108.38313293 50
v 24.56276894 108.19926453 50
v 24.84056664 108.57382965 50
v 45.38330078 109.53939819 50
v 24.41042328 108.02265167 50
v 44.55892181 110.36377716 50
v 24.9653492 108.77088165 50
v 45.8248291 109.15853882 50
v 24.24959373 107.85372925 50
v 44.17805862 110.80530548 50
v 25.08031273 108.97382355 50
v 25.18518066 109.18215942 50
v 46.28451538 108.79979706 50
v 24.08067131 107.69290161 50
v 23.90406036 107.54055023 50
v 43.81931686 111.26499176 50
v 25.27969933 109.39538574 50
v 46.76124954 108.46404266 50
v 23.72018623 107.39705658 50
v 43.48356247 111.74172211 50
v 25.36363983 109.61299896 50
v 25.43680382 109.83446503 50
v 47.25388336 108.15208435 50
v 23.52949333 107.26275635 50
v 43.17160797 112.23435974 50
v 25.49901199 110.05925751 50
v 47.76123047 107.86467743 50
v 23.33243942 107.13796997 50
v 42.88419724 112.74170685 50
v 25.55011368 110.28682709 50
v 25.58999062 110.51663971 50
v 48.28207016 107.60250854 50
v 23.12949944 107.02301025 50
v 22.92116547 106.91814423 50
v 42.62202835 113.26254272 50
v 25.61853981 110.74812317 50
v 48.81514359 107.36621094 50
v 22.70793533 106.82362366 50
v 42.38573456 113.79562378 50
v 25.63569832 110.98072815 50
v 25.64142227 111.21389771 50
v 49.35917282 107.15635681 50
v 22.49032402 106.73968506 50
v 42.17588043 114.33964539 50
v 49.9128418 106.97344971 50
v 22.26885605 106.66651917 50
v 41.99297333 114.89331818 50
v 50.47481918 106.8179245 50
v 22.04406548 106.60430908 50
v 41.83745193 115.45529175 50
v 51.04375076 106.69017029 50
v 21.81649208 106.5532074 50
v 41.70969391 116.02422333 50
v 51.61826324 106.59048462 50
v 21.58668709 106.51333618 50
v 41.61000443 116.59873962 50
v 41.53862762 117.17745972 50
v 41.49573135 117.75897217 50
v 41.48142242 118.34189606 50
v 25.64142227 125.46990204 50
v 41.49573135 118.92481995 50
v 41.53862762 119.50634003 50
v 41.61000443 120.08506012 50
v 41.70969391 120.65956879 50
v 41.83745193 121.22850037 50
v 41.99297333 121.79048157 50
v 42.17588043 122.34415436 50
v 42.38573456 122.88817596 50
v 25.63569832 125.70307159 50
v 25.61853981 125.93567657 50
v 42.62202835 123.42125702 50
v 25.58999062 126.16716003 50
v 42.88419724 123.9420929 50
v 25.55011368 126.39696503 50
v 25.49901199 126.62454224 50
v 43.17160797 124.44944 50
v 25.43680382 126.84933472 50
v 43.48356247 124.94207001 50
v 25.36363983 127.07080078 50
v 25.27969933 127.288414 50
v 43.81931686 125.41880798 50
v 25.18518066 127.50164032 50
v 44.17805862 125.87849426 50
v 25.08031273 127.7099762 50
v 24.9653492 127.91291809 50
v 44.55892181 126.32002258 50
v 24.84056664 128.10997009 50
v 44.96099472 126.74232483 50
v 24.7062645 128.30065918 50
v 24.56276894 128.48454285 50
v 45.38330078 127.14440155 50
v 24.41042328 128.66114807 50
v 45.8248291 127.52526093 50
v 24.24959373 128.83007812 50
v 46.28451538 127.88400269 50
v 24.08067131 128.99090576 50
v 23.90406036 129.14324951 50
v 46.76124954 128.21975708 50
v 53.36142349 130.22189331 50
v 20.88942337 130.22189331 50
v 21.12259293 130.21617126 50
v 52.7784996 130.20759583 50
v 21.35519981 130.19902039 50
v 21.58668709 130.17047119 50
v 21.81649208 130.13058472 50
v 52.19697952 130.16468811 50
v 22.04406548 130.07948303 50
v 22.26885605 130.01727295 50
v 51.61826324 130.09332275 50
v 22.49032402 129.94412231 50
v 22.70793533 129.86016846 50
v 51.04375076 129.99362183 50
v 22.92116547 129.76565552 50
v 23.12949944 129.66078186 50
v 23.33243942 129.54582214 50
v 50.47481918 129.86587524 50
v 23.52949333 129.42103577 50
v 23.72018623 129.28674316 50
v 49.9128418 129.71035767 50
v 49.35916901 129.5274353 50
v 48.81514359 129.31758118 50
v 48.28206635 129.08129883 50
v 47.76123047 128.81912231 50
v 47.25388336 128.53170776 50
v 20.88942337 106.4618988 50
v 53.36142349 106.4618988 50
v 21.12259293 106.46762085 50
v 52.7784996 106.47621155 50
v 21.35519981 106.48477936 50
v 52.19697952 106.519104 50
v 21.12259293 106.46762085 100
v 20.88942337 106.4618988 100
v 21.35519981 106.48477936 100
v 21.58668709 106.51333618 100
v 21.81649208 106.5532074 100
v 22.04406548 106.60430908 100
v 22.26885605 106.66651917 100
v 22.49032402 106.73968506 100
v 22.70793533 106.82362366 100
v 22.92116547 106.91814423 100
v 23.12949944 107.02301025 100
v 23.33243942 107.13796997 100
v 23.52949333 107.26275635 100
v 23.72018623 107.39705658 100
v 23.90406036 107.54055023 100
v 24.08067131 107.69290161 100
v 24.24959373 107.85372925 100
v 24.41042328 108.02265167 100
v 24.56276894 108.19926453 100
v 24.7062645 108.38313293 100
v 24.84056664 108.57382965 100
v 24.9653492 108.77088165 100
v 25.08031273 108.97382355 100
v 25.18518066 109.18215942 100
v 25.27969933 109.39538574 100
v 25.36363983 109.61299896 100
v 25.43680382 109.83446503 100
v 25.49901199 110.05925751 100
v 25.55011368 110.28682709 100
v 25.58999062 110.51663971 100
v 25.61853981 110.74812317 100
v 25.63569832 110.98072815 100
v 25.64142227 111.21389771 100
v 25.64142227 125.46990204 100
v 25.63569832 125.70307159 100
v 25.61853981 125.93567657 100
v 25.58999062 126.16716003 100
v 25.55011368 126.39696503 100
v 25.49901199 126.62454224 100
v 25.43680382 126.84933472 100
v 25.36363983 127.07080078 100
v 25.27969933 127.288414 100
v 25.18518066 127.50164032 100
v 25.08031273 127.7099762 100
v 24.9653492 127.91291809 100
v 24.84056664 128.10997009 100
v 24.7062645 128.30065918 100
v 24.56276894 128.48454285 100
v 24.41042328 128.66114807 100
v 24.24959373 128.83007812 100
v 24.08067131 128.99090576 100
v 23.90406036 129.14324951 100
v 23.72018623 129.28674316 100
v 23.52949333 129.42103577 100
v 23.33243942 129.54582214 100
v 23.12949944 129.66078186 100
v 22.92116547 129.76565552 100
v 22.70793533 129.86016846 100
v 22.49032402 129.94412231 100
v 22.26885605 130.01727295 100
v 22.04406548 130.07948303 100
v 21.81649208 130.13058472 100
v 21.58668709 130.17047119 100
v 21.35519981 130.19902039 100
v 21.12259293 130.21617126 100
v 20.88942337 130.22189331 100
v 1.881423 111.21389771 100
v 1.881423 125.46990204 0
v 1.881423 111.21389771 0
v 1.881423 125.46990204 100
v 6.4002533 130.21617126 100
v 6.63342285 130.22189331 0
v 6.4002533 130.21617126 0
v 6.63342285 130.22189331 100
v 6.16764545 130.19902039 100
v 6.16764545 130.19902039 0
v 5.93615961 130.17047119 0
v 5.93615961 130.17047119 100
v 5.70635366 130.13058472 100
v 5.70635366 130.13058472 0
v 5.47878122 130.07948303 100
v 5.47878122 130.07948303 0
v 5.25399017 130.01727295 100
v 5.25399017 130.01727295 0
v 5.0325222 129.94412231 100
v 5.0325222 129.94412231 0
v 4.81491137 129.86016846 100
v 4.81491137 129.86016846 0
v 4.60168123 129.76565552 0
v 4.60168123 129.76565552 100
v 4.39334583 129.66078186 100
v 4.39334583 129.66078186 0
v 4.1904068 129.54582214 0
v 4.1904068 129.54582214 100
v 3.99335313 129.42103577 0
v 3.99335313 129.42103577 100
v 3.80265975 129.28674316 100
v 3.80265975 129.28674316 0
v 3.6187861 129.14324951 0
v 3.6187861 129.14324951 100
v 3.44217467 128.99090576 0
v 3.44217467 128.99090576 100
v 3.27325153 128.83007812 100
v 3.27325153 128.83007812 0
v 3.11242318 128.66114807 100
v 3.11242318 128.66114807 0
v 2.96007729 128.48454285 100
v 2.96007729 128.48454285 0
v 2.81658077 128.30065918 0
v 2.81658077 128.30065918 100
v 2.68227935 128.10997009 100
v 2.68227935 128.10997009 0
v 2.55749655 127.91291809 100
v 2.55749655 127.91291809 0
v 2.44253302 127.7099762 100
v 2.44253302 127.7099762 0
v 2.3376658 127.50164032 0
v 2.3376658 127.50164032 100
v 2.24314737 127.288414 100
v 2.24314737 127.288414 0
v 2.15920544 127.07080078 100
v 2.15920544 127.07080078 0
v 2.0860424 126.84933472 100
v 2.0860424 126.84933472 0
v 2.02383447 126.62454224 100
v 2.02383447 126.62454224 0
v 1.97273123 126.39696503 100
v 1.97273123 126.39696503 0
v 1.9328562 126.16716003 0
v 1.9328562 126.16716003 100
v 1.9043051 125.93567657 100
v 1.9043051 125.93567657 0
v 1.88714695 125.70307159 100
v 1.88714695 125.70307159 0
v 53.36142349 130.22189331 0
v 6.63342285 106.4618988 0
v 53.36142349 106.4618988 0
v 6.63342285 106.4618988 100
v 1.88714695 110.98072815 100
v 1.88714695 110.98072815 0
v 1.9043051 110.74812317 100
v 1.9043051 110.74812317 0
v 1.9328562 110.51663971 0
v 1.9328562 110.51663971 100
v 1.97273123 110.28682709 100
v 1.97273123 110.28682709 0
v 2.02383447 110.05925751 100
v 2.02383447 110.05925751 0
v 2.0860424 109.83446503 100
v 2.0860424 109.83446503 0
v 2.15920544 109.61299896 100
v 2.15920544 109.61299896 0
v 2.24314737 109.39538574 100
v 2.24314737 109.39538574 0
v 2.3376658 109.18215942 0
v 2.3376658 109.18215942 100
v 2.44253302 108.97382355 100
v 2.44253302 108.97382355 0
v 2.55749655 108.77088165 0
v 2.55749655 108.77088165 100
v 2.68227935 108.57382965 0
v 2.68227935 108.57382965 100
v 2.81658077 108.38313293 100
v 2.81658077 108.38313293 0
v 2.96007729 108.19926453 0
v 2.96007729 108.19926453 100
v 3.11242318 108.02265167 0
v 3.11242318 108.02265167 100
v 3.27325153 107.85372925 100
v 3.27325153 107.85372925 0
v 3.44217467 107.69290161 100
v 3.44217467 107.69290161 0
v 3.6187861 107.54055023 100
v 3.6187861 107.54055023 0
v 3.80265975 107.39705658 0
v 3.80265975 107.39705658 100
v 3.99335313 107.26275635 100
v 3.99335313 107.26275635 0
v 4.1904068 107.13796997 100
v 4.1904068 107.13796997 0
v 4.39334583 107.02301025 100
v 4.39334583 107.02301025 0
v 4.60168123 106.91814423 0
v 4.60168123 106.91814423 100
v 4.81491137 106.82362366 100
v 4.81491137 106.82362366 0
v 5.0325222 106.73968506 100
v 5.0325222 106.73968506 0
v 5.25399017 106.66651917 100
v 5.25399017 106.66651917 0
v 5.47878122 106.60430908 100
v 5.47878122 106.60430908 0
v 5.70635366 106.5532074 100
v 5.70635366 106.5532074 0
v 5.93615961 106.51333618 0
v 5.93615961 106.51333618 100
v 6.16764545 106.48477936 100
v 6.16764545 106.48477936 0
v 6.4002533 106.46762085 100
v 6.4002533 106.46762085 0
v 41.48142242 118.34189606 100
v 41.49618912 117.74973297 100
v 41.54045868 117.15903473 100
v 41.61411285 116.5712738 100
v 41.71697235 115.98792267 100
v 41.8487854 115.41042328 100
v 42.00921631 114.84020996 100
v 42.19787598 114.27870178 100
v 42.41428375 113.72729492 100
v 42.65791321 113.18736267 100
v 42.92815018 112.66024017 100
v 43.22432709 112.14724731 100
v 43.5457077 111.6496582 100
v 43.89148712 111.16870117 100
v 44.26081467 110.70558167 100
v 44.65276718 110.26144409 100
v 45.0663681 109.83740234 100
v 45.50059509 109.43450165 100
v 45.95436478 109.05374146 100
v 46.426548 108.69607544 100
v 46.91597366 108.36238861 100
v 47.42142105 108.0535202 100
v 47.94163895 107.77022552 100
v 48.47533035 107.51320648 100
v 49.02117157 107.2831192 100
v 49.57780075 107.08052063 100
v 50.14383698 106.90592194 100
v 50.71787262 106.759758 100
v 51.29848099 106.64237976 100
v 51.88422012 106.55410004 100
v 52.473629 106.49511719 100
v 53.95359039 106.47666931 0
v 53.06524658 106.46559143 100
v 53.6576004 106.46559143 100
v 54.24921799 106.49511719 100
v 54.54428864 106.52093506 0
v 54.83862686 106.55410004 100
v 55.13204575 106.59458923 0
v 55.42436218 106.64237976 100
v 55.7154007 106.69744873 0
v 56.00497055 106.759758 100
v 56.29290009 106.82926178 0
v 56.5790062 106.90592194 100
v 56.8631134 106.98969269 0
v 57.14504623 107.08052063 100
v 57.42462158 107.17835236 0
v 57.70167542 107.2831192 100
v 57.97602844 107.39476013 0
v 58.24751282 107.51320648 100
v 58.51596069 107.63838959 0
v 58.78120422 107.77022552 100
v 59.04307938 107.90863037 0
v 59.30142212 108.0535202 100
v 59.55607224 108.20480347 0
v 59.80687332 108.36238861 100
v 60.05366516 108.52618408 0
v 60.29629898 108.69607544 100
v 60.53461838 108.8719635 0
v 60.76848221 109.05374146 100
v 60.9977417 109.24129486 0
v 61.22225189 109.43450165 100
v 61.44187546 109.63323975 0
v 61.65647507 109.83740234 100
v 61.86592102 110.04684448 0
v 62.0700798 110.26144409 100
v 62.26882553 110.48107147 0
v 62.46203232 110.70558167 100
v 62.64958191 110.93483734 0
v 62.83135605 111.16870117 100
v 63.00724792 111.4070282 0
v 63.17713928 111.6496582 100
v 63.34093094 111.89645386 0
v 63.4985199 112.14724731 100
v 63.64980316 112.40190125 0
v 63.79469681 112.66024017 100
v 63.93310165 112.92211914 0
v 64.06493378 113.18736267 100
v 64.19010925 113.45581055 0
v 64.30856323 113.72729492 100
v 64.42020416 114.00164795 0
v 64.52497101 114.27870178 100
v 64.62280273 114.55828094 0
v 64.71363068 114.84020996 100
v 64.79740143 115.12431335 0
v 64.87406158 115.41042328 100
v 64.94356537 115.698349 0
v 65.00587463 115.98792267 100
v 65.06093597 116.27896118 0
v 65.10873413 116.5712738 100
v 65.14922333 116.86470032 0
v 65.18238831 117.15903473 100
v 65.20820618 117.45410919 0
v 65.22665405 117.74973297 100
v 65.23773193 118.04572296 0
v 65.24142456 118.34189606 100
v 65.23773193 118.63807678 0
v 65.22665405 118.93406677 100
v 65.20820618 119.22969055 0
v 65.18238831 119.52476501 100
v 65.14922333 119.81909943 0
v 65.10873413 120.11251831 100
v 65.06093597 120.40483856 0
v 65.00587463 120.69587708 100
v 64.94356537 120.98545074 0
v 64.87406158 121.27337646 100
v 64.79740143 121.55948639 0
v 64.71363068 121.84358978 100
v 64.62280273 122.1255188 0
v 64.52497101 122.40509796 100
v 64.42020416 122.68215179 0
v 64.30856323 122.95650482 100
v 64.19010925 123.2279892 0
v 64.06493378 123.49643707 100
v 63.93310165 123.7616806 0
v 63.79469681 124.02355957 100
v 63.64980316 124.2818985 0
v 63.4985199 124.53655243 100
v 63.34093094 124.78734589 0
v 63.17713928 125.03414154 100
v 63.00724792 125.27677155 0
v 62.83135605 125.51509857 100
v 62.64958191 125.7489624 0
v 62.46203232 125.97821808 100
v 62.26882172 126.20272827 0
v 62.0700798 126.42234802 100
v 61.86592102 126.63695526 0
v 61.65647507 126.8463974 100
v 61.44187546 127.05056 0
v 61.22225189 127.2492981 100
v 60.99773788 127.44250488 0
v 60.76848221 127.63005829 100
v 60.53461838 127.81183624 0
v 60.29629898 127.9877243 100
v 60.05366516 128.15762329 0
v 59.80687332 128.32141113 100
v 59.55607224 128.47898865 0
v 59.30142212 128.63027954 100
v 59.04307938 128.775177 0
v 58.78120422 128.91357422 100
v 58.51596069 129.04541016 0
v 58.24751282 129.17059326 100
v 57.97602844 129.28903198 0
v 57.70167542 129.40068054 100
v 57.42462158 129.50544739 0
v 57.14504623 129.60327148 100
v 56.8631134 129.69410706 0
v 56.5790062 129.77787781 100
v 56.29290009 129.85453796 0
v 56.00497055 129.92404175 100
v 55.71539688 129.98634338 0
v 55.42436218 130.04141235 100
v 55.13204575 130.08920288 0
v 54.83862686 130.12969971 100
v 54.54428864 130.16287231 0
v 54.24921799 130.18867493 100
v 53.95359039 130.20713806 0
v 53.6576004 130.21820068 100
v 53.06524658 130.21820068 100
v 52.473629 130.18867493 100
v 51.88422012 130.12969971 100
v 51.29848099 130.04141235 100
v 50.71787262 129.92404175 100
v 50.14383698 129.77787781 100
v 49.57780075 129.60327148 100
v 49.02117157 129.40068054 100
v 48.47533035 129.17059326 100
v 47.94163895 128.91357422 100
v 47.42142105 128.63027954 100
v 46.91597366 128.32141113 100
v 46.426548 127.9877243 100
v 45.95436478 127.63005829 100
v 45.50059509 127.2492981 100
v 45.0663681 126.8463974 100
v 44.65276718 126.42234802 100
v 44.26081467 125.97821808 100
v 43.89148712 125.51509857 100
v 43.5457077 125.03414154 100
v 43.22432709 124.53655243 100
v 42.92815018 124.02355957 100
v 42.65791321 123.49643707 100
v 42.41428375 122.95650482 100
v 42.19787598 122.40509796 100
v 42.00921631 121.84358978 100
v 41.8487854 121.27337646 100
v 41.71697235 120.69587708 100
v 41.61411285 120.11251831 100
v 41.54045868 119.52476501 100
v 41.49618912 118.93406677 100
v 128.6822052 -86.18031311 75
v 112.28520203 -86.18031311 75
v 112.18084717 -86.27966309 75
v 128.58285522 -86.07596588 75
v 112.38454437 -86.07596588 75
v 128.78656006 -86.27966309 75
v 112.07174683 -86.37377167 75
v 128.48875427 -85.96686554 75
v 112.47866058 -85.96686554 75
v 112.56729889 -85.85327911 75
v 128.8956604 -86.37377167 75
v 128.40010071 -85.85327911 75
v 129.00924683 -86.4624176 75
v 111.9581604 -86.4624176 75
v 111.84036255 -86.54537964 75
v 129.12704468 -86.54537964 75
v 111.71863556 -86.62245941 75
v 128.31713867 -85.73548126 75
v 112.65026093 -85.73548126 75
v 128.24006653 -85.61375427 75
v 112.72734833 -85.61375427 75
v 129.2487793 -86.62245941 75
v 128.16905212 -85.48838806 75
v 112.79836273 -85.48838806 75
v 129.37413025 -86.69348145 75
v 111.59327698 -86.69348145 75
v 111.46457672 -86.75826263 75
v 128.10426331 -85.35969543 75
v 112.86314392 -85.35969543 75
v 129.50283813 -86.75826263 75
v 111.33285522 -86.81665039 75
v 128.04588318 -85.22797394 75
v 112.92153168 -85.22797394 75
v 129.634552 -86.81665039 75
v 111.19843292 -86.86849976 75
v 127.99402618 -85.09354401 75
v 112.97338867 -85.09354401 75
v 129.76898193 -86.86849976 75
v 111.06162262 -86.91369629 75
v 127.94882965 -84.9567337 75
v 113.01858521 -84.9567337 75
v 113.05700684 -84.81787872 75
v 129.90579224 -86.91369629 75
v 110.92276001 -86.95212555 75
v 127.91040039 -84.81787872 75
v 130.04464722 -86.95212555 75
v 127.87882996 -84.67729187 75
v 113.08857727 -84.67729187 75
v 130.18522644 -86.98369598 75
v 110.78218079 -86.98369598 75
v 127.85419464 -84.53533173 75
v 113.11321259 -84.53533173 75
v 130.32719421 -87.00832367 75
v 110.64022064 -87.00832367 75
v 110.4972229 -87.02596283 75
v 127.83656311 -84.39233398 75
v 113.13085175 -84.39233398 75
v 130.47018433 -87.02596283 75
v 127.82596588 -84.2486496 75
v 113.14144897 -84.2486496 75
v 113.14498138 -84.10460663 75
v 127.82242584 -84.10460663 75
v 113.14498138 -65.51318359 75
v 127.82242584 -65.51318359 75
v 127.82596588 -65.36914062 75
v 113.14144897 -65.36914062 75
v 113.13085175 -65.22545624 75
v 127.83656311 -65.22545624 75
v 127.85419464 -65.0824585 75
v 113.11321259 -65.0824585 75
v 127.87882996 -64.94049835 75
v 113.08857727 -64.94049835 75
v 127.91040039 -64.79991913 75
v 113.05700684 -64.79991913 75
v 127.94882965 -64.66105652 75
v 113.01858521 -64.66105652 75
v 127.99402618 -64.52424622 75
v 112.97338867 -64.52424622 75
v 112.92153168 -64.38981628 75
v 128.04588318 -64.38981628 75
v 128.10426331 -64.25809479 75
v 112.86314392 -64.25809479 75
v 112.79836273 -64.12940216 75
v 128.16905212 -64.12940216 75
v 112.72734833 -64.00403595 75
v 128.24006653 -64.00403595 75
v 128.31713867 -63.88231277 75
v 112.65026093 -63.88231277 75
v 128.40010071 -63.76451492 75
v 112.56729889 -63.76451492 75
v 128.48875427 -63.6509285 75
v 112.47866058 -63.6509285 75
v 128.58285522 -63.54182816 75
v 112.38454437 -63.54182816 75
v 128.6822052 -63.43747711 75
v 112.28520203 -63.43747711 75
v 128.78656006 -63.33812714 75
v 112.18084717 -63.33812714 75
v 112.07174683 -63.24401855 75
v 128.8956604 -63.24401855 75
v 129.00924683 -63.15537643 75
v 111.9581604 -63.15537643 75
v 130.75791931 -62.57769394 75
v 110.20949554 -62.57769394 75
v 130.61387634 -62.58123016 75
v 110.35353088 -62.58123016 75
v 130.47018433 -62.59182739 75
v 110.4972229 -62.59182739 75
v 130.32719421 -62.60946655 75
v 110.64022064 -62.60946655 75
v 130.18522644 -62.63409805 75
v 110.78218079 -62.63409805 75
v 130.04464722 -62.66566467 75
v 110.92276001 -62.66566467 75
v 111.06162262 -62.70409393 75
v 129.90579224 -62.70409393 75
v 129.76898193 -62.74929047 75
v 111.19843292 -62.74929047 75
v 129.634552 -62.80114365 75
v 111.33285522 -62.80114365 75
v 129.50283813 -62.8595314 75
v 111.46457672 -62.8595314 75
v 111.59327698 -62.92431259 75
v 129.37413025 -62.92431259 75
v 111.71863556 -62.99533081 75
v 129.2487793 -62.99533081 75
v 129.12704468 -63.07241058 75
v 111.84036255 -63.07241058 75
v 110.20949554 -87.0401001 75
v 130.75791931 -87.0401001 75
v 130.61387634 -87.03656006 75
v 110.35353088 -87.03656006 75
v 110.35353088 -87.03656006 150
v 110.20949554 -87.0401001 150
v 110.4972229 -87.02596283 150
v 110.64022064 -87.00832367 150
v 110.78218079 -86.98369598 150
v 110.92276001 -86.95212555 150
v 111.06162262 -86.91369629 150
v 111.19843292 -86.86849976 150
v 111.33285522 -86.81665039 150
v 111.46457672 -86.75826263 150
v 111.59327698 -86.69348145 150
v 111.71863556 -86.62245941 150
v 111.84036255 -86.54537964 150
v 111.9581604 -86.4624176 150
v 112.07174683 -86.37377167 150
v 112.18084717 -86.27966309 150
v 112.28520203 -86.18031311 150
v 112.38454437 -86.07596588 150
v 112.47866058 -85.96686554 150
v 112.56729889 -85.85327911 150
v 112.65026093 -85.73548126 150
v 112.72734833 -85.61375427 150
v 112.79836273 -85.48838806 150
v 112.86314392 -85.35969543 150
v 112.92153168 -85.22797394 150
v 112.97338867 -85.09354401 150
v 113.01858521 -84.9567337 150
v 113.05700684 -84.81787872 150
v 113.08857727 -84.67729187 150
v 113.11321259 -84.53533173 150
v 113.13085175 -84.39233398 150
v 113.14144897 -84.2486496 150
v 113.14498138 -84.10460663 150
v 113.14498138 -65.51318359 150
v 113.14144897 -65.36914062 150
v 113.13085175 -65.22545624 150
v 113.11321259 -65.0824585 150
v 113.08857727 -64.94049835 150
v 113.05700684 -64.79991913 150
v 113.01858521 -64.66105652 150
v 112.97338867 -64.52424622 150
v 112.92153168 -64.38981628 150
v 112.86314392 -64.25809479 150
v 112.79836273 -64.12940216 150
v 112.72734833 -64.00403595 150
v 112.65026093 -63.88231277 150
v 112.56729889 -63.76451492 150
v 112.47866058 -63.6509285 150
v 112.38454437 -63.54182816 150
v 112.28520203 -63.43747711 150
v 112.18084717 -63.33812714 150
v 112.07174683 -63.24401855 150
v 111.9581604 -63.15537643 150
v 111.84036255 -63.07241058 150
v 111.71863556 -62.99533081 150
v 111.59327698 -62.92431259 150
v 111.46457672 -62.8595314 150
v 111.33285522 -62.80114365 150
v 111.19843292 -62.74929047 150
v 111.06162262 -62.70409393 150
v 110.92276001 -62.66566467 150
v 110.78218079 -62.63409805 150
v 110.64022064 -62.60946655 150
v 110.4972229 -62.59182739 150
v 110.35353088 -62.58123016 150
v 110.20949554 -62.57769394 150
v 88.68611145 -84.2486496 150
v 88.68257904 -84.10460663 0
v 88.68611145 -84.2486496 0
v 88.68257904 -84.10460663 150
v 88.69671631 -84.39233398 150
v 88.69671631 -84.39233398 0
v 88.71434784 -84.53533173 150
v 88.71434784 -84.53533173 0
v 88.73898315 -84.67729187 150
v 88.73898315 -84.67729187 0
v 88.77055359 -84.81787872 150
v 88.77055359 -84.81787872 0
v 88.80898285 -84.9567337 0
v 88.80898285 -84.9567337 150
v 88.85417175 -85.09354401 0
v 88.85417175 -85.09354401 150
v 88.90602875 -85.22797394 150
v 88.90602875 -85.22797394 0
v 88.9644165 -85.35969543 0
v 88.9644165 -85.35969543 150
v 89.02919769 -85.48838806 150
v 89.02919769 -85.48838806 0
v 89.1002121 -85.61375427 150
v 89.1002121 -85.61375427 0
v 89.1772995 -85.73548126 150
v 89.1772995 -85.73548126 0
v 89.26026154 -85.85327911 150
v 89.26026154 -85.85327911 0
v 89.34889984 -85.96686554 150
v 89.34889984 -85.96686554 0
v 89.44301605 -86.07596588 150
v 89.44301605 -86.07596588 0
v 89.54236603 -86.18031311 150
v 89.54236603 -86.18031311 0
v 89.64671326 -86.27966309 0
v 89.64671326 -86.27966309 150
v 89.7558136 -86.37377167 150
v 89.7558136 -86.37377167 0
v 89.86940002 -86.4624176 150
v 89.86940002 -86.4624176 0
v 89.98719788 -86.54537964 0
v 89.98719788 -86.54537964 150
v 90.10892487 -86.62245941 150
v 90.10892487 -86.62245941 0
v 90.23428345 -86.69348145 0
v 90.23428345 -86.69348145 150
v 90.3629837 -86.75826263 150
v 90.3629837 -86.75826263 0
v 90.4947052 -86.81665039 150
v 90.4947052 -86.81665039 0
v 90.6291275 -86.86849976 150
v 90.6291275 -86.86849976 0
v 90.76593781 -86.91369629 150
v 90.76593781 -86.91369629 0
v 90.90480042 -86.95212555 150
v 90.90480042 -86.95212555 0
v 91.04537964 -86.98369598 0
v 91.04537964 -86.98369598 150
v 91.18733978 -87.00832367 0
v 91.18733978 -87.00832367 150
v 91.33033752 -87.02596283 150
v 91.33033752 -87.02596283 0
v 91.47402954 -87.03656006 0
v 91.47402954 -87.03656006 150
v 91.61806488 -87.0401001 150
v 91.61806488 -87.0401001 0
v 88.68257904 -65.51318359 150
v 88.68257904 -65.51318359 0
v 91.47402954 -62.58123016 150
v 91.61806488 -62.57769394 0
v 91.47402954 -62.58123016 0
v 91.61806488 -62.57769394 150
v 91.33033752 -62.59182739 150
v 91.33033752 -62.59182739 0
v 91.18733978 -62.60946655 150
v 91.18733978 -62.60946655 0
v 91.04537964 -62.63409805 150
v 91.04537964 -62.63409805 0
v 90.90480042 -62.66566467 150
v 90.90480042 -62.66566467 0
v 90.76593781 -62.70409393 0
v 90.76593781 -62.70409393 150
v 90.6291275 -62.74929047 0
v 90.6291275 -62.74929047 150
v 90.4947052 -62.80114365 150
v 90.4947052 -62.80114365 0
v 90.3629837 -62.8595314 0
v 90.3629837 -62.8595314 150
v 90.23428345 -62.92431259 150
v 90.23428345 -62.92431259 0
v 90.10892487 -62.99533081 150
v 90.10892487 -62.99533081 0
v 89.98719788 -63.07241058 150
v 89.98719788 -63.07241058 0
v 89.86940002 -63.15537643 150
v 89.86940002 -63.15537643 0
v 89.7558136 -63.24401855 150
v 89.7558136 -63.24401855 0
v 89.64671326 -63.33812714 150
v 89.64671326 -63.33812714 0
v 89.54236603 -63.43747711 150
v 89.54236603 -63.43747711 0
v 89.44301605 -63.54182816 0
v 89.44301605 -63.54182816 150
v 89.34889984 -63.6509285 150
v 89.34889984 -63.6509285 0
v 89.26026154 -63.76451492 150
v 89.26026154 -63.76451492 0
v 89.1772995 -63.88231277 0
v 89.1772995 -63.88231277 150
v 89.1002121 -64.00403595 150
v 89.1002121 -64.00403595 0
v 89.02919769 -64.12940216 0
v 89.02919769 -64.12940216 150
v 88.9644165 -64.25809479 150
v 88.9644165 -64.25809479 0
v 88.90602875 -64.38981628 150
v 88.90602875 -64.38981628 0
v 88.85417175 -64.52424622 150
v 88.85417175 -64.52424622 0
v 88.80898285 -64.66105652 150
v 88.80898285 -64.66105652 0
v 88.77055359 -64.79991913 150
v 88.77055359 -64.79991913 0
v 88.73898315 -64.94049835 0
v 88.73898315 -64.94049835 150
v 88.71434784 -65.0824585 0
v 88.71434784 -65.0824585 150
v 88.69671631 -65.22545624 150
v 88.69671631 -65.22545624 0
v 88.68611145 -65.36914062 0
v 88.68611145 -65.36914062 150
v 130.61387634 -62.58123016 150
v 130.75791931 -62.57769394 150
v 130.47018433 -62.59182739 150
v 130.32719421 -62.60946655 150
v 130.18522644 -62.63409805 150
v 130.04464722 -62.66566467 150
v 129.90579224 -62.70409393 150
v 129.76898193 -62.74929047 150
v 129.634552 -62.80114365 150
v 129.50283813 -62.8595314 150
v 129.37413025 -62.92431259 150
v 129.2487793 -62.99533081 150
v 129.12704468 -63.07241058 150
v 129.00924683 -63.15537643 150
v 128.8956604 -63.24401855 150
v 128.78656006 -63.33812714 150
v 128.6822052 -63.43747711 150
v 128.58285522 -63.54182816 150
v 128.48875427 -63.6509285 150
v 128.40010071 -63.76451492 150
v 128.31713867 -63.88231277 150
v 128.24006653 -64.00403595 150
v 128.16905212 -64.12940216 150
v 128.10426331 -64.25809479 150
v 128.04588318 -64.38981628 150
v 127.99402618 -64.52424622 150
v 127.94882965 -64.66105652 150
v 127.91040039 -64.79991913 150
v 127.87882996 -64.94049835 150
v 127.85419464 -65.0824585 150
v 127.83656311 -65.22545624 150
v 127.82596588 -65.36914062 150
v 127.82242584 -65.51318359 150
v 127.82242584 -84.10460663 150
v 127.82596588 -84.2486496 150
v 127.83656311 -84.39233398 150
v 127.85419464 -84.53533173 150
v 127.87882996 -84.67729187 150
v 127.91040039 -84.81787872 150
v 127.94882965 -84.9567337 150
v 127.99402618 -85.09354401 150
v 128.04588318 -85.22797394 150
v 128.10426331 -85.35969543 150
v 128.16905212 -85.48838806 150
v 128.24006653 -85.61375427 150
v 128.31713867 -85.73548126 150
v 128.40010071 -85.85327911 150
v 128.48875427 -85.96686554 150
v 128.58285522 -86.07596588 150
v 128.6822052 -86.18031311 150
v 128.78656006 -86.27966309 150
v 128.8956604 -86.37377167 150
v 129.00924683 -86.4624176 150
v 129.12704468 -86.54537964 150
v 129.2487793 -86.62245941 150
v 129.37413025 -86.69348145 150
v 129.50283813 -86.75826263 150
v 129.634552 -86.81665039 150
v 129.76898193 -86.86849976 150
v 129.90579224 -86.91369629 150
v 130.04464722 -86.95212555 150
v 130.18522644 -86.98369598 150
v 130.32719421 -87.00832367 150
v 130.47018433 -87.02596283 150
v 130.61387634 -87.03656006 150
v 130.75791931 -87.0401001 150
v 149.34934998 -62.57769394 0
v 149.34934998 -62.57769394 150
v 152.28129578 -65.36914062 150
v 152.28483582 -65.51318359 0
v 152.28129578 -65.36914062 0
v 152.28483582 -65.51318359 150
v 152.27069092 -65.22545624 150
v 152.27069092 -65.22545624 0
v 152.25305176 -65.0824585 150
v 152.25305176 -65.0824585 0
v 152.22842407 -64.94049835 150
v 152.22842407 -64.94049835 0
v 152.19685364 -64.79991913 150
v 152.19685364 -64.79991913 0
v 152.15843201 -64.66105652 0
v 152.15843201 -64.66105652 150
v 152.11323547 -64.52424622 0
v 152.11323547 -64.52424622 150
v 152.06138611 -64.38981628 150
v 152.06138611 -64.38981628 0
v 152.00299072 -64.25809479 0
v 152.00299072 -64.25809479 150
v 151.93821716 -64.12940216 150
v 151.93821716 -64.12940216 0
v 151.86720276 -64.00403595 150
v 151.86720276 -64.00403595 0
v 151.79011536 -63.88231277 150
v 151.79011536 -63.88231277 0
v 151.70715332 -63.76451492 150
v 151.70715332 -63.76451492 0
v 151.61849976 -63.6509285 150
v 151.61849976 -63.6509285 0
v 151.5243988 -63.54182816 150
v 151.5243988 -63.54182816 0
v 151.42504883 -63.43747711 150
v 151.42504883 -63.43747711 0
v 151.32069397 -63.33812714 0
v 151.32069397 -63.33812714 150
v 151.21159363 -63.24401855 150
v 151.21159363 -63.24401855 0
v 151.0980072 -63.15537643 150
v 151.0980072 -63.15537643 0
v 150.98020935 -63.07241058 0
v 150.98020935 -63.07241058 150
v 150.85848999 -62.99533081 150
v 150.85848999 -62.99533081 0
v 150.73312378 -62.92431259 0
v 150.73312378 -62.92431259 150
v 150.60443115 -62.8595314 150
v 150.60443115 -62.8595314 0
v 150.47270203 -62.80114365 150
v 150.47270203 -62.80114365 0
v 150.33827209 -62.74929047 150
v 150.33827209 -62.74929047 0
v 150.20147705 -62.70409393 150
v 150.20147705 -62.70409393 0
v 150.06260681 -62.66566467 150
v 150.06260681 -62.66566467 0
v 149.92202759 -62.63409805 0
v 149.92202759 -62.63409805 150
v 149.78007507 -62.60946655 0
v 149.78007507 -62.60946655 150
v 149.6370697 -62.59182739 150
v 149.6370697 -62.59182739 0
v 149.49337769 -62.58123016 0
v 149.49337769 -62.58123016 150
v 152.28483582 -84.10460663 150
v 152.28483582 -84.10460663 0
v 149.49337769 -87.03656006 150
v 149.34934998 -87.0401001 0
v 149.49337769 -87.03656006 0
v 149.34934998 -87.0401001 150
v 149.6370697 -87.02596283 150
v 149.6370697 -87.02596283 0
v 149.78007507 -87.00832367 150
v 149.78007507 -87.00832367 0
v 149.92202759 -86.98369598 150
v 149.92202759 -86.98369598 0
v 150.06260681 -86.95212555 150
v 150.06260681 -86.95212555 0
v 150.20147705 -86.91369629 0
v 150.20147705 -86.91369629 150
v 150.33827209 -86.86849976 0
v 150.33827209 -86.86849976 150
v 150.47270203 -86.81665039 150
v 150.47270203 -86.81665039 0
v 150.60443115 -86.75826263 0
v 150.60443115 -86.75826263 150
v 150.73312378 -86.69348145 150
v 150.73312378 -86.69348145 0
v 150.85848999 -86.62245941 150
v 150.85848999 -86.62245941 0
v 150.98020935 -86.54537964 150
v 150.98020935 -86.54537964 0
v 151.0980072 -86.4624176 150
v 151.0980072 -86.4624176 0
v 151.21159363 -86.37377167 150
v 151.21159363 -86.37377167 0
v 151.32069397 -86.27966309 150
v 151.32069397 -86.27966309 0
v 151.42504883 -86.18031311 150
v 151.42504883 -86.18031311 0
v 151.5243988 -86.07596588 0
v 151.5243988 -86.07596588 150
v 151.61849976 -85.96686554 150
v 151.61849976 -85.96686554 0
v 151.70715332 -85.85327911 150
v 151.70715332 -85.85327911 0
v 151.79011536 -85.73548126 0
v 151.79011536 -85.73548126 150
v 151.86720276 -85.61375427 150
v 151.86720276 -85.61375427 0
v 151.93821716 -85.48838806 0
v 151.93821716 -85.48838806 150
v 152.00299072 -85.35969543 150
v 152.00299072 -85.35969543 0
v 152.06138611 -85.22797394 150
v 152.06138611 -85.22797394 0
v 152.11323547 -85.09354401 150
v 152.11323547 -85.09354401 0
v 152.15843201 -84.9567337 150
v 152.15843201 -84.9567337 0
v 152.19685364 -84.81787872 150
v 152.19685364 -84.81787872 0
v 152.22842407 -84.67729187 0
v 152.22842407 -84.67729187 150
v 152.25305176 -84.53533173 0
v 152.25305176 -84.53533173 150
v 152.27069092 -84.39233398 150
v 152.27069092 -84.39233398 0
v 152.28129578 -84.2486496 0
v 152.28129578 -84.2486496 150
v 3.965101 -241.66087341 0
v 3.965101 -241.66087341 150
v 3.95280004 -241.12080383 0
v 3.95280004 -241.12080383 150
v 4.00199223 -242.20043945 0
v 4.00199223 -242.20043945 150
v 4.06344032 -242.73901367 0
v 4.06344032 -242.73901367 150
v 4.14938831 -243.27609253 0
v 4.14938831 -243.27609253 150
v 4.25975657 -243.81118774 0
v 4.25975657 -243.81118774 150
v 4.39444351 -244.34379578 0
v 4.39444351 -244.34379578 150
v 4.55332565 -244.87342834 0
v 4.55332565 -244.87342834 150
v 4.73625565 -245.39961243 0
v 4.73625565 -245.39961243 150
v 4.94306517 -245.92184448 0
v 4.94306517 -245.92184448 150
v 5.173563 -246.43965149 0
v 5.173563 -246.43965149 150
v 5.42753792 -246.95256042 0
v 5.42753792 -246.95256042 150
v 5.70475435 -247.46008301 0
v 5.70475435 -247.46008301 150
v 6.0049572 -247.96177673 0
v 6.0049572 -247.96177673 150
v 6.32786989 -248.45713806 0
v 6.67319441 -248.945755 0
v 6.32786989 -248.45713806 150
v 6.67319441 -248.945755 150
v 7.04061222 -249.42715454 0
v 7.04061222 -249.42715454 150
v 7.42978525 -249.90087891 0
v 7.42978525 -249.90087891 150
v 7.84035397 -250.36653137 0
v 7.84035397 -250.36653137 150
v 8.27193928 -250.82363892 0
v 8.27193928 -250.82363892 150
v 8.72414494 -251.27180481 0
v 8.72414494 -251.27180481 150
v 9.19655228 -251.71061707 0
v 9.68872738 -252.1396637 0
v 9.19655228 -251.71061707 150
v 9.68872738 -252.1396637 150
v 10.20021439 -252.55854797 0
v 10.20021439 -252.55854797 150
v 10.73054314 -252.96687317 0
v 10.73054314 -252.96687317 150
v 11.2792244 -253.36428833 0
v 11.2792244 -253.36428833 150
v 11.84575176 -253.75041199 0
v 12.42960358 -254.12489319 0
v 11.84575176 -253.75041199 150
v 12.42960358 -254.12489319 150
v 13.2340889 -254.60549927 0
v 13.2340889 -254.60549927 150
v 14.17315769 -255.1197052 0
v 14.17315769 -255.1197052 150
v 15.1463747 -255.60487366 0
v 15.1463747 -255.60487366 150
v 16.15172005 -256.05999756 0
v 16.15172005 -256.05999756 150
v 17.18710709 -256.48413086 0
v 17.18710709 -256.48413086 150
v 18.25039101 -256.87640381 0
v 18.25039101 -256.87640381 150
v 19.3393631 -257.23599243 0
v 19.3393631 -257.23599243 150
v 20.45176697 -257.56213379 0
v 20.45176697 -257.56213379 150
v 21.58529282 -257.85418701 0
v 21.58529282 -257.85418701 150
v 22.73759079 -258.11151123 0
v 22.73759079 -258.11151123 150
v 23.90626907 -258.33361816 0
v 23.90626907 -258.33361816 150
v 25.08890343 -258.51998901 0
v 25.08890343 -258.51998901 150
v 26.283041 -258.67028809 0
v 26.283041 -258.67028809 150
v 27.48620605 -258.78414917 0
v 27.48620605 -258.78414917 150
v 28.69590187 -258.86138916 0
v 28.69590187 -258.86138916 150
v 29.90961647 -258.90182495 0
v 29.90961647 -258.90182495 150
v 31.12483597 -258.90539551 0
v 31.12483597 -258.90539551 150
v 32.33903503 -258.87203979 0
v 32.33903503 -258.87203979 150
v 33.54970169 -258.80187988 0
v 33.54970169 -258.80187988 150
v 34.75431824 -258.69503784 0
v 34.75431824 -258.69503784 150
v 35.95038605 -258.55175781 0
v 35.95038605 -258.55175781 150
v 37.13542938 -258.37228394 0
v 37.13542938 -258.37228394 150
v 38.30698395 -258.15704346 0
v 38.30698395 -258.15704346 150
v 39.4626236 -257.90646362 0
v 39.4626236 -257.90646362 150
v 40.59994507 -257.62106323 0
v 40.59994507 -257.62106323 150
v 41.71659851 -257.30142212 0
v 41.71659851 -257.30142212 150
v 42.81026077 -256.94821167 0
v 43.87866211 -256.56216431 0
v 42.81026077 -256.94821167 150
v 43.87866211 -256.56216431 150
v 44.91959 -256.144104 0
v 44.91959 -256.144104 150
v 45.93088531 -255.69488525 0
v 45.93088531 -255.69488525 150
v 46.91044617 -255.21540833 0
v 46.91044617 -255.21540833 150
v 47.85624313 -254.70671082 0
v 47.85624313 -254.70671082 150
v 48.76631546 -254.16983032 0
v 48.76631546 -254.16983032 150
v 49.63877487 -253.60586548 0
v 49.63877487 -253.60586548 150
v 50.47180939 -253.01602173 0
v 50.47180939 -253.01602173 150
v 51.26369095 -252.40148926 0
v 51.26369095 -252.40148926 150
v 52.01277924 -251.7635498 0
v 52.01277924 -251.7635498 150
v 52.71751785 -251.10354614 0
v 52.71751785 -251.10354614 150
v 53.37644577 -250.42282104 0
v 53.37644577 -250.42282104 150
v 53.92918015 -249.79364014 0
v 53.92918015 -249.79364014 150
v 54.39320374 -249.21488953 0
v 54.39320374 -249.21488953 150
v 54.82488251 -248.62510681 150
v 54.82488251 -248.62510681 0
v 55.22363663 -248.02511597 150
v 55.22363663 -248.02511597 0
v 55.58892441 -247.41572571 0
v 55.58892441 -247.41572571 150
v 55.92024231 -246.79777527 150
v 55.92024231 -246.79777527 0
v 56.21714401 -246.17208862 0
v 56.21714401 -246.17208862 150
v 56.45459366 -245.60307312 150
v 56.45459366 -245.60307312 0
v 56.64396667 -245.0867157 0
v 56.64396667 -245.0867157 150
v 56.81010818 -244.56681824 150
v 56.81010818 -244.56681824 0
v 56.95287704 -244.0438385 0
v 56.95287704 -244.0438385 150
v 57.07213974 -243.51824951 150
v 57.07213974 -243.51824951 0
v 57.16778946 -242.99052429 0
v 57.16778946 -242.99052429 150
v 57.23974609 -242.46112061 0
v 57.23974609 -242.46112061 150
v 57.28794098 -241.93052673 0
v 57.28794098 -241.93052673 150
v 57.31233215 -241.3992157 150
v 57.31233215 -241.3992157 0
v 57.31289673 -240.86764526 0
v 57.31289673 -240.86764526 150
v 57.28963852 -240.33630371 150
v 57.28963852 -240.33630371 0
v 57.24257278 -239.80566406 0
v 57.24257278 -239.80566406 150
v 57.1717453 -239.27619934 150
v 57.1717453 -239.27619934 0
v 57.0772171 -238.74836731 0
v 57.0772171 -238.74836731 150
v 56.95907593 -238.22267151 150
v 56.95907593 -238.22267151 0
v 56.81742096 -237.69955444 0
v 56.81742096 -237.69955444 150
v 56.65238571 -237.17950439 150
v 56.65238571 -237.17950439 0
v 56.46411514 -236.66296387 0
v 56.46411514 -236.66296387 150
v 56.25277328 -236.15040588 150
v 56.25277328 -236.15040588 0
v 56.01855469 -235.64228821 0
v 56.01855469 -235.64228821 150
v 55.76166534 -235.1390686 150
v 55.76166534 -235.1390686 0
v 55.48233795 -234.64118958 0
v 55.48233795 -234.64118958 150
v 55.18081665 -234.14909363 150
v 55.18081665 -234.14909363 0
v 54.8573761 -233.66322327 150
v 54.8573761 -233.66322327 0
v 54.5123024 -233.18400574 150
v 54.5123024 -233.18400574 0
v 53.75850677 -232.24728394 0
v 54.14590073 -232.71188354 150
v 54.14590073 -232.71188354 0
v 53.75850677 -232.24728394 150
v 53.35045624 -231.79058838 0
v 53.35045624 -231.79058838 150
v 52.92212296 -231.34223938 0
v 52.92212296 -231.34223938 150
v 52.47388077 -230.90261841 0
v 52.47388077 -230.90261841 150
v 52.00613785 -230.47212219 0
v 52.00613785 -230.47212219 150
v 51.51930618 -230.0511322 0
v 51.51930618 -230.0511322 150
v 51.01382446 -229.64002991 0
v 51.01382446 -229.64002991 150
v 50.49014282 -229.23918152 150
v 50.49014282 -229.23918152 0
v 49.94872665 -228.84895325 0
v 49.94872665 -228.84895325 150
v 49.39006042 -228.46966553 0
v 49.39006042 -228.46966553 150
v 48.61920929 -227.9815979 0
v 48.61920929 -227.9815979 150
v 47.71792984 -227.45748901 0
v 47.71792984 -227.45748901 150
v 46.78232956 -226.96084595 0
v 46.78232956 -226.96084595 150
v 45.81428146 -226.49263 0
v 45.81428146 -226.49263 150
v 44.81573486 -226.05381775 0
v 44.81573486 -226.05381775 150
v 43.78869629 -225.64527893 0
v 43.78869629 -225.64527893 150
v 42.73522568 -225.26783752 0
v 42.73522568 -225.26783752 150
v 41.65744019 -224.92224121 0
v 41.65744019 -224.92224121 150
v 40.55751038 -224.60919189 0
v 40.55751038 -224.60919189 150
v 39.43764114 -224.32931519 0
v 39.43764114 -224.32931519 150
v 38.30008316 -224.08317566 150
v 38.30008316 -224.08317566 0
v 37.14712143 -223.87127686 150
v 37.14712143 -223.87127686 0
v 35.98107529 -223.69403076 150
v 35.98107529 -223.69403076 0
v 34.80428696 -223.55178833 150
v 34.80428696 -223.55178833 0
v 33.61911774 -223.44485474 150
v 33.61911774 -223.44485474 0
v 32.42795563 -223.3734436 0
v 32.42795563 -223.3734436 150
v 31.23318481 -223.337677 150
v 31.23318481 -223.337677 0
v 30.03721237 -223.33764648 150
v 30.03721237 -223.33764648 0
v 28.84243965 -223.37335205 0
v 28.84243965 -223.37335205 150
v 27.65126801 -223.44471741 0
v 27.65126801 -223.44471741 150
v 26.46608734 -223.55158997 150
v 26.46608734 -223.55158997 0
v 25.28928375 -223.6937561 150
v 25.28928375 -223.6937561 0
v 24.12321663 -223.87094116 150
v 24.12321663 -223.87094116 0
v 22.97023392 -224.08279419 0
v 22.97023392 -224.08279419 150
v 21.83264732 -224.32887268 150
v 21.83264732 -224.32887268 0
v 20.71274567 -224.60868835 150
v 20.71274567 -224.60868835 0
v 19.61277962 -224.92169189 0
v 19.61277962 -224.92169189 150
v 18.53495598 -225.26722717 150
v 18.53495598 -225.26722717 0
v 17.48144341 -225.6446228 0
v 17.48144341 -225.6446228 150
v 16.45435715 -226.05311584 150
v 16.45435715 -226.05311584 0
v 15.45576191 -226.49188232 0
v 15.45576191 -226.49188232 150
v 14.48766232 -226.96003723 0
v 14.48766232 -226.96003723 150
v 13.55200481 -227.45664978 0
v 13.55200481 -227.45664978 150
v 12.6506691 -227.98069763 0
v 12.6506691 -227.98069763 150
v 11.78546619 -228.53117371 0
v 11.78546619 -228.53117371 150
v 10.9581337 -229.10693359 0
v 10.9581337 -229.10693359 150
v 10.17033482 -229.70681763 0
v 10.17033482 -229.70681763 150
v 9.42365265 -230.32965088 0
v 9.42365265 -230.32965088 150
v 8.71958637 -230.97416687 0
v 8.71958637 -230.97416687 150
v 8.05955124 -231.6390686 0
v 7.50426435 -232.25379944 0
v 8.05955124 -231.6390686 150
v 7.50426435 -232.25379944 150
v 7.03666735 -232.81942749 150
v 7.03666735 -232.81942749 0
v 6.6001792 -233.39601135 150
v 6.6001792 -233.39601135 0
v 6.19537544 -233.98275757 0
v 6.19537544 -233.98275757 150
v 5.82279015 -234.57893372 0
v 5.82279015 -234.57893372 150
v 5.48291397 -235.18373108 0
v 5.48291397 -235.18373108 150
v 5.17619514 -235.79634094 0
v 5.17619514 -235.79634094 150
v 4.9030385 -236.41598511 0
v 4.9030385 -236.41598511 150
v 4.68619108 -236.97898865 0
v 4.68619108 -236.97898865 150
v 4.51471329 -237.48948669 0
v 4.51471329 -237.48948669 150
v 4.36582851 -238.00312805 0
v 4.36582851 -238.00312805 150
v 4.23966551 -238.51947021 0
v 4.23966551 -238.51947021 150
v 4.13633299 -239.03805542 0
v 4.13633299 -239.03805542 150
v 4.0559206 -239.55844116 0
v 4.0559206 -239.55844116 150
v 3.9984982 -240.08018494 0
v 3.9984982 -240.08018494 150
v 3.96422696 -240.6002655 0
v 3.96422696 -240.6002655 150
v 634.20300293 -167.85118103 150
v 634.20013428 -167.73571777 0
v 634.20300293 -167.85118103 0
v 634.21160889 -167.96636963 0
v 634.20013428 -167.73571777 150
v 634.21160889 -167.96636963 150
v 634.22601318 -168.08097839 150
v 634.22601318 -168.08097839 0
v 634.24603271 -168.19473267 150
v 634.24603271 -168.19473267 0
v 634.27172852 -168.30734253 150
v 634.27172852 -168.30734253 0
v 634.30303955 -168.41853333 150
v 634.30303955 -168.41853333 0
v 634.33984375 -168.5280304 150
v 634.33984375 -168.5280304 0
v 634.38201904 -168.63555908 0
v 634.38201904 -168.63555908 150
v 634.42950439 -168.74084473 150
v 634.42950439 -168.74084473 0
v 634.48223877 -168.84362793 0
v 634.48223877 -168.84362793 150
v 634.53997803 -168.94366455 0
v 634.53997803 -168.94366455 150
v 634.60266113 -169.04069519 0
v 634.60266113 -169.04069519 150
v 634.67010498 -169.13449097 150
v 634.67010498 -169.13449097 0
v 634.74206543 -169.22479248 150
v 634.74206543 -169.22479248 0
v 634.81854248 -169.31140137 150
v 634.81854248 -169.31140137 0
v 634.89916992 -169.39408875 150
v 634.89916992 -169.39408875 0
v 634.98382568 -169.47265625 150
v 634.98382568 -169.47265625 0
v 635.07232666 -169.54690552 150
v 635.07232666 -169.54690552 0
v 635.16442871 -169.61665344 0
v 635.16442871 -169.61665344 150
v 635.25982666 -169.68171692 150
v 635.25982666 -169.68171692 0
v 635.35839844 -169.74194336 150
v 635.35839844 -169.74194336 0
v 634.20013428 -153.42228699 0
v 634.20013428 -153.42228699 150
v 635.25982666 -151.47628784 150
v 635.35839844 -151.4160614 0
v 635.25982666 -151.47628784 0
v 635.35839844 -151.4160614 150
v 635.16442871 -151.54135132 150
v 635.16442871 -151.54135132 0
v 635.07232666 -151.61109924 150
v 635.07232666 -151.61109924 0
v 634.98382568 -151.68534851 150
v 634.98382568 -151.68534851 0
v 634.89916992 -151.76391602 150
v 634.89916992 -151.76391602 0
v 634.81854248 -151.84660339 150
v 634.81854248 -151.84660339 0
v 634.74206543 -151.93321228 150
v 634.74206543 -151.93321228 0
v 634.67010498 -152.02351379 150
v 634.67010498 -152.02351379 0
v 634.60266113 -152.11730957 0
v 634.60266113 -152.11730957 150
v 634.53997803 -152.21434021 150
v 634.53997803 -152.21434021 0
v 634.48223877 -152.31436157 150
v 634.48223877 -152.31436157 0
v 634.42950439 -152.41716003 150
v 634.42950439 -152.41716003 0
v 634.38201904 -152.52244568 150
v 634.38201904 -152.52244568 0
v 634.33984375 -152.62995911 150
v 634.33984375 -152.62995911 0
v 634.30303955 -152.73945618 150
v 634.30303955 -152.73945618 0
v 634.27172852 -152.85064697 150
v 634.27172852 -152.85064697 0
v 634.24603271 -152.96325684 150
v 634.24603271 -152.96325684 0
v 634.22601318 -153.07701111 0
v 634.22601318 -153.07701111 150
v 634.21160889 -153.19163513 150
v 634.21160889 -153.19163513 0
v 634.20300293 -153.30682373 0
v 634.20300293 -153.30682373 150
v 647.75421143 -144.25933838 150
v 647.75421143 -144.25933838 0
v 650.07080078 -144.25933838 150
v 650.07080078 -144.25933838 0
v 649.96936035 -144.20410156 0
v 649.96936035 -144.20410156 150
v 649.86529541 -144.1539917 0
v 649.86529541 -144.1539917 150
v 649.7588501 -144.1091156 150
v 649.7588501 -144.1091156 0
v 649.65032959 -144.0696106 150
v 649.65032959 -144.0696106 0
v 649.53991699 -144.03556824 0
v 649.53991699 -144.03556824 150
v 649.42797852 -144.00706482 150
v 649.42797852 -144.00706482 0
v 649.3147583 -143.98417664 150
v 649.3147583 -143.98417664 0
v 649.20056152 -143.96696472 150
v 649.20056152 -143.96696472 0
v 649.08563232 -143.95545959 0
v 649.08563232 -143.95545959 150
v 648.97027588 -143.94969177 150
v 648.97027588 -143.94969177 0
v 648.85473633 -143.94969177 150
v 648.85473633 -143.94969177 0
v 648.73937988 -143.95545959 0
v 648.73937988 -143.95545959 150
v 648.62445068 -143.96696472 150
v 648.62445068 -143.96696472 0
v 648.51025391 -143.98417664 150
v 648.51025391 -143.98417664 0
v 648.39703369 -144.00706482 150
v 648.39703369 -144.00706482 0
v 648.28509521 -144.03556824 150
v 648.28509521 -144.03556824 0
v 648.17468262 -144.0696106 150
v 648.17468262 -144.0696106 0
v 648.06616211 -144.1091156 150
v 648.06616211 -144.1091156 0
v 647.9597168 -144.1539917 150
v 647.9597168 -144.1539917 0
v 647.85565186 -144.20410156 150
v 647.85565186 -144.20410156 0
v 662.46661377 -151.4160614 150
v 662.46661377 -151.4160614 0
v 663.62200928 -153.30682373 150
v 663.62487793 -153.42228699 0
v 663.62200928 -153.30682373 0
v 663.62487793 -153.42228699 150
v 663.61340332 -153.19163513 150
v 663.61340332 -153.19163513 0
v 663.59899902 -153.07701111 150
v 663.59899902 -153.07701111 0
v 663.57897949 -152.96325684 150
v 663.57897949 -152.96325684 0
v 663.55322266 -152.85064697 150
v 663.55322266 -152.85064697 0
v 663.52197266 -152.73945618 0
v 663.52197266 -152.73945618 150
v 663.48516846 -152.62995911 150
v 663.48516846 -152.62995911 0
v 663.44299316 -152.52244568 0
v 663.44299316 -152.52244568 150
v 663.39544678 -152.41716003 150
v 663.39544678 -152.41716003 0
v 663.34277344 -152.31436157 150
v 663.34277344 -152.31436157 0
v 663.28503418 -152.21434021 0
v 663.28503418 -152.21434021 150
v 663.22235107 -152.11730957 150
v 663.22235107 -152.11730957 0
v 663.15490723 -152.02351379 0
v 663.15490723 -152.02351379 150
v 663.08288574 -151.93321228 150
v 663.08288574 -151.93321228 0
v 663.00646973 -151.84660339 150
v 663.00646973 -151.84660339 0
v 662.92584229 -151.76391602 150
v 662.92584229 -151.76391602 0
v 662.84112549 -151.68534851 150
v 662.84112549 -151.68534851 0
v 662.75268555 -151.61109924 0
v 662.75268555 -151.61109924 150
v 662.6605835 -151.54135132 150
v 662.6605835 -151.54135132 0
v 662.56512451 -151.47628784 150
v 662.56512451 -151.47628784 0
v 663.62487793 -167.73571777 0
v 663.62487793 -167.73571777 150
v 662.56512451 -169.68171692 150
v 662.46661377 -169.74194336 0
v 662.56512451 -169.68171692 0
v 662.46661377 -169.74194336 150
v 662.6605835 -169.61665344 150
v 662.6605835 -169.61665344 0
v 662.75268555 -169.54690552 150
v 662.75268555 -169.54690552 0
v 662.84112549 -169.47265625 150
v 662.84112549 -169.47265625 0
v 662.92584229 -169.39408875 150
v 662.92584229 -169.39408875 0
v 663.00646973 -169.31140137 150
v 663.00646973 -169.31140137 0
v 663.08288574 -169.22479248 150
v 663.08288574 -169.22479248 0
v 663.15490723 -169.13449097 150
v 663.15490723 -169.13449097 0
v 663.22235107 -169.04069519 0
v 663.22235107 -169.04069519 150
v 663.28503418 -168.94366455 150
v 663.28503418 -168.94366455 0
v 663.34277344 -168.84362793 150
v 663.34277344 -168.84362793 0
v 663.39544678 -168.74084473 150
v 663.39544678 -168.74084473 0
v 663.44299316 -168.63555908 150
v 663.44299316 -168.63555908 0
v 663.48516846 -168.5280304 150
v 663.48516846 -168.5280304 0
v 663.52197266 -168.41853333 150
v 663.52197266 -168.41853333 0
v 663.55322266 -168.30734253 150
v 663.55322266 -168.30734253 0
v 663.57897949 -168.19473267 150
v 663.57897949 -168.19473267 0
v 663.59899902 -168.08097839 0
v 663.59899902 -168.08097839 150
v 663.61340332 -167.96636963 150
v 663.61340332 -167.96636963 0
v 663.62200928 -167.85118103 0
v 663.62200928 -167.85118103 150
v 650.07080078 -176.89865112 150
v 650.07080078 -176.89865112 0
v 647.85565186 -176.9539032 150
v 647.75421143 -176.89865112 0
v 647.85565186 -176.9539032 0
v 647.75421143 -176.89865112 150
v 647.9597168 -177.00401306 150
v 647.9597168 -177.00401306 0
v 648.06616211 -177.04888916 0
v 648.06616211 -177.04888916 150
v 648.17468262 -177.08839417 150
v 648.17468262 -177.08839417 0
v 648.28509521 -177.12243652 0
v 648.28509521 -177.12243652 150
v 648.39703369 -177.15093994 0
v 648.39703369 -177.15093994 150
v 648.51025391 -177.17382812 150
v 648.51025391 -177.17382812 0
v 648.62445068 -177.19104004 150
v 648.62445068 -177.19104004 0
v 648.73937988 -177.20254517 150
v 648.73937988 -177.20254517 0
v 648.85473633 -177.20829773 150
v 648.85473633 -177.20829773 0
v 648.97027588 -177.20829773 150
v 648.97027588 -177.20829773 0
v 649.08563232 -177.20254517 150
v 649.08563232 -177.20254517 0
v 649.20056152 -177.19104004 150
v 649.20056152 -177.19104004 0
v 649.3147583 -177.17382812 150
v 649.3147583 -177.17382812 0
v 649.42797852 -177.15093994 150
v 649.42797852 -177.15093994 0
v 649.53991699 -177.12243652 0
v 649.53991699 -177.12243652 150
v 649.65032959 -177.08839417 150
v 649.65032959 -177.08839417 0
v 649.7588501 -177.04888916 0
v 649.7588501 -177.04888916 150
v 649.86529541 -177.00401306 0
v 649.86529541 -177.00401306 150
v 649.96936035 -176.9539032 150
v 649.96936035 -176.9539032 0
v 372.72000122 -140.96000671 150
v 372.72000122 -140.96000671 0
v 407.27999878 -140.96000671 0
v 407.27999878 -140.96000671 150
v 369.84347534 -138.22131348 150
v 369.83999634 -138.08000183 0
v 369.84347534 -138.22131348 0
v 369.83999634 -138.08000183 150
v 369.85388184 -138.36228943 150
v 369.85388184 -138.36228943 0
v 369.8711853 -138.50257874 150
v 369.8711853 -138.50257874 0
v 369.89532471 -138.64186096 150
v 369.89532471 -138.64186096 0
v 369.92630005 -138.77978516 150
v 369.92630005 -138.77978516 0
v 369.96401978 -138.91601562 0
v 369.96401978 -138.91601562 150
v 370.00836182 -139.05024719 0
v 370.00836182 -139.05024719 150
v 370.05923462 -139.18212891 150
v 370.05923462 -139.18212891 0
v 370.11651611 -139.31135559 0
v 370.11651611 -139.31135559 150
v 370.18005371 -139.43762207 150
v 370.18005371 -139.43762207 0
v 370.24975586 -139.56062317 150
v 370.24975586 -139.56062317 0
v 370.32537842 -139.68003845 150
v 370.32537842 -139.68003845 0
v 370.4067688 -139.79560852 150
v 370.4067688 -139.79560852 0
v 370.4937439 -139.90705872 150
v 370.4937439 -139.90705872 0
v 370.58605957 -140.01408386 150
v 370.58605957 -140.01408386 0
v 370.68353271 -140.11647034 150
v 370.68353271 -140.11647034 0
v 370.78591919 -140.21394348 0
v 370.78591919 -140.21394348 150
v 370.89294434 -140.30627441 150
v 370.89294434 -140.30627441 0
v 371.00439453 -140.39323425 150
v 371.00439453 -140.39323425 0
v 371.1199646 -140.47463989 0
v 371.1199646 -140.47463989 150
v 371.23937988 -140.55026245 150
v 371.23937988 -140.55026245 0
v 371.36236572 -140.61993408 0
v 371.36236572 -140.61993408 150
v 371.48864746 -140.68348694 150
v 371.48864746 -140.68348694 0
v 371.61785889 -140.74076843 150
v 371.61785889 -140.74076843 0
v 371.74975586 -140.79164124 150
v 371.74975586 -140.79164124 0
v 371.88397217 -140.83598328 150
v 371.88397217 -140.83598328 0
v 372.02020264 -140.87368774 150
v 372.02020264 -140.87368774 0
v 372.15814209 -140.90466309 0
v 372.15814209 -140.90466309 150
v 372.29742432 -140.92883301 0
v 372.29742432 -140.92883301 150
v 372.43771362 -140.94613647 150
v 372.43771362 -140.94613647 0
v 372.57867432 -140.95652771 0
v 372.57867432 -140.95652771 150
v 369.83999634 -117.91999817 150
v 369.83999634 -117.91999817 0
v 372.57867432 -115.04347229 150
v 372.72000122 -115.04000092 0
v 372.57867432 -115.04347229 0
v 372.72000122 -115.04000092 150
v 372.43771362 -115.05387115 150
v 372.43771362 -115.05387115 0
v 372.29742432 -115.07117462 150
v 372.29742432 -115.07117462 0
v 372.15814209 -115.09533691 150
v 372.15814209 -115.09533691 0
v 372.02020264 -115.12631226 150
v 372.02020264 -115.12631226 0
v 371.88397217 -115.16400909 0
v 371.88397217 -115.16400909 150
v 371.74975586 -115.20835114 0
v 371.74975586 -115.20835114 150
v 371.61785889 -115.25922394 150
v 371.61785889 -115.25922394 0
v 371.48864746 -115.31651306 0
v 371.48864746 -115.31651306 150
v 371.36236572 -115.38006592 150
v 371.36236572 -115.38006592 0
v 371.23937988 -115.44974518 150
v 371.23937988 -115.44974518 0
v 371.1199646 -115.52536774 150
v 371.1199646 -115.52536774 0
v 371.00439453 -115.60676575 150
v 371.00439453 -115.60676575 0
v 370.89294434 -115.69373322 150
v 370.89294434 -115.69373322 0
v 370.78591919 -115.78606415 150
v 370.78591919 -115.78606415 0
v 370.68353271 -115.88352966 150
v 370.68353271 -115.88352966 0
v 370.58605957 -115.98590851 0
v 370.58605957 -115.98590851 150
v 370.4937439 -116.09294891 150
v 370.4937439 -116.09294891 0
v 370.4067688 -116.20438385 150
v 370.4067688 -116.20438385 0
v 370.32537842 -116.31995392 0
v 370.32537842 -116.31995392 150
v 370.24975586 -116.43938446 150
v 370.24975586 -116.43938446 0
v 370.18005371 -116.56237793 0
v 370.18005371 -116.56237793 150
v 370.11651611 -116.68864441 150
v 370.11651611 -116.68864441 0
v 370.05923462 -116.81787109 150
v 370.05923462 -116.81787109 0
v 370.00836182 -116.94976044 150
v 370.00836182 -116.94976044 0
v 369.96401978 -117.08397675 150
v 369.96401978 -117.08397675 0
v 369.92630005 -117.22021484 150
v 369.92630005 -117.22021484 0
v 369.89532471 -117.35813904 0
v 369.89532471 -117.35813904 150
v 369.8711853 -117.49741364 0
v 369.8711853 -117.49741364 150
v 369.85388184 -117.63771057 150
v 369.85388184 -117.63771057 0
v 369.84347534 -117.77868652 0
v 369.84347534 -117.77868652 150
v 407.27999878 -115.04000092 150
v 407.27999878 -115.04000092 0
v 410.15652466 -117.77868652 150
v 410.16000366 -117.91999817 0
v 410.15652466 -117.77868652 0
v 410.16000366 -117.91999817 150
v 410.14611816 -117.63771057 150
v 410.14611816 -117.63771057 0
v 410.1288147 -117.49741364 150
v 410.1288147 -117.49741364 0
v 410.10467529 -117.35813904 150
v 410.10467529 -117.35813904 0
v 410.07369995 -117.22021484 150
v 410.07369995 -117.22021484 0
v 410.03598022 -117.08397675 0
v 410.03598022 -117.08397675 150
v 409.99163818 -116.94976044 0
v 409.99163818 -116.94976044 150
v 409.94076538 -116.81787109 150
v 409.94076538 -116.81787109 0
v 409.88348389 -116.68864441 0
v 409.88348389 -116.68864441 150
v 409.81994629 -116.56237793 150
v 409.81994629 -116.56237793 0
v 409.75024414 -116.43938446 150
v 409.75024414 -116.43938446 0
v 409.67462158 -116.31995392 150
v 409.67462158 -116.31995392 0
v 409.5932312 -116.20438385 150
v 409.5932312 -116.20438385 0
v 409.5062561 -116.09294891 150
v 409.5062561 -116.09294891 0
v 409.41394043 -115.98590851 150
v 409.41394043 -115.98590851 0
v 409.31646729 -115.88352966 150
v 409.31646729 -115.88352966 0
v 409.21408081 -115.78606415 0
v 409.21408081 -115.78606415 150
v 409.10705566 -115.69373322 150
v 409.10705566 -115.69373322 0
v 408.99560547 -115.60676575 150
v 408.99560547 -115.60676575 0
v 408.8800354 -115.52536774 0
v 408.8800354 -115.52536774 150
v 408.76062012 -115.44974518 150
v 408.76062012 -115.44974518 0
v 408.63763428 -115.38006592 0
v 408.63763428 -115.38006592 150
v 408.51135254 -115.31651306 150
v 408.51135254 -115.31651306 0
v 408.38214111 -115.25922394 150
v 408.38214111 -115.25922394 0
v 408.25024414 -115.20835114 150
v 408.25024414 -115.20835114 0
v 408.11602783 -115.16400909 150
v 408.11602783 -115.16400909 0
v 407.97979736 -115.12631226 150
v 407.97979736 -115.12631226 0
v 407.84185791 -115.09533691 0
v 407.84185791 -115.09533691 150
v 407.70257568 -115.07117462 0
v 407.70257568 -115.07117462 150
v 407.56228638 -115.05387115 150
v 407.56228638 -115.05387115 0
v 407.42132568 -115.04347229 0
v 407.42132568 -115.04347229 150
v 410.16000366 -138.08000183 150
v 410.16000366 -138.08000183 0
v 407.42132568 -140.95652771 150
v 407.42132568 -140.95652771 0
v 407.56228638 -140.94613647 150
v 407.56228638 -140.94613647 0
v 407.70257568 -140.92883301 150
v 407.70257568 -140.92883301 0
v 407.84185791 -140.90466309 150
v 407.84185791 -140.90466309 0
v 407.97979736 -140.87368774 150
v 407.97979736 -140.87368774 0
v 408.11602783 -140.83598328 0
v 408.11602783 -140.83598328 150
v 408.25024414 -140.79164124 0
v 408.25024414 -140.79164124 150
v 408.38214111 -140.74076843 150
v 408.38214111 -140.74076843 0
v 408.51135254 -140.68348694 0
v 408.51135254 -140.68348694 150
v 408.63763428 -140.61993408 150
v 408.63763428 -140.61993408 0
v 408.76062012 -140.55026245 150
v 408.76062012 -140.55026245 0
v 408.8800354 -140.47463989 150
v 408.8800354 -140.47463989 0
v 408.99560547 -140.39323425 150
v 408.99560547 -140.39323425 0
v 409.10705566 -140.30627441 150
v 409.10705566 -140.30627441 0
v 409.21408081 -140.21394348 150
v 409.21408081 -140.21394348 0
v 409.31646729 -140.11647034 150
v 409.31646729 -140.11647034 0
v 409.41394043 -140.01408386 0
v 409.41394043 -140.01408386 150
v 409.5062561 -139.90705872 150
v 409.5062561 -139.90705872 0
v 409.5932312 -139.79560852 150
v 409.5932312 -139.79560852 0
v 409.67462158 -139.68003845 0
v 409.67462158 -139.68003845 150
v 409.75024414 -139.56062317 150
v 409.75024414 -139.56062317 0
v 409.81994629 -139.43762207 0
v 409.81994629 -139.43762207 150
v 409.88348389 -139.31135559 150
v 409.88348389 -139.31135559 0
v 409.94076538 -139.18212891 150
v 409.94076538 -139.18212891 0
v 409.99163818 -139.05024719 150
v 409.99163818 -139.05024719 0
v 410.03598022 -138.91601562 150
v 410.03598022 -138.91601562 0
v 410.07369995 -138.77978516 150
v 410.07369995 -138.77978516 0
v 410.10467529 -138.64186096 0
v 410.10467529 -138.64186096 150
v 410.1288147 -138.50257874 0
v 410.1288147 -138.50257874 150
v 410.14611816 -138.36228943 150
v 410.14611816 -138.36228943 0
v 410.15652466 -138.22131348 0
v 410.15652466 -138.22131348 150

usemtl mat6
f 1 2 3
f 1 4 2
f 5 6 2
f 5 2 4
f 7 8 6
f 7 9 8
f 7 6 5
f 10 11 12
f 10 3 11
f 10 1 3
f 13 9 7
f 14 10 12
f 15 12 16
f 15 14 12
f 17 9 13
f 17 18 9
f 19 20 21
f 19 16 20
f 19 15 16
f 22 18 17
f 22 23 18
f 24 25 23
f 24 23 22
f 26 19 21
f 27 28 25
f 27 25 24
f 29 30 31
f 29 21 30
f 29 26 21
f 32 28 27
f 32 33 28
f 34 29 31
f 35 33 32
f 35 36 33
f 37 31 38
f 37 34 31
f 39 40 41
f 39 38 40
f 39 37 38
f 42 36 35
f 42 43 36
f 44 39 41
f 45 46 43
f 45 43 42
f 47 48 46
f 47 46 45
f 49 41 50
f 49 44 41
f 51 52 48
f 51 48 47
f 53 54 55
f 53 50 54
f 53 49 50
f 56 52 51
f 56 57 52
f 58 53 55
f 59 60 57
f 59 57 56
f 61 62 60
f 61 60 59
f 63 62 61
f 64 65 63
f 64 63 61
f 66 65 64
f 67 68 65
f 67 69 68
f 67 65 66
f 70 69 67
f 71 72 69
f 71 69 70
f 73 74 72
f 73 72 71
f 75 76 74
f 75 74 73
f 77 78 76
f 77 76 75
f 79 80 78
f 79 78 77
f 81 80 79
f 81 82 80
f 81 83 82
f 84 83 81
f 85 86 83
f 85 83 84
f 87 88 86
f 87 86 85
f 89 90 88
f 89 88 87
f 91 92 90
f 91 90 89
f 93 94 92
f 93 92 91
f 95 96 94
f 95 94 93
f 97 98 96
f 97 96 95
f 99 100 98
f 99 98 97
f 101 102 100
f 101 100 99
f 103 104 105
f 105 104 106
f 105 106 55
f 55 106 58
f 107 108 109
f 109 108 110
f 109 110 111
f 111 110 112
f 111 112 113
f 111 113 114
f 114 113 115
f 114 115 116
f 116 115 117
f 116 117 118
f 118 117 119
f 118 119 120
f 120 119 121
f 121 119 122
f 121 122 123
f 121 123 124
f 124 123 125
f 124 125 126
f 126 125 127
f 127 125 128
f 127 128 129
f 127 129 130
f 130 129 131
f 131 129 132
f 131 132 101
f 101 132 102
f 133 103 105
f 133 134 103
f 135 105 55
f 135 55 54
f 135 133 105
f 136 135 54
f 137 54 50
f 137 136 54
f 138 50 41
f 138 137 50
f 139 41 40
f 139 138 41
f 140 40 38
f 140 139 40
f 141 38 31
f 141 31 30
f 141 140 38
f 142 141 30
f 143 30 21
f 143 21 20
f 143 142 30
f 144 20 16
f 144 143 20
f 145 144 16
f 146 16 12
f 146 12 11
f 146 145 16
f 147 11 3
f 147 146 11
f 148 147 3
f 149 3 2
f 149 148 3
f 150 2 6
f 150 149 2
f 151 6 8
f 151 8 9
f 151 150 6
f 152 151 9
f 153 9 18
f 153 152 9
f 154 18 23
f 154 153 18
f 155 23 25
f 155 25 28
f 155 154 23
f 156 155 28
f 157 156 28
f 157 28 33
f 158 33 36
f 158 157 33
f 159 36 43
f 159 158 36
f 160 43 46
f 160 159 43
f 161 46 48
f 161 48 52
f 161 160 46
f 162 161 52
f 163 52 57
f 163 162 52
f 164 57 60
f 164 163 57
f 165 60 62
f 165 164 60
f 166 167 168
f 166 169 167
f 170 168 171
f 170 171 172
f 170 166 168
f 173 170 172
f 174 172 175
f 174 173 172
f 176 175 177
f 176 174 175
f 178 177 179
f 178 176 177
f 180 179 181
f 180 178 179
f 182 181 183
f 182 183 184
f 182 180 181
f 185 182 184
f 186 184 187
f 186 187 188
f 186 185 184
f 189 188 190
f 189 186 188
f 191 189 190
f 192 190 193
f 192 193 194
f 192 191 190
f 195 194 196
f 195 192 194
f 197 195 196
f 198 196 199
f 198 197 196
f 200 199 201
f 200 198 199
f 202 201 203
f 202 203 204
f 202 200 201
f 205 202 204
f 206 204 207
f 206 205 204
f 208 207 209
f 208 206 207
f 210 209 211
f 210 211 212
f 210 208 209
f 213 210 212
f 214 213 212
f 214 212 215
f 216 215 217
f 216 214 215
f 218 217 219
f 218 216 217
f 220 219 221
f 220 218 219
f 222 221 223
f 222 223 224
f 222 220 221
f 225 222 224
f 226 224 227
f 226 225 224
f 228 227 229
f 228 226 227
f 230 229 231
f 230 228 229
f 169 232 167
f 169 233 232
f 234 235 236
f 234 237 235
f 238 236 239
f 238 239 240
f 238 234 236
f 241 238 240
f 242 240 243
f 242 241 240
f 244 243 245
f 244 242 243
f 246 245 247
f 246 244 245
f 248 247 249
f 248 246 247
f 250 249 251
f 250 251 252
f 250 248 249
f 253 250 252
f 254 252 255
f 254 255 256
f 254 253 252
f 257 256 258
f 257 254 256
f 259 257 258
f 260 258 261
f 260 261 262
f 260 259 258
f 263 262 264
f 263 260 262
f 265 263 264
f 266 264 267
f 266 265 264
f 268 267 269
f 268 266 267
f 270 269 271
f 270 271 272
f 270 268 269
f 273 270 272
f 274 272 275
f 274 273 272
f 276 275 277
f 276 274 275
f 278 277 279
f 278 279 280
f 278 276 277
f 281 278 280
f 282 281 280
f 282 280 283
f 284 283 285
f 284 282 283
f 286 285 287
f 286 284 285
f 288 287 289
f 288 286 287
f 290 289 291
f 290 291 292
f 290 288 289
f 293 290 292
f 294 292 295
f 294 293 292
f 296 295 297
f 296 294 295
f 233 297 232
f 233 296 297
f 298 63 65
f 298 299 63
f 300 65 68
f 300 68 69
f 300 298 65
f 301 300 69
f 302 69 72
f 302 301 69
f 303 72 74
f 303 302 72
f 304 74 76
f 304 303 74
f 305 76 78
f 305 304 76
f 306 78 80
f 306 80 82
f 306 305 78
f 307 306 82
f 308 82 83
f 308 83 86
f 308 307 82
f 309 86 88
f 309 308 86
f 310 309 88
f 311 88 90
f 311 90 92
f 311 310 88
f 312 92 94
f 312 311 92
f 313 312 94
f 314 94 96
f 314 313 94
f 315 96 98
f 315 314 96
f 316 98 100
f 316 100 102
f 316 315 98
f 317 316 102
f 318 102 132
f 318 317 102
f 319 132 129
f 319 318 132
f 320 129 128
f 320 128 125
f 320 319 129
f 321 320 125
f 322 321 125
f 322 125 123
f 323 123 122
f 323 322 123
f 324 122 119
f 324 323 122
f 325 119 117
f 325 324 119
f 326 117 115
f 326 115 113
f 326 325 117
f 327 326 113
f 328 113 112
f 328 327 113
f 329 112 110
f 329 328 112
f 330 110 108
f 330 329 110
f 299 62 63
f 299 165 62
f 200 197 198
f 205 200 202
f 210 206 208
f 182 185 186
f 216 213 214
f 178 180 182
f 170 173 174
f 169 166 170
f 230 174 176
f 230 176 178
f 230 186 189
f 230 189 191
f 230 191 192
f 230 192 195
f 230 195 197
f 230 205 206
f 230 210 213
f 230 216 218
f 230 218 220
f 230 220 222
f 230 222 225
f 230 225 226
f 230 226 228
f 230 197 200
f 230 200 205
f 230 178 182
f 230 206 210
f 230 182 186
f 230 170 174
f 230 213 216
f 230 169 170
f 233 169 230
f 294 296 233
f 135 134 133
f 293 294 233
f 136 134 135
f 288 293 233
f 288 290 293
f 286 288 233
f 139 137 138
f 140 136 137
f 140 137 139
f 141 134 136
f 141 136 140
f 281 282 284
f 278 281 284
f 143 134 141
f 143 141 142
f 276 286 233
f 276 278 284
f 276 284 286
f 274 276 233
f 273 274 233
f 146 143 144
f 146 144 145
f 146 134 143
f 268 273 233
f 268 270 273
f 148 146 147
f 148 134 146
f 150 148 149
f 263 265 266
f 151 148 150
f 260 263 266
f 260 266 268
f 152 134 148
f 152 148 151
f 259 260 268
f 257 259 268
f 154 152 153
f 154 134 152
f 254 268 233
f 254 257 268
f 157 154 155
f 157 155 156
f 246 248 250
f 246 250 253
f 246 253 254
f 244 246 254
f 242 244 254
f 242 254 233
f 237 242 233
f 237 234 238
f 237 238 241
f 237 241 242
f 165 157 158
f 165 158 159
f 165 159 160
f 165 160 161
f 165 161 162
f 165 162 163
f 165 230 134
f 165 163 164
f 165 233 230
f 165 154 157
f 165 134 154
f 330 233 165
f 330 237 233
f 299 330 165
f 300 299 298
f 327 328 329
f 327 329 330
f 302 330 299
f 302 300 301
f 302 299 300
f 325 326 327
f 324 327 330
f 324 325 327
f 323 324 330
f 305 302 303
f 305 303 304
f 306 302 305
f 322 323 330
f 307 302 306
f 309 307 308
f 309 330 302
f 309 302 307
f 319 320 321
f 319 321 322
f 319 322 330
f 311 309 310
f 311 330 309
f 317 318 319
f 317 319 330
f 315 311 312
f 315 316 317
f 315 330 311
f 315 317 330
f 314 312 313
f 314 315 312
f 331 107 109
f 331 332 107
f 333 109 111
f 333 111 114
f 333 331 109
f 334 333 114
f 335 114 116
f 335 334 114
f 336 116 118
f 336 335 116
f 337 118 120
f 337 336 118
f 338 120 121
f 338 337 120
f 339 121 124
f 339 124 126
f 339 338 121
f 340 339 126
f 341 126 127
f 341 127 130
f 341 340 126
f 342 130 131
f 342 341 130
f 343 342 131
f 344 131 101
f 344 101 99
f 344 343 131
f 345 99 97
f 345 344 99
f 346 345 97
f 347 97 95
f 347 346 97
f 348 95 93
f 348 347 95
f 349 93 91
f 349 91 89
f 349 348 93
f 350 349 89
f 351 89 87
f 351 350 89
f 352 87 85
f 352 351 87
f 353 85 84
f 353 84 81
f 353 352 85
f 354 353 81
f 355 354 81
f 355 81 79
f 356 79 77
f 356 355 79
f 357 77 75
f 357 356 77
f 358 75 73
f 358 357 75
f 359 73 71
f 359 71 70
f 359 358 73
f 360 359 70
f 361 70 67
f 361 360 70
f 362 67 66
f 362 361 67
f 363 66 64
f 363 362 66
f 364 64 61
f 364 363 64
f 365 61 59
f 365 364 61
f 366 59 56
f 366 56 51
f 366 365 59
f 367 366 51
f 368 51 47
f 368 367 51
f 369 47 45
f 369 368 47
f 370 45 42
f 370 369 45
f 371 42 35
f 371 370 42
f 372 35 32
f 372 32 27
f 372 371 35
f 373 372 27
f 374 27 24
f 374 24 22
f 374 373 27
f 375 22 17
f 375 374 22
f 376 375 17
f 377 17 13
f 377 13 7
f 377 376 17
f 378 7 5
f 378 377 7
f 379 378 5
f 380 5 4
f 380 379 5
f 381 4 1
f 381 380 4
f 382 1 10
f 382 10 14
f 382 381 1
f 383 382 14
f 384 14 15
f 384 383 14
f 385 15 19
f 385 384 15
f 386 19 26
f 386 26 29
f 386 385 19
f 387 386 29
f 388 387 29
f 388 29 34
f 389 34 37
f 389 388 34
f 390 37 39
f 390 389 37
f 391 39 44
f 391 390 39
f 392 44 49
f 392 49 53
f 392 391 44
f 393 392 53
f 394 53 58
f 394 393 53
f 395 58 106
f 395 394 58
f 396 106 104
f 396 395 106
f 103 231 397
f 104 103 397
f 134 230 103
f 398 396 104
f 397 398 104
f 230 231 103
f 108 399 235
f 108 107 399
f 332 400 107
f 237 330 108
f 235 237 108
f 400 399 107
f 401 402 403
f 401 404 402
f 405 403 406
f 405 406 407
f 405 401 403
f 408 405 407
f 409 407 410
f 409 408 407
f 411 410 412
f 411 409 410
f 413 412 414
f 413 411 412
f 415 414 416
f 415 413 414
f 417 416 418
f 417 418 419
f 417 415 416
f 420 417 419
f 421 419 422
f 421 422 423
f 421 420 419
f 424 423 425
f 424 421 423
f 426 424 425
f 427 425 428
f 427 428 429
f 427 426 425
f 430 429 431
f 430 427 429
f 432 430 431
f 433 431 434
f 433 432 431
f 435 434 436
f 435 433 434
f 437 436 438
f 437 438 439
f 437 435 436
f 440 437 439
f 441 439 442
f 441 440 439
f 443 442 444
f 443 441 442
f 445 444 446
f 445 446 447
f 445 443 444
f 448 445 447
f 449 448 447
f 449 447 450
f 451 450 452
f 451 449 450
f 453 452 454
f 453 451 452
f 455 454 456
f 455 453 454
f 457 456 458
f 457 458 459
f 457 455 456
f 460 457 459
f 461 459 462
f 461 460 459
f 463 462 464
f 463 461 462
f 400 464 399
f 400 463 464
f 404 465 402
f 404 466 465
f 467 397 468
f 467 398 397
f 469 468 470
f 469 470 471
f 469 467 468
f 472 469 471
f 473 471 474
f 473 472 471
f 475 474 476
f 475 473 474
f 477 476 478
f 477 475 476
f 479 478 480
f 479 477 478
f 481 480 482
f 481 482 483
f 481 479 480
f 484 481 483
f 485 483 486
f 485 486 487
f 485 484 483
f 488 487 489
f 488 485 487
f 490 488 489
f 491 489 492
f 491 492 493
f 491 490 489
f 494 493 495
f 494 491 493
f 496 494 495
f 497 495 498
f 497 496 495
f 499 498 500
f 499 497 498
f 501 500 502
f 501 502 503
f 501 499 500
f 504 501 503
f 505 503 506
f 505 504 503
f 507 506 508
f 507 505 506
f 509 508 510
f 509 510 511
f 509 507 508
f 512 509 511
f 513 512 511
f 513 511 514
f 515 514 516
f 515 513 514
f 517 516 518
f 517 515 516
f 519 518 520
f 519 517 518
f 521 520 522
f 521 522 523
f 521 519 520
f 524 521 523
f 525 523 526
f 525 524 523
f 527 526 528
f 527 525 526
f 466 528 465
f 466 527 528
f 381 379 380
f 383 381 382
f 386 384 385
f 372 373 374
f 389 387 388
f 370 371 372
f 366 367 368
f 364 365 366
f 396 368 369
f 396 369 370
f 396 374 375
f 396 375 376
f 396 376 377
f 396 377 378
f 396 378 379
f 396 383 384
f 396 386 387
f 396 389 390
f 396 390 391
f 396 391 392
f 396 392 393
f 396 393 394
f 396 394 395
f 396 379 381
f 396 381 383
f 396 370 372
f 396 384 386
f 396 372 374
f 396 366 368
f 396 387 389
f 396 364 366
f 363 364 396
f 469 398 467
f 472 398 469
f 360 361 362
f 358 360 362
f 358 359 360
f 479 472 473
f 479 473 475
f 479 475 477
f 479 398 472
f 356 357 358
f 355 358 362
f 355 356 358
f 485 479 481
f 485 481 484
f 485 398 479
f 352 353 354
f 352 354 355
f 351 355 362
f 351 352 355
f 494 485 488
f 494 488 490
f 494 490 491
f 349 351 362
f 349 350 351
f 497 494 496
f 497 485 494
f 346 349 362
f 346 347 348
f 346 348 349
f 501 497 499
f 501 398 485
f 501 485 497
f 505 501 504
f 505 398 501
f 343 344 345
f 507 398 505
f 342 345 346
f 342 343 345
f 509 398 507
f 341 342 346
f 513 509 512
f 513 398 509
f 517 513 515
f 517 398 513
f 337 338 339
f 337 339 340
f 337 340 341
f 336 337 341
f 521 398 517
f 521 517 519
f 524 398 521
f 334 335 336
f 334 341 346
f 334 336 341
f 525 398 524
f 527 398 525
f 331 334 346
f 331 333 334
f 332 331 346
f 332 346 362
f 332 363 396
f 332 362 363
f 466 398 527
f 404 396 398
f 404 398 466
f 404 332 396
f 400 332 404
f 457 400 404
f 457 460 461
f 457 461 463
f 457 463 400
f 455 404 401
f 455 457 404
f 417 401 405
f 417 405 408
f 417 408 409
f 417 409 411
f 417 411 413
f 417 413 415
f 449 451 453
f 449 453 455
f 420 401 417
f 424 420 421
f 443 445 448
f 426 455 401
f 426 401 420
f 426 420 424
f 441 443 448
f 441 448 449
f 441 449 455
f 437 440 441
f 437 441 455
f 432 427 430
f 435 426 427
f 435 455 426
f 435 437 455
f 433 435 427
f 433 427 432
f 196 194 199
f 199 204 201
f 201 204 203
f 193 190 194
f 190 187 194
f 188 187 190
f 204 211 207
f 207 211 209
f 187 181 194
f 183 181 184
f 184 181 187
f 177 175 179
f 179 175 181
f 175 172 181
f 171 168 172
f 172 168 181
f 194 231 199
f 199 231 204
f 204 231 211
f 181 231 194
f 167 231 168
f 211 231 212
f 212 231 215
f 215 231 217
f 217 231 219
f 219 231 221
f 221 231 223
f 168 231 181
f 223 231 224
f 224 231 227
f 227 231 229
f 167 232 231
f 297 295 232
f 295 291 232
f 292 291 295
f 291 289 232
f 289 287 232
f 287 285 232
f 283 280 285
f 285 279 232
f 280 279 285
f 277 275 279
f 275 272 279
f 279 271 232
f 272 271 279
f 271 269 232
f 269 264 232
f 267 264 269
f 262 261 264
f 261 258 264
f 258 252 264
f 255 252 256
f 256 252 258
f 252 251 264
f 251 249 264
f 249 247 264
f 247 245 264
f 240 239 243
f 243 239 245
f 245 239 264
f 264 236 232
f 239 236 264
f 232 235 231
f 236 235 232
f 397 470 468
f 470 474 471
f 397 476 470
f 470 476 474
f 476 480 478
f 476 482 480
f 397 483 476
f 476 483 482
f 486 489 487
f 486 492 489
f 483 493 486
f 397 493 483
f 486 493 492
f 397 495 493
f 397 498 495
f 498 502 500
f 397 502 498
f 397 506 502
f 502 506 503
f 397 508 506
f 510 514 511
f 510 516 514
f 510 520 516
f 516 520 518
f 510 523 520
f 508 523 510
f 520 523 522
f 508 526 523
f 508 528 526
f 397 465 508
f 508 465 528
f 397 402 465
f 235 399 231
f 397 399 402
f 231 399 397
f 399 464 402
f 464 403 402
f 462 459 464
f 406 410 407
f 458 456 459
f 403 412 406
f 406 412 410
f 403 414 412
f 456 454 459
f 459 454 464
f 450 447 452
f 452 447 454
f 464 447 403
f 454 447 464
f 403 447 414
f 446 444 447
f 444 442 447
f 419 425 422
f 422 425 423
f 442 439 447
f 414 428 416
f 416 428 418
f 418 428 419
f 419 428 425
f 428 431 429
f 414 431 428
f 438 436 439
f 439 436 447
f 447 434 414
f 436 434 447
f 414 434 431
f 529 530 531
f 532 529 531
f 533 534 535
f 536 535 537
f 536 533 535
f 538 536 537
f 539 537 540
f 539 538 537
f 541 540 542
f 541 539 540
f 543 542 544
f 543 541 542
f 545 544 546
f 545 546 547
f 545 543 544
f 548 545 547
f 549 547 550
f 549 548 547
f 551 550 552
f 551 552 553
f 551 549 550
f 554 551 553
f 555 553 556
f 555 554 553
f 557 556 558
f 557 555 556
f 559 558 560
f 559 560 561
f 559 557 558
f 562 559 561
f 563 561 564
f 563 562 561
f 529 564 530
f 529 563 564
f 533 565 534
f 533 566 565
f 567 568 569
f 570 569 571
f 570 567 569
f 572 570 571
f 573 571 574
f 573 572 571
f 575 574 576
f 575 573 574
f 577 576 578
f 577 575 576
f 579 578 580
f 579 580 581
f 579 577 578
f 582 579 581
f 583 582 581
f 583 581 584
f 585 583 584
f 585 584 586
f 585 586 587
f 588 585 587
f 589 588 587
f 589 587 590
f 591 590 592
f 591 589 590
f 593 592 594
f 593 594 595
f 593 591 592
f 596 593 595
f 597 595 598
f 597 598 599
f 597 596 595
f 600 597 599
f 601 599 602
f 601 602 603
f 601 600 599
f 604 601 603
f 605 603 606
f 605 604 603
f 607 606 608
f 607 605 606
f 609 608 610
f 609 607 608
f 611 610 612
f 611 609 610
f 613 612 614
f 613 611 612
f 615 614 616
f 615 616 617
f 615 613 614
f 618 615 617
f 619 617 620
f 619 618 617
f 621 620 622
f 621 619 620
f 623 622 624
f 623 621 622
f 625 624 626
f 625 623 624
f 627 626 628
f 627 628 629
f 627 625 626
f 630 629 565
f 630 627 629
f 566 630 565
f 567 631 568
f 567 632 631
f 633 634 635
f 636 635 637
f 636 633 635
f 638 636 637
f 639 637 640
f 639 638 637
f 641 640 642
f 641 639 640
f 643 642 644
f 643 641 642
f 645 644 646
f 645 646 647
f 645 643 644
f 648 645 647
f 649 648 647
f 649 647 650
f 651 649 650
f 651 650 652
f 651 652 653
f 654 651 653
f 655 654 653
f 655 653 656
f 657 656 658
f 657 655 656
f 659 658 660
f 659 660 661
f 659 657 658
f 662 659 661
f 663 661 664
f 663 664 665
f 663 662 661
f 666 663 665
f 667 665 668
f 667 668 669
f 667 666 665
f 670 667 669
f 671 669 672
f 671 670 669
f 673 672 674
f 673 671 672
f 675 674 676
f 675 673 674
f 677 676 678
f 677 675 676
f 679 678 680
f 679 677 678
f 681 680 682
f 681 682 683
f 681 679 680
f 684 681 683
f 685 683 686
f 685 684 683
f 687 686 688
f 687 685 686
f 689 688 690
f 689 687 688
f 691 690 692
f 691 689 690
f 693 692 694
f 693 694 695
f 693 691 692
f 696 695 631
f 696 693 695
f 632 696 631
f 633 697 634
f 633 698 697
f 699 700 701
f 702 701 703
f 702 699 701
f 704 702 703
f 705 703 706
f 705 704 703
f 707 706 708
f 707 705 706
f 709 708 710
f 709 707 708
f 711 710 712
f 711 712 713
f 711 709 710
f 714 711 713
f 715 713 716
f 715 714 713
f 717 716 718
f 717 718 719
f 717 715 716
f 720 717 719
f 721 719 722
f 721 720 719
f 723 722 724
f 723 721 722
f 725 724 726
f 725 726 727
f 725 723 724
f 728 725 727
f 729 727 730
f 729 730 697
f 729 728 727
f 698 729 697
f 699 731 700
f 699 732 731
f 733 734 735
f 736 735 737
f 736 733 735
f 738 736 737
f 739 737 740
f 739 738 737
f 741 740 742
f 741 739 740
f 743 742 744
f 743 741 742
f 745 744 746
f 745 746 747
f 745 743 744
f 748 745 747
f 749 747 750
f 749 748 747
f 751 750 752
f 751 752 753
f 751 749 750
f 754 751 753
f 755 753 756
f 755 754 753
f 757 756 758
f 757 755 756
f 759 758 760
f 759 760 761
f 759 757 758
f 762 759 761
f 763 761 764
f 763 762 761
f 732 764 731
f 732 763 764
f 733 765 734
f 733 766 765
f 532 531 767
f 768 767 769
f 768 532 767
f 770 768 769
f 771 769 772
f 771 770 769
f 773 772 774
f 773 771 772
f 775 774 776
f 775 773 774
f 777 776 778
f 777 778 779
f 777 775 776
f 780 777 779
f 781 779 782
f 781 780 779
f 783 782 784
f 783 784 785
f 783 781 782
f 786 783 785
f 787 785 788
f 787 786 785
f 789 788 790
f 789 787 788
f 791 790 792
f 791 792 793
f 791 789 790
f 794 791 793
f 795 793 796
f 795 794 793
f 766 796 765
f 766 795 796
f 559 562 563
f 555 559 563
f 555 557 559
f 554 555 563
f 549 551 554
f 549 554 563
f 543 545 548
f 543 548 549
f 543 549 563
f 541 543 563
f 539 541 563
f 538 539 563
f 533 536 538
f 533 563 529
f 533 538 563
f 797 532 798
f 799 798 532
f 800 532 797
f 801 799 532
f 802 532 800
f 803 801 532
f 804 532 802
f 805 803 532
f 806 532 804
f 807 805 532
f 808 532 806
f 809 807 532
f 810 532 808
f 810 529 532
f 811 809 532
f 812 529 810
f 813 811 532
f 814 529 812
f 815 532 768
f 815 813 532
f 816 529 814
f 817 768 770
f 817 770 771
f 817 771 773
f 817 773 775
f 817 775 777
f 817 777 780
f 817 780 781
f 817 781 783
f 817 783 786
f 817 815 768
f 818 529 816
f 819 817 786
f 819 786 787
f 819 787 789
f 819 789 791
f 819 791 794
f 819 794 795
f 819 795 766
f 820 529 818
f 821 819 766
f 822 529 820
f 823 821 766
f 824 529 822
f 825 823 766
f 826 529 824
f 827 766 733
f 827 825 766
f 828 529 826
f 829 827 733
f 830 529 828
f 831 829 733
f 832 529 830
f 833 831 733
f 834 529 832
f 835 833 733
f 836 529 834
f 837 733 736
f 837 736 738
f 837 738 739
f 837 739 741
f 837 741 743
f 837 743 745
f 837 835 733
f 838 529 836
f 839 745 748
f 839 748 749
f 839 749 751
f 839 751 754
f 839 754 755
f 839 755 757
f 839 757 759
f 839 837 745
f 839 759 762
f 839 762 763
f 840 529 838
f 841 763 732
f 841 839 763
f 842 529 840
f 843 841 732
f 844 843 732
f 845 844 732
f 846 845 732
f 847 846 732
f 848 847 732
f 849 533 850
f 851 850 533
f 852 533 849
f 853 851 533
f 854 533 852
f 855 853 533
f 856 533 854
f 857 855 533
f 857 533 529
f 858 848 732
f 859 533 856
f 860 857 529
f 861 533 859
f 862 860 529
f 863 533 861
f 864 862 529
f 865 533 863
f 866 858 732
f 867 864 529
f 868 533 865
f 869 867 529
f 870 533 868
f 871 866 732
f 872 869 529
f 873 533 870
f 874 872 529
f 875 533 873
f 876 871 732
f 877 529 842
f 877 874 529
f 878 533 875
f 879 877 842
f 879 842 880
f 881 876 732
f 882 533 878
f 883 880 884
f 883 879 880
f 885 533 882
f 886 881 732
f 887 883 884
f 887 884 888
f 889 887 888
f 889 888 890
f 891 886 732
f 892 889 890
f 892 890 893
f 894 891 732
f 895 892 893
f 895 893 896
f 897 894 732
f 898 895 896
f 898 896 899
f 900 897 732
f 901 898 899
f 901 899 902
f 903 901 902
f 903 902 904
f 905 903 904
f 905 904 906
f 907 905 906
f 907 906 908
f 909 907 908
f 909 908 910
f 566 885 911
f 566 912 913
f 566 914 912
f 566 915 914
f 566 916 915
f 566 917 916
f 566 918 917
f 566 919 918
f 566 911 919
f 566 533 885
f 920 566 913
f 627 630 566
f 921 910 922
f 921 909 910
f 625 627 566
f 923 566 920
f 623 625 566
f 924 922 925
f 924 921 922
f 621 623 566
f 619 621 566
f 926 566 923
f 618 619 566
f 927 924 925
f 927 925 928
f 615 618 566
f 929 566 926
f 613 615 566
f 930 927 928
f 930 928 931
f 611 613 566
f 932 566 929
f 609 611 566
f 933 930 931
f 933 931 934
f 607 609 566
f 935 566 932
f 605 607 566
f 936 933 934
f 936 934 937
f 604 605 566
f 938 566 935
f 601 604 566
f 939 937 940
f 939 936 937
f 600 601 566
f 941 566 938
f 597 600 566
f 942 940 943
f 942 939 940
f 596 597 566
f 593 596 566
f 944 942 943
f 944 943 945
f 591 593 566
f 589 591 566
f 946 944 945
f 946 945 947
f 588 589 566
f 585 588 566
f 948 946 947
f 948 947 949
f 583 585 566
f 950 948 949
f 950 949 951
f 579 583 566
f 579 582 583
f 575 579 566
f 575 577 579
f 952 950 951
f 573 575 566
f 572 573 566
f 570 572 566
f 567 953 954
f 567 955 953
f 567 956 955
f 567 957 956
f 567 958 957
f 567 941 958
f 567 570 566
f 567 566 941
f 959 567 954
f 960 567 959
f 961 567 960
f 962 567 961
f 963 567 962
f 964 567 963
f 965 567 964
f 966 567 965
f 967 567 966
f 968 567 967
f 969 567 968
f 970 567 969
f 971 567 970
f 972 567 971
f 973 974 975
f 976 974 973
f 976 977 974
f 978 975 979
f 978 973 975
f 980 981 977
f 980 977 976
f 982 979 983
f 982 978 979
f 984 981 980
f 984 985 981
f 986 982 983
f 986 983 987
f 988 989 985
f 988 985 984
f 990 987 991
f 990 986 987
f 992 989 988
f 992 993 989
f 994 990 991
f 994 991 995
f 996 952 951
f 996 993 992
f 996 951 993
f 997 995 998
f 997 994 995
f 999 1000 952
f 999 952 996
f 1001 997 998
f 1001 998 1002
f 1003 1004 1000
f 1003 1000 999
f 1005 1001 1002
f 1005 1002 1006
f 1007 1004 1003
f 1007 1008 1004
f 1007 1009 1008
f 1010 1005 1006
f 1010 1006 1011
f 1012 1009 1007
f 1013 1010 1011
f 1013 1011 1014
f 1015 1009 1012
f 1015 1016 1009
f 1017 1013 1014
f 1017 1014 1018
f 1019 1016 1015
f 1019 1020 1016
f 1021 1017 1018
f 1021 1018 1022
f 1023 1020 1019
f 1023 1024 1020
f 1025 1021 1022
f 1025 1022 1026
f 1027 1024 1023
f 1027 1028 1024
f 1027 1029 1028
f 1030 1026 1031
f 1030 1025 1026
f 1032 1029 1027
f 1033 1031 1034
f 1033 1030 1031
f 1035 1029 1032
f 1035 1036 1029
f 1037 1034 1038
f 1037 1033 1034
f 1039 1036 1035
f 1039 1040 1036
f 1041 1037 1038
f 1042 1040 1039
f 1042 1043 1040
f 1044 1045 1046
f 1044 1038 1045
f 1044 1041 1038
f 1047 1043 1042
f 1047 1048 1043
f 1049 1044 1046
f 1050 1048 1047
f 1050 1051 1048
f 1052 1053 1051
f 1052 1051 1050
f 1054 1055 1053
f 1054 1053 1052
f 1056 1057 1055
f 1056 1055 1054
f 1058 1059 1057
f 1058 1057 1056
f 1060 1061 1059
f 1060 1059 1058
f 1062 1063 1061
f 1062 1061 1060
f 699 1064 900
f 699 1065 1064
f 699 1066 1065
f 699 1067 1066
f 699 1068 1067
f 699 1069 1068
f 699 1070 1049
f 699 1071 1069
f 699 1072 1070
f 699 1073 1071
f 699 1074 1072
f 699 1075 1073
f 699 1076 1074
f 699 1077 1075
f 699 1078 1076
f 699 1079 1077
f 699 1080 1079
f 699 1081 1078
f 699 1082 1080
f 699 1083 1081
f 699 1084 1082
f 699 1085 1084
f 699 1046 1085
f 699 900 732
f 699 1049 1046
f 1086 1087 1063
f 1086 1063 1062
f 1088 1083 699
f 1089 1090 1087
f 1089 1087 1086
f 1091 1092 1090
f 1091 1090 1089
f 1093 1094 1092
f 1093 1092 1091
f 1095 1094 1093
f 1095 1096 1094
f 1097 1096 1095
f 1097 1098 1096
f 1099 1100 1098
f 1099 1098 1097
f 698 1101 1088
f 698 1102 1101
f 698 1103 1102
f 698 1104 1103
f 698 1105 1104
f 698 1106 1105
f 698 699 702
f 698 702 704
f 698 704 705
f 698 705 707
f 698 707 709
f 698 709 711
f 698 711 714
f 698 714 715
f 698 715 717
f 698 717 720
f 698 720 721
f 698 721 723
f 698 723 725
f 698 725 728
f 698 728 729
f 698 1088 699
f 1107 1108 1100
f 1107 1109 1108
f 1107 1100 1099
f 1110 1106 698
f 1111 1109 1107
f 1112 1110 698
f 1113 1114 1109
f 1113 1109 1111
f 1115 1112 698
f 1116 1117 1114
f 1116 1114 1113
f 1118 1115 698
f 1119 1120 1117
f 1119 1117 1116
f 1121 1118 698
f 1122 1123 1120
f 1122 1120 1119
f 1124 1121 698
f 1125 1126 1123
f 1125 1123 1122
f 1127 1124 698
f 1128 1127 698
f 1129 1128 698
f 1130 1129 698
f 1131 1130 698
f 1132 1131 698
f 1133 1132 698
f 633 1134 1133
f 633 1135 1134
f 633 1136 1135
f 633 1137 1136
f 633 1138 1137
f 633 1139 1138
f 633 1140 1139
f 633 1141 1140
f 633 1142 1141
f 633 1143 1142
f 633 1144 1143
f 633 1145 1144
f 633 1146 1145
f 633 1147 1146
f 633 1148 1147
f 633 1149 1148
f 633 1150 1149
f 633 1133 698
f 632 1150 633
f 632 1151 1150
f 632 1152 1151
f 632 1153 1152
f 632 1154 1153
f 632 1155 1154
f 632 1156 1155
f 632 1157 1156
f 632 1158 1157
f 632 1159 1158
f 632 1160 1159
f 632 1161 1160
f 632 1162 1161
f 632 1163 1162
f 632 1164 1163
f 632 1165 1164
f 632 1166 1165
f 632 1167 1166
f 632 1168 1167
f 632 1169 1168
f 632 1170 1169
f 696 632 633
f 693 696 633
f 689 691 693
f 641 638 639
f 685 689 693
f 685 687 689
f 645 636 638
f 645 641 643
f 645 638 641
f 679 633 636
f 679 693 633
f 679 681 684
f 679 685 693
f 679 684 685
f 651 645 648
f 651 648 649
f 675 677 679
f 655 651 654
f 655 645 651
f 673 675 679
f 671 673 679
f 662 657 659
f 663 657 662
f 663 655 657
f 667 671 679
f 667 670 671
f 666 645 655
f 666 655 663
f 666 667 679
f 666 636 645
f 666 679 636
f 632 567 972
f 632 972 1171
f 632 1171 1172
f 632 1172 1126
f 632 1126 1170
f 1170 1126 1173
f 1173 1126 1174
f 1174 1126 1125
f 1175 828 826
f 1176 1175 826
f 1177 826 824
f 1177 1176 826
f 1178 824 822
f 1178 1177 824
f 1179 822 820
f 1179 1178 822
f 1180 820 818
f 1180 818 816
f 1180 1179 820
f 1181 1180 816
f 1182 816 814
f 1182 814 812
f 1182 1181 816
f 1183 1182 812
f 1184 812 810
f 1184 1183 812
f 1185 810 808
f 1185 808 806
f 1185 1184 810
f 1186 1185 806
f 1187 1186 806
f 1187 806 804
f 1188 1187 804
f 1188 804 802
f 1189 1188 802
f 1189 802 800
f 1189 800 797
f 1190 1189 797
f 1191 1190 797
f 1191 797 798
f 1192 1191 798
f 1192 798 799
f 1193 1192 799
f 1193 799 801
f 1194 1193 801
f 1194 801 803
f 1195 1194 803
f 1195 803 805
f 1196 1195 805
f 1196 805 807
f 1197 1196 807
f 1197 807 809
f 1198 809 811
f 1198 1197 809
f 1198 811 813
f 1199 1198 813
f 1200 813 815
f 1200 1199 813
f 1201 815 817
f 1201 1200 815
f 1202 817 819
f 1202 1201 817
f 1203 819 821
f 1203 1202 819
f 1204 821 823
f 1204 1203 821
f 1205 823 825
f 1205 1204 823
f 1206 825 827
f 1206 827 829
f 1206 1205 825
f 1207 1206 829
f 1208 829 831
f 1208 831 833
f 1208 1207 829
f 1209 1208 833
f 1210 833 835
f 1210 1209 833
f 1211 835 837
f 1211 1210 835
f 1212 1211 837
f 1212 837 839
f 1212 839 841
f 1213 1212 841
f 1214 1213 841
f 1214 841 843
f 1215 1214 843
f 1215 843 844
f 1215 844 845
f 1216 1215 845
f 1217 1216 845
f 1217 845 846
f 1218 1217 846
f 1218 846 847
f 1218 847 848
f 1219 1218 848
f 1220 1219 848
f 1220 848 858
f 1221 1220 858
f 1221 858 866
f 1221 866 871
f 1222 1221 871
f 1223 1222 871
f 1223 871 876
f 1224 1223 876
f 1224 876 881
f 1225 1224 881
f 1225 881 886
f 1225 886 891
f 1226 1225 891
f 1227 1226 891
f 1227 891 894
f 1228 1227 894
f 1228 894 897
f 1228 897 900
f 1229 1228 900
f 1230 1229 900
f 1230 900 1064
f 1231 1230 1064
f 1231 1064 1065
f 1231 1065 1066
f 1232 1231 1066
f 1233 1066 1067
f 1233 1232 1066
f 1234 1067 1068
f 1234 1068 1069
f 1234 1233 1067
f 1235 1234 1069
f 1236 1069 1071
f 1236 1235 1069
f 1237 1236 1071
f 1237 1071 1073
f 1238 1237 1073
f 1238 1073 1075
f 1238 1075 1077
f 1239 1238 1077
f 1240 1239 1077
f 1240 1077 1079
f 1241 1240 1079
f 1241 1079 1080
f 1241 1080 1082
f 1242 1241 1082
f 1243 1242 1082
f 1243 1082 1084
f 1244 1243 1084
f 1244 1084 1085
f 1244 1085 1046
f 1245 1244 1046
f 1246 1245 1046
f 1246 1046 1045
f 1247 1246 1045
f 1247 1045 1038
f 1248 1247 1038
f 1248 1038 1034
f 1249 1031 1026
f 1249 1248 1034
f 1249 1034 1031
f 1250 1249 1026
f 1251 1026 1022
f 1251 1250 1026
f 1252 1022 1018
f 1252 1251 1022
f 1253 1018 1014
f 1253 1014 1011
f 1253 1252 1018
f 1254 1253 1011
f 1255 1011 1006
f 1255 1006 1002
f 1255 1254 1011
f 1256 1255 1002
f 1257 1002 998
f 1257 1256 1002
f 1258 998 995
f 1258 1257 998
f 1259 995 991
f 1259 991 987
f 1259 1258 995
f 1260 1259 987
f 1261 987 983
f 1261 983 979
f 1261 1260 987
f 1262 1261 979
f 1263 1262 979
f 1263 979 975
f 1264 1263 975
f 1264 975 974
f 1265 1264 974
f 1265 974 977
f 1265 977 981
f 1266 1265 981
f 1267 981 985
f 1267 985 989
f 1267 1266 981
f 1268 989 993
f 1268 1267 989
f 1269 1268 993
f 1270 993 951
f 1270 951 949
f 1270 1269 993
f 1271 1270 949
f 1272 949 947
f 1272 947 945
f 1272 1271 949
f 1273 1272 945
f 1274 945 943
f 1274 1273 945
f 1275 943 940
f 1275 1274 943
f 1276 940 937
f 1276 937 934
f 1276 1275 940
f 1277 1276 934
f 1278 934 931
f 1278 931 928
f 1278 1277 934
f 1279 1278 928
f 1280 928 925
f 1280 1279 928
f 1281 925 922
f 1281 1280 925
f 1282 922 910
f 1282 910 908
f 1282 1281 922
f 1283 1282 908
f 1284 908 906
f 1284 1283 908
f 1285 906 904
f 1285 1284 906
f 1286 904 902
f 1286 1285 904
f 1287 1286 902
f 1287 902 899
f 1287 899 896
f 1288 1287 896
f 1289 896 893
f 1289 1288 896
f 1290 1289 893
f 1290 893 890
f 1290 890 888
f 1291 1290 888
f 1292 1291 888
f 1292 888 884
f 1293 1292 884
f 1293 884 880
f 1294 1293 880
f 1294 880 842
f 1295 1294 842
f 1295 842 840
f 1296 1295 840
f 1296 840 838
f 1297 1296 838
f 1297 838 836
f 1297 836 834
f 1298 1297 834
f 1299 1298 834
f 1299 834 832
f 1300 832 830
f 1300 1299 832
f 1175 830 828
f 1175 1300 830
f 1193 1191 1192
f 1187 1188 1189
f 1187 1189 1190
f 1195 1193 1194
f 1184 1185 1186
f 1184 1186 1187
f 1184 1190 1191
f 1184 1187 1190
f 1198 1195 1196
f 1198 1196 1197
f 1199 1193 1195
f 1199 1195 1198
f 1182 1183 1184
f 1181 1182 1184
f 1202 1200 1201
f 1179 1180 1181
f 1204 1199 1200
f 1204 1202 1203
f 1204 1200 1202
f 1177 1178 1179
f 1176 1177 1179
f 1175 1179 1181
f 1175 1181 1184
f 1175 1176 1179
f 1207 1204 1205
f 1207 1205 1206
f 1300 1175 1184
f 1209 1207 1208
f 1298 1299 1300
f 1210 1207 1209
f 1297 1298 1300
f 1296 1297 1300
f 1212 1210 1211
f 1213 1207 1210
f 1213 1210 1212
f 1214 1207 1213
f 1214 1204 1207
f 1293 1294 1295
f 1292 1293 1295
f 1216 1214 1215
f 1217 1214 1216
f 1219 1217 1218
f 1288 1289 1290
f 1288 1290 1291
f 1288 1291 1292
f 1288 1295 1296
f 1288 1292 1295
f 1288 1296 1300
f 1288 1300 1184
f 1223 1221 1222
f 1224 1219 1220
f 1224 1220 1221
f 1224 1221 1223
f 1283 1284 1285
f 1283 1285 1286
f 1283 1286 1287
f 1283 1287 1288
f 1283 1288 1184
f 1283 1191 1193
f 1283 1184 1191
f 1283 1193 1199
f 1283 1199 1204
f 1226 1219 1224
f 1226 1224 1225
f 1227 1214 1217
f 1227 1217 1219
f 1227 1219 1226
f 1228 1214 1227
f 1228 1204 1214
f 1278 1279 1280
f 1278 1280 1281
f 1278 1281 1282
f 1278 1282 1283
f 1231 1228 1229
f 1231 1229 1230
f 1276 1277 1278
f 1233 1231 1232
f 1274 1275 1276
f 1274 1276 1278
f 1274 1278 1283
f 1235 1233 1234
f 1272 1283 1204
f 1272 1274 1283
f 1272 1273 1274
f 1237 1235 1236
f 1237 1233 1235
f 1270 1271 1272
f 1238 1233 1237
f 1267 1268 1269
f 1266 1267 1269
f 1266 1269 1270
f 1242 1233 1238
f 1242 1238 1239
f 1242 1239 1240
f 1242 1228 1231
f 1242 1240 1241
f 1242 1231 1233
f 1263 1264 1265
f 1263 1265 1266
f 1262 1263 1266
f 1247 1244 1245
f 1247 1245 1246
f 1260 1270 1272
f 1260 1266 1270
f 1260 1262 1266
f 1260 1261 1262
f 1248 1244 1247
f 1248 1242 1243
f 1248 1243 1244
f 1249 1242 1248
f 1258 1259 1260
f 1257 1258 1260
f 1251 1228 1242
f 1251 1242 1249
f 1251 1249 1250
f 1256 1257 1260
f 1253 1272 1204
f 1253 1260 1272
f 1253 1228 1251
f 1253 1204 1228
f 1253 1251 1252
f 1254 1260 1253
f 1254 1256 1260
f 1254 1255 1256
f 1301 1035 1032
f 1302 1301 1032
f 1303 1032 1027
f 1303 1302 1032
f 1304 1027 1023
f 1304 1303 1027
f 1305 1023 1019
f 1305 1304 1023
f 1306 1019 1015
f 1306 1015 1012
f 1306 1305 1019
f 1307 1306 1012
f 1308 1012 1007
f 1308 1007 1003
f 1308 1307 1012
f 1309 1308 1003
f 1310 1003 999
f 1310 1309 1003
f 1311 999 996
f 1311 996 992
f 1311 1310 999
f 1312 1311 992
f 1313 1312 992
f 1313 992 988
f 1314 1313 988
f 1314 988 984
f 1315 1314 984
f 1315 984 980
f 1315 980 976
f 1316 1315 976
f 1317 1316 976
f 1317 976 973
f 1318 1317 973
f 1318 973 978
f 1319 1318 978
f 1319 978 982
f 1320 1319 982
f 1320 982 986
f 1321 1320 986
f 1321 986 990
f 1322 1321 990
f 1322 990 994
f 1323 1322 994
f 1323 994 997
f 1324 997 1001
f 1324 1323 997
f 1324 1001 1005
f 1325 1324 1005
f 1326 1005 1010
f 1326 1325 1005
f 1327 1010 1013
f 1327 1326 1010
f 1328 1013 1017
f 1328 1327 1013
f 1329 1017 1021
f 1329 1328 1017
f 1330 1021 1025
f 1330 1329 1021
f 1331 1025 1030
f 1331 1330 1025
f 1332 1030 1033
f 1332 1033 1037
f 1332 1331 1030
f 1333 1332 1037
f 1334 1037 1041
f 1334 1041 1044
f 1334 1333 1037
f 1335 1334 1044
f 1336 1044 1049
f 1336 1335 1044
f 1337 1049 1070
f 1337 1336 1049
f 1338 1337 1070
f 1338 1070 1072
f 1338 1072 1074
f 1339 1338 1074
f 1340 1339 1074
f 1340 1074 1076
f 1341 1340 1076
f 1341 1076 1078
f 1341 1078 1081
f 1342 1341 1081
f 1343 1342 1081
f 1343 1081 1083
f 1344 1343 1083
f 1344 1083 1088
f 1344 1088 1101
f 1345 1344 1101
f 1346 1345 1101
f 1346 1101 1102
f 1347 1346 1102
f 1347 1102 1103
f 1347 1103 1104
f 1348 1347 1104
f 1349 1348 1104
f 1349 1104 1105
f 1350 1349 1105
f 1350 1105 1106
f 1351 1350 1106
f 1351 1106 1110
f 1351 1110 1112
f 1352 1351 1112
f 1353 1352 1112
f 1353 1112 1115
f 1354 1353 1115
f 1354 1115 1118
f 1354 1118 1121
f 1355 1354 1121
f 1356 1355 1121
f 1356 1121 1124
f 1357 1356 1124
f 1357 1124 1127
f 1357 1127 1128
f 1358 1357 1128
f 1359 1128 1129
f 1359 1358 1128
f 1360 1129 1130
f 1360 1130 1131
f 1360 1359 1129
f 1361 1360 1131
f 1362 1131 1132
f 1362 1361 1131
f 1363 1362 1132
f 1363 1132 1133
f 1364 1363 1133
f 1364 1133 1134
f 1364 1134 1135
f 1365 1364 1135
f 1366 1365 1135
f 1366 1135 1136
f 1367 1366 1136
f 1367 1136 1137
f 1367 1137 1138
f 1368 1367 1138
f 1369 1368 1138
f 1369 1138 1139
f 1370 1369 1139
f 1370 1139 1140
f 1370 1140 1141
f 1371 1370 1141
f 1372 1371 1141
f 1372 1141 1142
f 1373 1372 1142
f 1373 1142 1143
f 1374 1373 1143
f 1374 1143 1144
f 1375 1145 1146
f 1375 1374 1144
f 1375 1144 1145
f 1376 1375 1146
f 1377 1146 1147
f 1377 1376 1146
f 1378 1147 1148
f 1378 1377 1147
f 1379 1148 1149
f 1379 1149 1150
f 1379 1378 1148
f 1380 1379 1150
f 1381 1150 1151
f 1381 1151 1152
f 1381 1380 1150
f 1382 1381 1152
f 1383 1152 1153
f 1383 1382 1152
f 1384 1153 1154
f 1384 1383 1153
f 1385 1154 1155
f 1385 1155 1156
f 1385 1384 1154
f 1386 1385 1156
f 1387 1156 1157
f 1387 1157 1158
f 1387 1386 1156
f 1388 1387 1158
f 1389 1388 1158
f 1389 1158 1159
f 1390 1389 1159
f 1390 1159 1160
f 1391 1390 1160
f 1391 1160 1161
f 1391 1161 1162
f 1392 1391 1162
f 1393 1162 1163
f 1393 1163 1164
f 1393 1392 1162
f 1394 1164 1165
f 1394 1393 1164
f 1395 1394 1165
f 1396 1165 1166
f 1396 1166 1167
f 1396 1395 1165
f 1397 1396 1167
f 1398 1167 1168
f 1398 1168 1169
f 1398 1397 1167
f 1399 1398 1169
f 1400 1169 1170
f 1400 1399 1169
f 1401 1170 1173
f 1401 1400 1170
f 1402 1173 1174
f 1402 1174 1125
f 1402 1401 1173
f 1403 1402 1125
f 1404 1125 1122
f 1404 1122 1119
f 1404 1403 1125
f 1405 1404 1119
f 1406 1119 1116
f 1406 1405 1119
f 1407 1116 1113
f 1407 1406 1116
f 1408 1113 1111
f 1408 1111 1107
f 1408 1407 1113
f 1409 1408 1107
f 1410 1107 1099
f 1410 1409 1107
f 1411 1099 1097
f 1411 1410 1099
f 1412 1097 1095
f 1412 1411 1097
f 1413 1412 1095
f 1413 1095 1093
f 1413 1093 1091
f 1414 1413 1091
f 1415 1091 1089
f 1415 1414 1091
f 1416 1415 1089
f 1416 1089 1086
f 1416 1086 1062
f 1417 1416 1062
f 1418 1417 1062
f 1418 1062 1060
f 1419 1418 1060
f 1419 1060 1058
f 1420 1419 1058
f 1420 1058 1056
f 1421 1420 1056
f 1421 1056 1054
f 1422 1421 1054
f 1422 1054 1052
f 1423 1422 1052
f 1423 1052 1050
f 1423 1050 1047
f 1424 1423 1047
f 1425 1424 1047
f 1425 1047 1042
f 1426 1042 1039
f 1426 1425 1042
f 1301 1039 1035
f 1301 1426 1039
f 1313 1314 1315
f 1312 1315 1316
f 1312 1313 1315
f 1311 1312 1316
f 1310 1316 1317
f 1310 1311 1316
f 1324 1317 1318
f 1324 1318 1319
f 1324 1319 1320
f 1324 1320 1321
f 1324 1321 1322
f 1324 1322 1323
f 1325 1317 1324
f 1327 1325 1326
f 1306 1307 1308
f 1306 1308 1309
f 1306 1309 1310
f 1330 1327 1328
f 1330 1328 1329
f 1330 1325 1327
f 1302 1303 1304
f 1302 1304 1305
f 1332 1330 1331
f 1425 1426 1301
f 1335 1332 1333
f 1335 1333 1334
f 1335 1330 1332
f 1424 1301 1302
f 1424 1305 1306
f 1424 1306 1310
f 1424 1302 1305
f 1424 1425 1301
f 1337 1335 1336
f 1421 1422 1423
f 1421 1423 1424
f 1419 1420 1421
f 1341 1339 1340
f 1418 1419 1421
f 1417 1418 1421
f 1343 1339 1341
f 1343 1341 1342
f 1344 1339 1343
f 1414 1415 1416
f 1414 1416 1417
f 1347 1337 1338
f 1347 1338 1339
f 1347 1339 1344
f 1347 1344 1345
f 1347 1345 1346
f 1412 1413 1414
f 1412 1414 1417
f 1349 1347 1348
f 1410 1411 1412
f 1410 1412 1417
f 1350 1347 1349
f 1409 1421 1424
f 1409 1417 1421
f 1409 1410 1417
f 1409 1310 1317
f 1409 1317 1325
f 1409 1424 1310
f 1408 1409 1325
f 1353 1350 1351
f 1353 1351 1352
f 1354 1350 1353
f 1405 1406 1407
f 1405 1407 1408
f 1403 1404 1405
f 1403 1405 1408
f 1357 1354 1355
f 1357 1355 1356
f 1357 1350 1354
f 1402 1403 1408
f 1401 1402 1408
f 1359 1357 1358
f 1359 1350 1357
f 1400 1408 1325
f 1400 1325 1330
f 1400 1401 1408
f 1360 1347 1350
f 1360 1350 1359
f 1398 1399 1400
f 1396 1398 1400
f 1396 1397 1398
f 1364 1362 1363
f 1393 1394 1395
f 1393 1395 1396
f 1367 1365 1366
f 1392 1393 1396
f 1368 1362 1364
f 1368 1365 1367
f 1368 1361 1362
f 1368 1364 1365
f 1391 1330 1335
f 1391 1335 1337
f 1391 1396 1400
f 1391 1392 1396
f 1391 1400 1330
f 1371 1369 1370
f 1388 1391 1337
f 1388 1389 1390
f 1388 1390 1391
f 1372 1361 1368
f 1372 1369 1371
f 1372 1360 1361
f 1372 1368 1369
f 1373 1360 1372
f 1374 1360 1373
f 1384 1385 1386
f 1384 1386 1387
f 1384 1387 1388
f 1382 1337 1347
f 1382 1388 1337
f 1382 1384 1388
f 1382 1383 1384
f 1378 1374 1375
f 1378 1375 1376
f 1378 1376 1377
f 1379 1360 1374
f 1379 1374 1378
f 1379 1347 1360
f 1380 1347 1379
f 1380 1382 1347
f 1380 1381 1382
f 1427 911 885
f 1428 1427 885
f 1429 885 882
f 1429 1428 885
f 1430 882 878
f 1430 1429 882
f 1431 878 875
f 1431 1430 878
f 1432 875 873
f 1432 873 870
f 1432 1431 875
f 1433 1432 870
f 1434 870 868
f 1434 868 865
f 1434 1433 870
f 1435 1434 865
f 1436 865 863
f 1436 1435 865
f 1437 863 861
f 1437 861 859
f 1437 1436 863
f 1438 1437 859
f 1439 1438 859
f 1439 859 856
f 1440 1439 856
f 1440 856 854
f 1441 1440 854
f 1441 854 852
f 1441 852 849
f 1442 1441 849
f 1443 1442 849
f 1443 849 850
f 1444 1443 850
f 1444 850 851
f 1445 1444 851
f 1445 851 853
f 1446 1445 853
f 1446 853 855
f 1447 1446 855
f 1447 855 857
f 1448 1447 857
f 1448 857 860
f 1449 1448 860
f 1449 860 862
f 1450 862 864
f 1450 1449 862
f 1450 864 867
f 1451 1450 867
f 1452 867 869
f 1452 1451 867
f 1453 869 872
f 1453 1452 869
f 1454 872 874
f 1454 1453 872
f 1455 874 877
f 1455 1454 874
f 1456 877 879
f 1456 1455 877
f 1457 879 883
f 1457 1456 879
f 1458 883 887
f 1458 887 889
f 1458 1457 883
f 1459 1458 889
f 1460 889 892
f 1460 892 895
f 1460 1459 889
f 1461 1460 895
f 1462 895 898
f 1462 1461 895
f 1463 898 901
f 1463 1462 898
f 1464 1463 901
f 1464 901 903
f 1464 903 905
f 1465 1464 905
f 1466 1465 905
f 1466 905 907
f 1467 1466 907
f 1467 907 909
f 1467 909 921
f 1468 1467 921
f 1469 1468 921
f 1469 921 924
f 1470 1469 924
f 1470 924 927
f 1470 927 930
f 1471 1470 930
f 1472 1471 930
f 1472 930 933
f 1473 1472 933
f 1473 933 936
f 1473 936 939
f 1474 1473 939
f 1475 1474 939
f 1475 939 942
f 1476 1475 942
f 1476 942 944
f 1477 1476 944
f 1477 944 946
f 1477 946 948
f 1478 1477 948
f 1479 1478 948
f 1479 948 950
f 1480 1479 950
f 1480 950 952
f 1480 952 1000
f 1481 1480 1000
f 1482 1481 1000
f 1482 1000 1004
f 1483 1482 1004
f 1483 1004 1008
f 1483 1008 1009
f 1484 1483 1009
f 1485 1009 1016
f 1485 1484 1009
f 1486 1016 1020
f 1486 1020 1024
f 1486 1485 1016
f 1487 1486 1024
f 1488 1024 1028
f 1488 1487 1024
f 1489 1488 1028
f 1489 1028 1029
f 1490 1489 1029
f 1490 1029 1036
f 1490 1036 1040
f 1491 1490 1040
f 1492 1491 1040
f 1492 1040 1043
f 1493 1492 1043
f 1493 1043 1048
f 1493 1048 1051
f 1494 1493 1051
f 1495 1494 1051
f 1495 1051 1053
f 1496 1495 1053
f 1496 1053 1055
f 1496 1055 1057
f 1497 1496 1057
f 1498 1497 1057
f 1498 1057 1059
f 1499 1498 1059
f 1499 1059 1061
f 1500 1499 1061
f 1500 1061 1063
f 1501 1087 1090
f 1501 1500 1063
f 1501 1063 1087
f 1502 1501 1090
f 1503 1090 1092
f 1503 1502 1090
f 1504 1092 1094
f 1504 1503 1092
f 1505 1094 1096
f 1505 1096 1098
f 1505 1504 1094
f 1506 1505 1098
f 1507 1098 1100
f 1507 1100 1108
f 1507 1506 1098
f 1508 1507 1108
f 1509 1108 1109
f 1509 1508 1108
f 1510 1109 1114
f 1510 1509 1109
f 1511 1114 1117
f 1511 1117 1120
f 1511 1510 1114
f 1512 1511 1120
f 1513 1120 1123
f 1513 1123 1126
f 1513 1512 1120
f 1514 1513 1126
f 1515 1514 1126
f 1515 1126 1172
f 1516 1515 1172
f 1516 1172 1171
f 1517 1516 1171
f 1517 1171 972
f 1517 972 971
f 1518 1517 971
f 1519 971 970
f 1519 970 969
f 1519 1518 971
f 1520 969 968
f 1520 1519 969
f 1521 1520 968
f 1522 968 967
f 1522 967 966
f 1522 1521 968
f 1523 1522 966
f 1524 966 965
f 1524 965 964
f 1524 1523 966
f 1525 1524 964
f 1526 964 963
f 1526 1525 964
f 1527 963 962
f 1527 1526 963
f 1528 962 961
f 1528 961 960
f 1528 1527 962
f 1529 1528 960
f 1530 960 959
f 1530 959 954
f 1530 1529 960
f 1531 1530 954
f 1532 954 953
f 1532 1531 954
f 1533 953 955
f 1533 1532 953
f 1534 955 956
f 1534 956 957
f 1534 1533 955
f 1535 1534 957
f 1536 957 958
f 1536 1535 957
f 1537 958 941
f 1537 1536 958
f 1538 941 938
f 1538 1537 941
f 1539 1538 938
f 1539 938 935
f 1539 935 932
f 1540 1539 932
f 1541 932 929
f 1541 1540 932
f 1542 1541 929
f 1542 929 926
f 1542 926 923
f 1543 1542 923
f 1544 1543 923
f 1544 923 920
f 1545 1544 920
f 1545 920 913
f 1546 1545 913
f 1546 913 912
f 1547 1546 912
f 1547 912 914
f 1548 1547 914
f 1548 914 915
f 1549 1548 915
f 1549 915 916
f 1549 916 917
f 1550 1549 917
f 1551 1550 917
f 1551 917 918
f 1552 918 919
f 1552 1551 918
f 1427 919 911
f 1427 1552 919
f 1439 1440 1441
f 1438 1441 1442
f 1438 1439 1441
f 1437 1438 1442
f 1436 1442 1443
f 1436 1437 1442
f 1450 1443 1444
f 1450 1444 1445
f 1450 1445 1446
f 1450 1446 1447
f 1450 1447 1448
f 1450 1448 1449
f 1451 1443 1450
f 1453 1451 1452
f 1432 1433 1434
f 1432 1434 1435
f 1432 1435 1436
f 1456 1453 1454
f 1456 1454 1455
f 1456 1451 1453
f 1428 1429 1430
f 1428 1430 1431
f 1458 1456 1457
f 1551 1552 1427
f 1461 1458 1459
f 1461 1459 1460
f 1461 1456 1458
f 1550 1427 1428
f 1550 1431 1432
f 1550 1432 1436
f 1550 1428 1431
f 1550 1551 1427
f 1463 1461 1462
f 1547 1548 1549
f 1547 1549 1550
f 1545 1546 1547
f 1467 1465 1466
f 1544 1545 1547
f 1543 1544 1547
f 1469 1465 1467
f 1469 1467 1468
f 1470 1465 1469
f 1540 1541 1542
f 1540 1542 1543
f 1473 1463 1464
f 1473 1464 1465
f 1473 1465 1470
f 1473 1470 1471
f 1473 1471 1472
f 1538 1539 1540
f 1538 1540 1543
f 1475 1473 1474
f 1536 1537 1538
f 1536 1538 1543
f 1476 1473 1475
f 1535 1547 1550
f 1535 1543 1547
f 1535 1536 1543
f 1535 1436 1443
f 1535 1443 1451
f 1535 1550 1436
f 1534 1535 1451
f 1479 1476 1477
f 1479 1477 1478
f 1480 1476 1479
f 1531 1532 1533
f 1531 1533 1534
f 1529 1530 1531
f 1529 1531 1534
f 1483 1480 1481
f 1483 1481 1482
f 1483 1476 1480
f 1528 1529 1534
f 1527 1528 1534
f 1485 1483 1484
f 1485 1476 1483
f 1526 1534 1451
f 1526 1451 1456
f 1526 1527 1534
f 1486 1473 1476
f 1486 1476 1485
f 1524 1525 1526
f 1522 1524 1526
f 1522 1523 1524
f 1490 1488 1489
f 1519 1520 1521
f 1519 1521 1522
f 1493 1491 1492
f 1518 1519 1522
f 1494 1488 1490
f 1494 1491 1493
f 1494 1487 1488
f 1494 1490 1491
f 1517 1456 1461
f 1517 1461 1463
f 1517 1522 1526
f 1517 1518 1522
f 1517 1526 1456
f 1497 1495 1496
f 1514 1517 1463
f 1514 1515 1516
f 1514 1516 1517
f 1498 1487 1494
f 1498 1495 1497
f 1498 1486 1487
f 1498 1494 1495
f 1499 1486 1498
f 1500 1486 1499
f 1510 1511 1512
f 1510 1512 1513
f 1510 1513 1514
f 1508 1463 1473
f 1508 1514 1463
f 1508 1510 1514
f 1508 1509 1510
f 1504 1500 1501
f 1504 1501 1502
f 1504 1502 1503
f 1505 1486 1500
f 1505 1500 1504
f 1505 1473 1486
f 1506 1473 1505
f 1506 1508 1473
f 1506 1507 1508
f 767 774 769
f 769 774 772
f 560 558 561
f 561 558 564
f 767 776 774
f 558 556 564
f 531 778 767
f 767 778 776
f 553 552 556
f 556 552 564
f 778 782 779
f 531 784 778
f 778 784 782
f 531 785 784
f 547 546 550
f 550 546 552
f 546 544 552
f 785 792 788
f 788 792 790
f 531 792 785
f 542 540 544
f 552 540 564
f 544 540 552
f 531 793 792
f 537 535 540
f 793 765 796
f 531 765 793
f 564 534 530
f 535 534 540
f 540 534 564
f 531 734 765
f 735 744 737
f 737 744 740
f 740 744 742
f 734 746 735
f 735 746 744
f 746 752 747
f 747 752 750
f 734 752 746
f 734 753 752
f 734 756 753
f 734 758 756
f 734 760 758
f 734 761 760
f 734 764 761
f 531 731 734
f 530 731 531
f 734 731 764
f 629 628 565
f 628 626 565
f 626 624 565
f 624 622 565
f 622 620 565
f 620 617 565
f 617 616 565
f 616 614 565
f 614 612 565
f 612 610 565
f 610 608 565
f 608 606 565
f 606 603 565
f 603 602 565
f 602 599 565
f 599 598 565
f 598 595 565
f 595 594 565
f 594 592 565
f 592 590 565
f 590 587 565
f 586 584 587
f 587 581 565
f 584 581 587
f 581 580 565
f 578 576 580
f 580 576 565
f 576 574 565
f 574 571 565
f 571 569 565
f 565 568 534
f 569 568 565
f 534 568 530
f 568 700 530
f 530 700 731
f 700 697 701
f 701 697 703
f 703 697 706
f 706 697 708
f 708 697 710
f 710 697 712
f 712 697 713
f 713 697 716
f 716 697 718
f 718 697 719
f 719 697 722
f 722 697 724
f 724 697 726
f 726 697 727
f 727 697 730
f 700 631 697
f 697 631 634
f 568 631 700
f 631 695 634
f 634 637 635
f 695 637 634
f 694 637 695
f 694 690 637
f 692 690 694
f 637 686 640
f 640 686 642
f 642 686 644
f 644 686 646
f 690 686 637
f 688 686 690
f 646 650 647
f 646 652 650
f 678 676 680
f 680 676 682
f 652 656 653
f 656 660 658
f 686 660 646
f 683 660 686
f 646 660 652
f 652 660 656
f 660 664 661
f 682 664 683
f 683 664 660
f 669 668 672
f 672 668 674
f 674 668 676
f 668 665 676
f 676 665 682
f 682 665 664
f 1553 1554 1555
f 1553 1556 1554
f 1557 1555 1558
f 1557 1553 1555
f 1559 1560 1556
f 1559 1556 1553
f 1561 1558 1562
f 1561 1557 1558
f 1563 1564 1560
f 1563 1565 1564
f 1563 1560 1559
f 1566 1567 1568
f 1566 1562 1567
f 1566 1561 1562
f 1569 1570 1565
f 1569 1565 1563
f 1571 1568 1572
f 1571 1566 1568
f 1573 1570 1569
f 1573 1574 1570
f 1573 1575 1574
f 1576 1572 1577
f 1576 1571 1572
f 1578 1575 1573
f 1578 1579 1575
f 1580 1577 1581
f 1580 1576 1577
f 1582 1579 1578
f 1582 1583 1579
f 1582 1584 1583
f 1585 1586 1587
f 1585 1581 1586
f 1585 1580 1581
f 1588 1584 1582
f 1588 1589 1584
f 1590 1587 1591
f 1590 1585 1587
f 1592 1589 1588
f 1592 1593 1589
f 1592 1594 1593
f 1595 1591 1596
f 1595 1590 1591
f 1597 1594 1592
f 1598 1596 1599
f 1598 1595 1596
f 1600 1594 1597
f 1601 1598 1599
f 1601 1599 1602
f 1603 1594 1600
f 1604 1601 1602
f 1604 1602 1605
f 1606 1594 1603
f 1607 1604 1605
f 1607 1605 1608
f 1609 1594 1606
f 1610 1594 1609
f 1611 1594 1610
f 1612 1594 1611
f 1612 1613 1594
f 1614 1613 1612
f 1615 1613 1614
f 1616 1613 1615
f 1617 1613 1616
f 1618 1613 1617
f 1619 1613 1618
f 1620 1613 1619
f 1621 1622 1613
f 1621 1623 1622
f 1621 1613 1620
f 1624 1625 1623
f 1624 1623 1621
f 1626 1627 1625
f 1626 1628 1627
f 1626 1625 1624
f 1629 1630 1628
f 1629 1628 1626
f 1631 1632 1630
f 1631 1633 1632
f 1631 1630 1629
f 1634 1635 1633
f 1634 1633 1631
f 1636 1637 1635
f 1636 1638 1637
f 1636 1635 1634
f 1639 1640 1638
f 1639 1638 1636
f 1641 1640 1639
f 1641 1642 1640
f 1641 1643 1642
f 1644 1643 1641
f 1644 1645 1643
f 1646 1647 1645
f 1646 1645 1644
f 1648 1649 1647
f 1648 1650 1649
f 1648 1647 1646
f 1651 1650 1648
f 1652 1653 1654
f 1652 1654 1655
f 1655 1654 1656
f 1655 1656 1657
f 1655 1657 1658
f 1655 1658 1659
f 1659 1658 1660
f 1659 1660 1661
f 1659 1661 1662
f 1662 1661 1663
f 1662 1663 1664
f 1662 1664 1665
f 1665 1664 1666
f 1665 1666 1667
f 1665 1667 1668
f 1665 1668 1669
f 1669 1668 1670
f 1669 1670 1671
f 1669 1671 1672
f 1672 1671 1650
f 1672 1650 1673
f 1673 1650 1674
f 1674 1650 1675
f 1675 1650 1676
f 1676 1650 1677
f 1677 1650 1651
f 1678 1679 1680
f 1680 1679 1681
f 1680 1681 1682
f 1682 1681 1608
f 1608 1681 1683
f 1608 1683 1607
f 1684 1678 1680
f 1684 1685 1678
f 1686 1680 1682
f 1686 1682 1608
f 1686 1684 1680
f 1687 1686 1608
f 1688 1608 1605
f 1688 1687 1608
f 1689 1605 1602
f 1689 1688 1605
f 1690 1602 1599
f 1690 1689 1602
f 1691 1599 1596
f 1691 1690 1599
f 1692 1596 1591
f 1692 1591 1587
f 1692 1691 1596
f 1693 1692 1587
f 1694 1587 1586
f 1694 1586 1581
f 1694 1693 1587
f 1695 1581 1577
f 1695 1694 1581
f 1696 1695 1577
f 1697 1577 1572
f 1697 1572 1568
f 1697 1696 1577
f 1698 1568 1567
f 1698 1697 1568
f 1699 1698 1567
f 1700 1567 1562
f 1700 1699 1567
f 1701 1562 1558
f 1701 1700 1562
f 1702 1558 1555
f 1702 1555 1554
f 1702 1701 1558
f 1703 1702 1554
f 1704 1554 1556
f 1704 1703 1554
f 1705 1556 1560
f 1705 1704 1556
f 1706 1560 1564
f 1706 1564 1565
f 1706 1705 1560
f 1707 1706 1565
f 1708 1707 1565
f 1708 1565 1570
f 1709 1570 1574
f 1709 1708 1570
f 1710 1574 1575
f 1710 1709 1574
f 1711 1575 1579
f 1711 1710 1575
f 1712 1579 1583
f 1712 1583 1584
f 1712 1711 1579
f 1713 1712 1584
f 1714 1584 1589
f 1714 1713 1584
f 1715 1589 1593
f 1715 1714 1589
f 1716 1593 1594
f 1716 1715 1593
f 1717 1594 1613
f 1717 1716 1594
f 1718 1613 1622
f 1718 1717 1613
f 1719 1622 1623
f 1719 1623 1625
f 1719 1718 1622
f 1720 1719 1625
f 1721 1625 1627
f 1721 1720 1625
f 1722 1627 1628
f 1722 1721 1627
f 1723 1628 1630
f 1723 1722 1628
f 1724 1630 1632
f 1724 1723 1630
f 1725 1632 1633
f 1725 1633 1635
f 1725 1724 1632
f 1726 1725 1635
f 1727 1635 1637
f 1727 1637 1638
f 1727 1726 1635
f 1728 1638 1640
f 1728 1727 1638
f 1729 1728 1640
f 1730 1640 1642
f 1730 1642 1643
f 1730 1729 1640
f 1731 1643 1645
f 1731 1730 1643
f 1732 1731 1645
f 1733 1645 1647
f 1733 1732 1645
f 1734 1647 1649
f 1734 1733 1647
f 1735 1649 1650
f 1735 1650 1671
f 1735 1734 1649
f 1736 1735 1671
f 1737 1671 1670
f 1737 1736 1671
f 1738 1670 1668
f 1738 1737 1670
f 1739 1668 1667
f 1739 1667 1666
f 1739 1738 1668
f 1740 1739 1666
f 1741 1740 1666
f 1741 1666 1664
f 1742 1664 1663
f 1742 1741 1664
f 1743 1663 1661
f 1743 1742 1663
f 1744 1661 1660
f 1744 1743 1661
f 1745 1660 1658
f 1745 1658 1657
f 1745 1744 1660
f 1746 1745 1657
f 1747 1657 1656
f 1747 1746 1657
f 1748 1656 1654
f 1748 1747 1656
f 1749 1654 1653
f 1749 1748 1654
f 1750 1751 1752
f 1750 1753 1751
f 1754 1755 1756
f 1754 1757 1755
f 1758 1756 1759
f 1758 1759 1760
f 1758 1754 1756
f 1761 1758 1760
f 1762 1760 1763
f 1762 1761 1760
f 1764 1763 1765
f 1764 1762 1763
f 1766 1765 1767
f 1766 1764 1765
f 1768 1767 1769
f 1768 1766 1767
f 1770 1769 1771
f 1770 1771 1772
f 1770 1768 1769
f 1773 1770 1772
f 1774 1772 1775
f 1774 1775 1776
f 1774 1773 1772
f 1777 1776 1778
f 1777 1774 1776
f 1779 1777 1778
f 1780 1778 1781
f 1780 1781 1782
f 1780 1779 1778
f 1783 1782 1784
f 1783 1780 1782
f 1785 1783 1784
f 1786 1784 1787
f 1786 1785 1784
f 1788 1787 1789
f 1788 1786 1787
f 1790 1789 1791
f 1790 1791 1792
f 1790 1788 1789
f 1793 1790 1792
f 1794 1792 1795
f 1794 1793 1792
f 1796 1795 1797
f 1796 1794 1795
f 1798 1797 1799
f 1798 1799 1800
f 1798 1796 1797
f 1801 1798 1800
f 1802 1801 1800
f 1802 1800 1803
f 1804 1803 1805
f 1804 1802 1803
f 1806 1805 1807
f 1806 1804 1805
f 1808 1807 1809
f 1808 1806 1807
f 1810 1809 1811
f 1810 1811 1812
f 1810 1808 1809
f 1813 1810 1812
f 1814 1812 1815
f 1814 1813 1812
f 1816 1815 1817
f 1816 1814 1815
f 1753 1817 1751
f 1753 1816 1817
f 1653 1818 1755
f 1653 1652 1818
f 1757 1749 1653
f 1757 1653 1755
f 1678 1819 1820
f 1679 1678 1820
f 1821 1819 1678
f 1685 1821 1678
f 1822 1752 1823
f 1822 1750 1752
f 1824 1823 1825
f 1824 1825 1826
f 1824 1822 1823
f 1827 1824 1826
f 1828 1826 1829
f 1828 1827 1826
f 1830 1829 1831
f 1830 1828 1829
f 1832 1831 1833
f 1832 1830 1831
f 1834 1833 1835
f 1834 1832 1833
f 1836 1835 1837
f 1836 1837 1838
f 1836 1834 1835
f 1839 1836 1838
f 1840 1838 1841
f 1840 1841 1842
f 1840 1839 1838
f 1843 1842 1844
f 1843 1840 1842
f 1845 1843 1844
f 1846 1844 1847
f 1846 1847 1848
f 1846 1845 1844
f 1849 1848 1850
f 1849 1846 1848
f 1851 1849 1850
f 1852 1850 1853
f 1852 1851 1850
f 1854 1853 1855
f 1854 1852 1853
f 1856 1855 1857
f 1856 1857 1858
f 1856 1854 1855
f 1859 1856 1858
f 1860 1858 1861
f 1860 1859 1858
f 1862 1861 1863
f 1862 1860 1861
f 1864 1863 1865
f 1864 1865 1866
f 1864 1862 1863
f 1867 1864 1866
f 1868 1867 1866
f 1868 1866 1869
f 1870 1869 1871
f 1870 1868 1869
f 1872 1871 1873
f 1872 1870 1871
f 1874 1873 1875
f 1874 1872 1873
f 1876 1875 1877
f 1876 1877 1878
f 1876 1874 1875
f 1879 1876 1878
f 1880 1878 1881
f 1880 1879 1878
f 1882 1881 1883
f 1882 1880 1881
f 1821 1883 1819
f 1821 1882 1883
f 1849 1851 1852
f 1849 1852 1854
f 1859 1854 1856
f 1860 1854 1859
f 1843 1845 1846
f 1843 1846 1849
f 1864 1860 1862
f 1839 1840 1843
f 1836 1839 1843
f 1870 1867 1868
f 1872 1867 1870
f 1832 1834 1836
f 1832 1836 1843
f 1874 1867 1872
f 1750 1822 1824
f 1750 1824 1827
f 1750 1827 1828
f 1750 1828 1830
f 1750 1830 1832
f 1750 1843 1849
f 1750 1832 1843
f 1821 1864 1867
f 1821 1874 1876
f 1821 1876 1879
f 1821 1879 1880
f 1821 1880 1882
f 1821 1849 1854
f 1821 1860 1864
f 1821 1854 1860
f 1821 1750 1849
f 1821 1867 1874
f 1813 1814 1816
f 1688 1685 1684
f 1688 1684 1686
f 1688 1686 1687
f 1689 1685 1688
f 1690 1685 1689
f 1806 1813 1816
f 1806 1808 1810
f 1806 1810 1813
f 1804 1806 1816
f 1692 1690 1691
f 1801 1802 1804
f 1695 1690 1692
f 1695 1692 1693
f 1695 1693 1694
f 1696 1690 1695
f 1794 1796 1798
f 1794 1798 1801
f 1794 1804 1816
f 1794 1801 1804
f 1793 1794 1816
f 1698 1690 1696
f 1698 1696 1697
f 1699 1685 1690
f 1699 1690 1698
f 1788 1790 1793
f 1788 1793 1816
f 1785 1786 1788
f 1783 1788 1816
f 1783 1785 1788
f 1702 1700 1701
f 1703 1685 1699
f 1703 1699 1700
f 1703 1700 1702
f 1779 1780 1783
f 1704 1685 1703
f 1777 1783 1816
f 1777 1779 1783
f 1773 1774 1777
f 1768 1770 1773
f 1768 1777 1816
f 1768 1773 1777
f 1709 1706 1707
f 1709 1707 1708
f 1762 1764 1766
f 1761 1762 1766
f 1713 1710 1711
f 1713 1711 1712
f 1754 1758 1761
f 1754 1761 1766
f 1754 1766 1768
f 1757 1754 1768
f 1757 1816 1753
f 1757 1753 1750
f 1757 1768 1816
f 1716 1710 1713
f 1716 1821 1685
f 1716 1704 1705
f 1716 1705 1706
f 1716 1709 1710
f 1716 1713 1714
f 1716 1714 1715
f 1716 1685 1704
f 1716 1706 1709
f 1717 1750 1821
f 1717 1757 1750
f 1717 1821 1716
f 1749 1757 1717
f 1747 1749 1717
f 1747 1748 1749
f 1721 1718 1719
f 1721 1719 1720
f 1722 1718 1721
f 1722 1717 1718
f 1743 1744 1745
f 1743 1745 1746
f 1725 1717 1722
f 1725 1722 1723
f 1725 1723 1724
f 1726 1747 1717
f 1726 1717 1725
f 1727 1747 1726
f 1727 1746 1747
f 1738 1739 1740
f 1738 1740 1741
f 1737 1738 1741
f 1737 1741 1742
f 1737 1742 1743
f 1736 1737 1743
f 1730 1727 1728
f 1730 1728 1729
f 1731 1727 1730
f 1735 1743 1746
f 1735 1736 1743
f 1732 1727 1731
f 1733 1746 1727
f 1733 1734 1735
f 1733 1727 1732
f 1733 1735 1746
f 1884 1612 1611
f 1885 1611 1610
f 1885 1884 1611
f 1886 1610 1609
f 1886 1885 1610
f 1887 1609 1606
f 1887 1886 1609
f 1888 1606 1603
f 1888 1887 1606
f 1889 1603 1600
f 1889 1888 1603
f 1890 1600 1597
f 1890 1889 1600
f 1891 1597 1592
f 1891 1890 1597
f 1892 1592 1588
f 1892 1891 1592
f 1893 1588 1582
f 1893 1892 1588
f 1894 1582 1578
f 1894 1893 1582
f 1895 1894 1578
f 1895 1578 1573
f 1896 1895 1573
f 1896 1573 1569
f 1897 1896 1569
f 1897 1569 1563
f 1898 1897 1563
f 1898 1563 1559
f 1899 1898 1559
f 1899 1559 1553
f 1900 1899 1553
f 1900 1553 1557
f 1901 1900 1557
f 1901 1557 1561
f 1902 1901 1561
f 1902 1561 1566
f 1903 1902 1566
f 1903 1566 1571
f 1904 1903 1571
f 1904 1571 1576
f 1905 1904 1576
f 1905 1576 1580
f 1906 1905 1580
f 1906 1580 1585
f 1907 1906 1585
f 1907 1585 1590
f 1908 1590 1595
f 1908 1907 1590
f 1909 1595 1598
f 1909 1908 1595
f 1910 1598 1601
f 1910 1909 1598
f 1911 1601 1604
f 1911 1910 1601
f 1912 1604 1607
f 1912 1911 1604
f 1913 1607 1683
f 1913 1912 1607
f 1914 1683 1681
f 1914 1913 1683
f 1679 1820 1915
f 1916 1681 1679
f 1916 1914 1681
f 1917 1916 1679
f 1918 1915 1919
f 1918 1679 1915
f 1918 1917 1679
f 1920 1919 1921
f 1920 1918 1919
f 1922 1920 1921
f 1922 1921 1923
f 1924 1922 1923
f 1924 1923 1925
f 1926 1924 1925
f 1926 1925 1927
f 1928 1926 1927
f 1928 1927 1929
f 1930 1928 1929
f 1930 1929 1931
f 1932 1930 1931
f 1932 1931 1933
f 1934 1932 1933
f 1934 1933 1935
f 1936 1934 1935
f 1936 1935 1937
f 1938 1936 1937
f 1938 1937 1939
f 1940 1938 1939
f 1940 1939 1941
f 1942 1940 1941
f 1942 1941 1943
f 1944 1942 1943
f 1944 1943 1945
f 1946 1944 1945
f 1946 1945 1947
f 1948 1946 1947
f 1948 1947 1949
f 1950 1948 1949
f 1950 1949 1951
f 1952 1950 1951
f 1952 1951 1953
f 1954 1952 1953
f 1954 1953 1955
f 1956 1954 1955
f 1956 1955 1957
f 1958 1956 1957
f 1958 1957 1959
f 1960 1958 1959
f 1960 1959 1961
f 1962 1961 1963
f 1962 1960 1961
f 1964 1963 1965
f 1964 1962 1963
f 1966 1965 1967
f 1966 1964 1965
f 1968 1967 1969
f 1968 1966 1967
f 1970 1969 1971
f 1970 1968 1969
f 1972 1971 1973
f 1972 1970 1971
f 1974 1972 1973
f 1974 1973 1975
f 1976 1974 1975
f 1976 1975 1977
f 1978 1976 1977
f 1978 1977 1979
f 1980 1978 1979
f 1980 1979 1981
f 1982 1980 1981
f 1982 1981 1983
f 1984 1982 1983
f 1984 1983 1985
f 1986 1984 1985
f 1986 1985 1987
f 1988 1986 1987
f 1988 1987 1989
f 1990 1988 1989
f 1990 1989 1991
f 1992 1990 1991
f 1992 1991 1993
f 1994 1992 1993
f 1994 1993 1995
f 1996 1994 1995
f 1996 1995 1997
f 1998 1997 1999
f 1998 1996 1997
f 2000 1999 2001
f 2000 1998 1999
f 2002 2001 2003
f 2002 2000 2001
f 2004 2003 2005
f 2004 2002 2003
f 2006 2005 2007
f 2006 2004 2005
f 2008 2007 2009
f 2008 2006 2007
f 2010 2009 2011
f 2010 2008 2009
f 2012 2011 2013
f 2012 2010 2011
f 2014 2013 2015
f 2014 2012 2013
f 2016 2015 2017
f 2016 2014 2015
f 2018 2017 2019
f 2018 2016 2017
f 2020 2019 2021
f 2020 2018 2019
f 2022 2021 2023
f 2022 2020 2021
f 2024 2022 2023
f 2024 2023 2025
f 2026 2024 2025
f 2026 2025 2027
f 2028 2026 2027
f 2028 2027 2029
f 2030 2029 2031
f 2030 2028 2029
f 2032 2030 2031
f 2032 2031 2033
f 2034 2033 2035
f 2034 2032 2033
f 2036 2035 2037
f 2036 2034 2035
f 2038 2037 2039
f 2038 2036 2037
f 1652 2039 1818
f 1652 2038 2039
f 2040 2038 1652
f 2041 1652 1655
f 2041 2040 1652
f 2042 1655 1659
f 2042 2041 1655
f 2043 1659 1662
f 2043 2042 1659
f 2044 1662 1665
f 2044 2043 1662
f 2045 1665 1669
f 2045 2044 1665
f 2046 1669 1672
f 2046 2045 1669
f 2047 1672 1673
f 2047 2046 1672
f 2048 1673 1674
f 2048 2047 1673
f 2049 1674 1675
f 2049 2048 1674
f 2050 1675 1676
f 2050 2049 1675
f 2051 1676 1677
f 2051 2050 1676
f 2052 1677 1651
f 2052 2051 1677
f 2053 1651 1648
f 2053 2052 1651
f 2054 1648 1646
f 2054 2053 1648
f 2055 1646 1644
f 2055 2054 1646
f 2056 1644 1641
f 2056 2055 1644
f 2057 2056 1641
f 2057 1641 1639
f 2058 2057 1639
f 2058 1639 1636
f 2059 2058 1636
f 2059 1636 1634
f 2060 2059 1634
f 2060 1634 1631
f 2061 2060 1631
f 2061 1631 1629
f 2062 2061 1629
f 2062 1629 1626
f 2063 2062 1626
f 2063 1626 1624
f 2064 2063 1624
f 2064 1624 1621
f 2065 2064 1621
f 2065 1621 1620
f 2066 2065 1620
f 2066 1620 1619
f 2067 2066 1619
f 2067 1619 1618
f 2068 2067 1618
f 2068 1618 1617
f 2069 1617 1616
f 2069 2068 1617
f 2070 1616 1615
f 2070 2069 1616
f 2071 1615 1614
f 2071 2070 1615
f 1884 1614 1612
f 1884 2071 1614
f 1902 1900 1901
f 1903 1900 1902
f 1896 1897 1898
f 1896 1898 1899
f 1896 1899 1900
f 1905 1903 1904
f 1894 1895 1896
f 1907 1905 1906
f 1908 1905 1907
f 1890 1891 1892
f 1890 1892 1893
f 1890 1893 1894
f 1890 1894 1896
f 1910 1908 1909
f 1910 1900 1903
f 1910 1903 1905
f 1910 1905 1908
f 1911 1896 1900
f 1911 1900 1910
f 1913 1911 1912
f 1913 1896 1911
f 1884 1885 1886
f 1884 1886 1887
f 1884 1887 1888
f 1920 1914 1916
f 1920 1916 1917
f 1920 1917 1918
f 2069 2070 2071
f 1922 1914 1920
f 2067 1888 1889
f 2067 2068 2069
f 2067 2071 1884
f 2067 1884 1888
f 2067 2069 2071
f 1926 1914 1922
f 1926 1913 1914
f 1926 1922 1924
f 1930 1913 1926
f 1930 1926 1928
f 1930 1896 1913
f 2063 2064 2065
f 2063 2065 2066
f 1936 1930 1932
f 1936 1932 1934
f 2060 2063 2066
f 2060 2061 2062
f 2060 2062 2063
f 2059 2060 2066
f 1942 1930 1936
f 1942 1936 1938
f 1942 1938 1940
f 2058 2067 1889
f 2058 2066 2067
f 2058 2059 2066
f 1944 1896 1930
f 1944 1930 1942
f 1948 1944 1946
f 2055 2056 2057
f 1950 1896 1944
f 1950 1944 1948
f 2054 2057 2058
f 2054 2055 2057
f 1954 1950 1952
f 1954 1896 1950
f 2051 2052 2053
f 2051 2053 2054
f 1958 1890 1896
f 1958 1954 1956
f 1958 1896 1954
f 1962 1889 1890
f 1962 1958 1960
f 1962 1890 1958
f 2047 2048 2049
f 2047 2049 2050
f 2047 2050 2051
f 2046 2054 2058
f 2046 2047 2051
f 2046 2051 2054
f 1968 1964 1966
f 2045 2058 1889
f 2045 2046 2058
f 1970 1964 1968
f 1972 1962 1964
f 1972 1964 1970
f 2043 2044 2045
f 1976 1962 1972
f 1976 1972 1974
f 2040 2043 2045
f 2040 2041 2042
f 2040 2042 2043
f 2038 2040 2045
f 2038 2045 1889
f 1982 1978 1980
f 1984 1978 1982
f 1984 1976 1978
f 2034 2036 2038
f 1986 1976 1984
f 2032 2034 2038
f 2030 2032 2038
f 2028 1962 1976
f 2028 1976 1986
f 2028 2038 1889
f 2028 2030 2038
f 2028 1986 1988
f 2028 1889 1962
f 1994 1990 1992
f 1998 1994 1996
f 2000 1994 1998
f 2018 2020 2022
f 2018 2022 2024
f 2018 2024 2026
f 2002 1990 1994
f 2002 1994 2000
f 2016 2018 2026
f 2004 1990 2002
f 2004 1988 1990
f 2014 2016 2026
f 2008 2028 1988
f 2008 1988 2004
f 2008 2004 2006
f 2008 2026 2028
f 2010 2026 2008
f 2010 2014 2026
f 2010 2012 2014
f 1853 1850 1855
f 1850 1858 1855
f 1848 1858 1850
f 1855 1858 1857
f 1858 1865 1861
f 1861 1865 1863
f 1842 1841 1844
f 1844 1841 1847
f 1847 1841 1848
f 1838 1837 1841
f 1835 1833 1837
f 1837 1833 1841
f 1831 1829 1833
f 1829 1826 1833
f 1823 1752 1825
f 1825 1752 1826
f 1848 1819 1858
f 1858 1819 1865
f 1841 1819 1848
f 1865 1819 1866
f 1866 1819 1869
f 1869 1819 1871
f 1871 1819 1873
f 1873 1819 1875
f 1875 1819 1877
f 1877 1819 1878
f 1878 1819 1881
f 1881 1819 1883
f 1833 1819 1841
f 1826 1819 1833
f 1752 1819 1826
f 1815 1812 1817
f 1811 1809 1812
f 1812 1807 1817
f 1809 1807 1812
f 1805 1803 1807
f 1803 1799 1807
f 1800 1799 1803
f 1799 1797 1807
f 1795 1792 1797
f 1792 1791 1797
f 1797 1791 1807
f 1791 1789 1807
f 1787 1784 1789
f 1789 1784 1807
f 1784 1782 1807
f 1776 1775 1778
f 1778 1775 1781
f 1781 1775 1782
f 1772 1771 1775
f 1775 1771 1782
f 1767 1765 1769
f 1769 1765 1771
f 1771 1765 1782
f 1760 1759 1763
f 1763 1759 1765
f 1756 1755 1759
f 1807 1755 1817
f 1782 1755 1807
f 1817 1755 1751
f 1751 1755 1752
f 1765 1755 1782
f 1759 1755 1765
f 1752 1755 1819
f 1820 1919 1915
f 1820 1921 1919
f 1820 1923 1921
f 1820 1925 1923
f 1925 1929 1927
f 1820 1929 1925
f 1929 1933 1931
f 1929 1935 1933
f 1935 1939 1937
f 1929 1939 1935
f 1820 1943 1929
f 1939 1943 1941
f 1929 1943 1939
f 1820 1945 1943
f 1945 1949 1947
f 1949 1955 1951
f 1951 1955 1953
f 1820 1955 1945
f 1945 1955 1949
f 1820 1957 1955
f 1965 1969 1967
f 1971 1975 1973
f 1755 1818 1819
f 1819 1818 1820
f 1965 1979 1969
f 1971 1979 1975
f 1963 1979 1965
f 1969 1979 1971
f 1975 1979 1977
f 1963 1983 1979
f 1957 1983 1959
f 1959 1983 1961
f 1961 1983 1963
f 1979 1983 1981
f 2035 2033 2037
f 2031 2029 2033
f 1818 2029 1820
f 2037 2029 2039
f 2039 2029 1818
f 2033 2029 2037
f 1820 2025 1957
f 1983 2025 1985
f 1985 2025 1987
f 2027 2025 2029
f 1957 2025 1983
f 2029 2025 1820
f 1987 2019 1989
f 1989 2019 1991
f 2021 2019 2023
f 2023 2019 2025
f 2025 2019 1987
f 1993 2001 1995
f 1995 2001 1997
f 1997 2001 1999
f 2015 2013 2017
f 2001 2007 2003
f 2003 2007 2005
f 1993 2007 2001
f 2017 2011 2019
f 2019 2011 1991
f 2013 2011 2017
f 1991 2009 1993
f 1993 2009 2007
f 2011 2009 1991
f 2072 2073 2074
f 2075 2076 2073
f 2075 2073 2072
f 2077 2074 2078
f 2077 2072 2074
f 2079 2076 2075
f 2079 2080 2076
f 2079 2081 2080
f 2082 2077 2078
f 2083 2081 2079
f 2084 2085 2086
f 2084 2078 2085
f 2084 2082 2078
f 2087 2086 2088
f 2087 2084 2086
f 2089 2081 2083
f 2089 2090 2081
f 2091 2092 2090
f 2091 2090 2089
f 2093 2087 2088
f 2094 2095 2092
f 2094 2092 2091
f 2096 2093 2088
f 2096 2097 2098
f 2096 2088 2097
f 2099 2095 2094
f 2099 2100 2095
f 2101 2096 2098
f 2101 2098 2102
f 2103 2100 2099
f 2103 2104 2100
f 2105 2101 2102
f 2105 2102 2106
f 2107 2104 2103
f 2107 2108 2104
f 2109 2105 2106
f 2109 2106 2110
f 2111 2108 2107
f 2111 2112 2108
f 2111 2113 2112
f 2114 2109 2110
f 2114 2110 2115
f 2116 2113 2111
f 2117 2114 2115
f 2118 2113 2116
f 2118 2119 2113
f 2120 2115 2121
f 2120 2117 2115
f 2122 2119 2118
f 2122 2123 2119
f 2124 2125 2126
f 2124 2121 2125
f 2124 2120 2121
f 2127 2123 2122
f 2127 2128 2123
f 2129 2124 2126
f 2130 2128 2127
f 2130 2131 2128
f 2130 2132 2131
f 2133 2132 2130
f 2134 2132 2133
f 2135 2134 2133
f 2136 2137 2134
f 2136 2138 2137
f 2136 2134 2135
f 2139 2138 2136
f 2140 2141 2138
f 2140 2138 2139
f 2142 2143 2141
f 2142 2141 2140
f 2144 2145 2143
f 2144 2143 2142
f 2146 2147 2145
f 2146 2145 2144
f 2148 2149 2147
f 2148 2150 2149
f 2148 2147 2146
f 2151 2150 2148
f 2152 2153 2150
f 2152 2154 2153
f 2152 2150 2151
f 2155 2156 2154
f 2155 2154 2152
f 2157 2156 2155
f 2158 2159 2156
f 2158 2156 2157
f 2160 2161 2159
f 2160 2159 2158
f 2162 2163 2161
f 2162 2161 2160
f 2164 2165 2163
f 2164 2163 2162
f 2166 2167 2165
f 2166 2165 2164
f 2168 2169 2167
f 2168 2170 2169
f 2168 2167 2166
f 2171 2170 2168
f 2172 2170 2171
f 2172 2173 2170
f 2174 2175 2176
f 2176 2175 2177
f 2176 2177 2178
f 2178 2177 2179
f 2178 2179 2180
f 2180 2179 2181
f 2180 2181 2182
f 2182 2181 2183
f 2182 2183 2184
f 2184 2183 2185
f 2184 2185 2186
f 2184 2186 2187
f 2187 2186 2188
f 2188 2186 2189
f 2188 2189 2190
f 2190 2189 2191
f 2190 2191 2192
f 2192 2191 2193
f 2192 2193 2194
f 2192 2194 2195
f 2195 2194 2196
f 2195 2196 2197
f 2197 2196 2198
f 2198 2196 2199
f 2198 2199 2173
f 2198 2173 2172
f 2200 2201 2202
f 2200 2202 2203
f 2203 2202 2129
f 2203 2129 2126
f 2204 2200 2203
f 2204 2205 2200
f 2206 2203 2126
f 2206 2204 2203
f 2207 2126 2125
f 2207 2206 2126
f 2208 2125 2121
f 2208 2207 2125
f 2209 2121 2115
f 2209 2115 2110
f 2209 2208 2121
f 2210 2110 2106
f 2210 2209 2110
f 2211 2210 2106
f 2212 2211 2106
f 2212 2106 2102
f 2212 2102 2098
f 2213 2212 2098
f 2214 2098 2097
f 2214 2213 2098
f 2215 2097 2088
f 2215 2214 2097
f 2216 2088 2086
f 2216 2215 2088
f 2217 2086 2085
f 2217 2216 2086
f 2218 2085 2078
f 2218 2217 2085
f 2219 2078 2074
f 2219 2218 2078
f 2220 2074 2073
f 2220 2073 2076
f 2220 2219 2074
f 2221 2220 2076
f 2222 2076 2080
f 2222 2221 2076
f 2223 2080 2081
f 2223 2081 2090
f 2223 2222 2080
f 2224 2223 2090
f 2225 2090 2092
f 2225 2092 2095
f 2225 2224 2090
f 2226 2225 2095
f 2227 2095 2100
f 2227 2226 2095
f 2228 2100 2104
f 2228 2227 2100
f 2229 2104 2108
f 2229 2228 2104
f 2230 2108 2112
f 2230 2229 2108
f 2231 2112 2113
f 2231 2113 2119
f 2231 2230 2112
f 2232 2119 2123
f 2232 2231 2119
f 2233 2232 2123
f 2234 2123 2128
f 2234 2128 2131
f 2234 2233 2123
f 2235 2234 2131
f 2236 2131 2132
f 2236 2235 2131
f 2237 2132 2134
f 2237 2236 2132
f 2238 2134 2137
f 2238 2237 2134
f 2239 2137 2138
f 2239 2238 2137
f 2240 2138 2141
f 2240 2239 2138
f 2241 2141 2143
f 2241 2240 2141
f 2242 2143 2145
f 2242 2145 2147
f 2242 2241 2143
f 2243 2147 2149
f 2243 2242 2147
f 2244 2243 2149
f 2245 2244 2149
f 2245 2149 2150
f 2245 2150 2153
f 2246 2245 2153
f 2247 2153 2154
f 2247 2246 2153
f 2248 2154 2156
f 2248 2247 2154
f 2249 2156 2159
f 2249 2248 2156
f 2250 2159 2161
f 2250 2249 2159
f 2251 2161 2163
f 2251 2250 2161
f 2252 2163 2165
f 2252 2251 2163
f 2253 2165 2167
f 2253 2167 2169
f 2253 2252 2165
f 2254 2253 2169
f 2255 2169 2170
f 2255 2254 2169
f 2256 2170 2173
f 2256 2173 2199
f 2256 2255 2170
f 2257 2256 2199
f 2258 2199 2196
f 2258 2196 2194
f 2258 2257 2199
f 2259 2258 2194
f 2260 2194 2193
f 2260 2259 2194
f 2261 2193 2191
f 2261 2260 2193
f 2262 2191 2189
f 2262 2261 2191
f 2263 2189 2186
f 2263 2262 2189
f 2264 2186 2185
f 2264 2185 2183
f 2264 2263 2186
f 2265 2183 2181
f 2265 2264 2183
f 2266 2265 2181
f 2267 2181 2179
f 2267 2179 2177
f 2267 2266 2181
f 2268 2267 2177
f 2269 2177 2175
f 2269 2268 2177
f 2270 2271 2272
f 2270 2273 2271
f 2274 2272 2275
f 2274 2270 2272
f 2276 2275 2277
f 2276 2274 2275
f 2278 2277 2279
f 2278 2276 2277
f 2280 2279 2281
f 2280 2281 2282
f 2280 2278 2279
f 2283 2282 2284
f 2283 2280 2282
f 2285 2283 2284
f 2286 2285 2284
f 2286 2284 2287
f 2286 2287 2288
f 2289 2286 2288
f 2290 2288 2291
f 2290 2289 2288
f 2292 2291 2293
f 2292 2290 2291
f 2294 2293 2295
f 2294 2292 2293
f 2296 2295 2297
f 2296 2294 2295
f 2298 2297 2299
f 2298 2296 2297
f 2300 2299 2301
f 2300 2298 2299
f 2302 2301 2303
f 2302 2303 2304
f 2302 2300 2301
f 2305 2302 2304
f 2306 2304 2307
f 2306 2305 2304
f 2308 2307 2309
f 2308 2309 2310
f 2308 2306 2307
f 2311 2308 2310
f 2312 2310 2313
f 2312 2313 2314
f 2312 2311 2310
f 2315 2312 2314
f 2316 2314 2317
f 2316 2315 2314
f 2318 2317 2319
f 2318 2316 2317
f 2320 2319 2321
f 2320 2318 2319
f 2322 2321 2323
f 2322 2320 2321
f 2324 2323 2325
f 2324 2325 2326
f 2324 2322 2323
f 2327 2326 2328
f 2327 2324 2326
f 2329 2327 2328
f 2330 2328 2331
f 2330 2331 2332
f 2330 2329 2328
f 2333 2330 2332
f 2334 2332 2335
f 2334 2333 2332
f 2336 2337 2271
f 2273 2336 2271
f 2338 2339 2340
f 2338 2341 2339
f 2342 2340 2343
f 2342 2338 2340
f 2344 2343 2345
f 2344 2342 2343
f 2346 2345 2347
f 2346 2344 2345
f 2348 2347 2349
f 2348 2349 2350
f 2348 2346 2347
f 2351 2350 2352
f 2351 2348 2350
f 2353 2351 2352
f 2354 2353 2352
f 2354 2352 2355
f 2354 2355 2356
f 2357 2354 2356
f 2358 2356 2359
f 2358 2357 2356
f 2360 2359 2361
f 2360 2358 2359
f 2362 2361 2363
f 2362 2360 2361
f 2364 2363 2365
f 2364 2362 2363
f 2366 2365 2367
f 2366 2364 2365
f 2368 2367 2369
f 2368 2366 2367
f 2370 2369 2371
f 2370 2371 2372
f 2370 2368 2369
f 2373 2370 2372
f 2374 2372 2375
f 2374 2373 2372
f 2376 2375 2377
f 2376 2377 2378
f 2376 2374 2375
f 2379 2376 2378
f 2380 2378 2381
f 2380 2381 2382
f 2380 2379 2378
f 2383 2380 2382
f 2384 2382 2385
f 2384 2383 2382
f 2386 2385 2387
f 2386 2384 2385
f 2388 2387 2389
f 2388 2386 2387
f 2390 2389 2391
f 2390 2388 2389
f 2392 2391 2393
f 2392 2393 2394
f 2392 2390 2391
f 2395 2394 2396
f 2395 2392 2394
f 2397 2395 2396
f 2398 2396 2399
f 2398 2399 2400
f 2398 2397 2396
f 2401 2398 2400
f 2336 2400 2337
f 2336 2401 2400
f 2298 2300 2302
f 2298 2302 2305
f 2294 2296 2298
f 2311 2298 2305
f 2311 2294 2298
f 2311 2305 2306
f 2311 2306 2308
f 2315 2311 2312
f 2289 2290 2292
f 2289 2292 2294
f 2316 2311 2315
f 2285 2286 2289
f 2280 2294 2311
f 2280 2289 2294
f 2280 2285 2289
f 2280 2283 2285
f 2324 2320 2322
f 2276 2278 2280
f 2330 2320 2324
f 2330 2324 2327
f 2330 2327 2329
f 2270 2274 2276
f 2270 2276 2280
f 2334 2280 2311
f 2334 2311 2316
f 2334 2273 2270
f 2334 2270 2280
f 2334 2320 2330
f 2334 2316 2318
f 2334 2318 2320
f 2334 2330 2333
f 2205 2336 2273
f 2205 2273 2334
f 2398 2401 2336
f 2397 2398 2336
f 2392 2395 2397
f 2209 2206 2207
f 2209 2207 2208
f 2390 2392 2397
f 2390 2397 2336
f 2210 2204 2206
f 2210 2206 2209
f 2210 2205 2204
f 2211 2205 2210
f 2386 2388 2390
f 2212 2205 2211
f 2384 2386 2390
f 2383 2390 2336
f 2383 2384 2390
f 2214 2212 2213
f 2215 2205 2212
f 2215 2212 2214
f 2379 2380 2383
f 2217 2215 2216
f 2217 2205 2215
f 2374 2383 2336
f 2374 2379 2383
f 2374 2376 2379
f 2218 2205 2217
f 2373 2374 2336
f 2220 2218 2219
f 2368 2370 2373
f 2221 2205 2218
f 2221 2218 2220
f 2364 2366 2368
f 2224 2221 2222
f 2224 2222 2223
f 2362 2368 2373
f 2362 2364 2368
f 2360 2373 2336
f 2360 2362 2373
f 2226 2224 2225
f 2227 2221 2224
f 2227 2224 2226
f 2357 2358 2360
f 2357 2360 2336
f 2228 2221 2227
f 2351 2353 2354
f 2351 2354 2357
f 2348 2351 2357
f 2348 2357 2336
f 2233 2231 2232
f 2236 2231 2233
f 2236 2228 2229
f 2236 2229 2230
f 2236 2230 2231
f 2236 2233 2234
f 2236 2234 2235
f 2236 2205 2221
f 2236 2221 2228
f 2341 2348 2336
f 2341 2338 2342
f 2341 2342 2344
f 2341 2344 2346
f 2341 2346 2348
f 2269 2336 2205
f 2269 2341 2336
f 2237 2269 2205
f 2237 2205 2236
f 2239 2237 2238
f 2239 2269 2237
f 2266 2267 2268
f 2266 2268 2269
f 2242 2239 2240
f 2242 2240 2241
f 2264 2265 2266
f 2264 2266 2269
f 2263 2264 2269
f 2244 2242 2243
f 2262 2263 2269
f 2261 2262 2269
f 2260 2269 2239
f 2260 2261 2269
f 2246 2244 2245
f 2246 2242 2244
f 2259 2246 2247
f 2259 2239 2242
f 2259 2260 2239
f 2259 2242 2246
f 2248 2258 2259
f 2248 2259 2247
f 2250 2248 2249
f 2250 2258 2248
f 2251 2256 2257
f 2251 2257 2258
f 2251 2258 2250
f 2253 2251 2252
f 2253 2254 2255
f 2253 2255 2256
f 2253 2256 2251
f 2402 2174 2176
f 2402 2403 2174
f 2404 2176 2178
f 2404 2402 2176
f 2405 2178 2180
f 2405 2404 2178
f 2406 2180 2182
f 2406 2405 2180
f 2407 2182 2184
f 2407 2184 2187
f 2407 2406 2182
f 2408 2187 2188
f 2408 2407 2187
f 2409 2408 2188
f 2410 2409 2188
f 2410 2188 2190
f 2410 2190 2192
f 2411 2410 2192
f 2412 2192 2195
f 2412 2411 2192
f 2413 2195 2197
f 2413 2412 2195
f 2414 2197 2198
f 2414 2413 2197
f 2415 2198 2172
f 2415 2414 2198
f 2416 2172 2171
f 2416 2415 2172
f 2417 2171 2168
f 2417 2416 2171
f 2418 2168 2166
f 2418 2166 2164
f 2418 2417 2168
f 2419 2418 2164
f 2420 2164 2162
f 2420 2419 2164
f 2421 2162 2160
f 2421 2160 2158
f 2421 2420 2162
f 2422 2421 2158
f 2423 2158 2157
f 2423 2157 2155
f 2423 2422 2158
f 2424 2423 2155
f 2425 2155 2152
f 2425 2424 2155
f 2426 2152 2151
f 2426 2425 2152
f 2427 2151 2148
f 2427 2426 2151
f 2428 2148 2146
f 2428 2427 2148
f 2429 2146 2144
f 2429 2144 2142
f 2429 2428 2146
f 2430 2142 2140
f 2430 2429 2142
f 2431 2430 2140
f 2432 2140 2139
f 2432 2139 2136
f 2432 2431 2140
f 2433 2432 2136
f 2434 2136 2135
f 2434 2433 2136
f 2435 2135 2133
f 2435 2434 2135
f 2436 2133 2130
f 2436 2435 2133
f 2437 2130 2127
f 2437 2436 2130
f 2438 2127 2122
f 2438 2437 2127
f 2439 2122 2118
f 2439 2438 2122
f 2440 2118 2116
f 2440 2116 2111
f 2440 2439 2118
f 2441 2111 2107
f 2441 2440 2111
f 2442 2441 2107
f 2443 2442 2107
f 2443 2107 2103
f 2443 2103 2099
f 2444 2443 2099
f 2445 2099 2094
f 2445 2444 2099
f 2446 2094 2091
f 2446 2445 2094
f 2447 2091 2089
f 2447 2446 2091
f 2448 2089 2083
f 2448 2447 2089
f 2449 2083 2079
f 2449 2448 2083
f 2450 2079 2075
f 2450 2449 2079
f 2451 2075 2072
f 2451 2072 2077
f 2451 2450 2075
f 2452 2451 2077
f 2453 2077 2082
f 2453 2452 2077
f 2454 2082 2084
f 2454 2084 2087
f 2454 2453 2082
f 2455 2454 2087
f 2456 2087 2093
f 2456 2093 2096
f 2456 2455 2087
f 2457 2456 2096
f 2458 2096 2101
f 2458 2457 2096
f 2459 2101 2105
f 2459 2458 2101
f 2460 2105 2109
f 2460 2459 2105
f 2461 2109 2114
f 2461 2460 2109
f 2462 2114 2117
f 2462 2117 2120
f 2462 2461 2114
f 2463 2120 2124
f 2463 2462 2120
f 2464 2463 2124
f 2465 2124 2129
f 2465 2129 2202
f 2465 2464 2124
f 2466 2465 2202
f 2467 2202 2201
f 2467 2466 2202
f 2175 2468 2339
f 2175 2174 2468
f 2403 2469 2174
f 2341 2269 2175
f 2339 2341 2175
f 2469 2468 2174
f 2470 2471 2472
f 2470 2473 2471
f 2474 2472 2475
f 2474 2470 2472
f 2476 2475 2477
f 2476 2474 2475
f 2478 2477 2479
f 2478 2476 2477
f 2480 2479 2481
f 2480 2481 2482
f 2480 2478 2479
f 2483 2482 2484
f 2483 2480 2482
f 2485 2483 2484
f 2486 2485 2484
f 2486 2484 2487
f 2486 2487 2488
f 2489 2486 2488
f 2490 2488 2491
f 2490 2489 2488
f 2492 2491 2493
f 2492 2490 2491
f 2494 2493 2495
f 2494 2492 2493
f 2496 2495 2497
f 2496 2494 2495
f 2498 2497 2499
f 2498 2496 2497
f 2500 2499 2501
f 2500 2498 2499
f 2502 2501 2503
f 2502 2503 2504
f 2502 2500 2501
f 2505 2502 2504
f 2506 2504 2507
f 2506 2505 2504
f 2508 2507 2509
f 2508 2509 2510
f 2508 2506 2507
f 2511 2508 2510
f 2512 2510 2513
f 2512 2513 2514
f 2512 2511 2510
f 2515 2512 2514
f 2516 2514 2517
f 2516 2515 2514
f 2518 2517 2519
f 2518 2516 2517
f 2520 2519 2521
f 2520 2518 2519
f 2522 2521 2523
f 2522 2520 2521
f 2524 2523 2525
f 2524 2525 2526
f 2524 2522 2523
f 2527 2526 2528
f 2527 2524 2526
f 2529 2527 2528
f 2530 2528 2531
f 2530 2531 2532
f 2530 2529 2528
f 2533 2530 2532
f 2469 2532 2468
f 2469 2533 2532
f 2534 2535 2471
f 2473 2534 2471
f 2536 2537 2538
f 2536 2539 2537
f 2540 2538 2541
f 2540 2536 2538
f 2542 2541 2543
f 2542 2540 2541
f 2544 2543 2545
f 2544 2542 2543
f 2546 2545 2547
f 2546 2547 2548
f 2546 2544 2545
f 2549 2548 2550
f 2549 2546 2548
f 2551 2549 2550
f 2552 2551 2550
f 2552 2550 2553
f 2552 2553 2554
f 2555 2552 2554
f 2556 2554 2557
f 2556 2555 2554
f 2558 2557 2559
f 2558 2556 2557
f 2560 2559 2561
f 2560 2558 2559
f 2562 2561 2563
f 2562 2560 2561
f 2564 2563 2565
f 2564 2562 2563
f 2566 2565 2567
f 2566 2564 2565
f 2568 2567 2569
f 2568 2569 2570
f 2568 2566 2567
f 2571 2568 2570
f 2572 2570 2573
f 2572 2571 2570
f 2574 2573 2575
f 2574 2575 2576
f 2574 2572 2573
f 2577 2574 2576
f 2578 2576 2579
f 2578 2579 2580
f 2578 2577 2576
f 2581 2578 2580
f 2582 2580 2583
f 2582 2581 2580
f 2584 2583 2585
f 2584 2582 2583
f 2586 2585 2587
f 2586 2584 2585
f 2588 2587 2589
f 2588 2586 2587
f 2590 2589 2591
f 2590 2591 2592
f 2590 2588 2589
f 2593 2592 2594
f 2593 2590 2592
f 2595 2593 2594
f 2596 2594 2597
f 2596 2597 2598
f 2596 2595 2594
f 2599 2596 2598
f 2534 2598 2535
f 2534 2599 2598
f 2200 2335 2537
f 2201 2200 2537
f 2205 2334 2200
f 2539 2467 2201
f 2537 2539 2201
f 2334 2335 2200
f 2454 2450 2451
f 2454 2451 2452
f 2454 2452 2453
f 2447 2448 2449
f 2447 2449 2450
f 2456 2454 2455
f 2445 2446 2447
f 2459 2456 2457
f 2459 2457 2458
f 2443 2444 2445
f 2441 2442 2443
f 2461 2459 2460
f 2461 2456 2459
f 2439 2440 2441
f 2439 2443 2445
f 2439 2441 2443
f 2437 2438 2439
f 2437 2450 2454
f 2437 2447 2450
f 2437 2445 2447
f 2437 2439 2445
f 2465 2461 2462
f 2465 2462 2463
f 2465 2463 2464
f 2465 2454 2456
f 2465 2456 2461
f 2467 2465 2466
f 2435 2436 2437
f 2435 2437 2454
f 2435 2454 2465
f 2435 2465 2467
f 2539 2435 2467
f 2434 2435 2539
f 2431 2432 2433
f 2542 2539 2536
f 2542 2536 2540
f 2430 2431 2433
f 2430 2433 2434
f 2429 2430 2434
f 2549 2542 2544
f 2549 2539 2542
f 2549 2544 2546
f 2427 2429 2434
f 2427 2428 2429
f 2551 2539 2549
f 2552 2539 2551
f 2425 2426 2427
f 2558 2552 2555
f 2558 2555 2556
f 2558 2539 2552
f 2423 2427 2434
f 2423 2425 2427
f 2423 2424 2425
f 2560 2539 2558
f 2562 2539 2560
f 2419 2420 2421
f 2568 2562 2564
f 2568 2564 2566
f 2568 2539 2562
f 2418 2419 2421
f 2418 2421 2422
f 2418 2422 2423
f 2417 2418 2423
f 2572 2568 2571
f 2416 2423 2434
f 2416 2417 2423
f 2574 2568 2572
f 2577 2539 2568
f 2577 2568 2574
f 2414 2415 2416
f 2581 2577 2578
f 2412 2413 2414
f 2582 2577 2581
f 2584 2539 2577
f 2584 2577 2582
f 2410 2411 2412
f 2410 2412 2414
f 2586 2539 2584
f 2407 2408 2409
f 2407 2409 2410
f 2407 2414 2416
f 2407 2410 2414
f 2593 2586 2588
f 2593 2588 2590
f 2406 2407 2416
f 2595 2586 2593
f 2599 2539 2586
f 2599 2586 2595
f 2599 2595 2596
f 2402 2404 2405
f 2402 2405 2406
f 2534 2539 2599
f 2403 2406 2416
f 2403 2416 2434
f 2403 2402 2406
f 2473 2539 2534
f 2473 2403 2434
f 2473 2434 2539
f 2469 2403 2473
f 2533 2469 2473
f 2529 2530 2533
f 2527 2533 2473
f 2527 2529 2533
f 2478 2473 2470
f 2478 2470 2474
f 2478 2474 2476
f 2480 2473 2478
f 2483 2527 2473
f 2483 2473 2480
f 2522 2527 2483
f 2522 2524 2527
f 2518 2520 2522
f 2489 2483 2485
f 2489 2485 2486
f 2515 2516 2518
f 2515 2518 2522
f 2492 2489 2490
f 2492 2483 2489
f 2494 2483 2492
f 2511 2512 2515
f 2506 2508 2511
f 2498 2494 2496
f 2498 2483 2494
f 2502 2498 2500
f 2502 2505 2506
f 2502 2522 2483
f 2502 2515 2522
f 2502 2506 2511
f 2502 2511 2515
f 2502 2483 2498
f 2301 2299 2303
f 2303 2299 2304
f 2304 2299 2307
f 2307 2310 2309
f 2297 2295 2299
f 2295 2293 2299
f 2310 2314 2313
f 2307 2314 2310
f 2291 2288 2293
f 2299 2317 2307
f 2307 2317 2314
f 2288 2287 2293
f 2284 2282 2287
f 2317 2323 2319
f 2319 2323 2321
f 2323 2328 2325
f 2325 2328 2326
f 2277 2275 2279
f 2279 2275 2281
f 2281 2275 2282
f 2293 2275 2299
f 2282 2275 2287
f 2287 2275 2293
f 2328 2332 2331
f 2317 2332 2323
f 2323 2332 2328
f 2299 2335 2317
f 2275 2335 2299
f 2317 2335 2332
f 2272 2271 2275
f 2275 2271 2335
f 2271 2337 2335
f 2400 2399 2337
f 2399 2394 2337
f 2396 2394 2399
f 2394 2393 2337
f 2393 2391 2337
f 2389 2387 2391
f 2391 2382 2337
f 2387 2382 2391
f 2385 2382 2387
f 2381 2378 2382
f 2382 2375 2337
f 2378 2375 2382
f 2377 2375 2378
f 2375 2369 2337
f 2371 2369 2372
f 2372 2369 2375
f 2367 2365 2369
f 2365 2361 2369
f 2363 2361 2365
f 2369 2359 2337
f 2361 2359 2369
f 2359 2350 2337
f 2352 2350 2355
f 2355 2350 2356
f 2356 2350 2359
f 2347 2345 2349
f 2349 2345 2350
f 2345 2343 2350
f 2350 2339 2337
f 2343 2339 2350
f 2340 2339 2343
f 2337 2339 2335
f 2537 2541 2538
f 2541 2545 2543
f 2537 2545 2541
f 2545 2550 2547
f 2547 2550 2548
f 2537 2553 2545
f 2545 2553 2550
f 2537 2554 2553
f 2554 2561 2557
f 2557 2561 2559
f 2537 2563 2554
f 2554 2563 2561
f 2563 2567 2565
f 2537 2569 2563
f 2563 2569 2567
f 2537 2570 2569
f 2537 2575 2570
f 2570 2575 2573
f 2537 2576 2575
f 2579 2583 2580
f 2537 2585 2576
f 2579 2585 2583
f 2576 2585 2579
f 2537 2587 2585
f 2537 2591 2587
f 2587 2591 2589
f 2591 2594 2592
f 2537 2598 2591
f 2591 2598 2594
f 2594 2598 2597
f 2537 2535 2598
f 2537 2471 2535
f 2335 2468 2537
f 2537 2468 2471
f 2339 2468 2335
f 2531 2528 2532
f 2471 2479 2472
f 2472 2479 2475
f 2475 2479 2477
f 2525 2523 2526
f 2526 2523 2528
f 2468 2484 2471
f 2479 2484 2481
f 2481 2484 2482
f 2471 2484 2479
f 2528 2484 2532
f 2532 2484 2468
f 2523 2521 2528
f 2519 2517 2521
f 2484 2491 2487
f 2487 2491 2488
f 2517 2514 2521
f 2514 2513 2521
f 2491 2497 2493
f 2493 2497 2495
f 2484 2497 2491
f 2510 2509 2513
f 2513 2509 2521
f 2509 2507 2521
f 2497 2504 2499
f 2528 2504 2484
f 2521 2504 2528
f 2484 2504 2497
f 2507 2504 2521
f 2499 2503 2501
f 2504 2503 2499
f 2600 2601 2602
f 2602 2601 2603
f 2604 2605 2600
f 2600 2605 2601
f 2606 2607 2604
f 2604 2607 2605
f 2608 2609 2606
f 2606 2609 2607
f 2610 2611 2608
f 2608 2611 2609
f 2612 2613 2610
f 2610 2613 2611
f 2614 2615 2612
f 2612 2615 2613
f 2616 2617 2614
f 2614 2617 2615
f 2618 2619 2616
f 2620 2619 2618
f 2616 2619 2617
f 2620 2621 2619
f 2622 2623 2620
f 2620 2623 2621
f 2624 2625 2622
f 2622 2625 2623
f 2626 2627 2624
f 2628 2627 2626
f 2624 2627 2625
f 2629 2630 2628
f 2628 2630 2627
f 2629 2631 2630
f 2632 2633 2629
f 2629 2633 2631
f 2634 2635 2632
f 2632 2635 2633
f 2636 2637 2634
f 2634 2637 2635
f 2638 2639 2636
f 2636 2639 2637
f 2640 2641 2638
f 2642 2641 2640
f 2638 2641 2639
f 2643 2644 2642
f 2642 2644 2641
f 2643 2645 2644
f 2646 2647 2643
f 2643 2647 2645
f 2648 2649 2646
f 2646 2649 2647
f 2650 2651 2648
f 2652 2651 2650
f 2648 2651 2649
f 2653 2654 2652
f 2652 2654 2651
f 2653 2655 2654
f 2656 2657 2653
f 2653 2657 2655
f 2658 2659 2656
f 2656 2659 2657
f 2660 2661 2658
f 2658 2661 2659
f 2662 2663 2660
f 2664 2663 2662
f 2660 2663 2661
f 2664 2665 2663
f 2666 2667 2664
f 2664 2667 2665
f 2668 2669 2666
f 2666 2669 2667
f 2670 2671 2668
f 2668 2671 2669
f 2672 2673 2670
f 2670 2673 2671
f 2674 2675 2672
f 2672 2675 2673
f 2676 2677 2674
f 2674 2677 2675
f 2678 2679 2676
f 2676 2679 2677
f 2680 2681 2678
f 2682 2681 2680
f 2678 2681 2679
f 2682 2683 2681
f 2684 2685 2682
f 2682 2685 2683
f 2686 2687 2684
f 2688 2687 2686
f 2684 2687 2685
f 2688 2689 2687
f 2690 2691 2688
f 2688 2691 2689
f 2692 2693 2690
f 2694 2693 2692
f 2690 2693 2691
f 2694 2695 2693
f 2696 2697 2694
f 2694 2697 2695
f 2698 2699 2696
f 2696 2699 2697
f 2700 2701 2698
f 2698 2701 2699
f 2702 2703 2700
f 2700 2703 2701
f 2704 2705 2702
f 2702 2705 2703
f 2706 2707 2704
f 2708 2707 2706
f 2704 2707 2705
f 2709 2710 2708
f 2708 2710 2707
f 2709 2711 2710
f 2712 2713 2709
f 2714 2713 2712
f 2709 2713 2711
f 2714 2715 2713
f 2716 2717 2714
f 2714 2717 2715
f 2718 2719 2716
f 2716 2719 2717
f 2720 2721 2718
f 2718 2721 2719
f 2722 2723 2720
f 2720 2723 2721
f 2724 2725 2722
f 2722 2725 2723
f 2726 2727 2724
f 2728 2727 2726
f 2724 2727 2725
f 2728 2729 2727
f 2730 2731 2728
f 2728 2731 2729
f 2732 2733 2730
f 2734 2733 2732
f 2730 2733 2731
f 2734 2735 2733
f 2736 2737 2734
f 2734 2737 2735
f 2736 2738 2737
f 2739 2738 2736
f 2739 2740 2738
f 2741 2740 2739
f 2742 2740 2741
f 2742 2743 2740
f 2742 2744 2743
f 2745 2744 2742
f 2746 2747 2745
f 2745 2747 2744
f 2746 2748 2747
f 2749 2748 2746
f 2750 2751 2749
f 2749 2751 2748
f 2750 2752 2751
f 2753 2752 2750
f 2754 2752 2753
f 2754 2755 2752
f 2754 2756 2755
f 2757 2756 2754
f 2758 2759 2757
f 2760 2759 2758
f 2757 2759 2756
f 2760 2761 2759
f 2762 2761 2760
f 2762 2763 2761
f 2762 2764 2763
f 2765 2764 2762
f 2766 2764 2765
f 2766 2767 2764
f 2766 2768 2767
f 2769 2768 2766
f 2770 2771 2769
f 2769 2771 2768
f 2770 2772 2771
f 2773 2772 2770
f 2774 2775 2773
f 2773 2775 2772
f 2774 2776 2775
f 2777 2776 2774
f 2778 2779 2777
f 2777 2779 2776
f 2778 2780 2779
f 2781 2780 2778
f 2782 2783 2781
f 2781 2783 2780
f 2782 2784 2783
f 2785 2784 2782
f 2786 2787 2785
f 2785 2787 2784
f 2786 2788 2787
f 2789 2788 2786
f 2790 2788 2789
f 2790 2791 2788
f 2790 2792 2791
f 2793 2792 2790
f 2793 2794 2792
f 2795 2794 2793
f 2795 2796 2794
f 2797 2796 2795
f 2798 2799 2800
f 2797 2799 2796
f 2800 2799 2797
f 2798 2801 2799
f 2802 2803 2798
f 2804 2803 2802
f 2798 2803 2801
f 2804 2805 2803
f 2806 2807 2804
f 2804 2807 2805
f 2808 2809 2806
f 2806 2809 2807
f 2810 2811 2808
f 2808 2811 2809
f 2812 2813 2810
f 2810 2813 2811
f 2812 2814 2813
f 2815 2814 2812
f 2816 2817 2815
f 2815 2817 2814
f 2818 2819 2816
f 2820 2819 2818
f 2816 2819 2817
f 2820 2821 2819
f 2822 2823 2820
f 2820 2823 2821
f 2824 2825 2822
f 2822 2825 2823
f 2826 2827 2824
f 2824 2827 2825
f 2828 2829 2826
f 2826 2829 2827
f 2830 2831 2828
f 2828 2831 2829
f 2832 2833 2830
f 2830 2833 2831
f 2834 2835 2832
f 2832 2835 2833
f 2836 2837 2834
f 2834 2837 2835
f 2838 2839 2836
f 2836 2839 2837
f 2838 2840 2839
f 2841 2840 2838
f 2841 2842 2840
f 2843 2842 2841
f 2843 2844 2842
f 2845 2844 2843
f 2845 2846 2844
f 2847 2846 2845
f 2847 2848 2846
f 2849 2848 2847
f 2850 2848 2849
f 2850 2851 2848
f 2850 2852 2851
f 2853 2852 2850
f 2853 2854 2852
f 2855 2854 2853
f 2856 2854 2855
f 2856 2857 2854
f 2858 2859 2856
f 2856 2859 2857
f 2858 2860 2859
f 2861 2860 2858
f 2861 2862 2860
f 2863 2862 2861
f 2863 2864 2862
f 2865 2864 2863
f 2866 2864 2865
f 2866 2867 2864
f 2866 2868 2867
f 2869 2868 2866
f 2869 2870 2868
f 2871 2870 2869
f 2872 2870 2871
f 2872 2873 2870
f 2872 2874 2873
f 2875 2874 2872
f 2876 2877 2875
f 2875 2877 2874
f 2876 2878 2877
f 2879 2878 2876
f 2880 2878 2879
f 2880 2881 2878
f 2882 2883 2880
f 2880 2883 2881
f 2884 2885 2882
f 2886 2885 2884
f 2882 2885 2883
f 2886 2887 2885
f 2888 2889 2886
f 2886 2889 2887
f 2890 2891 2888
f 2888 2891 2889
f 2892 2893 2890
f 2890 2893 2891
f 2894 2895 2892
f 2892 2895 2893
f 2896 2897 2894
f 2898 2897 2896
f 2894 2897 2895
f 2899 2900 2898
f 2898 2900 2897
f 2899 2901 2900
f 2899 2902 2901
f 2903 2902 2899
f 2903 2904 2902
f 2905 2904 2903
f 2906 2907 2905
f 2905 2907 2904
f 2908 2909 2906
f 2906 2909 2907
f 2910 2911 2908
f 2912 2911 2910
f 2908 2911 2909
f 2912 2913 2911
f 2914 2915 2912
f 2912 2915 2913
f 2916 2917 2914
f 2914 2917 2915
f 2918 2919 2916
f 2920 2919 2918
f 2916 2919 2917
f 2920 2921 2919
f 2922 2923 2920
f 2920 2923 2921
f 2924 2925 2922
f 2922 2925 2923
f 2926 2927 2924
f 2928 2927 2926
f 2924 2927 2925
f 2928 2929 2927
f 2930 2931 2928
f 2928 2931 2929
f 2602 2603 2930
f 2930 2603 2931
f 2931 2603 2601
f 2929 2601 2605
f 2929 2931 2601
f 2927 2605 2607
f 2927 2929 2605
f 2925 2607 2609
f 2925 2927 2607
f 2923 2609 2611
f 2923 2925 2609
f 2921 2611 2613
f 2921 2923 2611
f 2919 2613 2615
f 2919 2921 2613
f 2917 2615 2617
f 2917 2919 2615
f 2915 2617 2619
f 2915 2917 2617
f 2913 2619 2621
f 2913 2621 2623
f 2913 2915 2619
f 2911 2623 2625
f 2911 2913 2623
f 2909 2625 2627
f 2909 2911 2625
f 2907 2627 2630
f 2907 2909 2627
f 2904 2630 2631
f 2904 2907 2630
f 2902 2631 2633
f 2902 2633 2635
f 2902 2904 2631
f 2901 2635 2637
f 2901 2902 2635
f 2900 2637 2639
f 2900 2901 2637
f 2897 2639 2641
f 2897 2641 2644
f 2897 2900 2639
f 2895 2644 2645
f 2895 2897 2644
f 2893 2895 2645
f 2893 2645 2647
f 2893 2647 2649
f 2891 2649 2651
f 2891 2893 2649
f 2889 2891 2651
f 2889 2651 2654
f 2889 2654 2655
f 2887 2889 2655
f 2887 2655 2657
f 2885 2887 2657
f 2885 2657 2659
f 2883 2885 2659
f 2883 2659 2661
f 2881 2883 2661
f 2881 2661 2663
f 2878 2881 2663
f 2878 2663 2665
f 2877 2878 2665
f 2877 2665 2667
f 2874 2877 2667
f 2874 2667 2669
f 2873 2874 2669
f 2873 2669 2671
f 2870 2873 2671
f 2870 2671 2673
f 2868 2673 2675
f 2868 2870 2673
f 2867 2675 2677
f 2867 2868 2675
f 2864 2677 2679
f 2864 2867 2677
f 2862 2864 2679
f 2862 2679 2681
f 2860 2681 2683
f 2860 2862 2681
f 2859 2683 2685
f 2859 2860 2683
f 2857 2685 2687
f 2857 2859 2685
f 2854 2687 2689
f 2854 2857 2687
f 2852 2854 2689
f 2852 2689 2691
f 2851 2691 2693
f 2851 2852 2691
f 2848 2693 2695
f 2848 2851 2693
f 2846 2695 2697
f 2846 2848 2695
f 2844 2697 2699
f 2844 2846 2697
f 2842 2699 2701
f 2842 2844 2699
f 2840 2842 2701
f 2839 2840 2701
f 2839 2701 2703
f 2837 2703 2705
f 2837 2839 2703
f 2835 2837 2705
f 2835 2705 2707
f 2768 2763 2764
f 2768 2764 2767
f 2771 2763 2768
f 2771 2761 2763
f 2833 2835 2707
f 2833 2707 2710
f 2772 2761 2771
f 2772 2759 2761
f 2831 2833 2710
f 2831 2710 2711
f 2775 2759 2772
f 2775 2756 2759
f 2776 2756 2775
f 2776 2755 2756
f 2829 2711 2713
f 2829 2831 2711
f 2779 2755 2776
f 2779 2752 2755
f 2827 2829 2713
f 2827 2713 2715
f 2780 2752 2779
f 2780 2751 2752
f 2783 2751 2780
f 2783 2748 2751
f 2825 2715 2717
f 2825 2827 2715
f 2784 2748 2783
f 2784 2747 2748
f 2823 2825 2717
f 2823 2717 2719
f 2787 2747 2784
f 2787 2744 2747
f 2788 2744 2787
f 2788 2743 2744
f 2821 2719 2721
f 2821 2823 2719
f 2791 2743 2788
f 2791 2740 2743
f 2819 2821 2721
f 2819 2721 2723
f 2792 2740 2791
f 2792 2738 2740
f 2817 2723 2725
f 2817 2819 2723
f 2794 2738 2792
f 2814 2817 2725
f 2796 2737 2738
f 2796 2738 2794
f 2813 2725 2727
f 2813 2814 2725
f 2799 2735 2737
f 2799 2737 2796
f 2811 2727 2729
f 2811 2813 2727
f 2801 2733 2735
f 2801 2735 2799
f 2809 2811 2729
f 2803 2733 2801
f 2807 2729 2731
f 2807 2809 2729
f 2805 2731 2733
f 2805 2807 2731
f 2805 2733 2803
f 2602 2930 2600
f 2600 2928 2604
f 2930 2928 2600
f 2604 2926 2606
f 2928 2926 2604
f 2606 2924 2608
f 2926 2924 2606
f 2608 2922 2610
f 2924 2922 2608
f 2610 2920 2612
f 2922 2920 2610
f 2612 2918 2614
f 2920 2918 2612
f 2614 2916 2616
f 2918 2916 2614
f 2616 2914 2618
f 2916 2914 2616
f 2618 2912 2620
f 2620 2912 2622
f 2914 2912 2618
f 2622 2910 2624
f 2912 2910 2622
f 2624 2908 2626
f 2910 2908 2624
f 2626 2906 2628
f 2908 2906 2626
f 2628 2905 2629
f 2906 2905 2628
f 2629 2903 2632
f 2632 2903 2634
f 2905 2903 2629
f 2634 2899 2636
f 2903 2899 2634
f 2636 2898 2638
f 2899 2898 2636
f 2638 2896 2640
f 2640 2896 2642
f 2898 2896 2638
f 2642 2894 2643
f 2896 2894 2642
f 2894 2892 2643
f 2643 2892 2646
f 2646 2892 2648
f 2648 2890 2650
f 2892 2890 2648
f 2890 2888 2650
f 2650 2888 2652
f 2652 2888 2653
f 2888 2886 2653
f 2653 2886 2656
f 2886 2884 2656
f 2656 2884 2658
f 2884 2882 2658
f 2658 2882 2660
f 2882 2880 2660
f 2660 2880 2662
f 2880 2879 2662
f 2662 2879 2664
f 2879 2876 2664
f 2664 2876 2666
f 2876 2875 2666
f 2666 2875 2668
f 2875 2872 2668
f 2668 2872 2670
f 2872 2871 2670
f 2670 2871 2672
f 2672 2869 2674
f 2871 2869 2672
f 2674 2866 2676
f 2869 2866 2674
f 2676 2865 2678
f 2866 2865 2676
f 2865 2863 2678
f 2678 2863 2680
f 2680 2861 2682
f 2863 2861 2680
f 2682 2858 2684
f 2861 2858 2682
f 2684 2856 2686
f 2858 2856 2684
f 2686 2855 2688
f 2856 2855 2686
f 2855 2853 2688
f 2688 2853 2690
f 2690 2850 2692
f 2853 2850 2690
f 2692 2849 2694
f 2850 2849 2692
f 2694 2847 2696
f 2849 2847 2694
f 2696 2845 2698
f 2847 2845 2696
f 2698 2843 2700
f 2845 2843 2698
f 2843 2841 2700
f 2841 2838 2700
f 2700 2838 2702
f 2702 2836 2704
f 2838 2836 2702
f 2836 2834 2704
f 2704 2834 2706
f 2762 2769 2765
f 2765 2769 2766
f 2762 2770 2769
f 2760 2770 2762
f 2834 2832 2706
f 2706 2832 2708
f 2760 2773 2770
f 2758 2773 2760
f 2832 2830 2708
f 2708 2830 2709
f 2758 2774 2773
f 2757 2774 2758
f 2757 2777 2774
f 2754 2777 2757
f 2709 2828 2712
f 2830 2828 2709
f 2754 2778 2777
f 2753 2778 2754
f 2828 2826 2712
f 2712 2826 2714
f 2753 2781 2778
f 2750 2781 2753
f 2750 2782 2781
f 2749 2782 2750
f 2714 2824 2716
f 2826 2824 2714
f 2749 2785 2782
f 2746 2785 2749
f 2824 2822 2716
f 2716 2822 2718
f 2746 2786 2785
f 2745 2786 2746
f 2745 2789 2786
f 2742 2789 2745
f 2718 2820 2720
f 2822 2820 2718
f 2742 2790 2789
f 2741 2790 2742
f 2820 2818 2720
f 2720 2818 2722
f 2741 2793 2790
f 2739 2793 2741
f 2722 2816 2724
f 2818 2816 2722
f 2739 2795 2793
f 2816 2815 2724
f 2736 2797 2739
f 2739 2797 2795
f 2724 2812 2726
f 2815 2812 2724
f 2734 2800 2736
f 2736 2800 2797
f 2726 2810 2728
f 2812 2810 2726
f 2732 2798 2734
f 2734 2798 2800
f 2810 2808 2728
f 2732 2802 2798
f 2728 2806 2730
f 2808 2806 2728
f 2730 2804 2732
f 2806 2804 2730
f 2732 2804 2802
f 2932 2933 2934
f 2932 2934 2935
f 2932 2936 2933
f 2937 2932 2935
f 2938 2935 2939
f 2938 2937 2935
f 2940 2939 2941
f 2940 2938 2939
f 2942 2941 2943
f 2942 2940 2941
f 2944 2943 2945
f 2944 2942 2943
f 2946 2945 2947
f 2946 2947 2948
f 2946 2944 2945
f 2949 2946 2948
f 2950 2948 2951
f 2950 2951 2952
f 2950 2949 2948
f 2953 2952 2954
f 2953 2950 2952
f 2955 2954 2956
f 2955 2953 2954
f 2957 2955 2956
f 2958 2957 2956
f 2958 2956 2959
f 2960 2958 2959
f 2960 2959 2961
f 2962 2960 2961
f 2962 2961 2963
f 2964 2962 2963
f 2964 2963 2965
f 2966 2964 2965
f 2966 2965 2967
f 2968 2967 2969
f 2968 2966 2967
f 2968 2969 2970
f 2971 2968 2970
f 2972 2970 2973
f 2972 2971 2970
f 2974 2972 2973
f 2974 2973 2975
f 2936 2976 2933
f 2936 2977 2976
f 2978 2979 2980
f 2978 2981 2979
f 2982 2980 2983
f 2982 2978 2980
f 2984 2983 2985
f 2984 2982 2983
f 2986 2985 2987
f 2986 2984 2985
f 2988 2987 2989
f 2988 2986 2987
f 2990 2989 2991
f 2990 2988 2989
f 2992 2991 2993
f 2992 2990 2991
f 2994 2993 2995
f 2994 2995 2996
f 2994 2992 2993
f 2997 2994 2996
f 2998 2996 2999
f 2998 2997 2996
f 3000 2999 3001
f 3000 2998 2999
f 3002 3001 3003
f 3002 3000 3001
f 3004 3002 3003
f 3004 3003 3005
f 3006 3004 3005
f 3006 3005 3007
f 3008 3006 3007
f 3008 3007 3009
f 3010 3008 3009
f 3010 3009 3011
f 3012 3010 3011
f 3012 3011 3013
f 3012 3013 3014
f 3015 3012 3014
f 3016 3014 3017
f 3016 3017 3018
f 3016 3015 3014
f 3019 3018 2976
f 3019 3016 3018
f 2977 3019 2976
f 3020 3021 2979
f 2981 3020 2979
f 3022 3023 3024
f 3025 3024 3026
f 3025 3022 3024
f 3027 3025 3026
f 3028 3026 3029
f 3028 3027 3026
f 3030 3029 3031
f 3030 3031 3032
f 3030 3028 3029
f 3033 3030 3032
f 3034 3032 3035
f 3034 3033 3032
f 3036 3035 3037
f 3036 3034 3035
f 3038 3037 3039
f 3038 3039 3040
f 3038 3036 3037
f 3041 3038 3040
f 3042 3040 3043
f 3042 3041 3040
f 3044 3043 3045
f 3044 3045 3046
f 3044 3042 3043
f 3047 3044 3046
f 3048 3047 3046
f 3048 3046 3049
f 3050 3048 3049
f 3050 3049 3051
f 3052 3050 3051
f 3052 3051 3053
f 3054 3052 3053
f 3054 3053 3055
f 3056 3054 3055
f 3056 3055 3057
f 3058 3057 3059
f 3058 3056 3057
f 3060 3059 3061
f 3060 3058 3059
f 3062 3061 3063
f 3062 3063 3021
f 3062 3060 3061
f 3020 3062 3021
f 3064 3065 3023
f 3022 3064 3023
f 3066 3067 3068
f 3066 3069 3067
f 3070 3068 3071
f 3070 3066 3068
f 3072 3071 3073
f 3072 3070 3071
f 3074 3073 3075
f 3074 3072 3073
f 3076 3075 3077
f 3076 3077 3078
f 3076 3074 3075
f 3079 3076 3078
f 3080 3078 3081
f 3080 3081 3082
f 3080 3079 3078
f 3083 3080 3082
f 3084 3082 3085
f 3084 3083 3082
f 3086 3085 3087
f 3086 3087 3088
f 3086 3084 3085
f 3089 3086 3088
f 3090 3088 3091
f 3090 3091 3092
f 3090 3089 3088
f 3093 3090 3092
f 3094 3093 3092
f 3094 3092 3095
f 3096 3094 3095
f 3096 3095 3097
f 3098 3096 3097
f 3098 3097 3099
f 3100 3098 3099
f 3100 3099 3101
f 3100 3101 3102
f 3103 3100 3102
f 3104 3102 3105
f 3104 3103 3102
f 3106 3105 3107
f 3106 3107 3065
f 3106 3104 3105
f 3064 3106 3065
f 3069 3108 3067
f 3069 3109 3108
f 3110 3111 3112
f 3110 3113 3111
f 3114 3112 3115
f 3114 3110 3112
f 3116 3115 3117
f 3116 3114 3115
f 3118 3117 3119
f 3118 3116 3117
f 3120 3119 3121
f 3120 3118 3119
f 3122 3121 3123
f 3122 3120 3121
f 3124 3123 3125
f 3124 3122 3123
f 3126 3125 3127
f 3126 3127 3128
f 3126 3124 3125
f 3129 3126 3128
f 3130 3128 3131
f 3130 3129 3128
f 3132 3131 3133
f 3132 3130 3131
f 3134 3133 3135
f 3134 3132 3133
f 3136 3134 3135
f 3136 3135 3137
f 3138 3136 3137
f 3138 3137 3139
f 3140 3138 3139
f 3140 3139 3141
f 3142 3140 3141
f 3142 3141 3143
f 3144 3142 3143
f 3144 3143 3145
f 3144 3145 3146
f 3147 3144 3146
f 3148 3146 3149
f 3148 3149 3150
f 3148 3147 3146
f 3151 3148 3150
f 3109 3150 3108
f 3109 3151 3150
f 3152 3153 3111
f 3113 3152 3111
f 3154 3155 3156
f 3154 3157 3155
f 3158 3156 3159
f 3158 3159 3160
f 3158 3154 3156
f 3161 3158 3160
f 3162 3160 3163
f 3162 3163 3164
f 3162 3161 3160
f 3165 3164 3166
f 3165 3162 3164
f 3167 3165 3166
f 3168 3166 3169
f 3168 3167 3166
f 3170 3169 3171
f 3170 3168 3169
f 3172 3171 3173
f 3172 3170 3171
f 3174 3173 3175
f 3174 3172 3173
f 3176 3175 3177
f 3176 3174 3175
f 3178 3177 3179
f 3178 3176 3177
f 3180 3178 3179
f 3180 3179 3181
f 3182 3180 3181
f 3182 3181 3183
f 3184 3182 3183
f 3184 3183 3185
f 3184 3185 3186
f 3187 3184 3186
f 3188 3187 3186
f 3188 3186 3189
f 3188 3189 3190
f 3191 3188 3190
f 3191 3190 3192
f 3193 3191 3192
f 3194 3192 3195
f 3194 3195 3153
f 3194 3193 3192
f 3152 3194 3153
f 2974 2975 3155
f 3157 2974 3155
f 2957 2958 2960
f 2957 2960 2962
f 2972 2968 2971
f 2974 2962 2964
f 2974 2964 2966
f 2974 2966 2968
f 2974 2957 2962
f 2974 2968 2972
f 2953 2955 2957
f 2949 2950 2953
f 2949 2953 2957
f 2944 2946 2949
f 2944 2949 2957
f 2942 2944 2957
f 2937 2938 2940
f 2937 2940 2942
f 2937 2942 2957
f 2936 2932 2937
f 2936 2957 2974
f 2936 2937 2957
f 3152 2974 3157
f 3152 3157 3154
f 3152 3154 3158
f 3152 3158 3161
f 3152 3161 3162
f 3152 3162 3165
f 3152 3165 3167
f 3152 3167 3168
f 3152 3168 3170
f 3152 3170 3172
f 3152 3172 3174
f 3152 3174 3176
f 3152 3176 3178
f 3152 3178 3180
f 3152 3180 3182
f 3152 3182 3184
f 3152 3184 3187
f 3152 3187 3188
f 3152 3188 3191
f 3152 3191 3193
f 3152 3193 3194
f 3152 2936 2974
f 3016 3019 2977
f 3015 3016 2977
f 3008 3010 3012
f 3008 3012 3015
f 3008 3015 2977
f 3004 3006 3008
f 3002 3004 3008
f 3002 3008 2977
f 2998 3000 3002
f 2994 2998 3002
f 2994 3002 2977
f 2994 2997 2998
f 2990 2992 2994
f 2986 2988 2990
f 2984 2990 2994
f 2984 2986 2990
f 2981 2977 2936
f 2981 2936 3152
f 2981 2994 2977
f 2981 2984 2994
f 2981 2978 2982
f 2981 2982 2984
f 3114 3113 3110
f 3118 3114 3116
f 3118 3113 3114
f 3120 3113 3118
f 3124 3120 3122
f 3124 3113 3120
f 3129 3124 3126
f 3129 3113 3124
f 3134 3130 3132
f 3136 3129 3130
f 3136 3130 3134
f 3142 3136 3138
f 3142 3138 3140
f 3147 3142 3144
f 3147 3136 3142
f 3109 3136 3147
f 3109 3147 3148
f 3109 3148 3151
f 3109 3129 3136
f 3109 3113 3129
f 3020 3152 3113
f 3020 2981 3152
f 3060 3062 3020
f 3058 3060 3020
f 3056 3058 3020
f 3054 3056 3020
f 3052 3054 3020
f 3050 3052 3020
f 3048 3050 3020
f 3047 3048 3020
f 3044 3047 3020
f 3042 3044 3020
f 3041 3042 3020
f 3036 3041 3020
f 3036 3038 3041
f 3033 3036 3020
f 3033 3034 3036
f 3028 3033 3020
f 3028 3030 3033
f 3025 3028 3020
f 3025 3027 3028
f 3022 3025 3020
f 3069 3113 3109
f 3084 3080 3083
f 3064 3020 3113
f 3064 3022 3020
f 3064 3069 3066
f 3064 3066 3070
f 3064 3070 3072
f 3064 3072 3074
f 3064 3074 3076
f 3064 3076 3079
f 3064 3113 3069
f 3064 3079 3080
f 3089 3064 3080
f 3089 3084 3086
f 3089 3080 3084
f 3104 3106 3064
f 3093 3089 3090
f 3093 3064 3089
f 3100 3103 3104
f 3100 3104 3064
f 3096 3093 3094
f 3096 3064 3093
f 3098 3100 3064
f 3098 3064 3096
f 2954 2975 2956
f 2956 2975 2959
f 2959 2975 2961
f 2961 2975 2963
f 2963 2975 2965
f 2965 2975 2967
f 2967 2975 2969
f 2969 2975 2970
f 2970 2975 2973
f 2954 2952 2975
f 2952 2951 2975
f 2951 2948 2975
f 2948 2947 2975
f 2947 2945 2975
f 2943 2941 2945
f 2945 2941 2975
f 2941 2939 2975
f 2939 2935 2975
f 2935 2934 2975
f 2934 2933 2975
f 2933 3155 2975
f 3155 3159 3156
f 3155 3160 3159
f 3155 3163 3160
f 3155 3164 3163
f 3155 3166 3164
f 3155 3169 3166
f 3155 3171 3169
f 3155 3173 3171
f 3155 3175 3173
f 3155 3177 3175
f 3155 3179 3177
f 3155 3181 3179
f 3155 3183 3181
f 3155 3185 3183
f 3155 3186 3185
f 3155 3189 3186
f 3155 3153 3189
f 3189 3153 3190
f 3190 3153 3192
f 3192 3153 3195
f 3018 3017 2976
f 3017 3014 2976
f 3011 3009 3013
f 3013 3009 3014
f 3014 3009 2976
f 3007 3005 3009
f 3005 3003 3009
f 3009 3003 2976
f 3001 2999 3003
f 3003 2995 2976
f 2999 2995 3003
f 2996 2995 2999
f 2993 2991 2995
f 2989 2987 2991
f 2991 2985 2995
f 2987 2985 2991
f 2976 2979 2933
f 2995 2979 2976
f 2985 2979 2995
f 2933 2979 3155
f 2980 2979 2983
f 2983 2979 2985
f 3155 3111 3153
f 3111 3115 3112
f 3115 3119 3117
f 3111 3119 3115
f 3111 3121 3119
f 3121 3125 3123
f 3111 3125 3121
f 3125 3128 3127
f 3111 3128 3125
f 3131 3135 3133
f 3128 3137 3131
f 3131 3137 3135
f 3137 3143 3139
f 3139 3143 3141
f 3143 3146 3145
f 3137 3146 3143
f 3137 3108 3146
f 3146 3108 3149
f 3149 3108 3150
f 3111 3108 3128
f 3128 3108 3137
f 2979 3021 3155
f 3063 3061 3021
f 3061 3059 3021
f 3059 3057 3021
f 3057 3055 3021
f 3055 3053 3021
f 3053 3051 3021
f 3051 3049 3021
f 3049 3046 3021
f 3046 3045 3021
f 3045 3043 3021
f 3043 3040 3021
f 3040 3037 3021
f 3039 3037 3040
f 3037 3032 3021
f 3035 3032 3037
f 3032 3029 3021
f 3031 3029 3032
f 3029 3024 3021
f 3026 3024 3029
f 3024 3023 3021
f 3111 3067 3108
f 3155 3067 3111
f 3081 3085 3082
f 3021 3065 3155
f 3067 3065 3068
f 3068 3065 3071
f 3071 3065 3073
f 3073 3065 3075
f 3075 3065 3077
f 3077 3065 3078
f 3078 3065 3081
f 3023 3065 3021
f 3155 3065 3067
f 3085 3088 3087
f 3081 3088 3085
f 3065 3088 3081
f 3107 3105 3065
f 3088 3092 3091
f 3065 3092 3088
f 3102 3101 3105
f 3105 3101 3065
f 3092 3097 3095
f 3065 3097 3092
f 3101 3099 3065
f 3065 3099 3097
f 3196 3197 3198
f 3199 3196 3198
f 3200 3201 3202
f 3200 3203 3201
f 3204 3202 3205
f 3204 3200 3202
f 3206 3205 3207
f 3206 3204 3205
f 3208 3207 3209
f 3208 3206 3207
f 3210 3209 3211
f 3210 3211 3212
f 3210 3208 3209
f 3213 3212 3214
f 3213 3210 3212
f 3215 3213 3214
f 3216 3215 3214
f 3216 3214 3217
f 3216 3217 3218
f 3219 3216 3218
f 3220 3218 3221
f 3220 3219 3218
f 3222 3221 3223
f 3222 3220 3221
f 3224 3223 3225
f 3224 3222 3223
f 3226 3225 3227
f 3226 3224 3225
f 3228 3227 3229
f 3228 3226 3227
f 3230 3229 3231
f 3230 3228 3229
f 3232 3231 3233
f 3232 3233 3234
f 3232 3230 3231
f 3235 3232 3234
f 3236 3234 3237
f 3236 3235 3234
f 3238 3237 3239
f 3238 3239 3240
f 3238 3236 3237
f 3241 3238 3240
f 3242 3240 3243
f 3242 3243 3244
f 3242 3241 3240
f 3245 3242 3244
f 3246 3244 3247
f 3246 3245 3244
f 3248 3247 3249
f 3248 3246 3247
f 3250 3249 3251
f 3250 3248 3249
f 3252 3251 3253
f 3252 3250 3251
f 3254 3253 3255
f 3254 3255 3256
f 3254 3252 3253
f 3257 3256 3258
f 3257 3254 3256
f 3259 3257 3258
f 3260 3258 3261
f 3260 3261 3262
f 3260 3259 3258
f 3263 3260 3262
f 3196 3262 3197
f 3196 3263 3262
f 3264 3265 3201
f 3203 3264 3201
f 3266 3267 3268
f 3266 3269 3267
f 3270 3268 3271
f 3270 3266 3268
f 3272 3271 3273
f 3272 3270 3271
f 3274 3273 3275
f 3274 3272 3273
f 3276 3275 3277
f 3276 3277 3278
f 3276 3274 3275
f 3279 3278 3280
f 3279 3276 3278
f 3281 3279 3280
f 3282 3281 3280
f 3282 3280 3283
f 3282 3283 3284
f 3285 3282 3284
f 3286 3284 3287
f 3286 3285 3284
f 3288 3287 3289
f 3288 3286 3287
f 3290 3289 3291
f 3290 3288 3289
f 3292 3291 3293
f 3292 3290 3291
f 3294 3293 3295
f 3294 3292 3293
f 3296 3295 3297
f 3296 3294 3295
f 3298 3297 3299
f 3298 3299 3300
f 3298 3296 3297
f 3301 3298 3300
f 3302 3300 3303
f 3302 3301 3300
f 3304 3303 3305
f 3304 3305 3306
f 3304 3302 3303
f 3307 3304 3306
f 3308 3306 3309
f 3308 3309 3310
f 3308 3307 3306
f 3311 3308 3310
f 3312 3310 3313
f 3312 3311 3310
f 3314 3313 3315
f 3314 3312 3313
f 3316 3315 3317
f 3316 3314 3315
f 3318 3317 3319
f 3318 3316 3317
f 3320 3319 3321
f 3320 3321 3322
f 3320 3318 3319
f 3323 3322 3324
f 3323 3320 3322
f 3325 3323 3324
f 3326 3324 3327
f 3326 3327 3328
f 3326 3325 3324
f 3329 3326 3328
f 3264 3328 3265
f 3264 3329 3328
f 3330 3331 3267
f 3269 3330 3267
f 3332 3333 3334
f 3332 3335 3333
f 3336 3334 3337
f 3336 3332 3334
f 3338 3337 3339
f 3338 3336 3337
f 3340 3339 3341
f 3340 3338 3339
f 3342 3341 3343
f 3342 3343 3344
f 3342 3340 3341
f 3345 3344 3346
f 3345 3342 3344
f 3347 3345 3346
f 3348 3347 3346
f 3348 3346 3349
f 3348 3349 3350
f 3351 3348 3350
f 3352 3350 3353
f 3352 3351 3350
f 3354 3353 3355
f 3354 3352 3353
f 3356 3355 3357
f 3356 3354 3355
f 3358 3357 3359
f 3358 3356 3357
f 3360 3359 3361
f 3360 3358 3359
f 3362 3361 3363
f 3362 3360 3361
f 3364 3363 3365
f 3364 3365 3366
f 3364 3362 3363
f 3367 3364 3366
f 3368 3366 3369
f 3368 3367 3366
f 3370 3369 3371
f 3370 3371 3372
f 3370 3368 3369
f 3373 3370 3372
f 3374 3372 3375
f 3374 3375 3376
f 3374 3373 3372
f 3377 3374 3376
f 3378 3376 3379
f 3378 3377 3376
f 3380 3379 3381
f 3380 3378 3379
f 3382 3381 3383
f 3382 3380 3381
f 3384 3383 3385
f 3384 3382 3383
f 3386 3385 3387
f 3386 3387 3388
f 3386 3384 3385
f 3389 3388 3390
f 3389 3386 3388
f 3391 3389 3390
f 3392 3390 3393
f 3392 3393 3394
f 3392 3391 3390
f 3395 3392 3394
f 3330 3394 3331
f 3330 3395 3394
f 3396 3397 3333
f 3335 3396 3333
f 3398 3198 3399
f 3398 3199 3198
f 3400 3399 3401
f 3400 3398 3399
f 3402 3401 3403
f 3402 3400 3401
f 3404 3403 3405
f 3404 3402 3403
f 3406 3405 3407
f 3406 3407 3408
f 3406 3404 3405
f 3409 3408 3410
f 3409 3406 3408
f 3411 3409 3410
f 3412 3411 3410
f 3412 3410 3413
f 3412 3413 3414
f 3415 3412 3414
f 3416 3414 3417
f 3416 3415 3414
f 3418 3417 3419
f 3418 3416 3417
f 3420 3419 3421
f 3420 3418 3419
f 3422 3421 3423
f 3422 3420 3421
f 3424 3423 3425
f 3424 3422 3423
f 3426 3425 3427
f 3426 3424 3425
f 3428 3427 3429
f 3428 3429 3430
f 3428 3426 3427
f 3431 3428 3430
f 3432 3430 3433
f 3432 3431 3430
f 3434 3433 3435
f 3434 3435 3436
f 3434 3432 3433
f 3437 3434 3436
f 3438 3436 3439
f 3438 3439 3440
f 3438 3437 3436
f 3441 3438 3440
f 3442 3440 3443
f 3442 3441 3440
f 3444 3443 3445
f 3444 3442 3443
f 3446 3445 3447
f 3446 3444 3445
f 3448 3447 3449
f 3448 3446 3447
f 3450 3449 3451
f 3450 3451 3452
f 3450 3448 3449
f 3453 3452 3454
f 3453 3450 3452
f 3455 3453 3454
f 3456 3454 3457
f 3456 3457 3458
f 3456 3455 3454
f 3459 3456 3458
f 3396 3458 3397
f 3396 3459 3458
f 3238 3235 3236
f 3226 3228 3230
f 3226 3230 3232
f 3226 3232 3235
f 3241 3235 3238
f 3242 3235 3241
f 3219 3220 3222
f 3219 3222 3224
f 3219 3224 3226
f 3248 3242 3245
f 3248 3245 3246
f 3216 3226 3235
f 3216 3219 3226
f 3213 3215 3216
f 3252 3248 3250
f 3252 3242 3248
f 3259 3252 3254
f 3259 3254 3257
f 3259 3235 3242
f 3259 3216 3235
f 3259 3242 3252
f 3204 3206 3208
f 3204 3208 3210
f 3204 3210 3213
f 3204 3213 3216
f 3196 3200 3204
f 3196 3259 3260
f 3196 3260 3263
f 3196 3216 3259
f 3196 3204 3216
f 3196 3203 3200
f 3326 3329 3264
f 3323 3326 3264
f 3323 3325 3326
f 3320 3323 3264
f 3316 3318 3320
f 3314 3316 3320
f 3307 3308 3311
f 3307 3311 3312
f 3302 3314 3320
f 3302 3307 3312
f 3302 3304 3307
f 3302 3312 3314
f 3301 3320 3264
f 3301 3302 3320
f 3296 3301 3264
f 3296 3298 3301
f 3290 3292 3294
f 3288 3290 3294
f 3288 3294 3296
f 3286 3288 3296
f 3285 3286 3296
f 3282 3285 3296
f 3281 3282 3296
f 3276 3281 3296
f 3276 3279 3281
f 3274 3296 3264
f 3274 3276 3296
f 3266 3270 3272
f 3266 3272 3274
f 3269 3203 3196
f 3269 3274 3264
f 3269 3266 3274
f 3269 3264 3203
f 3402 3398 3400
f 3406 3402 3404
f 3409 3199 3398
f 3409 3398 3402
f 3409 3402 3406
f 3411 3199 3409
f 3412 3199 3411
f 3416 3412 3415
f 3416 3199 3412
f 3420 3416 3418
f 3420 3199 3416
f 3422 3199 3420
f 3428 3422 3424
f 3428 3424 3426
f 3431 3199 3422
f 3431 3422 3428
f 3437 3199 3431
f 3437 3431 3432
f 3437 3432 3434
f 3442 3199 3437
f 3442 3437 3438
f 3442 3438 3441
f 3446 3199 3442
f 3446 3442 3444
f 3448 3199 3446
f 3453 3448 3450
f 3455 3448 3453
f 3396 3199 3448
f 3396 3448 3455
f 3396 3455 3456
f 3396 3456 3459
f 3330 3196 3199
f 3330 3269 3196
f 3335 3199 3396
f 3335 3330 3199
f 3392 3395 3330
f 3391 3392 3330
f 3338 3335 3332
f 3338 3332 3336
f 3389 3391 3330
f 3386 3389 3330
f 3347 3340 3342
f 3347 3342 3345
f 3382 3386 3330
f 3382 3384 3386
f 3348 3338 3340
f 3348 3340 3347
f 3380 3382 3330
f 3351 3338 3348
f 3377 3378 3380
f 3377 3380 3330
f 3354 3330 3335
f 3354 3335 3338
f 3354 3351 3352
f 3354 3338 3351
f 3374 3377 3330
f 3370 3373 3374
f 3360 3354 3356
f 3360 3356 3358
f 3368 3374 3330
f 3368 3370 3374
f 3367 3368 3330
f 3362 3354 3360
f 3364 3330 3354
f 3364 3354 3362
f 3364 3367 3330
f 3234 3239 3237
f 3229 3227 3231
f 3231 3227 3233
f 3233 3227 3234
f 3243 3247 3244
f 3243 3249 3247
f 3227 3217 3234
f 3218 3217 3221
f 3221 3217 3223
f 3223 3217 3225
f 3225 3217 3227
f 3214 3212 3217
f 3234 3253 3239
f 3243 3253 3249
f 3239 3253 3240
f 3240 3253 3243
f 3249 3253 3251
f 3209 3207 3211
f 3211 3207 3212
f 3217 3258 3234
f 3234 3258 3253
f 3253 3258 3255
f 3255 3258 3256
f 3212 3205 3217
f 3207 3205 3212
f 3201 3197 3202
f 3202 3197 3205
f 3217 3197 3258
f 3205 3197 3217
f 3258 3197 3261
f 3261 3197 3262
f 3328 3327 3265
f 3324 3322 3327
f 3322 3319 3327
f 3327 3319 3265
f 3321 3319 3322
f 3317 3315 3319
f 3319 3313 3265
f 3315 3313 3319
f 3310 3309 3313
f 3309 3306 3313
f 3305 3303 3306
f 3306 3300 3313
f 3303 3300 3306
f 3313 3295 3265
f 3300 3295 3313
f 3297 3295 3299
f 3299 3295 3300
f 3295 3293 3265
f 3289 3287 3291
f 3291 3287 3293
f 3287 3283 3293
f 3284 3283 3287
f 3283 3278 3293
f 3280 3278 3283
f 3278 3277 3293
f 3293 3275 3265
f 3277 3275 3293
f 3271 3268 3273
f 3273 3268 3275
f 3275 3267 3265
f 3268 3267 3275
f 3265 3267 3201
f 3201 3267 3197
f 3399 3403 3401
f 3198 3405 3399
f 3399 3405 3403
f 3405 3408 3407
f 3198 3408 3405
f 3198 3410 3408
f 3198 3413 3410
f 3413 3417 3414
f 3198 3417 3413
f 3417 3421 3419
f 3417 3423 3421
f 3198 3425 3417
f 3417 3425 3423
f 3198 3427 3425
f 3427 3430 3429
f 3198 3430 3427
f 3430 3436 3433
f 3433 3436 3435
f 3198 3439 3430
f 3430 3439 3436
f 3439 3443 3440
f 3439 3445 3443
f 3198 3449 3439
f 3439 3449 3445
f 3445 3449 3447
f 3198 3452 3449
f 3449 3452 3451
f 3198 3457 3452
f 3452 3457 3454
f 3198 3397 3457
f 3457 3397 3458
f 3198 3331 3397
f 3267 3331 3197
f 3197 3331 3198
f 3331 3333 3397
f 3394 3393 3331
f 3393 3390 3331
f 3333 3339 3334
f 3334 3339 3337
f 3331 3341 3333
f 3333 3341 3339
f 3390 3388 3331
f 3387 3385 3388
f 3388 3385 3331
f 3341 3346 3343
f 3343 3346 3344
f 3383 3381 3385
f 3346 3353 3349
f 3349 3353 3350
f 3379 3376 3381
f 3385 3375 3331
f 3381 3375 3385
f 3376 3375 3381
f 3331 3372 3341
f 3375 3372 3331
f 3353 3357 3355
f 3372 3371 3341
f 3357 3361 3359
f 3369 3366 3371
f 3341 3366 3346
f 3371 3366 3341
f 3357 3363 3361
f 3346 3365 3353
f 3353 3365 3357
f 3366 3365 3346
f 3357 3365 3363
