SIZES
  narena                1326448640
  nbuffer               416272
  nplugin               0
  maxuse_stack          45320
  maxuse_arena          189512
  maxuse_con            27
  maxuse_efc            112
  solver_nisland        1
  ne                    0
  nf                    6
  nl                    2
  nefc                  40
  nnzJ                  1680
  ncon                  9
  nisland               0
  threadpool            0

TIMER
    0:  duration =  0.18       number = 1
    1:  duration =  0          number = 0
    2:  duration =  0          number = 0
    3:  duration =  0.12       number = 1
    4:  duration =  0.01       number = 1
    5:  duration =  0.0015     number = 1
    6:  duration =  0.044      number = 1
    7:  duration =  0.0023     number = 1
    8:  duration =  0.011      number = 1
    9:  duration =  0.0026     number = 1
    10:  duration =  0.092      number = 1
    11:  duration =  0.011      number = 1
    12:  duration =  0.00023    number = 1
    13:  duration =  0.014      number = 1
    14:  duration =  0.051      number = 1

SOLVER STAT
  solver_nisland = 1
  solver_fwdinv =   0         0       
  ISLAND 0
    solver_niter = 5
    solver_nnz = 1764
      0:  improvement =  12          gradient =  0.79        lineslope =  5.3e-11 
          nactive = 40   nchange = 8   neval = 8   nupdate = 12
      1:  improvement =  3.5         gradient =  0.65        lineslope =  2.5e-11 
          nactive = 40   nchange = 0   neval = 5   nupdate = 4
      2:  improvement =  4.2         gradient =  0.25        lineslope =  1.1e-14 
          nactive = 40   nchange = 0   neval = 5   nupdate = 4
      3:  improvement =  0.16        gradient =  0.18        lineslope =  0       
          nactive = 40   nchange = 4   neval = 11   nupdate = 4
      4:  improvement =  0.51        gradient =  4.5e-16     lineslope =  0       
          nactive = 40   nchange = 0   neval = 2   nupdate = 0

ENERGY =   0         0       

TIME =  1.2e+02 

QPOS
  -0.46    
  -1.8     
   2.4     
  -2.3     
  -1.6     
  -2       
   0.22    
  -0.26    
  -0.0097  
   0.22    
  -0.26    
  -0.0098  
  -0.2     
  -0.15    
   0.82    
   0.69    
  -0.00048 
   4e-05   
   0.72    
   0.12    
  -0.25    
   0.85    
   1       
  -0.00012 
   0.00039 
  -0.00025 
   0.12    
  -0.11    
   0.82    
   1       
   0.0006  
  -0.00046 
   0.036   
   0.12    
   0.06    
   0.85    
   1       
   0.00016 
   0.00017 
  -0.00042 
   0.12    
   0.24    
   0.85    
   1       
   5e-05   
  -0.00049 
   0.0018  

QVEL
   1.1e-06 
   1.4e-06 
   4.9e-06 
  -2.6e-06 
   9.5e-06 
   1.5e-07 
   0.00015 
  -0.009   
   0.00044 
  -0.012   
  -0.15    
  -0.0044  
   0.0045  
   0.015   
  -0.0015  
   0.23    
   0.65    
   0.00057 
   0.0034  
  -0.0012  
   0.0013  
   0.017   
   0.08    
   2.6e-05 
  -0.013   
  -0.0062  
  -0.0031  
   0.27    
  -0.71    
   0.0008  
   0.018   
   0.0028  
   0.00047 
  -0.05    
   0.33    
  -0.00012 
   0.0014  
  -0.0093  
   0.001   
   0.17    
   0.0062  
  -0.00015 

QACC_WARMSTART
  -0.00018 
   0.00034 
   0.0012  
   0.00068 
  -0.0016  
  -9.6e-06 
  -6.5     
  -78      
  -2.4     
  -4.7     
  -54      
  -1.8     
   4       
   4.2     
  -2       
   1.8e+02 
   1.7e+02 
   0.081   
  -2.9     
  -7.3     
   1.1     
   1.4e+02 
  -57      
   0.075   
  -3.7     
   6.3     
  -2       
  -2.9e+02 
  -1.9e+02 
  -0.11    
   2.9     
   11      
   0.93    
  -2.2e+02 
   65      
   0.04    
   2.4     
  -6.1     
  -0.34    
   1.2e+02 
   50      
  -0.11    

CTRL
  -0.0015  
  -6.1     
  -13      
  -1.6     
  -0.017   
   5.1e-05 
   0.4     
   0.4     

QFRC_APPLIED
   0       
   0       
   0       
   0       
   0       
   0       
   0       
   0       
   0       
   0       
   0       
   0       
   0       
   0       
   0       
   0       
   0       
   0       
   0       
   0       
   0       
   0       
   0       
   0       
   0       
   0       
   0       
   0       
   0       
   0       
   0       
   0       
   0       
   0       
   0       
   0       
   0       
   0       
   0       
   0       
   0       
   0       

XFRC_APPLIED
   0         0         0         0         0         0       
   0         0         0         0         0         0       
   0         0         0         0         0         0       
   0         0         0         0         0         0       
   0         0         0         0         0         0       
   0         0         0         0         0         0       
   0         0         0         0         0         0       
   0         0         0         0         0         0       
   0         0         0         0         0         0       
   0         0         0         0         0         0       
   0         0         0         0         0         0       
   0         0         0         0         0         0       
   0         0         0         0         0         0       
   0         0         0         0         0         0       
   0         0         0         0         0         0       
   0         0         0         0         0         0       
   0         0         0         0         0         0       
   0         0         0         0         0         0       
   0         0         0         0         0         0       
   0         0         0         0         0         0       
   0         0         0         0         0         0       
   0         0         0         0         0         0       
   0         0         0         0         0         0       
   0         0         0         0         0         0       
   0         0         0         0         0         0       
   0         0         0         0         0         0       
   0         0         0         0         0         0       
   0         0         0         0         0         0       
   0         0         0         0         0         0       
   0         0         0         0         0         0       
   0         0         0         0         0         0       

MOCAP_POS
   0         0        -1       
   0         0        -1       

MOCAP_QUAT
   1         0         0         0       
   1         0         0         0       

QACC
  -0.00018 
   0.00034 
   0.0012  
   0.00068 
  -0.0016  
  -9.6e-06 
  -6.5     
  -78      
  -2.4     
  -4.7     
  -54      
  -1.8     
   4       
   4.2     
  -2       
   1.8e+02 
   1.7e+02 
   0.081   
  -2.9     
  -7.3     
   1.1     
   1.4e+02 
  -57      
   0.075   
  -3.7     
   6.3     
  -2       
  -2.9e+02 
  -1.9e+02 
  -0.11    
   2.9     
   11      
   0.93    
  -2.2e+02 
   65      
   0.04    
   2.4     
  -6.1     
  -0.34    
   1.2e+02 
   50      
  -0.11    

SENSOR
   0.034   
   0.075   
  -1.6     
  -0.0038  
   0.0022  
  -5.8e-06 

XPOS
   0         0         0       
   0         0         0.78    
   0         0        -1       
   0         0        -1       
  -0.56      0         0.91    
  -0.56      0         0.91    
  -0.56      0         1.1     
  -0.5       0.12      1.1     
  -0.63      0.041     1.5     
  -0.35     -0.093     1.2     
  -0.3       0.021     1.2     
  -0.21     -0.023     1.2     
  -0.21     -0.028     1.2     
  -0.21     -0.028     1.2     
  -0.2      -0.035     1       
  -0.21      5.1e-05   1.1     
  -0.2       0.025     1       
  -0.21     -0.018     1.1     
  -0.21     -0.061     1.1     
  -0.21     -0.091     1       
  -0.21     -0.044     1.1     
  -0.56      0         0.92    
  -0.56      0         0.92    
  -0.56      0         0.92    
  -0.56      0         0.92    
  -0.56      0         0.92    
  -0.2      -0.15      0.82    
   0.12     -0.25      0.85    
   0.12     -0.11      0.82    
   0.12      0.06      0.85    
   0.12      0.24      0.85    

XQUAT
   1         0         0         0       
   1         0         0         0       
   1         0         0         0       
   1         0         0         0       
   1         0         0         0       
   1         0         0         0       
   0.97      0         0        -0.23    
   0.97     -0.021    -0.091    -0.22    
   0.42      0.2       0.88     -0.097   
   0.7       0.16      0.67     -0.16    
   0.37     -0.38      0.58     -0.62    
   0.69     -0.72      0.0026   -0.018   
  -0.025    -1         0.014    -0.011   
  -0.025    -1         0.014    -0.011   
  -0.025    -0.72     -0.7       0.01    
   0.0091    0.016     0.99     -0.13    
   0.011     0.014     1        -0.0054  
   0.011     0.014     1        -0.02    
   0.082    -1         0.013    -0.012   
  -0.045    -1         0.015    -0.01    
  -0.03     -1         0.015    -0.011   
   1         0         0         0       
   1         0         0         0       
   1         0         0         0       
   1         0         0         0       
   1         0         0         0       
   0.69     -0.00016  -0.00057   0.72    
   1        -0.00013   0.00032  -0.00025 
   1         0.0003    0.00024   0.036   
   1         0.00021  -0.00015  -0.00042 
   1        -0.00012  -0.0005    0.0018  

XMAT
   1         0         0         0         1         0         0         0         1       
   1         0         0         0         1         0         0         0         1       
   1         0         0         0         1         0         0         0         1       
   1         0         0         0         1         0         0         0         1       
   1         0         0         0         1         0         0         0         1       
   1         0         0         0         1         0         0         0         1       
   0.9       0.44      0        -0.44      0.9      -0        -0         0         1       
   0.88      0.44     -0.17     -0.43      0.9       0.082     0.19      2.8e-17   0.98    
  -0.57      0.44      0.7       0.28      0.9      -0.34     -0.78      2.8e-17  -0.63    
   0.037     0.44      0.9      -0.018     0.9      -0.44     -1        -2.8e-17   0.041   
  -0.44      0.021     0.9      -0.9      -0.051    -0.44      0.036    -1         0.041   
   1         0.021     0.029    -0.028    -0.051     1         0.022    -1        -0.05    
   1        -0.029     0.021    -0.028    -1        -0.051     0.022     0.05     -1       
   1        -0.029     0.021    -0.028    -1        -0.051     0.022     0.05     -1       
   0.029     1         0.021     1        -0.028    -0.051    -0.05      0.022    -1       
  -1         0.033     0.014     0.028     0.96     -0.26     -0.022    -0.26     -0.96    
  -1         0.029     0.022     0.028     1        -0.011    -0.022    -0.01     -1       
  -1         0.029     0.021     0.028     1        -0.041    -0.022    -0.04     -1       
   1        -0.024     0.027    -0.028    -0.99      0.16      0.022    -0.16     -0.99    
   1        -0.03      0.02     -0.028    -1        -0.091     0.022     0.09     -1       
   1        -0.03      0.02     -0.028    -1        -0.061     0.022     0.06     -1       
   1         0         0         0         1         0         0         0         1       
   1         0         0         0         1         0         0         0         1       
   1         0         0         0         1         0         0         0         1       
   1         0         0         0         1         0         0         0         1       
   1         0         0         0         1         0         0         0         1       
  -0.048    -1        -0.001     1        -0.048    -0.0006    0.00055  -0.0011    1       
   1         0.00051   0.00063  -0.00051   1         0.00027  -0.00063  -0.00027   1       
   1        -0.072     0.0005    0.072     1        -0.00059  -0.00046   0.00062   1       
   1         0.00083  -0.00031  -0.00083   1        -0.00042   0.00031   0.00042   1       
   1        -0.0035   -0.001     0.0035    1         0.00023   0.001    -0.00023   1       

XIPOS
   0         0         0       
   0         0         0.78    
   0         0        -2       
   0         0        -2       
  -0.56      0         0.91    
  -0.56     -1.5e-06   0.96    
  -0.56      0         1.1     
  -0.53      0.14      1.3     
  -0.49     -0.026     1.4     
  -0.3       0.021     1.2     
  -0.21     -0.023     1.2     
  -0.21     -0.027     1.2     
  -0.21     -0.13      1.2     
  -0.21     -0.028     1.2     
  -0.2      -0.042     0.86    
  -0.2       0.056     1.1     
  -0.2       0.028     1       
  -0.2       0.033     1.1     
  -0.21     -0.12      1.1     
  -0.21     -0.094     1       
  -0.21     -0.094     1.1     
  -0.56      0         0.93    
  -0.89      0         0.54    
  -0.68      0         0.16    
  -0.56      0         0.92    
  -0.56      0         0.92    
  -0.2      -0.15      0.82    
   0.12     -0.25      0.85    
   0.12     -0.11      0.82    
   0.12      0.06      0.84    
   0.12      0.24      0.85    

XIMAT
   1         0         0         0         1         0         0         0         1       
   1         0         0         0         1         0         0         0         1       
   1         0         0         0         1         0         0         0         1       
   1         0         0         0         1         0         0         0         1       
   1         0         0         0         1         0         0         0         1       
   2.2e-05   0.33      0.94     -1.8e-05  -0.94      0.33      1        -2.4e-05  -1.5e-05 
   0.9       0.44      0        -0.44      0.9      -0        -0         0         1       
   0.88      0.44     -0.17     -0.43      0.9       0.082     0.19      2.8e-17   0.98    
  -0.57      0.44      0.7       0.28      0.9      -0.34     -0.78      2.8e-17  -0.63    
   0.037     0.44      0.9      -0.018     0.9      -0.44     -1        -2.8e-17   0.041   
  -0.44      0.021     0.9      -0.9      -0.051    -0.44      0.036    -1         0.041   
   0.021    -1         0.029    -0.051     0.028     1        -1        -0.022    -0.05    
   1        -0.021    -0.029    -0.028     0.051    -1         0.022     1         0.05    
   1        -0.029     0.021    -0.028    -1        -0.051     0.022     0.05     -1       
  -1         0.029     0.021     0.028     1        -0.051    -0.022    -0.05     -1       
  -1         0.04     -0.0093    0.027     0.48     -0.88     -0.031    -0.88     -0.48    
  -1         0.04      0.0015    0.028     0.74     -0.68     -0.028    -0.68     -0.74    
   0.021     1        -0.019    -0.062    -0.018    -1        -1         0.022     0.062   
   1        -0.0049    0.031    -0.028    -0.57      0.82      0.014    -0.82     -0.57    
   1        -0.013     0.03     -0.029    -0.8       0.6       0.016    -0.6      -0.8     
   0.02     -1         0.019    -0.04      0.018     1        -1        -0.021    -0.039   
   1         0         0         0         1         0         0         0         1       
   1         0         0         0         1         0         0         0         1       
   1         0         0         0         1         0         0         0         1       
   1         0         0         0         1         0         0         0         1       
   0.004    -0.73     -0.68      1         0.0055   -3.3e-05   0.0038   -0.68      0.73    
  -0.001     1        -0.048    -0.0006    0.048     1         1         0.0011    0.00055 
   1         0.00063  -0.00051  -0.00051   0.00027  -1        -0.00063   1         0.00027 
  -0.072     0.0005    1         1        -0.00059   0.072     0.00062   1        -0.00046 
   1        -0.00031  -0.00083  -0.00083  -0.00042  -1         0.00031   1        -0.00042 
   1        -0.001     0.0035    0.0035    0.00023  -1         0.001     1         0.00023 

XANCHOR
  -0.56      0         1.1     
  -0.5       0.12      1.1     
  -0.63      0.041     1.5     
  -0.35     -0.093     1.2     
  -0.3       0.021     1.2     
  -0.21     -0.023     1.2     
  -0.21      5.1e-05   1.1     
  -0.2       0.025     1       
  -0.21     -0.018     1.1     
  -0.21     -0.061     1.1     
  -0.21     -0.091     1       
  -0.21     -0.044     1.1     
  -0.2      -0.15      0.82    
   0.12     -0.25      0.85    
   0.12     -0.11      0.82    
   0.12      0.06      0.85    
   0.12      0.24      0.85    

XAXIS
   0         0         1       
   0.44      0.9       0       
   0.44      0.9       2.8e-17 
   0.44      0.9       0       
   0.9      -0.44      0.041   
   0.021    -0.051    -1       
  -1         0.028    -0.022   
  -1         0.028    -0.022   
  -1         0.028    -0.022   
   1        -0.028     0.022   
   1        -0.028     0.022   
   1        -0.028     0.022   
   0         0         1       
   0         0         1       
   0         0         1       
   0         0         1       
   0         0         1       

GEOM_XPOS
   0         0         0       
  -1.2       2.2       1.5     
  -1.2      -2.2       1.5     
   1.2       3         1.5     
   1.2      -3         1.5     
  -2         0         1.5     
   3         0         1.5     
   0         0         0.78    
   0         0         0.78    
   0.3       0.3       0.39    
  -0.3       0.3       0.39    
  -0.3      -0.3       0.39    
   0.3      -0.3       0.39    
   0         0        -1       
   0         0        -1       
   0         0        -1       
   0         0        -1       
  -0.56     -3.7e-07   1       
  -0.56      5e-07     0.94    
  -0.56     -1.5e-06   0.96    
  -0.56     -0.0076    1.1     
  -0.53      0.062     1.1     
  -0.56      0.00053   1.1     
  -0.55      0.011     1.1     
  -0.53      0.14      1.3     
  -0.56      0.13      1.4     
  -0.54      0.12      1.3     
  -0.51      0.18      1.3     
  -0.54      0.14      1.3     
  -0.37     -0.13      1.2     
  -0.49     -0.029     1.4     
  -0.44     -0.031     1.3     
  -0.51     -0.0041    1.4     
  -0.49     -0.019     1.4     
  -0.26     -0.00093   1.2     
  -0.33      0.042     1.2     
  -0.29      0.0031    1.2     
  -0.31      0.0056    1.2     
  -0.21     -0.025     1.2     
  -0.21     -0.022     1.3     
  -0.21     -0.022     1.2     
  -0.21     -0.02      1.2     
  -0.21     -0.027     1.2     
  -0.21     -0.026     1.2     
  -0.21     -0.027     1.2     
  -0.21     -0.029     1.1     
  -0.21     -0.029     1.1     
  -0.2       0.017     1.1     
  -0.2       0.017     1.1     
  -0.2       0.028     1.1     
  -0.2       0.028     1.1     
  -0.2       0.014     1       
  -0.2       0.014     1       
  -0.2       0.0026    1       
  -0.2       0.0026    1       
  -0.2       0.00011   1       
  -0.2      -0.00088   1.1     
  -0.2      -0.002     1.1     
  -0.21     -0.078     1.1     
  -0.21     -0.078     1.1     
  -0.21     -0.092     1.1     
  -0.21     -0.092     1.1     
  -0.21     -0.081     1       
  -0.21     -0.081     1       
  -0.21     -0.072     1       
  -0.21     -0.072     1       
  -0.21     -0.07      1       
  -0.21     -0.063     1.1     
  -0.21     -0.062     1.1     
  -0.89      0         0.54    
  -0.68      0         0.16    
  -0.56      0         0.87    
  -0.71      0.0016    0.4     
  -0.58      0         0.63    
  -0.2      -0.15      0.82    
  -0.2      -0.15      0.82    
  -0.2      -0.15      0.82    
   0.12     -0.25      0.85    
   0.12     -0.25      0.85    
   0.12     -0.25      0.85    
   0.12     -0.11      0.82    
   0.12     -0.11      0.82    
   0.12     -0.11      0.82    
   0.12      0.06      0.84    
   0.12      0.06      0.84    
   0.12      0.06      0.84    
   0.12      0.24      0.85    
   0.12      0.24      0.85    
   0.12      0.24      0.85    

GEOM_XMAT
   1         0         0         0         1         0         0         0         1       
   0.71      0         0.71      0.71      0        -0.71      0         1         0       
   0.71      0        -0.71     -0.71      0        -0.71      0         1         0       
   1         0         0         0         0        -1         0         1         0       
   1        -0         0         0         0         1        -0        -1         0       
   0         0         1         1         0         0         0         1         0       
   0         0        -1        -1         0         0         0         1         0       
   1         0         0         0         1         0         0         0         1       
   1         0         0         0         1         0         0         0         1       
   1         0         0         0         1         0         0         0         1       
   1         0         0         0         1         0         0         0         1       
   1         0         0         0         1         0         0         0         1       
   1         0         0         0         1         0         0         0         1       
   1         0         0         0         1         0         0         0         1       
   1         0         0         0         1         0         0         0         1       
   1         0         0         0         1         0         0         0         1       
   1         0         0         0         1         0         0         0         1       
  -9.9e-06  -0.93      0.36     -1.6e-06  -0.36     -0.93      1        -9.9e-06   2.1e-06 
   9.9e-06   0.61      0.79     -1.9e-05  -0.79      0.61      1        -2.1e-05   3.7e-06 
   2.2e-05   0.33      0.94     -1.8e-05  -0.94      0.33      1        -2.4e-05  -1.5e-05 
  -0.14     -0.82     -0.56     -0.29      0.57     -0.77      0.95      0.055    -0.32    
   0.44     -0.89      0.15      0.9       0.43     -0.074     1.6e-05   0.17      0.99    
   0.32      0.34      0.88      0.66      0.58     -0.47     -0.68      0.74     -0.04    
   0.9       0.38      0.22     -0.44      0.78      0.45     -5.9e-05  -0.5       0.86    
   0.67      0.72     -0.17     -0.72      0.69      0.082     0.17      0.064     0.98    
   0.88      0.4      -0.24     -0.43      0.9      -0.078     0.19      0.17      0.97    
   0.44     -0.88     -0.17      0.9       0.43      0.073     0.0089   -0.19      0.98    
   0.44     -0.88     -0.17      0.9       0.43      0.081     0.00024  -0.19      0.98    
   0.88      0.44     -0.17     -0.43      0.9       0.067     0.19      0.016     0.98    
   0.21      0.68      0.7       0.96     -0.28     -0.0086    0.19      0.68     -0.71    
   0.3       0.65      0.7       0.94     -0.059    -0.34     -0.18      0.75     -0.63    
  -0.57      0.34      0.75      0.28      0.94     -0.21     -0.78      0.096    -0.62    
   0.43      0.57      0.71      0.9      -0.28     -0.32      0.013     0.78     -0.63    
  -0.57      0.47      0.68      0.28      0.88     -0.38     -0.78     -0.026    -0.63    
   0.9      -0.39      0.21     -0.44     -0.83      0.33      0.041    -0.39     -0.92    
   0.72     -0.09     -0.69     -0.69     -0.038    -0.72      0.039     1        -0.089   
   0.54     -0.037    -0.84     -0.84      0.019    -0.54      0.036     1        -0.021   
   0.037     0.35      0.94     -0.018     0.94     -0.35     -1        -0.0038    0.041   
   0.021     0.6       0.8      -0.051     0.8      -0.6      -1        -0.028     0.047   
  -0.25      0.53      0.81      0.086     0.84     -0.53     -0.96     -0.065    -0.26    
   0.63      0.44     -0.64     -0.28      0.9       0.34      0.72     -0.036     0.69    
  -0.44      0.9      -0.027    -0.9      -0.44      0.053     0.036     0.047     1       
   0.021    -0.97      0.25     -0.056     0.25      0.97     -1        -0.034    -0.049   
   0.022    -1         0.025    -0.037     0.024     1        -1        -0.023    -0.036   
   0.021    -1         0.029    -0.051     0.028     1        -1        -0.022    -0.05    
   1        -0.03      0.02     -0.028    -1        -0.075     0.022     0.074    -1       
   1        -0.03      0.02     -0.028    -1        -0.075     0.022     0.074    -1       
  -1         0.012    -0.034     0.028    -0.33     -0.94     -0.022    -0.94      0.33    
  -1         0.012    -0.034     0.028    -0.33     -0.94     -0.022    -0.94      0.33    
   0.031     1         0.018     0.99     -0.028    -0.14     -0.14      0.022    -0.99    
   0.031     1         0.018     0.99     -0.028    -0.14     -0.14      0.022    -0.99    
  -1         0.034     0.011     0.028     0.94     -0.34     -0.022    -0.34     -0.94    
  -1         0.034     0.012     0.028     0.94     -0.33     -0.022    -0.33     -0.94    
  -1         0.029     0.022     0.028     1        -0.011    -0.022    -0.01     -1       
  -1         0.029     0.022     0.028     1        -0.011    -0.022    -0.01     -1       
  -1         0.029     0.022     0.028     1        -0.011    -0.022    -0.01     -1       
   0.0086    1         0.035     0.79     -0.028     0.62      0.62      0.022    -0.79    
   0.0086    1         0.035     0.79     -0.028     0.62      0.62      0.022    -0.79    
   1         0.028     0.022    -0.028     0.23      0.97      0.022    -0.97      0.23    
   1         0.028     0.022    -0.028     0.23      0.97      0.022    -0.97      0.23    
  -0.028    -1         0.023    -1         0.028     0.036    -0.036    -0.022    -1       
  -0.028    -1         0.023    -1         0.028     0.036    -0.036    -0.022    -1       
   1        -0.022     0.028    -0.028    -0.97      0.24      0.022    -0.24     -0.97    
   1        -0.023     0.028    -0.028    -0.97      0.23      0.022    -0.23     -0.97    
   1        -0.03      0.02     -0.028    -1        -0.091     0.022     0.09     -1       
   1        -0.03      0.02     -0.028    -1        -0.091     0.022     0.09     -1       
   1        -0.03      0.02     -0.028    -1        -0.091     0.022     0.09     -1       
  -0.036    -1        -0.0037   -0.72      0.028    -0.69      0.69     -0.022    -0.72    
  -0.036    -1        -0.0037   -0.72      0.028    -0.69      0.69     -0.022    -0.72    
   1         0         0         0         1         0         0         0         1       
   1         0         0         0         1         0         0         0         1       
   1         0         0         0         1         0         0         0         1       
   0.0023   -0.99     -0.17      1         0.0019    0.0026   -0.0023   -0.17      0.99    
   1         0         0         0         1         0         0         0         1       
  -0.001     1        -0.048    -0.0006    0.048     1         1         0.0011    0.00055 
  -0.001     1        -0.048    -0.0006    0.048     1         1         0.0011    0.00055 
  -0.001     1        -0.048    -0.0006    0.048     1         1         0.0011    0.00055 
   1         0.00063  -0.00051  -0.00051   0.00027  -1        -0.00063   1         0.00027 
   1         0.00063  -0.00051  -0.00051   0.00027  -1        -0.00063   1         0.00027 
   1         0.00063  -0.00051  -0.00051   0.00027  -1        -0.00063   1         0.00027 
  -0.072     0.0005    1         1        -0.00059   0.072     0.00062   1        -0.00046 
  -0.072     0.0005    1         1        -0.00059   0.072     0.00062   1        -0.00046 
  -0.072     0.0005    1         1        -0.00059   0.072     0.00062   1        -0.00046 
   1        -0.00031  -0.00083  -0.00083  -0.00042  -1         0.00031   1        -0.00042 
   1        -0.00031  -0.00083  -0.00083  -0.00042  -1         0.00031   1        -0.00042 
   1        -0.00031  -0.00083  -0.00083  -0.00042  -1         0.00031   1        -0.00042 
   1        -0.001     0.0035    0.0035    0.00023  -1         0.001     1         0.00023 
   1        -0.001     0.0035    0.0035    0.00023  -1         0.001     1         0.00023 
   1        -0.001     0.0035    0.0035    0.00023  -1         0.001     1         0.00023 

SITE_XPOS
   0         0         0.8     
  -0.56      0         0.91    
  -0.21     -0.028     1.2     
  -0.2      -0.035     1       
  -0.2       0.065     1       
  -0.1      -0.038     1       
  -0.2      -0.04      0.91    
  -0.2      -0.035     1       
  -0.2      -0.15      0.8     
  -0.2      -0.15      0.85    
  -0.23     -0.12      0.82    
  -0.2      -0.15      0.82    
  -0.2      -0.15      0.84    
  -0.2      -0.23      0.84    
  -0.2      -0.075     0.84    
  -0.2      -0.15      0.82    
   0.12     -0.25      0.85    
   0.12     -0.11      0.82    
   0.12      0.06      0.85    
   0.12      0.24      0.85    

SITE_XMAT
   1         0         0         0         1         0         0         0         1       
   1         0         0         0         1         0         0         0         1       
   1        -0.029     0.021    -0.028    -1        -0.051     0.022     0.05     -1       
   0.029     1         0.021     1        -0.028    -0.051    -0.05      0.022    -1       
  -0.021     1         0.029     0.051    -0.028     1         1         0.022    -0.05    
   0.029     0.021    -1         1        -0.051     0.028    -0.05     -1        -0.022   
   0.029     1         0.021     1        -0.028    -0.051    -0.05      0.022    -1       
   0.029     1         0.021     1        -0.028    -0.051    -0.05      0.022    -1       
  -0.048    -1        -0.001     1        -0.048    -0.0006    0.00055  -0.0011    1       
  -0.048    -1        -0.001     1        -0.048    -0.0006    0.00055  -0.0011    1       
  -0.048    -1        -0.001     1        -0.048    -0.0006    0.00055  -0.0011    1       
  -0.048    -1        -0.001     1        -0.048    -0.0006    0.00055  -0.0011    1       
  -0.048    -1        -0.001     1        -0.048    -0.0006    0.00055  -0.0011    1       
  -0.048    -1        -0.001     1        -0.048    -0.0006    0.00055  -0.0011    1       
  -0.048    -1        -0.001     1        -0.048    -0.0006    0.00055  -0.0011    1       
  -0.048    -1        -0.001     1        -0.048    -0.0006    0.00055  -0.0011    1       
   1         0.00051   0.00063  -0.00051   1         0.00027  -0.00063  -0.00027   1       
   1        -0.072     0.0005    0.072     1        -0.00059  -0.00046   0.00062   1       
   1         0.00083  -0.00031  -0.00083   1        -0.00042   0.00031   0.00042   1       
   1        -0.0035   -0.001     0.0035    1         0.00023   0.001    -0.00023   1       

CAM_XPOS
   1.6       0         1.4     
  -0.2       0         3       
   0.6       0         1.6     
  -0.057     1.3       1.5     
   0.44      0         1.3     
  -0.16     -0.029     1.2     

CAM_XMAT
  -5.6e-17  -0.26      0.97      1         0         0         0         0.97      0.26    
   0        -1         0         1         0         0         0         0         1       
   0        -0.71      0.71      1         0         0         0         0.71      0.71    
  -1        -0.0078    0.023     0.024    -0.3       0.95     -0.00062   0.95      0.3     
   0        -0.71      0.71      1         0         0         0         0.71      0.71    
  -0.029     1        -0.021    -1        -0.028     0.051     0.05      0.022     1       

LIGHT_XPOS
   1         1         1.5     

LIGHT_XDIR
  -0.19     -0.19     -0.96    

SUBTREE_COM
  -0.61      0.0033    0.48    
   0         0         0.78    
   0         0        -2       
   0         0        -2       
  -0.68      0.0038    0.45    
  -0.49      0.06      1.2     
  -0.49      0.065     1.2     
  -0.47      0.083     1.3     
  -0.36     -0.014     1.3     
  -0.25     -0.0042    1.2     
  -0.21     -0.024     1.2     
  -0.21     -0.029     1.1     
  -0.21     -0.031     1.1     
  -0.21     -0.031     1.1     
  -0.2      -0.042     0.86    
  -0.2       0.047     1.1     
  -0.2       0.028     1       
  -0.2       0.033     1.1     
  -0.21     -0.11      1.1     
  -0.21     -0.094     1       
  -0.21     -0.094     1.1     
  -0.69      0         0.4     
  -0.89      0         0.54    
  -0.68      0         0.16    
  -0.56      0         0.92    
  -0.56      0         0.92    
  -0.2      -0.15      0.82    
   0.12     -0.25      0.85    
   0.12     -0.11      0.82    
   0.12      0.06      0.84    
   0.12      0.24      0.85    

CDOF
   0         0         1        -0.0038   -0.12      0       
   0.44      0.9       0        -0.56      0.28      0.11    
   0.44      0.9       2.8e-17  -0.94      0.46      0.028   
   0.44      0.9       0        -0.72      0.35      0.33    
   0.9      -0.44      0.041     0.35      0.7      -0.18    
   0.021    -0.051    -1         0.067     0.48     -0.023   
  -1         0.028    -0.022    -0.018    -0.64      0.0096  
  -1         0.028    -0.022    -0.017    -0.58      0.035   
  -1         0.028    -0.022    -0.018    -0.63     -0.0086  
   1        -0.028     0.022     0.017     0.64      0.051   
   1        -0.028     0.022     0.015     0.59      0.081   
   1        -0.028     0.022     0.017     0.63      0.034   
   0         0         0         1         0         0       
   0         0         0         0         1         0       
   0         0         0         0         0         1       
  -0.048     1         0.00055  -0.00079  -3.8e-05  -8.4e-07 
  -1        -0.048    -0.0011    3.8e-05  -0.00079  -4.4e-07 
  -0.001    -0.0006    1        -5e-12     2e-11     7.1e-15 
   0         0         0         1         0         0       
   0         0         0         0         1         0       
   0         0         0         0         0         1       
   1        -0.00051  -0.00063   1.5e-06   0.003    -8e-07   
   0.00051   1        -0.00027  -0.003     1.5e-06   1.9e-06 
   0.00063   0.00027   1         3.8e-11   1.3e-11  -2.8e-14 
   0         0         0         1         0         0       
   0         0         0         0         1         0       
   0         0         0         0         0         1       
   1         0.072    -0.00046   6.3e-21  -0         1.4e-17 
  -0.072     1         0.00062  -8.6e-21   0        -1e-18   
   0.0005   -0.00059   1        -1.4e-17   0         6.9e-21 
   0         0         0         1         0         0       
   0         0         0         0         1         0       
   0         0         0         0         0         1       
   1        -0.00083   0.00031   7.6e-06   0.0091    3.9e-06 
   0.00083   1         0.00042  -0.0091    7.6e-06  -2.8e-06 
  -0.00031  -0.00042   1         3.4e-11   1e-11     1.5e-14 
   0         0         0         1         0         0       
   0         0         0         0         1         0       
   0         0         0         0         0         1       
   1         0.0035    0.001    -1e-05     0.003    -6.9e-07 
  -0.0035    1        -0.00023  -0.003    -1e-05    -2.9e-06 
  -0.001     0.00023   1         3.8e-11   1.3e-11   3.5e-14 

CINERT
   0         0         0         0         0         0         0         0         0         0       
   1.7       1.7       3.4       0         0         0         0         0         0         32      
   0         0         0         0         0         0         0         0         0         0       
   0         0         0         0         0         0         0         0         0         0       
   0         0         0         0         0         0         0        -0         0         0       
   0.38      0.4       0.024     0.00065  -0.087     0.0028    0.17     -0.0056    0.74      1.5     
   1.5       1.5       0.058     0.0017   -0.27      0.0088    0.43     -0.014     2.3       3.7     
   6.1       6.2       0.35     -0.16     -0.98     -0.97      1.2       1.2       7         8.4     
   1.9       2         0.1       0.019    -0.38      0.056     0.42     -0.068     2.1       2.3     
   0.78      0.95      0.18     -0.0079   -0.37     -0.017     0.46      0.021     0.97      1.2     
   0.78      1.1       0.27      0.015    -0.46      0.026     0.57     -0.032     0.98      1.2     
   0.099     0.14      0.042     0.0027   -0.064     0.0042    0.089    -0.0058    0.14      0.19    
   0         0         0         0         0         0         0        -0         0         0       
   0.006     0.0082    0.0032    0.00015  -0.0033    0.00022   0.0047   -0.00032   0.007     0.01    
   0         0         0         0         0         0         0        -0         0         0       
   0.013     0.02      0.0071   -0.00077  -0.0095   -0.0011    0.015     0.0016    0.02      0.031   
   0.0055    0.009     0.0035   -0.00018  -0.0044   -0.00023   0.0074    0.00038   0.0093    0.016   
   0.011     0.017     0.0061   -0.00037  -0.0082   -0.0005    0.013     0.00078   0.017     0.027   
   0.014     0.02      0.0073    0.0018   -0.0095    0.0025    0.015    -0.0038    0.02      0.031   
   0.0058    0.0091    0.0036    0.00072  -0.0044    0.00093   0.0074   -0.0015    0.0094    0.016   
   0.012     0.017     0.0063    0.0012   -0.0082    0.0017    0.013    -0.0027    0.017     0.027   
   0         0         0         0         0         0         0        -0         0         0       
   2.1       3.7       2.8      -0.037     0.91      0.017    -9.7      -0.18      4.4       47      
   22        23        15       -0.0033   -0.25     -0.18     -0.87     -0.64     -48        1.7e+02 
   2.2e-05   2.4e-05   1.4e-06   4.5e-08  -5.6e-06   1.8e-07   1.2e-05  -3.8e-07   4.7e-05   0.0001  
   19        21        5.8       0.028    -2.6       0.11      7.1      -0.23      29        61      
   0.0007    0.00065   0.0013    2.1e-06  -6.1e-07  -3.8e-07   0         0         1.8e-17   0.17    
   2.4e-05   1.2e-05   1.4e-05  -5.9e-09  -6.2e-09   4.8e-10   0         0        -1.6e-18   0.014   
   3.4e-06   4.7e-05   4.7e-05  -3.2e-06   2e-08     1.4e-09   0        -1.9e-19   0         0.014   
   3.7e-05   1.2e-05   2.6e-05  -2e-08     3.2e-09  -5.9e-09   0         0         0         0.016   
   2.4e-05   1.2e-05   1.4e-05   4.1e-08   9.9e-09   4.5e-10   0         0         0         0.014   

TEN_LENGTH
   0.97    
   0.97    

TEN_MOMENT
   0         0         0         0         0         0         1        -3         1         0         0         0         0         0         0         0         0         0         0         0         0         0         0         0         0         0         0         0         0         0         0         0         0         0         0         0         0         0         0         0         0         0       
   0         0         0         0         0         0         0         0         0         1        -3         1         0         0         0         0         0         0         0         0         0         0         0         0         0         0         0         0         0         0         0         0         0         0         0         0         0         0         0         0         0         0       

TENDON 0: 0 wrap points

TENDON 1: 0 wrap points

ACTUATOR_LENGTH
  -0.46    
  -1.8     
   2.4     
  -2.3     
  -1.6     
  -2       
   0.22    
   0.22    

ACTUATOR_MOMENT
   1         0         0         0         0         0         0         0         0         0         0         0         0         0         0         0         0         0         0         0         0         0         0         0         0         0         0         0         0         0         0         0         0         0         0         0         0         0         0         0         0         0       
   0         1         0         0         0         0         0         0         0         0         0         0         0         0         0         0         0         0         0         0         0         0         0         0         0         0         0         0         0         0         0         0         0         0         0         0         0         0         0         0         0         0       
   0         0         1         0         0         0         0         0         0         0         0         0         0         0         0         0         0         0         0         0         0         0         0         0         0         0         0         0         0         0         0         0         0         0         0         0         0         0         0         0         0         0       
   0         0         0         1         0         0         0         0         0         0         0         0         0         0         0         0         0         0         0         0         0         0         0         0         0         0         0         0         0         0         0         0         0         0         0         0         0         0         0         0         0         0       
   0         0         0         0         1         0         0         0         0         0         0         0         0         0         0         0         0         0         0         0         0         0         0         0         0         0         0         0         0         0         0         0         0         0         0         0         0         0         0         0         0         0       
   0         0         0         0         0         1         0         0         0         0         0         0         0         0         0         0         0         0         0         0         0         0         0         0         0         0         0         0         0         0         0         0         0         0         0         0         0         0         0         0         0         0       
   0         0         0         0         0         0         1         0         0         0         0         0         0         0         0         0         0         0         0         0         0         0         0         0         0         0         0         0         0         0         0         0         0         0         0         0         0         0         0         0         0         0       
   0         0         0         0         0         0         0         0         0         1         0         0         0         0         0         0         0         0         0         0         0         0         0         0         0         0         0         0         0         0         0         0         0         0         0         0         0         0         0         0         0         0       

CRB
   0         0         0         0         0         0         0         0         0         0       
   1.7       1.7       3.4       0         0         0         0         0         0         32      
   0         0         0         0         0         0         0         0         0         0       
   0         0         0         0         0         0         0         0         0         0       
   54        60        25       -0.14     -4.6      -0.94     -3.8e-14  -2.2e-16   3e-14     2.9e+02 
   12        12        1.1      -0.13     -2.7      -0.89      3.4       1         14        19      
   11        12        1        -0.13     -2.6      -0.89      3.2       1         14        17      
   9.8       10        0.98     -0.13     -2.3      -0.9       2.8       1.1       11        13      
   3.7       4.3       0.63      0.032    -1.3       0.073     1.6      -0.09      4.3       5.1     
   1.7       2.2       0.53      0.013    -0.94      0.017     1.2      -0.022     2.2       2.8     
   0.95      1.3       0.35      0.021    -0.57      0.034     0.73     -0.044     1.2       1.6     
   0.17      0.24      0.079     0.0053   -0.11      0.0077    0.16     -0.011     0.24      0.35    
   0.067     0.1       0.037     0.0026   -0.047     0.0035    0.074    -0.0055    0.1       0.16    
   0.067     0.1       0.037     0.0026   -0.047     0.0035    0.074    -0.0055    0.1       0.16    
   0         0         0         0         0         0         0        -0         0         0       
   0.018     0.029     0.011    -0.00095  -0.014    -0.0013    0.022     0.002     0.029     0.047   
   0.0055    0.009     0.0035   -0.00018  -0.0044   -0.00023   0.0074    0.00038   0.0093    0.016   
   0.011     0.017     0.0061   -0.00037  -0.0082   -0.0005    0.013     0.00078   0.017     0.027   
   0.019     0.029     0.011     0.0025   -0.014     0.0034    0.022    -0.0053    0.03      0.047   
   0.0058    0.0091    0.0036    0.00072  -0.0044    0.00093   0.0074   -0.0015    0.0094    0.016   
   0.012     0.017     0.0063    0.0012   -0.0082    0.0017    0.013    -0.0027    0.017     0.027   
   43        47        24       -0.012    -1.9      -0.054    -3.4      -1        -14        2.7e+02 
   2.1       3.7       2.8      -0.037     0.91      0.017    -9.7      -0.18      4.4       47      
   22        23        15       -0.0033   -0.25     -0.18     -0.87     -0.64     -48        1.7e+02 
   2.2e-05   2.4e-05   1.4e-06   4.5e-08  -5.6e-06   1.8e-07   1.2e-05  -3.8e-07   4.7e-05   0.0001  
   19        21        5.8       0.028    -2.6       0.11      7.1      -0.23      29        61      
   0.0007    0.00065   0.0013    2.1e-06  -6.1e-07  -3.8e-07   0         0         1.8e-17   0.17    
   2.4e-05   1.2e-05   1.4e-05  -5.9e-09  -6.2e-09   4.8e-10   0         0        -1.6e-18   0.014   
   3.4e-06   4.7e-05   4.7e-05  -3.2e-06   2e-08     1.4e-09   0        -1.9e-19   0         0.014   
   3.7e-05   1.2e-05   2.6e-05  -2e-08     3.2e-09  -5.9e-09   0         0         0         0.016   
   2.4e-05   1.2e-05   1.4e-05   4.1e-08   9.9e-09   4.5e-10   0         0         0         0.014   

QM
   5.5      -0.31      0.098     0.0044    0.013    -0.0021   -0.00035  -1e-05    -3.2e-05   0.00028   8.5e-06  -1.6e-05   0         0         0         0         0         0         0         0         0         0         0         0         0         0         0         0         0         0         0         0         0         0         0         0         0         0         0         0         0         0       
  -0.31      3.6       0.16      0.057     0.00084  -7.6e-05   0.00061   8.6e-06   0.00041   0.00087   2.6e-05   0.0005    0         0         0         0         0         0         0         0         0         0         0         0         0         0         0         0         0         0         0         0         0         0         0         0         0         0         0         0         0         0       
   0.098     0.16      2.4       0.084     0.00093  -7.6e-05   0.0006    7.4e-06   0.00049   0.0012    3.4e-05   0.00059   0         0         0         0         0         0         0         0         0         0         0         0         0         0         0         0         0         0         0         0         0         0         0         0         0         0         0         0         0         0       
   0.0044    0.057     0.084     1.3       0.0005   -7.6e-05   4.4e-05  -4.9e-06   8.9e-05   0.0004    1.5e-05   0.00019   0         0         0         0         0         0         0         0         0         0         0         0         0         0         0         0         0         0         0         0         0         0         0         0         0         0         0         0         0         0       
   0.013     0.00084   0.00093   0.0005    1         2.5e-09  -0.00039  -2.2e-05  -0.00011   0.00039   2.2e-05   0.00011   0         0         0         0         0         0         0         0         0         0         0         0         0         0         0         0         0         0         0         0         0         0         0         0         0         0         0         0         0         0       
  -0.0021   -7.6e-05  -7.6e-05  -7.6e-05   2.5e-09   0.84      9.4e-09   4.5e-08  -5.8e-09   9.5e-09   4.5e-08  -5.8e-09   0         0         0         0         0         0         0         0         0         0         0         0         0         0         0         0         0         0         0         0         0         0         0         0         0         0         0         0         0         0       
  -0.00035   0.00061   0.0006    4.4e-05  -0.00039   9.4e-09   0.00022   1.9e-05   0         0         0         0         0         0         0         0         0         0         0         0         0         0         0         0         0         0         0         0         0         0         0         0         0         0         0         0         0         0         0         0         0         0       
  -1e-05     8.6e-06   7.4e-06  -4.9e-06  -2.2e-05   4.5e-08   1.9e-05   1.6e-05   0         0         0         0         0         0         0         0         0         0         0         0         0         0         0         0         0         0         0         0         0         0         0         0         0         0         0         0         0         0         0         0         0         0       
  -3.2e-05   0.00041   0.00049   8.9e-05  -0.00011  -5.8e-09   0         0         9.6e-05   0         0         0         0         0         0         0         0         0         0         0         0         0         0         0         0         0         0         0         0         0         0         0         0         0         0         0         0         0         0         0         0         0       
   0.00028   0.00087   0.0012    0.0004    0.00039   9.5e-09   0         0         0         0.00022   1.9e-05   0         0         0         0         0         0         0         0         0         0         0         0         0         0         0         0         0         0         0         0         0         0         0         0         0         0         0         0         0         0         0       
   8.5e-06   2.6e-05   3.4e-05   1.5e-05   2.2e-05   4.5e-08   0         0         0         1.9e-05   1.6e-05   0         0         0         0         0         0         0         0         0         0         0         0         0         0         0         0         0         0         0         0         0         0         0         0         0         0         0         0         0         0         0       
  -1.6e-05   0.0005    0.00059   0.00019   0.00011  -5.8e-09   0         0         0         0         0         9.6e-05   0         0         0         0         0         0         0         0         0         0         0         0         0         0         0         0         0         0         0         0         0         0         0         0         0         0         0         0         0         0       
   0         0         0         0         0         0         0         0         0         0         0         0         0.17      0         0        -0.00013   6.3e-06  -8.3e-13   0         0         0         0         0         0         0         0         0         0         0         0         0         0         0         0         0         0         0         0         0         0         0         0       
   0         0         0         0         0         0         0         0         0         0         0         0         0         0.17      0        -6.3e-06  -0.00013   3.4e-12   0         0         0         0         0         0         0         0         0         0         0         0         0         0         0         0         0         0         0         0         0         0         0         0       
   0         0         0         0         0         0         0         0         0         0         0         0         0         0         0.17     -1.4e-07  -7.2e-08   1.2e-15   0         0         0         0         0         0         0         0         0         0         0         0         0         0         0         0         0         0         0         0         0         0         0         0       
   0         0         0         0         0         0         0         0         0         0         0         0        -0.00013  -6.3e-06  -1.4e-07   0.00065   8.1e-20   5.3e-16   0         0         0         0         0         0         0         0         0         0         0         0         0         0         0         0         0         0         0         0         0         0         0         0       
   0         0         0         0         0         0         0         0         0         0         0         0         6.3e-06  -0.00013  -7.2e-08   8.1e-20   0.0007   -2.7e-15   0         0         0         0         0         0         0         0         0         0         0         0         0         0         0         0         0         0         0         0         0         0         0         0       
   0         0         0         0         0         0         0         0         0         0         0         0        -8.3e-13   3.4e-12   1.2e-15   5.3e-16  -2.7e-15   0.0013    0         0         0         0         0         0         0         0         0         0         0         0         0         0         0         0         0         0         0         0         0         0         0         0       
   0         0         0         0         0         0         0         0         0         0         0         0         0         0         0         0         0         0         0.014     0         0         2.1e-08  -4.2e-05   5.4e-13   0         0         0         0         0         0         0         0         0         0         0         0         0         0         0         0         0         0       
   0         0         0         0         0         0         0         0         0         0         0         0         0         0         0         0         0         0         0         0.014     0         4.2e-05   2.1e-08   1.8e-13   0         0         0         0         0         0         0         0         0         0         0         0         0         0         0         0         0         0       
   0         0         0         0         0         0         0         0         0         0         0         0         0         0         0         0         0         0         0         0         0.014    -1.1e-08   2.6e-08  -3.9e-16   0         0         0         0         0         0         0         0         0         0         0         0         0         0         0         0         0         0       
   0         0         0         0         0         0         0         0         0         0         0         0         0         0         0         0         0         0         2.1e-08   4.2e-05  -1.1e-08   2.4e-05   7e-24     5.3e-16   0         0         0         0         0         0         0         0         0         0         0         0         0         0         0         0         0         0       
   0         0         0         0         0         0         0         0         0         0         0         0         0         0         0         0         0         0        -4.2e-05   2.1e-08   2.6e-08   7e-24     1.2e-05  -1.6e-15   0         0         0         0         0         0         0         0         0         0         0         0         0         0         0         0         0         0       
   0         0         0         0         0         0         0         0         0         0         0         0         0         0         0         0         0         0         5.4e-13   1.8e-13  -3.9e-16   5.3e-16  -1.6e-15   1.4e-05   0         0         0         0         0         0         0         0         0         0         0         0         0         0         0         0         0         0       
   0         0         0         0         0         0         0         0         0         0         0         0         0         0         0         0         0         0         0         0         0         0         0         0         0.014     0         0         0         0         0         0         0         0         0         0         0         0         0         0         0         0         0       
   0         0         0         0         0         0         0         0         0         0         0         0         0         0         0         0         0         0         0         0         0         0         0         0         0         0.014     0         0         0         0         0         0         0         0         0         0         0         0         0         0         0         0       
   0         0         0         0         0         0         0         0         0         0         0         0         0         0         0         0         0         0         0         0         0         0         0         0         0         0         0.014     0         0         0         0         0         0         0         0         0         0         0         0         0         0         0       
   0         0         0         0         0         0         0         0         0         0         0         0         0         0         0         0         0         0         0         0         0         0         0         0         0         0         0         3.1e-06   5.1e-21  -2.1e-21   0         0         0         0         0         0         0         0         0         0         0         0       
   0         0         0         0         0         0         0         0         0         0         0         0         0         0         0         0         0         0         0         0         0         0         0         0         0         0         0         5.1e-21   4.7e-05  -1.7e-22   0         0         0         0         0         0         0         0         0         0         0         0       
   0         0         0         0         0         0         0         0         0         0         0         0         0         0         0         0         0         0         0         0         0         0         0         0         0         0         0        -2.1e-21  -1.7e-22   4.7e-05   0         0         0         0         0         0         0         0         0         0         0         0       
   0         0         0         0         0         0         0         0         0         0         0         0         0         0         0         0         0         0         0         0         0         0         0         0         0         0         0         0         0         0         0.016     0         0         1.2e-07  -0.00014   5.4e-13   0         0         0         0         0         0       
   0         0         0         0         0         0         0         0         0         0         0         0         0         0         0         0         0         0         0         0         0         0         0         0         0         0         0         0         0         0         0         0.016     0         0.00014   1.2e-07   1.6e-13   0         0         0         0         0         0       
   0         0         0         0         0         0         0         0         0         0         0         0         0         0         0         0         0         0         0         0         0         0         0         0         0         0         0         0         0         0         0         0         0.016     6e-08    -4.4e-08   2.3e-16   0         0         0         0         0         0       
   0         0         0         0         0         0         0         0         0         0         0         0         0         0         0         0         0         0         0         0         0         0         0         0         0         0         0         0         0         0         1.2e-07   0.00014   6e-08     3.8e-05   8.7e-24   1.5e-15   0         0         0         0         0         0       
   0         0         0         0         0         0         0         0         0         0         0         0         0         0         0         0         0         0         0         0         0         0         0         0         0         0         0         0         0         0        -0.00014   1.2e-07  -4.4e-08   8.7e-24   1.4e-05  -4.9e-15   0         0         0         0         0         0       
   0         0         0         0         0         0         0         0         0         0         0         0         0         0         0         0         0         0         0         0         0         0         0         0         0         0         0         0         0         0         5.4e-13   1.6e-13   2.3e-16   1.5e-15  -4.9e-15   2.6e-05   0         0         0         0         0         0       
   0         0         0         0         0         0         0         0         0         0         0         0         0         0         0         0         0         0         0         0         0         0         0         0         0         0         0         0         0         0         0         0         0         0         0         0         0.014     0         0        -1.5e-07  -4.2e-05   5.4e-13 
   0         0         0         0         0         0         0         0         0         0         0         0         0         0         0         0         0         0         0         0         0         0         0         0         0         0         0         0         0         0         0         0         0         0         0         0         0         0.014     0         4.2e-05  -1.5e-07   1.8e-13 
   0         0         0         0         0         0         0         0         0         0         0         0         0         0         0         0         0         0         0         0         0         0         0         0         0         0         0         0         0         0         0         0         0         0         0         0         0         0         0.014    -9.8e-09  -4.2e-08   5e-16   
   0         0         0         0         0         0         0         0         0         0         0         0         0         0         0         0         0         0         0         0         0         0         0         0         0         0         0         0         0         0         0         0         0         0         0         0        -1.5e-07   4.2e-05  -9.8e-09   2.4e-05   2e-23     5.3e-16 
   0         0         0         0         0         0         0         0         0         0         0         0         0         0         0         0         0         0         0         0         0         0         0         0         0         0         0         0         0         0         0         0         0         0         0         0        -4.2e-05  -1.5e-07  -4.2e-08   2e-23     1.2e-05  -1.6e-15 
   0         0         0         0         0         0         0         0         0         0         0         0         0         0         0         0         0         0         0         0         0         0         0         0         0         0         0         0         0         0         0         0         0         0         0         0         5.4e-13   1.8e-13   5e-16     5.3e-16  -1.6e-15   1.4e-05 

QLD
   5.5      -0.088     0.042     0.0031    0.012    -0.0025   -1.7      -0.65     -0.33      1.3       0.53     -0.17      0         0         0         0         0         0         0         0         0         0         0         0         0         0         0         0         0         0         0         0         0         0         0         0         0         0         0         0         0         0       
  -0.088     3.5       0.062     0.042     0.00029  -9.1e-05   3         0.54      4.3       4.2       1.6       5.2       0         0         0         0         0         0         0         0         0         0         0         0         0         0         0         0         0         0         0         0         0         0         0         0         0         0         0         0         0         0       
   0.042     0.062     2.3       0.063    -0.00017  -9.1e-05   2.9       0.46      5.1       5.6       2.1       6.2       0         0         0         0         0         0         0         0         0         0         0         0         0         0         0         0         0         0         0         0         0         0         0         0         0         0         0         0         0         0       
   0.0031    0.042     0.063     1.3      -0.00023  -9.1e-05   0.25     -0.31      0.93      1.9       0.96      1.9       0         0         0         0         0         0         0         0         0         0         0         0         0         0         0         0         0         0         0         0         0         0         0         0         0         0         0         0         0         0       
   0.012     0.00029  -0.00017  -0.00023   1         2.8e-09  -1.8      -1.4      -1.1       1.8       1.4       1.1       0         0         0         0         0         0         0         0         0         0         0         0         0         0         0         0         0         0         0         0         0         0         0         0         0         0         0         0         0         0       
  -0.0025   -9.1e-05  -9.1e-05  -9.1e-05   2.8e-09   0.84     -0.00021   0.0028   -6.1e-05  -0.00021   0.0028   -6e-05     0         0         0         0         0         0         0         0         0         0         0         0         0         0         0         0         0         0         0         0         0         0         0         0         0         0         0         0         0         0       
  -1.7       3         2.9       0.25     -1.8      -0.00021   0.0002    1.2       0         0         0         0         0         0         0         0         0         0         0         0         0         0         0         0         0         0         0         0         0         0         0         0         0         0         0         0         0         0         0         0         0         0       
  -0.65      0.54      0.46     -0.31     -1.4       0.0028    1.2       1.6e-05   0         0         0         0         0         0         0         0         0         0         0         0         0         0         0         0         0         0         0         0         0         0         0         0         0         0         0         0         0         0         0         0         0         0       
  -0.33      4.3       5.1       0.93     -1.1      -6.1e-05   0         0         9.6e-05   0         0         0         0         0         0         0         0         0         0         0         0         0         0         0         0         0         0         0         0         0         0         0         0         0         0         0         0         0         0         0         0         0       
   1.3       4.2       5.6       1.9       1.8      -0.00021   0         0         0         0.0002    1.2       0         0         0         0         0         0         0         0         0         0         0         0         0         0         0         0         0         0         0         0         0         0         0         0         0         0         0         0         0         0         0       
   0.53      1.6       2.1       0.96      1.4       0.0028    0         0         0         1.2       1.6e-05   0         0         0         0         0         0         0         0         0         0         0         0         0         0         0         0         0         0         0         0         0         0         0         0         0         0         0         0         0         0         0       
  -0.17      5.2       6.2       1.9       1.1      -6e-05     0         0         0         0         0         9.6e-05   0         0         0         0         0         0         0         0         0         0         0         0         0         0         0         0         0         0         0         0         0         0         0         0         0         0         0         0         0         0       
   0         0         0         0         0         0         0         0         0         0         0         0         0.16     -4.8e-07  -1.6e-07  -0.2       0.009    -6.4e-10   0         0         0         0         0         0         0         0         0         0         0         0         0         0         0         0         0         0         0         0         0         0         0         0       
   0         0         0         0         0         0         0         0         0         0         0         0        -4.8e-07   0.17     -9e-08    -0.0096   -0.19      2.6e-09   0         0         0         0         0         0         0         0         0         0         0         0         0         0         0         0         0         0         0         0         0         0         0         0       
   0         0         0         0         0         0         0         0         0         0         0         0        -1.6e-07  -9e-08     0.17     -0.00021  -0.0001    9.1e-13   0         0         0         0         0         0         0         0         0         0         0         0         0         0         0         0         0         0         0         0         0         0         0         0       
   0         0         0         0         0         0         0         0         0         0         0         0        -0.2      -0.0096   -0.00021   0.00065   1.2e-16   4.1e-13   0         0         0         0         0         0         0         0         0         0         0         0         0         0         0         0         0         0         0         0         0         0         0         0       
   0         0         0         0         0         0         0         0         0         0         0         0         0.009    -0.19     -0.0001    1.2e-16   0.0007   -2.1e-12   0         0         0         0         0         0         0         0         0         0         0         0         0         0         0         0         0         0         0         0         0         0         0         0       
   0         0         0         0         0         0         0         0         0         0         0         0        -6.4e-10   2.6e-09   9.1e-13   4.1e-13  -2.1e-12   0.0013    0         0         0         0         0         0         0         0         0         0         0         0         0         0         0         0         0         0         0         0         0         0         0         0       
   0         0         0         0         0         0         0         0         0         0         0         0         0         0         0         0         0         0         0.014     2.6e-06   6.5e-06   0.0009   -3.5       4e-08     0         0         0         0         0         0         0         0         0         0         0         0         0         0         0         0         0         0       
   0         0         0         0         0         0         0         0         0         0         0         0         0         0         0         0         0         0         2.6e-06   0.014     1.4e-06   1.8       0.0018    1.3e-08   0         0         0         0         0         0         0         0         0         0         0         0         0         0         0         0         0         0       
   0         0         0         0         0         0         0         0         0         0         0         0         0         0         0         0         0         0         6.5e-06   1.4e-06   0.014    -0.00048   0.0022   -2.9e-11   0         0         0         0         0         0         0         0         0         0         0         0         0         0         0         0         0         0       
   0         0         0         0         0         0         0         0         0         0         0         0         0         0         0         0         0         0         0.0009    1.8      -0.00048   2.4e-05   5.9e-19   3.9e-11   0         0         0         0         0         0         0         0         0         0         0         0         0         0         0         0         0         0       
   0         0         0         0         0         0         0         0         0         0         0         0         0         0         0         0         0         0        -3.5       0.0018    0.0022    5.9e-19   1.2e-05  -1.2e-10   0         0         0         0         0         0         0         0         0         0         0         0         0         0         0         0         0         0       
   0         0         0         0         0         0         0         0         0         0         0         0         0         0         0         0         0         0         4e-08     1.3e-08  -2.9e-11   3.9e-11  -1.2e-10   1.4e-05   0         0         0         0         0         0         0         0         0         0         0         0         0         0         0         0         0         0       
   0         0         0         0         0         0         0         0         0         0         0         0         0         0         0         0         0         0         0         0         0         0         0         0         0.014     0         0         0         0         0         0         0         0         0         0         0         0         0         0         0         0         0       
   0         0         0         0         0         0         0         0         0         0         0         0         0         0         0         0         0         0         0         0         0         0         0         0         0         0.014     0         0         0         0         0         0         0         0         0         0         0         0         0         0         0         0       
   0         0         0         0         0         0         0         0         0         0         0         0         0         0         0         0         0         0         0         0         0         0         0         0         0         0         0.014     0         0         0         0         0         0         0         0         0         0         0         0         0         0         0       
   0         0         0         0         0         0         0         0         0         0         0         0         0         0         0         0         0         0         0         0         0         0         0         0         0         0         0         3.1e-06   1.1e-16  -4.4e-17   0         0         0         0         0         0         0         0         0         0         0         0       
   0         0         0         0         0         0         0         0         0         0         0         0         0         0         0         0         0         0         0         0         0         0         0         0         0         0         0         1.1e-16   4.7e-05  -3.5e-18   0         0         0         0         0         0         0         0         0         0         0         0       
   0         0         0         0         0         0         0         0         0         0         0         0         0         0         0         0         0         0         0         0         0         0         0         0         0         0         0        -4.4e-17  -3.5e-18   4.7e-05   0         0         0         0         0         0         0         0         0         0         0         0       
   0         0         0         0         0         0         0         0         0         0         0         0         0         0         0         0         0         0         0         0         0         0         0         0         0         0         0         0         0         0         0.014     5.2e-05  -3e-05     0.0031   -10        2e-08     0         0         0         0         0         0       
   0         0         0         0         0         0         0         0         0         0         0         0         0         0         0         0         0         0         0         0         0         0         0         0         0         0         0         0         0         0         5.2e-05   0.015    -1.5e-05   3.8       0.0087    6.1e-09   0         0         0         0         0         0       
   0         0         0         0         0         0         0         0         0         0         0         0         0         0         0         0         0         0         0         0         0         0         0         0         0         0         0         0         0         0        -3e-05    -1.5e-05   0.016     0.0016   -0.0032    8.9e-12   0         0         0         0         0         0       
   0         0         0         0         0         0         0         0         0         0         0         0         0         0         0         0         0         0         0         0         0         0         0         0         0         0         0         0         0         0         0.0031    3.8       0.0016    3.8e-05   6.5e-19   5.6e-11   0         0         0         0         0         0       
   0         0         0         0         0         0         0         0         0         0         0         0         0         0         0         0         0         0         0         0         0         0         0         0         0         0         0         0         0         0        -10        0.0087   -0.0032    6.5e-19   1.4e-05  -1.9e-10   0         0         0         0         0         0       
   0         0         0         0         0         0         0         0         0         0         0         0         0         0         0         0         0         0         0         0         0         0         0         0         0         0         0         0         0         0         2e-08     6.1e-09   8.9e-12   5.6e-11  -1.9e-10   2.6e-05   0         0         0         0         0         0       
   0         0         0         0         0         0         0         0         0         0         0         0         0         0         0         0         0         0         0         0         0         0         0         0         0         0         0         0         0         0         0         0         0         0         0         0         0.014    -1.8e-05  -1e-05    -0.0063   -3.5       4e-08   
   0         0         0         0         0         0         0         0         0         0         0         0         0         0         0         0         0         0         0         0         0         0         0         0         0         0         0         0         0         0         0         0         0         0         0         0        -1.8e-05   0.014     1.2e-06   1.8      -0.012     1.3e-08 
   0         0         0         0         0         0         0         0         0         0         0         0         0         0         0         0         0         0         0         0         0         0         0         0         0         0         0         0         0         0         0         0         0         0         0         0        -1e-05     1.2e-06   0.014    -0.00042  -0.0035    3.7e-11 
   0         0         0         0         0         0         0         0         0         0         0         0         0         0         0         0         0         0         0         0         0         0         0         0         0         0         0         0         0         0         0         0         0         0         0         0        -0.0063    1.8      -0.00042   2.4e-05   1.7e-18   3.9e-11 
   0         0         0         0         0         0         0         0         0         0         0         0         0         0         0         0         0         0         0         0         0         0         0         0         0         0         0         0         0         0         0         0         0         0         0         0        -3.5      -0.012    -0.0035    1.7e-18   1.2e-05  -1.2e-10 
   0         0         0         0         0         0         0         0         0         0         0         0         0         0         0         0         0         0         0         0         0         0         0         0         0         0         0         0         0         0         0         0         0         0         0         0         4e-08     1.3e-08   3.7e-11   3.9e-11  -1.2e-10   1.4e-05 

QLDIAGINV
   0.18    
   0.28    
   0.43    
   0.78    
   0.99    
   1.2     
   5e+03   
   6.2e+04 
   1e+04   
   5e+03   
   6.2e+04 
   1e+04   
   6.1     
   6.1     
   6.1     
   1.5e+03 
   1.4e+03 
   7.7e+02 
   71      
   71      
   71      
   4.2e+04 
   8.4e+04 
   7.3e+04 
   73      
   73      
   73      
   3.2e+05 
   2.1e+04 
   2.1e+04 
   70      
   66      
   64      
   2.6e+04 
   7.3e+04 
   3.8e+04 
   71      
   71      
   71      
   4.2e+04 
   8.4e+04 
   7.3e+04 

QLDIAGSQRTINV
   0.43    
   0.53    
   0.65    
   0.89    
   1       
   1.1     
   71      
   2.5e+02 
   1e+02   
   71      
   2.5e+02 
   1e+02   
   2.5     
   2.5     
   2.5     
   39      
   38      
   28      
   8.4     
   8.4     
   8.4     
   2.1e+02 
   2.9e+02 
   2.7e+02 
   8.5     
   8.5     
   8.5     
   5.7e+02 
   1.5e+02 
   1.5e+02 
   8.4     
   8.1     
   8       
   1.6e+02 
   2.7e+02 
   1.9e+02 
   8.4     
   8.4     
   8.4     
   2.1e+02 
   2.9e+02 
   2.7e+02 

B_rownnz              42 0 0 0 12 12 12 12 12 12 12 12 12 12 6 8 8 7 8 8 7 0 0 0 0 0 6 6 6 6 6

B_rowadr              0 42 42 42 42 54 66 78 90 102 114 126 138 150 162 168 176 184 191 199 207 214 214 214 214 214 214 220 226 232 238

B_colind              0 1 2 3 4 5 6 7 8 9 10 11 12 13 14 15 16 17 18 19 20 21 22 23 24 25 26 27 28 29 30 31 32 33 34 35 36 37 38 39 40 41 0 1 2 3 4 5 6 7 8 9 10 11 0 1 2 3 4 5 6 7 8 9 10 11 0 1 2 3 4 5 6 7 8 9 10 11 0 1 2 3 4 5 6 7 8 9 10 11 0 1 2 3 4 5 6 7 8 9 10 11 0 1 2 3 4 5 6 7 8 9 10 11 0 1 2 3 4 5 6 7 8 9 10 11 0 1 2 3 4 5 6 7 8 9 10 11 0 1 2 3 4 5 6 7 8 9 10 11 0 1 2 3 4 5 6 7 8 9 10 11 0 1 2 3 4 5 0 1 2 3 4 5 6 7 0 1 2 3 4 5 6 7 0 1 2 3 4 5 8 0 1 2 3 4 5 9 10 0 1 2 3 4 5 9 10 0 1 2 3 4 5 11 12 13 14 15 16 17 18 19 20 21 22 23 24 25 26 27 28 29 30 31 32 33 34 35 36 37 38 39 40 41

C_rownnz              12 12 12 12 12 12 8 8 7 8 8 7 6 6 6 6 6 6 6 6 6 6 6 6 6 6 6 6 6 6 6 6 6 6 6 6 6 6 6 6 6 6

C_rowadr              0 12 24 36 48 60 72 80 88 95 103 111 118 124 130 136 142 148 154 160 166 172 178 184 190 196 202 208 214 220 226 232 238 244 250 256 262 268 274 280 286 292

C_colind              0 1 2 3 4 5 6 7 8 9 10 11 0 1 2 3 4 5 6 7 8 9 10 11 0 1 2 3 4 5 6 7 8 9 10 11 0 1 2 3 4 5 6 7 8 9 10 11 0 1 2 3 4 5 6 7 8 9 10 11 0 1 2 3 4 5 6 7 8 9 10 11 0 1 2 3 4 5 6 7 0 1 2 3 4 5 6 7 0 1 2 3 4 5 8 0 1 2 3 4 5 9 10 0 1 2 3 4 5 9 10 0 1 2 3 4 5 11 12 13 14 15 16 17 12 13 14 15 16 17 12 13 14 15 16 17 12 13 14 15 16 17 12 13 14 15 16 17 12 13 14 15 16 17 18 19 20 21 22 23 18 19 20 21 22 23 18 19 20 21 22 23 18 19 20 21 22 23 18 19 20 21 22 23 18 19 20 21 22 23 24 25 26 27 28 29 24 25 26 27 28 29 24 25 26 27 28 29 24 25 26 27 28 29 24 25 26 27 28 29 24 25 26 27 28 29 30 31 32 33 34 35 30 31 32 33 34 35 30 31 32 33 34 35 30 31 32 33 34 35 30 31 32 33 34 35 30 31 32 33 34 35 36 37 38 39 40 41 36 37 38 39 40 41 36 37 38 39 40 41 36 37 38 39 40 41 36 37 38 39 40 41 36 37 38 39 40 41

mapM2C                0 2 5 9 14 20 27 35 42 49 57 64 2 1 4 8 13 19 26 34 41 48 56 63 5 4 3 7 12 18 25 33 40 47 55 62 9 8 7 6 11 17 24 32 39 46 54 61 14 13 12 11 10 16 23 31 38 45 53 60 20 19 18 17 16 15 22 30 37 44 52 59 27 26 25 24 23 22 21 29 35 34 33 32 31 30 29 28 42 41 40 39 38 37 36 49 48 47 46 45 44 43 51 57 56 55 54 53 52 51 50 64 63 62 61 60 59 58 65 67 70 74 79 85 67 66 69 73 78 84 70 69 68 72 77 83 74 73 72 71 76 82 79 78 77 76 75 81 85 84 83 82 81 80 86 88 91 95 100 106 88 87 90 94 99 105 91 90 89 93 98 104 95 94 93 92 97 103 100 99 98 97 96 102 106 105 104 103 102 101 107 109 112 116 121 127 109 108 111 115 120 126 112 111 110 114 119 125 116 115 114 113 118 124 121 120 119 118 117 123 127 126 125 124 123 122 128 130 133 137 142 148 130 129 132 136 141 147 133 132 131 135 140 146 137 136 135 134 139 145 142 141 140 139 138 144 148 147 146 145 144 143 149 151 154 158 163 169 151 150 153 157 162 168 154 153 152 156 161 167 158 157 156 155 160 166 163 162 161 160 159 165 169 168 167 166 165 164

D_rownnz              12 12 12 12 12 12 8 8 7 8 8 7 6 6 6 6 6 6 6 6 6 6 6 6 6 6 6 6 6 6 6 6 6 6 6 6 6 6 6 6 6 6

D_rowadr              0 12 24 36 48 60 72 80 88 95 103 111 118 124 130 136 142 148 154 160 166 172 178 184 190 196 202 208 214 220 226 232 238 244 250 256 262 268 274 280 286 292

D_colind              0 1 2 3 4 5 6 7 8 9 10 11 0 1 2 3 4 5 6 7 8 9 10 11 0 1 2 3 4 5 6 7 8 9 10 11 0 1 2 3 4 5 6 7 8 9 10 11 0 1 2 3 4 5 6 7 8 9 10 11 0 1 2 3 4 5 6 7 8 9 10 11 0 1 2 3 4 5 6 7 0 1 2 3 4 5 6 7 0 1 2 3 4 5 8 0 1 2 3 4 5 9 10 0 1 2 3 4 5 9 10 0 1 2 3 4 5 11 12 13 14 15 16 17 12 13 14 15 16 17 12 13 14 15 16 17 12 13 14 15 16 17 12 13 14 15 16 17 12 13 14 15 16 17 18 19 20 21 22 23 18 19 20 21 22 23 18 19 20 21 22 23 18 19 20 21 22 23 18 19 20 21 22 23 18 19 20 21 22 23 24 25 26 27 28 29 24 25 26 27 28 29 24 25 26 27 28 29 24 25 26 27 28 29 24 25 26 27 28 29 24 25 26 27 28 29 30 31 32 33 34 35 30 31 32 33 34 35 30 31 32 33 34 35 30 31 32 33 34 35 30 31 32 33 34 35 30 31 32 33 34 35 36 37 38 39 40 41 36 37 38 39 40 41 36 37 38 39 40 41 36 37 38 39 40 41 36 37 38 39 40 41 36 37 38 39 40 41

mapM2D                0 2 5 9 14 20 27 35 42 49 57 64 2 1 4 8 13 19 26 34 41 48 56 63 5 4 3 7 12 18 25 33 40 47 55 62 9 8 7 6 11 17 24 32 39 46 54 61 14 13 12 11 10 16 23 31 38 45 53 60 20 19 18 17 16 15 22 30 37 44 52 59 27 26 25 24 23 22 21 29 35 34 33 32 31 30 29 28 42 41 40 39 38 37 36 49 48 47 46 45 44 43 51 57 56 55 54 53 52 51 50 64 63 62 61 60 59 58 65 67 70 74 79 85 67 66 69 73 78 84 70 69 68 72 77 83 74 73 72 71 76 82 79 78 77 76 75 81 85 84 83 82 81 80 86 88 91 95 100 106 88 87 90 94 99 105 91 90 89 93 98 104 95 94 93 92 97 103 100 99 98 97 96 102 106 105 104 103 102 101 107 109 112 116 121 127 109 108 111 115 120 126 112 111 110 114 119 125 116 115 114 113 118 124 121 120 119 118 117 123 127 126 125 124 123 122 128 130 133 137 142 148 130 129 132 136 141 147 133 132 131 135 140 146 137 136 135 134 139 145 142 141 140 139 138 144 148 147 146 145 144 143 149 151 154 158 163 169 151 150 153 157 162 168 154 153 152 156 161 167 158 157 156 155 160 166 163 162 161 160 159 165 169 168 167 166 165 164

mapD2M                0 13 12 26 25 24 39 38 37 36 52 51 50 49 48 65 64 63 62 61 60 78 77 76 75 74 73 72 87 86 85 84 83 82 81 80 94 93 92 91 90 89 88 101 100 99 98 97 96 95 110 109 108 107 106 105 104 103 117 116 115 114 113 112 111 118 125 124 132 131 130 139 138 137 136 146 145 144 143 142 153 152 151 150 149 148 154 161 160 168 167 166 175 174 173 172 182 181 180 179 178 189 188 187 186 185 184 190 197 196 204 203 202 211 210 209 208 218 217 216 215 214 225 224 223 222 221 220 226 233 232 240 239 238 247 246 245 244 254 253 252 251 250 261 260 259 258 257 256 262 269 268 276 275 274 283 282 281 280 290 289 288 287 286 297 296 295 294 293 292

QDERIV
   0         0         0         0         0         0         0         0         0         0         0         0         0         0         0         0         0         0         0         0         0         0         0         0         0         0         0         0         0         0         0         0         0         0         0         0         0         0         0         0         0         0       
   0         0         0         0         0         0         0         0         0         0         0         0         0         0         0         0         0         0         0         0         0         0         0         0         0         0         0         0         0         0         0         0         0         0         0         0         0         0         0         0         0         0       
   0         0         0         0         0         0         0         0         0         0         0         0         0         0         0         0         0         0         0         0         0         0         0         0         0         0         0         0         0         0         0         0         0         0         0         0         0         0         0         0         0         0       
   0         0         0         0         0         0         0         0         0         0         0         0         0         0         0         0         0         0         0         0         0         0         0         0         0         0         0         0         0         0         0         0         0         0         0         0         0         0         0         0         0         0       
   0         0         0         0         0         0         0         0         0         0         0         0         0         0         0         0         0         0         0         0         0         0         0         0         0         0         0         0         0         0         0         0         0         0         0         0         0         0         0         0         0         0       
   0         0         0         0         0         0         0         0         0         0         0         0         0         0         0         0         0         0         0         0         0         0         0         0         0         0         0         0         0         0         0         0         0         0         0         0         0         0         0         0         0         0       
   0         0         0         0         0         0         0         0         0         0         0         0         0         0         0         0         0         0         0         0         0         0         0         0         0         0         0         0         0         0         0         0         0         0         0         0         0         0         0         0         0         0       
   0         0         0         0         0         0         0         0         0         0         0         0         0         0         0         0         0         0         0         0         0         0         0         0         0         0         0         0         0         0         0         0         0         0         0         0         0         0         0         0         0         0       
   0         0         0         0         0         0         0         0         0         0         0         0         0         0         0         0         0         0         0         0         0         0         0         0         0         0         0         0         0         0         0         0         0         0         0         0         0         0         0         0         0         0       
   0         0         0         0         0         0         0         0         0         0         0         0         0         0         0         0         0         0         0         0         0         0         0         0         0         0         0         0         0         0         0         0         0         0         0         0         0         0         0         0         0         0       
   0         0         0         0         0         0         0         0         0         0         0         0         0         0         0         0         0         0         0         0         0         0         0         0         0         0         0         0         0         0         0         0         0         0         0         0         0         0         0         0         0         0       
   0         0         0         0         0         0         0         0         0         0         0         0         0         0         0         0         0         0         0         0         0         0         0         0         0         0         0         0         0         0         0         0         0         0         0         0         0         0         0         0         0         0       
   0         0         0         0         0         0         0         0         0         0         0         0         0         0         0         0         0         0         0         0         0         0         0         0         0         0         0         0         0         0         0         0         0         0         0         0         0         0         0         0         0         0       
   0         0         0         0         0         0         0         0         0         0         0         0         0         0         0         0         0         0         0         0         0         0         0         0         0         0         0         0         0         0         0         0         0         0         0         0         0         0         0         0         0         0       
   0         0         0         0         0         0         0         0         0         0         0         0         0         0         0         0         0         0         0         0         0         0         0         0         0         0         0         0         0         0         0         0         0         0         0         0         0         0         0         0         0         0       
   0         0         0         0         0         0         0         0         0         0         0         0         0         0         0         0         0         0         0         0         0         0         0         0         0         0         0         0         0         0         0         0         0         0         0         0         0         0         0         0         0         0       
   0         0         0         0         0         0         0         0         0         0         0         0         0         0         0         0         0         0         0         0         0         0         0         0         0         0         0         0         0         0         0         0         0         0         0         0         0         0         0         0         0         0       
   0         0         0         0         0         0         0         0         0         0         0         0         0         0         0         0         0         0         0         0         0         0         0         0         0         0         0         0         0         0         0         0         0         0         0         0         0         0         0         0         0         0       
   0         0         0         0         0         0         0         0         0         0         0         0         0         0         0         0         0         0         0         0         0         0         0         0         0         0         0         0         0         0         0         0         0         0         0         0         0         0         0         0         0         0       
   0         0         0         0         0         0         0         0         0         0         0         0         0         0         0         0         0         0         0         0         0         0         0         0         0         0         0         0         0         0         0         0         0         0         0         0         0         0         0         0         0         0       
   0         0         0         0         0         0         0         0         0         0         0         0         0         0         0         0         0         0         0         0         0         0         0         0         0         0         0         0         0         0         0         0         0         0         0         0         0         0         0         0         0         0       
   0         0         0         0         0         0         0         0         0         0         0         0         0         0         0         0         0         0         0         0         0         0         0         0         0         0         0         0         0         0         0         0         0         0         0         0         0         0         0         0         0         0       
   0         0         0         0         0         0         0         0         0         0         0         0         0         0         0         0         0         0         0         0         0         0         0         0         0         0         0         0         0         0         0         0         0         0         0         0         0         0         0         0         0         0       
   0         0         0         0         0         0         0         0         0         0         0         0         0         0         0         0         0         0         0         0         0         0         0         0         0         0         0         0         0         0         0         0         0         0         0         0         0         0         0         0         0         0       
   0         0         0         0         0         0         0         0         0         0         0         0         0         0         0         0         0         0         0         0         0         0         0         0         0         0         0         0         0         0         0         0         0         0         0         0         0         0         0         0         0         0       
   0         0         0         0         0         0         0         0         0         0         0         0         0         0         0         0         0         0         0         0         0         0         0         0         0         0         0         0         0         0         0         0         0         0         0         0         0         0         0         0         0         0       
   0         0         0         0         0         0         0         0         0         0         0         0         0         0         0         0         0         0         0         0         0         0         0         0         0         0         0         0         0         0         0         0         0         0         0         0         0         0         0         0         0         0       
   0         0         0         0         0         0         0         0         0         0         0         0         0         0         0         0         0         0         0         0         0         0         0         0         0         0         0         0         0         0         0         0         0         0         0         0         0         0         0         0         0         0       
   0         0         0         0         0         0         0         0         0         0         0         0         0         0         0         0         0         0         0         0         0         0         0         0         0         0         0         0         0         0         0         0         0         0         0         0         0         0         0         0         0         0       
   0         0         0         0         0         0         0         0         0         0         0         0         0         0         0         0         0         0         0         0         0         0         0         0         0         0         0         0         0         0         0         0         0         0         0         0         0         0         0         0         0         0       
   0         0         0         0         0         0         0         0         0         0         0         0         0         0         0         0         0         0         0         0         0         0         0         0         0         0         0         0         0         0         0         0         0         0         0         0         0         0         0         0         0         0       
   0         0         0         0         0         0         0         0         0         0         0         0         0         0         0         0         0         0         0         0         0         0         0         0         0         0         0         0         0         0         0         0         0         0         0         0         0         0         0         0         0         0       
   0         0         0         0         0         0         0         0         0         0         0         0         0         0         0         0         0         0         0         0         0         0         0         0         0         0         0         0         0         0         0         0         0         0         0         0         0         0         0         0         0         0       
   0         0         0         0         0         0         0         0         0         0         0         0         0         0         0         0         0         0         0         0         0         0         0         0         0         0         0         0         0         0         0         0         0         0         0         0         0         0         0         0         0         0       
   0         0         0         0         0         0         0         0         0         0         0         0         0         0         0         0         0         0         0         0         0         0         0         0         0         0         0         0         0         0         0         0         0         0         0         0         0         0         0         0         0         0       
   0         0         0         0         0         0         0         0         0         0         0         0         0         0         0         0         0         0         0         0         0         0         0         0         0         0         0         0         0         0         0         0         0         0         0         0         0         0         0         0         0         0       
   0         0         0         0         0         0         0         0         0         0         0         0         0         0         0         0         0         0         0         0         0         0         0         0         0         0         0         0         0         0         0         0         0         0         0         0         0         0         0         0         0         0       
   0         0         0         0         0         0         0         0         0         0         0         0         0         0         0         0         0         0         0         0         0         0         0         0         0         0         0         0         0         0         0         0         0         0         0         0         0         0         0         0         0         0       
   0         0         0         0         0         0         0         0         0         0         0         0         0         0         0         0         0         0         0         0         0         0         0         0         0         0         0         0         0         0         0         0         0         0         0         0         0         0         0         0         0         0       
   0         0         0         0         0         0         0         0         0         0         0         0         0         0         0         0         0         0         0         0         0         0         0         0         0         0         0         0         0         0         0         0         0         0         0         0         0         0         0         0         0         0       
   0         0         0         0         0         0         0         0         0         0         0         0         0         0         0         0         0         0         0         0         0         0         0         0         0         0         0         0         0         0         0         0         0         0         0         0         0         0         0         0         0         0       
   0         0         0         0         0         0         0         0         0         0         0         0         0         0         0         0         0         0         0         0         0         0         0         0         0         0         0         0         0         0         0         0         0         0         0         0         0         0         0         0         0         0       

QLU
   0         0         0         0         0         0         0         0         0         0         0         0         0         0         0         0         0         0         0         0         0         0         0         0         0         0         0         0         0         0         0         0         0         0         0         0         0         0         0         0         0         0       
   0         0         0         0         0         0         0         0         0         0         0         0         0         0         0         0         0         0         0         0         0         0         0         0         0         0         0         0         0         0         0         0         0         0         0         0         0         0         0         0         0         0       
   0         0         0         0         0         0         0         0         0         0         0         0         0         0         0         0         0         0         0         0         0         0         0         0         0         0         0         0         0         0         0         0         0         0         0         0         0         0         0         0         0         0       
   0         0         0         0         0         0         0         0         0         0         0         0         0         0         0         0         0         0         0         0         0         0         0         0         0         0         0         0         0         0         0         0         0         0         0         0         0         0         0         0         0         0       
   0         0         0         0         0         0         0         0         0         0         0         0         0         0         0         0         0         0         0         0         0         0         0         0         0         0         0         0         0         0         0         0         0         0         0         0         0         0         0         0         0         0       
   0         0         0         0         0         0         0         0         0         0         0         0         0         0         0         0         0         0         0         0         0         0         0         0         0         0         0         0         0         0         0         0         0         0         0         0         0         0         0         0         0         0       
   0         0         0         0         0         0         0         0         0         0         0         0         0         0         0         0         0         0         0         0         0         0         0         0         0         0         0         0         0         0         0         0         0         0         0         0         0         0         0         0         0         0       
   0         0         0         0         0         0         0         0         0         0         0         0         0         0         0         0         0         0         0         0         0         0         0         0         0         0         0         0         0         0         0         0         0         0         0         0         0         0         0         0         0         0       
   0         0         0         0         0         0         0         0         0         0         0         0         0         0         0         0         0         0         0         0         0         0         0         0         0         0         0         0         0         0         0         0         0         0         0         0         0         0         0         0         0         0       
   0         0         0         0         0         0         0         0         0         0         0         0         0         0         0         0         0         0         0         0         0         0         0         0         0         0         0         0         0         0         0         0         0         0         0         0         0         0         0         0         0         0       
   0         0         0         0         0         0         0         0         0         0         0         0         0         0         0         0         0         0         0         0         0         0         0         0         0         0         0         0         0         0         0         0         0         0         0         0         0         0         0         0         0         0       
   0         0         0         0         0         0         0         0         0         0         0         0         0         0         0         0         0         0         0         0         0         0         0         0         0         0         0         0         0         0         0         0         0         0         0         0         0         0         0         0         0         0       
   0         0         0         0         0         0         0         0         0         0         0         0         0         0         0         0         0         0         0         0         0         0         0         0         0         0         0         0         0         0         0         0         0         0         0         0         0         0         0         0         0         0       
   0         0         0         0         0         0         0         0         0         0         0         0         0         0         0         0         0         0         0         0         0         0         0         0         0         0         0         0         0         0         0         0         0         0         0         0         0         0         0         0         0         0       
   0         0         0         0         0         0         0         0         0         0         0         0         0         0         0         0         0         0         0         0         0         0         0         0         0         0         0         0         0         0         0         0         0         0         0         0         0         0         0         0         0         0       
   0         0         0         0         0         0         0         0         0         0         0         0         0         0         0         0         0         0         0         0         0         0         0         0         0         0         0         0         0         0         0         0         0         0         0         0         0         0         0         0         0         0       
   0         0         0         0         0         0         0         0         0         0         0         0         0         0         0         0         0         0         0         0         0         0         0         0         0         0         0         0         0         0         0         0         0         0         0         0         0         0         0         0         0         0       
   0         0         0         0         0         0         0         0         0         0         0         0         0         0         0         0         0         0         0         0         0         0         0         0         0         0         0         0         0         0         0         0         0         0         0         0         0         0         0         0         0         0       
   0         0         0         0         0         0         0         0         0         0         0         0         0         0         0         0         0         0         0         0         0         0         0         0         0         0         0         0         0         0         0         0         0         0         0         0         0         0         0         0         0         0       
   0         0         0         0         0         0         0         0         0         0         0         0         0         0         0         0         0         0         0         0         0         0         0         0         0         0         0         0         0         0         0         0         0         0         0         0         0         0         0         0         0         0       
   0         0         0         0         0         0         0         0         0         0         0         0         0         0         0         0         0         0         0         0         0         0         0         0         0         0         0         0         0         0         0         0         0         0         0         0         0         0         0         0         0         0       
   0         0         0         0         0         0         0         0         0         0         0         0         0         0         0         0         0         0         0         0         0         0         0         0         0         0         0         0         0         0         0         0         0         0         0         0         0         0         0         0         0         0       
   0         0         0         0         0         0         0         0         0         0         0         0         0         0         0         0         0         0         0         0         0         0         0         0         0         0         0         0         0         0         0         0         0         0         0         0         0         0         0         0         0         0       
   0         0         0         0         0         0         0         0         0         0         0         0         0         0         0         0         0         0         0         0         0         0         0         0         0         0         0         0         0         0         0         0         0         0         0         0         0         0         0         0         0         0       
   0         0         0         0         0         0         0         0         0         0         0         0         0         0         0         0         0         0         0         0         0         0         0         0         0         0         0         0         0         0         0         0         0         0         0         0         0         0         0         0         0         0       
   0         0         0         0         0         0         0         0         0         0         0         0         0         0         0         0         0         0         0         0         0         0         0         0         0         0         0         0         0         0         0         0         0         0         0         0         0         0         0         0         0         0       
   0         0         0         0         0         0         0         0         0         0         0         0         0         0         0         0         0         0         0         0         0         0         0         0         0         0         0         0         0         0         0         0         0         0         0         0         0         0         0         0         0         0       
   0         0         0         0         0         0         0         0         0         0         0         0         0         0         0         0         0         0         0         0         0         0         0         0         0         0         0         0         0         0         0         0         0         0         0         0         0         0         0         0         0         0       
   0         0         0         0         0         0         0         0         0         0         0         0         0         0         0         0         0         0         0         0         0         0         0         0         0         0         0         0         0         0         0         0         0         0         0         0         0         0         0         0         0         0       
   0         0         0         0         0         0         0         0         0         0         0         0         0         0         0         0         0         0         0         0         0         0         0         0         0         0         0         0         0         0         0         0         0         0         0         0         0         0         0         0         0         0       
   0         0         0         0         0         0         0         0         0         0         0         0         0         0         0         0         0         0         0         0         0         0         0         0         0         0         0         0         0         0         0         0         0         0         0         0         0         0         0         0         0         0       
   0         0         0         0         0         0         0         0         0         0         0         0         0         0         0         0         0         0         0         0         0         0         0         0         0         0         0         0         0         0         0         0         0         0         0         0         0         0         0         0         0         0       
   0         0         0         0         0         0         0         0         0         0         0         0         0         0         0         0         0         0         0         0         0         0         0         0         0         0         0         0         0         0         0         0         0         0         0         0         0         0         0         0         0         0       
   0         0         0         0         0         0         0         0         0         0         0         0         0         0         0         0         0         0         0         0         0         0         0         0         0         0         0         0         0         0         0         0         0         0         0         0         0         0         0         0         0         0       
   0         0         0         0         0         0         0         0         0         0         0         0         0         0         0         0         0         0         0         0         0         0         0         0         0         0         0         0         0         0         0         0         0         0         0         0         0         0         0         0         0         0       
   0         0         0         0         0         0         0         0         0         0         0         0         0         0         0         0         0         0         0         0         0         0         0         0         0         0         0         0         0         0         0         0         0         0         0         0         0         0         0         0         0         0       
   0         0         0         0         0         0         0         0         0         0         0         0         0         0         0         0         0         0         0         0         0         0         0         0         0         0         0         0         0         0         0         0         0         0         0         0         0         0         0         0         0         0       
   0         0         0         0         0         0         0         0         0         0         0         0         0         0         0         0         0         0         0         0         0         0         0         0         0         0         0         0         0         0         0         0         0         0         0         0         0         0         0         0         0         0       
   0         0         0         0         0         0         0         0         0         0         0         0         0         0         0         0         0         0         0         0         0         0         0         0         0         0         0         0         0         0         0         0         0         0         0         0         0         0         0         0         0         0       
   0         0         0         0         0         0         0         0         0         0         0         0         0         0         0         0         0         0         0         0         0         0         0         0         0         0         0         0         0         0         0         0         0         0         0         0         0         0         0         0         0         0       
   0         0         0         0         0         0         0         0         0         0         0         0         0         0         0         0         0         0         0         0         0         0         0         0         0         0         0         0         0         0         0         0         0         0         0         0         0         0         0         0         0         0       
   0         0         0         0         0         0         0         0         0         0         0         0         0         0         0         0         0         0         0         0         0         0         0         0         0         0         0         0         0         0         0         0         0         0         0         0         0         0         0         0         0         0       

CONTACT
  0:
     dim           4
     geoms         table_collision : obj1_collision
     exclude       0
     efc_address   8
     solref         0.011     1       
     solimp         0.95      0.97      0.001     0.5       2       
     dist          -0.0042  
     includemargin  0       
     pos           -0.3      -0.26      0.8     
     frame         -3.3e-15   6.5e-15   1         2.1e-29   1        -6.5e-15  -1         0        -3.3e-15 
     friction       1         1         0.3       0.1       0.1     
     mu             0.22    
  1:
     dim           4
     geoms         table_collision : obj2_collision
     exclude       0
     efc_address   12
     solref         0.011     1       
     solimp         0.95      0.97      0.001     0.5       2       
     dist          -0.00068 
     includemargin  0       
     pos            0.13     -0.2       0.8     
     frame         -4.1e-14  -8.2e-14   1        -3.3e-27   1         8.2e-14  -1         0        -4.1e-14 
     friction       1         1         0.3       0.1       0.1     
     mu             0.22    
  2:
     dim           4
     geoms         table_collision : obj3_collision
     exclude       0
     efc_address   16
     solref         0.011     1       
     solimp         0.95      0.97      0.001     0.5       2       
     dist          -0.0027  
     includemargin  0       
     pos            0.21     -0.12      0.8     
     frame         -3e-14     4.1e-14   1         1.2e-27   1        -4.1e-14  -1         0        -3e-14   
     friction       1         1         0.3       0.1       0.1     
     mu             0.22    
  3:
     dim           4
     geoms         table_collision : obj4_collision
     exclude       0
     efc_address   20
     solref         0.011     1       
     solimp         0.95      0.97      0.001     0.5       2       
     dist          -0.0015  
     includemargin  0       
     pos            0.11     -0.019     0.8     
     frame          0        -1.8e-14   1         0         1         1.8e-14  -1         0         0       
     friction       1         1         0.3       0.1       0.1     
     mu             0.22    
  4:
     dim           4
     geoms         table_collision : obj5_collision
     exclude       0
     efc_address   24
     solref         0.011     1       
     solimp         0.95      0.97      0.001     0.5       2       
     dist          -0.00069 
     includemargin  0       
     pos            0.1       0.29      0.8     
     frame          8.1e-14   0         1         0         1         0        -1         0         8.1e-14 
     friction       1         1         0.3       0.1       0.1     
     mu             0.22    
  5:
     dim           3
     geoms         gripper0_right_left_outer_finger_collision : gripper0_right_left_inner_knuckle_collision
     exclude       0
     efc_address   28
     solref         0.015     0.62    
     solimp         0.9       0.95      0.001     0.5       2       
     dist          -0.0041  
     includemargin  0       
     pos           -0.2       0.02      1       
     frame         -0.03     -1         0.08      0.0024    0.08      1        -1         0.03      0       
     friction       1         1         0.005     0.0001    0.0001  
     mu             0.22    
  6:
     dim           3
     geoms         gripper0_right_left_inner_finger_collision : gripper0_right_left_inner_knuckle_collision
     exclude       0
     efc_address   31
     solref         0.015     0.62    
     solimp         0.9       0.95      0.001     0.5       2       
     dist          -0.0086  
     includemargin  0       
     pos           -0.21      0.016     1       
     frame         -0.03     -0.33      0.94     -0.011     0.94      0.33     -1         0        -0.032   
     friction       1         1         0.005     0.0001    0.0001  
     mu             0.22    
  7:
     dim           3
     geoms         gripper0_right_right_outer_finger_collision : gripper0_right_right_inner_knuckle_collision
     exclude       0
     efc_address   34
     solref         0.015     0.62    
     solimp         0.9       0.95      0.001     0.5       2       
     dist          -0.0041  
     includemargin  0       
     pos           -0.21     -0.086     1.1     
     frame          0.029     1        -0.02      0.00057   0.02      1         1        -0.029     0       
     friction       1         1         0.005     0.0001    0.0001  
     mu             0.22    
  8:
     dim           3
     geoms         gripper0_right_right_inner_finger_collision : gripper0_right_right_inner_knuckle_collision
     exclude       0
     efc_address   37
     solref         0.015     0.62    
     solimp         0.9       0.95      0.001     0.5       2       
     dist          -0.0086  
     includemargin  0       
     pos           -0.2      -0.082     1       
     frame         -0.008     0.43      0.9       0.0038    0.9      -0.43     -1         0        -0.0088  
     friction       1         1         0.005     0.0001    0.0001  
     mu             0.22    

EFC_TYPE
  1
  1
  1
  1
  1
  1
  3
  3
  7
  7
  7
  7
  7
  7
  7
  7
  7
  7
  7
  7
  7
  7
  7
  7
  7
  7
  7
  7
  7
  7
  7
  7
  7
  7
  7
  7
  7
  7
  7
  7

EFC_ID
  0
  1
  2
  3
  4
  5
  8
  11
  0
  0
  0
  0
  1
  1
  1
  1
  2
  2
  2
  2
  3
  3
  3
  3
  4
  4
  4
  4
  5
  5
  5
  6
  6
  6
  7
  7
  7
  8
  8
  8

EFC_J
   1         0         0         0         0         0         0         0         0         0         0         0         0         0         0         0         0         0         0         0         0         0         0         0         0         0         0         0         0         0         0         0         0         0         0         0         0         0         0         0         0         0       
   0         1         0         0         0         0         0         0         0         0         0         0         0         0         0         0         0         0         0         0         0         0         0         0         0         0         0         0         0         0         0         0         0         0         0         0         0         0         0         0         0         0       
   0         0         1         0         0         0         0         0         0         0         0         0         0         0         0         0         0         0         0         0         0         0         0         0         0         0         0         0         0         0         0         0         0         0         0         0         0         0         0         0         0         0       
   0         0         0         1         0         0         0         0         0         0         0         0         0         0         0         0         0         0         0         0         0         0         0         0         0         0         0         0         0         0         0         0         0         0         0         0         0         0         0         0         0         0       
   0         0         0         0         1         0         0         0         0         0         0         0         0         0         0         0         0         0         0         0         0         0         0         0         0         0         0         0         0         0         0         0         0         0         0         0         0         0         0         0         0         0       
   0         0         0         0         0         1         0         0         0         0         0         0         0         0         0         0         0         0         0         0         0         0         0         0         0         0         0         0         0         0         0         0         0         0         0         0         0         0         0         0         0         0       
   0         0         0         0         0         0         0         0         1         0         0         0         0         0         0         0         0         0         0         0         0         0         0         0         0         0         0         0         0         0         0         0         0         0         0         0         0         0         0         0         0         0       
   0         0         0         0         0         0         0         0         0         0         0         1         0         0         0         0         0         0         0         0         0         0         0         0         0         0         0         0         0         0         0         0         0         0         0         0         0         0         0         0         0         0       
   0         0         0         0         0         0         0         0         0         0         0         0        -3.3e-15   6.5e-15   1         0.11      0.11      5.3e-05   0         0         0         0         0         0         0         0         0         0         0         0         0         0         0         0         0         0         0         0         0         0         0         0       
   0         0         0         0         0         0         0         0         0         0         0         0         2.1e-29   1        -6.5e-15  -0.0012   -0.023    -0.1       0         0         0         0         0         0         0         0         0         0         0         0         0         0         0         0         0         0         0         0         0         0         0         0       
   0         0         0         0         0         0         0         0         0         0         0         0        -1         0        -3.3e-15   0.023    -0.001    -0.11      0         0         0         0         0         0         0         0         0         0         0         0         0         0         0         0         0         0         0         0         0         0         0         0       
   0         0         0         0         0         0         0         0         0         0         0         0         0         0         0         0.00055  -0.0011    1         0         0         0         0         0         0         0         0         0         0         0         0         0         0         0         0         0         0         0         0         0         0         0         0       
   0         0         0         0         0         0         0         0         0         0         0         0         0         0         0         0         0         0        -4.1e-14  -8.2e-14   1         0.05     -0.015     2.7e-05   0         0         0         0         0         0         0         0         0         0         0         0         0         0         0         0         0         0       
   0         0         0         0         0         0         0         0         0         0         0         0         0         0         0         0         0         0        -3.3e-27   1         8.2e-14   0.05      2.1e-05   0.015     0         0         0         0         0         0         0         0         0         0         0         0         0         0         0         0         0         0       
   0         0         0         0         0         0         0         0         0         0         0         0         0         0         0         0         0         0        -1         0        -4.1e-14  -5.6e-05   0.05      0.05      0         0         0         0         0         0         0         0         0         0         0         0         0         0         0         0         0         0       
   0         0         0         0         0         0         0         0         0         0         0         0         0         0         0         0         0         0         0         0         0        -0.00063  -0.00027   1         0         0         0         0         0         0         0         0         0         0         0         0         0         0         0         0         0         0       
   0         0         0         0         0         0         0         0         0         0         0         0         0         0         0         0         0         0         0         0         0         0         0         0        -3e-14     4.1e-14   1        -0.017    -0.094     5e-05     0         0         0         0         0         0         0         0         0         0         0         0       
   0         0         0         0         0         0         0         0         0         0         0         0         0         0         0         0         0         0         0         0         0         0         0         0         1.2e-27   1        -4.1e-14   0.017    -0.0012    0.095     0         0         0         0         0         0         0         0         0         0         0         0       
   0         0         0         0         0         0         0         0         0         0         0         0         0         0         0         0         0         0         0         0         0         0         0         0        -1         0        -3e-14     0.0013    0.017    -0.011     0         0         0         0         0         0         0         0         0         0         0         0       
   0         0         0         0         0         0         0         0         0         0         0         0         0         0         0         0         0         0         0         0         0         0         0         0         0         0         0        -0.00046   0.00062   1         0         0         0         0         0         0         0         0         0         0         0         0       
   0         0         0         0         0         0         0         0         0         0         0         0         0         0         0         0         0         0         0         0         0         0         0         0         0         0         0         0         0         0         0        -1.8e-14   1        -0.079     0.015     1.8e-05   0         0         0         0         0         0       
   0         0         0         0         0         0         0         0         0         0         0         0         0         0         0         0         0         0         0         0         0         0         0         0         0         0         0         0         0         0         0         1         1.8e-14   0.049     3.5e-05  -0.015     0         0         0         0         0         0       
   0         0         0         0         0         0         0         0         0         0         0         0         0         0         0         0         0         0         0         0         0         0         0         0         0         0         0         0         0         0        -1         0         0        -6.5e-05   0.049    -0.079     0         0         0         0         0         0       
   0         0         0         0         0         0         0         0         0         0         0         0         0         0         0         0         0         0         0         0         0         0         0         0         0         0         0         0         0         0         0         0         0         0.00031   0.00042   1         0         0         0         0         0         0       
   0         0         0         0         0         0         0         0         0         0         0         0         0         0         0         0         0         0         0         0         0         0         0         0         0         0         0         0         0         0         0         0         0         0         0         0         8.1e-14   0         1         0.05      0.015    -4.6e-05 
   0         0         0         0         0         0         0         0         0         0         0         0         0         0         0         0         0         0         0         0         0         0         0         0         0         0         0         0         0         0         0         0         0         0         0         0         0         1         0         0.05     -0.00017  -0.015   
   0         0         0         0         0         0         0         0         0         0         0         0         0         0         0         0         0         0         0         0         0         0         0         0         0         0         0         0         0         0         0         0         0         0         0         0        -1         0         8.1e-14   0.00022   0.05      0.049   
   0         0         0         0         0         0         0         0         0         0         0         0         0         0         0         0         0         0         0         0         0         0         0         0         0         0         0         0         0         0         0         0         0         0         0         0         0         0         0         0.001    -0.00023   1       
   0         0         0         0         0         0        -0.046     0         0.039     0         0         0         0         0         0         0         0         0         0         0         0         0         0         0         0         0         0         0         0         0         0         0         0         0         0         0         0         0         0         0         0         0       
   0         0         0         0         0         0         0.024     0        -0.042     0         0         0         0         0         0         0         0         0         0         0         0         0         0         0         0         0         0         0         0         0         0         0         0         0         0         0         0         0         0         0         0         0       
   0         0         0         0         0         0         0.00053   0        -0.00093   0         0         0         0         0         0         0         0         0         0         0         0         0         0         0         0         0         0         0         0         0         0         0         0         0         0         0         0         0         0         0         0         0       
   0         0         0         0         0         0        -0.0024   -0.0088   -0.017     0         0         0         0         0         0         0         0         0         0         0         0         0         0         0         0         0         0         0         0         0         0         0         0         0         0         0         0         0         0         0         0         0       
   0         0         0         0         0         0         0.053    -0.0033   -0.054     0         0         0         0         0         0         0         0         0         0         0         0         0         0         0         0         0         0         0         0         0         0         0         0         0         0         0         0         0         0         0         0         0       
   0         0         0         0         0         0        -0.0016    9.8e-05   0.0016    0         0         0         0         0         0         0         0         0         0         0         0         0         0         0         0         0         0         0         0         0         0         0         0         0         0         0         0         0         0         0         0         0       
   0         0         0         0         0         0         0         0         0        -0.046     0         0.039     0         0         0         0         0         0         0         0         0         0         0         0         0         0         0         0         0         0         0         0         0         0         0         0         0         0         0         0         0         0       
   0         0         0         0         0         0         0         0         0         0.024     0        -0.042     0         0         0         0         0         0         0         0         0         0         0         0         0         0         0         0         0         0         0         0         0         0         0         0         0         0         0         0         0         0       
   0         0         0         0         0         0         0         0         0        -0.00053   0         0.00092   0         0         0         0         0         0         0         0         0         0         0         0         0         0         0         0         0         0         0         0         0         0         0         0         0         0         0         0         0         0       
   0         0         0         0         0         0         0         0         0        -0.0024   -0.0088   -0.017     0         0         0         0         0         0         0         0         0         0         0         0         0         0         0         0         0         0         0         0         0         0         0         0         0         0         0         0         0         0       
   0         0         0         0         0         0         0         0         0        -0.053     0.0033    0.054     0         0         0         0         0         0         0         0         0         0         0         0         0         0         0         0         0         0         0         0         0         0         0         0         0         0         0         0         0         0       
   0         0         0         0         0         0         0         0         0         0.0017   -0.0001   -0.0017    0         0         0         0         0         0         0         0         0         0         0         0         0         0         0         0         0         0         0         0         0         0         0         0         0         0         0         0         0         0       

EFC_POS
   0       
   0       
   0       
   0       
   0       
   0       
  -0.0097  
  -0.0098  
  -0.0042  
   0       
   0       
   0       
  -0.00068 
   0       
   0       
   0       
  -0.0027  
   0       
   0       
   0       
  -0.0015  
   0       
   0       
   0       
  -0.00069 
   0       
   0       
   0       
  -0.0041  
   0       
   0       
  -0.0086  
   0       
   0       
  -0.0041  
   0       
   0       
  -0.0086  
   0       
   0       

EFC_MARGIN
   0       
   0       
   0       
   0       
   0       
   0       
   0       
   0       
   0       
   0       
   0       
   0       
   0       
   0       
   0       
   0       
   0       
   0       
   0       
   0       
   0       
   0       
   0       
   0       
   0       
   0       
   0       
   0       
   0       
   0       
   0       
   0       
   0       
   0       
   0       
   0       
   0       
   0       
   0       
   0       

EFC_FRICTIONLOSS
   0.01    
   0.01    
   0.01    
   0.01    
   0.01    
   0.01    
   0       
   0       
   0       
   0       
   0       
   0       
   0       
   0       
   0       
   0       
   0       
   0       
   0       
   0       
   0       
   0       
   0       
   0       
   0       
   0       
   0       
   0       
   0       
   0       
   0       
   0       
   0       
   0       
   0       
   0       
   0       
   0       
   0       
   0       

EFC_DIAGAPPROX
   0.12    
   0.19    
   0.51    
   0.79    
   0.99    
   1.2     
   1e+04   
   1e+04   
   6.1     
   0.3     
   0.3     
   3.4     
   71      
   3.5     
   3.5     
   39      
   73      
   3.7     
   3.7     
   41      
   64      
   3.2     
   3.2     
   35      
   71      
   3.5     
   3.5     
   39      
   14      
   0.72    
   0.72    
   15      
   0.73    
   0.73    
   14      
   0.72    
   0.72    
   15      
   0.73    
   0.73    

EFC_KBIP
   0         1.1e+02   0.9       0       
   0         1.1e+02   0.9       0       
   0         1.1e+02   0.9       0       
   0         1.1e+02   0.9       0       
   0         1.1e+02   0.9       0       
   0         1.1e+02   0.9       0       
   2.8e+03   1.1e+02   0.95      0       
   2.8e+03   1.1e+02   0.95      0       
   9.6e+03   2e+02     0.97      0       
   0         2e+02     0.97      0       
   0         2e+02     0.97      0       
   0         2e+02     0.97      0       
   9.6e+03   2e+02     0.97     -32      
   0         2e+02     0.97     -32      
   0         2e+02     0.97     -32      
   0         2e+02     0.97     -32      
   9.6e+03   2e+02     0.97      0       
   0         2e+02     0.97      0       
   0         2e+02     0.97      0       
   0         2e+02     0.97      0       
   9.6e+03   2e+02     0.97      0       
   0         2e+02     0.97      0       
   0         2e+02     0.97      0       
   0         2e+02     0.97      0       
   9.6e+03   2e+02     0.97     -31      
   0         2e+02     0.97     -31      
   0         2e+02     0.97     -31      
   0         2e+02     0.97     -31      
   1.3e+04   1.4e+02   0.95      0       
   0         1.4e+02   0.95      0       
   0         1.4e+02   0.95      0       
   1.3e+04   1.4e+02   0.95      0       
   0         1.4e+02   0.95      0       
   0         1.4e+02   0.95      0       
   1.3e+04   1.4e+02   0.95      0       
   0         1.4e+02   0.95      0       
   0         1.4e+02   0.95      0       
   1.3e+04   1.4e+02   0.95      0       
   0         1.4e+02   0.95      0       
   0         1.4e+02   0.95      0       

EFC_D
   76      
   46      
   18      
   11      
   9.1     
   7.5     
   0.0018  
   0.0018  
   6.2     
   1.2e+02 
   1.2e+02 
   11      
   0.44    
   8.8     
   8.8     
   0.79    
   0.51    
   10      
   10      
   0.92    
   0.59    
   12      
   12      
   1.1     
   0.44    
   8.9     
   8.9     
   0.8     
   1.3     
   26      
   26      
   1.3     
   26      
   26      
   1.3     
   26      
   26      
   1.3     
   26      
   26      

EFC_R
   0.013   
   0.022   
   0.056   
   0.087   
   0.11    
   0.13    
   5.5e+02 
   5.5e+02 
   0.16    
   0.0081  
   0.0081  
   0.09    
   2.3     
   0.11    
   0.11    
   1.3     
   1.9     
   0.097   
   0.097   
   1.1     
   1.7     
   0.085   
   0.085   
   0.94    
   2.3     
   0.11    
   0.11    
   1.3     
   0.76    
   0.038   
   0.038   
   0.77    
   0.039   
   0.039   
   0.76    
   0.038   
   0.038   
   0.77    
   0.039   
   0.039   

TEN_VELOCITY
  -0.42    
   0.13    

ACTUATOR_VELOCITY
   1.5e-06 
   7.1e-07 
   2.5e-06 
  -4e-06   
   1.3e-05 
   1.7e-07 
   0.013   
  -0.0029  

CVEL
   0         0         0         0         0         0       
   0         0         0         0         0         0       
   0         0         0         0         0         0       
   0         0         0         0         0         0       
   0         0         0         0         0         0       
   0         0         0         0         0         0       
   0         0         1.5e-06  -5.7e-09  -1.8e-07   0       
   3.1e-07   6.4e-07   1.5e-06  -4.1e-07   2.1e-08   7.6e-08 
   1.4e-06   2.9e-06   1.5e-06  -2.7e-06   1.2e-06   1.5e-07 
  -3.5e-07  -7e-07     1.5e-06   1.1e-07  -2.3e-07  -1.2e-06 
   1.1e-05  -6.3e-06   2e-06     4.6e-06   8.6e-06  -3.5e-06 
   1.1e-05  -6.3e-06   1.8e-06   4.6e-06   8.7e-06  -3.5e-06 
   1.1e-05  -6.3e-06   1.8e-06   4.6e-06   8.7e-06  -3.5e-06 
   1.1e-05  -6.3e-06   1.8e-06   4.6e-06   8.7e-06  -3.5e-06 
   1.1e-05  -6.3e-06   1.8e-06   4.6e-06   8.7e-06  -3.5e-06 
  -0.013     0.00037  -0.00029  -0.00024  -0.0084    0.00012 
  -0.16      0.0045   -0.0036   -0.0028   -0.094     0.0052  
  -0.0052    0.00014  -0.00011  -8.8e-05  -0.0033   -4.8e-05 
  -0.0029    7.7e-05  -6.3e-05  -4.5e-05  -0.0019   -0.00015 
  -0.046     0.0013   -0.001    -0.00069  -0.027    -0.0037  
  -0.00075   1.5e-05  -1.5e-05  -8.5e-06  -0.00047  -2.9e-05 
   0         0         0         0         0         0       
   0         0         0         0         0         0       
   0         0         0         0         0         0       
   0         0         0         0         0         0       
   0         0         0         0         0         0       
  -0.3      -0.15      8.5e-07  -0.0034    0.0068    0.0026  
  -0.25      0.18      3.6e-06   0.0086    0.013    -0.00087 
   0.65     -0.31      0.0005   -0.0052   -0.019     0.00095 
   0.37      0.21      7.2e-06   0.0099   -0.016    -0.0014  
  -0.062    -0.08      8.8e-06  -0.0031    0.0027    0.0017  

CDOF_DOT
   0         0         0         0         0         0       
  -1.3e-06   6.6e-07   0        -4.1e-07  -8.4e-07   7.2e-08 
  -1.3e-06   6.6e-07   0        -7.4e-07  -1.4e-06   3.7e-07 
  -1.3e-06   6.6e-07   0         3e-07    -1.5e-06  -4.2e-07 
   6.3e-07   1.4e-06   7.8e-07  -1.4e-06  -6e-07     1.7e-07 
   6.4e-06   1.1e-05  -4.3e-07  -9.6e-06   4.9e-06   5.3e-06 
   8.7e-08  -1.6e-06  -6e-06     1e-06     3.4e-06   1.7e-06 
   8.7e-08  -1.6e-06  -6e-06     2.5e-05   0.00033  -0.00068 
   8.7e-08  -1.6e-06  -6e-06     1.1e-06   3.6e-06   1.8e-06 
  -8.7e-08   1.6e-06   6e-06    -1.4e-06  -4.1e-06  -1.7e-06 
  -8.7e-08   1.6e-06   6e-06    -2.2e-06   8.3e-05   0.00014 
  -8.7e-08   1.6e-06   6e-06    -1.3e-06  -3.9e-06  -1.8e-06 
   0         0         0         0         0         0       
   0         0         0         0         0         0       
   0         0         0         0         0         0       
   0        -0         0        -0.0026   -0.00013  -0.0032  
   0         0         0         0.00012  -0.0026    0.0072  
   0        -0         0         0.007     0.0036    9.4e-06 
   0         0         0         0         0         0       
   0         0         0         0         0         0       
   0         0         0         0         0         0       
   0         0        -0        -8.8e-06  -0.00086  -0.013   
  -0         0         0         0.00086   2e-06     0.0091  
   0         0         0         0.013    -0.0091   -5.9e-06 
   0         0         0         0         0         0       
   0         0         0         0         0         0       
   0         0         0         0         0         0       
  -0         0         0        -6e-05     0.00094   0.018   
   0        -0         0        -0.00096  -6.5e-05  -0.0065  
   0         0        -0        -0.019     0.0052    1.2e-05 
   0         0         0         0         0         0       
   0         0         0         0         0         0       
   0         0         0         0         0         0       
   0         0        -0        -7e-06    -0.0014    0.019   
   0         0         0         0.0014   -6.2e-06   0.012   
   0        -0         0        -0.019    -0.012    -1.1e-05 
   0         0         0         0         0         0       
   0         0         0         0         0         0       
   0         0         0         0         0         0       
   0         0         0        -3.2e-06   0.0017   -0.0029  
  -0         0         0        -0.0017   -6.9e-06  -0.0034  
   0        -0         0         0.0029    0.0034    2.1e-06 

QFRC_BIAS
  -5.6e-07 
  -6.1     
  -13      
  -1.6     
  -0.014   
  -3.4e-08 
  -0.021   
  -0.0005  
  -0.013   
  -0.022   
  -0.00052 
  -0.013   
   5.1e-10 
  -9.1e-10 
   1.6     
  -1.3e-06 
  -6.7e-07 
  -1.9e-06 
   1.4e-09 
   1.8e-09 
   0.14    
  -1.1e-07 
   2.6e-07 
   5.1e-07 
   0       
   0       
   0.13    
   4.3e-22 
  -2.8e-08 
  -9.7e-06 
   2.3e-09 
  -4.8e-09 
   0.15    
   5.9e-07 
  -4.4e-07 
  -1.9e-06 
  -2.9e-10 
   2.7e-10 
   0.14    
  -9.7e-08 
  -4.1e-07 
  -5.8e-08 

QFRC_SPRING
   0       
   0       
   0       
   0       
   0       
   0       
  -0.39    
   1.2     
  -0.39    
  -0.39    
   1.2     
  -0.39    
   0       
   0       
   0       
   0       
   0       
   0       
   0       
   0       
   0       
   0       
   0       
   0       
   0       
   0       
   0       
   0       
   0       
   0       
   0       
   0       
   0       
   0       
   0       
   0       
   0       
   0       
   0       
   0       
   0       
   0       

QFRC_DAMPER
  -1.5e-09 
  -7.1e-10 
  -2.5e-09 
   4e-09   
  -1.3e-08 
  -1.7e-10 
   0       
   0       
   0       
   0       
   0       
   0       
   3.6e-06 
  -7e-06   
  -2.6e-06 
   0.00014 
  -0.00031 
  -4.1e-07 
  -9.1e-06 
  -1.3e-05 
   8.7e-07 
   0.00025 
  -0.00018 
   1e-07   
   5.2e-06 
   1.9e-05 
  -9.5e-07 
  -0.00063 
   0.00035 
  -1e-06   
  -1.2e-05 
   1.9e-05 
   1.4e-06 
  -0.00037 
  -0.00021 
   2e-07   
   3.4e-06 
  -2.9e-06 
  -1.7e-06 
   6.2e-05 
   8e-05   
  -5.2e-08 

QFRC_GRAVCOMP
   0       
   0       
   0       
   0       
   0       
   0       
   0       
   0       
   0       
   0       
   0       
   0       
   0       
   0       
   0       
   0       
   0       
   0       
   0       
   0       
   0       
   0       
   0       
   0       
   0       
   0       
   0       
   0       
   0       
   0       
   0       
   0       
   0       
   0       
   0       
   0       
   0       
   0       
   0       
   0       
   0       
   0       

QFRC_FLUID
   4.2e-09 
  -3.1e-09 
  -2.3e-09 
   1.4e-09 
   6.3e-09 
   3.3e-11 
  -3.9e-09 
  -2.4e-09 
  -1.8e-10 
   8.1e-10 
   4.8e-10 
   2.4e-11 
   1.8e-07 
  -4.8e-07 
  -2.8e-07 
   2e-07   
  -9.9e-07 
  -1e-10   
  -5.6e-07 
  -4.4e-07 
   1.4e-08 
   1.2e-08 
  -8.4e-09 
   2.9e-12 
   1.6e-08 
   1.8e-06 
  -1.9e-08 
  -3.6e-08 
   1.5e-07 
  -4.9e-11 
  -9.3e-07 
   6.3e-07 
   2.7e-08 
  -4.1e-08 
  -9.2e-09 
   8.1e-12 
   1e-07   
  -5e-08   
  -3e-08   
   2e-09   
   3e-09   
  -1.4e-12 

QFRC_PASSIVE
   2.7e-09 
  -3.9e-09 
  -4.7e-09 
   5.4e-09 
  -6.3e-09 
  -1.4e-10 
  -0.39    
   1.2     
  -0.39    
  -0.39    
   1.2     
  -0.39    
   3.7e-06 
  -7.5e-06 
  -2.9e-06 
   0.00014 
  -0.00031 
  -4.1e-07 
  -9.6e-06 
  -1.4e-05 
   8.8e-07 
   0.00025 
  -0.00018 
   1e-07   
   5.2e-06 
   2.1e-05 
  -9.7e-07 
  -0.00063 
   0.00035 
  -1e-06   
  -1.3e-05 
   1.9e-05 
   1.4e-06 
  -0.00037 
  -0.00021 
   2e-07   
   3.5e-06 
  -2.9e-06 
  -1.8e-06 
   6.2e-05 
   8e-05   
  -5.2e-08 

EFC_VEL
   1.5e-06 
   7.1e-07 
   2.5e-06 
  -4e-06   
   1.3e-05 
   1.7e-07 
   0.0052  
  -0.00076 
   0.02    
   2.3e-05 
  -1.1e-05 
   8.5e-07 
  -0.016   
   0.0011  
  -0.00029 
   3.6e-06 
   0.023   
  -0.0074  
  -0.00013 
   0.0005  
  -0.027   
  -0.00089 
  -0.0014  
   7.2e-06 
  -0.0025  
  -0.00018 
  -0.0006  
   8.8e-06 
  -0.00041 
   9.8e-05 
   2.2e-06 
  -0.0014  
  -5.7e-05 
   1.7e-06 
   0.00011 
  -3.8e-05 
   8.5e-07 
   0.0004  
  -2.6e-05 
   8.2e-07 

EFC_AREF
  -0.00016 
  -7.5e-05 
  -0.00026 
   0.00042 
  -0.0013  
  -1.8e-05 
   25      
   26      
   35      
  -0.0045  
   0.0021  
  -0.00017 
   9.3     
  -0.21    
   0.057   
  -0.0007  
   21      
   1.5     
   0.025   
  -0.098   
   19      
   0.17    
   0.28    
  -0.0014  
   6.9     
   0.035   
   0.12    
  -0.0017  
   49      
  -0.014   
  -0.00031 
   1e+02   
   0.008   
  -0.00024 
   49      
   0.0054  
  -0.00012 
   1e+02   
   0.0037  
  -0.00011 

SUBTREE_LINVEL
   0         0         0       
   0         0         0       
   0         0         0       
   0         0         0       
   0         0         0       
   0         0         0       
   0         0         0       
   0         0         0       
   0         0         0       
   0         0         0       
   0         0         0       
   0         0         0       
   0         0         0       
   0         0         0       
   0         0         0       
   0         0         0       
   0         0         0       
   0         0         0       
   0         0         0       
   0         0         0       
   0         0         0       
   0         0         0       
   0         0         0       
   0         0         0       
   0         0         0       
   0         0         0       
   0         0         0       
   0         0         0       
   0         0         0       
   0         0         0       
   0         0         0       

SUBTREE_ANGMOM
   0         0         0       
   0         0         0       
   0         0         0       
   0         0         0       
   0         0         0       
   0         0         0       
   0         0         0       
   0         0         0       
   0         0         0       
   0         0         0       
   0         0         0       
   0         0         0       
   0         0         0       
   0         0         0       
   0         0         0       
   0         0         0       
   0         0         0       
   0         0         0       
   0         0         0       
   0         0         0       
   0         0         0       
   0         0         0       
   0         0         0       
   0         0         0       
   0         0         0       
   0         0         0       
   0         0         0       
   0         0         0       
   0         0         0       
   0         0         0       
   0         0         0       

ACTUATOR_FORCE
  -0.0015  
  -6.1     
  -13      
  -1.6     
  -0.017   
   5.1e-05 
   3.7     
   3.7     

QFRC_ACTUATOR
  -0.0015  
  -6.1     
  -13      
  -1.6     
  -0.017   
   5.1e-05 
   3.7     
   0       
   0       
   3.7     
   0       
   0       
   0       
   0       
   0       
   0       
   0       
   0       
   0       
   0       
   0       
   0       
   0       
   0       
   0       
   0       
   0       
   0       
   0       
   0       
   0       
   0       
   0       
   0       
   0       
   0       
   0       
   0       
   0       
   0       
   0       
   0       

QFRC_SMOOTH
  -0.0015  
  -0.00057 
  -0.0011  
   0.00083 
  -0.0026  
   5.1e-05 
   3.3     
   1.2     
  -0.38    
   3.3     
   1.2     
  -0.38    
   3.7e-06 
  -7.5e-06 
  -1.6     
   0.00014 
  -0.00031 
   1.5e-06 
  -9.6e-06 
  -1.4e-05 
  -0.14    
   0.00025 
  -0.00018 
  -4e-07   
   5.2e-06 
   2.1e-05 
  -0.13    
  -0.00063 
   0.00035 
   8.7e-06 
  -1.3e-05 
   1.9e-05 
  -0.15    
  -0.00037 
  -0.00021 
   2.1e-06 
   3.5e-06 
  -2.9e-06 
  -0.14    
   6.2e-05 
   8e-05   
   6.1e-09 

QACC_SMOOTH
   0.052   
  -3.4     
  -6.3     
  -2.5     
  -0.0076  
  -0.0078  
   9.8e+03 
   6.1e+04 
  -3.9e+03 
   9.8e+03 
   6.2e+04 
  -3.8e+03 
   0.00021 
  -0.00039 
  -9.8     
   0.21    
  -0.44    
   0.0012  
  -0.045   
  -0.032   
  -9.8     
   10      
  -15      
  -0.03    
   0.00038 
   0.0015  
  -9.8     
  -2e+02   
   7.4     
   0.18    
  -0.16    
   0.092   
  -9.8     
  -10      
  -17      
   0.079   
   0.02    
  -0.0079  
  -9.8     
   2.6     
   6.8     
   0.00045 

EFC_B
   0.052   
  -3.4     
  -6.3     
  -2.5     
  -0.0062  
  -0.0078  
  -3.9e+03 
  -3.9e+03 
  -45      
   0.014   
   0.0029  
   0.0019  
  -18      
   0.7     
  -0.76    
  -0.032   
  -28      
  -4.9     
  -0.15    
   0.38    
  -29      
  -0.57    
  -0.97    
   0.07    
  -16      
   0.086   
   0.2     
   0.0032  
  -6.5e+02 
   3.9e+02 
   8.8     
  -6.1e+02 
   5.3e+02 
  -16      
  -6.6e+02 
   3.9e+02 
  -8.7     
  -6.1e+02 
  -5.3e+02 
   17      

EFC_FORCE
   0.002   
  -0.01    
  -0.01    
  -0.003   
   0.0023  
  -6.5e-05 
   0.05    
   0.05    
   1.3     
   0.66    
  -0.64    
  -0.0042  
   0.15    
  -0.097   
   0.038   
  -0.00046 
   0.11    
   0.086   
   0.05    
  -0.0077  
   0.17    
   0.14    
  -0.036   
  -0.00081 
   0.13    
  -0.081   
  -0.032   
   0.00036 
   64      
   1.1     
   0.025   
   1.3e+02 
  -0.7     
   0.021   
   64      
   1.1     
  -0.025   
   1.3e+02 
   0.68    
  -0.021   

EFC_STATE
  1
  3
  3
  1
  1
  1
  1
  1
  1
  1
  1
  1
  1
  1
  1
  1
  1
  1
  1
  1
  1
  1
  1
  1
  1
  1
  1
  1
  1
  1
  1
  1
  1
  1
  1
  1
  1
  1
  1
  1

QFRC_CONSTRAINT
   0.002   
  -0.01    
  -0.01    
  -0.003   
   0.0023  
  -6.5e-05 
  -3.3     
  -1.2     
   0.38    
  -3.3     
  -1.2     
   0.38    
   0.64    
   0.66    
   1.3     
   0.12    
   0.12    
   0.0001  
  -0.038   
  -0.097   
   0.15    
   0.0028  
  -0.00038 
   1.4e-06 
  -0.05    
   0.086   
   0.11    
  -0.00029 
  -0.0093  
  -1.4e-05 
   0.036   
   0.14    
   0.17    
  -0.0064  
   0.00069 
  -1e-06   
   0.032   
  -0.081   
   0.13    
   0.0026  
   0.00042 
  -1.6e-06 

QFRC_INVERSE
   0       
   0       
   0       
   0       
   0       
   0       
   0       
   0       
   0       
   0       
   0       
   0       
   0       
   0       
   0       
   0       
   0       
   0       
   0       
   0       
   0       
   0       
   0       
   0       
   0       
   0       
   0       
   0       
   0       
   0       
   0       
   0       
   0       
   0       
   0       
   0       
   0       
   0       
   0       
   0       
   0       
   0       

CACC
   0         0         0        -0        -0         9.8     
   0         0         0         0         0         9.8     
   0         0         0         0         0         9.8     
   0         0         0         0         0         9.8     
   0         0         0         0         0         9.8     
   0         0         0         0         0         9.8     
   0         0        -0.00018   7e-07     2.2e-05   9.8     
   0.00015   0.0003   -0.00018  -0.00019   0.00012   9.8     
   0.00069   0.0014   -0.00018  -0.0013    0.00067   9.8     
   0.00099   0.002    -0.00018  -0.0018    0.00091   9.8     
  -0.00044   0.0027   -0.00025  -0.0024   -0.0002    9.8     
  -0.00044   0.0027   -0.00024  -0.0024   -0.0002    9.8     
  -0.00044   0.0027   -0.00024  -0.0024   -0.0002    9.8     
  -0.00044   0.0027   -0.00024  -0.0024   -0.0002    9.8     
  -0.00044   0.0027   -0.00024  -0.0024   -0.0002    9.8     
   6.5      -0.18      0.14      0.12      4.2       9.7     
   85       -2.4       1.9       1.5       50        7       
   2.4      -0.065     0.053     0.04      1.5       9.8     
  -4.7       0.14     -0.1      -0.082    -3         9.6     
  -59        1.7      -1.3      -0.89     -35        5.2     
  -1.8       0.054    -0.04     -0.033    -1.1       9.7     
   0         0         0         0         0         9.8     
   0         0         0         0         0         9.8     
   0         0         0         0         0         9.8     
   0         0         0         0         0         9.8     
   0         0         0         0         0         9.8     
  -1.8e+02   1.7e+02   0.00021   3.9       4         7.8     
   1.4e+02  -57       -0.00012  -2.7      -6.9       11      
  -2.8e+02  -2.1e+02  -0.089    -3.7       6.3       7.8     
  -2.2e+02   65       -0.00065   2.3       8.9       11      
   1.2e+02   51       -0.0022    2.2      -5.7       9.5     

CFRC_INT
  -0.36      0.31     -0.053     0.62      0.72      3.2e+03 
  -0.36      0.32     -0.055     0.62      0.71      3.2e+02 
   0         0         0         0         0         0       
   0         0         0         0         0         0       
  -0.0027   -0.017     0.0018   -0.00079   0.004     2.9e+03 
   10       -34        0.0018   -0.00079   0.004     1.8e+02 
   10       -32        0.0018   -0.00079   0.004     1.7e+02 
   10       -28        0.0018   -0.00079   0.004     1.3e+02 
  -0.88     -16        0.002    -0.0015    0.0043    50      
  -0.22     -12        0.002    -0.0014    0.0042    27      
  -0.43     -7.2       0.002    -0.0012    0.0042    15      
  -0.11     -1.6       0.0019   -0.0009    0.0041    3.4     
  -0.057    -0.75      0.0019   -0.00082   0.0041    1.6     
  -0.057    -0.75      0.0019   -0.00082   0.0041    1.6     
   0         0         0         0         0         0       
   66       -65       -51       -6        -1.1e+02   1.3e+02 
   28       -61       -21       -4        -45        1.2e+02 
  -66        65        51        6         1.1e+02  -1.3e+02 
  -83       -56        58        0.8       1.2e+02   1.2e+02 
  -44       -58        27       -1         57        1.2e+02 
   83        56       -58       -0.8      -1.2e+02  -1.2e+02 
  -10        34        0         0         0         2.7e+03 
  -1.7       95        0         0         0         4.6e+02 
  -6.2       8.5       0         0         0         1.6e+03 
  -3.7e-06  -0.00012   0         0         0         0.00098 
  -2.3      -70        0         0         0         6e+02   
   0.0003    0.00015   2e-10     3.7e-06  -7.5e-06  -2.9e-06 
   0.00025  -0.00018  -3.6e-09  -9.6e-06  -1.4e-05   8.8e-07 
  -0.00065   0.00031  -5e-07     5.2e-06   2.1e-05  -9.7e-07 
  -0.00037  -0.00021  -7.3e-09  -1.3e-05   1.9e-05   1.4e-06 
   6.2e-05   8e-05    -8.8e-09   3.5e-06  -2.9e-06  -1.8e-06 

CFRC_EXT
   0         0         0         0         0         0       
   0.36     -0.32      0.055    -0.62     -0.71     -1.8     
   0         0         0         0         0         0       
   0         0         0         0         0         0       
   0         0         0         0         0         0       
   0         0         0         0         0         0       
   0         0         0         0         0         0       
   0         0         0         0         0         0       
   0         0         0         0         0         0       
   0         0         0         0         0         0       
   0         0         0         0         0         0       
   0         0         0         0         0         0       
   0         0         0         0         0         0       
   0         0         0         0         0         0       
   0         0         0         0         0         0       
  -38        4.2       30        2         64       -6.3     
  -28        61        21        4         45       -1.2e+02 
   66       -65       -51       -6        -1.1e+02   1.3e+02 
   39       -1.2      -30       -1.8      -64        0.13    
   44        57       -27        1        -57       -1.2e+02 
  -83       -56        58        0.8       1.2e+02   1.2e+02 
   0         0         0         0         0         0       
   0         0         0         0         0         0       
   0         0         0         0         0         0       
   0         0         0         0         0         0       
   0         0         0         0         0         0       
  -0.13      0.11      4.2e-05   0.64      0.66      1.3     
   0.0031   -0.0005   -4.1e-07  -0.038    -0.097     0.15    
   0.00038  -0.0093   -1.9e-05  -0.05      0.086     0.11    
  -0.0077    0.001    -3e-06     0.036     0.14      0.17    
   0.0029    0.00053   1.2e-06   0.032    -0.081     0.13    

TENDON_EFCADR         -1 -1

