mtllib peg_board.mtl
o obj2

v 680.31134033 78.22052002 -1.5
v 680.32067871 78.59436798 -1.5
v 680.31134033 78.22052002 48.5
v 680.32067871 78.59436798 48.5
v 680.34863281 78.96727753 -1.5
v 680.34863281 78.96727753 48.5
v 680.39508057 79.33834076 -1.5
v 680.39508057 79.33834076 48.5
v 680.46002197 79.70661926 -1.5
v 680.46002197 79.70661926 48.5
v 680.54327393 80.07119751 -1.5
v 680.54327393 80.07119751 48.5
v 680.64453125 80.43118286 -1.5
v 680.64453125 80.43118286 48.5
v 680.76367188 80.78567505 -1.5
v 680.76367188 80.78567505 48.5
v 680.90026855 81.13378143 -1.5
v 680.90026855 81.13378143 48.5
v 681.05407715 81.47464752 -1.5
v 681.05407715 81.47464752 48.5
v 681.22467041 81.80742645 -1.5
v 681.22467041 81.80742645 48.5
v 681.41168213 82.13128662 -1.5
v 681.41168213 82.13128662 48.5
v 681.61456299 82.44541931 -1.5
v 681.61456299 82.44541931 48.5
v 681.83282471 82.74905396 -1.5
v 681.83282471 82.74905396 48.5
v 682.065979 83.04142761 -1.5
v 682.065979 83.04142761 48.5
v 682.31347656 83.32181549 -1.5
v 682.31347656 83.32181549 48.5
v 682.57458496 83.58952332 -1.5
v 682.57458496 83.58952332 48.5
v 682.84869385 83.8438797 -1.5
v 682.84869385 83.8438797 48.5
v 683.13519287 84.08425903 -1.5
v 683.13519287 84.08425903 48.5
v 683.43328857 84.31005859 -1.5
v 683.43328857 84.31005859 48.5
v 683.74224854 84.52071381 -1.5
v 683.74224854 84.52071381 48.5
v 684.06134033 84.7157135 -1.5
v 684.06134033 84.7157135 48.5
v 684.38977051 84.89456177 -1.5
v 684.38977051 84.89456177 48.5
v 684.72668457 85.0568161 -1.5
v 684.72668457 85.0568161 48.5
v 685.07128906 85.20207214 -1.5
v 685.07128906 85.20207214 48.5
v 685.42266846 85.32997894 -1.5
v 685.42266846 85.32997894 48.5
v 685.7800293 85.44020081 -1.5
v 685.7800293 85.44020081 48.5
v 686.14245605 85.53247833 -1.5
v 686.14245605 85.53247833 48.5
v 686.50897217 85.60657501 -1.5
v 686.50897217 85.60657501 48.5
v 686.87878418 85.66231537 -1.5
v 686.87878418 85.66231537 48.5
v 687.25085449 85.69954681 -1.5
v 687.25085449 85.69954681 48.5
v 687.62432861 85.71819305 -1.5
v 687.62432861 85.71819305 48.5
v 687.99829102 85.71819305 -1.5
v 687.99829102 85.71819305 48.5
v 688.37182617 85.69954681 -1.5
v 688.37182617 85.69954681 48.5
v 688.74389648 85.66231537 -1.5
v 688.74389648 85.66231537 48.5
v 689.1137085 85.60657501 -1.5
v 689.1137085 85.60657501 48.5
v 689.48022461 85.53247833 -1.5
v 689.48022461 85.53247833 48.5
v 689.84265137 85.44020081 -1.5
v 689.84265137 85.44020081 48.5
v 690.20001221 85.32997894 -1.5
v 690.20001221 85.32997894 48.5
v 690.5513916 85.20207214 -1.5
v 690.5513916 85.20207214 48.5
v 690.89599609 85.0568161 -1.5
v 690.89599609 85.0568161 48.5
v 691.23291016 84.89456177 -1.5
v 691.23291016 84.89456177 48.5
v 691.56134033 84.7157135 -1.5
v 691.56134033 84.7157135 48.5
v 691.88043213 84.52071381 -1.5
v 691.88043213 84.52071381 48.5
v 692.18939209 84.31005859 -1.5
v 692.18939209 84.31005859 48.5
v 692.48748779 84.08425903 -1.5
v 692.48748779 84.08425903 48.5
v 692.77398682 83.8438797 -1.5
v 692.77398682 83.8438797 48.5
v 693.0480957 83.58952332 -1.5
v 693.0480957 83.58952332 48.5
v 693.3092041 83.32181549 -1.5
v 693.3092041 83.32181549 48.5
v 693.55670166 83.04142761 -1.5
v 693.55670166 83.04142761 48.5
v 693.78985596 82.74905396 -1.5
v 693.78985596 82.74905396 48.5
v 694.00811768 82.44541931 -1.5
v 694.00811768 82.44541931 48.5
v 694.21099854 82.13128662 -1.5
v 694.21099854 82.13128662 48.5
v 694.39801025 81.80742645 -1.5
v 694.39801025 81.80742645 48.5
v 694.56860352 81.47464752 -1.5
v 694.56860352 81.47464752 48.5
v 694.72241211 81.13378143 -1.5
v 694.72241211 81.13378143 48.5
v 694.85900879 80.78567505 -1.5
v 694.85900879 80.78567505 48.5
v 694.97814941 80.43118286 -1.5
v 694.97814941 80.43118286 48.5
v 695.07940674 80.07119751 -1.5
v 695.07940674 80.07119751 48.5
v 695.16265869 79.70661926 -1.5
v 695.16265869 79.70661926 48.5
v 695.2276001 79.33834076 -1.5
v 695.2276001 79.33834076 48.5
v 695.27404785 78.96727753 -1.5
v 695.27404785 78.96727753 48.5
v 695.30200195 78.59436798 -1.5
v 695.30200195 78.59436798 48.5
v 695.31134033 78.22052002 -1.5
v 695.31134033 78.22052002 48.5
v 695.30200195 77.84667969 -1.5
v 695.30200195 77.84667969 48.5
v 695.27404785 77.47376251 -1.5
v 695.27404785 77.47376251 48.5
v 695.2276001 77.10270691 -1.5
v 695.2276001 77.10270691 48.5
v 695.16265869 76.73442078 -1.5
v 695.16265869 76.73442078 48.5
v 695.07940674 76.36984253 -1.5
v 695.07940674 76.36984253 48.5
v 694.97814941 76.00985718 -1.5
v 694.97814941 76.00985718 48.5
v 694.85900879 75.65537262 -1.5
v 694.85900879 75.65537262 48.5
v 694.72241211 75.30725861 -1.5
v 694.72241211 75.30725861 48.5
v 694.56860352 74.96639252 -1.5
v 694.56860352 74.96639252 48.5
v 694.39801025 74.63361359 -1.5
v 694.39801025 74.63361359 48.5
v 694.21099854 74.30975342 -1.5
v 694.21099854 74.30975342 48.5
v 694.00811768 73.99562073 -1.5
v 694.00811768 73.99562073 48.5
v 693.78985596 73.69198608 -1.5
v 693.78985596 73.69198608 48.5
v 693.55670166 73.39961243 -1.5
v 693.55670166 73.39961243 48.5
v 693.3092041 73.11922455 -1.5
v 693.3092041 73.11922455 48.5
v 693.0480957 72.85151672 -1.5
v 693.0480957 72.85151672 48.5
v 692.77398682 72.59716034 -1.5
v 692.77398682 72.59716034 48.5
v 692.48748779 72.35678101 -1.5
v 692.48748779 72.35678101 48.5
v 692.18939209 72.13098907 -1.5
v 692.18939209 72.13098907 48.5
v 691.88043213 71.92032623 -1.5
v 691.88043213 71.92032623 48.5
v 691.56134033 71.72532654 -1.5
v 691.56134033 71.72532654 48.5
v 691.23291016 71.54647827 -1.5
v 691.23291016 71.54647827 48.5
v 690.89599609 71.38422394 -1.5
v 690.89599609 71.38422394 48.5
v 690.5513916 71.2389679 -1.5
v 690.5513916 71.2389679 48.5
v 690.20001221 71.11106873 -1.5
v 690.20001221 71.11106873 48.5
v 689.84265137 71.00083923 -1.5
v 689.84265137 71.00083923 48.5
v 689.48022461 70.90856171 -1.5
v 689.48022461 70.90856171 48.5
v 689.1137085 70.83446503 -1.5
v 689.1137085 70.83446503 48.5
v 688.74389648 70.77872467 -1.5
v 688.74389648 70.77872467 48.5
v 688.37182617 70.74149323 -1.5
v 688.37182617 70.74149323 48.5
v 687.99829102 70.72285461 -1.5
v 687.99829102 70.72285461 48.5
v 687.62432861 70.72285461 -1.5
v 687.62432861 70.72285461 48.5
v 687.25085449 70.74149323 -1.5
v 687.25085449 70.74149323 48.5
v 686.87878418 70.77872467 -1.5
v 686.87878418 70.77872467 48.5
v 686.50897217 70.83446503 -1.5
v 686.50897217 70.83446503 48.5
v 686.14245605 70.90856171 -1.5
v 686.14245605 70.90856171 48.5
v 685.7800293 71.00083923 -1.5
v 685.7800293 71.00083923 48.5
v 685.42266846 71.11106873 -1.5
v 685.42266846 71.11106873 48.5
v 685.07128906 71.2389679 -1.5
v 685.07128906 71.2389679 48.5
v 684.72668457 71.38422394 -1.5
v 684.72668457 71.38422394 48.5
v 684.38977051 71.54647827 -1.5
v 684.38977051 71.54647827 48.5
v 684.06134033 71.72532654 -1.5
v 684.06134033 71.72532654 48.5
v 683.74224854 71.92032623 -1.5
v 683.74224854 71.92032623 48.5
v 683.43328857 72.13098907 -1.5
v 683.43328857 72.13098907 48.5
v 683.13519287 72.35678101 -1.5
v 683.13519287 72.35678101 48.5
v 682.84869385 72.59716034 48.5
v 682.84869385 72.59716034 -1.5
v 682.57458496 72.85151672 -1.5
v 682.57458496 72.85151672 48.5
v 682.31347656 73.11922455 -1.5
v 682.31347656 73.11922455 48.5
v 682.065979 73.39961243 -1.5
v 682.065979 73.39961243 48.5
v 681.83282471 73.69198608 -1.5
v 681.83282471 73.69198608 48.5
v 681.61456299 73.99562073 -1.5
v 681.61456299 73.99562073 48.5
v 681.41168213 74.30975342 -1.5
v 681.41168213 74.30975342 48.5
v 681.22467041 74.63361359 -1.5
v 681.22467041 74.63361359 48.5
v 681.05407715 74.96639252 -1.5
v 681.05407715 74.96639252 48.5
v 680.90026855 75.30725861 -1.5
v 680.90026855 75.30725861 48.5
v 680.76367188 75.65537262 -1.5
v 680.76367188 75.65537262 48.5
v 680.64453125 76.00985718 -1.5
v 680.64453125 76.00985718 48.5
v 680.54327393 76.36984253 -1.5
v 680.54327393 76.36984253 48.5
v 680.46002197 76.73442078 48.5
v 680.46002197 76.73442078 -1.5
v 680.39508057 77.10270691 -1.5
v 680.39508057 77.10270691 48.5
v 680.34863281 77.47376251 -1.5
v 680.34863281 77.47376251 48.5
v 680.32067871 77.84667969 -1.5
v 680.32067871 77.84667969 48.5
v 660.31134033 78.22052002 -1.5
v 660.32067871 78.59436798 -1.5
v 660.31134033 78.22052002 48.5
v 660.32067871 78.59436798 48.5
v 660.34863281 78.96727753 -1.5
v 660.34863281 78.96727753 48.5
v 660.39508057 79.33834076 -1.5
v 660.39508057 79.33834076 48.5
v 660.46002197 79.70661926 -1.5
v 660.46002197 79.70661926 48.5
v 660.54327393 80.07119751 -1.5
v 660.54327393 80.07119751 48.5
v 660.64453125 80.43118286 -1.5
v 660.64453125 80.43118286 48.5
v 660.76367188 80.78567505 -1.5
v 660.76367188 80.78567505 48.5
v 660.90026855 81.13378143 -1.5
v 660.90026855 81.13378143 48.5
v 661.05407715 81.47464752 -1.5
v 661.05407715 81.47464752 48.5
v 661.22467041 81.80742645 -1.5
v 661.22467041 81.80742645 48.5
v 661.41168213 82.13128662 -1.5
v 661.41168213 82.13128662 48.5
v 661.61456299 82.44541931 -1.5
v 661.61456299 82.44541931 48.5
v 661.83282471 82.74905396 -1.5
v 661.83282471 82.74905396 48.5
v 662.065979 83.04142761 -1.5
v 662.065979 83.04142761 48.5
v 662.31347656 83.32181549 -1.5
v 662.31347656 83.32181549 48.5
v 662.57458496 83.58952332 -1.5
v 662.57458496 83.58952332 48.5
v 662.84869385 83.8438797 -1.5
v 662.84869385 83.8438797 48.5
v 663.13519287 84.08425903 -1.5
v 663.13519287 84.08425903 48.5
v 663.43328857 84.31005859 -1.5
v 663.43328857 84.31005859 48.5
v 663.74224854 84.52071381 -1.5
v 663.74224854 84.52071381 48.5
v 664.06134033 84.7157135 -1.5
v 664.06134033 84.7157135 48.5
v 664.38977051 84.89456177 -1.5
v 664.38977051 84.89456177 48.5
v 664.72668457 85.0568161 -1.5
v 664.72668457 85.0568161 48.5
v 665.07128906 85.20207214 -1.5
v 665.07128906 85.20207214 48.5
v 665.42266846 85.32997894 -1.5
v 665.42266846 85.32997894 48.5
v 665.7800293 85.44020081 -1.5
v 665.7800293 85.44020081 48.5
v 666.14245605 85.53247833 -1.5
v 666.14245605 85.53247833 48.5
v 666.50897217 85.60657501 -1.5
v 666.50897217 85.60657501 48.5
v 666.87878418 85.66231537 -1.5
v 666.87878418 85.66231537 48.5
v 667.25085449 85.69954681 -1.5
v 667.25085449 85.69954681 48.5
v 667.62432861 85.71819305 -1.5
v 667.62432861 85.71819305 48.5
v 667.99829102 85.71819305 -1.5
v 667.99829102 85.71819305 48.5
v 668.37182617 85.69954681 -1.5
v 668.37182617 85.69954681 48.5
v 668.74389648 85.66231537 -1.5
v 668.74389648 85.66231537 48.5
v 669.1137085 85.60657501 -1.5
v 669.1137085 85.60657501 48.5
v 669.48022461 85.53247833 -1.5
v 669.48022461 85.53247833 48.5
v 669.84265137 85.44020081 -1.5
v 669.84265137 85.44020081 48.5
v 670.20001221 85.32997894 -1.5
v 670.20001221 85.32997894 48.5
v 670.5513916 85.20207214 -1.5
v 670.5513916 85.20207214 48.5
v 670.89599609 85.0568161 -1.5
v 670.89599609 85.0568161 48.5
v 671.23291016 84.89456177 -1.5
v 671.23291016 84.89456177 48.5
v 671.56134033 84.7157135 -1.5
v 671.56134033 84.7157135 48.5
v 671.88043213 84.52071381 -1.5
v 671.88043213 84.52071381 48.5
v 672.18939209 84.31005859 -1.5
v 672.18939209 84.31005859 48.5
v 672.48748779 84.08425903 -1.5
v 672.48748779 84.08425903 48.5
v 672.77398682 83.8438797 -1.5
v 672.77398682 83.8438797 48.5
v 673.0480957 83.58952332 -1.5
v 673.0480957 83.58952332 48.5
v 673.3092041 83.32181549 -1.5
v 673.3092041 83.32181549 48.5
v 673.55670166 83.04142761 -1.5
v 673.55670166 83.04142761 48.5
v 673.78985596 82.74905396 -1.5
v 673.78985596 82.74905396 48.5
v 674.00811768 82.44541931 -1.5
v 674.00811768 82.44541931 48.5
v 674.21099854 82.13128662 -1.5
v 674.21099854 82.13128662 48.5
v 674.39801025 81.80742645 -1.5
v 674.39801025 81.80742645 48.5
v 674.56860352 81.47464752 -1.5
v 674.56860352 81.47464752 48.5
v 674.72241211 81.13378143 -1.5
v 674.72241211 81.13378143 48.5
v 674.85900879 80.78567505 -1.5
v 674.85900879 80.78567505 48.5
v 674.97814941 80.43118286 -1.5
v 674.97814941 80.43118286 48.5
v 675.07940674 80.07119751 -1.5
v 675.07940674 80.07119751 48.5
v 675.16265869 79.70661926 -1.5
v 675.16265869 79.70661926 48.5
v 675.2276001 79.33834076 -1.5
v 675.2276001 79.33834076 48.5
v 675.27404785 78.96727753 -1.5
v 675.27404785 78.96727753 48.5
v 675.30200195 78.59436798 -1.5
v 675.30200195 78.59436798 48.5
v 675.31134033 78.22052002 -1.5
v 675.31134033 78.22052002 48.5
v 675.30200195 77.84667969 -1.5
v 675.30200195 77.84667969 48.5
v 675.27404785 77.47376251 -1.5
v 675.27404785 77.47376251 48.5
v 675.2276001 77.10270691 -1.5
v 675.2276001 77.10270691 48.5
v 675.16265869 76.73442078 -1.5
v 675.16265869 76.73442078 48.5
v 675.07940674 76.36984253 -1.5
v 675.07940674 76.36984253 48.5
v 674.97814941 76.00985718 -1.5
v 674.97814941 76.00985718 48.5
v 674.85900879 75.65537262 -1.5
v 674.85900879 75.65537262 48.5
v 674.72241211 75.30725861 -1.5
v 674.72241211 75.30725861 48.5
v 674.56860352 74.96639252 -1.5
v 674.56860352 74.96639252 48.5
v 674.39801025 74.63361359 -1.5
v 674.39801025 74.63361359 48.5
v 674.21099854 74.30975342 -1.5
v 674.21099854 74.30975342 48.5
v 674.00811768 73.99562073 -1.5
v 674.00811768 73.99562073 48.5
v 673.78985596 73.69198608 -1.5
v 673.78985596 73.69198608 48.5
v 673.55670166 73.39961243 -1.5
v 673.55670166 73.39961243 48.5
v 673.3092041 73.11922455 -1.5
v 673.3092041 73.11922455 48.5
v 673.0480957 72.85151672 -1.5
v 673.0480957 72.85151672 48.5
v 672.77398682 72.59716034 -1.5
v 672.77398682 72.59716034 48.5
v 672.48748779 72.35678101 -1.5
v 672.48748779 72.35678101 48.5
v 672.18939209 72.13098907 -1.5
v 672.18939209 72.13098907 48.5
v 671.88043213 71.92032623 -1.5
v 671.88043213 71.92032623 48.5
v 671.56134033 71.72532654 -1.5
v 671.56134033 71.72532654 48.5
v 671.23291016 71.54647827 -1.5
v 671.23291016 71.54647827 48.5
v 670.89599609 71.38422394 -1.5
v 670.89599609 71.38422394 48.5
v 670.5513916 71.2389679 -1.5
v 670.5513916 71.2389679 48.5
v 670.20001221 71.11106873 -1.5
v 670.20001221 71.11106873 48.5
v 669.84265137 71.00083923 -1.5
v 669.84265137 71.00083923 48.5
v 669.48022461 70.90856171 -1.5
v 669.48022461 70.90856171 48.5
v 669.1137085 70.83446503 -1.5
v 669.1137085 70.83446503 48.5
v 668.74389648 70.77872467 -1.5
v 668.74389648 70.77872467 48.5
v 668.37182617 70.74149323 -1.5
v 668.37182617 70.74149323 48.5
v 667.99829102 70.72285461 -1.5
v 667.99829102 70.72285461 48.5
v 667.62432861 70.72285461 -1.5
v 667.62432861 70.72285461 48.5
v 667.25085449 70.74149323 -1.5
v 667.25085449 70.74149323 48.5
v 666.87878418 70.77872467 -1.5
v 666.87878418 70.77872467 48.5
v 666.50897217 70.83446503 -1.5
v 666.50897217 70.83446503 48.5
v 666.14245605 70.90856171 -1.5
v 666.14245605 70.90856171 48.5
v 665.7800293 71.00083923 -1.5
v 665.7800293 71.00083923 48.5
v 665.42266846 71.11106873 -1.5
v 665.42266846 71.11106873 48.5
v 665.07128906 71.2389679 -1.5
v 665.07128906 71.2389679 48.5
v 664.72668457 71.38422394 -1.5
v 664.72668457 71.38422394 48.5
v 664.38977051 71.54647827 -1.5
v 664.38977051 71.54647827 48.5
v 664.06134033 71.72532654 -1.5
v 664.06134033 71.72532654 48.5
v 663.74224854 71.92032623 -1.5
v 663.74224854 71.92032623 48.5
v 663.43328857 72.13098907 -1.5
v 663.43328857 72.13098907 48.5
v 663.13519287 72.35678101 -1.5
v 663.13519287 72.35678101 48.5
v 662.84869385 72.59716034 48.5
v 662.84869385 72.59716034 -1.5
v 662.57458496 72.85151672 -1.5
v 662.57458496 72.85151672 48.5
v 662.31347656 73.11922455 -1.5
v 662.31347656 73.11922455 48.5
v 662.065979 73.39961243 -1.5
v 662.065979 73.39961243 48.5
v 661.83282471 73.69198608 -1.5
v 661.83282471 73.69198608 48.5
v 661.61456299 73.99562073 -1.5
v 661.61456299 73.99562073 48.5
v 661.41168213 74.30975342 -1.5
v 661.41168213 74.30975342 48.5
v 661.22467041 74.63361359 -1.5
v 661.22467041 74.63361359 48.5
v 661.05407715 74.96639252 -1.5
v 661.05407715 74.96639252 48.5
v 660.90026855 75.30725861 -1.5
v 660.90026855 75.30725861 48.5
v 660.76367188 75.65537262 -1.5
v 660.76367188 75.65537262 48.5
v 660.64453125 76.00985718 -1.5
v 660.64453125 76.00985718 48.5
v 660.54327393 76.36984253 -1.5
v 660.54327393 76.36984253 48.5
v 660.46002197 76.73442078 48.5
v 660.46002197 76.73442078 -1.5
v 660.39508057 77.10270691 -1.5
v 660.39508057 77.10270691 48.5
v 660.34863281 77.47376251 -1.5
v 660.34863281 77.47376251 48.5
v 660.32067871 77.84667969 -1.5
v 660.32067871 77.84667969 48.5
v 670.31134033 95.54103088 -1.5
v 670.32067871 95.91487122 -1.5
v 670.31134033 95.54103088 48.5
v 670.32067871 95.91487122 48.5
v 670.34863281 96.28778839 -1.5
v 670.34863281 96.28778839 48.5
v 670.39508057 96.65884399 -1.5
v 670.39508057 96.65884399 48.5
v 670.46002197 97.0271225 -1.5
v 670.46002197 97.0271225 48.5
v 670.54327393 97.39170837 -1.5
v 670.54327393 97.39170837 48.5
v 670.64453125 97.75169373 -1.5
v 670.64453125 97.75169373 48.5
v 670.76367188 98.10617828 -1.5
v 670.76367188 98.10617828 48.5
v 670.90026855 98.4542923 -1.5
v 670.90026855 98.4542923 48.5
v 671.05407715 98.79515839 -1.5
v 671.05407715 98.79515839 48.5
v 671.22467041 99.12792969 -1.5
v 671.22467041 99.12792969 48.5
v 671.41168213 99.45178986 -1.5
v 671.41168213 99.45178986 48.5
v 671.61456299 99.76593018 -1.5
v 671.61456299 99.76593018 48.5
v 671.83282471 100.06956482 -1.5
v 671.83282471 100.06956482 48.5
v 672.065979 100.36193848 -1.5
v 672.065979 100.36193848 48.5
v 672.31347656 100.64232635 -1.5
v 672.31347656 100.64232635 48.5
v 672.57458496 100.91002655 -1.5
v 672.57458496 100.91002655 48.5
v 672.84869385 101.16439056 -1.5
v 672.84869385 101.16439056 48.5
v 673.13519287 101.40476227 -1.5
v 673.13519287 101.40476227 48.5
v 673.43328857 101.63056183 -1.5
v 673.43328857 101.63056183 48.5
v 673.74224854 101.84122467 -1.5
v 673.74224854 101.84122467 48.5
v 674.06134033 102.03621674 -1.5
v 674.06134033 102.03621674 48.5
v 674.38977051 102.215065 -1.5
v 674.38977051 102.215065 48.5
v 674.72668457 102.37731934 -1.5
v 674.72668457 102.37731934 48.5
v 675.07128906 102.52258301 -1.5
v 675.07128906 102.52258301 48.5
v 675.42266846 102.65048218 -1.5
v 675.42266846 102.65048218 48.5
v 675.7800293 102.76071167 -1.5
v 675.7800293 102.76071167 48.5
v 676.14245605 102.8529892 -1.5
v 676.14245605 102.8529892 48.5
v 676.50897217 102.92708588 -1.5
v 676.50897217 102.92708588 48.5
v 676.87878418 102.98282623 -1.5
v 676.87878418 102.98282623 48.5
v 677.25085449 103.02005768 -1.5
v 677.25085449 103.02005768 48.5
v 677.62432861 103.03869629 -1.5
v 677.62432861 103.03869629 48.5
v 677.99829102 103.03869629 -1.5
v 677.99829102 103.03869629 48.5
v 678.37182617 103.02005768 -1.5
v 678.37182617 103.02005768 48.5
v 678.74389648 102.98282623 -1.5
v 678.74389648 102.98282623 48.5
v 679.1137085 102.92708588 -1.5
v 679.1137085 102.92708588 48.5
v 679.48022461 102.8529892 -1.5
v 679.48022461 102.8529892 48.5
v 679.84265137 102.76071167 -1.5
v 679.84265137 102.76071167 48.5
v 680.20001221 102.65048218 -1.5
v 680.20001221 102.65048218 48.5
v 680.5513916 102.52258301 -1.5
v 680.5513916 102.52258301 48.5
v 680.89599609 102.37731934 -1.5
v 680.89599609 102.37731934 48.5
v 681.23291016 102.215065 -1.5
v 681.23291016 102.215065 48.5
v 681.56134033 102.03621674 -1.5
v 681.56134033 102.03621674 48.5
v 681.88043213 101.84122467 -1.5
v 681.88043213 101.84122467 48.5
v 682.18939209 101.63056183 -1.5
v 682.18939209 101.63056183 48.5
v 682.48748779 101.40476227 -1.5
v 682.48748779 101.40476227 48.5
v 682.77398682 101.16439056 -1.5
v 682.77398682 101.16439056 48.5
v 683.0480957 100.91002655 -1.5
v 683.0480957 100.91002655 48.5
v 683.3092041 100.64232635 -1.5
v 683.3092041 100.64232635 48.5
v 683.55670166 100.36193848 -1.5
v 683.55670166 100.36193848 48.5
v 683.78985596 100.06956482 -1.5
v 683.78985596 100.06956482 48.5
v 684.00811768 99.76593018 -1.5
v 684.00811768 99.76593018 48.5
v 684.21099854 99.45178986 -1.5
v 684.21099854 99.45178986 48.5
v 684.39801025 99.12792969 -1.5
v 684.39801025 99.12792969 48.5
v 684.56860352 98.79515839 -1.5
v 684.56860352 98.79515839 48.5
v 684.72241211 98.4542923 -1.5
v 684.72241211 98.4542923 48.5
v 684.85900879 98.10617828 -1.5
v 684.85900879 98.10617828 48.5
v 684.97814941 97.75169373 -1.5
v 684.97814941 97.75169373 48.5
v 685.07940674 97.39170837 -1.5
v 685.07940674 97.39170837 48.5
v 685.16265869 97.0271225 -1.5
v 685.16265869 97.0271225 48.5
v 685.2276001 96.65884399 -1.5
v 685.2276001 96.65884399 48.5
v 685.27404785 96.28778839 -1.5
v 685.27404785 96.28778839 48.5
v 685.30200195 95.91487122 -1.5
v 685.30200195 95.91487122 48.5
v 685.31134033 95.54103088 -1.5
v 685.31134033 95.54103088 48.5
v 685.30200195 95.16718292 -1.5
v 685.30200195 95.16718292 48.5
v 685.27404785 94.79427338 -1.5
v 685.27404785 94.79427338 48.5
v 685.2276001 94.42321014 -1.5
v 685.2276001 94.42321014 48.5
v 685.16265869 94.05493164 -1.5
v 685.16265869 94.05493164 48.5
v 685.07940674 93.69034576 -1.5
v 685.07940674 93.69034576 48.5
v 684.97814941 93.33036804 -1.5
v 684.97814941 93.33036804 48.5
v 684.85900879 92.97587585 -1.5
v 684.85900879 92.97587585 48.5
v 684.72241211 92.62776947 -1.5
v 684.72241211 92.62776947 48.5
v 684.56860352 92.28690338 -1.5
v 684.56860352 92.28690338 48.5
v 684.39801025 91.95412445 -1.5
v 684.39801025 91.95412445 48.5
v 684.21099854 91.63026428 -1.5
v 684.21099854 91.63026428 48.5
v 684.00811768 91.31613159 -1.5
v 684.00811768 91.31613159 48.5
v 683.78985596 91.01249695 -1.5
v 683.78985596 91.01249695 48.5
v 683.55670166 90.72012329 -1.5
v 683.55670166 90.72012329 48.5
v 683.3092041 90.43973541 -1.5
v 683.3092041 90.43973541 48.5
v 683.0480957 90.17202759 -1.5
v 683.0480957 90.17202759 48.5
v 682.77398682 89.9176712 -1.5
v 682.77398682 89.9176712 48.5
v 682.48748779 89.67729187 -1.5
v 682.48748779 89.67729187 48.5
v 682.18939209 89.45149231 -1.5
v 682.18939209 89.45149231 48.5
v 681.88043213 89.2408371 -1.5
v 681.88043213 89.2408371 48.5
v 681.56134033 89.0458374 -1.5
v 681.56134033 89.0458374 48.5
v 681.23291016 88.86698914 -1.5
v 681.23291016 88.86698914 48.5
v 680.89599609 88.7047348 -1.5
v 680.89599609 88.7047348 48.5
v 680.5513916 88.55947876 -1.5
v 680.5513916 88.55947876 48.5
v 680.20001221 88.43157196 -1.5
v 680.20001221 88.43157196 48.5
v 679.84265137 88.3213501 -1.5
v 679.84265137 88.3213501 48.5
v 679.48022461 88.22907257 -1.5
v 679.48022461 88.22907257 48.5
v 679.1137085 88.15496826 -1.5
v 679.1137085 88.15496826 48.5
v 678.74389648 88.09923553 -1.5
v 678.74389648 88.09923553 48.5
v 678.37182617 88.06199646 -1.5
v 678.37182617 88.06199646 48.5
v 677.99829102 88.04335785 -1.5
v 677.99829102 88.04335785 48.5
v 677.62432861 88.04335785 -1.5
v 677.62432861 88.04335785 48.5
v 677.25085449 88.06199646 -1.5
v 677.25085449 88.06199646 48.5
v 676.87878418 88.09923553 -1.5
v 676.87878418 88.09923553 48.5
v 676.50897217 88.15496826 -1.5
v 676.50897217 88.15496826 48.5
v 676.14245605 88.22907257 -1.5
v 676.14245605 88.22907257 48.5
v 675.7800293 88.3213501 -1.5
v 675.7800293 88.3213501 48.5
v 675.42266846 88.43157196 -1.5
v 675.42266846 88.43157196 48.5
v 675.07128906 88.55947876 -1.5
v 675.07128906 88.55947876 48.5
v 674.72668457 88.7047348 -1.5
v 674.72668457 88.7047348 48.5
v 674.38977051 88.86698914 -1.5
v 674.38977051 88.86698914 48.5
v 674.06134033 89.0458374 -1.5
v 674.06134033 89.0458374 48.5
v 673.74224854 89.2408371 -1.5
v 673.74224854 89.2408371 48.5
v 673.43328857 89.45149231 -1.5
v 673.43328857 89.45149231 48.5
v 673.13519287 89.67729187 -1.5
v 673.13519287 89.67729187 48.5
v 672.84869385 89.9176712 48.5
v 672.84869385 89.9176712 -1.5
v 672.57458496 90.17202759 -1.5
v 672.57458496 90.17202759 48.5
v 672.31347656 90.43973541 -1.5
v 672.31347656 90.43973541 48.5
v 672.065979 90.72012329 -1.5
v 672.065979 90.72012329 48.5
v 671.83282471 91.01249695 -1.5
v 671.83282471 91.01249695 48.5
v 671.61456299 91.31613159 -1.5
v 671.61456299 91.31613159 48.5
v 671.41168213 91.63026428 -1.5
v 671.41168213 91.63026428 48.5
v 671.22467041 91.95412445 -1.5
v 671.22467041 91.95412445 48.5
v 671.05407715 92.28690338 -1.5
v 671.05407715 92.28690338 48.5
v 670.90026855 92.62776947 -1.5
v 670.90026855 92.62776947 48.5
v 670.76367188 92.97587585 -1.5
v 670.76367188 92.97587585 48.5
v 670.64453125 93.33036804 -1.5
v 670.64453125 93.33036804 48.5
v 670.54327393 93.69034576 -1.5
v 670.54327393 93.69034576 48.5
v 670.46002197 94.05493164 48.5
v 670.46002197 94.05493164 -1.5
v 670.39508057 94.42321014 -1.5
v 670.39508057 94.42321014 48.5
v 670.34863281 94.79427338 -1.5
v 670.34863281 94.79427338 48.5
v 670.32067871 95.16718292 -1.5
v 670.32067871 95.16718292 48.5
v 767.45428467 70.39199829 48.5
v 769.95489502 70.39199829 48.5
v 767.45428467 70.39199829 -1.5
v 769.95489502 70.39199829 -1.5
v 763.68554688 73.60597992 48.5
v 763.71936035 73.42324066 48.5
v 763.68554688 73.60597992 -1.5
v 763.71936035 73.42324066 -1.5
v 763.76196289 73.24235535 48.5
v 763.76196289 73.24235535 -1.5
v 763.81341553 73.06376648 48.5
v 763.81341553 73.06376648 -1.5
v 763.87347412 72.88789368 48.5
v 763.87347412 72.88789368 -1.5
v 763.94195557 72.71514893 48.5
v 763.94195557 72.71514893 -1.5
v 764.01885986 72.54595184 48.5
v 764.01885986 72.54595184 -1.5
v 764.10388184 72.38069153 48.5
v 764.10388184 72.38069153 -1.5
v 764.19683838 72.21976471 48.5
v 764.19683838 72.21976471 -1.5
v 764.29748535 72.06355286 48.5
v 764.29748535 72.06355286 -1.5
v 764.40563965 71.91242981 48.5
v 764.40563965 71.91242981 -1.5
v 764.52105713 71.76674652 48.5
v 764.52105713 71.76674652 -1.5
v 764.64337158 71.62686157 48.5
v 764.64337158 71.62686157 -1.5
v 764.7723999 71.49308777 48.5
v 764.7723999 71.49308777 -1.5
v 764.90777588 71.3657608 48.5
v 764.90777588 71.3657608 -1.5
v 765.0491333 71.24517059 48.5
v 765.0491333 71.24517059 -1.5
v 765.19628906 71.13160706 48.5
v 765.19628906 71.13160706 -1.5
v 765.34869385 71.02533722 48.5
v 765.34869385 71.02533722 -1.5
v 765.50616455 70.92661285 48.5
v 765.50616455 70.92661285 -1.5
v 765.66827393 70.8356781 48.5
v 765.66827393 70.8356781 -1.5
v 765.83453369 70.75273132 48.5
v 765.83453369 70.75273132 -1.5
v 766.00469971 70.67798615 48.5
v 766.00469971 70.67798615 -1.5
v 766.17828369 70.61161041 48.5
v 766.17828369 70.61161041 -1.5
v 766.35491943 70.55376434 48.5
v 766.35491943 70.55376434 -1.5
v 766.53411865 70.50457764 -1.5
v 766.53411865 70.50457764 48.5
v 766.71551514 70.46417999 48.5
v 766.71551514 70.46417999 -1.5
v 766.89868164 70.43265533 48.5
v 766.89868164 70.43265533 -1.5
v 767.08312988 70.41008759 -1.5
v 767.08312988 70.41008759 48.5
v 767.26849365 70.39652252 -1.5
v 767.26849365 70.39652252 48.5
v 763.58746338 74.1348114 48.5
v 763.58746338 74.1348114 -1.5
v 763.46337891 74.65813446 48.5
v 763.46337891 74.65813446 -1.5
v 763.31347656 75.17466736 48.5
v 763.31347656 75.17466736 -1.5
v 763.13818359 75.68314362 48.5
v 763.13818359 75.68314362 -1.5
v 762.93786621 76.18231201 48.5
v 762.93786621 76.18231201 -1.5
v 762.71313477 76.67094421 48.5
v 762.71313477 76.67094421 -1.5
v 762.46447754 77.14785004 48.5
v 762.46447754 77.14785004 -1.5
v 762.19250488 77.61185455 48.5
v 762.19250488 77.61185455 -1.5
v 761.89782715 78.06181335 48.5
v 761.89782715 78.06181335 -1.5
v 761.58129883 78.49662781 48.5
v 761.58129883 78.49662781 -1.5
v 761.24353027 78.91522217 48.5
v 761.24353027 78.91522217 -1.5
v 760.88549805 79.31658173 48.5
v 760.88549805 79.31658173 -1.5
v 760.50805664 79.69971466 48.5
v 760.50805664 79.69971466 -1.5
v 760.11206055 80.06367493 48.5
v 760.11206055 80.06367493 -1.5
v 759.69854736 80.40758514 48.5
v 759.69854736 80.40758514 -1.5
v 759.26849365 80.73058319 48.5
v 759.26849365 80.73058319 -1.5
v 758.82293701 81.03188324 48.5
v 758.82293701 81.03188324 -1.5
v 758.36303711 81.31074524 48.5
v 758.36303711 81.31074524 -1.5
v 757.88989258 81.56648254 48.5
v 757.88989258 81.56648254 -1.5
v 757.40466309 81.79846954 48.5
v 757.40466309 81.79846954 -1.5
v 756.9085083 82.00614166 48.5
v 756.9085083 82.00614166 -1.5
v 756.40270996 82.1889801 48.5
v 756.40270996 82.1889801 -1.5
v 755.88842773 82.34654236 48.5
v 755.88842773 82.34654236 -1.5
v 755.36706543 82.47844696 48.5
v 755.36706543 82.47844696 -1.5
v 754.83972168 82.58435059 48.5
v 754.83972168 82.58435059 -1.5
v 754.30780029 82.66400909 48.5
v 754.30780029 82.66400909 -1.5
v 753.77258301 82.71723175 48.5
v 753.77258301 82.71723175 -1.5
v 753.2354126 82.74386597 48.5
v 753.2354126 82.74386597 -1.5
v 752.6975708 82.74386597 48.5
v 752.6975708 82.74386597 -1.5
v 752.16040039 82.71723175 48.5
v 752.16040039 82.71723175 -1.5
v 751.62518311 82.66400909 -1.5
v 751.62518311 82.66400909 48.5
v 751.09326172 82.58435059 48.5
v 751.09326172 82.58435059 -1.5
v 750.565979 82.47844696 48.5
v 750.565979 82.47844696 -1.5
v 750.04455566 82.34654236 48.5
v 750.04455566 82.34654236 -1.5
v 749.53027344 82.1889801 48.5
v 749.53027344 82.1889801 -1.5
v 749.0244751 82.00614166 48.5
v 749.0244751 82.00614166 -1.5
v 748.52832031 81.79846954 48.5
v 748.52832031 81.79846954 -1.5
v 748.04309082 81.56648254 48.5
v 748.04309082 81.56648254 -1.5
v 747.56994629 81.31074524 48.5
v 747.56994629 81.31074524 -1.5
v 747.11004639 81.03188324 48.5
v 747.11004639 81.03188324 -1.5
v 746.66455078 80.73058319 48.5
v 746.66455078 80.73058319 -1.5
v 746.23449707 80.40758514 48.5
v 746.23449707 80.40758514 -1.5
v 745.82092285 80.06367493 48.5
v 745.82092285 80.06367493 -1.5
v 745.42492676 79.69971466 48.5
v 745.42492676 79.69971466 -1.5
v 745.04748535 79.31658173 48.5
v 745.04748535 79.31658173 -1.5
v 744.68945312 78.91522217 48.5
v 744.68945312 78.91522217 -1.5
v 744.35174561 78.49662781 48.5
v 744.35174561 78.49662781 -1.5
v 744.03515625 78.06181335 48.5
v 744.03515625 78.06181335 -1.5
v 743.74053955 77.61185455 -1.5
v 743.74053955 77.61185455 48.5
v 743.46850586 77.14785004 48.5
v 743.46850586 77.14785004 -1.5
v 743.21984863 76.67094421 48.5
v 743.21984863 76.67094421 -1.5
v 742.99511719 76.18231201 48.5
v 742.99511719 76.18231201 -1.5
v 742.79486084 75.68314362 48.5
v 742.79486084 75.68314362 -1.5
v 742.61956787 75.17466736 48.5
v 742.61956787 75.17466736 -1.5
v 742.46966553 74.65813446 -1.5
v 742.46966553 74.65813446 48.5
v 742.34552002 74.1348114 48.5
v 742.34552002 74.1348114 -1.5
v 742.24749756 73.60597992 -1.5
v 742.24749756 73.60597992 48.5
v 738.47875977 70.39199829 -1.5
v 738.47875977 70.39199829 48.5
v 738.66455078 70.39652252 -1.5
v 738.66455078 70.39652252 48.5
v 738.84985352 70.41008759 -1.5
v 738.84985352 70.41008759 48.5
v 739.03436279 70.43265533 -1.5
v 739.03436279 70.43265533 48.5
v 739.21746826 70.46417999 -1.5
v 739.21746826 70.46417999 48.5
v 739.39886475 70.50457764 -1.5
v 739.39886475 70.50457764 48.5
v 739.578125 70.55376434 -1.5
v 739.578125 70.55376434 48.5
v 739.75469971 70.61161041 -1.5
v 739.75469971 70.61161041 48.5
v 739.92828369 70.67798615 -1.5
v 739.92828369 70.67798615 48.5
v 740.09844971 70.75273132 -1.5
v 740.09844971 70.75273132 48.5
v 740.26477051 70.8356781 -1.5
v 740.26477051 70.8356781 48.5
v 740.42681885 70.92661285 -1.5
v 740.42681885 70.92661285 48.5
v 740.58428955 71.02533722 -1.5
v 740.58428955 71.02533722 48.5
v 740.73675537 71.13160706 -1.5
v 740.73675537 71.13160706 48.5
v 740.8838501 71.24517059 -1.5
v 740.8838501 71.24517059 48.5
v 741.02526855 71.3657608 -1.5
v 741.02526855 71.3657608 48.5
v 741.16064453 71.49308777 -1.5
v 741.16064453 71.49308777 48.5
v 741.28961182 71.62686157 -1.5
v 741.28961182 71.62686157 48.5
v 741.4119873 71.76674652 -1.5
v 741.4119873 71.76674652 48.5
v 741.52734375 71.91242981 -1.5
v 741.52734375 71.91242981 48.5
v 741.63549805 72.06355286 -1.5
v 741.63549805 72.06355286 48.5
v 741.73620605 72.21976471 -1.5
v 741.73620605 72.21976471 48.5
v 741.8291626 72.38069153 -1.5
v 741.8291626 72.38069153 48.5
v 741.91412354 72.54595184 48.5
v 741.91412354 72.54595184 -1.5
v 741.99102783 72.71514893 -1.5
v 741.99102783 72.71514893 48.5
v 742.05957031 72.88789368 -1.5
v 742.05957031 72.88789368 48.5
v 742.11956787 73.06376648 -1.5
v 742.11956787 73.06376648 48.5
v 742.17102051 73.24235535 48.5
v 742.17102051 73.24235535 -1.5
v 742.21368408 73.42324066 48.5
v 742.21368408 73.42324066 -1.5
v 735.97808838 70.39199829 48.5
v 735.97808838 70.39199829 -1.5
v 732.16149902 74.20860291 -1.5
v 732.16149902 74.20860291 48.5
v 732.16607666 74.02133179 -1.5
v 732.16607666 74.02133179 48.5
v 732.17987061 73.8345108 -1.5
v 732.17987061 73.8345108 48.5
v 732.20281982 73.64859009 -1.5
v 732.20281982 73.64859009 48.5
v 732.23486328 73.46401978 -1.5
v 732.23486328 73.46401978 48.5
v 732.27587891 73.28124237 -1.5
v 732.27587891 73.28124237 48.5
v 732.3258667 73.10070038 -1.5
v 732.3258667 73.10070038 48.5
v 732.38458252 72.92282867 -1.5
v 732.38458252 72.92282867 48.5
v 732.45202637 72.74804688 -1.5
v 732.45202637 72.74804688 48.5
v 732.5279541 72.57678986 -1.5
v 732.5279541 72.57678986 48.5
v 732.61218262 72.4094696 -1.5
v 732.61218262 72.4094696 48.5
v 732.70446777 72.24647522 -1.5
v 732.70446777 72.24647522 48.5
v 732.8046875 72.08821106 -1.5
v 732.8046875 72.08821106 48.5
v 732.91259766 71.93505096 -1.5
v 732.91259766 71.93505096 48.5
v 733.02783203 71.7873764 -1.5
v 733.02783203 71.7873764 48.5
v 733.15020752 71.6455307 -1.5
v 733.15020752 71.6455307 48.5
v 733.27935791 71.50985718 -1.5
v 733.27935791 71.50985718 48.5
v 733.41503906 71.3806839 -1.5
v 733.41503906 71.3806839 48.5
v 733.55688477 71.2583313 -1.5
v 733.55688477 71.2583313 48.5
v 733.70452881 71.14308167 -1.5
v 733.70452881 71.14308167 48.5
v 733.85772705 71.03520966 48.5
v 733.85772705 71.03520966 -1.5
v 734.01599121 70.93498993 -1.5
v 734.01599121 70.93498993 48.5
v 734.17895508 70.842659 -1.5
v 734.17895508 70.842659 48.5
v 734.34631348 70.75843811 -1.5
v 734.34631348 70.75843811 48.5
v 734.51757812 70.68251801 -1.5
v 734.51757812 70.68251801 48.5
v 734.69232178 70.61510468 48.5
v 734.69232178 70.61510468 -1.5
v 734.87017822 70.55634308 48.5
v 734.87017822 70.55634308 -1.5
v 735.05072021 70.50637817 48.5
v 735.05072021 70.50637817 -1.5
v 735.23352051 70.46533203 48.5
v 735.23352051 70.46533203 -1.5
v 735.41809082 70.43331146 48.5
v 735.41809082 70.43331146 -1.5
v 735.60400391 70.4103775 -1.5
v 735.60400391 70.4103775 48.5
v 735.79083252 70.39659882 48.5
v 735.79083252 70.39659882 -1.5
v 732.16149902 92.74140167 48.5
v 732.16149902 92.74140167 -1.5
v 735.97808838 96.55799866 -1.5
v 735.97808838 96.55799866 48.5
v 735.79083252 96.55340576 -1.5
v 735.79083252 96.55340576 48.5
v 735.60400391 96.53961945 -1.5
v 735.60400391 96.53961945 48.5
v 735.41809082 96.51669312 -1.5
v 735.41809082 96.51669312 48.5
v 735.23352051 96.48466492 -1.5
v 735.23352051 96.48466492 48.5
v 735.05072021 96.44361877 -1.5
v 735.05072021 96.44361877 48.5
v 734.87017822 96.3936615 -1.5
v 734.87017822 96.3936615 48.5
v 734.69232178 96.3348999 -1.5
v 734.69232178 96.3348999 48.5
v 734.51757812 96.26747894 -1.5
v 734.51757812 96.26747894 48.5
v 734.34631348 96.19156647 -1.5
v 734.34631348 96.19156647 48.5
v 734.17895508 96.10733795 -1.5
v 734.17895508 96.10733795 48.5
v 734.01599121 96.01500702 -1.5
v 734.01599121 96.01500702 48.5
v 733.85772705 95.91478729 -1.5
v 733.85772705 95.91478729 48.5
v 733.70452881 95.80692291 -1.5
v 733.70452881 95.80692291 48.5
v 733.55688477 95.69167328 -1.5
v 733.55688477 95.69167328 48.5
v 733.41503906 95.56931305 -1.5
v 733.41503906 95.56931305 48.5
v 733.27935791 95.4401474 -1.5
v 733.27935791 95.4401474 48.5
v 733.15020752 95.30447388 -1.5
v 733.15020752 95.30447388 48.5
v 733.02783203 95.16262817 -1.5
v 733.02783203 95.16262817 48.5
v 732.91259766 95.01494598 -1.5
v 732.91259766 95.01494598 48.5
v 732.8046875 94.86178589 48.5
v 732.8046875 94.86178589 -1.5
v 732.70446777 94.70352173 -1.5
v 732.70446777 94.70352173 48.5
v 732.61218262 94.54053497 -1.5
v 732.61218262 94.54053497 48.5
v 732.5279541 94.37320709 -1.5
v 732.5279541 94.37320709 48.5
v 732.45202637 94.20195007 -1.5
v 732.45202637 94.20195007 48.5
v 732.38458252 94.0271759 48.5
v 732.38458252 94.0271759 -1.5
v 732.3258667 93.8493042 48.5
v 732.3258667 93.8493042 -1.5
v 732.27587891 93.66875458 48.5
v 732.27587891 93.66875458 -1.5
v 732.23486328 93.4859848 48.5
v 732.23486328 93.4859848 -1.5
v 732.20281982 93.30141449 48.5
v 732.20281982 93.30141449 -1.5
v 732.17987061 93.11549377 -1.5
v 732.17987061 93.11549377 48.5
v 732.16607666 92.92867279 48.5
v 732.16607666 92.92867279 -1.5
v 769.95489502 96.55799866 48.5
v 769.95489502 96.55799866 -1.5
v 773.77148438 92.74140167 -1.5
v 773.77148438 92.74140167 48.5
v 773.76690674 92.92867279 -1.5
v 773.76690674 92.92867279 48.5
v 773.75311279 93.11549377 -1.5
v 773.75311279 93.11549377 48.5
v 773.73016357 93.30141449 -1.5
v 773.73016357 93.30141449 48.5
v 773.69818115 93.4859848 -1.5
v 773.69818115 93.4859848 48.5
v 773.65710449 93.66875458 -1.5
v 773.65710449 93.66875458 48.5
v 773.60717773 93.8493042 -1.5
v 773.60717773 93.8493042 48.5
v 773.54840088 94.0271759 -1.5
v 773.54840088 94.0271759 48.5
v 773.48095703 94.20195007 -1.5
v 773.48095703 94.20195007 48.5
v 773.40509033 94.37320709 -1.5
v 773.40509033 94.37320709 48.5
v 773.32086182 94.54053497 -1.5
v 773.32086182 94.54053497 48.5
v 773.22851562 94.70352173 -1.5
v 773.22851562 94.70352173 48.5
v 773.1282959 94.86178589 -1.5
v 773.1282959 94.86178589 48.5
v 773.02044678 95.01494598 -1.5
v 773.02044678 95.01494598 48.5
v 772.90515137 95.16262817 -1.5
v 772.90515137 95.16262817 48.5
v 772.78283691 95.30447388 -1.5
v 772.78283691 95.30447388 48.5
v 772.65362549 95.4401474 -1.5
v 772.65362549 95.4401474 48.5
v 772.51794434 95.56931305 -1.5
v 772.51794434 95.56931305 48.5
v 772.37609863 95.69167328 -1.5
v 772.37609863 95.69167328 48.5
v 772.22845459 95.80692291 -1.5
v 772.22845459 95.80692291 48.5
v 772.07531738 95.91478729 48.5
v 772.07531738 95.91478729 -1.5
v 771.91705322 96.01500702 -1.5
v 771.91705322 96.01500702 48.5
v 771.75402832 96.10733795 -1.5
v 771.75402832 96.10733795 48.5
v 771.58673096 96.19156647 -1.5
v 771.58673096 96.19156647 48.5
v 771.41546631 96.26747894 -1.5
v 771.41546631 96.26747894 48.5
v 771.24066162 96.3348999 48.5
v 771.24066162 96.3348999 -1.5
v 771.06280518 96.3936615 48.5
v 771.06280518 96.3936615 -1.5
v 770.88226318 96.44361877 48.5
v 770.88226318 96.44361877 -1.5
v 770.69946289 96.48466492 48.5
v 770.69946289 96.48466492 -1.5
v 770.51489258 96.51669312 48.5
v 770.51489258 96.51669312 -1.5
v 770.32897949 96.53961945 -1.5
v 770.32897949 96.53961945 48.5
v 770.14215088 96.55340576 48.5
v 770.14215088 96.55340576 -1.5
v 773.77148438 74.20860291 -1.5
v 773.77148438 74.20860291 48.5
v 770.14215088 70.39659882 -1.5
v 770.14215088 70.39659882 48.5
v 770.32897949 70.4103775 -1.5
v 770.32897949 70.4103775 48.5
v 770.51489258 70.43331146 -1.5
v 770.51489258 70.43331146 48.5
v 770.69946289 70.46533203 -1.5
v 770.69946289 70.46533203 48.5
v 770.88226318 70.50637817 -1.5
v 770.88226318 70.50637817 48.5
v 771.06280518 70.55634308 -1.5
v 771.06280518 70.55634308 48.5
v 771.24066162 70.61510468 -1.5
v 771.24066162 70.61510468 48.5
v 771.41546631 70.68251801 -1.5
v 771.41546631 70.68251801 48.5
v 771.58673096 70.75843811 -1.5
v 771.58673096 70.75843811 48.5
v 771.75402832 70.842659 -1.5
v 771.75402832 70.842659 48.5
v 771.91705322 70.93498993 -1.5
v 771.91705322 70.93498993 48.5
v 772.07531738 71.03520966 -1.5
v 772.07531738 71.03520966 48.5
v 772.22845459 71.14308167 -1.5
v 772.22845459 71.14308167 48.5
v 772.37609863 71.2583313 -1.5
v 772.37609863 71.2583313 48.5
v 772.51794434 71.3806839 -1.5
v 772.51794434 71.3806839 48.5
v 772.65362549 71.50985718 -1.5
v 772.65362549 71.50985718 48.5
v 772.78283691 71.6455307 -1.5
v 772.78283691 71.6455307 48.5
v 772.90515137 71.7873764 -1.5
v 772.90515137 71.7873764 48.5
v 773.02044678 71.93505096 -1.5
v 773.02044678 71.93505096 48.5
v 773.1282959 72.08821106 48.5
v 773.1282959 72.08821106 -1.5
v 773.22851562 72.24647522 -1.5
v 773.22851562 72.24647522 48.5
v 773.32086182 72.4094696 -1.5
v 773.32086182 72.4094696 48.5
v 773.40509033 72.57678986 -1.5
v 773.40509033 72.57678986 48.5
v 773.48095703 72.74804688 -1.5
v 773.48095703 72.74804688 48.5
v 773.54840088 72.92282867 48.5
v 773.54840088 72.92282867 -1.5
v 773.60717773 73.10070038 48.5
v 773.60717773 73.10070038 -1.5
v 773.65710449 73.28124237 48.5
v 773.65710449 73.28124237 -1.5
v 773.69818115 73.46401978 48.5
v 773.69818115 73.46401978 -1.5
v 773.73016357 73.64859009 48.5
v 773.73016357 73.64859009 -1.5
v 773.75311279 73.8345108 -1.5
v 773.75311279 73.8345108 48.5
v 773.76690674 74.02133179 48.5
v 773.76690674 74.02133179 -1.5
v 756.00823975 156.9949646 48.5
v 756.00823975 156.9949646 -1.5
v 756.01226807 157.15950012 48.5
v 756.01226807 157.15950012 -1.5
v 756.02435303 157.32363892 48.5
v 756.02435303 157.32363892 -1.5
v 756.04449463 157.48698425 48.5
v 756.04449463 157.48698425 -1.5
v 756.07263184 157.6491394 48.5
v 756.07263184 157.6491394 -1.5
v 756.10870361 157.8097229 48.5
v 756.10870361 157.8097229 -1.5
v 756.15258789 157.96835327 48.5
v 756.15258789 157.96835327 -1.5
v 756.20422363 158.12463379 48.5
v 756.20422363 158.12463379 -1.5
v 756.26348877 158.27818298 48.5
v 756.26348877 158.27818298 -1.5
v 756.33013916 158.4286499 48.5
v 756.33013916 158.4286499 -1.5
v 756.4041748 158.57565308 48.5
v 756.4041748 158.57565308 -1.5
v 756.48529053 158.71885681 48.5
v 756.48529053 158.71885681 -1.5
v 756.57336426 158.85791016 48.5
v 756.57336426 158.85791016 -1.5
v 756.66809082 158.99247742 48.5
v 756.66809082 158.99247742 -1.5
v 756.76934814 159.1222229 48.5
v 756.76934814 159.1222229 -1.5
v 756.87689209 159.24684143 48.5
v 756.87689209 159.24684143 -1.5
v 756.99035645 159.36604309 48.5
v 756.99035645 159.36604309 -1.5
v 757.10955811 159.47953796 48.5
v 757.10955811 159.47953796 -1.5
v 757.23419189 159.58703613 48.5
v 757.23419189 159.58703613 -1.5
v 757.36395264 159.68829346 48.5
v 757.36395264 159.68829346 -1.5
v 757.49847412 159.7830658 -1.5
v 757.49847412 159.7830658 48.5
v 757.63751221 159.87110901 48.5
v 757.63751221 159.87110901 -1.5
v 757.78076172 159.95223999 48.5
v 757.78076172 159.95223999 -1.5
v 757.92773438 160.02622986 48.5
v 757.92773438 160.02622986 -1.5
v 758.07818604 160.09292603 48.5
v 758.07818604 160.09292603 -1.5
v 758.23175049 160.15216064 -1.5
v 758.23175049 160.15216064 48.5
v 758.38806152 160.20379639 -1.5
v 758.38806152 160.20379639 48.5
v 758.54669189 160.24768066 -1.5
v 758.54669189 160.24768066 48.5
v 758.70727539 160.28375244 -1.5
v 758.70727539 160.28375244 48.5
v 758.86938477 160.31188965 -1.5
v 758.86938477 160.31188965 48.5
v 759.03277588 160.33203125 48.5
v 759.03277588 160.33203125 -1.5
v 759.19689941 160.34413147 -1.5
v 759.19689941 160.34413147 48.5
v 759.3614502 160.34817505 -1.5
v 759.3614502 160.34817505 48.5
v 771.09844971 160.34817505 48.5
v 771.09844971 160.34817505 -1.5
v 771.26300049 160.34413147 48.5
v 771.26300049 160.34413147 -1.5
v 771.42712402 160.33203125 48.5
v 771.42712402 160.33203125 -1.5
v 771.5904541 160.31188965 48.5
v 771.5904541 160.31188965 -1.5
v 771.75262451 160.28375244 48.5
v 771.75262451 160.28375244 -1.5
v 771.91320801 160.24768066 48.5
v 771.91320801 160.24768066 -1.5
v 772.07183838 160.20379639 48.5
v 772.07183838 160.20379639 -1.5
v 772.22808838 160.15216064 48.5
v 772.22808838 160.15216064 -1.5
v 772.38165283 160.09292603 48.5
v 772.38165283 160.09292603 -1.5
v 772.53210449 160.02622986 48.5
v 772.53210449 160.02622986 -1.5
v 772.67913818 159.95223999 48.5
v 772.67913818 159.95223999 -1.5
v 772.82232666 159.87110901 48.5
v 772.82232666 159.87110901 -1.5
v 772.96136475 159.7830658 48.5
v 772.96136475 159.7830658 -1.5
v 773.09594727 159.68829346 48.5
v 773.09594727 159.68829346 -1.5
v 773.22570801 159.58703613 48.5
v 773.22570801 159.58703613 -1.5
v 773.3503418 159.47953796 48.5
v 773.3503418 159.47953796 -1.5
v 773.46954346 159.36604309 48.5
v 773.46954346 159.36604309 -1.5
v 773.58300781 159.24684143 48.5
v 773.58300781 159.24684143 -1.5
v 773.69049072 159.1222229 48.5
v 773.69049072 159.1222229 -1.5
v 773.79174805 158.99247742 48.5
v 773.79174805 158.99247742 -1.5
v 773.88653564 158.85791016 -1.5
v 773.88653564 158.85791016 48.5
v 773.97460938 158.71885681 48.5
v 773.97460938 158.71885681 -1.5
v 774.0557251 158.57565308 48.5
v 774.0557251 158.57565308 -1.5
v 774.12969971 158.4286499 48.5
v 774.12969971 158.4286499 -1.5
v 774.19641113 158.27818298 48.5
v 774.19641113 158.27818298 -1.5
v 774.25561523 158.12463379 -1.5
v 774.25561523 158.12463379 48.5
v 774.30725098 157.96835327 -1.5
v 774.30725098 157.96835327 48.5
v 774.35113525 157.8097229 -1.5
v 774.35113525 157.8097229 48.5
v 774.38720703 157.6491394 -1.5
v 774.38720703 157.6491394 48.5
v 774.41534424 157.48698425 -1.5
v 774.41534424 157.48698425 48.5
v 774.43548584 157.32363892 48.5
v 774.43548584 157.32363892 -1.5
v 774.44763184 157.15950012 -1.5
v 774.44763184 157.15950012 48.5
v 774.45166016 156.9949646 -1.5
v 774.45166016 156.9949646 48.5
v 774.45166016 145.25794983 -1.5
v 774.45166016 145.25794983 48.5
v 734.6519165 141.90473938 48.5
v 734.6519165 141.90473938 -1.5
v 734.48742676 141.90878296 48.5
v 734.48742676 141.90878296 -1.5
v 734.32324219 141.92088318 48.5
v 734.32324219 141.92088318 -1.5
v 734.15991211 141.94104004 48.5
v 734.15991211 141.94104004 -1.5
v 733.9977417 141.96917725 48.5
v 733.9977417 141.96917725 -1.5
v 733.8371582 142.00523376 48.5
v 733.8371582 142.00523376 -1.5
v 733.67852783 142.0491333 48.5
v 733.67852783 142.0491333 -1.5
v 733.52227783 142.10075378 48.5
v 733.52227783 142.10075378 -1.5
v 733.36871338 142.1599884 48.5
v 733.36871338 142.1599884 -1.5
v 733.21826172 142.22668457 48.5
v 733.21826172 142.22668457 -1.5
v 733.07122803 142.3006897 48.5
v 733.07122803 142.3006897 -1.5
v 732.92803955 142.38180542 48.5
v 732.92803955 142.38180542 -1.5
v 732.78900146 142.46986389 48.5
v 732.78900146 142.46986389 -1.5
v 732.65441895 142.56462097 48.5
v 732.65441895 142.56462097 -1.5
v 732.5246582 142.6658783 48.5
v 732.5246582 142.6658783 -1.5
v 732.40002441 142.77339172 48.5
v 732.40002441 142.77339172 -1.5
v 732.28082275 142.88687134 48.5
v 732.28082275 142.88687134 -1.5
v 732.1673584 143.006073 48.5
v 732.1673584 143.006073 -1.5
v 732.05987549 143.13069153 48.5
v 732.05987549 143.13069153 -1.5
v 731.95861816 143.26045227 48.5
v 731.95861816 143.26045227 -1.5
v 731.86383057 143.39500427 -1.5
v 731.86383057 143.39500427 48.5
v 731.77575684 143.53405762 48.5
v 731.77575684 143.53405762 -1.5
v 731.69464111 143.67726135 48.5
v 731.69464111 143.67726135 -1.5
v 731.6206665 143.82426453 48.5
v 731.6206665 143.82426453 -1.5
v 731.55395508 143.97473145 48.5
v 731.55395508 143.97473145 -1.5
v 731.49475098 144.1282959 -1.5
v 731.49475098 144.1282959 48.5
v 731.44311523 144.28456116 -1.5
v 731.44311523 144.28456116 48.5
v 731.39923096 144.44319153 -1.5
v 731.39923096 144.44319153 48.5
v 731.36315918 144.60377502 -1.5
v 731.36315918 144.60377502 48.5
v 731.33502197 144.76593018 -1.5
v 731.33502197 144.76593018 48.5
v 731.31488037 144.92927551 48.5
v 731.31488037 144.92927551 -1.5
v 731.30273438 145.09341431 -1.5
v 731.30273438 145.09341431 48.5
v 731.29870605 145.25794983 -1.5
v 731.29870605 145.25794983 48.5
v 746.38891602 141.90473938 -1.5
v 746.38891602 141.90473938 48.5
v 731.29870605 156.9949646 -1.5
v 731.29870605 156.9949646 48.5
v 731.30273438 157.15950012 48.5
v 731.30273438 157.15950012 -1.5
v 731.31488037 157.32363892 48.5
v 731.31488037 157.32363892 -1.5
v 731.33502197 157.48698425 48.5
v 731.33502197 157.48698425 -1.5
v 731.36315918 157.6491394 48.5
v 731.36315918 157.6491394 -1.5
v 731.39923096 157.8097229 48.5
v 731.39923096 157.8097229 -1.5
v 731.44311523 157.96835327 48.5
v 731.44311523 157.96835327 -1.5
v 731.49475098 158.12463379 48.5
v 731.49475098 158.12463379 -1.5
v 731.55395508 158.27818298 48.5
v 731.55395508 158.27818298 -1.5
v 731.6206665 158.4286499 48.5
v 731.6206665 158.4286499 -1.5
v 731.69464111 158.57565308 48.5
v 731.69464111 158.57565308 -1.5
v 731.77575684 158.71885681 48.5
v 731.77575684 158.71885681 -1.5
v 731.86383057 158.85791016 48.5
v 731.86383057 158.85791016 -1.5
v 731.95861816 158.99247742 48.5
v 731.95861816 158.99247742 -1.5
v 732.05987549 159.1222229 48.5
v 732.05987549 159.1222229 -1.5
v 732.1673584 159.24684143 48.5
v 732.1673584 159.24684143 -1.5
v 732.28082275 159.36604309 48.5
v 732.28082275 159.36604309 -1.5
v 732.40002441 159.47953796 48.5
v 732.40002441 159.47953796 -1.5
v 732.5246582 159.58703613 48.5
v 732.5246582 159.58703613 -1.5
v 732.65441895 159.68829346 48.5
v 732.65441895 159.68829346 -1.5
v 732.78900146 159.7830658 -1.5
v 732.78900146 159.7830658 48.5
v 732.92803955 159.87110901 48.5
v 732.92803955 159.87110901 -1.5
v 733.07122803 159.95223999 48.5
v 733.07122803 159.95223999 -1.5
v 733.21826172 160.02622986 48.5
v 733.21826172 160.02622986 -1.5
v 733.36871338 160.09292603 48.5
v 733.36871338 160.09292603 -1.5
v 733.52227783 160.15216064 -1.5
v 733.52227783 160.15216064 48.5
v 733.67852783 160.20379639 -1.5
v 733.67852783 160.20379639 48.5
v 733.8371582 160.24768066 -1.5
v 733.8371582 160.24768066 48.5
v 733.9977417 160.28375244 -1.5
v 733.9977417 160.28375244 48.5
v 734.15991211 160.31188965 -1.5
v 734.15991211 160.31188965 48.5
v 734.32324219 160.33203125 48.5
v 734.32324219 160.33203125 -1.5
v 734.48742676 160.34413147 -1.5
v 734.48742676 160.34413147 48.5
v 734.6519165 160.34817505 -1.5
v 734.6519165 160.34817505 48.5
v 746.38891602 160.34817505 -1.5
v 746.38891602 160.34817505 48.5
v 759.3614502 141.90473938 48.5
v 759.3614502 141.90473938 -1.5
v 759.19689941 141.90878296 48.5
v 759.19689941 141.90878296 -1.5
v 759.03277588 141.92088318 48.5
v 759.03277588 141.92088318 -1.5
v 758.86938477 141.94104004 48.5
v 758.86938477 141.94104004 -1.5
v 758.70727539 141.96917725 48.5
v 758.70727539 141.96917725 -1.5
v 758.54669189 142.00523376 48.5
v 758.54669189 142.00523376 -1.5
v 758.38806152 142.0491333 48.5
v 758.38806152 142.0491333 -1.5
v 758.23175049 142.10075378 48.5
v 758.23175049 142.10075378 -1.5
v 758.07818604 142.1599884 48.5
v 758.07818604 142.1599884 -1.5
v 757.92773438 142.22668457 48.5
v 757.92773438 142.22668457 -1.5
v 757.78076172 142.3006897 48.5
v 757.78076172 142.3006897 -1.5
v 757.63751221 142.38180542 48.5
v 757.63751221 142.38180542 -1.5
v 757.49847412 142.46986389 48.5
v 757.49847412 142.46986389 -1.5
v 757.36395264 142.56462097 48.5
v 757.36395264 142.56462097 -1.5
v 757.23419189 142.6658783 48.5
v 757.23419189 142.6658783 -1.5
v 757.10955811 142.77339172 48.5
v 757.10955811 142.77339172 -1.5
v 756.99035645 142.88687134 48.5
v 756.99035645 142.88687134 -1.5
v 756.87689209 143.006073 48.5
v 756.87689209 143.006073 -1.5
v 756.76934814 143.13069153 48.5
v 756.76934814 143.13069153 -1.5
v 756.66809082 143.26045227 48.5
v 756.66809082 143.26045227 -1.5
v 756.57336426 143.39500427 -1.5
v 756.57336426 143.39500427 48.5
v 756.48529053 143.53405762 48.5
v 756.48529053 143.53405762 -1.5
v 756.4041748 143.67726135 48.5
v 756.4041748 143.67726135 -1.5
v 756.33013916 143.82426453 48.5
v 756.33013916 143.82426453 -1.5
v 756.26348877 143.97473145 48.5
v 756.26348877 143.97473145 -1.5
v 756.20422363 144.1282959 -1.5
v 756.20422363 144.1282959 48.5
v 756.15258789 144.28456116 -1.5
v 756.15258789 144.28456116 48.5
v 756.10870361 144.44319153 -1.5
v 756.10870361 144.44319153 48.5
v 756.07263184 144.60377502 -1.5
v 756.07263184 144.60377502 48.5
v 756.04449463 144.76593018 -1.5
v 756.04449463 144.76593018 48.5
v 756.02435303 144.92927551 48.5
v 756.02435303 144.92927551 -1.5
v 756.01226807 145.09341431 -1.5
v 756.01226807 145.09341431 48.5
v 756.00823975 145.25794983 -1.5
v 756.00823975 145.25794983 48.5
v 774.44763184 145.09341431 48.5
v 774.44763184 145.09341431 -1.5
v 774.43548584 144.92927551 48.5
v 774.43548584 144.92927551 -1.5
v 774.41534424 144.76593018 48.5
v 774.41534424 144.76593018 -1.5
v 774.38720703 144.60377502 48.5
v 774.38720703 144.60377502 -1.5
v 774.35113525 144.44319153 48.5
v 774.35113525 144.44319153 -1.5
v 774.30725098 144.28456116 48.5
v 774.30725098 144.28456116 -1.5
v 774.25561523 144.1282959 48.5
v 774.25561523 144.1282959 -1.5
v 774.19641113 143.97473145 48.5
v 774.19641113 143.97473145 -1.5
v 774.12969971 143.82426453 48.5
v 774.12969971 143.82426453 -1.5
v 774.0557251 143.67726135 48.5
v 774.0557251 143.67726135 -1.5
v 773.97460938 143.53405762 48.5
v 773.97460938 143.53405762 -1.5
v 773.88653564 143.39500427 48.5
v 773.88653564 143.39500427 -1.5
v 773.79174805 143.26045227 48.5
v 773.79174805 143.26045227 -1.5
v 773.69049072 143.13069153 48.5
v 773.69049072 143.13069153 -1.5
v 773.58300781 143.006073 48.5
v 773.58300781 143.006073 -1.5
v 773.46954346 142.88687134 48.5
v 773.46954346 142.88687134 -1.5
v 773.3503418 142.77339172 48.5
v 773.3503418 142.77339172 -1.5
v 773.22570801 142.6658783 48.5
v 773.22570801 142.6658783 -1.5
v 773.09594727 142.56462097 48.5
v 773.09594727 142.56462097 -1.5
v 772.96136475 142.46986389 -1.5
v 772.96136475 142.46986389 48.5
v 772.82232666 142.38180542 48.5
v 772.82232666 142.38180542 -1.5
v 772.67913818 142.3006897 48.5
v 772.67913818 142.3006897 -1.5
v 772.53210449 142.22668457 48.5
v 772.53210449 142.22668457 -1.5
v 772.38165283 142.1599884 48.5
v 772.38165283 142.1599884 -1.5
v 772.22808838 142.10075378 -1.5
v 772.22808838 142.10075378 48.5
v 772.07183838 142.0491333 -1.5
v 772.07183838 142.0491333 48.5
v 771.91320801 142.00523376 -1.5
v 771.91320801 142.00523376 48.5
v 771.75262451 141.96917725 -1.5
v 771.75262451 141.96917725 48.5
v 771.5904541 141.94104004 -1.5
v 771.5904541 141.94104004 48.5
v 771.42712402 141.92088318 48.5
v 771.42712402 141.92088318 -1.5
v 771.26300049 141.90878296 -1.5
v 771.26300049 141.90878296 48.5
v 771.09844971 141.90473938 -1.5
v 771.09844971 141.90473938 48.5
v 746.5534668 160.34413147 48.5
v 746.5534668 160.34413147 -1.5
v 746.71759033 160.33203125 48.5
v 746.71759033 160.33203125 -1.5
v 746.88098145 160.31188965 48.5
v 746.88098145 160.31188965 -1.5
v 747.04315186 160.28375244 48.5
v 747.04315186 160.28375244 -1.5
v 747.20373535 160.24768066 48.5
v 747.20373535 160.24768066 -1.5
v 747.36230469 160.20379639 48.5
v 747.36230469 160.20379639 -1.5
v 747.51861572 160.15216064 48.5
v 747.51861572 160.15216064 -1.5
v 747.67218018 160.09292603 48.5
v 747.67218018 160.09292603 -1.5
v 747.82263184 160.02622986 48.5
v 747.82263184 160.02622986 -1.5
v 747.96966553 159.95223999 48.5
v 747.96966553 159.95223999 -1.5
v 748.112854 159.87110901 48.5
v 748.112854 159.87110901 -1.5
v 748.25189209 159.7830658 48.5
v 748.25189209 159.7830658 -1.5
v 748.38647461 159.68829346 48.5
v 748.38647461 159.68829346 -1.5
v 748.51617432 159.58703613 48.5
v 748.51617432 159.58703613 -1.5
v 748.64080811 159.47953796 48.5
v 748.64080811 159.47953796 -1.5
v 748.76000977 159.36604309 48.5
v 748.76000977 159.36604309 -1.5
v 748.87353516 159.24684143 48.5
v 748.87353516 159.24684143 -1.5
v 748.98101807 159.1222229 48.5
v 748.98101807 159.1222229 -1.5
v 749.08227539 158.99247742 48.5
v 749.08227539 158.99247742 -1.5
v 749.17706299 158.85791016 -1.5
v 749.17706299 158.85791016 48.5
v 749.26507568 158.71885681 48.5
v 749.26507568 158.71885681 -1.5
v 749.34619141 158.57565308 48.5
v 749.34619141 158.57565308 -1.5
v 749.42022705 158.4286499 48.5
v 749.42022705 158.4286499 -1.5
v 749.48693848 158.27818298 48.5
v 749.48693848 158.27818298 -1.5
v 749.54614258 158.12463379 -1.5
v 749.54614258 158.12463379 48.5
v 749.59777832 157.96835327 -1.5
v 749.59777832 157.96835327 48.5
v 749.6416626 157.8097229 -1.5
v 749.6416626 157.8097229 48.5
v 749.67773438 157.6491394 -1.5
v 749.67773438 157.6491394 48.5
v 749.70587158 157.48698425 -1.5
v 749.70587158 157.48698425 48.5
v 749.72601318 157.32363892 48.5
v 749.72601318 157.32363892 -1.5
v 749.73809814 157.15950012 -1.5
v 749.73809814 157.15950012 48.5
v 749.74212646 156.9949646 -1.5
v 749.74212646 156.9949646 48.5
v 749.74212646 145.25794983 -1.5
v 749.74212646 145.25794983 48.5
v 749.73809814 145.09341431 48.5
v 749.73809814 145.09341431 -1.5
v 749.72601318 144.92927551 48.5
v 749.72601318 144.92927551 -1.5
v 749.70587158 144.76593018 48.5
v 749.70587158 144.76593018 -1.5
v 749.67773438 144.60377502 48.5
v 749.67773438 144.60377502 -1.5
v 749.6416626 144.44319153 48.5
v 749.6416626 144.44319153 -1.5
v 749.59777832 144.28456116 48.5
v 749.59777832 144.28456116 -1.5
v 749.54614258 144.1282959 48.5
v 749.54614258 144.1282959 -1.5
v 749.48693848 143.97473145 48.5
v 749.48693848 143.97473145 -1.5
v 749.42022705 143.82426453 48.5
v 749.42022705 143.82426453 -1.5
v 749.34619141 143.67726135 48.5
v 749.34619141 143.67726135 -1.5
v 749.26507568 143.53405762 48.5
v 749.26507568 143.53405762 -1.5
v 749.17706299 143.39500427 48.5
v 749.17706299 143.39500427 -1.5
v 749.08227539 143.26045227 48.5
v 749.08227539 143.26045227 -1.5
v 748.98101807 143.13069153 48.5
v 748.98101807 143.13069153 -1.5
v 748.87353516 143.006073 48.5
v 748.87353516 143.006073 -1.5
v 748.76000977 142.88687134 48.5
v 748.76000977 142.88687134 -1.5
v 748.64080811 142.77339172 48.5
v 748.64080811 142.77339172 -1.5
v 748.51617432 142.6658783 48.5
v 748.51617432 142.6658783 -1.5
v 748.38647461 142.56462097 48.5
v 748.38647461 142.56462097 -1.5
v 748.25189209 142.46986389 -1.5
v 748.25189209 142.46986389 48.5
v 748.112854 142.38180542 48.5
v 748.112854 142.38180542 -1.5
v 747.96966553 142.3006897 48.5
v 747.96966553 142.3006897 -1.5
v 747.82263184 142.22668457 48.5
v 747.82263184 142.22668457 -1.5
v 747.67218018 142.1599884 48.5
v 747.67218018 142.1599884 -1.5
v 747.51861572 142.10075378 -1.5
v 747.51861572 142.10075378 48.5
v 747.36230469 142.0491333 -1.5
v 747.36230469 142.0491333 48.5
v 747.20373535 142.00523376 -1.5
v 747.20373535 142.00523376 48.5
v 747.04315186 141.96917725 -1.5
v 747.04315186 141.96917725 48.5
v 746.88098145 141.94104004 -1.5
v 746.88098145 141.94104004 48.5
v 746.71759033 141.92088318 48.5
v 746.71759033 141.92088318 -1.5
v 746.5534668 141.90878296 -1.5
v 746.5534668 141.90878296 48.5
v 660.25030518 152.52900696 48.5
v 660.27233887 151.6459198 48.5
v 660.25030518 152.52900696 -1.5
v 660.27233887 151.6459198 -1.5
v 660.33831787 150.76502991 48.5
v 660.33831787 150.76502991 -1.5
v 660.44818115 149.88853455 48.5
v 660.44818115 149.88853455 -1.5
v 660.6015625 149.01860046 48.5
v 660.6015625 149.01860046 -1.5
v 660.79815674 148.15739441 48.5
v 660.79815674 148.15739441 -1.5
v 661.03735352 147.30705261 48.5
v 661.03735352 147.30705261 -1.5
v 661.31872559 146.46969604 48.5
v 661.31872559 146.46969604 -1.5
v 661.64141846 145.64741516 48.5
v 661.64141846 145.64741516 -1.5
v 662.00476074 144.84222412 48.5
v 662.00476074 144.84222412 -1.5
v 662.40777588 144.05615234 48.5
v 662.40777588 144.05615234 -1.5
v 662.84942627 143.29115295 48.5
v 662.84942627 143.29115295 -1.5
v 663.32867432 142.54910278 48.5
v 663.32867432 142.54910278 -1.5
v 663.84436035 141.83187866 48.5
v 663.84436035 141.83187866 -1.5
v 664.39508057 141.14125061 48.5
v 664.39508057 141.14125061 -1.5
v 664.97961426 140.47892761 48.5
v 664.97961426 140.47892761 -1.5
v 665.59637451 139.84655762 48.5
v 665.59637451 139.84655762 -1.5
v 666.24395752 139.24572754 48.5
v 666.24395752 139.24572754 -1.5
v 666.9206543 138.67791748 48.5
v 666.9206543 138.67791748 -1.5
v 667.62475586 138.14454651 48.5
v 667.62475586 138.14454651 -1.5
v 668.35461426 137.64692688 48.5
v 668.35461426 137.64692688 -1.5
v 669.10839844 137.18632507 48.5
v 669.10839844 137.18632507 -1.5
v 669.88415527 136.76385498 48.5
v 669.88415527 136.76385498 -1.5
v 670.68005371 136.38058472 48.5
v 670.68005371 136.38058472 -1.5
v 671.49401855 136.03746033 48.5
v 671.49401855 136.03746033 -1.5
v 672.32409668 135.7353363 48.5
v 672.32409668 135.7353363 -1.5
v 673.16821289 135.47496033 48.5
v 673.16821289 135.47496033 -1.5
v 674.02429199 135.25698853 48.5
v 674.02429199 135.25698853 -1.5
v 674.89013672 135.08195496 48.5
v 674.89013672 135.08195496 -1.5
v 675.76361084 134.95028687 48.5
v 675.76361084 134.95028687 -1.5
v 676.64257812 134.86233521 48.5
v 676.64257812 134.86233521 -1.5
v 677.52484131 134.8183136 48.5
v 677.52484131 134.8183136 -1.5
v 678.40820312 134.8183136 48.5
v 678.40820312 134.8183136 -1.5
v 679.29040527 134.86233521 48.5
v 679.29040527 134.86233521 -1.5
v 680.16937256 134.95028687 48.5
v 680.16937256 134.95028687 -1.5
v 681.04290771 135.08195496 48.5
v 681.04290771 135.08195496 -1.5
v 681.90875244 135.25698853 48.5
v 681.90875244 135.25698853 -1.5
v 682.76477051 135.47496033 48.5
v 682.76477051 135.47496033 -1.5
v 683.60888672 135.7353363 48.5
v 683.60888672 135.7353363 -1.5
v 684.43896484 136.03746033 48.5
v 684.43896484 136.03746033 -1.5
v 685.25292969 136.38058472 48.5
v 685.25292969 136.38058472 -1.5
v 686.04882812 136.76385498 48.5
v 686.04882812 136.76385498 -1.5
v 686.82458496 137.18632507 48.5
v 686.82458496 137.18632507 -1.5
v 687.57836914 137.64692688 48.5
v 687.57836914 137.64692688 -1.5
v 688.30822754 138.14454651 48.5
v 688.30822754 138.14454651 -1.5
v 689.01239014 138.67791748 48.5
v 689.01239014 138.67791748 -1.5
v 689.68908691 139.24572754 48.5
v 689.68908691 139.24572754 -1.5
v 690.33660889 139.84655762 48.5
v 690.33660889 139.84655762 -1.5
v 690.95336914 140.47892761 48.5
v 690.95336914 140.47892761 -1.5
v 691.53790283 141.14125061 48.5
v 691.53790283 141.14125061 -1.5
v 692.08868408 141.83187866 48.5
v 692.08868408 141.83187866 -1.5
v 692.60430908 142.54910278 48.5
v 692.60430908 142.54910278 -1.5
v 693.08355713 143.29115295 48.5
v 693.08355713 143.29115295 -1.5
v 693.52526855 144.05615234 48.5
v 693.52526855 144.05615234 -1.5
v 693.92822266 144.84222412 48.5
v 693.92822266 144.84222412 -1.5
v 694.29156494 145.64741516 48.5
v 694.29156494 145.64741516 -1.5
v 694.61425781 146.46969604 48.5
v 694.61425781 146.46969604 -1.5
v 694.89562988 147.30705261 48.5
v 694.89562988 147.30705261 -1.5
v 695.1348877 148.15739441 48.5
v 695.1348877 148.15739441 -1.5
v 695.3314209 149.01860046 48.5
v 695.3314209 149.01860046 -1.5
v 695.48480225 149.88853455 48.5
v 695.48480225 149.88853455 -1.5
v 695.59466553 150.76502991 48.5
v 695.59466553 150.76502991 -1.5
v 695.66070557 151.6459198 48.5
v 695.66070557 151.6459198 -1.5
v 695.68267822 152.52900696 48.5
v 695.68267822 152.52900696 -1.5
v 695.66070557 153.41207886 48.5
v 695.66070557 153.41207886 -1.5
v 695.59466553 154.29296875 48.5
v 695.59466553 154.29296875 -1.5
v 695.48480225 155.16946411 48.5
v 695.48480225 155.16946411 -1.5
v 695.3314209 156.03939819 48.5
v 695.3314209 156.03939819 -1.5
v 695.1348877 156.90060425 48.5
v 695.1348877 156.90060425 -1.5
v 694.89562988 157.75094604 48.5
v 694.89562988 157.75094604 -1.5
v 694.61425781 158.58830261 48.5
v 694.61425781 158.58830261 -1.5
v 694.29156494 159.4105835 48.5
v 694.29156494 159.4105835 -1.5
v 693.92822266 160.21577454 48.5
v 693.92822266 160.21577454 -1.5
v 693.52526855 161.00184631 48.5
v 693.52526855 161.00184631 -1.5
v 693.08355713 161.7668457 48.5
v 693.08355713 161.7668457 -1.5
v 692.60430908 162.50889587 48.5
v 692.60430908 162.50889587 -1.5
v 692.08868408 163.22612 48.5
v 692.08868408 163.22612 -1.5
v 691.53790283 163.91674805 48.5
v 691.53790283 163.91674805 -1.5
v 690.95336914 164.57907104 48.5
v 690.95336914 164.57907104 -1.5
v 690.33660889 165.21144104 48.5
v 690.33660889 165.21144104 -1.5
v 689.68908691 165.81227112 48.5
v 689.68908691 165.81227112 -1.5
v 689.01239014 166.38008118 48.5
v 689.01239014 166.38008118 -1.5
v 688.30822754 166.91345215 48.5
v 688.30822754 166.91345215 -1.5
v 687.57836914 167.41107178 48.5
v 687.57836914 167.41107178 -1.5
v 686.82458496 167.87167358 48.5
v 686.82458496 167.87167358 -1.5
v 686.04882812 168.29414368 48.5
v 686.04882812 168.29414368 -1.5
v 685.25292969 168.67741394 48.5
v 685.25292969 168.67741394 -1.5
v 684.43896484 169.02053833 48.5
v 684.43896484 169.02053833 -1.5
v 683.60888672 169.32267761 48.5
v 683.60888672 169.32267761 -1.5
v 682.76477051 169.58303833 48.5
v 682.76477051 169.58303833 -1.5
v 681.90875244 169.80102539 48.5
v 681.90875244 169.80102539 -1.5
v 681.04290771 169.9760437 48.5
v 681.04290771 169.9760437 -1.5
v 680.16937256 170.10771179 48.5
v 680.16937256 170.10771179 -1.5
v 679.29040527 170.19566345 48.5
v 679.29040527 170.19566345 -1.5
v 678.40820312 170.23970032 48.5
v 678.40820312 170.23970032 -1.5
v 677.52484131 170.23970032 48.5
v 677.52484131 170.23970032 -1.5
v 676.64257812 170.19566345 48.5
v 676.64257812 170.19566345 -1.5
v 675.76361084 170.10771179 48.5
v 675.76361084 170.10771179 -1.5
v 674.89013672 169.9760437 48.5
v 674.89013672 169.9760437 -1.5
v 674.02429199 169.80102539 48.5
v 674.02429199 169.80102539 -1.5
v 673.16821289 169.58303833 48.5
v 673.16821289 169.58303833 -1.5
v 672.32409668 169.32267761 48.5
v 672.32409668 169.32267761 -1.5
v 671.49401855 169.02053833 48.5
v 671.49401855 169.02053833 -1.5
v 670.68005371 168.67741394 48.5
v 670.68005371 168.67741394 -1.5
v 669.88415527 168.29414368 48.5
v 669.88415527 168.29414368 -1.5
v 669.10839844 167.87167358 48.5
v 669.10839844 167.87167358 -1.5
v 668.35461426 167.41107178 48.5
v 668.35461426 167.41107178 -1.5
v 667.62475586 166.91345215 48.5
v 667.62475586 166.91345215 -1.5
v 666.9206543 166.38008118 48.5
v 666.9206543 166.38008118 -1.5
v 666.24395752 165.81227112 -1.5
v 666.24395752 165.81227112 48.5
v 665.59637451 165.21144104 48.5
v 665.59637451 165.21144104 -1.5
v 664.97961426 164.57907104 48.5
v 664.97961426 164.57907104 -1.5
v 664.39508057 163.91674805 48.5
v 664.39508057 163.91674805 -1.5
v 663.84436035 163.22612 48.5
v 663.84436035 163.22612 -1.5
v 663.32867432 162.50889587 48.5
v 663.32867432 162.50889587 -1.5
v 662.84942627 161.7668457 48.5
v 662.84942627 161.7668457 -1.5
v 662.40777588 161.00184631 48.5
v 662.40777588 161.00184631 -1.5
v 662.00476074 160.21577454 48.5
v 662.00476074 160.21577454 -1.5
v 661.64141846 159.4105835 48.5
v 661.64141846 159.4105835 -1.5
v 661.31872559 158.58830261 48.5
v 661.31872559 158.58830261 -1.5
v 661.03735352 157.75094604 48.5
v 661.03735352 157.75094604 -1.5
v 660.79815674 156.90060425 48.5
v 660.79815674 156.90060425 -1.5
v 660.6015625 156.03939819 -1.5
v 660.6015625 156.03939819 48.5
v 660.44818115 155.16946411 48.5
v 660.44818115 155.16946411 -1.5
v 660.33831787 154.29296875 48.5
v 660.33831787 154.29296875 -1.5
v 660.27233887 153.41207886 48.5
v 660.27233887 153.41207886 -1.5
v 627.0993042 90.81164551 -1.5
v 627.0993042 90.81164551 48.5
v 627.09454346 91.00189209 -1.5
v 627.09454346 91.00189209 48.5
v 627.08032227 91.19165802 -1.5
v 627.08032227 91.19165802 48.5
v 627.05664062 91.38048553 -1.5
v 627.05664062 91.38048553 48.5
v 627.02362061 91.56789398 -1.5
v 627.02362061 91.56789398 48.5
v 626.98126221 91.7534256 -1.5
v 626.98126221 91.7534256 48.5
v 626.92974854 91.93660736 -1.5
v 626.92974854 91.93660736 48.5
v 626.86914062 92.11700439 -1.5
v 626.86914062 92.11700439 48.5
v 626.79962158 92.29415131 -1.5
v 626.79962158 92.29415131 48.5
v 626.72131348 92.46760559 -1.5
v 626.72131348 92.46760559 48.5
v 626.63452148 92.63695526 -1.5
v 626.63452148 92.63695526 48.5
v 626.53936768 92.80175781 -1.5
v 626.53936768 92.80175781 48.5
v 626.43609619 92.96161652 -1.5
v 626.43609619 92.96161652 48.5
v 626.32501221 93.11612701 -1.5
v 626.32501221 93.11612701 48.5
v 626.20635986 93.26490784 -1.5
v 626.20635986 93.26490784 48.5
v 626.08044434 93.40759277 -1.5
v 626.08044434 93.40759277 48.5
v 625.9475708 93.54382324 -1.5
v 625.9475708 93.54382324 48.5
v 625.80810547 93.67326355 -1.5
v 625.80810547 93.67326355 48.5
v 625.66229248 93.79558563 -1.5
v 625.66229248 93.79558563 48.5
v 625.51062012 93.91049194 -1.5
v 625.51062012 93.91049194 48.5
v 625.35339355 94.01769257 -1.5
v 625.35339355 94.01769257 48.5
v 625.190979 94.11692047 -1.5
v 625.190979 94.11692047 48.5
v 627.0993042 76.49822998 48.5
v 627.0993042 76.49822998 -1.5
v 625.190979 73.19295502 48.5
v 625.35339355 73.29218292 48.5
v 625.190979 73.19295502 -1.5
v 625.35339355 73.29218292 -1.5
v 625.51062012 73.39938354 48.5
v 625.51062012 73.39938354 -1.5
v 625.66229248 73.51428986 48.5
v 625.66229248 73.51428986 -1.5
v 625.80810547 73.63661194 48.5
v 625.80810547 73.63661194 -1.5
v 625.9475708 73.76605225 48.5
v 625.9475708 73.76605225 -1.5
v 626.08044434 73.90228271 48.5
v 626.08044434 73.90228271 -1.5
v 626.20635986 74.04496765 48.5
v 626.20635986 74.04496765 -1.5
v 626.32501221 74.19374847 48.5
v 626.32501221 74.19374847 -1.5
v 626.43609619 74.34825897 48.5
v 626.43609619 74.34825897 -1.5
v 626.53936768 74.50811768 48.5
v 626.53936768 74.50811768 -1.5
v 626.63452148 74.67292023 48.5
v 626.63452148 74.67292023 -1.5
v 626.72131348 74.8422699 48.5
v 626.72131348 74.8422699 -1.5
v 626.79962158 75.01572418 48.5
v 626.79962158 75.01572418 -1.5
v 626.86914062 75.19287109 48.5
v 626.86914062 75.19287109 -1.5
v 626.92974854 75.37326813 48.5
v 626.92974854 75.37326813 -1.5
v 626.98126221 75.55644989 48.5
v 626.98126221 75.55644989 -1.5
v 627.02362061 75.74198151 48.5
v 627.02362061 75.74198151 -1.5
v 627.05664062 75.92938995 48.5
v 627.05664062 75.92938995 -1.5
v 627.08032227 76.11821747 48.5
v 627.08032227 76.11821747 -1.5
v 627.09454346 76.3079834 48.5
v 627.09454346 76.3079834 -1.5
v 612.79522705 66.03624725 -1.5
v 612.79522705 66.03624725 48.5
v 608.9786377 66.03624725 -1.5
v 608.9786377 66.03624725 48.5
v 609.14575195 65.94522858 -1.5
v 609.14575195 65.94522858 48.5
v 609.31719971 65.86266327 -1.5
v 609.31719971 65.86266327 48.5
v 609.49255371 65.78874207 -1.5
v 609.49255371 65.78874207 48.5
v 609.67138672 65.7236557 -1.5
v 609.67138672 65.7236557 48.5
v 609.85321045 65.66756439 -1.5
v 609.85321045 65.66756439 48.5
v 610.03765869 65.62060547 -1.5
v 610.03765869 65.62060547 48.5
v 610.22418213 65.582901 -1.5
v 610.22418213 65.582901 48.5
v 610.41235352 65.55453491 -1.5
v 610.41235352 65.55453491 48.5
v 610.60168457 65.53559113 -1.5
v 610.60168457 65.53559113 48.5
v 610.79174805 65.52610016 -1.5
v 610.79174805 65.52610016 48.5
v 610.98205566 65.52610016 -1.5
v 610.98205566 65.52610016 48.5
v 611.17211914 65.53559113 -1.5
v 611.17211914 65.53559113 48.5
v 611.36151123 65.55453491 -1.5
v 611.36151123 65.55453491 48.5
v 611.54968262 65.582901 -1.5
v 611.54968262 65.582901 48.5
v 611.73620605 65.62060547 -1.5
v 611.73620605 65.62060547 48.5
v 611.92059326 65.66756439 -1.5
v 611.92059326 65.66756439 48.5
v 612.10241699 65.7236557 -1.5
v 612.10241699 65.7236557 48.5
v 612.28125 65.78874207 -1.5
v 612.28125 65.78874207 48.5
v 612.456604 65.86266327 -1.5
v 612.456604 65.86266327 48.5
v 612.62811279 65.94522858 -1.5
v 612.62811279 65.94522858 48.5
v 596.58282471 73.19295502 48.5
v 596.58282471 73.19295502 -1.5
v 594.67449951 76.49822998 -1.5
v 594.67449951 76.49822998 48.5
v 594.67926025 76.3079834 -1.5
v 594.67926025 76.3079834 48.5
v 594.69348145 76.11821747 -1.5
v 594.69348145 76.11821747 48.5
v 594.71716309 75.92938995 -1.5
v 594.71716309 75.92938995 48.5
v 594.75018311 75.74198151 -1.5
v 594.75018311 75.74198151 48.5
v 594.7925415 75.55644989 -1.5
v 594.7925415 75.55644989 48.5
v 594.84411621 75.37326813 -1.5
v 594.84411621 75.37326813 48.5
v 594.90472412 75.19287109 -1.5
v 594.90472412 75.19287109 48.5
v 594.97424316 75.01572418 -1.5
v 594.97424316 75.01572418 48.5
v 595.05249023 74.8422699 -1.5
v 595.05249023 74.8422699 48.5
v 595.13928223 74.67292023 -1.5
v 595.13928223 74.67292023 48.5
v 595.23443604 74.50811768 -1.5
v 595.23443604 74.50811768 48.5
v 595.33770752 74.34825897 -1.5
v 595.33770752 74.34825897 48.5
v 595.4487915 74.19374847 -1.5
v 595.4487915 74.19374847 48.5
v 595.56744385 74.04496765 48.5
v 595.56744385 74.04496765 -1.5
v 595.69335938 73.90228271 48.5
v 595.69335938 73.90228271 -1.5
v 595.82623291 73.76605225 -1.5
v 595.82623291 73.76605225 48.5
v 595.96575928 73.63661194 48.5
v 595.96575928 73.63661194 -1.5
v 596.11151123 73.51428986 48.5
v 596.11151123 73.51428986 -1.5
v 596.26318359 73.39938354 -1.5
v 596.26318359 73.39938354 48.5
v 596.42047119 73.29218292 48.5
v 596.42047119 73.29218292 -1.5
v 594.67449951 90.81164551 48.5
v 594.67449951 90.81164551 -1.5
v 596.58282471 94.11692047 -1.5
v 596.58282471 94.11692047 48.5
v 596.42047119 94.01769257 -1.5
v 596.42047119 94.01769257 48.5
v 596.26318359 93.91049194 -1.5
v 596.26318359 93.91049194 48.5
v 596.11151123 93.79558563 -1.5
v 596.11151123 93.79558563 48.5
v 595.96575928 93.67326355 -1.5
v 595.96575928 93.67326355 48.5
v 595.82623291 93.54382324 -1.5
v 595.82623291 93.54382324 48.5
v 595.69335938 93.40759277 -1.5
v 595.69335938 93.40759277 48.5
v 595.56744385 93.26490784 -1.5
v 595.56744385 93.26490784 48.5
v 595.4487915 93.11612701 -1.5
v 595.4487915 93.11612701 48.5
v 595.33770752 92.96161652 -1.5
v 595.33770752 92.96161652 48.5
v 595.23443604 92.80175781 -1.5
v 595.23443604 92.80175781 48.5
v 595.13928223 92.63695526 -1.5
v 595.13928223 92.63695526 48.5
v 595.05249023 92.46760559 -1.5
v 595.05249023 92.46760559 48.5
v 594.97424316 92.29415131 -1.5
v 594.97424316 92.29415131 48.5
v 594.90472412 92.11700439 -1.5
v 594.90472412 92.11700439 48.5
v 594.84411621 91.93660736 -1.5
v 594.84411621 91.93660736 48.5
v 594.7925415 91.7534256 -1.5
v 594.7925415 91.7534256 48.5
v 594.75018311 91.56789398 -1.5
v 594.75018311 91.56789398 48.5
v 594.71716309 91.38048553 -1.5
v 594.71716309 91.38048553 48.5
v 594.69348145 91.19165802 -1.5
v 594.69348145 91.19165802 48.5
v 594.67926025 91.00189209 -1.5
v 594.67926025 91.00189209 48.5
v 608.9786377 101.27362823 48.5
v 608.9786377 101.27362823 -1.5
v 612.79522705 101.27362823 -1.5
v 612.79522705 101.27362823 48.5
v 612.62811279 101.36463928 -1.5
v 612.62811279 101.36463928 48.5
v 612.456604 101.44721222 -1.5
v 612.456604 101.44721222 48.5
v 612.28125 101.52113342 -1.5
v 612.28125 101.52113342 48.5
v 612.10241699 101.58621979 -1.5
v 612.10241699 101.58621979 48.5
v 611.92059326 101.6423111 -1.5
v 611.92059326 101.6423111 48.5
v 611.73620605 101.68927002 -1.5
v 611.73620605 101.68927002 48.5
v 611.54968262 101.72697449 -1.5
v 611.54968262 101.72697449 48.5
v 611.36151123 101.75534058 -1.5
v 611.36151123 101.75534058 48.5
v 611.17211914 101.77428436 -1.5
v 611.17211914 101.77428436 48.5
v 610.98205566 101.78377533 -1.5
v 610.98205566 101.78377533 48.5
v 610.79174805 101.78377533 -1.5
v 610.79174805 101.78377533 48.5
v 610.60168457 101.77428436 -1.5
v 610.60168457 101.77428436 48.5
v 610.41235352 101.75534058 -1.5
v 610.41235352 101.75534058 48.5
v 610.22418213 101.72697449 -1.5
v 610.22418213 101.72697449 48.5
v 610.03765869 101.68927002 -1.5
v 610.03765869 101.68927002 48.5
v 609.85321045 101.6423111 48.5
v 609.85321045 101.6423111 -1.5
v 609.67138672 101.58621979 -1.5
v 609.67138672 101.58621979 48.5
v 609.49255371 101.52113342 -1.5
v 609.49255371 101.52113342 48.5
v 609.31719971 101.44721222 48.5
v 609.31719971 101.44721222 -1.5
v 609.14575195 101.36463928 -1.5
v 609.14575195 101.36463928 48.5
v 659.83135986 219.77575684 15.16666698
v 659.70831299 220.89956665 -1.5
v 659.69842529 221.32011414 -1.5
v 659.737854 220.48002625 -1.5
v 659.78674316 220.0619812 -1.5
v 659.85461426 219.64587402 -1.5
v 659.94122314 219.23214722 -1.5
v 660.04632568 218.8212738 -1.5
v 660.22021484 218.26194763 15.16666698
v 660.16949463 218.41368103 -1.5
v 660.31048584 218.00985718 -1.5
v 660.46899414 217.61024475 -1.5
v 660.84991455 216.80149841 15.16666698
v 660.64477539 217.21528625 -1.5
v 660.83740234 216.82545471 -1.5
v 661.04675293 216.44119263 -1.5
v 661.27233887 216.06295776 -1.5
v 661.70532227 215.41719055 15.16666698
v 661.51397705 215.69119263 -1.5
v 661.7713623 215.32637024 -1.5
v 662.04412842 214.96884155 -1.5
v 662.33184814 214.61880493 -1.5
v 662.77075195 214.12936401 15.16666698
v 662.63427734 214.27639771 -1.5
v 662.95092773 213.94180298 -1.5
v 663.28143311 213.6151886 -1.5
v 664.02752686 212.94869995 15.16666698
v 663.62536621 213.29670715 -1.5
v 663.98242188 212.98652649 -1.5
v 664.35217285 212.68481445 -1.5
v 664.73419189 212.39172363 -1.5
v 665.45623779 211.88340759 15.16666698
v 665.12817383 212.10743713 -1.5
v 665.53369141 211.83209229 -1.5
v 665.95037842 211.56588745 -1.5
v 667.03765869 210.94169617 15.16666698
v 666.52264404 211.22540283 -1.5
v 667.18817139 210.86256409 -1.5
v 667.87542725 210.5216217 -1.5
v 668.75201416 210.13131714 15.16666698
v 668.58294678 210.20292664 -1.5
v 669.30938721 209.90684509 -1.5
v 670.57830811 209.45814514 15.16666698
v 671.58746338 209.1579895 -1.5
v 670.81304932 209.38401794 -1.5
v 670.05322266 209.63375854 -1.5
v 659.83135986 219.77575684 31.83333397
v 659.69842529 221.32011414 48.5
v 659.88568115 219.48677063 48.5
v 659.97619629 219.08685303 48.5
v 659.81262207 219.88909912 48.5
v 659.75726318 220.29341125 48.5
v 659.7199707 220.6993103 48.5
v 659.70379639 221.00947571 48.5
v 672.49523926 208.92758179 15.16666698
v 672.37493896 208.95603943 -1.5
v 673.17419434 208.77851868 -1.5
v 660.22021484 218.26194763 31.83333397
v 660.40264893 217.77171326 48.5
v 660.60656738 217.29748535 48.5
v 660.22351074 218.25233459 48.5
v 660.08398438 218.68974304 48.5
v 674.48144531 208.54504395 15.16666698
v 673.98364258 208.62580872 -1.5
v 674.80187988 208.4982605 -1.5
v 675.62744141 208.39608765 -1.5
v 660.84991455 216.80149841 31.83333397
v 661.08691406 216.37136841 48.5
v 661.36218262 215.92103577 48.5
v 660.83483887 216.83044434 48.5
v 676.51519775 208.31500244 15.16666698
v 676.45874023 208.3192749 -1.5
v 677.29406738 208.26785278 -1.5
v 661.70532227 215.41719055 31.83333397
v 661.98059082 215.04966736 48.5
v 662.3225708 214.62976074 48.5
v 661.66027832 215.48023987 48.5
v 678.57312012 208.23825073 15.16666698
v 678.13195801 208.24179077 -1.5
v 678.97070312 208.24107361 -1.5
v 679.80871582 208.26571655 -1.5
v 662.77075195 214.12936401 31.83333397
v 662.72698975 214.17602539 48.5
v 663.20562744 213.68818665 48.5
v 680.63122559 208.31471252 15.16666698
v 680.64440918 208.31570435 -1.5
v 681.47613525 208.39102173 -1.5
v 664.02752686 212.94869995 31.83333397
v 664.25036621 212.76602173 48.5
v 664.81396484 212.33274841 48.5
v 663.71386719 213.21800232 48.5
v 682.66564941 208.54428101 15.16666698
v 682.30236816 208.4916687 -1.5
v 683.12139893 208.61763 -1.5
v 683.9317627 208.76872253 -1.5
v 665.45623779 211.88340759 31.83333397
v 665.40344238 211.91874695 48.5
v 666.01745605 211.52450562 48.5
v 667.03765869 210.94169617 31.83333397
v 667.31439209 210.79748535 48.5
v 667.99468994 210.46568298 48.5
v 666.65490723 211.15057373 48.5
v 685.30096436 209.08644104 15.16666698
v 684.73199463 208.94462585 -1.5
v 685.52050781 209.14498901 -1.5
v 686.29595947 209.36952209 -1.5
v 668.75201416 210.13131714 31.83333397
v 668.69445801 210.15550232 48.5
v 669.41229248 209.86730957 48.5
v 687.79962158 209.88902283 15.16666698
v 687.05670166 209.61785889 -1.5
v 687.8013916 209.88969421 -1.5
v 688.52850342 210.18467712 -1.5
v 670.57830811 209.45814514 31.83333397
v 670.89666748 209.35826111 48.5
v 671.66046143 209.1381073 48.5
v 670.14678955 209.60145569 48.5
v 688.98150635 210.38426208 15.16666698
v 689.23669434 210.50236511 -1.5
v 690.11022949 210.93972778 15.16666698
v 689.92468262 210.84231567 -1.5
v 690.59100342 211.2040863 -1.5
v 672.49523926 208.92758179 31.83333397
v 672.43688965 208.9413147 48.5
v 673.2244873 208.76824951 48.5
v 691.18005371 211.55342102 15.16666698
v 691.23449707 211.58720398 -1.5
v 691.85369873 211.9912262 -1.5
v 674.48144531 208.54504395 31.83333397
v 674.82788086 208.49464417 48.5
v 675.64086914 208.39463806 48.5
v 674.02197266 208.61923218 48.5
v 692.18505859 212.22338867 15.16666698
v 692.44732666 212.41571045 -1.5
v 693.1194458 212.94743347 15.16666698
v 693.01403809 212.8600769 -1.5
v 693.5526123 213.32366943 -1.5
v 676.51519775 208.31500244 31.83333397
v 676.45935059 208.31922913 48.5
v 677.28186035 208.26841736 48.5
v 693.9776001 213.7227478 15.16666698
v 694.06182861 213.80578613 -1.5
v 694.49389648 214.25498962 -1.5
v 678.57312012 208.23825073 31.83333397
v 678.93249512 208.24055481 48.5
v 679.75769043 208.26348877 48.5
v 678.10675049 208.24220276 48.5
v 694.75390625 214.54638672 15.16666698
v 694.86077881 214.67132568 -1.5
v 695.20611572 215.09873962 -1.5
v 695.4430542 215.415802 15.16666698
v 695.52935791 215.53695679 -1.5
v 695.82983398 215.98551941 -1.5
v 680.63122559 208.31471252 31.83333397
v 680.58068848 208.31098938 48.5
v 681.39996338 208.38305664 48.5
v 696.03961182 216.32791138 15.16666698
v 696.10687256 216.44371033 -1.5
v 696.35968018 216.91081238 -1.5
v 682.66564941 208.54428101 31.83333397
v 683.0213623 208.60081482 48.5
v 683.82043457 208.74636841 48.5
v 682.21405029 208.47966003 48.5
v 696.53808594 217.27722168 15.16666698
v 696.58776855 217.38609314 -1.5
v 696.77124023 217.82020569 -1.5
v 696.93280029 218.25764465 15.16666698
v 696.91827393 218.21562195 -1.5
v 697.04785156 218.61508179 -1.5
v 685.30096436 209.08644104 31.83333397
v 686.1539917 209.3263092 48.5
v 686.90594482 209.56634521 48.5
v 685.38818359 209.10943604 48.5
v 684.60986328 208.91601562 48.5
v 697.21826172 219.26306152 15.16666698
v 697.15960693 219.01820374 -1.5
v 697.25311279 219.42457581 -1.5
v 697.32830811 219.83374023 -1.5
v 697.38977051 220.28684998 15.16666698
v 697.38500977 220.24510193 -1.5
v 697.42340088 220.65803528 -1.5
v 687.79962158 209.88902283 31.83333397
v 687.64251709 209.82920837 48.5
v 688.36236572 210.11459351 48.5
v 697.4465332 221.32012939 15.16666698
v 697.44335938 221.07196045 -1.5
v 697.44500732 221.48625183 -1.5
v 697.42822266 221.90032959 -1.5
v 688.98150635 210.38426208 31.83333397
v 689.06420898 210.42208862 48.5
v 689.74676514 210.75126648 48.5
v 697.38879395 222.35351562 15.16666698
v 697.39318848 222.31356812 -1.5
v 697.33978271 222.72537231 -1.5
v 690.11022949 210.93972778 31.83333397
v 690.40869141 211.10171509 48.5
v 697.21673584 223.37760925 15.16666698
v 697.26806641 223.13516235 -1.5
v 697.17803955 223.54229736 -1.5
v 697.06982422 223.94628906 -1.5
v 691.18005371 211.55342102 31.83333397
v 691.04876709 211.47297668 48.5
v 691.59832764 211.82011414 48.5
v 696.93133545 224.3835144 15.16666698
v 696.94384766 224.34671021 -1.5
v 696.80041504 224.74316406 -1.5
v 692.18505859 212.22338867 31.83333397
v 692.38647461 212.37039185 48.5
v 692.76348877 212.6585083 48.5
v 691.99798584 212.09088135 48.5
v 696.53704834 225.36444092 15.16666698
v 696.63977051 225.13523865 -1.5
v 696.46234131 225.52255249 -1.5
v 696.26843262 225.9046936 -1.5
v 693.1194458 212.94743347 31.83333397
v 693.12854004 212.95504761 48.5
v 693.48138428 213.25979614 48.5
v 696.03912354 226.31410217 15.16666698
v 696.05841064 226.28123474 -1.5
v 695.83258057 226.65180969 -1.5
v 693.9776001 213.7227478 31.83333397
v 694.14892578 213.89317322 48.5
v 694.46295166 214.22143555 48.5
v 693.82165527 213.5725708 48.5
v 695.44287109 227.22619629 15.16666698
v 695.59124756 227.01599121 -1.5
v 695.33483887 227.37338257 -1.5
v 695.06365967 227.72369385 -1.5
v 694.75390625 214.54638672 31.83333397
v 694.76324463 214.55718994 48.5
v 695.04956055 214.90028381 48.5
v 694.75354004 228.09512329 15.16666698
v 694.77807617 228.06677246 -1.5
v 694.47845459 228.40245056 -1.5
v 695.4430542 215.415802 31.83333397
v 695.57885742 215.60784912 48.5
v 695.82116699 215.97186279 48.5
v 695.32159424 215.25056458 48.5
v 693.97686768 228.91784668 15.16666698
v 694.16516113 228.73059082 -1.5
v 693.83856201 229.05104065 -1.5
v 693.4989624 229.36364746 -1.5
v 696.03961182 216.32791138 31.83333397
v 696.04803467 216.34223938 48.5
v 696.25915527 216.71855164 48.5
v 693.1184082 229.69204712 15.16666698
v 693.14685059 229.66825867 -1.5
v 692.7824707 229.96473694 -1.5
v 696.53808594 217.27722168 31.83333397
v 696.63269043 217.48747253 48.5
v 696.79443359 217.87930298 48.5
v 696.4541626 217.10043335 48.5
v 692.18395996 230.41534424 15.16666698
v 692.40631104 230.25291443 -1.5
v 692.01861572 230.53263855 -1.5
v 691.61981201 230.80377197 -1.5
v 696.93280029 218.25764465 31.83333397
v 696.93890381 218.2755127 48.5
v 697.06585693 218.67572021 48.5
v 691.17919922 231.0854187 15.16666698
v 691.07141113 231.1516571 -1.5
v 690.43267822 231.52398682 -1.5
v 697.21826172 219.26306152 31.83333397
v 697.26574707 219.48654175 48.5
v 697.33813477 219.89625549 48.5
v 697.17492676 219.07952881 48.5
v 690.10974121 231.69992065 15.16666698
v 689.77203369 231.87567139 -1.5
v 697.38977051 220.28684998 31.83333397
v 697.39208984 220.30805969 48.5
v 697.4276123 220.72135925 48.5
v 688.98138428 232.25648499 15.16666698
v 689.09082031 232.20622253 -1.5
v 688.39019775 232.5151062 -1.5
v 697.4465332 221.32012939 31.83333397
v 697.44360352 221.55003357 48.5
v 697.42401123 221.96418762 48.5
v 697.44482422 221.13555908 48.5
v 687.79974365 232.7527771 15.16666698
v 687.67138672 232.80181885 -1.5
v 686.93572998 233.06591797 -1.5
v 697.38879395 222.35351562 31.83333397
v 697.3861084 222.37742615 48.5
v 697.32983398 222.78913879 48.5
v 697.21673584 223.37760925 31.83333397
v 697.16235352 223.6055603 48.5
v 697.05133057 224.00918579 48.5
v 697.25524902 223.19871521 48.5
v 685.30078125 233.55628967 15.16666698
v 686.18457031 233.30705261 -1.5
v 685.41943359 233.52490234 -1.5
v 684.64178467 233.71916199 -1.5
v 683.85302734 233.88951111 -1.5
v 696.93133545 224.3835144 31.83333397
v 696.92248535 224.40917969 48.5
v 696.77624512 224.80514526 48.5
v 696.53704834 225.36444092 31.83333397
v 696.59368896 225.23988342 48.5
v 696.36663818 225.71582031 48.5
v 682.66516113 234.09751892 15.16666698
v 683.05462646 234.03561401 -1.5
v 682.24804688 234.15716553 -1.5
v 681.43469238 234.25404358 -1.5
v 696.03912354 226.31410217 31.83333397
v 696.11474609 226.18356323 48.5
v 695.83856201 226.64231873 48.5
v 695.44287109 227.22619629 31.83333397
v 695.53881836 227.09135437 48.5
v 695.21612549 227.52993774 48.5
v 679.94671631 234.36700439 15.16666698
v 680.6161499 234.3263092 -1.5
v 679.79388428 234.37400818 -1.5
v 678.96942139 234.39720154 -1.5
v 694.75354004 228.09512329 31.83333397
v 694.87115479 227.95759583 48.5
v 694.50457764 228.37405396 48.5
v 693.97686768 228.91784668 31.83333397
v 694.07281494 228.82331848 48.5
v 693.56390381 229.3053894 48.5
v 677.20062256 234.36457825 15.16666698
v 678.14422607 234.39595032 -1.5
v 677.31982422 234.37031555 -1.5
v 676.49768066 234.32034302 -1.5
v 675.67932129 234.24610901 -1.5
v 693.1184082 229.69204712 31.83333397
v 693.02557373 229.76893616 48.5
v 692.45916748 230.21343994 48.5
v 692.18395996 230.41534424 31.83333397
v 691.86590576 230.63835144 48.5
v 674.4821167 234.09240723 15.16666698
v 674.86621094 234.1476593 -1.5
v 674.05987549 234.02505493 -1.5
v 673.26177979 233.87835693 -1.5
v 691.17919922 231.0854187 31.83333397
v 691.24713135 231.0431366 48.5
v 690.60418701 231.42727661 48.5
v 690.10974121 231.69992065 31.83333397
v 689.93823242 231.79022217 48.5
v 689.25067139 232.13143921 48.5
v 671.84661865 233.55264282 15.16666698
v 670.93218994 233.29440308 -1.5
v 671.69647217 233.51292419 -1.5
v 672.47351074 233.70762634 -1.5
v 688.98138428 232.25648499 31.83333397
v 688.54272461 232.45039368 48.5
v 687.79974365 232.7527771 31.83333397
v 687.07110596 233.0194397 48.5
v 686.31018066 233.2686615 48.5
v 687.8157959 232.74656677 48.5
v 669.34838867 232.74986267 15.16666698
v 670.18188477 233.05249023 -1.5
v 669.44702148 232.78762817 -1.5
v 668.7288208 232.5002594 -1.5
v 668.16638184 232.25408936 15.16666698
v 668.02868652 232.19082642 -1.5
v 667.34790039 231.85978699 -1.5
v 685.30078125 233.55628967 31.83333397
v 684.74572754 233.69473267 48.5
v 683.94525146 233.87094116 48.5
v 685.5345459 233.49386597 48.5
v 667.03735352 231.69813538 15.16666698
v 666.68774414 231.50758362 -1.5
v 666.04956055 231.13468933 -1.5
v 665.45617676 230.75604248 15.16666698
v 665.43457031 230.74162292 -1.5
v 664.84405518 230.32885742 -1.5
v 682.66516113 234.09751892 31.83333397
v 682.31542969 234.147995 48.5
v 681.48913574 234.24835205 48.5
v 683.13464355 234.02212524 48.5
v 664.02734375 229.69104004 15.16666698
v 664.27923584 229.89691162 -1.5
v 663.74139404 229.44628906 -1.5
v 663.23175049 228.97749329 -1.5
v 679.94671631 234.36700439 31.83333397
v 679.82159424 234.37280273 48.5
v 678.98352051 234.39700317 48.5
v 680.6572876 234.32327271 48.5
v 662.77038574 228.51094055 15.16666698
v 662.75164795 228.49102783 -1.5
v 662.34576416 228.03851318 -1.5
v 677.20062256 234.36457825 31.83333397
v 676.47094727 234.3183136 48.5
v 675.63928223 234.24183655 48.5
v 677.30664062 234.3697052 48.5
v 678.14465332 234.39595032 48.5
v 661.70483398 227.22360229 15.16666698
v 662.00250244 227.61965942 -1.5
v 661.68078613 227.19010925 -1.5
v 661.38128662 226.75021362 -1.5
v 660.84942627 225.83937073 15.16666698
v 661.10455322 226.30073547 -1.5
v 660.85101318 225.84240723 -1.5
v 660.62127686 225.37605286 -1.5
v 660.41577148 224.9024353 -1.5
v 674.4821167 234.09240723 31.83333397
v 673.99395752 234.01391602 48.5
v 673.18353271 233.86257935 48.5
v 674.81304932 234.14035034 48.5
v 660.21990967 224.37870789 15.16666698
v 660.23498535 224.42234802 -1.5
v 660.09393311 223.98538208 -1.5
v 659.98480225 223.58863831 -1.5
v 671.84661865 233.55264282 31.83333397
v 671.59503174 233.48548889 48.5
v 670.82000732 233.25999451 48.5
v 672.38336182 233.68641663 48.5
v 659.83129883 222.86462402 15.16666698
v 659.89282227 223.18904114 -1.5
v 659.81829834 222.78701782 -1.5
v 659.76141357 222.38298035 -1.5
v 659.72253418 221.97732544 -1.5
v 659.70446777 221.64900208 -1.5
v 669.34838867 232.74986267 31.83333397
v 669.31549072 232.73716736 48.5
v 668.58880615 232.44075012 48.5
v 670.05969238 233.01040649 48.5
v 668.16638184 232.25408936 31.83333397
v 667.88104248 232.12164307 48.5
v 667.03735352 231.69813538 31.83333397
v 666.52770996 231.41720581 48.5
v 665.95513916 231.07658386 48.5
v 667.19354248 231.78030396 48.5
v 665.45617676 230.75604248 31.83333397
v 665.13232422 230.53500366 48.5
v 664.73803711 230.25073242 48.5
v 665.53814697 230.81033325 48.5
v 664.02734375 229.69104004 31.83333397
v 663.62823486 229.34599304 48.5
v 663.28393555 229.02760315 48.5
v 663.9855957 229.65608215 48.5
v 664.35571289 229.9577179 48.5
v 662.77038574 228.51094055 31.83333397
v 662.63623047 228.36656189 48.5
v 662.33355713 228.0242157 48.5
v 662.953125 228.70108032 48.5
v 661.70483398 227.22360229 31.83333397
v 661.51489258 226.951828 48.5
v 661.27307129 226.57998657 48.5
v 661.77252197 227.31668091 48.5
v 662.04547119 227.67420959 48.5
v 660.84942627 225.83937073 31.83333397
v 660.64508057 225.42718506 48.5
v 660.46923828 225.03204346 48.5
v 660.83789062 225.81721497 48.5
v 661.04730225 226.20162964 48.5
v 660.21990967 224.37870789 31.83333397
v 660.1696167 224.22814941 48.5
v 660.04638672 223.82032776 48.5
v 660.31066895 224.63220215 48.5
v 659.83129883 222.86462402 31.83333397
v 659.70831299 221.74087524 48.5
v 659.737854 222.16061401 48.5
v 659.78674316 222.57888794 48.5
v 659.85461426 222.99523926 48.5
v 659.94128418 223.40919495 48.5
v 681.99163818 208.45075989 17.94444466
v 680.63122559 208.31471252 17.94444466
v 681.65289307 208.41036987 19.33333397
v 683.33447266 208.6547699 17.94444466
v 682.66564941 208.54428101 19.33333397
v 684.86987305 208.97767639 17.94444466
v 683.66662598 208.71633911 19.33333397
v 684.6529541 208.92602539 19.33333397
v 689.36395264 210.56282043 17.94444466
v 688.59313965 210.21238708 17.94444466
v 688.39685059 210.12898254 19.33333397
v 687.79962158 209.88902283 19.33333397
v 690.11022949 210.93972778 17.94444466
v 688.98150635 210.38426208 19.33333397
v 689.55285645 210.65458679 19.33333397
v 690.8303833 211.34251404 17.94444466
v 690.11022949 210.93972778 19.33333397
v 691.52258301 211.77059937 17.94444466
v 690.65289307 211.2394104 19.33333397
v 681.99163818 208.45075989 29.05555534
v 681.65289307 208.41036987 27.66666603
v 680.63122559 208.31471252 29.05555534
v 682.66564941 208.54428101 27.66666603
v 683.33447266 208.6547699 29.05555534
v 683.66662598 208.71633911 27.66666603
v 684.86987305 208.97767639 29.05555534
v 684.6529541 208.92602539 27.66666603
v 688.59313965 210.21238708 29.05555534
v 688.39685059 210.12898254 27.66666603
v 687.79962158 209.88902283 27.66666603
v 688.98150635 210.38426208 27.66666603
v 689.36395264 210.56282043 29.05555534
v 689.55285645 210.65458679 27.66666603
v 690.11022949 210.93972778 29.05555534
v 690.11022949 210.93972778 27.66666603
v 690.65289307 211.2394104 27.66666603
v 690.8303833 211.34251404 29.05555534
v 691.52258301 211.77059937 29.05555534
v 690.82958984 231.29655457 17.94444466
v 691.52154541 230.86811829 17.94444466
v 690.10974121 231.69992065 17.94444466
v 690.65216064 231.39976501 19.33333397
v 689.3637085 232.07754517 17.94444466
v 690.10974121 231.69992065 19.33333397
v 688.59313965 232.4287262 17.94444466
v 689.55255127 231.9855957 19.33333397
v 688.98138428 232.25648499 19.33333397
v 688.39685059 232.51231384 19.33333397
v 687.79974365 232.7527771 19.33333397
v 684.86956787 233.6650238 17.94444466
v 683.1116333 234.02603149 17.94444466
v 683.33392334 233.98744202 19.33333397
v 684.65258789 233.71664429 19.33333397
v 681.9911499 234.19050598 19.33333397
v 681.31286621 234.26638794 17.94444466
v 690.82958984 231.29655457 29.05555534
v 691.52154541 230.86811829 29.05555534
v 690.10974121 231.69992065 29.05555534
v 690.10974121 231.69992065 27.66666603
v 690.65216064 231.39976501 27.66666603
v 689.55255127 231.9855957 27.66666603
v 689.3637085 232.07754517 29.05555534
v 688.98138428 232.25648499 27.66666603
v 688.59313965 232.4287262 29.05555534
v 688.39685059 232.51231384 27.66666603
v 687.79974365 232.7527771 27.66666603
v 674.0355835 234.02096558 17.94444466
v 672.27770996 233.66110229 17.94444466
v 672.49468994 233.71255493 19.33333397
v 673.81329346 233.98246765 19.33333397
v 683.1116333 234.02603149 29.05555534
v 683.33392334 233.98744202 27.66666603
v 684.65258789 233.71664429 27.66666603
v 681.9911499 234.19050598 27.66666603
v 684.86956787 233.6650238 29.05555534
v 681.31286621 234.26638794 29.05555534
v 667.59490967 231.98350525 17.94444466
v 668.55480957 232.4261322 17.94444466
v 668.75115967 232.5096283 19.33333397
v 669.34838867 232.74986267 19.33333397
v 667.87896729 232.1206665 19.33333397
v 666.49456787 231.39825439 17.94444466
v 667.03735352 231.69813538 19.33333397
v 665.45617676 230.75604248 17.94444466
v 666.22894287 231.24295044 19.33333397
v 674.0355835 234.02096558 29.05555534
v 672.49468994 233.71255493 27.66666603
v 673.81329346 233.98246765 27.66666603
v 672.27770996 233.66110229 29.05555534
v 668.55480957 232.4261322 29.05555534
v 668.75115967 232.5096283 27.66666603
v 669.34838867 232.74986267 27.66666603
v 667.87896729 232.1206665 27.66666603
v 667.59490967 231.98350525 29.05555534
v 667.03735352 231.69813538 27.66666603
v 666.49456787 231.39825439 29.05555534
v 666.22894287 231.24295044 27.66666603
v 665.45617676 230.75604248 29.05555534
v 677.19970703 208.27238464 16.09259224
v 675.60693359 208.39830017 17.94444466
v 674.25799561 208.58007812 17.94444466
v 677.54266357 208.25746155 16.55555534
v 678.57312012 208.23825073 16.09259224
v 675.1552124 208.45132446 19.33333397
v 678.57312012 208.23825073 16.55555534
v 676.1739502 208.34268188 19.33333397
v 677.19970703 208.27238464 19.33333397
v 678.34399414 208.23921204 18.87037086
v 686.01098633 209.28375244 16.09259224
v 686.36169434 209.38986206 16.55555534
v 682.10430908 208.46516418 20.72222137
v 687.12225342 209.640625 17.01851845
v 685.79919434 209.22245789 18.87037086
v 686.77850342 209.5236969 17.94444466
v 686.36169434 209.38986206 18.63888931
v 687.12225342 209.640625 18.40740776
v 686.2567749 209.35751343 19.33333397
v 683.44537354 208.67481995 22.11111069
v 681.8223877 208.43002319 21.41666603
v 675.60693359 208.39830017 29.05555534
v 675.1552124 208.45132446 27.66666603
v 674.25799561 208.58007812 29.05555534
v 676.1739502 208.34268188 27.66666603
v 677.19970703 208.27238464 27.66666603
v 685.13977051 209.0447998 21.41666603
v 686.36169434 209.38986206 20.72222137
v 686.57067871 209.4559021 23.5
v 678.34399414 208.23921204 28.12962914
v 682.10430908 208.46516418 26.27777863
v 683.44537354 208.67481995 24.88888931
v 681.8223877 208.43002319 25.58333397
v 677.54266357 208.25746155 30.44444466
v 677.19970703 208.27238464 30.90740776
v 688.39685059 210.12898254 20.72222137
v 687.79962158 209.88902283 21.41666603
v 688.09973145 210.00706482 21.41666603
v 692.91821289 212.78199768 16.09259224
v 678.57312012 208.23825073 30.44444466
v 692.81622314 212.70024109 16.55555534
v 678.57312012 208.23825073 30.90740776
v 693.51062012 213.28587341 16.09259224
v 693.26794434 213.07318115 16.55555534
v 685.13977051 209.0447998 25.58333397
v 692.81622314 212.70024109 18.87037086
v 686.36169434 209.38986206 26.27777863
v 694.15734863 213.90170288 17.94444466
v 687.79962158 209.88902283 25.58333397
v 693.41424561 213.20033264 19.33333397
v 686.2567749 209.35751343 27.66666603
v 685.79919434 209.22245789 28.12962914
v 694.671875 214.45256042 17.94444466
v 693.84008789 213.59010315 19.33333397
v 688.39685059 210.12898254 26.27777863
v 688.09973145 210.00706482 25.58333397
v 694.24572754 213.99205017 19.33333397
v 686.36169434 209.38986206 28.36111069
v 695.14788818 215.02389526 17.94444466
v 694.63043213 214.40586853 19.33333397
v 695.58380127 215.61495972 17.94444466
v 687.12225342 209.640625 28.59259224
v 686.77850342 209.5236969 29.05555534
v 694.99359131 214.83122253 19.33333397
v 686.36169434 209.38986206 30.44444466
v 686.01098633 209.28375244 30.90740776
v 687.12225342 209.640625 29.98148155
v 692.81622314 212.70024109 30.44444466
v 692.81622314 212.70024109 28.12962914
v 694.15734863 213.90170288 29.05555534
v 693.41424561 213.20033264 27.66666603
v 693.84008789 213.59010315 27.66666603
v 694.24572754 213.99205017 27.66666603
v 692.91821289 212.78199768 30.90740776
v 693.26794434 213.07318115 30.44444466
v 694.671875 214.45256042 29.05555534
v 694.63043213 214.40586853 27.66666603
v 694.99359131 214.83122253 27.66666603
v 693.51062012 213.28587341 30.90740776
v 695.14788818 215.02389526 29.05555534
v 695.58380127 215.61495972 29.05555534
v 695.14764404 227.61793518 17.94444466
v 695.58361816 227.02708435 17.94444466
v 693.50970459 229.35409546 16.09259224
v 694.67150879 228.18885803 17.94444466
v 692.91711426 229.85725403 16.09259224
v 693.26690674 229.56648254 16.55555534
v 694.15673828 228.73913574 17.94444466
v 694.99334717 227.8105011 19.33333397
v 692.81512451 229.93891907 16.55555534
v 694.63000488 228.23550415 19.33333397
v 694.24511719 228.64888 19.33333397
v 693.83929443 229.05030823 19.33333397
v 693.41326904 229.43951416 19.33333397
v 692.81512451 229.93891907 18.87037086
v 687.12237549 233.00160217 17.01851845
v 686.01092529 233.35890198 16.09259224
v 686.36169434 233.25268555 16.55555534
v 686.77856445 233.11869812 17.94444466
v 687.12237549 233.00160217 18.40740776
v 695.14764404 227.61793518 29.05555534
v 695.58361816 227.02708435 29.05555534
v 686.36169434 233.25268555 18.63888931
v 688.39685059 232.51231384 20.72222137
v 694.67150879 228.18885803 29.05555534
v 694.99334717 227.8105011 27.66666603
v 694.63000488 228.23550415 27.66666603
v 694.24511719 228.64888 27.66666603
v 685.79907227 233.42022705 18.87037086
v 686.2567749 233.28507996 19.33333397
v 687.79974365 232.7527771 21.41666603
v 688.09979248 232.63447571 21.41666603
v 694.15673828 228.73913574 29.05555534
v 693.41326904 229.43951416 27.66666603
v 693.83929443 229.05030823 27.66666603
v 686.36169434 233.25268555 20.72222137
v 686.57067871 233.18658447 23.5
v 692.81512451 229.93891907 28.12962914
v 684.86956787 233.6650238 20.72222137
v 679.48950195 234.38542175 16.09259224
v 684.97772217 233.63853455 21.41666603
v 693.26690674 229.56648254 30.44444466
v 679.26062012 234.39179993 16.55555534
v 693.50970459 229.35409546 30.90740776
v 692.81512451 229.93891907 30.44444466
v 692.91711426 229.85725403 30.90740776
v 688.39685059 232.51231384 26.27777863
v 687.79974365 232.7527771 25.58333397
v 688.09979248 232.63447571 25.58333397
v 680.47918701 234.33596802 19.33333397
v 678.87902832 234.39825439 17.94444466
v 682.88867188 234.06272888 22.11111069
v 681.31286621 234.26638794 20.72222137
v 679.71820068 234.37716675 19.33333397
v 678.11566162 234.39546204 20.72222137
v 680.06097412 234.36122131 20.02777863
v 675.60791016 234.2384491 16.55555534
v 686.36169434 233.25268555 26.27777863
v 680.97235107 234.29792786 21.41666603
v 676.44030762 234.31593323 17.94444466
v 684.97772217 233.63853455 25.58333397
v 680.28918457 234.34823608 21.41666603
v 679.56573486 234.38287354 21.18518448
v 678.57366943 234.39964294 23.5
v 684.86956787 233.6650238 26.27777863
v 684.32556152 233.7906189 25.58333397
v 686.2567749 233.28507996 27.66666603
v 687.12237549 233.00160217 28.59259224
v 686.36169434 233.25268555 28.36111069
v 683.9967041 233.86042786 26.27777863
v 682.44104004 234.13041687 24.88888931
v 676.06134033 234.28382874 19.33333397
v 686.77856445 233.11869812 29.05555534
v 685.79907227 233.42022705 28.12962914
v 675.30651855 234.20405579 19.33333397
v 687.12237549 233.00160217 29.98148155
v 675.94787598 234.27319336 20.02777863
v 676.82012939 234.34286499 21.18518448
v 671.13665771 233.35557556 16.09259224
v 686.36169434 233.25268555 30.44444466
v 676.17492676 234.29400635 21.41666603
v 670.78607178 233.24946594 16.55555534
v 680.28918457 234.34823608 25.58333397
v 686.01092529 233.35890198 30.90740776
v 670.02563477 232.99853516 17.01851845
v 679.56573486 234.38287354 25.81481552
v 678.11566162 234.39546204 26.27777863
v 671.34844971 233.41682434 18.87037086
v 670.36932373 233.11555481 17.94444466
v 670.78607178 233.24946594 18.63888931
v 680.06097412 234.36122131 26.97222137
v 674.25854492 234.05761719 22.11111069
v 680.47918701 234.33596802 27.66666603
v 670.02563477 232.99853516 18.40740776
v 670.89093018 233.28182983 19.33333397
v 672.27770996 233.66110229 20.72222137
v 679.71820068 234.37716675 27.66666603
v 672.1696167 233.63467407 21.41666603
v 676.82012939 234.34286499 25.81481552
v 670.78607178 233.24946594 20.72222137
v 670.57714844 233.18339539 23.5
v 678.87902832 234.39825439 29.05555534
v 675.94787598 234.27319336 26.97222137
v 676.17492676 234.29400635 25.58333397
v 674.25854492 234.05761719 24.88888931
v 679.26062012 234.39179993 30.44444466
v 676.06134033 234.28382874 27.66666603
v 669.19793701 232.69125366 21.41666603
v 679.48950195 234.38542175 30.90740776
v 664.02734375 229.69104004 16.09259224
v 675.30651855 234.20405579 27.66666603
v 676.44030762 234.31593323 29.05555534
v 664.02734375 229.69104004 16.55555534
v 663.16906738 228.91661072 16.09259224
v 663.37615967 229.11488342 16.55555534
v 672.27770996 233.66110229 26.27777863
v 672.1696167 233.63467407 25.58333397
v 666.58398438 231.44923401 20.72222137
v 667.68920898 232.02963257 22.11111069
v 666.36126709 231.32104492 21.41666603
v 675.60791016 234.2384491 30.44444466
v 670.78607178 233.24946594 26.27777863
v 665.96728516 231.0841217 21.41666603
v 663.87884521 229.56546021 18.87037086
v 669.19793701 232.69125366 25.58333397
v 670.89093018 233.28182983 27.66666603
v 671.34844971 233.41682434 28.12962914
v 662.27197266 227.9515686 17.94444466
v 667.68920898 232.02963257 24.88888931
v 670.78607178 233.24946594 28.36111069
v 670.02563477 232.99853516 28.59259224
v 670.36932373 233.11555481 29.05555534
v 662.03753662 227.66415405 19.33333397
v 661.59906006 227.07429504 17.94444466
v 662.57897949 228.30361938 19.33333397
v 670.78607178 233.24946594 30.44444466
v 671.13665771 233.35557556 30.90740776
v 666.58398438 231.44923401 26.27777863
v 666.36126709 231.32104492 25.58333397
v 665.96728516 231.0841217 25.58333397
v 670.02563477 232.99853516 29.98148155
v 664.02734375 229.69104004 30.44444466
v 663.87884521 229.56546021 28.12962914
v 664.02734375 229.69104004 30.90740776
v 663.37615967 229.11488342 30.44444466
v 662.27197266 227.9515686 29.05555534
v 662.03753662 227.66415405 27.66666603
v 662.57897949 228.30361938 27.66666603
v 663.16906738 228.91661072 30.90740776
v 661.59906006 227.07429504 29.05555534
v 671.13775635 209.28582764 16.09259224
v 669.68634033 209.76480103 17.94444466
v 668.49041748 210.24284363 17.94444466
v 671.42034912 209.204422 16.55555534
v 672.42285156 208.94464111 16.09259224
v 669.2489624 209.93032837 19.33333397
v 672.38671875 208.95323181 16.55555534
v 670.16387939 209.59561157 19.33333397
v 671.1026001 209.29623413 19.33333397
v 672.13433838 209.01483154 18.87037086
v 675.64465332 208.39422607 20.72222137
v 680.00372314 208.27510071 19.10185242
v 676.89520264 208.28921509 22.11111069
v 675.38085938 208.4238739 21.41666603
v 669.68634033 209.76480103 29.05555534
v 668.49041748 210.24284363 29.05555534
v 670.16387939 209.59561157 27.66666603
v 669.2489624 209.93032837 27.66666603
v 671.1026001 209.29623413 27.66666603
v 680.61224365 208.31330872 19.87345695
v 680.0894165 208.27966309 20.14351845
v 672.13433838 209.01483154 28.12962914
v 675.64465332 208.39422607 26.27777863
v 676.89520264 208.28921509 24.88888931
v 675.38085938 208.4238739 25.58333397
v 671.42034912 209.204422 30.44444466
v 671.13775635 209.28582764 30.90740776
v 672.38671875 208.95323181 30.44444466
v 672.42285156 208.94464111 30.90740776
v 681.65289307 208.41036987 23.5
v 679.94659424 208.2722168 23.5
v 683.33447266 208.6547699 23.5
v 680.61224365 208.31330872 27.12654305
v 680.0894165 208.27966309 26.85648155
v 680.00372314 208.27510071 27.89814758
v 684.97796631 209.00419617 23.5
v 689.59985352 210.67778015 21.06944466
v 689.42706299 210.59321594 22.11111069
v 690.74188232 211.29077148 21.41666603
v 691.77459717 211.93753052 19.10185242
v 688.00006104 209.96728516 23.5
v 689.42706299 210.59321594 24.88888931
v 689.36395264 210.56282043 23.5
v 691.43762207 211.7157135 19.87345695
v 691.81616211 211.96568298 20.14351845
v 692.37249756 212.36001587 19.87345695
v 692.14459229 212.19436646 20.375
v 692.04962158 212.12704468 21.41666603
v 691.85766602 211.99394226 23.5
v 690.65289307 211.2394104 23.5
v 690.74188232 211.29077148 25.58333397
v 693.06951904 212.90583801 20.72222137
v 693.36572266 213.15779114 20.72222137
v 692.89282227 212.76150513 21.41666603
v 693.1194458 212.94743347 21.41666603
v 696.09991455 216.43167114 16.55555534
v 689.59985352 210.67778015 25.93055534
v 696.4185791 217.02787781 16.09259224
v 696.35626221 216.90402222 16.55555534
v 696.71173096 217.67324829 16.09259224
v 696.5871582 217.38473511 16.55555534
v 694.92797852 214.75160217 20.72222137
v 694.12768555 213.8717041 22.11111069
v 692.04962158 212.12704468 25.58333397
v 696.34716797 216.8863678 18.87037086
v 691.43762207 211.7157135 27.12654305
v 691.81616211 211.96568298 26.85648155
v 696.99407959 218.44212341 17.94444466
v 692.14459229 212.19436646 26.625
v 692.89282227 212.76150513 25.58333397
v 696.65838623 217.54670715 19.33333397
v 692.37249756 212.36001587 27.12654305
v 697.18304443 219.11277771 17.94444466
v 691.77459717 211.93753052 27.89814758
v 693.06951904 212.90583801 26.27777863
v 693.1194458 212.94743347 25.58333397
v 696.85430908 218.03739929 19.33333397
v 693.36572266 213.15779114 26.27777863
v 694.12768555 213.8717041 24.88888931
v 697.02331543 218.53468323 19.33333397
v 694.92797852 214.75160217 26.27777863
v 696.71051025 224.9682312 16.09259224
v 697.18151855 223.52796936 17.94444466
v 696.41772461 225.61390686 16.09259224
v 696.58605957 225.25688171 16.55555534
v 696.99255371 224.19892883 17.94444466
v 696.35546875 225.73782349 16.55555534
v 696.09942627 226.21032715 16.55555534
v 697.02172852 224.1063385 19.33333397
v 696.85296631 224.60388184 19.33333397
v 696.65716553 225.09483337 19.33333397
v 696.34643555 225.75547791 18.87037086
v 696.09991455 216.43167114 30.44444466
v 696.34716797 216.8863678 28.12962914
v 696.35626221 216.90402222 30.44444466
v 696.99407959 218.44212341 29.05555534
v 696.85430908 218.03739929 27.66666603
v 696.65838623 217.54670715 27.66666603
v 697.02331543 218.53468323 27.66666603
v 696.5871582 217.38473511 30.44444466
v 696.4185791 217.02787781 30.90740776
v 697.18304443 219.11277771 29.05555534
v 696.71173096 217.67324829 30.90740776
v 694.92773438 227.89006042 20.72222137
v 695.07104492 227.7144928 21.41666603
v 695.24188232 227.49645996 21.41666603
v 693.36474609 229.48199463 20.72222137
v 693.06848145 229.73358154 20.72222137
v 691.77355957 230.70115662 19.10185242
v 692.37133789 230.27880859 19.87345695
v 693.1184082 229.69204712 21.41666603
v 694.12701416 228.76908875 22.11111069
v 692.14349365 230.4443512 20.375
v 696.99255371 224.19892883 29.05555534
v 697.02172852 224.1063385 27.66666603
v 697.18151855 223.52796936 29.05555534
v 696.65716553 225.09483337 27.66666603
v 696.85296631 224.60388184 27.66666603
v 692.89172363 229.87773132 21.41666603
v 691.81512451 230.67298889 20.14351845
v 691.43664551 230.92301941 19.87345695
v 690.74108887 231.34835815 21.41666603
v 696.34643555 225.75547791 28.12962914
v 692.04852295 230.51165771 21.41666603
v 691.85656738 230.64474487 23.5
v 694.92773438 227.89006042 26.27777863
v 695.07104492 227.7144928 25.58333397
v 695.24188232 227.49645996 25.58333397
v 696.58605957 225.25688171 30.44444466
v 696.71051025 224.9682312 30.90740776
v 696.35546875 225.73782349 30.44444466
v 696.41772461 225.61390686 30.90740776
v 689.59954834 231.96234131 21.06944466
v 689.42681885 232.04707336 22.11111069
v 696.09942627 226.21032715 30.44444466
v 693.36474609 229.48199463 26.27777863
v 693.1184082 229.69204712 25.58333397
v 694.12701416 228.76908875 24.88888931
v 693.06848145 229.73358154 26.27777863
v 692.89172363 229.87773132 25.58333397
v 690.65216064 231.39976501 23.5
v 689.42681885 232.04707336 24.88888931
v 689.3637085 232.07754517 23.5
v 690.74108887 231.34835815 25.58333397
v 692.04852295 230.51165771 25.58333397
v 681.0859375 234.28788757 15.62963009
v 692.14349365 230.4443512 26.625
v 692.37133789 230.27880859 27.12654305
v 691.81512451 230.67298889 26.85648155
v 691.43664551 230.92301941 27.12654305
v 688.00012207 232.67434692 23.5
v 691.77355957 230.70115662 27.89814758
v 689.59954834 231.96234131 25.93055534
v 684.76116943 233.69107056 22.80555534
v 682.66516113 234.09751892 23.5
v 684.65258789 233.71664429 23.5
v 684.76116943 233.69107056 24.19444466
v 680.51721191 234.33335876 22.80555534
v 680.63110352 234.32521057 23.5
v 680.51721191 234.33335876 24.19444466
v 676.40240479 234.31295776 22.80555534
v 674.4821167 234.09240723 23.5
v 676.51623535 234.32174683 23.5
v 676.40240479 234.31295776 24.19444466
v 672.3861084 233.6870575 22.80555534
v 672.49468994 233.71255493 23.5
v 681.0859375 234.28788757 31.37037086
v 672.3861084 233.6870575 24.19444466
v 669.0980835 232.65164185 22.80555534
v 667.59490967 231.98350525 23.5
v 665.15216064 230.54881287 18.71604919
v 669.04827881 232.63166809 23.5
v 665.00256348 230.4433136 19.10185242
v 662.39294434 228.09336853 15.62963009
v 665.31719971 230.66247559 19.87345695
v 669.0980835 232.65164185 24.19444466
v 664.88134766 230.35604858 20.14351845
v 664.27954102 229.89718628 19.87345695
v 663.16906738 228.91661072 19.33333397
v 664.48547363 230.05921936 20.375
v 663.03387451 228.7827301 18.40740776
v 666.27294922 231.26907349 22.80555534
v 664.96203613 230.4143219 23.5
v 664.64233398 230.17904663 21.41666603
v 666.22894287 231.24295044 23.5
v 664.02734375 229.69104004 21.41666603
v 666.27294922 231.26907349 24.19444466
v 660.82196045 225.78648376 16.09259224
v 660.80841064 225.76000977 16.55555534
v 660.38201904 224.81809998 16.09259224
v 660.47088623 225.03585815 16.55555534
v 662.29199219 227.97529602 20.72222137
v 660.71533203 225.57395935 18.87037086
v 661.89611816 227.48194885 21.41666603
v 662.15350342 227.8085022 21.41666603
v 664.64233398 230.17904663 25.58333397
v 665.31719971 230.66247559 27.12654305
v 664.88134766 230.35604858 26.85648155
v 664.48547363 230.05921936 26.625
v 664.02734375 229.69104004 25.58333397
v 665.00256348 230.4433136 27.89814758
v 664.27954102 229.89718628 27.12654305
v 663.16906738 228.91661072 27.66666603
v 665.15216064 230.54881287 28.28395081
v 662.29199219 227.97529602 26.27777863
v 661.89611816 227.48194885 25.58333397
v 662.15350342 227.8085022 25.58333397
v 663.03387451 228.7827301 28.59259224
v 660.14678955 224.15722656 23.5
v 662.39294434 228.09336853 31.37037086
v 660.80841064 225.76000977 30.44444466
v 660.71533203 225.57395935 28.12962914
v 660.82196045 225.78648376 30.90740776
v 660.47088623 225.03585815 30.44444466
v 660.38201904 224.81809998 30.90740776
v 665.890625 211.60308838 16.09259224
v 666.11230469 211.46672058 16.55555534
v 664.73040771 212.39454651 17.94444466
v 666.95629883 210.98516846 16.09259224
v 664.38220215 212.66110229 19.33333397
v 663.8137207 213.13063049 17.94444466
v 666.91571045 211.0070343 16.55555534
v 665.09765625 212.12887573 19.33333397
v 666.69403076 211.12867737 18.87037086
v 669.69763184 209.76065063 20.72222137
v 673.62835693 208.68954468 19.10185242
v 672.84631348 208.8480835 19.87345695
v 670.79882812 209.38842773 22.11111069
v 669.46691895 209.84655762 21.41666603
v 664.73040771 212.39454651 29.05555534
v 664.38220215 212.66110229 27.66666603
v 663.8137207 213.13063049 29.05555534
v 665.09765625 212.12887573 27.66666603
v 673.20556641 208.77209473 20.375
v 673.73907471 208.66912842 20.14351845
v 674.20843506 208.58811951 19.87345695
v 673.33398438 208.74624634 21.41666603
v 673.5914917 208.69644165 23.5
v 669.69763184 209.76065063 26.27777863
v 670.79882812 209.38842773 24.88888931
v 669.46691895 209.84655762 25.58333397
v 665.890625 211.60308838 30.90740776
v 666.11230469 211.46672058 30.44444466
v 666.91571045 211.0070343 30.44444466
v 666.69403076 211.12867737 28.12962914
v 678.64471436 208.23834229 19.73842621
v 666.95629883 210.98516846 30.90740776
v 675.1552124 208.45132446 23.5
v 676.74310303 208.29890442 23.5
v 673.33398438 208.74624634 25.58333397
v 678.49194336 208.2383728 21.12731552
v 673.20556641 208.77209473 26.625
v 672.84631348 208.8480835 27.12654305
v 678.97717285 208.24118042 21.91820908
v 677.86047363 208.24745178 23.0370369
v 673.73907471 208.66912842 26.85648155
v 678.42034912 208.23867798 22.80555534
v 674.20843506 208.58811951 27.12654305
v 678.34399414 208.23921204 23.5
v 677.86047363 208.24745178 23.9629631
v 673.62835693 208.68954468 27.89814758
v 678.42034912 208.23867798 24.19444466
v 678.97717285 208.24118042 25.08179092
v 678.49194336 208.2383728 25.87268448
v 678.64471436 208.23834229 27.26157379
v 694.18695068 213.93174744 20.72222137
v 695.07128906 214.92729187 21.41666603
v 693.05279541 212.89201355 22.80555534
v 694.06799316 213.81192017 23.5
v 695.68261719 215.76010132 18.71604919
v 695.7310791 215.83305359 19.10185242
v 695.4786377 215.46539307 19.6419754
v 693.01928711 212.86439514 23.5
v 695.70318604 215.79093933 19.79629707
v 695.5022583 215.49853516 20.33642006
v 693.05279541 212.89201355 24.19444466
v 695.76428223 215.88372803 20.14351845
v 696.09661865 216.42588806 19.87345695
v 695.96246338 216.1988678 20.375
v 697.38397217 220.23599243 16.09259224
v 695.01959229 214.8631897 22.80555534
v 695.90472412 216.10470581 21.41666603
v 695.78625488 215.91757202 23.5
v 697.38098145 220.21057129 16.55555534
v 694.99359131 214.83122253 23.5
v 696.47918701 217.15228271 20.72222137
v 696.25952148 216.71928406 21.41666603
v 696.6270752 217.47460938 20.72222137
v 696.38317871 216.95703125 21.41666603
v 695.01959229 214.8631897 24.19444466
v 695.07128906 214.92729187 25.58333397
v 696.50042725 217.19683838 21.41666603
v 694.18695068 213.93174744 26.27777863
v 697.4465332 221.32012939 17.01851845
v 697.38299561 222.40438843 16.09259224
v 697.29632568 219.64685059 19.33333397
v 697.37994385 222.42980957 16.55555534
v 697.34106445 219.91555786 20.02777863
v 697.38098145 220.21057129 19.33333397
v 697.4465332 221.32012939 20.72222137
v 697.02331543 218.53468323 22.11111069
v 697.4465332 221.32012939 18.87037086
v 695.90472412 216.10470581 25.58333397
v 695.5022583 215.49853516 26.66357994
v 697.34106445 219.91555786 21.41666603
v 697.39984131 220.38226318 21.18518448
v 697.4465332 221.32012939 23.5
v 695.4786377 215.46539307 27.3580246
v 695.96246338 216.1988678 26.625
v 696.25952148 216.71928406 25.58333397
v 695.76428223 215.88372803 26.85648155
v 695.70318604 215.79093933 27.20370293
v 697.37994385 222.42980957 19.33333397
v 696.09661865 216.42588806 27.12654305
v 695.7310791 215.83305359 27.89814758
v 697.29492188 222.99368286 19.33333397
v 696.47918701 217.15228271 26.27777863
v 696.38317871 216.95703125 25.58333397
v 696.50042725 217.19683838 25.58333397
v 695.68261719 215.76010132 28.28395081
v 697.33984375 222.72489929 20.02777863
v 696.6270752 217.47460938 26.27777863
v 697.02331543 218.53468323 24.88888931
v 697.39892578 222.25808716 21.18518448
v 697.33984375 222.72489929 21.41666603
v 697.39984131 220.38226318 25.81481552
v 697.4465332 221.32012939 26.27777863
v 696.62591553 225.16696167 20.72222137
v 697.34106445 219.91555786 26.97222137
v 697.34106445 219.91555786 25.58333397
v 697.02172852 224.1063385 22.11111069
v 695.68237305 226.88195801 18.71604919
v 696.14056396 226.13798523 19.87345695
v 696.47821045 225.48944092 20.72222137
v 697.29632568 219.64685059 27.66666603
v 695.73083496 226.80900574 19.10185242
v 696.49945068 225.44487 21.41666603
v 697.38098145 220.21057129 27.66666603
v 696.03149414 226.32704163 20.375
v 695.83758545 226.64387512 20.14351845
v 696.38232422 225.68478394 21.41666603
v 695.57397461 227.04096985 19.87345695
v 697.39892578 222.25808716 25.81481552
v 696.2588501 225.92260742 21.41666603
v 695.95166016 226.46032715 21.41666603
v 697.4465332 221.32012939 28.12962914
v 697.02172852 224.1063385 24.88888931
v 697.33984375 222.72489929 25.58333397
v 697.33984375 222.72489929 26.97222137
v 697.37994385 222.42980957 27.66666603
v 697.38098145 220.21057129 30.44444466
v 697.29492188 222.99368286 27.66666603
v 697.38397217 220.23599243 30.90740776
v 697.4465332 221.32012939 29.98148155
v 694.1862793 228.70910645 20.72222137
v 695.01934814 227.77856445 22.80555534
v 694.06732178 228.82878113 23.5
v 695.78594971 226.7244873 23.5
v 696.62591553 225.16696167 26.27777863
v 696.49945068 225.44487 25.58333397
v 696.47821045 225.48944092 26.27777863
v 696.38232422 225.68478394 25.58333397
v 696.2588501 225.92260742 25.58333397
v 694.99334717 227.8105011 23.5
v 697.37994385 222.42980957 30.44444466
v 695.01934814 227.77856445 24.19444466
v 695.95166016 226.46032715 25.58333397
v 697.38299561 222.40438843 30.90740776
v 696.03149414 226.32704163 26.625
v 696.14056396 226.13798523 27.12654305
v 695.83758545 226.64387512 26.85648155
v 693.05175781 229.74739075 22.80555534
v 695.57397461 227.04096985 27.12654305
v 693.01824951 229.77496338 23.5
v 695.73083496 226.80900574 27.89814758
v 695.68237305 226.88195801 28.28395081
v 693.05175781 229.74739075 24.19444466
v 694.1862793 228.70910645 26.27777863
v 663.11242676 228.86099243 21.06944466
v 662.98925781 228.73780823 22.11111069
v 661.40655518 226.78901672 18.71604919
v 663.92810059 229.60748291 22.80555534
v 660.10656738 224.02749634 15.47530842
v 660.17663574 224.24964905 15.93827152
v 660.05493164 223.85089111 15.62963009
v 661.31384277 226.64483643 19.10185242
v 660.0871582 223.96250916 15.86111069
v 663.5723877 229.29573059 23.0370369
v 662.90093994 228.64750671 23.5
v 663.87884521 229.56546021 23.5
v 661.4987793 226.92797852 19.87345695
v 663.92810059 229.60748291 24.19444466
v 662.98925781 228.73780823 24.88888931
v 660.17358398 224.24041748 17.01851845
v 660.37127686 224.79078674 19.33333397
v 663.5723877 229.29573059 23.9629631
v 661.25378418 226.54888916 20.14351845
v 660.92175293 225.97547913 19.87345695
v 660.05102539 223.83691406 17.25
v 661.03155518 226.1739502 20.375
v 662.07592773 227.71240234 22.80555534
v 661.11779785 226.32336426 21.41666603
v 661.29772949 226.61929321 23.5
v 662.03753662 227.66415405 23.5
v 660.78814697 225.72024536 21.41666603
v 662.07592773 227.71240234 24.19444466
v 663.11242676 228.86099243 25.93055534
v 660.54486084 225.20726013 22.11111069
v 660.63867188 225.41351318 23.5
v 661.11779785 226.32336426 25.58333397
v 660.54486084 225.20726013 24.88888931
v 660.37127686 224.79078674 27.66666603
v 661.4987793 226.92797852 27.12654305
v 660.78814697 225.72024536 25.58333397
v 661.25378418 226.54888916 26.85648155
v 661.03155518 226.1739502 26.625
v 661.31384277 226.64483643 27.89814758
v 660.92175293 225.97547913 27.12654305
v 661.40655518 226.78901672 28.28395081
v 660.17358398 224.24041748 29.98148155
v 660.05102539 223.83691406 29.75
v 660.17663574 224.24964905 31.06172752
v 660.0871582 223.96250916 31.13888931
v 660.10656738 224.02749634 31.52469063
v 660.05493164 223.85089111 31.37037086
v 661.98309326 215.04649353 16.09259224
v 662.12799072 214.86410522 16.55555534
v 661.25213623 216.09555054 17.94444466
v 662.70874023 214.19563293 16.09259224
v 661.0456543 216.4430542 19.33333397
v 660.73034668 217.03727722 17.94444466
v 662.67797852 214.22886658 16.55555534
v 661.47393799 215.75067139 19.33333397
v 662.52142334 214.40139771 18.87037086
v 664.9262085 212.2510376 15.62963009
v 665.68139648 211.73590088 18.40740776
v 665.85235596 211.62705994 19.33333397
v 664.73339844 212.39234924 20.72222137
v 664.55505371 212.5269165 21.41666603
v 664.2076416 212.80050659 21.41666603
v 667.93780518 210.49224854 19.10185242
v 667.28546143 210.81230164 19.87345695
v 665.59973145 211.78884888 22.11111069
v 661.25213623 216.09555054 29.05555534
v 661.0456543 216.4430542 27.66666603
v 660.73034668 217.03727722 29.05555534
v 661.47393799 215.75067139 27.66666603
v 668.04150391 210.44398499 20.14351845
v 667.58752441 210.6605072 20.375
v 668.43804932 210.26567078 19.87345695
v 667.69494629 210.60803223 21.41666603
v 667.91125488 210.50469971 23.5
v 664.73339844 212.39234924 26.27777863
v 665.85235596 211.62705994 27.66666603
v 665.59973145 211.78884888 24.88888931
v 664.55505371 212.5269165 25.58333397
v 664.2076416 212.80050659 25.58333397
v 661.98309326 215.04649353 30.90740776
v 662.12799072 214.86410522 30.44444466
v 662.67797852 214.22886658 30.44444466
v 662.52142334 214.40139771 28.12962914
v 662.70874023 214.19563293 30.90740776
v 669.2489624 209.93032837 23.5
v 670.64782715 209.43591309 23.5
v 667.69494629 210.60803223 25.58333397
v 665.68139648 211.73590088 28.59259224
v 667.28546143 210.81230164 27.12654305
v 671.66113281 209.13792419 23.0370369
v 672.17633057 209.00439453 22.80555534
v 668.04150391 210.44398499 26.85648155
v 667.58752441 210.6605072 26.625
v 672.09838867 209.02383423 23.5
v 671.66113281 209.13792419 23.9629631
v 668.43804932 210.26567078 27.12654305
v 667.93780518 210.49224854 27.89814758
v 664.9262085 212.2510376 31.37037086
v 672.17633057 209.00439453 24.19444466
v 697.38098145 220.21057129 17.48148155
v 697.4465332 221.32012939 17.94444466
v 697.38098145 220.21057129 17.94444466
v 697.38098145 220.21057129 18.40740776
v 696.50042725 217.19683838 22.80555534
v 697.02331543 218.53468323 23.5
v 696.50042725 217.19683838 23.5
v 697.37994385 222.42980957 17.48148155
v 697.37994385 222.42980957 17.94444466
v 696.50042725 217.19683838 24.19444466
v 697.37994385 222.42980957 18.40740776
v 697.34106445 219.91555786 22.80555534
v 697.34106445 219.91555786 23.5
v 697.34106445 219.91555786 24.19444466
v 697.33984375 222.72489929 22.80555534
v 697.02172852 224.1063385 23.5
v 697.33984375 222.72489929 23.5
v 697.33984375 222.72489929 24.19444466
v 697.38098145 220.21057129 28.59259224
v 697.4465332 221.32012939 29.05555534
v 696.49945068 225.44487 22.80555534
v 697.38098145 220.21057129 29.05555534
v 697.38098145 220.21057129 29.51851845
v 696.49945068 225.44487 23.5
v 696.49945068 225.44487 24.19444466
v 697.37994385 222.42980957 28.59259224
v 697.37994385 222.42980957 29.05555534
v 697.37994385 222.42980957 29.51851845
v 660.19250488 218.34382629 16.09259224
v 660.17889404 218.38484192 16.55555534
v 661.37225342 215.90544128 15.62963009
v 660.10028076 218.63473511 19.33333397
v 660.27929688 218.09458923 18.87037086
v 661.84423828 215.22813416 18.40740776
v 661.95587158 215.08158875 19.33333397
v 659.99499512 219.01255798 23.5
v 661.25268555 216.09460449 20.72222137
v 661.14715576 216.26864624 21.41666603
v 660.94677734 216.62017822 21.41666603
v 663.53747559 213.37617493 18.71604919
v 662.83612061 214.06047058 19.87345695
v 663.40234375 213.50085449 19.10185242
v 663.32293701 213.57565308 20.14351845
v 662.99890137 213.89302063 20.375
v 663.66345215 213.26266479 19.87345695
v 662.63201904 214.27886963 21.41666603
v 660.10028076 218.63473511 27.66666603
v 663.12530518 213.76676941 21.41666603
v 663.38421631 213.51783752 23.5
v 661.25268555 216.09460449 26.27777863
v 661.14715576 216.26864624 25.58333397
v 660.94677734 216.62017822 25.58333397
v 660.17889404 218.38484192 30.44444466
v 660.27929688 218.09458923 28.12962914
v 660.19250488 218.34382629 30.90740776
v 664.38220215 212.66110229 23.5
v 665.47491455 211.8710022 23.5
v 663.12530518 213.76676941 25.58333397
v 666.6182251 211.1711731 21.76388931
v 662.99890137 213.89302063 26.625
v 662.63201904 214.27886963 25.58333397
v 661.84423828 215.22813416 28.59259224
v 661.95587158 215.08158875 27.66666603
v 662.83612061 214.06047058 27.12654305
v 666.29541016 211.35728455 23.0370369
v 663.32293701 213.57565308 26.85648155
v 666.72076416 211.11380005 22.80555534
v 663.66345215 213.26266479 27.12654305
v 666.65405273 211.15106201 23.5
v 666.29541016 211.35728455 23.9629631
v 663.40234375 213.50085449 27.89814758
v 661.37225342 215.90544128 31.37037086
v 666.72076416 211.11380005 24.19444466
v 663.53747559 213.37617493 28.28395081
v 666.6182251 211.1711731 25.23611069
v 660.625 217.25761414 19.10185242
v 660.40234375 217.77244568 19.87345695
v 660.46807861 217.61245728 20.375
v 660.28686523 218.07388306 21.41666603
v 660.39282227 217.7963562 22.45833397
v 660.42999268 217.70419312 22.80555534
v 660.50720215 217.52061462 23.5
v 660.42999268 217.70419312 24.19444466
v 661.89337158 215.16307068 21.06944466
v 661.79003906 215.30096436 22.11111069
v 660.39282227 217.7963562 24.54166603
v 661.07910156 216.38476562 22.80555534
v 661.70928955 215.41168213 23.5
v 661.0456543 216.4430542 23.5
v 660.28686523 218.07388306 25.58333397
v 661.07910156 216.38476562 24.19444466
v 661.79003906 215.30096436 24.88888931
v 660.46807861 217.61245728 26.625
v 662.24768066 214.71862793 23.0370369
v 660.40234375 217.77244568 27.12654305
v 662.53796387 214.38284302 22.80555534
v 662.49145508 214.43510437 23.5
v 662.24768066 214.71862793 23.9629631
v 660.625 217.25761414 27.89814758
v 662.53796387 214.38284302 24.19444466
v 661.89337158 215.16307068 25.93055534
v 594.36291504 156.32415771 -1.5
v 594.36291504 156.32415771 48.5
v 601.61273193 151.05685425 -1.5
v 601.61273193 151.05685425 48.5
v 596.60626221 163.22845459 -1.5
v 596.60626221 163.22845459 48.5
v 596.41821289 163.22381592 -1.5
v 596.41821289 163.22381592 48.5
v 596.23065186 163.20993042 -1.5
v 596.23065186 163.20993042 48.5
v 596.04406738 163.18681335 -1.5
v 596.04406738 163.18681335 48.5
v 595.85876465 163.15454102 -1.5
v 595.85876465 163.15454102 48.5
v 595.67529297 163.11317444 -1.5
v 595.67529297 163.11317444 48.5
v 595.49414062 163.06283569 -1.5
v 595.49414062 163.06283569 48.5
v 595.31561279 163.00361633 -1.5
v 595.31561279 163.00361633 48.5
v 595.14025879 162.9356842 -1.5
v 595.14025879 162.9356842 48.5
v 594.96844482 162.85919189 -1.5
v 594.96844482 162.85919189 48.5
v 594.80059814 162.77432251 -1.5
v 594.80059814 162.77432251 48.5
v 594.63720703 162.68128967 -1.5
v 594.63720703 162.68128967 48.5
v 594.47851562 162.58033752 -1.5
v 594.47851562 162.58033752 48.5
v 594.32501221 162.47167969 -1.5
v 594.32501221 162.47167969 48.5
v 594.17706299 162.35559082 -1.5
v 594.17706299 162.35559082 48.5
v 594.03503418 162.23236084 -1.5
v 594.03503418 162.23236084 48.5
v 593.89916992 162.1022644 -1.5
v 593.89916992 162.1022644 48.5
v 593.7699585 161.96565247 -1.5
v 593.7699585 161.96565247 48.5
v 593.64758301 161.82284546 -1.5
v 593.64758301 161.82284546 48.5
v 593.53240967 161.67416382 -1.5
v 593.53240967 161.67416382 48.5
v 593.42468262 161.52000427 -1.5
v 593.42468262 161.52000427 48.5
v 593.32470703 161.36073303 -1.5
v 593.32470703 161.36073303 48.5
v 593.23272705 161.19671631 -1.5
v 593.23272705 161.19671631 48.5
v 593.14886475 161.02836609 -1.5
v 593.14886475 161.02836609 48.5
v 593.07342529 160.85609436 -1.5
v 593.07342529 160.85609436 48.5
v 593.0065918 160.68031311 -1.5
v 593.0065918 160.68031311 48.5
v 592.94848633 160.50146484 -1.5
v 592.94848633 160.50146484 48.5
v 592.89923096 160.31996155 -1.5
v 592.89923096 160.31996155 48.5
v 592.85900879 160.13624573 48.5
v 592.85900879 160.13624573 -1.5
v 592.82788086 159.95077515 -1.5
v 592.82788086 159.95077515 48.5
v 592.8059082 159.76400757 -1.5
v 592.8059082 159.76400757 48.5
v 592.79321289 159.57637024 -1.5
v 592.79321289 159.57637024 48.5
v 592.78973389 159.38833618 -1.5
v 592.78973389 159.38833618 48.5
v 592.79547119 159.20036316 48.5
v 592.79547119 159.20036316 -1.5
v 592.81054688 159.01290894 -1.5
v 592.81054688 159.01290894 48.5
v 592.83477783 158.82641602 -1.5
v 592.83477783 158.82641602 48.5
v 592.8682251 158.64134216 48.5
v 592.8682251 158.64134216 -1.5
v 592.91070557 158.45814514 48.5
v 592.91070557 158.45814514 -1.5
v 592.9621582 158.27726746 -1.5
v 592.9621582 158.27726746 48.5
v 593.02252197 158.09913635 48.5
v 593.02252197 158.09913635 -1.5
v 593.0914917 157.92419434 48.5
v 593.0914917 157.92419434 -1.5
v 593.16906738 157.75286865 -1.5
v 593.16906738 157.75286865 48.5
v 593.25494385 157.58557129 48.5
v 593.25494385 157.58557129 -1.5
v 593.34899902 157.42269897 48.5
v 593.34899902 157.42269897 -1.5
v 593.45092773 157.2646637 48.5
v 593.45092773 157.2646637 -1.5
v 593.56054688 157.11183167 -1.5
v 593.56054688 157.11183167 48.5
v 593.67749023 156.96459961 48.5
v 593.67749023 156.96459961 -1.5
v 593.80163574 156.82330322 48.5
v 593.80163574 156.82330322 -1.5
v 593.93255615 156.68829346 48.5
v 593.93255615 156.68829346 -1.5
v 594.06994629 156.55989075 48.5
v 594.06994629 156.55989075 -1.5
v 594.21350098 156.43841553 48.5
v 594.21350098 156.43841553 -1.5
v 605.56750488 163.22845459 -1.5
v 605.56750488 163.22845459 48.5
v 608.33666992 171.75112915 -1.5
v 608.33666992 171.75112915 48.5
v 615.59631348 171.75112915 -1.5
v 615.59631348 171.75112915 48.5
v 615.53381348 171.92849731 -1.5
v 615.53381348 171.92849731 48.5
v 615.46264648 172.10258484 -1.5
v 615.46264648 172.10258484 48.5
v 615.38299561 172.27294922 -1.5
v 615.38299561 172.27294922 48.5
v 615.29504395 172.43917847 -1.5
v 615.29504395 172.43917847 48.5
v 615.19897461 172.60087585 -1.5
v 615.19897461 172.60087585 48.5
v 615.09509277 172.75764465 -1.5
v 615.09509277 172.75764465 48.5
v 614.98364258 172.90910339 -1.5
v 614.98364258 172.90910339 48.5
v 614.86486816 173.05488586 -1.5
v 614.86486816 173.05488586 48.5
v 614.73901367 173.19464111 -1.5
v 614.73901367 173.19464111 48.5
v 614.60644531 173.32803345 -1.5
v 614.60644531 173.32803345 48.5
v 614.46746826 173.45472717 -1.5
v 614.46746826 173.45472717 48.5
v 614.3223877 173.57443237 -1.5
v 614.3223877 173.57443237 48.5
v 614.17163086 173.68682861 -1.5
v 614.17163086 173.68682861 48.5
v 614.01550293 173.79167175 -1.5
v 614.01550293 173.79167175 48.5
v 613.85443115 173.88870239 -1.5
v 613.85443115 173.88870239 48.5
v 613.6887207 173.97767639 -1.5
v 613.6887207 173.97767639 48.5
v 613.51885986 174.05838013 -1.5
v 613.51885986 174.05838013 48.5
v 613.34521484 174.13061523 -1.5
v 613.34521484 174.13061523 48.5
v 613.16821289 174.19419861 -1.5
v 613.16821289 174.19419861 48.5
v 612.98834229 174.24900818 -1.5
v 612.98834229 174.24900818 48.5
v 612.80596924 174.2948761 -1.5
v 612.80596924 174.2948761 48.5
v 612.621521 174.33171082 -1.5
v 612.621521 174.33171082 48.5
v 612.43548584 174.35940552 -1.5
v 612.43548584 174.35940552 48.5
v 612.24835205 174.37791443 -1.5
v 612.24835205 174.37791443 48.5
v 612.06054688 174.38717651 -1.5
v 612.06054688 174.38717651 48.5
v 611.87249756 174.38717651 -1.5
v 611.87249756 174.38717651 48.5
v 611.68463135 174.37791443 -1.5
v 611.68463135 174.37791443 48.5
v 611.49749756 174.35940552 -1.5
v 611.49749756 174.35940552 48.5
v 611.3114624 174.33171082 -1.5
v 611.3114624 174.33171082 48.5
v 611.1270752 174.2948761 -1.5
v 611.1270752 174.2948761 48.5
v 610.94464111 174.24900818 -1.5
v 610.94464111 174.24900818 48.5
v 610.76477051 174.19419861 -1.5
v 610.76477051 174.19419861 48.5
v 610.58776855 174.13061523 -1.5
v 610.58776855 174.13061523 48.5
v 610.41412354 174.05838013 -1.5
v 610.41412354 174.05838013 48.5
v 610.2442627 173.97767639 -1.5
v 610.2442627 173.97767639 48.5
v 610.07861328 173.88870239 -1.5
v 610.07861328 173.88870239 48.5
v 609.91748047 173.79167175 -1.5
v 609.91748047 173.79167175 48.5
v 609.76135254 173.68682861 -1.5
v 609.76135254 173.68682861 48.5
v 609.6105957 173.57443237 -1.5
v 609.6105957 173.57443237 48.5
v 609.46551514 173.45472717 -1.5
v 609.46551514 173.45472717 48.5
v 609.32653809 173.32803345 -1.5
v 609.32653809 173.32803345 48.5
v 609.19396973 173.19464111 -1.5
v 609.19396973 173.19464111 48.5
v 609.06817627 173.05488586 -1.5
v 609.06817627 173.05488586 48.5
v 608.94934082 172.90910339 -1.5
v 608.94934082 172.90910339 48.5
v 608.83789062 172.75764465 -1.5
v 608.83789062 172.75764465 48.5
v 608.73400879 172.60087585 -1.5
v 608.73400879 172.60087585 48.5
v 608.63793945 172.43917847 48.5
v 608.63793945 172.43917847 -1.5
v 608.55004883 172.27294922 48.5
v 608.55004883 172.27294922 -1.5
v 608.47033691 172.10258484 -1.5
v 608.47033691 172.10258484 48.5
v 608.39923096 171.92849731 -1.5
v 608.39923096 171.92849731 48.5
v 618.36547852 163.22845459 -1.5
v 618.36547852 163.22845459 48.5
v 627.32678223 163.22845459 48.5
v 627.32678223 163.22845459 -1.5
v 629.57012939 156.32415771 48.5
v 629.71948242 156.43841553 48.5
v 629.57012939 156.32415771 -1.5
v 629.71948242 156.43841553 -1.5
v 629.86303711 156.55989075 48.5
v 629.86303711 156.55989075 -1.5
v 630.00042725 156.68829346 48.5
v 630.00042725 156.68829346 -1.5
v 630.13134766 156.82330322 48.5
v 630.13134766 156.82330322 -1.5
v 630.25549316 156.96459961 48.5
v 630.25549316 156.96459961 -1.5
v 630.37249756 157.11183167 48.5
v 630.37249756 157.11183167 -1.5
v 630.48205566 157.2646637 48.5
v 630.48205566 157.2646637 -1.5
v 630.58404541 157.42269897 48.5
v 630.58404541 157.42269897 -1.5
v 630.67803955 157.58557129 48.5
v 630.67803955 157.58557129 -1.5
v 630.76391602 157.75286865 48.5
v 630.76391602 157.75286865 -1.5
v 630.8414917 157.92419434 48.5
v 630.8414917 157.92419434 -1.5
v 630.91052246 158.09913635 48.5
v 630.91052246 158.09913635 -1.5
v 630.9708252 158.27726746 48.5
v 630.9708252 158.27726746 -1.5
v 631.02227783 158.45814514 48.5
v 631.02227783 158.45814514 -1.5
v 631.0647583 158.64134216 48.5
v 631.0647583 158.64134216 -1.5
v 631.09820557 158.82641602 48.5
v 631.09820557 158.82641602 -1.5
v 631.12243652 159.01290894 48.5
v 631.12243652 159.01290894 -1.5
v 631.13751221 159.20036316 48.5
v 631.13751221 159.20036316 -1.5
v 631.14331055 159.38833618 48.5
v 631.14331055 159.38833618 -1.5
v 631.13983154 159.57637024 48.5
v 631.13983154 159.57637024 -1.5
v 631.1270752 159.76400757 48.5
v 631.1270752 159.76400757 -1.5
v 631.10510254 159.95077515 48.5
v 631.10510254 159.95077515 -1.5
v 631.07397461 160.13624573 48.5
v 631.07397461 160.13624573 -1.5
v 631.03375244 160.31996155 48.5
v 631.03375244 160.31996155 -1.5
v 630.98449707 160.50146484 48.5
v 630.98449707 160.50146484 -1.5
v 630.9263916 160.68031311 48.5
v 630.9263916 160.68031311 -1.5
v 630.85955811 160.85609436 48.5
v 630.85955811 160.85609436 -1.5
v 630.78411865 161.02836609 48.5
v 630.78411865 161.02836609 -1.5
v 630.70031738 161.19671631 48.5
v 630.70031738 161.19671631 -1.5
v 630.60827637 161.36073303 48.5
v 630.60827637 161.36073303 -1.5
v 630.50830078 161.52000427 48.5
v 630.50830078 161.52000427 -1.5
v 630.40057373 161.67416382 48.5
v 630.40057373 161.67416382 -1.5
v 630.28540039 161.82284546 48.5
v 630.28540039 161.82284546 -1.5
v 630.1630249 161.96565247 48.5
v 630.1630249 161.96565247 -1.5
v 630.03381348 162.1022644 48.5
v 630.03381348 162.1022644 -1.5
v 629.89801025 162.23236084 48.5
v 629.89801025 162.23236084 -1.5
v 629.75592041 162.35559082 48.5
v 629.75592041 162.35559082 -1.5
v 629.60797119 162.47167969 48.5
v 629.60797119 162.47167969 -1.5
v 629.45446777 162.58033752 48.5
v 629.45446777 162.58033752 -1.5
v 629.2958374 162.68128967 48.5
v 629.2958374 162.68128967 -1.5
v 629.13238525 162.77432251 48.5
v 629.13238525 162.77432251 -1.5
v 628.96453857 162.85919189 48.5
v 628.96453857 162.85919189 -1.5
v 628.79272461 162.9356842 48.5
v 628.79272461 162.9356842 -1.5
v 628.61737061 163.00361633 48.5
v 628.61737061 163.00361633 -1.5
v 628.43890381 163.06283569 48.5
v 628.43890381 163.06283569 -1.5
v 628.25769043 163.11317444 48.5
v 628.25769043 163.11317444 -1.5
v 628.07421875 163.15454102 48.5
v 628.07421875 163.15454102 -1.5
v 627.88897705 163.18681335 48.5
v 627.88897705 163.18681335 -1.5
v 627.70233154 163.20993042 48.5
v 627.70233154 163.20993042 -1.5
v 627.51477051 163.22381592 48.5
v 627.51477051 163.22381592 -1.5
v 622.32025146 151.05685425 48.5
v 622.32025146 151.05685425 -1.5
v 625.08947754 142.53417969 -1.5
v 625.08947754 142.53417969 48.5
v 619.21630859 138.26708984 -1.5
v 619.21630859 138.26708984 48.5
v 619.37115479 138.1603241 -1.5
v 619.37115479 138.1603241 48.5
v 619.53106689 138.06132507 -1.5
v 619.53106689 138.06132507 48.5
v 619.69561768 137.97032166 -1.5
v 619.69561768 137.97032166 48.5
v 619.86450195 137.88752747 -1.5
v 619.86450195 137.88752747 48.5
v 620.03723145 137.81315613 -1.5
v 620.03723145 137.81315613 48.5
v 620.21337891 137.74739075 -1.5
v 620.21337891 137.74739075 48.5
v 620.39263916 137.69038391 -1.5
v 620.39263916 137.69038391 48.5
v 620.57440186 137.64225769 -1.5
v 620.57440186 137.64225769 48.5
v 620.75836182 137.60316467 -1.5
v 620.75836182 137.60316467 48.5
v 620.94403076 137.57316589 -1.5
v 620.94403076 137.57316589 48.5
v 621.13092041 137.55236816 -1.5
v 621.13092041 137.55236816 48.5
v 621.31866455 137.54078674 -1.5
v 621.31866455 137.54078674 48.5
v 621.50671387 137.53846741 -1.5
v 621.50671387 137.53846741 48.5
v 621.69464111 137.54542542 -1.5
v 621.69464111 137.54542542 48.5
v 621.88195801 137.56161499 -1.5
v 621.88195801 137.56161499 48.5
v 622.06829834 137.58702087 -1.5
v 622.06829834 137.58702087 48.5
v 622.25317383 137.62158203 -1.5
v 622.25317383 137.62158203 48.5
v 622.43609619 137.66520691 -1.5
v 622.43609619 137.66520691 48.5
v 622.61669922 137.71777344 -1.5
v 622.61669922 137.71777344 48.5
v 622.79443359 137.77919006 -1.5
v 622.79443359 137.77919006 48.5
v 622.96893311 137.84928894 -1.5
v 622.96893311 137.84928894 48.5
v 623.13977051 137.92788696 -1.5
v 623.13977051 137.92788696 48.5
v 623.30657959 138.01480103 -1.5
v 623.30657959 138.01480103 48.5
v 623.46887207 138.10984802 -1.5
v 623.46887207 138.10984802 48.5
v 623.62628174 138.2127533 -1.5
v 623.62628174 138.2127533 48.5
v 623.77838135 138.32328796 -1.5
v 623.77838135 138.32328796 48.5
v 623.92492676 138.44119263 -1.5
v 623.92492676 138.44119263 48.5
v 624.06542969 138.56616211 -1.5
v 624.06542969 138.56616211 48.5
v 624.199646 138.69792175 -1.5
v 624.199646 138.69792175 48.5
v 624.32720947 138.83610535 -1.5
v 624.32720947 138.83610535 48.5
v 624.44781494 138.98042297 -1.5
v 624.44781494 138.98042297 48.5
v 624.56109619 139.13050842 -1.5
v 624.56109619 139.13050842 48.5
v 624.66693115 139.28598022 -1.5
v 624.66693115 139.28598022 48.5
v 624.76495361 139.44647217 -1.5
v 624.76495361 139.44647217 48.5
v 624.85491943 139.61161804 -1.5
v 624.85491943 139.61161804 48.5
v 624.93664551 139.78097534 -1.5
v 624.93664551 139.78097534 48.5
v 625.00994873 139.9541626 -1.5
v 625.00994873 139.9541626 48.5
v 625.074646 140.13075256 -1.5
v 625.074646 140.13075256 48.5
v 625.1305542 140.31031799 48.5
v 625.1305542 140.31031799 -1.5
v 625.17755127 140.49241638 -1.5
v 625.17755127 140.49241638 48.5
v 625.21551514 140.67660522 -1.5
v 625.21551514 140.67660522 48.5
v 625.24438477 140.86244202 48.5
v 625.24438477 140.86244202 -1.5
v 625.26403809 141.04946899 -1.5
v 625.26403809 141.04946899 48.5
v 625.2744751 141.23724365 -1.5
v 625.2744751 141.23724365 48.5
v 625.27563477 141.42530823 -1.5
v 625.27563477 141.42530823 48.5
v 625.26751709 141.6131897 -1.5
v 625.26751709 141.6131897 48.5
v 625.25018311 141.80046082 -1.5
v 625.25018311 141.80046082 48.5
v 625.22357178 141.9866333 -1.5
v 625.22357178 141.9866333 48.5
v 625.18792725 142.17127991 48.5
v 625.18792725 142.17127991 -1.5
v 625.14312744 142.35394287 48.5
v 625.14312744 142.35394287 -1.5
v 611.9664917 143.53439331 48.5
v 611.9664917 143.53439331 -1.5
v 604.7166748 138.26708984 -1.5
v 604.7166748 138.26708984 48.5
v 598.84350586 142.53417969 48.5
v 598.78985596 142.35394287 48.5
v 598.84350586 142.53417969 -1.5
v 598.78985596 142.35394287 -1.5
v 598.74511719 142.17127991 48.5
v 598.74511719 142.17127991 -1.5
v 598.70941162 141.9866333 48.5
v 598.70941162 141.9866333 -1.5
v 598.68286133 141.80046082 48.5
v 598.68286133 141.80046082 -1.5
v 598.66546631 141.6131897 48.5
v 598.66546631 141.6131897 -1.5
v 598.65740967 141.42530823 48.5
v 598.65740967 141.42530823 -1.5
v 598.65856934 141.23724365 48.5
v 598.65856934 141.23724365 -1.5
v 598.66894531 141.04946899 48.5
v 598.66894531 141.04946899 -1.5
v 598.68859863 140.86244202 48.5
v 598.68859863 140.86244202 -1.5
v 598.71746826 140.67660522 48.5
v 598.71746826 140.67660522 -1.5
v 598.75543213 140.49241638 48.5
v 598.75543213 140.49241638 -1.5
v 598.8024292 140.31031799 48.5
v 598.8024292 140.31031799 -1.5
v 598.8583374 140.13075256 48.5
v 598.8583374 140.13075256 -1.5
v 598.92303467 139.9541626 48.5
v 598.92303467 139.9541626 -1.5
v 598.99633789 139.78097534 48.5
v 598.99633789 139.78097534 -1.5
v 599.07806396 139.61161804 48.5
v 599.07806396 139.61161804 -1.5
v 599.16809082 139.44647217 48.5
v 599.16809082 139.44647217 -1.5
v 599.26605225 139.28598022 48.5
v 599.26605225 139.28598022 -1.5
v 599.37188721 139.13050842 48.5
v 599.37188721 139.13050842 -1.5
v 599.48522949 138.98042297 48.5
v 599.48522949 138.98042297 -1.5
v 599.60577393 138.83610535 48.5
v 599.60577393 138.83610535 -1.5
v 599.7333374 138.69792175 48.5
v 599.7333374 138.69792175 -1.5
v 599.86755371 138.56616211 48.5
v 599.86755371 138.56616211 -1.5
v 600.00805664 138.44119263 48.5
v 600.00805664 138.44119263 -1.5
v 600.15460205 138.32328796 48.5
v 600.15460205 138.32328796 -1.5
v 600.3067627 138.2127533 48.5
v 600.3067627 138.2127533 -1.5
v 600.46417236 138.10984802 48.5
v 600.46417236 138.10984802 -1.5
v 600.62646484 138.01480103 48.5
v 600.62646484 138.01480103 -1.5
v 600.79321289 137.92788696 48.5
v 600.79321289 137.92788696 -1.5
v 600.96405029 137.84928894 48.5
v 600.96405029 137.84928894 -1.5
v 601.1385498 137.77919006 48.5
v 601.1385498 137.77919006 -1.5
v 601.31634521 137.71777344 48.5
v 601.31634521 137.71777344 -1.5
v 601.49688721 137.66520691 48.5
v 601.49688721 137.66520691 -1.5
v 601.67980957 137.62158203 48.5
v 601.67980957 137.62158203 -1.5
v 601.86468506 137.58702087 48.5
v 601.86468506 137.58702087 -1.5
v 602.05102539 137.56161499 48.5
v 602.05102539 137.56161499 -1.5
v 602.23840332 137.54542542 48.5
v 602.23840332 137.54542542 -1.5
v 602.42633057 137.53846741 48.5
v 602.42633057 137.53846741 -1.5
v 602.61437988 137.54078674 48.5
v 602.61437988 137.54078674 -1.5
v 602.80206299 137.55236816 48.5
v 602.80206299 137.55236816 -1.5
v 602.98895264 137.57316589 48.5
v 602.98895264 137.57316589 -1.5
v 603.17462158 137.60316467 48.5
v 603.17462158 137.60316467 -1.5
v 603.35858154 137.64225769 48.5
v 603.35858154 137.64225769 -1.5
v 603.54040527 137.69038391 48.5
v 603.54040527 137.69038391 -1.5
v 603.71960449 137.74739075 48.5
v 603.71960449 137.74739075 -1.5
v 603.89581299 137.81315613 48.5
v 603.89581299 137.81315613 -1.5
v 604.06854248 137.88752747 48.5
v 604.06854248 137.88752747 -1.5
v 604.23736572 137.97032166 48.5
v 604.23736572 137.97032166 -1.5
v 604.40197754 138.06132507 -1.5
v 604.40197754 138.06132507 48.5
v 604.56182861 138.1603241 48.5
v 604.56182861 138.1603241 -1.5
v 609.5 227.29893494 -1.5
v 609.5 218.29893494 -1.5
v 609.5 227.29893494 48.5
v 609.5 218.29893494 48.5
v 609.49456787 218.078125 48.5
v 609.49456787 218.078125 -1.5
v 609.47833252 217.85786438 48.5
v 609.47833252 217.85786438 -1.5
v 609.45129395 217.63865662 48.5
v 609.45129395 217.63865662 -1.5
v 609.41357422 217.42103577 48.5
v 609.41357422 217.42103577 -1.5
v 609.36517334 217.20552063 48.5
v 609.36517334 217.20552063 -1.5
v 609.30621338 216.99266052 48.5
v 609.30621338 216.99266052 -1.5
v 609.23693848 216.78292847 48.5
v 609.23693848 216.78292847 -1.5
v 609.1574707 216.57685852 48.5
v 609.1574707 216.57685852 -1.5
v 609.06793213 216.37493896 48.5
v 609.06793213 216.37493896 -1.5
v 608.96862793 216.17765808 48.5
v 608.96862793 216.17765808 -1.5
v 608.85980225 215.98547363 48.5
v 608.85980225 215.98547363 -1.5
v 608.74163818 215.7988739 48.5
v 608.74163818 215.7988739 -1.5
v 608.61444092 215.61828613 48.5
v 608.61444092 215.61828613 -1.5
v 608.47857666 215.44416809 48.5
v 608.47857666 215.44416809 -1.5
v 608.33428955 215.2769165 48.5
v 608.33428955 215.2769165 -1.5
v 608.18200684 215.11695862 48.5
v 608.18200684 215.11695862 -1.5
v 608.02203369 214.96466064 48.5
v 608.02203369 214.96466064 -1.5
v 607.85479736 214.82038879 48.5
v 607.85479736 214.82038879 -1.5
v 607.68066406 214.68450928 48.5
v 607.68066406 214.68450928 -1.5
v 607.50006104 214.55732727 -1.5
v 607.50006104 214.55732727 48.5
v 607.31347656 214.43916321 48.5
v 607.31347656 214.43916321 -1.5
v 607.12127686 214.33029175 48.5
v 607.12127686 214.33029175 -1.5
v 606.92401123 214.23098755 48.5
v 606.92401123 214.23098755 -1.5
v 606.72210693 214.14147949 48.5
v 606.72210693 214.14147949 -1.5
v 606.51599121 214.0619812 -1.5
v 606.51599121 214.0619812 48.5
v 606.30627441 213.9927063 -1.5
v 606.30627441 213.9927063 48.5
v 606.09344482 213.93379211 -1.5
v 606.09344482 213.93379211 48.5
v 605.87792969 213.88540649 -1.5
v 605.87792969 213.88540649 48.5
v 605.66027832 213.84764099 -1.5
v 605.66027832 213.84764099 48.5
v 605.44110107 213.82060242 48.5
v 605.44110107 213.82060242 -1.5
v 605.2208252 213.80435181 -1.5
v 605.2208252 213.80435181 48.5
v 605 213.79893494 -1.5
v 605 213.79893494 48.5
v 596 213.79893494 -1.5
v 596 213.79893494 48.5
v 595.77923584 213.80435181 48.5
v 595.77923584 213.80435181 -1.5
v 595.55895996 213.82060242 48.5
v 595.55895996 213.82060242 -1.5
v 595.33972168 213.84764099 48.5
v 595.33972168 213.84764099 -1.5
v 595.12213135 213.88540649 48.5
v 595.12213135 213.88540649 -1.5
v 594.90661621 213.93379211 48.5
v 594.90661621 213.93379211 -1.5
v 594.69372559 213.9927063 48.5
v 594.69372559 213.9927063 -1.5
v 594.48400879 214.0619812 48.5
v 594.48400879 214.0619812 -1.5
v 594.2779541 214.14147949 48.5
v 594.2779541 214.14147949 -1.5
v 594.07598877 214.23098755 48.5
v 594.07598877 214.23098755 -1.5
v 593.87872314 214.33029175 48.5
v 593.87872314 214.33029175 -1.5
v 593.68652344 214.43916321 48.5
v 593.68652344 214.43916321 -1.5
v 593.49993896 214.55732727 48.5
v 593.49993896 214.55732727 -1.5
v 593.31933594 214.68450928 48.5
v 593.31933594 214.68450928 -1.5
v 593.14526367 214.82038879 48.5
v 593.14526367 214.82038879 -1.5
v 592.97796631 214.96466064 48.5
v 592.97796631 214.96466064 -1.5
v 592.8180542 215.11695862 48.5
v 592.8180542 215.11695862 -1.5
v 592.66571045 215.2769165 48.5
v 592.66571045 215.2769165 -1.5
v 592.52148438 215.44416809 48.5
v 592.52148438 215.44416809 -1.5
v 592.38555908 215.61828613 48.5
v 592.38555908 215.61828613 -1.5
v 592.25842285 215.7988739 -1.5
v 592.25842285 215.7988739 48.5
v 592.14025879 215.98547363 48.5
v 592.14025879 215.98547363 -1.5
v 592.03137207 216.17765808 48.5
v 592.03137207 216.17765808 -1.5
v 591.93206787 216.37493896 48.5
v 591.93206787 216.37493896 -1.5
v 591.8425293 216.57685852 48.5
v 591.8425293 216.57685852 -1.5
v 591.76306152 216.78292847 -1.5
v 591.76306152 216.78292847 48.5
v 591.69378662 216.99266052 -1.5
v 591.69378662 216.99266052 48.5
v 591.6348877 217.20552063 -1.5
v 591.6348877 217.20552063 48.5
v 591.58648682 217.42103577 -1.5
v 591.58648682 217.42103577 48.5
v 591.54870605 217.63865662 -1.5
v 591.54870605 217.63865662 48.5
v 591.52166748 217.85786438 48.5
v 591.52166748 217.85786438 -1.5
v 591.50543213 218.078125 -1.5
v 591.50543213 218.078125 48.5
v 591.5 218.29893494 -1.5
v 591.5 218.29893494 48.5
v 616.5 222.79893494 -1.5
v 616.51116943 223.24754333 -1.5
v 616.5 222.79893494 48.5
v 616.51116943 223.24754333 48.5
v 616.54473877 223.6950531 -1.5
v 616.54473877 223.6950531 48.5
v 616.6005249 224.14031982 -1.5
v 616.6005249 224.14031982 48.5
v 616.6784668 224.58224487 -1.5
v 616.6784668 224.58224487 48.5
v 616.77832031 225.01976013 -1.5
v 616.77832031 225.01976013 48.5
v 616.89984131 225.45173645 -1.5
v 616.89984131 225.45173645 48.5
v 617.04278564 225.87712097 -1.5
v 617.04278564 225.87712097 48.5
v 617.20672607 226.29484558 -1.5
v 617.20672607 226.29484558 48.5
v 617.39129639 226.70388794 -1.5
v 617.39129639 226.70388794 48.5
v 617.5960083 227.10322571 -1.5
v 617.5960083 227.10322571 48.5
v 617.82037354 227.49185181 -1.5
v 617.82037354 227.49185181 48.5
v 618.06384277 227.86882019 -1.5
v 618.06384277 227.86882019 48.5
v 618.32580566 228.23316956 -1.5
v 618.32580566 228.23316956 48.5
v 618.60559082 228.58403015 -1.5
v 618.60559082 228.58403015 48.5
v 618.90252686 228.92048645 -1.5
v 618.90252686 228.92048645 48.5
v 619.21588135 229.241745 -1.5
v 619.21588135 229.241745 48.5
v 619.54486084 229.54696655 -1.5
v 619.54486084 229.54696655 48.5
v 619.88861084 229.8354187 -1.5
v 619.88861084 229.8354187 48.5
v 620.24633789 230.10638428 -1.5
v 620.24633789 230.10638428 48.5
v 620.61706543 230.35917664 -1.5
v 620.61706543 230.35917664 48.5
v 621 230.59317017 -1.5
v 621 230.59317017 48.5
v 621.394104 230.80778503 -1.5
v 621.394104 230.80778503 48.5
v 621.79840088 231.00248718 -1.5
v 621.79840088 231.00248718 48.5
v 622.21191406 231.17680359 -1.5
v 622.21191406 231.17680359 48.5
v 622.63360596 231.33027649 -1.5
v 622.63360596 231.33027649 48.5
v 623.06243896 231.46255493 -1.5
v 623.06243896 231.46255493 48.5
v 623.49731445 231.57328796 -1.5
v 623.49731445 231.57328796 48.5
v 623.93719482 231.66220093 -1.5
v 623.93719482 231.66220093 48.5
v 624.38092041 231.72909546 -1.5
v 624.38092041 231.72909546 48.5
v 624.82745361 231.77377319 -1.5
v 624.82745361 231.77377319 48.5
v 625.27563477 231.79614258 -1.5
v 625.27563477 231.79614258 48.5
v 625.72436523 231.79614258 -1.5
v 625.72436523 231.79614258 48.5
v 626.17260742 231.77377319 -1.5
v 626.17260742 231.77377319 48.5
v 626.61907959 231.72909546 -1.5
v 626.61907959 231.72909546 48.5
v 627.06286621 231.66220093 -1.5
v 627.06286621 231.66220093 48.5
v 627.50268555 231.57328796 -1.5
v 627.50268555 231.57328796 48.5
v 627.93756104 231.46255493 -1.5
v 627.93756104 231.46255493 48.5
v 628.36639404 231.33027649 -1.5
v 628.36639404 231.33027649 48.5
v 628.78808594 231.17680359 -1.5
v 628.78808594 231.17680359 48.5
v 629.20159912 231.00248718 -1.5
v 629.20159912 231.00248718 48.5
v 629.605896 230.80778503 -1.5
v 629.605896 230.80778503 48.5
v 630 230.59317017 -1.5
v 630 230.59317017 48.5
v 630.38293457 230.35917664 -1.5
v 630.38293457 230.35917664 48.5
v 630.75372314 230.10638428 -1.5
v 630.75372314 230.10638428 48.5
v 631.11138916 229.8354187 -1.5
v 631.11138916 229.8354187 48.5
v 631.4552002 229.54696655 -1.5
v 631.4552002 229.54696655 48.5
v 631.78411865 229.241745 -1.5
v 631.78411865 229.241745 48.5
v 632.09747314 228.92048645 -1.5
v 632.09747314 228.92048645 48.5
v 632.39440918 228.58403015 -1.5
v 632.39440918 228.58403015 48.5
v 632.67419434 228.23316956 -1.5
v 632.67419434 228.23316956 48.5
v 632.93615723 227.86882019 -1.5
v 632.93615723 227.86882019 48.5
v 633.17962646 227.49185181 -1.5
v 633.17962646 227.49185181 48.5
v 633.4039917 227.10322571 -1.5
v 633.4039917 227.10322571 48.5
v 633.60870361 226.70388794 -1.5
v 633.60870361 226.70388794 48.5
v 633.79327393 226.29484558 -1.5
v 633.79327393 226.29484558 48.5
v 633.95721436 225.87712097 -1.5
v 633.95721436 225.87712097 48.5
v 634.10015869 225.45173645 -1.5
v 634.10015869 225.45173645 48.5
v 634.22167969 225.01976013 -1.5
v 634.22167969 225.01976013 48.5
v 634.3215332 224.58224487 -1.5
v 634.3215332 224.58224487 48.5
v 634.3994751 224.14031982 -1.5
v 634.3994751 224.14031982 48.5
v 634.45526123 223.6950531 -1.5
v 634.45526123 223.6950531 48.5
v 634.48883057 223.24754333 -1.5
v 634.48883057 223.24754333 48.5
v 634.5 222.79893494 -1.5
v 634.5 222.79893494 48.5
v 634.48883057 222.35032654 -1.5
v 634.48883057 222.35032654 48.5
v 634.45526123 221.90283203 -1.5
v 634.45526123 221.90283203 48.5
v 634.3994751 221.45755005 -1.5
v 634.3994751 221.45755005 48.5
v 634.3215332 221.015625 -1.5
v 634.3215332 221.015625 48.5
v 634.22167969 220.578125 -1.5
v 634.22167969 220.578125 48.5
v 634.10015869 220.14613342 -1.5
v 634.10015869 220.14613342 48.5
v 633.95721436 219.7207489 -1.5
v 633.95721436 219.7207489 48.5
v 633.79327393 219.30302429 -1.5
v 633.79327393 219.30302429 48.5
v 633.60870361 218.89398193 -1.5
v 633.60870361 218.89398193 48.5
v 633.4039917 218.49464417 -1.5
v 633.4039917 218.49464417 48.5
v 633.17962646 218.10601807 -1.5
v 633.17962646 218.10601807 48.5
v 632.93615723 217.72904968 -1.5
v 632.93615723 217.72904968 48.5
v 632.67419434 217.36470032 -1.5
v 632.67419434 217.36470032 48.5
v 632.39440918 217.01385498 -1.5
v 632.39440918 217.01385498 48.5
v 632.09747314 216.67738342 -1.5
v 632.09747314 216.67738342 48.5
v 631.78411865 216.35614014 -1.5
v 631.78411865 216.35614014 48.5
v 631.4552002 216.05090332 -1.5
v 631.4552002 216.05090332 48.5
v 631.11138916 215.76245117 -1.5
v 631.11138916 215.76245117 48.5
v 630.75372314 215.49150085 -1.5
v 630.75372314 215.49150085 48.5
v 630.38293457 215.2387085 -1.5
v 630.38293457 215.2387085 48.5
v 630 215.00471497 -1.5
v 630 215.00471497 48.5
v 629.605896 214.79008484 -1.5
v 629.605896 214.79008484 48.5
v 629.20159912 214.59538269 -1.5
v 629.20159912 214.59538269 48.5
v 628.78808594 214.42106628 -1.5
v 628.78808594 214.42106628 48.5
v 628.36639404 214.26759338 -1.5
v 628.36639404 214.26759338 48.5
v 627.93756104 214.13531494 -1.5
v 627.93756104 214.13531494 48.5
v 627.50268555 214.02458191 -1.5
v 627.50268555 214.02458191 48.5
v 627.06286621 213.93566895 -1.5
v 627.06286621 213.93566895 48.5
v 626.61907959 213.86878967 -1.5
v 626.61907959 213.86878967 48.5
v 626.17260742 213.82409668 -1.5
v 626.17260742 213.82409668 48.5
v 625.72436523 213.80172729 -1.5
v 625.72436523 213.80172729 48.5
v 625.27563477 213.80172729 -1.5
v 625.27563477 213.80172729 48.5
v 624.82745361 213.82409668 -1.5
v 624.82745361 213.82409668 48.5
v 624.38092041 213.86878967 -1.5
v 624.38092041 213.86878967 48.5
v 623.93719482 213.93566895 -1.5
v 623.93719482 213.93566895 48.5
v 623.49731445 214.02458191 -1.5
v 623.49731445 214.02458191 48.5
v 623.06243896 214.13531494 -1.5
v 623.06243896 214.13531494 48.5
v 622.63360596 214.26759338 -1.5
v 622.63360596 214.26759338 48.5
v 622.21191406 214.42106628 -1.5
v 622.21191406 214.42106628 48.5
v 621.79840088 214.59538269 -1.5
v 621.79840088 214.59538269 48.5
v 621.394104 214.79008484 -1.5
v 621.394104 214.79008484 48.5
v 621 215.00471497 -1.5
v 621 215.00471497 48.5
v 620.61706543 215.2387085 -1.5
v 620.61706543 215.2387085 48.5
v 620.24633789 215.49150085 -1.5
v 620.24633789 215.49150085 48.5
v 619.88861084 215.76245117 -1.5
v 619.88861084 215.76245117 48.5
v 619.54486084 216.05090332 48.5
v 619.54486084 216.05090332 -1.5
v 619.21588135 216.35614014 -1.5
v 619.21588135 216.35614014 48.5
v 618.90252686 216.67738342 -1.5
v 618.90252686 216.67738342 48.5
v 618.60559082 217.01385498 -1.5
v 618.60559082 217.01385498 48.5
v 618.32580566 217.36470032 -1.5
v 618.32580566 217.36470032 48.5
v 618.06384277 217.72904968 -1.5
v 618.06384277 217.72904968 48.5
v 617.82037354 218.10601807 -1.5
v 617.82037354 218.10601807 48.5
v 617.5960083 218.49464417 -1.5
v 617.5960083 218.49464417 48.5
v 617.39129639 218.89398193 -1.5
v 617.39129639 218.89398193 48.5
v 617.20672607 219.30302429 -1.5
v 617.20672607 219.30302429 48.5
v 617.04278564 219.7207489 -1.5
v 617.04278564 219.7207489 48.5
v 616.89984131 220.14613342 -1.5
v 616.89984131 220.14613342 48.5
v 616.77832031 220.578125 -1.5
v 616.77832031 220.578125 48.5
v 616.6784668 221.015625 48.5
v 616.6784668 221.015625 -1.5
v 616.6005249 221.45755005 -1.5
v 616.6005249 221.45755005 48.5
v 616.54473877 221.90283203 -1.5
v 616.54473877 221.90283203 48.5
v 616.51116943 222.35032654 -1.5
v 616.51116943 222.35032654 48.5
v 605 231.79893494 48.5
v 605 231.79893494 -1.5
v 605.2208252 231.79351807 48.5
v 605.2208252 231.79351807 -1.5
v 605.44110107 231.77726746 48.5
v 605.44110107 231.77726746 -1.5
v 605.66027832 231.75022888 48.5
v 605.66027832 231.75022888 -1.5
v 605.87792969 231.71246338 48.5
v 605.87792969 231.71246338 -1.5
v 606.09344482 231.66407776 48.5
v 606.09344482 231.66407776 -1.5
v 606.30627441 231.60516357 48.5
v 606.30627441 231.60516357 -1.5
v 606.51599121 231.53588867 48.5
v 606.51599121 231.53588867 -1.5
v 606.72210693 231.45639038 48.5
v 606.72210693 231.45639038 -1.5
v 606.92401123 231.36688232 48.5
v 606.92401123 231.36688232 -1.5
v 607.12127686 231.26757812 48.5
v 607.12127686 231.26757812 -1.5
v 607.31347656 231.15872192 48.5
v 607.31347656 231.15872192 -1.5
v 607.50006104 231.0405426 48.5
v 607.50006104 231.0405426 -1.5
v 607.68066406 230.91337585 48.5
v 607.68066406 230.91337585 -1.5
v 607.85479736 230.77748108 48.5
v 607.85479736 230.77748108 -1.5
v 608.02203369 230.63320923 48.5
v 608.02203369 230.63320923 -1.5
v 608.18200684 230.48091125 48.5
v 608.18200684 230.48091125 -1.5
v 608.33428955 230.32095337 48.5
v 608.33428955 230.32095337 -1.5
v 608.47857666 230.15370178 48.5
v 608.47857666 230.15370178 -1.5
v 608.61444092 229.97958374 48.5
v 608.61444092 229.97958374 -1.5
v 608.74163818 229.79899597 -1.5
v 608.74163818 229.79899597 48.5
v 608.85980225 229.61239624 48.5
v 608.85980225 229.61239624 -1.5
v 608.96862793 229.42022705 48.5
v 608.96862793 229.42022705 -1.5
v 609.06793213 229.22293091 48.5
v 609.06793213 229.22293091 -1.5
v 609.1574707 229.02101135 48.5
v 609.1574707 229.02101135 -1.5
v 609.23693848 228.81494141 -1.5
v 609.23693848 228.81494141 48.5
v 609.30621338 228.60522461 -1.5
v 609.30621338 228.60522461 48.5
v 609.36517334 228.39234924 -1.5
v 609.36517334 228.39234924 48.5
v 609.41357422 228.17684937 -1.5
v 609.41357422 228.17684937 48.5
v 609.45129395 227.95922852 -1.5
v 609.45129395 227.95922852 48.5
v 609.47833252 227.74002075 48.5
v 609.47833252 227.74002075 -1.5
v 609.49456787 227.51974487 -1.5
v 609.49456787 227.51974487 48.5
v 591.5 227.29893494 -1.5
v 591.5 227.29893494 48.5
v 596 231.79893494 -1.5
v 596 231.79893494 48.5
v 591.50543213 227.51974487 48.5
v 591.50543213 227.51974487 -1.5
v 591.52166748 227.74002075 48.5
v 591.52166748 227.74002075 -1.5
v 591.54870605 227.95922852 48.5
v 591.54870605 227.95922852 -1.5
v 591.58648682 228.17684937 48.5
v 591.58648682 228.17684937 -1.5
v 591.6348877 228.39234924 48.5
v 591.6348877 228.39234924 -1.5
v 591.69378662 228.60522461 48.5
v 591.69378662 228.60522461 -1.5
v 591.76306152 228.81494141 48.5
v 591.76306152 228.81494141 -1.5
v 591.8425293 229.02101135 48.5
v 591.8425293 229.02101135 -1.5
v 591.93206787 229.22293091 48.5
v 591.93206787 229.22293091 -1.5
v 592.03137207 229.42022705 48.5
v 592.03137207 229.42022705 -1.5
v 592.14025879 229.61239624 48.5
v 592.14025879 229.61239624 -1.5
v 592.25842285 229.79899597 48.5
v 592.25842285 229.79899597 -1.5
v 592.38555908 229.97958374 48.5
v 592.38555908 229.97958374 -1.5
v 592.52148438 230.15370178 48.5
v 592.52148438 230.15370178 -1.5
v 592.66571045 230.32095337 48.5
v 592.66571045 230.32095337 -1.5
v 592.8180542 230.48091125 48.5
v 592.8180542 230.48091125 -1.5
v 592.97796631 230.63320923 48.5
v 592.97796631 230.63320923 -1.5
v 593.14526367 230.77748108 48.5
v 593.14526367 230.77748108 -1.5
v 593.31933594 230.91337585 48.5
v 593.31933594 230.91337585 -1.5
v 593.49993896 231.0405426 -1.5
v 593.49993896 231.0405426 48.5
v 593.68652344 231.15872192 48.5
v 593.68652344 231.15872192 -1.5
v 593.87872314 231.26757812 48.5
v 593.87872314 231.26757812 -1.5
v 594.07598877 231.36688232 48.5
v 594.07598877 231.36688232 -1.5
v 594.2779541 231.45639038 48.5
v 594.2779541 231.45639038 -1.5
v 594.48400879 231.53588867 -1.5
v 594.48400879 231.53588867 48.5
v 594.69372559 231.60516357 -1.5
v 594.69372559 231.60516357 48.5
v 594.90661621 231.66407776 -1.5
v 594.90661621 231.66407776 48.5
v 595.12213135 231.71246338 -1.5
v 595.12213135 231.71246338 48.5
v 595.33972168 231.75022888 -1.5
v 595.33972168 231.75022888 48.5
v 595.55895996 231.77726746 48.5
v 595.55895996 231.77726746 -1.5
v 595.77923584 231.79351807 -1.5
v 595.77923584 231.79351807 48.5
v 767.81207275 232.39970398 48.5
v 740.01287842 232.39970398 48.5
v 767.81207275 232.39970398 -1.5
v 740.01287842 232.39970398 -1.5
v 771.62872314 228.58309937 -1.5
v 771.62872314 228.58309937 48.5
v 771.62408447 228.77037048 -1.5
v 771.62408447 228.77037048 48.5
v 771.61035156 228.9571991 -1.5
v 771.61035156 228.9571991 48.5
v 771.58740234 229.14311218 -1.5
v 771.58740234 229.14311218 48.5
v 771.55535889 229.3276825 -1.5
v 771.55535889 229.3276825 48.5
v 771.51434326 229.51045227 -1.5
v 771.51434326 229.51045227 48.5
v 771.46435547 229.69099426 -1.5
v 771.46435547 229.69099426 48.5
v 771.40557861 229.86888123 -1.5
v 771.40557861 229.86888123 48.5
v 771.3381958 230.0436554 -1.5
v 771.3381958 230.0436554 48.5
v 771.26226807 230.21490479 -1.5
v 771.26226807 230.21490479 48.5
v 771.17803955 230.38223267 -1.5
v 771.17803955 230.38223267 48.5
v 771.08569336 230.54522705 -1.5
v 771.08569336 230.54522705 48.5
v 770.98547363 230.70349121 -1.5
v 770.98547363 230.70349121 48.5
v 770.87762451 230.85664368 -1.5
v 770.87762451 230.85664368 48.5
v 770.76239014 231.00431824 -1.5
v 770.76239014 231.00431824 48.5
v 770.64001465 231.1461792 -1.5
v 770.64001465 231.1461792 48.5
v 770.51086426 231.28184509 -1.5
v 770.51086426 231.28184509 48.5
v 770.37518311 231.41101074 -1.5
v 770.37518311 231.41101074 48.5
v 770.2333374 231.53337097 -1.5
v 770.2333374 231.53337097 48.5
v 770.08563232 231.64862061 -1.5
v 770.08563232 231.64862061 48.5
v 769.93249512 231.75648499 48.5
v 769.93249512 231.75648499 -1.5
v 769.77423096 231.85670471 -1.5
v 769.77423096 231.85670471 48.5
v 769.61120605 231.94903564 -1.5
v 769.61120605 231.94903564 48.5
v 769.44390869 232.03326416 -1.5
v 769.44390869 232.03326416 48.5
v 769.27264404 232.10917664 -1.5
v 769.27264404 232.10917664 48.5
v 769.09790039 232.17658997 48.5
v 769.09790039 232.17658997 -1.5
v 768.91998291 232.23535156 48.5
v 768.91998291 232.23535156 -1.5
v 768.73944092 232.2853241 48.5
v 768.73944092 232.2853241 -1.5
v 768.55670166 232.32637024 48.5
v 768.55670166 232.32637024 -1.5
v 768.37213135 232.35839844 48.5
v 768.37213135 232.35839844 -1.5
v 768.18621826 232.38131714 -1.5
v 768.18621826 232.38131714 48.5
v 767.99938965 232.39509583 48.5
v 767.99938965 232.39509583 -1.5
v 771.62872314 212.36689758 48.5
v 771.62872314 212.36689758 -1.5
v 767.81207275 208.55029297 -1.5
v 767.81207275 208.55029297 48.5
v 767.99938965 208.55490112 -1.5
v 767.99938965 208.55490112 48.5
v 768.18621826 208.56867981 -1.5
v 768.18621826 208.56867981 48.5
v 768.37213135 208.59161377 -1.5
v 768.37213135 208.59161377 48.5
v 768.55670166 208.62364197 -1.5
v 768.55670166 208.62364197 48.5
v 768.73944092 208.66467285 -1.5
v 768.73944092 208.66467285 48.5
v 768.91998291 208.71464539 -1.5
v 768.91998291 208.71464539 48.5
v 769.09790039 208.77340698 -1.5
v 769.09790039 208.77340698 48.5
v 769.27264404 208.84082031 -1.5
v 769.27264404 208.84082031 48.5
v 769.44390869 208.91673279 -1.5
v 769.44390869 208.91673279 48.5
v 769.61120605 209.0009613 -1.5
v 769.61120605 209.0009613 48.5
v 769.77423096 209.09329224 -1.5
v 769.77423096 209.09329224 48.5
v 769.93249512 209.19351196 -1.5
v 769.93249512 209.19351196 48.5
v 770.08563232 209.30137634 -1.5
v 770.08563232 209.30137634 48.5
v 770.2333374 209.41662598 -1.5
v 770.2333374 209.41662598 48.5
v 770.37518311 209.53898621 -1.5
v 770.37518311 209.53898621 48.5
v 770.51086426 209.66815186 -1.5
v 770.51086426 209.66815186 48.5
v 770.64001465 209.80383301 -1.5
v 770.64001465 209.80383301 48.5
v 770.76239014 209.94567871 -1.5
v 770.76239014 209.94567871 48.5
v 770.87762451 210.09335327 -1.5
v 770.87762451 210.09335327 48.5
v 770.98547363 210.24650574 48.5
v 770.98547363 210.24650574 -1.5
v 771.08569336 210.4047699 -1.5
v 771.08569336 210.4047699 48.5
v 771.17803955 210.56776428 -1.5
v 771.17803955 210.56776428 48.5
v 771.26226807 210.73509216 -1.5
v 771.26226807 210.73509216 48.5
v 771.3381958 210.90635681 -1.5
v 771.3381958 210.90635681 48.5
v 771.40557861 211.08113098 48.5
v 771.40557861 211.08113098 -1.5
v 771.46435547 211.25900269 48.5
v 771.46435547 211.25900269 -1.5
v 771.51434326 211.43954468 48.5
v 771.51434326 211.43954468 -1.5
v 771.55535889 211.62231445 48.5
v 771.55535889 211.62231445 -1.5
v 771.58740234 211.80688477 48.5
v 771.58740234 211.80688477 -1.5
v 771.61035156 211.99281311 -1.5
v 771.61035156 211.99281311 48.5
v 771.62408447 212.17962646 48.5
v 771.62408447 212.17962646 -1.5
v 740.01287842 208.55029297 48.5
v 740.01287842 208.55029297 -1.5
v 736.19628906 212.36689758 -1.5
v 736.19628906 212.36689758 48.5
v 736.20092773 212.17962646 -1.5
v 736.20092773 212.17962646 48.5
v 736.21466064 211.99281311 -1.5
v 736.21466064 211.99281311 48.5
v 736.23760986 211.80688477 -1.5
v 736.23760986 211.80688477 48.5
v 736.26965332 211.62231445 -1.5
v 736.26965332 211.62231445 48.5
v 736.31066895 211.43954468 -1.5
v 736.31066895 211.43954468 48.5
v 736.36065674 211.25900269 -1.5
v 736.36065674 211.25900269 48.5
v 736.41937256 211.08113098 -1.5
v 736.41937256 211.08113098 48.5
v 736.48681641 210.90635681 -1.5
v 736.48681641 210.90635681 48.5
v 736.56274414 210.73509216 -1.5
v 736.56274414 210.73509216 48.5
v 736.64697266 210.56776428 -1.5
v 736.64697266 210.56776428 48.5
v 736.73931885 210.4047699 -1.5
v 736.73931885 210.4047699 48.5
v 736.83953857 210.24650574 -1.5
v 736.83953857 210.24650574 48.5
v 736.9473877 210.09335327 -1.5
v 736.9473877 210.09335327 48.5
v 737.06262207 209.94567871 -1.5
v 737.06262207 209.94567871 48.5
v 737.18499756 209.80383301 -1.5
v 737.18499756 209.80383301 48.5
v 737.31414795 209.66815186 -1.5
v 737.31414795 209.66815186 48.5
v 737.4498291 209.53898621 -1.5
v 737.4498291 209.53898621 48.5
v 737.5916748 209.41662598 -1.5
v 737.5916748 209.41662598 48.5
v 737.73937988 209.30137634 -1.5
v 737.73937988 209.30137634 48.5
v 737.89251709 209.19351196 48.5
v 737.89251709 209.19351196 -1.5
v 738.05078125 209.09329224 -1.5
v 738.05078125 209.09329224 48.5
v 738.21374512 209.0009613 -1.5
v 738.21374512 209.0009613 48.5
v 738.38110352 208.91673279 -1.5
v 738.38110352 208.91673279 48.5
v 738.55236816 208.84082031 -1.5
v 738.55236816 208.84082031 48.5
v 738.72711182 208.77340698 48.5
v 738.72711182 208.77340698 -1.5
v 738.9050293 208.71464539 48.5
v 738.9050293 208.71464539 -1.5
v 739.08557129 208.66467285 48.5
v 739.08557129 208.66467285 -1.5
v 739.26831055 208.62364197 48.5
v 739.26831055 208.62364197 -1.5
v 739.45288086 208.59161377 48.5
v 739.45288086 208.59161377 -1.5
v 739.63879395 208.56867981 -1.5
v 739.63879395 208.56867981 48.5
v 739.82562256 208.55490112 48.5
v 739.82562256 208.55490112 -1.5
v 736.19628906 228.58309937 48.5
v 736.19628906 228.58309937 -1.5
v 739.82562256 232.39509583 -1.5
v 739.82562256 232.39509583 48.5
v 739.63879395 232.38131714 -1.5
v 739.63879395 232.38131714 48.5
v 739.45288086 232.35839844 -1.5
v 739.45288086 232.35839844 48.5
v 739.26831055 232.32637024 -1.5
v 739.26831055 232.32637024 48.5
v 739.08557129 232.2853241 -1.5
v 739.08557129 232.2853241 48.5
v 738.9050293 232.23535156 -1.5
v 738.9050293 232.23535156 48.5
v 738.72711182 232.17658997 -1.5
v 738.72711182 232.17658997 48.5
v 738.55236816 232.10917664 -1.5
v 738.55236816 232.10917664 48.5
v 738.38110352 232.03326416 -1.5
v 738.38110352 232.03326416 48.5
v 738.21374512 231.94903564 -1.5
v 738.21374512 231.94903564 48.5
v 738.05078125 231.85670471 -1.5
v 738.05078125 231.85670471 48.5
v 737.89251709 231.75648499 -1.5
v 737.89251709 231.75648499 48.5
v 737.73937988 231.64862061 -1.5
v 737.73937988 231.64862061 48.5
v 737.5916748 231.53337097 -1.5
v 737.5916748 231.53337097 48.5
v 737.4498291 231.41101074 -1.5
v 737.4498291 231.41101074 48.5
v 737.31414795 231.28184509 -1.5
v 737.31414795 231.28184509 48.5
v 737.18499756 231.1461792 -1.5
v 737.18499756 231.1461792 48.5
v 737.06262207 231.00431824 -1.5
v 737.06262207 231.00431824 48.5
v 736.9473877 230.85664368 -1.5
v 736.9473877 230.85664368 48.5
v 736.83953857 230.70349121 48.5
v 736.83953857 230.70349121 -1.5
v 736.73931885 230.54522705 -1.5
v 736.73931885 230.54522705 48.5
v 736.64697266 230.38223267 -1.5
v 736.64697266 230.38223267 48.5
v 736.56274414 230.21490479 -1.5
v 736.56274414 230.21490479 48.5
v 736.48681641 230.0436554 -1.5
v 736.48681641 230.0436554 48.5
v 736.41937256 229.86888123 48.5
v 736.41937256 229.86888123 -1.5
v 736.36065674 229.69099426 48.5
v 736.36065674 229.69099426 -1.5
v 736.31066895 229.51045227 48.5
v 736.31066895 229.51045227 -1.5
v 736.26965332 229.3276825 48.5
v 736.26965332 229.3276825 -1.5
v 736.23760986 229.14311218 48.5
v 736.23760986 229.14311218 -1.5
v 736.21466064 228.9571991 -1.5
v 736.21466064 228.9571991 48.5
v 736.20092773 228.77037048 48.5
v 736.20092773 228.77037048 -1.5
v 798.31652832 269.97406006 46.55395508
v 798.39019775 269.96157837 46.5
v 798.29345703 269.97836304 46.5
v 798.19604492 269.99035645 46.5
v 798.12652588 269.99490356 46.56564331
v 798.09814453 269.99758911 46.5
v 798 270 46.5
v 798.64404297 269.89273071 46.55284882
v 798.67376709 269.88308716 46.5
v 798.58056641 269.91387939 46.5
v 798.45092773 269.94592285 46.60009766
v 798.48596191 269.94006348 46.5
v 798.25653076 269.97955322 46.62493896
v 798.06567383 269.99490356 46.62652588
v 798 269.99758911 46.5981369
v 798 269.99035645 46.69603348
v 798.77856445 269.8404541 46.58049393
v 798.85510254 269.8079834 46.5
v 798.76538086 269.8477478 46.5
v 798.58575439 269.90716553 46.63996887
v 798.38891602 269.95376587 46.67775345
v 799.09008789 269.67675781 46.51309204
v 799.11114502 269.66293335 46.5
v 799.02819824 269.7154541 46.5
v 798.19256592 269.98138428 46.69256973
v 798.91070557 269.77764893 46.60258102
v 798.94281006 269.76385498 46.5
v 798.72003174 269.85778809 46.67368317
v 798.5223999 269.91751099 46.72405243
v 799.21234131 269.59051514 46.52059937
v 799.26879883 269.54602051 46.5
v 799.19140625 269.60641479 46.5
v 798.32250977 269.95767212 46.75199509
v 799.03936768 269.70452881 46.61943054
v 798.12493896 269.97955322 46.75653839
v 798.85247803 269.79797363 46.70143127
v 798.65594482 269.87084961 46.7638855
v 799.32849121 269.49481201 46.52430725
v 799.41418457 269.41421509 46.5
v 799.34313965 269.48190308 46.5
v 798.45422363 269.92376709 46.80470276
v 799.16345215 269.62145996 46.63143921
v 798.25201416 269.95767212 46.82248306
v 798.98205566 269.72790527 46.72347641
v 798.05395508 269.97406006 46.81654358
v 798 269.97836304 46.79346085
v 798 269.96157837 46.8901825
v 798.78833008 269.81387329 46.79737854
v 799.43768311 269.39013672 46.5247612
v 799.48187256 269.34310913 46.5
v 798.58666992 269.87957764 46.85067368
v 799.28186035 269.52886963 46.63905716
v 798.38153076 269.92584229 46.88154984
v 799.10760498 269.6479187 46.7401619
v 798.17773438 269.95376587 46.88888931
v 798.918396 269.74673462 46.82474136
v 799.53894043 269.27716064 46.5225563
v 799.60644531 269.19140625 46.5
v 799.54602051 269.26879883 46.5
v 798.71856689 269.82525635 46.8899765
v 799.39379883 269.42721558 46.64279556
v 798.51245117 269.88397217 46.93365479
v 799.22802734 269.55834961 46.7518959
v 798.3046875 269.92376709 46.95423508
v 799.04510498 269.66970825 46.84626007
v 799.6315918 269.15652466 46.51831818
v 799.66296387 269.11114502 46.5
v 798.10009766 269.94592285 46.95090103
v 798 269.94006348 46.98596191
v 798.84881592 269.76092529 46.9227562
v 799.49822998 269.31710815 46.64321136
v 798.64349365 269.8321228 46.9787941
v 799.34240723 269.4597168 46.75914383
v 798.43365479 269.88397217 47.0124321
v 799.16723633 269.5831604 46.86229706
v 799.71496582 269.0289917 46.51269913
v 799.76385498 268.94277954 46.5
v 799.7154541 269.02819824 46.5
v 798.22406006 269.91751099 47.02241898
v 798.97619629 269.68676758 46.94924545
v 799.59436035 269.19918823 46.64090729
v 798.77349854 269.77041626 47.01706696
v 799.44976807 269.35250854 46.7624321
v 798.56341553 269.83441162 47.06342316
v 799.28381348 269.48745728 46.87326813
v 798.35064697 269.87957764 47.08665085
v 799.09973145 269.6031189 46.96974564
v 799.68151855 269.07418823 46.63651657
v 798.13995361 269.90716553 47.08578491
v 798 269.91387939 47.08057022
v 798.90130615 269.69900513 47.04863358
v 799.54925537 269.23733521 46.7623291
v 798.69281006 269.775177 47.10723114
v 799.39385986 269.38314819 46.87966537
v 798.4788208 269.8321228 47.14347076
v 799.21820068 269.51034546 46.98464203
v 799.75897217 268.94284058 46.63069916
v 799.8079834 268.85510254 46.5
v 798.26385498 269.87084961 47.15595627
v 799.02581787 269.61816406 47.07374954
v 799.64001465 269.11489868 46.75944901
v 798.05285645 269.89273071 47.14403915
v 798 269.88308716 47.17377853
v 798.82073975 269.70639038 47.14396667
v 799.49639893 269.27075195 46.88201904
v 798.60723877 269.775177 47.19283676
v 799.33062744 269.40890503 46.99436569
v 799.82617188 268.80599976 46.62413025
v 799.84777832 268.76538086 46.5
v 798.38995361 269.82525635 47.21855927
v 799.14593506 269.52825928 47.09274292
v 799.72143555 268.98590088 46.75442886
v 798.17370605 269.85778809 47.22003555
v 798.94592285 269.62826538 47.17382431
v 799.59063721 269.15093994 46.8809166
v 798.73480225 269.70883179 47.23480225
v 799.43609619 269.29931641 46.99942398
v 799.88269043 268.66455078 46.61748886
v 799.91387939 268.58056641 46.5
v 799.88311768 268.67376709 46.5
v 798.51708984 269.77041626 47.27348328
v 799.26049805 269.42965698 47.10600281
v 799.79278564 268.85119629 46.74793625
v 798.29736328 269.81387329 47.28834152
v 799.06726074 269.54110718 47.19707108
v 799.67584229 269.02441406 46.87697983
v 798.08050537 269.8404541 47.27858353
v 798 269.8477478 47.2653656
v 798 269.8079834 47.35511017
v 798.86035156 269.63330078 47.26950073
v 799.53369141 269.18215942 47.0003624
v 799.92816162 268.51947021 46.61145401
v 799.96154785 268.39016724 46.5
v 799.94006348 268.48596191 46.5
v 798.64398193 269.70639038 47.32071686
v 799.36859131 269.32284546 47.1139946
v 799.85357666 268.71157837 46.74065018
v 798.42272949 269.76092529 47.34879684
v 799.18371582 269.44528198 47.21405792
v 799.75128174 268.89190674 46.87085342
v 798.20141602 269.79797363 47.35250092
v 798.98266602 269.54882812 47.29714203
v 799.62249756 269.05813599 46.99777985
v 799.96228027 268.37167358 46.6067009
v 799.97833252 268.29345703 46.5
v 798.76947021 269.63330078 47.3603363
v 799.46929932 269.20840454 47.11722946
v 799.90338135 268.56799316 46.73324966
v 798.54864502 269.69900513 47.40131378
v 799.29425049 269.34127808 47.22520065
v 799.81634521 268.75427246 46.86320877
v 798.32476807 269.74673462 47.4184227
v 799.10070801 269.45578003 47.3180275
v 799.7019043 268.927948 46.99230957
v 799.98492432 268.22219849 46.60387039
v 799.99761963 268.09814453 46.5
v 799.99035645 268.19604492 46.5
v 798.1026001 269.77764893 47.41072845
v 798 269.76385498 47.4427948
v 798 269.7154541 47.52820587
v 798.89251709 269.55142212 47.3924942
v 799.56164551 269.08694458 47.11627579
v 799.94195557 268.42138672 46.72641754
v 798.67382812 269.62826538 47.44590759
v 799.39782715 269.22955322 47.23097229
v 799.87060547 268.61233521 46.85473633
v 798.44921875 269.68676758 47.47621536
v 799.21337891 269.35449219 47.33252335
v 799.77124023 268.79238892 46.98460388
v 799.99603271 268.07208252 46.60359192
v 799.99035645 268 46.69603348
v 799.99761963 268 46.5981369
v 800 268 46.5
v 798.22344971 269.72790527 47.48204803
v 799.01177979 269.46102905 47.41743088
v 799.64489746 268.95916748 47.11174011
v 799.96899414 268.2727356 46.7208252
v 798.79711914 269.54882812 47.48267746
v 799.49353027 269.11071777 47.23190689
v 799.91363525 268.46707153 46.8461113
v 798.57373047 269.61816406 47.52582169
v 799.31958008 269.2454834 47.34106445
v 799.82989502 268.65228271 46.97534943
v 798.34625244 269.66970825 47.54507828
v 799.12634277 269.36245728 47.43547058
v 799.71838379 268.82580566 47.10426712
v 799.984375 268.12301636 46.71710968
v 799.97833252 268 46.79346085
v 798.1194458 269.70452881 47.53936768
v 798 269.66293335 47.6111412
v 798.91741943 269.46102905 47.51180649
v 799.58056641 268.9854126 47.22859192
v 799.94519043 268.31942749 46.83802414
v 798.69708252 269.54110718 47.56727982
v 799.41845703 269.12930298 47.34414673
v 799.87750244 268.50854492 46.96522522
v 798.46972656 269.6031189 47.59970474
v 799.23498535 269.25616455 47.4469986
v 799.78149414 268.68768311 47.0945282
v 798.24017334 269.6479187 47.60757828
v 799.03356934 269.3651123 47.53355789
v 799.65808105 268.8543396 47.22164536
v 799.96502686 268.17034912 46.83113098
v 798.8180542 269.45578003 47.60071182
v 799.50909424 269.00653076 47.3423233
v 799.91363525 268.36209106 46.95492554
v 798.5927124 269.52825928 47.64590454
v 799.33685303 269.14263916 47.45246887
v 799.83361816 268.54562378 47.08320236
v 798.36230469 269.5831604 47.66721344
v 799.14440918 269.26150513 47.54827499
v 799.7255249 268.71829224 47.21171951
v 799.97314453 268.02090454 46.82608032
v 799.96154785 268 46.8901825
v 798.13146973 269.62145996 47.66342545
v 798 269.60641479 47.69139862
v 798 269.54602051 47.76878738
v 798.93548584 269.36245728 47.62633133
v 799.59063721 268.87786865 47.33618927
v 799.93804932 268.21386719 46.94512939
v 798.71405029 269.44528198 47.68373871
v 799.4309082 269.02249146 47.45240402
v 799.87445068 268.40054321 47.0709877
v 798.48461914 269.51034546 47.71818924
v 799.24902344 269.15066528 47.55636978
v 799.7822876 268.57809448 47.19950104
v 798.25189209 269.55834961 47.72803879
v 799.04827881 269.26150513 47.64442825
v 799.66235352 268.74404907 47.3263855
v 799.95068359 268.06491089 46.93650055
v 799.94006348 268 46.98596191
v 798.83251953 269.35449219 47.71336365
v 799.51629639 268.89630127 47.44736862
v 799.90362549 268.25338745 47.05857468
v 798.60601807 269.42965698 47.76050186
v 799.34631348 269.03314209 47.55832291
v 799.82781982 268.43457031 47.18567276
v 798.37329102 269.48745728 47.7837944
v 799.15539551 269.15335083 47.6553688
v 799.72369385 268.60583496 47.31357193
v 798.13903809 269.52886963 47.78189087
v 798.94702148 269.25616455 47.73501205
v 799.59228516 268.76480103 47.43798447
v 799.92095947 268.10510254 47.0466423
v 799.91387939 268 47.08057022
v 798.72521973 269.34127808 47.79424667
v 799.4354248 268.90951538 47.55467224
v 799.86187744 268.28866577 47.1709404
v 798.49438477 269.40890503 47.83063889
v 799.2557373 269.03851318 47.65959167
v 799.77404785 268.46405029 47.29844284
v 798.25915527 269.4597168 47.84241867
v 799.05639648 269.15066528 47.74900818
v 799.65808105 268.62869263 47.42489243
v 798.02429199 269.49481201 47.82852173
v 798 269.48190308 47.84311676
v 798 269.41421509 47.91421509
v 798.84106445 269.2454834 47.81960678
v 799.51550293 268.78042603 47.54600143
v 799.88409424 268.1413269 47.15599442
v 799.88311768 268 47.17377853
v 798.61401367 269.32284546 47.86860657
v 799.34838867 268.91748047 47.65759277
v 799.81292725 268.3196106 47.28170013
v 798.37963867 269.38314819 47.89383316
v 799.15960693 269.03851318 47.75573349
v 799.71325684 268.48883057 47.40878296
v 798.14282227 269.42721558 47.8937912
v 798.95245361 269.14263916 47.8368454
v 799.58587646 268.64660645 47.53294373
v 798.73095703 269.22955322 47.8978157
v 799.43249512 268.79089355 47.64993668
v 799.84014893 268.17340088 47.26404572
v 798.49945068 269.29931641 47.93609619
v 799.25567627 268.9201355 47.75566101
v 799.75714111 268.3460083 47.39034653
v 798.26245117 269.35250854 47.94978333
v 799.05834961 269.03314209 47.84630966
v 799.64575195 268.50878906 47.5161705
v 798.02478027 269.39013672 47.93766785
v 798 269.34310913 47.98190308
v 798.84417725 269.12930298 47.91847992
v 799.50726318 268.65945435 47.6372261
v 799.85540771 268.02636719 47.24617386
v 799.84777832 268 47.2653656
v 798.61724854 269.20840454 47.96928024
v 799.34362793 268.79614258 47.74930573
v 799.78942871 268.20117188 47.37029266
v 798.38201904 269.27075195 47.99640656
v 799.15759277 268.91748047 47.84841156
v 799.69470215 268.36779785 47.49636841
v 798.14318848 269.31710815 47.99822998
v 798.95239258 269.02249146 47.93089294
v 799.57189941 268.52383423 47.62011337
v 798.73193359 269.11071777 47.99353027
v 799.42272949 268.66717529 47.73725128
v 799.80987549 268.05517578 47.34933853
v 799.76385498 268 47.4427948
v 799.8079834 268 47.35511017
v 798.50036621 269.18215942 48.03366089
v 799.24932861 268.79614258 47.843647
v 799.73217773 268.22451782 47.47425079
v 798.2623291 269.23733521 48.04925156
v 799.0546875 268.90951538 47.9354248
v 799.62585449 268.38485718 47.5992775
v 798.02258301 269.27716064 48.03895187
v 798 269.26879883 48.04602051
v 798 269.19140625 48.10641479
v 798.84234619 269.00653076 48.00909424
v 799.49206543 268.53390503 47.72012711
v 798.61627197 269.08694458 48.06164932
v 799.33258057 268.66976929 47.83255768
v 799.75787354 268.07977295 47.45053101
v 799.7154541 268 47.52820587
v 798.38092041 269.15093994 48.09066772
v 799.14996338 268.79089355 47.93252563
v 799.6685791 268.24331665 47.57542801
v 798.14093018 269.19918823 48.09438705
v 798 269.11114502 48.16294098
v 798.9473877 268.89630127 48.01628876
v 799.55102539 268.39709473 47.69859695
v 798.72857666 268.9854126 48.08054733
v 799.40655518 268.53897095 47.81574631
v 798.49780273 269.05813599 48.12251663
v 799.23724365 268.66717529 47.92270279
v 799.69970703 268.10006714 47.54928207
v 799.66296387 268 47.6111412
v 798.25946045 269.11489868 48.14002991
v 799.04602051 268.78042603 48.015522
v 799.59906006 268.25747681 47.67335892
v 798.83618164 268.87786865 48.09063339
v 799.47045898 268.40444946 47.7938652
v 798.61175537 268.95916748 48.14492416
v 799.31573486 268.53897095 47.90653229
v 798.37695312 269.02441406 48.17585373
v 799.13720703 268.65945435 48.00726318
v 799.63562012 268.11593628 47.64513397
v 799.60644531 268 47.69139862
v 798.13653564 269.07418823 48.18152237
v 798.93798828 268.76480103 48.09225845
v 799.52380371 268.26696777 47.76758957
v 798.72161865 268.8543396 48.15810776
v 799.38464355 268.40692139 47.88463211
v 798.49230957 268.927948 48.20192337
v 799.22015381 268.53390503 47.99205399
v 798.25445557 268.98590088 48.22140884
v 799.03295898 268.64660645 48.08585358
v 799.56591797 268.12734985 47.73764038
v 799.54602051 268 47.76878738
v 798.01269531 269.0289917 48.21494675
v 798 269.02819824 48.21545792
v 798 268.94277954 48.26384354
v 798.82635498 268.74404907 48.16237259
v 799.4432373 268.27172852 47.85768127
v 798.60424805 268.82580566 48.21840286
v 799.29388428 268.40444946 47.9704895
v 798.37084961 268.89190674 48.25127792
v 799.12011719 268.52383423 48.0719223
v 798.13067627 268.94284058 48.25897598
v 798 268.85510254 48.30797958
v 798.92486572 268.62869263 48.15810394
v 799.49090576 268.13418579 47.82637405
v 799.48187256 268 47.84311676
v 798.71173096 268.71829224 48.22554398
v 799.35766602 268.27172852 47.94321442
v 798.48461914 268.79238892 48.27123642
v 799.1986084 268.39709473 48.05102539
v 798.2479248 268.85119629 48.29276657
v 799.01617432 268.50878906 48.1457634
v 798.81359863 268.60583496 48.22367859
v 799.41088867 268.13647461 47.91091537
v 799.34313965 268 47.98190308
v 799.41418457 268 47.91421509
v 798.59454346 268.68768311 48.28147507
v 799.26757812 268.26696777 48.02378845
v 798.36322021 268.75427246 48.31636429
v 799.0993042 268.38485718 48.12587738
v 798.12414551 268.80599976 48.32618713
v 798 268.76538086 48.34775925
v 798.90875244 268.48883057 48.21323013
v 798.69952393 268.57809448 48.28227615
v 799.32635498 268.13418579 47.99088287
v 799.26879883 268 48.04602051
v 798.4753418 268.65228271 48.32990646
v 799.17333984 268.25747681 48.09903717
v 798.24066162 268.71157837 48.35357285
v 798.99639893 268.36779785 48.19468689
v 798.79846191 268.46405029 48.27401733
v 798.58319092 268.54562378 48.33362579
v 799.2376709 268.12734985 48.06589508
v 799.19140625 268 48.10641479
v 798.35473633 268.61233521 48.3706131
v 799.07543945 268.24331665 48.16860962
v 798.11749268 268.66455078 48.38269806
v 798 268.67376709 48.38308716
v 798 268.58056641 48.41387939
v 798.89031982 268.3460083 48.25714493
v 798.68566895 268.43457031 48.3278389
v 798.46520996 268.50854492 48.37748337
v 799.1451416 268.11593628 48.13561249
v 799.11114502 268 48.16294098
v 798.23327637 268.56799316 48.40341187
v 798.97424316 268.22451782 48.23217773
v 798.78167725 268.3196106 48.31295395
v 798.57098389 268.40054321 48.37444305
v 798.34613037 268.46707153 48.4136467
v 799.04925537 268.10006714 48.19970322
v 799.02819824 268 48.21545792
v 798.1114502 268.51947021 48.42814255
v 798 268.48596191 48.44006348
v 798 268.39016724 48.46157074
v 798.87030029 268.20117188 48.28944778
v 798.67095947 268.28866577 48.36185455
v 798.45495605 268.36209106 48.41361618
v 798.22644043 268.42138672 48.44194794
v 798.95056152 268.07977295 48.25787354
v 798.94281006 268 48.26384354
v 798.76403809 268.17340088 48.34015656
v 798.55859375 268.25338745 48.40362549
v 798.3380127 268.31942749 48.44517517
v 798.10668945 268.37167358 48.4622612
v 798 268.29345703 48.47835159
v 798.84936523 268.05517578 48.30985641
v 798.76538086 268 48.34775925
v 798.85510254 268 48.30797958
v 798.65600586 268.1413269 48.38406372
v 798.58056641 268 48.41387939
v 798.67376709 268 48.38308716
v 798.44512939 268.21386719 48.43806839
v 798.2208252 268.2727356 48.46897507
v 798.74615479 268.02636719 48.3554039
v 798.54663086 268.10510254 48.42097092
v 798.48596191 268 48.44006348
v 798.33111572 268.17034912 48.46502686
v 798.10388184 268.22219849 48.48490143
v 798 268.19604492 48.49036789
v 798 268.09814453 48.49758911
v 798.43652344 268.06491089 48.45070648
v 798.39019775 268 48.46157074
v 798.21710205 268.12301636 48.48437119
v 798.19604492 268 48.49036789
v 798.29345703 268 48.47835159
v 798.3260498 268.02090454 48.47312927
v 798.10357666 268.07208252 48.49601364
v 798 268 48.5
v 798.09814453 268 48.49758911
v 800 268 -1.5
v 799.99761963 268.09814453 -1.5
v 799.99035645 268.19604492 -1.5
v 799.97833252 268.29345703 -1.5
v 799.96154785 268.39016724 -1.5
v 799.94006348 268.48596191 -1.5
v 799.91387939 268.58056641 -1.5
v 799.88311768 268.67376709 -1.5
v 799.84777832 268.76538086 -1.5
v 799.8079834 268.85510254 -1.5
v 799.76385498 268.94277954 -1.5
v 799.7154541 269.02819824 -1.5
v 799.66296387 269.11114502 -1.5
v 799.60644531 269.19140625 -1.5
v 799.54602051 269.26879883 -1.5
v 799.48187256 269.34310913 -1.5
v 799.41418457 269.41421509 -1.5
v 799.34313965 269.48190308 -1.5
v 799.26879883 269.54602051 -1.5
v 799.19140625 269.60641479 -1.5
v 799.11114502 269.66293335 -1.5
v 799.02819824 269.7154541 -1.5
v 798.94281006 269.76385498 -1.5
v 798.85510254 269.8079834 -1.5
v 798.76538086 269.8477478 -1.5
v 798.67376709 269.88308716 -1.5
v 798.58056641 269.91387939 -1.5
v 798.48596191 269.94006348 -1.5
v 798.39019775 269.96157837 -1.5
v 798.29345703 269.97836304 -1.5
v 798.19604492 269.99035645 -1.5
v 798.09814453 269.99758911 -1.5
v 798 270 -1.5
v 799.97406006 41.68345642 46.55395508
v 799.96154785 41.6098175 46.5
v 799.97833252 41.70653915 46.5
v 799.99035645 41.80396652 46.5
v 799.99493408 41.87347412 46.56564331
v 799.99761963 41.9018631 46.5
v 800 42 46.5
v 799.8927002 41.35596085 46.55284882
v 799.88311768 41.32622147 46.5
v 799.91387939 41.41942978 46.5
v 799.94592285 41.54909897 46.60009766
v 799.94006348 41.51403809 46.5
v 799.97955322 41.74346161 46.62493896
v 799.99493408 41.93435669 46.62652588
v 799.99761963 42 46.5981369
v 799.99035645 42 46.69603348
v 799.8404541 41.22141647 46.58049393
v 799.8079834 41.14488983 46.5
v 799.84777832 41.2346344 46.5
v 799.90716553 41.41421509 46.63996887
v 799.95373535 41.61111069 46.67775345
v 799.67675781 40.90988159 46.51309204
v 799.66296387 40.8888588 46.5
v 799.7154541 40.97179413 46.5
v 799.98138428 41.80743027 46.69256973
v 799.77764893 41.08927155 46.60258102
v 799.76385498 41.0572052 46.5
v 799.85778809 41.27996445 46.67368317
v 799.9175415 41.47758102 46.72405243
v 799.59051514 40.7876358 46.52059937
v 799.54602051 40.73121262 46.5
v 799.60644531 40.80860138 46.5
v 799.95770264 41.67751694 46.75199509
v 799.70452881 40.96063232 46.61943054
v 799.97955322 41.87506104 46.75653839
v 799.79797363 41.14749908 46.70143127
v 799.87084961 41.34404373 46.7638855
v 799.49481201 40.67147827 46.52430725
v 799.41418457 40.58578491 46.5
v 799.48187256 40.65688324 46.5
v 799.92376709 41.54576492 46.80470276
v 799.62145996 40.83657455 46.63143921
v 799.95770264 41.74800491 46.82248306
v 799.72790527 41.01795197 46.72347641
v 799.97406006 41.94604492 46.81654358
v 799.97833252 42 46.79346085
v 799.96154785 42 46.8901825
v 799.81384277 41.21165848 46.79737854
v 799.39013672 40.56233215 46.5247612
v 799.34313965 40.51809692 46.5
v 799.87957764 41.41334915 46.85067368
v 799.52886963 40.71810913 46.63905716
v 799.92584229 41.61845016 46.88154984
v 799.64788818 40.89242172 46.7401619
v 799.95373535 41.82224655 46.88888931
v 799.7467041 41.0815773 46.82474136
v 799.27716064 40.46104813 46.5225563
v 799.19140625 40.39358521 46.5
v 799.26879883 40.45397949 46.5
v 799.82525635 41.28144073 46.8899765
v 799.42724609 40.6062088 46.64279556
v 799.88397217 41.4875679 46.93365479
v 799.55834961 40.77196121 46.7518959
v 799.92376709 41.69529724 46.95423508
v 799.66967773 40.95492172 46.84626007
v 799.15649414 40.36839294 46.51831818
v 799.11114502 40.33705902 46.5
v 799.94592285 41.89990234 46.95090103
v 799.94006348 42 46.98596191
v 799.76092529 41.15120316 46.9227562
v 799.31713867 40.50177002 46.64321136
v 799.83215332 41.35652924 46.9787941
v 799.4597168 40.65758133 46.75914383
v 799.88397217 41.56634521 47.0124321
v 799.58312988 40.83278656 46.86229706
v 799.0289917 40.28505325 46.51269913
v 798.94281006 40.23615646 46.5
v 799.02819824 40.28454208 46.5
v 799.9175415 41.77594757 47.02241898
v 799.68676758 41.02378464 46.94924545
v 799.19921875 40.40561295 46.64090729
v 799.77038574 41.22651672 47.01706696
v 799.35247803 40.55021667 46.7624321
v 799.83441162 41.43657684 47.06342316
v 799.48748779 40.7162056 46.87326813
v 799.87957764 41.64932632 47.08665085
v 799.60308838 40.90029526 46.96974564
v 799.07415771 40.31847763 46.63651657
v 799.90716553 41.86003113 47.08578491
v 799.91387939 42 47.08057022
v 799.69903564 41.09868622 47.04863358
v 799.23736572 40.45074844 46.7623291
v 799.77514648 41.30716324 47.10723114
v 799.38311768 40.60616684 46.87966537
v 799.83215332 41.5212059 47.14347076
v 799.51031494 40.78181076 46.98464203
v 798.94281006 40.24102402 46.63069916
v 798.85510254 40.19202042 46.5
v 799.87084961 41.7361145 47.15595627
v 799.61816406 40.97417831 47.07374954
v 799.11486816 40.35997009 46.75944901
v 799.8927002 41.94715118 47.14403915
v 799.88311768 42 47.17377853
v 799.70635986 41.17928314 47.14396667
v 799.27075195 40.50359344 46.88201904
v 799.77514648 41.39276886 47.19283676
v 799.40887451 40.66936111 46.99436569
v 798.80596924 40.17381287 46.62413025
v 798.76538086 40.15224075 46.5
v 799.82525635 41.6100235 47.21855927
v 799.52825928 40.85409546 47.09274292
v 798.98590088 40.27859116 46.75442886
v 799.85778809 41.82631683 47.22003555
v 799.62823486 41.05409241 47.17382431
v 799.15093994 40.40933228 46.8809166
v 799.7088623 41.26519775 47.23480225
v 799.29931641 40.56390381 46.99942398
v 798.66455078 40.11730194 46.61748886
v 798.58056641 40.08612061 46.5
v 798.67376709 40.11691284 46.5
v 799.77038574 41.48293304 47.27348328
v 799.42962646 40.73949814 47.10600281
v 798.85119629 40.20723343 46.74793625
v 799.81384277 41.70262146 47.28834152
v 799.54107666 40.93272018 47.19707108
v 799.02441406 40.32414627 46.87697983
v 799.8404541 41.91950607 47.27858353
v 799.84777832 42 47.2653656
v 799.8079834 42 47.35511017
v 799.63330078 41.1396637 47.26950073
v 799.18218994 40.46633911 47.0003624
v 798.51947021 40.07185745 46.61145401
v 798.39019775 40.03842926 46.5
v 798.48596191 40.05993652 46.5
v 799.70635986 41.35603333 47.32071686
v 799.32287598 40.63139343 47.1139946
v 798.71160889 40.14642715 46.74065018
v 799.76092529 41.5772438 47.34879684
v 799.4453125 40.81626129 47.21405792
v 798.89190674 40.24872208 46.87085342
v 799.79797363 41.79856873 47.35250092
v 799.54882812 41.01732254 47.29714203
v 799.0581665 40.37748337 46.99777985
v 798.3717041 40.0377388 46.6067009
v 798.29345703 40.02164841 46.5
v 799.63330078 41.23049927 47.3603363
v 799.20843506 40.53071976 47.11722946
v 798.56799316 40.09658813 46.73324966
v 799.69903564 41.45136642 47.40131378
v 799.34124756 40.70575333 47.22520065
v 798.75427246 40.18363571 46.86320877
v 799.7467041 41.67525864 47.4184227
v 799.45574951 40.89928818 47.3180275
v 798.92797852 40.29807663 46.99230957
v 798.222229 40.01509857 46.60387039
v 798.09814453 40.00241089 46.5
v 798.19604492 40.00963211 46.5
v 799.77764893 41.89741898 47.41072845
v 799.76385498 42 47.4427948
v 799.7154541 42 47.52820587
v 799.55145264 41.1075058 47.3924942
v 799.0869751 40.43835068 47.11627579
v 798.42138672 40.05805206 46.72641754
v 799.62823486 41.32617569 47.44590759
v 799.22955322 40.6021843 47.23097229
v 798.61236572 40.1293869 46.85473633
v 799.68676758 41.55075455 47.47621536
v 799.35449219 40.78663635 47.33252335
v 798.79241943 40.22876358 46.98460388
v 798.07208252 40.00398636 46.60359192
v 798 40.00963211 46.69603348
v 798 40.00241089 46.5981369
v 798 40 46.5
v 799.72790527 41.77652359 47.48204803
v 799.46099854 40.98819351 47.41743088
v 798.95916748 40.35507584 47.11174011
v 798.27270508 40.03102493 46.7208252
v 799.54882812 41.20285797 47.48267746
v 799.11071777 40.50646973 47.23190689
v 798.46710205 40.0863533 46.8461113
v 799.61816406 41.42625046 47.52582169
v 799.2454834 40.68039322 47.34106445
v 798.65228271 40.17009354 46.97534943
v 799.66967773 41.65373993 47.54507828
v 799.36242676 40.87366867 47.43547058
v 798.82580566 40.28159714 47.10426712
v 798.12304688 40.01562881 46.71710968
v 798 40.02164841 46.79346085
v 799.70452881 41.88056946 47.53936768
v 799.66296387 42 47.6111412
v 799.46099854 41.08256912 47.51180649
v 798.9854126 40.41945267 47.22859192
v 798.31939697 40.05482483 46.83802414
v 799.54107666 41.30292892 47.56727982
v 799.1293335 40.58152008 47.34414673
v 798.50854492 40.12251663 46.96522522
v 799.60308838 41.53025436 47.59970474
v 799.25616455 40.76498795 47.4469986
v 798.68768311 40.21852493 47.0945282
v 799.64788818 41.7598381 47.60757828
v 799.3651123 40.96644211 47.53355789
v 798.85437012 40.34189224 47.22164536
v 798.17034912 40.03497314 46.83113098
v 799.45574951 41.1819725 47.60071182
v 799.00653076 40.49090576 47.3423233
v 798.36212158 40.08638382 46.95492554
v 799.52825928 41.40725708 47.64590454
v 799.14263916 40.6631546 47.45246887
v 798.54559326 40.16637421 47.08320236
v 799.58312988 41.63770294 47.66721344
v 799.26153564 40.85557175 47.54827499
v 798.71832275 40.27445602 47.21171951
v 798.02087402 40.02687073 46.82608032
v 798 40.03842926 46.8901825
v 799.62145996 41.86856079 47.66342545
v 799.60644531 42 47.69139862
v 799.54602051 42 47.76878738
v 799.36242676 41.06452942 47.62633133
v 798.87786865 40.40936661 47.33618927
v 798.21386719 40.06193161 46.94512939
v 799.4453125 41.28594208 47.68373871
v 799.02246094 40.56910706 47.45240402
v 798.4005127 40.12555695 47.0709877
v 799.51031494 41.51535797 47.71818924
v 799.1506958 40.75099182 47.55636978
v 798.57806396 40.21772385 47.19950104
v 799.55834961 41.7481041 47.72803879
v 799.26153564 40.95172501 47.64442825
v 798.74401855 40.33762741 47.3263855
v 798.06488037 40.04929352 46.93650055
v 798 40.05993652 46.98596191
v 799.35449219 41.16747665 47.71336365
v 798.89630127 40.48371124 47.44736862
v 798.25335693 40.09637451 47.05857468
v 799.42962646 41.39399719 47.76050186
v 799.03314209 40.65369034 47.55832291
v 798.43457031 40.1721611 47.18567276
v 799.48748779 41.62673187 47.7837944
v 799.15338135 40.8446312 47.6553688
v 798.60583496 40.27632141 47.31357193
v 799.52886963 41.86094284 47.78189087
v 799.25616455 41.0530014 47.73501205
v 798.76477051 40.40774155 47.43798447
v 798.10510254 40.07902908 47.0466423
v 798 40.08612061 47.08057022
v 799.34124756 41.27479935 47.79424667
v 798.9095459 40.5645752 47.55467224
v 798.28869629 40.13814545 47.1709404
v 799.40887451 41.50563431 47.83063889
v 799.03851318 40.74426651 47.65959167
v 798.46405029 40.22598267 47.29844284
v 799.4597168 41.74085617 47.84241867
v 799.1506958 40.94363022 47.74900818
v 798.62872314 40.34189606 47.42489243
v 799.49481201 41.97569275 47.82852173
v 799.48187256 42 47.84311676
v 799.41418457 42 47.91421509
v 799.2454834 41.15893555 47.81960678
v 798.78045654 40.484478 47.54600143
v 798.14129639 40.11593628 47.15599442
v 798 40.11691284 47.17377853
v 799.32287598 41.3860054 47.86860657
v 798.91748047 40.65158844 47.65759277
v 798.31958008 40.18704605 47.28170013
v 799.38311768 41.62033463 47.89383316
v 799.03851318 40.84040833 47.75573349
v 798.48883057 40.28676987 47.40878296
v 799.42724609 41.85720444 47.8937912
v 799.14263916 41.04753113 47.8368454
v 798.64660645 40.41414642 47.53294373
v 799.22955322 41.26902771 47.8978157
v 798.79089355 40.56747437 47.64993668
v 798.17340088 40.15984344 47.26404572
v 799.29931641 41.50057602 47.93609619
v 798.92010498 40.74433899 47.75566101
v 798.3460083 40.24285507 47.39034653
v 799.35247803 41.7375679 47.94978333
v 799.03314209 40.94167709 47.84630966
v 798.50878906 40.3542366 47.5161705
v 799.39013672 41.9752388 47.93766785
v 799.34313965 42 47.98190308
v 799.1293335 41.15585327 47.91847992
v 798.65942383 40.49273682 47.6372261
v 798.02636719 40.1445961 47.24617386
v 798 40.15224075 47.2653656
v 799.20843506 41.38277054 47.96928024
v 798.79614258 40.656353 47.74930573
v 798.20117188 40.21055222 47.37029266
v 799.27075195 41.61798096 47.99640656
v 798.91748047 40.84240723 47.84841156
v 798.36779785 40.30531311 47.49636841
v 799.31713867 41.85678864 47.99822998
v 799.02246094 41.04759598 47.93089294
v 798.52386475 40.4280777 47.62011337
v 799.11071777 41.26809311 47.99353027
v 798.66717529 40.57729721 47.73725128
v 798.05517578 40.19014359 47.34933853
v 798 40.23615646 47.4427948
v 798 40.19202042 47.35511017
v 799.18218994 41.4996376 48.03366089
v 798.79614258 40.75069427 47.843647
v 798.2244873 40.26782227 47.47425079
v 799.23736572 41.7376709 48.04925156
v 798.9095459 40.94532776 47.9354248
v 798.38482666 40.37412262 47.5992775
v 799.27716064 41.9774437 48.03895187
v 799.26879883 42 48.04602051
v 799.19140625 42 48.10641479
v 799.00653076 41.1576767 48.00909424
v 798.53393555 40.50794601 47.72012711
v 799.0869751 41.38372421 48.06164932
v 798.66973877 40.66744232 47.83255768
v 798.07977295 40.24212646 47.45053101
v 798 40.28454208 47.52820587
v 799.15093994 41.6190834 48.09066772
v 798.79089355 40.85006332 47.93252563
v 798.24328613 40.33139038 47.57542801
v 799.19921875 41.85909271 48.09438705
v 799.11114502 42 48.16294098
v 798.89630127 41.05263138 48.01628876
v 798.39709473 40.44897461 47.69859695
v 798.9854126 41.27140808 48.08054733
v 798.53894043 40.59346771 47.81574631
v 799.0581665 41.50222015 48.12251663
v 798.66717529 40.76274872 47.92270279
v 798.10003662 40.30029678 47.54928207
v 798 40.33705902 47.6111412
v 799.11486816 41.74055099 48.14002991
v 798.78045654 40.95399857 48.015522
v 798.25750732 40.40096283 47.67335892
v 798.87786865 41.16381073 48.09063339
v 798.40447998 40.5295105 47.7938652
v 798.95916748 41.38825989 48.14492416
v 798.53894043 40.68425369 47.90653229
v 799.02441406 41.62302017 48.17585373
v 798.65942383 40.8627739 48.00726318
v 798.1159668 40.36438751 47.64513397
v 798 40.39358521 47.69139862
v 799.07415771 41.86348343 48.18152237
v 798.76477051 41.06201553 48.09225845
v 798.26696777 40.47621155 47.76758957
v 798.85437012 41.27835464 48.15810776
v 798.40692139 40.61536789 47.88463211
v 798.92797852 41.50769043 48.20192337
v 798.53393555 40.77987289 47.99205399
v 798.98590088 41.74557114 48.22140884
v 798.64660645 40.96705627 48.08585358
v 798.12731934 40.43410492 47.73764038
v 798 40.45397949 47.76878738
v 799.0289917 41.98730087 48.21494675
v 799.02819824 42 48.21545792
v 798.94281006 42 48.26384354
v 798.74401855 41.1736145 48.16237259
v 798.27172852 40.55678558 47.85768127
v 798.82580566 41.39573288 48.21840286
v 798.40447998 40.7061348 47.9704895
v 798.89190674 41.62914658 48.25127792
v 798.52386475 40.87988663 48.0719223
v 798.94281006 41.86930084 48.25897598
v 798.85510254 42 48.30797958
v 798.62872314 41.07510757 48.15810394
v 798.13421631 40.50911713 47.82637405
v 798 40.51809692 47.84311676
v 798.71832275 41.28828049 48.22554398
v 798.27172852 40.64231873 47.94321442
v 798.79241943 41.51539612 48.27123642
v 798.39709473 40.80140305 48.05102539
v 798.85119629 41.75206375 48.29276657
v 798.50878906 40.9838295 48.1457634
v 798.60583496 41.18642807 48.22367859
v 798.13647461 40.58908463 47.91091537
v 798 40.65688324 47.98190308
v 798 40.58578491 47.91421509
v 798.68768311 41.4054718 48.28147507
v 798.26696777 40.73241043 48.02378845
v 798.75427246 41.63679123 48.31636429
v 798.38482666 40.9007225 48.12587738
v 798.80596924 41.87586975 48.32618713
v 798.76538086 42 48.34775925
v 798.48883057 41.09121704 48.21323013
v 798.57806396 41.30049896 48.28227615
v 798.13421631 40.67362595 47.99088287
v 798 40.73121262 48.04602051
v 798.65228271 41.52465057 48.32990646
v 798.25750732 40.82664108 48.09903717
v 798.71160889 41.75934982 48.35357285
v 798.36779785 41.00363159 48.19468689
v 798.46405029 41.20155716 48.27401733
v 798.54559326 41.41679764 48.33362579
v 798.12731934 40.76235962 48.06589508
v 798 40.80860138 48.10641479
v 798.61236572 41.64526367 48.3706131
v 798.24328613 40.92457199 48.16860962
v 798.66455078 41.88251114 48.38269806
v 798.67376709 42 48.38308716
v 798.58056641 42 48.41387939
v 798.3460083 41.10965347 48.25714493
v 798.43457031 41.31432724 48.3278389
v 798.50854492 41.53477478 48.37748337
v 798.1159668 40.85486603 48.13561249
v 798 40.8888588 48.16294098
v 798.56799316 41.76675034 48.40341187
v 798.2244873 41.02574921 48.23217773
v 798.31958008 41.21829987 48.31295395
v 798.4005127 41.4290123 48.37444305
v 798.46710205 41.6538887 48.4136467
v 798.10003662 40.95071793 48.19970322
v 798 40.97179413 48.21545792
v 798.51947021 41.88854599 48.42814255
v 798.48596191 42 48.44006348
v 798.39019775 42 48.46157074
v 798.20117188 41.12970734 48.28944778
v 798.28869629 41.3290596 48.36185455
v 798.36212158 41.54507446 48.41361618
v 798.42138672 41.77358246 48.44194794
v 798.07977295 41.04946899 48.25787354
v 798 41.0572052 48.26384354
v 798.17340088 41.23595428 48.34015656
v 798.25335693 41.44142532 48.40362549
v 798.31939697 41.66197586 48.44517517
v 798.3717041 41.8932991 48.4622612
v 798.29345703 42 48.47835159
v 798.05517578 41.15066147 48.30985641
v 798 41.2346344 48.34775925
v 798 41.14488983 48.30797958
v 798.14129639 41.34400558 48.38406372
v 798 41.41942978 48.41387939
v 798 41.32622147 48.38308716
v 798.21386719 41.55487061 48.43806839
v 798.27270508 41.7791748 48.46897507
v 798.02636719 41.25382614 48.3554039
v 798.10510254 41.4533577 48.42097092
v 798 41.51403809 48.44006348
v 798.17034912 41.66886902 48.46502686
v 798.222229 41.89612961 48.48490143
v 798.19604492 42 48.49036789
v 798.09814453 42 48.49758911
v 798.06488037 41.56349945 48.45070648
v 798 41.6098175 48.46157074
v 798.12304688 41.78289032 48.48437119
v 798 41.80396652 48.49036789
v 798 41.70653915 48.47835159
v 798.02087402 41.67391968 48.47312927
v 798.07208252 41.89640808 48.49601364
v 798 42 48.5
v 798 41.9018631 48.49758911
v 798 40 -1.5
v 798.09814453 40.00241089 -1.5
v 798.19604492 40.00963211 -1.5
v 798.29345703 40.02164841 -1.5
v 798.39019775 40.03842926 -1.5
v 798.48596191 40.05993652 -1.5
v 798.58056641 40.08612061 -1.5
v 798.67376709 40.11691284 -1.5
v 798.76538086 40.15224075 -1.5
v 798.85510254 40.19202042 -1.5
v 798.94281006 40.23615646 -1.5
v 799.02819824 40.28454208 -1.5
v 799.11114502 40.33705902 -1.5
v 799.19140625 40.39358521 -1.5
v 799.26879883 40.45397949 -1.5
v 799.34313965 40.51809692 -1.5
v 799.41418457 40.58578491 -1.5
v 799.48187256 40.65688324 -1.5
v 799.54602051 40.73121262 -1.5
v 799.60644531 40.80860138 -1.5
v 799.66296387 40.8888588 -1.5
v 799.7154541 40.97179413 -1.5
v 799.76385498 41.0572052 -1.5
v 799.8079834 41.14488983 -1.5
v 799.84777832 41.2346344 -1.5
v 799.88311768 41.32622147 -1.5
v 799.91387939 41.41942978 -1.5
v 799.94006348 41.51403809 -1.5
v 799.96154785 41.6098175 -1.5
v 799.97833252 41.70653915 -1.5
v 799.99035645 41.80396652 -1.5
v 799.99761963 41.9018631 -1.5
v 800 42 -1.5
v 571.95465088 268.04718018 48.49892807
v 572 268 48.5
v 572 268.09814453 48.49758911
v 571.90185547 268 48.49758911
v 571.90203857 268.1602478 48.49116135
v 572 268.19604492 48.49036789
v 571.95666504 268.38128662 48.46283722
v 572 268.29345703 48.47835159
v 572 268.39016724 48.46157074
v 572 268.48596191 48.44006348
v 571.80438232 268.0456543 48.48988724
v 571.70654297 268 48.47835159
v 571.80395508 268 48.49036789
v 571.85284424 268.27407837 48.47565842
v 571.91448975 268.49163818 48.43674469
v 572 268.58056641 48.41387939
v 571.7520752 268.16229248 48.47792816
v 571.80737305 268.38815308 48.45249176
v 571.87628174 268.60144043 48.40340424
v 572 268.67376709 48.38308716
v 571.95874023 268.79797363 48.3334465
v 572 268.76538086 48.34775925
v 572 268.85510254 48.30797958
v 571.65460205 268.04699707 48.46938705
v 571.60980225 268 48.46157074
v 571.70343018 268.27941895 48.45805359
v 571.76586914 268.50195312 48.42177582
v 571.84210205 268.71020508 48.36297226
v 571.93200684 268.90020752 48.28465652
v 572 268.94277954 48.26384354
v 571.60296631 268.16653442 48.45310974
v 571.65875244 268.39654541 48.43035889
v 571.72845459 268.6149292 48.3836441
v 571.81219482 268.81741333 48.31563568
v 571.50628662 268.05062866 48.43744659
v 571.41943359 268 48.41387939
v 571.51403809 268 48.44006348
v 571.9095459 269.00024414 48.22954559
v 572 269.02819824 48.21545792
v 571.55523682 268.28631592 48.42879105
v 571.61816406 268.51309204 48.39496994
v 571.6953125 268.7265625 48.33828354
v 571.78662109 268.9225769 48.26161575
v 571.45574951 268.17236328 48.41679382
v 571.89141846 269.09759521 48.16838074
v 572 269.11114502 48.16294098
v 572 269.19140625 48.10641479
v 571.51165771 268.40576172 48.39653778
v 571.58190918 268.62854004 48.35205841
v 571.66662598 268.83633423 48.2858963
v 571.36053467 268.05587769 48.39418411
v 571.32623291 268 48.38308716
v 571.76550293 269.02520752 48.20116043
v 571.40930176 268.29406738 48.38801193
v 571.87780762 269.1918335 48.10143661
v 572 269.26879883 48.04602051
v 571.47235107 268.52438354 48.35650253
v 571.55010986 268.74234009 48.30181503
v 571.64251709 268.94372559 48.22673035
v 571.31140137 268.17910767 48.36915588
v 571.74902344 269.12481689 48.13455582
v 571.36712646 268.41519165 48.35123825
v 571.86865234 269.28250122 48.02902985
v 572 269.34310913 47.98190308
v 571.43756104 268.64160156 48.30887222
v 571.52294922 268.85394287 48.24448013
v 571.21820068 268.06207275 48.33982468
v 571.14489746 268 48.30797958
v 571.23461914 268 48.34775925
v 571.62304688 269.04824829 48.16105652
v 571.26654053 268.30203247 48.33597183
v 571.73718262 269.22097778 48.06210327
v 571.32940674 268.53515625 48.30664062
v 571.86407471 269.36920166 47.95149612
v 572 269.41421509 47.91421509
v 571.4074707 268.75683594 48.2538681
v 571.50061035 268.96289062 48.18031311
v 571.1708374 268.18609619 48.31049347
v 571.60839844 269.14941406 48.08918381
v 571.22607422 268.42410278 48.29477692
v 571.7300415 269.31317139 47.98414612
v 571.29638672 268.65341187 48.25442886
v 571.86407471 269.45150757 47.86919403
v 572 269.48190308 47.84311676
v 571.38214111 268.86959839 48.19174576
v 571.0803833 268.068573 48.27470398
v 571.05718994 268 48.26384354
v 571.48309326 269.06860352 48.10961533
v 571.12786865 268.30953979 48.27301788
v 571.59863281 269.24676514 48.01144409
v 571.19030762 268.54467773 48.24576569
v 571.72766113 269.40103149 47.90104294
v 571.26818848 268.76940918 48.19484329
v 571.86865234 269.52902222 47.78250504
v 572 269.54602051 47.76878738
v 571.36169434 268.97937012 48.12279129
v 571.03509521 268.19268799 48.24120331
v 571.47052002 269.1706543 48.03271866
v 571.08947754 268.43179321 48.22756958
v 571.59368896 269.33984375 47.92819977
v 571.15930176 268.66326904 48.18917084
v 571.7300415 269.48413086 47.81317902
v 571.24493408 268.88259888 48.12816238
v 570.94787598 268.07467651 48.19925308
v 570.88885498 268 48.16294098
v 570.97180176 268 48.21545792
v 571.87780762 269.60144043 47.6918335
v 572 269.60641479 47.69139862
v 571.34631348 269.08560181 48.04732895
v 570.9942627 268.31588745 48.19961548
v 571.46295166 269.26852417 47.94997406
v 571.05584717 268.55230713 48.17436218
v 571.59368896 269.42819214 47.83983612
v 571.13323975 268.77929688 48.12524796
v 571.73718262 269.56210327 47.72096634
v 571.22674561 268.99246216 48.05469513
v 570.90490723 268.19812012 48.16177368
v 571.89141846 269.66836548 47.59759903
v 572 269.66293335 47.6111412
v 572 269.7154541 47.52820587
v 571.33605957 269.18780518 47.96570587
v 570.95812988 268.43762207 48.15014267
v 571.46038818 269.36178589 47.86177063
v 571.02709961 268.67053223 48.11363983
v 571.59863281 269.51144409 47.74676514
v 571.11224365 268.89224243 48.0542984
v 570.82159424 268.07971191 48.11399841
v 570.73120117 268 48.04602051
v 570.80859375 268 48.10641479
v 571.74902344 269.634552 47.62482834
v 571.21368408 269.09851074 47.97478104
v 570.86645508 268.32040405 48.11631775
v 571.9095459 269.72955322 47.50024033
v 572 269.76385498 47.4427948
v 571.33087158 269.28552246 47.87830353
v 570.92681885 268.55734253 48.09300613
v 571.46295166 269.44998169 47.76851654
v 571.00335693 268.78588867 48.04568481
v 571.60839844 269.58917236 47.64941788
v 571.09643555 269.00152588 47.97665024
v 570.78112793 268.20181274 48.07279587
v 571.76550293 269.70117188 47.52521515
v 571.20581055 269.20022583 47.88879395
v 570.83282471 268.44091797 48.06310272
v 571.93200684 269.78466797 47.40021133
v 572 269.8079834 47.35511017
v 571.33087158 269.3782959 47.78552246
v 570.9005127 268.67446899 48.02847672
v 571.47052002 269.53271484 47.67064285
v 570.98480225 268.89785767 47.97081375
v 570.70233154 268.08303833 48.0195694
v 570.65686035 268 47.98190308
v 571.62304688 269.66107178 47.54824448
v 571.08581543 269.10671997 47.89266205
v 570.74536133 268.32241821 48.02377701
v 571.78662109 269.7616272 47.42258835
v 571.20318604 269.29711914 47.7971344
v 570.80407715 268.55914307 48.00237656
v 571.95874023 269.83343506 47.29797363
v 572 269.8477478 47.2653656
v 571.33605957 269.46569824 47.68780136
v 570.8793335 268.78848267 47.95685196
v 571.48309326 269.60961914 47.56860352
v 570.97149658 269.00592041 47.88937378
v 570.66461182 268.20303345 47.97496033
v 571.64251709 269.72671509 47.44371414
v 571.08050537 269.20727539 47.80272675
v 570.71435547 268.44104004 47.9671669
v 571.81219482 269.81564331 47.31742477
v 571.20581055 269.38879395 47.70022202
v 570.78039551 268.67453003 47.93441391
v 571.98956299 269.8757019 47.19400406
v 572 269.88308716 47.17377853
v 571.34631348 269.54733276 47.58558655
v 570.86334229 268.89883423 47.87846375
v 570.59075928 268.08395386 47.91667938
v 570.51812744 268 47.84311676
v 570.58581543 268 47.91421509
v 571.50061035 269.68029785 47.46287537
v 570.96350098 269.10955811 47.80174637
v 570.6315918 268.32131958 47.92272949
v 571.66662598 269.78588867 47.33631897
v 571.08050537 269.30273438 47.70726395
v 570.68829346 268.55709839 47.90323257
v 571.84210205 269.86297607 47.21021271
v 571.21368408 269.47479248 47.59851074
v 570.76184082 268.78649902 47.8595314
v 571.36169434 269.62280273 47.47935867
v 570.85266113 269.00500488 47.79367828
v 570.55596924 268.20120239 47.86902618
v 571.52294922 269.74447632 47.3539505
v 570.96081543 269.20834351 47.70833206
v 570.60333252 268.43737793 47.86312485
v 571.6953125 269.83828735 47.22655106
v 571.08581543 269.39266968 47.60670853
v 570.66729736 268.67004395 47.83226395
v 571.87628174 269.90341187 47.10144806
v 572 269.91387939 47.08057022
v 571.22674561 269.5546875 47.49246979
v 570.74853516 268.89459229 47.7780838
v 570.48760986 268.08187866 47.80612183
v 570.45397949 268 47.76878738
v 571.38214111 269.69174194 47.36960983
v 570.84729004 269.10650635 47.70288467
v 570.52581787 268.31652832 47.81399918
v 571.55010986 269.80181885 47.24232864
v 570.96350098 269.30175781 47.60956955
v 570.58007812 268.55059814 47.79642105
v 571.72845459 269.88363647 47.11492538
v 571.09643555 269.47665405 47.50153732
v 570.65148926 268.77938843 47.75459671
v 571.91448975 269.93673706 46.99163818
v 572 269.94006348 46.98596191
v 571.24493408 269.62817383 47.38259888
v 570.74047852 268.9982605 47.69044495
v 570.45581055 268.19573975 47.75585175
v 571.4074707 269.75387573 47.25684738
v 570.84729004 269.20288086 47.60651398
v 570.50048828 268.42932129 47.75184631
v 571.58190918 269.85205078 47.12853622
v 570.97149658 269.38937378 47.5059166
v 570.56188965 268.66052246 47.72292709
v 571.76586914 269.92178345 47.00195312
v 571.11224365 269.55429077 47.3922348
v 570.64086914 268.88458252 47.67059326
v 570.39343262 268.07626343 47.68877411
v 570.33703613 268 47.6111412
v 570.39355469 268 47.69139862
v 571.95666504 269.96282959 46.88129425
v 572 269.96157837 46.8901825
v 572 269.97836304 46.79346085
v 571.26818848 269.69485474 47.26940155
v 570.737854 269.09701538 47.59702301
v 570.4286499 268.30743408 47.6984787
v 571.43756104 269.80886841 47.14159393
v 570.85266113 269.29367065 47.50500488
v 570.48010254 268.53912354 47.68286133
v 571.61816406 269.8949585 47.01309586
v 570.98480225 269.4708252 47.39785385
v 570.54882812 268.76657104 47.6429863
v 571.80737305 269.95248413 46.88816833
v 571.13323975 269.62524414 47.2793045
v 570.63555908 268.98513794 47.58063889
v 570.36474609 268.18609619 47.63635254
v 571.29638672 269.75442505 47.15340805
v 570.74047852 269.19046021 47.49824905
v 570.40625 268.41641235 47.63427734
v 571.47235107 269.85650635 47.02439117
v 570.86334229 269.37844849 47.39883041
v 570.46466064 268.64541626 47.60736465
v 571.65875244 269.93035889 46.89654541
v 571.00335693 269.54568481 47.28588104
v 570.54095459 268.86831665 47.55696869
v 570.30883789 268.06652832 47.56557846
v 570.2845459 268 47.52820587
v 571.85284424 269.97564697 46.77408981
v 572 269.99035645 46.69603348
v 571.15930176 269.68917847 47.16327667
v 570.63555908 269.08062744 47.48514938
v 570.34063721 268.2935791 47.57714081
v 571.32940674 269.80664062 47.03515244
v 570.74853516 269.27807617 47.39458084
v 570.38873291 268.5222168 47.56354141
v 571.51165771 269.89654541 46.90577698
v 570.8793335 269.45684814 47.28848648
v 570.45440674 268.74768066 47.52570343
v 571.70343018 269.95803833 46.77942657
v 571.02709961 269.61364746 47.17052078
v 570.53833008 268.965271 47.46527481
v 570.28320312 268.17178345 47.51151276
v 571.90203857 269.9911499 46.66025543
v 572 269.99758911 46.5981369
v 571.19030762 269.74575806 47.04468918
v 570.64086914 269.17059326 47.38457489
v 570.32116699 268.39816284 47.5114212
v 571.36712646 269.85122681 46.91518402
v 570.76184082 269.35952759 47.28650665
v 570.37615967 268.6242981 47.48659515
v 571.55523682 269.92880249 46.78630447
v 570.9005127 269.5284729 47.17448425
v 570.44921875 268.84542847 47.43825912
v 570.23413086 268.05221558 47.43753433
v 570.1920166 268 47.35511017
v 570.23614502 268 47.4427948
v 571.7520752 269.97793579 46.66228485
v 571.05584717 269.67434692 47.05231094
v 570.54095459 269.05697632 47.36833191
v 570.26208496 268.2744751 47.45100403
v 571.95465088 269.99893188 46.54718781
v 572 270 46.5
v 571.90185547 269.99758911 46.5
v 571.22607422 269.79476929 46.92408752
v 570.65148926 269.25460815 47.27937698
v 570.30651855 268.49942017 47.4394989
v 571.40930176 269.88800049 46.79406738
v 570.78039551 269.43441772 47.1745224
v 570.36859131 268.722229 47.40380478
v 571.60296631 269.953125 46.66652679
v 570.92681885 269.59301758 47.05735016
v 570.44921875 268.93826294 47.3454361
v 570.21166992 268.15234375 47.38237381
v 571.80438232 269.98989868 46.54565811
v 571.80395508 269.99035645 46.5
v 571.70654297 269.97836304 46.5
v 571.08947754 269.72756958 46.93179703
v 570.54882812 269.14297485 47.2665863
v 570.24560547 268.37417603 47.38434219
v 571.26654053 269.83596802 46.8020401
v 570.66729736 269.33227539 47.17005157
v 570.29669189 268.59683228 47.36170578
v 571.45574951 269.91677856 46.67235565
v 570.80407715 269.50238037 47.0591507
v 570.36608887 268.81555176 47.31554794
v 570.16973877 268.03289795 47.30569839
v 570.15222168 268 47.2653656
v 571.65460205 269.96939087 46.5470047
v 571.60980225 269.96157837 46.5
v 570.95812988 269.65014648 46.93763351
v 570.45440674 269.0256958 47.24766922
v 570.19354248 268.24978638 47.3211441
v 571.12786865 269.77301025 46.80953979
v 570.56188965 269.22293091 47.16051102
v 570.23376465 268.47039795 47.31182861
v 571.31140137 269.86917114 46.67910767
v 570.68829346 269.40322876 47.05709457
v 570.29174805 268.68997192 47.27840042
v 571.50628662 269.93743896 46.55061722
v 571.41943359 269.91387939 46.5
v 571.51403809 269.94006348 46.5
v 570.83282471 269.56311035 46.94092941
v 570.36859131 268.90380859 47.22224045
v 570.15032959 268.12744141 47.25001907
v 570.9942627 269.69961548 46.81588745
v 570.46466064 269.10736084 47.14540863
v 570.17987061 268.34411621 47.25413513
v 571.1708374 269.81048584 46.68610764
v 570.58007812 269.29641724 47.05060196
v 570.22662354 268.56268311 47.2338028
v 571.36053467 269.89419556 46.55586243
v 571.32623291 269.88308716 46.5
v 570.71435547 269.46716309 46.94104004
v 570.29174805 268.77841187 47.18997574
v 570.1159668 268.00827026 47.17116547
v 570.08612061 268 47.08057022
v 570.11688232 268 47.17377853
v 570.86645508 269.61633301 46.82040024
v 570.37615967 268.98660278 47.12430954
v 570.13513184 268.21917725 47.1886673
v 571.03509521 269.74121094 46.69267654
v 570.48010254 269.18286133 47.03913116
v 570.17071533 268.43487549 47.18165588
v 571.21820068 269.83981323 46.56207275
v 571.23461914 269.8477478 46.5
v 571.14489746 269.8079834 46.5
v 570.60333252 269.36312866 46.93736649
v 570.22424316 268.65063477 47.15063095
v 570.74536133 269.52377319 46.82242584
v 570.29669189 268.86169434 47.09683609
v 570.09954834 268.09677124 47.11557007
v 570.90490723 269.66177368 46.69813156
v 570.38873291 269.0635376 47.02220917
v 570.12420654 268.30773926 47.1219368
v 571.0803833 269.77471924 46.568573
v 571.05718994 269.76385498 46.5
v 570.50048828 269.25183105 46.92933273
v 570.1661377 268.52166748 47.10404205
v 570.6315918 269.42272949 46.82133102
v 570.22662354 268.73379517 47.06269455
v 570.78112793 269.57278442 46.7018013
v 570.30651855 268.93951416 46.99941635
v 570.0871582 268.18240356 47.05472183
v 570.94787598 269.69924927 46.57468414
v 570.97180176 269.7154541 46.5
v 570.88885498 269.66293335 46.5
v 570.40625 269.13427734 46.91641998
v 570.11767578 268.39266968 47.05013275
v 570.52581787 269.31399536 46.81651688
v 570.1661377 268.60403442 47.02165985
v 570.66461182 269.47494507 46.70303345
v 570.23376465 268.81182861 46.97040176
v 570.05944824 268.06008911 46.98016739
v 570.03845215 268 46.8901825
v 570.05993652 268 46.98596191
v 570.82159424 269.61401367 46.57972336
v 570.80859375 269.60641479 46.5
v 570.73120117 269.54602051 46.5
v 570.32116699 269.01141357 46.89817047
v 570.07885742 268.26483154 46.98890686
v 570.4286499 269.19848633 46.80743027
v 570.11547852 268.47360229 46.97359085
v 570.55596924 269.36901855 46.70121384
v 570.17071533 268.68164062 46.93488312
v 570.70233154 269.51956177 46.58302689
v 570.65686035 269.48190308 46.5
v 570.24560547 268.88433838 46.87418365
v 570.04968262 268.13934326 46.92045975
v 570.34063721 269.07714844 46.79357147
v 570.07470703 268.34362793 46.91843414
v 570.45581055 269.25585938 46.69574738
v 570.11767578 268.55014038 46.89266586
v 570.59075928 269.41668701 46.58395386
v 570.58581543 269.41421509 46.5
v 570.51812744 269.34310913 46.5
v 570.17987061 268.75411987 46.84412384
v 570.26208496 268.95101929 46.77448654
v 570.04382324 268.21533203 46.85621643
v 570.36474609 269.13635254 46.68609619
v 570.07470703 268.41842651 46.84362411
v 570.48760986 269.30612183 46.58188629
v 570.45397949 269.26879883 46.5
v 570.12420654 268.62194824 46.80773163
v 570.19354248 268.82113647 46.74979401
v 570.02276611 268.08984375 46.78705215
v 570.00964355 268 46.69603348
v 570.02166748 268 46.79346085
v 570.28320312 269.01150513 46.671772
v 570.04180908 268.28771973 46.78773117
v 570.39343262 269.18878174 46.57625198
v 570.39355469 269.19140625 46.5
v 570.33703613 269.11114502 46.5
v 570.07885742 268.48892212 46.76483154
v 570.13513184 268.68865967 46.71918488
v 570.21166992 268.88238525 46.65233994
v 570.019104 268.15917969 46.72502899
v 570.30883789 269.06558228 46.56651688
v 570.2845459 269.02819824 46.5
v 570.04382324 268.35620117 46.7153244
v 570.0871582 268.55471802 46.68241501
v 570.15032959 268.75003052 46.62743759
v 570.00634766 268.03396606 46.65566254
v 570.00238037 268 46.5981369
v 570.23413086 268.93753052 46.55221176
v 570.23614502 268.94277954 46.5
v 570.1920166 268.85510254 46.5
v 570.019104 268.22503662 46.65919113
v 570.04968262 268.42047119 46.639328
v 570.09954834 268.61557007 46.59676361
v 570.16973877 268.80569458 46.53290939
v 570.15222168 268.76538086 46.5
v 570.00463867 268.09649658 46.59650803
v 570.00238037 268.09814453 46.5
v 570 268 46.5
v 570.02276611 268.28704834 46.58984375
v 570.02166748 268.29345703 46.5
v 570.00964355 268.19604492 46.5
v 570.05944824 268.48016357 46.56010437
v 570.03845215 268.39016724 46.5
v 570.08612061 268.58056641 46.5
v 570.05993652 268.48596191 46.5
v 570.1159668 268.6711731 46.50827026
v 570.11688232 268.67376709 46.5
v 570.00634766 268.15567017 46.53396988
v 570.0300293 268.3449707 46.5173111
v 572 270 -1.5
v 571.90185547 269.99758911 -1.5
v 571.80395508 269.99035645 -1.5
v 571.70654297 269.97836304 -1.5
v 571.60980225 269.96157837 -1.5
v 571.51403809 269.94006348 -1.5
v 571.41943359 269.91387939 -1.5
v 571.32623291 269.88308716 -1.5
v 571.23461914 269.8477478 -1.5
v 571.14489746 269.8079834 -1.5
v 571.05718994 269.76385498 -1.5
v 570.97180176 269.7154541 -1.5
v 570.88885498 269.66293335 -1.5
v 570.80859375 269.60641479 -1.5
v 570.73120117 269.54602051 -1.5
v 570.65686035 269.48190308 -1.5
v 570.58581543 269.41421509 -1.5
v 570.51812744 269.34310913 -1.5
v 570.45397949 269.26879883 -1.5
v 570.39355469 269.19140625 -1.5
v 570.33703613 269.11114502 -1.5
v 570.2845459 269.02819824 -1.5
v 570.23614502 268.94277954 -1.5
v 570.1920166 268.85510254 -1.5
v 570.15222168 268.76538086 -1.5
v 570.11688232 268.67376709 -1.5
v 570.08612061 268.58056641 -1.5
v 570.05993652 268.48596191 -1.5
v 570.03845215 268.39016724 -1.5
v 570.02166748 268.29345703 -1.5
v 570.00964355 268.19604492 -1.5
v 570.00238037 268.09814453 -1.5
v 570 268 -1.5
v 571.95465088 40.00107193 46.54718781
v 571.90185547 40.00241089 46.5
v 572 40 46.5
v 572 40.00241089 46.5981369
v 571.90203857 40.00883865 46.66025543
v 572 40.00963211 46.69603348
v 571.95666504 40.03716278 46.88129425
v 572 40.02164841 46.79346085
v 572 40.03842926 46.8901825
v 572 40.05993652 46.98596191
v 571.80438232 40.01011276 46.54565811
v 571.70654297 40.02164841 46.5
v 571.80395508 40.00963211 46.5
v 571.85284424 40.02434158 46.77408981
v 571.91448975 40.06325531 46.99163818
v 572 40.08612061 47.08057022
v 571.7520752 40.02207184 46.66228485
v 571.80737305 40.04750824 46.88816833
v 571.87628174 40.09659576 47.10144806
v 572 40.11691284 47.17377853
v 571.95874023 40.1665535 47.29797363
v 572 40.15224075 47.2653656
v 572 40.19202042 47.35511017
v 571.65460205 40.03061295 46.5470047
v 571.60980225 40.03842926 46.5
v 571.70343018 40.04194641 46.77942657
v 571.76586914 40.07822418 47.00195312
v 571.84210205 40.13702774 47.21021271
v 571.93200684 40.21534348 47.40021133
v 572 40.23615646 47.4427948
v 571.60296631 40.04689026 46.66652679
v 571.65875244 40.06964111 46.89654541
v 571.72845459 40.1163559 47.11492538
v 571.81219482 40.18436432 47.31742477
v 571.50628662 40.06255341 46.55061722
v 571.41943359 40.08612061 46.5
v 571.51403809 40.05993652 46.5
v 571.9095459 40.27045441 47.50024033
v 572 40.28454208 47.52820587
v 571.55523682 40.07120895 46.78630447
v 571.61816406 40.10503006 47.01309586
v 571.6953125 40.16171646 47.22655106
v 571.78662109 40.23838425 47.42258835
v 571.45574951 40.08320618 46.67235565
v 571.89141846 40.33161926 47.59759903
v 572 40.33705902 47.6111412
v 572 40.39358521 47.69139862
v 571.51165771 40.10346222 46.90577698
v 571.58190918 40.14794159 47.12853622
v 571.66662598 40.2141037 47.33631897
v 571.36053467 40.10581589 46.55586243
v 571.32623291 40.11691284 46.5
v 571.76550293 40.29883957 47.52521515
v 571.40930176 40.11198807 46.79406738
v 571.87780762 40.39856339 47.6918335
v 572 40.45397949 47.76878738
v 571.47235107 40.14349747 47.02439117
v 571.55010986 40.19818497 47.24232864
v 571.64251709 40.27326965 47.44371414
v 571.31140137 40.13084412 46.67910767
v 571.74902344 40.36544418 47.62482834
v 571.36712646 40.14876175 46.91518402
v 571.86865234 40.47097015 47.78250504
v 572 40.51809692 47.84311676
v 571.43756104 40.19112778 47.14159393
v 571.52294922 40.25551987 47.3539505
v 571.21820068 40.16017532 46.56207275
v 571.14489746 40.19202042 46.5
v 571.23461914 40.15224075 46.5
v 571.62304688 40.33894348 47.54824448
v 571.26654053 40.16402817 46.8020401
v 571.73718262 40.43789673 47.72096634
v 571.32940674 40.19335938 47.03515244
v 571.86407471 40.54850388 47.86919403
v 572 40.58578491 47.91421509
v 571.4074707 40.2461319 47.25684738
v 571.50061035 40.31968689 47.46287537
v 571.1708374 40.18950653 46.68610764
v 571.60839844 40.41081619 47.64941788
v 571.22607422 40.20522308 46.92408752
v 571.7300415 40.51585388 47.81317902
v 571.29638672 40.24557114 47.15340805
v 571.86407471 40.63080597 47.95149612
v 572 40.65688324 47.98190308
v 571.38214111 40.30825424 47.36960983
v 571.0803833 40.22529602 46.568573
v 571.05718994 40.23615646 46.5
v 571.48309326 40.39038467 47.56860352
v 571.12786865 40.22698212 46.80953979
v 571.59863281 40.48855591 47.74676514
v 571.19030762 40.25423431 47.04468918
v 571.72766113 40.59895706 47.90104294
v 571.26818848 40.30515671 47.26940155
v 571.86865234 40.71749496 48.02902985
v 572 40.73121262 48.04602051
v 571.36169434 40.37720871 47.47935867
v 571.03509521 40.25879669 46.69267654
v 571.47052002 40.46728134 47.67064285
v 571.08947754 40.27243042 46.93179703
v 571.59368896 40.57180023 47.83983612
v 571.15930176 40.31082916 47.16327667
v 571.7300415 40.68682098 47.98414612
v 571.24493408 40.37183762 47.38259888
v 570.94787598 40.30074692 46.57468414
v 570.88885498 40.33705902 46.5
v 570.97180176 40.28454208 46.5
v 571.87780762 40.8081665 48.10143661
v 572 40.80860138 48.10641479
v 571.34631348 40.45267105 47.58558655
v 570.9942627 40.30038452 46.81588745
v 571.46295166 40.55002594 47.76851654
v 571.05584717 40.32563782 47.05231094
v 571.59368896 40.66016388 47.92819977
v 571.13323975 40.37475204 47.2793045
v 571.73718262 40.77903366 48.06210327
v 571.22674561 40.44530487 47.49246979
v 570.90490723 40.33822632 46.69813156
v 571.89141846 40.90240097 48.16838074
v 572 40.8888588 48.16294098
v 572 40.97179413 48.21545792
v 571.33605957 40.53429413 47.68780136
v 570.95812988 40.34985733 46.93763351
v 571.46038818 40.63822937 47.86177063
v 571.02709961 40.38636017 47.17052078
v 571.59863281 40.75323486 48.01144409
v 571.11224365 40.4457016 47.3922348
v 570.82159424 40.38600159 46.57972336
v 570.73120117 40.45397949 46.5
v 570.80859375 40.39358521 46.5
v 571.74902344 40.87517166 48.13455582
v 571.21368408 40.52521896 47.59851074
v 570.86645508 40.38368225 46.82040024
v 571.9095459 40.99975967 48.22954559
v 572 41.0572052 48.26384354
v 571.33087158 40.62169647 47.78552246
v 570.92681885 40.40699387 47.05735016
v 571.46295166 40.73148346 47.94997406
v 571.00335693 40.45431519 47.28588104
v 571.60839844 40.85058212 48.08918381
v 571.09643555 40.52334976 47.50153732
v 570.78112793 40.42720413 46.7018013
v 571.76550293 40.97478485 48.20116043
v 571.20581055 40.61120605 47.70022202
v 570.83282471 40.43689728 46.94092941
v 571.93200684 41.09978867 48.28465652
v 572 41.14488983 48.30797958
v 571.33087158 40.71447754 47.87830353
v 570.9005127 40.47152328 47.17448425
v 571.47052002 40.82935715 48.03271866
v 570.98480225 40.52918625 47.39785385
v 570.70233154 40.4804306 46.58302689
v 570.65686035 40.51809692 46.5
v 571.62304688 40.95175552 48.16105652
v 571.08581543 40.60733795 47.60670853
v 570.74536133 40.47622299 46.82242584
v 571.78662109 41.07741165 48.26161575
v 571.20318604 40.7028656 47.7971344
v 570.80407715 40.49762344 47.0591507
v 571.95874023 41.20202637 48.3334465
v 572 41.2346344 48.34775925
v 571.33605957 40.81219864 47.96570587
v 570.8793335 40.54314804 47.28848648
v 571.48309326 40.93139648 48.10961533
v 570.97149658 40.61062622 47.5059166
v 570.66461182 40.52503967 46.70303345
v 571.64251709 41.05628586 48.22673035
v 571.08050537 40.69727325 47.70726395
v 570.71435547 40.5328331 46.94104004
v 571.81219482 41.18257523 48.31563568
v 571.20581055 40.79977798 47.88879395
v 570.78039551 40.56558609 47.1745224
v 571.98956299 41.30599594 48.37569809
v 572 41.32622147 48.38308716
v 571.34631348 40.91441345 48.04732895
v 570.86334229 40.62153625 47.39883041
v 570.59075928 40.58332062 46.58395386
v 570.51812744 40.65688324 46.5
v 570.58581543 40.58578491 46.5
v 571.50061035 41.03712463 48.18031311
v 570.96350098 40.69825363 47.60956955
v 570.6315918 40.57727051 46.82133102
v 571.66662598 41.16368103 48.2858963
v 571.08050537 40.79273605 47.80272675
v 570.68829346 40.59676743 47.05709457
v 571.84210205 41.28978729 48.36297226
v 571.21368408 40.90148926 47.97478104
v 570.76184082 40.6404686 47.28650665
v 571.36169434 41.02064133 48.12279129
v 570.85266113 40.70632172 47.50500488
v 570.55596924 40.63097382 46.70121384
v 571.52294922 41.1460495 48.24448013
v 570.96081543 40.79166794 47.70833206
v 570.60333252 40.63687515 46.93736649
v 571.6953125 41.27344894 48.33828354
v 571.08581543 40.89329147 47.89266205
v 570.66729736 40.66773605 47.17005157
v 571.87628174 41.39855194 48.40340424
v 572 41.41942978 48.41387939
v 571.22674561 41.00753021 48.05469513
v 570.74853516 40.7219162 47.39458084
v 570.48760986 40.69387817 46.58188629
v 570.45397949 40.73121262 46.5
v 571.38214111 41.13039017 48.19174576
v 570.84729004 40.79711533 47.60651398
v 570.52581787 40.68600082 46.81651688
v 571.55010986 41.25767136 48.30181503
v 570.96350098 40.89043045 47.80174637
v 570.58007812 40.70357895 47.05060196
v 571.72845459 41.38507462 48.3836441
v 571.09643555 40.99846268 47.97665024
v 570.65148926 40.74540329 47.27937698
v 571.91448975 41.50836182 48.43674469
v 572 41.51403809 48.44006348
v 571.24493408 41.11740112 48.12816238
v 570.74047852 40.80955505 47.49824905
v 570.45581055 40.74414825 46.69574738
v 571.4074707 41.24315262 48.2538681
v 570.84729004 40.89348602 47.70288467
v 570.50048828 40.74815369 46.92933273
v 571.58190918 41.37146378 48.35205841
v 570.97149658 40.9940834 47.88937378
v 570.56188965 40.77707291 47.16051102
v 571.76586914 41.49804688 48.42177582
v 571.11224365 41.1077652 48.0542984
v 570.64086914 40.82940674 47.38457489
v 570.39343262 40.81122589 46.57625198
v 570.33703613 40.8888588 46.5
v 570.39355469 40.80860138 46.5
v 571.95666504 41.61870575 48.46283722
v 572 41.6098175 48.46157074
v 572 41.70653915 48.47835159
v 571.26818848 41.23059845 48.19484329
v 570.737854 40.90297699 47.59702301
v 570.4286499 40.8015213 46.80743027
v 571.43756104 41.35840607 48.30887222
v 570.85266113 40.99499512 47.79367828
v 570.48010254 40.81713867 47.03913116
v 571.61816406 41.48690414 48.39496994
v 570.98480225 41.10214615 47.97081375
v 570.54882812 40.8570137 47.2665863
v 571.80737305 41.61183167 48.45249176
v 571.13323975 41.2206955 48.12524796
v 570.63555908 40.91936111 47.48514938
v 570.36474609 40.86364746 46.68609619
v 571.29638672 41.34659195 48.25442886
v 570.74047852 41.00175095 47.69044495
v 570.40625 40.86572266 46.91641998
v 571.47235107 41.47560883 48.35650253
v 570.86334229 41.10116959 47.87846375
v 570.46466064 40.89263535 47.14540863
v 571.65875244 41.60345459 48.43035889
v 571.00335693 41.21411896 48.04568481
v 570.54095459 40.94303131 47.36833191
v 570.30883789 40.93442154 46.56651688
v 570.2845459 40.97179413 46.5
v 571.85284424 41.72591019 48.47565842
v 572 41.80396652 48.49036789
v 571.15930176 41.33672333 48.18917084
v 570.63555908 41.01485062 47.58063889
v 570.34063721 40.92285919 46.79357147
v 571.32940674 41.46484756 48.30664062
v 570.74853516 41.10541916 47.7780838
v 570.38873291 40.93645859 47.02220917
v 571.51165771 41.59422302 48.39653778
v 570.8793335 41.21151352 47.95685196
v 570.45440674 40.97429657 47.24766922
v 571.70343018 41.72057343 48.45805359
v 571.02709961 41.32947922 48.11363983
v 570.53833008 41.03472519 47.46527481
v 570.28320312 40.98848724 46.671772
v 571.90203857 41.83974457 48.49116135
v 572 41.9018631 48.49758911
v 571.19030762 41.45531082 48.24576569
v 570.64086914 41.11542511 47.67059326
v 570.32116699 40.9885788 46.89817047
v 571.36712646 41.58481598 48.35123825
v 570.76184082 41.21349335 47.8595314
v 570.37615967 41.01340485 47.12430954
v 571.55523682 41.71369553 48.42879105
v 570.9005127 41.32551575 48.02847672
v 570.44921875 41.06174088 47.3454361
v 570.23413086 41.06246567 46.55221176
v 570.1920166 41.14488983 46.5
v 570.23614502 41.0572052 46.5
v 571.7520752 41.83771515 48.47792816
v 571.05584717 41.44768906 48.17436218
v 570.54095459 41.13166809 47.55696869
v 570.26208496 41.04899597 46.77448654
v 571.95465088 41.95281219 48.49892807
v 572 42 48.5
v 571.90185547 42 48.49758911
v 571.22607422 41.57591248 48.29477692
v 570.65148926 41.22062302 47.75459671
v 570.30651855 41.0605011 46.99941635
v 571.40930176 41.70593262 48.38801193
v 570.78039551 41.3254776 47.93441391
v 570.36859131 41.09619522 47.22224045
v 571.60296631 41.83347321 48.45310974
v 570.92681885 41.44264984 48.09300613
v 570.44921875 41.1545639 47.43825912
v 570.21166992 41.11762619 46.65233994
v 571.80438232 41.95434189 48.48988724
v 571.70654297 42 48.47835159
v 571.80395508 42 48.49036789
v 571.08947754 41.56820297 48.22756958
v 570.54882812 41.2334137 47.6429863
v 570.24560547 41.11565781 46.87418365
v 571.26654053 41.6979599 48.33597183
v 570.66729736 41.32994843 47.83226395
v 570.29669189 41.13829422 47.09683609
v 571.45574951 41.82764435 48.41679382
v 570.80407715 41.4408493 48.00237656
v 570.36608887 41.18445206 47.31554794
v 570.16973877 41.19430161 46.53290939
v 570.15222168 41.2346344 46.5
v 571.65460205 41.9529953 48.46938705
v 571.60980225 42 48.46157074
v 570.95812988 41.56236649 48.15014267
v 570.45440674 41.25233078 47.52570343
v 570.19354248 41.1788559 46.74979401
v 571.12786865 41.69046021 48.27301788
v 570.56188965 41.33948898 47.72292709
v 570.23376465 41.18817139 46.97040176
v 571.31140137 41.82089233 48.36915588
v 570.68829346 41.44290543 47.90323257
v 570.29174805 41.22159958 47.18997574
v 571.50628662 41.94938278 48.43744659
v 571.51403809 42 48.44006348
v 571.41943359 42 48.41387939
v 570.83282471 41.55907059 48.06310272
v 570.36859131 41.27775955 47.40380478
v 570.15032959 41.24998093 46.62743759
v 570.9942627 41.68411255 48.19961548
v 570.46466064 41.35459137 47.60736465
v 570.17987061 41.24586487 46.84412384
v 571.1708374 41.81389236 48.31049347
v 570.58007812 41.44939804 47.79642105
v 570.22662354 41.2661972 47.06269455
v 571.36053467 41.94413757 48.39418411
v 571.32623291 42 48.38308716
v 570.71435547 41.55895996 47.9671669
v 570.29174805 41.31002426 47.27840042
v 570.1159668 41.32883453 46.50827026
v 570.08612061 41.41942978 46.5
v 570.11688232 41.32622147 46.5
v 570.86645508 41.67959976 48.11631775
v 570.37615967 41.37569046 47.48659515
v 570.13513184 41.3113327 46.71918488
v 571.03509521 41.80732346 48.24120331
v 570.48010254 41.46086884 47.68286133
v 570.17071533 41.31834412 46.93488312
v 571.21820068 41.93792725 48.33982468
v 571.23461914 42 48.34775925
v 571.14489746 42 48.30797958
v 570.60333252 41.56263351 47.86312485
v 570.22424316 41.34936905 47.15063095
v 570.74536133 41.67757416 48.02377701
v 570.29669189 41.40316391 47.36170578
v 570.09954834 41.38442993 46.59676361
v 570.90490723 41.80186844 48.16177368
v 570.38873291 41.47779083 47.56354141
v 570.12420654 41.3780632 46.80773163
v 571.0803833 41.931427 48.27470398
v 571.05718994 42 48.26384354
v 570.50048828 41.57066727 47.75184631
v 570.1661377 41.39595795 47.02165985
v 570.6315918 41.67866898 47.92272949
v 570.22662354 41.43730545 47.2338028
v 570.78112793 41.7981987 48.07279587
v 570.30651855 41.50058365 47.4394989
v 570.0871582 41.44527817 46.68241501
v 570.94787598 41.92531586 48.19925308
v 570.97180176 42 48.21545792
v 570.88885498 42 48.16294098
v 570.40625 41.58358002 47.63427734
v 570.11767578 41.44986725 46.89266586
v 570.52581787 41.68348312 47.81399918
v 570.1661377 41.47834015 47.10404205
v 570.66461182 41.79696655 47.97496033
v 570.23376465 41.52959824 47.31182861
v 570.05944824 41.51983261 46.56010437
v 570.03845215 41.6098175 46.5
v 570.05993652 41.51403809 46.5
v 570.82159424 41.92027664 48.11399841
v 570.80859375 42 48.10641479
v 570.73120117 42 48.04602051
v 570.32116699 41.60182953 47.5114212
v 570.07885742 41.51109314 46.76483154
v 570.4286499 41.69256973 47.6984787
v 570.11547852 41.52640915 46.97359085
v 570.55596924 41.79878616 47.86902618
v 570.17071533 41.56511688 47.18165588
v 570.70233154 41.91697311 48.0195694
v 570.65686035 42 47.98190308
v 570.24560547 41.62581635 47.38434219
v 570.04968262 41.57954025 46.639328
v 570.34063721 41.70642853 47.57714081
v 570.07470703 41.58156586 46.84362411
v 570.45581055 41.80425262 47.75585175
v 570.11767578 41.60733414 47.05013275
v 570.59075928 41.91604614 47.91667938
v 570.58581543 42 47.91421509
v 570.51812744 42 47.84311676
v 570.17987061 41.65587616 47.25413513
v 570.26208496 41.72551346 47.45100403
v 570.04382324 41.64378357 46.7153244
v 570.36474609 41.81390381 47.63635254
v 570.07470703 41.65637589 46.91843414
v 570.48760986 41.91811371 47.80612183
v 570.45397949 42 47.76878738
v 570.12420654 41.69226837 47.1219368
v 570.19354248 41.75020599 47.3211441
v 570.02276611 41.71294785 46.58984375
v 570.00964355 41.80396652 46.5
v 570.02166748 41.70653915 46.5
v 570.28320312 41.828228 47.51151276
v 570.04180908 41.71226883 46.78773117
v 570.39343262 41.92374802 47.68877411
v 570.39355469 42 47.69139862
v 570.33703613 42 47.6111412
v 570.07885742 41.73516846 46.98890686
v 570.13513184 41.78081512 47.1886673
v 570.21166992 41.84766006 47.38237381
v 570.019104 41.77497101 46.65919113
v 570.30883789 41.93348312 47.56557846
v 570.2845459 42 47.52820587
v 570.04382324 41.7846756 46.85621643
v 570.0871582 41.81758499 47.05472183
v 570.15032959 41.87256241 47.25001907
v 570.00634766 41.84433746 46.53396988
v 570.00238037 41.9018631 46.5
v 570.23413086 41.94778824 47.43753433
v 570.23614502 42 47.4427948
v 570.1920166 42 47.35511017
v 570.019104 41.84080887 46.72502899
v 570.04968262 41.860672 46.92045975
v 570.09954834 41.90323639 47.11557007
v 570.16973877 41.96709061 47.30569839
v 570.15222168 42 47.2653656
v 570.00463867 41.90349197 46.59650803
v 570.00238037 42 46.5981369
v 570 42 46.5
v 570.02276611 41.91015625 46.78705215
v 570.02166748 42 46.79346085
v 570.00964355 42 46.69603348
v 570.05944824 41.93989563 46.98016739
v 570.03845215 42 46.8901825
v 570.08612061 42 47.08057022
v 570.05993652 42 46.98596191
v 570.1159668 41.99172974 47.17116547
v 570.11688232 42 47.17377853
v 570.00634766 41.96603012 46.65566254
v 570.0300293 41.9826889 46.84497452
v 570 42 -1.5
v 570.00238037 41.9018631 -1.5
v 570.00964355 41.80396652 -1.5
v 570.02166748 41.70653915 -1.5
v 570.03845215 41.6098175 -1.5
v 570.05993652 41.51403809 -1.5
v 570.08612061 41.41942978 -1.5
v 570.11688232 41.32622147 -1.5
v 570.15222168 41.2346344 -1.5
v 570.1920166 41.14488983 -1.5
v 570.23614502 41.0572052 -1.5
v 570.2845459 40.97179413 -1.5
v 570.33703613 40.8888588 -1.5
v 570.39355469 40.80860138 -1.5
v 570.45397949 40.73121262 -1.5
v 570.51812744 40.65688324 -1.5
v 570.58581543 40.58578491 -1.5
v 570.65686035 40.51809692 -1.5
v 570.73120117 40.45397949 -1.5
v 570.80859375 40.39358521 -1.5
v 570.88885498 40.33705902 -1.5
v 570.97180176 40.28454208 -1.5
v 571.05718994 40.23615646 -1.5
v 571.14489746 40.19202042 -1.5
v 571.23461914 40.15224075 -1.5
v 571.32623291 40.11691284 -1.5
v 571.41943359 40.08612061 -1.5
v 571.51403809 40.05993652 -1.5
v 571.60980225 40.03842926 -1.5
v 571.70654297 40.02164841 -1.5
v 571.80395508 40.00963211 -1.5
v 571.90185547 40.00241089 -1.5
v 572 40 -1.5

usemtl mat3
f 1 2 3
f 3 2 4
f 4 5 6
f 2 5 4
f 6 7 8
f 5 7 6
f 8 9 10
f 7 9 8
f 10 11 12
f 9 11 10
f 12 13 14
f 11 13 12
f 14 15 16
f 13 15 14
f 16 17 18
f 15 17 16
f 18 19 20
f 17 19 18
f 20 21 22
f 19 21 20
f 21 23 22
f 22 23 24
f 23 25 24
f 24 25 26
f 25 27 26
f 26 27 28
f 27 29 28
f 28 29 30
f 29 31 30
f 30 31 32
f 31 33 32
f 32 33 34
f 33 35 34
f 34 35 36
f 35 37 36
f 36 37 38
f 37 39 38
f 38 39 40
f 39 41 40
f 40 41 42
f 41 43 42
f 42 43 44
f 43 45 44
f 44 45 46
f 46 47 48
f 45 47 46
f 48 49 50
f 47 49 48
f 50 51 52
f 49 51 50
f 52 53 54
f 51 53 52
f 54 55 56
f 53 55 54
f 56 57 58
f 55 57 56
f 58 59 60
f 57 59 58
f 60 61 62
f 59 61 60
f 62 63 64
f 61 63 62
f 64 65 66
f 63 65 64
f 66 67 68
f 65 67 66
f 68 69 70
f 67 69 68
f 70 71 72
f 69 71 70
f 72 73 74
f 71 73 72
f 73 75 74
f 74 75 76
f 75 77 76
f 76 77 78
f 77 79 78
f 78 79 80
f 79 81 80
f 80 81 82
f 81 83 82
f 82 83 84
f 83 85 84
f 84 85 86
f 85 87 86
f 86 87 88
f 87 89 88
f 88 89 90
f 89 91 90
f 90 91 92
f 91 93 92
f 92 93 94
f 93 95 94
f 94 95 96
f 95 97 96
f 96 97 98
f 97 99 98
f 98 99 100
f 99 101 100
f 100 101 102
f 101 103 102
f 102 103 104
f 103 105 104
f 104 105 106
f 105 107 106
f 106 107 108
f 107 109 108
f 108 109 110
f 109 111 110
f 110 111 112
f 111 113 112
f 112 113 114
f 113 115 114
f 114 115 116
f 116 117 118
f 115 117 116
f 118 119 120
f 117 119 118
f 120 121 122
f 119 121 120
f 122 123 124
f 121 123 122
f 123 125 124
f 124 125 126
f 125 127 126
f 126 127 128
f 127 129 128
f 128 129 130
f 129 131 130
f 130 131 132
f 131 133 132
f 132 133 134
f 133 135 134
f 134 135 136
f 135 137 136
f 136 137 138
f 137 139 138
f 138 139 140
f 139 141 140
f 140 141 142
f 141 143 142
f 142 143 144
f 143 145 144
f 144 145 146
f 145 147 146
f 146 147 148
f 148 149 150
f 147 149 148
f 150 151 152
f 149 151 150
f 152 153 154
f 151 153 152
f 154 155 156
f 153 155 154
f 156 157 158
f 155 157 156
f 158 159 160
f 157 159 158
f 160 161 162
f 159 161 160
f 162 163 164
f 161 163 162
f 164 165 166
f 163 165 164
f 166 167 168
f 165 167 166
f 168 169 170
f 167 169 168
f 170 171 172
f 169 171 170
f 172 173 174
f 171 173 172
f 174 175 176
f 173 175 174
f 175 177 176
f 176 177 178
f 177 179 178
f 178 179 180
f 179 181 180
f 180 181 182
f 181 183 182
f 182 183 184
f 184 185 186
f 183 185 184
f 186 187 188
f 185 187 186
f 188 189 190
f 187 189 188
f 190 191 192
f 189 191 190
f 192 193 194
f 191 193 192
f 194 195 196
f 193 195 194
f 196 197 198
f 195 197 196
f 198 199 200
f 197 199 198
f 200 201 202
f 199 201 200
f 202 203 204
f 201 203 202
f 204 205 206
f 203 205 204
f 206 207 208
f 205 207 206
f 208 209 210
f 207 209 208
f 210 211 212
f 209 211 210
f 212 213 214
f 211 213 212
f 214 215 216
f 213 215 214
f 216 217 218
f 218 217 219
f 215 217 216
f 217 220 219
f 219 221 222
f 220 221 219
f 222 223 224
f 221 223 222
f 223 225 224
f 224 225 226
f 225 227 226
f 226 227 228
f 227 229 228
f 228 229 230
f 229 231 230
f 230 231 232
f 231 233 232
f 232 233 234
f 233 235 234
f 234 235 236
f 235 237 236
f 236 237 238
f 237 239 238
f 238 239 240
f 239 241 240
f 240 241 242
f 241 243 242
f 242 243 244
f 244 243 245
f 243 246 245
f 246 247 245
f 245 247 248
f 247 249 248
f 248 249 250
f 249 251 250
f 250 251 252
f 252 1 3
f 251 1 252
f 253 254 255
f 255 254 256
f 256 257 258
f 254 257 256
f 258 259 260
f 257 259 258
f 260 261 262
f 259 261 260
f 262 263 264
f 261 263 262
f 264 265 266
f 263 265 264
f 266 267 268
f 265 267 266
f 268 269 270
f 267 269 268
f 270 271 272
f 269 271 270
f 272 273 274
f 271 273 272
f 273 275 274
f 274 275 276
f 275 277 276
f 276 277 278
f 277 279 278
f 278 279 280
f 279 281 280
f 280 281 282
f 281 283 282
f 282 283 284
f 283 285 284
f 284 285 286
f 285 287 286
f 286 287 288
f 287 289 288
f 288 289 290
f 289 291 290
f 290 291 292
f 291 293 292
f 292 293 294
f 293 295 294
f 294 295 296
f 295 297 296
f 296 297 298
f 298 299 300
f 297 299 298
f 300 301 302
f 299 301 300
f 302 303 304
f 301 303 302
f 304 305 306
f 303 305 304
f 306 307 308
f 305 307 306
f 308 309 310
f 307 309 308
f 310 311 312
f 309 311 310
f 312 313 314
f 311 313 312
f 314 315 316
f 313 315 314
f 316 317 318
f 315 317 316
f 318 319 320
f 317 319 318
f 320 321 322
f 319 321 320
f 322 323 324
f 321 323 322
f 324 325 326
f 323 325 324
f 325 327 326
f 326 327 328
f 327 329 328
f 328 329 330
f 329 331 330
f 330 331 332
f 331 333 332
f 332 333 334
f 333 335 334
f 334 335 336
f 335 337 336
f 336 337 338
f 337 339 338
f 338 339 340
f 339 341 340
f 340 341 342
f 341 343 342
f 342 343 344
f 343 345 344
f 344 345 346
f 345 347 346
f 346 347 348
f 347 349 348
f 348 349 350
f 349 351 350
f 350 351 352
f 351 353 352
f 352 353 354
f 353 355 354
f 354 355 356
f 355 357 356
f 356 357 358
f 357 359 358
f 358 359 360
f 359 361 360
f 360 361 362
f 361 363 362
f 362 363 364
f 363 365 364
f 364 365 366
f 365 367 366
f 366 367 368
f 368 369 370
f 367 369 368
f 370 371 372
f 369 371 370
f 372 373 374
f 371 373 372
f 374 375 376
f 373 375 374
f 375 377 376
f 376 377 378
f 377 379 378
f 378 379 380
f 379 381 380
f 380 381 382
f 381 383 382
f 382 383 384
f 383 385 384
f 384 385 386
f 385 387 386
f 386 387 388
f 387 389 388
f 388 389 390
f 389 391 390
f 390 391 392
f 391 393 392
f 392 393 394
f 393 395 394
f 394 395 396
f 395 397 396
f 396 397 398
f 397 399 398
f 398 399 400
f 400 401 402
f 399 401 400
f 402 403 404
f 401 403 402
f 404 405 406
f 403 405 404
f 406 407 408
f 405 407 406
f 408 409 410
f 407 409 408
f 410 411 412
f 409 411 410
f 412 413 414
f 411 413 412
f 414 415 416
f 413 415 414
f 416 417 418
f 415 417 416
f 418 419 420
f 417 419 418
f 420 421 422
f 419 421 420
f 422 423 424
f 421 423 422
f 424 425 426
f 423 425 424
f 426 427 428
f 425 427 426
f 427 429 428
f 428 429 430
f 429 431 430
f 430 431 432
f 431 433 432
f 432 433 434
f 433 435 434
f 434 435 436
f 436 437 438
f 435 437 436
f 438 439 440
f 437 439 438
f 440 441 442
f 439 441 440
f 442 443 444
f 441 443 442
f 444 445 446
f 443 445 444
f 446 447 448
f 445 447 446
f 448 449 450
f 447 449 448
f 450 451 452
f 449 451 450
f 452 453 454
f 451 453 452
f 454 455 456
f 453 455 454
f 456 457 458
f 455 457 456
f 458 459 460
f 457 459 458
f 460 461 462
f 459 461 460
f 462 463 464
f 461 463 462
f 464 465 466
f 463 465 464
f 466 467 468
f 465 467 466
f 468 469 470
f 470 469 471
f 467 469 468
f 469 472 471
f 471 473 474
f 472 473 471
f 474 475 476
f 473 475 474
f 475 477 476
f 476 477 478
f 477 479 478
f 478 479 480
f 479 481 480
f 480 481 482
f 481 483 482
f 482 483 484
f 483 485 484
f 484 485 486
f 485 487 486
f 486 487 488
f 487 489 488
f 488 489 490
f 489 491 490
f 490 491 492
f 491 493 492
f 492 493 494
f 493 495 494
f 494 495 496
f 496 495 497
f 495 498 497
f 498 499 497
f 497 499 500
f 499 501 500
f 500 501 502
f 501 503 502
f 502 503 504
f 504 253 255
f 503 253 504
f 505 506 507
f 507 506 508
f 508 509 510
f 506 509 508
f 510 511 512
f 509 511 510
f 512 513 514
f 511 513 512
f 514 515 516
f 513 515 514
f 516 517 518
f 515 517 516
f 518 519 520
f 517 519 518
f 520 521 522
f 519 521 520
f 522 523 524
f 521 523 522
f 524 525 526
f 523 525 524
f 525 527 526
f 526 527 528
f 527 529 528
f 528 529 530
f 529 531 530
f 530 531 532
f 531 533 532
f 532 533 534
f 533 535 534
f 534 535 536
f 535 537 536
f 536 537 538
f 537 539 538
f 538 539 540
f 539 541 540
f 540 541 542
f 541 543 542
f 542 543 544
f 543 545 544
f 544 545 546
f 545 547 546
f 546 547 548
f 547 549 548
f 548 549 550
f 550 551 552
f 549 551 550
f 552 553 554
f 551 553 552
f 554 555 556
f 553 555 554
f 556 557 558
f 555 557 556
f 558 559 560
f 557 559 558
f 560 561 562
f 559 561 560
f 562 563 564
f 561 563 562
f 564 565 566
f 563 565 564
f 566 567 568
f 565 567 566
f 568 569 570
f 567 569 568
f 570 571 572
f 569 571 570
f 572 573 574
f 571 573 572
f 574 575 576
f 573 575 574
f 576 577 578
f 575 577 576
f 577 579 578
f 578 579 580
f 579 581 580
f 580 581 582
f 581 583 582
f 582 583 584
f 583 585 584
f 584 585 586
f 585 587 586
f 586 587 588
f 587 589 588
f 588 589 590
f 589 591 590
f 590 591 592
f 591 593 592
f 592 593 594
f 593 595 594
f 594 595 596
f 595 597 596
f 596 597 598
f 597 599 598
f 598 599 600
f 599 601 600
f 600 601 602
f 601 603 602
f 602 603 604
f 603 605 604
f 604 605 606
f 605 607 606
f 606 607 608
f 607 609 608
f 608 609 610
f 609 611 610
f 610 611 612
f 611 613 612
f 612 613 614
f 613 615 614
f 614 615 616
f 615 617 616
f 616 617 618
f 617 619 618
f 618 619 620
f 620 621 622
f 619 621 620
f 622 623 624
f 621 623 622
f 624 625 626
f 623 625 624
f 626 627 628
f 625 627 626
f 627 629 628
f 628 629 630
f 629 631 630
f 630 631 632
f 631 633 632
f 632 633 634
f 633 635 634
f 634 635 636
f 635 637 636
f 636 637 638
f 637 639 638
f 638 639 640
f 639 641 640
f 640 641 642
f 641 643 642
f 642 643 644
f 643 645 644
f 644 645 646
f 645 647 646
f 646 647 648
f 647 649 648
f 648 649 650
f 649 651 650
f 650 651 652
f 652 653 654
f 651 653 652
f 654 655 656
f 653 655 654
f 656 657 658
f 655 657 656
f 658 659 660
f 657 659 658
f 660 661 662
f 659 661 660
f 662 663 664
f 661 663 662
f 664 665 666
f 663 665 664
f 666 667 668
f 665 667 666
f 668 669 670
f 667 669 668
f 670 671 672
f 669 671 670
f 672 673 674
f 671 673 672
f 674 675 676
f 673 675 674
f 676 677 678
f 675 677 676
f 678 679 680
f 677 679 678
f 679 681 680
f 680 681 682
f 681 683 682
f 682 683 684
f 683 685 684
f 684 685 686
f 685 687 686
f 686 687 688
f 688 689 690
f 687 689 688
f 690 691 692
f 689 691 690
f 692 693 694
f 691 693 692
f 694 695 696
f 693 695 694
f 696 697 698
f 695 697 696
f 698 699 700
f 697 699 698
f 700 701 702
f 699 701 700
f 702 703 704
f 701 703 702
f 704 705 706
f 703 705 704
f 706 707 708
f 705 707 706
f 708 709 710
f 707 709 708
f 710 711 712
f 709 711 710
f 712 713 714
f 711 713 712
f 714 715 716
f 713 715 714
f 716 717 718
f 715 717 716
f 718 719 720
f 717 719 718
f 720 721 722
f 722 721 723
f 719 721 720
f 721 724 723
f 723 725 726
f 724 725 723
f 726 727 728
f 725 727 726
f 727 729 728
f 728 729 730
f 729 731 730
f 730 731 732
f 731 733 732
f 732 733 734
f 733 735 734
f 734 735 736
f 735 737 736
f 736 737 738
f 737 739 738
f 738 739 740
f 739 741 740
f 740 741 742
f 741 743 742
f 742 743 744
f 743 745 744
f 744 745 746
f 745 747 746
f 746 747 748
f 748 747 749
f 747 750 749
f 750 751 749
f 749 751 752
f 751 753 752
f 752 753 754
f 753 755 754
f 754 755 756
f 756 505 507
f 755 505 756
f 757 758 759
f 759 758 760
f 761 762 763
f 763 762 764
f 764 765 766
f 762 765 764
f 766 767 768
f 765 767 766
f 768 769 770
f 767 769 768
f 770 771 772
f 769 771 770
f 772 773 774
f 771 773 772
f 774 775 776
f 773 775 774
f 776 777 778
f 775 777 776
f 777 779 778
f 778 779 780
f 779 781 780
f 780 781 782
f 781 783 782
f 782 783 784
f 784 785 786
f 783 785 784
f 786 787 788
f 785 787 786
f 788 789 790
f 787 789 788
f 790 791 792
f 789 791 790
f 792 793 794
f 791 793 792
f 794 795 796
f 793 795 794
f 796 797 798
f 795 797 796
f 798 799 800
f 797 799 798
f 800 801 802
f 799 801 800
f 802 803 804
f 801 803 802
f 804 805 806
f 803 805 804
f 806 807 808
f 808 807 809
f 805 807 806
f 807 810 809
f 809 811 812
f 810 811 809
f 812 813 814
f 814 813 815
f 811 813 812
f 815 816 817
f 813 816 815
f 816 818 817
f 817 757 759
f 818 757 817
f 819 763 820
f 819 761 763
f 821 820 822
f 821 819 820
f 823 822 824
f 823 821 822
f 825 824 826
f 825 823 824
f 827 826 828
f 827 825 826
f 829 828 830
f 829 827 828
f 831 830 832
f 831 829 830
f 833 832 834
f 833 831 832
f 835 834 836
f 835 833 834
f 837 836 838
f 837 835 836
f 839 838 840
f 839 837 838
f 841 840 842
f 841 839 840
f 843 842 844
f 843 841 842
f 845 844 846
f 845 843 844
f 847 846 848
f 847 845 846
f 849 847 848
f 849 848 850
f 851 849 850
f 851 850 852
f 853 851 852
f 853 852 854
f 855 854 856
f 855 853 854
f 857 855 856
f 857 856 858
f 859 857 858
f 859 858 860
f 861 859 860
f 861 860 862
f 863 861 862
f 863 862 864
f 865 863 864
f 865 864 866
f 867 865 866
f 867 866 868
f 869 867 868
f 869 868 870
f 871 869 870
f 871 870 872
f 873 871 872
f 873 872 874
f 875 873 874
f 875 874 876
f 877 875 876
f 877 878 879
f 877 876 878
f 880 877 879
f 881 880 879
f 881 879 882
f 883 881 882
f 883 882 884
f 885 883 884
f 885 884 886
f 887 885 886
f 887 886 888
f 889 887 888
f 889 888 890
f 891 889 890
f 891 890 892
f 893 891 892
f 893 892 894
f 895 894 896
f 895 893 894
f 897 896 898
f 897 895 896
f 899 898 900
f 899 897 898
f 901 900 902
f 901 899 900
f 903 902 904
f 903 901 902
f 905 904 906
f 905 903 904
f 907 905 906
f 907 906 908
f 909 907 908
f 909 908 910
f 911 909 910
f 911 910 912
f 913 911 912
f 913 914 915
f 913 912 914
f 916 913 915
f 917 916 915
f 917 915 918
f 919 917 918
f 919 918 920
f 921 919 920
f 921 920 922
f 923 921 922
f 923 922 924
f 925 923 924
f 925 926 927
f 925 924 926
f 928 925 927
f 929 928 927
f 929 930 931
f 929 927 930
f 932 929 931
f 933 934 935
f 935 936 937
f 934 936 935
f 937 938 939
f 936 938 937
f 939 940 941
f 938 940 939
f 941 942 943
f 940 942 941
f 943 944 945
f 942 944 943
f 945 946 947
f 944 946 945
f 947 948 949
f 946 948 947
f 949 950 951
f 948 950 949
f 950 952 951
f 951 952 953
f 952 954 953
f 953 954 955
f 954 956 955
f 955 956 957
f 957 958 959
f 956 958 957
f 959 960 961
f 958 960 959
f 961 962 963
f 960 962 961
f 962 964 963
f 963 964 965
f 965 966 967
f 964 966 965
f 967 968 969
f 966 968 967
f 969 970 971
f 968 970 969
f 971 972 973
f 970 972 971
f 973 974 975
f 972 974 973
f 975 976 977
f 974 976 975
f 976 978 977
f 977 979 980
f 980 979 981
f 978 979 977
f 981 982 983
f 979 982 981
f 983 984 985
f 982 984 983
f 984 986 985
f 985 987 988
f 986 987 985
f 988 989 990
f 987 989 988
f 990 932 931
f 989 932 990
f 991 934 992
f 992 934 933
f 993 994 995
f 995 996 997
f 994 996 995
f 997 998 999
f 996 998 997
f 999 1000 1001
f 998 1000 999
f 1001 1002 1003
f 1000 1002 1001
f 1003 1004 1005
f 1002 1004 1003
f 1005 1006 1007
f 1004 1006 1005
f 1007 1008 1009
f 1006 1008 1007
f 1008 1010 1009
f 1009 1010 1011
f 1010 1012 1011
f 1011 1012 1013
f 1013 1014 1015
f 1012 1014 1013
f 1015 1016 1017
f 1014 1016 1015
f 1017 1018 1019
f 1016 1018 1017
f 1019 1020 1021
f 1018 1020 1019
f 1021 1022 1023
f 1020 1022 1021
f 1023 1024 1025
f 1022 1024 1023
f 1025 1026 1027
f 1024 1026 1025
f 1027 1028 1029
f 1026 1028 1027
f 1029 1030 1031
f 1028 1030 1029
f 1030 1032 1031
f 1031 1033 1034
f 1034 1033 1035
f 1032 1033 1031
f 1035 1036 1037
f 1033 1036 1035
f 1037 1038 1039
f 1036 1038 1037
f 1039 1040 1041
f 1038 1040 1039
f 1040 1042 1041
f 1041 1043 1044
f 1042 1043 1041
f 1044 1045 1046
f 1043 1045 1044
f 1046 1047 1048
f 1045 1047 1046
f 1048 1049 1050
f 1047 1049 1048
f 1050 1051 1052
f 1052 1051 1053
f 1049 1051 1050
f 1051 1054 1053
f 1053 1055 1056
f 1054 1055 1053
f 1056 991 992
f 1055 991 1056
f 1057 994 1058
f 1058 994 993
f 1059 1060 1061
f 1061 1062 1063
f 1060 1062 1061
f 1063 1064 1065
f 1062 1064 1063
f 1065 1066 1067
f 1064 1066 1065
f 1067 1068 1069
f 1066 1068 1067
f 1069 1070 1071
f 1068 1070 1069
f 1071 1072 1073
f 1070 1072 1071
f 1073 1074 1075
f 1072 1074 1073
f 1074 1076 1075
f 1075 1076 1077
f 1076 1078 1077
f 1077 1078 1079
f 1079 1080 1081
f 1078 1080 1079
f 1081 1082 1083
f 1080 1082 1081
f 1083 1084 1085
f 1082 1084 1083
f 1085 1086 1087
f 1084 1086 1085
f 1087 1088 1089
f 1086 1088 1087
f 1089 1090 1091
f 1088 1090 1089
f 1091 1092 1093
f 1090 1092 1091
f 1093 1094 1095
f 1092 1094 1093
f 1095 1096 1097
f 1094 1096 1095
f 1096 1098 1097
f 1097 1099 1100
f 1100 1099 1101
f 1098 1099 1097
f 1101 1102 1103
f 1099 1102 1101
f 1103 1104 1105
f 1102 1104 1103
f 1105 1106 1107
f 1104 1106 1105
f 1106 1108 1107
f 1107 1109 1110
f 1108 1109 1107
f 1110 1111 1112
f 1109 1111 1110
f 1112 1113 1114
f 1111 1113 1112
f 1114 1115 1116
f 1113 1115 1114
f 1116 1117 1118
f 1118 1117 1119
f 1115 1117 1116
f 1117 1120 1119
f 1119 1121 1122
f 1120 1121 1119
f 1122 1057 1058
f 1121 1057 1122
f 1123 1060 1124
f 1124 1060 1059
f 1125 1126 1127
f 1127 1128 1129
f 1126 1128 1127
f 1129 1130 1131
f 1128 1130 1129
f 1131 1132 1133
f 1130 1132 1131
f 1133 1134 1135
f 1132 1134 1133
f 1135 1136 1137
f 1134 1136 1135
f 1137 1138 1139
f 1136 1138 1137
f 1139 1140 1141
f 1138 1140 1139
f 1140 1142 1141
f 1141 1142 1143
f 1142 1144 1143
f 1143 1144 1145
f 1145 1146 1147
f 1144 1146 1145
f 1147 1148 1149
f 1146 1148 1147
f 1149 1150 1151
f 1148 1150 1149
f 1151 1152 1153
f 1150 1152 1151
f 1153 1154 1155
f 1152 1154 1153
f 1155 1156 1157
f 1154 1156 1155
f 1157 1158 1159
f 1156 1158 1157
f 1159 1160 1161
f 1158 1160 1159
f 1161 1162 1163
f 1160 1162 1161
f 1162 1164 1163
f 1163 1165 1166
f 1166 1165 1167
f 1164 1165 1163
f 1167 1168 1169
f 1165 1168 1167
f 1169 1170 1171
f 1168 1170 1169
f 1171 1172 1173
f 1170 1172 1171
f 1172 1174 1173
f 1173 1175 1176
f 1174 1175 1173
f 1176 1177 1178
f 1175 1177 1176
f 1178 1179 1180
f 1177 1179 1178
f 1180 1181 1182
f 1179 1181 1180
f 1182 1183 1184
f 1184 1183 1185
f 1181 1183 1182
f 1183 1186 1185
f 1185 1187 1188
f 1186 1187 1185
f 1188 1123 1124
f 1187 1123 1188
f 1189 1190 1125
f 1190 1126 1125
f 760 758 1191
f 1191 1192 1193
f 758 1192 1191
f 1193 1194 1195
f 1192 1194 1193
f 1195 1196 1197
f 1194 1196 1195
f 1197 1198 1199
f 1196 1198 1197
f 1199 1200 1201
f 1198 1200 1199
f 1201 1202 1203
f 1200 1202 1201
f 1203 1204 1205
f 1202 1204 1203
f 1204 1206 1205
f 1205 1206 1207
f 1206 1208 1207
f 1207 1208 1209
f 1209 1210 1211
f 1208 1210 1209
f 1211 1212 1213
f 1210 1212 1211
f 1213 1214 1215
f 1212 1214 1213
f 1215 1216 1217
f 1214 1216 1215
f 1217 1218 1219
f 1216 1218 1217
f 1219 1220 1221
f 1218 1220 1219
f 1221 1222 1223
f 1220 1222 1221
f 1223 1224 1225
f 1222 1224 1223
f 1225 1226 1227
f 1224 1226 1225
f 1226 1228 1227
f 1227 1229 1230
f 1230 1229 1231
f 1228 1229 1227
f 1231 1232 1233
f 1229 1232 1231
f 1233 1234 1235
f 1232 1234 1233
f 1235 1236 1237
f 1234 1236 1235
f 1236 1238 1237
f 1237 1239 1240
f 1238 1239 1237
f 1240 1241 1242
f 1239 1241 1240
f 1242 1243 1244
f 1241 1243 1242
f 1244 1245 1246
f 1243 1245 1244
f 1246 1247 1248
f 1248 1247 1249
f 1245 1247 1246
f 1247 1250 1249
f 1249 1251 1252
f 1250 1251 1249
f 1252 1190 1189
f 1251 1190 1252
f 1253 1254 1255
f 1255 1256 1257
f 1254 1256 1255
f 1257 1258 1259
f 1256 1258 1257
f 1259 1260 1261
f 1258 1260 1259
f 1261 1262 1263
f 1260 1262 1261
f 1263 1264 1265
f 1262 1264 1263
f 1265 1266 1267
f 1264 1266 1265
f 1267 1268 1269
f 1266 1268 1267
f 1268 1270 1269
f 1269 1270 1271
f 1270 1272 1271
f 1271 1272 1273
f 1272 1274 1273
f 1273 1274 1275
f 1274 1276 1275
f 1275 1276 1277
f 1276 1278 1277
f 1277 1278 1279
f 1278 1280 1279
f 1279 1280 1281
f 1280 1282 1281
f 1281 1282 1283
f 1282 1284 1283
f 1283 1284 1285
f 1284 1286 1285
f 1285 1286 1287
f 1286 1288 1287
f 1287 1288 1289
f 1288 1290 1289
f 1289 1290 1291
f 1290 1292 1291
f 1292 1293 1291
f 1291 1293 1294
f 1294 1293 1295
f 1295 1296 1297
f 1293 1296 1295
f 1297 1298 1299
f 1296 1298 1297
f 1299 1300 1301
f 1298 1300 1299
f 1300 1302 1301
f 1301 1303 1304
f 1302 1303 1301
f 1304 1305 1306
f 1303 1305 1304
f 1306 1307 1308
f 1305 1307 1306
f 1308 1309 1310
f 1307 1309 1308
f 1310 1311 1312
f 1312 1311 1313
f 1309 1311 1310
f 1311 1314 1313
f 1313 1315 1316
f 1314 1315 1313
f 1316 1317 1318
f 1315 1317 1316
f 1319 1320 1321
f 1321 1322 1323
f 1320 1322 1321
f 1323 1324 1325
f 1322 1324 1323
f 1325 1326 1327
f 1324 1326 1325
f 1327 1328 1329
f 1326 1328 1327
f 1329 1330 1331
f 1328 1330 1329
f 1331 1332 1333
f 1330 1332 1331
f 1333 1334 1335
f 1332 1334 1333
f 1334 1336 1335
f 1335 1336 1337
f 1336 1338 1337
f 1337 1338 1339
f 1338 1340 1339
f 1339 1340 1341
f 1340 1342 1341
f 1341 1342 1343
f 1342 1344 1343
f 1343 1344 1345
f 1344 1346 1345
f 1345 1346 1347
f 1346 1348 1347
f 1347 1348 1349
f 1348 1350 1349
f 1349 1350 1351
f 1350 1352 1351
f 1351 1352 1353
f 1352 1354 1353
f 1353 1354 1355
f 1354 1356 1355
f 1355 1356 1357
f 1356 1358 1357
f 1358 1359 1357
f 1357 1359 1360
f 1360 1359 1361
f 1361 1362 1363
f 1359 1362 1361
f 1363 1364 1365
f 1362 1364 1363
f 1365 1366 1367
f 1364 1366 1365
f 1366 1368 1367
f 1367 1369 1370
f 1368 1369 1367
f 1370 1371 1372
f 1369 1371 1370
f 1372 1373 1374
f 1371 1373 1372
f 1374 1375 1376
f 1373 1375 1374
f 1376 1377 1378
f 1378 1377 1379
f 1375 1377 1376
f 1377 1380 1379
f 1379 1381 1382
f 1380 1381 1379
f 1382 1383 1384
f 1381 1383 1382
f 1383 1385 1384
f 1384 1385 1386
f 1387 1388 1389
f 1389 1390 1391
f 1388 1390 1389
f 1391 1392 1393
f 1390 1392 1391
f 1393 1394 1395
f 1392 1394 1393
f 1395 1396 1397
f 1394 1396 1395
f 1397 1398 1399
f 1396 1398 1397
f 1399 1400 1401
f 1398 1400 1399
f 1401 1402 1403
f 1400 1402 1401
f 1402 1404 1403
f 1403 1404 1405
f 1404 1406 1405
f 1405 1406 1407
f 1406 1408 1407
f 1407 1408 1409
f 1408 1410 1409
f 1409 1410 1411
f 1410 1412 1411
f 1411 1412 1413
f 1412 1414 1413
f 1413 1414 1415
f 1414 1416 1415
f 1415 1416 1417
f 1416 1418 1417
f 1417 1418 1419
f 1418 1420 1419
f 1419 1420 1421
f 1420 1422 1421
f 1421 1422 1423
f 1422 1424 1423
f 1423 1424 1425
f 1424 1426 1425
f 1426 1427 1425
f 1425 1427 1428
f 1428 1427 1429
f 1429 1430 1431
f 1427 1430 1429
f 1431 1432 1433
f 1430 1432 1431
f 1433 1434 1435
f 1432 1434 1433
f 1434 1436 1435
f 1435 1437 1438
f 1436 1437 1435
f 1438 1439 1440
f 1437 1439 1438
f 1440 1441 1442
f 1439 1441 1440
f 1442 1443 1444
f 1441 1443 1442
f 1444 1445 1446
f 1446 1445 1447
f 1443 1445 1444
f 1445 1448 1447
f 1447 1449 1450
f 1448 1449 1447
f 1450 1451 1452
f 1449 1451 1450
f 1453 1388 1454
f 1454 1388 1387
f 1451 1455 1452
f 1452 1455 1456
f 1456 1455 1457
f 1457 1458 1459
f 1455 1458 1457
f 1459 1460 1461
f 1458 1460 1459
f 1461 1462 1463
f 1460 1462 1461
f 1463 1464 1465
f 1462 1464 1463
f 1465 1466 1467
f 1464 1466 1465
f 1467 1468 1469
f 1466 1468 1467
f 1469 1470 1471
f 1468 1470 1469
f 1470 1472 1471
f 1471 1472 1473
f 1472 1474 1473
f 1473 1474 1475
f 1474 1476 1475
f 1475 1476 1477
f 1476 1478 1477
f 1477 1478 1479
f 1478 1480 1479
f 1479 1480 1481
f 1480 1482 1481
f 1481 1482 1483
f 1482 1484 1483
f 1483 1484 1485
f 1484 1486 1485
f 1485 1486 1487
f 1486 1488 1487
f 1487 1488 1489
f 1488 1490 1489
f 1489 1490 1491
f 1490 1492 1491
f 1491 1492 1493
f 1492 1494 1493
f 1494 1495 1493
f 1493 1495 1496
f 1496 1495 1497
f 1497 1498 1499
f 1495 1498 1497
f 1499 1500 1501
f 1498 1500 1499
f 1501 1502 1503
f 1500 1502 1501
f 1502 1504 1503
f 1503 1505 1506
f 1504 1505 1503
f 1506 1507 1508
f 1505 1507 1506
f 1508 1509 1510
f 1507 1509 1508
f 1510 1511 1512
f 1509 1511 1510
f 1512 1513 1514
f 1514 1513 1515
f 1511 1513 1512
f 1513 1516 1515
f 1515 1517 1518
f 1516 1517 1515
f 1518 1519 1520
f 1517 1519 1518
f 1519 1521 1520
f 1520 1521 1522
f 1318 1317 1319
f 1317 1320 1319
f 1523 1524 1525
f 1525 1526 1527
f 1524 1526 1525
f 1527 1528 1529
f 1526 1528 1527
f 1529 1530 1531
f 1528 1530 1529
f 1531 1532 1533
f 1530 1532 1531
f 1533 1534 1535
f 1532 1534 1533
f 1535 1536 1537
f 1534 1536 1535
f 1537 1538 1539
f 1536 1538 1537
f 1538 1540 1539
f 1539 1540 1541
f 1540 1542 1541
f 1541 1542 1543
f 1542 1544 1543
f 1543 1544 1545
f 1544 1546 1545
f 1545 1546 1547
f 1546 1548 1547
f 1547 1548 1549
f 1548 1550 1549
f 1549 1550 1551
f 1550 1552 1551
f 1551 1552 1553
f 1552 1554 1553
f 1553 1554 1555
f 1554 1556 1555
f 1555 1556 1557
f 1556 1558 1557
f 1557 1558 1559
f 1558 1560 1559
f 1559 1560 1561
f 1560 1562 1561
f 1562 1563 1561
f 1561 1563 1564
f 1564 1563 1565
f 1565 1566 1567
f 1563 1566 1565
f 1567 1568 1569
f 1566 1568 1567
f 1569 1570 1571
f 1568 1570 1569
f 1570 1572 1571
f 1571 1573 1574
f 1572 1573 1571
f 1574 1575 1576
f 1573 1575 1574
f 1576 1577 1578
f 1575 1577 1576
f 1578 1579 1580
f 1577 1579 1578
f 1580 1581 1582
f 1582 1581 1583
f 1579 1581 1580
f 1581 1584 1583
f 1583 1585 1586
f 1584 1585 1583
f 1586 1587 1588
f 1585 1587 1586
f 1587 1254 1588
f 1588 1254 1253
f 1386 1385 1589
f 1589 1590 1591
f 1385 1590 1589
f 1591 1592 1593
f 1590 1592 1591
f 1593 1594 1595
f 1592 1594 1593
f 1595 1596 1597
f 1594 1596 1595
f 1597 1598 1599
f 1596 1598 1597
f 1599 1600 1601
f 1598 1600 1599
f 1601 1602 1603
f 1600 1602 1601
f 1602 1604 1603
f 1603 1604 1605
f 1604 1606 1605
f 1605 1606 1607
f 1606 1608 1607
f 1607 1608 1609
f 1608 1610 1609
f 1609 1610 1611
f 1610 1612 1611
f 1611 1612 1613
f 1612 1614 1613
f 1613 1614 1615
f 1614 1616 1615
f 1615 1616 1617
f 1616 1618 1617
f 1617 1618 1619
f 1618 1620 1619
f 1619 1620 1621
f 1620 1622 1621
f 1621 1622 1623
f 1622 1624 1623
f 1623 1624 1625
f 1624 1626 1625
f 1626 1627 1625
f 1625 1627 1628
f 1628 1627 1629
f 1629 1630 1631
f 1627 1630 1629
f 1631 1632 1633
f 1630 1632 1631
f 1633 1634 1635
f 1632 1634 1633
f 1634 1636 1635
f 1635 1637 1638
f 1636 1637 1635
f 1638 1639 1640
f 1637 1639 1638
f 1640 1641 1642
f 1639 1641 1640
f 1642 1643 1644
f 1641 1643 1642
f 1644 1645 1646
f 1646 1645 1647
f 1643 1645 1644
f 1645 1648 1647
f 1647 1649 1650
f 1648 1649 1647
f 1650 1651 1652
f 1649 1651 1650
f 1522 1521 1653
f 1653 1654 1655
f 1521 1654 1653
f 1655 1656 1657
f 1654 1656 1655
f 1657 1658 1659
f 1656 1658 1657
f 1659 1660 1661
f 1658 1660 1659
f 1661 1662 1663
f 1660 1662 1661
f 1663 1664 1665
f 1662 1664 1663
f 1665 1666 1667
f 1664 1666 1665
f 1666 1668 1667
f 1667 1668 1669
f 1668 1670 1669
f 1669 1670 1671
f 1670 1672 1671
f 1671 1672 1673
f 1672 1674 1673
f 1673 1674 1675
f 1674 1676 1675
f 1675 1676 1677
f 1676 1678 1677
f 1677 1678 1679
f 1678 1680 1679
f 1679 1680 1681
f 1680 1682 1681
f 1681 1682 1683
f 1682 1684 1683
f 1683 1684 1685
f 1684 1686 1685
f 1685 1686 1687
f 1686 1688 1687
f 1687 1688 1689
f 1688 1690 1689
f 1690 1691 1689
f 1689 1691 1692
f 1692 1691 1693
f 1693 1694 1695
f 1691 1694 1693
f 1695 1696 1697
f 1694 1696 1695
f 1697 1698 1699
f 1696 1698 1697
f 1698 1700 1699
f 1699 1701 1702
f 1700 1701 1699
f 1702 1703 1704
f 1701 1703 1702
f 1704 1705 1706
f 1703 1705 1704
f 1706 1707 1708
f 1705 1707 1706
f 1708 1709 1710
f 1710 1709 1711
f 1707 1709 1708
f 1709 1712 1711
f 1711 1713 1714
f 1712 1713 1711
f 1714 1715 1716
f 1713 1715 1714
f 1715 1717 1716
f 1716 1717 1718
f 1718 1717 1719
f 1719 1720 1721
f 1717 1720 1719
f 1721 1722 1723
f 1720 1722 1721
f 1723 1724 1725
f 1722 1724 1723
f 1725 1726 1727
f 1724 1726 1725
f 1727 1728 1729
f 1726 1728 1727
f 1729 1730 1731
f 1728 1730 1729
f 1731 1732 1733
f 1730 1732 1731
f 1732 1734 1733
f 1733 1734 1735
f 1734 1736 1735
f 1735 1736 1737
f 1736 1738 1737
f 1737 1738 1739
f 1738 1740 1739
f 1739 1740 1741
f 1740 1742 1741
f 1741 1742 1743
f 1742 1744 1743
f 1743 1744 1745
f 1744 1746 1745
f 1745 1746 1747
f 1746 1748 1747
f 1747 1748 1749
f 1748 1750 1749
f 1749 1750 1751
f 1750 1752 1751
f 1751 1752 1753
f 1752 1754 1753
f 1753 1754 1755
f 1754 1756 1755
f 1756 1757 1755
f 1755 1757 1758
f 1758 1757 1759
f 1759 1760 1761
f 1757 1760 1759
f 1761 1762 1763
f 1760 1762 1761
f 1763 1764 1765
f 1762 1764 1763
f 1764 1766 1765
f 1765 1767 1768
f 1766 1767 1765
f 1768 1769 1770
f 1767 1769 1768
f 1770 1771 1772
f 1769 1771 1770
f 1772 1773 1774
f 1771 1773 1772
f 1774 1775 1776
f 1776 1775 1777
f 1773 1775 1774
f 1775 1778 1777
f 1777 1779 1780
f 1778 1779 1777
f 1780 1453 1454
f 1779 1453 1780
f 1652 1651 1523
f 1651 1524 1523
f 1781 1782 1783
f 1783 1782 1784
f 1784 1785 1786
f 1782 1785 1784
f 1786 1787 1788
f 1785 1787 1786
f 1788 1789 1790
f 1787 1789 1788
f 1790 1791 1792
f 1789 1791 1790
f 1792 1793 1794
f 1791 1793 1792
f 1794 1795 1796
f 1793 1795 1794
f 1796 1797 1798
f 1795 1797 1796
f 1798 1799 1800
f 1797 1799 1798
f 1800 1801 1802
f 1799 1801 1800
f 1801 1803 1802
f 1802 1803 1804
f 1803 1805 1804
f 1804 1805 1806
f 1805 1807 1806
f 1806 1807 1808
f 1807 1809 1808
f 1808 1809 1810
f 1809 1811 1810
f 1810 1811 1812
f 1811 1813 1812
f 1812 1813 1814
f 1813 1815 1814
f 1814 1815 1816
f 1815 1817 1816
f 1816 1817 1818
f 1817 1819 1818
f 1818 1819 1820
f 1819 1821 1820
f 1820 1821 1822
f 1821 1823 1822
f 1822 1823 1824
f 1823 1825 1824
f 1824 1825 1826
f 1826 1827 1828
f 1825 1827 1826
f 1828 1829 1830
f 1827 1829 1828
f 1830 1831 1832
f 1829 1831 1830
f 1832 1833 1834
f 1831 1833 1832
f 1834 1835 1836
f 1833 1835 1834
f 1836 1837 1838
f 1835 1837 1836
f 1838 1839 1840
f 1837 1839 1838
f 1840 1841 1842
f 1839 1841 1840
f 1842 1843 1844
f 1841 1843 1842
f 1844 1845 1846
f 1843 1845 1844
f 1846 1847 1848
f 1845 1847 1846
f 1848 1849 1850
f 1847 1849 1848
f 1850 1851 1852
f 1849 1851 1850
f 1852 1853 1854
f 1851 1853 1852
f 1853 1855 1854
f 1854 1855 1856
f 1855 1857 1856
f 1856 1857 1858
f 1857 1859 1858
f 1858 1859 1860
f 1859 1861 1860
f 1860 1861 1862
f 1861 1863 1862
f 1862 1863 1864
f 1863 1865 1864
f 1864 1865 1866
f 1865 1867 1866
f 1866 1867 1868
f 1867 1869 1868
f 1868 1869 1870
f 1869 1871 1870
f 1870 1871 1872
f 1871 1873 1872
f 1872 1873 1874
f 1873 1875 1874
f 1874 1875 1876
f 1875 1877 1876
f 1876 1877 1878
f 1877 1879 1878
f 1878 1879 1880
f 1879 1881 1880
f 1880 1881 1882
f 1881 1883 1882
f 1882 1883 1884
f 1883 1885 1884
f 1884 1885 1886
f 1885 1887 1886
f 1886 1887 1888
f 1887 1889 1888
f 1888 1889 1890
f 1889 1891 1890
f 1890 1891 1892
f 1891 1893 1892
f 1892 1893 1894
f 1893 1895 1894
f 1894 1895 1896
f 1896 1897 1898
f 1895 1897 1896
f 1898 1899 1900
f 1897 1899 1898
f 1900 1901 1902
f 1899 1901 1900
f 1902 1903 1904
f 1901 1903 1902
f 1903 1905 1904
f 1904 1905 1906
f 1905 1907 1906
f 1906 1907 1908
f 1907 1909 1908
f 1908 1909 1910
f 1909 1911 1910
f 1910 1911 1912
f 1911 1913 1912
f 1912 1913 1914
f 1913 1915 1914
f 1914 1915 1916
f 1915 1917 1916
f 1916 1917 1918
f 1917 1919 1918
f 1918 1919 1920
f 1919 1921 1920
f 1920 1921 1922
f 1921 1923 1922
f 1922 1923 1924
f 1923 1925 1924
f 1924 1925 1926
f 1925 1927 1926
f 1926 1927 1928
f 1928 1929 1930
f 1927 1929 1928
f 1930 1931 1932
f 1929 1931 1930
f 1932 1933 1934
f 1931 1933 1932
f 1934 1935 1936
f 1933 1935 1934
f 1936 1937 1938
f 1935 1937 1936
f 1938 1939 1940
f 1937 1939 1938
f 1940 1941 1942
f 1939 1941 1940
f 1942 1943 1944
f 1941 1943 1942
f 1944 1945 1946
f 1943 1945 1944
f 1946 1947 1948
f 1945 1947 1946
f 1948 1949 1950
f 1947 1949 1948
f 1950 1951 1952
f 1949 1951 1950
f 1952 1953 1954
f 1951 1953 1952
f 1954 1955 1956
f 1953 1955 1954
f 1955 1957 1956
f 1956 1957 1958
f 1957 1959 1958
f 1958 1959 1960
f 1959 1961 1960
f 1960 1961 1962
f 1961 1963 1962
f 1962 1963 1964
f 1964 1965 1966
f 1963 1965 1964
f 1966 1967 1968
f 1965 1967 1966
f 1968 1969 1970
f 1967 1969 1968
f 1970 1971 1972
f 1969 1971 1970
f 1972 1973 1974
f 1971 1973 1972
f 1974 1975 1976
f 1973 1975 1974
f 1976 1977 1978
f 1975 1977 1976
f 1978 1979 1980
f 1977 1979 1978
f 1980 1981 1982
f 1979 1981 1980
f 1982 1983 1984
f 1981 1983 1982
f 1984 1985 1986
f 1983 1985 1984
f 1986 1987 1988
f 1985 1987 1986
f 1988 1989 1990
f 1987 1989 1988
f 1990 1991 1992
f 1989 1991 1990
f 1992 1993 1994
f 1991 1993 1992
f 1994 1995 1996
f 1993 1995 1994
f 1996 1997 1998
f 1998 1997 1999
f 1995 1997 1996
f 1997 2000 1999
f 1999 2001 2002
f 2000 2001 1999
f 2002 2003 2004
f 2001 2003 2002
f 2003 2005 2004
f 2004 2005 2006
f 2005 2007 2006
f 2006 2007 2008
f 2007 2009 2008
f 2008 2009 2010
f 2009 2011 2010
f 2010 2011 2012
f 2011 2013 2012
f 2012 2013 2014
f 2013 2015 2014
f 2014 2015 2016
f 2015 2017 2016
f 2016 2017 2018
f 2017 2019 2018
f 2018 2019 2020
f 2019 2021 2020
f 2020 2021 2022
f 2021 2023 2022
f 2022 2023 2024
f 2024 2023 2025
f 2023 2026 2025
f 2026 2027 2025
f 2025 2027 2028
f 2027 2029 2028
f 2028 2029 2030
f 2029 2031 2030
f 2030 2031 2032
f 2032 1781 1783
f 2031 1781 2032
f 2033 2034 2035
f 2035 2036 2037
f 2034 2036 2035
f 2037 2038 2039
f 2036 2038 2037
f 2039 2040 2041
f 2038 2040 2039
f 2041 2042 2043
f 2040 2042 2041
f 2043 2044 2045
f 2042 2044 2043
f 2045 2046 2047
f 2044 2046 2045
f 2047 2048 2049
f 2046 2048 2047
f 2049 2050 2051
f 2048 2050 2049
f 2051 2052 2053
f 2050 2052 2051
f 2053 2054 2055
f 2052 2054 2053
f 2055 2056 2057
f 2054 2056 2055
f 2057 2058 2059
f 2056 2058 2057
f 2058 2060 2059
f 2059 2060 2061
f 2060 2062 2061
f 2061 2062 2063
f 2062 2064 2063
f 2063 2064 2065
f 2064 2066 2065
f 2065 2066 2067
f 2067 2068 2069
f 2066 2068 2067
f 2068 2070 2069
f 2069 2070 2071
f 2071 2072 2073
f 2070 2072 2071
f 2073 2074 2075
f 2072 2074 2073
f 2074 2076 2075
f 2077 2034 2078
f 2078 2034 2033
f 2079 2080 2081
f 2081 2080 2082
f 2082 2083 2084
f 2080 2083 2082
f 2084 2085 2086
f 2083 2085 2084
f 2086 2087 2088
f 2085 2087 2086
f 2088 2089 2090
f 2087 2089 2088
f 2090 2091 2092
f 2089 2091 2090
f 2092 2093 2094
f 2091 2093 2092
f 2094 2095 2096
f 2093 2095 2094
f 2096 2097 2098
f 2095 2097 2096
f 2098 2099 2100
f 2097 2099 2098
f 2100 2101 2102
f 2099 2101 2100
f 2102 2103 2104
f 2101 2103 2102
f 2103 2105 2104
f 2104 2105 2106
f 2105 2107 2106
f 2106 2107 2108
f 2107 2109 2108
f 2108 2109 2110
f 2109 2111 2110
f 2110 2111 2112
f 2111 2113 2112
f 2112 2113 2114
f 2113 2115 2114
f 2114 2115 2116
f 2116 2117 2118
f 2115 2117 2116
f 2118 2119 2120
f 2117 2119 2118
f 2119 2077 2120
f 2120 2077 2078
f 2121 2122 2081
f 2122 2079 2081
f 2123 2124 2125
f 2125 2126 2127
f 2124 2126 2125
f 2127 2128 2129
f 2126 2128 2127
f 2129 2130 2131
f 2128 2130 2129
f 2131 2132 2133
f 2130 2132 2131
f 2133 2134 2135
f 2132 2134 2133
f 2135 2136 2137
f 2134 2136 2135
f 2137 2138 2139
f 2136 2138 2137
f 2139 2140 2141
f 2138 2140 2139
f 2141 2142 2143
f 2140 2142 2141
f 2143 2144 2145
f 2142 2144 2143
f 2145 2146 2147
f 2144 2146 2145
f 2147 2148 2149
f 2146 2148 2147
f 2148 2150 2149
f 2149 2150 2151
f 2150 2152 2151
f 2151 2152 2153
f 2152 2154 2153
f 2153 2154 2155
f 2154 2156 2155
f 2155 2156 2157
f 2157 2158 2159
f 2156 2158 2157
f 2158 2160 2159
f 2159 2160 2161
f 2161 2162 2163
f 2160 2162 2161
f 2163 2164 2121
f 2162 2164 2163
f 2164 2122 2121
f 2165 2124 2166
f 2166 2124 2123
f 2167 2168 2169
f 2169 2170 2171
f 2168 2170 2169
f 2171 2172 2173
f 2170 2172 2171
f 2173 2174 2175
f 2172 2174 2173
f 2175 2176 2177
f 2174 2176 2175
f 2177 2178 2179
f 2176 2178 2177
f 2179 2180 2181
f 2178 2180 2179
f 2181 2182 2183
f 2180 2182 2181
f 2183 2184 2185
f 2182 2184 2183
f 2185 2186 2187
f 2184 2186 2185
f 2187 2188 2189
f 2186 2188 2187
f 2189 2190 2191
f 2188 2190 2189
f 2191 2192 2193
f 2190 2192 2191
f 2192 2194 2193
f 2194 2195 2193
f 2193 2195 2196
f 2195 2197 2196
f 2196 2197 2198
f 2198 2197 2199
f 2197 2200 2199
f 2200 2201 2199
f 2199 2201 2202
f 2201 2203 2202
f 2202 2203 2204
f 2204 2203 2205
f 2203 2206 2205
f 2205 2207 2208
f 2206 2207 2205
f 2208 2165 2166
f 2207 2165 2208
f 2209 2168 2210
f 2210 2168 2167
f 2211 2212 2213
f 2213 2214 2215
f 2212 2214 2213
f 2215 2216 2217
f 2214 2216 2215
f 2217 2218 2219
f 2216 2218 2217
f 2219 2220 2221
f 2218 2220 2219
f 2221 2222 2223
f 2220 2222 2221
f 2223 2224 2225
f 2222 2224 2223
f 2225 2226 2227
f 2224 2226 2225
f 2227 2228 2229
f 2226 2228 2227
f 2229 2230 2231
f 2228 2230 2229
f 2231 2232 2233
f 2230 2232 2231
f 2233 2234 2235
f 2232 2234 2233
f 2235 2236 2237
f 2234 2236 2235
f 2236 2238 2237
f 2237 2238 2239
f 2238 2240 2239
f 2239 2240 2241
f 2240 2242 2241
f 2241 2242 2243
f 2242 2244 2243
f 2243 2244 2245
f 2245 2246 2247
f 2244 2246 2245
f 2246 2248 2247
f 2247 2248 2249
f 2249 2250 2251
f 2248 2250 2249
f 2251 2252 2210
f 2250 2252 2251
f 2252 2209 2210
f 2253 2212 2254
f 2254 2212 2211
f 2255 2256 2257
f 2257 2258 2259
f 2256 2258 2257
f 2259 2260 2261
f 2258 2260 2259
f 2261 2262 2263
f 2260 2262 2261
f 2263 2264 2265
f 2262 2264 2263
f 2265 2266 2267
f 2264 2266 2265
f 2267 2268 2269
f 2266 2268 2267
f 2269 2270 2271
f 2268 2270 2269
f 2271 2272 2273
f 2270 2272 2271
f 2273 2274 2275
f 2272 2274 2273
f 2275 2276 2277
f 2274 2276 2275
f 2277 2278 2279
f 2276 2278 2277
f 2279 2280 2281
f 2278 2280 2279
f 2280 2282 2281
f 2281 2282 2283
f 2282 2284 2283
f 2283 2284 2285
f 2284 2286 2285
f 2286 2287 2285
f 2285 2287 2288
f 2288 2287 2289
f 2289 2290 2291
f 2287 2290 2289
f 2290 2292 2291
f 2291 2293 2294
f 2294 2293 2295
f 2292 2293 2291
f 2293 2296 2295
f 2295 2253 2254
f 2296 2253 2295
f 2075 2076 2255
f 2076 2256 2255
f 2297 2298 2299
f 2297 2300 2298
f 2297 2301 2300
f 2297 2302 2301
f 2297 2303 2302
f 2297 2304 2303
f 2305 2306 2304
f 2305 2307 2306
f 2305 2308 2307
f 2305 2304 2297
f 2309 2308 2305
f 2309 2310 2308
f 2309 2311 2310
f 2309 2312 2311
f 2309 2313 2312
f 2314 2313 2309
f 2314 2315 2313
f 2314 2316 2315
f 2314 2317 2316
f 2314 2318 2317
f 2319 2318 2314
f 2319 2320 2318
f 2319 2321 2320
f 2319 2322 2321
f 2323 2322 2319
f 2323 2324 2322
f 2323 2325 2324
f 2323 2326 2325
f 2323 2327 2326
f 2328 2327 2323
f 2328 2329 2327
f 2328 2330 2329
f 2328 2331 2330
f 2332 2331 2328
f 2332 2333 2331
f 2332 2334 2333
f 2332 2335 2334
f 2336 2335 2332
f 2336 2337 2335
f 2336 2338 2337
f 2339 2340 2341
f 2339 2338 2336
f 2339 2342 2338
f 2339 2341 2342
f 2343 2299 2344
f 2343 2345 2346
f 2343 2297 2299
f 2343 2347 2345
f 2343 2348 2347
f 2343 2349 2348
f 2343 2350 2349
f 2343 2344 2350
f 2351 2352 2340
f 2351 2353 2352
f 2351 2340 2339
f 2354 2343 2346
f 2354 2355 2356
f 2354 2357 2355
f 2354 2358 2357
f 2354 2346 2358
f 2359 2360 2353
f 2359 2361 2360
f 2359 2362 2361
f 2359 2353 2351
f 2363 2354 2356
f 2363 2364 2365
f 2363 2366 2364
f 2363 2356 2366
f 2367 2368 2362
f 2367 2369 2368
f 2367 2362 2359
f 2370 2363 2365
f 2370 2371 2372
f 2370 2373 2371
f 2370 2365 2373
f 2374 2375 2369
f 2374 2369 2367
f 2374 2376 2375
f 2374 2377 2376
f 2378 2370 2372
f 2378 2379 2380
f 2378 2372 2379
f 2381 2382 2377
f 2381 2383 2382
f 2381 2377 2374
f 2384 2385 2386
f 2384 2387 2385
f 2384 2380 2387
f 2384 2378 2380
f 2388 2389 2383
f 2388 2390 2389
f 2388 2391 2390
f 2388 2383 2381
f 2392 2393 2394
f 2392 2386 2393
f 2392 2384 2386
f 2395 2396 2397
f 2395 2398 2396
f 2395 2394 2398
f 2395 2392 2394
f 2399 2400 2391
f 2399 2401 2400
f 2399 2402 2401
f 2399 2391 2388
f 2403 2404 2405
f 2403 2397 2404
f 2403 2395 2397
f 2406 2407 2402
f 2406 2408 2407
f 2406 2409 2408
f 2406 2402 2399
f 2410 2403 2405
f 2410 2411 2412
f 2410 2413 2411
f 2410 2405 2413
f 2414 2415 2409
f 2414 2409 2406
f 2416 2417 2415
f 2416 2418 2417
f 2416 2415 2414
f 2419 2420 2421
f 2419 2412 2420
f 2419 2410 2412
f 2422 2423 2418
f 2422 2424 2423
f 2422 2418 2416
f 2425 2426 2427
f 2425 2428 2426
f 2425 2421 2428
f 2425 2419 2421
f 2429 2430 2424
f 2429 2424 2422
f 2431 2432 2430
f 2431 2433 2432
f 2431 2430 2429
f 2434 2435 2436
f 2434 2427 2435
f 2434 2425 2427
f 2437 2438 2433
f 2437 2439 2438
f 2437 2433 2431
f 2440 2441 2442
f 2440 2443 2441
f 2440 2436 2443
f 2440 2434 2436
f 2444 2445 2439
f 2444 2446 2445
f 2444 2439 2437
f 2447 2446 2444
f 2447 2448 2446
f 2447 2449 2448
f 2450 2451 2452
f 2450 2442 2451
f 2450 2440 2442
f 2453 2454 2449
f 2453 2455 2454
f 2453 2449 2447
f 2456 2457 2458
f 2456 2459 2457
f 2456 2452 2459
f 2456 2450 2452
f 2460 2455 2453
f 2460 2461 2455
f 2460 2462 2461
f 2463 2464 2462
f 2463 2465 2464
f 2463 2462 2460
f 2466 2467 2468
f 2466 2469 2467
f 2466 2470 2469
f 2466 2458 2470
f 2466 2456 2458
f 2471 2465 2463
f 2471 2472 2465
f 2471 2473 2472
f 2471 2474 2473
f 2475 2474 2471
f 2475 2476 2474
f 2475 2477 2476
f 2478 2479 2480
f 2478 2468 2479
f 2478 2466 2468
f 2481 2482 2477
f 2481 2483 2482
f 2481 2484 2483
f 2481 2477 2475
f 2485 2486 2487
f 2485 2480 2486
f 2485 2478 2480
f 2488 2484 2481
f 2488 2489 2484
f 2488 2490 2489
f 2491 2487 2492
f 2491 2485 2487
f 2493 2494 2490
f 2493 2495 2494
f 2493 2496 2495
f 2493 2490 2488
f 2497 2498 2499
f 2497 2492 2498
f 2497 2491 2492
f 2500 2501 2496
f 2500 2502 2501
f 2500 2496 2493
f 2503 2504 2505
f 2503 2506 2504
f 2503 2499 2506
f 2503 2497 2499
f 2507 2508 2502
f 2507 2509 2508
f 2507 2510 2509
f 2507 2502 2500
f 2511 2512 2513
f 2511 2505 2512
f 2511 2503 2505
f 2514 2510 2507
f 2514 2515 2510
f 2514 2516 2515
f 2517 2511 2513
f 2517 2518 2519
f 2517 2520 2518
f 2517 2513 2520
f 2521 2516 2514
f 2521 2522 2516
f 2521 2523 2522
f 2521 2524 2523
f 2525 2519 2526
f 2525 2517 2519
f 2525 2526 2527
f 2528 2524 2521
f 2528 2529 2524
f 2528 2530 2529
f 2531 2525 2527
f 2531 2532 2533
f 2531 2534 2532
f 2531 2527 2534
f 2535 2530 2528
f 2535 2536 2530
f 2535 2537 2536
f 2535 2538 2537
f 2539 2531 2533
f 2539 2540 2541
f 2539 2533 2540
f 2542 2538 2535
f 2542 2543 2538
f 2542 2544 2543
f 2545 2539 2541
f 2545 2546 2547
f 2545 2548 2546
f 2545 2541 2548
f 2549 2544 2542
f 2549 2550 2544
f 2549 2551 2550
f 2549 2552 2551
f 2553 2545 2547
f 2553 2554 2555
f 2553 2547 2554
f 2556 2552 2549
f 2556 2557 2552
f 2556 2558 2557
f 2559 2553 2555
f 2559 2560 2561
f 2559 2562 2560
f 2559 2555 2562
f 2563 2564 2558
f 2563 2558 2556
f 2565 2559 2561
f 2565 2566 2567
f 2565 2561 2566
f 2568 2564 2563
f 2568 2569 2564
f 2568 2570 2569
f 2571 2572 2573
f 2571 2574 2572
f 2571 2567 2574
f 2571 2565 2567
f 2575 2570 2568
f 2575 2576 2570
f 2575 2577 2576
f 2578 2571 2573
f 2578 2579 2580
f 2578 2573 2579
f 2581 2578 2580
f 2581 2582 2583
f 2581 2584 2582
f 2581 2580 2584
f 2585 2577 2575
f 2585 2586 2577
f 2585 2587 2586
f 2585 2588 2587
f 2585 2589 2588
f 2590 2581 2583
f 2590 2591 2592
f 2590 2583 2591
f 2593 2590 2592
f 2593 2594 2595
f 2593 2592 2594
f 2596 2589 2585
f 2596 2597 2589
f 2596 2598 2597
f 2596 2599 2598
f 2600 2593 2595
f 2600 2601 2602
f 2600 2595 2601
f 2603 2600 2602
f 2603 2604 2605
f 2603 2602 2604
f 2606 2599 2596
f 2606 2607 2599
f 2606 2608 2607
f 2606 2609 2608
f 2610 2603 2605
f 2610 2611 2612
f 2610 2605 2611
f 2613 2610 2612
f 2613 2614 2615
f 2613 2612 2614
f 2616 2609 2606
f 2616 2617 2609
f 2616 2618 2617
f 2616 2619 2618
f 2616 2620 2619
f 2621 2622 2623
f 2621 2615 2622
f 2621 2613 2615
f 2624 2621 2623
f 2624 2623 2625
f 2626 2620 2616
f 2626 2627 2620
f 2626 2628 2627
f 2626 2629 2628
f 2630 2624 2625
f 2630 2631 2632
f 2630 2625 2631
f 2633 2630 2632
f 2633 2634 2635
f 2633 2632 2634
f 2636 2637 2638
f 2636 2629 2626
f 2636 2639 2629
f 2636 2638 2639
f 2640 2633 2635
f 2640 2635 2641
f 2642 2640 2641
f 2642 2643 2644
f 2642 2645 2643
f 2642 2641 2645
f 2646 2647 2637
f 2646 2648 2647
f 2646 2649 2648
f 2646 2637 2636
f 2650 2651 2649
f 2650 2652 2651
f 2650 2649 2646
f 2653 2654 2655
f 2653 2656 2654
f 2653 2644 2656
f 2653 2642 2644
f 2657 2658 2652
f 2657 2659 2658
f 2657 2652 2650
f 2660 2661 2659
f 2660 2662 2661
f 2660 2659 2657
f 2663 2653 2655
f 2663 2664 2665
f 2663 2666 2664
f 2663 2655 2666
f 2667 2668 2662
f 2667 2669 2668
f 2667 2670 2669
f 2667 2662 2660
f 2671 2672 2673
f 2671 2674 2672
f 2671 2665 2674
f 2671 2663 2665
f 2675 2676 2670
f 2675 2677 2676
f 2675 2670 2667
f 2678 2671 2673
f 2678 2679 2680
f 2678 2681 2679
f 2678 2682 2681
f 2678 2673 2682
f 2683 2684 2677
f 2683 2685 2684
f 2683 2686 2685
f 2683 2677 2675
f 2687 2688 2686
f 2687 2689 2688
f 2687 2690 2689
f 2687 2691 2690
f 2687 2686 2683
f 2692 2693 2694
f 2692 2695 2693
f 2692 2680 2695
f 2692 2678 2680
f 2696 2691 2687
f 2696 2697 2691
f 2696 2698 2697
f 2696 2699 2698
f 2700 2701 2702
f 2700 2703 2701
f 2700 2694 2703
f 2700 2692 2694
f 2704 2705 2699
f 2704 2706 2705
f 2704 2707 2706
f 2704 2708 2707
f 2704 2709 2708
f 2704 2299 2709
f 2704 2344 2299
f 2704 2699 2696
f 2710 2711 2712
f 2710 2713 2711
f 2710 2702 2713
f 2710 2700 2702
f 2714 2712 2715
f 2714 2710 2712
f 2716 2717 2718
f 2716 2719 2717
f 2716 2715 2719
f 2716 2714 2715
f 2720 2721 2722
f 2720 2723 2721
f 2720 2718 2723
f 2720 2716 2718
f 2724 2725 2726
f 2724 2727 2725
f 2724 2728 2727
f 2724 2722 2728
f 2724 2720 2722
f 2729 2730 2731
f 2729 2732 2730
f 2729 2726 2732
f 2729 2724 2726
f 2733 2734 2735
f 2733 2736 2734
f 2733 2737 2736
f 2733 2731 2737
f 2733 2729 2731
f 2738 2733 2735
f 2738 2739 2740
f 2738 2741 2739
f 2738 2742 2741
f 2738 2735 2742
f 2743 2744 2745
f 2743 2746 2744
f 2743 2740 2746
f 2743 2738 2740
f 2747 2748 2344
f 2747 2749 2748
f 2747 2750 2749
f 2747 2751 2750
f 2747 2752 2751
f 2747 2745 2752
f 2747 2743 2745
f 2747 2344 2704
f 2753 2388 2381
f 2753 2381 2754
f 2755 2753 2754
f 2756 2399 2388
f 2756 2388 2753
f 2757 2753 2755
f 2757 2756 2753
f 2758 2399 2756
f 2759 2756 2757
f 2759 2758 2756
f 2760 2758 2759
f 2761 2416 2414
f 2761 2414 2762
f 2763 2762 2764
f 2765 2416 2761
f 2766 2761 2762
f 2766 2762 2763
f 2767 2765 2761
f 2767 2761 2766
f 2768 2422 2416
f 2768 2416 2765
f 2769 2765 2767
f 2770 2422 2768
f 2771 2765 2769
f 2771 2768 2765
f 2772 2773 2774
f 2772 2774 2450
f 2772 2775 2773
f 2772 2450 2456
f 2776 2777 2775
f 2776 2772 2456
f 2776 2775 2772
f 2776 2456 2466
f 2778 2777 2776
f 2778 2779 2777
f 2778 2776 2466
f 2780 2781 2782
f 2780 2783 2781
f 2784 2785 2783
f 2784 2780 2485
f 2784 2485 2491
f 2784 2783 2780
f 2786 2787 2785
f 2786 2784 2491
f 2786 2788 2787
f 2786 2785 2784
f 2789 2788 2786
f 2789 2786 2491
f 2789 2491 2497
f 2790 2789 2497
f 2791 2563 2556
f 2791 2556 2792
f 2793 2563 2791
f 2794 2793 2791
f 2795 2568 2563
f 2795 2563 2793
f 2796 2793 2794
f 2797 2568 2795
f 2798 2795 2793
f 2798 2793 2796
f 2799 2797 2795
f 2799 2795 2798
f 2800 2797 2799
f 2801 2797 2800
f 2802 2596 2585
f 2803 2596 2802
f 2804 2802 2805
f 2804 2803 2802
f 2806 2803 2804
f 2806 2807 2803
f 2808 2809 2630
f 2808 2630 2633
f 2810 2811 2812
f 2810 2812 2808
f 2810 2808 2633
f 2810 2813 2811
f 2814 2815 2813
f 2814 2810 2633
f 2814 2813 2810
f 2814 2633 2640
f 2816 2814 2640
f 2816 2817 2815
f 2816 2818 2817
f 2816 2815 2814
f 2819 2636 2626
f 2820 2636 2819
f 2821 2820 2819
f 2821 2819 2822
f 2823 2824 2825
f 2823 2653 2663
f 2823 2826 2824
f 2823 2827 2653
f 2823 2825 2827
f 2828 2826 2823
f 2829 2657 2650
f 2829 2650 2830
f 2831 2830 2832
f 2833 2829 2830
f 2833 2830 2831
f 2834 2660 2657
f 2834 2657 2829
f 2835 2829 2833
f 2835 2834 2829
f 2836 2660 2834
f 2837 2836 2834
f 2837 2834 2835
f 2838 2692 2700
f 2839 2840 2838
f 2841 2838 2700
f 2841 2839 2838
f 2842 2843 2844
f 2842 2845 2843
f 2846 2842 2714
f 2846 2714 2716
f 2846 2845 2842
f 2846 2847 2845
f 2848 2716 2720
f 2848 2846 2716
f 2848 2847 2846
f 2848 2849 2847
f 2850 2848 2720
f 2850 2849 2848
f 2851 2367 2359
f 2851 2374 2367
f 2852 2851 2359
f 2852 2359 2853
f 2854 2851 2852
f 2855 2381 2374
f 2855 2374 2851
f 2855 2851 2854
f 2856 2852 2853
f 2857 2381 2855
f 2857 2855 2854
f 2857 2754 2381
f 2858 2852 2856
f 2859 2852 2858
f 2860 2852 2859
f 2860 2854 2852
f 2860 2754 2857
f 2860 2857 2854
f 2861 2399 2758
f 2861 2406 2399
f 2862 2406 2861
f 2862 2861 2758
f 2863 2757 2755
f 2863 2759 2757
f 2864 2414 2406
f 2864 2762 2414
f 2864 2406 2862
f 2865 2758 2760
f 2866 2862 2758
f 2866 2864 2862
f 2867 2866 2758
f 2867 2758 2865
f 2868 2864 2866
f 2868 2866 2867
f 2868 2764 2762
f 2868 2762 2864
f 2869 2865 2760
f 2869 2867 2865
f 2869 2868 2867
f 2869 2764 2868
f 2870 2863 2871
f 2870 2759 2863
f 2872 2873 2874
f 2872 2874 2425
f 2872 2875 2873
f 2876 2875 2872
f 2877 2759 2870
f 2877 2760 2759
f 2878 2764 2869
f 2878 2760 2877
f 2878 2877 2879
f 2878 2869 2760
f 2880 2876 2872
f 2881 2775 2777
f 2881 2777 2882
f 2881 2882 2883
f 2881 2773 2775
f 2884 2880 2872
f 2885 2884 2872
f 2885 2425 2434
f 2885 2434 2440
f 2885 2872 2425
f 2886 2764 2878
f 2886 2763 2764
f 2886 2766 2763
f 2887 2878 2879
f 2887 2886 2878
f 2888 2886 2887
f 2889 2431 2429
f 2890 2450 2774
f 2890 2774 2880
f 2890 2880 2884
f 2891 2429 2422
f 2891 2889 2429
f 2891 2422 2770
f 2892 2450 2890
f 2892 2885 2440
f 2892 2890 2884
f 2892 2440 2450
f 2892 2884 2885
f 2893 2444 2437
f 2893 2431 2889
f 2893 2437 2431
f 2894 2889 2891
f 2894 2893 2889
f 2895 2777 2779
f 2895 2882 2777
f 2896 2891 2770
f 2896 2894 2891
f 2897 2879 2895
f 2897 2895 2779
f 2898 2893 2894
f 2898 2894 2896
f 2899 2879 2897
f 2900 2898 2896
f 2901 2782 2897
f 2901 2897 2779
f 2902 2779 2778
f 2902 2901 2779
f 2903 2893 2898
f 2903 2444 2893
f 2904 2898 2900
f 2905 2899 2897
f 2905 2906 2899
f 2905 2782 2781
f 2905 2781 2783
f 2905 2897 2782
f 2907 2898 2904
f 2907 2903 2898
f 2908 2902 2778
f 2908 2901 2902
f 2909 2444 2903
f 2909 2447 2444
f 2910 2903 2907
f 2911 2447 2909
f 2912 2782 2901
f 2912 2901 2908
f 2912 2780 2782
f 2913 2908 2778
f 2913 2912 2908
f 2914 2903 2910
f 2914 2909 2903
f 2915 2913 2778
f 2916 2778 2466
f 2916 2466 2478
f 2916 2915 2778
f 2916 2478 2915
f 2917 2485 2780
f 2917 2780 2912
f 2917 2912 2913
f 2917 2915 2478
f 2917 2913 2915
f 2917 2478 2485
f 2918 2497 2503
f 2918 2790 2497
f 2918 2919 2790
f 2920 2921 2919
f 2920 2922 2921
f 2920 2923 2922
f 2924 2503 2511
f 2924 2918 2503
f 2925 2920 2919
f 2925 2919 2918
f 2925 2918 2924
f 2926 2927 2923
f 2926 2928 2927
f 2926 2923 2920
f 2929 2926 2920
f 2929 2517 2525
f 2929 2920 2925
f 2929 2511 2517
f 2929 2525 2926
f 2929 2924 2511
f 2929 2925 2924
f 2930 2525 2531
f 2930 2928 2926
f 2930 2926 2525
f 2931 2930 2531
f 2932 2521 2933
f 2932 2528 2521
f 2934 2535 2528
f 2934 2542 2535
f 2935 2934 2528
f 2935 2528 2932
f 2936 2549 2542
f 2936 2542 2934
f 2936 2934 2937
f 2938 2934 2935
f 2938 2937 2934
f 2939 2935 2932
f 2940 2549 2936
f 2940 2556 2549
f 2940 2936 2937
f 2940 2792 2556
f 2941 2935 2939
f 2942 2938 2935
f 2942 2935 2941
f 2943 2938 2942
f 2944 2938 2943
f 2945 2937 2938
f 2945 2938 2944
f 2945 2940 2937
f 2945 2792 2940
f 2946 2568 2797
f 2946 2575 2568
f 2947 2802 2585
f 2947 2585 2575
f 2948 2947 2575
f 2948 2575 2946
f 2948 2802 2947
f 2949 2948 2946
f 2949 2802 2948
f 2950 2946 2797
f 2950 2797 2801
f 2950 2949 2946
f 2951 2952 2603
f 2951 2603 2610
f 2953 2802 2949
f 2953 2949 2950
f 2954 2800 2799
f 2954 2801 2800
f 2955 2951 2610
f 2955 2956 2951
f 2955 2957 2956
f 2955 2958 2957
f 2959 2802 2953
f 2959 2805 2802
f 2960 2805 2959
f 2960 2950 2801
f 2960 2953 2950
f 2960 2959 2953
f 2961 2954 2962
f 2963 2958 2955
f 2963 2964 2965
f 2963 2965 2958
f 2966 2960 2801
f 2966 2954 2961
f 2966 2961 2967
f 2966 2801 2954
f 2968 2964 2963
f 2969 2804 2805
f 2969 2805 2960
f 2969 2960 2966
f 2970 2616 2606
f 2971 2966 2967
f 2971 2969 2966
f 2972 2968 2963
f 2973 2616 2970
f 2974 2613 2621
f 2974 2972 2963
f 2974 2610 2613
f 2974 2963 2955
f 2974 2955 2610
f 2975 2630 2809
f 2975 2809 2968
f 2975 2968 2972
f 2975 2624 2630
f 2976 2974 2621
f 2976 2972 2974
f 2976 2975 2972
f 2976 2624 2975
f 2976 2621 2624
f 2977 2815 2817
f 2977 2817 2818
f 2977 2978 2979
f 2980 2807 2806
f 2981 2973 2807
f 2982 2969 2971
f 2982 2804 2969
f 2983 2806 2804
f 2983 2804 2982
f 2983 2980 2806
f 2984 2807 2980
f 2984 2981 2807
f 2984 2985 2981
f 2986 2984 2980
f 2986 2980 2983
f 2986 2985 2984
f 2987 2819 2626
f 2987 2626 2616
f 2988 2977 2818
f 2988 2967 2978
f 2988 2978 2977
f 2989 2983 2982
f 2990 2616 2973
f 2990 2987 2616
f 2990 2973 2981
f 2990 2819 2987
f 2991 2967 2988
f 2992 2983 2989
f 2992 2986 2983
f 2993 2986 2992
f 2993 2994 2985
f 2993 2985 2986
f 2995 2996 2991
f 2995 2991 2988
f 2997 2825 2995
f 2997 2995 2988
f 2997 2988 2818
f 2998 2997 2818
f 2998 2818 2816
f 2999 2997 2998
f 3000 2996 2995
f 3000 2825 2824
f 3000 2995 2825
f 3000 2824 2826
f 3001 3000 2826
f 3001 2996 3000
f 3002 2981 2985
f 3002 2990 2981
f 3003 2999 2998
f 3003 2827 2999
f 3004 2997 2999
f 3004 2999 2827
f 3004 2827 2825
f 3004 2825 2997
f 3005 2990 3002
f 3005 2822 2819
f 3005 2819 2990
f 3006 2640 2642
f 3006 2998 2816
f 3006 2816 2640
f 3006 3003 2998
f 3007 3002 2985
f 3007 2822 3005
f 3007 3005 3002
f 3008 2985 2994
f 3008 3007 2985
f 3009 2646 2636
f 3009 2636 2820
f 3010 2827 3003
f 3010 3006 2642
f 3010 3003 3006
f 3011 3007 3008
f 3012 2646 3009
f 3012 3009 2820
f 3013 3001 2826
f 3014 2653 2827
f 3014 2827 3010
f 3014 3010 2642
f 3014 2642 2653
f 3015 2646 3012
f 3015 2650 2646
f 3015 2830 2650
f 3016 3017 2994
f 3018 2820 2821
f 3019 3015 3012
f 3019 3012 2820
f 3020 3019 2820
f 3020 2820 3018
f 3021 3017 3016
f 3021 3013 2826
f 3021 3016 3013
f 3022 3007 3011
f 3022 2822 3007
f 3023 2826 2828
f 3023 3021 2826
f 3024 2830 3015
f 3024 3019 3020
f 3024 2832 2830
f 3024 3015 3019
f 3025 3018 2821
f 3025 3020 3018
f 3025 3024 3020
f 3025 2832 3024
f 3026 2821 2822
f 3026 3025 2821
f 3026 2822 3022
f 3027 3017 3021
f 3027 3021 3023
f 3028 3026 3022
f 3029 2994 3017
f 3030 3028 3031
f 3030 3026 3028
f 3030 2832 3025
f 3030 3025 3026
f 3032 3027 3023
f 3032 3017 3027
f 3032 3023 2828
f 3033 3029 3017
f 3033 3034 3029
f 3033 3035 3034
f 3033 2840 3035
f 3036 3032 2828
f 3037 3017 3032
f 3037 3033 3017
f 3038 3030 3031
f 3038 2832 3030
f 3038 2831 2832
f 3038 2833 2831
f 3039 2678 3036
f 3039 2671 2678
f 3040 2667 2660
f 3041 2838 2840
f 3041 2840 3033
f 3041 3033 3037
f 3042 3036 2678
f 3042 3032 3036
f 3042 3037 3032
f 3042 3041 3037
f 3042 2838 3041
f 3043 3040 2660
f 3043 2660 2836
f 3044 2667 3040
f 3044 2675 2667
f 3045 3040 3043
f 3045 3044 3040
f 3046 3047 3035
f 3046 3035 2840
f 3046 2840 2839
f 3048 2837 2835
f 3048 2835 2833
f 3049 2833 3038
f 3049 3048 2833
f 3050 3048 3049
f 3051 2692 2838
f 3051 2838 3042
f 3051 3042 2678
f 3051 2678 2692
f 3052 3047 3046
f 3052 3031 3047
f 3053 3048 3050
f 3054 3043 2836
f 3055 2844 2843
f 3055 2843 2845
f 3055 3052 2844
f 3055 3031 3052
f 3056 3046 2839
f 3056 2844 3052
f 3056 3052 3046
f 3057 2839 2841
f 3057 3056 2839
f 3058 3044 3045
f 3059 3055 2845
f 3060 3057 2841
f 3060 3056 3057
f 3061 3056 3060
f 3061 2842 2844
f 3061 2844 3056
f 3062 3061 3060
f 3062 3060 2841
f 3063 3064 3058
f 3063 3058 3065
f 3066 3062 2841
f 3067 2841 2700
f 3067 3066 2841
f 3067 2710 3066
f 3067 2700 2710
f 3068 3059 2845
f 3068 3069 3059
f 3068 2845 2847
f 3068 2847 2849
f 3070 3069 3068
f 3071 2710 2714
f 3071 2842 3061
f 3071 3062 3066
f 3071 2714 2842
f 3071 3066 2710
f 3071 3061 3062
f 3072 3073 2850
f 3072 2850 2720
f 3074 2720 2724
f 3074 3072 2720
f 3075 3072 3074
f 3076 3077 3078
f 3079 2724 2729
f 3079 3074 2724
f 3079 3075 3074
f 3079 3076 3075
f 3080 3077 3076
f 3081 2351 2339
f 3081 2339 2336
f 3082 2336 3083
f 3082 3081 2336
f 3084 3081 3082
f 3085 2351 3081
f 3085 2359 2351
f 3085 3081 3084
f 3086 3082 3083
f 3087 2853 2359
f 3087 2359 3085
f 3087 3085 3084
f 3088 3082 3086
f 3089 3082 3088
f 3090 3084 3082
f 3090 2853 3087
f 3090 3087 3084
f 3090 3082 3089
f 3091 2858 2856
f 3091 2859 2858
f 3092 2754 2860
f 3092 2755 2754
f 3093 3091 3094
f 3095 3096 2403
f 3095 3097 3098
f 3095 3099 3097
f 3095 3098 3096
f 3100 2871 2863
f 3100 3101 2871
f 3100 2863 2755
f 3100 2755 3092
f 3100 3092 3101
f 3102 3099 3095
f 3103 2875 2876
f 3103 3104 3105
f 3103 2873 2875
f 3106 3102 3095
f 3107 3095 2403
f 3107 3106 3095
f 3107 2410 2419
f 3107 2403 2410
f 3108 2425 2874
f 3108 3102 3106
f 3108 2874 3102
f 3109 2419 2425
f 3109 2425 3108
f 3109 3106 3107
f 3109 3107 2419
f 3109 3108 3106
f 3110 2870 2871
f 3110 3111 2883
f 3110 2882 3112
f 3110 2883 2882
f 3110 3112 2870
f 3110 2871 3111
f 3113 2881 2883
f 3113 2773 2881
f 3113 2883 3114
f 3115 2774 2773
f 3115 2880 2774
f 3115 3113 3114
f 3115 2773 3113
f 3116 2877 2870
f 3116 2879 2877
f 3116 3112 2882
f 3116 2870 3112
f 3116 2895 2879
f 3116 2882 2895
f 3117 2766 2886
f 3117 2886 2888
f 3117 2769 2767
f 3117 2771 2769
f 3117 2767 2766
f 3117 2888 3118
f 3117 3118 3119
f 3117 3119 2771
f 3120 2770 2768
f 3120 2896 2770
f 3120 2768 2771
f 3121 2879 2899
f 3121 2906 3122
f 3121 2899 2906
f 3121 3122 3123
f 3121 2887 2879
f 3121 2888 2887
f 3121 3118 2888
f 3121 3123 3118
f 3124 3120 2771
f 3124 2771 3119
f 3125 3120 3124
f 3125 3124 3119
f 3126 2900 2896
f 3126 2896 3120
f 3126 3120 3125
f 3127 3126 3125
f 3128 3127 3125
f 3128 3119 3129
f 3128 3125 3119
f 3130 3122 3131
f 3130 3123 3122
f 3130 3131 3129
f 3130 3129 3119
f 3130 3119 3118
f 3130 3118 3123
f 3132 2900 3126
f 3132 3126 3127
f 3133 2904 2900
f 3133 2900 3132
f 3134 3132 3127
f 3134 3127 3128
f 3135 3132 3134
f 3135 3133 3132
f 3136 2447 2911
f 3136 2453 2447
f 3137 3122 2906
f 3137 3131 3122
f 3137 2905 2783
f 3137 2785 2787
f 3137 2906 2905
f 3137 2783 2785
f 3137 2788 3131
f 3137 2787 2788
f 3138 2453 3136
f 3138 2460 2453
f 3139 3138 3136
f 3140 2463 2460
f 3140 2460 3138
f 3140 2471 2463
f 3141 3140 3138
f 3141 3138 3139
f 3142 2914 2910
f 3143 3133 3135
f 3144 3129 3131
f 3145 3136 2911
f 3145 3139 3136
f 3145 3141 3139
f 3146 3131 2788
f 3147 3131 3146
f 3147 3144 3131
f 3148 3140 3141
f 3148 3141 3145
f 3149 3144 3147
f 3149 3150 3144
f 3151 3148 3145
f 3152 3149 3147
f 3152 2919 2921
f 3153 2471 3140
f 3153 3140 3148
f 3154 2788 2789
f 3154 2789 2790
f 3154 3147 3146
f 3154 3146 2788
f 3154 3152 3147
f 3154 2919 3152
f 3154 2790 2919
f 3155 3156 3150
f 3155 3149 3152
f 3155 3150 3149
f 3155 3152 2921
f 3157 3148 3151
f 3158 3159 3156
f 3158 3156 3155
f 3158 2921 2922
f 3158 3155 2921
f 3160 3153 3148
f 3160 3148 3157
f 3161 2927 2928
f 3162 2500 2493
f 3162 2507 2500
f 3163 3162 2493
f 3164 2507 3162
f 3164 2514 2507
f 3165 3164 3162
f 3166 3165 3162
f 3166 3162 3163
f 3167 3164 3165
f 3168 2514 3164
f 3168 2521 2514
f 3168 2933 2521
f 3168 3164 3167
f 3169 3166 3163
f 3170 3166 3169
f 3171 3166 3170
f 3172 3165 3166
f 3172 3167 3165
f 3172 3166 3171
f 3172 2933 3168
f 3172 3168 3167
f 3173 2931 2531
f 3173 3174 2931
f 3173 2531 2539
f 3175 3174 3173
f 3176 3177 3178
f 3176 3178 3174
f 3176 3179 3177
f 3180 3176 3174
f 3180 3174 3175
f 3181 2539 2545
f 3181 3175 3173
f 3181 3180 3175
f 3181 3173 2539
f 3182 3179 3176
f 3183 2545 2553
f 3183 3181 2545
f 3183 3176 3180
f 3183 3180 3181
f 3183 3182 3176
f 3183 2559 3182
f 3183 2553 2559
f 3184 2941 2939
f 3185 3184 3186
f 3187 2944 2943
f 3188 2944 3187
f 3189 2792 2945
f 3189 2794 2791
f 3189 2791 2792
f 3190 2945 2944
f 3190 2944 3188
f 3190 3189 2945
f 3191 3188 3187
f 3191 3187 3192
f 3193 3190 3188
f 3194 3195 3196
f 3194 3197 3198
f 3194 3198 3195
f 3199 3193 3188
f 3199 3188 3191
f 3200 3190 3193
f 3200 3189 3190
f 3201 2794 3189
f 3201 3200 3202
f 3201 3189 3200
f 3201 3202 2794
f 3203 3197 3194
f 3204 3193 3199
f 3204 3202 3200
f 3204 3205 3202
f 3204 3200 3193
f 3206 2956 2957
f 3206 3207 3208
f 3209 3203 3194
f 3210 3194 3196
f 3210 2581 2590
f 3210 2590 2593
f 3210 3209 3194
f 3210 3196 2581
f 3211 3203 3209
f 3212 3211 3209
f 3212 3210 2593
f 3212 3209 3210
f 3212 2593 2600
f 3213 2962 2954
f 3213 3214 2962
f 3213 2794 3202
f 3213 2796 2794
f 3213 2798 2796
f 3213 2799 2798
f 3213 2954 2799
f 3213 3202 3214
f 3215 2952 3203
f 3215 3203 3211
f 3215 3211 3212
f 3215 3212 2600
f 3215 2603 2952
f 3215 2600 2603
f 3216 2965 2964
f 3216 3217 3218
f 3219 3216 2964
f 3219 3220 3217
f 3219 3217 3216
f 3221 3222 3223
f 3221 3224 3222
f 3221 3205 3224
f 3221 3223 3214
f 3221 3202 3205
f 3221 3214 3202
f 3225 3224 3205
f 3226 2973 2970
f 3226 2970 2606
f 3226 2807 2973
f 3226 2606 2596
f 3226 2803 2807
f 3226 2596 2803
f 3227 3220 3219
f 3227 3225 3220
f 3228 2964 2968
f 3228 3219 2964
f 3228 3227 3219
f 3229 3224 3225
f 3229 3225 3227
f 3229 3227 3228
f 3230 2812 3224
f 3230 3224 3229
f 3231 2962 3214
f 3231 2961 2962
f 3231 2967 2961
f 3231 3223 3222
f 3231 3214 3223
f 3231 3222 2979
f 3231 2979 2978
f 3231 2978 2967
f 3232 3230 3229
f 3232 2968 2809
f 3232 2808 2812
f 3232 2809 2808
f 3232 2812 3230
f 3232 3228 2968
f 3232 3229 3228
f 3233 2812 2811
f 3233 3224 2812
f 3233 3222 3224
f 3233 2813 2815
f 3233 2811 2813
f 3233 2979 3222
f 3233 2815 2977
f 3233 2977 2979
f 3234 2971 2967
f 3234 3235 2982
f 3234 2982 2971
f 3236 3234 2967
f 3236 3235 3234
f 3237 2991 2996
f 3237 3236 2967
f 3237 3235 3236
f 3237 3001 3235
f 3237 2996 3001
f 3237 2967 2991
f 3238 2993 2992
f 3238 2994 2993
f 3238 2982 3235
f 3238 2989 2982
f 3238 2992 2989
f 3239 3238 3235
f 3239 2994 3238
f 3240 3239 3235
f 3240 2994 3239
f 3240 3235 3001
f 3240 3001 3013
f 3240 3016 2994
f 3240 3013 3016
f 3241 3242 3022
f 3241 3011 3008
f 3241 3008 2994
f 3241 3022 3011
f 3243 3242 3241
f 3243 3241 2994
f 3244 2994 3029
f 3244 3243 2994
f 3244 3029 3034
f 3244 3034 3035
f 3244 3035 3242
f 3244 3242 3243
f 3245 3031 3028
f 3245 3022 3242
f 3245 3028 3022
f 3246 3031 3245
f 3246 3245 3242
f 3247 2663 2671
f 3247 3036 2828
f 3247 3039 3036
f 3247 2823 2663
f 3247 2828 2823
f 3247 2671 3039
f 3248 3035 3047
f 3248 3242 3035
f 3248 3246 3242
f 3248 3031 3246
f 3248 3047 3031
f 3249 3038 3031
f 3249 3049 3038
f 3249 3250 3049
f 3251 3054 2836
f 3251 2836 2837
f 3252 3249 3031
f 3252 3250 3249
f 3253 3054 3251
f 3253 3251 2837
f 3254 3044 3058
f 3254 3058 3064
f 3254 2675 3044
f 3254 3064 2683
f 3254 2683 2675
f 3255 3253 2837
f 3255 3048 3053
f 3255 2837 3048
f 3256 3055 3059
f 3256 3252 3031
f 3256 3250 3252
f 3256 3059 3250
f 3256 3031 3055
f 3257 3255 3053
f 3257 3253 3255
f 3258 3259 3054
f 3258 3054 3253
f 3258 3253 3257
f 3260 3258 3257
f 3261 3259 3065
f 3261 3054 3259
f 3261 3058 3045
f 3261 3045 3043
f 3261 3043 3054
f 3261 3065 3058
f 3262 3263 3053
f 3262 3053 3050
f 3262 3050 3049
f 3262 3049 3250
f 3264 3053 3263
f 3264 3257 3053
f 3264 3260 3257
f 3265 3263 3262
f 3265 3262 3250
f 3266 3258 3260
f 3266 3260 3264
f 3267 3059 3069
f 3267 3263 3265
f 3267 3070 3263
f 3267 3069 3070
f 3267 3250 3059
f 3267 3265 3250
f 3268 2687 2683
f 3269 2683 3064
f 3269 3268 2683
f 3270 2687 3268
f 3270 2696 2687
f 3271 3270 3268
f 3271 3268 3269
f 3272 3063 3065
f 3273 3271 3269
f 3273 3269 3064
f 3274 3272 3275
f 3276 3263 3070
f 3277 3068 2849
f 3277 3070 3068
f 3278 3276 3070
f 3278 3070 3277
f 3279 3280 3276
f 3279 3276 3278
f 3281 3277 2849
f 3281 3278 3277
f 3282 3280 3279
f 3282 3279 3278
f 3282 3073 3283
f 3282 3278 3281
f 3282 3281 3073
f 3284 2849 2850
f 3284 2850 3073
f 3284 3073 3281
f 3284 3281 2849
f 3285 3078 3077
f 3285 3286 3287
f 3288 3078 3283
f 3288 3283 3073
f 3288 3073 3072
f 3288 3076 3078
f 3288 3072 3075
f 3288 3075 3076
f 3289 2747 2704
f 3290 2729 2733
f 3290 2733 3080
f 3290 3079 2729
f 3290 3076 3079
f 3290 3080 3076
f 3291 3080 2733
f 3291 3292 3080
f 3293 2733 2738
f 3293 3291 2733
f 3294 3292 3291
f 3294 3291 3293
f 3295 2738 2743
f 3295 3293 2738
f 3295 3294 3293
f 3296 2332 2328
f 3297 3296 3298
f 3299 2336 2332
f 3299 2332 3296
f 3299 3296 3297
f 3300 3298 3301
f 3302 3299 3297
f 3302 2336 3299
f 3302 3083 2336
f 3303 3298 3300
f 3304 3083 3302
f 3305 3088 3086
f 3305 3089 3088
f 3306 2856 2853
f 3306 2853 3090
f 3307 3090 3089
f 3307 3306 3090
f 3308 3305 3309
f 3308 3089 3305
f 3308 3307 3089
f 3310 3311 3312
f 3310 3313 3311
f 3314 3307 3308
f 3315 3306 3307
f 3315 3307 3314
f 3316 3091 2856
f 3316 2856 3306
f 3316 3306 3315
f 3316 3315 3094
f 3316 3094 3091
f 3317 3314 3308
f 3317 3318 3094
f 3317 3315 3314
f 3317 3094 3315
f 3319 3098 3097
f 3319 3097 3099
f 3319 3099 3320
f 3319 3320 3321
f 3322 2392 2395
f 3322 3323 3310
f 3324 2403 3096
f 3324 3096 3325
f 3326 3092 2860
f 3326 2860 2859
f 3326 3101 3092
f 3327 2403 3324
f 3327 3322 2395
f 3327 3323 3322
f 3327 3324 3323
f 3327 2395 2403
f 3328 3094 3318
f 3328 3329 3093
f 3328 3318 3105
f 3328 3104 3329
f 3328 3105 3104
f 3328 3093 3094
f 3330 3105 3318
f 3331 2859 3091
f 3331 3326 2859
f 3331 3091 3093
f 3331 3101 3326
f 3332 3330 3320
f 3333 3099 3102
f 3333 3320 3099
f 3333 3332 3320
f 3334 3101 3331
f 3334 2871 3101
f 3334 3331 3093
f 3334 3111 2871
f 3335 3093 3329
f 3336 3332 3333
f 3336 3105 3330
f 3336 3330 3332
f 3337 3111 3334
f 3337 3334 3093
f 3337 3093 3335
f 3338 3105 3336
f 3338 3103 3105
f 3338 2873 3103
f 3339 3111 3337
f 3339 3337 3335
f 3340 3339 3335
f 3340 3335 3329
f 3340 3329 3104
f 3341 2874 2873
f 3341 3336 3333
f 3341 3333 3102
f 3341 2873 3338
f 3341 3338 3336
f 3341 3102 2874
f 3342 3339 3340
f 3342 3340 3104
f 3342 3111 3339
f 3343 3342 3104
f 3343 3111 3342
f 3343 2883 3111
f 3343 3114 2883
f 3344 3343 3104
f 3344 3114 3343
f 3344 3103 2876
f 3344 3104 3103
f 3345 3344 2876
f 3345 2876 2880
f 3345 3115 3114
f 3345 2880 3115
f 3345 3114 3344
f 3346 2904 3133
f 3346 3347 3142
f 3346 2910 2907
f 3346 2907 2904
f 3346 3142 2910
f 3346 3143 3347
f 3346 3133 3143
f 3348 3128 3129
f 3348 3134 3128
f 3348 3135 3134
f 3348 3349 3143
f 3348 3143 3135
f 3350 3145 2911
f 3350 2909 2914
f 3350 2911 2909
f 3351 3145 3350
f 3352 3350 2914
f 3352 3351 3350
f 3353 3349 3348
f 3353 3348 3129
f 3354 3351 3352
f 3355 3142 3347
f 3355 3354 3352
f 3355 2914 3142
f 3355 3352 2914
f 3356 3156 3159
f 3356 3159 3349
f 3356 3349 3353
f 3356 3150 3156
f 3356 3353 3129
f 3356 3129 3144
f 3356 3144 3150
f 3357 3354 3355
f 3358 3151 3145
f 3358 3145 3351
f 3358 3351 3354
f 3358 3354 3357
f 3359 3357 3355
f 3359 3358 3357
f 3360 2481 2475
f 3360 2475 2471
f 3361 3347 3143
f 3361 3143 3349
f 3362 3355 3347
f 3362 3359 3355
f 3362 3347 3361
f 3362 3361 3363
f 3364 2471 3153
f 3364 3360 2471
f 3365 3361 3349
f 3365 3363 3361
f 3366 3151 3358
f 3366 3358 3359
f 3367 3366 3359
f 3367 3359 3362
f 3368 3151 3366
f 3368 3157 3151
f 3368 3160 3157
f 3369 3366 3367
f 3370 3349 3159
f 3370 3159 3371
f 3370 3365 3349
f 3370 3363 3365
f 3372 3366 3369
f 3372 3368 3366
f 3373 2927 3161
f 3373 3161 3371
f 3373 3159 3158
f 3373 2922 2923
f 3373 2923 2927
f 3373 3371 3159
f 3373 3158 2922
f 3374 2481 3360
f 3374 3360 3364
f 3375 2493 2488
f 3375 2488 2481
f 3375 2481 3374
f 3376 3153 3160
f 3377 3375 3374
f 3377 2493 3375
f 3377 3163 2493
f 3378 3379 3376
f 3378 3376 3160
f 3378 3380 3379
f 3381 3378 3160
f 3381 3160 3368
f 3381 3368 3372
f 3382 3379 3380
f 3383 3370 3371
f 3383 3363 3370
f 3384 3371 3161
f 3384 3161 2928
f 3384 3383 3371
f 3385 3378 3381
f 3386 3387 3380
f 3386 3380 3378
f 3386 3378 3385
f 3388 3384 2928
f 3389 3383 3384
f 3389 3390 3383
f 3389 3384 3391
f 3392 3384 3388
f 3392 3391 3384
f 3393 3382 3380
f 3394 3174 3178
f 3394 3389 3391
f 3394 3391 3392
f 3395 3392 3388
f 3395 3174 3394
f 3395 3394 3392
f 3396 3169 3163
f 3397 3398 3390
f 3397 3390 3389
f 3397 3394 3178
f 3397 3399 3398
f 3397 3389 3394
f 3400 3174 3395
f 3400 2928 2930
f 3400 2931 3174
f 3400 3388 2928
f 3400 3395 3388
f 3400 2930 2931
f 3401 3169 3396
f 3401 3396 3393
f 3401 3393 3380
f 3402 3403 3399
f 3402 3179 3403
f 3402 3178 3177
f 3402 3177 3179
f 3402 3397 3178
f 3402 3399 3397
f 3404 3380 3387
f 3404 3401 3380
f 3405 3401 3404
f 3405 3169 3401
f 3406 3407 3387
f 3408 3170 3169
f 3408 3171 3170
f 3409 3403 3179
f 3409 3407 3406
f 3409 3410 3403
f 3409 3406 3410
f 3411 3169 3405
f 3411 3408 3169
f 3412 2932 2933
f 3412 2939 2932
f 3412 2933 3172
f 3413 3172 3171
f 3414 3171 3408
f 3414 3413 3171
f 3415 3409 3179
f 3415 3179 3182
f 3416 2939 3412
f 3416 3172 3413
f 3416 3412 3172
f 3417 3408 3411
f 3417 3414 3408
f 3418 3407 3409
f 3418 3409 3415
f 3419 3413 3414
f 3420 3413 3419
f 3420 3416 3413
f 3421 3414 3417
f 3422 2939 3416
f 3422 3416 3420
f 3422 3184 2939
f 3422 3420 3186
f 3422 3186 3184
f 3423 3387 3407
f 3424 3419 3414
f 3424 3414 3421
f 3425 3420 3419
f 3425 3186 3420
f 3425 3419 3424
f 3426 3407 3418
f 3427 3428 3195
f 3429 3423 3407
f 3429 3428 3423
f 3429 3195 3428
f 3430 3407 3426
f 3430 3429 3407
f 3431 3182 2559
f 3432 3196 3195
f 3432 3195 3429
f 3432 3429 3430
f 3433 2565 2571
f 3433 3431 2559
f 3433 2559 2565
f 3434 3433 2571
f 3434 3431 3433
f 3435 2941 3184
f 3435 2942 2941
f 3435 3187 2943
f 3435 2943 2942
f 3435 3184 3185
f 3435 3192 3187
f 3435 3185 3192
f 3436 3437 3192
f 3436 3186 3425
f 3436 3425 3438
f 3436 3185 3186
f 3436 3192 3185
f 3439 3440 3427
f 3439 3198 3197
f 3439 3195 3198
f 3439 3427 3195
f 3441 3442 3440
f 3441 3443 3442
f 3441 3439 3197
f 3441 3440 3439
f 3444 3437 3436
f 3444 3436 3438
f 3445 2581 3196
f 3446 3438 3447
f 3446 3437 3444
f 3446 3447 3208
f 3446 3444 3438
f 3446 3218 3437
f 3446 3207 3218
f 3446 3208 3207
f 3448 2581 3445
f 3448 2578 2581
f 3448 2571 2578
f 3448 3445 3434
f 3448 3434 2571
f 3449 3443 3441
f 3449 3447 3443
f 3450 3441 3197
f 3450 3197 3203
f 3450 3449 3441
f 3451 3208 3447
f 3451 3447 3449
f 3451 3449 3450
f 3452 3204 3199
f 3452 3191 3192
f 3452 3199 3191
f 3452 3205 3204
f 3452 3192 3437
f 3453 2956 3206
f 3453 3208 3451
f 3453 3206 3208
f 3454 3205 3452
f 3454 3452 3437
f 3455 3450 3203
f 3455 2956 3453
f 3455 3451 3450
f 3455 3453 3451
f 3456 3203 2952
f 3456 2956 3455
f 3456 3455 3203
f 3456 2952 2951
f 3456 2951 2956
f 3457 3205 3454
f 3457 3437 3218
f 3457 3454 3437
f 3457 3225 3205
f 3457 3218 3217
f 3457 3217 3220
f 3457 3220 3225
f 3458 3216 3218
f 3458 3218 3207
f 3458 3207 3206
f 3458 2965 3216
f 3458 3206 2957
f 3458 2957 2958
f 3458 2958 2965
f 3459 3065 3259
f 3459 3272 3065
f 3459 3266 3460
f 3459 3460 3275
f 3459 3259 3258
f 3459 3275 3272
f 3459 3258 3266
f 3461 3064 3063
f 3461 3273 3064
f 3462 3460 3266
f 3462 3264 3263
f 3462 3266 3264
f 3463 2704 2696
f 3464 2696 3270
f 3464 3463 2696
f 3465 2704 3463
f 3466 3461 3063
f 3466 3273 3461
f 3467 3463 3464
f 3467 2704 3465
f 3467 3465 3463
f 3468 3460 3462
f 3468 3469 3460
f 3470 3462 3263
f 3470 3468 3462
f 3471 3063 3272
f 3471 3272 3274
f 3471 3466 3063
f 3472 3276 3280
f 3472 3263 3276
f 3472 3280 3473
f 3472 3470 3263
f 3474 3270 3271
f 3474 3271 3273
f 3474 3273 3475
f 3474 3464 3270
f 3474 3467 3464
f 3476 3472 3473
f 3476 3470 3472
f 3476 3473 3469
f 3476 3469 3468
f 3476 3468 3470
f 3477 3466 3471
f 3477 3471 3274
f 3478 3466 3477
f 3478 3475 3273
f 3478 3273 3466
f 3479 3467 3474
f 3479 3474 3475
f 3479 3475 3289
f 3479 3289 2704
f 3479 2704 3467
f 3480 3478 3477
f 3481 3275 3460
f 3481 3274 3275
f 3481 3460 3469
f 3482 3477 3274
f 3482 3480 3477
f 3482 3481 3483
f 3482 3274 3481
f 3484 3483 3481
f 3484 3481 3469
f 3485 3480 3482
f 3485 3478 3480
f 3485 3475 3478
f 3486 3483 3484
f 3486 3484 3469
f 3486 3473 3287
f 3486 3287 3286
f 3486 3469 3473
f 3487 3283 3078
f 3487 3280 3282
f 3487 3473 3280
f 3487 3282 3283
f 3487 3287 3473
f 3487 3078 3285
f 3487 3285 3287
f 3488 3482 3483
f 3488 3485 3482
f 3488 3475 3485
f 3488 3289 3475
f 3489 3488 3483
f 3489 3289 3488
f 3490 3486 3286
f 3490 3483 3486
f 3491 3289 3489
f 3491 3483 3490
f 3491 3492 3289
f 3491 3489 3483
f 3493 3285 3077
f 3493 3286 3285
f 3494 3491 3490
f 3494 3492 3491
f 3495 3490 3286
f 3495 3286 3493
f 3496 3494 3490
f 3496 3490 3495
f 3497 3493 3077
f 3497 3495 3493
f 3498 3492 3494
f 3498 3494 3496
f 3498 3496 3495
f 3498 3497 3292
f 3498 3495 3497
f 3498 3292 3492
f 3499 3080 3292
f 3499 3497 3077
f 3499 3292 3497
f 3499 3077 3080
f 3500 3492 3292
f 3500 3292 3294
f 3500 3294 3295
f 3501 2747 3289
f 3501 3492 3500
f 3501 3289 3492
f 3502 3500 3295
f 3502 3295 2743
f 3503 2747 3501
f 3503 3501 3500
f 3503 3500 3502
f 3504 2743 2747
f 3504 3503 3502
f 3504 3502 2743
f 3505 2747 3503
f 3505 3504 2747
f 3505 3503 3504
f 3506 2319 2314
f 3507 3506 3508
f 3509 3506 3507
f 3509 2323 2319
f 3509 2319 3506
f 3510 3508 3511
f 3512 2323 3509
f 3512 3301 2323
f 3512 3509 3507
f 3513 3508 3510
f 3514 3301 3512
f 3515 3298 3296
f 3515 3301 3298
f 3515 2323 3301
f 3515 2328 2323
f 3515 3296 2328
f 3516 3297 3298
f 3516 3298 3303
f 3516 3303 3517
f 3516 3304 3302
f 3516 3517 3304
f 3516 3302 3297
f 3518 3517 3303
f 3518 3303 3300
f 3519 3518 3520
f 3521 3083 3304
f 3521 3086 3083
f 3522 3304 3517
f 3522 3521 3304
f 3523 3518 3519
f 3524 3525 3526
f 3524 3527 3525
f 3528 3521 3522
f 3528 3309 3305
f 3528 3522 3529
f 3530 3086 3521
f 3530 3521 3528
f 3530 3528 3305
f 3530 3305 3086
f 3531 3532 3309
f 3531 3309 3528
f 3531 3528 3529
f 3533 3313 3534
f 3533 3311 3313
f 3533 3535 3536
f 3533 3536 3537
f 3538 2370 2378
f 3538 3539 3524
f 3540 2384 3312
f 3540 3312 3541
f 3542 3540 3539
f 3542 3538 2378
f 3542 2384 3540
f 3542 2378 2384
f 3542 3539 3538
f 3543 3309 3532
f 3543 3308 3309
f 3543 3544 3308
f 3543 3321 3320
f 3543 3532 3321
f 3543 3320 3544
f 3545 3321 3532
f 3546 3324 3325
f 3546 3534 3313
f 3546 3313 3310
f 3546 3325 3534
f 3546 3310 3323
f 3546 3323 3324
f 3547 3534 3325
f 3548 3308 3544
f 3549 3308 3548
f 3549 3317 3308
f 3549 3318 3317
f 3550 3545 3551
f 3550 3321 3545
f 3550 3551 3547
f 3550 3319 3321
f 3552 3549 3548
f 3552 3318 3549
f 3553 3548 3544
f 3553 3552 3548
f 3553 3544 3320
f 3554 3319 3550
f 3554 3098 3319
f 3555 3550 3547
f 3555 3547 3325
f 3555 3554 3550
f 3555 3098 3554
f 3555 3325 3096
f 3555 3096 3098
f 3556 3310 3312
f 3556 2384 2392
f 3556 3312 2384
f 3556 3322 3310
f 3556 2392 3322
f 3557 3320 3330
f 3557 3553 3320
f 3557 3318 3552
f 3557 3552 3553
f 3557 3330 3318
f 3558 3364 3153
f 3558 3559 3374
f 3558 3374 3364
f 3560 3558 3153
f 3560 3559 3558
f 3561 3376 3379
f 3561 3153 3376
f 3561 3560 3153
f 3561 3382 3559
f 3561 3379 3382
f 3561 3559 3560
f 3562 3563 3381
f 3562 3367 3362
f 3562 3369 3367
f 3562 3372 3369
f 3562 3381 3372
f 3562 3362 3363
f 3564 3563 3562
f 3564 3562 3363
f 3565 3377 3374
f 3565 3163 3377
f 3565 3374 3559
f 3566 3565 3559
f 3566 3163 3565
f 3567 3399 3403
f 3567 3390 3398
f 3567 3403 3563
f 3567 3363 3383
f 3567 3383 3390
f 3567 3563 3564
f 3567 3564 3363
f 3567 3398 3399
f 3568 3559 3382
f 3568 3566 3559
f 3568 3163 3566
f 3568 3382 3393
f 3568 3396 3163
f 3568 3393 3396
f 3569 3381 3563
f 3569 3385 3381
f 3569 3387 3386
f 3569 3386 3385
f 3570 3569 3563
f 3570 3387 3569
f 3571 3406 3387
f 3571 3387 3570
f 3571 3563 3403
f 3571 3403 3410
f 3571 3410 3406
f 3571 3570 3563
f 3572 3404 3387
f 3572 3411 3405
f 3572 3405 3404
f 3572 3573 3411
f 3574 3572 3387
f 3574 3573 3572
f 3575 3387 3423
f 3575 3423 3428
f 3575 3427 3573
f 3575 3428 3427
f 3575 3574 3387
f 3575 3573 3574
f 3576 3577 3426
f 3576 3415 3182
f 3576 3426 3418
f 3576 3418 3415
f 3578 3411 3573
f 3578 3417 3411
f 3578 3421 3417
f 3578 3424 3421
f 3578 3425 3424
f 3578 3438 3425
f 3579 3577 3576
f 3579 3576 3182
f 3580 3434 3577
f 3580 3431 3434
f 3580 3577 3579
f 3580 3182 3431
f 3580 3579 3182
f 3581 3578 3573
f 3581 3438 3578
f 3582 3438 3581
f 3582 3581 3573
f 3582 3427 3440
f 3582 3440 3442
f 3582 3442 3443
f 3582 3447 3438
f 3582 3443 3447
f 3582 3573 3427
f 3583 3426 3577
f 3583 3196 3432
f 3583 3430 3426
f 3583 3432 3430
f 3584 3583 3577
f 3584 3196 3583
f 3585 3577 3434
f 3585 3196 3584
f 3585 3445 3196
f 3585 3434 3445
f 3585 3584 3577
f 3586 2305 2297
f 3586 2309 2305
f 3587 2309 3586
f 3587 3586 2297
f 3587 3511 2309
f 3588 3506 2314
f 3588 2314 2309
f 3588 2309 3511
f 3588 3511 3508
f 3588 3508 3506
f 3589 3587 2297
f 3590 3511 3587
f 3590 3587 3589
f 3591 3514 3512
f 3591 3507 3508
f 3591 3512 3507
f 3591 3513 3592
f 3591 3592 3514
f 3591 3508 3513
f 3593 3589 2297
f 3593 2297 2343
f 3594 3513 3510
f 3595 3594 3596
f 3597 3301 3514
f 3597 3300 3301
f 3598 3514 3592
f 3599 3514 3598
f 3599 3597 3514
f 3599 3300 3597
f 3600 3599 3598
f 3600 3598 3601
f 3602 3518 3300
f 3602 3600 3520
f 3602 3520 3518
f 3602 3300 3599
f 3602 3599 3600
f 3603 3601 3598
f 3604 3593 2343
f 3605 3606 3520
f 3605 3520 3600
f 3605 3600 3601
f 3605 3601 3603
f 3607 3525 3527
f 3607 3608 3609
f 3610 3604 2343
f 3610 2363 3526
f 3610 3611 3604
f 3610 3526 3611
f 3612 2354 2363
f 3612 2343 2354
f 3612 2363 3610
f 3612 3610 2343
f 3613 3520 3606
f 3613 3519 3520
f 3613 3536 3535
f 3613 3614 3523
f 3613 3523 3519
f 3613 3606 3537
f 3613 3537 3536
f 3613 3535 3614
f 3615 3537 3606
f 3616 3517 3518
f 3616 3518 3523
f 3616 3522 3517
f 3616 3529 3522
f 3616 3531 3529
f 3617 3615 3618
f 3619 3539 3540
f 3619 3541 3620
f 3619 3620 3527
f 3619 3524 3539
f 3619 3527 3524
f 3619 3540 3541
f 3621 3617 3618
f 3621 3620 3541
f 3622 3523 3614
f 3622 3616 3523
f 3623 3537 3615
f 3623 3617 3621
f 3623 3615 3617
f 3624 3531 3616
f 3624 3616 3622
f 3624 3532 3531
f 3625 3537 3623
f 3625 3311 3533
f 3625 3533 3537
f 3626 3624 3622
f 3626 3532 3624
f 3627 3622 3614
f 3627 3614 3535
f 3627 3626 3622
f 3628 3623 3621
f 3628 3621 3541
f 3628 3625 3623
f 3628 3311 3625
f 3629 3526 2363
f 3629 2370 3538
f 3629 3524 3526
f 3629 2363 2370
f 3629 3538 3524
f 3630 3545 3532
f 3630 3532 3626
f 3630 3626 3627
f 3631 3628 3541
f 3631 3312 3311
f 3631 3311 3628
f 3631 3541 3312
f 3632 3551 3545
f 3632 3534 3547
f 3632 3547 3551
f 3632 3545 3630
f 3632 3627 3535
f 3632 3630 3627
f 3632 3533 3534
f 3632 3535 3533
f 3633 3510 3511
f 3633 3511 3590
f 3634 3590 3589
f 3634 3633 3590
f 3635 3594 3510
f 3635 3510 3633
f 3635 3596 3594
f 3635 3633 3634
f 3636 3589 3593
f 3636 3634 3589
f 3636 3635 3634
f 3636 3596 3635
f 3637 3636 3593
f 3637 3596 3636
f 3638 3593 3639
f 3638 3637 3593
f 3640 3639 3593
f 3641 3513 3594
f 3641 3592 3513
f 3641 3594 3595
f 3641 3598 3592
f 3641 3595 3642
f 3641 3642 3603
f 3641 3603 3598
f 3643 3640 3593
f 3644 3638 3639
f 3644 3595 3596
f 3644 3645 3642
f 3644 3642 3595
f 3644 3596 3637
f 3644 3637 3638
f 3646 3645 3644
f 3646 3644 3639
f 3647 3593 3604
f 3647 3643 3593
f 3647 3609 3643
f 3648 3639 3640
f 3648 3643 3609
f 3648 3640 3643
f 3648 3645 3646
f 3648 3646 3639
f 3648 3609 3608
f 3648 3649 3645
f 3648 3608 3649
f 3650 3525 3607
f 3650 3609 3647
f 3650 3607 3609
f 3651 3642 3645
f 3652 3647 3604
f 3652 3604 3611
f 3652 3650 3647
f 3653 3642 3651
f 3653 3603 3642
f 3653 3606 3605
f 3653 3605 3603
f 3654 3606 3653
f 3654 3653 3651
f 3655 3651 3645
f 3655 3645 3649
f 3655 3654 3651
f 3656 3650 3652
f 3656 3526 3525
f 3656 3611 3526
f 3656 3525 3650
f 3656 3652 3611
f 3657 3655 3649
f 3657 3615 3606
f 3657 3654 3655
f 3657 3606 3654
f 3657 3649 3618
f 3657 3618 3615
f 3658 3620 3621
f 3658 3621 3618
f 3658 3527 3620
f 3658 3607 3527
f 3658 3649 3608
f 3658 3608 3607
f 3658 3618 3649
f 3659 3660 3661
f 3660 3662 3661
f 3663 3664 3665
f 3665 3666 3667
f 3664 3666 3665
f 3667 3668 3669
f 3666 3668 3667
f 3669 3670 3671
f 3668 3670 3669
f 3671 3672 3673
f 3670 3672 3671
f 3673 3674 3675
f 3672 3674 3673
f 3675 3676 3677
f 3674 3676 3675
f 3677 3678 3679
f 3676 3678 3677
f 3679 3680 3681
f 3678 3680 3679
f 3681 3682 3683
f 3680 3682 3681
f 3683 3684 3685
f 3682 3684 3683
f 3685 3686 3687
f 3684 3686 3685
f 3687 3688 3689
f 3686 3688 3687
f 3689 3690 3691
f 3688 3690 3689
f 3691 3692 3693
f 3690 3692 3691
f 3693 3694 3695
f 3692 3694 3693
f 3695 3696 3697
f 3694 3696 3695
f 3697 3698 3699
f 3696 3698 3697
f 3699 3700 3701
f 3698 3700 3699
f 3701 3702 3703
f 3700 3702 3701
f 3703 3704 3705
f 3702 3704 3703
f 3705 3706 3707
f 3704 3706 3705
f 3707 3708 3709
f 3706 3708 3707
f 3709 3710 3711
f 3708 3710 3709
f 3710 3712 3711
f 3711 3712 3713
f 3712 3714 3713
f 3713 3714 3715
f 3714 3716 3715
f 3715 3716 3717
f 3716 3718 3717
f 3718 3719 3717
f 3717 3719 3720
f 3720 3719 3721
f 3719 3722 3721
f 3721 3722 3723
f 3722 3724 3723
f 3723 3724 3725
f 3725 3726 3727
f 3724 3726 3725
f 3726 3728 3727
f 3727 3729 3730
f 3730 3729 3731
f 3728 3729 3727
f 3731 3732 3733
f 3729 3732 3731
f 3732 3734 3733
f 3733 3735 3736
f 3734 3735 3733
f 3736 3737 3738
f 3738 3737 3739
f 3735 3737 3736
f 3737 3740 3739
f 3739 3741 3742
f 3740 3741 3739
f 3742 3743 3744
f 3744 3743 3745
f 3741 3743 3742
f 3743 3746 3745
f 3745 3747 3748
f 3746 3747 3745
f 3748 3749 3750
f 3747 3749 3748
f 3750 3751 3752
f 3752 3751 3753
f 3749 3751 3750
f 3751 3754 3753
f 3753 3755 3756
f 3754 3755 3753
f 3756 3757 3758
f 3755 3757 3756
f 3758 3759 3760
f 3757 3759 3758
f 3759 3761 3760
f 3760 3761 3762
f 3761 3763 3762
f 3762 3763 3764
f 3763 3660 3764
f 3764 3660 3659
f 3765 3766 3663
f 3766 3664 3663
f 3767 3768 3765
f 3768 3766 3765
f 3769 3770 3771
f 3771 3772 3773
f 3770 3772 3771
f 3773 3774 3775
f 3772 3774 3773
f 3775 3776 3777
f 3774 3776 3775
f 3777 3778 3779
f 3776 3778 3777
f 3779 3780 3781
f 3778 3780 3779
f 3781 3782 3783
f 3780 3782 3781
f 3783 3784 3785
f 3782 3784 3783
f 3785 3786 3787
f 3784 3786 3785
f 3787 3788 3789
f 3786 3788 3787
f 3789 3790 3791
f 3788 3790 3789
f 3791 3792 3793
f 3790 3792 3791
f 3793 3794 3795
f 3792 3794 3793
f 3795 3796 3797
f 3794 3796 3795
f 3797 3798 3799
f 3796 3798 3797
f 3799 3800 3801
f 3798 3800 3799
f 3801 3802 3803
f 3800 3802 3801
f 3803 3804 3805
f 3802 3804 3803
f 3805 3806 3807
f 3804 3806 3805
f 3807 3808 3809
f 3806 3808 3807
f 3809 3810 3811
f 3808 3810 3809
f 3811 3812 3813
f 3810 3812 3811
f 3813 3814 3815
f 3812 3814 3813
f 3815 3816 3817
f 3814 3816 3815
f 3816 3818 3817
f 3817 3818 3819
f 3818 3820 3819
f 3819 3820 3821
f 3820 3822 3821
f 3821 3822 3823
f 3822 3824 3823
f 3823 3824 3825
f 3824 3826 3825
f 3825 3826 3827
f 3826 3828 3827
f 3827 3828 3829
f 3828 3830 3829
f 3829 3830 3831
f 3831 3832 3833
f 3830 3832 3831
f 3833 3834 3835
f 3832 3834 3833
f 3835 3836 3837
f 3834 3836 3835
f 3837 3838 3839
f 3836 3838 3837
f 3839 3840 3841
f 3838 3840 3839
f 3841 3842 3843
f 3840 3842 3841
f 3843 3844 3845
f 3842 3844 3843
f 3845 3846 3847
f 3844 3846 3845
f 3847 3848 3849
f 3846 3848 3847
f 3849 3850 3851
f 3848 3850 3849
f 3851 3852 3853
f 3850 3852 3851
f 3853 3854 3855
f 3852 3854 3853
f 3855 3856 3857
f 3854 3856 3855
f 3857 3858 3859
f 3856 3858 3857
f 3859 3860 3861
f 3858 3860 3859
f 3860 3862 3861
f 3861 3863 3864
f 3862 3863 3861
f 3864 3865 3866
f 3866 3865 3867
f 3863 3865 3864
f 3865 3868 3867
f 3867 3868 3869
f 3868 3870 3869
f 3870 3768 3869
f 3869 3768 3767
f 3871 3872 3769
f 3872 3770 3769
f 3873 3872 3874
f 3874 3872 3871
f 3875 3876 3877
f 3877 3876 3878
f 3878 3879 3880
f 3876 3879 3878
f 3880 3881 3882
f 3879 3881 3880
f 3882 3883 3884
f 3881 3883 3882
f 3884 3885 3886
f 3883 3885 3884
f 3886 3887 3888
f 3885 3887 3886
f 3888 3889 3890
f 3887 3889 3888
f 3890 3891 3892
f 3889 3891 3890
f 3892 3893 3894
f 3891 3893 3892
f 3894 3895 3896
f 3893 3895 3894
f 3896 3897 3898
f 3895 3897 3896
f 3898 3899 3900
f 3897 3899 3898
f 3900 3901 3902
f 3899 3901 3900
f 3902 3903 3904
f 3901 3903 3902
f 3904 3905 3906
f 3903 3905 3904
f 3906 3907 3908
f 3905 3907 3906
f 3908 3909 3910
f 3907 3909 3908
f 3910 3911 3912
f 3909 3911 3910
f 3912 3913 3914
f 3911 3913 3912
f 3914 3915 3916
f 3913 3915 3914
f 3916 3917 3918
f 3915 3917 3916
f 3918 3919 3920
f 3917 3919 3918
f 3920 3921 3922
f 3919 3921 3920
f 3921 3923 3922
f 3922 3923 3924
f 3923 3925 3924
f 3924 3925 3926
f 3925 3927 3926
f 3926 3927 3928
f 3927 3929 3928
f 3928 3929 3930
f 3929 3931 3930
f 3930 3931 3932
f 3931 3933 3932
f 3932 3933 3934
f 3933 3935 3934
f 3934 3935 3936
f 3935 3937 3936
f 3936 3937 3938
f 3938 3939 3940
f 3937 3939 3938
f 3940 3941 3942
f 3939 3941 3940
f 3942 3943 3944
f 3941 3943 3942
f 3944 3945 3946
f 3943 3945 3944
f 3946 3947 3948
f 3945 3947 3946
f 3947 3949 3948
f 3948 3949 3950
f 3950 3951 3952
f 3949 3951 3950
f 3952 3953 3954
f 3951 3953 3952
f 3954 3955 3956
f 3953 3955 3954
f 3956 3957 3958
f 3955 3957 3956
f 3958 3959 3960
f 3957 3959 3958
f 3960 3961 3962
f 3959 3961 3960
f 3962 3963 3964
f 3961 3963 3962
f 3964 3965 3966
f 3963 3965 3964
f 3966 3967 3968
f 3965 3967 3966
f 3968 3969 3970
f 3967 3969 3968
f 3970 3971 3972
f 3969 3971 3970
f 3971 3973 3972
f 3972 3973 3974
f 3973 3975 3974
f 3974 3975 3976
f 3975 3873 3976
f 3976 3873 3874
f 3977 3875 3978
f 3978 3875 3877
f 3979 3980 3978
f 3980 3977 3978
f 3981 3982 3983
f 3983 3984 3985
f 3982 3984 3983
f 3985 3986 3987
f 3984 3986 3985
f 3987 3988 3989
f 3986 3988 3987
f 3989 3990 3991
f 3988 3990 3989
f 3991 3992 3993
f 3990 3992 3991
f 3993 3994 3995
f 3992 3994 3993
f 3995 3996 3997
f 3994 3996 3995
f 3997 3998 3999
f 3996 3998 3997
f 3999 4000 4001
f 3998 4000 3999
f 4001 4002 4003
f 4000 4002 4001
f 4003 4004 4005
f 4002 4004 4003
f 4005 4006 4007
f 4004 4006 4005
f 4007 4008 4009
f 4006 4008 4007
f 4009 4010 4011
f 4008 4010 4009
f 4011 4012 4013
f 4010 4012 4011
f 4013 4014 4015
f 4012 4014 4013
f 4015 4016 4017
f 4014 4016 4015
f 4017 4018 4019
f 4016 4018 4017
f 4019 4020 4021
f 4018 4020 4019
f 4021 4022 4023
f 4020 4022 4021
f 4023 4024 4025
f 4022 4024 4023
f 4025 4026 4027
f 4024 4026 4025
f 4027 4028 4029
f 4026 4028 4027
f 4028 4030 4029
f 4029 4030 4031
f 4030 4032 4031
f 4031 4032 4033
f 4032 4034 4033
f 4033 4034 4035
f 4034 4036 4035
f 4035 4036 4037
f 4036 4038 4037
f 4037 4038 4039
f 4038 4040 4039
f 4039 4040 4041
f 4040 4042 4041
f 4041 4042 4043
f 4043 4044 4045
f 4042 4044 4043
f 4045 4046 4047
f 4044 4046 4045
f 4047 4048 4049
f 4046 4048 4047
f 4049 4050 4051
f 4048 4050 4049
f 4051 4052 4053
f 4050 4052 4051
f 4053 4054 4055
f 4052 4054 4053
f 4055 4056 4057
f 4054 4056 4055
f 4056 4058 4057
f 4057 4059 4060
f 4060 4059 4061
f 4058 4059 4057
f 4061 4062 4063
f 4059 4062 4061
f 4062 4064 4063
f 4063 4065 4066
f 4066 4065 4067
f 4064 4065 4063
f 4067 4068 4069
f 4065 4068 4067
f 4069 4070 4071
f 4068 4070 4069
f 4071 4072 4073
f 4070 4072 4071
f 4073 4074 4075
f 4072 4074 4073
f 4075 4076 4077
f 4074 4076 4075
f 4076 4078 4077
f 4078 4079 4077
f 4077 4079 4080
f 4079 4081 4080
f 4080 4081 4082
f 4082 4081 3979
f 4081 3980 3979
f 4083 3982 4084
f 4084 3982 3981
f 4085 4086 4084
f 4086 4083 4084
f 4087 4088 4089
f 4089 4088 4090
f 4090 4091 4092
f 4088 4091 4090
f 4092 4093 4094
f 4091 4093 4092
f 4094 4095 4096
f 4093 4095 4094
f 4096 4097 4098
f 4095 4097 4096
f 4098 4099 4100
f 4097 4099 4098
f 4100 4101 4102
f 4099 4101 4100
f 4102 4103 4104
f 4101 4103 4102
f 4104 4105 4106
f 4103 4105 4104
f 4106 4107 4108
f 4105 4107 4106
f 4108 4109 4110
f 4107 4109 4108
f 4110 4111 4112
f 4109 4111 4110
f 4112 4113 4114
f 4111 4113 4112
f 4114 4115 4116
f 4113 4115 4114
f 4116 4117 4118
f 4115 4117 4116
f 4118 4119 4120
f 4117 4119 4118
f 4120 4121 4122
f 4119 4121 4120
f 4122 4123 4124
f 4121 4123 4122
f 4124 4125 4126
f 4123 4125 4124
f 4126 4127 4128
f 4125 4127 4126
f 4128 4129 4130
f 4127 4129 4128
f 4130 4131 4132
f 4129 4131 4130
f 4132 4133 4134
f 4131 4133 4132
f 4133 4135 4134
f 4134 4135 4136
f 4135 4137 4136
f 4136 4137 4138
f 4137 4139 4138
f 4138 4139 4140
f 4139 4141 4140
f 4140 4141 4142
f 4141 4143 4142
f 4142 4143 4144
f 4143 4145 4144
f 4144 4145 4146
f 4145 4147 4146
f 4146 4147 4148
f 4147 4149 4148
f 4148 4149 4150
f 4150 4151 4152
f 4149 4151 4150
f 4152 4153 4154
f 4151 4153 4152
f 4154 4155 4156
f 4153 4155 4154
f 4156 4157 4158
f 4155 4157 4156
f 4158 4159 4160
f 4157 4159 4158
f 4159 4161 4160
f 4160 4161 4162
f 4162 4163 4164
f 4161 4163 4162
f 4164 4165 4166
f 4163 4165 4164
f 4166 4167 4168
f 4165 4167 4166
f 4168 4169 4170
f 4167 4169 4168
f 4170 4171 4172
f 4169 4171 4170
f 4172 4173 4174
f 4171 4173 4172
f 4174 4175 4176
f 4173 4175 4174
f 4176 4177 4178
f 4175 4177 4176
f 4178 4179 4180
f 4177 4179 4178
f 4180 4181 4182
f 4179 4181 4180
f 4182 4183 4184
f 4184 4183 4185
f 4181 4183 4182
f 4183 4186 4185
f 4186 4187 4185
f 4185 4187 4188
f 4187 4086 4188
f 4188 4086 4085
f 3662 4087 3661
f 3661 4087 4089
f 4189 4190 4191
f 4191 4190 4192
f 4192 4190 4193
f 4193 4194 4195
f 4190 4194 4193
f 4195 4196 4197
f 4194 4196 4195
f 4197 4198 4199
f 4196 4198 4197
f 4199 4200 4201
f 4198 4200 4199
f 4201 4202 4203
f 4200 4202 4201
f 4203 4204 4205
f 4202 4204 4203
f 4205 4206 4207
f 4204 4206 4205
f 4206 4208 4207
f 4207 4208 4209
f 4208 4210 4209
f 4209 4210 4211
f 4210 4212 4211
f 4211 4212 4213
f 4212 4214 4213
f 4213 4214 4215
f 4214 4216 4215
f 4215 4216 4217
f 4216 4218 4217
f 4217 4218 4219
f 4218 4220 4219
f 4219 4220 4221
f 4220 4222 4221
f 4221 4222 4223
f 4222 4224 4223
f 4223 4224 4225
f 4224 4226 4225
f 4225 4226 4227
f 4226 4228 4227
f 4227 4228 4229
f 4228 4230 4229
f 4230 4231 4229
f 4229 4231 4232
f 4232 4231 4233
f 4233 4234 4235
f 4231 4234 4233
f 4235 4236 4237
f 4234 4236 4235
f 4237 4238 4239
f 4236 4238 4237
f 4238 4240 4239
f 4239 4241 4242
f 4240 4241 4239
f 4242 4243 4244
f 4241 4243 4242
f 4244 4245 4246
f 4243 4245 4244
f 4246 4247 4248
f 4245 4247 4246
f 4248 4249 4250
f 4250 4249 4251
f 4247 4249 4248
f 4249 4252 4251
f 4251 4253 4254
f 4252 4253 4251
f 4254 4255 4256
f 4253 4255 4254
f 4255 4257 4256
f 4256 4257 4258
f 4258 4257 4259
f 4259 4260 4261
f 4257 4260 4259
f 4261 4262 4263
f 4260 4262 4261
f 4263 4264 4265
f 4262 4264 4263
f 4265 4266 4267
f 4264 4266 4265
f 4267 4268 4269
f 4266 4268 4267
f 4269 4270 4271
f 4268 4270 4269
f 4271 4272 4273
f 4270 4272 4271
f 4272 4274 4273
f 4273 4274 4275
f 4274 4276 4275
f 4275 4276 4277
f 4276 4278 4277
f 4277 4278 4279
f 4278 4280 4279
f 4279 4280 4281
f 4280 4282 4281
f 4281 4282 4283
f 4282 4284 4283
f 4283 4284 4285
f 4284 4286 4285
f 4285 4286 4287
f 4286 4288 4287
f 4287 4288 4289
f 4288 4290 4289
f 4289 4290 4291
f 4290 4292 4291
f 4291 4292 4293
f 4292 4294 4293
f 4293 4294 4295
f 4294 4296 4295
f 4296 4297 4295
f 4295 4297 4298
f 4298 4297 4299
f 4299 4300 4301
f 4297 4300 4299
f 4301 4302 4303
f 4300 4302 4301
f 4303 4304 4305
f 4302 4304 4303
f 4304 4306 4305
f 4305 4307 4308
f 4306 4307 4305
f 4308 4309 4310
f 4307 4309 4308
f 4310 4311 4312
f 4309 4311 4310
f 4312 4313 4314
f 4311 4313 4312
f 4314 4315 4316
f 4316 4315 4317
f 4313 4315 4314
f 4315 4318 4317
f 4317 4319 4320
f 4318 4319 4317
f 4320 4321 4322
f 4319 4321 4320
f 4323 4324 4325
f 4325 4324 4326
f 4326 4327 4328
f 4324 4327 4326
f 4328 4329 4330
f 4327 4329 4328
f 4330 4331 4332
f 4329 4331 4330
f 4332 4333 4334
f 4331 4333 4332
f 4334 4335 4336
f 4333 4335 4334
f 4336 4337 4338
f 4335 4337 4336
f 4338 4339 4340
f 4337 4339 4338
f 4340 4341 4342
f 4339 4341 4340
f 4342 4343 4344
f 4341 4343 4342
f 4343 4345 4344
f 4344 4345 4346
f 4345 4347 4346
f 4346 4347 4348
f 4347 4349 4348
f 4348 4349 4350
f 4349 4351 4350
f 4350 4351 4352
f 4351 4353 4352
f 4352 4353 4354
f 4353 4355 4354
f 4354 4355 4356
f 4355 4357 4356
f 4356 4357 4358
f 4357 4359 4358
f 4358 4359 4360
f 4359 4361 4360
f 4360 4361 4362
f 4361 4363 4362
f 4362 4363 4364
f 4363 4365 4364
f 4364 4365 4366
f 4365 4367 4366
f 4366 4367 4368
f 4368 4369 4370
f 4367 4369 4368
f 4370 4371 4372
f 4369 4371 4370
f 4372 4373 4374
f 4371 4373 4372
f 4374 4375 4376
f 4373 4375 4374
f 4376 4377 4378
f 4375 4377 4376
f 4378 4379 4380
f 4377 4379 4378
f 4380 4381 4382
f 4379 4381 4380
f 4382 4383 4384
f 4381 4383 4382
f 4384 4385 4386
f 4383 4385 4384
f 4386 4387 4388
f 4385 4387 4386
f 4388 4389 4390
f 4387 4389 4388
f 4390 4391 4392
f 4389 4391 4390
f 4392 4393 4394
f 4391 4393 4392
f 4394 4395 4396
f 4393 4395 4394
f 4395 4397 4396
f 4396 4397 4398
f 4397 4399 4398
f 4398 4399 4400
f 4399 4401 4400
f 4400 4401 4402
f 4401 4403 4402
f 4402 4403 4404
f 4403 4405 4404
f 4404 4405 4406
f 4405 4407 4406
f 4406 4407 4408
f 4407 4409 4408
f 4408 4409 4410
f 4409 4411 4410
f 4410 4411 4412
f 4411 4413 4412
f 4412 4413 4414
f 4413 4415 4414
f 4414 4415 4416
f 4415 4417 4416
f 4416 4417 4418
f 4417 4419 4418
f 4418 4419 4420
f 4419 4421 4420
f 4420 4421 4422
f 4421 4423 4422
f 4422 4423 4424
f 4423 4425 4424
f 4424 4425 4426
f 4425 4427 4426
f 4426 4427 4428
f 4427 4429 4428
f 4428 4429 4430
f 4429 4431 4430
f 4430 4431 4432
f 4431 4433 4432
f 4432 4433 4434
f 4433 4435 4434
f 4434 4435 4436
f 4435 4437 4436
f 4436 4437 4438
f 4438 4439 4440
f 4437 4439 4438
f 4440 4441 4442
f 4439 4441 4440
f 4442 4443 4444
f 4441 4443 4442
f 4444 4445 4446
f 4443 4445 4444
f 4445 4447 4446
f 4446 4447 4448
f 4447 4449 4448
f 4448 4449 4450
f 4449 4451 4450
f 4450 4451 4452
f 4451 4453 4452
f 4452 4453 4454
f 4453 4455 4454
f 4454 4455 4456
f 4455 4457 4456
f 4456 4457 4458
f 4457 4459 4458
f 4458 4459 4460
f 4459 4461 4460
f 4460 4461 4462
f 4461 4463 4462
f 4462 4463 4464
f 4463 4465 4464
f 4464 4465 4466
f 4465 4467 4466
f 4466 4467 4468
f 4467 4469 4468
f 4468 4469 4470
f 4470 4471 4472
f 4469 4471 4470
f 4472 4473 4474
f 4471 4473 4472
f 4474 4475 4476
f 4473 4475 4474
f 4476 4477 4478
f 4475 4477 4476
f 4478 4479 4480
f 4477 4479 4478
f 4480 4481 4482
f 4479 4481 4480
f 4482 4483 4484
f 4481 4483 4482
f 4484 4485 4486
f 4483 4485 4484
f 4486 4487 4488
f 4485 4487 4486
f 4488 4489 4490
f 4487 4489 4488
f 4490 4491 4492
f 4489 4491 4490
f 4492 4493 4494
f 4491 4493 4492
f 4494 4495 4496
f 4493 4495 4494
f 4496 4497 4498
f 4495 4497 4496
f 4497 4499 4498
f 4498 4499 4500
f 4499 4501 4500
f 4500 4501 4502
f 4501 4503 4502
f 4502 4503 4504
f 4503 4505 4504
f 4504 4505 4506
f 4506 4507 4508
f 4505 4507 4506
f 4508 4509 4510
f 4507 4509 4508
f 4510 4511 4512
f 4509 4511 4510
f 4512 4513 4514
f 4511 4513 4512
f 4514 4515 4516
f 4513 4515 4514
f 4516 4517 4518
f 4515 4517 4516
f 4518 4519 4520
f 4517 4519 4518
f 4520 4521 4522
f 4519 4521 4520
f 4522 4523 4524
f 4521 4523 4522
f 4524 4525 4526
f 4523 4525 4524
f 4526 4527 4528
f 4525 4527 4526
f 4528 4529 4530
f 4527 4529 4528
f 4530 4531 4532
f 4529 4531 4530
f 4532 4533 4534
f 4531 4533 4532
f 4534 4535 4536
f 4533 4535 4534
f 4536 4537 4538
f 4535 4537 4536
f 4538 4539 4540
f 4540 4539 4541
f 4537 4539 4538
f 4539 4542 4541
f 4541 4543 4544
f 4542 4543 4541
f 4544 4545 4546
f 4543 4545 4544
f 4545 4547 4546
f 4546 4547 4548
f 4547 4549 4548
f 4548 4549 4550
f 4549 4551 4550
f 4550 4551 4552
f 4551 4553 4552
f 4552 4553 4554
f 4553 4555 4554
f 4554 4555 4556
f 4555 4557 4556
f 4556 4557 4558
f 4557 4559 4558
f 4558 4559 4560
f 4559 4561 4560
f 4560 4561 4562
f 4561 4563 4562
f 4562 4563 4564
f 4563 4565 4564
f 4564 4565 4566
f 4566 4565 4567
f 4565 4568 4567
f 4568 4569 4567
f 4567 4569 4570
f 4569 4571 4570
f 4570 4571 4572
f 4571 4573 4572
f 4572 4573 4574
f 4574 4323 4325
f 4573 4323 4574
f 4575 4576 4577
f 4577 4578 4579
f 4576 4578 4577
f 4579 4580 4581
f 4578 4580 4579
f 4581 4582 4583
f 4580 4582 4581
f 4583 4584 4585
f 4582 4584 4583
f 4585 4586 4587
f 4584 4586 4585
f 4587 4588 4589
f 4586 4588 4587
f 4589 4590 4591
f 4588 4590 4589
f 4590 4592 4591
f 4591 4592 4593
f 4592 4594 4593
f 4593 4594 4595
f 4594 4596 4595
f 4595 4596 4597
f 4596 4598 4597
f 4597 4598 4599
f 4598 4600 4599
f 4599 4600 4601
f 4600 4602 4601
f 4601 4602 4603
f 4602 4604 4603
f 4603 4604 4605
f 4604 4606 4605
f 4605 4606 4607
f 4606 4608 4607
f 4607 4608 4609
f 4608 4610 4609
f 4609 4610 4611
f 4610 4612 4611
f 4611 4612 4613
f 4612 4614 4613
f 4614 4615 4613
f 4613 4615 4616
f 4616 4615 4617
f 4617 4618 4619
f 4615 4618 4617
f 4619 4620 4621
f 4618 4620 4619
f 4621 4622 4623
f 4620 4622 4621
f 4622 4624 4623
f 4623 4625 4626
f 4624 4625 4623
f 4626 4627 4628
f 4625 4627 4626
f 4628 4629 4630
f 4627 4629 4628
f 4630 4631 4632
f 4629 4631 4630
f 4632 4633 4634
f 4634 4633 4635
f 4631 4633 4632
f 4633 4636 4635
f 4635 4637 4638
f 4636 4637 4635
f 4638 4189 4191
f 4637 4189 4638
f 4321 4639 4322
f 4322 4639 4640
f 4641 4576 4642
f 4642 4576 4575
f 4640 4639 4643
f 4643 4644 4645
f 4639 4644 4643
f 4645 4646 4647
f 4644 4646 4645
f 4647 4648 4649
f 4646 4648 4647
f 4649 4650 4651
f 4648 4650 4649
f 4651 4652 4653
f 4650 4652 4651
f 4653 4654 4655
f 4652 4654 4653
f 4655 4656 4657
f 4654 4656 4655
f 4656 4658 4657
f 4657 4658 4659
f 4658 4660 4659
f 4659 4660 4661
f 4660 4662 4661
f 4661 4662 4663
f 4662 4664 4663
f 4663 4664 4665
f 4664 4666 4665
f 4665 4666 4667
f 4666 4668 4667
f 4667 4668 4669
f 4668 4670 4669
f 4669 4670 4671
f 4670 4672 4671
f 4671 4672 4673
f 4672 4674 4673
f 4673 4674 4675
f 4674 4676 4675
f 4675 4676 4677
f 4676 4678 4677
f 4677 4678 4679
f 4678 4680 4679
f 4680 4681 4679
f 4679 4681 4682
f 4682 4681 4683
f 4683 4684 4685
f 4681 4684 4683
f 4685 4686 4687
f 4684 4686 4685
f 4687 4688 4689
f 4686 4688 4687
f 4688 4690 4689
f 4689 4691 4692
f 4690 4691 4689
f 4692 4693 4694
f 4691 4693 4692
f 4694 4695 4696
f 4693 4695 4694
f 4696 4697 4698
f 4695 4697 4696
f 4698 4699 4700
f 4700 4699 4701
f 4697 4699 4698
f 4699 4702 4701
f 4701 4703 4704
f 4702 4703 4701
f 4704 4641 4642
f 4703 4641 4704
f 4705 4706 4707
f 4707 4706 4708
f 4709 4710 4711
f 4711 4712 4713
f 4710 4712 4711
f 4713 4714 4715
f 4712 4714 4713
f 4715 4716 4717
f 4714 4716 4715
f 4717 4718 4719
f 4716 4718 4717
f 4719 4720 4721
f 4718 4720 4719
f 4721 4722 4723
f 4720 4722 4721
f 4723 4724 4725
f 4722 4724 4723
f 4724 4726 4725
f 4725 4726 4727
f 4726 4728 4727
f 4727 4728 4729
f 4729 4730 4731
f 4728 4730 4729
f 4731 4732 4733
f 4730 4732 4731
f 4733 4734 4735
f 4732 4734 4733
f 4735 4736 4737
f 4734 4736 4735
f 4737 4738 4739
f 4736 4738 4737
f 4739 4740 4741
f 4738 4740 4739
f 4741 4742 4743
f 4740 4742 4741
f 4743 4744 4745
f 4742 4744 4743
f 4745 4746 4747
f 4744 4746 4745
f 4746 4748 4747
f 4747 4749 4750
f 4750 4749 4751
f 4748 4749 4747
f 4751 4752 4753
f 4749 4752 4751
f 4753 4754 4755
f 4752 4754 4753
f 4755 4756 4757
f 4754 4756 4755
f 4756 4758 4757
f 4757 4759 4760
f 4758 4759 4757
f 4760 4761 4762
f 4759 4761 4760
f 4762 4763 4764
f 4761 4763 4762
f 4764 4765 4766
f 4763 4765 4764
f 4766 4767 4768
f 4768 4767 4769
f 4765 4767 4766
f 4767 4770 4769
f 4769 4771 4772
f 4770 4771 4769
f 4772 4705 4707
f 4771 4705 4772
f 4773 4710 4774
f 4774 4710 4709
f 4775 4776 4777
f 4777 4778 4779
f 4776 4778 4777
f 4779 4780 4781
f 4778 4780 4779
f 4781 4782 4783
f 4780 4782 4781
f 4783 4784 4785
f 4782 4784 4783
f 4785 4786 4787
f 4784 4786 4785
f 4787 4788 4789
f 4786 4788 4787
f 4789 4790 4791
f 4788 4790 4789
f 4790 4792 4791
f 4791 4792 4793
f 4792 4794 4793
f 4793 4794 4795
f 4795 4796 4797
f 4794 4796 4795
f 4797 4798 4799
f 4796 4798 4797
f 4799 4800 4801
f 4798 4800 4799
f 4801 4802 4803
f 4800 4802 4801
f 4803 4804 4805
f 4802 4804 4803
f 4805 4806 4807
f 4804 4806 4805
f 4807 4808 4809
f 4806 4808 4807
f 4809 4810 4811
f 4808 4810 4809
f 4811 4812 4813
f 4810 4812 4811
f 4812 4814 4813
f 4813 4815 4816
f 4816 4815 4817
f 4814 4815 4813
f 4817 4818 4819
f 4815 4818 4817
f 4819 4820 4821
f 4818 4820 4819
f 4821 4822 4823
f 4820 4822 4821
f 4822 4824 4823
f 4823 4825 4826
f 4824 4825 4823
f 4826 4827 4828
f 4825 4827 4826
f 4828 4829 4830
f 4827 4829 4828
f 4830 4831 4832
f 4829 4831 4830
f 4832 4833 4834
f 4834 4833 4835
f 4831 4833 4832
f 4833 4836 4835
f 4835 4837 4838
f 4836 4837 4835
f 4838 4773 4774
f 4837 4773 4838
f 4839 4776 4840
f 4840 4776 4775
f 4841 4842 4843
f 4843 4844 4845
f 4842 4844 4843
f 4845 4846 4847
f 4844 4846 4845
f 4847 4848 4849
f 4846 4848 4847
f 4849 4850 4851
f 4848 4850 4849
f 4851 4852 4853
f 4850 4852 4851
f 4853 4854 4855
f 4852 4854 4853
f 4855 4856 4857
f 4854 4856 4855
f 4856 4858 4857
f 4857 4858 4859
f 4858 4860 4859
f 4859 4860 4861
f 4861 4862 4863
f 4860 4862 4861
f 4863 4864 4865
f 4862 4864 4863
f 4865 4866 4867
f 4864 4866 4865
f 4867 4868 4869
f 4866 4868 4867
f 4869 4870 4871
f 4868 4870 4869
f 4871 4872 4873
f 4870 4872 4871
f 4873 4874 4875
f 4872 4874 4873
f 4875 4876 4877
f 4874 4876 4875
f 4877 4878 4879
f 4876 4878 4877
f 4878 4880 4879
f 4879 4881 4882
f 4882 4881 4883
f 4880 4881 4879
f 4883 4884 4885
f 4881 4884 4883
f 4885 4886 4887
f 4884 4886 4885
f 4887 4888 4889
f 4886 4888 4887
f 4888 4890 4889
f 4889 4891 4892
f 4890 4891 4889
f 4892 4893 4894
f 4891 4893 4892
f 4894 4895 4896
f 4893 4895 4894
f 4896 4897 4898
f 4895 4897 4896
f 4898 4899 4900
f 4900 4899 4901
f 4897 4899 4898
f 4899 4902 4901
f 4901 4903 4904
f 4902 4903 4901
f 4904 4839 4840
f 4903 4839 4904
f 4905 4842 4906
f 4906 4842 4841
f 4708 4706 4907
f 4907 4908 4909
f 4706 4908 4907
f 4909 4910 4911
f 4908 4910 4909
f 4911 4912 4913
f 4910 4912 4911
f 4913 4914 4915
f 4912 4914 4913
f 4915 4916 4917
f 4914 4916 4915
f 4917 4918 4919
f 4916 4918 4917
f 4919 4920 4921
f 4918 4920 4919
f 4920 4922 4921
f 4921 4922 4923
f 4922 4924 4923
f 4923 4924 4925
f 4925 4926 4927
f 4924 4926 4925
f 4927 4928 4929
f 4926 4928 4927
f 4929 4930 4931
f 4928 4930 4929
f 4931 4932 4933
f 4930 4932 4931
f 4933 4934 4935
f 4932 4934 4933
f 4935 4936 4937
f 4934 4936 4935
f 4937 4938 4939
f 4936 4938 4937
f 4939 4940 4941
f 4938 4940 4939
f 4941 4942 4943
f 4940 4942 4941
f 4942 4944 4943
f 4943 4945 4946
f 4946 4945 4947
f 4944 4945 4943
f 4947 4948 4949
f 4945 4948 4947
f 4949 4950 4951
f 4948 4950 4949
f 4951 4952 4953
f 4950 4952 4951
f 4952 4954 4953
f 4953 4955 4956
f 4954 4955 4953
f 4956 4957 4958
f 4955 4957 4956
f 4958 4959 4960
f 4957 4959 4958
f 4960 4961 4962
f 4959 4961 4960
f 4962 4963 4964
f 4964 4963 4965
f 4961 4963 4962
f 4963 4966 4965
f 4965 4967 4968
f 4966 4967 4965
f 4968 4905 4906
f 4967 4905 4968
f 4969 4970 4971
f 4969 4971 4972
f 4973 4972 4974
f 4973 4974 4975
f 4976 4977 4978
f 4979 4980 4970
f 4979 4970 4969
f 4981 4972 4973
f 4981 4969 4972
f 4982 4973 4975
f 4982 4975 4983
f 4982 4983 4984
f 4985 4986 4987
f 4985 4987 4977
f 4985 4977 4976
f 4988 4976 4978
f 4988 4978 4980
f 4988 4980 4979
f 4989 4969 4981
f 4989 4979 4969
f 4990 4991 4992
f 4993 4973 4982
f 4993 4981 4973
f 4994 4986 4985
f 4994 4992 4995
f 4994 4995 4986
f 4996 4976 4988
f 4996 4985 4976
f 4997 4979 4989
f 4997 4988 4979
f 4998 4999 5000
f 5001 4989 4981
f 5001 4981 4993
f 5002 4992 4994
f 5002 4990 4992
f 5003 4982 4984
f 5003 4993 4982
f 5004 4994 4985
f 5004 4985 4996
f 5005 4988 4997
f 5005 4996 4988
f 5006 5007 5008
f 5006 5008 4999
f 5009 4989 5001
f 5009 4997 4989
f 5010 4990 5002
f 5010 4991 4990
f 5010 4998 5000
f 5010 5000 4991
f 5011 4993 5003
f 5011 5001 4993
f 5012 4994 5004
f 5012 5002 4994
f 5013 5003 4984
f 5013 4984 5014
f 5013 5014 5015
f 5016 5004 4996
f 5016 4996 5005
f 5017 5018 5007
f 5019 4997 5009
f 5019 5005 4997
f 5020 4999 4998
f 5020 5006 4999
f 5020 4998 5010
f 5021 5001 5011
f 5021 5009 5001
f 5022 5002 5012
f 5022 5010 5002
f 5023 5011 5003
f 5023 5003 5013
f 5024 5012 5004
f 5024 5004 5016
f 5025 5026 5027
f 5025 5027 5018
f 5028 5005 5019
f 5028 5016 5005
f 5029 5007 5006
f 5029 5017 5007
f 5029 5006 5020
f 5030 5019 5009
f 5030 5009 5021
f 5031 5010 5022
f 5031 5020 5010
f 5032 5021 5011
f 5032 5011 5023
f 5033 5022 5012
f 5033 5012 5024
f 5034 5035 5026
f 5036 5023 5013
f 5036 5013 5015
f 5036 5015 5037
f 5038 5024 5016
f 5038 5016 5028
f 5039 5017 5029
f 5039 5018 5017
f 5039 5025 5018
f 5040 5019 5030
f 5040 5028 5019
f 5041 5020 5031
f 5041 5029 5020
f 5042 5030 5021
f 5042 5021 5032
f 5043 5031 5022
f 5043 5022 5033
f 5044 5045 5046
f 5044 5046 5035
f 5047 5023 5036
f 5047 5032 5023
f 5048 5024 5038
f 5048 5033 5024
f 5049 5034 5026
f 5049 5025 5039
f 5049 5026 5025
f 5050 5028 5040
f 5050 5038 5028
f 5051 5039 5029
f 5051 5029 5041
f 5052 5030 5042
f 5052 5040 5030
f 5053 5031 5043
f 5053 5041 5031
f 5054 5042 5032
f 5054 5032 5047
f 5055 5033 5048
f 5055 5043 5033
f 5056 5044 5035
f 5056 5035 5034
f 5056 5034 5049
f 5057 5036 5037
f 5057 5047 5036
f 5057 5037 5058
f 5059 5048 5038
f 5059 5038 5050
f 5060 5049 5039
f 5060 5039 5051
f 5061 5040 5052
f 5061 5050 5040
f 5062 5051 5041
f 5062 5041 5053
f 5063 5052 5042
f 5063 5042 5054
f 5064 5043 5055
f 5064 5053 5043
f 5065 5045 5044
f 5065 5066 5045
f 5065 5044 5056
f 5067 5047 5057
f 5067 5054 5047
f 5068 5055 5048
f 5068 5048 5059
f 5069 5056 5049
f 5069 5049 5060
f 5070 5057 5058
f 5070 5058 5071
f 5072 5059 5050
f 5072 5050 5061
f 5073 5051 5062
f 5073 5060 5051
f 5074 5061 5052
f 5074 5052 5063
f 5075 5062 5053
f 5075 5053 5064
f 5076 5077 5066
f 5076 5066 5065
f 5078 5063 5054
f 5078 5054 5067
f 5079 5055 5068
f 5079 5064 5055
f 5080 5065 5056
f 5080 5056 5069
f 5081 5067 5057
f 5081 5057 5070
f 5082 5059 5072
f 5082 5068 5059
f 5083 5069 5060
f 5083 5060 5073
f 5084 5061 5074
f 5084 5072 5061
f 5085 5062 5075
f 5085 5073 5062
f 5086 5077 5076
f 5086 5087 5088
f 5086 5088 5077
f 5089 5063 5078
f 5089 5074 5063
f 5090 5064 5079
f 5090 5075 5064
f 5091 5076 5065
f 5091 5065 5080
f 5092 5067 5081
f 5092 5078 5067
f 5093 5079 5068
f 5093 5068 5082
f 5094 5080 5069
f 5094 5069 5083
f 5095 5070 5071
f 5095 5071 5096
f 5095 5096 5097
f 5095 5081 5070
f 5098 5082 5072
f 5098 5072 5084
f 5099 5083 5073
f 5099 5073 5085
f 5100 5101 5102
f 5100 5102 5087
f 5100 5087 5086
f 5103 5074 5089
f 5103 5084 5074
f 5104 5075 5090
f 5104 5085 5075
f 5105 5086 5076
f 5105 5076 5091
f 5106 5078 5092
f 5106 5089 5078
f 5107 5079 5093
f 5107 5090 5079
f 5108 5080 5094
f 5108 5091 5080
f 5109 5081 5095
f 5109 5092 5081
f 5110 5082 5098
f 5110 5093 5082
f 5111 5094 5083
f 5111 5083 5099
f 5112 5113 5101
f 5112 5101 5100
f 5114 5084 5103
f 5114 5098 5084
f 5115 5085 5104
f 5115 5099 5085
f 5116 5086 5105
f 5116 5100 5086
f 5117 5089 5106
f 5117 5103 5089
f 5118 5104 5090
f 5118 5090 5107
f 5119 5105 5091
f 5119 5091 5108
f 5120 5106 5092
f 5120 5092 5109
f 5121 5107 5093
f 5121 5093 5110
f 5122 5108 5094
f 5122 5094 5111
f 5123 5113 5112
f 5123 5124 5125
f 5123 5125 5113
f 5126 5095 5097
f 5126 5109 5095
f 5126 5097 5127
f 5126 5127 5128
f 5129 5110 5098
f 5129 5098 5114
f 5130 5111 5099
f 5130 5099 5115
f 5131 5112 5100
f 5131 5100 5116
f 5132 5114 5103
f 5132 5103 5117
f 5133 5115 5104
f 5133 5104 5118
f 5134 5116 5105
f 5134 5105 5119
f 5135 5106 5120
f 5135 5117 5106
f 5136 5107 5121
f 5136 5118 5107
f 5137 5119 5108
f 5137 5108 5122
f 5138 5124 5123
f 5138 5139 5140
f 5138 5140 5141
f 5138 5141 5124
f 5142 5120 5109
f 5142 5109 5126
f 5143 5110 5129
f 5143 5121 5110
f 5144 5122 5111
f 5144 5111 5130
f 5145 5112 5131
f 5145 5123 5112
f 5146 5114 5132
f 5146 5129 5114
f 5147 5130 5115
f 5147 5115 5133
f 5148 5116 5134
f 5148 5131 5116
f 5149 5117 5135
f 5149 5132 5117
f 5150 5118 5136
f 5150 5133 5118
f 5151 5134 5119
f 5151 5119 5137
f 5152 5120 5142
f 5152 5135 5120
f 5153 5121 5143
f 5153 5136 5121
f 5154 5122 5144
f 5154 5137 5122
f 5155 5156 5139
f 5155 5139 5138
f 5155 5138 5123
f 5155 5123 5145
f 5157 5142 5126
f 5157 5128 5158
f 5157 5126 5128
f 5159 5143 5129
f 5159 5129 5146
f 5160 5144 5130
f 5160 5130 5147
f 5161 5145 5131
f 5161 5131 5148
f 5162 5132 5149
f 5162 5146 5132
f 5163 5147 5133
f 5163 5133 5150
f 5164 5148 5134
f 5164 5134 5151
f 5165 5149 5135
f 5165 5135 5152
f 5166 5136 5153
f 5166 5150 5136
f 5167 5137 5154
f 5167 5151 5137
f 5168 5142 5157
f 5168 5152 5142
f 5169 5143 5159
f 5169 5153 5143
f 5170 5154 5144
f 5170 5144 5160
f 5171 5155 5145
f 5171 5145 5161
f 5172 5159 5146
f 5172 5146 5162
f 5173 5160 5147
f 5173 5147 5163
f 5174 5161 5148
f 5174 5148 5164
f 5175 5149 5165
f 5175 5162 5149
f 5176 5163 5150
f 5176 5150 5166
f 5177 5151 5167
f 5177 5164 5151
f 5178 5152 5168
f 5178 5165 5152
f 5179 5166 5153
f 5179 5153 5169
f 5180 5167 5154
f 5180 5154 5170
f 5181 5182 5156
f 5181 5156 5155
f 5181 5155 5171
f 5183 5157 5158
f 5183 5158 5184
f 5183 5184 5185
f 5183 5168 5157
f 5186 5169 5159
f 5186 5159 5172
f 5187 5170 5160
f 5187 5160 5173
f 5188 5161 5174
f 5188 5171 5161
f 5189 5172 5162
f 5189 5162 5175
f 5190 5163 5176
f 5190 5173 5163
f 5191 5174 5164
f 5191 5164 5177
f 5192 5165 5178
f 5192 5175 5165
f 5193 5176 5166
f 5193 5166 5179
f 5194 5167 5180
f 5194 5177 5167
f 5195 5178 5168
f 5195 5168 5183
f 5196 5169 5186
f 5196 5179 5169
f 5197 5170 5187
f 5197 5180 5170
f 5198 5199 5182
f 5198 5182 5181
f 5198 5181 5171
f 5198 5171 5188
f 5200 5186 5172
f 5200 5172 5189
f 5201 5187 5173
f 5201 5173 5190
f 5202 5188 5174
f 5202 5174 5191
f 5203 5189 5175
f 5203 5175 5192
f 5204 5176 5193
f 5204 5190 5176
f 5205 5177 5194
f 5205 5191 5177
f 5206 5192 5178
f 5206 5178 5195
f 5207 5193 5179
f 5207 5179 5196
f 5208 5180 5197
f 5208 5194 5180
f 5209 5195 5183
f 5209 5183 5185
f 5210 5196 5186
f 5210 5186 5200
f 5211 5187 5201
f 5211 5197 5187
f 5212 5198 5188
f 5212 5213 5199
f 5212 5188 5202
f 5212 5199 5198
f 5214 5200 5189
f 5214 5189 5203
f 5215 5190 5204
f 5215 5201 5190
f 5216 5202 5191
f 5216 5191 5205
f 5217 5203 5192
f 5217 5192 5206
f 5218 5204 5193
f 5218 5193 5207
f 5219 5205 5194
f 5219 5194 5208
f 5220 5195 5209
f 5220 5206 5195
f 5221 5196 5210
f 5221 5207 5196
f 5222 5208 5197
f 5222 5197 5211
f 5223 5209 5185
f 5223 5185 5224
f 5223 5224 5225
f 5226 5210 5200
f 5226 5200 5214
f 5227 5211 5201
f 5227 5201 5215
f 5228 5229 5213
f 5228 5213 5212
f 5228 5212 5202
f 5228 5202 5216
f 5230 5203 5217
f 5230 5214 5203
f 5231 5204 5218
f 5231 5215 5204
f 5232 5205 5219
f 5232 5216 5205
f 5233 5206 5220
f 5233 5217 5206
f 5234 5218 5207
f 5234 5207 5221
f 5235 5219 5208
f 5235 5208 5222
f 5236 5223 5225
f 5236 5220 5209
f 5236 5209 5223
f 5237 5221 5210
f 5237 5210 5226
f 5238 5222 5211
f 5238 5211 5227
f 5239 5226 5214
f 5239 5214 5230
f 5240 5227 5215
f 5240 5215 5231
f 5241 5216 5232
f 5241 5228 5216
f 5242 5230 5217
f 5242 5217 5233
f 5243 5231 5218
f 5243 5218 5234
f 5244 5219 5235
f 5244 5232 5219
f 5245 5220 5236
f 5245 5233 5220
f 5246 5234 5221
f 5246 5221 5237
f 5247 5235 5222
f 5247 5222 5238
f 5248 5236 5225
f 5248 5225 5249
f 5250 5237 5226
f 5250 5226 5239
f 5251 5227 5240
f 5251 5238 5227
f 5252 5253 5229
f 5252 5228 5241
f 5252 5229 5228
f 5254 5239 5230
f 5254 5230 5242
f 5255 5240 5231
f 5255 5231 5243
f 5256 5241 5232
f 5256 5232 5244
f 5257 5233 5245
f 5257 5242 5233
f 5258 5243 5234
f 5258 5234 5246
f 5259 5244 5235
f 5259 5235 5247
f 5260 5248 5249
f 5260 5236 5248
f 5260 5245 5236
f 5261 5246 5237
f 5261 5237 5250
f 5262 5247 5238
f 5262 5238 5251
f 5263 5250 5239
f 5263 5239 5254
f 5264 5251 5240
f 5264 5240 5255
f 5265 5266 5267
f 5265 5267 5253
f 5265 5253 5252
f 5265 5241 5256
f 5265 5252 5241
f 5268 5242 5257
f 5268 5254 5242
f 5269 5255 5243
f 5269 5243 5258
f 5270 5256 5244
f 5270 5244 5259
f 5271 5245 5260
f 5271 5257 5245
f 5272 5246 5261
f 5272 5258 5246
f 5273 5247 5262
f 5273 5259 5247
f 5274 5260 5249
f 5274 5249 5275
f 5274 5275 5276
f 5277 5250 5263
f 5277 5261 5250
f 5278 5251 5264
f 5278 5262 5251
f 5279 5263 5254
f 5279 5254 5268
f 5280 5255 5269
f 5280 5264 5255
f 5281 5282 5266
f 5281 5266 5265
f 5281 5256 5270
f 5281 5265 5256
f 5283 5257 5271
f 5283 5268 5257
f 5284 5269 5258
f 5284 5258 5272
f 5285 5270 5259
f 5285 5259 5273
f 5286 5271 5260
f 5286 5274 5276
f 5286 5260 5274
f 5286 5276 5287
f 5288 5272 5261
f 5288 5261 5277
f 5289 5273 5262
f 5289 5262 5278
f 5290 5263 5279
f 5290 5277 5263
f 5291 5264 5280
f 5291 5278 5264
f 5292 5268 5283
f 5292 5279 5268
f 5293 5269 5284
f 5293 5280 5269
f 5294 5282 5281
f 5294 5270 5285
f 5294 5295 5282
f 5294 5281 5270
f 5296 5271 5286
f 5296 5283 5271
f 5297 5272 5288
f 5297 5284 5272
f 5298 5273 5289
f 5298 5285 5273
f 5299 5288 5277
f 5299 5277 5290
f 5300 5289 5278
f 5300 5278 5291
f 5301 5279 5292
f 5301 5290 5279
f 5302 5291 5280
f 5302 5280 5293
f 5303 5283 5296
f 5303 5292 5283
f 5304 5293 5284
f 5304 5284 5297
f 5305 5306 5295
f 5305 5294 5285
f 5305 5295 5294
f 5305 5285 5298
f 5307 5286 5287
f 5307 5296 5286
f 5308 5288 5299
f 5308 5297 5288
f 5309 5298 5289
f 5309 5289 5300
f 5310 5290 5301
f 5310 5299 5290
f 5311 5291 5302
f 5311 5300 5291
f 5312 5301 5292
f 5312 5292 5303
f 5313 5293 5304
f 5313 5302 5293
f 5314 5296 5307
f 5314 5303 5296
f 5315 5297 5308
f 5315 5304 5297
f 5316 5298 5309
f 5316 5317 5306
f 5316 5306 5305
f 5316 5305 5298
f 5318 5307 5287
f 5318 5287 5319
f 5318 5319 5320
f 5321 5308 5299
f 5321 5299 5310
f 5322 5309 5300
f 5322 5300 5311
f 5323 5301 5312
f 5323 5310 5301
f 5324 5311 5302
f 5324 5302 5313
f 5325 5303 5314
f 5325 5312 5303
f 5326 5313 5304
f 5326 5304 5315
f 5327 5318 5320
f 5327 5320 5328
f 5327 5314 5307
f 5327 5307 5318
f 5329 5308 5321
f 5329 5315 5308
f 5330 5309 5322
f 5330 5331 5317
f 5330 5317 5316
f 5330 5316 5309
f 5332 5310 5323
f 5332 5321 5310
f 5333 5322 5311
f 5333 5311 5324
f 5334 5323 5312
f 5334 5312 5325
f 5335 5324 5313
f 5335 5313 5326
f 5336 5314 5327
f 5336 5325 5314
f 5337 5326 5315
f 5337 5315 5329
f 5338 5329 5321
f 5338 5321 5332
f 5339 5340 5341
f 5339 5341 5331
f 5339 5330 5322
f 5339 5331 5330
f 5339 5322 5333
f 5342 5323 5334
f 5342 5332 5323
f 5343 5333 5324
f 5343 5324 5335
f 5344 5334 5325
f 5344 5325 5336
f 5345 5326 5337
f 5345 5335 5326
f 5346 5336 5327
f 5346 5327 5328
f 5346 5328 5347
f 5348 5337 5329
f 5348 5329 5338
f 5349 5332 5342
f 5349 5338 5332
f 5350 5351 5340
f 5350 5340 5339
f 5350 5339 5333
f 5350 5333 5343
f 5352 5342 5334
f 5352 5334 5344
f 5353 5343 5335
f 5353 5335 5345
f 5354 5336 5346
f 5354 5344 5336
f 5355 5345 5337
f 5355 5337 5348
f 5356 5348 5338
f 5356 5338 5349
f 5357 5349 5342
f 5357 5342 5352
f 5358 5350 5343
f 5358 5359 5351
f 5358 5343 5353
f 5358 5351 5350
f 5360 5344 5354
f 5360 5352 5344
f 5361 5353 5345
f 5361 5345 5355
f 5362 5347 5363
f 5362 5363 5364
f 5362 5354 5346
f 5362 5346 5347
f 5365 5355 5348
f 5365 5348 5356
f 5366 5356 5349
f 5366 5349 5357
f 5367 5352 5360
f 5367 5357 5352
f 5368 5353 5361
f 5368 5369 5359
f 5368 5359 5358
f 5368 5358 5353
f 5370 5354 5362
f 5370 5360 5354
f 5371 5361 5355
f 5371 5355 5365
f 5372 5365 5356
f 5372 5356 5366
f 5373 5366 5357
f 5373 5357 5367
f 5374 5360 5370
f 5374 5367 5360
f 5375 5376 5369
f 5375 5369 5368
f 5375 5368 5361
f 5375 5361 5371
f 5377 5362 5364
f 5377 5370 5362
f 5377 5364 5378
f 5377 5378 5379
f 5380 5365 5372
f 5380 5371 5365
f 5381 5372 5366
f 5381 5366 5373
f 5382 5367 5374
f 5382 5373 5367
f 5383 5370 5377
f 5383 5374 5370
f 5384 5385 5376
f 5384 5376 5375
f 5384 5375 5371
f 5384 5371 5380
f 5386 5380 5372
f 5386 5372 5381
f 5387 5381 5373
f 5387 5373 5382
f 5388 5382 5374
f 5388 5374 5383
f 5389 5377 5379
f 5389 5383 5377
f 5389 5379 5390
f 5391 5392 5393
f 5391 5393 5385
f 5391 5385 5384
f 5391 5384 5380
f 5391 5380 5386
f 5394 5395 5396
f 5394 5381 5387
f 5394 5386 5381
f 5397 5382 5388
f 5397 5387 5382
f 5398 5383 5389
f 5398 5388 5383
f 5399 5396 5392
f 5399 5394 5396
f 5399 5392 5391
f 5399 5391 5386
f 5399 5386 5394
f 5400 5387 5397
f 5400 5401 5395
f 5400 5395 5394
f 5400 5394 5387
f 5402 5388 5398
f 5402 5397 5388
f 5403 5398 5389
f 5403 5389 5390
f 5403 5390 5404
f 5403 5404 5405
f 5406 5407 5401
f 5406 5401 5400
f 5406 5397 5402
f 5406 5400 5397
f 5408 5409 5410
f 5408 5398 5403
f 5408 5402 5398
f 5411 5408 5410
f 5411 5410 5407
f 5411 5407 5406
f 5411 5406 5402
f 5411 5402 5408
f 5412 5413 5414
f 5412 5409 5408
f 5412 5414 5409
f 5412 5408 5403
f 5412 5403 5405
f 5412 5405 5413
f 5124 5415 5416
f 5124 5141 5415
f 5125 5416 5417
f 5125 5124 5416
f 5113 5417 5418
f 5113 5125 5417
f 5101 5418 5419
f 5101 5113 5418
f 5102 5419 5420
f 5102 5101 5419
f 5087 5420 5421
f 5087 5102 5420
f 5088 5421 5422
f 5088 5087 5421
f 5077 5422 5423
f 5077 5088 5422
f 5066 5077 5423
f 5066 5423 5424
f 5045 5424 5425
f 5045 5066 5424
f 5046 5425 5426
f 5046 5045 5425
f 5035 5426 5427
f 5035 5046 5426
f 5026 5427 5428
f 5026 5035 5427
f 5027 5428 5429
f 5027 5026 5428
f 5018 5429 5430
f 5018 5027 5429
f 5007 5430 5431
f 5007 5018 5430
f 5008 5431 5432
f 5008 5007 5431
f 4999 5432 5433
f 4999 5433 5434
f 4999 5008 5432
f 5000 4999 5434
f 4991 5434 5435
f 4991 5000 5434
f 4992 5435 5436
f 4992 4991 5435
f 4995 5436 5437
f 4995 4992 5436
f 4986 5437 5438
f 4986 4995 5437
f 4987 5438 5439
f 4987 4986 5438
f 4977 5439 5440
f 4977 4987 5439
f 4978 5440 5441
f 4978 4977 5440
f 4980 5441 5442
f 4980 4978 5441
f 4970 5442 5443
f 4970 5443 5444
f 4970 4980 5442
f 4971 4970 5444
f 4972 5444 5445
f 4972 4971 5444
f 4974 5445 5446
f 4974 4972 5445
f 4975 5446 5447
f 4975 4974 5446
f 5448 5449 5450
f 5448 5450 5451
f 5452 5451 5453
f 5452 5453 5454
f 5455 5456 5457
f 5458 5459 5449
f 5458 5449 5448
f 5460 5451 5452
f 5460 5448 5451
f 5461 5452 5454
f 5461 5454 5462
f 5461 5462 5463
f 5464 5456 5455
f 5464 5465 5466
f 5464 5466 5456
f 5467 5455 5457
f 5467 5457 5459
f 5467 5459 5458
f 5468 5448 5460
f 5468 5458 5448
f 5469 5470 5471
f 5472 5452 5461
f 5472 5460 5452
f 5473 5471 5474
f 5473 5474 5465
f 5473 5465 5464
f 5475 5464 5455
f 5475 5455 5467
f 5476 5458 5468
f 5476 5467 5458
f 5477 5478 5479
f 5480 5468 5460
f 5480 5460 5472
f 5481 5471 5473
f 5481 5469 5471
f 5482 5461 5463
f 5482 5472 5461
f 5483 5473 5464
f 5483 5464 5475
f 5484 5475 5467
f 5484 5467 5476
f 5485 5486 5487
f 5485 5487 5478
f 5488 5468 5480
f 5488 5476 5468
f 5489 5470 5469
f 5489 5477 5479
f 5489 5479 5470
f 5489 5469 5481
f 5490 5480 5472
f 5490 5472 5482
f 5491 5473 5483
f 5491 5481 5473
f 5492 5482 5463
f 5492 5463 5493
f 5492 5493 5494
f 5495 5475 5484
f 5495 5483 5475
f 5496 5497 5486
f 5498 5476 5488
f 5498 5484 5476
f 5499 5478 5477
f 5499 5485 5478
f 5499 5477 5489
f 5500 5480 5490
f 5500 5488 5480
f 5501 5489 5481
f 5501 5481 5491
f 5502 5490 5482
f 5502 5482 5492
f 5503 5483 5495
f 5503 5491 5483
f 5504 5505 5506
f 5504 5506 5497
f 5507 5495 5484
f 5507 5484 5498
f 5508 5496 5486
f 5508 5485 5499
f 5508 5486 5485
f 5509 5498 5488
f 5509 5488 5500
f 5510 5499 5489
f 5510 5489 5501
f 5511 5500 5490
f 5511 5490 5502
f 5512 5501 5491
f 5512 5491 5503
f 5513 5514 5505
f 5515 5492 5494
f 5515 5494 5516
f 5515 5502 5492
f 5517 5495 5507
f 5517 5503 5495
f 5518 5496 5508
f 5518 5504 5497
f 5518 5497 5496
f 5519 5498 5509
f 5519 5507 5498
f 5520 5508 5499
f 5520 5499 5510
f 5521 5509 5500
f 5521 5500 5511
f 5522 5510 5501
f 5522 5501 5512
f 5523 5524 5525
f 5523 5525 5514
f 5526 5502 5515
f 5526 5511 5502
f 5527 5512 5503
f 5527 5503 5517
f 5528 5513 5505
f 5528 5504 5518
f 5528 5505 5504
f 5529 5517 5507
f 5529 5507 5519
f 5530 5508 5520
f 5530 5518 5508
f 5531 5509 5521
f 5531 5519 5509
f 5532 5520 5510
f 5532 5510 5522
f 5533 5511 5526
f 5533 5521 5511
f 5534 5522 5512
f 5534 5512 5527
f 5535 5523 5514
f 5535 5513 5528
f 5535 5514 5513
f 5536 5515 5516
f 5536 5526 5515
f 5536 5516 5537
f 5538 5527 5517
f 5538 5517 5529
f 5539 5518 5530
f 5539 5528 5518
f 5540 5529 5519
f 5540 5519 5531
f 5541 5530 5520
f 5541 5520 5532
f 5542 5521 5533
f 5542 5531 5521
f 5543 5522 5534
f 5543 5532 5522
f 5544 5524 5523
f 5544 5545 5524
f 5544 5523 5535
f 5546 5533 5526
f 5546 5526 5536
f 5547 5527 5538
f 5547 5534 5527
f 5548 5535 5528
f 5548 5528 5539
f 5549 5536 5537
f 5549 5537 5550
f 5551 5529 5540
f 5551 5538 5529
f 5552 5530 5541
f 5552 5539 5530
f 5553 5540 5531
f 5553 5531 5542
f 5554 5541 5532
f 5554 5532 5543
f 5555 5556 5545
f 5555 5545 5544
f 5557 5533 5546
f 5557 5542 5533
f 5558 5534 5547
f 5558 5543 5534
f 5559 5544 5535
f 5559 5535 5548
f 5560 5546 5536
f 5560 5536 5549
f 5561 5547 5538
f 5561 5538 5551
f 5562 5548 5539
f 5562 5539 5552
f 5563 5551 5540
f 5563 5540 5553
f 5564 5541 5554
f 5564 5552 5541
f 5565 5556 5555
f 5565 5566 5567
f 5565 5567 5556
f 5568 5553 5542
f 5568 5542 5557
f 5569 5554 5543
f 5569 5543 5558
f 5570 5555 5544
f 5570 5544 5559
f 5571 5546 5560
f 5571 5557 5546
f 5572 5558 5547
f 5572 5547 5561
f 5573 5559 5548
f 5573 5548 5562
f 5574 5549 5550
f 5574 5550 5575
f 5574 5575 5576
f 5574 5560 5549
f 5577 5561 5551
f 5577 5551 5563
f 5578 5562 5552
f 5578 5552 5564
f 5579 5580 5581
f 5579 5581 5566
f 5579 5566 5565
f 5582 5553 5568
f 5582 5563 5553
f 5583 5564 5554
f 5583 5554 5569
f 5584 5565 5555
f 5584 5555 5570
f 5585 5568 5557
f 5585 5557 5571
f 5586 5569 5558
f 5586 5558 5572
f 5587 5570 5559
f 5587 5559 5573
f 5588 5560 5574
f 5588 5571 5560
f 5589 5561 5577
f 5589 5572 5561
f 5590 5562 5578
f 5590 5573 5562
f 5591 5592 5580
f 5591 5580 5579
f 5593 5577 5563
f 5593 5563 5582
f 5594 5578 5564
f 5594 5564 5583
f 5595 5565 5584
f 5595 5579 5565
f 5596 5582 5568
f 5596 5568 5585
f 5597 5583 5569
f 5597 5569 5586
f 5598 5584 5570
f 5598 5570 5587
f 5599 5585 5571
f 5599 5571 5588
f 5600 5586 5572
f 5600 5572 5589
f 5601 5587 5573
f 5601 5573 5590
f 5602 5592 5591
f 5602 5603 5604
f 5602 5604 5592
f 5605 5588 5574
f 5605 5574 5576
f 5605 5576 5606
f 5605 5606 5607
f 5608 5589 5577
f 5608 5577 5593
f 5609 5578 5594
f 5609 5590 5578
f 5610 5591 5579
f 5610 5579 5595
f 5611 5593 5582
f 5611 5582 5596
f 5612 5594 5583
f 5612 5583 5597
f 5613 5595 5584
f 5613 5584 5598
f 5614 5585 5599
f 5614 5596 5585
f 5615 5586 5600
f 5615 5597 5586
f 5616 5598 5587
f 5616 5587 5601
f 5617 5603 5602
f 5617 5618 5619
f 5617 5619 5620
f 5617 5620 5603
f 5621 5599 5588
f 5621 5588 5605
f 5622 5589 5608
f 5622 5600 5589
f 5623 5601 5590
f 5623 5590 5609
f 5624 5591 5610
f 5624 5602 5591
f 5625 5593 5611
f 5625 5608 5593
f 5626 5609 5594
f 5626 5594 5612
f 5627 5610 5595
f 5627 5595 5613
f 5628 5611 5596
f 5628 5596 5614
f 5629 5612 5597
f 5629 5597 5615
f 5630 5598 5616
f 5630 5613 5598
f 5631 5599 5621
f 5631 5614 5599
f 5632 5615 5600
f 5632 5600 5622
f 5633 5601 5623
f 5633 5616 5601
f 5634 5635 5618
f 5634 5618 5617
f 5634 5617 5602
f 5634 5602 5624
f 5636 5605 5607
f 5636 5621 5605
f 5636 5607 5637
f 5638 5622 5608
f 5638 5608 5625
f 5639 5623 5609
f 5639 5609 5626
f 5640 5610 5627
f 5640 5624 5610
f 5641 5611 5628
f 5641 5625 5611
f 5642 5626 5612
f 5642 5612 5629
f 5643 5627 5613
f 5643 5613 5630
f 5644 5628 5614
f 5644 5614 5631
f 5645 5629 5615
f 5645 5615 5632
f 5646 5616 5633
f 5646 5630 5616
f 5647 5631 5621
f 5647 5621 5636
f 5648 5622 5638
f 5648 5632 5622
f 5649 5623 5639
f 5649 5633 5623
f 5650 5634 5624
f 5650 5624 5640
f 5651 5638 5625
f 5651 5625 5641
f 5652 5639 5626
f 5652 5626 5642
f 5653 5640 5627
f 5653 5627 5643
f 5654 5628 5644
f 5654 5641 5628
f 5655 5642 5629
f 5655 5629 5645
f 5656 5643 5630
f 5656 5630 5646
f 5657 5631 5647
f 5657 5644 5631
f 5658 5632 5648
f 5658 5645 5632
f 5659 5633 5649
f 5659 5646 5633
f 5660 5661 5635
f 5660 5635 5634
f 5660 5634 5650
f 5662 5636 5637
f 5662 5637 5663
f 5662 5663 5664
f 5662 5647 5636
f 5665 5648 5638
f 5665 5638 5651
f 5666 5639 5652
f 5666 5649 5639
f 5667 5640 5653
f 5667 5650 5640
f 5668 5641 5654
f 5668 5651 5641
f 5669 5642 5655
f 5669 5652 5642
f 5670 5653 5643
f 5670 5643 5656
f 5671 5654 5644
f 5671 5644 5657
f 5672 5645 5658
f 5672 5655 5645
f 5673 5656 5646
f 5673 5646 5659
f 5674 5647 5662
f 5674 5657 5647
f 5675 5658 5648
f 5675 5648 5665
f 5676 5659 5649
f 5676 5649 5666
f 5677 5678 5661
f 5677 5661 5660
f 5677 5660 5650
f 5677 5650 5667
f 5679 5651 5668
f 5679 5665 5651
f 5680 5666 5652
f 5680 5652 5669
f 5681 5653 5670
f 5681 5667 5653
f 5682 5654 5671
f 5682 5668 5654
f 5683 5669 5655
f 5683 5655 5672
f 5684 5656 5673
f 5684 5670 5656
f 5685 5657 5674
f 5685 5671 5657
f 5686 5658 5675
f 5686 5672 5658
f 5687 5673 5659
f 5687 5659 5676
f 5688 5674 5662
f 5688 5662 5664
f 5689 5665 5679
f 5689 5675 5665
f 5690 5676 5666
f 5690 5666 5680
f 5691 5677 5667
f 5691 5692 5678
f 5691 5678 5677
f 5691 5667 5681
f 5693 5668 5682
f 5693 5679 5668
f 5694 5669 5683
f 5694 5680 5669
f 5695 5670 5684
f 5695 5681 5670
f 5696 5682 5671
f 5696 5671 5685
f 5697 5672 5686
f 5697 5683 5672
f 5698 5673 5687
f 5698 5684 5673
f 5699 5674 5688
f 5699 5685 5674
f 5700 5686 5675
f 5700 5675 5689
f 5701 5687 5676
f 5701 5676 5690
f 5702 5688 5664
f 5702 5664 5703
f 5702 5703 5704
f 5705 5689 5679
f 5705 5679 5693
f 5706 5690 5680
f 5706 5680 5694
f 5707 5708 5692
f 5707 5692 5691
f 5707 5691 5681
f 5707 5681 5695
f 5709 5682 5696
f 5709 5693 5682
f 5710 5694 5683
f 5710 5683 5697
f 5711 5695 5684
f 5711 5684 5698
f 5712 5685 5699
f 5712 5696 5685
f 5713 5697 5686
f 5713 5686 5700
f 5714 5687 5701
f 5714 5698 5687
f 5715 5699 5688
f 5715 5688 5702
f 5715 5702 5704
f 5716 5689 5705
f 5716 5700 5689
f 5717 5701 5690
f 5717 5690 5706
f 5718 5705 5693
f 5718 5693 5709
f 5719 5694 5710
f 5719 5706 5694
f 5720 5695 5711
f 5720 5707 5695
f 5721 5709 5696
f 5721 5696 5712
f 5722 5710 5697
f 5722 5697 5713
f 5723 5698 5714
f 5723 5711 5698
f 5724 5712 5699
f 5724 5699 5715
f 5725 5700 5716
f 5725 5713 5700
f 5726 5714 5701
f 5726 5701 5717
f 5727 5715 5704
f 5727 5704 5728
f 5729 5716 5705
f 5729 5705 5718
f 5730 5706 5719
f 5730 5717 5706
f 5731 5708 5707
f 5731 5732 5708
f 5731 5707 5720
f 5733 5709 5721
f 5733 5718 5709
f 5734 5710 5722
f 5734 5719 5710
f 5735 5720 5711
f 5735 5711 5723
f 5736 5712 5724
f 5736 5721 5712
f 5737 5713 5725
f 5737 5722 5713
f 5738 5714 5726
f 5738 5723 5714
f 5739 5715 5727
f 5739 5727 5728
f 5739 5724 5715
f 5740 5725 5716
f 5740 5716 5729
f 5741 5726 5717
f 5741 5717 5730
f 5742 5729 5718
f 5742 5718 5733
f 5743 5730 5719
f 5743 5719 5734
f 5744 5745 5746
f 5744 5746 5732
f 5744 5732 5731
f 5744 5731 5720
f 5744 5720 5735
f 5747 5721 5736
f 5747 5733 5721
f 5748 5734 5722
f 5748 5722 5737
f 5749 5723 5738
f 5749 5735 5723
f 5750 5736 5724
f 5750 5724 5739
f 5751 5725 5740
f 5751 5737 5725
f 5752 5738 5726
f 5752 5726 5741
f 5753 5739 5728
f 5753 5728 5754
f 5753 5754 5755
f 5756 5740 5729
f 5756 5729 5742
f 5757 5730 5743
f 5757 5741 5730
f 5758 5733 5747
f 5758 5742 5733
f 5759 5734 5748
f 5759 5743 5734
f 5760 5735 5749
f 5760 5761 5745
f 5760 5745 5744
f 5760 5744 5735
f 5762 5747 5736
f 5762 5736 5750
f 5763 5748 5737
f 5763 5737 5751
f 5764 5749 5738
f 5764 5738 5752
f 5765 5753 5755
f 5765 5739 5753
f 5765 5755 5766
f 5765 5750 5739
f 5767 5751 5740
f 5767 5740 5756
f 5768 5752 5741
f 5768 5741 5757
f 5769 5756 5742
f 5769 5742 5758
f 5770 5743 5759
f 5770 5757 5743
f 5771 5758 5747
f 5771 5747 5762
f 5772 5748 5763
f 5772 5759 5748
f 5773 5749 5764
f 5773 5774 5761
f 5773 5761 5760
f 5773 5760 5749
f 5775 5750 5765
f 5775 5762 5750
f 5776 5751 5767
f 5776 5763 5751
f 5777 5752 5768
f 5777 5764 5752
f 5778 5756 5769
f 5778 5767 5756
f 5779 5768 5757
f 5779 5757 5770
f 5780 5758 5771
f 5780 5769 5758
f 5781 5770 5759
f 5781 5759 5772
f 5782 5762 5775
f 5782 5771 5762
f 5783 5772 5763
f 5783 5763 5776
f 5784 5785 5774
f 5784 5773 5764
f 5784 5774 5773
f 5784 5764 5777
f 5786 5775 5765
f 5786 5765 5766
f 5787 5767 5778
f 5787 5776 5767
f 5788 5777 5768
f 5788 5768 5779
f 5789 5769 5780
f 5789 5778 5769
f 5790 5779 5770
f 5790 5770 5781
f 5791 5780 5771
f 5791 5771 5782
f 5792 5781 5772
f 5792 5772 5783
f 5793 5782 5775
f 5793 5775 5786
f 5794 5776 5787
f 5794 5783 5776
f 5795 5777 5788
f 5795 5796 5785
f 5795 5784 5777
f 5795 5785 5784
f 5797 5786 5766
f 5797 5766 5798
f 5797 5798 5799
f 5800 5778 5789
f 5800 5787 5778
f 5801 5788 5779
f 5801 5779 5790
f 5802 5780 5791
f 5802 5789 5780
f 5803 5790 5781
f 5803 5781 5792
f 5804 5782 5793
f 5804 5791 5782
f 5805 5792 5783
f 5805 5783 5794
f 5806 5793 5786
f 5806 5797 5799
f 5806 5799 5807
f 5806 5786 5797
f 5808 5787 5800
f 5808 5794 5787
f 5809 5788 5801
f 5809 5810 5796
f 5809 5796 5795
f 5809 5795 5788
f 5811 5789 5802
f 5811 5800 5789
f 5812 5801 5790
f 5812 5790 5803
f 5813 5791 5804
f 5813 5802 5791
f 5814 5792 5805
f 5814 5803 5792
f 5815 5804 5793
f 5815 5793 5806
f 5816 5805 5794
f 5816 5794 5808
f 5817 5800 5811
f 5817 5808 5800
f 5818 5819 5820
f 5818 5820 5810
f 5818 5809 5801
f 5818 5810 5809
f 5818 5801 5812
f 5821 5811 5802
f 5821 5802 5813
f 5822 5812 5803
f 5822 5803 5814
f 5823 5813 5804
f 5823 5804 5815
f 5824 5805 5816
f 5824 5814 5805
f 5825 5815 5806
f 5825 5806 5807
f 5825 5807 5826
f 5827 5816 5808
f 5827 5808 5817
f 5828 5817 5811
f 5828 5811 5821
f 5829 5830 5819
f 5829 5812 5822
f 5829 5818 5812
f 5829 5819 5818
f 5831 5813 5823
f 5831 5821 5813
f 5832 5822 5814
f 5832 5814 5824
f 5833 5815 5825
f 5833 5823 5815
f 5834 5824 5816
f 5834 5816 5827
f 5835 5817 5828
f 5835 5827 5817
f 5836 5828 5821
f 5836 5821 5831
f 5837 5829 5822
f 5837 5838 5830
f 5837 5822 5832
f 5837 5830 5829
f 5839 5823 5833
f 5839 5831 5823
f 5840 5832 5824
f 5840 5824 5834
f 5841 5833 5825
f 5841 5826 5842
f 5841 5842 5843
f 5841 5825 5826
f 5844 5834 5827
f 5844 5827 5835
f 5845 5835 5828
f 5845 5828 5836
f 5846 5831 5839
f 5846 5836 5831
f 5847 5832 5840
f 5847 5848 5838
f 5847 5838 5837
f 5847 5837 5832
f 5849 5833 5841
f 5849 5839 5833
f 5850 5840 5834
f 5850 5834 5844
f 5851 5844 5835
f 5851 5835 5845
f 5852 5845 5836
f 5852 5836 5846
f 5853 5839 5849
f 5853 5846 5839
f 5854 5855 5848
f 5854 5840 5850
f 5854 5848 5847
f 5854 5847 5840
f 5856 5841 5843
f 5856 5849 5841
f 5856 5843 5857
f 5856 5857 5858
f 5859 5850 5844
f 5859 5844 5851
f 5860 5845 5852
f 5860 5851 5845
f 5861 5852 5846
f 5861 5846 5853
f 5862 5853 5849
f 5862 5849 5856
f 5863 5864 5855
f 5863 5855 5854
f 5863 5854 5850
f 5863 5850 5859
f 5865 5859 5851
f 5865 5851 5860
f 5866 5860 5852
f 5866 5852 5861
f 5867 5853 5862
f 5867 5861 5853
f 5868 5856 5858
f 5868 5862 5856
f 5868 5858 5869
f 5870 5871 5872
f 5870 5872 5864
f 5870 5864 5863
f 5870 5863 5859
f 5870 5859 5865
f 5873 5874 5875
f 5873 5860 5866
f 5873 5865 5860
f 5876 5861 5867
f 5876 5866 5861
f 5877 5867 5862
f 5877 5862 5868
f 5878 5875 5871
f 5878 5871 5870
f 5878 5873 5875
f 5878 5870 5865
f 5878 5865 5873
f 5879 5874 5873
f 5879 5880 5874
f 5879 5873 5866
f 5879 5866 5876
f 5881 5867 5877
f 5881 5876 5867
f 5882 5877 5868
f 5882 5868 5869
f 5882 5869 5883
f 5882 5883 5884
f 5885 5886 5880
f 5885 5880 5879
f 5885 5879 5876
f 5885 5876 5881
f 5887 5888 5889
f 5887 5881 5877
f 5887 5877 5882
f 5890 5881 5887
f 5890 5889 5886
f 5890 5885 5881
f 5890 5887 5889
f 5890 5886 5885
f 5891 5892 5893
f 5891 5893 5888
f 5891 5888 5887
f 5891 5887 5882
f 5891 5882 5884
f 5891 5884 5892
f 5603 5894 5895
f 5603 5620 5894
f 5604 5895 5896
f 5604 5603 5895
f 5592 5896 5897
f 5592 5604 5896
f 5580 5897 5898
f 5580 5592 5897
f 5581 5898 5899
f 5581 5580 5898
f 5566 5899 5900
f 5566 5581 5899
f 5567 5900 5901
f 5567 5566 5900
f 5556 5901 5902
f 5556 5567 5901
f 5545 5556 5902
f 5545 5902 5903
f 5524 5903 5904
f 5524 5545 5903
f 5525 5904 5905
f 5525 5524 5904
f 5514 5905 5906
f 5514 5525 5905
f 5505 5906 5907
f 5505 5514 5906
f 5506 5907 5908
f 5506 5505 5907
f 5497 5908 5909
f 5497 5506 5908
f 5486 5909 5910
f 5486 5497 5909
f 5487 5910 5911
f 5487 5486 5910
f 5478 5911 5912
f 5478 5912 5913
f 5478 5487 5911
f 5479 5478 5913
f 5470 5913 5914
f 5470 5479 5913
f 5471 5914 5915
f 5471 5470 5914
f 5474 5915 5916
f 5474 5471 5915
f 5465 5916 5917
f 5465 5474 5916
f 5466 5917 5918
f 5466 5465 5917
f 5456 5918 5919
f 5456 5466 5918
f 5457 5919 5920
f 5457 5456 5919
f 5459 5920 5921
f 5459 5457 5920
f 5449 5921 5922
f 5449 5922 5923
f 5449 5459 5921
f 5450 5449 5923
f 5451 5923 5924
f 5451 5450 5923
f 5453 5924 5925
f 5453 5451 5924
f 5454 5925 5926
f 5454 5453 5925
f 5414 5413 5892
f 5414 5892 5884
f 5409 5884 5883
f 5409 5414 5884
f 5410 5883 5869
f 5410 5409 5883
f 5407 5869 5858
f 5407 5410 5869
f 5401 5858 5857
f 5401 5407 5858
f 5395 5857 5843
f 5395 5401 5857
f 5396 5843 5842
f 5396 5395 5843
f 5392 5396 5842
f 5392 5842 5826
f 5393 5392 5826
f 5393 5826 5807
f 5385 5393 5807
f 5385 5807 5799
f 5376 5385 5799
f 5376 5799 5798
f 5369 5376 5798
f 5369 5798 5766
f 5359 5369 5766
f 5359 5766 5755
f 5351 5359 5755
f 5351 5755 5754
f 5340 5351 5754
f 5340 5754 5728
f 5341 5340 5728
f 5341 5728 5704
f 5331 5341 5704
f 5331 5704 5703
f 5317 5331 5703
f 5317 5703 5664
f 5306 5664 5663
f 5306 5317 5664
f 5295 5663 5637
f 5295 5306 5663
f 5282 5295 5637
f 5282 5637 5607
f 5266 5607 5606
f 5266 5282 5607
f 5267 5266 5606
f 5267 5606 5576
f 5253 5576 5575
f 5253 5267 5576
f 5229 5575 5550
f 5229 5253 5575
f 5213 5550 5537
f 5213 5229 5550
f 5199 5537 5516
f 5199 5213 5537
f 5182 5516 5494
f 5182 5199 5516
f 5156 5494 5493
f 5156 5182 5494
f 5139 5493 5463
f 5139 5156 5493
f 5140 5463 5462
f 5140 5139 5463
f 5141 5462 5454
f 5141 5140 5462
f 5927 5928 5929
f 5927 5930 5928
f 5931 5929 5932
f 5931 5927 5929
f 5931 5930 5927
f 5933 5934 5935
f 5933 5935 5936
f 5937 5930 5931
f 5937 5938 5939
f 5937 5939 5930
f 5940 5932 5934
f 5940 5931 5932
f 5940 5934 5933
f 5941 5936 5942
f 5941 5933 5936
f 5943 5931 5940
f 5943 5937 5931
f 5943 5938 5937
f 5944 5940 5933
f 5944 5933 5941
f 5945 5942 5946
f 5945 5941 5942
f 5947 5946 5948
f 5947 5948 5949
f 5950 5938 5943
f 5950 5951 5938
f 5952 5943 5940
f 5952 5940 5944
f 5953 5944 5941
f 5953 5941 5945
f 5954 5946 5947
f 5954 5945 5946
f 5955 5949 5956
f 5955 5947 5949
f 5957 5950 5943
f 5957 5943 5952
f 5957 5951 5950
f 5958 5944 5953
f 5958 5952 5944
f 5959 5953 5945
f 5959 5945 5954
f 5960 5947 5955
f 5960 5954 5947
f 5961 5951 5957
f 5961 5962 5963
f 5961 5963 5951
f 5964 5956 5965
f 5964 5955 5956
f 5966 5957 5952
f 5966 5952 5958
f 5967 5958 5953
f 5967 5953 5959
f 5968 5959 5954
f 5968 5954 5960
f 5969 5960 5955
f 5969 5955 5964
f 5970 5961 5957
f 5970 5962 5961
f 5970 5957 5966
f 5971 5965 5972
f 5971 5972 5973
f 5971 5964 5965
f 5974 5966 5958
f 5974 5958 5967
f 5975 5967 5959
f 5975 5959 5968
f 5976 5960 5969
f 5976 5968 5960
f 5977 5962 5970
f 5977 5978 5962
f 5979 5964 5971
f 5979 5969 5964
f 5980 5966 5974
f 5980 5970 5966
f 5981 5973 5982
f 5981 5971 5973
f 5983 5967 5975
f 5983 5974 5967
f 5984 5968 5976
f 5984 5975 5968
f 5985 5969 5979
f 5985 5976 5969
f 5986 5977 5970
f 5986 5970 5980
f 5987 5979 5971
f 5987 5971 5981
f 5988 5980 5974
f 5988 5974 5983
f 5989 5982 5990
f 5989 5981 5982
f 5991 5983 5975
f 5991 5975 5984
f 5992 5984 5976
f 5992 5976 5985
f 5993 5978 5977
f 5993 5977 5986
f 5993 5994 5995
f 5993 5995 5978
f 5996 5979 5987
f 5996 5985 5979
f 5997 5980 5988
f 5997 5986 5980
f 5998 5987 5981
f 5998 5981 5989
f 5999 5983 5991
f 5999 5988 5983
f 6000 5990 6001
f 6000 5989 5990
f 6002 5984 5992
f 6002 5991 5984
f 6003 5985 5996
f 6003 5992 5985
f 6004 5993 5986
f 6004 5986 5997
f 6005 5996 5987
f 6005 5987 5998
f 6006 5988 5999
f 6006 5997 5988
f 6007 5998 5989
f 6007 5989 6000
f 6008 5991 6002
f 6008 5999 5991
f 6009 6001 6010
f 6009 6000 6001
f 6011 5992 6003
f 6011 6002 5992
f 6012 5994 5993
f 6012 5993 6004
f 6012 6013 5994
f 6014 5996 6005
f 6014 6003 5996
f 6015 5997 6006
f 6015 6004 5997
f 6016 6005 5998
f 6016 5998 6007
f 6017 5999 6008
f 6017 6006 5999
f 6018 6007 6000
f 6018 6000 6009
f 6019 6008 6002
f 6019 6002 6011
f 6020 6010 6021
f 6020 6009 6010
f 6022 6011 6003
f 6022 6003 6014
f 6023 6004 6015
f 6023 6012 6004
f 6024 6014 6005
f 6024 6005 6016
f 6025 6015 6006
f 6025 6006 6017
f 6026 6016 6007
f 6026 6007 6018
f 6027 6017 6008
f 6027 6008 6019
f 6028 6018 6009
f 6028 6009 6020
f 6029 6019 6011
f 6029 6011 6022
f 6030 6012 6023
f 6030 6013 6012
f 6030 6031 6032
f 6030 6032 6013
f 6033 6021 6034
f 6033 6020 6021
f 6035 6022 6014
f 6035 6014 6024
f 6036 6023 6015
f 6036 6015 6025
f 6037 6016 6026
f 6037 6024 6016
f 6038 6017 6027
f 6038 6025 6017
f 6039 6018 6028
f 6039 6026 6018
f 6040 6027 6019
f 6040 6019 6029
f 6041 6028 6020
f 6041 6020 6033
f 6042 6029 6022
f 6042 6022 6035
f 6043 6030 6023
f 6043 6023 6036
f 6044 6034 6045
f 6044 6045 6046
f 6044 6033 6034
f 6047 6035 6024
f 6047 6024 6037
f 6048 6025 6038
f 6048 6036 6025
f 6049 6037 6026
f 6049 6026 6039
f 6050 6038 6027
f 6050 6027 6040
f 6051 6028 6041
f 6051 6039 6028
f 6052 6040 6029
f 6052 6029 6042
f 6053 6031 6030
f 6053 6030 6043
f 6053 6054 6055
f 6053 6055 6031
f 6056 6041 6033
f 6056 6033 6044
f 6057 6035 6047
f 6057 6042 6035
f 6058 6036 6048
f 6058 6043 6036
f 6059 6046 6060
f 6059 6044 6046
f 6061 6047 6037
f 6061 6037 6049
f 6062 6048 6038
f 6062 6038 6050
f 6063 6049 6039
f 6063 6039 6051
f 6064 6040 6052
f 6064 6050 6040
f 6065 6041 6056
f 6065 6051 6041
f 6066 6052 6042
f 6066 6042 6057
f 6067 6053 6043
f 6067 6043 6058
f 6068 6056 6044
f 6068 6044 6059
f 6069 6057 6047
f 6069 6047 6061
f 6070 6058 6048
f 6070 6048 6062
f 6071 6059 6060
f 6071 6060 6072
f 6073 6049 6063
f 6073 6061 6049
f 6074 6062 6050
f 6074 6050 6064
f 6075 6063 6051
f 6075 6051 6065
f 6076 6064 6052
f 6076 6052 6066
f 6077 6054 6053
f 6077 6053 6067
f 6077 6078 6054
f 6079 6065 6056
f 6079 6056 6068
f 6080 6066 6057
f 6080 6057 6069
f 6081 6067 6058
f 6081 6058 6070
f 6082 6059 6071
f 6082 6068 6059
f 6083 6069 6061
f 6083 6061 6073
f 6084 6062 6074
f 6084 6070 6062
f 6085 6072 6086
f 6085 6071 6072
f 6087 6063 6075
f 6087 6073 6063
f 6088 6064 6076
f 6088 6074 6064
f 6089 6075 6065
f 6089 6065 6079
f 6090 6066 6080
f 6090 6076 6066
f 6091 6067 6081
f 6091 6077 6067
f 6092 6068 6082
f 6092 6079 6068
f 6093 6080 6069
f 6093 6069 6083
f 6094 6081 6070
f 6094 6070 6084
f 6095 6071 6085
f 6095 6082 6071
f 6096 6083 6073
f 6096 6073 6087
f 6097 6084 6074
f 6097 6074 6088
f 6098 6086 6099
f 6098 6085 6086
f 6100 6075 6089
f 6100 6087 6075
f 6101 6088 6076
f 6101 6076 6090
f 6102 6077 6091
f 6102 6078 6077
f 6102 6103 6104
f 6102 6104 6078
f 6105 6079 6092
f 6105 6089 6079
f 6106 6080 6093
f 6106 6090 6080
f 6107 6081 6094
f 6107 6091 6081
f 6108 6092 6082
f 6108 6082 6095
f 6109 6083 6096
f 6109 6093 6083
f 6110 6084 6097
f 6110 6094 6084
f 6111 6095 6085
f 6111 6085 6098
f 6112 6096 6087
f 6112 6087 6100
f 6113 6088 6101
f 6113 6097 6088
f 6114 6100 6089
f 6114 6089 6105
f 6115 6101 6090
f 6115 6090 6106
f 6116 6102 6091
f 6116 6091 6107
f 6117 6105 6092
f 6117 6092 6108
f 6118 6093 6109
f 6118 6106 6093
f 6119 6107 6094
f 6119 6094 6110
f 6120 6095 6111
f 6120 6108 6095
f 6121 6096 6112
f 6121 6109 6096
f 6122 6110 6097
f 6122 6097 6113
f 6123 6111 6098
f 6123 6099 6124
f 6123 6098 6099
f 6125 6112 6100
f 6125 6100 6114
f 6126 6113 6101
f 6126 6101 6115
f 6127 6128 6103
f 6127 6103 6102
f 6127 6102 6116
f 6129 6114 6105
f 6129 6105 6117
f 6130 6106 6118
f 6130 6115 6106
f 6131 6116 6107
f 6131 6107 6119
f 6132 6117 6108
f 6132 6108 6120
f 6133 6118 6109
f 6133 6109 6121
f 6134 6110 6122
f 6134 6119 6110
f 6135 6111 6123
f 6135 6120 6111
f 6136 6121 6112
f 6136 6112 6125
f 6137 6122 6113
f 6137 6113 6126
f 6138 6124 6139
f 6138 6123 6124
f 6140 6125 6114
f 6140 6114 6129
f 6141 6115 6130
f 6141 6126 6115
f 6142 6127 6116
f 6142 6116 6131
f 6143 6117 6132
f 6143 6129 6117
f 6144 6130 6118
f 6144 6118 6133
f 6145 6131 6119
f 6145 6119 6134
f 6146 6132 6120
f 6146 6120 6135
f 6147 6121 6136
f 6147 6133 6121
f 6148 6134 6122
f 6148 6122 6137
f 6149 6135 6123
f 6149 6123 6138
f 6150 6136 6125
f 6150 6125 6140
f 6151 6126 6141
f 6151 6137 6126
f 6152 6128 6127
f 6152 6127 6142
f 6152 6153 6154
f 6152 6154 6128
f 6155 6139 6156
f 6155 6156 6157
f 6155 6138 6139
f 6158 6140 6129
f 6158 6129 6143
f 6159 6141 6130
f 6159 6130 6144
f 6160 6131 6145
f 6160 6142 6131
f 6161 6132 6146
f 6161 6143 6132
f 6162 6133 6147
f 6162 6144 6133
f 6163 6145 6134
f 6163 6134 6148
f 6164 6135 6149
f 6164 6146 6135
f 6165 6136 6150
f 6165 6147 6136
f 6166 6148 6137
f 6166 6137 6151
f 6167 6149 6138
f 6167 6138 6155
f 6168 6150 6140
f 6168 6140 6158
f 6169 6141 6159
f 6169 6151 6141
f 6170 6142 6160
f 6170 6152 6142
f 6171 6158 6143
f 6171 6143 6161
f 6172 6144 6162
f 6172 6159 6144
f 6173 6145 6163
f 6173 6160 6145
f 6174 6146 6164
f 6174 6161 6146
f 6175 6147 6165
f 6175 6162 6147
f 6176 6163 6148
f 6176 6148 6166
f 6177 6149 6167
f 6177 6164 6149
f 6178 6150 6168
f 6178 6165 6150
f 6179 6151 6169
f 6179 6166 6151
f 6180 6153 6152
f 6180 6152 6170
f 6180 6181 6153
f 6182 6155 6157
f 6182 6157 6183
f 6182 6167 6155
f 6184 6158 6171
f 6184 6168 6158
f 6185 6169 6159
f 6185 6159 6172
f 6186 6170 6160
f 6186 6160 6173
f 6187 6171 6161
f 6187 6161 6174
f 6188 6172 6162
f 6188 6162 6175
f 6189 6163 6176
f 6189 6173 6163
f 6190 6174 6164
f 6190 6164 6177
f 6191 6165 6178
f 6191 6175 6165
f 6192 6176 6166
f 6192 6166 6179
f 6193 6177 6167
f 6193 6167 6182
f 6194 6178 6168
f 6194 6168 6184
f 6195 6169 6185
f 6195 6179 6169
f 6196 6180 6170
f 6196 6170 6186
f 6197 6182 6183
f 6197 6183 6198
f 6199 6171 6187
f 6199 6184 6171
f 6200 6185 6172
f 6200 6172 6188
f 6201 6173 6189
f 6201 6186 6173
f 6202 6187 6174
f 6202 6174 6190
f 6203 6175 6191
f 6203 6188 6175
f 6204 6189 6176
f 6204 6176 6192
f 6205 6190 6177
f 6205 6177 6193
f 6206 6191 6178
f 6206 6178 6194
f 6207 6179 6195
f 6207 6192 6179
f 6208 6180 6196
f 6208 6209 6210
f 6208 6210 6181
f 6208 6181 6180
f 6211 6193 6182
f 6211 6182 6197
f 6212 6194 6184
f 6212 6184 6199
f 6213 6195 6185
f 6213 6185 6200
f 6214 6186 6201
f 6214 6196 6186
f 6215 6198 6216
f 6215 6216 6217
f 6215 6197 6198
f 6215 6217 6197
f 6218 6199 6187
f 6218 6187 6202
f 6219 6200 6188
f 6219 6188 6203
f 6220 6201 6189
f 6220 6189 6204
f 6221 6202 6190
f 6221 6190 6205
f 6222 6203 6191
f 6222 6191 6206
f 6223 6192 6207
f 6223 6204 6192
f 6224 6193 6211
f 6224 6205 6193
f 6225 6194 6212
f 6225 6206 6194
f 6226 6195 6213
f 6226 6207 6195
f 6227 6208 6196
f 6227 6196 6214
f 6227 6209 6208
f 6228 6217 6229
f 6228 6229 6230
f 6228 6197 6217
f 6228 6230 6211
f 6228 6211 6197
f 6231 6199 6218
f 6231 6212 6199
f 6232 6200 6219
f 6232 6213 6200
f 6233 6201 6220
f 6233 6214 6201
f 6234 6218 6202
f 6234 6202 6221
f 6235 6203 6222
f 6235 6219 6203
f 6236 6220 6204
f 6236 6204 6223
f 6237 6205 6224
f 6237 6221 6205
f 6238 6206 6225
f 6238 6222 6206
f 6239 6207 6226
f 6239 6223 6207
f 6240 6209 6227
f 6240 6241 6209
f 6242 6224 6211
f 6242 6230 6243
f 6242 6243 6224
f 6242 6211 6230
f 6244 6212 6231
f 6244 6225 6212
f 6245 6213 6232
f 6245 6226 6213
f 6246 6214 6233
f 6246 6227 6214
f 6247 6231 6218
f 6247 6218 6234
f 6248 6219 6235
f 6248 6232 6219
f 6249 6220 6236
f 6249 6233 6220
f 6250 6234 6221
f 6250 6221 6237
f 6251 6235 6222
f 6251 6222 6238
f 6252 6223 6239
f 6252 6236 6223
f 6253 6254 6237
f 6253 6243 6255
f 6253 6255 6254
f 6253 6224 6243
f 6253 6237 6224
f 6256 6225 6244
f 6256 6238 6225
f 6257 6239 6226
f 6257 6226 6245
f 6258 6240 6227
f 6258 6227 6246
f 6258 6241 6240
f 6259 6231 6247
f 6259 6244 6231
f 6260 6245 6232
f 6260 6232 6248
f 6261 6246 6233
f 6261 6233 6249
f 6262 6234 6250
f 6262 6247 6234
f 6263 6235 6251
f 6263 6248 6235
f 6264 6249 6236
f 6264 6236 6252
f 6265 6237 6254
f 6265 6254 6266
f 6265 6250 6237
f 6267 6238 6256
f 6267 6251 6238
f 6268 6239 6257
f 6268 6252 6239
f 6269 6270 6271
f 6269 6271 6241
f 6269 6241 6258
f 6272 6256 6244
f 6272 6244 6259
f 6273 6245 6260
f 6273 6257 6245
f 6274 6246 6261
f 6274 6258 6246
f 6275 6259 6247
f 6275 6247 6262
f 6276 6248 6263
f 6276 6260 6248
f 6277 6261 6249
f 6277 6249 6264
f 6278 6265 6266
f 6278 6250 6265
f 6278 6266 6279
f 6278 6279 6280
f 6278 6262 6250
f 6281 6263 6251
f 6281 6251 6267
f 6282 6252 6268
f 6282 6264 6252
f 6283 6256 6272
f 6283 6267 6256
f 6284 6268 6257
f 6284 6257 6273
f 6285 6269 6258
f 6285 6258 6274
f 6285 6270 6269
f 6286 6272 6259
f 6286 6259 6275
f 6287 6260 6276
f 6287 6273 6260
f 6288 6261 6277
f 6288 6274 6261
f 6289 6278 6280
f 6289 6262 6278
f 6289 6280 6290
f 6289 6275 6262
f 6291 6263 6281
f 6291 6276 6263
f 6292 6264 6282
f 6292 6277 6264
f 6293 6281 6267
f 6293 6267 6283
f 6294 6268 6284
f 6294 6282 6268
f 6295 6283 6272
f 6295 6272 6286
f 6296 6273 6287
f 6296 6284 6273
f 6297 6274 6288
f 6297 6285 6274
f 6298 6290 6299
f 6298 6299 6300
f 6298 6289 6290
f 6298 6286 6275
f 6298 6275 6289
f 6301 6276 6291
f 6301 6287 6276
f 6302 6277 6292
f 6302 6288 6277
f 6303 6291 6281
f 6303 6281 6293
f 6304 6292 6282
f 6304 6282 6294
f 6305 6293 6283
f 6305 6283 6295
f 6306 6284 6296
f 6306 6294 6284
f 6307 6270 6285
f 6307 6285 6297
f 6307 6308 6309
f 6307 6309 6270
f 6310 6295 6286
f 6310 6300 6311
f 6310 6311 6312
f 6310 6298 6300
f 6310 6286 6298
f 6313 6296 6287
f 6313 6287 6301
f 6314 6297 6288
f 6314 6288 6302
f 6315 6301 6291
f 6315 6291 6303
f 6316 6292 6304
f 6316 6302 6292
f 6317 6293 6305
f 6317 6303 6293
f 6318 6304 6294
f 6318 6294 6306
f 6319 6305 6295
f 6319 6310 6312
f 6319 6295 6310
f 6319 6312 6320
f 6321 6306 6296
f 6321 6296 6313
f 6322 6308 6307
f 6322 6307 6297
f 6322 6297 6314
f 6323 6313 6301
f 6323 6301 6315
f 6324 6314 6302
f 6324 6302 6316
f 6325 6303 6317
f 6325 6315 6303
f 6326 6304 6318
f 6326 6316 6304
f 6327 6317 6305
f 6327 6319 6320
f 6327 6320 6328
f 6327 6328 6329
f 6327 6305 6319
f 6330 6306 6321
f 6330 6318 6306
f 6331 6313 6323
f 6331 6321 6313
f 6332 6314 6324
f 6332 6322 6314
f 6333 6323 6315
f 6333 6315 6325
f 6334 6316 6326
f 6334 6324 6316
f 6335 6325 6317
f 6335 6329 6336
f 6335 6317 6327
f 6335 6327 6329
f 6337 6318 6330
f 6337 6326 6318
f 6338 6330 6321
f 6338 6321 6331
f 6339 6322 6332
f 6339 6340 6341
f 6339 6341 6308
f 6339 6308 6322
f 6342 6323 6333
f 6342 6331 6323
f 6343 6324 6334
f 6343 6332 6324
f 6344 6333 6325
f 6344 6336 6345
f 6344 6345 6346
f 6344 6325 6335
f 6344 6335 6336
f 6347 6326 6337
f 6347 6334 6326
f 6348 6337 6330
f 6348 6330 6338
f 6349 6338 6331
f 6349 6331 6342
f 6350 6339 6332
f 6350 6332 6343
f 6351 6333 6344
f 6351 6346 6352
f 6351 6342 6333
f 6351 6344 6346
f 6353 6334 6347
f 6353 6343 6334
f 6354 6337 6348
f 6354 6347 6337
f 6355 6338 6349
f 6355 6348 6338
f 6356 6357 6340
f 6356 6339 6350
f 6356 6340 6339
f 6358 6351 6352
f 6358 6342 6351
f 6358 6352 6359
f 6358 6359 6360
f 6358 6360 6349
f 6358 6349 6342
f 6361 6343 6353
f 6361 6350 6343
f 6362 6347 6354
f 6362 6353 6347
f 6363 6348 6355
f 6363 6354 6348
f 6364 6355 6349
f 6364 6360 6365
f 6364 6349 6360
f 6364 6365 6355
f 6366 6356 6350
f 6366 6350 6361
f 6366 6357 6356
f 6366 6367 6368
f 6366 6368 6357
f 6369 6353 6362
f 6369 6370 6371
f 6369 6361 6353
f 6372 6362 6354
f 6372 6373 6362
f 6372 6363 6374
f 6372 6374 6375
f 6372 6375 6373
f 6372 6354 6363
f 6376 6363 6355
f 6376 6374 6363
f 6376 6365 6377
f 6376 6377 6374
f 6376 6355 6365
f 6378 6366 6361
f 6378 6367 6366
f 6378 6369 6371
f 6378 6371 6367
f 6378 6361 6369
f 6379 6369 6362
f 6379 6362 6373
f 6379 6370 6369
f 6379 6373 6370
f 6216 6380 6381
f 6217 6381 6382
f 6217 6216 6381
f 6229 6382 6383
f 6229 6217 6382
f 6230 6383 6384
f 6230 6229 6383
f 6243 6384 6385
f 6243 6230 6384
f 6255 6385 6386
f 6255 6243 6385
f 6254 6386 6387
f 6254 6255 6386
f 6266 6387 6388
f 6266 6254 6387
f 6279 6266 6388
f 6279 6388 6389
f 6280 6279 6389
f 6280 6389 6390
f 6290 6390 6391
f 6290 6280 6390
f 6299 6391 6392
f 6299 6290 6391
f 6300 6392 6393
f 6300 6299 6392
f 6311 6393 6394
f 6311 6300 6393
f 6312 6394 6395
f 6312 6311 6394
f 6320 6395 6396
f 6320 6312 6395
f 6328 6396 6397
f 6328 6320 6396
f 6329 6397 6398
f 6329 6328 6397
f 6336 6398 6399
f 6336 6329 6398
f 6345 6399 6400
f 6345 6336 6399
f 6346 6400 6401
f 6346 6345 6400
f 6352 6401 6402
f 6352 6346 6401
f 6359 6402 6403
f 6359 6352 6402
f 6360 6403 6404
f 6360 6359 6403
f 6365 6404 6405
f 6365 6360 6404
f 6377 6405 6406
f 6377 6365 6405
f 6374 6406 6407
f 6374 6377 6406
f 6375 6407 6408
f 6375 6374 6407
f 6373 6408 6409
f 6373 6375 6408
f 6370 6409 6410
f 6370 6373 6409
f 6371 6410 6411
f 6371 6370 6410
f 6367 6411 6412
f 6367 6371 6411
f 6368 6367 6412
f 6413 6414 6415
f 6413 6415 6416
f 6417 6413 6416
f 6417 6414 6413
f 6417 6416 6418
f 6419 6420 6421
f 6419 6421 6422
f 6423 6414 6417
f 6423 6424 6425
f 6423 6425 6414
f 6426 6417 6418
f 6426 6420 6419
f 6426 6418 6420
f 6427 6422 6428
f 6427 6419 6422
f 6429 6423 6417
f 6429 6424 6423
f 6429 6417 6426
f 6430 6419 6427
f 6430 6426 6419
f 6431 6427 6428
f 6431 6428 6432
f 6433 6432 6434
f 6433 6434 6435
f 6436 6424 6429
f 6436 6437 6424
f 6438 6429 6426
f 6438 6426 6430
f 6439 6430 6427
f 6439 6427 6431
f 6440 6431 6432
f 6440 6432 6433
f 6441 6435 6442
f 6441 6433 6435
f 6443 6437 6436
f 6443 6429 6438
f 6443 6436 6429
f 6444 6430 6439
f 6444 6438 6430
f 6445 6439 6431
f 6445 6431 6440
f 6446 6440 6433
f 6446 6433 6441
f 6447 6437 6443
f 6447 6448 6449
f 6447 6449 6437
f 6450 6441 6442
f 6450 6442 6451
f 6452 6438 6444
f 6452 6443 6438
f 6453 6439 6445
f 6453 6444 6439
f 6454 6440 6446
f 6454 6445 6440
f 6455 6441 6450
f 6455 6446 6441
f 6456 6447 6443
f 6456 6443 6452
f 6456 6448 6447
f 6457 6450 6451
f 6457 6451 6458
f 6457 6458 6459
f 6460 6452 6444
f 6460 6444 6453
f 6461 6453 6445
f 6461 6445 6454
f 6462 6446 6455
f 6462 6454 6446
f 6463 6448 6456
f 6463 6464 6448
f 6465 6450 6457
f 6465 6455 6450
f 6466 6452 6460
f 6466 6456 6452
f 6467 6457 6459
f 6467 6459 6468
f 6469 6453 6461
f 6469 6460 6453
f 6470 6461 6454
f 6470 6454 6462
f 6471 6455 6465
f 6471 6462 6455
f 6472 6463 6456
f 6472 6456 6466
f 6473 6465 6457
f 6473 6457 6467
f 6474 6460 6469
f 6474 6466 6460
f 6475 6468 6476
f 6475 6467 6468
f 6477 6469 6461
f 6477 6461 6470
f 6478 6470 6462
f 6478 6462 6471
f 6479 6463 6472
f 6479 6464 6463
f 6479 6480 6481
f 6479 6481 6464
f 6482 6471 6465
f 6482 6465 6473
f 6483 6472 6466
f 6483 6466 6474
f 6484 6467 6475
f 6484 6473 6467
f 6485 6474 6469
f 6485 6469 6477
f 6486 6475 6476
f 6486 6476 6487
f 6488 6477 6470
f 6488 6470 6478
f 6489 6478 6471
f 6489 6471 6482
f 6490 6479 6472
f 6490 6472 6483
f 6491 6473 6484
f 6491 6482 6473
f 6492 6483 6474
f 6492 6474 6485
f 6493 6484 6475
f 6493 6475 6486
f 6494 6485 6477
f 6494 6477 6488
f 6495 6486 6487
f 6495 6487 6496
f 6497 6488 6478
f 6497 6478 6489
f 6498 6480 6479
f 6498 6499 6480
f 6498 6479 6490
f 6500 6482 6491
f 6500 6489 6482
f 6501 6483 6492
f 6501 6490 6483
f 6502 6491 6484
f 6502 6484 6493
f 6503 6492 6485
f 6503 6485 6494
f 6504 6486 6495
f 6504 6493 6486
f 6505 6494 6488
f 6505 6488 6497
f 6506 6495 6496
f 6506 6496 6507
f 6508 6497 6489
f 6508 6489 6500
f 6509 6498 6490
f 6509 6490 6501
f 6510 6491 6502
f 6510 6500 6491
f 6511 6492 6503
f 6511 6501 6492
f 6512 6502 6493
f 6512 6493 6504
f 6513 6503 6494
f 6513 6494 6505
f 6514 6504 6495
f 6514 6495 6506
f 6515 6505 6497
f 6515 6497 6508
f 6516 6517 6518
f 6516 6518 6499
f 6516 6499 6498
f 6516 6498 6509
f 6519 6506 6507
f 6519 6507 6520
f 6521 6508 6500
f 6521 6500 6510
f 6522 6509 6501
f 6522 6501 6511
f 6523 6502 6512
f 6523 6510 6502
f 6524 6511 6503
f 6524 6503 6513
f 6525 6512 6504
f 6525 6504 6514
f 6526 6505 6515
f 6526 6513 6505
f 6527 6514 6506
f 6527 6506 6519
f 6528 6515 6508
f 6528 6508 6521
f 6529 6516 6509
f 6529 6509 6522
f 6530 6519 6520
f 6530 6520 6531
f 6530 6531 6532
f 6533 6521 6510
f 6533 6510 6523
f 6534 6522 6511
f 6534 6511 6524
f 6535 6523 6512
f 6535 6512 6525
f 6536 6524 6513
f 6536 6513 6526
f 6537 6514 6527
f 6537 6525 6514
f 6538 6515 6528
f 6538 6526 6515
f 6539 6516 6529
f 6539 6517 6516
f 6539 6540 6541
f 6539 6541 6517
f 6542 6519 6530
f 6542 6527 6519
f 6543 6528 6521
f 6543 6521 6533
f 6544 6529 6522
f 6544 6522 6534
f 6545 6530 6532
f 6545 6532 6546
f 6547 6533 6523
f 6547 6523 6535
f 6548 6534 6524
f 6548 6524 6536
f 6549 6525 6537
f 6549 6535 6525
f 6550 6526 6538
f 6550 6536 6526
f 6551 6537 6527
f 6551 6527 6542
f 6552 6538 6528
f 6552 6528 6543
f 6553 6539 6529
f 6553 6529 6544
f 6554 6530 6545
f 6554 6542 6530
f 6555 6533 6547
f 6555 6543 6533
f 6556 6534 6548
f 6556 6544 6534
f 6557 6545 6546
f 6557 6546 6558
f 6559 6547 6535
f 6559 6535 6549
f 6560 6548 6536
f 6560 6536 6550
f 6561 6537 6551
f 6561 6549 6537
f 6562 6550 6538
f 6562 6538 6552
f 6563 6564 6540
f 6563 6539 6553
f 6563 6540 6539
f 6565 6542 6554
f 6565 6551 6542
f 6566 6543 6555
f 6566 6552 6543
f 6567 6544 6556
f 6567 6553 6544
f 6568 6554 6545
f 6568 6545 6557
f 6569 6555 6547
f 6569 6547 6559
f 6570 6556 6548
f 6570 6548 6560
f 6571 6557 6558
f 6571 6558 6572
f 6573 6559 6549
f 6573 6549 6561
f 6574 6560 6550
f 6574 6550 6562
f 6575 6561 6551
f 6575 6551 6565
f 6576 6552 6566
f 6576 6562 6552
f 6577 6563 6553
f 6577 6553 6567
f 6578 6565 6554
f 6578 6554 6568
f 6579 6555 6569
f 6579 6566 6555
f 6580 6556 6570
f 6580 6567 6556
f 6581 6568 6557
f 6581 6557 6571
f 6582 6569 6559
f 6582 6559 6573
f 6583 6570 6560
f 6583 6560 6574
f 6584 6571 6572
f 6584 6572 6585
f 6586 6573 6561
f 6586 6561 6575
f 6587 6574 6562
f 6587 6562 6576
f 6588 6563 6577
f 6588 6589 6590
f 6588 6590 6564
f 6588 6564 6563
f 6591 6565 6578
f 6591 6575 6565
f 6592 6576 6566
f 6592 6566 6579
f 6593 6577 6567
f 6593 6567 6580
f 6594 6568 6581
f 6594 6578 6568
f 6595 6579 6569
f 6595 6569 6582
f 6596 6580 6570
f 6596 6570 6583
f 6597 6581 6571
f 6597 6571 6584
f 6598 6582 6573
f 6598 6573 6586
f 6599 6574 6587
f 6599 6583 6574
f 6600 6586 6575
f 6600 6575 6591
f 6601 6587 6576
f 6601 6576 6592
f 6602 6588 6577
f 6602 6577 6593
f 6603 6591 6578
f 6603 6578 6594
f 6604 6579 6595
f 6604 6592 6579
f 6605 6580 6596
f 6605 6593 6580
f 6606 6594 6581
f 6606 6581 6597
f 6607 6595 6582
f 6607 6582 6598
f 6608 6596 6583
f 6608 6583 6599
f 6609 6597 6584
f 6609 6584 6585
f 6609 6585 6610
f 6611 6598 6586
f 6611 6586 6600
f 6612 6587 6601
f 6612 6599 6587
f 6613 6589 6588
f 6613 6614 6589
f 6613 6588 6602
f 6615 6600 6591
f 6615 6591 6603
f 6616 6601 6592
f 6616 6592 6604
f 6617 6593 6605
f 6617 6602 6593
f 6618 6603 6594
f 6618 6594 6606
f 6619 6604 6595
f 6619 6595 6607
f 6620 6596 6608
f 6620 6605 6596
f 6621 6606 6597
f 6621 6597 6609
f 6622 6598 6611
f 6622 6607 6598
f 6623 6599 6612
f 6623 6608 6599
f 6624 6609 6610
f 6624 6610 6625
f 6626 6600 6615
f 6626 6611 6600
f 6627 6601 6616
f 6627 6612 6601
f 6628 6602 6617
f 6628 6613 6602
f 6629 6615 6603
f 6629 6603 6618
f 6630 6604 6619
f 6630 6616 6604
f 6631 6617 6605
f 6631 6605 6620
f 6632 6606 6621
f 6632 6618 6606
f 6633 6619 6607
f 6633 6607 6622
f 6634 6620 6608
f 6634 6608 6623
f 6635 6609 6624
f 6635 6621 6609
f 6636 6622 6611
f 6636 6611 6626
f 6637 6623 6612
f 6637 6612 6627
f 6638 6639 6640
f 6638 6640 6614
f 6638 6614 6613
f 6638 6613 6628
f 6641 6624 6625
f 6641 6625 6642
f 6641 6642 6643
f 6644 6626 6615
f 6644 6615 6629
f 6645 6627 6616
f 6645 6616 6630
f 6646 6628 6617
f 6646 6617 6631
f 6647 6618 6632
f 6647 6629 6618
f 6648 6619 6633
f 6648 6630 6619
f 6649 6631 6620
f 6649 6620 6634
f 6650 6632 6621
f 6650 6621 6635
f 6651 6633 6622
f 6651 6622 6636
f 6652 6634 6623
f 6652 6623 6637
f 6653 6635 6624
f 6653 6624 6641
f 6654 6636 6626
f 6654 6626 6644
f 6655 6637 6627
f 6655 6627 6645
f 6656 6638 6628
f 6656 6628 6646
f 6657 6644 6629
f 6657 6629 6647
f 6658 6645 6630
f 6658 6630 6648
f 6659 6646 6631
f 6659 6631 6649
f 6660 6632 6650
f 6660 6647 6632
f 6661 6648 6633
f 6661 6633 6651
f 6662 6649 6634
f 6662 6634 6652
f 6663 6650 6635
f 6663 6635 6653
f 6664 6651 6636
f 6664 6636 6654
f 6665 6637 6655
f 6665 6652 6637
f 6666 6638 6656
f 6666 6667 6639
f 6666 6639 6638
f 6668 6641 6643
f 6668 6653 6641
f 6668 6643 6669
f 6670 6644 6657
f 6670 6654 6644
f 6671 6655 6645
f 6671 6645 6658
f 6672 6656 6646
f 6672 6646 6659
f 6673 6657 6647
f 6673 6647 6660
f 6674 6658 6648
f 6674 6648 6661
f 6675 6649 6662
f 6675 6659 6649
f 6676 6660 6650
f 6676 6650 6663
f 6677 6661 6651
f 6677 6651 6664
f 6678 6662 6652
f 6678 6652 6665
f 6679 6653 6668
f 6679 6663 6653
f 6680 6664 6654
f 6680 6654 6670
f 6681 6655 6671
f 6681 6665 6655
f 6682 6656 6672
f 6682 6666 6656
f 6683 6669 6684
f 6683 6668 6669
f 6685 6657 6673
f 6685 6670 6657
f 6686 6671 6658
f 6686 6658 6674
f 6687 6672 6659
f 6687 6659 6675
f 6688 6660 6676
f 6688 6673 6660
f 6689 6674 6661
f 6689 6661 6677
f 6690 6662 6678
f 6690 6675 6662
f 6691 6676 6663
f 6691 6663 6679
f 6692 6677 6664
f 6692 6664 6680
f 6693 6665 6681
f 6693 6678 6665
f 6694 6666 6682
f 6694 6695 6696
f 6694 6696 6667
f 6694 6667 6666
f 6697 6679 6668
f 6697 6668 6683
f 6698 6680 6670
f 6698 6670 6685
f 6699 6681 6671
f 6699 6671 6686
f 6700 6672 6687
f 6700 6682 6672
f 6701 6702 6703
f 6701 6683 6684
f 6701 6703 6683
f 6701 6684 6702
f 6704 6673 6688
f 6704 6685 6673
f 6705 6686 6674
f 6705 6674 6689
f 6706 6687 6675
f 6706 6675 6690
f 6707 6676 6691
f 6707 6688 6676
f 6708 6689 6677
f 6708 6677 6692
f 6709 6690 6678
f 6709 6678 6693
f 6710 6679 6697
f 6710 6691 6679
f 6711 6692 6680
f 6711 6680 6698
f 6712 6693 6681
f 6712 6681 6699
f 6713 6694 6682
f 6713 6682 6700
f 6713 6695 6694
f 6714 6715 6697
f 6714 6703 6716
f 6714 6716 6715
f 6714 6697 6683
f 6714 6683 6703
f 6717 6698 6685
f 6717 6685 6704
f 6718 6699 6686
f 6718 6686 6705
f 6719 6687 6706
f 6719 6700 6687
f 6720 6704 6688
f 6720 6688 6707
f 6721 6705 6689
f 6721 6689 6708
f 6722 6690 6709
f 6722 6706 6690
f 6723 6691 6710
f 6723 6707 6691
f 6724 6692 6711
f 6724 6708 6692
f 6725 6693 6712
f 6725 6709 6693
f 6726 6695 6713
f 6726 6727 6695
f 6728 6697 6715
f 6728 6715 6729
f 6728 6729 6710
f 6728 6710 6697
f 6730 6698 6717
f 6730 6711 6698
f 6731 6712 6699
f 6731 6699 6718
f 6732 6700 6719
f 6732 6713 6700
f 6733 6717 6704
f 6733 6704 6720
f 6734 6718 6705
f 6734 6705 6721
f 6735 6706 6722
f 6735 6719 6706
f 6736 6720 6707
f 6736 6707 6723
f 6737 6721 6708
f 6737 6708 6724
f 6738 6709 6725
f 6738 6722 6709
f 6739 6729 6740
f 6739 6740 6741
f 6739 6710 6729
f 6739 6741 6723
f 6739 6723 6710
f 6742 6711 6730
f 6742 6724 6711
f 6743 6712 6731
f 6743 6725 6712
f 6744 6713 6732
f 6744 6726 6713
f 6744 6727 6726
f 6745 6730 6717
f 6745 6717 6733
f 6746 6731 6718
f 6746 6718 6734
f 6747 6719 6735
f 6747 6732 6719
f 6748 6733 6720
f 6748 6720 6736
f 6749 6734 6721
f 6749 6721 6737
f 6750 6735 6722
f 6750 6722 6738
f 6751 6741 6752
f 6751 6723 6741
f 6751 6736 6723
f 6753 6737 6724
f 6753 6724 6742
f 6754 6738 6725
f 6754 6725 6743
f 6755 6756 6757
f 6755 6757 6727
f 6755 6727 6744
f 6758 6742 6730
f 6758 6730 6745
f 6759 6743 6731
f 6759 6731 6746
f 6760 6744 6732
f 6760 6732 6747
f 6761 6745 6733
f 6761 6733 6748
f 6762 6734 6749
f 6762 6746 6734
f 6763 6735 6750
f 6763 6747 6735
f 6764 6751 6752
f 6764 6736 6751
f 6764 6752 6765
f 6764 6765 6766
f 6764 6748 6736
f 6767 6737 6753
f 6767 6749 6737
f 6768 6738 6754
f 6768 6750 6738
f 6769 6742 6758
f 6769 6753 6742
f 6770 6754 6743
f 6770 6743 6759
f 6771 6755 6744
f 6771 6756 6755
f 6771 6744 6760
f 6772 6758 6745
f 6772 6745 6761
f 6773 6759 6746
f 6773 6746 6762
f 6774 6760 6747
f 6774 6747 6763
f 6775 6766 6776
f 6775 6761 6748
f 6775 6764 6766
f 6775 6748 6764
f 6777 6762 6749
f 6777 6749 6767
f 6778 6750 6768
f 6778 6763 6750
f 6779 6767 6753
f 6779 6753 6769
f 6780 6754 6770
f 6780 6768 6754
f 6781 6769 6758
f 6781 6758 6772
f 6782 6759 6773
f 6782 6770 6759
f 6783 6771 6760
f 6783 6760 6774
f 6784 6772 6761
f 6784 6776 6785
f 6784 6785 6786
f 6784 6761 6775
f 6784 6775 6776
f 6787 6762 6777
f 6787 6773 6762
f 6788 6774 6763
f 6788 6763 6778
f 6789 6777 6767
f 6789 6767 6779
f 6790 6778 6768
f 6790 6768 6780
f 6791 6779 6769
f 6791 6769 6781
f 6792 6780 6770
f 6792 6770 6782
f 6793 6794 6795
f 6793 6795 6756
f 6793 6756 6771
f 6793 6771 6783
f 6796 6772 6784
f 6796 6786 6797
f 6796 6797 6798
f 6796 6781 6772
f 6796 6784 6786
f 6799 6782 6773
f 6799 6773 6787
f 6800 6774 6788
f 6800 6783 6774
f 6801 6787 6777
f 6801 6777 6789
f 6802 6788 6778
f 6802 6778 6790
f 6803 6779 6791
f 6803 6789 6779
f 6804 6780 6792
f 6804 6790 6780
f 6805 6791 6781
f 6805 6796 6798
f 6805 6781 6796
f 6805 6798 6806
f 6807 6792 6782
f 6807 6782 6799
f 6808 6793 6783
f 6808 6783 6800
f 6808 6794 6793
f 6809 6787 6801
f 6809 6799 6787
f 6810 6800 6788
f 6810 6788 6802
f 6811 6801 6789
f 6811 6789 6803
f 6812 6802 6790
f 6812 6790 6804
f 6813 6803 6791
f 6813 6806 6814
f 6813 6814 6815
f 6813 6805 6806
f 6813 6791 6805
f 6816 6792 6807
f 6816 6804 6792
f 6817 6799 6809
f 6817 6807 6799
f 6818 6800 6810
f 6818 6808 6800
f 6819 6809 6801
f 6819 6801 6811
f 6820 6802 6812
f 6820 6810 6802
f 6821 6815 6822
f 6821 6811 6803
f 6821 6813 6815
f 6821 6803 6813
f 6823 6812 6804
f 6823 6804 6816
f 6824 6816 6807
f 6824 6807 6817
f 6825 6826 6827
f 6825 6827 6794
f 6825 6808 6818
f 6825 6794 6808
f 6828 6817 6809
f 6828 6809 6819
f 6829 6818 6810
f 6829 6810 6820
f 6830 6822 6831
f 6830 6831 6832
f 6830 6821 6822
f 6830 6819 6811
f 6830 6811 6821
f 6833 6820 6812
f 6833 6812 6823
f 6834 6823 6816
f 6834 6816 6824
f 6835 6824 6817
f 6835 6817 6828
f 6836 6818 6829
f 6836 6825 6818
f 6837 6832 6838
f 6837 6830 6832
f 6837 6828 6819
f 6837 6819 6830
f 6839 6829 6820
f 6839 6820 6833
f 6840 6833 6823
f 6840 6823 6834
f 6841 6834 6824
f 6841 6824 6835
f 6842 6843 6826
f 6842 6826 6825
f 6842 6825 6836
f 6844 6828 6837
f 6844 6837 6838
f 6844 6838 6845
f 6844 6845 6846
f 6844 6846 6835
f 6844 6835 6828
f 6847 6829 6839
f 6847 6836 6829
f 6848 6833 6840
f 6848 6839 6833
f 6849 6840 6834
f 6849 6834 6841
f 6850 6841 6835
f 6850 6846 6851
f 6850 6835 6846
f 6850 6851 6841
f 6852 6842 6836
f 6852 6836 6847
f 6852 6853 6854
f 6852 6854 6843
f 6852 6843 6842
f 6855 6847 6839
f 6855 6856 6857
f 6855 6839 6848
f 6858 6848 6840
f 6858 6859 6848
f 6858 6860 6861
f 6858 6849 6860
f 6858 6861 6859
f 6858 6840 6849
f 6862 6851 6863
f 6862 6863 6860
f 6862 6860 6849
f 6862 6849 6841
f 6862 6841 6851
f 6864 6852 6847
f 6864 6847 6855
f 6864 6853 6852
f 6864 6857 6853
f 6864 6855 6857
f 6865 6848 6859
f 6865 6859 6856
f 6865 6855 6848
f 6865 6856 6855
f 6843 6866 6867
f 6843 6854 6866
f 6826 6867 6868
f 6826 6843 6867
f 6827 6868 6869
f 6827 6826 6868
f 6794 6869 6870
f 6794 6827 6869
f 6795 6870 6871
f 6795 6794 6870
f 6756 6871 6872
f 6756 6795 6871
f 6757 6872 6873
f 6757 6756 6872
f 6727 6873 6874
f 6727 6757 6873
f 6695 6727 6874
f 6695 6874 6875
f 6696 6875 6876
f 6696 6695 6875
f 6667 6876 6877
f 6667 6696 6876
f 6639 6877 6878
f 6639 6667 6877
f 6640 6878 6879
f 6640 6639 6878
f 6614 6879 6880
f 6614 6640 6879
f 6589 6880 6881
f 6589 6614 6880
f 6590 6881 6882
f 6590 6589 6881
f 6564 6882 6883
f 6564 6590 6882
f 6540 6883 6884
f 6540 6884 6885
f 6540 6564 6883
f 6541 6540 6885
f 6517 6885 6886
f 6517 6541 6885
f 6518 6886 6887
f 6518 6517 6886
f 6499 6887 6888
f 6499 6518 6887
f 6480 6888 6889
f 6480 6499 6888
f 6481 6889 6890
f 6481 6480 6889
f 6464 6890 6891
f 6464 6481 6890
f 6448 6891 6892
f 6448 6464 6891
f 6449 6892 6893
f 6449 6448 6892
f 6437 6893 6894
f 6437 6894 6895
f 6437 6449 6893
f 6424 6437 6895
f 6425 6895 6896
f 6425 6424 6895
f 6414 6896 6897
f 6414 6425 6896
f 6415 6897 6898
f 6415 6414 6897
f 5893 5892 6702
f 5893 6702 6684
f 5888 6684 6669
f 5888 5893 6684
f 5889 6669 6643
f 5889 5888 6669
f 5886 6643 6642
f 5886 5889 6643
f 5880 6642 6625
f 5880 5886 6642
f 5874 6625 6610
f 5874 5880 6625
f 5875 6610 6585
f 5875 5874 6610
f 5871 5875 6585
f 5871 6585 6572
f 5872 5871 6572
f 5872 6572 6558
f 5864 5872 6558
f 5864 6558 6546
f 5855 5864 6546
f 5855 6546 6532
f 5848 5855 6532
f 5848 6532 6531
f 5838 5848 6531
f 5838 6531 6520
f 5830 5838 6520
f 5830 6520 6507
f 5819 5830 6507
f 5819 6507 6496
f 5820 5819 6496
f 5820 6496 6487
f 5810 5820 6487
f 5810 6487 6476
f 5796 5810 6476
f 5796 6476 6468
f 5785 6468 6459
f 5785 5796 6468
f 5774 6459 6458
f 5774 5785 6459
f 5761 5774 6458
f 5761 6458 6451
f 5745 6451 6442
f 5745 5761 6451
f 5746 5745 6442
f 5746 6442 6435
f 5732 6435 6434
f 5732 5746 6435
f 5708 6434 6432
f 5708 5732 6434
f 5692 6432 6428
f 5692 5708 6432
f 5678 6428 6422
f 5678 5692 6428
f 5661 6422 6421
f 5661 5678 6422
f 5635 6421 6420
f 5635 5661 6421
f 5618 6420 6418
f 5618 5635 6420
f 5619 6416 6415
f 5619 6418 6416
f 5619 5618 6418
f 5620 5619 6415
f 6703 6702 5928
f 6703 5928 5930
f 6716 5930 5939
f 6716 6703 5930
f 6715 5939 5938
f 6715 6716 5939
f 6729 5938 5951
f 6729 6715 5938
f 6740 5951 5963
f 6740 6729 5951
f 6741 5963 5962
f 6741 6740 5963
f 6752 5962 5978
f 6752 6741 5962
f 6765 6752 5978
f 6765 5978 5995
f 6766 6765 5995
f 6766 5995 5994
f 6776 6766 5994
f 6776 5994 6013
f 6785 6776 6013
f 6785 6013 6032
f 6786 6785 6032
f 6786 6032 6031
f 6797 6786 6031
f 6797 6031 6055
f 6798 6797 6055
f 6798 6055 6054
f 6806 6798 6054
f 6806 6054 6078
f 6814 6806 6078
f 6814 6078 6104
f 6815 6814 6104
f 6815 6104 6103
f 6822 6815 6103
f 6822 6103 6128
f 6831 6128 6154
f 6831 6822 6128
f 6832 6154 6153
f 6832 6831 6154
f 6838 6832 6153
f 6838 6153 6181
f 6845 6181 6210
f 6845 6838 6181
f 6846 6845 6210
f 6846 6210 6209
f 6851 6209 6241
f 6851 6846 6209
f 6863 6241 6271
f 6863 6851 6241
f 6860 6271 6270
f 6860 6863 6271
f 6861 6270 6309
f 6861 6860 6270
f 6859 6309 6308
f 6859 6861 6309
f 6856 6308 6341
f 6856 6859 6308
f 6857 6341 6340
f 6857 6856 6341
f 6853 6340 6357
f 6853 6857 6340
f 6854 6357 6368
f 6854 6853 6357
f 5929 5928 5413
f 5929 5413 5405
f 5932 5405 5404
f 5932 5929 5405
f 5934 5404 5390
f 5934 5932 5404
f 5935 5390 5379
f 5935 5934 5390
f 5936 5379 5378
f 5936 5935 5379
f 5942 5378 5364
f 5942 5936 5378
f 5946 5364 5363
f 5946 5942 5364
f 5948 5946 5363
f 5948 5363 5347
f 5949 5948 5347
f 5949 5347 5328
f 5956 5949 5328
f 5956 5328 5320
f 5965 5956 5320
f 5965 5320 5319
f 5972 5965 5319
f 5972 5319 5287
f 5973 5972 5287
f 5973 5287 5276
f 5982 5973 5276
f 5982 5276 5275
f 5990 5982 5275
f 5990 5275 5249
f 6001 5990 5249
f 6001 5249 5225
f 6010 6001 5225
f 6010 5225 5224
f 6021 6010 5224
f 6021 5224 5185
f 6034 5185 5184
f 6034 6021 5185
f 6045 5184 5158
f 6045 6034 5184
f 6046 6045 5158
f 6046 5158 5128
f 6060 5128 5127
f 6060 6046 5128
f 6072 6060 5127
f 6072 5127 5097
f 6086 5097 5096
f 6086 6072 5097
f 6099 5096 5071
f 6099 6086 5096
f 6124 5071 5058
f 6124 6099 5071
f 6139 5058 5037
f 6139 6124 5058
f 6156 5037 5015
f 6156 6139 5037
f 6157 5015 5014
f 6157 6156 5015
f 6183 5014 4984
f 6183 6157 5014
f 6198 4984 4983
f 6198 6183 4984
f 6216 4983 4975
f 6216 6198 4983
f 5141 5454 5926
f 5141 5926 5415
f 5620 6415 6898
f 5620 6898 5894
f 2197 6702 2200
f 2201 2200 6702
f 2195 6702 2197
f 2203 2201 6702
f 2194 6702 2195
f 2206 2203 6702
f 2192 6702 2194
f 2207 2206 6702
f 2190 6702 2192
f 2165 2207 6702
f 2188 6702 2190
f 2186 6702 2188
f 2184 6702 2186
f 2182 6702 2184
f 2180 6702 2182
f 2178 6702 2180
f 2176 6702 2178
f 2174 6702 2176
f 2172 6702 2174
f 2170 6702 2172
f 2168 6702 2170
f 2124 2165 6702
f 2126 2124 6702
f 2128 2126 6702
f 2130 2128 6702
f 2132 2130 6702
f 2134 2132 6702
f 2136 2134 6702
f 2138 2136 6702
f 2140 2138 6702
f 2142 2140 6702
f 2144 2142 6702
f 2146 2144 6702
f 2148 2146 6702
f 2150 2148 6702
f 2152 2150 6702
f 2154 2152 6702
f 2156 2154 6702
f 2158 2156 6702
f 2209 6702 2168
f 2252 6702 2209
f 2250 6702 2252
f 2248 6702 2250
f 2246 6702 2248
f 2244 6702 2246
f 474 2089 2087
f 476 2091 2089
f 476 2089 474
f 471 2087 2085
f 471 2085 2083
f 471 474 2087
f 478 2093 2091
f 478 2091 476
f 470 2083 2080
f 470 471 2083
f 480 2095 2093
f 480 2093 478
f 468 2080 2079
f 468 470 2080
f 482 2095 480
f 482 2097 2095
f 466 468 2079
f 484 2099 2097
f 484 2097 482
f 464 466 2079
f 486 2103 2101
f 486 2101 2099
f 486 2099 484
f 462 2079 2122
f 462 464 2079
f 488 2105 2103
f 488 2103 486
f 460 462 2122
f 490 2107 2105
f 490 2105 488
f 458 460 2122
f 492 2109 2107
f 492 2107 490
f 456 2122 2164
f 456 458 2122
f 494 2111 2109
f 494 2109 492
f 454 2164 2162
f 454 456 2164
f 496 2113 2111
f 496 2111 494
f 452 2162 2160
f 452 454 2162
f 497 2117 2115
f 497 2115 2113
f 497 2113 496
f 450 2160 2158
f 450 452 2160
f 500 2117 497
f 500 2119 2117
f 448 2158 6702
f 448 450 2158
f 502 2119 500
f 502 2077 2119
f 446 448 6702
f 504 2077 502
f 444 446 6702
f 4131 2218 2216
f 4133 4131 2216
f 4133 2216 2214
f 4129 2218 4131
f 4129 2220 2218
f 4135 2214 2212
f 4135 4133 2214
f 4127 2220 4129
f 4127 2222 2220
f 4137 4135 2212
f 4125 2224 2222
f 4125 2222 4127
f 4139 4137 2212
f 255 2077 504
f 4123 2226 2224
f 4123 2224 4125
f 4141 4139 2212
f 4121 2228 2226
f 4121 2226 4123
f 4143 4141 2212
f 4119 2230 2228
f 4119 2228 4121
f 4145 4143 2212
f 442 444 6702
f 4117 2232 2230
f 4117 2230 4119
f 4147 4145 2212
f 4147 2212 2253
f 4115 2232 4117
f 4115 2234 2232
f 256 2077 255
f 4149 4147 2253
f 4113 2236 2234
f 4113 2234 4115
f 4151 4149 2253
f 4111 2236 4113
f 4111 2238 2236
f 4153 4151 2253
f 4109 2238 4111
f 4109 2240 2238
f 4155 4153 2253
f 258 2077 256
f 4157 4155 2253
f 4159 2253 2296
f 4159 4157 2253
f 260 2077 258
f 4161 4159 2296
f 4161 2296 2293
f 4163 4161 2293
f 4163 2293 2292
f 4165 4163 2292
f 4165 2292 2290
f 262 2077 260
f 262 2034 2077
f 4167 2290 2287
f 4167 4165 2290
f 4169 4167 2287
f 4169 2287 2286
f 264 2034 262
f 4171 4169 2286
f 4171 2286 2284
f 4173 2284 2282
f 4173 4171 2284
f 266 2034 264
f 4175 4173 2282
f 4175 2282 2280
f 4177 2280 2278
f 4177 4175 2280
f 268 2034 266
f 4179 2278 2276
f 4179 4177 2278
f 4181 4179 2276
f 270 2034 268
f 272 2034 270
f 274 2034 272
f 276 2034 274
f 276 2036 2034
f 278 2036 276
f 278 2040 2038
f 278 2038 2036
f 280 2040 278
f 280 2042 2040
f 282 2042 280
f 282 2044 2042
f 284 2044 282
f 284 2046 2044
f 286 2046 284
f 286 2048 2046
f 288 2048 286
f 288 2050 2048
f 3759 4095 4093
f 3757 4095 3759
f 3757 4097 4095
f 3761 3759 4093
f 3761 4093 4091
f 3755 4099 4097
f 3755 4097 3757
f 3763 3761 4091
f 3763 4091 4088
f 3763 4088 4087
f 3754 4101 4099
f 3754 4099 3755
f 3660 3763 4087
f 3751 4103 4101
f 3751 4101 3754
f 3749 4105 4103
f 3749 4103 3751
f 3747 4105 3749
f 3747 4107 4105
f 3746 4109 4107
f 3746 4107 3747
f 3743 2240 4109
f 3743 4109 3746
f 3743 2242 2240
f 3741 2242 3743
f 3741 2244 2242
f 3740 2244 3741
f 3740 6702 2244
f 3737 6702 3740
f 3735 6702 3737
f 3734 6702 3735
f 3732 6702 3734
f 3729 6702 3732
f 3728 6702 3729
f 3662 3660 4087
f 224 408 410
f 224 410 412
f 224 412 222
f 219 412 414
f 219 414 416
f 219 222 412
f 226 408 224
f 218 219 416
f 228 404 406
f 228 406 408
f 228 408 226
f 216 416 418
f 216 218 416
f 230 404 228
f 214 418 420
f 214 216 418
f 232 402 404
f 232 404 230
f 212 420 422
f 212 422 424
f 212 214 420
f 234 400 402
f 234 402 232
f 210 212 424
f 236 398 400
f 236 400 234
f 208 424 426
f 208 426 428
f 208 210 424
f 238 396 398
f 238 398 236
f 238 394 396
f 206 208 428
f 240 394 238
f 240 392 394
f 204 428 430
f 204 206 428
f 242 392 240
f 242 390 392
f 202 430 432
f 202 204 430
f 244 390 242
f 244 388 390
f 200 432 434
f 200 202 432
f 245 388 244
f 198 434 436
f 198 200 434
f 3982 4083 4086
f 3982 4086 4187
f 248 388 245
f 248 384 386
f 248 386 388
f 3984 3982 4187
f 3986 3984 4187
f 3986 4187 4186
f 196 436 438
f 196 198 436
f 3988 4186 4183
f 3988 3986 4186
f 3990 4183 4181
f 3990 3988 4183
f 3990 4181 2276
f 3990 2276 2274
f 250 384 248
f 3992 3990 2274
f 3992 2274 2272
f 3994 3992 2272
f 3994 2272 2270
f 194 196 438
f 194 438 440
f 3996 3994 2270
f 3996 2270 2268
f 252 384 250
f 252 382 384
f 3998 3996 2268
f 3998 2268 2266
f 192 442 6702
f 192 440 442
f 192 194 440
f 4000 3998 2266
f 4000 2266 2264
f 4002 4000 2264
f 4002 2264 2262
f 3 382 252
f 3 380 382
f 4004 4002 2262
f 4004 2262 2260
f 4006 4004 2260
f 4006 2260 2258
f 4 380 3
f 4 378 380
f 4008 4006 2258
f 4008 2258 2256
f 4010 4008 2256
f 6 378 4
f 6 374 376
f 6 376 378
f 4012 4010 2256
f 4014 4012 2256
f 8 374 6
f 4016 4014 2256
f 4018 4016 2256
f 10 374 8
f 10 370 372
f 10 372 374
f 4020 2256 2076
f 4020 4018 2256
f 4022 4020 2076
f 12 370 10
f 4024 4022 2076
f 4026 4024 2076
f 14 370 12
f 14 366 368
f 14 368 370
f 4028 4026 2076
f 16 366 14
f 4030 4028 2076
f 4032 4030 2076
f 4032 2076 2074
f 18 366 16
f 18 362 364
f 18 364 366
f 4034 4032 2074
f 4034 2074 2072
f 4036 4034 2072
f 4036 2072 2070
f 20 362 18
f 20 360 362
f 4038 4036 2070
f 4038 2070 2068
f 728 328 726
f 728 324 326
f 728 326 328
f 723 726 328
f 723 328 330
f 730 322 324
f 730 324 728
f 722 723 330
f 722 330 332
f 732 322 730
f 720 722 332
f 720 332 334
f 4040 4038 2068
f 734 320 322
f 734 322 732
f 718 334 336
f 718 720 334
f 22 360 20
f 736 320 734
f 736 316 318
f 736 318 320
f 716 336 338
f 716 718 336
f 738 316 736
f 714 716 338
f 714 338 340
f 740 314 316
f 740 316 738
f 712 714 340
f 712 340 342
f 742 314 740
f 742 312 314
f 24 360 22
f 24 358 360
f 710 712 342
f 710 342 344
f 744 312 742
f 744 308 310
f 744 310 312
f 708 710 344
f 708 344 346
f 746 306 308
f 746 308 744
f 706 708 346
f 706 346 348
f 748 306 746
f 704 348 350
f 704 706 348
f 749 304 306
f 749 306 748
f 702 350 352
f 702 704 350
f 752 304 749
f 752 300 302
f 752 302 304
f 700 702 352
f 700 352 354
f 754 300 752
f 698 700 354
f 698 354 356
f 756 300 754
f 756 298 300
f 696 698 356
f 696 356 358
f 507 298 756
f 507 294 296
f 507 296 298
f 694 696 358
f 694 358 24
f 508 294 507
f 508 292 294
f 692 24 26
f 692 26 28
f 692 694 24
f 510 290 292
f 510 292 508
f 690 692 28
f 512 290 510
f 512 288 290
f 688 28 30
f 688 690 28
f 514 2050 288
f 514 288 512
f 514 2052 2050
f 686 30 32
f 686 32 34
f 686 688 30
f 516 2052 514
f 516 2054 2052
f 684 34 36
f 684 686 34
f 518 2054 516
f 518 2056 2054
f 682 684 36
f 520 2056 518
f 520 2058 2056
f 680 682 36
f 680 36 38
f 680 38 40
f 522 2058 520
f 522 2060 2058
f 678 680 40
f 678 40 42
f 524 2060 522
f 524 2062 2060
f 676 678 42
f 676 42 44
f 526 2062 524
f 526 2066 2064
f 526 2064 2062
f 674 676 44
f 528 2066 526
f 528 2068 2066
f 672 674 44
f 672 44 46
f 530 2068 528
f 670 46 48
f 670 48 50
f 670 672 46
f 668 670 50
f 668 50 52
f 666 668 52
f 664 52 54
f 664 54 56
f 664 666 52
f 662 56 58
f 662 664 56
f 660 58 60
f 660 662 58
f 658 660 60
f 656 658 60
f 656 60 62
f 654 62 64
f 654 64 66
f 654 656 62
f 652 654 66
f 650 66 68
f 650 68 70
f 650 652 66
f 648 70 72
f 648 650 70
f 646 648 72
f 646 72 74
f 644 646 74
f 642 74 76
f 642 644 74
f 640 642 76
f 640 76 78
f 638 640 78
f 638 78 80
f 636 80 82
f 636 82 84
f 636 638 80
f 3768 3664 3766
f 3870 3666 3664
f 3870 3664 3768
f 634 636 84
f 634 84 86
f 3868 3668 3666
f 3868 3666 3870
f 3865 3670 3668
f 3865 3668 3868
f 632 634 86
f 632 86 88
f 3863 3670 3865
f 3863 3672 3670
f 630 88 90
f 630 632 88
f 3862 3674 3672
f 3862 3672 3863
f 628 630 90
f 3860 3676 3674
f 3860 3674 3862
f 626 628 90
f 626 90 92
f 626 92 94
f 624 626 94
f 3875 3977 3980
f 3876 3980 4081
f 3876 3875 3980
f 3879 3876 4081
f 3879 4081 4079
f 3881 3879 4079
f 3881 4079 4078
f 3883 3881 4078
f 3883 4078 4076
f 3873 3772 3770
f 3873 3770 3872
f 3975 3772 3873
f 3973 3772 3975
f 3973 3774 3772
f 3971 3774 3973
f 3971 3776 3774
f 3969 3776 3971
f 3969 3778 3776
f 3967 3778 3969
f 3967 3780 3778
f 3965 3780 3967
f 3965 3782 3780
f 1026 160 162
f 1028 1026 162
f 1028 162 164
f 1024 160 1026
f 1030 164 166
f 1030 1028 164
f 1022 160 1024
f 1022 158 160
f 1032 1030 166
f 1032 166 168
f 1020 158 1022
f 1020 156 158
f 1018 156 1020
f 1018 154 156
f 1033 1032 168
f 1033 168 170
f 1036 1033 170
f 1036 170 172
f 1016 154 1018
f 1016 152 154
f 1038 1036 172
f 1038 172 174
f 1014 152 1016
f 1014 150 152
f 1040 1038 174
f 1040 174 176
f 1012 150 1014
f 1012 148 150
f 1010 148 1012
f 1010 146 148
f 1042 1040 176
f 1042 176 178
f 1043 1042 178
f 1043 178 180
f 1008 146 1010
f 1006 146 1008
f 1006 144 146
f 1045 1043 180
f 1813 4042 4040
f 1811 4042 1813
f 1811 4046 4044
f 1811 4044 4042
f 1815 1813 4040
f 1815 2068 530
f 1815 4040 2068
f 1809 4046 1811
f 1809 4048 4046
f 1004 144 1006
f 1004 142 144
f 1047 1045 180
f 1047 180 182
f 1817 1815 530
f 1817 530 532
f 1817 532 534
f 1807 4048 1809
f 1807 4052 4050
f 1807 4050 4048
f 1002 142 1004
f 1002 140 142
f 1049 1047 182
f 1049 182 184
f 1819 534 536
f 1819 1817 534
f 1000 140 1002
f 1000 138 140
f 1805 4052 1807
f 1805 4054 4052
f 1821 1819 536
f 1821 536 538
f 998 138 1000
f 998 136 138
f 1803 4054 1805
f 1803 4058 4056
f 1803 4056 4054
f 996 136 998
f 1823 1821 538
f 1823 538 540
f 1823 540 542
f 994 120 122
f 994 122 124
f 994 124 126
f 994 126 128
f 994 128 130
f 994 130 132
f 994 132 134
f 994 134 136
f 994 136 996
f 1801 4059 4058
f 1801 4058 1803
f 1825 1823 542
f 1825 542 544
f 1799 4064 4062
f 1799 4062 4059
f 1799 4059 1801
f 1827 1825 544
f 1827 544 546
f 1797 4068 4065
f 1797 4065 4064
f 1797 4064 1799
f 1829 546 548
f 1829 548 550
f 1829 1827 546
f 1795 4068 1797
f 1795 4070 4068
f 4289 3698 3696
f 4287 3696 3694
f 4287 4289 3696
f 4291 3700 3698
f 4291 3698 4289
f 4293 3700 4291
f 4293 3702 3700
f 4285 4287 3694
f 4285 3694 3692
f 4295 3702 4293
f 4295 3704 3702
f 4283 3692 3690
f 4283 4285 3692
f 4298 3704 4295
f 4298 3706 3704
f 4281 3690 3688
f 4281 4283 3690
f 1831 1829 550
f 1831 550 552
f 4279 3688 3686
f 4279 4281 3688
f 4299 3706 4298
f 4299 3708 3706
f 4301 3708 4299
f 4301 3710 3708
f 4277 3686 3684
f 4277 4279 3686
f 4303 3710 4301
f 4303 3712 3710
f 4275 3684 3682
f 4275 4277 3684
f 1793 4074 4072
f 1793 4072 4070
f 1793 4070 1795
f 4305 3712 4303
f 4305 3714 3712
f 4273 3682 3680
f 4273 4275 3682
f 4271 3680 3678
f 4271 4273 3680
f 4308 3714 4305
f 4308 3716 3714
f 1833 552 554
f 1833 1831 552
f 4269 3678 3676
f 4269 3860 3858
f 4269 3676 3860
f 4269 4271 3678
f 4310 3716 4308
f 4310 3718 3716
f 4267 3858 3856
f 4267 4269 3858
f 4312 3718 4310
f 4312 3719 3718
f 1791 3883 4076
f 1791 4076 4074
f 1791 4074 1793
f 4314 3719 4312
f 4314 3722 3719
f 4265 3856 3854
f 4265 4267 3856
f 4263 3854 3852
f 4263 4265 3854
f 1835 554 556
f 1835 556 558
f 1835 1833 554
f 4261 3852 3850
f 4261 4263 3852
f 4259 3850 3848
f 4259 4261 3850
f 1789 3887 3885
f 1789 3885 3883
f 1789 3883 1791
f 4258 3848 3846
f 4258 3846 3844
f 4258 3844 3842
f 4258 3842 3840
f 4258 4259 3848
f 1837 1835 558
f 1837 558 560
f 1787 3889 3887
f 1787 3887 1789
f 1839 1837 560
f 1839 560 562
f 1839 562 564
f 1785 3889 1787
f 1785 3893 3891
f 1785 3891 3889
f 1841 564 566
f 1841 1839 564
f 1782 3897 3895
f 1782 3895 3893
f 1782 3893 1785
f 1843 1841 566
f 1843 566 568
f 1843 568 570
f 1781 3899 3897
f 1781 3897 1782
f 1845 1843 570
f 1845 570 572
f 2031 3903 3901
f 2031 3901 3899
f 2031 3899 1781
f 1847 1845 572
f 1847 572 574
f 1847 574 576
f 2029 3903 2031
f 2029 3907 3905
f 2029 3905 3903
f 1849 1847 576
f 1849 576 578
f 2027 3911 3909
f 2027 3909 3907
f 2027 3907 2029
f 1851 1849 578
f 1851 578 580
f 2026 3915 3913
f 2026 3913 3911
f 2026 3911 2027
f 928 929 932
f 1853 1851 580
f 1853 580 582
f 1853 582 584
f 2023 3915 2026
f 2023 3917 3915
f 925 928 932
f 1855 1853 584
f 1855 584 586
f 923 925 932
f 2021 3921 3919
f 2021 3919 3917
f 2021 3917 2023
f 4256 4258 3840
f 4256 3840 3838
f 4256 3838 3836
f 4256 3836 3834
f 4256 3834 3832
f 4254 3832 3830
f 4254 4256 3832
f 921 923 932
f 4251 3830 3828
f 4251 4254 3830
f 1857 586 588
f 1857 588 590
f 1857 1855 586
f 4250 3828 3826
f 4250 4251 3828
f 4248 3826 3824
f 4248 4250 3826
f 919 921 932
f 2019 3925 3923
f 2019 3923 3921
f 2019 3921 2021
f 4246 3824 3822
f 4246 4248 3824
f 4244 4246 3822
f 4244 3822 3820
f 1859 1857 590
f 1859 590 592
f 4242 4244 3820
f 4242 3820 3818
f 4239 4242 3818
f 4239 3818 3816
f 2017 3927 3925
f 2017 3925 2019
f 916 917 919
f 916 919 932
f 1861 1859 592
f 1861 592 594
f 2015 3927 2017
f 2015 3931 3929
f 2015 3929 3927
f 1863 1861 594
f 1863 594 596
f 1863 596 598
f 911 913 916
f 2013 3935 3933
f 2013 3933 3931
f 2013 3931 2015
f 909 916 932
f 909 911 916
f 1865 598 600
f 1865 1863 598
f 907 909 932
f 2011 3935 2013
f 2011 3937 3935
f 1057 120 994
f 1057 106 108
f 1057 108 110
f 1057 110 112
f 1057 112 114
f 1057 114 116
f 1057 116 118
f 1057 118 120
f 1121 106 1057
f 1121 104 106
f 905 907 932
f 1867 600 602
f 1867 1865 600
f 1120 104 1121
f 1120 102 104
f 1117 102 1120
f 1117 100 102
f 1115 100 1117
f 1115 98 100
f 2009 3941 3939
f 2009 3939 3937
f 2009 3937 2011
f 1113 98 1115
f 1113 96 98
f 1111 96 1113
f 1111 94 96
f 1109 622 624
f 1109 624 94
f 1109 94 1111
f 1869 602 604
f 1869 604 606
f 1869 1867 602
f 1108 620 622
f 1108 622 1109
f 1106 620 1108
f 2007 3945 3943
f 2007 3943 3941
f 2007 3941 2009
f 1104 618 620
f 1104 620 1106
f 899 905 932
f 899 901 903
f 899 903 905
f 1102 616 618
f 1102 618 1104
f 1099 614 616
f 1099 616 1102
f 1871 606 608
f 1871 1869 606
f 1098 612 614
f 1098 614 1099
f 897 899 932
f 1096 610 612
f 1096 612 1098
f 2005 3947 3945
f 2005 3945 2007
f 1094 610 1096
f 895 897 932
f 1873 610 1094
f 1873 608 610
f 1873 1871 608
f 1873 1094 1092
f 2003 3951 3949
f 2003 3949 3947
f 2003 3947 2005
f 1875 1873 1092
f 1875 1092 1090
f 891 893 895
f 2001 3953 3951
f 2001 3951 2003
f 1877 1875 1090
f 887 891 895
f 887 895 932
f 887 889 891
f 2000 3955 3953
f 2000 3953 2001
f 881 887 932
f 881 883 885
f 881 885 887
f 877 880 881
f 877 881 932
f 4544 4217 4219
f 4546 4213 4215
f 4546 4215 4217
f 4546 4217 4544
f 4541 4544 4219
f 4541 4219 4221
f 4548 4213 4546
f 4548 4211 4213
f 4540 4221 4223
f 4540 4223 4225
f 4540 4541 4221
f 4550 4211 4548
f 4550 4207 4209
f 4550 4209 4211
f 4538 4225 4227
f 4538 4540 4225
f 4552 4207 4550
f 4552 4205 4207
f 4536 4538 4227
f 4536 4227 4229
f 4554 4205 4552
f 4554 4201 4203
f 4554 4203 4205
f 873 875 877
f 4534 4229 4232
f 4534 4232 4233
f 4534 4536 4229
f 4556 4201 4554
f 4556 4199 4201
f 4532 4534 4233
f 4532 4233 4235
f 787 968 966
f 785 968 787
f 785 970 968
f 789 787 966
f 789 966 964
f 4558 4195 4197
f 4558 4197 4199
f 4558 4199 4556
f 783 970 785
f 783 972 970
f 791 789 964
f 791 964 962
f 781 972 783
f 781 974 972
f 793 791 962
f 793 962 960
f 779 974 781
f 779 976 974
f 795 960 958
f 795 793 960
f 4530 4532 4235
f 4530 4235 4237
f 777 976 779
f 777 978 976
f 797 795 958
f 797 958 956
f 775 978 777
f 775 979 978
f 799 797 956
f 799 956 954
f 4560 4195 4558
f 4560 4193 4195
f 773 979 775
f 773 982 979
f 801 799 954
f 801 954 952
f 4528 4530 4237
f 4528 4239 3816
f 4528 4237 4239
f 771 982 773
f 771 984 982
f 803 801 952
f 803 952 950
f 769 984 771
f 769 986 984
f 4562 4193 4560
f 4562 4192 4193
f 805 803 950
f 805 950 948
f 767 986 769
f 767 987 986
f 4526 3816 3814
f 4526 3814 3812
f 4526 4528 3816
f 807 948 946
f 807 805 948
f 869 871 873
f 869 877 932
f 869 873 877
f 765 989 987
f 765 987 767
f 4564 4192 4562
f 762 932 989
f 762 989 765
f 4524 3812 3810
f 4524 4526 3812
f 761 932 762
f 4566 4192 4564
f 867 869 932
f 4522 4524 3810
f 4522 3810 3808
f 4567 4192 4566
f 865 867 932
f 4520 3808 3806
f 4520 4522 3808
f 4570 4192 4567
f 863 865 932
f 4518 3806 3804
f 4518 4520 3806
f 4572 4192 4570
f 4516 4518 3804
f 4516 3804 3802
f 4516 3802 3800
f 825 761 819
f 825 819 821
f 825 821 823
f 4574 4192 4572
f 859 863 932
f 859 861 863
f 4514 4516 3800
f 4514 3800 3798
f 827 932 761
f 827 761 825
f 4325 4191 4192
f 4325 4192 4574
f 829 932 827
f 4512 4514 3798
f 4512 3798 3796
f 831 932 829
f 853 855 857
f 4326 4191 4325
f 833 932 831
f 851 853 857
f 851 857 859
f 851 859 932
f 4510 3796 3794
f 4510 4512 3796
f 5892 192 6702
f 5892 807 946
f 5892 1049 184
f 5892 757 818
f 5892 818 816
f 5892 816 813
f 5892 813 811
f 5892 811 810
f 5892 810 807
f 5892 946 944
f 5892 944 942
f 5892 942 940
f 5892 940 938
f 5892 938 936
f 5892 936 934
f 5892 934 991
f 5892 991 1055
f 5892 1055 1054
f 5892 184 186
f 5892 1054 1051
f 5892 1051 1049
f 5892 186 188
f 5892 188 190
f 5892 190 192
f 5928 4653 4655
f 5928 4655 4657
f 5928 4657 4659
f 5928 4659 4661
f 5928 4661 4663
f 5928 4663 4665
f 5928 4665 4667
f 5928 4667 4669
f 5928 4669 4671
f 5928 4671 4673
f 5928 4673 4675
f 5928 4675 4677
f 5928 4677 4679
f 5928 4679 4682
f 5928 4682 4683
f 5928 4683 4685
f 5928 4685 4687
f 5928 4687 4689
f 5928 4689 4692
f 5928 4692 4694
f 5928 4314 4316
f 5928 4694 4696
f 5928 4316 4317
f 5928 4696 4698
f 5928 4317 4320
f 5928 4698 4700
f 5928 4320 4322
f 5928 4700 4701
f 5928 4701 4704
f 5928 4704 4642
f 5928 4642 4575
f 5928 4575 4577
f 5928 4577 4579
f 5928 4579 4581
f 5928 4581 4583
f 5928 6702 3728
f 5928 3722 4314
f 5928 3728 3726
f 5928 3726 3724
f 5928 3724 3722
f 5928 4322 4640
f 5928 4640 4643
f 5928 4643 4645
f 5928 4645 4647
f 5928 4647 4649
f 5928 4649 4651
f 5928 4651 4653
f 847 849 851
f 845 847 851
f 841 833 835
f 841 835 837
f 841 837 839
f 841 932 833
f 843 851 932
f 843 932 841
f 843 845 851
f 4328 4191 4326
f 758 757 5892
f 4508 3794 3792
f 4508 3792 3790
f 4508 4510 3794
f 1192 758 5892
f 1194 1192 5892
f 4330 4191 4328
f 1196 1194 5892
f 4506 4508 3790
f 4506 3790 3788
f 1198 1196 5892
f 4332 4191 4330
f 1200 1198 5892
f 4504 4506 3788
f 4504 3788 3786
f 1202 1200 5892
f 4334 4191 4332
f 1204 1202 5892
f 4502 4504 3786
f 4502 3786 3784
f 1206 1204 5892
f 1208 1206 5892
f 4336 4191 4334
f 1210 1208 5892
f 4500 3965 3963
f 4500 3782 3965
f 4500 3784 3782
f 4500 4502 3784
f 1212 1210 5892
f 4338 4638 4191
f 4338 4191 4336
f 1214 1212 5892
f 4498 3963 3961
f 4498 4500 3963
f 1216 1214 5892
f 4340 4635 4638
f 4340 4638 4338
f 1218 1216 5892
f 4496 3961 3959
f 4496 4498 3961
f 1220 1218 5892
f 4342 4632 4634
f 4342 4634 4635
f 4342 4635 4340
f 1222 1220 5892
f 4494 4496 3959
f 4494 3959 3957
f 4494 3957 3955
f 1224 1222 5892
f 1226 1224 5892
f 4344 4632 4342
f 4344 4630 4632
f 1228 1226 5892
f 4492 4494 3955
f 1229 1228 5892
f 4346 4630 4344
f 4346 4626 4628
f 4346 4628 4630
f 1232 1229 5892
f 1234 1232 5892
f 4348 4626 4346
f 4348 4623 4626
f 1236 1234 5892
f 1238 1236 5892
f 1239 1238 5892
f 4350 4623 4348
f 4350 4619 4621
f 4350 4621 4623
f 1241 1239 5892
f 1243 1241 5892
f 1245 1243 5892
f 4352 4617 4619
f 4352 4619 4350
f 1247 1245 5892
f 1250 1247 5892
f 1251 1250 5892
f 4354 4613 4616
f 4354 4616 4617
f 4354 4617 4352
f 1190 1251 5892
f 4356 4613 4354
f 4356 4611 4613
f 4358 4611 4356
f 4358 4609 4611
f 4360 4605 4607
f 4360 4607 4609
f 4360 4609 4358
f 4362 4603 4605
f 4362 4605 4360
f 4364 4601 4603
f 4364 4603 4362
f 4366 4597 4599
f 4366 4599 4601
f 4366 4601 4364
f 4368 4595 4597
f 4368 4597 4366
f 4370 4595 4368
f 4370 4593 4595
f 4372 4593 4370
f 4372 4591 4593
f 4374 4591 4372
f 4374 4589 4591
f 4376 4585 4587
f 4376 4587 4589
f 4376 4589 4374
f 4378 4583 4585
f 4378 5928 4583
f 4378 4585 4376
f 4380 5928 4378
f 4382 5928 4380
f 4384 5928 4382
f 4386 5928 4384
f 4388 5928 4386
f 4390 5928 4388
f 4392 5928 4390
f 4394 5928 4392
f 4396 5928 4394
f 1126 1190 5892
f 1128 1126 5892
f 1130 1128 5892
f 1132 1130 5892
f 1134 1132 5892
f 1417 1419 1879
f 1417 1879 1877
f 1421 1879 1419
f 1421 1881 1879
f 1415 1417 1877
f 1415 1877 1090
f 1415 1090 1088
f 1423 1881 1421
f 1423 1883 1881
f 1413 1415 1088
f 1413 1088 1086
f 1425 1883 1423
f 1411 1413 1086
f 1411 1086 1084
f 1428 1885 1883
f 1428 1883 1425
f 1409 1084 1082
f 1409 1411 1084
f 1429 1885 1428
f 1429 1887 1885
f 1407 1082 1080
f 1407 1409 1082
f 1431 1887 1429
f 1405 1080 1078
f 1405 1407 1080
f 1433 1887 1431
f 1433 1889 1887
f 1403 1078 1076
f 1403 1405 1078
f 1435 1889 1433
f 1401 1076 1074
f 1401 1403 1076
f 1438 1891 1889
f 1438 1889 1435
f 1399 1074 1072
f 1399 1401 1074
f 1440 1893 1891
f 1440 1891 1438
f 1397 1072 1070
f 1397 1399 1072
f 1442 1893 1440
f 1395 1070 1068
f 1395 1397 1070
f 1444 1893 1442
f 1444 1895 1893
f 1393 1068 1066
f 1393 1395 1068
f 1446 1895 1444
f 1391 1393 1066
f 1391 1066 1064
f 1447 1895 1446
f 1447 1897 1895
f 1389 1391 1064
f 1450 1897 1447
f 1450 1899 1897
f 1387 1389 1064
f 1387 1064 1062
f 1387 1062 1060
f 1452 1899 1450
f 1452 1905 1903
f 1452 1903 1901
f 1452 1901 1899
f 2380 4486 4488
f 2379 4486 2380
f 2379 4484 4486
f 2387 2380 4488
f 2387 4488 4490
f 2372 4484 2379
f 2372 4482 4484
f 2385 2387 4490
f 2385 3955 2000
f 2385 4490 4492
f 2385 4492 3955
f 2371 4482 2372
f 2371 4480 4482
f 2373 4478 4480
f 2373 4480 2371
f 2386 2000 1997
f 2386 2385 2000
f 2365 4478 2373
f 2365 4476 4478
f 2393 1997 1995
f 2393 2386 1997
f 2364 4474 4476
f 2364 4476 2365
f 2394 2393 1995
f 2366 4474 2364
f 2366 4472 4474
f 2398 1995 1993
f 2398 2394 1995
f 2356 4470 4472
f 2356 4472 2366
f 2396 1993 1991
f 2396 2398 1993
f 2355 4470 2356
f 2355 4468 4470
f 2397 1991 1989
f 2397 2396 1991
f 2357 4466 4468
f 2357 4468 2355
f 2358 4464 4466
f 2358 4466 2357
f 2404 1989 1987
f 2404 2397 1989
f 2346 4462 4464
f 2346 4464 2358
f 2405 2404 1987
f 2345 4462 2346
f 2345 4460 4462
f 2347 4458 4460
f 2347 4460 2345
f 2413 1987 1985
f 2413 2405 1987
f 2348 4458 2347
f 2348 4456 4458
f 2411 1985 1983
f 2411 2413 1985
f 2349 4456 2348
f 2349 4454 4456
f 2350 4454 2349
f 2412 1983 1981
f 2412 2411 1983
f 2344 4452 4454
f 2344 4454 2350
f 2420 2412 1981
f 2748 4450 4452
f 2748 4452 2344
f 2749 4448 4450
f 2749 4450 2748
f 2421 1981 1979
f 2421 2420 1981
f 2750 4446 4448
f 2750 4448 2749
f 2428 1979 1977
f 2428 2421 1979
f 2751 4444 4446
f 2751 4446 2750
f 2426 1977 1975
f 2426 2428 1977
f 2752 4442 4444
f 2752 4444 2751
f 2745 4440 4442
f 2745 4442 2752
f 2427 2426 1975
f 2744 4440 2745
f 2435 1975 1973
f 2435 2427 1975
f 2746 4438 4440
f 2746 4440 2744
f 2740 4438 2746
f 2740 4436 4438
f 2436 1973 1971
f 2436 2435 1973
f 2739 4434 4436
f 2739 4436 2740
f 2443 1971 1969
f 2443 2436 1971
f 2741 4432 4434
f 2741 4434 2739
f 2441 1969 1967
f 2441 2443 1969
f 2742 4430 4432
f 2742 4432 2741
f 2735 4428 4430
f 2735 4430 2742
f 2442 2441 1967
f 1456 1905 1452
f 1456 1913 1911
f 1456 1911 1909
f 1456 1909 1907
f 1456 1907 1905
f 1454 1387 1060
f 1457 1913 1456
f 1780 1454 1060
f 2734 4426 4428
f 2734 4428 2735
f 1459 1913 1457
f 1459 1915 1913
f 1777 1780 1060
f 1461 1915 1459
f 1461 1917 1915
f 1776 1777 1060
f 2451 1967 1965
f 2451 2442 1967
f 1463 1917 1461
f 1774 1776 1060
f 2736 4426 2734
f 1465 1917 1463
f 1465 1919 1917
f 1772 1774 1060
f 1467 1919 1465
f 1469 1921 1919
f 1469 1919 1467
f 2737 4424 4426
f 2737 4426 2736
f 2452 1965 1963
f 2452 2451 1965
f 1471 1921 1469
f 1471 1923 1921
f 1473 1923 1471
f 1475 1925 1923
f 1475 1923 1473
f 2731 4422 4424
f 2731 4424 2737
f 1477 1925 1475
f 2459 1963 1961
f 2459 2452 1963
f 1479 1927 1925
f 1479 1925 1477
f 1481 1929 1927
f 1481 1927 1479
f 2730 4420 4422
f 2730 4422 2731
f 1483 1929 1481
f 1485 1931 1929
f 1485 1929 1483
f 2457 2459 1961
f 1487 1933 1931
f 1487 1931 1485
f 2732 4418 4420
f 2732 4420 2730
f 1489 1933 1487
f 1491 1933 1489
f 1491 1935 1933
f 2726 4418 2732
f 1493 1935 1491
f 1493 1937 1935
f 2458 1961 1959
f 2458 2457 1961
f 1496 1937 1493
f 2725 4416 4418
f 2725 4418 2726
f 2470 1959 1957
f 2470 2458 1959
f 2727 4414 4416
f 2727 4416 2725
f 2728 4412 4414
f 2728 4414 2727
f 2469 1957 1955
f 2469 2470 1957
f 2722 4412 2728
f 2467 2469 1955
f 2721 4410 4412
f 2721 4412 2722
f 2723 4408 4410
f 2723 4410 2721
f 2468 1955 1953
f 2468 2467 1955
f 2718 4408 2723
f 2479 1953 1951
f 2479 2468 1953
f 2717 4406 4408
f 2717 4408 2718
f 2480 1951 1949
f 2480 2479 1951
f 2719 4404 4406
f 2719 4406 2717
f 2486 2480 1949
f 2486 1949 1947
f 1553 1749 1751
f 1553 1751 1753
f 1553 1555 1749
f 1557 1747 1749
f 1557 1749 1555
f 1551 1553 1753
f 1559 1745 1747
f 1559 1747 1557
f 1549 1753 1755
f 1549 1551 1753
f 1561 1743 1745
f 1561 1745 1559
f 1547 1755 1758
f 1547 1549 1755
f 1564 1741 1743
f 1564 1743 1561
f 2715 4402 4404
f 2715 4404 2719
f 1545 1758 1759
f 1545 1547 1758
f 1565 1741 1564
f 1565 1739 1741
f 1543 1759 1761
f 1543 1545 1759
f 1567 1739 1565
f 1567 1737 1739
f 1569 1737 1567
f 1569 1733 1735
f 1569 1735 1737
f 1541 1761 1763
f 1541 1543 1761
f 1539 1763 1765
f 1539 1765 1768
f 1539 1541 1763
f 1571 1733 1569
f 1571 1731 1733
f 1537 1539 1768
f 1574 1731 1571
f 1574 1729 1731
f 1535 1537 1768
f 1535 1768 1770
f 1576 1729 1574
f 2487 2486 1947
f 1533 1770 1772
f 1533 1772 1060
f 1533 1535 1770
f 1578 1729 1576
f 1578 1725 1727
f 1578 1727 1729
f 1531 1060 1123
f 1531 1533 1060
f 1580 1725 1578
f 1529 1531 1123
f 1582 1725 1580
f 1582 1721 1723
f 1582 1723 1725
f 1527 1529 1123
f 1583 1721 1582
f 2712 4400 4402
f 2712 4402 2715
f 1525 1527 1123
f 1586 1721 1583
f 1586 1719 1721
f 1588 1719 1586
f 1588 1718 1719
f 1523 1525 1123
f 2492 1947 1945
f 2492 2487 1947
f 2711 4398 4400
f 2711 4400 2712
f 2498 1945 1943
f 2498 2492 1945
f 2713 4396 4398
f 2713 4398 2711
f 2499 1943 1941
f 2499 2498 1943
f 2702 5928 4396
f 2702 4396 2713
f 2506 2499 1941
f 2504 1941 1939
f 2504 2506 1941
f 2701 5928 2702
f 2505 2504 1939
f 2703 5928 2701
f 2512 2505 1939
f 2694 5928 2703
f 2693 5928 2694
f 2695 5928 2693
f 2680 5928 2695
f 1253 1718 1588
f 1253 1714 1716
f 1253 1716 1718
f 1652 1123 1187
f 1652 1523 1123
f 1255 1714 1253
f 1650 1187 1186
f 1650 1652 1187
f 1257 1714 1255
f 1257 1711 1714
f 1647 1650 1186
f 1647 1186 1183
f 1259 1711 1257
f 1259 1708 1710
f 1259 1710 1711
f 1646 1183 1181
f 1646 1647 1183
f 1261 1708 1259
f 1644 1181 1179
f 1644 1646 1181
f 1263 1708 1261
f 1263 1706 1708
f 1642 1179 1177
f 1642 1644 1179
f 1265 1706 1263
f 1265 1702 1704
f 1265 1704 1706
f 1640 1177 1175
f 1640 1642 1177
f 1267 1702 1265
f 1638 1175 1174
f 1638 1640 1175
f 1269 1702 1267
f 1269 1699 1702
f 1635 1638 1174
f 1635 1174 1172
f 1271 1699 1269
f 1271 1695 1697
f 1271 1697 1699
f 1633 1172 1170
f 1633 1635 1172
f 1273 1695 1271
f 1631 1170 1168
f 1631 1633 1170
f 1275 1695 1273
f 1275 1693 1695
f 1629 1168 1165
f 1629 1631 1168
f 1277 1693 1275
f 1277 1692 1693
f 1628 1165 1164
f 1628 1629 1165
f 1279 1692 1277
f 1279 1689 1692
f 1625 1164 1162
f 1625 1628 1164
f 1623 1162 1160
f 1623 1625 1162
f 1281 1687 1689
f 1281 1689 1279
f 1621 1160 1158
f 1621 1623 1160
f 1283 1683 1685
f 1283 1685 1687
f 1283 1687 1281
f 1619 1158 1156
f 1619 1621 1158
f 1285 1683 1283
f 1285 1681 1683
f 1617 1156 1154
f 1617 1619 1156
f 1287 1681 1285
f 1615 1154 1152
f 1615 1617 1154
f 1289 1681 1287
f 1289 1677 1679
f 1289 1679 1681
f 1613 1152 1150
f 1613 1615 1152
f 1291 1677 1289
f 1611 1150 1148
f 1611 1613 1150
f 1294 1677 1291
f 1294 1675 1677
f 1609 1148 1146
f 1609 1611 1148
f 1295 1675 1294
f 1295 1671 1673
f 1295 1673 1675
f 1607 1146 1144
f 1607 1609 1146
f 1297 1671 1295
f 1297 1669 1671
f 1605 1607 1144
f 1605 1144 1142
f 1299 1669 1297
f 1603 1142 1140
f 1603 1605 1142
f 1301 1669 1299
f 1301 1665 1667
f 1301 1667 1669
f 1601 1140 1138
f 1601 1603 1140
f 1304 1665 1301
f 1599 1601 1138
f 1599 1138 1136
f 1306 1665 1304
f 1306 1663 1665
f 1597 1134 5892
f 1597 1136 1134
f 1597 1599 1136
f 1308 1663 1306
f 1308 1661 1663
f 1595 1597 5892
f 1593 1595 5892
f 1591 1593 5892
f 1589 1591 5892
f 1386 1589 5892
f 1384 1386 5892
f 4874 1937 1496
f 4872 2512 1939
f 4872 1939 1937
f 4872 1937 4874
f 4876 4874 1496
f 4876 1496 1497
f 4878 4876 1497
f 4878 1497 1499
f 4870 2520 2513
f 4870 2513 2512
f 4870 2512 4872
f 4880 4878 1499
f 4880 1499 1501
f 4868 2520 4870
f 4868 2518 2520
f 4881 4880 1501
f 4881 1501 1503
f 4866 2518 4868
f 4866 2519 2518
f 4884 4881 1503
f 4884 1503 1506
f 4864 2519 4866
f 4864 2526 2519
f 4886 4884 1506
f 4886 1506 1508
f 4862 2526 4864
f 4862 2527 2526
f 4888 4886 1508
f 4888 1508 1510
f 4860 2527 4862
f 4860 2534 2527
f 4890 4888 1510
f 4890 1510 1512
f 4858 2534 4860
f 4858 2532 2534
f 4856 2532 4858
f 4856 2533 2532
f 4891 4890 1512
f 4891 1512 1514
f 4893 4891 1514
f 4893 1514 1515
f 4854 2540 2533
f 4854 2533 4856
f 4895 4893 1515
f 4895 1515 1518
f 4852 2541 2540
f 4852 2540 4854
f 4897 4895 1518
f 4897 1518 1520
f 4850 2541 4852
f 4850 2548 2541
f 4899 4897 1520
f 4848 2546 2548
f 4848 2548 4850
f 4902 4899 1520
f 4846 2547 2546
f 4846 2546 4848
f 4903 4902 1520
f 4844 2554 2547
f 4844 2547 4846
f 4839 1308 1310
f 4839 1522 1653
f 4839 1653 1655
f 4839 1661 1308
f 4839 4903 1520
f 4839 1655 1657
f 4839 1657 1659
f 4839 1659 1661
f 4839 1520 1522
f 4842 2574 2567
f 4842 2567 2566
f 4842 2566 2561
f 4842 2561 2560
f 4842 2560 2562
f 4842 2562 2555
f 4842 2555 2554
f 4842 2554 4844
f 4905 2583 2582
f 4905 2582 2584
f 4905 2584 2580
f 4905 2580 2579
f 4905 2579 2573
f 4905 2573 2572
f 4905 2572 2574
f 4905 2574 4842
f 4967 2583 4905
f 4966 2591 2583
f 4966 2583 4967
f 4963 2592 2591
f 4963 2591 4966
f 4961 2594 2592
f 4961 2592 4963
f 4959 2595 2594
f 4959 2594 4961
f 4957 2601 2595
f 4957 2595 4959
f 4955 2602 2601
f 4955 2601 4957
f 4954 2602 4955
f 4952 2604 2602
f 4952 2602 4954
f 4950 2605 2604
f 4950 2604 4952
f 4948 2611 2605
f 4948 2605 4950
f 4945 2612 2611
f 4945 2611 4948
f 4944 2614 2612
f 4944 2612 4945
f 4942 2614 4944
f 4940 2615 2614
f 4940 2614 4942
f 4938 2622 2615
f 4938 2615 4940
f 4936 2623 2622
f 4936 2622 4938
f 4934 2625 2623
f 4934 2623 4936
f 4932 2631 2625
f 4932 2625 4934
f 4930 2631 4932
f 4928 2632 2631
f 4928 2631 4930
f 4926 2632 4928
f 4926 2634 2632
f 4924 2634 4926
f 4924 2635 2634
f 4922 2635 4924
f 4922 2645 2641
f 4922 2641 2635
f 4920 2645 4922
f 4920 2643 2645
f 4918 2643 4920
f 4918 2644 2643
f 4916 2644 4918
f 4916 2656 2644
f 4776 1310 1312
f 4776 1312 1313
f 4776 1313 1316
f 4776 1316 1318
f 4776 1318 1319
f 4776 4839 1310
f 4778 4776 1319
f 4780 4778 1319
f 4782 1319 1321
f 4782 4780 1319
f 4784 1321 1323
f 4784 4782 1321
f 4786 1323 1325
f 4786 4784 1323
f 4788 1325 1327
f 4788 4786 1325
f 4790 1327 1329
f 4790 4788 1327
f 4792 1329 1331
f 4792 4790 1329
f 4794 1331 1333
f 4794 4792 1331
f 4796 1333 1335
f 4796 4794 1333
f 4798 1335 1337
f 4798 4796 1335
f 4800 1337 1339
f 4800 4798 1337
f 4802 1339 1341
f 4802 4800 1339
f 4804 1341 1343
f 4804 4802 1341
f 4806 4804 1343
f 4806 1343 1345
f 4808 1345 1347
f 4808 4806 1345
f 4810 1347 1349
f 4810 4808 1347
f 4812 1349 1351
f 4812 4810 1349
f 4814 1351 1353
f 4814 4812 1351
f 4815 1353 1355
f 4815 4814 1353
f 4818 4815 1355
f 4818 1355 1357
f 4820 1357 1360
f 4820 4818 1357
f 4822 1360 1361
f 4822 4820 1360
f 4824 1361 1363
f 4824 4822 1361
f 4825 1363 1365
f 4825 4824 1363
f 4827 1365 1367
f 4827 4825 1365
f 4829 4827 1367
f 4829 1367 1370
f 4831 1370 1372
f 4831 4829 1370
f 5413 4754 4752
f 5413 4752 4749
f 5413 4749 4748
f 5413 4748 4746
f 5413 4746 4744
f 5413 4744 4742
f 5413 4742 4740
f 5413 4740 4738
f 5413 4738 4736
f 5413 4736 4734
f 5413 4734 4732
f 5413 4732 4730
f 5413 4730 4728
f 5413 4728 4726
f 5413 4726 4724
f 5413 4724 4722
f 5413 4722 4720
f 5413 4720 4718
f 5413 4718 4716
f 5413 4716 4714
f 5413 4714 4712
f 5413 4712 4710
f 5413 4710 4773
f 5413 2656 4916
f 5413 4773 4837
f 5413 4837 4836
f 5413 4836 4833
f 5413 4833 4831
f 5413 1384 5892
f 5413 1372 1374
f 5413 1374 1376
f 5413 1376 1378
f 5413 1378 1379
f 5413 1379 1382
f 5413 1382 1384
f 5413 4831 1372
f 5413 4916 4914
f 5413 4914 4912
f 5413 4912 4910
f 5413 4910 4908
f 5413 4908 4706
f 5413 4706 4705
f 5413 2666 2655
f 5413 4705 4771
f 5413 2655 2654
f 5413 4771 4770
f 5413 2654 2656
f 5413 4770 4767
f 5413 4767 4765
f 5413 4765 4763
f 5413 4763 4761
f 5413 4761 4759
f 5413 4759 4758
f 5413 4758 4756
f 5413 4756 4754
f 5413 5928 2673
f 2673 5928 2682
f 2682 5928 2681
f 2681 5928 2679
f 2679 5928 2680
f 5413 2673 2672
f 5413 2672 2674
f 5413 2674 2665
f 5413 2665 2664
f 5413 2664 2666
f 6854 6368 6412
f 6854 6412 6866
f 6216 4975 5447
f 6216 5447 6380
f 6881 6880 6882
f 6882 6885 6883
f 6883 6885 6884
f 6879 6878 6880
f 6880 6878 6882
f 6885 6887 6886
f 6878 6876 6882
f 6877 6876 6878
f 6882 6876 6885
f 6887 6889 6888
f 6876 6875 6885
f 6887 6890 6889
f 6874 6873 6875
f 6890 6894 6891
f 6891 6894 6892
f 6892 6894 6893
f 6873 6870 6875
f 6871 6870 6872
f 6872 6870 6873
f 6894 6896 6895
f 6869 6868 6870
f 6890 6897 6894
f 6894 6897 6896
f 6870 6867 6875
f 6868 6867 6870
f 6887 6898 6890
f 6875 6898 6885
f 6890 6898 6897
f 6885 6898 6887
f 6867 6866 6875
f 6875 6866 6898
f 6866 2198 2199
f 2199 2202 6866
f 6866 2196 2198
f 2202 2204 6866
f 6866 2193 2196
f 2204 2205 6866
f 6866 2191 2193
f 6866 2208 6898
f 2205 2208 6866
f 6866 2189 2191
f 2208 2166 6898
f 6866 2187 2189
f 6866 2185 2187
f 6866 2183 2185
f 6866 2181 2183
f 6866 2179 2181
f 6866 2177 2179
f 6866 2175 2177
f 6866 2173 2175
f 6866 2171 2173
f 6866 2169 2171
f 6866 2167 2169
f 2166 2123 6898
f 2123 2125 6898
f 2125 2127 6898
f 2127 2129 6898
f 2129 2131 6898
f 2131 2133 6898
f 2133 2135 6898
f 2135 2137 6898
f 2137 2139 6898
f 2139 2141 6898
f 2141 2143 6898
f 2143 2145 6898
f 2145 2147 6898
f 2147 2149 6898
f 2149 2151 6898
f 2151 2153 6898
f 2153 2155 6898
f 2155 2157 6898
f 6866 2210 2167
f 6866 2251 2210
f 6866 2249 2251
f 6866 2247 2249
f 6866 2245 2247
f 6866 2243 2245
f 2090 473 2088
f 2092 475 2090
f 2090 475 473
f 2086 472 2084
f 2088 472 2086
f 473 472 2088
f 2094 477 2092
f 2092 477 475
f 2084 469 2082
f 472 469 2084
f 2096 479 2094
f 2094 479 477
f 2082 467 2081
f 469 467 2082
f 2098 481 2096
f 2096 481 479
f 467 465 2081
f 2100 483 2098
f 2098 483 481
f 465 463 2081
f 2102 485 2100
f 2104 485 2102
f 2100 485 483
f 463 461 2081
f 2081 461 2121
f 2104 487 485
f 2106 487 2104
f 461 459 2121
f 2108 489 2106
f 2106 489 487
f 459 457 2121
f 2110 491 2108
f 2108 491 489
f 2121 455 2163
f 457 455 2121
f 2112 493 2110
f 2110 493 491
f 455 453 2163
f 2163 453 2161
f 2114 495 2112
f 2112 495 493
f 2161 451 2159
f 453 451 2161
f 2116 498 2114
f 2118 498 2116
f 2114 498 495
f 2157 449 6898
f 2159 449 2157
f 451 449 2159
f 2118 499 498
f 2120 499 2118
f 449 447 6898
f 2078 501 2120
f 2120 501 499
f 447 445 6898
f 2078 503 501
f 445 443 6898
f 2217 4132 2215
f 2215 4134 2213
f 4132 4134 2215
f 2219 4130 2217
f 2217 4130 4132
f 2213 4136 2211
f 4134 4136 2213
f 2219 4128 4130
f 2221 4128 2219
f 4136 4138 2211
f 2223 4126 2221
f 2221 4126 4128
f 4138 4140 2211
f 2078 253 503
f 2223 4124 4126
f 2225 4124 2223
f 4140 4142 2211
f 2227 4122 2225
f 2225 4122 4124
f 4142 4144 2211
f 2227 4120 4122
f 2229 4120 2227
f 4144 4146 2211
f 443 441 6898
f 2231 4118 2229
f 2229 4118 4120
f 2211 4148 2254
f 4146 4148 2211
f 2233 4116 2231
f 2231 4116 4118
f 2078 254 253
f 4148 4150 2254
f 2235 4114 2233
f 2233 4114 4116
f 4150 4152 2254
f 2235 4112 4114
f 2237 4112 2235
f 4152 4154 2254
f 2239 4110 2237
f 2237 4110 4112
f 4154 4156 2254
f 2078 257 254
f 4156 4158 2254
f 4158 4160 2254
f 2254 4160 2295
f 2078 259 257
f 4160 4162 2295
f 2295 4162 2294
f 4162 4164 2294
f 2294 4164 2291
f 4164 4166 2291
f 2291 4166 2289
f 2033 261 2078
f 2078 261 259
f 4166 4168 2289
f 2289 4168 2288
f 4168 4170 2288
f 2288 4170 2285
f 2033 263 261
f 4170 4172 2285
f 2285 4172 2283
f 2283 4174 2281
f 4172 4174 2283
f 2033 265 263
f 2281 4176 2279
f 4174 4176 2281
f 4176 4178 2279
f 2279 4178 2277
f 2033 267 265
f 4178 4180 2277
f 2277 4180 2275
f 4180 4182 2275
f 2033 269 267
f 2033 271 269
f 2033 273 271
f 2033 275 273
f 2035 275 2033
f 2035 277 275
f 2037 277 2035
f 2039 277 2037
f 2039 279 277
f 2041 279 2039
f 2041 281 279
f 2043 281 2041
f 2045 283 2043
f 2043 283 281
f 2045 285 283
f 2047 285 2045
f 2047 287 285
f 2049 287 2047
f 4096 3760 4094
f 4098 3758 4096
f 4096 3758 3760
f 3760 3762 4094
f 4094 3762 4092
f 4098 3756 3758
f 4100 3756 4098
f 3762 3764 4092
f 4090 3764 4089
f 4092 3764 4090
f 4100 3753 3756
f 4102 3753 4100
f 3764 3659 4089
f 4102 3752 3753
f 4104 3752 4102
f 4104 3750 3752
f 4106 3750 4104
f 4106 3748 3750
f 4108 3748 4106
f 4110 3745 4108
f 4108 3745 3748
f 4110 3744 3745
f 2241 3744 2239
f 2239 3744 4110
f 2243 3742 2241
f 2241 3742 3744
f 6866 3739 2243
f 2243 3739 3742
f 6866 3738 3739
f 6866 3736 3738
f 6866 3733 3736
f 6866 3731 3733
f 6866 3730 3731
f 6866 3727 3730
f 3659 3661 4089
f 409 223 411
f 411 223 221
f 413 220 415
f 411 220 413
f 221 220 411
f 407 225 409
f 409 225 223
f 220 217 415
f 405 227 407
f 407 227 225
f 415 215 417
f 217 215 415
f 405 229 227
f 403 229 405
f 401 229 403
f 417 213 419
f 215 213 417
f 401 231 229
f 213 211 419
f 419 211 421
f 399 233 401
f 401 233 231
f 211 209 421
f 423 209 425
f 421 209 423
f 397 235 399
f 399 235 233
f 209 207 425
f 395 237 397
f 397 237 235
f 207 205 425
f 425 205 427
f 393 239 395
f 395 239 237
f 205 203 427
f 427 203 429
f 391 241 393
f 393 241 239
f 203 201 429
f 429 201 431
f 389 243 391
f 387 243 389
f 391 243 241
f 201 199 431
f 433 199 435
f 431 199 433
f 387 246 243
f 199 197 435
f 4085 3981 4188
f 4084 3981 4085
f 387 247 246
f 385 247 387
f 3981 3983 4188
f 3983 3985 4188
f 4188 3985 4185
f 435 195 437
f 197 195 435
f 3985 3987 4185
f 4185 3987 4184
f 4184 3989 4182
f 3987 3989 4184
f 2275 3989 2273
f 4182 3989 2275
f 383 249 385
f 381 249 383
f 385 249 247
f 3989 3991 2273
f 2273 3991 2271
f 3991 3993 2271
f 2271 3993 2269
f 195 193 437
f 437 193 439
f 3993 3995 2269
f 2269 3995 2267
f 381 251 249
f 3995 3997 2267
f 2267 3997 2265
f 441 191 6898
f 193 191 439
f 439 191 441
f 2265 3999 2263
f 3997 3999 2265
f 2263 4001 2261
f 3999 4001 2263
f 379 1 381
f 377 1 379
f 381 1 251
f 4001 4003 2261
f 2261 4003 2259
f 4003 4005 2259
f 2259 4005 2257
f 377 2 1
f 2257 4007 2255
f 4005 4007 2257
f 4007 4009 2255
f 375 5 377
f 377 5 2
f 4009 4011 2255
f 4011 4013 2255
f 373 7 375
f 371 7 373
f 375 7 5
f 4013 4015 2255
f 4015 4017 2255
f 371 9 7
f 4017 4019 2255
f 2255 4019 2075
f 4019 4021 2075
f 371 11 9
f 369 11 371
f 367 11 369
f 4021 4023 2075
f 4023 4025 2075
f 367 13 11
f 4025 4027 2075
f 365 15 367
f 367 15 13
f 4027 4029 2075
f 2075 4031 2073
f 4029 4031 2075
f 363 17 365
f 361 17 363
f 365 17 15
f 2073 4033 2071
f 4031 4033 2073
f 2071 4035 2069
f 4033 4035 2071
f 361 19 17
f 359 19 361
f 4035 4037 2069
f 2069 4037 2067
f 325 725 327
f 325 727 725
f 323 727 325
f 327 724 329
f 725 724 327
f 323 729 727
f 724 721 329
f 329 721 331
f 323 731 729
f 321 731 323
f 331 719 333
f 721 719 331
f 4037 4039 2067
f 321 733 731
f 319 733 321
f 317 733 319
f 333 717 335
f 719 717 333
f 359 21 19
f 317 735 733
f 335 715 337
f 717 715 335
f 317 737 735
f 315 737 317
f 313 737 315
f 337 713 339
f 715 713 337
f 313 739 737
f 339 711 341
f 713 711 339
f 313 741 739
f 311 741 313
f 309 741 311
f 357 23 359
f 359 23 21
f 341 709 343
f 711 709 341
f 309 743 741
f 307 743 309
f 343 707 345
f 709 707 343
f 307 745 743
f 305 745 307
f 345 705 347
f 707 705 345
f 305 747 745
f 347 703 349
f 705 703 347
f 303 750 305
f 301 750 303
f 305 750 747
f 703 701 349
f 349 701 351
f 299 751 301
f 301 751 750
f 353 699 355
f 351 699 353
f 701 699 351
f 297 753 299
f 299 753 751
f 699 697 355
f 297 755 753
f 295 755 297
f 697 695 355
f 357 695 23
f 355 695 357
f 295 505 755
f 695 693 23
f 23 693 25
f 295 506 505
f 293 506 295
f 291 506 293
f 693 691 25
f 291 509 506
f 289 509 291
f 691 689 25
f 25 689 27
f 289 511 509
f 689 687 27
f 29 687 31
f 27 687 29
f 289 513 511
f 287 513 289
f 2049 513 287
f 2051 513 2049
f 687 685 31
f 2051 515 513
f 2053 515 2051
f 685 683 31
f 31 683 33
f 2053 517 515
f 2055 517 2053
f 683 681 33
f 33 681 35
f 2057 519 2055
f 2055 519 517
f 681 679 35
f 37 679 39
f 35 679 37
f 2057 521 519
f 2059 521 2057
f 679 677 39
f 39 677 41
f 2059 523 521
f 2061 523 2059
f 677 675 41
f 2061 525 523
f 2063 525 2061
f 2065 525 2063
f 675 673 41
f 41 673 43
f 2065 527 525
f 2067 527 2065
f 673 671 43
f 43 671 45
f 2067 529 527
f 671 669 45
f 47 669 49
f 45 669 47
f 669 667 49
f 667 665 49
f 51 665 53
f 49 665 51
f 665 663 53
f 663 661 53
f 53 661 55
f 55 659 57
f 661 659 55
f 57 657 59
f 659 657 57
f 657 655 59
f 61 655 63
f 59 655 61
f 655 653 63
f 63 653 65
f 653 651 65
f 65 651 67
f 651 649 67
f 67 647 69
f 649 647 67
f 71 645 73
f 69 645 71
f 647 645 69
f 73 643 75
f 645 643 73
f 643 641 75
f 641 639 75
f 77 639 79
f 75 639 77
f 639 637 79
f 637 635 79
f 81 635 83
f 79 635 81
f 3663 3767 3765
f 3665 3869 3663
f 3663 3869 3767
f 635 633 83
f 3665 3867 3869
f 3667 3867 3665
f 3667 3866 3867
f 3669 3866 3667
f 85 631 87
f 83 631 85
f 633 631 83
f 3669 3864 3866
f 3671 3864 3669
f 631 629 87
f 3673 3861 3671
f 3671 3861 3864
f 629 627 87
f 87 627 89
f 3673 3859 3861
f 3675 3859 3673
f 627 625 89
f 89 625 91
f 625 623 91
f 91 623 93
f 3978 3877 3979
f 3877 3878 3979
f 3979 3878 4082
f 3878 3880 4082
f 4082 3880 4080
f 3880 3882 4080
f 4080 3882 4077
f 3882 3884 4077
f 4077 3884 4075
f 3769 3874 3871
f 3771 3874 3769
f 3771 3976 3874
f 3771 3974 3976
f 3773 3974 3771
f 3773 3972 3974
f 3775 3972 3773
f 3777 3970 3775
f 3775 3970 3972
f 3777 3968 3970
f 3779 3968 3777
f 3779 3966 3968
f 3781 3966 3779
f 159 1025 161
f 1025 1027 161
f 161 1027 163
f 159 1023 1025
f 159 1021 1023
f 157 1021 159
f 1027 1029 163
f 163 1029 165
f 157 1019 1021
f 155 1019 157
f 165 1031 167
f 1029 1031 165
f 155 1017 1019
f 153 1017 155
f 167 1034 169
f 1031 1034 167
f 151 1015 153
f 153 1015 1017
f 169 1035 171
f 1034 1035 169
f 149 1013 151
f 151 1013 1015
f 171 1037 173
f 1035 1037 171
f 1037 1039 173
f 173 1039 175
f 147 1011 149
f 149 1011 1013
f 147 1009 1011
f 145 1009 147
f 175 1041 177
f 1039 1041 175
f 145 1007 1009
f 177 1044 179
f 1041 1044 177
f 145 1005 1007
f 143 1005 145
f 1044 1046 179
f 4041 1814 4039
f 4041 1812 1814
f 4043 1812 4041
f 4045 1812 4043
f 1814 1816 4039
f 2067 1816 529
f 4039 1816 2067
f 4045 1810 1812
f 4047 1810 4045
f 143 1003 1005
f 141 1003 143
f 179 1048 181
f 1046 1048 179
f 1816 1818 529
f 531 1818 533
f 529 1818 531
f 4047 1808 1810
f 4049 1808 4047
f 4051 1808 4049
f 141 1001 1003
f 139 1001 141
f 1048 1050 181
f 181 1050 183
f 1818 1820 533
f 533 1820 535
f 139 999 1001
f 137 999 139
f 4053 1806 4051
f 4051 1806 1808
f 535 1822 537
f 1820 1822 535
f 135 997 137
f 137 997 999
f 4053 1804 1806
f 4055 1804 4053
f 4057 1804 4055
f 135 995 997
f 539 1824 541
f 537 1824 539
f 1822 1824 537
f 133 993 135
f 131 993 133
f 129 993 131
f 127 993 129
f 125 993 127
f 123 993 125
f 121 993 123
f 119 993 121
f 135 993 995
f 4057 1802 1804
f 4060 1802 4057
f 1824 1826 541
f 541 1826 543
f 4060 1800 1802
f 4061 1800 4060
f 4063 1800 4061
f 1826 1828 543
f 543 1828 545
f 4063 1798 1800
f 4066 1798 4063
f 4067 1798 4066
f 547 1830 549
f 545 1830 547
f 1828 1830 545
f 4067 1796 1798
f 4069 1796 4067
f 3697 4290 3695
f 3697 4292 4290
f 3699 4292 3697
f 4290 4288 3695
f 3695 4288 3693
f 3693 4286 3691
f 4288 4286 3693
f 3699 4294 4292
f 3701 4294 3699
f 4286 4284 3691
f 3691 4284 3689
f 3701 4296 4294
f 3703 4296 3701
f 3689 4282 3687
f 4284 4282 3689
f 3703 4297 4296
f 3705 4297 3703
f 1830 1832 549
f 549 1832 551
f 3705 4300 4297
f 3707 4300 3705
f 4282 4280 3687
f 3687 4280 3685
f 4280 4278 3685
f 3685 4278 3683
f 3709 4302 3707
f 3707 4302 4300
f 3683 4276 3681
f 4278 4276 3683
f 3709 4304 4302
f 3711 4304 3709
f 4069 1794 1796
f 4071 1794 4069
f 4073 1794 4071
f 4276 4274 3681
f 3681 4274 3679
f 3713 4306 3711
f 3711 4306 4304
f 3679 4272 3677
f 4274 4272 3679
f 3713 4307 4306
f 3715 4307 3713
f 1832 1834 551
f 551 1834 553
f 3859 4270 3857
f 3677 4270 3675
f 4272 4270 3677
f 3675 4270 3859
f 3715 4309 4307
f 3717 4309 3715
f 3857 4268 3855
f 4270 4268 3857
f 3717 4311 4309
f 3720 4311 3717
f 3884 1792 4075
f 4073 1792 1794
f 4075 1792 4073
f 4268 4266 3855
f 3855 4266 3853
f 3720 4313 4311
f 4266 4264 3853
f 3853 4264 3851
f 555 1836 557
f 553 1836 555
f 1834 1836 553
f 4264 4262 3851
f 3851 4262 3849
f 4262 4260 3849
f 3849 4260 3847
f 3886 1790 3884
f 3888 1790 3886
f 3884 1790 1792
f 4260 4257 3847
f 3841 4257 3839
f 3843 4257 3841
f 3845 4257 3843
f 3847 4257 3845
f 557 1838 559
f 1836 1838 557
f 3888 1788 1790
f 3890 1788 3888
f 1838 1840 559
f 561 1840 563
f 559 1840 561
f 3892 1786 3890
f 3894 1786 3892
f 3890 1786 1788
f 563 1842 565
f 1840 1842 563
f 3896 1784 3894
f 3898 1784 3896
f 3894 1784 1786
f 567 1844 569
f 565 1844 567
f 1842 1844 565
f 3898 1783 1784
f 3900 1783 3898
f 569 1846 571
f 1844 1846 569
f 3900 2032 1783
f 3902 2032 3900
f 3904 2032 3902
f 1846 1848 571
f 573 1848 575
f 571 1848 573
f 3906 2030 3904
f 3908 2030 3906
f 3904 2030 2032
f 575 1850 577
f 1848 1850 575
f 3908 2028 2030
f 3910 2028 3908
f 3912 2028 3910
f 577 1852 579
f 1850 1852 577
f 3914 2025 3912
f 3916 2025 3914
f 3912 2025 2028
f 930 927 931
f 581 1854 583
f 579 1854 581
f 1852 1854 579
f 3916 2024 2025
f 3918 2024 3916
f 927 926 931
f 1854 1856 583
f 583 1856 585
f 926 924 931
f 3920 2022 3918
f 3922 2022 3920
f 3918 2022 2024
f 3833 4255 3831
f 3835 4255 3833
f 3837 4255 3835
f 3839 4255 3837
f 4257 4255 3839
f 3831 4253 3829
f 4255 4253 3831
f 924 922 931
f 3829 4252 3827
f 4253 4252 3829
f 587 1858 589
f 585 1858 587
f 1856 1858 585
f 3827 4249 3825
f 4252 4249 3827
f 3825 4247 3823
f 4249 4247 3825
f 922 920 931
f 3922 2020 2022
f 3924 2020 3922
f 3926 2020 3924
f 3823 4245 3821
f 4247 4245 3823
f 4245 4243 3821
f 3821 4243 3819
f 589 1860 591
f 1858 1860 589
f 3819 4241 3817
f 4243 4241 3819
f 920 918 931
f 3817 4240 3815
f 4241 4240 3817
f 3926 2018 2020
f 3928 2018 3926
f 918 915 931
f 591 1862 593
f 1860 1862 591
f 3928 2016 2018
f 3930 2016 3928
f 3932 2016 3930
f 595 1864 597
f 593 1864 595
f 1862 1864 593
f 915 912 931
f 914 912 915
f 3932 2014 2016
f 3934 2014 3932
f 3936 2014 3934
f 912 910 931
f 597 1866 599
f 1864 1866 597
f 910 908 931
f 3936 2012 2014
f 3938 2012 3936
f 119 1058 993
f 117 1058 119
f 115 1058 117
f 113 1058 115
f 111 1058 113
f 109 1058 111
f 107 1058 109
f 105 1058 107
f 103 1122 105
f 105 1122 1058
f 908 906 931
f 599 1868 601
f 1866 1868 599
f 101 1119 103
f 103 1119 1122
f 99 1118 101
f 101 1118 1119
f 99 1116 1118
f 97 1116 99
f 3938 2010 2012
f 3940 2010 3938
f 3942 2010 3940
f 906 904 931
f 97 1114 1116
f 95 1114 97
f 95 1112 1114
f 93 1112 95
f 93 1110 1112
f 623 1110 93
f 621 1110 623
f 603 1870 605
f 601 1870 603
f 1868 1870 601
f 904 902 931
f 621 1107 1110
f 619 1107 621
f 619 1105 1107
f 3942 2008 2010
f 3944 2008 3942
f 3946 2008 3944
f 617 1103 619
f 619 1103 1105
f 615 1101 617
f 617 1101 1103
f 613 1100 615
f 615 1100 1101
f 605 1872 607
f 1870 1872 605
f 611 1097 613
f 613 1097 1100
f 902 898 931
f 900 898 902
f 609 1095 611
f 611 1095 1097
f 3946 2006 2008
f 3948 2006 3946
f 609 1093 1095
f 607 1874 609
f 1093 1874 1091
f 1872 1874 607
f 609 1874 1093
f 3948 2004 2006
f 3950 2004 3948
f 3952 2004 3950
f 1091 1876 1089
f 1874 1876 1091
f 898 892 931
f 896 892 898
f 894 892 896
f 3952 2002 2004
f 3954 2002 3952
f 892 890 931
f 1876 1878 1089
f 3956 1999 3954
f 3954 1999 2002
f 890 884 931
f 888 884 890
f 886 884 888
f 882 879 884
f 879 878 884
f 884 878 931
f 4218 4543 4220
f 4216 4545 4218
f 4214 4545 4216
f 4218 4545 4543
f 4220 4542 4222
f 4543 4542 4220
f 4212 4547 4214
f 4214 4547 4545
f 4224 4539 4226
f 4222 4539 4224
f 4542 4539 4222
f 4210 4549 4212
f 4208 4549 4210
f 4212 4549 4547
f 4539 4537 4226
f 4226 4537 4228
f 4208 4551 4549
f 4206 4551 4208
f 4537 4535 4228
f 4228 4535 4230
f 4204 4553 4206
f 4202 4553 4204
f 4206 4553 4551
f 878 874 931
f 876 874 878
f 4535 4533 4230
f 4231 4533 4234
f 4230 4533 4231
f 4200 4555 4202
f 4202 4555 4553
f 4234 4531 4236
f 4533 4531 4234
f 967 788 965
f 969 786 967
f 967 786 788
f 965 790 963
f 788 790 965
f 4198 4557 4200
f 4196 4557 4198
f 4200 4557 4555
f 971 784 969
f 969 784 786
f 963 792 961
f 790 792 963
f 971 782 784
f 973 782 971
f 961 794 959
f 792 794 961
f 975 780 973
f 973 780 782
f 959 796 957
f 794 796 959
f 4236 4529 4238
f 4531 4529 4236
f 977 778 975
f 975 778 780
f 957 798 955
f 796 798 957
f 980 776 977
f 977 776 778
f 798 800 955
f 955 800 953
f 4194 4559 4196
f 4196 4559 4557
f 981 774 980
f 980 774 776
f 800 802 953
f 953 802 951
f 4529 4527 4238
f 4240 4527 3815
f 4238 4527 4240
f 981 772 774
f 983 772 981
f 802 804 951
f 951 804 949
f 985 770 983
f 983 770 772
f 4190 4561 4194
f 4194 4561 4559
f 804 806 949
f 949 806 947
f 988 768 985
f 985 768 770
f 3813 4525 3811
f 3815 4525 3813
f 4527 4525 3815
f 806 808 947
f 947 808 945
f 872 870 874
f 990 766 988
f 988 766 768
f 4190 4563 4561
f 931 764 990
f 990 764 766
f 4525 4523 3811
f 3811 4523 3809
f 931 763 764
f 4190 4565 4563
f 874 868 931
f 870 868 874
f 3809 4521 3807
f 4523 4521 3809
f 4190 4568 4565
f 868 866 931
f 3807 4519 3805
f 4521 4519 3807
f 189 5894 191
f 187 5894 189
f 185 5894 187
f 183 5894 185
f 933 5894 992
f 191 5894 6898
f 1050 5894 183
f 809 5894 808
f 812 5894 809
f 814 5894 812
f 815 5894 814
f 817 5894 815
f 759 5894 817
f 1052 5894 1050
f 1053 5894 1052
f 1056 5894 1053
f 992 5894 1056
f 808 5894 945
f 935 5894 933
f 937 5894 935
f 939 5894 937
f 941 5894 939
f 943 5894 941
f 945 5894 943
f 4319 6412 4321
f 4318 6412 4319
f 4315 6412 4318
f 4313 6412 4315
f 3720 6412 4313
f 4690 6412 4691
f 4688 6412 4690
f 4686 6412 4688
f 4684 6412 4686
f 4681 6412 4684
f 4680 6412 4681
f 4678 6412 4680
f 4676 6412 4678
f 4674 6412 4676
f 4672 6412 4674
f 4670 6412 4672
f 4668 6412 4670
f 4666 6412 4668
f 4664 6412 4666
f 4662 6412 4664
f 4660 6412 4662
f 4658 6412 4660
f 4656 6412 4658
f 4654 6412 4656
f 4652 6412 4654
f 4650 6412 4652
f 4648 6412 4650
f 4646 6412 4648
f 4321 6412 4639
f 4644 6412 4646
f 4639 6412 4644
f 6866 6412 3727
f 3721 6412 3720
f 3723 6412 3721
f 3725 6412 3723
f 3727 6412 3725
f 4190 4569 4568
f 763 822 820
f 6411 6410 6412
f 866 864 931
f 4519 4517 3805
f 3805 4517 3803
f 5894 5897 5895
f 5895 5897 5896
f 5894 5898 5897
f 4190 4571 4569
f 6408 6407 6409
f 6409 6407 6410
f 6410 6407 6412
f 864 862 931
f 3801 4515 3799
f 3803 4515 3801
f 4517 4515 3803
f 5898 5900 5899
f 5894 5901 5898
f 5898 5901 5900
f 6406 6405 6407
f 763 826 822
f 822 826 824
f 931 826 763
f 4190 4573 4571
f 6405 6404 6407
f 6407 6404 6412
f 5894 5903 5901
f 5901 5903 5902
f 6404 6403 6412
f 3799 4513 3797
f 4515 4513 3799
f 6403 6402 6412
f 860 858 862
f 4190 4323 4573
f 4189 4323 4190
f 5894 5905 5903
f 5903 5905 5904
f 6402 6401 6412
f 6401 6400 6412
f 858 856 862
f 862 856 931
f 3797 4511 3795
f 4513 4511 3797
f 5894 5907 5905
f 5905 5907 5906
f 828 832 830
f 826 832 828
f 856 854 931
f 5894 5908 5907
f 6399 6398 6400
f 6400 6398 6412
f 4189 4324 4323
f 826 834 832
f 826 836 834
f 3795 4509 3793
f 4511 4509 3795
f 852 850 854
f 6397 6396 6398
f 6398 6396 6412
f 850 848 854
f 5894 5911 5908
f 5908 5911 5909
f 5909 5911 5910
f 836 840 838
f 854 846 931
f 848 846 854
f 836 842 840
f 931 842 826
f 826 842 836
f 931 844 842
f 846 844 931
f 4189 4327 4324
f 5894 5912 5911
f 759 760 5894
f 6394 6393 6395
f 6395 6393 6396
f 6396 6393 6412
f 3791 4507 3789
f 3793 4507 3791
f 4509 4507 3793
f 760 1191 5894
f 5894 5914 5912
f 5912 5914 5913
f 6393 6392 6412
f 6392 6391 6412
f 1191 1193 5894
f 4189 4329 4327
f 5914 5916 5915
f 6391 6390 6412
f 1193 1195 5894
f 6390 6389 6412
f 3789 4505 3787
f 4507 4505 3789
f 5916 5918 5917
f 1195 1197 5894
f 6388 6387 6389
f 6389 6387 6412
f 5894 5919 5914
f 5914 5919 5916
f 5916 5919 5918
f 4189 4331 4329
f 1197 1199 5894
f 3787 4503 3785
f 4505 4503 3787
f 5894 5922 5919
f 5919 5922 5920
f 5920 5922 5921
f 6385 6384 6386
f 1199 1201 5894
f 6386 6383 6387
f 6384 6383 6386
f 6387 6383 6412
f 4189 4333 4331
f 1201 1203 5894
f 5922 5925 5923
f 5923 5925 5924
f 5894 5926 5922
f 5922 5926 5925
f 6381 6380 6382
f 6382 6380 6383
f 4703 6380 4641
f 4702 6380 4703
f 4699 6380 4702
f 4697 6380 4699
f 4695 6380 4697
f 4693 6380 4695
f 4691 6380 4693
f 4641 6380 4576
f 6383 6380 6412
f 4582 6380 4584
f 4580 6380 4582
f 4578 6380 4580
f 4576 6380 4578
f 6412 6380 4691
f 4503 4501 3785
f 3785 4501 3783
f 1203 1205 5894
f 1205 1207 5894
f 4189 4335 4333
f 1207 1209 5894
f 4501 4499 3783
f 3781 4499 3966
f 3966 4499 3964
f 3783 4499 3781
f 1209 1211 5894
f 4637 4337 4189
f 4189 4337 4335
f 1211 1213 5894
f 4499 4497 3964
f 3964 4497 3962
f 1213 1215 5894
f 5894 1215 5926
f 4637 4339 4337
f 4636 4339 4637
f 1215 1217 5926
f 4497 4495 3962
f 3962 4495 3960
f 1217 1219 5926
f 4633 4341 4636
f 4631 4341 4633
f 4636 4341 4339
f 1219 1221 5926
f 4495 4493 3960
f 3958 4493 3956
f 3960 4493 3958
f 1221 1223 5926
f 1223 1225 5926
f 4631 4343 4341
f 4629 4343 4631
f 1225 1227 5926
f 4493 4491 3956
f 1227 1230 5926
f 4629 4345 4343
f 4627 4345 4629
f 4625 4345 4627
f 1230 1231 5926
f 1231 1233 5926
f 4625 4347 4345
f 4624 4347 4625
f 1233 1235 5926
f 1235 1237 5926
f 1237 1240 5926
f 4622 4349 4624
f 4624 4349 4347
f 4620 4349 4622
f 1240 1242 5926
f 1242 1244 5926
f 1244 1246 5926
f 4620 4351 4349
f 4618 4351 4620
f 1246 1248 5926
f 1248 1249 5926
f 1249 1252 5926
f 4618 4353 4351
f 4615 4353 4618
f 4614 4353 4615
f 1252 1189 5926
f 4612 4355 4614
f 4614 4355 4353
f 4612 4357 4355
f 4610 4357 4612
f 4610 4359 4357
f 4608 4359 4610
f 4606 4359 4608
f 4606 4361 4359
f 4604 4361 4606
f 4604 4363 4361
f 4602 4363 4604
f 4600 4365 4602
f 4598 4365 4600
f 4602 4365 4363
f 4598 4367 4365
f 4596 4367 4598
f 4594 4369 4596
f 4596 4369 4367
f 4594 4371 4369
f 4592 4371 4594
f 4590 4373 4592
f 4592 4373 4371
f 4588 4375 4590
f 4590 4375 4373
f 4586 4375 4588
f 6380 4377 4584
f 4584 4377 4586
f 4586 4377 4375
f 6380 4379 4377
f 6380 4381 4379
f 6380 4383 4381
f 6380 4385 4383
f 6380 4387 4385
f 6380 4389 4387
f 6380 4391 4389
f 6380 4393 4391
f 6380 4395 4393
f 1189 1125 5926
f 1125 1127 5926
f 1127 1129 5926
f 1129 1131 5926
f 1131 1133 5926
f 1880 1422 1420
f 1882 1422 1880
f 1880 1418 1878
f 1420 1418 1880
f 1884 1424 1882
f 1882 1424 1422
f 1878 1416 1089
f 1089 1416 1087
f 1418 1416 1878
f 1087 1414 1085
f 1416 1414 1087
f 1884 1426 1424
f 1886 1427 1884
f 1884 1427 1426
f 1085 1412 1083
f 1414 1412 1085
f 1888 1430 1886
f 1886 1430 1427
f 1083 1410 1081
f 1412 1410 1083
f 1410 1408 1081
f 1081 1408 1079
f 1888 1432 1430
f 1890 1434 1888
f 1888 1434 1432
f 1079 1406 1077
f 1408 1406 1079
f 1077 1404 1075
f 1406 1404 1077
f 1890 1436 1434
f 1892 1437 1890
f 1890 1437 1436
f 1075 1402 1073
f 1404 1402 1075
f 1402 1400 1073
f 1073 1400 1071
f 1894 1439 1892
f 1892 1439 1437
f 1894 1441 1439
f 1071 1398 1069
f 1400 1398 1071
f 1894 1443 1441
f 1896 1443 1894
f 1069 1396 1067
f 1398 1396 1069
f 1896 1445 1443
f 1067 1394 1065
f 1396 1394 1067
f 1896 1448 1445
f 1898 1448 1896
f 1065 1392 1063
f 1394 1392 1065
f 1392 1390 1063
f 1898 1449 1448
f 1900 1449 1898
f 1061 1388 1059
f 1063 1388 1061
f 1390 1388 1063
f 1900 1451 1449
f 1902 1451 1900
f 1904 1451 1902
f 1906 1451 1904
f 4483 2321 4485
f 2321 2322 4485
f 4485 2322 4487
f 4483 2320 2321
f 4487 2324 4489
f 2322 2324 4487
f 4481 2318 4483
f 4483 2318 2320
f 2324 2325 4489
f 4479 2317 4481
f 4481 2317 2318
f 3956 2326 1999
f 2325 2326 4489
f 4489 2326 4491
f 4491 2326 3956
f 4477 2316 4479
f 4479 2316 2317
f 1999 2327 1998
f 2326 2327 1999
f 4477 2315 2316
f 4475 2315 4477
f 2327 2329 1998
f 4475 2313 2315
f 1998 2330 1996
f 2329 2330 1998
f 4473 2312 4475
f 4475 2312 2313
f 2330 2331 1996
f 4471 2311 4473
f 4473 2311 2312
f 1996 2333 1994
f 2331 2333 1996
f 4471 2310 2311
f 4469 2310 4471
f 1994 2334 1992
f 2333 2334 1994
f 4469 2308 2310
f 4467 2308 4469
f 4465 2307 4467
f 4467 2307 2308
f 1992 2335 1990
f 2334 2335 1992
f 4465 2306 2307
f 4463 2306 4465
f 2335 2337 1990
f 4461 2304 4463
f 4463 2304 2306
f 4461 2303 2304
f 1990 2338 1988
f 2337 2338 1990
f 4459 2302 4461
f 4461 2302 2303
f 1988 2342 1986
f 2338 2342 1988
f 4459 2301 2302
f 4457 2301 4459
f 1986 2341 1984
f 2342 2341 1986
f 4455 2300 4457
f 4457 2300 2301
f 4453 2298 4455
f 4455 2298 2300
f 1984 2340 1982
f 2341 2340 1984
f 4453 2299 2298
f 4451 2299 4453
f 2340 2352 1982
f 4449 2709 4451
f 4451 2709 2299
f 4447 2708 4449
f 4449 2708 2709
f 1982 2353 1980
f 2352 2353 1982
f 4447 2707 2708
f 4447 2706 2707
f 4445 2706 4447
f 2353 2360 1980
f 1980 2360 1978
f 4445 2705 2706
f 4443 2705 4445
f 1978 2361 1976
f 2360 2361 1978
f 4443 2699 2705
f 4441 2699 4443
f 2361 2362 1976
f 4439 2698 4441
f 4441 2698 2699
f 4437 2697 4439
f 4439 2697 2698
f 1976 2368 1974
f 2362 2368 1976
f 4435 2691 4437
f 4437 2691 2697
f 1974 2369 1972
f 2368 2369 1974
f 4435 2690 2691
f 4433 2690 4435
f 1972 2375 1970
f 2369 2375 1972
f 4433 2689 2690
f 4431 2689 4433
f 1970 2376 1968
f 2375 2376 1970
f 4429 2688 4431
f 4431 2688 2689
f 2376 2377 1968
f 4427 2686 4429
f 4429 2686 2688
f 1908 1455 1906
f 1910 1455 1908
f 1912 1455 1910
f 1914 1455 1912
f 1906 1455 1451
f 1388 1453 1059
f 1914 1458 1455
f 1453 1779 1059
f 1914 1460 1458
f 1916 1460 1914
f 1779 1778 1059
f 1916 1462 1460
f 1918 1462 1916
f 1778 1775 1059
f 4427 2685 2686
f 4425 2685 4427
f 1968 2382 1966
f 2377 2382 1968
f 1918 1464 1462
f 1775 1773 1059
f 1918 1466 1464
f 1920 1466 1918
f 1773 1771 1059
f 1920 1468 1466
f 1920 1470 1468
f 1922 1470 1920
f 4425 2684 2685
f 4423 2684 4425
f 1922 1472 1470
f 1924 1472 1922
f 1966 2383 1964
f 2382 2383 1966
f 1924 1474 1472
f 1926 1476 1924
f 1924 1476 1474
f 4423 2677 2684
f 4421 2677 4423
f 1926 1478 1476
f 1926 1480 1478
f 1928 1480 1926
f 1964 2389 1962
f 2383 2389 1964
f 1928 1482 1480
f 1930 1482 1928
f 1930 1484 1482
f 4421 2676 2677
f 4419 2676 4421
f 1930 1486 1484
f 1932 1486 1930
f 1932 1488 1486
f 1934 1488 1932
f 2389 2390 1962
f 1934 1490 1488
f 1934 1492 1490
f 1936 1492 1934
f 4419 2670 2676
f 4417 2670 4419
f 1936 1494 1492
f 1938 1494 1936
f 1938 1495 1494
f 1962 2391 1960
f 2390 2391 1962
f 4417 2669 2670
f 4415 2669 4417
f 1960 2400 1958
f 2391 2400 1960
f 4415 2668 2669
f 4413 2668 4415
f 4411 2668 4413
f 2400 2401 1958
f 1958 2401 1956
f 4411 2662 2668
f 4409 2662 4411
f 2401 2402 1956
f 1956 2402 1954
f 4409 2661 2662
f 4407 2661 4409
f 2402 2407 1954
f 4407 2659 2661
f 4405 2659 4407
f 2407 2408 1954
f 1954 2408 1952
f 4403 2658 4405
f 4405 2658 2659
f 2408 2409 1952
f 1952 2409 1950
f 4403 2652 2658
f 2409 2415 1950
f 1950 2415 1948
f 1748 1556 1750
f 1748 1558 1556
f 1556 1554 1750
f 1752 1554 1754
f 1750 1554 1752
f 1746 1560 1748
f 1748 1560 1558
f 1554 1552 1754
f 1552 1550 1754
f 1754 1550 1756
f 1744 1562 1746
f 1746 1562 1560
f 1742 1563 1744
f 1740 1563 1742
f 1744 1563 1562
f 1550 1548 1756
f 1756 1548 1757
f 1740 1566 1563
f 1548 1546 1757
f 1760 1546 1762
f 1757 1546 1760
f 1738 1568 1740
f 1736 1568 1738
f 1740 1568 1566
f 1546 1544 1762
f 1734 1570 1736
f 1736 1570 1568
f 1544 1542 1762
f 1764 1542 1766
f 1762 1542 1764
f 4403 2651 2652
f 4401 2651 4403
f 1542 1540 1766
f 1766 1540 1767
f 1734 1572 1570
f 1732 1573 1734
f 1734 1573 1572
f 1540 1538 1767
f 1769 1536 1771
f 1767 1536 1769
f 1538 1536 1767
f 1730 1575 1732
f 1732 1575 1573
f 1728 1577 1730
f 1730 1577 1575
f 1536 1534 1771
f 1771 1534 1059
f 1726 1579 1728
f 1728 1579 1577
f 1059 1532 1124
f 1534 1532 1059
f 2415 2417 1948
f 1948 2417 1946
f 1724 1581 1726
f 1726 1581 1579
f 1532 1530 1124
f 1722 1584 1724
f 1720 1584 1722
f 1724 1584 1581
f 1530 1528 1124
f 1528 1526 1124
f 1720 1585 1584
f 4401 2649 2651
f 4399 2649 4401
f 1526 1524 1124
f 1717 1587 1720
f 1720 1587 1585
f 2417 2418 1946
f 4397 2648 4399
f 4399 2648 2649
f 2418 2423 1946
f 1946 2423 1944
f 4397 2647 2648
f 4395 2647 4397
f 2423 2424 1944
f 1944 2424 1942
f 4395 2637 2647
f 6380 2637 4395
f 2424 2430 1942
f 1942 2430 1940
f 6380 2638 2637
f 2430 2432 1940
f 6380 2639 2638
f 6380 2629 2639
f 6380 2628 2629
f 6380 2627 2628
f 6380 2620 2627
f 1717 1254 1587
f 1715 1254 1717
f 1524 1651 1124
f 1124 1651 1188
f 1715 1256 1254
f 1713 1256 1715
f 1712 1256 1713
f 1651 1649 1188
f 1188 1649 1185
f 1709 1258 1712
f 1712 1258 1256
f 1649 1648 1185
f 1185 1648 1184
f 1709 1260 1258
f 1648 1645 1184
f 1184 1645 1182
f 1709 1262 1260
f 1707 1262 1709
f 1645 1643 1182
f 1182 1643 1180
f 1707 1264 1262
f 1705 1264 1707
f 1643 1641 1180
f 1180 1641 1178
f 1705 1266 1264
f 1703 1266 1705
f 1701 1266 1703
f 1641 1639 1178
f 1178 1639 1176
f 1701 1268 1266
f 1639 1637 1176
f 1176 1637 1173
f 1701 1270 1268
f 1700 1270 1701
f 1173 1636 1171
f 1637 1636 1173
f 1700 1272 1270
f 1698 1272 1700
f 1636 1634 1171
f 1171 1634 1169
f 1698 1274 1272
f 1696 1274 1698
f 1634 1632 1169
f 1169 1632 1167
f 1696 1276 1274
f 1694 1276 1696
f 1632 1630 1167
f 1167 1630 1166
f 1694 1278 1276
f 1691 1278 1694
f 1630 1627 1166
f 1166 1627 1163
f 1691 1280 1278
f 1690 1280 1691
f 1627 1626 1163
f 1163 1626 1161
f 1161 1624 1159
f 1626 1624 1161
f 1690 1282 1280
f 1688 1282 1690
f 1688 1284 1282
f 1686 1284 1688
f 1624 1622 1159
f 1159 1622 1157
f 1157 1620 1155
f 1622 1620 1157
f 1686 1286 1284
f 1684 1286 1686
f 1620 1618 1155
f 1155 1618 1153
f 1684 1288 1286
f 1682 1288 1684
f 1153 1616 1151
f 1618 1616 1153
f 1682 1290 1288
f 1680 1290 1682
f 1616 1614 1151
f 1151 1614 1149
f 1680 1292 1290
f 1678 1292 1680
f 1614 1612 1149
f 1149 1612 1147
f 1676 1293 1678
f 1674 1293 1676
f 1678 1293 1292
f 1147 1610 1145
f 1612 1610 1147
f 1674 1296 1293
f 1145 1608 1143
f 1610 1608 1145
f 1672 1298 1674
f 1670 1298 1672
f 1674 1298 1296
f 1608 1606 1143
f 1143 1606 1141
f 1670 1300 1298
f 1141 1604 1139
f 1606 1604 1141
f 1668 1302 1670
f 1670 1302 1300
f 1604 1602 1139
f 1139 1602 1137
f 1666 1303 1668
f 1664 1303 1666
f 1668 1303 1302
f 1602 1600 1137
f 1137 1600 1135
f 1664 1305 1303
f 1133 1598 5926
f 1135 1598 1133
f 1600 1598 1135
f 1662 1307 1664
f 1664 1307 1305
f 1598 1596 5926
f 1596 1594 5926
f 1594 1592 5926
f 1592 1590 5926
f 1590 1385 5926
f 1385 1383 5926
f 1938 4873 1495
f 1938 4871 4873
f 2433 4871 2432
f 2432 4871 1940
f 1940 4871 1938
f 4873 4875 1495
f 1495 4875 1498
f 2433 4869 4871
f 4875 4877 1498
f 1498 4877 1500
f 4877 4879 1500
f 1500 4879 1502
f 2433 4867 4869
f 2438 4867 2433
f 2438 4865 4867
f 2439 4865 2438
f 1502 4882 1504
f 4879 4882 1502
f 2439 4863 4865
f 2445 4863 2439
f 1504 4883 1505
f 4882 4883 1504
f 4883 4885 1505
f 1505 4885 1507
f 2445 4861 4863
f 2446 4861 2445
f 4885 4887 1507
f 1507 4887 1509
f 2448 4859 2446
f 2446 4859 4861
f 2448 4857 4859
f 1509 4889 1511
f 4887 4889 1509
f 2449 4855 2448
f 2448 4855 4857
f 1511 4892 1513
f 4889 4892 1511
f 2454 4853 2449
f 2449 4853 4855
f 1513 4894 1516
f 4892 4894 1513
f 2454 4851 4853
f 2455 4851 2454
f 4894 4896 1516
f 1516 4896 1517
f 2455 4849 4851
f 2461 4849 2455
f 4896 4898 1517
f 1517 4898 1519
f 2461 4847 4849
f 4898 4900 1519
f 2462 4845 2461
f 2461 4845 4847
f 4900 4901 1519
f 2464 4843 2462
f 2462 4843 4845
f 4901 4904 1519
f 2464 4841 4843
f 2465 4841 2464
f 2472 4841 2465
f 2473 4841 2472
f 2474 4841 2473
f 2476 4841 2474
f 2477 4841 2476
f 2482 4841 2477
f 1660 4840 1662
f 1658 4840 1660
f 1656 4840 1658
f 1654 4840 1656
f 1521 4840 1654
f 1662 4840 1307
f 4904 4840 1519
f 1519 4840 1521
f 1307 4840 1309
f 2483 4906 2482
f 2484 4906 2483
f 2489 4906 2484
f 2490 4906 2489
f 2494 4906 2490
f 2495 4906 2494
f 2496 4906 2495
f 2482 4906 4841
f 2496 4968 4906
f 2501 4968 2496
f 2501 4965 4968
f 2502 4965 2501
f 2502 4964 4965
f 2508 4962 2502
f 2502 4962 4964
f 2509 4960 2508
f 2508 4960 4962
f 2510 4958 2509
f 2509 4958 4960
f 2515 4956 2510
f 2510 4956 4958
f 2515 4953 4956
f 2516 4953 2515
f 2522 4951 2516
f 2516 4951 4953
f 2522 4949 4951
f 2523 4949 2522
f 2524 4947 2523
f 2529 4947 2524
f 2523 4947 4949
f 2529 4946 4947
f 2530 4946 2529
f 2530 4943 4946
f 2536 4943 2530
f 2536 4941 4943
f 2537 4941 2536
f 2537 4939 4941
f 2538 4939 2537
f 2543 4937 2538
f 2538 4937 4939
f 2544 4935 2543
f 2550 4935 2544
f 2543 4935 4937
f 2550 4933 4935
f 2551 4933 2550
f 2551 4931 4933
f 2552 4931 2551
f 2552 4929 4931
f 2557 4929 2552
f 2557 4927 4929
f 2558 4927 2557
f 2558 4925 4927
f 2564 4925 2558
f 2564 4923 4925
f 2569 4923 2564
f 2569 4921 4923
f 2570 4921 2569
f 2570 4919 4921
f 2576 4919 2570
f 2577 4917 2576
f 2586 4917 2577
f 2576 4917 4919
f 2586 4915 4917
f 2587 4915 2586
f 1317 4775 1320
f 4840 4775 1309
f 1315 4775 1317
f 1314 4775 1315
f 1311 4775 1314
f 1309 4775 1311
f 4775 4777 1320
f 4777 4779 1320
f 1320 4781 1322
f 4779 4781 1320
f 1322 4783 1324
f 4781 4783 1322
f 1324 4785 1326
f 4783 4785 1324
f 1326 4787 1328
f 4785 4787 1326
f 1328 4789 1330
f 4787 4789 1328
f 4789 4791 1330
f 1330 4791 1332
f 1332 4793 1334
f 4791 4793 1332
f 4793 4795 1334
f 1334 4795 1336
f 1336 4797 1338
f 4795 4797 1336
f 1338 4799 1340
f 4797 4799 1338
f 1340 4801 1342
f 4799 4801 1340
f 1342 4803 1344
f 4801 4803 1342
f 1344 4805 1346
f 4803 4805 1344
f 1346 4807 1348
f 4805 4807 1346
f 1348 4809 1350
f 4807 4809 1348
f 1350 4811 1352
f 4809 4811 1350
f 1352 4813 1354
f 4811 4813 1352
f 1354 4816 1356
f 4813 4816 1354
f 1356 4817 1358
f 4816 4817 1356
f 1358 4819 1359
f 4817 4819 1358
f 1359 4821 1362
f 4819 4821 1359
f 1362 4823 1364
f 4821 4823 1362
f 1364 4826 1366
f 4823 4826 1364
f 1366 4828 1368
f 4826 4828 1366
f 1368 4830 1369
f 4828 4830 1368
f 1369 4832 1371
f 4830 4832 1369
f 4708 5447 4707
f 4753 5447 4751
f 4755 5447 4753
f 4757 5447 4755
f 2587 5447 4915
f 4760 5447 4757
f 4762 5447 4760
f 4764 5447 4762
f 4766 5447 4764
f 4768 5447 4766
f 4769 5447 4768
f 4772 5447 4769
f 4707 5447 4772
f 4907 5447 4708
f 4909 5447 4907
f 2588 5447 2587
f 4911 5447 4909
f 2589 5447 2588
f 4913 5447 4911
f 2597 5447 2589
f 4915 5447 4913
f 4711 5415 4709
f 4713 5415 4711
f 4715 5415 4713
f 1381 5415 1383
f 4717 5415 4715
f 1380 5415 1381
f 5447 5415 4751
f 4719 5415 4717
f 1377 5415 1380
f 4721 5415 4719
f 1375 5415 1377
f 4723 5415 4721
f 1373 5415 1375
f 1371 5415 1373
f 4725 5415 4723
f 4727 5415 4725
f 4729 5415 4727
f 4731 5415 4729
f 4733 5415 4731
f 4735 5415 4733
f 4737 5415 4735
f 4739 5415 4737
f 4741 5415 4739
f 4743 5415 4741
f 4745 5415 4743
f 4747 5415 4745
f 4750 5415 4747
f 4751 5415 4750
f 4709 5415 4774
f 1383 5415 5926
f 4834 5415 4832
f 4835 5415 4834
f 4838 5415 4835
f 4774 5415 4838
f 4832 5415 1371
f 5447 5416 5415
f 5445 5444 5446
f 5446 5444 5447
f 5416 5418 5417
f 5416 5419 5418
f 5444 5443 5447
f 5419 5421 5420
f 5447 5421 5416
f 5416 5421 5419
f 5443 5421 5447
f 5442 5441 5443
f 5421 5440 5422
f 5443 5440 5421
f 5441 5440 5443
f 5422 5424 5423
f 5440 5438 5422
f 5439 5438 5440
f 5422 5438 5424
f 5424 5436 5425
f 5425 5436 5426
f 5438 5436 5424
f 5437 5436 5438
f 5426 5428 5427
f 5435 5428 5436
f 5436 5428 5426
f 5434 5433 5435
f 5428 5430 5429
f 5433 5432 5435
f 5435 5431 5428
f 5428 5431 5430
f 5432 5431 5435
f 6380 5447 2609
f 6380 2609 2617
f 6380 2617 2618
f 6380 2618 2619
f 6380 2619 2620
f 2609 5447 2608
f 2608 5447 2607
f 2607 5447 2599
f 2599 5447 2598
f 2598 5447 2597
